collected_at,event_key,event_id,market_id,city,resolution_station,resolution_provider,market_date,market_type,temperature_unit,bucket_type,bucket_value,bucket_low,bucket_high,group_title,yes_price,no_price,best_bid,best_ask,spread,volume_24h,liquidity,active,accepting_orders,condition_id
2026-09-05T01:26:41.786811+00:00,london|2026_09_05|lowest_temperature|c|eglc,957582,4180941,London,EGLC,NOAA_NWS,2026-09-05,lowest_temperature,C,or_lower,10.0,,10.0,10°C or below,0.0015,0.9985,,0.003,,159.99599999999998,875.89203,True,True,0xaa4c56256ec4af8adafa4eb2b4be2cea499abfc298391a91d560dd182b68765e
2026-09-05T01:26:41.786921+00:00,london|2026_09_05|lowest_temperature|c|eglc,957582,4180942,London,EGLC,NOAA_NWS,2026-09-05,lowest_temperature,C,exact,11.0,11.0,11.0,11°C,0.0025,0.9975,,0.005,,370.54995,230.5372,True,True,0x15395148a0c6a2d75a01aa08d4817a5d49b0affec51dc36858d857319317c1db
2026-09-05T01:26:41.787027+00:00,london|2026_09_05|lowest_temperature|c|eglc,957582,4180943,London,EGLC,NOAA_NWS,2026-09-05,lowest_temperature,C,exact,12.0,12.0,12.0,12°C,0.055,0.945,0.02,0.09,0.06999999999999999,263.39125,198.2129,True,True,0x761d105e40ffa4145523dc751a89038a7525a6cede2fbd74c3c0a08537ee4f69
2026-09-05T01:26:41.787132+00:00,london|2026_09_05|lowest_temperature|c|eglc,957582,4180944,London,EGLC,NOAA_NWS,2026-09-05,lowest_temperature,C,exact,13.0,13.0,13.0,13°C,0.405,0.595,0.37,0.44,0.07,1020.939413,198.4661,True,True,0x6d45a81afcccc37feb47eecf771ec9fa1e3ff85d8c0e69cfcf35263fe1244c8f
2026-09-05T01:26:41.787241+00:00,london|2026_09_05|lowest_temperature|c|eglc,957582,4180945,London,EGLC,NOAA_NWS,2026-09-05,lowest_temperature,C,exact,14.0,14.0,14.0,14°C,0.53,0.47,0.52,0.54,0.020000000000000018,908.19115,453.1086,True,True,0x8a3d502cc0206c09939bb4aecbea6241d0125c0b2bd1c0e50f896fe2416b9986
2026-09-05T01:26:41.787347+00:00,london|2026_09_05|lowest_temperature|c|eglc,957582,4180946,London,EGLC,NOAA_NWS,2026-09-05,lowest_temperature,C,exact,15.0,15.0,15.0,15°C,0.065,0.935,0.02,0.11,0.09,548.0020529999999,176.0402,True,True,0xbcc7111c7344c7b89f908a0b5c57fc61cba867c2a0831a8e3642def64fe8996e
2026-09-05T01:26:41.787475+00:00,london|2026_09_05|lowest_temperature|c|eglc,957582,4180947,London,EGLC,NOAA_NWS,2026-09-05,lowest_temperature,C,exact,16.0,16.0,16.0,16°C,0.0005,0.9995,,0.001,,59.996,4052.95575,True,True,0xb602b04c25fc63d159e6f7ce96809c5a9c4e41f08e2aef459f49858fb4e8c4da
2026-09-05T01:26:41.787585+00:00,london|2026_09_05|lowest_temperature|c|eglc,957582,4180948,London,EGLC,NOAA_NWS,2026-09-05,lowest_temperature,C,exact,17.0,17.0,17.0,17°C,0.0005,0.9995,,0.001,,45.995999999999995,3181.09399,True,True,0x5d3b3c1ee0d68113866e4611d995caeebf8062bfefc9a03818e97a54f021fec9
2026-09-05T01:26:41.787690+00:00,london|2026_09_05|lowest_temperature|c|eglc,957582,4180949,London,EGLC,NOAA_NWS,2026-09-05,lowest_temperature,C,exact,18.0,18.0,18.0,18°C,0.0005,0.9995,,0.001,,699.9860000000001,3528.42078,True,True,0xde1d5ebc125c8930814f04ec5de8659d7f0e8bd814b226c0ab8597c0f5a2255a
2026-09-05T01:26:41.787793+00:00,london|2026_09_05|lowest_temperature|c|eglc,957582,4180950,London,EGLC,NOAA_NWS,2026-09-05,lowest_temperature,C,exact,19.0,19.0,19.0,19°C,0.0005,0.9995,,0.001,,74.172,3947.12337,True,True,0x459fc377537ac714596273db85047c965c5e4cf12e18c9298b1253c42114877a
2026-09-05T01:26:41.787897+00:00,london|2026_09_05|lowest_temperature|c|eglc,957582,4180951,London,EGLC,NOAA_NWS,2026-09-05,lowest_temperature,C,or_higher,20.0,20.0,,20°C or higher,0.0005,0.9995,,0.001,,45.99,4280.97483,True,True,0x4264c9cb33ec6519050e3413d412ab774c02eceb78f799ff41ac7dd06e94febd
2026-09-05T01:26:41.788006+00:00,paris|2026_09_05|lowest_temperature|c|lfpb,957583,4180952,Paris,LFPB,NOAA_NWS,2026-09-05,lowest_temperature,C,or_lower,14.0,,14.0,14°C or below,0.24,0.76,0.23,0.25,0.01999999999999999,747.205645,169.0945,True,True,0xfc33b10b9b5442f8a0c5ab9d1d7e354ff90d962aa6019983f488102282140d8c
2026-09-05T01:26:41.788115+00:00,paris|2026_09_05|lowest_temperature|c|lfpb,957583,4180953,Paris,LFPB,NOAA_NWS,2026-09-05,lowest_temperature,C,exact,15.0,15.0,15.0,15°C,0.37,0.63,0.36,0.38,0.020000000000000018,473.77798399999995,101.9903,True,True,0x5872258b63976c4b45385604d421e205328ce5afdb1899f4fa186d38fe10656c
2026-09-05T01:26:41.788219+00:00,paris|2026_09_05|lowest_temperature|c|lfpb,957583,4180954,Paris,LFPB,NOAA_NWS,2026-09-05,lowest_temperature,C,exact,16.0,16.0,16.0,16°C,0.315,0.685,0.21,0.42,0.21,207.362996,156.1288,True,True,0xd6540b032c1425e027dd29df9569e526650fb352ca56c17320f73e85947de62a
2026-09-05T01:26:41.788322+00:00,paris|2026_09_05|lowest_temperature|c|lfpb,957583,4180955,Paris,LFPB,NOAA_NWS,2026-09-05,lowest_temperature,C,exact,17.0,17.0,17.0,17°C,0.025,0.975,0.02,0.03,0.009999999999999998,205.16,448.3783,True,True,0x02c512ce69d1ca7ef2bdc90164f4c12b54f9208590556c2c182f9b2591f63fb9
2026-09-05T01:26:41.788451+00:00,paris|2026_09_05|lowest_temperature|c|lfpb,957583,4180956,Paris,LFPB,NOAA_NWS,2026-09-05,lowest_temperature,C,exact,18.0,18.0,18.0,18°C,0.015,0.985,,0.03,,92.7881,618.5217,True,True,0xc24c7e4a64e1da209dbcfa785a0315f6afe2587db184f242bc53c5b3521aca7c
2026-09-05T01:26:41.788558+00:00,paris|2026_09_05|lowest_temperature|c|lfpb,957583,4180957,Paris,LFPB,NOAA_NWS,2026-09-05,lowest_temperature,C,exact,19.0,19.0,19.0,19°C,0.0045,0.9955,0.001,0.008,0.007,122.78049999999999,1139.07014,True,True,0xa5f8766ab797dbb38ec0a39063228b95d1f6b5832a1f118fd95e996c2181ebad
2026-09-05T01:26:41.788666+00:00,paris|2026_09_05|lowest_temperature|c|lfpb,957583,4180958,Paris,LFPB,NOAA_NWS,2026-09-05,lowest_temperature,C,exact,20.0,20.0,20.0,20°C,0.0005,0.9995,,0.001,,20.0,6253.34851,True,True,0x1df81ce13af711218d86cb0e51e97d2a0e59373ebc5799f9b955996457ad037a
2026-09-05T01:26:41.788771+00:00,paris|2026_09_05|lowest_temperature|c|lfpb,957583,4180959,Paris,LFPB,NOAA_NWS,2026-09-05,lowest_temperature,C,exact,21.0,21.0,21.0,21°C,0.0005,0.9995,,0.001,,20.0,5511.48981,True,True,0xce67f002a842f7689d07d699fe5bf4a4fc07fb23c2407206c98db67810262111
2026-09-05T01:26:41.788874+00:00,paris|2026_09_05|lowest_temperature|c|lfpb,957583,4180960,Paris,LFPB,NOAA_NWS,2026-09-05,lowest_temperature,C,exact,22.0,22.0,22.0,22°C,0.0005,0.9995,,0.001,,20.0,5519.62081,True,True,0x2106d3ed963f61a8ab15217804fb382a939e9c0395b7e3194047ba81888d7a92
2026-09-05T01:26:41.788981+00:00,paris|2026_09_05|lowest_temperature|c|lfpb,957583,4180961,Paris,LFPB,NOAA_NWS,2026-09-05,lowest_temperature,C,exact,23.0,23.0,23.0,23°C,0.0005,0.9995,,0.001,,20.0,5104.12891,True,True,0xa6a2b8e8a29b8c767f28a1cb92674b11ba4ea433a890db742479a22d6b1731cf
2026-09-05T01:26:41.789088+00:00,paris|2026_09_05|lowest_temperature|c|lfpb,957583,4180962,Paris,LFPB,NOAA_NWS,2026-09-05,lowest_temperature,C,or_higher,24.0,24.0,,24°C or higher,0.0005,0.9995,,0.001,,20.0,5012.24101,True,True,0x16fe503989affd245a3eb771b9e90ca6605a80793e50df50420fe73ac3d89b08
2026-09-05T01:26:41.789200+00:00,seoul_incheon|2026_09_05|lowest_temperature|c|rksi,957584,4180963,Seoul (Incheon),RKSI,NOAA_NWS,2026-09-05,lowest_temperature,C,or_lower,13.0,,13.0,13°C or below,0.0005,0.9995,,0.001,,369.271225,631.95099,True,True,0x8ee3f3e1516f1fcacc29702769f75bc80c2fb61211d9be69e8bb675753d60b93
2026-09-05T01:26:41.789317+00:00,seoul_incheon|2026_09_05|lowest_temperature|c|rksi,957584,4180964,Seoul (Incheon),RKSI,NOAA_NWS,2026-09-05,lowest_temperature,C,exact,14.0,14.0,14.0,14°C,0.0005,0.9995,,0.001,,593.835057,2437.57511,True,True,0x7862a0633c8cfa46d5eef018def7817e598655be0d334049a69d2f972e7b426b
2026-09-05T01:26:41.789446+00:00,seoul_incheon|2026_09_05|lowest_temperature|c|rksi,957584,4180965,Seoul (Incheon),RKSI,NOAA_NWS,2026-09-05,lowest_temperature,C,exact,15.0,15.0,15.0,15°C,0.0005,0.9995,,0.001,,194.845,2387.2461,True,True,0x8f562b76a537ec3a5591d925a0b72e08596cb66758eda98652291baa7ac9d1e1
2026-09-05T01:26:41.789559+00:00,seoul_incheon|2026_09_05|lowest_temperature|c|rksi,957584,4180966,Seoul (Incheon),RKSI,NOAA_NWS,2026-09-05,lowest_temperature,C,exact,16.0,16.0,16.0,16°C,0.0005,0.9995,,0.001,,446.768325,2474.44125,True,True,0x7eb64befd8cdb031e068ab0c2a3c4c54c00fdff3d5bc31182ac9f1d4f96c5648
2026-09-05T01:26:41.789667+00:00,seoul_incheon|2026_09_05|lowest_temperature|c|rksi,957584,4180967,Seoul (Incheon),RKSI,NOAA_NWS,2026-09-05,lowest_temperature,C,exact,17.0,17.0,17.0,17°C,0.0005,0.9995,,0.001,,952.2608149999999,1825.4771,True,True,0xa77fc19416e28d1e179b05dbacedabbcdfc502fdef6eb27709e48e0ac640a3da
2026-09-05T01:26:41.789775+00:00,seoul_incheon|2026_09_05|lowest_temperature|c|rksi,957584,4180968,Seoul (Incheon),RKSI,NOAA_NWS,2026-09-05,lowest_temperature,C,exact,18.0,18.0,18.0,18°C,0.0005,0.9995,,0.001,,858.533,648.37592,True,True,0x34713100b014157829265fffda7497a6e3646ed02ebfeda565f9f2aaa7a3ea7a
2026-09-05T01:26:41.789884+00:00,seoul_incheon|2026_09_05|lowest_temperature|c|rksi,957584,4180969,Seoul (Incheon),RKSI,NOAA_NWS,2026-09-05,lowest_temperature,C,exact,19.0,19.0,19.0,19°C,0.01,0.99,,0.02,,1258.981662,424.0321,True,True,0xb6db7f66e7a0b1a30da72e7e01fdf9b547baf52a1c5b8d025abbbb03f9854411
2026-09-05T01:26:41.789992+00:00,seoul_incheon|2026_09_05|lowest_temperature|c|rksi,957584,4180970,Seoul (Incheon),RKSI,NOAA_NWS,2026-09-05,lowest_temperature,C,exact,20.0,20.0,20.0,20°C,0.985,0.015,0.98,0.99,0.010000000000000009,2026.524247,1088.7207,True,True,0x4b1d9ebf1728fdd6b7d837fd8dadea3c6cb5862759a82ae462fdf43b7d10950a
2026-09-05T01:26:41.790101+00:00,seoul_incheon|2026_09_05|lowest_temperature|c|rksi,957584,4180971,Seoul (Incheon),RKSI,NOAA_NWS,2026-09-05,lowest_temperature,C,exact,21.0,21.0,21.0,21°C,0.0005,0.9995,,0.001,,2923.2166640000005,6214.66832,True,True,0x46a292e308694df1ce26b7c00f71afda3af36ad22d389e8abfc8d172c088fd49
2026-09-05T01:26:41.790216+00:00,seoul_incheon|2026_09_05|lowest_temperature|c|rksi,957584,4180972,Seoul (Incheon),RKSI,NOAA_NWS,2026-09-05,lowest_temperature,C,exact,22.0,22.0,22.0,22°C,0.0005,0.9995,,0.001,,779.626582,6778.07318,True,True,0x7e0847504585f33ff4e192610bb31f1b19882e4b4bc0b1894da00466bad69bfe
2026-09-05T01:26:41.790335+00:00,seoul_incheon|2026_09_05|lowest_temperature|c|rksi,957584,4180973,Seoul (Incheon),RKSI,NOAA_NWS,2026-09-05,lowest_temperature,C,or_higher,23.0,23.0,,23°C or higher,0.0005,0.9995,,0.001,,175.0,7528.5377,True,True,0x9c9a8a576310e2075bc0e402c2ac417b9828058ec20da9a0f40871801c5a56ea
2026-09-05T01:26:41.790473+00:00,ankara|2026_09_05|lowest_temperature|c|ltac,957585,4180974,Ankara,LTAC,NOAA_NWS,2026-09-05,lowest_temperature,C,or_lower,13.0,,13.0,13°C or below,0.5,0.5,0.08,0.92,0.8400000000000001,,8.25,True,True,0x1a99e114d89ba466f0eb0dd559d5caa2b09afd801fbd7dfbae02203c336e095f
2026-09-05T01:26:41.790583+00:00,ankara|2026_09_05|lowest_temperature|c|ltac,957585,4180975,Ankara,LTAC,NOAA_NWS,2026-09-05,lowest_temperature,C,exact,14.0,14.0,14.0,14°C,0.355,0.645,0.03,0.68,0.65,,35.5228,True,True,0x39901cbb4e6932b72683c4c81dc6d88b5b40e7badef9600cebdef3ae62cd0428
2026-09-05T01:26:41.790689+00:00,ankara|2026_09_05|lowest_temperature|c|ltac,957585,4180976,Ankara,LTAC,NOAA_NWS,2026-09-05,lowest_temperature,C,exact,15.0,15.0,15.0,15°C,0.355,0.645,0.03,0.68,0.65,1.0309,35.4416,True,True,0x7db7b41dd43cf0a25ccb8af85b6b7e3ab78df65d51b629e8642cf315cf3c817d
2026-09-05T01:26:41.790799+00:00,ankara|2026_09_05|lowest_temperature|c|ltac,957585,4180977,Ankara,LTAC,NOAA_NWS,2026-09-05,lowest_temperature,C,exact,16.0,16.0,16.0,16°C,0.355,0.645,0.03,0.68,0.65,1.0309,36.1016,True,True,0xe1b9daaa559bc76b5eda32ce1aa32dec2e81254c628b68aa71d41c0a64f3d93a
2026-09-05T01:26:41.790908+00:00,ankara|2026_09_05|lowest_temperature|c|ltac,957585,4180978,Ankara,LTAC,NOAA_NWS,2026-09-05,lowest_temperature,C,exact,17.0,17.0,17.0,17°C,0.0005,0.9995,,0.001,,97.0,3688.4079,True,True,0x36d404d6cf011d4d57a893c18e8e4f3ac7d32c25fd1d64ff270ced35e04d9f70
2026-09-05T01:26:41.791015+00:00,ankara|2026_09_05|lowest_temperature|c|ltac,957585,4180979,Ankara,LTAC,NOAA_NWS,2026-09-05,lowest_temperature,C,exact,18.0,18.0,18.0,18°C,0.0005,0.9995,,0.001,,35.0,3694.1409,True,True,0x0f89e8a8a9e01fef0175bb4afee91292ff8c2f98f902c5c705e566ccaf646126
2026-09-05T01:26:41.791119+00:00,ankara|2026_09_05|lowest_temperature|c|ltac,957585,4180980,Ankara,LTAC,NOAA_NWS,2026-09-05,lowest_temperature,C,exact,19.0,19.0,19.0,19°C,0.0005,0.9995,,0.001,,35.0,4368.7004,True,True,0x6bb1bf4d83a953f21abfafa44bbb6a6c221ef333631c95ad30386e16545495a1
2026-09-05T01:26:41.791223+00:00,ankara|2026_09_05|lowest_temperature|c|ltac,957585,4180981,Ankara,LTAC,NOAA_NWS,2026-09-05,lowest_temperature,C,exact,20.0,20.0,20.0,20°C,0.0005,0.9995,,0.001,,35.0,4829.5044,True,True,0x9203e4e7d2c2706b95a01adddf364a5f5a8cfec1ade0660ba96ab3cb5317ffb2
2026-09-05T01:26:41.791326+00:00,ankara|2026_09_05|lowest_temperature|c|ltac,957585,4180982,Ankara,LTAC,NOAA_NWS,2026-09-05,lowest_temperature,C,exact,21.0,21.0,21.0,21°C,0.0005,0.9995,,0.001,,63.0,5025.91239,True,True,0xeeaf7e01e48ee183f3c667ab8fdd91092adc7d05a839f1b26092335442a47637
2026-09-05T01:26:41.791456+00:00,ankara|2026_09_05|lowest_temperature|c|ltac,957585,4180983,Ankara,LTAC,NOAA_NWS,2026-09-05,lowest_temperature,C,exact,22.0,22.0,22.0,22°C,0.0005,0.9995,,0.001,,63.0,4654.75409,True,True,0xeaecb2252413ce1ae1330984cd49162653406bc789afd931b6c8be80c27c0b9f
2026-09-05T01:26:41.791565+00:00,ankara|2026_09_05|lowest_temperature|c|ltac,957585,4180984,Ankara,LTAC,NOAA_NWS,2026-09-05,lowest_temperature,C,or_higher,23.0,23.0,,23°C or higher,0.0005,0.9995,,0.001,,43.0,4566.3457,True,True,0xa048f797139c7c8be62e881d7d0990d8ac7f3244f6c5184b950754346b9b1b2d
2026-09-05T01:26:41.791676+00:00,wellington|2026_09_05|lowest_temperature|c|nzwn,957586,4180985,Wellington,NZWN,NOAA_NWS,2026-09-05,lowest_temperature,C,or_lower,7.0,,7.0,7°C or below,0.045,0.955,,0.09,,22.0,65.8334,True,True,0xf2d58ae010e8f06c241eb08cd45af64373cf7c30d73292c618641c945baab75f
2026-09-05T01:26:41.791786+00:00,wellington|2026_09_05|lowest_temperature|c|nzwn,957586,4180986,Wellington,NZWN,NOAA_NWS,2026-09-05,lowest_temperature,C,exact,8.0,8.0,8.0,8°C,0.295,0.705,0.01,0.58,0.57,8.79,51.269,True,True,0x10253a77ac9e2413d3edd41881c3b5297e67fda8b5c1b0ea910a1f88f96a226e
2026-09-05T01:26:41.791891+00:00,wellington|2026_09_05|lowest_temperature|c|nzwn,957586,4180987,Wellington,NZWN,NOAA_NWS,2026-09-05,lowest_temperature,C,exact,9.0,9.0,9.0,9°C,0.3,0.7,0.01,0.59,0.58,,81.619,True,True,0xeb3f8d5e9dd4bce882242471e45146f3cdbff42d82589103ff0cdfb21d8e4cb3
2026-09-05T01:26:41.791996+00:00,wellington|2026_09_05|lowest_temperature|c|nzwn,957586,4180988,Wellington,NZWN,NOAA_NWS,2026-09-05,lowest_temperature,C,exact,10.0,10.0,10.0,10°C,0.31,0.69,0.02,0.6,0.58,15.994,46.919,True,True,0xc6d6c9b02e82968f5b0cc494490ea0c5e0b1733c01dae060060d68d04321e479
2026-09-05T01:26:41.792108+00:00,wellington|2026_09_05|lowest_temperature|c|nzwn,957586,4180989,Wellington,NZWN,NOAA_NWS,2026-09-05,lowest_temperature,C,exact,11.0,11.0,11.0,11°C,0.69,0.31,0.4,0.98,0.58,389.70275000000004,52.9721,True,True,0x8a7c2c2f6533f9bf09775139e09e85bbc38194590fbd83031e8676344d4063b7
2026-09-05T01:26:41.792219+00:00,wellington|2026_09_05|lowest_temperature|c|nzwn,957586,4180990,Wellington,NZWN,NOAA_NWS,2026-09-05,lowest_temperature,C,exact,12.0,12.0,12.0,12°C,0.0005,0.9995,,0.001,,1788.902535,4026.75032,True,True,0x2e9e593c2e84075eb23cbc33479dc6081bb90afbf31dbb938ed04e33023f802b
2026-09-05T01:26:41.792326+00:00,wellington|2026_09_05|lowest_temperature|c|nzwn,957586,4180991,Wellington,NZWN,NOAA_NWS,2026-09-05,lowest_temperature,C,exact,13.0,13.0,13.0,13°C,0.0005,0.9995,,0.001,,3206.4409,3069.78959,True,True,0xff0c03f7f6c7fc54696fc3dcfee779a83995f7833e9137a3ae03177804ee6ade
2026-09-05T01:26:41.792457+00:00,wellington|2026_09_05|lowest_temperature|c|nzwn,957586,4180992,Wellington,NZWN,NOAA_NWS,2026-09-05,lowest_temperature,C,exact,14.0,14.0,14.0,14°C,0.0005,0.9995,,0.001,,45.0,3859.75589,True,True,0x20051d76d0e7d98ce21b412c7c9c7665cb6db73b20a45436c064ada982c7e91a
2026-09-05T01:26:41.792567+00:00,wellington|2026_09_05|lowest_temperature|c|nzwn,957586,4180993,Wellington,NZWN,NOAA_NWS,2026-09-05,lowest_temperature,C,exact,15.0,15.0,15.0,15°C,0.0005,0.9995,,0.001,,1055.0,2888.24387,True,True,0x49a0bf9289eb100e5f43d5ee5b5804a57a0a5490491b95685b049a2328241d61
2026-09-05T01:26:41.792677+00:00,wellington|2026_09_05|lowest_temperature|c|nzwn,957586,4180994,Wellington,NZWN,NOAA_NWS,2026-09-05,lowest_temperature,C,exact,16.0,16.0,16.0,16°C,0.0005,0.9995,,0.001,,1055.0,3075.30967,True,True,0x1be2982289a79414f1cf49eb2b55bb4048792ffe4d3d85784262850250e28998
2026-09-05T01:26:41.792784+00:00,wellington|2026_09_05|lowest_temperature|c|nzwn,957586,4180995,Wellington,NZWN,NOAA_NWS,2026-09-05,lowest_temperature,C,or_higher,17.0,17.0,,17°C or higher,0.0005,0.9995,,0.001,,1045.0,3131.66787,True,True,0xb1207429fae900f8da7f0de77ddfac2b7c054c437950e998844931a15cb23ef5
2026-09-05T01:26:41.792895+00:00,lucknow|2026_09_05|lowest_temperature|c|vilk,957587,4180996,Lucknow,VILK,NOAA_NWS,2026-09-05,lowest_temperature,C,or_lower,21.0,,21.0,21°C or below,0.415,0.585,,0.83,,12.0,6.62,True,True,0x22548b9f73b838836d170216c6b656a098ead30fc0c72630d218602acbd59a8b
2026-09-05T01:26:41.793004+00:00,lucknow|2026_09_05|lowest_temperature|c|vilk,957587,4180997,Lucknow,VILK,NOAA_NWS,2026-09-05,lowest_temperature,C,exact,22.0,22.0,22.0,22°C,0.28,0.72,0.01,0.55,0.54,,26.2386,True,True,0x575ffa22fa7d79c90c6917d4151631a8a34671a222b42be4165a4a23fc4ee39e
2026-09-05T01:26:41.793109+00:00,lucknow|2026_09_05|lowest_temperature|c|vilk,957587,4180998,Lucknow,VILK,NOAA_NWS,2026-09-05,lowest_temperature,C,exact,23.0,23.0,23.0,23°C,0.425,0.575,0.01,0.84,0.83,,17.5386,True,True,0xdd95618bcbeb47759c8e0c47616e6fec7efbc96ee81c8b9f457bf3fa34b5e9e8
2026-09-05T01:26:41.793213+00:00,lucknow|2026_09_05|lowest_temperature|c|vilk,957587,4180999,Lucknow,VILK,NOAA_NWS,2026-09-05,lowest_temperature,C,exact,24.0,24.0,24.0,24°C,0.02,0.98,0.01,0.03,0.019999999999999997,170.0,51.4786,True,True,0x39bfc0bfb57785878407fa992699f35bdf85b8edf371567d2979287cbbfc7756
2026-09-05T01:26:41.793316+00:00,lucknow|2026_09_05|lowest_temperature|c|vilk,957587,4181000,Lucknow,VILK,NOAA_NWS,2026-09-05,lowest_temperature,C,exact,25.0,25.0,25.0,25°C,0.435,0.565,0.04,0.83,0.7899999999999999,1.65217,17.5664,True,True,0x4d2f88f551c948393160b4ca8a8cc87f5758c6ebb8b26a07905e9ea661b6527b
2026-09-05T01:26:41.793443+00:00,lucknow|2026_09_05|lowest_temperature|c|vilk,957587,4181001,Lucknow,VILK,NOAA_NWS,2026-09-05,lowest_temperature,C,exact,26.0,26.0,26.0,26°C,0.51,0.49,0.14,0.88,0.74,7.403702,18.8225,True,True,0x60d1e3afd90c4b86ac36d4cded286247243154b18dffffc10b4f70404112f94d
2026-09-05T01:26:41.793554+00:00,lucknow|2026_09_05|lowest_temperature|c|vilk,957587,4181002,Lucknow,VILK,NOAA_NWS,2026-09-05,lowest_temperature,C,exact,27.0,27.0,27.0,27°C,0.0005,0.9995,,0.001,,290.0,5108.88431,True,True,0x8bbaca031328ea5d041218dc51239dd30d1e698415590e243abae1453b185253
2026-09-05T01:26:41.793658+00:00,lucknow|2026_09_05|lowest_temperature|c|vilk,957587,4181003,Lucknow,VILK,NOAA_NWS,2026-09-05,lowest_temperature,C,exact,28.0,28.0,28.0,28°C,0.0005,0.9995,,0.001,,34.991,4222.776,True,True,0x5a148a23daa9350562f0571e227206b2724ac837b84082939ddbad5243bffce4
2026-09-05T01:26:41.793761+00:00,lucknow|2026_09_05|lowest_temperature|c|vilk,957587,4181004,Lucknow,VILK,NOAA_NWS,2026-09-05,lowest_temperature,C,exact,29.0,29.0,29.0,29°C,0.0005,0.9995,,0.001,,34.991,4364.6829,True,True,0x527d39d3313cc93ba3f3a355234b94846584dad97f6626642ce5aca671849945
2026-09-05T01:26:41.793864+00:00,lucknow|2026_09_05|lowest_temperature|c|vilk,957587,4181005,Lucknow,VILK,NOAA_NWS,2026-09-05,lowest_temperature,C,exact,30.0,30.0,30.0,30°C,0.0005,0.9995,,0.001,,35.0,3994.0242,True,True,0xa06eca2c546c1c270859763a280e0e8a8650183f2dd116d27fe733647c79d73f
2026-09-05T01:26:41.793972+00:00,lucknow|2026_09_05|lowest_temperature|c|vilk,957587,4181006,Lucknow,VILK,NOAA_NWS,2026-09-05,lowest_temperature,C,or_higher,31.0,31.0,,31°C or higher,0.0005,0.9995,,0.001,,35.0,3960.4141,True,True,0x35ab636dd11b9b87c9f1e0532a8252300f537668bd75d63b965003b53b5343cc
2026-09-05T01:26:41.794082+00:00,munich|2026_09_05|lowest_temperature|c|eddm,957588,4181007,Munich,EDDM,NOAA_NWS,2026-09-05,lowest_temperature,C,or_lower,11.0,,11.0,11°C or below,0.405,0.595,0.01,0.8,0.79,,6.94,True,True,0x74b7caec5fb77ee3a30d9b8be419abfdea96c84703ac82388e7d18a529fd4261
2026-09-05T01:26:41.794192+00:00,munich|2026_09_05|lowest_temperature|c|eddm,957588,4181008,Munich,EDDM,NOAA_NWS,2026-09-05,lowest_temperature,C,exact,12.0,12.0,12.0,12°C,0.26,0.74,0.02,0.5,0.48,10.0,68.6161,True,True,0x15a5b5b6b9b41ae3cd2d1741007c8ca1b2e899ec222d04979a9eddc94e7209f3
2026-09-05T01:26:41.794298+00:00,munich|2026_09_05|lowest_temperature|c|eddm,957588,4181009,Munich,EDDM,NOAA_NWS,2026-09-05,lowest_temperature,C,exact,13.0,13.0,13.0,13°C,0.27,0.73,0.04,0.5,0.46,,68.8661,True,True,0x9081a79b9d56094fae9dab2ee7d433958b778695a191c2e507069c3246d6fbf0
2026-09-05T01:26:41.794420+00:00,munich|2026_09_05|lowest_temperature|c|eddm,957588,4181010,Munich,EDDM,NOAA_NWS,2026-09-05,lowest_temperature,C,exact,14.0,14.0,14.0,14°C,0.27,0.73,0.04,0.5,0.46,,71.0961,True,True,0xe752020bdebb61d734bcc16ab28a34d2b77817667cc6b2cfb8e803f6570e019d
2026-09-05T01:26:41.794529+00:00,munich|2026_09_05|lowest_temperature|c|eddm,957588,4181011,Munich,EDDM,NOAA_NWS,2026-09-05,lowest_temperature,C,exact,15.0,15.0,15.0,15°C,0.27,0.73,0.04,0.5,0.46,,74.5761,True,True,0xeeb8efe8a5e2694fdd4a5e4d8215736ba57ad6009825c50183b2dbaec6214235
2026-09-05T01:26:41.794632+00:00,munich|2026_09_05|lowest_temperature|c|eddm,957588,4181012,Munich,EDDM,NOAA_NWS,2026-09-05,lowest_temperature,C,exact,16.0,16.0,16.0,16°C,0.29,0.71,0.08,0.5,0.42,170.82665,63.3911,True,True,0xe288521fd677897442dd663a7b37b4495640b4abe60e32855cab9162ca81888e
2026-09-05T01:26:41.794741+00:00,munich|2026_09_05|lowest_temperature|c|eddm,957588,4181013,Munich,EDDM,NOAA_NWS,2026-09-05,lowest_temperature,C,exact,17.0,17.0,17.0,17°C,0.25,0.75,0.01,0.49,0.48,18.92,69.0661,True,True,0x380aeb5d8ef502bdf14731985dd2fa22518f3ec21590c693710966c6936316a6
2026-09-05T01:26:41.794847+00:00,munich|2026_09_05|lowest_temperature|c|eddm,957588,4181014,Munich,EDDM,NOAA_NWS,2026-09-05,lowest_temperature,C,exact,18.0,18.0,18.0,18°C,0.065,0.935,0.01,0.12,0.11,37.362,169.582,True,True,0xe762667bbd324e8d418c17bb386776b0dabdd5c71c104f1e0bb6b94ead76640d
2026-09-05T01:26:41.794951+00:00,munich|2026_09_05|lowest_temperature|c|eddm,957588,4181015,Munich,EDDM,NOAA_NWS,2026-09-05,lowest_temperature,C,exact,19.0,19.0,19.0,19°C,0.01,0.99,,0.02,,12.0,286.5248,True,True,0x7c23a2fea78f1475456cfceac5f898f87c9ac5d97a076fc7804a8a257ec1c802
2026-09-05T01:26:41.795055+00:00,munich|2026_09_05|lowest_temperature|c|eddm,957588,4181016,Munich,EDDM,NOAA_NWS,2026-09-05,lowest_temperature,C,exact,20.0,20.0,20.0,20°C,0.01,0.99,,0.02,,12.0,282.0984,True,True,0x11c4e55ba35cbb76fb10f05f4858a76c66077cd0f366b354428b110b2b9ea170
2026-09-05T01:26:41.795158+00:00,munich|2026_09_05|lowest_temperature|c|eddm,957588,4181017,Munich,EDDM,NOAA_NWS,2026-09-05,lowest_temperature,C,or_higher,21.0,21.0,,21°C or higher,0.0005,0.9995,,0.001,,32.0,5000.3581,True,True,0x9f3698c8b9114faefee031aee2539f46960a638056b1088f38d21d8a1a076920
2026-09-05T01:26:41.795266+00:00,tel_aviv|2026_09_05|lowest_temperature|c|unknown,957589,4181018,Tel Aviv,,,2026-09-05,lowest_temperature,C,or_lower,20.0,,20.0,20°C or below,0.445,0.555,0.01,0.88,0.87,,4.8404,True,True,0xc8f113c859672db63b7bac5aa8d3b381145deef547388a60b70260bb3e537903
2026-09-05T01:26:41.795392+00:00,tel_aviv|2026_09_05|lowest_temperature|c|unknown,957589,4181019,Tel Aviv,,,2026-09-05,lowest_temperature,C,exact,21.0,21.0,21.0,21°C,0.35,0.65,0.01,0.69,0.6799999999999999,,33.1128,True,True,0xc2c28f325bbe704671286113a382249fc3ac55b4b53852f03d9b4caa5b713e63
2026-09-05T01:26:41.795504+00:00,tel_aviv|2026_09_05|lowest_temperature|c|unknown,957589,4181020,Tel Aviv,,,2026-09-05,lowest_temperature,C,exact,22.0,22.0,22.0,22°C,0.25,0.75,0.02,0.48,0.45999999999999996,27.0,57.1928,True,True,0xf3c1bdfee68d0ab1ff03fff3c1e9415590a6d6a5f2ab9ee004eba9dd43adfe48
2026-09-05T01:26:41.795609+00:00,tel_aviv|2026_09_05|lowest_temperature|c|unknown,957589,4181021,Tel Aviv,,,2026-09-05,lowest_temperature,C,exact,23.0,23.0,23.0,23°C,0.375,0.625,0.07,0.68,0.6100000000000001,11.0,38.7728,True,True,0x781425954e31882821ce270d685d238a352c174ba076062a349dbf1bcbb8738e
2026-09-05T01:26:41.795723+00:00,tel_aviv|2026_09_05|lowest_temperature|c|unknown,957589,4181022,Tel Aviv,,,2026-09-05,lowest_temperature,C,exact,24.0,24.0,24.0,24°C,0.275,0.725,0.03,0.52,0.49,22.485894000000002,43.0102,True,True,0xb24f7b747f29c7f48d87f4b42d5967716a5d74c2a2e24d2441bf787e0bd631b2
2026-09-05T01:26:41.795829+00:00,tel_aviv|2026_09_05|lowest_temperature|c|unknown,957589,4181023,Tel Aviv,,,2026-09-05,lowest_temperature,C,exact,25.0,25.0,25.0,25°C,0.345,0.655,0.02,0.67,0.65,29.93875,34.2938,True,True,0xa365614cd18eaa59d8e6c3027c31d75284aeb16a6c82634d0ad0aa4c3a510287
2026-09-05T01:26:41.795936+00:00,tel_aviv|2026_09_05|lowest_temperature|c|unknown,957589,4181024,Tel Aviv,,,2026-09-05,lowest_temperature,C,exact,26.0,26.0,26.0,26°C,0.0005,0.9995,,0.001,,20.0,4913.3309,True,True,0xd861b9fa13265cd4cd781c9beae90ce74ee882830465c87c2be9531587fef349
2026-09-05T01:26:41.796048+00:00,tel_aviv|2026_09_05|lowest_temperature|c|unknown,957589,4181025,Tel Aviv,,,2026-09-05,lowest_temperature,C,exact,27.0,27.0,27.0,27°C,0.0005,0.9995,,0.001,,30.0,3022.5736,True,True,0x45af3b99521b3c16bdeab705b43b7e5ce09bc7e6e69359e898d68fc3ed741e02
2026-09-05T01:26:41.796158+00:00,tel_aviv|2026_09_05|lowest_temperature|c|unknown,957589,4181026,Tel Aviv,,,2026-09-05,lowest_temperature,C,exact,28.0,28.0,28.0,28°C,0.0005,0.9995,,0.001,,20.0,2836.2836,True,True,0xea07c7e00ed3d33f1ae57e8ead120ad4a38646ed361125607f67f609fa07341f
2026-09-05T01:26:41.796264+00:00,tel_aviv|2026_09_05|lowest_temperature|c|unknown,957589,4181027,Tel Aviv,,,2026-09-05,lowest_temperature,C,exact,29.0,29.0,29.0,29°C,0.0005,0.9995,,0.001,,20.0,2438.1027,True,True,0x830f264a8583665e6b68a594bf8c357deec09fbe59663b11ddd31b55eaeba64a
2026-09-05T01:26:41.796395+00:00,tel_aviv|2026_09_05|lowest_temperature|c|unknown,957589,4181028,Tel Aviv,,,2026-09-05,lowest_temperature,C,or_higher,30.0,30.0,,30°C or higher,0.0005,0.9995,,0.001,,20.0,2405.1797,True,True,0xff887872fed50a6d0f4896cce42da30e75f65f2b52637f2c3084be164351a99f
2026-09-05T01:26:41.796513+00:00,tokyo|2026_09_05|lowest_temperature|c|rjtt,957590,4181029,Tokyo,RJTT,NOAA_NWS,2026-09-05,lowest_temperature,C,or_lower,17.0,,17.0,17°C or below,0.0005,0.9995,,0.001,,354.358,890.48679,True,True,0x61c7b275d25ee5f48c40aa055b104e2abc4cedcbf2615efef5637a1d1fdcbf1b
2026-09-05T01:26:41.796624+00:00,tokyo|2026_09_05|lowest_temperature|c|rjtt,957590,4181030,Tokyo,RJTT,NOAA_NWS,2026-09-05,lowest_temperature,C,exact,18.0,18.0,18.0,18°C,0.001,0.999,,0.002,,365.14577599999996,683.63659,True,True,0x830ad2a715b7cf69d88aa1664499f959ce97252576720fbd380e51e46cb43cea
2026-09-05T01:26:41.796730+00:00,tokyo|2026_09_05|lowest_temperature|c|rjtt,957590,4181031,Tokyo,RJTT,NOAA_NWS,2026-09-05,lowest_temperature,C,exact,19.0,19.0,19.0,19°C,0.025,0.975,,0.05,,287.7613,144.8786,True,True,0x9565bb0a402106800504c7ee060d621ebafd8657d70b7787024c83e1adf7f6bc
2026-09-05T01:26:41.796833+00:00,tokyo|2026_09_05|lowest_temperature|c|rjtt,957590,4181032,Tokyo,RJTT,NOAA_NWS,2026-09-05,lowest_temperature,C,exact,20.0,20.0,20.0,20°C,0.015,0.985,,0.03,,638.543037,97.2878,True,True,0xe243d5bbc2a73f5c1c17c976e6b4813aa815039f24855499cd9e97df3d321542
2026-09-05T01:26:41.796940+00:00,tokyo|2026_09_05|lowest_temperature|c|rjtt,957590,4181033,Tokyo,RJTT,NOAA_NWS,2026-09-05,lowest_temperature,C,exact,21.0,21.0,21.0,21°C,0.975,0.025,0.95,1.0,0.050000000000000044,1937.525412,106.0098,True,True,0x59e916e072c7c33617be837b1977fb1a7e78e73794d54976088014f76bce605d
2026-09-05T01:26:41.797044+00:00,tokyo|2026_09_05|lowest_temperature|c|rjtt,957590,4181034,Tokyo,RJTT,NOAA_NWS,2026-09-05,lowest_temperature,C,exact,22.0,22.0,22.0,22°C,0.0005,0.9995,,0.001,,3151.646032,6554.25106,True,True,0x3f140d0c64d0e8b32d677ea0d92d04221a226d0ab432f9b68a95fbb32c5cb2be
2026-09-05T01:26:41.797149+00:00,tokyo|2026_09_05|lowest_temperature|c|rjtt,957590,4181035,Tokyo,RJTT,NOAA_NWS,2026-09-05,lowest_temperature,C,exact,23.0,23.0,23.0,23°C,0.0005,0.9995,,0.001,,262.87666,4475.21459,True,True,0x82fd25de7505289c03f104dffe1ed906e34bcceda2578f4465ddf176d7ea990d
2026-09-05T01:26:41.797253+00:00,tokyo|2026_09_05|lowest_temperature|c|rjtt,957590,4181036,Tokyo,RJTT,NOAA_NWS,2026-09-05,lowest_temperature,C,exact,24.0,24.0,24.0,24°C,0.0005,0.9995,,0.001,,124.24234999999999,4417.78729,True,True,0x82865901f4071ee339612a12eee6db4ab93255f288571d55b074970895db474a
2026-09-05T01:26:41.797359+00:00,tokyo|2026_09_05|lowest_temperature|c|rjtt,957590,4181037,Tokyo,RJTT,NOAA_NWS,2026-09-05,lowest_temperature,C,exact,25.0,25.0,25.0,25°C,0.0005,0.9995,,0.001,,74.0,5031.18658,True,True,0x7c4182ed3b9c5a4248e2080255eb7b2f3ecccdb9c4f906fc15c002dccc3748bc
2026-09-05T01:26:41.797488+00:00,tokyo|2026_09_05|lowest_temperature|c|rjtt,957590,4181038,Tokyo,RJTT,NOAA_NWS,2026-09-05,lowest_temperature,C,exact,26.0,26.0,26.0,26°C,0.0005,0.9995,,0.001,,183.998,5893.92149,True,True,0x5c1eb752203f060301782b8739f5caadde4b624cd38461d7ac90f93c525ffadb
2026-09-05T01:26:41.797602+00:00,tokyo|2026_09_05|lowest_temperature|c|rjtt,957590,4181039,Tokyo,RJTT,NOAA_NWS,2026-09-05,lowest_temperature,C,or_higher,27.0,27.0,,27°C or higher,0.0005,0.9995,,0.001,,84.0,6103.35869,True,True,0x7d2811c0ee72e46eff7fa674bb4715156885325243e2a1f6aaabf3f01b6122c9
2026-09-05T01:26:41.797716+00:00,hong_kong|2026_09_05|lowest_temperature|c|unknown,957591,4181040,Hong Kong,,,2026-09-05,lowest_temperature,C,or_lower,20.0,,20.0,20°C or below,0.0005,0.9995,,0.001,,157.592,1357.71784,True,True,0x63dd3b56490bd1798221f2b4ac627a5aa2b5c77deec681d38c90549755f0b8a3
2026-09-05T01:26:41.797829+00:00,hong_kong|2026_09_05|lowest_temperature|c|unknown,957591,4181041,Hong Kong,,,2026-09-05,lowest_temperature,C,exact,21.0,21.0,21.0,21°C,0.0005,0.9995,,0.001,,147.592,1308.82444,True,True,0xb69d5c56021c06131cbe069fe8baa0574669e08769b279060e21d986f7287666
2026-09-05T01:26:41.797935+00:00,hong_kong|2026_09_05|lowest_temperature|c|unknown,957591,4181042,Hong Kong,,,2026-09-05,lowest_temperature,C,exact,22.0,22.0,22.0,22°C,0.0005,0.9995,,0.001,,157.592,1033.86644,True,True,0xbc1f36f4893a3d0606b7b422e941ef4d812ab1ae2774b705669e4c55b12155f0
2026-09-05T01:26:41.798041+00:00,hong_kong|2026_09_05|lowest_temperature|c|unknown,957591,4181043,Hong Kong,,,2026-09-05,lowest_temperature,C,exact,23.0,23.0,23.0,23°C,0.0015,0.9985,,0.003,,1389.881666,815.56752,True,True,0x996726813d590ca4ed031fe424d11814d9faeac6b3640825e2d937da6b2249b9
2026-09-05T01:26:41.798149+00:00,hong_kong|2026_09_05|lowest_temperature|c|unknown,957591,4181044,Hong Kong,,,2026-09-05,lowest_temperature,C,exact,24.0,24.0,24.0,24°C,0.002,0.998,,0.004,,3151.280947,1715.74315,True,True,0xd1443d37e109592589331e6ee3482b61ed170c57f1e7027df2c911d6673b4401
2026-09-05T01:26:41.798254+00:00,hong_kong|2026_09_05|lowest_temperature|c|unknown,957591,4181045,Hong Kong,,,2026-09-05,lowest_temperature,C,exact,25.0,25.0,25.0,25°C,0.0055,0.9945,0.001,0.01,0.009000000000000001,3735.6288399999994,2007.70433,True,True,0x447ad9ce08433d71290319053e735092d857326ebba4d5cbcb9effc08a315855
2026-09-05T01:26:41.798375+00:00,hong_kong|2026_09_05|lowest_temperature|c|unknown,957591,4181046,Hong Kong,,,2026-09-05,lowest_temperature,C,exact,26.0,26.0,26.0,26°C,0.025,0.975,0.01,0.04,0.03,8252.060053999998,715.3267,True,True,0x6801d659f117947297c68ef19874576b5b9f597aedbd90edf1e6d534eb043618
2026-09-05T01:26:41.798489+00:00,hong_kong|2026_09_05|lowest_temperature|c|unknown,957591,4181047,Hong Kong,,,2026-09-05,lowest_temperature,C,exact,27.0,27.0,27.0,27°C,0.955,0.045,0.94,0.97,0.030000000000000027,10143.254975,661.2209,True,True,0x468938c27a093e409ac7dfe2129c082310f24ffe0ce8a468652cb63c9cb8254c
2026-09-05T01:26:41.798595+00:00,hong_kong|2026_09_05|lowest_temperature|c|unknown,957591,4181048,Hong Kong,,,2026-09-05,lowest_temperature,C,exact,28.0,28.0,28.0,28°C,0.0005,0.9995,,0.001,,1112.1781369999999,6739.1661,True,True,0xcb039a4a8ecd3587cfff5a684b5ea9d85afb08b62dcae4351152bb3da9293f18
2026-09-05T01:26:41.798700+00:00,hong_kong|2026_09_05|lowest_temperature|c|unknown,957591,4181049,Hong Kong,,,2026-09-05,lowest_temperature,C,exact,29.0,29.0,29.0,29°C,0.0005,0.9995,,0.001,,157.592,6605.99054,True,True,0x79fb3e44bda902c5a92d9870fbc1c72c9a9a463c5a31bdfaaec163499999b723
2026-09-05T01:26:41.798805+00:00,hong_kong|2026_09_05|lowest_temperature|c|unknown,957591,4181050,Hong Kong,,,2026-09-05,lowest_temperature,C,or_higher,30.0,30.0,,30°C or higher,0.0005,0.9995,,0.001,,363.16200000000003,3123.67871,True,True,0xdb9d701cdff0a38198a774b0bf3348a0e9a965926f3f268e8499b4bc4cad8b56
2026-09-05T01:26:41.798921+00:00,shanghai|2026_09_05|lowest_temperature|c|zspd,957592,4181051,Shanghai,ZSPD,NOAA_NWS,2026-09-05,lowest_temperature,C,or_lower,21.0,,21.0,21°C or below,0.0015,0.9985,,0.003,,115.77000000000001,1496.55298,True,True,0xa09bf6d082a115e7796ccd1bb1207ead3654747d60c60711aeb6d83b13f2f306
2026-09-05T01:26:41.799036+00:00,shanghai|2026_09_05|lowest_temperature|c|zspd,957592,4181052,Shanghai,ZSPD,NOAA_NWS,2026-09-05,lowest_temperature,C,exact,22.0,22.0,22.0,22°C,0.0005,0.9995,,0.001,,187.55500000000004,805.86702,True,True,0xcb3c4ba18ac35807a365886c032ca475cc7bf9769e3b6593089f224cee6e730a
2026-09-05T01:26:41.799144+00:00,shanghai|2026_09_05|lowest_temperature|c|zspd,957592,4181053,Shanghai,ZSPD,NOAA_NWS,2026-09-05,lowest_temperature,C,exact,23.0,23.0,23.0,23°C,0.001,0.999,,0.002,,162.224,395.75085,True,True,0x8121909e1d04abd4a159998a61b2fc4c54081ab4c6aa9438cefe603063dc6016
2026-09-05T01:26:41.799250+00:00,shanghai|2026_09_05|lowest_temperature|c|zspd,957592,4181054,Shanghai,ZSPD,NOAA_NWS,2026-09-05,lowest_temperature,C,exact,24.0,24.0,24.0,24°C,0.015,0.985,,0.03,,401.520578,462.27929,True,True,0x204af727cc71c59f16505782f78c887cffed867f46cfca21663476fd7fbf651b
2026-09-05T01:26:41.799356+00:00,shanghai|2026_09_05|lowest_temperature|c|zspd,957592,4181055,Shanghai,ZSPD,NOAA_NWS,2026-09-05,lowest_temperature,C,exact,25.0,25.0,25.0,25°C,0.05,0.95,0.03,0.07,0.04000000000000001,514.90743,613.5545,True,True,0xfa66fc263780bc5961775478e6eb53052989d09bfd02afca4b09e30fba38cd01
2026-09-05T01:26:41.799496+00:00,shanghai|2026_09_05|lowest_temperature|c|zspd,957592,4181056,Shanghai,ZSPD,NOAA_NWS,2026-09-05,lowest_temperature,C,exact,26.0,26.0,26.0,26°C,0.945,0.055,0.94,0.95,0.010000000000000009,2149.564186,1098.4811,True,True,0x2155263d4e9bd2b645a32f2b844031cd0b041b3517107776e457221d0b894da0
2026-09-05T01:26:41.799610+00:00,shanghai|2026_09_05|lowest_temperature|c|zspd,957592,4181057,Shanghai,ZSPD,NOAA_NWS,2026-09-05,lowest_temperature,C,exact,27.0,27.0,27.0,27°C,0.0005,0.9995,,0.001,,3051.2901249999995,9402.66597,True,True,0xcdc09e271df499b48534ef43910b2a2bae7938794b9ec20dd7e01de7558e0a9e
2026-09-05T01:26:41.799719+00:00,shanghai|2026_09_05|lowest_temperature|c|zspd,957592,4181058,Shanghai,ZSPD,NOAA_NWS,2026-09-05,lowest_temperature,C,exact,28.0,28.0,28.0,28°C,0.0005,0.9995,,0.001,,201.29399999999998,5768.58692,True,True,0x2f13230945b3152209b8a1e5ec064d583fe890814a2a321982bfcdf9a814d54f
2026-09-05T01:26:41.799825+00:00,shanghai|2026_09_05|lowest_temperature|c|zspd,957592,4181059,Shanghai,ZSPD,NOAA_NWS,2026-09-05,lowest_temperature,C,exact,29.0,29.0,29.0,29°C,0.0005,0.9995,,0.001,,104.983,6306.51698,True,True,0x5f9ed4138876e3acc856e8095664b4878b3e89a4a1fb8fdeff5607487e385dd2
2026-09-05T01:26:41.799930+00:00,shanghai|2026_09_05|lowest_temperature|c|zspd,957592,4181060,Shanghai,ZSPD,NOAA_NWS,2026-09-05,lowest_temperature,C,exact,30.0,30.0,30.0,30°C,0.0005,0.9995,,0.001,,104.983,6660.23697,True,True,0xcac5342cc2f60276cd10543a9c9427b48a37a6b77ce90496b64de2f5147f35cf
2026-09-05T01:26:41.800045+00:00,shanghai|2026_09_05|lowest_temperature|c|zspd,957592,4181061,Shanghai,ZSPD,NOAA_NWS,2026-09-05,lowest_temperature,C,or_higher,31.0,31.0,,31°C or higher,0.0005,0.9995,,0.001,,194.98300000000003,7281.15322,True,True,0xca5220f74714005d6b0e1ed84477363637dc9e647e4ba933be7b3d370b9e927a
2026-09-05T01:26:41.800156+00:00,singapore|2026_09_05|lowest_temperature|c|wsss,957593,4181062,Singapore,WSSS,NOAA_NWS,2026-09-05,lowest_temperature,C,or_lower,22.0,,22.0,22°C or below,0.315,0.685,,0.63,,12.0,24.52,True,True,0xfc446a7c505f70cac0439b310a45773a2bc118f9750997ab487bc7419993ae19
2026-09-05T01:26:41.800265+00:00,singapore|2026_09_05|lowest_temperature|c|wsss,957593,4181063,Singapore,WSSS,NOAA_NWS,2026-09-05,lowest_temperature,C,exact,23.0,23.0,23.0,23°C,0.355,0.645,,0.71,,22.0,50.8486,True,True,0x57438059b131c027ceb4ca8b096e00c5fd03137fed471e4fd932b6dab9b598f3
2026-09-05T01:26:41.800389+00:00,singapore|2026_09_05|lowest_temperature|c|wsss,957593,4181064,Singapore,WSSS,NOAA_NWS,2026-09-05,lowest_temperature,C,exact,24.0,24.0,24.0,24°C,0.085,0.915,,0.17,,77.054944,88.2044,True,True,0xae7f95cea8bf1c65f86749d332f928c0c1a46238000c0b64840a1df9faf79294
2026-09-05T01:26:41.800505+00:00,singapore|2026_09_05|lowest_temperature|c|wsss,957593,4181065,Singapore,WSSS,NOAA_NWS,2026-09-05,lowest_temperature,C,exact,25.0,25.0,25.0,25°C,0.015,0.985,0.01,0.02,0.01,180.0,110.3886,True,True,0x90a303864d8b94fd66cfb3cab4b2c91cd33da86cd1399ead5a4c20315363e8e6
2026-09-05T01:26:41.800611+00:00,singapore|2026_09_05|lowest_temperature|c|wsss,957593,4181066,Singapore,WSSS,NOAA_NWS,2026-09-05,lowest_temperature,C,exact,26.0,26.0,26.0,26°C,0.255,0.745,0.01,0.5,0.49,73.0,48.9786,True,True,0xac89e3a78bdd28c20f68cac74c11f84b874f4487087d35210ac9e586dd3e9c08
2026-09-05T01:26:41.800716+00:00,singapore|2026_09_05|lowest_temperature|c|wsss,957593,4181067,Singapore,WSSS,NOAA_NWS,2026-09-05,lowest_temperature,C,exact,27.0,27.0,27.0,27°C,0.35,0.65,0.03,0.67,0.64,,40.9286,True,True,0x086384070b0ba3d04942e8bf8dca1ae379565a5dac35dd174791bbdab71e0e1e
2026-09-05T01:26:41.800821+00:00,singapore|2026_09_05|lowest_temperature|c|wsss,957593,4181068,Singapore,WSSS,NOAA_NWS,2026-09-05,lowest_temperature,C,exact,28.0,28.0,28.0,28°C,0.65,0.35,0.34,0.96,0.6199999999999999,201.06182900000002,34.464,True,True,0xcb3c45d4d0ea81a8ec8861cdea2095a66eba02e8f59fa890d2b1c3523f0d7c32
2026-09-05T01:26:41.800927+00:00,singapore|2026_09_05|lowest_temperature|c|wsss,957593,4181069,Singapore,WSSS,NOAA_NWS,2026-09-05,lowest_temperature,C,exact,29.0,29.0,29.0,29°C,0.0005,0.9995,,0.001,,20.0,5127.6547,True,True,0xb5da2c7dceb27df553c30ffb29e03c1cf9602388e6d6f04a1e859c3e08b88f1c
2026-09-05T01:26:41.801032+00:00,singapore|2026_09_05|lowest_temperature|c|wsss,957593,4181070,Singapore,WSSS,NOAA_NWS,2026-09-05,lowest_temperature,C,exact,30.0,30.0,30.0,30°C,0.0005,0.9995,,0.001,,45.0,4377.8992,True,True,0xfc66cc28f39d1bddd0ec7dbb18421bac64fd38beb03109a800f2fe6c4343685c
2026-09-05T01:26:41.801143+00:00,singapore|2026_09_05|lowest_temperature|c|wsss,957593,4181071,Singapore,WSSS,NOAA_NWS,2026-09-05,lowest_temperature,C,exact,31.0,31.0,31.0,31°C,0.0005,0.9995,,0.001,,55.0,4456.2144,True,True,0x41cfb7eba3eeb0c6fc40ee1b9562c35673daefc5dfe36c2e2cdfc4e7f630abb3
2026-09-05T01:26:41.801252+00:00,singapore|2026_09_05|lowest_temperature|c|wsss,957593,4181072,Singapore,WSSS,NOAA_NWS,2026-09-05,lowest_temperature,C,or_higher,32.0,32.0,,32°C or higher,0.0005,0.9995,,0.001,,55.0,3921.2897,True,True,0xe8ae22274f4722f071c189be78d13a88b2fb824ac43e0747075dee3523cacc2a
2026-09-05T01:26:41.801384+00:00,milan|2026_09_05|lowest_temperature|c|limc,957594,4181073,Milan,LIMC,NOAA_NWS,2026-09-05,lowest_temperature,C,or_lower,15.0,,15.0,15°C or below,0.42,0.58,0.01,0.83,0.82,,2.79,True,True,0xb03868137512cdd71780fcf1c207c02b086a5e361a29799d623881549260240a
2026-09-05T01:26:41.801500+00:00,milan|2026_09_05|lowest_temperature|c|limc,957594,4181074,Milan,LIMC,NOAA_NWS,2026-09-05,lowest_temperature,C,exact,16.0,16.0,16.0,16°C,0.045,0.955,,0.09,,22.0,91.695,True,True,0x634d20224ecf49c3a7b4d21a718749fd45c197a3888992fa2aaa2fcf2da57518
2026-09-05T01:26:41.801605+00:00,milan|2026_09_05|lowest_temperature|c|limc,957594,4181075,Milan,LIMC,NOAA_NWS,2026-09-05,lowest_temperature,C,exact,17.0,17.0,17.0,17°C,0.27,0.73,0.04,0.5,0.46,,66.9561,True,True,0xb5ee445f07596ff86caed68e35f2a262291f6cf33a40ca7e52987ddfafd8306f
2026-09-05T01:26:41.801708+00:00,milan|2026_09_05|lowest_temperature|c|limc,957594,4181076,Milan,LIMC,NOAA_NWS,2026-09-05,lowest_temperature,C,exact,18.0,18.0,18.0,18°C,0.28,0.72,0.06,0.5,0.44,,67.0061,True,True,0x0ba1a0ccb4a5b10d801c7502a72b86a36723175e8411629c718ced62cf8fb74b
2026-09-05T01:26:41.801817+00:00,milan|2026_09_05|lowest_temperature|c|limc,957594,4181077,Milan,LIMC,NOAA_NWS,2026-09-05,lowest_temperature,C,exact,19.0,19.0,19.0,19°C,0.29,0.71,0.08,0.5,0.42,,69.1861,True,True,0x278155240150abb8762344d7730fbcff53c81b551c9e7b5ea0f76d44ef72f18e
2026-09-05T01:26:41.801922+00:00,milan|2026_09_05|lowest_temperature|c|limc,957594,4181078,Milan,LIMC,NOAA_NWS,2026-09-05,lowest_temperature,C,exact,20.0,20.0,20.0,20°C,0.251,0.749,0.002,0.5,0.498,,63.1661,True,True,0x2fd5a4fb962f8d9c82255acdf735404d1033f37742e0ea64f963266ac071b093
2026-09-05T01:26:41.802028+00:00,milan|2026_09_05|lowest_temperature|c|limc,957594,4181079,Milan,LIMC,NOAA_NWS,2026-09-05,lowest_temperature,C,exact,21.0,21.0,21.0,21°C,0.0005,0.9995,,0.001,,93.0,2437.2737,True,True,0x61e39387323a795fd8033ba5967a2ad9edd9c15fb9e3582b7f2f94be877fcb3d
2026-09-05T01:26:41.802132+00:00,milan|2026_09_05|lowest_temperature|c|limc,957594,4181080,Milan,LIMC,NOAA_NWS,2026-09-05,lowest_temperature,C,exact,22.0,22.0,22.0,22°C,0.0005,0.9995,,0.001,,35.0,2153.05739,True,True,0x9f00aeb8166fe1a9bd81fc2405fb7fad9eb310ecf132ffcc5dd90adc5927322a
2026-09-05T01:26:41.802235+00:00,milan|2026_09_05|lowest_temperature|c|limc,957594,4181081,Milan,LIMC,NOAA_NWS,2026-09-05,lowest_temperature,C,exact,23.0,23.0,23.0,23°C,0.0005,0.9995,,0.001,,,1902.72049,True,True,0x95fe79a99e52cfa0603349e42e5a98389fa92eec6a44dbaeed4c0c622d15890f
2026-09-05T01:26:41.802339+00:00,milan|2026_09_05|lowest_temperature|c|limc,957594,4181082,Milan,LIMC,NOAA_NWS,2026-09-05,lowest_temperature,C,exact,24.0,24.0,24.0,24°C,0.0005,0.9995,,0.001,,20.0,1935.4526,True,True,0xf13b65171bd26db03109a824b7f3d4b1c2a70b932f74adf979416c65ab60caad
2026-09-05T01:26:41.802464+00:00,milan|2026_09_05|lowest_temperature|c|limc,957594,4181083,Milan,LIMC,NOAA_NWS,2026-09-05,lowest_temperature,C,or_higher,25.0,25.0,,25°C or higher,0.0005,0.9995,,0.001,,35.0,1841.28939,True,True,0xea89caed1475ca5c1e2758b506913cdb036d82a7169b6a9cd65ba8329b256a3b
2026-09-05T01:26:41.802575+00:00,madrid|2026_09_05|lowest_temperature|c|lemd,957595,4181084,Madrid,LEMD,NOAA_NWS,2026-09-05,lowest_temperature,C,or_lower,24.0,,24.0,24°C or below,0.96,0.04,0.95,0.97,0.020000000000000018,102.96,123.29,True,True,0x4307685ee064c38587e3835f6dcad57ae0b9eb27742c7d2795537c6f035808cb
2026-09-05T01:26:41.802685+00:00,madrid|2026_09_05|lowest_temperature|c|lemd,957595,4181085,Madrid,LEMD,NOAA_NWS,2026-09-05,lowest_temperature,C,exact,25.0,25.0,25.0,25°C,0.1,0.9,0.03,0.17,0.14,9.0,127.2961,True,True,0xe2d88612391c1147f150ea4e7c3246151a4417295954f6bb458a2623c5362aef
2026-09-05T01:26:41.802791+00:00,madrid|2026_09_05|lowest_temperature|c|lemd,957595,4181086,Madrid,LEMD,NOAA_NWS,2026-09-05,lowest_temperature,C,exact,26.0,26.0,26.0,26°C,0.0005,0.9995,,0.001,,64.0,5077.2162,True,True,0xa5f54b85f280caa4137aa14e25110b69d6da9c20b7d7ede45094c7fa52441be3
2026-09-05T01:26:41.802895+00:00,madrid|2026_09_05|lowest_temperature|c|lemd,957595,4181087,Madrid,LEMD,NOAA_NWS,2026-09-05,lowest_temperature,C,exact,27.0,27.0,27.0,27°C,0.0005,0.9995,,0.001,,20.0,5575.9076,True,True,0x5e11086ebaa0beb6a47ff9c54b4370e579752238602bc09d51d56c05f114eb54
2026-09-05T01:26:41.803005+00:00,madrid|2026_09_05|lowest_temperature|c|lemd,957595,4181088,Madrid,LEMD,NOAA_NWS,2026-09-05,lowest_temperature,C,exact,28.0,28.0,28.0,28°C,0.0005,0.9995,,0.001,,20.0,4979.02,True,True,0x708a7fc924d5b6d7995b39e9e78fa6cf016fb2bc32768db2072d71a1b5f5833a
2026-09-05T01:26:41.803116+00:00,madrid|2026_09_05|lowest_temperature|c|lemd,957595,4181089,Madrid,LEMD,NOAA_NWS,2026-09-05,lowest_temperature,C,exact,29.0,29.0,29.0,29°C,0.0005,0.9995,,0.001,,20.0,4453.4042,True,True,0xdbaa2ca0056a3135fa74ce3000b8e9ad310744444dcea7ff89632bdf4495c48f
2026-09-05T01:26:41.803225+00:00,madrid|2026_09_05|lowest_temperature|c|lemd,957595,4181090,Madrid,LEMD,NOAA_NWS,2026-09-05,lowest_temperature,C,exact,30.0,30.0,30.0,30°C,0.0005,0.9995,,0.001,,20.0,4453.4042,True,True,0xa408e504591ae58d2ce3fab9af4d3cd2aea27afcf438ed87b8e49715461bd6dc
2026-09-05T01:26:41.803330+00:00,madrid|2026_09_05|lowest_temperature|c|lemd,957595,4181091,Madrid,LEMD,NOAA_NWS,2026-09-05,lowest_temperature,C,exact,31.0,31.0,31.0,31°C,0.0005,0.9995,,0.001,,20.0,4057.4169,True,True,0xc63d04a4ccb9023da91d483606ef7a16fafcfdabf5990ca9e7565f2f4fa4fd72
2026-09-05T01:26:41.803460+00:00,madrid|2026_09_05|lowest_temperature|c|lemd,957595,4181092,Madrid,LEMD,NOAA_NWS,2026-09-05,lowest_temperature,C,exact,32.0,32.0,32.0,32°C,0.0005,0.9995,,0.001,,20.0,4047.5741,True,True,0xb238bb33ad82398a417b3959f176d4d5bf829ed0928028195632bcc39ded72bb
2026-09-05T01:26:41.803569+00:00,madrid|2026_09_05|lowest_temperature|c|lemd,957595,4181093,Madrid,LEMD,NOAA_NWS,2026-09-05,lowest_temperature,C,exact,33.0,33.0,33.0,33°C,0.0005,0.9995,,0.001,,20.0,4098.5216,True,True,0x6ce1b51895c165b4af3e427e96f3fa4b9b72daed95fadba76641d3b4d0665fc6
2026-09-05T01:26:41.803673+00:00,madrid|2026_09_05|lowest_temperature|c|lemd,957595,4181094,Madrid,LEMD,NOAA_NWS,2026-09-05,lowest_temperature,C,or_higher,34.0,34.0,,34°C or higher,0.0005,0.9995,,0.001,,20.0,4041.2006,True,True,0x9d105edb7e03ca178cc05cf13bf47995b4a83fb84662d585eee9a9b2e4659c31
2026-09-05T01:26:41.803782+00:00,warsaw|2026_09_05|lowest_temperature|c|epwa,957596,4181095,Warsaw,EPWA,NOAA_NWS,2026-09-05,lowest_temperature,C,or_lower,12.0,,12.0,12°C or below,0.445,0.555,0.05,0.84,0.7899999999999999,2.0,11.63,True,True,0xebfecbc76478c69cbfde5e198628a9c4837fb5582020336c119e94561a105d2f
2026-09-05T01:26:41.803892+00:00,warsaw|2026_09_05|lowest_temperature|c|epwa,957596,4181096,Warsaw,EPWA,NOAA_NWS,2026-09-05,lowest_temperature,C,exact,13.0,13.0,13.0,13°C,0.33,0.67,0.1,0.56,0.4600000000000001,2.0,57.4111,True,True,0xa2c519de1d403a0c493f7f9f84d3f41dae14340105056efb4181987eeaf55efc
2026-09-05T01:26:41.803996+00:00,warsaw|2026_09_05|lowest_temperature|c|epwa,957596,4181097,Warsaw,EPWA,NOAA_NWS,2026-09-05,lowest_temperature,C,exact,14.0,14.0,14.0,14°C,0.31,0.69,0.09,0.53,0.44000000000000006,2.0,55.7611,True,True,0x844ef3906cecaa10c6ce7a7ad850df2ab11abd2e63190bc0adb69dc3b1f7c40e
2026-09-05T01:26:41.804103+00:00,warsaw|2026_09_05|lowest_temperature|c|epwa,957596,4181098,Warsaw,EPWA,NOAA_NWS,2026-09-05,lowest_temperature,C,exact,15.0,15.0,15.0,15°C,0.28,0.72,0.03,0.53,0.5,2.0,55.8011,True,True,0xd5d1b65c8f706cbae82d254795abfd4081c7cdceb0125eb09029b972dded6ce1
2026-09-05T01:26:41.804208+00:00,warsaw|2026_09_05|lowest_temperature|c|epwa,957596,4181099,Warsaw,EPWA,NOAA_NWS,2026-09-05,lowest_temperature,C,exact,16.0,16.0,16.0,16°C,0.27,0.73,0.01,0.53,0.52,,53.8211,True,True,0xcbfb2e7ec97aa64772150e143ce77eea6cce2660b9173d503fb87073b31d6915
2026-09-05T01:26:41.804313+00:00,warsaw|2026_09_05|lowest_temperature|c|epwa,957596,4181100,Warsaw,EPWA,NOAA_NWS,2026-09-05,lowest_temperature,C,exact,17.0,17.0,17.0,17°C,0.035,0.965,,0.07,,22.0,64.4591,True,True,0xdbea8e28fb2f83dd7c67956db02dbb180752ba20b5e40db84e4043ffd989d3c7
2026-09-05T01:26:41.804437+00:00,warsaw|2026_09_05|lowest_temperature|c|epwa,957596,4181101,Warsaw,EPWA,NOAA_NWS,2026-09-05,lowest_temperature,C,exact,18.0,18.0,18.0,18°C,0.01,0.99,,0.02,,11.9978,243.9022,True,True,0xab955a9123404926412fb0b5d9266644ab85a61adc290228555f2e15ed02d4de
2026-09-05T01:26:41.804545+00:00,warsaw|2026_09_05|lowest_temperature|c|epwa,957596,4181102,Warsaw,EPWA,NOAA_NWS,2026-09-05,lowest_temperature,C,exact,19.0,19.0,19.0,19°C,0.0005,0.9995,,0.001,,20.0,3313.5049,True,True,0xe179507e95adfd11f486d71da0bd1ea731779e21af614c7f83ccd15a4b9e5a84
2026-09-05T01:26:41.804650+00:00,warsaw|2026_09_05|lowest_temperature|c|epwa,957596,4181103,Warsaw,EPWA,NOAA_NWS,2026-09-05,lowest_temperature,C,exact,20.0,20.0,20.0,20°C,0.0005,0.9995,,0.001,,20.0,2820.8398,True,True,0xaa7a8f26983d2057a5937c6dd6ce0a9566bdd14f57cf82f4cd8bcd9369c990ed
2026-09-05T01:26:41.804758+00:00,warsaw|2026_09_05|lowest_temperature|c|epwa,957596,4181104,Warsaw,EPWA,NOAA_NWS,2026-09-05,lowest_temperature,C,exact,21.0,21.0,21.0,21°C,0.0005,0.9995,,0.001,,20.0,2421.6501,True,True,0x371154011bfaa13acd5f0af2070b6f7a9f847d4f619646e34712067d6f071f7d
2026-09-05T01:26:41.804868+00:00,warsaw|2026_09_05|lowest_temperature|c|epwa,957596,4181105,Warsaw,EPWA,NOAA_NWS,2026-09-05,lowest_temperature,C,or_higher,22.0,22.0,,22°C or higher,0.0005,0.9995,,0.001,,24.0,2346.2109,True,True,0x0069d1a665fa16ebda7c5de1d6d1ec5d7b098ac84d5e795c6e87bd51b3aac888
2026-09-05T01:26:41.804982+00:00,taipei|2026_09_05|lowest_temperature|c|unknown,957597,4181106,Taipei,,WEATHER_UNDERGROUND,2026-09-05,lowest_temperature,C,or_lower,20.0,,20.0,20°C or below,0.46,0.54,,0.92,,15.991000000000001,11.92,True,True,0xbc08b27700931fdbb19c952baa47481c1b3aaa4043877ea79aaaf10e93ae5b1c
2026-09-05T01:26:41.805094+00:00,taipei|2026_09_05|lowest_temperature|c|unknown,957597,4181107,Taipei,,WEATHER_UNDERGROUND,2026-09-05,lowest_temperature,C,exact,21.0,21.0,21.0,21°C,0.44,0.56,,0.88,,13.991000000000001,49.2186,True,True,0x0ca6e2e471c68f4ae489db8a9d096a91c25fb6f7612c168818581c3776571069
2026-09-05T01:26:41.805201+00:00,taipei|2026_09_05|lowest_temperature|c|unknown,957597,4181108,Taipei,,WEATHER_UNDERGROUND,2026-09-05,lowest_temperature,C,exact,22.0,22.0,22.0,22°C,0.445,0.555,0.01,0.88,0.87,,43.2586,True,True,0x04e9f2155bd4fb23527eb8a995bea449a2836be4ba72fc1173dfd342fedf1e92
2026-09-05T01:26:41.805308+00:00,taipei|2026_09_05|lowest_temperature|c|unknown,957597,4181109,Taipei,,WEATHER_UNDERGROUND,2026-09-05,lowest_temperature,C,exact,23.0,23.0,23.0,23°C,0.445,0.555,0.01,0.88,0.87,3.0,11.2386,True,True,0x8c9b4c0f6eeb3a1136e89f7668690add3df53a939bf0746ec98b2053f4b1b017
2026-09-05T01:26:41.805497+00:00,taipei|2026_09_05|lowest_temperature|c|unknown,957597,4181110,Taipei,,WEATHER_UNDERGROUND,2026-09-05,lowest_temperature,C,exact,24.0,24.0,24.0,24°C,0.42,0.58,0.03,0.81,0.78,,17.2786,True,True,0xfdbd3c56427d2607362bbfb12027ec7b661651a83da35fb5bcd1443a447d374e
2026-09-05T01:26:41.805623+00:00,taipei|2026_09_05|lowest_temperature|c|unknown,957597,4181111,Taipei,,WEATHER_UNDERGROUND,2026-09-05,lowest_temperature,C,exact,25.0,25.0,25.0,25°C,0.475,0.525,0.07,0.88,0.81,39.186054,16.984,True,True,0x360ae2ceecda4c79e3067964161e42d8d886b9f87c81b4ae06412365ea7c3d58
2026-09-05T01:26:41.805731+00:00,taipei|2026_09_05|lowest_temperature|c|unknown,957597,4181112,Taipei,,WEATHER_UNDERGROUND,2026-09-05,lowest_temperature,C,exact,26.0,26.0,26.0,26°C,0.0005,0.9995,,0.001,,259.0,3877.8622,True,True,0xb09166c84e173ae4afd71d98ec94137909b784667e27f1889772ffa0b8730491
2026-09-05T01:26:41.805837+00:00,taipei|2026_09_05|lowest_temperature|c|unknown,957597,4181113,Taipei,,WEATHER_UNDERGROUND,2026-09-05,lowest_temperature,C,exact,27.0,27.0,27.0,27°C,0.001,0.999,,0.002,,110.0,3504.4206,True,True,0xd108407a8832e184dd828b289cff52dbe7558b33a59b5de697ca9156a2fb4b7f
2026-09-05T01:26:41.805942+00:00,taipei|2026_09_05|lowest_temperature|c|unknown,957597,4181114,Taipei,,WEATHER_UNDERGROUND,2026-09-05,lowest_temperature,C,exact,28.0,28.0,28.0,28°C,0.001,0.999,,0.002,,50.0,3014.0883,True,True,0x9bb0b34b0b771dc394f44e9bef3a5702d1bd12e99972428ef99371219482248a
2026-09-05T01:26:41.806046+00:00,taipei|2026_09_05|lowest_temperature|c|unknown,957597,4181115,Taipei,,WEATHER_UNDERGROUND,2026-09-05,lowest_temperature,C,exact,29.0,29.0,29.0,29°C,0.0005,0.9995,,0.001,,45.0,3084.0338,True,True,0x49b7cb81722cc6ca81a25a4a18bc3e43336c725c21870e64f9cbeca3c051d4ee
2026-09-05T01:26:41.806150+00:00,taipei|2026_09_05|lowest_temperature|c|unknown,957597,4181116,Taipei,,WEATHER_UNDERGROUND,2026-09-05,lowest_temperature,C,or_higher,30.0,30.0,,30°C or higher,0.0005,0.9995,,0.001,,53.0,3199.9242,True,True,0x4fb9fb88cdd6b7a6d2cc81e47cd828602dd3f689a8537b43c57052af547c2f22
2026-09-05T01:26:41.806260+00:00,chongqing|2026_09_05|lowest_temperature|c|zuck,957598,4181117,Chongqing,ZUCK,NOAA_NWS,2026-09-05,lowest_temperature,C,or_lower,20.0,,20.0,20°C or below,0.41,0.59,,0.82,,75.0,26.58,True,True,0xc292f2fd8ca3f7d138cc953ba6472c00aa46f0227e00e3dde1dc4406d9479b93
2026-09-05T01:26:41.806388+00:00,chongqing|2026_09_05|lowest_temperature|c|zuck,957598,4181118,Chongqing,ZUCK,NOAA_NWS,2026-09-05,lowest_temperature,C,exact,21.0,21.0,21.0,21°C,0.325,0.675,,0.65,,21.0,24.7286,True,True,0xdccf3eb94e81b64500846fb1327295af038ec4b0a46cbd45cb39bc82a43656a4
2026-09-05T01:26:41.806512+00:00,chongqing|2026_09_05|lowest_temperature|c|zuck,957598,4181119,Chongqing,ZUCK,NOAA_NWS,2026-09-05,lowest_temperature,C,exact,22.0,22.0,22.0,22°C,0.17,0.83,,0.34,,22.0,59.6218,True,True,0x20a4730eafbf820185422a1a6b320511dc5a9edcf61fba9c7209947913c9a8aa
2026-09-05T01:26:41.806621+00:00,chongqing|2026_09_05|lowest_temperature|c|zuck,957598,4181120,Chongqing,ZUCK,NOAA_NWS,2026-09-05,lowest_temperature,C,exact,23.0,23.0,23.0,23°C,0.185,0.815,,0.37,,22.0,65.4008,True,True,0xa9ee43f7179ef751780db894012aedf35be13e381bb7475d84904ac23bed62d4
2026-09-05T01:26:41.806731+00:00,chongqing|2026_09_05|lowest_temperature|c|zuck,957598,4181121,Chongqing,ZUCK,NOAA_NWS,2026-09-05,lowest_temperature,C,exact,24.0,24.0,24.0,24°C,0.33,0.67,,0.66,,116.0,53.1686,True,True,0xbd9080ad3208b37a29c68d7a076ae4c9a2995e6566c280cf79ff7ef7aada864a
2026-09-05T01:26:41.806838+00:00,chongqing|2026_09_05|lowest_temperature|c|zuck,957598,4181122,Chongqing,ZUCK,NOAA_NWS,2026-09-05,lowest_temperature,C,exact,25.0,25.0,25.0,25°C,0.355,0.645,0.03,0.68,0.65,26.139975,41.2196,True,True,0xdff6da16d7cdf1d43b062885510dae92fec2457348cdf0e253dfba4d7265395b
2026-09-05T01:26:41.806942+00:00,chongqing|2026_09_05|lowest_temperature|c|zuck,957598,4181123,Chongqing,ZUCK,NOAA_NWS,2026-09-05,lowest_temperature,C,exact,26.0,26.0,26.0,26°C,0.655,0.345,0.33,0.98,0.6499999999999999,324.975225,29.4862,True,True,0x0fe867c94291d7d86a247868b960aeb15482023eee506a3fc9c24afce9b0521c
2026-09-05T01:26:41.807057+00:00,chongqing|2026_09_05|lowest_temperature|c|zuck,957598,4181124,Chongqing,ZUCK,NOAA_NWS,2026-09-05,lowest_temperature,C,exact,27.0,27.0,27.0,27°C,0.0005,0.9995,,0.001,,35.0,5341.57739,True,True,0xdefbd834636c923be38bddbe8dd220d52a519fa64d56251e46b7ddddc6815ff7
2026-09-05T01:26:41.807164+00:00,chongqing|2026_09_05|lowest_temperature|c|zuck,957598,4181125,Chongqing,ZUCK,NOAA_NWS,2026-09-05,lowest_temperature,C,exact,28.0,28.0,28.0,28°C,0.0005,0.9995,,0.001,,1035.0,6603.25668,True,True,0xb6ea58e5c3f26cd9d04375a1047c422220a84d6a0243ce1d1397459bda83f88d
2026-09-05T01:26:41.807268+00:00,chongqing|2026_09_05|lowest_temperature|c|zuck,957598,4181126,Chongqing,ZUCK,NOAA_NWS,2026-09-05,lowest_temperature,C,exact,29.0,29.0,29.0,29°C,0.0005,0.9995,,0.001,,35.0,7004.2147,True,True,0x393cf30ea56b01d5a094181f58c115e41068877f557dbb844606821545724f4e
2026-09-05T01:26:41.807391+00:00,chongqing|2026_09_05|lowest_temperature|c|zuck,957598,4181127,Chongqing,ZUCK,NOAA_NWS,2026-09-05,lowest_temperature,C,or_higher,30.0,30.0,,30°C or higher,0.0005,0.9995,,0.001,,81.0,6343.7716,True,True,0x747290b996bb7596baf789a7985b0f13bfb60175c8106bf64c891052588ad945
2026-09-05T01:26:41.807507+00:00,beijing|2026_09_05|lowest_temperature|c|zbaa,957599,4181128,Beijing,ZBAA,NOAA_NWS,2026-09-05,lowest_temperature,C,or_lower,14.0,,14.0,14°C or below,0.085,0.915,,0.17,,12.0,50.2058,True,True,0xdc8193b55e4b99bb0f8823147a9a851c8022e435507d417a3a81b1bdea493d17
2026-09-05T01:26:41.807621+00:00,beijing|2026_09_05|lowest_temperature|c|zbaa,957599,4181129,Beijing,ZBAA,NOAA_NWS,2026-09-05,lowest_temperature,C,exact,15.0,15.0,15.0,15°C,0.07,0.93,,0.14,,22.0,62.9686,True,True,0xebfa4c18791ee5efffcfee2e5c47d6470ba9054814ff8835131937608a10d3b6
2026-09-05T01:26:41.807726+00:00,beijing|2026_09_05|lowest_temperature|c|zbaa,957599,4181130,Beijing,ZBAA,NOAA_NWS,2026-09-05,lowest_temperature,C,exact,16.0,16.0,16.0,16°C,0.05,0.95,0.01,0.09,0.08,,94.6996,True,True,0x9504d46f6da0e46e15f7a775c9989c28fe7069401381860b2e46ae24e4f34ca2
2026-09-05T01:26:41.807829+00:00,beijing|2026_09_05|lowest_temperature|c|zbaa,957599,4181131,Beijing,ZBAA,NOAA_NWS,2026-09-05,lowest_temperature,C,exact,17.0,17.0,17.0,17°C,0.165,0.835,0.02,0.31,0.29,25.994633,86.0486,True,True,0xacdbee936e27dd4e4f6433e5d76c728431562fa0bbe998ec6b73da8e3d3940d6
2026-09-05T01:26:41.807932+00:00,beijing|2026_09_05|lowest_temperature|c|zbaa,957599,4181132,Beijing,ZBAA,NOAA_NWS,2026-09-05,lowest_temperature,C,exact,18.0,18.0,18.0,18°C,0.84,0.16,0.7,0.98,0.28,324.196099,87.6705,True,True,0x983d410109ce92b7a6b81187a9badc021089145d363a7a64c7c4428fca28e471
2026-09-05T01:26:41.808036+00:00,beijing|2026_09_05|lowest_temperature|c|zbaa,957599,4181133,Beijing,ZBAA,NOAA_NWS,2026-09-05,lowest_temperature,C,exact,19.0,19.0,19.0,19°C,0.0005,0.9995,,0.001,,347.0,16665.11202,True,True,0x7e7d6dc868ec5291fb2f4ff7572f677840d40392ea7f3364c60146833dbfa4a0
2026-09-05T01:26:41.808140+00:00,beijing|2026_09_05|lowest_temperature|c|zbaa,957599,4181134,Beijing,ZBAA,NOAA_NWS,2026-09-05,lowest_temperature,C,exact,20.0,20.0,20.0,20°C,0.0005,0.9995,,0.001,,316.7654,16334.32718,True,True,0x60b9c6af3aca67fe9622a5d75a129091b615ada2f972eddc56feaf7f8fbd853b
2026-09-05T01:26:41.808248+00:00,beijing|2026_09_05|lowest_temperature|c|zbaa,957599,4181135,Beijing,ZBAA,NOAA_NWS,2026-09-05,lowest_temperature,C,exact,21.0,21.0,21.0,21°C,0.0005,0.9995,,0.001,,45.0,16739.3207,True,True,0x47cedf6a70f9cf40f57efd602fcd3faae87b1c8b9b06d42fa7a064e1d1f76d5b
2026-09-05T01:26:41.808354+00:00,beijing|2026_09_05|lowest_temperature|c|zbaa,957599,4181136,Beijing,ZBAA,NOAA_NWS,2026-09-05,lowest_temperature,C,exact,22.0,22.0,22.0,22°C,0.0005,0.9995,,0.001,,45.0,16384.1902,True,True,0xbaa6cd44dcda64d9a00bb08b88531a30919e6b79ca09f49b80b446dc53149ae3
2026-09-05T01:26:41.808489+00:00,beijing|2026_09_05|lowest_temperature|c|zbaa,957599,4181137,Beijing,ZBAA,NOAA_NWS,2026-09-05,lowest_temperature,C,exact,23.0,23.0,23.0,23°C,0.0005,0.9995,,0.001,,45.0,16003.3933,True,True,0x48406c192706389f6e56c2d607f88d6995e53b9f2bc72a30ab694499027ec15f
2026-09-05T01:26:41.808596+00:00,beijing|2026_09_05|lowest_temperature|c|zbaa,957599,4181138,Beijing,ZBAA,NOAA_NWS,2026-09-05,lowest_temperature,C,or_higher,24.0,24.0,,24°C or higher,0.0005,0.9995,,0.001,,45.0,15993.9047,True,True,0xe563e42d4468315cf023385ff89cd06b5baab733a76906cad7a0f35f5eb0669a
2026-09-05T01:26:41.808710+00:00,wuhan|2026_09_05|lowest_temperature|c|zhhh,957600,4181139,Wuhan,ZHHH,NOAA_NWS,2026-09-05,lowest_temperature,C,or_lower,18.0,,18.0,18°C or below,0.235,0.765,,0.47,,22.0,56.2358,True,True,0xb06efa118ae4401460875402a56333a23d927355c018a915472f744c67a22afb
2026-09-05T01:26:41.808822+00:00,wuhan|2026_09_05|lowest_temperature|c|zhhh,957600,4181140,Wuhan,ZHHH,NOAA_NWS,2026-09-05,lowest_temperature,C,exact,19.0,19.0,19.0,19°C,0.44,0.56,,0.88,,11.99,45.5386,True,True,0x92b70f081509d249e47cd6664f5036b985f98b22211a3c872ef1f2322003c8ea
2026-09-05T01:26:41.808928+00:00,wuhan|2026_09_05|lowest_temperature|c|zhhh,957600,4181141,Wuhan,ZHHH,NOAA_NWS,2026-09-05,lowest_temperature,C,exact,20.0,20.0,20.0,20°C,0.445,0.555,0.01,0.88,0.87,,45.0586,True,True,0x32f5f0dffc10a0ee239dde2b36d0d9a025161dcde9d13c876d3e3818894dd642
2026-09-05T01:26:41.809033+00:00,wuhan|2026_09_05|lowest_temperature|c|zhhh,957600,4181142,Wuhan,ZHHH,NOAA_NWS,2026-09-05,lowest_temperature,C,exact,21.0,21.0,21.0,21°C,0.44,0.56,0.01,0.87,0.86,72.994633,23.0186,True,True,0x300b0e25acc2a8dece1c40ef1707c52de7222d2791e574f408bfc1aadd437c80
2026-09-05T01:26:41.809138+00:00,wuhan|2026_09_05|lowest_temperature|c|zhhh,957600,4181143,Wuhan,ZHHH,NOAA_NWS,2026-09-05,lowest_temperature,C,exact,22.0,22.0,22.0,22°C,0.485,0.515,0.07,0.9,0.8300000000000001,18.33,24.6119,True,True,0x68cb7ac95555ccd7950e8d32c7f1a95b1136c0ae37de744713e40ff723227d40
2026-09-05T01:26:41.809242+00:00,wuhan|2026_09_05|lowest_temperature|c|zhhh,957600,4181144,Wuhan,ZHHH,NOAA_NWS,2026-09-05,lowest_temperature,C,exact,23.0,23.0,23.0,23°C,0.0005,0.9995,,0.001,,199.0,5346.77039,True,True,0xf6d89f1825b2daa751b28fe54efc69a26f96a018cadbb7e83e8bfaf68b15844a
2026-09-05T01:26:41.809347+00:00,wuhan|2026_09_05|lowest_temperature|c|zhhh,957600,4181145,Wuhan,ZHHH,NOAA_NWS,2026-09-05,lowest_temperature,C,exact,24.0,24.0,24.0,24°C,0.0005,0.9995,,0.001,,1354.1,6499.19868,True,True,0xc715002b8437b6097e0bc7750c5e7e4bd1fa19e172d1e46ca66a002110cf93cb
2026-09-05T01:26:41.809473+00:00,wuhan|2026_09_05|lowest_temperature|c|zhhh,957600,4181146,Wuhan,ZHHH,NOAA_NWS,2026-09-05,lowest_temperature,C,exact,25.0,25.0,25.0,25°C,0.0005,0.9995,,0.001,,45.0,6707.9697,True,True,0x0a12d04159ce40396358df1b1a6ce7b2364edb8a2b2f93348989b87a6d0aea00
2026-09-05T01:26:41.809579+00:00,wuhan|2026_09_05|lowest_temperature|c|zhhh,957600,4181147,Wuhan,ZHHH,NOAA_NWS,2026-09-05,lowest_temperature,C,exact,26.0,26.0,26.0,26°C,0.0005,0.9995,,0.001,,45.0,6371.0762,True,True,0x8a34c9562dc40bace92f17ea919c332baea29fb21353840d44c857d56d4e5430
2026-09-05T01:26:41.809687+00:00,wuhan|2026_09_05|lowest_temperature|c|zhhh,957600,4181148,Wuhan,ZHHH,NOAA_NWS,2026-09-05,lowest_temperature,C,exact,27.0,27.0,27.0,27°C,0.0005,0.9995,,0.001,,60.0,6029.1465,True,True,0x09059853bbbd63a9ffdc4b2fc5a1441e7adab90aa8bcbbe575091a8cc945e93e
2026-09-05T01:26:41.809801+00:00,wuhan|2026_09_05|lowest_temperature|c|zhhh,957600,4181149,Wuhan,ZHHH,NOAA_NWS,2026-09-05,lowest_temperature,C,or_higher,28.0,28.0,,28°C or higher,0.0005,0.9995,,0.001,,45.0,5958.1547,True,True,0x8d2fe3afde8b069920c484629d6710d146f964c1f7c19a8022668be6707cdb46
2026-09-05T01:26:41.809912+00:00,chengdu|2026_09_05|lowest_temperature|c|zuuu,957601,4181150,Chengdu,ZUUU,NOAA_NWS,2026-09-05,lowest_temperature,C,or_lower,18.0,,18.0,18°C or below,0.31,0.69,,0.62,,22.0,38.85,True,True,0xf9c3ed5223308f54e38e458c633652b2f80e9a4538f3eebd15ae5b422f688f9f
2026-09-05T01:26:41.810023+00:00,chengdu|2026_09_05|lowest_temperature|c|zuuu,957601,4181151,Chengdu,ZUUU,NOAA_NWS,2026-09-05,lowest_temperature,C,exact,19.0,19.0,19.0,19°C,0.31,0.69,0.01,0.61,0.6,30.0,50.2586,True,True,0xe4c6e5a856cd0ab7d443417f304e3e3c2e524273081abf43f84e2812b4263f65
2026-09-05T01:26:41.810130+00:00,chengdu|2026_09_05|lowest_temperature|c|zuuu,957601,4181152,Chengdu,ZUUU,NOAA_NWS,2026-09-05,lowest_temperature,C,exact,20.0,20.0,20.0,20°C,0.31,0.69,0.01,0.61,0.6,30.0,52.8586,True,True,0x6233cd9b7eb2ffc31078117de3bc6db5f76405d58dcaba66ba8ad3cdfd874da6
2026-09-05T01:26:41.810240+00:00,chengdu|2026_09_05|lowest_temperature|c|zuuu,957601,4181153,Chengdu,ZUUU,NOAA_NWS,2026-09-05,lowest_temperature,C,exact,21.0,21.0,21.0,21°C,0.695,0.305,0.4,0.99,0.59,318.51460399999996,63.9075,True,True,0x731ccfc5b8a24633d5885c86a29a1d70e0a97d3645556fc3eece092d576f29a7
2026-09-05T01:26:41.810351+00:00,chengdu|2026_09_05|lowest_temperature|c|zuuu,957601,4181154,Chengdu,ZUUU,NOAA_NWS,2026-09-05,lowest_temperature,C,exact,22.0,22.0,22.0,22°C,0.0005,0.9995,,0.001,,185.749964,4896.43339,True,True,0x903a728d1800a5e99f38e0ff6d7229f5a22fd71875365dd77eaf9333165be2d1
2026-09-05T01:26:41.810488+00:00,chengdu|2026_09_05|lowest_temperature|c|zuuu,957601,4181155,Chengdu,ZUUU,NOAA_NWS,2026-09-05,lowest_temperature,C,exact,23.0,23.0,23.0,23°C,0.0005,0.9995,,0.001,,1719.93965,5131.47068,True,True,0x9eae551db0ab1eba2d11b9df5d6364c8177b439726d79b6e9ca498518a5dfd9c
2026-09-05T01:26:41.810594+00:00,chengdu|2026_09_05|lowest_temperature|c|zuuu,957601,4181156,Chengdu,ZUUU,NOAA_NWS,2026-09-05,lowest_temperature,C,exact,24.0,24.0,24.0,24°C,0.001,0.999,,0.002,,2922.5,4887.05066,True,True,0x58d5711ccbd51ac16b3bedd0d8f0be7dc79af2812107c7b2e734934442097316
2026-09-05T01:26:41.810697+00:00,chengdu|2026_09_05|lowest_temperature|c|zuuu,957601,4181157,Chengdu,ZUUU,NOAA_NWS,2026-09-05,lowest_temperature,C,exact,25.0,25.0,25.0,25°C,0.0005,0.9995,,0.001,,45.0,6841.2547,True,True,0xa0597e0d99522508acf667d1af99167b704c425438b6bb2e3c6d7b8f5161d073
2026-09-05T01:26:41.810801+00:00,chengdu|2026_09_05|lowest_temperature|c|zuuu,957601,4181158,Chengdu,ZUUU,NOAA_NWS,2026-09-05,lowest_temperature,C,exact,26.0,26.0,26.0,26°C,0.0005,0.9995,,0.001,,40.0,6331.2352,True,True,0xbad8148498e2dd7d1419aaa9deaa0f4f05c4af40893fb2ea5fd7dbcd3211e861
2026-09-05T01:26:41.810905+00:00,chengdu|2026_09_05|lowest_temperature|c|zuuu,957601,4181159,Chengdu,ZUUU,NOAA_NWS,2026-09-05,lowest_temperature,C,exact,27.0,27.0,27.0,27°C,0.0005,0.9995,,0.001,,45.0,5936.4383,True,True,0x801d2ecda4f0ac9dbe0ddea9a2031ef78a81afb5e17cfaaf19e408e662afc7e3
2026-09-05T01:26:41.811008+00:00,chengdu|2026_09_05|lowest_temperature|c|zuuu,957601,4181160,Chengdu,ZUUU,NOAA_NWS,2026-09-05,lowest_temperature,C,or_higher,28.0,28.0,,28°C or higher,0.0005,0.9995,,0.001,,1038.3112499999997,6219.53968,True,True,0x34f52e8148f4d8db31b7523f90eed1781e2fcc54e0d6f476b62f1d91cf98d392
2026-09-05T01:26:41.811117+00:00,shenzhen|2026_09_05|lowest_temperature|c|zgsz,957602,4181161,Shenzhen,ZGSZ,NOAA_NWS,2026-09-05,lowest_temperature,C,or_lower,21.0,,21.0,21°C or below,0.225,0.775,,0.45,,21.992,51.1165,True,True,0x65f3823da83c4fcc192e6bf74f2ee1133c498026846799c7a8a4180b29216c5d
2026-09-05T01:26:41.811226+00:00,shenzhen|2026_09_05|lowest_temperature|c|zgsz,957602,4181162,Shenzhen,ZGSZ,NOAA_NWS,2026-09-05,lowest_temperature,C,exact,22.0,22.0,22.0,22°C,0.44,0.56,,0.88,,11.99,13.4186,True,True,0xbbbfb7b317c27b9eca05cea5bad0e304489a38aaee342fc174c46088a8e291cb
2026-09-05T01:26:41.811331+00:00,shenzhen|2026_09_05|lowest_temperature|c|zgsz,957602,4181163,Shenzhen,ZGSZ,NOAA_NWS,2026-09-05,lowest_temperature,C,exact,23.0,23.0,23.0,23°C,0.435,0.565,,0.87,,11.99,48.0286,True,True,0xcb241af30018d5106c3feb8a16cbcca2b109e9b322a8082159653b4eeafd2853
2026-09-05T01:26:41.811458+00:00,shenzhen|2026_09_05|lowest_temperature|c|zgsz,957602,4181164,Shenzhen,ZGSZ,NOAA_NWS,2026-09-05,lowest_temperature,C,exact,24.0,24.0,24.0,24°C,0.43,0.57,0.01,0.85,0.84,99.99262,53.0886,True,True,0xc1fa458cd9fa4ac4c922a56cd2b935632a73c2d816e2ae89f70a5711b1cdbfcd
2026-09-05T01:26:41.811565+00:00,shenzhen|2026_09_05|lowest_temperature|c|zgsz,957602,4181165,Shenzhen,ZGSZ,NOAA_NWS,2026-09-05,lowest_temperature,C,exact,25.0,25.0,25.0,25°C,0.44,0.56,0.01,0.87,0.86,94.0,28.7736,True,True,0x30bb61edeb5457afd73d1f8873899223eef77d65ba36e2e4d0a98222e1c85334
2026-09-05T01:26:41.811676+00:00,shenzhen|2026_09_05|lowest_temperature|c|zgsz,957602,4181166,Shenzhen,ZGSZ,NOAA_NWS,2026-09-05,lowest_temperature,C,exact,26.0,26.0,26.0,26°C,0.465,0.535,0.12,0.81,0.6900000000000001,40.213867,20.2789,True,True,0xdad1867642003acbebc05ef8de29e9b966d3094409c95113f263f7a50003bb0e
2026-09-05T01:26:41.811786+00:00,shenzhen|2026_09_05|lowest_temperature|c|zgsz,957602,4181167,Shenzhen,ZGSZ,NOAA_NWS,2026-09-05,lowest_temperature,C,exact,27.0,27.0,27.0,27°C,0.485,0.515,0.08,0.89,0.81,128.368397,14.0711,True,True,0xa7aed9007248bbc4c0fecc702a1cf1ade89f38a064ac1635f00eb0a78d9153e7
2026-09-05T01:26:41.811896+00:00,shenzhen|2026_09_05|lowest_temperature|c|zgsz,957602,4181168,Shenzhen,ZGSZ,NOAA_NWS,2026-09-05,lowest_temperature,C,exact,28.0,28.0,28.0,28°C,0.0005,0.9995,,0.001,,1091.0,6248.10878,True,True,0x0d973db181f141511810bfadfe5330e6f8d3a94b90ca2f6e4e783b963f70ecf0
2026-09-05T01:26:41.812004+00:00,shenzhen|2026_09_05|lowest_temperature|c|zgsz,957602,4181169,Shenzhen,ZGSZ,NOAA_NWS,2026-09-05,lowest_temperature,C,exact,29.0,29.0,29.0,29°C,0.0005,0.9995,,0.001,,1101.0,6456.3073,True,True,0x4373e088317a68ae1bd019aa6166f3d42dc03bd079fcfc6d8c13b9db1ed299df
2026-09-05T01:26:41.812113+00:00,shenzhen|2026_09_05|lowest_temperature|c|zgsz,957602,4181170,Shenzhen,ZGSZ,NOAA_NWS,2026-09-05,lowest_temperature,C,exact,30.0,30.0,30.0,30°C,0.0005,0.9995,,0.001,,591.0,6163.7178,True,True,0x98f15d5f3252a4a4b97a4feed0a4fd6d9ed065e126fa5e134f632e9e10b35a61
2026-09-05T01:26:41.812219+00:00,shenzhen|2026_09_05|lowest_temperature|c|zgsz,957602,4181171,Shenzhen,ZGSZ,NOAA_NWS,2026-09-05,lowest_temperature,C,or_higher,31.0,31.0,,31°C or higher,0.0005,0.9995,,0.001,,45.0,5946.9192,True,True,0xee6b3c88b2ae6256e40cc39b087d5cdfed2bb92d8494e37236d122e6f3df7868
2026-09-05T01:26:41.812328+00:00,moscow|2026_09_05|lowest_temperature|c|unknown,957603,4181172,Moscow,,,2026-09-05,lowest_temperature,C,or_lower,9.0,,9.0,9°C or below,0.455,0.545,0.01,0.9,0.89,,3.74,True,True,0xd9d36688ed6118841c634e998b7c3fa162aa829f92ba0f5e4aa52a2e44b00f04
2026-09-05T01:26:41.812459+00:00,moscow|2026_09_05|lowest_temperature|c|unknown,957603,4181173,Moscow,,,2026-09-05,lowest_temperature,C,exact,10.0,10.0,10.0,10°C,0.36,0.64,0.01,0.71,0.7,12.12765,37.1348,True,True,0xb20397d652c7c4595ea5876da3f1c5fb40a0094323c0918c7895ef0d4943c639
2026-09-05T01:26:41.812566+00:00,moscow|2026_09_05|lowest_temperature|c|unknown,957603,4181174,Moscow,,,2026-09-05,lowest_temperature,C,exact,11.0,11.0,11.0,11°C,0.375,0.625,0.03,0.72,0.69,,32.0548,True,True,0x9a5e92e355a792e467daba8d7dd2daf34300337b2f718deaf69f886e733c2183
2026-09-05T01:26:41.812667+00:00,moscow|2026_09_05|lowest_temperature|c|unknown,957603,4181175,Moscow,,,2026-09-05,lowest_temperature,C,exact,12.0,12.0,12.0,12°C,0.375,0.625,0.03,0.72,0.69,,30.1948,True,True,0xe03b90c8ca9fbde127087896fe26af5a4ad5ac651ee5e94b3cfe68e444a89e7a
2026-09-05T01:26:41.812768+00:00,moscow|2026_09_05|lowest_temperature|c|unknown,957603,4181176,Moscow,,,2026-09-05,lowest_temperature,C,exact,13.0,13.0,13.0,13°C,0.375,0.625,0.04,0.71,0.6699999999999999,2.0,33.4548,True,True,0x87f5ebc899402851596628bbc237f6eaebf9335894453b923bb09c4039408903
2026-09-05T01:26:41.812870+00:00,moscow|2026_09_05|lowest_temperature|c|unknown,957603,4181177,Moscow,,,2026-09-05,lowest_temperature,C,exact,14.0,14.0,14.0,14°C,0.0005,0.9995,,0.001,,64.0,4922.3429,True,True,0x7044b0b09db0888f6513a5f17f11c2536d2e88252241d9e8bbbb02cbc1f8217f
2026-09-05T01:26:41.812972+00:00,moscow|2026_09_05|lowest_temperature|c|unknown,957603,4181178,Moscow,,,2026-09-05,lowest_temperature,C,exact,15.0,15.0,15.0,15°C,0.0005,0.9995,,0.001,,35.0,2815.9758,True,True,0xbdd4245c31b4903baf4e4166f7c658bcd675d58a0062bd644724e879c52f95ff
2026-09-05T01:26:41.813077+00:00,moscow|2026_09_05|lowest_temperature|c|unknown,957603,4181179,Moscow,,,2026-09-05,lowest_temperature,C,exact,16.0,16.0,16.0,16°C,0.0005,0.9995,,0.001,,35.0,1506.7264,True,True,0xd7595eabf48746f61fa1421522df2cf2a0218282501174f587e23291efd5fc5b
2026-09-05T01:26:41.813178+00:00,moscow|2026_09_05|lowest_temperature|c|unknown,957603,4181180,Moscow,,,2026-09-05,lowest_temperature,C,exact,17.0,17.0,17.0,17°C,0.0005,0.9995,,0.001,,35.0,2418.3345,True,True,0x05b51f11226d20d71f8059191cb159a4c7e4177b33bfd4e6aded911f45eda5ea
2026-09-05T01:26:41.813278+00:00,moscow|2026_09_05|lowest_temperature|c|unknown,957603,4181181,Moscow,,,2026-09-05,lowest_temperature,C,exact,18.0,18.0,18.0,18°C,0.0005,0.9995,,0.001,,35.0,2420.3395,True,True,0xf37ac496c48c1816ec0c06b5ed5f789f499b4aa63e30aaf34c25f6a5dd283c79
2026-09-05T01:26:41.813396+00:00,moscow|2026_09_05|lowest_temperature|c|unknown,957603,4181182,Moscow,,,2026-09-05,lowest_temperature,C,or_higher,19.0,19.0,,19°C or higher,0.0005,0.9995,,0.001,,35.0,2395.6097,True,True,0xeedd504a27031b6cb7689e26d4a1a5fc0932bde51a905aaed38781e8c99b2541
2026-09-05T01:26:41.813515+00:00,istanbul|2026_09_05|lowest_temperature|c|unknown,957604,4181183,Istanbul,,,2026-09-05,lowest_temperature,C,or_lower,17.0,,17.0,17°C or below,0.44,0.56,0.01,0.87,0.86,,6.79,True,True,0xbe295f690115302da94093b2df9e868420ea65261d2039e08ae80ced09b9572f
2026-09-05T01:26:41.813623+00:00,istanbul|2026_09_05|lowest_temperature|c|unknown,957604,4181184,Istanbul,,,2026-09-05,lowest_temperature,C,exact,18.0,18.0,18.0,18°C,0.325,0.675,0.01,0.64,0.63,,43.51,True,True,0x84e3254703a9541a6f02c0a3f95ad16c61ddad79c6817cdc049a5013b84cfb36
2026-09-05T01:26:41.813727+00:00,istanbul|2026_09_05|lowest_temperature|c|unknown,957604,4181185,Istanbul,,,2026-09-05,lowest_temperature,C,exact,19.0,19.0,19.0,19°C,0.32,0.68,0.02,0.62,0.6,16.0,44.61,True,True,0xf1f198502580fa22433a1b28045b5ba997e9efb33bf44de65529f3078fa6d618
2026-09-05T01:26:41.813828+00:00,istanbul|2026_09_05|lowest_temperature|c|unknown,957604,4181186,Istanbul,,,2026-09-05,lowest_temperature,C,exact,20.0,20.0,20.0,20°C,0.33,0.67,0.03,0.63,0.6,,40.93,True,True,0xea1baad7347c41f5d1c4dabb17bfc6ac82874357e22ef7db3f3be6195b66fdd4
2026-09-05T01:26:41.813938+00:00,istanbul|2026_09_05|lowest_temperature|c|unknown,957604,4181187,Istanbul,,,2026-09-05,lowest_temperature,C,exact,21.0,21.0,21.0,21°C,0.375,0.625,0.09,0.66,0.5700000000000001,48.11164999999999,36.3801,True,True,0x999ef18b9556d1ab02d810daab33186a44c95da2815caf777e49e51bc6f7005c
2026-09-05T01:26:41.814041+00:00,istanbul|2026_09_05|lowest_temperature|c|unknown,957604,4181188,Istanbul,,,2026-09-05,lowest_temperature,C,exact,22.0,22.0,22.0,22°C,0.0005,0.9995,,0.001,,79.0,3689.14529,True,True,0xcea971e40d76f9994106d9501ebc07d9a56abe93914b50de3fb167ef29541bd1
2026-09-05T01:26:41.814142+00:00,istanbul|2026_09_05|lowest_temperature|c|unknown,957604,4181189,Istanbul,,,2026-09-05,lowest_temperature,C,exact,23.0,23.0,23.0,23°C,0.0005,0.9995,,0.001,,35.0,3697.09329,True,True,0x917577efb98f8df6eb7f248068c2a6eb6eca755971952a348a37ec56ce7ed1ff
2026-09-05T01:26:41.814244+00:00,istanbul|2026_09_05|lowest_temperature|c|unknown,957604,4181190,Istanbul,,,2026-09-05,lowest_temperature,C,exact,24.0,24.0,24.0,24°C,0.0005,0.9995,,0.001,,35.0,3021.2361,True,True,0xf6f066be1375b280796ac2850fb0b8c3fa524032e5fceec049cafa6b856c4772
2026-09-05T01:26:41.814345+00:00,istanbul|2026_09_05|lowest_temperature|c|unknown,957604,4181191,Istanbul,,,2026-09-05,lowest_temperature,C,exact,25.0,25.0,25.0,25°C,0.0005,0.9995,,0.001,,35.0,2802.0616,True,True,0x34fe20173fe023de509bc2d9244d275636f898829527d6fd254a1428e2640390
2026-09-05T01:26:41.814474+00:00,istanbul|2026_09_05|lowest_temperature|c|unknown,957604,4181192,Istanbul,,,2026-09-05,lowest_temperature,C,exact,26.0,26.0,26.0,26°C,0.0005,0.9995,,0.001,,35.0,2403.8797,True,True,0x5bed97a9e8e460ceef7a604a886c54ff2a4aab2cbbff7f9511fd0161660591f6
2026-09-05T01:26:41.814577+00:00,istanbul|2026_09_05|lowest_temperature|c|unknown,957604,4181193,Istanbul,,,2026-09-05,lowest_temperature,C,or_higher,27.0,27.0,,27°C or higher,0.0005,0.9995,,0.001,,40.0,2382.2265,True,True,0x978c62e74180ecb1342046f27d1f053773f1077945121c07db03bbaf237cc1a6
2026-09-05T01:26:41.814685+00:00,busan|2026_09_05|lowest_temperature|c|rkpk,957605,4181194,Busan,RKPK,NOAA_NWS,2026-09-05,lowest_temperature,C,or_lower,19.0,,19.0,19°C or below,0.305,0.695,0.01,0.6,0.59,10.101,58.7789,True,True,0xfb6ba22e7644fed4560b405e19a811d52cd881441b14461d37f883dea964585c
2026-09-05T01:26:41.814793+00:00,busan|2026_09_05|lowest_temperature|c|rkpk,957605,4181195,Busan,RKPK,NOAA_NWS,2026-09-05,lowest_temperature,C,exact,20.0,20.0,20.0,20°C,0.325,0.675,0.01,0.64,0.63,,66.3286,True,True,0xc14fa661811a8b61d644becea7d7ed52676ea51aef528b8197c37d3eb51772c1
2026-09-05T01:26:41.814898+00:00,busan|2026_09_05|lowest_temperature|c|rkpk,957605,4181196,Busan,RKPK,NOAA_NWS,2026-09-05,lowest_temperature,C,exact,21.0,21.0,21.0,21°C,0.33,0.67,0.01,0.65,0.64,,40.2086,True,True,0xd8b3a9e4c6ee09f8a7c0fda81cb8a5d454f930ebd0f91bf1e5d35f7e98a5cbbf
2026-09-05T01:26:41.815002+00:00,busan|2026_09_05|lowest_temperature|c|rkpk,957605,4181197,Busan,RKPK,NOAA_NWS,2026-09-05,lowest_temperature,C,exact,22.0,22.0,22.0,22°C,0.33,0.67,0.02,0.64,0.62,37.0,46.0886,True,True,0xc50cf4e333606bc5d9d80358a35d7e909f0ca5c26a8432b6d19871626621b3c7
2026-09-05T01:26:41.815106+00:00,busan|2026_09_05|lowest_temperature|c|rkpk,957605,4181198,Busan,RKPK,NOAA_NWS,2026-09-05,lowest_temperature,C,exact,23.0,23.0,23.0,23°C,0.655,0.345,0.34,0.97,0.6299999999999999,249.704614,40.9669,True,True,0x918cb48ec9e6f0d31e84ae3cacd9c0dd696188e548840e6b2161ae4d1acb8170
2026-09-05T01:26:41.815214+00:00,busan|2026_09_05|lowest_temperature|c|rkpk,957605,4181199,Busan,RKPK,NOAA_NWS,2026-09-05,lowest_temperature,C,exact,24.0,24.0,24.0,24°C,0.0005,0.9995,,0.001,,1257.827632,14445.67185,True,True,0xfd50af5d935c2cc7988294a9805f7ff7f3824cdc6bbecf95d435ce1ae543a6fe
2026-09-05T01:26:41.815319+00:00,busan|2026_09_05|lowest_temperature|c|rkpk,957605,4181200,Busan,RKPK,NOAA_NWS,2026-09-05,lowest_temperature,C,exact,25.0,25.0,25.0,25°C,0.0005,0.9995,,0.001,,50.0,15167.9797,True,True,0x682d2b291cec52a8996fd20c1021de90d5cac97676e44a0dd3415e06001ed8a7
2026-09-05T01:26:41.815446+00:00,busan|2026_09_05|lowest_temperature|c|rkpk,957605,4181201,Busan,RKPK,NOAA_NWS,2026-09-05,lowest_temperature,C,exact,26.0,26.0,26.0,26°C,0.0005,0.9995,,0.001,,50.0,14666.1752,True,True,0x28433c2db566323cd0d69366c9f1f6f2e8faef8e0ff55ae8d7337130354f0673
2026-09-05T01:26:41.815556+00:00,busan|2026_09_05|lowest_temperature|c|rkpk,957605,4181202,Busan,RKPK,NOAA_NWS,2026-09-05,lowest_temperature,C,exact,27.0,27.0,27.0,27°C,0.0005,0.9995,,0.001,,50.0,14241.8143,True,True,0x8fb7c84b0bc2288cf55f226fb5e8301b94057ca365ea4a23ca27ccb501b340c8
2026-09-05T01:26:41.815665+00:00,busan|2026_09_05|lowest_temperature|c|rkpk,957605,4181203,Busan,RKPK,NOAA_NWS,2026-09-05,lowest_temperature,C,exact,28.0,28.0,28.0,28°C,0.0005,0.9995,,0.001,,50.0,14239.8783,True,True,0x13c8b39bd1180225b1de737febc97f99a013ac0a09ffc41f26c9137909cd8f3a
2026-09-05T01:26:41.815768+00:00,busan|2026_09_05|lowest_temperature|c|rkpk,957605,4181204,Busan,RKPK,NOAA_NWS,2026-09-05,lowest_temperature,C,or_higher,29.0,29.0,,29°C or higher,0.0005,0.9995,,0.001,,50.0,14307.0497,True,True,0x07e67dd8e05d974cc2d271dc5789058b957e4809b4614f1a5792b525622aec94
2026-09-05T01:26:41.815877+00:00,amsterdam|2026_09_05|lowest_temperature|c|eham,957606,4181205,Amsterdam,EHAM,NOAA_NWS,2026-09-05,lowest_temperature,C,or_lower,10.0,,10.0,10°C or below,0.435,0.565,,0.87,,14.898548,1.42,True,True,0xbf422149825acc6a53ef37ea2cadd3d310a5b8477ce26d26b5c3d6f23a696a1c
2026-09-05T01:26:41.815987+00:00,amsterdam|2026_09_05|lowest_temperature|c|eham,957606,4181206,Amsterdam,EHAM,NOAA_NWS,2026-09-05,lowest_temperature,C,exact,11.0,11.0,11.0,11°C,0.025,0.975,,0.05,,12.0,82.496,True,True,0x8f7edab95545a88a56346f9df843fe82ef7f93853009c40889956d75c3e5a522
2026-09-05T01:26:41.816091+00:00,amsterdam|2026_09_05|lowest_temperature|c|eham,957606,4181207,Amsterdam,EHAM,NOAA_NWS,2026-09-05,lowest_temperature,C,exact,12.0,12.0,12.0,12°C,0.04,0.96,0.01,0.07,0.060000000000000005,81.083325,133.1267,True,True,0x618a3299d6d1f9d9fa2ce50a051ef4b9fcaf80bfc8f45e4f0f1cb406c484bdf0
2026-09-05T01:26:41.816197+00:00,amsterdam|2026_09_05|lowest_temperature|c|eham,957606,4181208,Amsterdam,EHAM,NOAA_NWS,2026-09-05,lowest_temperature,C,exact,13.0,13.0,13.0,13°C,0.265,0.735,0.03,0.5,0.47,,69.1761,True,True,0x8b3f696f89c6382f591a6ad9802ec12f50894939a5bdf1536aa97f7eace69c0d
2026-09-05T01:26:41.816301+00:00,amsterdam|2026_09_05|lowest_temperature|c|eham,957606,4181209,Amsterdam,EHAM,NOAA_NWS,2026-09-05,lowest_temperature,C,exact,14.0,14.0,14.0,14°C,0.28,0.72,0.06,0.5,0.44,,67.9061,True,True,0xaefc8704d14a15b380c4e80c41a92fb5b5a6a0b34ef0f0b84dfeaf4b9598d462
2026-09-05T01:26:41.816428+00:00,amsterdam|2026_09_05|lowest_temperature|c|eham,957606,4181210,Amsterdam,EHAM,NOAA_NWS,2026-09-05,lowest_temperature,C,exact,15.0,15.0,15.0,15°C,0.265,0.735,0.03,0.5,0.47,,67.1961,True,True,0xd25e6ceaaf325b77e3c6e2af05f363d4288a6dc4a675ca4ccb48dae34a1323d0
2026-09-05T01:26:41.816538+00:00,amsterdam|2026_09_05|lowest_temperature|c|eham,957606,4181211,Amsterdam,EHAM,NOAA_NWS,2026-09-05,lowest_temperature,C,exact,16.0,16.0,16.0,16°C,0.25,0.75,0.01,0.49,0.48,,66.5461,True,True,0x1e685b95f4ea6dfd4c63a25eb6bdf9d91e8f5a551686d65e104ad5d4361a8e93
2026-09-05T01:26:41.816647+00:00,amsterdam|2026_09_05|lowest_temperature|c|eham,957606,4181212,Amsterdam,EHAM,NOAA_NWS,2026-09-05,lowest_temperature,C,exact,17.0,17.0,17.0,17°C,0.08,0.92,0.01,0.15,0.13999999999999999,,72.1661,True,True,0x9e2a6a6b3df4859f3f183c1d901a79f0f69bdb8c590ff2ba6fe63a754e24ee4e
2026-09-05T01:26:41.816753+00:00,amsterdam|2026_09_05|lowest_temperature|c|eham,957606,4181213,Amsterdam,EHAM,NOAA_NWS,2026-09-05,lowest_temperature,C,exact,18.0,18.0,18.0,18°C,0.0005,0.9995,,0.001,,45.0,2741.2985,True,True,0x617be8f6a2abda78f6aa3144c1ea05e00d47c5bc80cc48787403e53b4c97f057
2026-09-05T01:26:41.816857+00:00,amsterdam|2026_09_05|lowest_temperature|c|eham,957606,4181214,Amsterdam,EHAM,NOAA_NWS,2026-09-05,lowest_temperature,C,exact,19.0,19.0,19.0,19°C,0.0005,0.9995,,0.001,,45.0,2313.8245,True,True,0xdcdcd81482f430b649cfdd6ae3709758fe20383792c45a782d4d1f1e4f41e569
2026-09-05T01:26:41.816965+00:00,amsterdam|2026_09_05|lowest_temperature|c|eham,957606,4181215,Amsterdam,EHAM,NOAA_NWS,2026-09-05,lowest_temperature,C,or_higher,20.0,20.0,,20°C or higher,0.0005,0.9995,,0.001,,45.0,2369.0187,True,True,0x8ea9ea4c73eb15b6a079aa3b9e807b0b091a0e4f75e613bab8509bd24b38a67f
2026-09-05T01:26:41.817080+00:00,helsinki|2026_09_05|lowest_temperature|c|efhk,957607,4181216,Helsinki,EFHK,NOAA_NWS,2026-09-05,lowest_temperature,C,or_lower,4.0,,4.0,4°C or below,0.0095,0.9905,0.009,0.01,0.0010000000000000009,30.0,57.66999,True,True,0x8504b3e2d908d9b1a4958fa2a0bc70fd30d1a9c161558cd283c1ea06b9683f88
2026-09-05T01:26:41.817188+00:00,helsinki|2026_09_05|lowest_temperature|c|efhk,957607,4181217,Helsinki,EFHK,NOAA_NWS,2026-09-05,lowest_temperature,C,exact,5.0,5.0,5.0,5°C,0.395,0.605,0.19,0.6,0.41,32.502253,44.986,True,True,0xa7c5bcc1e012c021de078cff021ae83f8b1a1ca8c6106c51e866f52c44c324a9
2026-09-05T01:26:41.817294+00:00,helsinki|2026_09_05|lowest_temperature|c|efhk,957607,4181218,Helsinki,EFHK,NOAA_NWS,2026-09-05,lowest_temperature,C,exact,6.0,6.0,6.0,6°C,0.465,0.535,0.21,0.72,0.51,123.321351,38.1979,True,True,0xeb278a39c47a988cc3e0faf25015b81470dfb196d7e1e5beb91247c02ec53e89
2026-09-05T01:26:41.817422+00:00,helsinki|2026_09_05|lowest_temperature|c|efhk,957607,4181219,Helsinki,EFHK,NOAA_NWS,2026-09-05,lowest_temperature,C,exact,7.0,7.0,7.0,7°C,0.0005,0.9995,,0.001,,274.0,5141.2324,True,True,0xd061c9913b61c15dc203527a2ffcf156d5294bcb37d245ea00d5bba5ddd4b99e
2026-09-05T01:26:41.817531+00:00,helsinki|2026_09_05|lowest_temperature|c|efhk,957607,4181220,Helsinki,EFHK,NOAA_NWS,2026-09-05,lowest_temperature,C,exact,8.0,8.0,8.0,8°C,0.0005,0.9995,,0.001,,178.0,4916.8324,True,True,0x1781213b3f43ff4711cf1a1c253bd9a5c6a36c3592d185f338550c931de9ba69
2026-09-05T01:26:41.817636+00:00,helsinki|2026_09_05|lowest_temperature|c|efhk,957607,4181221,Helsinki,EFHK,NOAA_NWS,2026-09-05,lowest_temperature,C,exact,9.0,9.0,9.0,9°C,0.0005,0.9995,,0.001,,272.89165,5800.58292,True,True,0xaf85bcffc4bf776a3d230cb3edddfaac3666954afdf533084fe0a910df7ede4b
2026-09-05T01:26:41.817739+00:00,helsinki|2026_09_05|lowest_temperature|c|efhk,957607,4181222,Helsinki,EFHK,NOAA_NWS,2026-09-05,lowest_temperature,C,exact,10.0,10.0,10.0,10°C,0.0005,0.9995,,0.001,,85.0,4860.1544,True,True,0x6e4cd13be3050fb5383325a29facfdad473c2d7adb5000d4df5c020af426378e
2026-09-05T01:26:41.817843+00:00,helsinki|2026_09_05|lowest_temperature|c|efhk,957607,4181223,Helsinki,EFHK,NOAA_NWS,2026-09-05,lowest_temperature,C,exact,11.0,11.0,11.0,11°C,0.0005,0.9995,,0.001,,20.0,4876.1154,True,True,0x9122ec7b0a35cb88c7c85c3e257a298d9c72eb9863a70fefd63d4ae9107a21fa
2026-09-05T01:26:41.817947+00:00,helsinki|2026_09_05|lowest_temperature|c|efhk,957607,4181224,Helsinki,EFHK,NOAA_NWS,2026-09-05,lowest_temperature,C,exact,12.0,12.0,12.0,12°C,0.0005,0.9995,,0.001,,35.0,4465.2835,True,True,0x1575682e4ec75dd525761eee388473653875bab37a3f749b37b040fb417dc67b
2026-09-05T01:26:41.818051+00:00,helsinki|2026_09_05|lowest_temperature|c|efhk,957607,4181225,Helsinki,EFHK,NOAA_NWS,2026-09-05,lowest_temperature,C,exact,13.0,13.0,13.0,13°C,0.0005,0.9995,,0.001,,20.0,4483.2835,True,True,0x247c94ee031b1617a30596669b6d73059b5c2fbe86e609e575605394e440b555
2026-09-05T01:26:41.818155+00:00,helsinki|2026_09_05|lowest_temperature|c|efhk,957607,4181226,Helsinki,EFHK,NOAA_NWS,2026-09-05,lowest_temperature,C,or_higher,14.0,14.0,,14°C or higher,0.0005,0.9995,,0.001,,50.0,4322.8097,True,True,0xdf83094acd15240b83cd42bd066ed353c63c14aa2a3b3bc5ee543b231ad40d8a
2026-09-05T01:26:41.818264+00:00,kuala_lumpur|2026_09_05|lowest_temperature|c|wmkk,957608,4181227,Kuala Lumpur,WMKK,NOAA_NWS,2026-09-05,lowest_temperature,C,or_lower,20.0,,20.0,20°C or below,0.23,0.77,,0.46,,21.992,46.4782,True,True,0x368bc4dcf054f1d13cffdcb7158390cc3cf34a13a7f49a34cb458d36a8bded7c
2026-09-05T01:26:41.818394+00:00,kuala_lumpur|2026_09_05|lowest_temperature|c|wmkk,957608,4181228,Kuala Lumpur,WMKK,NOAA_NWS,2026-09-05,lowest_temperature,C,exact,21.0,21.0,21.0,21°C,0.01,0.99,0.001,0.019,0.018,,152.5146,True,True,0x139464a71d58be630563da46d104461746d19b9e6411f492c1cfbfcf7b4f985c
2026-09-05T01:26:41.818509+00:00,kuala_lumpur|2026_09_05|lowest_temperature|c|wmkk,957608,4181229,Kuala Lumpur,WMKK,NOAA_NWS,2026-09-05,lowest_temperature,C,exact,22.0,22.0,22.0,22°C,0.01,0.99,,0.02,,22.0,110.7086,True,True,0x2f3a62c2645b3f573849c66800f1cd28968d85e67a089cfa8bb4fc594e201f73
2026-09-05T01:26:41.818617+00:00,kuala_lumpur|2026_09_05|lowest_temperature|c|wmkk,957608,4181230,Kuala Lumpur,WMKK,NOAA_NWS,2026-09-05,lowest_temperature,C,exact,23.0,23.0,23.0,23°C,0.02,0.98,0.01,0.03,0.019999999999999997,,110.4086,True,True,0xf2cc359d5371c3082ddc237664f3a82a01b89ea53769dde2dadd9d1911109ce1
2026-09-05T01:26:41.818733+00:00,kuala_lumpur|2026_09_05|lowest_temperature|c|wmkk,957608,4181231,Kuala Lumpur,WMKK,NOAA_NWS,2026-09-05,lowest_temperature,C,exact,24.0,24.0,24.0,24°C,0.45,0.55,0.02,0.88,0.86,16.0,25.7886,True,True,0x3c1ca436bca0c90db8d3c622e92101ebd1af37eb195316a95a55e66ce2acf4e6
2026-09-05T01:26:41.818843+00:00,kuala_lumpur|2026_09_05|lowest_temperature|c|wmkk,957608,4181232,Kuala Lumpur,WMKK,NOAA_NWS,2026-09-05,lowest_temperature,C,exact,25.0,25.0,25.0,25°C,0.435,0.565,0.04,0.83,0.7899999999999999,,23.9186,True,True,0x3dad0a83c40a64ef2d167f26d1a2e07787e9c2a4c2544be1e2b9a3787a9876bd
2026-09-05T01:26:41.818950+00:00,kuala_lumpur|2026_09_05|lowest_temperature|c|wmkk,957608,4181233,Kuala Lumpur,WMKK,NOAA_NWS,2026-09-05,lowest_temperature,C,exact,26.0,26.0,26.0,26°C,0.47,0.53,0.09,0.85,0.76,6.830572,28.3929,True,True,0xbe88ef7b5e4dc0b40048d3bca9f3bd62e6b2fc6e7482d82ccef440b051366402
2026-09-05T01:26:41.819059+00:00,kuala_lumpur|2026_09_05|lowest_temperature|c|wmkk,957608,4181234,Kuala Lumpur,WMKK,NOAA_NWS,2026-09-05,lowest_temperature,C,exact,27.0,27.0,27.0,27°C,0.0005,0.9995,,0.001,,20.0,5014.7947,True,True,0xde4ebaaeeed7a7db83211e411ee0ad9a6e97a95d8499468b4a24fb004f621701
2026-09-05T01:26:41.819172+00:00,kuala_lumpur|2026_09_05|lowest_temperature|c|wmkk,957608,4181235,Kuala Lumpur,WMKK,NOAA_NWS,2026-09-05,lowest_temperature,C,exact,28.0,28.0,28.0,28°C,0.0005,0.9995,,0.001,,45.0,4657.3352,True,True,0x2666156b912a367bc65f1ff6e11380ee6c5cc1cf67e46ae99f03a5f2cd60166e
2026-09-05T01:26:41.819286+00:00,kuala_lumpur|2026_09_05|lowest_temperature|c|wmkk,957608,4181236,Kuala Lumpur,WMKK,NOAA_NWS,2026-09-05,lowest_temperature,C,exact,29.0,29.0,29.0,29°C,0.0005,0.9995,,0.001,,40.0,4649.2812,True,True,0x7520a1bea1d15b58e49894610b17faa986a5775f9cd0e712b6543a28367de13f
2026-09-05T01:26:41.819413+00:00,kuala_lumpur|2026_09_05|lowest_temperature|c|wmkk,957608,4181237,Kuala Lumpur,WMKK,NOAA_NWS,2026-09-05,lowest_temperature,C,or_higher,30.0,30.0,,30°C or higher,0.0005,0.9995,,0.001,,40.0,4239.2037,True,True,0x5c921f5fbdc294f437cd3e1274c50e583003773c5da00817246b116c6b489119
2026-09-05T01:26:41.819535+00:00,jeddah|2026_09_05|lowest_temperature|c|oejn,957609,4181238,Jeddah,OEJN,NOAA_NWS,2026-09-05,lowest_temperature,C,or_lower,25.0,,25.0,25°C or below,0.42,0.58,,0.84,,12.0,6.72,True,True,0x070201833a3d4838ee0cd57c2742d35aee5c660b326443d3f41dfa839ffdcb22
2026-09-05T01:26:41.819647+00:00,jeddah|2026_09_05|lowest_temperature|c|oejn,957609,4181239,Jeddah,OEJN,NOAA_NWS,2026-09-05,lowest_temperature,C,exact,26.0,26.0,26.0,26°C,0.37,0.63,,0.74,,12.0,25.9156,True,True,0x9162c150dcf186cc3ac452ce2631cced5960d572ee621245527c40dd49532a5a
2026-09-05T01:26:41.819752+00:00,jeddah|2026_09_05|lowest_temperature|c|oejn,957609,4181240,Jeddah,OEJN,NOAA_NWS,2026-09-05,lowest_temperature,C,exact,27.0,27.0,27.0,27°C,0.37,0.63,,0.74,,,25.6156,True,True,0xb87e9ee3cea86f686b199f63b93cc1e609b4427b9e3fd99459f549d507a468dd
2026-09-05T01:26:41.819856+00:00,jeddah|2026_09_05|lowest_temperature|c|oejn,957609,4181241,Jeddah,OEJN,NOAA_NWS,2026-09-05,lowest_temperature,C,exact,28.0,28.0,28.0,28°C,0.02,0.98,0.01,0.03,0.019999999999999997,68.0,94.3856,True,True,0x972f83a4886e83ab0c718d7a91c837398a61e61b0d9eb498317a352eb329cf9f
2026-09-05T01:26:41.819961+00:00,jeddah|2026_09_05|lowest_temperature|c|oejn,957609,4181242,Jeddah,OEJN,NOAA_NWS,2026-09-05,lowest_temperature,C,exact,29.0,29.0,29.0,29°C,0.36,0.64,0.03,0.69,0.6599999999999999,5.154633,33.7308,True,True,0xf9f499e8f20a094994b559e9b68bc848fd64bb2d447b402ab48c1d1c979b59ef
2026-09-05T01:26:41.820071+00:00,jeddah|2026_09_05|lowest_temperature|c|oejn,957609,4181243,Jeddah,OEJN,NOAA_NWS,2026-09-05,lowest_temperature,C,exact,30.0,30.0,30.0,30°C,0.435,0.565,0.13,0.74,0.61,,32.8068,True,True,0x9ff2f28901b9c51ae66ef91008359a002f150479b395e18cabad0763b3abd8e3
2026-09-05T01:26:41.820177+00:00,jeddah|2026_09_05|lowest_temperature|c|oejn,957609,4181244,Jeddah,OEJN,NOAA_NWS,2026-09-05,lowest_temperature,C,exact,31.0,31.0,31.0,31°C,0.355,0.645,0.04,0.67,0.63,5.208325,35.1152,True,True,0x6a1a48f82e5bad0ce8cd8daa94f1416271ad7f4e697402541e5fff0f8a161bfd
2026-09-05T01:26:41.820281+00:00,jeddah|2026_09_05|lowest_temperature|c|oejn,957609,4181245,Jeddah,OEJN,NOAA_NWS,2026-09-05,lowest_temperature,C,exact,32.0,32.0,32.0,32°C,0.0005,0.9995,,0.001,,75.0,5407.3352,True,True,0xd5adeba9da59be7c516e81eebe107bc0c708839e0bf2dacfd4985ad54b2553b2
2026-09-05T01:26:41.820410+00:00,jeddah|2026_09_05|lowest_temperature|c|oejn,957609,4181246,Jeddah,OEJN,NOAA_NWS,2026-09-05,lowest_temperature,C,exact,33.0,33.0,33.0,33°C,0.0005,0.9995,,0.001,,35.0,4663.9667,True,True,0x4e91dd1cc4d219f7cf017fb6702f421273d36a658320a8b4dbde69a2ee70d163
2026-09-05T01:26:41.820521+00:00,jeddah|2026_09_05|lowest_temperature|c|oejn,957609,4181247,Jeddah,OEJN,NOAA_NWS,2026-09-05,lowest_temperature,C,exact,34.0,34.0,34.0,34°C,0.0005,0.9995,,0.001,,35.0,3667.6717,True,True,0x8220f254d15a23f6fd99de282a0a8b1713afbec0d7a73843861e813565a81779
2026-09-05T01:26:41.820626+00:00,jeddah|2026_09_05|lowest_temperature|c|oejn,957609,4181248,Jeddah,OEJN,NOAA_NWS,2026-09-05,lowest_temperature,C,or_higher,35.0,35.0,,35°C or higher,0.0005,0.9995,,0.001,,35.0,3245.2842,True,True,0xe0536196566db33d30430083eb56835ee6acb7ae16624fb69ab99ca39f541086
2026-09-05T01:26:41.820735+00:00,cape_town|2026_09_05|lowest_temperature|c|fact,957610,4181249,Cape Town,FACT,NOAA_NWS,2026-09-05,lowest_temperature,C,or_lower,9.0,,9.0,9°C or below,0.635,0.365,0.3,0.97,0.6699999999999999,8.0,17.07,True,True,0x1d68ad1cd16ce8cdbae611b3f4f71feb4d20be218656e3c86e0b0ff5ab1d23f2
2026-09-05T01:26:41.820886+00:00,cape_town|2026_09_05|lowest_temperature|c|fact,957610,4181250,Cape Town,FACT,NOAA_NWS,2026-09-05,lowest_temperature,C,exact,10.0,10.0,10.0,10°C,0.27,0.73,0.04,0.5,0.46,19.98975,63.8175,True,True,0x967d8f61250f9c1b04e29712a6da80beba5ff8b2672dae17ed6981a9ec22d9f8
2026-09-05T01:26:41.821048+00:00,cape_town|2026_09_05|lowest_temperature|c|fact,957610,4181251,Cape Town,FACT,NOAA_NWS,2026-09-05,lowest_temperature,C,exact,11.0,11.0,11.0,11°C,0.0005,0.9995,,0.001,,227.0,3666.13809,True,True,0x05fb3ebe67adac4bddc6e92b07c241bde89e96598fdf2ddb83c0d2b0fdcb1d9d
2026-09-05T01:26:41.821182+00:00,cape_town|2026_09_05|lowest_temperature|c|fact,957610,4181252,Cape Town,FACT,NOAA_NWS,2026-09-05,lowest_temperature,C,exact,12.0,12.0,12.0,12°C,0.0005,0.9995,,0.001,,224.0,3738.63559,True,True,0x94d27f00af79bf04c0981df8161c04feaa8f51044a7cacdcc3e7c54ed5d47232
2026-09-05T01:26:41.821291+00:00,cape_town|2026_09_05|lowest_temperature|c|fact,957610,4181253,Cape Town,FACT,NOAA_NWS,2026-09-05,lowest_temperature,C,exact,13.0,13.0,13.0,13°C,0.0005,0.9995,,0.001,,217.009666,3351.74259,True,True,0x3d9779094ff4b1f61cde813ea2b3116076057231844fcd0d6aeb4613325371ea
2026-09-05T01:26:41.821420+00:00,cape_town|2026_09_05|lowest_temperature|c|fact,957610,4181254,Cape Town,FACT,NOAA_NWS,2026-09-05,lowest_temperature,C,exact,14.0,14.0,14.0,14°C,0.0005,0.9995,,0.001,,200.00975,2901.3801,True,True,0x7230f7b3db51fa3a4edadc7f5e5c34d3313bcb095ce26dfa8967b74326c24489
2026-09-05T01:26:41.821530+00:00,cape_town|2026_09_05|lowest_temperature|c|fact,957610,4181255,Cape Town,FACT,NOAA_NWS,2026-09-05,lowest_temperature,C,exact,15.0,15.0,15.0,15°C,0.0005,0.9995,,0.001,,65.956512,1909.8254,True,True,0xe5808da003ad12ddb760beebbbec089070000af23c4fffa82fe6a753884743c9
2026-09-05T01:26:41.821640+00:00,cape_town|2026_09_05|lowest_temperature|c|fact,957610,4181256,Cape Town,FACT,NOAA_NWS,2026-09-05,lowest_temperature,C,exact,16.0,16.0,16.0,16°C,0.0005,0.9995,,0.001,,35.0,1977.9613,True,True,0x25420bec5c0c6d0e6bc6402a5879c2678c0724861fa781286d98c49e8dcf03e8
2026-09-05T01:26:41.821749+00:00,cape_town|2026_09_05|lowest_temperature|c|fact,957610,4181257,Cape Town,FACT,NOAA_NWS,2026-09-05,lowest_temperature,C,exact,17.0,17.0,17.0,17°C,0.0005,0.9995,,0.001,,35.0,2133.842,True,True,0xaa3ff0df592d637bbd822347d6e4de124c84c3205bf47d8fbc27e4bd64cd23b9
2026-09-05T01:26:41.821854+00:00,cape_town|2026_09_05|lowest_temperature|c|fact,957610,4181258,Cape Town,FACT,NOAA_NWS,2026-09-05,lowest_temperature,C,exact,18.0,18.0,18.0,18°C,0.0005,0.9995,,0.001,,35.0,2124.6608,True,True,0xf7f9b22cc6c9fe57154998ff6bb435389744c913ec2b1c6e53462ae0c1e3ec70
2026-09-05T01:26:41.821959+00:00,cape_town|2026_09_05|lowest_temperature|c|fact,957610,4181259,Cape Town,FACT,NOAA_NWS,2026-09-05,lowest_temperature,C,or_higher,19.0,19.0,,19°C or higher,0.0005,0.9995,,0.001,,37.0,2222.5467,True,True,0x4f3d42044fb804ef3d0c8bac675479c7737ea076559571d48ff73db24dadb7f8
2026-09-05T01:26:41.822076+00:00,guangzhou|2026_09_05|lowest_temperature|c|zggg,957611,4181260,Guangzhou,ZGGG,NOAA_NWS,2026-09-05,lowest_temperature,C,or_lower,19.0,,19.0,19°C or below,0.475,0.525,,0.95,,12.0,6.32,True,True,0x6384a6c7edd96f429f7f7f7d36e27ef416b70637c04ba82a5823ec00406987e1
2026-09-05T01:26:41.822187+00:00,guangzhou|2026_09_05|lowest_temperature|c|zggg,957611,4181261,Guangzhou,ZGGG,NOAA_NWS,2026-09-05,lowest_temperature,C,exact,20.0,20.0,20.0,20°C,0.01,0.99,,0.02,,22.0,41.7186,True,True,0x3074fb55d6f40c998d83161d105c0152d615017192f09bc76f4c4ccc968a1274
2026-09-05T01:26:41.822297+00:00,guangzhou|2026_09_05|lowest_temperature|c|zggg,957611,4181262,Guangzhou,ZGGG,NOAA_NWS,2026-09-05,lowest_temperature,C,exact,21.0,21.0,21.0,21°C,0.01,0.99,,0.02,,22.0,51.0862,True,True,0xcf0eedb8088c5bb03b20862d1316a4c147f9b1da9d8047b4ff5dcb3addd0bf9e
2026-09-05T01:26:41.822422+00:00,guangzhou|2026_09_05|lowest_temperature|c|zggg,957611,4181263,Guangzhou,ZGGG,NOAA_NWS,2026-09-05,lowest_temperature,C,exact,22.0,22.0,22.0,22°C,0.025,0.975,,0.05,,90.98060000000001,69.2736,True,True,0x9f13ac3d8f55de32637127e45fba00ed4fc44b6ca49d946167dfc3a4621cc62d
2026-09-05T01:26:41.822530+00:00,guangzhou|2026_09_05|lowest_temperature|c|zggg,957611,4181264,Guangzhou,ZGGG,NOAA_NWS,2026-09-05,lowest_temperature,C,exact,23.0,23.0,23.0,23°C,0.44,0.56,,0.88,,96.98463299999999,49.0786,True,True,0x0147a1f2dcdb83cb14204e6aebb336871886fb607e33d06e453e75edee545926
2026-09-05T01:26:41.822635+00:00,guangzhou|2026_09_05|lowest_temperature|c|zggg,957611,4181265,Guangzhou,ZGGG,NOAA_NWS,2026-09-05,lowest_temperature,C,exact,24.0,24.0,24.0,24°C,0.44,0.56,0.01,0.87,0.86,79.0,20.8586,True,True,0x8feb7688dae8375c5f9ca3633506553a631dcb5de82587ad28e62a89b5410a31
2026-09-05T01:26:41.822740+00:00,guangzhou|2026_09_05|lowest_temperature|c|zggg,957611,4181266,Guangzhou,ZGGG,NOAA_NWS,2026-09-05,lowest_temperature,C,exact,25.0,25.0,25.0,25°C,0.43,0.57,0.03,0.83,0.7999999999999999,1.0309,16.2674,True,True,0xc78c9cc86568acd4eb1e0e3654840213c0b33439dbfa06f8598f0fec39a5e0e2
2026-09-05T01:26:41.822844+00:00,guangzhou|2026_09_05|lowest_temperature|c|zggg,957611,4181267,Guangzhou,ZGGG,NOAA_NWS,2026-09-05,lowest_temperature,C,exact,26.0,26.0,26.0,26°C,0.45,0.55,0.02,0.88,0.86,,14.0386,True,True,0x173e5ea8140802d261b5135a1c0074849d959aafe615e85dfa8096765b1363a0
2026-09-05T01:26:41.822953+00:00,guangzhou|2026_09_05|lowest_temperature|c|zggg,957611,4181268,Guangzhou,ZGGG,NOAA_NWS,2026-09-05,lowest_temperature,C,exact,27.0,27.0,27.0,27°C,0.0005,0.9995,,0.001,,1035.0,6288.88668,True,True,0x4fe3564276f468994570e4cd65107f222bbfff42dfc54041ff997e673f1ebeb8
2026-09-05T01:26:41.823059+00:00,guangzhou|2026_09_05|lowest_temperature|c|zggg,957611,4181269,Guangzhou,ZGGG,NOAA_NWS,2026-09-05,lowest_temperature,C,exact,28.0,28.0,28.0,28°C,0.0005,0.9995,,0.001,,50.0,7131.8507,True,True,0xf7dc963a69ee39c1bcc99e6f9514c1c2a819d28b9d1adcabff92bdb9d24c1abb
2026-09-05T01:26:41.823164+00:00,guangzhou|2026_09_05|lowest_temperature|c|zggg,957611,4181270,Guangzhou,ZGGG,NOAA_NWS,2026-09-05,lowest_temperature,C,or_higher,29.0,29.0,,29°C or higher,0.0005,0.9995,,0.001,,570.0,6337.9866,True,True,0x98588d3d12df89ef263c1cdc3c4636cd92fdbc82245b9880eb84fde1a4b32dae
2026-09-05T01:26:41.823275+00:00,qingdao|2026_09_05|lowest_temperature|c|zsqd,957612,4181271,Qingdao,ZSQD,NOAA_NWS,2026-09-05,lowest_temperature,C,or_lower,17.0,,17.0,17°C or below,0.155,0.845,0.01,0.3,0.29,1.6,40.404,True,True,0xadf833e6ddba464a75158f9dd4f73ceba37f74703888352b4da8d412c60d4fee
2026-09-05T01:26:41.823401+00:00,qingdao|2026_09_05|lowest_temperature|c|zsqd,957612,4181272,Qingdao,ZSQD,NOAA_NWS,2026-09-05,lowest_temperature,C,exact,18.0,18.0,18.0,18°C,0.42,0.58,0.01,0.83,0.82,85.7878,24.8187,True,True,0x9f4632a4d020ac7104c185aa1d76abdd819128a393f2697e4e33d37e80b2259b
2026-09-05T01:26:41.823512+00:00,qingdao|2026_09_05|lowest_temperature|c|zsqd,957612,4181273,Qingdao,ZSQD,NOAA_NWS,2026-09-05,lowest_temperature,C,exact,19.0,19.0,19.0,19°C,0.545,0.455,0.1,0.99,0.89,397.75165,28.2538,True,True,0xb8584851693f5a1d899c5d0aabe5aa78ced599b0a8941c0c5016271373b67541
2026-09-05T01:26:41.823617+00:00,qingdao|2026_09_05|lowest_temperature|c|zsqd,957612,4181274,Qingdao,ZSQD,NOAA_NWS,2026-09-05,lowest_temperature,C,exact,20.0,20.0,20.0,20°C,0.0005,0.9995,,0.001,,1204.98165,6709.53518,True,True,0x37110fa9b8d72e39476006ff517eb3603c0e419225d631e2a47ba70e8a40c4e3
2026-09-05T01:26:41.823727+00:00,qingdao|2026_09_05|lowest_temperature|c|zsqd,957612,4181275,Qingdao,ZSQD,NOAA_NWS,2026-09-05,lowest_temperature,C,exact,21.0,21.0,21.0,21°C,0.0005,0.9995,,0.001,,35.0,6655.8802,True,True,0xdc7b54ea641856f9ded1c18c971849a93b08dfaf03bde3a01679ce3f0b096695
2026-09-05T01:26:41.823839+00:00,qingdao|2026_09_05|lowest_temperature|c|zsqd,957612,4181276,Qingdao,ZSQD,NOAA_NWS,2026-09-05,lowest_temperature,C,exact,22.0,22.0,22.0,22°C,0.0005,0.9995,,0.001,,45.0,6932.0197,True,True,0x7c391fccf64177adfef7f4e31f5e5eb9da38944668dd4c07b37e873322f1f5c6
2026-09-05T01:26:41.823944+00:00,qingdao|2026_09_05|lowest_temperature|c|zsqd,957612,4181277,Qingdao,ZSQD,NOAA_NWS,2026-09-05,lowest_temperature,C,exact,23.0,23.0,23.0,23°C,0.0005,0.9995,,0.001,,50.0,6642.4112,True,True,0x2c0b381b457526ece97f9c907293c7b642373f6a75737ce88630c2c9d5a4d408
2026-09-05T01:26:41.824051+00:00,qingdao|2026_09_05|lowest_temperature|c|zsqd,957612,4181278,Qingdao,ZSQD,NOAA_NWS,2026-09-05,lowest_temperature,C,exact,24.0,24.0,24.0,24°C,0.0005,0.9995,,0.001,,50.0,6809.5502,True,True,0x1d4c19a04422abdec054412c3e8a3d380b6802d87baf79b6e457d8547ccfb5b4
2026-09-05T01:26:41.824157+00:00,qingdao|2026_09_05|lowest_temperature|c|zsqd,957612,4181279,Qingdao,ZSQD,NOAA_NWS,2026-09-05,lowest_temperature,C,exact,25.0,25.0,25.0,25°C,0.0005,0.9995,,0.001,,50.0,6489.1933,True,True,0x5a9b8eca72a3e4cfb1a0918903a5cfece6aab249a12d18ce99d2e878a461e00a
2026-09-05T01:26:41.824261+00:00,qingdao|2026_09_05|lowest_temperature|c|zsqd,957612,4181280,Qingdao,ZSQD,NOAA_NWS,2026-09-05,lowest_temperature,C,exact,26.0,26.0,26.0,26°C,0.0005,0.9995,,0.001,,50.0,6408.3033,True,True,0x33c4a2669adccb98fe5a8b50c7032d3ed629eeeb59a0c6d7e51df98a5f2ea277
2026-09-05T01:26:41.824380+00:00,qingdao|2026_09_05|lowest_temperature|c|zsqd,957612,4181281,Qingdao,ZSQD,NOAA_NWS,2026-09-05,lowest_temperature,C,or_higher,27.0,27.0,,27°C or higher,0.0005,0.9995,,0.001,,60.0,6399.0147,True,True,0xfbe158d92f09031b35f72bb142dc1a4157262f2a118a94f9ca05f1b5713f9405
2026-09-05T01:26:41.824497+00:00,karachi|2026_09_05|lowest_temperature|c|opkc,957613,4181282,Karachi,OPKC,NOAA_NWS,2026-09-05,lowest_temperature,C,or_lower,21.0,,21.0,21°C or below,0.27,0.73,,0.54,,12.0,30.32,True,True,0xb903f59c0428a64210d1f93733a7b0c59998a64440819266a3d8c03ebd5fbfc7
2026-09-05T01:26:41.824604+00:00,karachi|2026_09_05|lowest_temperature|c|opkc,957613,4181283,Karachi,OPKC,NOAA_NWS,2026-09-05,lowest_temperature,C,exact,22.0,22.0,22.0,22°C,0.045,0.955,,0.09,,12.0,89.172,True,True,0x8592f3144fb634b958c5b7a09efb94037927030a8a85a480f0e2a99d69ce0dc0
2026-09-05T01:26:41.824712+00:00,karachi|2026_09_05|lowest_temperature|c|opkc,957613,4181284,Karachi,OPKC,NOAA_NWS,2026-09-05,lowest_temperature,C,exact,23.0,23.0,23.0,23°C,0.25,0.75,,0.5,,22.0,41.0186,True,True,0x333b48f26c71844740138de3f54f91fa0cf29949b7e451ee83144149dbaca594
2026-09-05T01:26:41.824816+00:00,karachi|2026_09_05|lowest_temperature|c|opkc,957613,4181285,Karachi,OPKC,NOAA_NWS,2026-09-05,lowest_temperature,C,exact,24.0,24.0,24.0,24°C,0.25,0.75,,0.5,,12.0,41.4186,True,True,0x56d4988db045bc1934a2efbfbc27cc5e39f904bb9072a3aa8d8abe3102687788
2026-09-05T01:26:41.824919+00:00,karachi|2026_09_05|lowest_temperature|c|opkc,957613,4181286,Karachi,OPKC,NOAA_NWS,2026-09-05,lowest_temperature,C,exact,25.0,25.0,25.0,25°C,0.26,0.74,0.02,0.5,0.48,6.0,47.3586,True,True,0xf5440d572099246b95b581e9ed959fd42fd19bc59b5179395ae6db1a08dc5b92
2026-09-05T01:26:41.825022+00:00,karachi|2026_09_05|lowest_temperature|c|opkc,957613,4181287,Karachi,OPKC,NOAA_NWS,2026-09-05,lowest_temperature,C,exact,26.0,26.0,26.0,26°C,0.505,0.495,0.16,0.85,0.69,12.120000000000001,21.153,True,True,0x484927bdaf7a906831627b7d4c3fa18b56ff61fb239ddb56665369b6c748855e
2026-09-05T01:26:41.825128+00:00,karachi|2026_09_05|lowest_temperature|c|opkc,957613,4181288,Karachi,OPKC,NOAA_NWS,2026-09-05,lowest_temperature,C,exact,27.0,27.0,27.0,27°C,0.49,0.51,0.14,0.84,0.7,32.707228,24.5471,True,True,0x9a550d1dfb6964f4200f3766ddb1992c930b7eb42087c27fd886db0f44466af2
2026-09-05T01:26:41.825232+00:00,karachi|2026_09_05|lowest_temperature|c|opkc,957613,4181289,Karachi,OPKC,NOAA_NWS,2026-09-05,lowest_temperature,C,exact,28.0,28.0,28.0,28°C,0.0005,0.9995,,0.001,,25.0,4708.6107,True,True,0x6126b53676e31192e0fd606b84a9b9e08057a527b25cdcd563a93d28d9d0fb54
2026-09-05T01:26:41.825334+00:00,karachi|2026_09_05|lowest_temperature|c|opkc,957613,4181290,Karachi,OPKC,NOAA_NWS,2026-09-05,lowest_temperature,C,exact,29.0,29.0,29.0,29°C,0.0005,0.9995,,0.001,,40.0,4208.3852,True,True,0x5479b5d4630ee17adf1e1b0f7e1457f576aa208d78351ca7f966a0508faebc6d
2026-09-05T01:26:41.825465+00:00,karachi|2026_09_05|lowest_temperature|c|opkc,957613,4181291,Karachi,OPKC,NOAA_NWS,2026-09-05,lowest_temperature,C,exact,30.0,30.0,30.0,30°C,0.0005,0.9995,,0.001,,40.0,4012.6533,True,True,0xe84e1434b5336551be9c5e5193912e75750436a7f0000c851c7844a25bac79dc
2026-09-05T01:26:41.825570+00:00,karachi|2026_09_05|lowest_temperature|c|opkc,957613,4181292,Karachi,OPKC,NOAA_NWS,2026-09-05,lowest_temperature,C,or_higher,31.0,31.0,,31°C or higher,0.0005,0.9995,,0.001,,40.0,2961.8547,True,True,0x356301132167586df74b01e4c4b9488167d3eee51971aab094be31a6c25d7fc7
2026-09-05T01:26:41.825679+00:00,manila|2026_09_05|lowest_temperature|c|rpll,957614,4181293,Manila,RPLL,NOAA_NWS,2026-09-05,lowest_temperature,C,or_lower,21.0,,21.0,21°C or below,0.445,0.555,,0.89,,11.991000000000001,45.37,True,True,0xcea7bb90dba889eae76ed098cb805ae142bab59d07279b4ce9f8c2880551bfd0
2026-09-05T01:26:41.825791+00:00,manila|2026_09_05|lowest_temperature|c|rpll,957614,4181294,Manila,RPLL,NOAA_NWS,2026-09-05,lowest_temperature,C,exact,22.0,22.0,22.0,22°C,0.44,0.56,,0.88,,12.0,46.7386,True,True,0xb0481157715cda73fd5fa80641d5db3320bb56813a9f7a9f79663cee63df5695
2026-09-05T01:26:41.825899+00:00,manila|2026_09_05|lowest_temperature|c|rpll,957614,4181295,Manila,RPLL,NOAA_NWS,2026-09-05,lowest_temperature,C,exact,23.0,23.0,23.0,23°C,0.44,0.56,0.01,0.87,0.86,,50.3086,True,True,0x6d17bc597e46bcaf251199192e0d0329fa8c9a2126a1a4f6c2419707737df590
2026-09-05T01:26:41.826004+00:00,manila|2026_09_05|lowest_temperature|c|rpll,957614,4181296,Manila,RPLL,NOAA_NWS,2026-09-05,lowest_temperature,C,exact,24.0,24.0,24.0,24°C,0.255,0.745,0.03,0.48,0.44999999999999996,,27.8386,True,True,0xbe0b65fc5fb2ac5246f1dfa8d89238e8d1662bd7d5c0edd3df752b8906ba7c69
2026-09-05T01:26:41.826108+00:00,manila|2026_09_05|lowest_temperature|c|rpll,957614,4181297,Manila,RPLL,NOAA_NWS,2026-09-05,lowest_temperature,C,exact,25.0,25.0,25.0,25°C,0.505,0.495,0.13,0.88,0.75,15.996664,16.4744,True,True,0xc11d37eea47050a2960285229547f325c406df8c6d5b5e5e53fa9221a1899fcc
2026-09-05T01:26:41.826213+00:00,manila|2026_09_05|lowest_temperature|c|rpll,957614,4181298,Manila,RPLL,NOAA_NWS,2026-09-05,lowest_temperature,C,exact,26.0,26.0,26.0,26°C,0.0005,0.9995,,0.001,,288.91051400000003,14738.7937,True,True,0x4ed8eb37e9b09dbe3b26c3006a258e30ea240f84ac7733ed7b4264f5a6bcbdcf
2026-09-05T01:26:41.826317+00:00,manila|2026_09_05|lowest_temperature|c|rpll,957614,4181299,Manila,RPLL,NOAA_NWS,2026-09-05,lowest_temperature,C,exact,27.0,27.0,27.0,27°C,0.0005,0.9995,,0.001,,141.3761,14249.3627,True,True,0x42568fa00323f7942c8130ef05e881552f029bce9503405c9ed6a2c06b99f919
2026-09-05T01:26:41.826440+00:00,manila|2026_09_05|lowest_temperature|c|rpll,957614,4181300,Manila,RPLL,NOAA_NWS,2026-09-05,lowest_temperature,C,exact,28.0,28.0,28.0,28°C,0.0005,0.9995,,0.001,,40.0,13806.1443,True,True,0xbfd17fb96ea10335a7ae98003afe1256afdce001e30c676f82c1c22a9fcc7422
2026-09-05T01:26:41.826554+00:00,manila|2026_09_05|lowest_temperature|c|rpll,957614,4181301,Manila,RPLL,NOAA_NWS,2026-09-05,lowest_temperature,C,exact,29.0,29.0,29.0,29°C,0.0005,0.9995,,0.001,,40.0,14039.9893,True,True,0x4c84abfaba52947aef6cff74416c90a9b96fc8287423ec2a9765e9f900fc5a96
2026-09-05T01:26:41.826657+00:00,manila|2026_09_05|lowest_temperature|c|rpll,957614,4181302,Manila,RPLL,NOAA_NWS,2026-09-05,lowest_temperature,C,exact,30.0,30.0,30.0,30°C,0.0005,0.9995,,0.001,,40.0,13967.4033,True,True,0x093b99cc2d6223c67c42f87ca1c63485bf58e2575055072238d2b4f84b75bfa6
2026-09-05T01:26:41.826760+00:00,manila|2026_09_05|lowest_temperature|c|rpll,957614,4181303,Manila,RPLL,NOAA_NWS,2026-09-05,lowest_temperature,C,or_higher,31.0,31.0,,31°C or higher,0.0005,0.9995,,0.001,,40.0,14038.4047,True,True,0x602676ce6566787d2282b982e3fb482727519d0a696ce38d51c23c79c58ca8b4
2026-09-05T01:26:41.826868+00:00,london|2026_09_05|highest_temperature|c|eglc,957681,4182038,London,EGLC,NOAA_NWS,2026-09-05,highest_temperature,C,or_lower,18.0,,18.0,18°C or below,0.0005,0.9995,,0.001,,653.073154,2237.9624,True,True,0xdb4463fa135a95728f2257ac0d2f438c878c7049cc9bea8dc2caac035cc67f54
2026-09-05T01:26:41.826980+00:00,london|2026_09_05|highest_temperature|c|eglc,957681,4182039,London,EGLC,NOAA_NWS,2026-09-05,highest_temperature,C,exact,19.0,19.0,19.0,19°C,0.0005,0.9995,,0.001,,,1637.57611,True,True,0x3875b818f10044631598ab9dbab7a04cd26e38d6f881091c018d74631d8d0484
2026-09-05T01:26:41.827090+00:00,london|2026_09_05|highest_temperature|c|eglc,957681,4182040,London,EGLC,NOAA_NWS,2026-09-05,highest_temperature,C,exact,20.0,20.0,20.0,20°C,0.007,0.993,0.002,0.012,0.01,1299.843046,1209.73825,True,True,0x2afd1f91218b6f233b3c247bc091cd4e694a79c7200e9f8a4a310b809464619d
2026-09-05T01:26:41.827197+00:00,london|2026_09_05|highest_temperature|c|eglc,957681,4182041,London,EGLC,NOAA_NWS,2026-09-05,highest_temperature,C,exact,21.0,21.0,21.0,21°C,0.065,0.935,0.06,0.07,0.010000000000000009,2943.4097409999995,1420.4037,True,True,0xc2e49cea3b644afa575b34385db5c179b009475d5db75d630e169551a09e0190
2026-09-05T01:26:41.827304+00:00,london|2026_09_05|highest_temperature|c|eglc,957681,4182042,London,EGLC,NOAA_NWS,2026-09-05,highest_temperature,C,exact,22.0,22.0,22.0,22°C,0.425,0.575,0.42,0.43,0.010000000000000009,5124.810431999999,1551.827,True,True,0x046f46c7298f0ece31385d859901333ee15e9c3c156c7105d39772cea8f1d6c0
2026-09-05T01:26:41.827428+00:00,london|2026_09_05|highest_temperature|c|eglc,957681,4182043,London,EGLC,NOAA_NWS,2026-09-05,highest_temperature,C,exact,23.0,23.0,23.0,23°C,0.455,0.545,0.45,0.46,0.010000000000000009,3850.639255,950.3936,True,True,0xa5200528289ea7de8b98cc73e4b238d923e132cc1dfa90faacc0a8d4a4239069
2026-09-05T01:26:41.827541+00:00,london|2026_09_05|highest_temperature|c|eglc,957681,4182044,London,EGLC,NOAA_NWS,2026-09-05,highest_temperature,C,exact,24.0,24.0,24.0,24°C,0.095,0.905,0.09,0.1,0.010000000000000009,2832.714329,1454.9367,True,True,0xa6929326f5068f0b14f97b1642aa6c8b2fc0d275674e6e5ef870a4b1258ded93
2026-09-05T01:26:41.827649+00:00,london|2026_09_05|highest_temperature|c|eglc,957681,4182045,London,EGLC,NOAA_NWS,2026-09-05,highest_temperature,C,exact,25.0,25.0,25.0,25°C,0.004,0.996,0.001,0.007,0.006,971.557065,904.52239,True,True,0x35bb06da628b64779ff99d3d36a32bfeeaea5835dc8f1e5882345c0ef37e1c9c
2026-09-05T01:26:41.827754+00:00,london|2026_09_05|highest_temperature|c|eglc,957681,4182046,London,EGLC,NOAA_NWS,2026-09-05,highest_temperature,C,exact,26.0,26.0,26.0,26°C,0.001,0.999,,0.002,,817.5183449999998,1626.42249,True,True,0x1ee1536c0a585c0c124c5735e5464577896dc1cfd0f2ca4cb3fe9e2c40e051bc
2026-09-05T01:26:41.827858+00:00,london|2026_09_05|highest_temperature|c|eglc,957681,4182047,London,EGLC,NOAA_NWS,2026-09-05,highest_temperature,C,exact,27.0,27.0,27.0,27°C,0.0015,0.9985,0.001,0.002,0.001,913.8729760000001,3452.25549,True,True,0x583ddc45f188a42696c8e2fac550c670b75dfb52b575ce8f77c2eccc93e2aade
2026-09-05T01:26:41.827963+00:00,london|2026_09_05|highest_temperature|c|eglc,957681,4182048,London,EGLC,NOAA_NWS,2026-09-05,highest_temperature,C,or_higher,28.0,28.0,,28°C or higher,0.0005,0.9995,,0.001,,945.176611,6089.7902,True,True,0x10d8ed8d4ac6cf2afa3933e2675e6c8d8cb137a58f496e8f75f59f391a2f945b
2026-09-05T01:26:41.828078+00:00,paris|2026_09_05|highest_temperature|c|lfpb,957682,4182049,Paris,LFPB,NOAA_NWS,2026-09-05,highest_temperature,C,or_lower,20.0,,20.0,20°C or below,0.0005,0.9995,,0.001,,1140.9439999999997,1775.83653,True,True,0xc9d794c4eca2399e08378a0a7e3a0334ac8cec09075d0e186f1c3ca5ef0d6ec8
2026-09-05T01:26:41.828187+00:00,paris|2026_09_05|highest_temperature|c|lfpb,957682,4182050,Paris,LFPB,NOAA_NWS,2026-09-05,highest_temperature,C,exact,21.0,21.0,21.0,21°C,0.001,0.999,,0.002,,1196.826,1662.03951,True,True,0x2e9f961b94522d41dce3d701d74274d294903afd727cd7ad03af2aeae06b5614
2026-09-05T01:26:41.828290+00:00,paris|2026_09_05|highest_temperature|c|lfpb,957682,4182051,Paris,LFPB,NOAA_NWS,2026-09-05,highest_temperature,C,exact,22.0,22.0,22.0,22°C,0.0005,0.9995,,0.001,,421.6341,1462.74675,True,True,0xf5b146126721d42afd387db57f35c9131abfc132d0d7b68b4f331a5848399d5d
2026-09-05T01:26:41.828420+00:00,paris|2026_09_05|highest_temperature|c|lfpb,957682,4182052,Paris,LFPB,NOAA_NWS,2026-09-05,highest_temperature,C,exact,23.0,23.0,23.0,23°C,0.055,0.945,0.05,0.06,0.009999999999999995,2342.872771,1247.2235,True,True,0x3783ac3d8dc84b56272e30334569b0bcb2bff96eb1d4596831bdbf6d0a31ac28
2026-09-05T01:26:41.828529+00:00,paris|2026_09_05|highest_temperature|c|lfpb,957682,4182053,Paris,LFPB,NOAA_NWS,2026-09-05,highest_temperature,C,exact,24.0,24.0,24.0,24°C,0.325,0.675,0.32,0.33,0.010000000000000009,5058.743598,1839.8415,True,True,0xfb10f8b1353941e80840826a4accf66eca07ffc1317a41e38b2a42a5c6b026b7
2026-09-05T01:26:41.828636+00:00,paris|2026_09_05|highest_temperature|c|lfpb,957682,4182054,Paris,LFPB,NOAA_NWS,2026-09-05,highest_temperature,C,exact,25.0,25.0,25.0,25°C,0.485,0.515,0.48,0.49,0.010000000000000009,5266.314676,1310.7652,True,True,0x990a12185bb399dc75ec8f5660dc7c31b136cf3e3edf1ae7762f34e2c25747f6
2026-09-05T01:26:41.828746+00:00,paris|2026_09_05|highest_temperature|c|lfpb,957682,4182055,Paris,LFPB,NOAA_NWS,2026-09-05,highest_temperature,C,exact,26.0,26.0,26.0,26°C,0.155,0.845,0.15,0.16,0.010000000000000009,4773.818818,990.2638,True,True,0x06e66ff85338d45aaecf3670a32b64dbbdbcd36337b7f0de4a9e40079ce0c4f2
2026-09-05T01:26:41.828853+00:00,paris|2026_09_05|highest_temperature|c|lfpb,957682,4182056,Paris,LFPB,NOAA_NWS,2026-09-05,highest_temperature,C,exact,27.0,27.0,27.0,27°C,0.015,0.985,0.01,0.02,0.01,2892.416648,1536.3128,True,True,0x6c49c34b274ef227caf92b4af18e128d81ce2a3faa924029d071fa2ecf9d64b5
2026-09-05T01:26:41.828959+00:00,paris|2026_09_05|highest_temperature|c|lfpb,957682,4182057,Paris,LFPB,NOAA_NWS,2026-09-05,highest_temperature,C,exact,28.0,28.0,28.0,28°C,0.0015,0.9985,0.001,0.002,0.001,1495.2030979999997,1646.24876,True,True,0x027e166092fe5e1b6f75876af6f76207ad4f7ed9696808c93fb13f7d0b12ba48
2026-09-05T01:26:41.829062+00:00,paris|2026_09_05|highest_temperature|c|lfpb,957682,4182058,Paris,LFPB,NOAA_NWS,2026-09-05,highest_temperature,C,exact,29.0,29.0,29.0,29°C,0.001,0.999,,0.002,,688.033698,2282.39202,True,True,0xd194e14fcfd21fddb4340e6849a8cad38c592e1890ec366bd8b3ce9585fed3c7
2026-09-05T01:26:41.829166+00:00,paris|2026_09_05|highest_temperature|c|lfpb,957682,4182059,Paris,LFPB,NOAA_NWS,2026-09-05,highest_temperature,C,or_higher,30.0,30.0,,30°C or higher,0.0005,0.9995,,0.001,,1202.674118,6332.13547,True,True,0xf48be32a0697c22cf0089798ab38eb1f567666a4c9ffb340b7b106e08b68650e
2026-09-05T01:26:41.829279+00:00,seoul_incheon|2026_09_05|highest_temperature|c|rksi,957683,4182060,Seoul (Incheon),RKSI,NOAA_NWS,2026-09-05,highest_temperature,C,or_lower,23.0,,23.0,23°C or below,0.0005,0.9995,,0.001,,,10755.49704,True,True,0x2d349e8553816d13207e9abf4bdfeb431c7763d24ba8d7e6d8d2ffc9fb2060c2
2026-09-05T01:26:41.829425+00:00,seoul_incheon|2026_09_05|highest_temperature|c|rksi,957683,4182061,Seoul (Incheon),RKSI,NOAA_NWS,2026-09-05,highest_temperature,C,exact,24.0,24.0,24.0,24°C,0.0005,0.9995,,0.001,,,12976.11705,True,True,0x39ee0bf94ad7a1077a62df3f3d132eb08320b4eea8f86cd62c3104f7ac774cb0
2026-09-05T01:26:41.829541+00:00,seoul_incheon|2026_09_05|highest_temperature|c|rksi,957683,4182062,Seoul (Incheon),RKSI,NOAA_NWS,2026-09-05,highest_temperature,C,exact,25.0,25.0,25.0,25°C,0.001,0.999,,0.002,,544.714806,1411.67544,True,True,0xb49c8c891964465a3a32e6c3ed307a843fae2d66232262a788f55b2130984f04
2026-09-05T01:26:41.829656+00:00,seoul_incheon|2026_09_05|highest_temperature|c|rksi,957683,4182063,Seoul (Incheon),RKSI,NOAA_NWS,2026-09-05,highest_temperature,C,exact,26.0,26.0,26.0,26°C,0.0045,0.9955,0.002,0.007,0.005,1736.9715929999993,1053.84032,True,True,0x9ae0054f94de95316ade7cc8544181289de6012b93e4bc56dce659f840030a40
2026-09-05T01:26:41.829769+00:00,seoul_incheon|2026_09_05|highest_temperature|c|rksi,957683,4182064,Seoul (Incheon),RKSI,NOAA_NWS,2026-09-05,highest_temperature,C,exact,27.0,27.0,27.0,27°C,0.045,0.955,0.04,0.05,0.010000000000000002,2865.9683759999994,1382.7036,True,True,0x6b2cb9b0c844928af09a893ef29e69604f52357ee3e85119187983990b634255
2026-09-05T01:26:41.829879+00:00,seoul_incheon|2026_09_05|highest_temperature|c|rksi,957683,4182065,Seoul (Incheon),RKSI,NOAA_NWS,2026-09-05,highest_temperature,C,exact,28.0,28.0,28.0,28°C,0.115,0.885,0.1,0.13,0.03,3942.7506949999997,634.5693,True,True,0xcd9ed62bc491ed1b097f5f45cd2dee12c0af359df8cfba7de2c2f237e91e2da1
2026-09-05T01:26:41.829988+00:00,seoul_incheon|2026_09_05|highest_temperature|c|rksi,957683,4182066,Seoul (Incheon),RKSI,NOAA_NWS,2026-09-05,highest_temperature,C,exact,29.0,29.0,29.0,29°C,0.605,0.395,0.6,0.61,0.010000000000000009,3526.4347750000006,1072.3883,True,True,0x3522cf729dc41e70571d0976de3f66c718187eaed3388ce35e8a17c167a56f83
2026-09-05T01:26:41.830098+00:00,seoul_incheon|2026_09_05|highest_temperature|c|rksi,957683,4182067,Seoul (Incheon),RKSI,NOAA_NWS,2026-09-05,highest_temperature,C,exact,30.0,30.0,30.0,30°C,0.235,0.765,0.22,0.25,0.03,2559.295698,794.1555,True,True,0x10c3cdbdcfffd0419b2257f513509534b4c23eaf7571eac61e2cb1d0549c8ad3
2026-09-05T01:26:41.830212+00:00,seoul_incheon|2026_09_05|highest_temperature|c|rksi,957683,4182068,Seoul (Incheon),RKSI,NOAA_NWS,2026-09-05,highest_temperature,C,exact,31.0,31.0,31.0,31°C,0.04,0.96,0.03,0.05,0.020000000000000004,1746.5692829999998,1244.4654,True,True,0x2b36509114c534d119c09a09540c26ca5bf4a07c340a32c5b18d50b8b5320c89
2026-09-05T01:26:41.830322+00:00,seoul_incheon|2026_09_05|highest_temperature|c|rksi,957683,4182069,Seoul (Incheon),RKSI,NOAA_NWS,2026-09-05,highest_temperature,C,exact,32.0,32.0,32.0,32°C,0.004,0.996,0.002,0.006,0.004,1670.3286899999991,1014.61838,True,True,0x691c3299e4185af2d2c39b4120fc4ea03ffda92bc94182e4ec80a8027d063602
2026-09-05T01:26:41.830459+00:00,seoul_incheon|2026_09_05|highest_temperature|c|rksi,957683,4182070,Seoul (Incheon),RKSI,NOAA_NWS,2026-09-05,highest_temperature,C,or_higher,33.0,33.0,,33°C or higher,0.001,0.999,,0.002,,726.153461,1086.31293,True,True,0x4866aee7edac4177c879d0dc675915277d956a5c1506e238811542e65025429e
2026-09-05T01:26:41.830579+00:00,ankara|2026_09_05|highest_temperature|c|ltac,957684,4182071,Ankara,LTAC,NOAA_NWS,2026-09-05,highest_temperature,C,or_lower,22.0,,22.0,22°C or below,0.0005,0.9995,,0.001,,10.0,6068.45402,True,True,0x49ee650cffabc397d7bbcfb62d3d5ea50be8aa843c335ec577107132b2492bd4
2026-09-05T01:26:41.830688+00:00,ankara|2026_09_05|highest_temperature|c|ltac,957684,4182072,Ankara,LTAC,NOAA_NWS,2026-09-05,highest_temperature,C,exact,23.0,23.0,23.0,23°C,0.0005,0.9995,,0.001,,,3082.82345,True,True,0x4174721bb675cd1dc2accdbf80d87f2c35538b6b52d669c45f260ecbcd779e95
2026-09-05T01:26:41.830797+00:00,ankara|2026_09_05|highest_temperature|c|ltac,957684,4182073,Ankara,LTAC,NOAA_NWS,2026-09-05,highest_temperature,C,exact,24.0,24.0,24.0,24°C,0.0005,0.9995,,0.001,,,2320.41221,True,True,0x26b1694618da78bf948e07f7fae88b02edf87d539affcc735147c06e42bd9cbe
2026-09-05T01:26:41.830901+00:00,ankara|2026_09_05|highest_temperature|c|ltac,957684,4182074,Ankara,LTAC,NOAA_NWS,2026-09-05,highest_temperature,C,exact,25.0,25.0,25.0,25°C,0.0005,0.9995,,0.001,,,1874.87254,True,True,0x883a86bd3878cf50cc2811b27c6580f03518d558bce91905fd97c76cb7727226
2026-09-05T01:26:41.831005+00:00,ankara|2026_09_05|highest_temperature|c|ltac,957684,4182075,Ankara,LTAC,NOAA_NWS,2026-09-05,highest_temperature,C,exact,26.0,26.0,26.0,26°C,0.0005,0.9995,,0.001,,117.83000000000001,1471.98208,True,True,0x81b4e5e6a644d58ffcbcf74d164138b0208d1af015a4df2769e29c9085c2f8ec
2026-09-05T01:26:41.831112+00:00,ankara|2026_09_05|highest_temperature|c|ltac,957684,4182076,Ankara,LTAC,NOAA_NWS,2026-09-05,highest_temperature,C,exact,27.0,27.0,27.0,27°C,0.0015,0.9985,0.001,0.002,0.001,1117.249308,1082.35663,True,True,0xf29d2639fe3ebd8aea836da16479a0095caca79311bac2699bff2a93b4b9899b
2026-09-05T01:26:41.831217+00:00,ankara|2026_09_05|highest_temperature|c|ltac,957684,4182077,Ankara,LTAC,NOAA_NWS,2026-09-05,highest_temperature,C,exact,28.0,28.0,28.0,28°C,0.08,0.92,0.07,0.09,0.01999999999999999,4400.485205,1659.8754,True,True,0x1d497c18f5b1d82cfc9d1b018d4b1281db2f54e45ccddbe7d9a530dc47000585
2026-09-05T01:26:41.831323+00:00,ankara|2026_09_05|highest_temperature|c|ltac,957684,4182078,Ankara,LTAC,NOAA_NWS,2026-09-05,highest_temperature,C,exact,29.0,29.0,29.0,29°C,0.645,0.355,0.64,0.65,0.010000000000000009,3401.0190080000007,13307.4632,True,True,0x15184071bd7921e05e3f9101e4ceab6c42ec641003237c381f21659e5dedc48f
2026-09-05T01:26:41.831447+00:00,ankara|2026_09_05|highest_temperature|c|ltac,957684,4182079,Ankara,LTAC,NOAA_NWS,2026-09-05,highest_temperature,C,exact,30.0,30.0,30.0,30°C,0.28,0.72,0.27,0.29,0.019999999999999962,2323.0416140000007,2960.0226,True,True,0x0b313b7e8011d29a1dbf952fdcb8430ab3048d3e0db001d86932d62a85fed1b5
2026-09-05T01:26:41.831555+00:00,ankara|2026_09_05|highest_temperature|c|ltac,957684,4182080,Ankara,LTAC,NOAA_NWS,2026-09-05,highest_temperature,C,exact,31.0,31.0,31.0,31°C,0.003,0.997,0.002,0.004,0.002,801.875,1707.69537,True,True,0xef77595a7f24e5bd496253800f7e146902413a7d4f4c62716e4943ebe4b10c01
2026-09-05T01:26:41.831659+00:00,ankara|2026_09_05|highest_temperature|c|ltac,957684,4182081,Ankara,LTAC,NOAA_NWS,2026-09-05,highest_temperature,C,or_higher,32.0,32.0,,32°C or higher,0.0005,0.9995,,0.001,,10.0,1543.11664,True,True,0xb2fcc3c556be266c55cce46336245f6fc8645bc6e6d8bee9952c0ebababe64f9
2026-09-05T01:26:41.831768+00:00,wellington|2026_09_05|highest_temperature|c|nzwn,957685,4182082,Wellington,NZWN,NOAA_NWS,2026-09-05,highest_temperature,C,or_lower,10.0,,10.0,10°C or below,0.0005,0.9995,,0.001,,,7164.28925,True,True,0xfc3bdaea120b367607372771c4b0d56d170248ba78276bf436e5330d81420e8f
2026-09-05T01:26:41.831878+00:00,wellington|2026_09_05|highest_temperature|c|nzwn,957685,4182083,Wellington,NZWN,NOAA_NWS,2026-09-05,highest_temperature,C,exact,11.0,11.0,11.0,11°C,0.0005,0.9995,,0.001,,,8017.26991,True,True,0x3b7a240ac6b81820841f1a89b99c02d312bcd4efa0c593c9b9b334cc674b263d
2026-09-05T01:26:41.831983+00:00,wellington|2026_09_05|highest_temperature|c|nzwn,957685,4182084,Wellington,NZWN,NOAA_NWS,2026-09-05,highest_temperature,C,exact,12.0,12.0,12.0,12°C,0.0005,0.9995,,0.001,,,6876.50036,True,True,0x74b36e9a19892fba5cddc6037caedeec313d36d630681ece7391fdbc0cb72406
2026-09-05T01:26:41.832098+00:00,wellington|2026_09_05|highest_temperature|c|nzwn,957685,4182085,Wellington,NZWN,NOAA_NWS,2026-09-05,highest_temperature,C,exact,13.0,13.0,13.0,13°C,0.0005,0.9995,,0.001,,592.752999,7042.44352,True,True,0x52615a351962cbb051aef481d19466ef197e32c675fe12957eb630ffc80c7d2f
2026-09-05T01:26:41.832209+00:00,wellington|2026_09_05|highest_temperature|c|nzwn,957685,4182086,Wellington,NZWN,NOAA_NWS,2026-09-05,highest_temperature,C,exact,14.0,14.0,14.0,14°C,0.29,0.71,0.26,0.32,0.06,6693.409071,749.3622,True,True,0x9cae9f654b06aa255b224a9f9e10e595f5f9dcd14a2f1c757708df73c53c209a
2026-09-05T01:26:41.832315+00:00,wellington|2026_09_05|highest_temperature|c|nzwn,957685,4182087,Wellington,NZWN,NOAA_NWS,2026-09-05,highest_temperature,C,exact,15.0,15.0,15.0,15°C,0.58,0.42,0.53,0.63,0.09999999999999998,5511.210002000001,634.5687,True,True,0xb5f3571fa636f01ef0d4007c0eb09bc912132c49d034760da9048bd32c8c913b
2026-09-05T01:26:41.832441+00:00,wellington|2026_09_05|highest_temperature|c|nzwn,957685,4182088,Wellington,NZWN,NOAA_NWS,2026-09-05,highest_temperature,C,exact,16.0,16.0,16.0,16°C,0.105,0.895,0.09,0.12,0.03,7177.077632000001,689.3628,True,True,0xda8a85e5afa77a0a999d4ce960e0b1cc02c86d7f0a84552a526103d72162177a
2026-09-05T01:26:41.832550+00:00,wellington|2026_09_05|highest_temperature|c|nzwn,957685,4182089,Wellington,NZWN,NOAA_NWS,2026-09-05,highest_temperature,C,exact,17.0,17.0,17.0,17°C,0.0075,0.9925,0.002,0.013,0.011,2310.414989,1722.94746,True,True,0xc2615228442515a98e94f9d753621f074db071bfb466ac53e5eaecc9480fe6ed
2026-09-05T01:26:41.832659+00:00,wellington|2026_09_05|highest_temperature|c|nzwn,957685,4182090,Wellington,NZWN,NOAA_NWS,2026-09-05,highest_temperature,C,exact,18.0,18.0,18.0,18°C,0.0025,0.9975,0.001,0.004,0.003,3810.1410909999995,1656.18614,True,True,0xb3f79bbb48d31aef7c54f45f8e5a943737d4fd3f29aa7d382fa357de104660a5
2026-09-05T01:26:41.832765+00:00,wellington|2026_09_05|highest_temperature|c|nzwn,957685,4182091,Wellington,NZWN,NOAA_NWS,2026-09-05,highest_temperature,C,exact,19.0,19.0,19.0,19°C,0.0005,0.9995,,0.001,,,2264.38205,True,True,0x5b2b765362c02bb8208eb025a06edea905708c831c15ca10db869d65c6d4a7cb
2026-09-05T01:26:41.832875+00:00,wellington|2026_09_05|highest_temperature|c|nzwn,957685,4182092,Wellington,NZWN,NOAA_NWS,2026-09-05,highest_temperature,C,or_higher,20.0,20.0,,20°C or higher,0.0005,0.9995,,0.001,,,2853.38149,True,True,0x904d32f492158a73e7747340d0b65d495c38a3f197b431a28639271f4301c409
2026-09-05T01:26:41.832989+00:00,lucknow|2026_09_05|highest_temperature|c|vilk,957686,4182093,Lucknow,VILK,NOAA_NWS,2026-09-05,highest_temperature,C,or_lower,24.0,,24.0,24°C or below,0.0005,0.9995,,0.001,,265.13649999999996,9909.31069,True,True,0x1b1b9b906847d0fc170de1716328775e887e8e268715f3da1a71e91a7eecb74e
2026-09-05T01:26:41.833098+00:00,lucknow|2026_09_05|highest_temperature|c|vilk,957686,4182094,Lucknow,VILK,NOAA_NWS,2026-09-05,highest_temperature,C,exact,25.0,25.0,25.0,25°C,0.0005,0.9995,,0.001,,8.99,10485.51201,True,True,0x08378a33282197b17ce386ea8eecc1dadaac4a7222c02c922abd50c45ae10330
2026-09-05T01:26:41.833204+00:00,lucknow|2026_09_05|highest_temperature|c|vilk,957686,4182095,Lucknow,VILK,NOAA_NWS,2026-09-05,highest_temperature,C,exact,26.0,26.0,26.0,26°C,0.0005,0.9995,,0.001,,257.483,7029.39062,True,True,0x926f311a8ca8d17afe06662d024e8c8aa25f4eebfcb8a94fe609183e95807255
2026-09-05T01:26:41.833309+00:00,lucknow|2026_09_05|highest_temperature|c|vilk,957686,4182096,Lucknow,VILK,NOAA_NWS,2026-09-05,highest_temperature,C,exact,27.0,27.0,27.0,27°C,0.002,0.998,,0.004,,253.1685,979.9226,True,True,0xa37d5249a25623e80418012c56b35972e7b1cb2976ce8907e3c80780b5e859c0
2026-09-05T01:26:41.833435+00:00,lucknow|2026_09_05|highest_temperature|c|vilk,957686,4182097,Lucknow,VILK,NOAA_NWS,2026-09-05,highest_temperature,C,exact,28.0,28.0,28.0,28°C,0.004,0.996,,0.008,,222.532333,835.18065,True,True,0xf2a4288c76c9197d39f6d318afffc6f368d326c1214125e7aefd33139cdac1c7
2026-09-05T01:26:41.833549+00:00,lucknow|2026_09_05|highest_temperature|c|vilk,957686,4182098,Lucknow,VILK,NOAA_NWS,2026-09-05,highest_temperature,C,exact,29.0,29.0,29.0,29°C,0.015,0.985,0.01,0.02,0.01,113.0204,639.4813,True,True,0xb365ff5954f7b6ad6aac19d16224ba6e78b7cbeda3bdae69bae433bb92867f64
2026-09-05T01:26:41.833654+00:00,lucknow|2026_09_05|highest_temperature|c|vilk,957686,4182099,Lucknow,VILK,NOAA_NWS,2026-09-05,highest_temperature,C,exact,30.0,30.0,30.0,30°C,0.105,0.895,0.08,0.13,0.05,284.379394,676.6495,True,True,0x7ccbcf80a836cfba9ce11fa8e61de73424261d4f249f3c455c3fc676ff22de0f
2026-09-05T01:26:41.833759+00:00,lucknow|2026_09_05|highest_temperature|c|vilk,957686,4182100,Lucknow,VILK,NOAA_NWS,2026-09-05,highest_temperature,C,exact,31.0,31.0,31.0,31°C,0.455,0.545,0.45,0.46,0.010000000000000009,729.9335580000001,12969.8203,True,True,0x2f01d260c76f4ea3279ace91125de846cef9dec78095624c03f8e1f16bc1c188
2026-09-05T01:26:41.833869+00:00,lucknow|2026_09_05|highest_temperature|c|vilk,957686,4182101,Lucknow,VILK,NOAA_NWS,2026-09-05,highest_temperature,C,exact,32.0,32.0,32.0,32°C,0.355,0.645,0.35,0.36,0.010000000000000009,1822.20435,17469.4563,True,True,0xe5e80505990146e54ceb23bdb7a1263210763622984746a218b4dfb27469725f
2026-09-05T01:26:41.833980+00:00,lucknow|2026_09_05|highest_temperature|c|vilk,957686,4182102,Lucknow,VILK,NOAA_NWS,2026-09-05,highest_temperature,C,exact,33.0,33.0,33.0,33°C,0.06,0.94,0.04,0.08,0.04,431.925625,706.3724,True,True,0x588e1b1034f8eef00bce66c1a9cffc550575800ac43774bf065f9e0c3f0a6bc3
2026-09-05T01:26:41.834091+00:00,lucknow|2026_09_05|highest_temperature|c|vilk,957686,4182103,Lucknow,VILK,NOAA_NWS,2026-09-05,highest_temperature,C,or_higher,34.0,34.0,,34°C or higher,0.0045,0.9955,0.004,0.005,0.001,89.0776,744.60348,True,True,0x160cf10f72b2adc89d054d43126d2f8ac3b2cd301a94a94c0b8e0d65139e3e90
2026-09-05T01:26:41.834203+00:00,munich|2026_09_05|highest_temperature|c|eddm,957687,4182104,Munich,EDDM,NOAA_NWS,2026-09-05,highest_temperature,C,or_lower,18.0,,18.0,18°C or below,0.0005,0.9995,,0.001,,1145.6160000000002,5177.53954,True,True,0x9090f96a09f58c0409a170c48075d86270867be4fa29e78fc82d70934c4ca5aa
2026-09-05T01:26:41.834313+00:00,munich|2026_09_05|highest_temperature|c|eddm,957687,4182105,Munich,EDDM,NOAA_NWS,2026-09-05,highest_temperature,C,exact,19.0,19.0,19.0,19°C,0.0005,0.9995,,0.001,,2084.849,5848.90115,True,True,0x5931f51aac8e258803922ca275e535df449ebccb2ea338d9875e216573eca9b6
2026-09-05T01:26:41.834439+00:00,munich|2026_09_05|highest_temperature|c|eddm,957687,4182106,Munich,EDDM,NOAA_NWS,2026-09-05,highest_temperature,C,exact,20.0,20.0,20.0,20°C,0.0005,0.9995,,0.001,,1382.3239999999998,4744.16448,True,True,0xc03a6c89af9b168c980c87ec15bfeb95927869546a1d0451d35a5f5570725af4
2026-09-05T01:26:41.834552+00:00,munich|2026_09_05|highest_temperature|c|eddm,957687,4182107,Munich,EDDM,NOAA_NWS,2026-09-05,highest_temperature,C,exact,21.0,21.0,21.0,21°C,0.0005,0.9995,,0.001,,3094.3701560000004,4182.00685,True,True,0x6ae448cb06b1010ddc7a4759b5a3648d3f262bbb0ffca330a01f99faf530adf8
2026-09-05T01:26:41.834659+00:00,munich|2026_09_05|highest_temperature|c|eddm,957687,4182108,Munich,EDDM,NOAA_NWS,2026-09-05,highest_temperature,C,exact,22.0,22.0,22.0,22°C,0.035,0.965,0.03,0.04,0.010000000000000002,2469.889408,1461.7258,True,True,0x53ce75e802bbdf88944a34ba9f7374325607b598bfd158024b716ae20bb0241f
2026-09-05T01:26:41.834765+00:00,munich|2026_09_05|highest_temperature|c|eddm,957687,4182109,Munich,EDDM,NOAA_NWS,2026-09-05,highest_temperature,C,exact,23.0,23.0,23.0,23°C,0.145,0.855,0.14,0.15,0.009999999999999981,5510.038079999999,1581.5174,True,True,0x16a1dae7e09230a9f7e258435db1378b22efb371a69ca84a54454467d07b7a61
2026-09-05T01:26:41.834870+00:00,munich|2026_09_05|highest_temperature|c|eddm,957687,4182110,Munich,EDDM,NOAA_NWS,2026-09-05,highest_temperature,C,exact,24.0,24.0,24.0,24°C,0.625,0.375,0.62,0.63,0.010000000000000009,5893.143277,3524.1095,True,True,0x4136e39616cd005534cf773352efec22c474ee731ca8027cb76b1b79a2ea13d0
2026-09-05T01:26:41.834977+00:00,munich|2026_09_05|highest_temperature|c|eddm,957687,4182111,Munich,EDDM,NOAA_NWS,2026-09-05,highest_temperature,C,exact,25.0,25.0,25.0,25°C,0.215,0.785,0.21,0.22,0.010000000000000009,3852.218684,2270.5232,True,True,0x132abd7c40acd5d935b1a31ca46cfd0c479afab73905eacfbd36e047b4b702f5
2026-09-05T01:26:41.835082+00:00,munich|2026_09_05|highest_temperature|c|eddm,957687,4182112,Munich,EDDM,NOAA_NWS,2026-09-05,highest_temperature,C,exact,26.0,26.0,26.0,26°C,0.006,0.994,0.002,0.01,0.008,1685.0619659999998,1621.75612,True,True,0x4912301e72ce66e64401c9cbd16d3f08012439c5b0867bb26f666c7249a241a5
2026-09-05T01:26:41.835187+00:00,munich|2026_09_05|highest_temperature|c|eddm,957687,4182113,Munich,EDDM,NOAA_NWS,2026-09-05,highest_temperature,C,exact,27.0,27.0,27.0,27°C,0.0045,0.9955,,0.009,,521.129,1593.98969,True,True,0x34ea70156edeee87966bf37ead10eb65f96c838f109a027aa1d75a11e8b0d90a
2026-09-05T01:26:41.835290+00:00,munich|2026_09_05|highest_temperature|c|eddm,957687,4182114,Munich,EDDM,NOAA_NWS,2026-09-05,highest_temperature,C,or_higher,28.0,28.0,,28°C or higher,0.005,0.995,0.001,0.009,0.008,1483.5812750000002,1786.29964,True,True,0x44efeeab7432a4e8caee37dae19221369ad1c0a7b3d28ca77300398cd2ed6ff9
2026-09-05T01:26:41.835420+00:00,tel_aviv|2026_09_05|highest_temperature|c|unknown,957688,4182115,Tel Aviv,,,2026-09-05,highest_temperature,C,or_lower,29.0,,29.0,29°C or below,0.0005,0.9995,,0.001,,497.207713,904.0899,True,True,0x6b2877d97feb77b1637b7963e2dda4de069e6035479688d14b8558e267c2a8c3
2026-09-05T01:26:41.835541+00:00,tel_aviv|2026_09_05|highest_temperature|c|unknown,957688,4182116,Tel Aviv,,,2026-09-05,highest_temperature,C,exact,30.0,30.0,30.0,30°C,0.0015,0.9985,0.001,0.002,0.001,310.17755,1028.22947,True,True,0xdacf0a0c43563acd5a2411d11710211441c51abe5d9518be672975385c93b39d
2026-09-05T01:26:41.835648+00:00,tel_aviv|2026_09_05|highest_temperature|c|unknown,957688,4182117,Tel Aviv,,,2026-09-05,highest_temperature,C,exact,31.0,31.0,31.0,31°C,0.11,0.89,0.1,0.12,0.01999999999999999,1462.992844,2993.8693,True,True,0xb5497e9ac494642e32d7e6389bb022d94dd2501dc44b65aada0ba5f000c0fe54
2026-09-05T01:26:41.835761+00:00,tel_aviv|2026_09_05|highest_temperature|c|unknown,957688,4182118,Tel Aviv,,,2026-09-05,highest_temperature,C,exact,32.0,32.0,32.0,32°C,0.875,0.125,0.87,0.88,0.010000000000000009,2482.586768,1707.9731,True,True,0x945801b832d83a7353ec936c9b2bc145c75c59b0f64f32b42d90f8abe91f3e40
2026-09-05T01:26:41.835873+00:00,tel_aviv|2026_09_05|highest_temperature|c|unknown,957688,4182119,Tel Aviv,,,2026-09-05,highest_temperature,C,exact,33.0,33.0,33.0,33°C,0.03,0.97,0.02,0.04,0.02,421.613134,1046.3688,True,True,0x9547473cabf562467cf7ebb9cf410fab0232f0eefe2b230c2453510f85fd07e5
2026-09-05T01:26:41.835980+00:00,tel_aviv|2026_09_05|highest_temperature|c|unknown,957688,4182120,Tel Aviv,,,2026-09-05,highest_temperature,C,exact,34.0,34.0,34.0,34°C,0.0025,0.9975,0.001,0.004,0.003,491.462685,1196.65585,True,True,0xeab82c3de6cdf99a2242e0a6664f68fed6619a32a0d6c7137fdc19908be823d5
2026-09-05T01:26:41.836085+00:00,tel_aviv|2026_09_05|highest_temperature|c|unknown,957688,4182121,Tel Aviv,,,2026-09-05,highest_temperature,C,exact,35.0,35.0,35.0,35°C,0.0005,0.9995,,0.001,,382.009511,1210.92039,True,True,0x1ce911ff37e5f5ead0847f50a695beeec1c931084ec6235cbf3dc36e5b011778
2026-09-05T01:26:41.836189+00:00,tel_aviv|2026_09_05|highest_temperature|c|unknown,957688,4182122,Tel Aviv,,,2026-09-05,highest_temperature,C,exact,36.0,36.0,36.0,36°C,0.0005,0.9995,,0.001,,224.32523699999996,1119.42682,True,True,0x9bf338264798f238c1f64eefb52bded2216365c5916c22c2b07370438552beb9
2026-09-05T01:26:41.836296+00:00,tel_aviv|2026_09_05|highest_temperature|c|unknown,957688,4182123,Tel Aviv,,,2026-09-05,highest_temperature,C,exact,37.0,37.0,37.0,37°C,0.0005,0.9995,,0.001,,1154.5295,2547.41333,True,True,0x758501c886782e2969d463069c9fe40fa09a57d36bd3c1d2e126a2ad0c25f1f3
2026-09-05T01:26:41.836420+00:00,tel_aviv|2026_09_05|highest_temperature|c|unknown,957688,4182124,Tel Aviv,,,2026-09-05,highest_temperature,C,exact,38.0,38.0,38.0,38°C,0.0005,0.9995,,0.001,,1032.4070000000002,2913.30118,True,True,0x6944b3c675fe7e608880ac642550a78b6bd328a40552b2cbfc2670e7de30c4f4
2026-09-05T01:26:41.836527+00:00,tel_aviv|2026_09_05|highest_temperature|c|unknown,957688,4182125,Tel Aviv,,,2026-09-05,highest_temperature,C,or_higher,39.0,39.0,,39°C or higher,0.0005,0.9995,,0.001,,,2257.874,True,True,0x5355c361dd0b66706fc78914218144e01aba67975869abfb3579924e4a7da5f6
2026-09-05T01:26:41.836636+00:00,tokyo|2026_09_05|highest_temperature|c|rjtt,957689,4182126,Tokyo,RJTT,NOAA_NWS,2026-09-05,highest_temperature,C,or_lower,21.0,,21.0,21°C or below,0.0005,0.9995,,0.001,,1957.989,6037.0579,True,True,0x40fe1418380996e56be2167e6d2e247dafd9d25b433ed449c9c8562b94b92a3a
2026-09-05T01:26:41.836746+00:00,tokyo|2026_09_05|highest_temperature|c|rjtt,957689,4182127,Tokyo,RJTT,NOAA_NWS,2026-09-05,highest_temperature,C,exact,22.0,22.0,22.0,22°C,0.0055,0.9945,0.003,0.008,0.005,6456.573037000001,1054.30933,True,True,0xc949e2cbc668c63496f3f0be884ca62ccee40d88184a6d15ef193e51869edab0
2026-09-05T01:26:41.836853+00:00,tokyo|2026_09_05|highest_temperature|c|rjtt,957689,4182128,Tokyo,RJTT,NOAA_NWS,2026-09-05,highest_temperature,C,exact,23.0,23.0,23.0,23°C,0.085,0.915,0.07,0.1,0.03,5044.966305,578.3974,True,True,0x68253f94fe252e8c8c9e179205c0d5d4d903e732bb344548e9f81c252d33f764
2026-09-05T01:26:41.836958+00:00,tokyo|2026_09_05|highest_temperature|c|rjtt,957689,4182129,Tokyo,RJTT,NOAA_NWS,2026-09-05,highest_temperature,C,exact,24.0,24.0,24.0,24°C,0.255,0.745,0.25,0.26,0.010000000000000009,3431.138479000001,734.8722,True,True,0x7d5974425cd211b730dedf9649beda4bc94616bd20b3b9b9f9d8d6a50af4eaf3
2026-09-05T01:26:41.837063+00:00,tokyo|2026_09_05|highest_temperature|c|rjtt,957689,4182130,Tokyo,RJTT,NOAA_NWS,2026-09-05,highest_temperature,C,exact,25.0,25.0,25.0,25°C,0.35,0.65,0.34,0.36,0.019999999999999962,2601.521117,1878.2381,True,True,0x7da20de4c6b32489bee012d460b7206041f31b129d9b978aac4b1b85c65ebfc8
2026-09-05T01:26:41.837167+00:00,tokyo|2026_09_05|highest_temperature|c|rjtt,957689,4182131,Tokyo,RJTT,NOAA_NWS,2026-09-05,highest_temperature,C,exact,26.0,26.0,26.0,26°C,0.26,0.74,0.25,0.27,0.020000000000000018,3569.44467,1217.3955,True,True,0x0e5ea478ee263c04360fc5ba62ffaa795341ccec23113dcfd9ec0e0471f473a2
2026-09-05T01:26:41.837271+00:00,tokyo|2026_09_05|highest_temperature|c|rjtt,957689,4182132,Tokyo,RJTT,NOAA_NWS,2026-09-05,highest_temperature,C,exact,27.0,27.0,27.0,27°C,0.08,0.92,0.07,0.09,0.01999999999999999,3341.613681,1273.1651,True,True,0x240a1b0dde5dc5372883a60872d2089aa1237db1c99f8e3bc3973545f8bb61a1
2026-09-05T01:26:41.837394+00:00,tokyo|2026_09_05|highest_temperature|c|rjtt,957689,4182133,Tokyo,RJTT,NOAA_NWS,2026-09-05,highest_temperature,C,exact,28.0,28.0,28.0,28°C,0.004,0.996,0.003,0.005,0.002,2149.831793,2674.85473,True,True,0x3054be047d242bc290246ca70c1fc8961910deacbcff3ce57e72eeb01da5e0a0
2026-09-05T01:26:41.837504+00:00,tokyo|2026_09_05|highest_temperature|c|rjtt,957689,4182134,Tokyo,RJTT,NOAA_NWS,2026-09-05,highest_temperature,C,exact,29.0,29.0,29.0,29°C,0.0015,0.9985,0.001,0.002,0.001,816.193766,1033.75103,True,True,0x30482cb582d820e40784ab0358ae1a9b4bb538571043bdc74b5931504ae7aab9
2026-09-05T01:26:41.837620+00:00,tokyo|2026_09_05|highest_temperature|c|rjtt,957689,4182135,Tokyo,RJTT,NOAA_NWS,2026-09-05,highest_temperature,C,exact,30.0,30.0,30.0,30°C,0.001,0.999,,0.002,,1490.1495,3539.44729,True,True,0x9704a022a7931aedb8a3b736132bb6052f1b5a98e1040bf0c868bd56b0d1a8ce
2026-09-05T01:26:41.837725+00:00,tokyo|2026_09_05|highest_temperature|c|rjtt,957689,4182136,Tokyo,RJTT,NOAA_NWS,2026-09-05,highest_temperature,C,or_higher,31.0,31.0,,31°C or higher,0.002,0.998,0.001,0.003,0.002,14494.596147,1772.06928,True,True,0xfef0ec411f604c707efc29484507497a19be6c06aa42a432559bcafecbf37b50
2026-09-05T01:26:41.837834+00:00,hong_kong|2026_09_05|highest_temperature|c|unknown,957690,4182137,Hong Kong,,,2026-09-05,highest_temperature,C,or_lower,24.0,,24.0,24°C or below,0.0005,0.9995,,0.001,,2156.996,8167.0715,True,True,0xecd99188ff3390c3c2d3ef21546a401041cf38be2be3d69d975c06c09d730229
2026-09-05T01:26:41.837944+00:00,hong_kong|2026_09_05|highest_temperature|c|unknown,957690,4182138,Hong Kong,,,2026-09-05,highest_temperature,C,exact,25.0,25.0,25.0,25°C,0.0005,0.9995,,0.001,,10.0,11701.26778,True,True,0x44d75ba10fc629cdecc654ab801dbcf7cd562db8e9cf6d2a08976e67985ea310
2026-09-05T01:26:41.838053+00:00,hong_kong|2026_09_05|highest_temperature|c|unknown,957690,4182139,Hong Kong,,,2026-09-05,highest_temperature,C,exact,26.0,26.0,26.0,26°C,0.0005,0.9995,,0.001,,316.873017,12773.0444,True,True,0x6002522fa128d77b1d545dbebff49f1139c76a4ab28005ad27e6aff4ae97188d
2026-09-05T01:26:41.838160+00:00,hong_kong|2026_09_05|highest_temperature|c|unknown,957690,4182140,Hong Kong,,,2026-09-05,highest_temperature,C,exact,27.0,27.0,27.0,27°C,0.0005,0.9995,,0.001,,671.7738650000001,14570.3802,True,True,0x6171f40f9e7a91af27c3519120809de932d5cc57c4de0a2275d7e84ea844a370
2026-09-05T01:26:41.838264+00:00,hong_kong|2026_09_05|highest_temperature|c|unknown,957690,4182141,Hong Kong,,,2026-09-05,highest_temperature,C,exact,28.0,28.0,28.0,28°C,0.005,0.995,0.002,0.008,0.006,2109.315896,8495.34446,True,True,0x3947e5ded1d4591206c27a8b6629827b6abed47cd0a8b76d5941765d498e1a1d
2026-09-05T01:26:41.838385+00:00,hong_kong|2026_09_05|highest_temperature|c|unknown,957690,4182142,Hong Kong,,,2026-09-05,highest_temperature,C,exact,29.0,29.0,29.0,29°C,0.02,0.98,0.01,0.03,0.019999999999999997,3452.657402,739.6766,True,True,0x91416d573dbaf76b0a667a7dc6bf7513097acd12adb6fe72e0dc1d325bfa9b11
2026-09-05T01:26:41.838503+00:00,hong_kong|2026_09_05|highest_temperature|c|unknown,957690,4182143,Hong Kong,,,2026-09-05,highest_temperature,C,exact,30.0,30.0,30.0,30°C,0.095,0.905,0.09,0.1,0.010000000000000009,3768.393992,1152.4261,True,True,0x743663484d30fffb82291e42bf86b795ce566cee359008a882dcc44b242efe1c
2026-09-05T01:26:41.838609+00:00,hong_kong|2026_09_05|highest_temperature|c|unknown,957690,4182144,Hong Kong,,,2026-09-05,highest_temperature,C,exact,31.0,31.0,31.0,31°C,0.49,0.51,0.47,0.51,0.040000000000000036,3397.893011,1077.3941,True,True,0x4616d0e5e230736ff955ffd8271136c781c39af81aba17d434356d446856c4bf
2026-09-05T01:26:41.838719+00:00,hong_kong|2026_09_05|highest_temperature|c|unknown,957690,4182145,Hong Kong,,,2026-09-05,highest_temperature,C,exact,32.0,32.0,32.0,32°C,0.325,0.675,0.32,0.33,0.010000000000000009,6602.034742,655.05,True,True,0x8cd11ebcb288a912614bce667bedd708c34d805a76721bf8801a9bea38370829
2026-09-05T01:26:41.838824+00:00,hong_kong|2026_09_05|highest_temperature|c|unknown,957690,4182146,Hong Kong,,,2026-09-05,highest_temperature,C,exact,33.0,33.0,33.0,33°C,0.04,0.96,0.03,0.05,0.020000000000000004,4180.578082999999,1161.3118,True,True,0x2f4e2f89dd2fc7c25e0f82b3762abdabc75cb8e949e36755483e43013a5dc815
2026-09-05T01:26:41.838927+00:00,hong_kong|2026_09_05|highest_temperature|c|unknown,957690,4182147,Hong Kong,,,2026-09-05,highest_temperature,C,or_higher,34.0,34.0,,34°C or higher,0.0005,0.9995,,0.001,,2133.699463,1110.58732,True,True,0x69effadbeadab077e8fdaeadfe6b3d1444ef2adcd9bcd4607b4845c37ec62e2c
2026-09-05T01:26:41.839037+00:00,shanghai|2026_09_05|highest_temperature|c|zspd,957691,4182148,Shanghai,ZSPD,NOAA_NWS,2026-09-05,highest_temperature,C,or_lower,25.0,,25.0,25°C or below,0.0005,0.9995,,0.001,,55.835,14109.55365,True,True,0xe099c53a7c1d8b7dc0c78df59025c9530242ac75776e5d53c89a9adea2bd48db
2026-09-05T01:26:41.839152+00:00,shanghai|2026_09_05|highest_temperature|c|zspd,957691,4182149,Shanghai,ZSPD,NOAA_NWS,2026-09-05,highest_temperature,C,exact,26.0,26.0,26.0,26°C,0.0005,0.9995,,0.001,,155.961444,15536.13577,True,True,0x1d76db3befa4b8437471b3fcefb7623cccb5d7e88b7f5dfd6f6b554fa05380e1
2026-09-05T01:26:41.839258+00:00,shanghai|2026_09_05|highest_temperature|c|zspd,957691,4182150,Shanghai,ZSPD,NOAA_NWS,2026-09-05,highest_temperature,C,exact,27.0,27.0,27.0,27°C,0.0005,0.9995,,0.001,,2943.190228,14037.18266,True,True,0xdffbde9864ee65e951459c35b33de5eb80ef80e3c858e814fcf032e49300b65a
2026-09-05T01:26:41.839402+00:00,shanghai|2026_09_05|highest_temperature|c|zspd,957691,4182151,Shanghai,ZSPD,NOAA_NWS,2026-09-05,highest_temperature,C,exact,28.0,28.0,28.0,28°C,0.004,0.996,0.001,0.007,0.006,2639.556907,1537.34918,True,True,0xcfd2dd54d5f1cdfff2e1fa29f1483f9512296a2a60304f30e6305b1c405846b8
2026-09-05T01:26:41.839562+00:00,shanghai|2026_09_05|highest_temperature|c|zspd,957691,4182152,Shanghai,ZSPD,NOAA_NWS,2026-09-05,highest_temperature,C,exact,29.0,29.0,29.0,29°C,0.115,0.885,0.09,0.14,0.05000000000000002,4061.008373,623.2039,True,True,0xbf39361b79e287c2ad9e9d96428ccbe1122b0debdeec7aef891a8078fb185ba6
2026-09-05T01:26:41.839681+00:00,shanghai|2026_09_05|highest_temperature|c|zspd,957691,4182153,Shanghai,ZSPD,NOAA_NWS,2026-09-05,highest_temperature,C,exact,30.0,30.0,30.0,30°C,0.605,0.395,0.57,0.64,0.07000000000000006,4913.190839000001,737.3901,True,True,0x3d6e96cd95331bfb0395328da37d61a2d4c8861ab83a591dda68631c469356da
2026-09-05T01:26:41.839790+00:00,shanghai|2026_09_05|highest_temperature|c|zspd,957691,4182154,Shanghai,ZSPD,NOAA_NWS,2026-09-05,highest_temperature,C,exact,31.0,31.0,31.0,31°C,0.28,0.72,0.26,0.3,0.03999999999999998,6094.541018000001,430.4003,True,True,0x92aa28d14cfd5c9f61cb56799eef0d9adf69ed69a4e52ef44ad5af543489105a
2026-09-05T01:26:41.839902+00:00,shanghai|2026_09_05|highest_temperature|c|zspd,957691,4182155,Shanghai,ZSPD,NOAA_NWS,2026-09-05,highest_temperature,C,exact,32.0,32.0,32.0,32°C,0.015,0.985,0.01,0.02,0.01,2702.656904,1884.9014,True,True,0x3fcfc1177f43c5975474fdc24402b3ceb793c396be8f190337f7edbe1134a073
2026-09-05T01:26:41.840011+00:00,shanghai|2026_09_05|highest_temperature|c|zspd,957691,4182156,Shanghai,ZSPD,NOAA_NWS,2026-09-05,highest_temperature,C,exact,33.0,33.0,33.0,33°C,0.0005,0.9995,,0.001,,1101.6735,962.74313,True,True,0x158a52a70b73efd775e7043c8f588f583c69cb6e2ae1edc584e08af7589fb2b4
2026-09-05T01:26:41.840117+00:00,shanghai|2026_09_05|highest_temperature|c|zspd,957691,4182157,Shanghai,ZSPD,NOAA_NWS,2026-09-05,highest_temperature,C,exact,34.0,34.0,34.0,34°C,0.0005,0.9995,,0.001,,270.64200000000005,2213.03572,True,True,0x65b6f05f96ebcf4e078b364efbb16b22c5b2390c76eea2f4f42c9207adb90de0
2026-09-05T01:26:41.840223+00:00,shanghai|2026_09_05|highest_temperature|c|zspd,957691,4182158,Shanghai,ZSPD,NOAA_NWS,2026-09-05,highest_temperature,C,or_higher,35.0,35.0,,35°C or higher,0.0005,0.9995,,0.001,,,1998.34706,True,True,0xc7daa67f340af504c034a837f48fc00938cd13d3c73cb49d99a483c8c0032951
2026-09-05T01:26:41.840334+00:00,singapore|2026_09_05|highest_temperature|c|wsss,957692,4182159,Singapore,WSSS,NOAA_NWS,2026-09-05,highest_temperature,C,or_lower,28.0,,28.0,28°C or below,0.0005,0.9995,,0.001,,321.407288,8441.98995,True,True,0x7704404ed87dfcd78c234fdeb7fb449cf034d4531d72c7fdd6c864d364daefd4
2026-09-05T01:26:41.840469+00:00,singapore|2026_09_05|highest_temperature|c|wsss,957692,4182160,Singapore,WSSS,NOAA_NWS,2026-09-05,highest_temperature,C,exact,29.0,29.0,29.0,29°C,0.001,0.999,,0.002,,857.259,2097.68354,True,True,0x43e26257cb9003edfe92b860947e1f21199f38e3666b0f6eeb74607d7daad153
2026-09-05T01:26:41.840580+00:00,singapore|2026_09_05|highest_temperature|c|wsss,957692,4182161,Singapore,WSSS,NOAA_NWS,2026-09-05,highest_temperature,C,exact,30.0,30.0,30.0,30°C,0.0005,0.9995,,0.001,,667.008,1140.40652,True,True,0xf671fd6f7df97742995bd791eec047f76c3196bdcd0b358ae35e429117c3050d
2026-09-05T01:26:41.840687+00:00,singapore|2026_09_05|highest_temperature|c|wsss,957692,4182162,Singapore,WSSS,NOAA_NWS,2026-09-05,highest_temperature,C,exact,31.0,31.0,31.0,31°C,0.005,0.995,0.002,0.008,0.006,1686.483797,3287.22662,True,True,0x98bc22c9037a494064e4574eff61bcfaebe61a001c5653a516a27e0905a93992
2026-09-05T01:26:41.840793+00:00,singapore|2026_09_05|highest_temperature|c|wsss,957692,4182163,Singapore,WSSS,NOAA_NWS,2026-09-05,highest_temperature,C,exact,32.0,32.0,32.0,32°C,0.09,0.91,0.07,0.11,0.039999999999999994,2287.4938829999996,1498.4235,True,True,0xccda9455d3979e80207b217a6af06babc41c707fe6972e01d3540013e03bd833
2026-09-05T01:26:41.840898+00:00,singapore|2026_09_05|highest_temperature|c|wsss,957692,4182164,Singapore,WSSS,NOAA_NWS,2026-09-05,highest_temperature,C,exact,33.0,33.0,33.0,33°C,0.82,0.18,0.79,0.85,0.05999999999999994,3375.12383,1044.6657,True,True,0xe21357d37f8d55453a8a839b6b4d69e474bec63b4f234163717a3cb0b80a4ee8
2026-09-05T01:26:41.841006+00:00,singapore|2026_09_05|highest_temperature|c|wsss,957692,4182165,Singapore,WSSS,NOAA_NWS,2026-09-05,highest_temperature,C,exact,34.0,34.0,34.0,34°C,0.085,0.915,0.06,0.11,0.05,4878.06324,1074.4821,True,True,0x8a30d5ea79560fd28dda7ac310bc44bfb4be58285250444c444d1c2929f819be
2026-09-05T01:26:41.841117+00:00,singapore|2026_09_05|highest_temperature|c|wsss,957692,4182166,Singapore,WSSS,NOAA_NWS,2026-09-05,highest_temperature,C,exact,35.0,35.0,35.0,35°C,0.01,0.99,,0.02,,588.71,1106.0542,True,True,0x3bcceaec37fc214b720212a02c85ac5b6099f65d39c9ec3fe308cb6dbbc0ae35
2026-09-05T01:26:41.841224+00:00,singapore|2026_09_05|highest_temperature|c|wsss,957692,4182167,Singapore,WSSS,NOAA_NWS,2026-09-05,highest_temperature,C,exact,36.0,36.0,36.0,36°C,0.0015,0.9985,,0.003,,1821.2728430000002,1934.11842,True,True,0x0479a01a97d041fc18b37106ed872351c8abed9f0eaec5ac63da38d41ace2909
2026-09-05T01:26:41.841336+00:00,singapore|2026_09_05|highest_temperature|c|wsss,957692,4182168,Singapore,WSSS,NOAA_NWS,2026-09-05,highest_temperature,C,exact,37.0,37.0,37.0,37°C,0.0005,0.9995,,0.001,,290.644,2439.6303,True,True,0x7ceead133a87503801cd14998b04948e99d23471993735aefbf8994430672708
2026-09-05T01:26:41.841468+00:00,singapore|2026_09_05|highest_temperature|c|wsss,957692,4182169,Singapore,WSSS,NOAA_NWS,2026-09-05,highest_temperature,C,or_higher,38.0,38.0,,38°C or higher,0.0005,0.9995,,0.001,,106.988,5440.98462,True,True,0x9558cc4b6da190879e4c650a999420b6383014231fab56565d17dda736904c80
2026-09-05T01:26:41.841582+00:00,milan|2026_09_05|highest_temperature|c|limc,957693,4182170,Milan,LIMC,NOAA_NWS,2026-09-05,highest_temperature,C,or_lower,28.0,,28.0,28°C or below,0.0005,0.9995,,0.001,,2536.880833,3228.87525,True,True,0xbbaac1dd96b6416168596d3651543e051108d60a631c0efe15f2ce1dc94c4313
2026-09-05T01:26:41.841695+00:00,milan|2026_09_05|highest_temperature|c|limc,957693,4182171,Milan,LIMC,NOAA_NWS,2026-09-05,highest_temperature,C,exact,29.0,29.0,29.0,29°C,0.001,0.999,,0.002,,2521.8587559999996,3472.19491,True,True,0x91477c214f029930c7358e2519a71b3448e228a446abd4a759ea6cdb43a13486
2026-09-05T01:26:41.841803+00:00,milan|2026_09_05|highest_temperature|c|limc,957693,4182172,Milan,LIMC,NOAA_NWS,2026-09-05,highest_temperature,C,exact,30.0,30.0,30.0,30°C,0.0025,0.9975,,0.005,,735.23897,2857.96168,True,True,0x2b721f99451ce47a9af22814d61196e144400c7375413ede3c632b6321724586
2026-09-05T01:26:41.841908+00:00,milan|2026_09_05|highest_temperature|c|limc,957693,4182173,Milan,LIMC,NOAA_NWS,2026-09-05,highest_temperature,C,exact,31.0,31.0,31.0,31°C,0.0055,0.9945,0.001,0.01,0.009000000000000001,1301.536397,2177.93893,True,True,0x6a0a521dee70aefe31ea2efcfe080e330007e8332474bec166295d5f71d434e4
2026-09-05T01:26:41.842014+00:00,milan|2026_09_05|highest_temperature|c|limc,957693,4182174,Milan,LIMC,NOAA_NWS,2026-09-05,highest_temperature,C,exact,32.0,32.0,32.0,32°C,0.08,0.92,0.06,0.1,0.04000000000000001,2795.812804,1102.8065,True,True,0xa26e4f07469c17ec9ac0667ce458fc5ac40a24c157004a7d6594ff6f8fd75152
2026-09-05T01:26:41.842119+00:00,milan|2026_09_05|highest_temperature|c|limc,957693,4182175,Milan,LIMC,NOAA_NWS,2026-09-05,highest_temperature,C,exact,33.0,33.0,33.0,33°C,0.63,0.37,0.62,0.64,0.020000000000000018,5778.8972570000005,1510.7557,True,True,0x007cfd53975ef28c87cfe9506a40efd118006e7bc701b6aa855e15fc4fc4a0bf
2026-09-05T01:26:41.842223+00:00,milan|2026_09_05|highest_temperature|c|limc,957693,4182176,Milan,LIMC,NOAA_NWS,2026-09-05,highest_temperature,C,exact,34.0,34.0,34.0,34°C,0.27,0.73,0.25,0.29,0.03999999999999998,2521.108508,1109.4486,True,True,0xa112780ce724cf8b4405d82282551d38451825c2754a347f9686f7816011f39d
2026-09-05T01:26:41.842328+00:00,milan|2026_09_05|highest_temperature|c|limc,957693,4182177,Milan,LIMC,NOAA_NWS,2026-09-05,highest_temperature,C,exact,35.0,35.0,35.0,35°C,0.03,0.97,0.02,0.04,0.02,1467.690897,1164.6446,True,True,0x514a9200d7df0d3f75b18a8d973c8de5dac0c53e85fd7adac754551c3b975d8c
2026-09-05T01:26:41.842453+00:00,milan|2026_09_05|highest_temperature|c|limc,957693,4182178,Milan,LIMC,NOAA_NWS,2026-09-05,highest_temperature,C,exact,36.0,36.0,36.0,36°C,0.0005,0.9995,,0.001,,371.40153300000003,1269.51163,True,True,0x501469fa5c0be7faad3d5f59ffd3424ab05e01afbea11269d2ae09ca2133277e
2026-09-05T01:26:41.842561+00:00,milan|2026_09_05|highest_temperature|c|limc,957693,4182179,Milan,LIMC,NOAA_NWS,2026-09-05,highest_temperature,C,exact,37.0,37.0,37.0,37°C,0.0015,0.9985,0.001,0.002,0.001,1236.2882,1986.72171,True,True,0xaa7769e6993ca3c4c30abfb594692c5593bf07828148037cc0df6bdc76eac4b2
2026-09-05T01:26:41.842665+00:00,milan|2026_09_05|highest_temperature|c|limc,957693,4182180,Milan,LIMC,NOAA_NWS,2026-09-05,highest_temperature,C,or_higher,38.0,38.0,,38°C or higher,0.0005,0.9995,,0.001,,1057.637,2885.15867,True,True,0x29c8d6dda731c37843e962f860f44587573d5ba56ed898d86ff172a60a770237
2026-09-05T01:26:41.842774+00:00,madrid|2026_09_05|highest_temperature|c|lemd,957694,4182181,Madrid,LEMD,NOAA_NWS,2026-09-05,highest_temperature,C,or_lower,33.0,,33.0,33°C or below,0.001,0.999,,0.002,,1858.5477220000002,1420.33632,True,True,0xecd6554f4e87a284a97e908b32b7e9f8ec9d5bd9f8cdf46d25b7dc09fbd45c53
2026-09-05T01:26:41.842881+00:00,madrid|2026_09_05|highest_temperature|c|lemd,957694,4182182,Madrid,LEMD,NOAA_NWS,2026-09-05,highest_temperature,C,exact,34.0,34.0,34.0,34°C,0.015,0.985,0.011,0.019,0.008,1558.8891250000001,2158.08617,True,True,0x6169c2e67876f64277d3386e3c5b3e53cc4a5041af54cfe4734d6f1ad4c830fd
2026-09-05T01:26:41.842987+00:00,madrid|2026_09_05|highest_temperature|c|lemd,957694,4182183,Madrid,LEMD,NOAA_NWS,2026-09-05,highest_temperature,C,exact,35.0,35.0,35.0,35°C,0.065,0.935,0.06,0.07,0.010000000000000009,3293.7869789999995,2257.8697,True,True,0xd7a6bc3cab180941cd9de2092d46fbb86360e4c6161eda9202c4780d30585d27
2026-09-05T01:26:41.843098+00:00,madrid|2026_09_05|highest_temperature|c|lemd,957694,4182184,Madrid,LEMD,NOAA_NWS,2026-09-05,highest_temperature,C,exact,36.0,36.0,36.0,36°C,0.255,0.745,0.25,0.26,0.010000000000000009,5921.334647000001,2614.8225,True,True,0x3c47f928ad001f6957aaa2f879e67fa276b51122697c44c93a75a7414658f0ab
2026-09-05T01:26:41.843206+00:00,madrid|2026_09_05|highest_temperature|c|lemd,957694,4182185,Madrid,LEMD,NOAA_NWS,2026-09-05,highest_temperature,C,exact,37.0,37.0,37.0,37°C,0.5,0.5,0.49,0.51,0.020000000000000018,5530.247399,1884.0628,True,True,0xcdc3e2083e2d82968c72e1c88068398723db089c52d5045c13e8885c5b247552
2026-09-05T01:26:41.843317+00:00,madrid|2026_09_05|highest_temperature|c|lemd,957694,4182186,Madrid,LEMD,NOAA_NWS,2026-09-05,highest_temperature,C,exact,38.0,38.0,38.0,38°C,0.155,0.845,0.15,0.16,0.010000000000000009,7725.239651,2025.1281,True,True,0xfc82024e3fbe057487793f42879fa76ef13863d8460c57dd198e0a4a05a322fa
2026-09-05T01:26:41.843458+00:00,madrid|2026_09_05|highest_temperature|c|lemd,957694,4182187,Madrid,LEMD,NOAA_NWS,2026-09-05,highest_temperature,C,exact,39.0,39.0,39.0,39°C,0.035,0.965,0.03,0.04,0.010000000000000002,3367.3916019999997,3182.6932,True,True,0xa9d8ee5bfeb6d95beb16c10f59a7dfdab54e8d50570da76e8d61e6bfe6c3a97e
2026-09-05T01:26:41.843575+00:00,madrid|2026_09_05|highest_temperature|c|lemd,957694,4182188,Madrid,LEMD,NOAA_NWS,2026-09-05,highest_temperature,C,exact,40.0,40.0,40.0,40°C,0.0015,0.9985,0.001,0.002,0.001,1380.8165529999999,1208.16209,True,True,0xbea3af882fcd1fffe0c1f7d12f0195429773aa30d86a62cc577603081c659533
2026-09-05T01:26:41.843679+00:00,madrid|2026_09_05|highest_temperature|c|lemd,957694,4182189,Madrid,LEMD,NOAA_NWS,2026-09-05,highest_temperature,C,exact,41.0,41.0,41.0,41°C,0.0005,0.9995,,0.001,,137.055,1410.10865,True,True,0x3b957952403f3687fd9dccaa034dbf1aebb5cf9d858872e2353bec097cd328db
2026-09-05T01:26:41.843784+00:00,madrid|2026_09_05|highest_temperature|c|lemd,957694,4182190,Madrid,LEMD,NOAA_NWS,2026-09-05,highest_temperature,C,exact,42.0,42.0,42.0,42°C,0.0005,0.9995,,0.001,,45.99,5736.61058,True,True,0xbff4a5ebfbe20109e1f46164e33d83193d9a2285ccf663d703d4426e68a48bd8
2026-09-05T01:26:41.843887+00:00,madrid|2026_09_05|highest_temperature|c|lemd,957694,4182191,Madrid,LEMD,NOAA_NWS,2026-09-05,highest_temperature,C,or_higher,43.0,43.0,,43°C or higher,0.0005,0.9995,,0.001,,,5569.42452,True,True,0xa673fdf499fb5879329fbe220fed48b5d1f2e598998e7f7cdf991184cc7f01b4
2026-09-05T01:26:41.843996+00:00,warsaw|2026_09_05|highest_temperature|c|epwa,957695,4182192,Warsaw,EPWA,NOAA_NWS,2026-09-05,highest_temperature,C,or_lower,18.0,,18.0,18°C or below,0.0085,0.9915,0.003,0.014,0.011,199.270133,413.06364,True,True,0x7f68faeccf3208d34c8f29caa5a6f391ebd958c9c01d3228d20c8e6d2f7ef283
2026-09-05T01:26:41.844105+00:00,warsaw|2026_09_05|highest_temperature|c|epwa,957695,4182193,Warsaw,EPWA,NOAA_NWS,2026-09-05,highest_temperature,C,exact,19.0,19.0,19.0,19°C,0.03,0.97,0.02,0.04,0.02,248.110491,651.7065,True,True,0x8ae8311296a0b0a298c221142b5a44f67d7438dce9ace97b65a556364b96bddd
2026-09-05T01:26:41.844211+00:00,warsaw|2026_09_05|highest_temperature|c|epwa,957695,4182194,Warsaw,EPWA,NOAA_NWS,2026-09-05,highest_temperature,C,exact,20.0,20.0,20.0,20°C,0.215,0.785,0.21,0.22,0.010000000000000009,961.9709019999999,3327.9538,True,True,0x0f20856353cbb136558fdd100c2d63bc2466715e9e4fe37845d5b1c442574dea
2026-09-05T01:26:41.844316+00:00,warsaw|2026_09_05|highest_temperature|c|epwa,957695,4182195,Warsaw,EPWA,NOAA_NWS,2026-09-05,highest_temperature,C,exact,21.0,21.0,21.0,21°C,0.615,0.385,0.61,0.62,0.010000000000000009,1895.5217209999998,13226.9792,True,True,0x826d2336cc175ce8e1265aedf263586d237ba5c033df4a00fd4eb4b8325d864d
2026-09-05T01:26:41.844443+00:00,warsaw|2026_09_05|highest_temperature|c|epwa,957695,4182196,Warsaw,EPWA,NOAA_NWS,2026-09-05,highest_temperature,C,exact,22.0,22.0,22.0,22°C,0.16,0.84,0.15,0.17,0.020000000000000018,1042.671233,5773.3497,True,True,0x023a751b984329fac819af2c79428ebd652452b0634266bd6becda943f23d19f
2026-09-05T01:26:41.844550+00:00,warsaw|2026_09_05|highest_temperature|c|epwa,957695,4182197,Warsaw,EPWA,NOAA_NWS,2026-09-05,highest_temperature,C,exact,23.0,23.0,23.0,23°C,0.0095,0.9905,0.003,0.016,0.013000000000000001,345.93583299999995,647.25829,True,True,0x964d5d0e5b0ca65c26c46ba4eb9acedc2c33c85590946fe8c018c9e217dd0aad
2026-09-05T01:26:41.844664+00:00,warsaw|2026_09_05|highest_temperature|c|epwa,957695,4182198,Warsaw,EPWA,NOAA_NWS,2026-09-05,highest_temperature,C,exact,24.0,24.0,24.0,24°C,0.0015,0.9985,0.001,0.002,0.001,292.0859,1295.90954,True,True,0x1761fd86e7ef3eb3b7c45b2d93fdfe535390a690832f4681faa01400a138a65e
2026-09-05T01:26:41.844775+00:00,warsaw|2026_09_05|highest_temperature|c|epwa,957695,4182199,Warsaw,EPWA,NOAA_NWS,2026-09-05,highest_temperature,C,exact,25.0,25.0,25.0,25°C,0.0005,0.9995,,0.001,,335.814026,1866.5663,True,True,0xb688ded79daff17fe29cd951d7619592ee049c7e27b5faa3f0d2c87169b37aa4
2026-09-05T01:26:41.844879+00:00,warsaw|2026_09_05|highest_temperature|c|epwa,957695,4182200,Warsaw,EPWA,NOAA_NWS,2026-09-05,highest_temperature,C,exact,26.0,26.0,26.0,26°C,0.0005,0.9995,,0.001,,,5419.7605,True,True,0xf4ad3b0f3744c6653a2627e59886fadaad485aac559986900b7c4ceff0f91127
2026-09-05T01:26:41.844983+00:00,warsaw|2026_09_05|highest_temperature|c|epwa,957695,4182201,Warsaw,EPWA,NOAA_NWS,2026-09-05,highest_temperature,C,exact,27.0,27.0,27.0,27°C,0.0005,0.9995,,0.001,,0.99,5683.65949,True,True,0xef923c2a6acc2e977631d4c83468a2f0bf1948a0c05d5996bad3af1df86b99c4
2026-09-05T01:26:41.845087+00:00,warsaw|2026_09_05|highest_temperature|c|epwa,957695,4182202,Warsaw,EPWA,NOAA_NWS,2026-09-05,highest_temperature,C,or_higher,28.0,28.0,,28°C or higher,0.0005,0.9995,,0.001,,0.99,5686.25901,True,True,0xe665595dc383be575e89228c225882445a8831e19c45a0c08d669df825f2cef9
2026-09-05T01:26:41.845203+00:00,taipei|2026_09_05|highest_temperature|c|unknown,957696,4182203,Taipei,,WEATHER_UNDERGROUND,2026-09-05,highest_temperature,C,or_lower,25.0,,25.0,25°C or below,0.0005,0.9995,,0.001,,336.308,5898.33171,True,True,0xfe0333739ca70fd2057d0b1553eb5fa4b2982db0662b563db1072e515b5a8b7d
2026-09-05T01:26:41.845313+00:00,taipei|2026_09_05|highest_temperature|c|unknown,957696,4182204,Taipei,,WEATHER_UNDERGROUND,2026-09-05,highest_temperature,C,exact,26.0,26.0,26.0,26°C,0.0005,0.9995,,0.001,,1706.270078,7756.96029,True,True,0x40703ff0e7610030d3a0b74659c704ed319f16f5e2fc7354b4642095ecf04158
2026-09-05T01:26:41.845443+00:00,taipei|2026_09_05|highest_temperature|c|unknown,957696,4182205,Taipei,,WEATHER_UNDERGROUND,2026-09-05,highest_temperature,C,exact,27.0,27.0,27.0,27°C,0.002,0.998,0.001,0.003,0.002,3039.4921010000003,865.4153,True,True,0x219fa639d0518a8eb2e3d27f40a25b094b5725a66534f14fc4d9880c26b3a921
2026-09-05T01:26:41.845551+00:00,taipei|2026_09_05|highest_temperature|c|unknown,957696,4182206,Taipei,,WEATHER_UNDERGROUND,2026-09-05,highest_temperature,C,exact,28.0,28.0,28.0,28°C,0.08,0.92,0.07,0.09,0.01999999999999999,1669.5352700000003,382.8333,True,True,0xfc157e94f8cadef4e32f61b243a2aada80b4843d917d20face3386c86ae187c1
2026-09-05T01:26:41.845658+00:00,taipei|2026_09_05|highest_temperature|c|unknown,957696,4182207,Taipei,,WEATHER_UNDERGROUND,2026-09-05,highest_temperature,C,exact,29.0,29.0,29.0,29°C,0.17,0.83,0.15,0.19,0.04000000000000001,928.848551,320.3411,True,True,0xb984839c4eb87a40af3beb98ed68871c48901f242b573c9491c28faa178b5c74
2026-09-05T01:26:41.845764+00:00,taipei|2026_09_05|highest_temperature|c|unknown,957696,4182208,Taipei,,WEATHER_UNDERGROUND,2026-09-05,highest_temperature,C,exact,30.0,30.0,30.0,30°C,0.35,0.65,0.34,0.36,0.019999999999999962,564.14448,384.1864,True,True,0xd3692bb5a765e1f32c7162d741e38b0be53d575bc08b9df142ce7c3ecdf8f2d0
2026-09-05T01:26:41.845870+00:00,taipei|2026_09_05|highest_temperature|c|unknown,957696,4182209,Taipei,,WEATHER_UNDERGROUND,2026-09-05,highest_temperature,C,exact,31.0,31.0,31.0,31°C,0.265,0.735,0.26,0.27,0.010000000000000009,852.4810250000002,665.1737,True,True,0x1d6a7d4dc2744fcefb829145fd324f986947da396b94bf6dcb6343e88d3e4b0c
2026-09-05T01:26:41.845975+00:00,taipei|2026_09_05|highest_temperature|c|unknown,957696,4182210,Taipei,,WEATHER_UNDERGROUND,2026-09-05,highest_temperature,C,exact,32.0,32.0,32.0,32°C,0.125,0.875,0.11,0.14,0.030000000000000013,1498.026285,423.5322,True,True,0x9c9bc0b446d690d290a95ae97b02d091bd75481d5ae867b3cd2356f61174f2b4
2026-09-05T01:26:41.846080+00:00,taipei|2026_09_05|highest_temperature|c|unknown,957696,4182211,Taipei,,WEATHER_UNDERGROUND,2026-09-05,highest_temperature,C,exact,33.0,33.0,33.0,33°C,0.035,0.965,0.03,0.04,0.010000000000000002,1053.868815,926.9929,True,True,0xd10ada28dea088a063c423fa06034e8e27555430ff978eb3b5710f84dfa296b3
2026-09-05T01:26:41.846185+00:00,taipei|2026_09_05|highest_temperature|c|unknown,957696,4182212,Taipei,,WEATHER_UNDERGROUND,2026-09-05,highest_temperature,C,exact,34.0,34.0,34.0,34°C,0.004,0.996,0.001,0.007,0.006,662.7360499999999,1735.7593,True,True,0xf3f4bf837bbff81a5c36b3ee47dceb1ea34aeab1df5337aa58c8d44ad3896c47
2026-09-05T01:26:41.846290+00:00,taipei|2026_09_05|highest_temperature|c|unknown,957696,4182213,Taipei,,WEATHER_UNDERGROUND,2026-09-05,highest_temperature,C,or_higher,35.0,35.0,,35°C or higher,0.001,0.999,,0.002,,714.993,1513.59746,True,True,0xcc94a287d06ceb6c00f0f6d272d3539ffb713497782d4fc99be8ac896fea305d
2026-09-05T01:26:41.846419+00:00,chongqing|2026_09_05|highest_temperature|c|zuck,957697,4182214,Chongqing,ZUCK,NOAA_NWS,2026-09-05,highest_temperature,C,or_lower,30.0,,30.0,30°C or below,0.0015,0.9985,0.001,0.002,0.001,1116.7175,1532.04522,True,True,0xa15826ad8374d51d46d621681d97dce09a301403eda52734bc886ca72b016932
2026-09-05T01:26:41.846534+00:00,chongqing|2026_09_05|highest_temperature|c|zuck,957697,4182216,Chongqing,ZUCK,NOAA_NWS,2026-09-05,highest_temperature,C,exact,31.0,31.0,31.0,31°C,0.002,0.998,0.001,0.003,0.002,1437.099003,1637.40048,True,True,0x0d15329eb2f7cf756ab5a9111ee41738907a075fa25b2f34e9989c9e15719f96
2026-09-05T01:26:41.846641+00:00,chongqing|2026_09_05|highest_temperature|c|zuck,957697,4182217,Chongqing,ZUCK,NOAA_NWS,2026-09-05,highest_temperature,C,exact,32.0,32.0,32.0,32°C,0.01,0.99,0.002,0.018,0.016,1445.293294,1153.9209,True,True,0x0b73b7e5724c4874ca6fdb7abe7d9134edb65fe9c55cde2a6d8959a1dc6b1a03
2026-09-05T01:26:41.846753+00:00,chongqing|2026_09_05|highest_temperature|c|zuck,957697,4182218,Chongqing,ZUCK,NOAA_NWS,2026-09-05,highest_temperature,C,exact,33.0,33.0,33.0,33°C,0.045,0.955,0.04,0.05,0.010000000000000002,897.2351560000001,597.8638,True,True,0xd9e9d3e8070f2c95a1bb960ef8ca7dd3760492ebdcf50910babefd4beddf4880
2026-09-05T01:26:41.846860+00:00,chongqing|2026_09_05|highest_temperature|c|zuck,957697,4182224,Chongqing,ZUCK,NOAA_NWS,2026-09-05,highest_temperature,C,exact,34.0,34.0,34.0,34°C,0.12,0.88,0.11,0.13,0.020000000000000004,919.1313879999999,499.1337,True,True,0xe48350fe8b3cd689ebd7d550c7ec872cb017f89e0019ce7540acc941afc1edcf
2026-09-05T01:26:41.846974+00:00,chongqing|2026_09_05|highest_temperature|c|zuck,957697,4182225,Chongqing,ZUCK,NOAA_NWS,2026-09-05,highest_temperature,C,exact,35.0,35.0,35.0,35°C,0.34,0.66,0.32,0.36,0.03999999999999998,4086.4150659999996,897.8904,True,True,0xc43fcf28d07bcb164818cc0f8eb7c0c1f721a8a4b86e2101899dd7d60fa624d2
2026-09-05T01:26:41.847081+00:00,chongqing|2026_09_05|highest_temperature|c|zuck,957697,4182226,Chongqing,ZUCK,NOAA_NWS,2026-09-05,highest_temperature,C,exact,36.0,36.0,36.0,36°C,0.39,0.61,0.36,0.42,0.06,1183.6868060000002,561.5864,True,True,0xe77c92044aaf17d86094f122dc9ecf3f33b2f265173bc5eeb3abc7eff0366f09
2026-09-05T01:26:41.847187+00:00,chongqing|2026_09_05|highest_temperature|c|zuck,957697,4182228,Chongqing,ZUCK,NOAA_NWS,2026-09-05,highest_temperature,C,exact,37.0,37.0,37.0,37°C,0.105,0.895,0.09,0.12,0.03,867.402044,417.1126,True,True,0x21f48e64ff5edce8cb9c25919b523404cba682bdca50db61b8bd3e9bddf4a7da
2026-09-05T01:26:41.847292+00:00,chongqing|2026_09_05|highest_temperature|c|zuck,957697,4182229,Chongqing,ZUCK,NOAA_NWS,2026-09-05,highest_temperature,C,exact,38.0,38.0,38.0,38°C,0.015,0.985,0.01,0.02,0.01,818.8496309999999,1579.0526,True,True,0xe870f344d50baa0caaed09087600c4558de8720e74a7bbe86126f8ec481c995c
2026-09-05T01:26:41.847417+00:00,chongqing|2026_09_05|highest_temperature|c|zuck,957697,4182231,Chongqing,ZUCK,NOAA_NWS,2026-09-05,highest_temperature,C,exact,39.0,39.0,39.0,39°C,0.0015,0.9985,0.001,0.002,0.001,1867.9204,1770.48734,True,True,0x749f0ee45f2277abdf381b1be2eb71f8fa6ee65887260124df433156d3e3f05e
2026-09-05T01:26:41.847528+00:00,chongqing|2026_09_05|highest_temperature|c|zuck,957697,4182232,Chongqing,ZUCK,NOAA_NWS,2026-09-05,highest_temperature,C,or_higher,40.0,40.0,,40°C or higher,0.0005,0.9995,,0.001,,143.872492,1448.20748,True,True,0xe7fbf1846968110f38ed981baea6d952586bddabe4d39073a0f6149bfe07a1e4
2026-09-05T01:26:41.847645+00:00,beijing|2026_09_05|highest_temperature|c|zbaa,957706,4182233,Beijing,ZBAA,NOAA_NWS,2026-09-05,highest_temperature,C,or_lower,28.0,,28.0,28°C or below,0.0005,0.9995,,0.001,,381.965,2400.37323,True,True,0x6e42d3a630f84d396ae86ab9abeabbef5220fdb599f5324c86a3dcf74eadfd0a
2026-09-05T01:26:41.847756+00:00,beijing|2026_09_05|highest_temperature|c|zbaa,957706,4182234,Beijing,ZBAA,NOAA_NWS,2026-09-05,highest_temperature,C,exact,29.0,29.0,29.0,29°C,0.0025,0.9975,0.001,0.004,0.003,1109.537008,2000.95322,True,True,0x2b3452f7e553342bd8f8b4c4d93fe8d561e9532908687ae86523887e65419382
2026-09-05T01:26:41.847863+00:00,beijing|2026_09_05|highest_temperature|c|zbaa,957706,4182235,Beijing,ZBAA,NOAA_NWS,2026-09-05,highest_temperature,C,exact,30.0,30.0,30.0,30°C,0.009,0.991,0.002,0.016,0.014,1086.383916,1566.88254,True,True,0xe23072714f8de1c97d5a5ae4e54e0b141b2301fbdcaaba227dc82049fd7f3776
2026-09-05T01:26:41.847970+00:00,beijing|2026_09_05|highest_temperature|c|zbaa,957706,4182236,Beijing,ZBAA,NOAA_NWS,2026-09-05,highest_temperature,C,exact,31.0,31.0,31.0,31°C,0.045,0.955,0.04,0.05,0.010000000000000002,975.6084189999999,983.1437,True,True,0x4258c2321c6ce38a6784e36a31f2bbd2a3c8f12a2679852d072567b02c22d3a9
2026-09-05T01:26:41.848075+00:00,beijing|2026_09_05|highest_temperature|c|zbaa,957706,4182237,Beijing,ZBAA,NOAA_NWS,2026-09-05,highest_temperature,C,exact,32.0,32.0,32.0,32°C,0.135,0.865,0.12,0.15,0.03,2671.701984,1365.1099,True,True,0x78943790e1fca9c5315f659547356c2c0dc1eaf3b5943cf6ab5b1bac1c81609f
2026-09-05T01:26:41.848181+00:00,beijing|2026_09_05|highest_temperature|c|zbaa,957706,4182238,Beijing,ZBAA,NOAA_NWS,2026-09-05,highest_temperature,C,exact,33.0,33.0,33.0,33°C,0.44,0.56,0.43,0.45,0.020000000000000018,1276.280936,1000.5464,True,True,0x19a1813be08e6cff1be742fc4487ea40edd49dafb31d1171c47f01a48fe9a784
2026-09-05T01:26:41.848285+00:00,beijing|2026_09_05|highest_temperature|c|zbaa,957706,4182239,Beijing,ZBAA,NOAA_NWS,2026-09-05,highest_temperature,C,exact,34.0,34.0,34.0,34°C,0.32,0.68,0.31,0.33,0.020000000000000018,1126.4928279999997,1495.5305,True,True,0xe8bb46c791c3fbd7250c1e506d1eac94052ace81aed24fc3b867bade496821cb
2026-09-05T01:26:41.848435+00:00,beijing|2026_09_05|highest_temperature|c|zbaa,957706,4182240,Beijing,ZBAA,NOAA_NWS,2026-09-05,highest_temperature,C,exact,35.0,35.0,35.0,35°C,0.035,0.965,0.02,0.05,0.030000000000000002,1555.1944660000001,1440.9608,True,True,0xb236aef38d5296be02cfb62c9a8f6101f287916bffd8970433aa0a7044c2201a
2026-09-05T01:26:41.848553+00:00,beijing|2026_09_05|highest_temperature|c|zbaa,957706,4182241,Beijing,ZBAA,NOAA_NWS,2026-09-05,highest_temperature,C,exact,36.0,36.0,36.0,36°C,0.0005,0.9995,,0.001,,496.6064,975.04582,True,True,0x10c9d7277f5fc4dec4003e4a7c2e232e4d29cf6d37d3ea5376641f195cb87aff
2026-09-05T01:26:41.848665+00:00,beijing|2026_09_05|highest_temperature|c|zbaa,957706,4182242,Beijing,ZBAA,NOAA_NWS,2026-09-05,highest_temperature,C,exact,37.0,37.0,37.0,37°C,0.002,0.998,,0.004,,232.96800000000002,1649.217,True,True,0x72f8444a62ab162662f2407d552674da1bf0da108388fa70c18b8e1c724f9073
2026-09-05T01:26:41.848772+00:00,beijing|2026_09_05|highest_temperature|c|zbaa,957706,4182243,Beijing,ZBAA,NOAA_NWS,2026-09-05,highest_temperature,C,or_higher,38.0,38.0,,38°C or higher,0.002,0.998,,0.004,,265.591,2241.54408,True,True,0xe99efe39b8114c7bef8b005eabae0f1e79d5f4240c05bac261541cd89b81552d
2026-09-05T01:26:41.848886+00:00,wuhan|2026_09_05|highest_temperature|c|zhhh,957707,4182244,Wuhan,ZHHH,NOAA_NWS,2026-09-05,highest_temperature,C,or_lower,27.0,,27.0,27°C or below,0.003,0.997,0.001,0.005,0.004,2642.2547909999994,1315.014,True,True,0xb0aa99e03ed766820c8557a60488705af9d36fb1f3ef5ff6328d3ecab7574e81
2026-09-05T01:26:41.848998+00:00,wuhan|2026_09_05|highest_temperature|c|zhhh,957707,4182245,Wuhan,ZHHH,NOAA_NWS,2026-09-05,highest_temperature,C,exact,28.0,28.0,28.0,28°C,0.0165,0.9835,0.014,0.019,0.004999999999999999,1592.332835,1878.79371,True,True,0x4378bec7524b7e77d4cd94a4b09a38813f2338678ae89d5a2c670f19de809c6e
2026-09-05T01:26:41.849104+00:00,wuhan|2026_09_05|highest_temperature|c|zhhh,957707,4182246,Wuhan,ZHHH,NOAA_NWS,2026-09-05,highest_temperature,C,exact,29.0,29.0,29.0,29°C,0.054,0.946,0.04,0.068,0.028000000000000004,696.990104,354.6982,True,True,0xacd52ac1a56b8b927b361b5f675aa4892e2221319215b96ee894e5a077b2c5f9
2026-09-05T01:26:41.849209+00:00,wuhan|2026_09_05|highest_temperature|c|zhhh,957707,4182247,Wuhan,ZHHH,NOAA_NWS,2026-09-05,highest_temperature,C,exact,30.0,30.0,30.0,30°C,0.26,0.74,0.24,0.28,0.040000000000000036,1013.3824079999999,534.445,True,True,0x2d42654024ec7c526c35438e500b678d6752542ae071ae2bb28a0f97faefd61a
2026-09-05T01:26:41.849319+00:00,wuhan|2026_09_05|highest_temperature|c|zhhh,957707,4182248,Wuhan,ZHHH,NOAA_NWS,2026-09-05,highest_temperature,C,exact,31.0,31.0,31.0,31°C,0.285,0.715,0.28,0.29,0.009999999999999953,1507.633517,383.4037,True,True,0x3648dbd90b4c770180478763b03b9daf85ff42d08d411ede93b4b11a4e535a12
2026-09-05T01:26:41.849445+00:00,wuhan|2026_09_05|highest_temperature|c|zhhh,957707,4182249,Wuhan,ZHHH,NOAA_NWS,2026-09-05,highest_temperature,C,exact,32.0,32.0,32.0,32°C,0.335,0.665,0.31,0.36,0.04999999999999999,713.965523,409.7584,True,True,0x8bf401d06aa8f785c0fa5402ef0d1b6334bc5aa0755dcf511a9c1f1975d4030a
2026-09-05T01:26:41.849554+00:00,wuhan|2026_09_05|highest_temperature|c|zhhh,957707,4182250,Wuhan,ZHHH,NOAA_NWS,2026-09-05,highest_temperature,C,exact,33.0,33.0,33.0,33°C,0.06,0.94,0.05,0.07,0.020000000000000004,1050.6585660000003,669.655,True,True,0xd100486c6ce58a5cdcf7dfa1e49444bea798544f739010615afdb9d1d20b4814
2026-09-05T01:26:41.849659+00:00,wuhan|2026_09_05|highest_temperature|c|zhhh,957707,4182251,Wuhan,ZHHH,NOAA_NWS,2026-09-05,highest_temperature,C,exact,34.0,34.0,34.0,34°C,0.04,0.96,0.03,0.05,0.020000000000000004,718.4591719999999,972.7746,True,True,0xeb774b2e0d8ea0ca217fb115d8db4bd7537dd078c8dbde822f014bb05d8cecf1
2026-09-05T01:26:41.849767+00:00,wuhan|2026_09_05|highest_temperature|c|zhhh,957707,4182252,Wuhan,ZHHH,NOAA_NWS,2026-09-05,highest_temperature,C,exact,35.0,35.0,35.0,35°C,0.001,0.999,,0.002,,745.53255,997.38656,True,True,0xd1f94d40fda30eb7d0bb6884ea741a5b69569384efef71e956a0705fd58970d8
2026-09-05T01:26:41.849873+00:00,wuhan|2026_09_05|highest_temperature|c|zhhh,957707,4182253,Wuhan,ZHHH,NOAA_NWS,2026-09-05,highest_temperature,C,exact,36.0,36.0,36.0,36°C,0.0005,0.9995,,0.001,,268.8,1444.05139,True,True,0xc9ffd590c4ab827f42883346fa61b02b04532f9e6f70d19c889c125bcc517aac
2026-09-05T01:26:41.849976+00:00,wuhan|2026_09_05|highest_temperature|c|zhhh,957707,4182254,Wuhan,ZHHH,NOAA_NWS,2026-09-05,highest_temperature,C,or_higher,37.0,37.0,,37°C or higher,0.001,0.999,,0.002,,592.6541609999999,5000.92993,True,True,0xdb202579188277508a3fe5479101d94821de8d98a26c6d29dc37468b4249c87d
2026-09-05T01:26:41.850084+00:00,chengdu|2026_09_05|highest_temperature|c|zuuu,957708,4182255,Chengdu,ZUUU,NOAA_NWS,2026-09-05,highest_temperature,C,or_lower,28.0,,28.0,28°C or below,0.0005,0.9995,,0.001,,1105.142687,2088.69979,True,True,0xe2a8451f952450590031751e192695a2a8961856fcf09da51ff7dc21abc30551
2026-09-05T01:26:41.850196+00:00,chengdu|2026_09_05|highest_temperature|c|zuuu,957708,4182256,Chengdu,ZUUU,NOAA_NWS,2026-09-05,highest_temperature,C,exact,29.0,29.0,29.0,29°C,0.0025,0.9975,0.001,0.004,0.003,1895.317667,1843.92703,True,True,0xc62a97a1e344e9ffdf1ccbd347bfe01d11fec25504557a9d2a637975e807374d
2026-09-05T01:26:41.850302+00:00,chengdu|2026_09_05|highest_temperature|c|zuuu,957708,4182257,Chengdu,ZUUU,NOAA_NWS,2026-09-05,highest_temperature,C,exact,30.0,30.0,30.0,30°C,0.004,0.996,0.001,0.007,0.006,172.2222,1278.76061,True,True,0x2e9beae3ca8cebbd7ea4053ae9f8dd32d6734438c97b5cd6e79efd1853bac4bb
2026-09-05T01:26:41.850431+00:00,chengdu|2026_09_05|highest_temperature|c|zuuu,957708,4182258,Chengdu,ZUUU,NOAA_NWS,2026-09-05,highest_temperature,C,exact,31.0,31.0,31.0,31°C,0.015,0.985,0.01,0.02,0.01,600.5906149999998,1234.1259,True,True,0xd9aaafc1126c046e57830d0d2ec3f9193d20eacea97c1d8c6bbf27a65acde39a
2026-09-05T01:26:41.850542+00:00,chengdu|2026_09_05|highest_temperature|c|zuuu,957708,4182259,Chengdu,ZUUU,NOAA_NWS,2026-09-05,highest_temperature,C,exact,32.0,32.0,32.0,32°C,0.035,0.965,0.03,0.04,0.010000000000000002,950.330181,1052.1077,True,True,0xf1cf5fc936a377ce770aeeaa32c2f50a1e71f4a3e7091919c8a996c5a3d08d7d
2026-09-05T01:26:41.850647+00:00,chengdu|2026_09_05|highest_temperature|c|zuuu,957708,4182260,Chengdu,ZUUU,NOAA_NWS,2026-09-05,highest_temperature,C,exact,33.0,33.0,33.0,33°C,0.14,0.86,0.13,0.15,0.01999999999999999,946.902814,859.5972,True,True,0x09e478c7c5de76b71c5148163c3b31f489cb0f9f9ea3980f103e7c82978746d3
2026-09-05T01:26:41.850759+00:00,chengdu|2026_09_05|highest_temperature|c|zuuu,957708,4182261,Chengdu,ZUUU,NOAA_NWS,2026-09-05,highest_temperature,C,exact,34.0,34.0,34.0,34°C,0.365,0.635,0.36,0.37,0.010000000000000009,683.903707,1727.7618,True,True,0x3678e20bac16353b520d9f1b6a7b72a2748c840b67b2eff9e3f5e9f3f2d56d4f
2026-09-05T01:26:41.850865+00:00,chengdu|2026_09_05|highest_temperature|c|zuuu,957708,4182262,Chengdu,ZUUU,NOAA_NWS,2026-09-05,highest_temperature,C,exact,35.0,35.0,35.0,35°C,0.375,0.625,0.37,0.38,0.010000000000000009,1728.2304900000001,645.6376,True,True,0xc9555632ef20cf0773ee48942306fe0d9728b5ad52229c7bfd0bac745e68fe3d
2026-09-05T01:26:41.850971+00:00,chengdu|2026_09_05|highest_temperature|c|zuuu,957708,4182263,Chengdu,ZUUU,NOAA_NWS,2026-09-05,highest_temperature,C,exact,36.0,36.0,36.0,36°C,0.07,0.93,0.05,0.09,0.039999999999999994,1107.121255,646.2693,True,True,0x35b5d6e3a8520bf4cfae2189f49edc1f0e17a1eb00860f83806135c805a51654
2026-09-05T01:26:41.851077+00:00,chengdu|2026_09_05|highest_temperature|c|zuuu,957708,4182264,Chengdu,ZUUU,NOAA_NWS,2026-09-05,highest_temperature,C,exact,37.0,37.0,37.0,37°C,0.0055,0.9945,0.002,0.009,0.006999999999999999,477.958666,1808.95736,True,True,0x0a690617016eb6c56f8dfe3dc81290ceeb896bd754bcd1254b443622346885f3
2026-09-05T01:26:41.851182+00:00,chengdu|2026_09_05|highest_temperature|c|zuuu,957708,4182265,Chengdu,ZUUU,NOAA_NWS,2026-09-05,highest_temperature,C,or_higher,38.0,38.0,,38°C or higher,0.0005,0.9995,,0.001,,2171.654,1420.35983,True,True,0xae57486717dbf6492538849b56689af7f16c91f5eca506a0d7cf5463eb8a252d
2026-09-05T01:26:41.851292+00:00,shenzhen|2026_09_05|highest_temperature|c|zgsz,957709,4182266,Shenzhen,ZGSZ,NOAA_NWS,2026-09-05,highest_temperature,C,or_lower,23.0,,23.0,23°C or below,0.0005,0.9995,,0.001,,400.93999999999994,9635.70026,True,True,0xd84b50690d05a16159c4014440d098d6011e75759f803a56be9b313d17873a02
2026-09-05T01:26:41.851421+00:00,shenzhen|2026_09_05|highest_temperature|c|zgsz,957709,4182267,Shenzhen,ZGSZ,NOAA_NWS,2026-09-05,highest_temperature,C,exact,24.0,24.0,24.0,24°C,0.0005,0.9995,,0.001,,89.979078,12062.5224,True,True,0x444f6afacd3d3a2b2fb1c14024c4fcb7cef09dd0da5a98cca7c1572f741d753a
2026-09-05T01:26:41.851531+00:00,shenzhen|2026_09_05|highest_temperature|c|zgsz,957709,4182268,Shenzhen,ZGSZ,NOAA_NWS,2026-09-05,highest_temperature,C,exact,25.0,25.0,25.0,25°C,0.0005,0.9995,,0.001,,185.185,11472.17789,True,True,0xc4198bdb6dc339f145790f4fd4fba8acef01c6ad5c3ecfe154a34460409a4b87
2026-09-05T01:26:41.851638+00:00,shenzhen|2026_09_05|highest_temperature|c|zgsz,957709,4182269,Shenzhen,ZGSZ,NOAA_NWS,2026-09-05,highest_temperature,C,exact,26.0,26.0,26.0,26°C,0.0005,0.9995,,0.001,,253.248,8185.89091,True,True,0xc87fd025033cfdcb165b346c4f571a9015d4d9eacef93ed7c4405f9b2e3541a7
2026-09-05T01:26:41.851742+00:00,shenzhen|2026_09_05|highest_temperature|c|zgsz,957709,4182270,Shenzhen,ZGSZ,NOAA_NWS,2026-09-05,highest_temperature,C,exact,27.0,27.0,27.0,27°C,0.0005,0.9995,,0.001,,624.994,7307.31298,True,True,0x80219c319a2bd3a0fab569c22a26c89bf0b72a1ca2baaab7b29a6e096221f6a2
2026-09-05T01:26:41.851848+00:00,shenzhen|2026_09_05|highest_temperature|c|zgsz,957709,4182271,Shenzhen,ZGSZ,NOAA_NWS,2026-09-05,highest_temperature,C,exact,28.0,28.0,28.0,28°C,0.0005,0.9995,,0.001,,1386.1277,4417.62812,True,True,0x9a92257aa1403c41f4c762334d147803b40b18c72a1640cd2e2d734b2e7bd985
2026-09-05T01:26:41.851963+00:00,shenzhen|2026_09_05|highest_temperature|c|zgsz,957709,4182272,Shenzhen,ZGSZ,NOAA_NWS,2026-09-05,highest_temperature,C,exact,29.0,29.0,29.0,29°C,0.0005,0.9995,,0.001,,1289.0728049999998,5764.50466,True,True,0x3225ad8bdd86d9a921aeb1ffafdfce0227799b03e368d8ecf43911f502bf1ba7
2026-09-05T01:26:41.852073+00:00,shenzhen|2026_09_05|highest_temperature|c|zgsz,957709,4182273,Shenzhen,ZGSZ,NOAA_NWS,2026-09-05,highest_temperature,C,exact,30.0,30.0,30.0,30°C,0.02,0.98,0.01,0.03,0.019999999999999997,5666.528203999999,768.1963,True,True,0x3de40afcbc96b01cf555d131460b0933619de8cd0d959278b362036ecf97c4cb
2026-09-05T01:26:41.852184+00:00,shenzhen|2026_09_05|highest_temperature|c|zgsz,957709,4182274,Shenzhen,ZGSZ,NOAA_NWS,2026-09-05,highest_temperature,C,exact,31.0,31.0,31.0,31°C,0.255,0.745,0.23,0.28,0.05000000000000002,1565.0734,884.4295,True,True,0x4f936943b8ead38686577fe58f8591dc49c253ff277d074ecae938effcdb815c
2026-09-05T01:26:41.852292+00:00,shenzhen|2026_09_05|highest_temperature|c|zgsz,957709,4182275,Shenzhen,ZGSZ,NOAA_NWS,2026-09-05,highest_temperature,C,exact,32.0,32.0,32.0,32°C,0.595,0.405,0.59,0.6,0.010000000000000009,2939.830329,676.7235,True,True,0xe3f108758f901b721589d8212c5124b4cf842573672996dcb9aa1a3172cc023d
2026-09-05T01:26:41.852418+00:00,shenzhen|2026_09_05|highest_temperature|c|zgsz,957709,4182276,Shenzhen,ZGSZ,NOAA_NWS,2026-09-05,highest_temperature,C,or_higher,33.0,33.0,,33°C or higher,0.145,0.855,0.11,0.18,0.06999999999999999,2197.957327,153.678,True,True,0xf9b7100edf45b59ca77bac832fa2db4617c29735b53db4713424c3613a1b1a21
2026-09-05T01:26:41.852538+00:00,moscow|2026_09_05|highest_temperature|c|unknown,957710,4182277,Moscow,,,2026-09-05,highest_temperature,C,or_lower,13.0,,13.0,13°C or below,0.0005,0.9995,,0.001,,369.096,7636.90449,True,True,0x77ccc61dd0000826bf94a77708da6f8cb003a233469f6edf77d6c544eb98faaa
2026-09-05T01:26:41.852647+00:00,moscow|2026_09_05|highest_temperature|c|unknown,957710,4182278,Moscow,,,2026-09-05,highest_temperature,C,exact,14.0,14.0,14.0,14°C,0.0015,0.9985,0.001,0.002,0.001,217.379109,1016.20957,True,True,0xab7f0382ff80620311595136b1b6a6237a25cbe81da8eeb92cc3de9c55e630a1
2026-09-05T01:26:41.852750+00:00,moscow|2026_09_05|highest_temperature|c|unknown,957710,4182279,Moscow,,,2026-09-05,highest_temperature,C,exact,15.0,15.0,15.0,15°C,0.025,0.975,0.02,0.03,0.009999999999999998,1009.847757,1302.4113,True,True,0x6e84c55a19bc196d9dff2e239b674e3d1f7b6c5f8e5a4df22633ea275d25a811
2026-09-05T01:26:41.852854+00:00,moscow|2026_09_05|highest_temperature|c|unknown,957710,4182280,Moscow,,,2026-09-05,highest_temperature,C,exact,16.0,16.0,16.0,16°C,0.085,0.915,0.08,0.09,0.009999999999999995,3872.055777,2287.2106,True,True,0x8ab0e53c1e8f30f466a964287cf63fae6147dad72b94b2da7b70b7676df3e012
2026-09-05T01:26:41.852956+00:00,moscow|2026_09_05|highest_temperature|c|unknown,957710,4182281,Moscow,,,2026-09-05,highest_temperature,C,exact,17.0,17.0,17.0,17°C,0.265,0.735,0.25,0.28,0.030000000000000027,708.488463,5227.5615,True,True,0x149b8b19d26b8281ceb5bb512a2ba6e4fd09667312634d8571161b1a24664aa4
2026-09-05T01:26:41.853059+00:00,moscow|2026_09_05|highest_temperature|c|unknown,957710,4182282,Moscow,,,2026-09-05,highest_temperature,C,exact,18.0,18.0,18.0,18°C,0.42,0.58,0.41,0.43,0.020000000000000018,1983.8192410000001,13519.956,True,True,0x166d1bf57131680c1095963dcef8db12e32cfad4abee2436dada2141847535b8
2026-09-05T01:26:41.853163+00:00,moscow|2026_09_05|highest_temperature|c|unknown,957710,4182283,Moscow,,,2026-09-05,highest_temperature,C,exact,19.0,19.0,19.0,19°C,0.2,0.8,0.19,0.21,0.01999999999999999,2182.0007330000003,18348.1247,True,True,0xcf4cb8ad47a2a13736ef2e8cb109aebd2d0f1b8ec6beff623cfb37828178661d
2026-09-05T01:26:41.853268+00:00,moscow|2026_09_05|highest_temperature|c|unknown,957710,4182284,Moscow,,,2026-09-05,highest_temperature,C,exact,20.0,20.0,20.0,20°C,0.015,0.985,0.01,0.02,0.01,547.61873,888.2516,True,True,0x9aa6c7ea262d9a9b322b4e4604183bb1883b4290de16d95b9d6e03b716e4eec4
2026-09-05T01:26:41.853389+00:00,moscow|2026_09_05|highest_temperature|c|unknown,957710,4182285,Moscow,,,2026-09-05,highest_temperature,C,exact,21.0,21.0,21.0,21°C,0.0075,0.9925,0.002,0.013,0.011,454.60123,651.66808,True,True,0xc7c7d0958581faaafd26776652431f83041b00e391cc730a15b958ca7959f80f
2026-09-05T01:26:41.853500+00:00,moscow|2026_09_05|highest_temperature|c|unknown,957710,4182286,Moscow,,,2026-09-05,highest_temperature,C,exact,22.0,22.0,22.0,22°C,0.0005,0.9995,,0.001,,343.219166,1540.35443,True,True,0xb27322587da4f7e76c7d665e5cd43ecc99da76f59ff87e70aa04705499848baa
2026-09-05T01:26:41.853603+00:00,moscow|2026_09_05|highest_temperature|c|unknown,957710,4182287,Moscow,,,2026-09-05,highest_temperature,C,or_higher,23.0,23.0,,23°C or higher,0.0005,0.9995,,0.001,,170.98,2117.84693,True,True,0x6b46a8a08421113ab74c067c3b6df5c5691b9ca63fc160e96e7716b3a1f7d452
2026-09-05T01:26:41.853711+00:00,istanbul|2026_09_05|highest_temperature|c|unknown,957711,4182288,Istanbul,,,2026-09-05,highest_temperature,C,or_lower,22.0,,22.0,22°C or below,0.0005,0.9995,,0.001,,55.958,7830.81076,True,True,0x394f50dc5e1b1d926b66bd81c284b80b5efdac4bb941357f527a6a49548c3bb8
2026-09-05T01:26:41.853819+00:00,istanbul|2026_09_05|highest_temperature|c|unknown,957711,4182289,Istanbul,,,2026-09-05,highest_temperature,C,exact,23.0,23.0,23.0,23°C,0.002,0.998,0.001,0.003,0.002,149.5936,1199.07964,True,True,0xc3f05e55d8cb42a2a1dfbd3f6c67378d2f015f085c0a2e51c20f37358a393ee3
2026-09-05T01:26:41.853929+00:00,istanbul|2026_09_05|highest_temperature|c|unknown,957711,4182290,Istanbul,,,2026-09-05,highest_temperature,C,exact,24.0,24.0,24.0,24°C,0.0045,0.9955,0.001,0.008,0.007,92.5868,489.71868,True,True,0x1279fec37869a30769a1c23706a617338e8543f005861684fe28df8a7d92ff5a
2026-09-05T01:26:41.854037+00:00,istanbul|2026_09_05|highest_temperature|c|unknown,957711,4182291,Istanbul,,,2026-09-05,highest_temperature,C,exact,25.0,25.0,25.0,25°C,0.015,0.985,0.01,0.02,0.01,72.51639999999999,607.7418,True,True,0xae8fe0ae980fd5f8784e6c4e0a75de53b182cfa5656364146cf8fc332a206f4b
2026-09-05T01:26:41.854140+00:00,istanbul|2026_09_05|highest_temperature|c|unknown,957711,4182292,Istanbul,,,2026-09-05,highest_temperature,C,exact,26.0,26.0,26.0,26°C,0.115,0.885,0.1,0.13,0.03,2013.0179949999997,856.2536,True,True,0xbc8aee1f0fc65614ff826bee7c6d9bc7c55ba5a637c764f36666e786d300492e
2026-09-05T01:26:41.854250+00:00,istanbul|2026_09_05|highest_temperature|c|unknown,957711,4182293,Istanbul,,,2026-09-05,highest_temperature,C,exact,27.0,27.0,27.0,27°C,0.705,0.295,0.7,0.71,0.010000000000000009,1577.362273,8366.2117,True,True,0x5fe55cafb7d45c5a818ef605deb31895b6c5a50d656c4328872e268679c6b784
2026-09-05T01:26:41.854358+00:00,istanbul|2026_09_05|highest_temperature|c|unknown,957711,4182294,Istanbul,,,2026-09-05,highest_temperature,C,exact,28.0,28.0,28.0,28°C,0.115,0.885,0.11,0.12,0.009999999999999995,265.823395,512.0821,True,True,0xeafa6220b9902e4e6e22e7e45e0dae11f83b9ebd568cc82361381e3cfcfc505f
2026-09-05T01:26:41.854486+00:00,istanbul|2026_09_05|highest_temperature|c|unknown,957711,4182295,Istanbul,,,2026-09-05,highest_temperature,C,exact,29.0,29.0,29.0,29°C,0.025,0.975,0.02,0.03,0.009999999999999998,187.69250000000002,459.8822,True,True,0x69125fc63e7927e83179a98de959f7dcab0b87f431577e851a51ea3a1d869460
2026-09-05T01:26:41.854590+00:00,istanbul|2026_09_05|highest_temperature|c|unknown,957711,4182296,Istanbul,,,2026-09-05,highest_temperature,C,exact,30.0,30.0,30.0,30°C,0.004,0.996,0.002,0.006,0.004,273.586,730.44749,True,True,0xfa5d5a4f1de1cecffdad6896d62258ac85b527bdb17513061c8539391ee0f8e2
2026-09-05T01:26:41.854692+00:00,istanbul|2026_09_05|highest_temperature|c|unknown,957711,4182297,Istanbul,,,2026-09-05,highest_temperature,C,exact,31.0,31.0,31.0,31°C,0.003,0.997,0.001,0.005,0.004,151.02149999999997,1122.63437,True,True,0xc35c959f7eb76384599b16945214baa7a12cb127355066f5ca5910cd16556193
2026-09-05T01:26:41.854796+00:00,istanbul|2026_09_05|highest_temperature|c|unknown,957711,4182298,Istanbul,,,2026-09-05,highest_temperature,C,or_higher,32.0,32.0,,32°C or higher,0.0005,0.9995,,0.001,,365.97,1644.75808,True,True,0xb721d6f543f3e6bc137e923cc5a8ed695b3755d2bc03943c9e859db5f30c1559
2026-09-05T01:26:41.854903+00:00,busan|2026_09_05|highest_temperature|c|rkpk,957712,4182299,Busan,RKPK,NOAA_NWS,2026-09-05,highest_temperature,C,or_lower,22.0,,22.0,22°C or below,0.0005,0.9995,,0.001,,,23512.35707,True,True,0x427ca3ddcefa773357cb9aba6993ddcd3acfb629bb12d47f347286f678b15499
2026-09-05T01:26:41.855011+00:00,busan|2026_09_05|highest_temperature|c|rkpk,957712,4182300,Busan,RKPK,NOAA_NWS,2026-09-05,highest_temperature,C,exact,23.0,23.0,23.0,23°C,0.0005,0.9995,,0.001,,,23772.64381,True,True,0xbb4fdfa32fb471bd1a1e70685aebb6ea5db09941dc7d53c1717405e809a6fa21
2026-09-05T01:26:41.855117+00:00,busan|2026_09_05|highest_temperature|c|rkpk,957712,4182301,Busan,RKPK,NOAA_NWS,2026-09-05,highest_temperature,C,exact,24.0,24.0,24.0,24°C,0.0005,0.9995,,0.001,,102.81200000000001,20014.53749,True,True,0x4e10ea62942f513fd0ba2c49225c6dd104bb8c49eb6e941df9431277c219a82a
2026-09-05T01:26:41.855223+00:00,busan|2026_09_05|highest_temperature|c|rkpk,957712,4182302,Busan,RKPK,NOAA_NWS,2026-09-05,highest_temperature,C,exact,25.0,25.0,25.0,25°C,0.0005,0.9995,,0.001,,302.13645499999996,18761.37099,True,True,0x2ac2a2e6bb2192ba32795d46d650f434ca4f7d4a6f5425612a09bc39358b0089
2026-09-05T01:26:41.855327+00:00,busan|2026_09_05|highest_temperature|c|rkpk,957712,4182303,Busan,RKPK,NOAA_NWS,2026-09-05,highest_temperature,C,exact,26.0,26.0,26.0,26°C,0.0005,0.9995,,0.001,,2465.965,16898.50116,True,True,0xe015cd19d0bac244d3a4b6470d106a905a13034f7574d9c0bf9ae87bb320c9b5
2026-09-05T01:26:41.855455+00:00,busan|2026_09_05|highest_temperature|c|rkpk,957712,4182304,Busan,RKPK,NOAA_NWS,2026-09-05,highest_temperature,C,exact,27.0,27.0,27.0,27°C,0.0005,0.9995,,0.001,,1739.4257489999998,16071.19517,True,True,0x3da619bf7a297b825fd6297e65fdb6dcc62b22bd7ef673018409a8c357330d3b
2026-09-05T01:26:41.855564+00:00,busan|2026_09_05|highest_temperature|c|rkpk,957712,4182305,Busan,RKPK,NOAA_NWS,2026-09-05,highest_temperature,C,exact,28.0,28.0,28.0,28°C,0.12,0.88,0.1,0.14,0.04000000000000001,2251.0356559999996,460.785,True,True,0x9cbf92b0eab252e043af1c1a6958d3b4fb8a22df70f95dbc7aa787d39a487c54
2026-09-05T01:26:41.855671+00:00,busan|2026_09_05|highest_temperature|c|rkpk,957712,4182306,Busan,RKPK,NOAA_NWS,2026-09-05,highest_temperature,C,exact,29.0,29.0,29.0,29°C,0.465,0.535,0.44,0.49,0.04999999999999999,1197.09316,775.1702,True,True,0xbe1c62060b13c46abe16063f3bb2644a1a50dd88aa938b710ec304a9f9c3b6df
2026-09-05T01:26:41.855778+00:00,busan|2026_09_05|highest_temperature|c|rkpk,957712,4182307,Busan,RKPK,NOAA_NWS,2026-09-05,highest_temperature,C,exact,30.0,30.0,30.0,30°C,0.315,0.685,0.29,0.34,0.050000000000000044,1472.1699529999999,578.4381,True,True,0x173831ae5c59ae6ff769c27175b7d26e8ee11339950019c05a5aba14eb1834a3
2026-09-05T01:26:41.855883+00:00,busan|2026_09_05|highest_temperature|c|rkpk,957712,4182308,Busan,RKPK,NOAA_NWS,2026-09-05,highest_temperature,C,exact,31.0,31.0,31.0,31°C,0.09,0.91,0.07,0.11,0.039999999999999994,1150.719564,446.1229,True,True,0xe85408a9b18526e52a6bcbe6345617490640bd80d380a88244b2371a851d7579
2026-09-05T01:26:41.855986+00:00,busan|2026_09_05|highest_temperature|c|rkpk,957712,4182309,Busan,RKPK,NOAA_NWS,2026-09-05,highest_temperature,C,or_higher,32.0,32.0,,32°C or higher,0.012,0.988,0.006,0.018,0.011999999999999999,1489.902135,346.34674,True,True,0x8663423f28611c1ac67a5ef976a34be272273975308e7d9bfc351ce956381bb4
2026-09-05T01:26:41.856099+00:00,amsterdam|2026_09_05|highest_temperature|c|eham,957713,4182310,Amsterdam,EHAM,NOAA_NWS,2026-09-05,highest_temperature,C,or_lower,15.0,,15.0,15°C or below,0.0005,0.9995,,0.001,,,4480.02298,True,True,0xf1cb378bde1082c2cc6d4089a0c67040192d834af771bfead96fdd6b55fcbcf5
2026-09-05T01:26:41.856214+00:00,amsterdam|2026_09_05|highest_temperature|c|eham,957713,4182311,Amsterdam,EHAM,NOAA_NWS,2026-09-05,highest_temperature,C,exact,16.0,16.0,16.0,16°C,0.0005,0.9995,,0.001,,90.68,4583.35285,True,True,0xa3296c7d066f4524749ca8871b5cb4eda7f77cbbad3d0b175d8ac82fc3d71891
2026-09-05T01:26:41.856322+00:00,amsterdam|2026_09_05|highest_temperature|c|eham,957713,4182312,Amsterdam,EHAM,NOAA_NWS,2026-09-05,highest_temperature,C,exact,17.0,17.0,17.0,17°C,0.0005,0.9995,,0.001,,14977.893816,3271.52774,True,True,0x5101d9cb85a8514f2401068d07dad1427f6c2af7c87bd35850cf40ee6d84bd9d
2026-09-05T01:26:41.856447+00:00,amsterdam|2026_09_05|highest_temperature|c|eham,957713,4182313,Amsterdam,EHAM,NOAA_NWS,2026-09-05,highest_temperature,C,exact,18.0,18.0,18.0,18°C,0.1,0.9,0.09,0.11,0.020000000000000004,3094.147125,1558.371,True,True,0x9f34962a09d16b0ea34731d63eba62f546332055383a991ccb2008c98c5a5146
2026-09-05T01:26:41.856558+00:00,amsterdam|2026_09_05|highest_temperature|c|eham,957713,4182314,Amsterdam,EHAM,NOAA_NWS,2026-09-05,highest_temperature,C,exact,19.0,19.0,19.0,19°C,0.585,0.415,0.58,0.59,0.010000000000000009,5933.594441,1386.059,True,True,0x8c02f663cb243f6b73f1eec5f1f36141af90b00578111a54a639f2ddbdd164b4
2026-09-05T01:26:41.856668+00:00,amsterdam|2026_09_05|highest_temperature|c|eham,957713,4182315,Amsterdam,EHAM,NOAA_NWS,2026-09-05,highest_temperature,C,exact,20.0,20.0,20.0,20°C,0.3,0.7,0.29,0.31,0.020000000000000018,3998.547801,1765.5072,True,True,0xa5c8e401a8d3698256883dd1cc4f1ac0ad7f8c470c897e318def0d0846d52baf
2026-09-05T01:26:41.856775+00:00,amsterdam|2026_09_05|highest_temperature|c|eham,957713,4182316,Amsterdam,EHAM,NOAA_NWS,2026-09-05,highest_temperature,C,exact,21.0,21.0,21.0,21°C,0.045,0.955,0.04,0.05,0.010000000000000002,2363.917217,1857.265,True,True,0xe484fe1631295bc3a7bdc54a1dcf61a14b116073d9c28eb1d7060f38ca2e2e32
2026-09-05T01:26:41.856882+00:00,amsterdam|2026_09_05|highest_temperature|c|eham,957713,4182317,Amsterdam,EHAM,NOAA_NWS,2026-09-05,highest_temperature,C,exact,22.0,22.0,22.0,22°C,0.0005,0.9995,,0.001,,937.645009,1744.37718,True,True,0x72ca3ffd8e43a7cfca9b682a0e0e4b7951c51028e0eed48871fb79b98abf161b
2026-09-05T01:26:41.856989+00:00,amsterdam|2026_09_05|highest_temperature|c|eham,957713,4182318,Amsterdam,EHAM,NOAA_NWS,2026-09-05,highest_temperature,C,exact,23.0,23.0,23.0,23°C,0.0005,0.9995,,0.001,,798.442344,2054.90268,True,True,0x1233f1ce380745f0fe820a4b31aab3ff8c3a746bf9886a2ec08b12f68c380c0a
2026-09-05T01:26:41.857095+00:00,amsterdam|2026_09_05|highest_temperature|c|eham,957713,4182319,Amsterdam,EHAM,NOAA_NWS,2026-09-05,highest_temperature,C,exact,24.0,24.0,24.0,24°C,0.0005,0.9995,,0.001,,18.77,2544.91362,True,True,0x4725e0bb7459ec727c29ca392b152b59b047218fea3e0b28c13ab9b1e0ed0835
2026-09-05T01:26:41.857201+00:00,amsterdam|2026_09_05|highest_temperature|c|eham,957713,4182320,Amsterdam,EHAM,NOAA_NWS,2026-09-05,highest_temperature,C,or_higher,25.0,25.0,,25°C or higher,0.0005,0.9995,,0.001,,10.0,5799.358,True,True,0xb7cee24114025c7389340cefeea6986f74b3ea6ac9f34571d5fd6c8afb141341
2026-09-05T01:26:41.857312+00:00,helsinki|2026_09_05|highest_temperature|c|efhk,957714,4182321,Helsinki,EFHK,NOAA_NWS,2026-09-05,highest_temperature,C,or_lower,13.0,,13.0,13°C or below,0.0005,0.9995,,0.001,,304.8368,2087.5493,True,True,0x0678002ccc0ae25a852f90df353d76f3c8617a91ddbbe970d1d1a8240557efd2
2026-09-05T01:26:41.857449+00:00,helsinki|2026_09_05|highest_temperature|c|efhk,957714,4182322,Helsinki,EFHK,NOAA_NWS,2026-09-05,highest_temperature,C,exact,14.0,14.0,14.0,14°C,0.0005,0.9995,,0.001,,229.382,1579.67063,True,True,0x5bf2df6be9e51ab7bc64e7be584e83f21968a8d3aa4d3648e3b82cb4e3a699b1
2026-09-05T01:26:41.857561+00:00,helsinki|2026_09_05|highest_temperature|c|efhk,957714,4182323,Helsinki,EFHK,NOAA_NWS,2026-09-05,highest_temperature,C,exact,15.0,15.0,15.0,15°C,0.0005,0.9995,,0.001,,117.85,643.15928,True,True,0x72fd8979cda51149412df9498ae07c40796e2f81be26595a0cd303060f523543
2026-09-05T01:26:41.857668+00:00,helsinki|2026_09_05|highest_temperature|c|efhk,957714,4182324,Helsinki,EFHK,NOAA_NWS,2026-09-05,highest_temperature,C,exact,16.0,16.0,16.0,16°C,0.015,0.985,0.01,0.02,0.01,589.3163999999999,555.8115,True,True,0xa2161a236fd8c1e82c722afc6815f3a741c6e735322a8ace6c5bb979efb1e0e2
2026-09-05T01:26:41.857775+00:00,helsinki|2026_09_05|highest_temperature|c|efhk,957714,4182325,Helsinki,EFHK,NOAA_NWS,2026-09-05,highest_temperature,C,exact,17.0,17.0,17.0,17°C,0.215,0.785,0.2,0.23,0.03,2508.259361,1720.082,True,True,0x1d24a4ff0b6a6aca8d47e16393c13cd364b78ad3050b1b75f7e05b7eae3d1dd2
2026-09-05T01:26:41.857887+00:00,helsinki|2026_09_05|highest_temperature|c|efhk,957714,4182326,Helsinki,EFHK,NOAA_NWS,2026-09-05,highest_temperature,C,exact,18.0,18.0,18.0,18°C,0.645,0.355,0.63,0.66,0.030000000000000027,2407.821716,8641.402,True,True,0xea3bdca28da89f39efad09a4144f43b1c1c454b989db3c5bc6b7ecbac9cf40c9
2026-09-05T01:26:41.857995+00:00,helsinki|2026_09_05|highest_temperature|c|efhk,957714,4182327,Helsinki,EFHK,NOAA_NWS,2026-09-05,highest_temperature,C,exact,19.0,19.0,19.0,19°C,0.125,0.875,0.12,0.13,0.010000000000000009,1128.800372,26003.381,True,True,0x01e32de4e45e42becbfdd5b18879fc09c53c9d5d55625f2244f74363580b3818
2026-09-05T01:26:41.858109+00:00,helsinki|2026_09_05|highest_temperature|c|efhk,957714,4182328,Helsinki,EFHK,NOAA_NWS,2026-09-05,highest_temperature,C,exact,20.0,20.0,20.0,20°C,0.0025,0.9975,0.001,0.004,0.003,585.96035,1436.97802,True,True,0x3695e516818fa9bbcffa3b7decb68c4bb7558899abf71ecb1b8699a4b77a79c6
2026-09-05T01:26:41.858218+00:00,helsinki|2026_09_05|highest_temperature|c|efhk,957714,4182329,Helsinki,EFHK,NOAA_NWS,2026-09-05,highest_temperature,C,exact,21.0,21.0,21.0,21°C,0.002,0.998,0.001,0.003,0.002,461.709,1886.58543,True,True,0x04c1b6493a7aea7f61f2d4e4f559abc84e98cdfa3ae3c0aa2ec68b9344926882
2026-09-05T01:26:41.858325+00:00,helsinki|2026_09_05|highest_temperature|c|efhk,957714,4182330,Helsinki,EFHK,NOAA_NWS,2026-09-05,highest_temperature,C,exact,22.0,22.0,22.0,22°C,0.0005,0.9995,,0.001,,422.39399999999995,2510.96796,True,True,0xfb6aa69bff8f21b017084d98f001c3ea9d5fcc8a324f3ff7a66ec41576fcc75f
2026-09-05T01:26:41.858450+00:00,helsinki|2026_09_05|highest_temperature|c|efhk,957714,4182331,Helsinki,EFHK,NOAA_NWS,2026-09-05,highest_temperature,C,or_higher,23.0,23.0,,23°C or higher,0.0005,0.9995,,0.001,,,6145.90027,True,True,0x1b77e9ed8f0cff2437ecb54530437c1c8f1affff54a7b180f11e8e10f25bd447
2026-09-05T01:26:41.858565+00:00,kuala_lumpur|2026_09_05|highest_temperature|c|wmkk,957715,4182332,Kuala Lumpur,WMKK,NOAA_NWS,2026-09-05,highest_temperature,C,or_lower,29.0,,29.0,29°C or below,0.002,0.998,0.001,0.003,0.002,577.1499999999999,1757.72961,True,True,0xcd14ff40c1f2679c7031557a3c544f8cad21c97cafbc2acf71d306253a54b6f1
2026-09-05T01:26:41.858680+00:00,kuala_lumpur|2026_09_05|highest_temperature|c|wmkk,957715,4182333,Kuala Lumpur,WMKK,NOAA_NWS,2026-09-05,highest_temperature,C,exact,30.0,30.0,30.0,30°C,0.0025,0.9975,0.001,0.004,0.003,1159.314,689.66207,True,True,0x7c71ec9e7c28dcdf89a5214443b001d1f7aa9287aca2526b977fda165d6e8051
2026-09-05T01:26:41.858790+00:00,kuala_lumpur|2026_09_05|highest_temperature|c|wmkk,957715,4182334,Kuala Lumpur,WMKK,NOAA_NWS,2026-09-05,highest_temperature,C,exact,31.0,31.0,31.0,31°C,0.009,0.991,0.008,0.01,0.002,734.5747140000001,651.54528,True,True,0xe0f504eca4c297e3ce28b3f0578b268abb8a04bc1e63e7e5c1fc11517cb0d1bc
2026-09-05T01:26:41.858900+00:00,kuala_lumpur|2026_09_05|highest_temperature|c|wmkk,957715,4182335,Kuala Lumpur,WMKK,NOAA_NWS,2026-09-05,highest_temperature,C,exact,32.0,32.0,32.0,32°C,0.031,0.969,0.026,0.036,0.009999999999999998,2528.3450000000003,1733.50922,True,True,0xfe7224dba7302b2c7c253a1ab5867d787f8cf4a3feed01f7f4108db4cd2b7a0f
2026-09-05T01:26:41.859009+00:00,kuala_lumpur|2026_09_05|highest_temperature|c|wmkk,957715,4182336,Kuala Lumpur,WMKK,NOAA_NWS,2026-09-05,highest_temperature,C,exact,33.0,33.0,33.0,33°C,0.37,0.63,0.35,0.39,0.040000000000000036,2780.8387249999996,1001.146,True,True,0x5be44e4d306c970633a0499f579254fea88f195408009e499f5db0dfa1b2d5e8
2026-09-05T01:26:41.861731+00:00,kuala_lumpur|2026_09_05|highest_temperature|c|wmkk,957715,4182337,Kuala Lumpur,WMKK,NOAA_NWS,2026-09-05,highest_temperature,C,exact,34.0,34.0,34.0,34°C,0.54,0.46,0.53,0.55,0.020000000000000018,3659.271444,1419.5548,True,True,0x9f5dbdd1903e563ba1ac5314b2f6b227963d67722946447509fc098682aa7aa2
2026-09-05T01:26:41.861858+00:00,kuala_lumpur|2026_09_05|highest_temperature|c|wmkk,957715,4182338,Kuala Lumpur,WMKK,NOAA_NWS,2026-09-05,highest_temperature,C,exact,35.0,35.0,35.0,35°C,0.065,0.935,0.06,0.07,0.010000000000000009,2370.391263,1298.5284,True,True,0xaaccb5a3c01d6289cca094dfa110e204f6a568b8a20af366dbb8e5451d547673
2026-09-05T01:26:41.861971+00:00,kuala_lumpur|2026_09_05|highest_temperature|c|wmkk,957715,4182339,Kuala Lumpur,WMKK,NOAA_NWS,2026-09-05,highest_temperature,C,exact,36.0,36.0,36.0,36°C,0.002,0.998,0.001,0.003,0.002,485.2830000000001,689.81908,True,True,0x87dec9bcae39cd80452282731bb0148d797098b844ce752da1b211e394d47456
2026-09-05T01:26:41.862078+00:00,kuala_lumpur|2026_09_05|highest_temperature|c|wmkk,957715,4182340,Kuala Lumpur,WMKK,NOAA_NWS,2026-09-05,highest_temperature,C,exact,37.0,37.0,37.0,37°C,0.003,0.997,0.001,0.005,0.004,542.0290000000002,1082.32822,True,True,0x5605b1ea9313c402e5e3c36945219f321810477beb923bcc255ad9a1ae43cd3e
2026-09-05T01:26:41.862190+00:00,kuala_lumpur|2026_09_05|highest_temperature|c|wmkk,957715,4182341,Kuala Lumpur,WMKK,NOAA_NWS,2026-09-05,highest_temperature,C,exact,38.0,38.0,38.0,38°C,0.0005,0.9995,,0.001,,,1794.21525,True,True,0xb7614fad576cb413e3224d1434650e804239ea25dc2fb190e61476a5fe6358c9
2026-09-05T01:26:41.862299+00:00,kuala_lumpur|2026_09_05|highest_temperature|c|wmkk,957715,4182342,Kuala Lumpur,WMKK,NOAA_NWS,2026-09-05,highest_temperature,C,or_higher,39.0,39.0,,39°C or higher,0.0005,0.9995,,0.001,,,2326.84324,True,True,0x223fd9b8bb21f5f28a98b14a0171c023b75238f7cf3625275ce09535a958fd03
2026-09-05T01:26:41.862434+00:00,jeddah|2026_09_05|highest_temperature|c|oejn,957716,4182343,Jeddah,OEJN,NOAA_NWS,2026-09-05,highest_temperature,C,or_lower,31.0,,31.0,31°C or below,0.0005,0.9995,,0.001,,218.663,9373.55253,True,True,0x87cc29d04e4d3cceeaa845375a705930e410c96c5e9115548ddb5bb06b2d7e89
2026-09-05T01:26:41.862553+00:00,jeddah|2026_09_05|highest_temperature|c|oejn,957716,4182344,Jeddah,OEJN,NOAA_NWS,2026-09-05,highest_temperature,C,exact,32.0,32.0,32.0,32°C,0.0005,0.9995,,0.001,,109.99100000000001,2423.72212,True,True,0x85dc89086a1538783bf1b11481d6e04c076dfff038242262d4ba6105c7f9081e
2026-09-05T01:26:41.862660+00:00,jeddah|2026_09_05|highest_temperature|c|oejn,957716,4182345,Jeddah,OEJN,NOAA_NWS,2026-09-05,highest_temperature,C,exact,33.0,33.0,33.0,33°C,0.0005,0.9995,,0.001,,284.933657,1607.79746,True,True,0xa17a261859811f6805e6f281b745c43c4c1d735b22fe2f663ed76d8aa4c25503
2026-09-05T01:26:41.862765+00:00,jeddah|2026_09_05|highest_temperature|c|oejn,957716,4182346,Jeddah,OEJN,NOAA_NWS,2026-09-05,highest_temperature,C,exact,34.0,34.0,34.0,34°C,0.004,0.996,0.001,0.007,0.006,301.9258,934.24446,True,True,0x2fc43a365187fb934bdcedb4e715df7f915a43a5fc9c62064df39fed45e3817f
2026-09-05T01:26:41.862867+00:00,jeddah|2026_09_05|highest_temperature|c|oejn,957716,4182347,Jeddah,OEJN,NOAA_NWS,2026-09-05,highest_temperature,C,exact,35.0,35.0,35.0,35°C,0.015,0.985,0.01,0.02,0.01,264.4748,898.721,True,True,0x2fa9084d8767531a097a61356018f993cd6c5a577b04b1c5a57b322ee8435bea
2026-09-05T01:26:41.862970+00:00,jeddah|2026_09_05|highest_temperature|c|oejn,957716,4182348,Jeddah,OEJN,NOAA_NWS,2026-09-05,highest_temperature,C,exact,36.0,36.0,36.0,36°C,0.11,0.89,0.1,0.12,0.01999999999999999,959.2638790000001,1972.814,True,True,0x2d6e9bfd4c1c85b4fd77a2709ba6486e11c5cb39b3a1b23156036d15d1e8ff56
2026-09-05T01:26:41.863073+00:00,jeddah|2026_09_05|highest_temperature|c|oejn,957716,4182349,Jeddah,OEJN,NOAA_NWS,2026-09-05,highest_temperature,C,exact,37.0,37.0,37.0,37°C,0.425,0.575,0.42,0.43,0.010000000000000009,1513.596574,17846.053,True,True,0x25e9eec1aad92954c4941278bd4a4d8a911eec44299460f14874c6448b77ad91
2026-09-05T01:26:41.863176+00:00,jeddah|2026_09_05|highest_temperature|c|oejn,957716,4182350,Jeddah,OEJN,NOAA_NWS,2026-09-05,highest_temperature,C,exact,38.0,38.0,38.0,38°C,0.39,0.61,0.38,0.4,0.020000000000000018,1307.5732380000002,17977.9441,True,True,0x054caf557a52231e3d9401211e79ae405f7b51198fbb25b86617b12320eb13f3
2026-09-05T01:26:41.863280+00:00,jeddah|2026_09_05|highest_temperature|c|oejn,957716,4182351,Jeddah,OEJN,NOAA_NWS,2026-09-05,highest_temperature,C,exact,39.0,39.0,39.0,39°C,0.07,0.93,0.05,0.09,0.039999999999999994,530.585722,999.1063,True,True,0x7da5e1f1018498716839ba0dda9ef7efc36986f6557e14d4c014fe4b940b083d
2026-09-05T01:26:41.863403+00:00,jeddah|2026_09_05|highest_temperature|c|oejn,957716,4182352,Jeddah,OEJN,NOAA_NWS,2026-09-05,highest_temperature,C,exact,40.0,40.0,40.0,40°C,0.012,0.988,0.004,0.02,0.016,449.08233299999995,952.74777,True,True,0x400d429a3be5ae586cbed8dff0be30dbe67eafbf66d2aa439301d6934dc0449e
2026-09-05T01:26:41.863513+00:00,jeddah|2026_09_05|highest_temperature|c|oejn,957716,4182353,Jeddah,OEJN,NOAA_NWS,2026-09-05,highest_temperature,C,or_higher,41.0,41.0,,41°C or higher,0.0015,0.9985,0.001,0.002,0.001,368.25924999999995,1334.39882,True,True,0x4e2bf1a5ccd37f0a65323b28576a5c801b89b40a21b1b94a734b3f55195983e6
2026-09-05T01:26:41.863628+00:00,cape_town|2026_09_05|highest_temperature|c|fact,957717,4182354,Cape Town,FACT,NOAA_NWS,2026-09-05,highest_temperature,C,or_lower,20.0,,20.0,20°C or below,0.0045,0.9955,0.003,0.006,0.003,79.99029999999999,1038.05266,True,True,0x712365bc106a960b6a58437f6b6c93286ca4b0159f112a514d5f45ae2174e5df
2026-09-05T01:26:41.863742+00:00,cape_town|2026_09_05|highest_temperature|c|fact,957717,4182355,Cape Town,FACT,NOAA_NWS,2026-09-05,highest_temperature,C,exact,21.0,21.0,21.0,21°C,0.007,0.993,0.004,0.01,0.006,230.3105,945.93337,True,True,0xa35aa47554c473fb706005d4123d4e9ad8070d83f65d3b821ee8baa3251373e6
2026-09-05T01:26:41.863849+00:00,cape_town|2026_09_05|highest_temperature|c|fact,957717,4182356,Cape Town,FACT,NOAA_NWS,2026-09-05,highest_temperature,C,exact,22.0,22.0,22.0,22°C,0.085,0.915,0.08,0.09,0.009999999999999995,547.427398,852.7981,True,True,0x289d9742898519d411a93f835d3d9dadbbb6ab4a7c5ba9fb351cfea7cc9f0ee0
2026-09-05T01:26:41.863960+00:00,cape_town|2026_09_05|highest_temperature|c|fact,957717,4182357,Cape Town,FACT,NOAA_NWS,2026-09-05,highest_temperature,C,exact,23.0,23.0,23.0,23°C,0.315,0.685,0.31,0.32,0.010000000000000009,931.435558,15624.4906,True,True,0x781d92b33cacc14666a362dfeb84b77929e760bb384447a8686e7f64d1f0dfa1
2026-09-05T01:26:41.864071+00:00,cape_town|2026_09_05|highest_temperature|c|fact,957717,4182358,Cape Town,FACT,NOAA_NWS,2026-09-05,highest_temperature,C,exact,24.0,24.0,24.0,24°C,0.415,0.585,0.41,0.42,0.010000000000000009,586.818907,17070.8039,True,True,0x09bb3ba90c2ee32901f7b8d2344eff334065ae09db00a193bc3ac72bd964c352
2026-09-05T01:26:41.864179+00:00,cape_town|2026_09_05|highest_temperature|c|fact,957717,4182359,Cape Town,FACT,NOAA_NWS,2026-09-05,highest_temperature,C,exact,25.0,25.0,25.0,25°C,0.165,0.835,0.16,0.17,0.010000000000000009,881.254615,4793.8093,True,True,0x1894eccda566fff93aec95b3dd41f4fe2b3e3db0dda91590277c330d63967082
2026-09-05T01:26:41.864295+00:00,cape_town|2026_09_05|highest_temperature|c|fact,957717,4182360,Cape Town,FACT,NOAA_NWS,2026-09-05,highest_temperature,C,exact,26.0,26.0,26.0,26°C,0.03,0.97,0.02,0.04,0.02,168.433365,721.1941,True,True,0xb8d3f60a426b9fad5a3db41736a46e52eba4be8f27fdb25f84c5720334a117b7
2026-09-05T01:26:41.864424+00:00,cape_town|2026_09_05|highest_temperature|c|fact,957717,4182361,Cape Town,FACT,NOAA_NWS,2026-09-05,highest_temperature,C,exact,27.0,27.0,27.0,27°C,0.01,0.99,,0.02,,794.6272500000001,1076.7399,True,True,0x9f361beb46bdf23a9669ddf457eb7cfb1e8023e6f545a73b54aa0971bd90d293
2026-09-05T01:26:41.864534+00:00,cape_town|2026_09_05|highest_temperature|c|fact,957717,4182362,Cape Town,FACT,NOAA_NWS,2026-09-05,highest_temperature,C,exact,28.0,28.0,28.0,28°C,0.0025,0.9975,0.001,0.004,0.003,205.022585,1934.02331,True,True,0xab7cf8bdcccf2d45193d10714ba70577fe44e08a779dc8cf86b681d84bd299e6
2026-09-05T01:26:41.864640+00:00,cape_town|2026_09_05|highest_temperature|c|fact,957717,4182363,Cape Town,FACT,NOAA_NWS,2026-09-05,highest_temperature,C,exact,29.0,29.0,29.0,29°C,0.0005,0.9995,,0.001,,1060.389,5643.2631,True,True,0x5f07b07862a511ddb7fd4c3f10e783efacf63e5c20664b8c72f605c6e68d8e3f
2026-09-05T01:26:41.864745+00:00,cape_town|2026_09_05|highest_temperature|c|fact,957717,4182364,Cape Town,FACT,NOAA_NWS,2026-09-05,highest_temperature,C,or_higher,30.0,30.0,,30°C or higher,0.001,0.999,,0.002,,1029.9730000000002,6013.66594,True,True,0xe2d7aac4ce590270a100785b96cee62ffbd7567e6c80423b41c325a73edd2a09
2026-09-05T01:26:41.864857+00:00,guangzhou|2026_09_05|highest_temperature|c|zggg,957718,4182365,Guangzhou,ZGGG,NOAA_NWS,2026-09-05,highest_temperature,C,or_lower,27.0,,27.0,27°C or below,0.001,0.999,,0.002,,393.94700000000006,1896.48027,True,True,0xf5b29423e03e331e7c113663596bede038ff9f9e6927933e8614b24216732e28
2026-09-05T01:26:41.864972+00:00,guangzhou|2026_09_05|highest_temperature|c|zggg,957718,4182366,Guangzhou,ZGGG,NOAA_NWS,2026-09-05,highest_temperature,C,exact,28.0,28.0,28.0,28°C,0.004,0.996,0.001,0.007,0.006,2309.535039000001,1176.16521,True,True,0x2cce9882bd1f22379008a7cf6eb39d0cd1ef20254e83d8cafee0b1375da31485
2026-09-05T01:26:41.865079+00:00,guangzhou|2026_09_05|highest_temperature|c|zggg,957718,4182367,Guangzhou,ZGGG,NOAA_NWS,2026-09-05,highest_temperature,C,exact,29.0,29.0,29.0,29°C,0.025,0.975,0.016,0.034,0.018000000000000002,1482.585232,1848.2989,True,True,0xbe6bcdf17a0da816ed1853472035e6f557adbc42dc17f12693b6667d17900790
2026-09-05T01:26:41.865183+00:00,guangzhou|2026_09_05|highest_temperature|c|zggg,957718,4182368,Guangzhou,ZGGG,NOAA_NWS,2026-09-05,highest_temperature,C,exact,30.0,30.0,30.0,30°C,0.13,0.87,0.11,0.15,0.039999999999999994,1787.35852,667.1586,True,True,0x53c528fd19b235c9f3458d1466f8b8f1213e440c5d2be2b71c1e722ff7ab7cd8
2026-09-05T01:26:41.865291+00:00,guangzhou|2026_09_05|highest_temperature|c|zggg,957718,4182369,Guangzhou,ZGGG,NOAA_NWS,2026-09-05,highest_temperature,C,exact,31.0,31.0,31.0,31°C,0.15,0.85,0.13,0.17,0.04000000000000001,3350.3492969999998,530.1994,True,True,0x2ed7c6bf4f8bd71022a18bd03aada2ca9f308189c38248a4430e57d687d2cafb
2026-09-05T01:26:41.865418+00:00,guangzhou|2026_09_05|highest_temperature|c|zggg,957718,4182370,Guangzhou,ZGGG,NOAA_NWS,2026-09-05,highest_temperature,C,exact,32.0,32.0,32.0,32°C,0.225,0.775,0.21,0.24,0.03,2843.14544,721.1891,True,True,0x2c166ae51915b6423405ae9090d742ba1fd335dca98c0d5f5887c61d4b4e6105
2026-09-05T01:26:41.865526+00:00,guangzhou|2026_09_05|highest_temperature|c|zggg,957718,4182371,Guangzhou,ZGGG,NOAA_NWS,2026-09-05,highest_temperature,C,exact,33.0,33.0,33.0,33°C,0.27,0.73,0.26,0.28,0.020000000000000018,1822.317642,638.9905,True,True,0x7a35821ff08ec03e57ab04255de84f63e687f54a42f916ed3fe559752ba283be
2026-09-05T01:26:41.865636+00:00,guangzhou|2026_09_05|highest_temperature|c|zggg,957718,4182372,Guangzhou,ZGGG,NOAA_NWS,2026-09-05,highest_temperature,C,exact,34.0,34.0,34.0,34°C,0.17,0.83,0.16,0.18,0.01999999999999999,2057.624787,903.6049,True,True,0x1e91dcb4fa00368ffe890294d865500943662b896a4a1fc2e0c28135b6a22194
2026-09-05T01:26:41.865746+00:00,guangzhou|2026_09_05|highest_temperature|c|zggg,957718,4182373,Guangzhou,ZGGG,NOAA_NWS,2026-09-05,highest_temperature,C,exact,35.0,35.0,35.0,35°C,0.065,0.935,0.06,0.07,0.010000000000000009,4307.1021089999995,711.4662,True,True,0x1bbde54627dce66a661a632b3f728a72806812b556cbb471a7b93d692467d15c
2026-09-05T01:26:41.865851+00:00,guangzhou|2026_09_05|highest_temperature|c|zggg,957718,4182374,Guangzhou,ZGGG,NOAA_NWS,2026-09-05,highest_temperature,C,exact,36.0,36.0,36.0,36°C,0.0255,0.9745,0.024,0.027,0.002999999999999999,3111.8365320000003,1638.76202,True,True,0x53594f89515eca4ad165892fb6ef730409a6c4ba5b500bed6708f270d064cc3e
2026-09-05T01:26:41.865956+00:00,guangzhou|2026_09_05|highest_temperature|c|zggg,957718,4182375,Guangzhou,ZGGG,NOAA_NWS,2026-09-05,highest_temperature,C,or_higher,37.0,37.0,,37°C or higher,0.0015,0.9985,0.001,0.002,0.001,1044.069,1454.55068,True,True,0x2979860cdb2fe0ed2bee3ce884cc27ec8b1b395c1003b52b667c1b7c16864bb8
2026-09-05T01:26:41.866066+00:00,qingdao|2026_09_05|highest_temperature|c|zsqd,957719,4182376,Qingdao,ZSQD,NOAA_NWS,2026-09-05,highest_temperature,C,or_lower,25.0,,25.0,25°C or below,0.0005,0.9995,,0.001,,254.992,18288.21047,True,True,0x0d9fd535d1cae5fea8a69afe5ac33644867ef7d7026506a02e709c0520b88521
2026-09-05T01:26:41.866178+00:00,qingdao|2026_09_05|highest_temperature|c|zsqd,957719,4182377,Qingdao,ZSQD,NOAA_NWS,2026-09-05,highest_temperature,C,exact,26.0,26.0,26.0,26°C,0.0005,0.9995,,0.001,,567.158,1001.87299,True,True,0x69a1635a51fa2da62c0551d926000dc7dfca9a779783e68e6004cbdba909ad68
2026-09-05T01:26:41.866283+00:00,qingdao|2026_09_05|highest_temperature|c|zsqd,957719,4182378,Qingdao,ZSQD,NOAA_NWS,2026-09-05,highest_temperature,C,exact,27.0,27.0,27.0,27°C,0.0005,0.9995,,0.001,,196.32,535.19581,True,True,0xf273911b447cdfc12df4deddeb4e4684f88c4dc716c244b30d784a9ccae2ccc5
2026-09-05T01:26:41.866411+00:00,qingdao|2026_09_05|highest_temperature|c|zsqd,957719,4182379,Qingdao,ZSQD,NOAA_NWS,2026-09-05,highest_temperature,C,exact,28.0,28.0,28.0,28°C,0.0075,0.9925,0.003,0.012,0.009000000000000001,722.2249159999999,481.31654,True,True,0x2d5938e5c98de80ba2373fd40ed3369608fef9a12a7eba91ee4e650ce6d4d3fb
2026-09-05T01:26:41.866521+00:00,qingdao|2026_09_05|highest_temperature|c|zsqd,957719,4182380,Qingdao,ZSQD,NOAA_NWS,2026-09-05,highest_temperature,C,exact,29.0,29.0,29.0,29°C,0.035,0.965,0.02,0.05,0.030000000000000002,716.0067570000001,348.2472,True,True,0xa7ad7b9e3d8f08c8d291a2a0f1bd8bdc666f5cf2a67addc6e5c2a9f3ac32c094
2026-09-05T01:26:41.866626+00:00,qingdao|2026_09_05|highest_temperature|c|zsqd,957719,4182381,Qingdao,ZSQD,NOAA_NWS,2026-09-05,highest_temperature,C,exact,30.0,30.0,30.0,30°C,0.345,0.655,0.33,0.36,0.02999999999999997,866.774053,391.0876,True,True,0xb5e45f120038e030823443429904f6bec10319dc1334c4119d32a5ac9c60e303
2026-09-05T01:26:41.866731+00:00,qingdao|2026_09_05|highest_temperature|c|zsqd,957719,4182382,Qingdao,ZSQD,NOAA_NWS,2026-09-05,highest_temperature,C,exact,31.0,31.0,31.0,31°C,0.39,0.61,0.38,0.4,0.020000000000000018,1372.586376,1198.0425,True,True,0x368ee44d3a4f06d1e16236a68ff17aa27e3b006b80bc4b77f1b120a26f2e2a0c
2026-09-05T01:26:41.866835+00:00,qingdao|2026_09_05|highest_temperature|c|zsqd,957719,4182383,Qingdao,ZSQD,NOAA_NWS,2026-09-05,highest_temperature,C,exact,32.0,32.0,32.0,32°C,0.25,0.75,0.23,0.27,0.04000000000000001,917.084179,341.6488,True,True,0x4d82919eacb33b4568fed076cffe02c4254df5d70aaf1b4caed72fa3638212f7
2026-09-05T01:26:41.866938+00:00,qingdao|2026_09_05|highest_temperature|c|zsqd,957719,4182384,Qingdao,ZSQD,NOAA_NWS,2026-09-05,highest_temperature,C,exact,33.0,33.0,33.0,33°C,0.015,0.985,0.01,0.02,0.01,756.1451,526.8713,True,True,0x2f67ed285d29e139536b1c15745f3a514303713f447288d89b0a0ebc868dcdad
2026-09-05T01:26:41.867045+00:00,qingdao|2026_09_05|highest_temperature|c|zsqd,957719,4182385,Qingdao,ZSQD,NOAA_NWS,2026-09-05,highest_temperature,C,exact,34.0,34.0,34.0,34°C,0.0045,0.9955,0.004,0.005,0.001,417.906166,875.58092,True,True,0x3fc1035ca370e01b94394f1491c4d829a28b71ccdae6b9663fe3a94aac3299d2
2026-09-05T01:26:41.867149+00:00,qingdao|2026_09_05|highest_temperature|c|zsqd,957719,4182386,Qingdao,ZSQD,NOAA_NWS,2026-09-05,highest_temperature,C,or_higher,35.0,35.0,,35°C or higher,0.002,0.998,0.001,0.003,0.002,1084.612061,591.21457,True,True,0x1eb314814002dd9c88a06d54d19c259d9a113f3533c7423f464e90097f9b5f11
2026-09-05T01:26:41.867257+00:00,karachi|2026_09_05|highest_temperature|c|opkc,957720,4182387,Karachi,OPKC,NOAA_NWS,2026-09-05,highest_temperature,C,or_lower,26.0,,26.0,26°C or below,0.0005,0.9995,,0.001,,624.9875,7547.04872,True,True,0xbfb97ae614de9bd869ff677a47946d26511ebffd6074dc13d2261098e2b1df8d
2026-09-05T01:26:41.867383+00:00,karachi|2026_09_05|highest_temperature|c|opkc,957720,4182388,Karachi,OPKC,NOAA_NWS,2026-09-05,highest_temperature,C,exact,27.0,27.0,27.0,27°C,0.001,0.999,,0.002,,295.241,1373.8365,True,True,0x2a8439c6d5b60c4c75e4c181963f36acd62337cd6b2eedbd79467da7377736b3
2026-09-05T01:26:41.867495+00:00,karachi|2026_09_05|highest_temperature|c|opkc,957720,4182389,Karachi,OPKC,NOAA_NWS,2026-09-05,highest_temperature,C,exact,28.0,28.0,28.0,28°C,0.0065,0.9935,0.003,0.01,0.007,,493.6416,True,True,0x04df34873746e04f9e5038866152f85d037b2bc834324d23fc8b1de3aaf54a3d
2026-09-05T01:26:41.867601+00:00,karachi|2026_09_05|highest_temperature|c|opkc,957720,4182390,Karachi,OPKC,NOAA_NWS,2026-09-05,highest_temperature,C,exact,29.0,29.0,29.0,29°C,0.015,0.985,0.01,0.02,0.01,432.899116,1498.3768,True,True,0x9fcaaa67d34fc0c237ca2b3336506a14db94928e8861c239624e0fec9d57a96b
2026-09-05T01:26:41.867706+00:00,karachi|2026_09_05|highest_temperature|c|opkc,957720,4182391,Karachi,OPKC,NOAA_NWS,2026-09-05,highest_temperature,C,exact,30.0,30.0,30.0,30°C,0.105,0.895,0.08,0.13,0.05,444.35640499999994,515.5128,True,True,0x903233fd8dc3b9c317f58e4f9a7fd8b54e37bfbfb08f246870d54576677421fc
2026-09-05T01:26:41.867811+00:00,karachi|2026_09_05|highest_temperature|c|opkc,957720,4182392,Karachi,OPKC,NOAA_NWS,2026-09-05,highest_temperature,C,exact,31.0,31.0,31.0,31°C,0.47,0.53,0.46,0.48,0.019999999999999962,467.25782800000013,13211.9477,True,True,0xfd852ea5be7a1eb95173cf7086c574298a918d1e18486ddbfd2106cb4f24d04c
2026-09-05T01:26:41.867914+00:00,karachi|2026_09_05|highest_temperature|c|opkc,957720,4182393,Karachi,OPKC,NOAA_NWS,2026-09-05,highest_temperature,C,exact,32.0,32.0,32.0,32°C,0.34,0.66,0.31,0.37,0.06,2378.3390440000003,443.3232,True,True,0xcde106e977463e522b594eee3877c7ae7e1f972f05db3559ae78832acc9de5d7
2026-09-05T01:26:41.868023+00:00,karachi|2026_09_05|highest_temperature|c|opkc,957720,4182394,Karachi,OPKC,NOAA_NWS,2026-09-05,highest_temperature,C,exact,33.0,33.0,33.0,33°C,0.115,0.885,0.09,0.14,0.05000000000000002,306.81090000000006,464.1839,True,True,0x52f173c97646c9f7d280b4687f58197b69ba565192e9499c1b99b5ab6f5021f2
2026-09-05T01:26:41.868127+00:00,karachi|2026_09_05|highest_temperature|c|opkc,957720,4182395,Karachi,OPKC,NOAA_NWS,2026-09-05,highest_temperature,C,exact,34.0,34.0,34.0,34°C,0.015,0.985,0.01,0.02,0.01,222.76010000000002,885.8673,True,True,0x7b7b2b93e8e9a315d9bd248ccaf61825cd0a51e924ca9131b1c592aa2458bff8
2026-09-05T01:26:41.868230+00:00,karachi|2026_09_05|highest_temperature|c|opkc,957720,4182396,Karachi,OPKC,NOAA_NWS,2026-09-05,highest_temperature,C,exact,35.0,35.0,35.0,35°C,0.005,0.995,0.002,0.008,0.006,157.15403,957.19899,True,True,0xc936b06f3b1c90007dfecb973faa547e97e5b490731e5c59a615a1b1b6472cfb
2026-09-05T01:26:41.868333+00:00,karachi|2026_09_05|highest_temperature|c|opkc,957720,4182397,Karachi,OPKC,NOAA_NWS,2026-09-05,highest_temperature,C,or_higher,36.0,36.0,,36°C or higher,0.0015,0.9985,,0.003,,303.491899,4603.00767,True,True,0x7350dca6abfd7c485cd8bc78e284c15e9d569d48a7a55b7ee7cb0e5289024e4e
2026-09-05T01:26:41.868467+00:00,manila|2026_09_05|highest_temperature|c|rpll,957721,4182398,Manila,RPLL,NOAA_NWS,2026-09-05,highest_temperature,C,or_lower,23.0,,23.0,23°C or below,0.0005,0.9995,,0.001,,117.43199999999999,16720.74123,True,True,0x76c3ef0d0ff50b3dd61e532eaf313bb096105aa3e3b9ecf47a85adf942f3ce06
2026-09-05T01:26:41.868576+00:00,manila|2026_09_05|highest_temperature|c|rpll,957721,4182399,Manila,RPLL,NOAA_NWS,2026-09-05,highest_temperature,C,exact,24.0,24.0,24.0,24°C,0.0005,0.9995,,0.001,,154.94,17532.2486,True,True,0x35efc11196863d756f819d16deb25e97ffadeb8fd4b4418356700803f38c7a6e
2026-09-05T01:26:41.868679+00:00,manila|2026_09_05|highest_temperature|c|rpll,957721,4182400,Manila,RPLL,NOAA_NWS,2026-09-05,highest_temperature,C,exact,25.0,25.0,25.0,25°C,0.0005,0.9995,,0.001,,851.717864,16317.49915,True,True,0xc6c6879cfcf4bfaccea347e093299d4d41e07117df9ae80c889ef5eec50db55f
2026-09-05T01:26:41.868787+00:00,manila|2026_09_05|highest_temperature|c|rpll,957721,4182401,Manila,RPLL,NOAA_NWS,2026-09-05,highest_temperature,C,exact,26.0,26.0,26.0,26°C,0.0005,0.9995,,0.001,,4731.441700000001,18152.93047,True,True,0x01b3f9dec014059952d36348f4fa3fd32d8ac299ef8cf11742737662561d278c
2026-09-05T01:26:41.868891+00:00,manila|2026_09_05|highest_temperature|c|rpll,957721,4182402,Manila,RPLL,NOAA_NWS,2026-09-05,highest_temperature,C,exact,27.0,27.0,27.0,27°C,0.0005,0.9995,,0.001,,8794.612836,15906.60398,True,True,0xd7fc2b5e23fb7d2782ba9f1ffde4eff12971fdd7cc6df1cd9d382f6bf8a07818
2026-09-05T01:26:41.868993+00:00,manila|2026_09_05|highest_temperature|c|rpll,957721,4182403,Manila,RPLL,NOAA_NWS,2026-09-05,highest_temperature,C,exact,28.0,28.0,28.0,28°C,0.125,0.875,0.1,0.15,0.04999999999999999,1245.4952110000002,586.1133,True,True,0xc0c791c5ac397bfac422b90921399ef716e46f6e6cbe007f199a058f2b155739
2026-09-05T01:26:41.869099+00:00,manila|2026_09_05|highest_temperature|c|rpll,957721,4182404,Manila,RPLL,NOAA_NWS,2026-09-05,highest_temperature,C,exact,29.0,29.0,29.0,29°C,0.57,0.43,0.56,0.58,0.019999999999999907,910.0214589999999,460.147,True,True,0x4d470c78c647b2deccb0cb6f0541929baec77c880e6c5d82b98dc63baac5eafc
2026-09-05T01:26:41.869207+00:00,manila|2026_09_05|highest_temperature|c|rpll,957721,4182405,Manila,RPLL,NOAA_NWS,2026-09-05,highest_temperature,C,exact,30.0,30.0,30.0,30°C,0.2,0.8,0.19,0.21,0.01999999999999999,1974.627264,994.3582,True,True,0xcbf8610f10d765dbf5ca597a9ff7c2318e45754503668758430a7e6b892817b9
2026-09-05T01:26:41.869316+00:00,manila|2026_09_05|highest_temperature|c|rpll,957721,4182406,Manila,RPLL,NOAA_NWS,2026-09-05,highest_temperature,C,exact,31.0,31.0,31.0,31°C,0.04,0.96,0.03,0.05,0.020000000000000004,446.294076,363.958,True,True,0x68107a71721d35a8c6b65804564ebdf5ddb88d8cd52e13240efa6accb571bf37
2026-09-05T01:26:41.869439+00:00,manila|2026_09_05|highest_temperature|c|rpll,957721,4182407,Manila,RPLL,NOAA_NWS,2026-09-05,highest_temperature,C,exact,32.0,32.0,32.0,32°C,0.01,0.99,,0.02,,847.5116,2550.3935,True,True,0x6cfe6c7453a9c60d96e716f9d480febdfd03051f4398afb8065485112f091aea
2026-09-05T01:26:41.869545+00:00,manila|2026_09_05|highest_temperature|c|rpll,957721,4182408,Manila,RPLL,NOAA_NWS,2026-09-05,highest_temperature,C,or_higher,33.0,33.0,,33°C or higher,0.003,0.997,0.002,0.004,0.002,212.205799,1946.98559,True,True,0x8cf42fa6164580503c2af7e9be3d8d98720835606be1b3e3f9658e2bcdf53516
2026-09-05T01:26:41.869653+00:00,new_york_city|2026_09_05|highest_temperature|f|klga,958036,4183729,New York City,KLGA,NOAA_NWS,2026-09-05,highest_temperature,F,or_lower,69.0,,69.0,69°F or below,0.0005,0.9995,,0.001,,1580.5726,5936.75229,True,True,0xb361d8bae35eeaa04cbfda7fbfe32ec993c28fcc681265fd9662dfcde2f4f416
2026-09-05T01:26:41.869772+00:00,new_york_city|2026_09_05|highest_temperature|f|klga,958036,4183730,New York City,KLGA,NOAA_NWS,2026-09-05,highest_temperature,F,range,,-71.0,-71.0,70-71°F,0.0005,0.9995,,0.001,,93.68700000000001,5093.48241,True,True,0x6b7131a24881c257ccf9073f6a6549f5af1db4ae3bb28a1079a91bdb07e78294
2026-09-05T01:26:41.869884+00:00,new_york_city|2026_09_05|highest_temperature|f|klga,958036,4183731,New York City,KLGA,NOAA_NWS,2026-09-05,highest_temperature,F,range,,-73.0,-73.0,72-73°F,0.0005,0.9995,,0.001,,537.649772,3797.84872,True,True,0x4df0da85e54d4c726decbcd495185d4102f688e1f1e6042f4d76c5c7ab4b6dfa
2026-09-05T01:26:41.869994+00:00,new_york_city|2026_09_05|highest_temperature|f|klga,958036,4183732,New York City,KLGA,NOAA_NWS,2026-09-05,highest_temperature,F,range,,-75.0,-75.0,74-75°F,0.025,0.975,0.02,0.03,0.009999999999999998,1081.293015,3408.4118,True,True,0xf3eb2d20992741b39cf3c5e5e243a4f2fde8ef3c035bed6debae782359fdde77
2026-09-05T01:26:41.870104+00:00,new_york_city|2026_09_05|highest_temperature|f|klga,958036,4183733,New York City,KLGA,NOAA_NWS,2026-09-05,highest_temperature,F,range,,-77.0,-77.0,76-77°F,0.07,0.93,0.06,0.08,0.020000000000000004,2339.731526,5152.5844,True,True,0x11c8780aa07dbfdddcfc5c4de17a5636527607f5985829c17d75b239a86baec9
2026-09-05T01:26:41.870215+00:00,new_york_city|2026_09_05|highest_temperature|f|klga,958036,4183734,New York City,KLGA,NOAA_NWS,2026-09-05,highest_temperature,F,range,,-79.0,-79.0,78-79°F,0.225,0.775,0.22,0.23,0.010000000000000009,3560.9728480000003,3752.5187,True,True,0xbd1f46cf565b3d16290b703ff6147397a5afe6cda861dc2c3fd9e52e9a7734ab
2026-09-05T01:26:41.870325+00:00,new_york_city|2026_09_05|highest_temperature|f|klga,958036,4183735,New York City,KLGA,NOAA_NWS,2026-09-05,highest_temperature,F,range,,-81.0,-81.0,80-81°F,0.575,0.425,0.57,0.58,0.010000000000000009,3087.7649249999995,3469.7389,True,True,0xf21b8050e7cf781a96f424ff1accc2956a48f92100da5d99816652a683d65469
2026-09-05T01:26:41.870455+00:00,new_york_city|2026_09_05|highest_temperature|f|klga,958036,4183736,New York City,KLGA,NOAA_NWS,2026-09-05,highest_temperature,F,range,,-83.0,-83.0,82-83°F,0.105,0.895,0.1,0.11,0.009999999999999995,2160.2650970000004,3594.1474,True,True,0x970f410f099d2b748384655dfd2bef2af3a60b44482bc14ed1edf49ada46a5ff
2026-09-05T01:26:41.870575+00:00,new_york_city|2026_09_05|highest_temperature|f|klga,958036,4183737,New York City,KLGA,NOAA_NWS,2026-09-05,highest_temperature,F,range,,-85.0,-85.0,84-85°F,0.02,0.98,0.01,0.03,0.019999999999999997,874.989928,3959.0803,True,True,0x63fc34cc90216e1de628367eb4064f2e96ce4e1848b4acf4b271fa07704730c0
2026-09-05T01:26:41.870692+00:00,new_york_city|2026_09_05|highest_temperature|f|klga,958036,4183738,New York City,KLGA,NOAA_NWS,2026-09-05,highest_temperature,F,range,,-87.0,-87.0,86-87°F,0.0015,0.9985,0.001,0.002,0.001,1206.121749,3185.82163,True,True,0xa8e21eb133db6bfdd52d6188ebbe651f21b80d7f45d6a3f725f452b74ad9edaf
2026-09-05T01:26:41.870804+00:00,new_york_city|2026_09_05|highest_temperature|f|klga,958036,4183739,New York City,KLGA,NOAA_NWS,2026-09-05,highest_temperature,F,or_higher,88.0,88.0,,88°F or higher,0.0005,0.9995,,0.001,,119.991,3169.74417,True,True,0x31e14bacf05df3fe7487cc82c7339348559ab7d486a1c4a156467303b4208e69
2026-09-05T01:26:41.870922+00:00,dallas|2026_09_05|highest_temperature|f|kdal,958037,4183740,Dallas,KDAL,NOAA_NWS,2026-09-05,highest_temperature,F,or_lower,85.0,,85.0,85°F or below,0.001,0.999,,0.002,,1374.5295780000001,4754.51616,True,True,0x359d98b2c8574f949c2d8bf6f5a24bf87ca590cf2a72e63643e744000ab8e43a
2026-09-05T01:26:41.871031+00:00,dallas|2026_09_05|highest_temperature|f|kdal,958037,4183741,Dallas,KDAL,NOAA_NWS,2026-09-05,highest_temperature,F,range,,-87.0,-87.0,86-87°F,0.0005,0.9995,,0.001,,298.0,3866.74119,True,True,0x1f4510fb08c3d8ed8b38f0ff5ffad58dc02a2acab02a42da2bf10c880e40d598
2026-09-05T01:26:41.871136+00:00,dallas|2026_09_05|highest_temperature|f|kdal,958037,4183742,Dallas,KDAL,NOAA_NWS,2026-09-05,highest_temperature,F,range,,-89.0,-89.0,88-89°F,0.0005,0.9995,,0.001,,441.8467,2921.02582,True,True,0xca087c15668ad3a79b4b302f40e0790e5ae870e9c6939a021cfec8b257aa5ff2
2026-09-05T01:26:41.871245+00:00,dallas|2026_09_05|highest_temperature|f|kdal,958037,4183743,Dallas,KDAL,NOAA_NWS,2026-09-05,highest_temperature,F,range,,-91.0,-91.0,90-91°F,0.0005,0.9995,,0.001,,435.869,2652.20034,True,True,0x706233f9436f0d7bf384d892f02b3728cbf3eb19f7a9cb81343547102fab926d
2026-09-05T01:26:41.871349+00:00,dallas|2026_09_05|highest_temperature|f|kdal,958037,4183744,Dallas,KDAL,NOAA_NWS,2026-09-05,highest_temperature,F,range,,-93.0,-93.0,92-93°F,0.015,0.985,0.01,0.02,0.01,735.4842610000001,4415.2688,True,True,0xca675e310c8768c1a89975bcaa629783fd77b29d25be2c58d0b5dc950a61f8c0
2026-09-05T01:26:41.871476+00:00,dallas|2026_09_05|highest_temperature|f|kdal,958037,4183745,Dallas,KDAL,NOAA_NWS,2026-09-05,highest_temperature,F,range,,-95.0,-95.0,94-95°F,0.025,0.975,0.02,0.03,0.009999999999999998,1431.988098,3621.0321,True,True,0x00ea8c350e09dd3ad16b47c1e571d53a94b6560b703f0daca084decc6164c0aa
2026-09-05T01:26:41.871588+00:00,dallas|2026_09_05|highest_temperature|f|kdal,958037,4183746,Dallas,KDAL,NOAA_NWS,2026-09-05,highest_temperature,F,range,,-97.0,-97.0,96-97°F,0.445,0.555,0.44,0.45,0.010000000000000009,3380.1100039999997,5275.1513,True,True,0x93264d0422f0f11c9085aa3a3b2db0fe201b6dc9ebdab8ede2f0286e48d8dc85
2026-09-05T01:26:41.871700+00:00,dallas|2026_09_05|highest_temperature|f|kdal,958037,4183747,Dallas,KDAL,NOAA_NWS,2026-09-05,highest_temperature,F,range,,-99.0,-99.0,98-99°F,0.395,0.605,0.39,0.4,0.010000000000000009,3545.1128059999996,8384.2046,True,True,0x251c89604be100e06029c01defae5b6b022ec6c2dcd3b9827f18562c99a08d59
2026-09-05T01:26:41.871806+00:00,dallas|2026_09_05|highest_temperature|f|kdal,958037,4183748,Dallas,KDAL,NOAA_NWS,2026-09-05,highest_temperature,F,range,,-101.0,-101.0,100-101°F,0.145,0.855,0.13,0.16,0.03,2082.5275759999995,3399.751,True,True,0x31c13973e816d409f608fb8175b9e33c4d16e8430c54f52798c2d75caf27b448
2026-09-05T01:26:41.871913+00:00,dallas|2026_09_05|highest_temperature|f|kdal,958037,4183749,Dallas,KDAL,NOAA_NWS,2026-09-05,highest_temperature,F,range,,-103.0,-103.0,102-103°F,0.0105,0.9895,0.01,0.011,0.0009999999999999992,1328.564637,5059.65303,True,True,0x1d085014b551f3e01405243388ded4c69252d2aad52672cd7b19274baa833f49
2026-09-05T01:26:41.872018+00:00,dallas|2026_09_05|highest_temperature|f|kdal,958037,4183750,Dallas,KDAL,NOAA_NWS,2026-09-05,highest_temperature,F,or_higher,104.0,104.0,,104°F or higher,0.0045,0.9955,0.003,0.006,0.003,1046.782332,3074.01313,True,True,0xb39a99791f4aad6cb99bb9b8c204a2ee46721d31c5cc2903ff2eb354210219f7
2026-09-05T01:26:41.872126+00:00,atlanta|2026_09_05|highest_temperature|f|katl,958038,4183751,Atlanta,KATL,NOAA_NWS,2026-09-05,highest_temperature,F,or_lower,85.0,,85.0,85°F or below,0.0005,0.9995,,0.001,,1793.2358000000002,4163.80364,True,True,0x5ff09bef5f5efdf5be7b0fe9eff22e4389509eb6d5e205a4d4584a6fbf7ea224
2026-09-05T01:26:41.872233+00:00,atlanta|2026_09_05|highest_temperature|f|katl,958038,4183752,Atlanta,KATL,NOAA_NWS,2026-09-05,highest_temperature,F,range,,-87.0,-87.0,86-87°F,0.0005,0.9995,,0.001,,271.04699999999997,3712.95697,True,True,0xba2b43e2eaaec2cad75e458d18129dd18476101c28f75ef2502613579b9b0915
2026-09-05T01:26:41.872341+00:00,atlanta|2026_09_05|highest_temperature|f|katl,958038,4183753,Atlanta,KATL,NOAA_NWS,2026-09-05,highest_temperature,F,range,,-89.0,-89.0,88-89°F,0.0005,0.9995,,0.001,,572.295225,3460.0595,True,True,0x5ff993d987dbf867f962086b6f2d1afc421d6834ba750114893142408a75c0d4
2026-09-05T01:26:41.872469+00:00,atlanta|2026_09_05|highest_temperature|f|katl,958038,4183754,Atlanta,KATL,NOAA_NWS,2026-09-05,highest_temperature,F,range,,-91.0,-91.0,90-91°F,0.015,0.985,0.01,0.02,0.01,1298.228061,2814.79868,True,True,0x14812d933ccedf182a3840f7a059b5b5fc7035acf51599ada4456062f911bcc2
2026-09-05T01:26:41.872575+00:00,atlanta|2026_09_05|highest_temperature|f|katl,958038,4183755,Atlanta,KATL,NOAA_NWS,2026-09-05,highest_temperature,F,range,,-93.0,-93.0,92-93°F,0.03,0.97,0.02,0.04,0.02,1428.0566609999998,4416.4423,True,True,0x3c1852f8f1f5052dd943bfae45baee6522e1b6e4fbe5209dd1d4d1e76d4f5559
2026-09-05T01:26:41.872685+00:00,atlanta|2026_09_05|highest_temperature|f|katl,958038,4183756,Atlanta,KATL,NOAA_NWS,2026-09-05,highest_temperature,F,range,,-95.0,-95.0,94-95°F,0.125,0.875,0.11,0.14,0.030000000000000013,2968.935492,3007.0603,True,True,0xa929c42162118d77df95175a4a172165336143af5266c1497e7121fbc29b8a88
2026-09-05T01:26:41.872790+00:00,atlanta|2026_09_05|highest_temperature|f|katl,958038,4183757,Atlanta,KATL,NOAA_NWS,2026-09-05,highest_temperature,F,range,,-97.0,-97.0,96-97°F,0.365,0.635,0.36,0.37,0.010000000000000009,1653.382515,6074.8568,True,True,0x7c1b57033713407bf8f19baf47f6b8f1c07965bc558880093588334bd605cd54
2026-09-05T01:26:41.872894+00:00,atlanta|2026_09_05|highest_temperature|f|katl,958038,4183758,Atlanta,KATL,NOAA_NWS,2026-09-05,highest_temperature,F,range,,-99.0,-99.0,98-99°F,0.405,0.595,0.4,0.41,0.009999999999999953,4819.299007,6924.3338,True,True,0x3bb4338187d2e1b59ad7439ebc8114d11683cad08b64793024bb2768f11c6c02
2026-09-05T01:26:41.872998+00:00,atlanta|2026_09_05|highest_temperature|f|katl,958038,4183759,Atlanta,KATL,NOAA_NWS,2026-09-05,highest_temperature,F,range,,-101.0,-101.0,100-101°F,0.085,0.915,0.07,0.1,0.03,1966.54993,4965.1146,True,True,0x05977d63e2e6cd1f5fab999107187994f81414bb49b4b9c12d63f2ee3aa4236a
2026-09-05T01:26:41.873107+00:00,atlanta|2026_09_05|highest_temperature|f|katl,958038,4183760,Atlanta,KATL,NOAA_NWS,2026-09-05,highest_temperature,F,range,,-103.0,-103.0,102-103°F,0.015,0.985,0.01,0.02,0.01,1030.6922,3001.1923,True,True,0xa15210398f2cc25f26b3b0a338915c36e343e1b5f4642ae626666ac46cfc2d31
2026-09-05T01:26:41.873214+00:00,atlanta|2026_09_05|highest_temperature|f|katl,958038,4183761,Atlanta,KATL,NOAA_NWS,2026-09-05,highest_temperature,F,or_higher,104.0,104.0,,104°F or higher,0.002,0.998,0.001,0.003,0.002,857.337805,2303.89542,True,True,0x753ca2153a3c54eaf1e147278d0b2edc4f30cb905baf1362f81964a832f95509
2026-09-05T01:26:41.873323+00:00,miami|2026_09_05|highest_temperature|f|kmia,958039,4183762,Miami,KMIA,NOAA_NWS,2026-09-05,highest_temperature,F,or_lower,79.0,,79.0,79°F or below,0.0005,0.9995,,0.001,,1929.2307999999996,5396.96841,True,True,0x03e47a22253b2f99f1c2f08243450f23168c12e3fccc52fe093a497adf8f90a2
2026-09-05T01:26:41.873457+00:00,miami|2026_09_05|highest_temperature|f|kmia,958039,4183763,Miami,KMIA,NOAA_NWS,2026-09-05,highest_temperature,F,range,,-81.0,-81.0,80-81°F,0.0005,0.9995,,0.001,,311.523549,4026.32064,True,True,0xb93f6d1db263262d3afb665f94aaa978876ab6fe8707f566bfec8ccfad8c98b0
2026-09-05T01:26:41.873566+00:00,miami|2026_09_05|highest_temperature|f|kmia,958039,4183764,Miami,KMIA,NOAA_NWS,2026-09-05,highest_temperature,F,range,,-83.0,-83.0,82-83°F,0.0015,0.9985,,0.003,,1067.901166,2410.23962,True,True,0xaa33682e1d6aff4490a9edd5f88453c686ae9f0bb5f75fc14eccf4e1479e4484
2026-09-05T01:26:41.873670+00:00,miami|2026_09_05|highest_temperature|f|kmia,958039,4183765,Miami,KMIA,NOAA_NWS,2026-09-05,highest_temperature,F,range,,-85.0,-85.0,84-85°F,0.0075,0.9925,0.002,0.013,0.011,1147.157035,5422.60619,True,True,0x622eefcc6be23494a6580ffbda146b271605381b8a0897f2e832f2a625feb1fd
2026-09-05T01:26:41.873773+00:00,miami|2026_09_05|highest_temperature|f|kmia,958039,4183766,Miami,KMIA,NOAA_NWS,2026-09-05,highest_temperature,F,range,,-87.0,-87.0,86-87°F,0.025,0.975,0.02,0.03,0.009999999999999998,1872.197811,4051.4373,True,True,0xf50ac333619426c6c29acd4945f0ed975a251d4bec29d4cc86b8c019ca7cc32e
2026-09-05T01:26:41.873876+00:00,miami|2026_09_05|highest_temperature|f|kmia,958039,4183767,Miami,KMIA,NOAA_NWS,2026-09-05,highest_temperature,F,range,,-89.0,-89.0,88-89°F,0.235,0.765,0.23,0.24,0.009999999999999981,3603.83226,6180.6409,True,True,0xb78ec2f67f8fede5aa2077d24016b6af5df00546988f0bb4a54c7840c90e02a5
2026-09-05T01:26:41.873979+00:00,miami|2026_09_05|highest_temperature|f|kmia,958039,4183768,Miami,KMIA,NOAA_NWS,2026-09-05,highest_temperature,F,range,,-91.0,-91.0,90-91°F,0.675,0.325,0.67,0.68,0.010000000000000009,3614.115868,4704.2813,True,True,0x3458fcccdcdde442f1ca282d32d14b096363e9ce37ee4b1015e041f56405c4f3
2026-09-05T01:26:41.874085+00:00,miami|2026_09_05|highest_temperature|f|kmia,958039,4183769,Miami,KMIA,NOAA_NWS,2026-09-05,highest_temperature,F,range,,-93.0,-93.0,92-93°F,0.08,0.92,0.07,0.09,0.01999999999999999,2314.520034,3204.2015,True,True,0x7c2a6a598cbbf56d0be3231b068dc56676d88817993a4f2f7606cd4c9bab189d
2026-09-05T01:26:41.874190+00:00,miami|2026_09_05|highest_temperature|f|kmia,958039,4183770,Miami,KMIA,NOAA_NWS,2026-09-05,highest_temperature,F,range,,-95.0,-95.0,94-95°F,0.004,0.996,0.002,0.006,0.004,972.6963499999999,3365.86191,True,True,0x30bda91269f833b60f71e98784512dc0bf7b6c625b92461b05367fc0b6b4da0c
2026-09-05T01:26:41.874293+00:00,miami|2026_09_05|highest_temperature|f|kmia,958039,4183771,Miami,KMIA,NOAA_NWS,2026-09-05,highest_temperature,F,range,,-97.0,-97.0,96-97°F,0.0005,0.9995,,0.001,,480.46599999999995,2983.92499,True,True,0x3d08acfb2d3610e2d552624c140fc7eafc22682848f4133488cb28b3db858a6d
2026-09-05T01:26:41.874421+00:00,miami|2026_09_05|highest_temperature|f|kmia,958039,4183772,Miami,KMIA,NOAA_NWS,2026-09-05,highest_temperature,F,or_higher,98.0,98.0,,98°F or higher,0.0005,0.9995,,0.001,,389.24,3480.03352,True,True,0x214a766968a67acd5a92300322b760a2f0a1a29ee36d9c09051ce713908b7a13
2026-09-05T01:26:41.874534+00:00,austin|2026_09_05|highest_temperature|f|kaus,958040,4183773,Austin,KAUS,NOAA_NWS,2026-09-05,highest_temperature,F,or_lower,85.0,,85.0,85°F or below,0.001,0.999,,0.002,,1415.9298,4269.93103,True,True,0x5a6f34f2523f3244721f0211222ce2a01d44a169ad4bce1bc283ff9eacab51d6
2026-09-05T01:26:41.874642+00:00,austin|2026_09_05|highest_temperature|f|kaus,958040,4183774,Austin,KAUS,NOAA_NWS,2026-09-05,highest_temperature,F,range,,-87.0,-87.0,86-87°F,0.0015,0.9985,0.001,0.002,0.001,940.4019600000001,3638.13777,True,True,0xecead8a7d974bd8b52a162194b11a151d0b168cf5fa8a3f9e43139b30de5fc6a
2026-09-05T01:26:41.874752+00:00,austin|2026_09_05|highest_temperature|f|kaus,958040,4183775,Austin,KAUS,NOAA_NWS,2026-09-05,highest_temperature,F,range,,-89.0,-89.0,88-89°F,0.0015,0.9985,0.001,0.002,0.001,95.51800000000001,2446.64937,True,True,0x478a5ab253b4aaa543044cc9f435023f7222109ed7ebae6c4f6217c68a4a7ba4
2026-09-05T01:26:41.874862+00:00,austin|2026_09_05|highest_temperature|f|kaus,958040,4183776,Austin,KAUS,NOAA_NWS,2026-09-05,highest_temperature,F,range,,-91.0,-91.0,90-91°F,0.015,0.985,0.01,0.02,0.01,41.26,2182.9355,True,True,0xddaeeea32a5e0193d75eeaebe8367721593c492cd88591ab5d64711a550317b4
2026-09-05T01:26:41.874966+00:00,austin|2026_09_05|highest_temperature|f|kaus,958040,4183777,Austin,KAUS,NOAA_NWS,2026-09-05,highest_temperature,F,range,,-93.0,-93.0,92-93°F,0.035,0.965,0.03,0.04,0.010000000000000002,311.934806,1917.4831,True,True,0x982d6124635cc5e3c2052fa061c7c1b984dc186ecb1ea26a323a1643ffe815e6
2026-09-05T01:26:41.875069+00:00,austin|2026_09_05|highest_temperature|f|kaus,958040,4183778,Austin,KAUS,NOAA_NWS,2026-09-05,highest_temperature,F,range,,-95.0,-95.0,94-95°F,0.14,0.86,0.13,0.15,0.01999999999999999,869.7025530000001,3086.036,True,True,0xd16c5e477de796c2dbb2779b1b01ab59cfe2c805bf99648f95dffe1dffe945b7
2026-09-05T01:26:41.875174+00:00,austin|2026_09_05|highest_temperature|f|kaus,958040,4183779,Austin,KAUS,NOAA_NWS,2026-09-05,highest_temperature,F,range,,-97.0,-97.0,96-97°F,0.495,0.505,0.49,0.5,0.010000000000000009,1035.438052,2848.0714,True,True,0x70287ed2452fb2802535c53767070f60fe3eb9d9e833ecc9191952f1318d3f60
2026-09-05T01:26:41.875277+00:00,austin|2026_09_05|highest_temperature|f|kaus,958040,4183780,Austin,KAUS,NOAA_NWS,2026-09-05,highest_temperature,F,range,,-99.0,-99.0,98-99°F,0.27,0.73,0.26,0.28,0.020000000000000018,599.192606,3067.2913,True,True,0x1c907a4c773f6bac916be876505b02ae38c82be3a09d6b866c24411ec95417bb
2026-09-05T01:26:41.875398+00:00,austin|2026_09_05|highest_temperature|f|kaus,958040,4183781,Austin,KAUS,NOAA_NWS,2026-09-05,highest_temperature,F,range,,-101.0,-101.0,100-101°F,0.035,0.965,0.02,0.05,0.030000000000000002,766.807027,2558.5396,True,True,0x63e6da2cfc5f9561ff57d3b168bd945ffc5324bc7d6c829f6223606b06ef801c
2026-09-05T01:26:41.875515+00:00,austin|2026_09_05|highest_temperature|f|kaus,958040,4183782,Austin,KAUS,NOAA_NWS,2026-09-05,highest_temperature,F,range,,-103.0,-103.0,102-103°F,0.0055,0.9945,0.002,0.009,0.006999999999999999,432.650879,2561.91457,True,True,0x3030688994c0f88a97ad85c6961089ee6d35d7eaace98060ae20eac34a0ee892
2026-09-05T01:26:41.875622+00:00,austin|2026_09_05|highest_temperature|f|kaus,958040,4183783,Austin,KAUS,NOAA_NWS,2026-09-05,highest_temperature,F,or_higher,104.0,104.0,,104°F or higher,0.0015,0.9985,0.001,0.002,0.001,538.536241,1967.94302,True,True,0x050e7456f8cb03eb792c5d732296af6402edceda0b5f2b27b5285ecf2e0d97e3
2026-09-05T01:26:41.875731+00:00,denver|2026_09_05|highest_temperature|f|kbkf,958041,4183784,Denver,KBKF,NOAA_NWS,2026-09-05,highest_temperature,F,or_lower,79.0,,79.0,79°F or below,0.0005,0.9995,,0.001,,512.7111289999999,4134.43114,True,True,0x7519501b4bb6f2bf709cd93b71c33178b19720b3b49502cbaa61b6b151da8991
2026-09-05T01:26:41.875841+00:00,denver|2026_09_05|highest_temperature|f|kbkf,958041,4183785,Denver,KBKF,NOAA_NWS,2026-09-05,highest_temperature,F,range,,-81.0,-81.0,80-81°F,0.001,0.999,,0.002,,840.9238,3776.39028,True,True,0xcbbd9ab86a38af439ca5a39cbe9f5bb77edd5a7eadb4b8b863f4d09910e47abe
2026-09-05T01:26:41.875947+00:00,denver|2026_09_05|highest_temperature|f|kbkf,958041,4183786,Denver,KBKF,NOAA_NWS,2026-09-05,highest_temperature,F,range,,-83.0,-83.0,82-83°F,0.002,0.998,0.001,0.003,0.002,1250.276337,5226.29775,True,True,0x88c12fe64d4be611f3ad52c638cf1fd630d4ae28f7ce00a6f47f3a2dc2639eda
2026-09-05T01:26:41.876051+00:00,denver|2026_09_05|highest_temperature|f|kbkf,958041,4183787,Denver,KBKF,NOAA_NWS,2026-09-05,highest_temperature,F,range,,-85.0,-85.0,84-85°F,0.0015,0.9985,0.001,0.002,0.001,583.377665,3029.6859,True,True,0x688d8d3e79e80fc47cd0e2e465273bb643578f2812c085a93c1bb05dd2f5536c
2026-09-05T01:26:41.876159+00:00,denver|2026_09_05|highest_temperature|f|kbkf,958041,4183788,Denver,KBKF,NOAA_NWS,2026-09-05,highest_temperature,F,range,,-87.0,-87.0,86-87°F,0.035,0.965,0.03,0.04,0.010000000000000002,861.782974,4102.5764,True,True,0x70fb7234b7fc6131f04b15b40bee1b61d5f7604343bcab58c8c63a61598ff02c
2026-09-05T01:26:41.876263+00:00,denver|2026_09_05|highest_temperature|f|kbkf,958041,4183789,Denver,KBKF,NOAA_NWS,2026-09-05,highest_temperature,F,range,,-89.0,-89.0,88-89°F,0.08,0.92,0.07,0.09,0.01999999999999999,1306.830446,4260.9779,True,True,0x31dd1cc996570ba764939340597d8d8b4cf0ffbaa29bfb9d644b656682fa5aec
2026-09-05T01:26:41.876394+00:00,denver|2026_09_05|highest_temperature|f|kbkf,958041,4183790,Denver,KBKF,NOAA_NWS,2026-09-05,highest_temperature,F,range,,-91.0,-91.0,90-91°F,0.315,0.685,0.31,0.32,0.010000000000000009,3750.616132999999,6619.6678,True,True,0xe0abce56915756180d8f6a7b972915864f333f84b9f2b728d0ecfba5d41e70f1
2026-09-05T01:26:41.876506+00:00,denver|2026_09_05|highest_temperature|f|kbkf,958041,4183791,Denver,KBKF,NOAA_NWS,2026-09-05,highest_temperature,F,range,,-93.0,-93.0,92-93°F,0.455,0.545,0.45,0.46,0.010000000000000009,4517.744648,9626.9315,True,True,0xfab96a3ed64007286f81a8916486bea3b5eb59948de3b0641c47426291562d42
2026-09-05T01:26:41.876611+00:00,denver|2026_09_05|highest_temperature|f|kbkf,958041,4183792,Denver,KBKF,NOAA_NWS,2026-09-05,highest_temperature,F,range,,-95.0,-95.0,94-95°F,0.105,0.895,0.09,0.12,0.03,1021.8068099999999,3743.4813,True,True,0x63bc12598c7c9793b57583c23af626ecf95fb52cb93ba289d9eb7df7ff389268
2026-09-05T01:26:41.876714+00:00,denver|2026_09_05|highest_temperature|f|kbkf,958041,4183793,Denver,KBKF,NOAA_NWS,2026-09-05,highest_temperature,F,range,,-97.0,-97.0,96-97°F,0.015,0.985,0.01,0.02,0.01,460.7752,2943.4103,True,True,0xc186af4f0d9dd5cc9254d0e29fd9cbea684bb0349580c3ee03a7a72dc6c854cb
2026-09-05T01:26:41.876817+00:00,denver|2026_09_05|highest_temperature|f|kbkf,958041,4183794,Denver,KBKF,NOAA_NWS,2026-09-05,highest_temperature,F,or_higher,98.0,98.0,,98°F or higher,0.0045,0.9955,,0.009,,119.978,1979.22871,True,True,0xbb802936e7bada013bb4ba57b2a1d728f720c2f032b493fe477093907b4d4fa2
2026-09-05T01:26:41.876925+00:00,houston|2026_09_05|highest_temperature|f|khou,958042,4183795,Houston,KHOU,NOAA_NWS,2026-09-05,highest_temperature,F,or_lower,81.0,,81.0,81°F or below,0.005,0.995,,0.01,,947.6246000000001,1674.65547,True,True,0x9a3b0103aacca10ad9361a97346a0ba335d298ba465ad10f9330fbfab410db47
2026-09-05T01:26:41.877032+00:00,houston|2026_09_05|highest_temperature|f|khou,958042,4183796,Houston,KHOU,NOAA_NWS,2026-09-05,highest_temperature,F,range,,-83.0,-83.0,82-83°F,0.005,0.995,,0.01,,778.5771330000001,2044.62447,True,True,0x496d37f96a396a9c08de35fb1c64c046792139b055f1f53242c81a177337ffb1
2026-09-05T01:26:41.877137+00:00,houston|2026_09_05|highest_temperature|f|khou,958042,4183797,Houston,KHOU,NOAA_NWS,2026-09-05,highest_temperature,F,range,,-85.0,-85.0,84-85°F,0.0065,0.9935,0.003,0.01,0.007,652.7858,4055.55602,True,True,0x77ac89cfdff1a9de6e447d97c04f8cfdef96b6ef83d3d2aea0ca4c48f907e4d5
2026-09-05T01:26:41.877241+00:00,houston|2026_09_05|highest_temperature|f|khou,958042,4183798,Houston,KHOU,NOAA_NWS,2026-09-05,highest_temperature,F,range,,-87.0,-87.0,86-87°F,0.095,0.905,0.08,0.11,0.03,1687.4237449999998,3999.5601,True,True,0x56200a65ea94c9c5a4260c3a1b4a6b1ad35987c06a487237d378c2ed1f079419
2026-09-05T01:26:41.877345+00:00,houston|2026_09_05|highest_temperature|f|khou,958042,4183799,Houston,KHOU,NOAA_NWS,2026-09-05,highest_temperature,F,range,,-89.0,-89.0,88-89°F,0.135,0.865,0.13,0.14,0.010000000000000009,2815.8797,4009.33,True,True,0xa8f589fbd2e21fb73a3757015ad0d27097d7d67d6bb125e62546531a5091abf7
2026-09-05T01:26:41.877473+00:00,houston|2026_09_05|highest_temperature|f|khou,958042,4183800,Houston,KHOU,NOAA_NWS,2026-09-05,highest_temperature,F,range,,-91.0,-91.0,90-91°F,0.305,0.695,0.3,0.31,0.010000000000000009,3271.2665770000003,6532.1366,True,True,0xeee9c6414555338cbe9bfe4dc53e57c7a7038810066dceb41550d677128f0b4d
2026-09-05T01:26:41.877585+00:00,houston|2026_09_05|highest_temperature|f|khou,958042,4183801,Houston,KHOU,NOAA_NWS,2026-09-05,highest_temperature,F,range,,-93.0,-93.0,92-93°F,0.315,0.685,0.31,0.32,0.010000000000000009,3209.368663,4214.6182,True,True,0x9cb69d90f0ac39796152b5bcc599d1c0c5cb96fd4ef6654ad3b8fa43cebfc5a4
2026-09-05T01:26:41.877696+00:00,houston|2026_09_05|highest_temperature|f|khou,958042,4183802,Houston,KHOU,NOAA_NWS,2026-09-05,highest_temperature,F,range,,-95.0,-95.0,94-95°F,0.065,0.935,0.06,0.07,0.010000000000000009,1001.219185,4583.8374,True,True,0x04a7d0995105ddbcd28f82a306d71d82f8e71be361709883ecc6542ab265e091
2026-09-05T01:26:41.877802+00:00,houston|2026_09_05|highest_temperature|f|khou,958042,4183803,Houston,KHOU,NOAA_NWS,2026-09-05,highest_temperature,F,range,,-97.0,-97.0,96-97°F,0.07,0.93,0.052,0.088,0.036,1156.880209,1871.14375,True,True,0x774a037bde344875060f53692d6076f5e8a998b43248adefb83736af098ac043
2026-09-05T01:26:41.877911+00:00,houston|2026_09_05|highest_temperature|f|khou,958042,4183804,Houston,KHOU,NOAA_NWS,2026-09-05,highest_temperature,F,range,,-99.0,-99.0,98-99°F,0.0015,0.9985,0.001,0.002,0.001,442.64754,2512.31274,True,True,0x4be43b5678457a6a3af77e4f323be797c24f99e992f3fd3da2e6e70b75759460
2026-09-05T01:26:41.878019+00:00,houston|2026_09_05|highest_temperature|f|khou,958042,4183805,Houston,KHOU,NOAA_NWS,2026-09-05,highest_temperature,F,or_higher,100.0,100.0,,100°F or higher,0.0005,0.9995,,0.001,,580.906759,2164.61809,True,True,0xd9d0ddfd332304f2e3fbd1490a73dc9f8b654974dff1a33bcab7ac408acb75ba
2026-09-05T01:26:41.878147+00:00,new_york_city|2026_09_05|lowest_temperature|f|klga,958133,4184246,New York City,KLGA,NOAA_NWS,2026-09-05,lowest_temperature,F,or_lower,61.0,,61.0,61°F or below,0.001,0.999,,0.002,,327.904,1985.89999,True,True,0x82fb199b0c7b0565ebc5308595bc8b87bfc0f450f645874d21c14451b46a2cd1
2026-09-05T01:26:41.878263+00:00,new_york_city|2026_09_05|lowest_temperature|f|klga,958133,4184247,New York City,KLGA,NOAA_NWS,2026-09-05,lowest_temperature,F,range,,-63.0,-63.0,62-63°F,0.003,0.997,,0.006,,189.598,709.40528,True,True,0xa5f1e914b15e2c46d472c3c0ee91f9e1aab19ce4c2f71e81410a4ca390ffd437
2026-09-05T01:26:41.878392+00:00,new_york_city|2026_09_05|lowest_temperature|f|klga,958133,4184248,New York City,KLGA,NOAA_NWS,2026-09-05,lowest_temperature,F,range,,-65.0,-65.0,64-65°F,0.03,0.97,0.01,0.05,0.04,134.37189999999998,857.6551,True,True,0x256852330e12c6566cd153edac6e943c5ce8bdc9a205ff9b6c885193c8d7eb08
2026-09-05T01:26:41.878510+00:00,new_york_city|2026_09_05|lowest_temperature|f|klga,958133,4184249,New York City,KLGA,NOAA_NWS,2026-09-05,lowest_temperature,F,range,,-67.0,-67.0,66-67°F,0.06,0.94,0.04,0.08,0.04,329.447575,902.8767,True,True,0x99b36f5e3f842bbb1d1862eac1628059e8d3f4740b21167d213f8a64f2b60f98
2026-09-05T01:26:41.878620+00:00,new_york_city|2026_09_05|lowest_temperature|f|klga,958133,4184250,New York City,KLGA,NOAA_NWS,2026-09-05,lowest_temperature,F,range,,-69.0,-69.0,68-69°F,0.39,0.61,0.38,0.4,0.020000000000000018,914.4528329999999,2400.5301,True,True,0x59431a49e7d4b236fc1ce3002baaf124f12231018ab51c7d8d44da6032d3a596
2026-09-05T01:26:41.878730+00:00,new_york_city|2026_09_05|lowest_temperature|f|klga,958133,4184251,New York City,KLGA,NOAA_NWS,2026-09-05,lowest_temperature,F,range,,-71.0,-71.0,70-71°F,0.485,0.515,0.47,0.5,0.030000000000000027,1094.4421889999999,2410.2601,True,True,0x76aa3fd4721d5582a60ad4f100dfe106d1e6c225af6945a74b9f988351297e39
2026-09-05T01:26:41.878838+00:00,new_york_city|2026_09_05|lowest_temperature|f|klga,958133,4184252,New York City,KLGA,NOAA_NWS,2026-09-05,lowest_temperature,F,range,,-73.0,-73.0,72-73°F,0.026,0.974,0.01,0.042,0.032,154.630113,799.90762,True,True,0x833084bc0070b46d7005f7b5892653f983b260462f48372fb33af9a92464341c
2026-09-05T01:26:41.878948+00:00,new_york_city|2026_09_05|lowest_temperature|f|klga,958133,4184253,New York City,KLGA,NOAA_NWS,2026-09-05,lowest_temperature,F,range,,-75.0,-75.0,74-75°F,0.0095,0.9905,0.003,0.016,0.013000000000000001,383.822333,695.34032,True,True,0xfbb52d879aae8d46a5422ae6a8bb89121c45852d34953ea468c079e65282653f
2026-09-05T01:26:41.879057+00:00,new_york_city|2026_09_05|lowest_temperature|f|klga,958133,4184254,New York City,KLGA,NOAA_NWS,2026-09-05,lowest_temperature,F,range,,-77.0,-77.0,76-77°F,0.0055,0.9945,0.002,0.009,0.006999999999999999,416.698,1897.47741,True,True,0xedd9a5867f0ea94156a50b625755e220b2eecea76f66d90f203b50064ec06154
2026-09-05T01:26:41.879165+00:00,new_york_city|2026_09_05|lowest_temperature|f|klga,958133,4184255,New York City,KLGA,NOAA_NWS,2026-09-05,lowest_temperature,F,range,,-79.0,-79.0,78-79°F,0.0085,0.9915,,0.017,,300.994,2390.69759,True,True,0xd404c53e1bc6daf49263d671bf01aaba16a1f9c86a90c55dd2009ab2981c2cb3
2026-09-05T01:26:41.879284+00:00,new_york_city|2026_09_05|lowest_temperature|f|klga,958133,4184256,New York City,KLGA,NOAA_NWS,2026-09-05,lowest_temperature,F,or_higher,80.0,80.0,,80°F or higher,0.002,0.998,,0.004,,174.984,2551.86099,True,True,0xfafb2bc93cfca36112f60eb5654f63561be78dc719d7caa911ae3f5ff7f73d6c
2026-09-05T01:26:41.879420+00:00,dallas|2026_09_05|lowest_temperature|f|kdal,958134,4184257,Dallas,KDAL,NOAA_NWS,2026-09-05,lowest_temperature,F,or_lower,67.0,,67.0,67°F or below,0.0035,0.9965,0.001,0.006,0.005,12.0,953.392,True,True,0x66ecd911bf7a84e98d5385cd34d7f32e3037167f753b41ea67b732806b4d5b30
2026-09-05T01:26:41.879537+00:00,dallas|2026_09_05|lowest_temperature|f|kdal,958134,4184258,Dallas,KDAL,NOAA_NWS,2026-09-05,lowest_temperature,F,range,,-69.0,-69.0,68-69°F,0.0035,0.9965,0.001,0.006,0.005,12.0,1119.6149,True,True,0x0b757f1a7ba2557c2d12111471083cd94247685cb5c48b1512cafd2d39ab41ac
2026-09-05T01:26:41.879643+00:00,dallas|2026_09_05|lowest_temperature|f|kdal,958134,4184259,Dallas,KDAL,NOAA_NWS,2026-09-05,lowest_temperature,F,range,,-71.0,-71.0,70-71°F,0.075,0.925,,0.15,,22.0,225.6861,True,True,0x96771928077a9f09ca3e2b71e8c941f4c11f03c2c80b2a4d55459f78252f179f
2026-09-05T01:26:41.879752+00:00,dallas|2026_09_05|lowest_temperature|f|kdal,958134,4184260,Dallas,KDAL,NOAA_NWS,2026-09-05,lowest_temperature,F,range,,-73.0,-73.0,72-73°F,0.075,0.925,,0.15,,12.0,208.8861,True,True,0xc0075a6794a3de8b9822ff30a0678f55fb8665f017537bee2966314042aceffc
2026-09-05T01:26:41.879856+00:00,dallas|2026_09_05|lowest_temperature|f|kdal,958134,4184261,Dallas,KDAL,NOAA_NWS,2026-09-05,lowest_temperature,F,range,,-75.0,-75.0,74-75°F,0.09,0.91,0.02,0.16,0.14,,258.5761,True,True,0x30f574bf48649fea41d44ed60c9d409e576452c3a875c1cdacff6ab40d1ec053
2026-09-05T01:26:41.879959+00:00,dallas|2026_09_05|lowest_temperature|f|kdal,958134,4184262,Dallas,KDAL,NOAA_NWS,2026-09-05,lowest_temperature,F,range,,-77.0,-77.0,76-77°F,0.235,0.765,0.02,0.45,0.43,,201.1461,True,True,0x8ad1dc098a721579ec541f2b63537a192534540b223efea76fc0529134287b2c
2026-09-05T01:26:41.880062+00:00,dallas|2026_09_05|lowest_temperature|f|kdal,958134,4184263,Dallas,KDAL,NOAA_NWS,2026-09-05,lowest_temperature,F,range,,-79.0,-79.0,78-79°F,0.33,0.67,0.15,0.51,0.36,15.656665,224.3265,True,True,0x1d2b832efb964814c26ba29f939fe69522ff9fb45aaa61d4d5938512aeae2ec0
2026-09-05T01:26:41.880165+00:00,dallas|2026_09_05|lowest_temperature|f|kdal,958134,4184264,Dallas,KDAL,NOAA_NWS,2026-09-05,lowest_temperature,F,range,,-81.0,-81.0,80-81°F,0.435,0.565,0.38,0.49,0.10999999999999999,26.215625,237.3881,True,True,0xe89547b24afa827083b3c5004b32eb68e3f52da19e79dc75052f829aaca8ab36
2026-09-05T01:26:41.880266+00:00,dallas|2026_09_05|lowest_temperature|f|kdal,958134,4184265,Dallas,KDAL,NOAA_NWS,2026-09-05,lowest_temperature,F,range,,-83.0,-83.0,82-83°F,0.1,0.9,0.03,0.17,0.14,,286.4359,True,True,0x47ff75c6cdef48ed60db87c804ee5f2f4b65901dcb7b11e16b8e7cd6c25b884b
2026-09-05T01:26:41.880389+00:00,dallas|2026_09_05|lowest_temperature|f|kdal,958134,4184266,Dallas,KDAL,NOAA_NWS,2026-09-05,lowest_temperature,F,range,,-85.0,-85.0,84-85°F,0.085,0.915,0.01,0.16,0.15,,234.7661,True,True,0x6944caa3350802b1cdc733a9f98c50cfe9c1a175af35477982763dfc815f4867
2026-09-05T01:26:41.880498+00:00,dallas|2026_09_05|lowest_temperature|f|kdal,958134,4184267,Dallas,KDAL,NOAA_NWS,2026-09-05,lowest_temperature,F,or_higher,86.0,86.0,,86°F or higher,0.03,0.97,,0.06,,12.0,76.1494,True,True,0xd8fcff0273a4e7558a7c6a804ff777679bf80b2151bd1606c75918f6f064b54d
2026-09-05T01:26:41.880605+00:00,atlanta|2026_09_05|lowest_temperature|f|katl,958135,4184268,Atlanta,KATL,NOAA_NWS,2026-09-05,lowest_temperature,F,or_lower,67.0,,67.0,67°F or below,0.07,0.93,,0.14,,12.0,47.725,True,True,0x72826ab70116784d8266c0449586a48de2e8e03a4bbd928720fe6d5aaf3e928c
2026-09-05T01:26:41.880712+00:00,atlanta|2026_09_05|lowest_temperature|f|katl,958135,4184269,Atlanta,KATL,NOAA_NWS,2026-09-05,lowest_temperature,F,range,,-69.0,-69.0,68-69°F,0.08,0.92,,0.16,,12.0,170.4461,True,True,0x8a199bd394175e48c912d833a97e835d445b91c9a0bf39a7424341cc0171ceca
2026-09-05T01:26:41.880816+00:00,atlanta|2026_09_05|lowest_temperature|f|katl,958135,4184270,Atlanta,KATL,NOAA_NWS,2026-09-05,lowest_temperature,F,range,,-71.0,-71.0,70-71°F,0.095,0.905,0.01,0.18,0.16999999999999998,,172.6761,True,True,0xb86c057f52966f23d609146a6706afdc150bd83f70dfaa4fe692612107618f11
2026-09-05T01:26:41.880924+00:00,atlanta|2026_09_05|lowest_temperature|f|katl,958135,4184271,Atlanta,KATL,NOAA_NWS,2026-09-05,lowest_temperature,F,range,,-73.0,-73.0,72-73°F,0.255,0.745,0.02,0.49,0.47,,164.0261,True,True,0x91c501b119b870c397363694ae48071a44ba9a2439599feba202647268905b84
2026-09-05T01:26:41.881033+00:00,atlanta|2026_09_05|lowest_temperature|f|katl,958135,4184272,Atlanta,KATL,NOAA_NWS,2026-09-05,lowest_temperature,F,range,,-75.0,-75.0,74-75°F,0.36,0.64,0.22,0.5,0.28,,181.8251,True,True,0x46468c91b6bcae7b4600eaa368564e238f0d784456ff3902b9aba4ab7107a3ec
2026-09-05T01:26:41.881138+00:00,atlanta|2026_09_05|lowest_temperature|f|katl,958135,4184273,Atlanta,KATL,NOAA_NWS,2026-09-05,lowest_temperature,F,range,,-77.0,-77.0,76-77°F,0.355,0.645,0.21,0.5,0.29000000000000004,,192.0148,True,True,0xb6bd29c1bb135de5c47afae437e943f4905492245234daa876a9080b2dbdee33
2026-09-05T01:26:41.881241+00:00,atlanta|2026_09_05|lowest_temperature|f|katl,958135,4184274,Atlanta,KATL,NOAA_NWS,2026-09-05,lowest_temperature,F,range,,-79.0,-79.0,78-79°F,0.095,0.905,0.01,0.18,0.16999999999999998,,174.6761,True,True,0x0fa4887555759fcc9853c7c278995b98b8df99848c1570864b9ee7e675fbbfac
2026-09-05T01:26:41.881350+00:00,atlanta|2026_09_05|lowest_temperature|f|katl,958135,4184275,Atlanta,KATL,NOAA_NWS,2026-09-05,lowest_temperature,F,range,,-81.0,-81.0,80-81°F,0.075,0.925,,0.15,,11.9984,168.3561,True,True,0x33b0addc680510aeb06bb7e86e0d9f671e3920e36008f56b3afdeb4e2e870bf2
2026-09-05T01:26:41.881481+00:00,atlanta|2026_09_05|lowest_temperature|f|katl,958135,4184276,Atlanta,KATL,NOAA_NWS,2026-09-05,lowest_temperature,F,range,,-83.0,-83.0,82-83°F,0.035,0.965,,0.07,,11.9984,178.9569,True,True,0xf7bfcf0f22c9cb22dcad8983ddd3f336c3f36abbe8b6dfc07bd7b6d54f89607c
2026-09-05T01:26:41.881586+00:00,atlanta|2026_09_05|lowest_temperature|f|katl,958135,4184277,Atlanta,KATL,NOAA_NWS,2026-09-05,lowest_temperature,F,range,,-85.0,-85.0,84-85°F,0.01,0.99,,0.02,,21.9985,380.9024,True,True,0xb887ff75c76b1f3649158a429a5a8edade7e6742bee84b70556a5d90e5006f82
2026-09-05T01:26:41.881689+00:00,atlanta|2026_09_05|lowest_temperature|f|katl,958135,4184278,Atlanta,KATL,NOAA_NWS,2026-09-05,lowest_temperature,F,or_higher,86.0,86.0,,86°F or higher,0.035,0.965,,0.07,,12.0,72.0808,True,True,0x03d1d254505aa082015d19a19d08033458191aaa613e86def2449d4afca5e88e
2026-09-05T01:26:41.881796+00:00,miami|2026_09_05|lowest_temperature|f|kmia,958136,4184279,Miami,KMIA,NOAA_NWS,2026-09-05,lowest_temperature,F,or_lower,73.0,,73.0,73°F or below,0.0055,0.9945,0.002,0.009,0.006999999999999999,9.99,964.56482,True,True,0x6fc1c67b7aa3c915cf6c365f0cdd11cefd3d61f4c1caf92bb2c153af44d30b5b
2026-09-05T01:26:41.881903+00:00,miami|2026_09_05|lowest_temperature|f|kmia,958136,4184280,Miami,KMIA,NOAA_NWS,2026-09-05,lowest_temperature,F,range,,-75.0,-75.0,74-75°F,0.03,0.97,0.01,0.05,0.04,64.98,410.2831,True,True,0x310ff8cc175c964d35ca279d49c70970f742daa9b075bd5b9cc88b915061a28e
2026-09-05T01:26:41.882007+00:00,miami|2026_09_05|lowest_temperature|f|kmia,958136,4184281,Miami,KMIA,NOAA_NWS,2026-09-05,lowest_temperature,F,range,,-77.0,-77.0,76-77°F,0.265,0.735,0.25,0.28,0.030000000000000027,891.099123,2004.4335,True,True,0x4e1511a4885a8f0c42097f99fd3e52d25546c150a86b5b46b3a233df560c7e93
2026-09-05T01:26:41.882110+00:00,miami|2026_09_05|lowest_temperature|f|kmia,958136,4184282,Miami,KMIA,NOAA_NWS,2026-09-05,lowest_temperature,F,range,,-79.0,-79.0,78-79°F,0.325,0.675,0.19,0.46,0.27,177.638088,366.2255,True,True,0xcc72319300b1a21739ea4a3034cd1c0ff8baa2799438d5561f50c7eeacd6b4d1
2026-09-05T01:26:41.882213+00:00,miami|2026_09_05|lowest_temperature|f|kmia,958136,4184283,Miami,KMIA,NOAA_NWS,2026-09-05,lowest_temperature,F,range,,-81.0,-81.0,80-81°F,0.4,0.6,0.36,0.44,0.08000000000000002,751.4637389999999,695.0861,True,True,0xf3358392b4b0536e2ebdc2bf72ad0c8af25f41f955af85d42d575a126ab6b02b
2026-09-05T01:26:41.882317+00:00,miami|2026_09_05|lowest_temperature|f|kmia,958136,4184284,Miami,KMIA,NOAA_NWS,2026-09-05,lowest_temperature,F,range,,-83.0,-83.0,82-83°F,0.09,0.91,0.02,0.16,0.14,99.15391199999999,362.1261,True,True,0xeafad5898223df466ce67f5a1c6c2d7ed2810cff47714920d26d64e71c65e805
2026-09-05T01:26:41.882439+00:00,miami|2026_09_05|lowest_temperature|f|kmia,958136,4184285,Miami,KMIA,NOAA_NWS,2026-09-05,lowest_temperature,F,range,,-85.0,-85.0,84-85°F,0.014,0.986,0.01,0.018,0.007999999999999998,19.99,805.54141,True,True,0x30340a332e26a8018da954be73c4f70e2b3cfa8c508d722e86620b91bb38591f
2026-09-05T01:26:41.882551+00:00,miami|2026_09_05|lowest_temperature|f|kmia,958136,4184286,Miami,KMIA,NOAA_NWS,2026-09-05,lowest_temperature,F,range,,-87.0,-87.0,86-87°F,0.005,0.995,0.001,0.009,0.008,9.99,1141.15819,True,True,0x995b0fd4281f10cd7e7b953b31613bbb73f1a734bbae425577a48c449de83c17
2026-09-05T01:26:41.882655+00:00,miami|2026_09_05|lowest_temperature|f|kmia,958136,4184287,Miami,KMIA,NOAA_NWS,2026-09-05,lowest_temperature,F,range,,-89.0,-89.0,88-89°F,0.0025,0.9975,,0.005,,55.0,2099.6226,True,True,0xd56e49838e4aa8ef99adff6fd83b458736c9717792781385509d45e4adbb1e06
2026-09-05T01:26:41.882762+00:00,miami|2026_09_05|lowest_temperature|f|kmia,958136,4184288,Miami,KMIA,NOAA_NWS,2026-09-05,lowest_temperature,F,range,,-91.0,-91.0,90-91°F,0.0005,0.9995,,0.001,,165.0,2779.7681,True,True,0x2e6cf51d04d697567a73388c1f740bfa160831cf5e28764ec97a74e7673c5b24
2026-09-05T01:26:41.882867+00:00,miami|2026_09_05|lowest_temperature|f|kmia,958136,4184289,Miami,KMIA,NOAA_NWS,2026-09-05,lowest_temperature,F,or_higher,92.0,92.0,,92°F or higher,0.0005,0.9995,,0.001,,165.0,2771.206,True,True,0xbd6df6eb23289d2ddbc67d3fb4e18b335cc11f78d66f312fa809981c1fffa5af
2026-09-05T01:26:41.882981+00:00,chicago|2026_09_05|lowest_temperature|f|kord,958137,4184290,Chicago,KORD,NOAA_NWS,2026-09-05,lowest_temperature,F,or_lower,65.0,,65.0,65°F or below,0.205,0.795,0.01,0.4,0.39,,41.59,True,True,0xa0574d6ec1aacd442df61d0154d8b4a6a84845a4a00a5644086889409c259bc8
2026-09-05T01:26:41.883088+00:00,chicago|2026_09_05|lowest_temperature|f|kord,958137,4184291,Chicago,KORD,NOAA_NWS,2026-09-05,lowest_temperature,F,range,,-67.0,-67.0,66-67°F,0.25,0.75,0.01,0.49,0.48,,97.7961,True,True,0x2ea9a6a6cfaa01193379b5949b4628c3769175c208e76f7c150db4923b91c213
2026-09-05T01:26:41.883192+00:00,chicago|2026_09_05|lowest_temperature|f|kord,958137,4184292,Chicago,KORD,NOAA_NWS,2026-09-05,lowest_temperature,F,range,,-69.0,-69.0,68-69°F,0.26,0.74,0.03,0.49,0.45999999999999996,,103.6261,True,True,0xbde52500ceb790f07eabb10d25e5094dc67b4558b19dac4a5cbe929bb094c74c
2026-09-05T01:26:41.883294+00:00,chicago|2026_09_05|lowest_temperature|f|kord,958137,4184293,Chicago,KORD,NOAA_NWS,2026-09-05,lowest_temperature,F,range,,-71.0,-71.0,70-71°F,0.27,0.73,0.04,0.5,0.46,,110.3361,True,True,0xf1cdccedb9e254db1e5654bd8445b6e7bc7739ffc4c1fe4be1bfabc60e5847f0
2026-09-05T01:26:41.883415+00:00,chicago|2026_09_05|lowest_temperature|f|kord,958137,4184294,Chicago,KORD,NOAA_NWS,2026-09-05,lowest_temperature,F,range,,-73.0,-73.0,72-73°F,0.405,0.595,0.31,0.5,0.19,,103.2739,True,True,0xa26bb82d887ce2c4a3aada2d6e1191ed0a46f727b39bf9743097436e1f86c2d6
2026-09-05T01:26:41.883522+00:00,chicago|2026_09_05|lowest_temperature|f|kord,958137,4184295,Chicago,KORD,NOAA_NWS,2026-09-05,lowest_temperature,F,range,,-75.0,-75.0,74-75°F,0.265,0.735,0.03,0.5,0.47,,105.1661,True,True,0xb4d4fca7b859b79022573ba5e6f558e278de7975a06dfbde0ee16ed501c06a56
2026-09-05T01:26:41.883626+00:00,chicago|2026_09_05|lowest_temperature|f|kord,958137,4184296,Chicago,KORD,NOAA_NWS,2026-09-05,lowest_temperature,F,range,,-77.0,-77.0,76-77°F,0.25,0.75,0.01,0.49,0.48,,99.8261,True,True,0xd0b8b252383f712d6500db19cd9f02a78795803d0dc606996f0b636c6881652c
2026-09-05T01:26:41.883729+00:00,chicago|2026_09_05|lowest_temperature|f|kord,958137,4184297,Chicago,KORD,NOAA_NWS,2026-09-05,lowest_temperature,F,range,,-79.0,-79.0,78-79°F,0.015,0.985,,0.03,,22.0,161.9788,True,True,0xdc6d4cb4cefb616c6ebe36deb354998579b6bdfc9ed03818f15dc5808a88a593
2026-09-05T01:26:41.883832+00:00,chicago|2026_09_05|lowest_temperature|f|kord,958137,4184298,Chicago,KORD,NOAA_NWS,2026-09-05,lowest_temperature,F,range,,-81.0,-81.0,80-81°F,0.015,0.985,,0.03,,12.0,141.4772,True,True,0x06c9b76f1503f9aa8e5fd6525fefab9e39e9de2ff509390351fc4987969dddae
2026-09-05T01:26:41.883935+00:00,chicago|2026_09_05|lowest_temperature|f|kord,958137,4184299,Chicago,KORD,NOAA_NWS,2026-09-05,lowest_temperature,F,range,,-83.0,-83.0,82-83°F,0.01,0.99,,0.02,,12.0,334.4612,True,True,0x8c382105e47ddb138ef0559198f425705a4080102a2aa3e3ba9d9e7b33c32bd9
2026-09-05T01:26:41.884038+00:00,chicago|2026_09_05|lowest_temperature|f|kord,958137,4184300,Chicago,KORD,NOAA_NWS,2026-09-05,lowest_temperature,F,or_higher,84.0,84.0,,84°F or higher,0.2,0.8,,0.4,,12.0,41.761,True,True,0xe91232327ee038300d59db346bb1ae2ed138a8275c1e00402450d587a45cf58b
2026-09-05T01:26:41.884145+00:00,austin|2026_09_05|lowest_temperature|f|kaus,958138,4184301,Austin,KAUS,NOAA_NWS,2026-09-05,lowest_temperature,F,or_lower,67.0,,67.0,67°F or below,0.215,0.785,,0.43,,12.0,47.1385,True,True,0xe5b78d9a424bd94c17477925665c17664b4b30b96786323e933fdedaf57b59e7
2026-09-05T01:26:41.884250+00:00,austin|2026_09_05|lowest_temperature|f|kaus,958138,4184302,Austin,KAUS,NOAA_NWS,2026-09-05,lowest_temperature,F,range,,-69.0,-69.0,68-69°F,0.25,0.75,,0.5,,12.0,161.1061,True,True,0x2f9e239aec208faf081c75800ee04d57fa7b1ffdfa3c1494d989e46b51fb7e63
2026-09-05T01:26:41.884352+00:00,austin|2026_09_05|lowest_temperature|f|kaus,958138,4184303,Austin,KAUS,NOAA_NWS,2026-09-05,lowest_temperature,F,range,,-71.0,-71.0,70-71°F,0.25,0.75,0.01,0.49,0.48,,162.5961,True,True,0x235ed97c83a7ca86dec2884d961a966d58e3d2765a471d85cee85c9f59b56255
2026-09-05T01:26:41.884481+00:00,austin|2026_09_05|lowest_temperature|f|kaus,958138,4184304,Austin,KAUS,NOAA_NWS,2026-09-05,lowest_temperature,F,range,,-73.0,-73.0,72-73°F,0.31,0.69,0.12,0.5,0.38,2.325578,189.1845,True,True,0xe990ff4fd9c0dc165ef78df4ddb3daa2c05debd12d37171b5aa7fa0cf4b84279
2026-09-05T01:26:41.884598+00:00,austin|2026_09_05|lowest_temperature|f|kaus,958138,4184305,Austin,KAUS,NOAA_NWS,2026-09-05,lowest_temperature,F,range,,-75.0,-75.0,74-75°F,0.355,0.645,0.21,0.5,0.29000000000000004,,172.2647,True,True,0x70154b2616c5d36b07c16ac4367c6372cbf370431fee5e503a0d9383ba8f31c5
2026-09-05T01:26:41.884706+00:00,austin|2026_09_05|lowest_temperature|f|kaus,958138,4184306,Austin,KAUS,NOAA_NWS,2026-09-05,lowest_temperature,F,range,,-77.0,-77.0,76-77°F,0.265,0.735,0.03,0.5,0.47,,166.0059,True,True,0xd198a335002800d0caaff992c00900c5cafe487cdffa7e99e206636dbb3820cc
2026-09-05T01:26:41.884809+00:00,austin|2026_09_05|lowest_temperature|f|kaus,958138,4184307,Austin,KAUS,NOAA_NWS,2026-09-05,lowest_temperature,F,range,,-79.0,-79.0,78-79°F,0.25,0.75,0.01,0.49,0.48,,162.5461,True,True,0x320663466c293604f4b6d8f523c6ed2a8f5d6538d0cf817c3d7d713d3d8ac545
2026-09-05T01:26:41.884912+00:00,austin|2026_09_05|lowest_temperature|f|kaus,958138,4184308,Austin,KAUS,NOAA_NWS,2026-09-05,lowest_temperature,F,range,,-81.0,-81.0,80-81°F,0.25,0.75,0.01,0.49,0.48,,162.5461,True,True,0x40e81d7f9ae2cb216bf42bc42fdc24be2d17c060fd4b3fe9f4aea9b92382404a
2026-09-05T01:26:41.885017+00:00,austin|2026_09_05|lowest_temperature|f|kaus,958138,4184309,Austin,KAUS,NOAA_NWS,2026-09-05,lowest_temperature,F,range,,-83.0,-83.0,82-83°F,0.035,0.965,,0.07,,12.0,173.6641,True,True,0x0513d3936170fcae79cd77849fb0b4d5ea936ab8ca4ebcdd0c2cf50f5b620fe2
2026-09-05T01:26:41.885121+00:00,austin|2026_09_05|lowest_temperature|f|kaus,958138,4184310,Austin,KAUS,NOAA_NWS,2026-09-05,lowest_temperature,F,range,,-85.0,-85.0,84-85°F,0.035,0.965,,0.07,,12.0,174.6641,True,True,0xd58156f48cbf5590ab2eefa4b1aeeca436a40b1ffa525af938d16b73b309162a
2026-09-05T01:26:41.885223+00:00,austin|2026_09_05|lowest_temperature|f|kaus,958138,4184311,Austin,KAUS,NOAA_NWS,2026-09-05,lowest_temperature,F,or_higher,86.0,86.0,,86°F or higher,0.0035,0.9965,0.001,0.006,0.005,22.0,416.9147,True,True,0x898e1f80d057936bee7b096c8eb780bb6534dbfee748a94b442253cd3d0c4600
2026-09-05T01:26:41.885330+00:00,denver|2026_09_05|lowest_temperature|f|kbkf,958139,4184312,Denver,KBKF,NOAA_NWS,2026-09-05,lowest_temperature,F,or_lower,57.0,,57.0,57°F or below,0.305,0.695,0.01,0.6,0.59,,55.22,True,True,0xc61136e2dc81890072cdcc8610da2622d9588d3e197ed0eb7332ebe1dbfc164e
2026-09-05T01:26:41.885457+00:00,denver|2026_09_05|lowest_temperature|f|kbkf,958139,4184313,Denver,KBKF,NOAA_NWS,2026-09-05,lowest_temperature,F,range,,-59.0,-59.0,58-59°F,0.245,0.755,0.01,0.48,0.47,,143.4169,True,True,0x50f6a8f929a242c9cdfde39ef741643d7c8d403127cb11952ddd51fccd57faef
2026-09-05T01:26:41.885564+00:00,denver|2026_09_05|lowest_temperature|f|kbkf,958139,4184314,Denver,KBKF,NOAA_NWS,2026-09-05,lowest_temperature,F,range,,-61.0,-61.0,60-61°F,0.265,0.735,0.05,0.48,0.43,,155.3369,True,True,0x569582d85b4122a6ab91f33918dfef9379217b4d181f07f36f65103049e275f3
2026-09-05T01:26:41.885667+00:00,denver|2026_09_05|lowest_temperature|f|kbkf,958139,4184315,Denver,KBKF,NOAA_NWS,2026-09-05,lowest_temperature,F,range,,-63.0,-63.0,62-63°F,0.3,0.7,0.1,0.5,0.4,,144.1689,True,True,0x6bf9d8e90e780c98ad843898c4b74ebff4d69f8a981b2e39a0ac3fb0276533b4
2026-09-05T01:26:41.885769+00:00,denver|2026_09_05|lowest_temperature|f|kbkf,958139,4184316,Denver,KBKF,NOAA_NWS,2026-09-05,lowest_temperature,F,range,,-65.0,-65.0,64-65°F,0.36,0.64,0.22,0.5,0.28,,130.5401,True,True,0x31bd5bfb598fa64bc816628da51bf454d5557730354562026eb5758be66d893b
2026-09-05T01:26:41.885871+00:00,denver|2026_09_05|lowest_temperature|f|kbkf,958139,4184317,Denver,KBKF,NOAA_NWS,2026-09-05,lowest_temperature,F,range,,-67.0,-67.0,66-67°F,0.255,0.745,0.03,0.48,0.44999999999999996,,149.1967,True,True,0x0ceeeb6aa1d8423914aa139094fcc59ea9fe7108ccd932f1b59c01c739c757ea
2026-09-05T01:26:41.885972+00:00,denver|2026_09_05|lowest_temperature|f|kbkf,958139,4184318,Denver,KBKF,NOAA_NWS,2026-09-05,lowest_temperature,F,range,,-69.0,-69.0,68-69°F,0.245,0.755,0.01,0.48,0.47,,145.3669,True,True,0xf1c5cb2e8dfa650e541449e528c2de69e7767ef4ac86acab85fb518f606e333a
2026-09-05T01:26:41.886073+00:00,denver|2026_09_05|lowest_temperature|f|kbkf,958139,4184319,Denver,KBKF,NOAA_NWS,2026-09-05,lowest_temperature,F,range,,-71.0,-71.0,70-71°F,0.245,0.755,,0.49,,12.0,138.2278,True,True,0x585375bac8fceacf0b63116533f10e61dcbc17c1a64056c43ca3a0afb65c7cab
2026-09-05T01:26:41.886179+00:00,denver|2026_09_05|lowest_temperature|f|kbkf,958139,4184320,Denver,KBKF,NOAA_NWS,2026-09-05,lowest_temperature,F,range,,-73.0,-73.0,72-73°F,0.035,0.965,,0.07,,12.0,143.8589,True,True,0x4de864a23c4e763b5d75ea79fe12c4039ecba211eb9c83870359145055872336
2026-09-05T01:26:41.886289+00:00,denver|2026_09_05|lowest_temperature|f|kbkf,958139,4184321,Denver,KBKF,NOAA_NWS,2026-09-05,lowest_temperature,F,range,,-75.0,-75.0,74-75°F,0.085,0.915,,0.17,,11.9961,196.7092,True,True,0x1f82ac0466b74c66935e4fc1988318fb5b2e2b121a2bcbc1f1c98d592e750f8b
2026-09-05T01:26:41.886411+00:00,denver|2026_09_05|lowest_temperature|f|kbkf,958139,4184322,Denver,KBKF,NOAA_NWS,2026-09-05,lowest_temperature,F,or_higher,76.0,76.0,,76°F or higher,0.0035,0.9965,0.001,0.006,0.005,12.0,649.288,True,True,0xcaebdbb1c3626073217e6e98a7f137f88929230d8c2316d85afebdaf39b5bfd4
2026-09-05T01:26:41.886522+00:00,houston|2026_09_05|lowest_temperature|f|khou,958140,4184323,Houston,KHOU,NOAA_NWS,2026-09-05,lowest_temperature,F,or_lower,69.0,,69.0,69°F or below,0.2,0.8,0.01,0.39,0.38,,75.6206,True,True,0xf465bcaa18f5864c00a4ef2cc6e0fb79d4d36ea382b87a57a43a402878710f4d
2026-09-05T01:26:41.886636+00:00,houston|2026_09_05|lowest_temperature|f|khou,958140,4184324,Houston,KHOU,NOAA_NWS,2026-09-05,lowest_temperature,F,range,,-71.0,-71.0,70-71°F,0.245,0.755,0.01,0.48,0.47,,137.5861,True,True,0x72e6e021e675f778af72c6f672d973ad1b35aa075af5379d1d96a65a8ed342de
2026-09-05T01:26:41.886741+00:00,houston|2026_09_05|lowest_temperature|f|khou,958140,4184325,Houston,KHOU,NOAA_NWS,2026-09-05,lowest_temperature,F,range,,-73.0,-73.0,72-73°F,0.25,0.75,0.01,0.49,0.48,,153.4961,True,True,0x22171bf325cbf4f4e1942b7c1e523f960d29fefa6bb983961486fb961bc16985
2026-09-05T01:26:41.886844+00:00,houston|2026_09_05|lowest_temperature|f|khou,958140,4184326,Houston,KHOU,NOAA_NWS,2026-09-05,lowest_temperature,F,range,,-75.0,-75.0,74-75°F,0.26,0.74,0.03,0.49,0.45999999999999996,,154.4959,True,True,0x6eb3b2fd74d481e1db14cc2cc7ae3ef1f1c104dc1754c00806d588aafa938ea2
2026-09-05T01:26:41.886946+00:00,houston|2026_09_05|lowest_temperature|f|khou,958140,4184327,Houston,KHOU,NOAA_NWS,2026-09-05,lowest_temperature,F,range,,-77.0,-77.0,76-77°F,0.3,0.7,0.1,0.5,0.4,,155.9261,True,True,0xe7313995b40b3a29aa4a4f5e9c9eb96118fd11a70d8fa706ae13215748279880
2026-09-05T01:26:41.887049+00:00,houston|2026_09_05|lowest_temperature|f|khou,958140,4184328,Houston,KHOU,NOAA_NWS,2026-09-05,lowest_temperature,F,range,,-79.0,-79.0,78-79°F,0.345,0.655,0.19,0.5,0.31,2.54,163.7353,True,True,0x28a06bf493fadab98e9b775bead4ab802ec86c431dc2d98dc4ace022fe51b683
2026-09-05T01:26:41.887153+00:00,houston|2026_09_05|lowest_temperature|f|khou,958140,4184329,Houston,KHOU,NOAA_NWS,2026-09-05,lowest_temperature,F,range,,-81.0,-81.0,80-81°F,0.285,0.715,0.07,0.5,0.43,,185.726,True,True,0x0afe5cb40ba0d3375890574e15626df72af22bb17ffbcf688ffca9cea898bdce
2026-09-05T01:26:41.887255+00:00,houston|2026_09_05|lowest_temperature|f|khou,958140,4184330,Houston,KHOU,NOAA_NWS,2026-09-05,lowest_temperature,F,range,,-83.0,-83.0,82-83°F,0.095,0.905,0.01,0.18,0.16999999999999998,,212.7508,True,True,0xa7b452224d99ab273aaa4f2fc5ffca7d4bf93cc9370139463742b3f2e7c896a0
2026-09-05T01:26:41.887358+00:00,houston|2026_09_05|lowest_temperature|f|khou,958140,4184331,Houston,KHOU,NOAA_NWS,2026-09-05,lowest_temperature,F,range,,-85.0,-85.0,84-85°F,0.085,0.915,,0.17,,12.0,207.9503,True,True,0x95ebe6e098aa8f476ea10c0540a3538150124949c891b03c11837ad893ae6870
2026-09-05T01:26:41.887484+00:00,houston|2026_09_05|lowest_temperature|f|khou,958140,4184332,Houston,KHOU,NOAA_NWS,2026-09-05,lowest_temperature,F,range,,-87.0,-87.0,86-87°F,0.01,0.99,,0.02,,12.0,384.7612,True,True,0x470a77e8c2ea56ac7d14a32ea0a86cc075a217b463bd63f523447ad807b83110
2026-09-05T01:26:41.887588+00:00,houston|2026_09_05|lowest_temperature|f|khou,958140,4184333,Houston,KHOU,NOAA_NWS,2026-09-05,lowest_temperature,F,or_higher,88.0,88.0,,88°F or higher,0.24,0.76,,0.48,,11.9965,74.9372,True,True,0x37bdac52879518c302c4e840625c1ee158416fb83d1224745d6d6e6db9c19475
2026-09-05T01:26:41.887695+00:00,chicago|2026_09_05|highest_temperature|f|kord,958200,4184453,Chicago,KORD,NOAA_NWS,2026-09-05,highest_temperature,F,or_lower,73.0,,73.0,73°F or below,0.0005,0.9995,,0.001,,551.9377999999999,2421.11682,True,True,0xd25627847fe96c7fa6eb0b8fec44e1cf607f8205856a7fee290c98340af5cabb
2026-09-05T01:26:41.887802+00:00,chicago|2026_09_05|highest_temperature|f|kord,958200,4184454,Chicago,KORD,NOAA_NWS,2026-09-05,highest_temperature,F,range,,-75.0,-75.0,74-75°F,0.0005,0.9995,,0.001,,144.933,2324.92926,True,True,0x74ef2e3f0c3dac98d8d97f562123bdaf5473b047864c34e8a84599e892b56b7b
2026-09-05T01:26:41.887911+00:00,chicago|2026_09_05|highest_temperature|f|kord,958200,4184455,Chicago,KORD,NOAA_NWS,2026-09-05,highest_temperature,F,range,,-77.0,-77.0,76-77°F,0.044,0.956,0.032,0.056,0.024,939.322145,2767.25632,True,True,0x57a5a853a4b5a60006a68981685bb06a35aa5ea8990b925f0bd4b7d3136736f4
2026-09-05T01:26:41.888022+00:00,chicago|2026_09_05|highest_temperature|f|kord,958200,4184456,Chicago,KORD,NOAA_NWS,2026-09-05,highest_temperature,F,range,,-79.0,-79.0,78-79°F,0.135,0.865,0.13,0.14,0.010000000000000009,1170.932951,4098.9038,True,True,0x84cb750aa6ce0b01788d7e360ea87559ca3a548281646eddaa87213a49ead807
2026-09-05T01:26:41.888135+00:00,chicago|2026_09_05|highest_temperature|f|kord,958200,4184457,Chicago,KORD,NOAA_NWS,2026-09-05,highest_temperature,F,range,,-81.0,-81.0,80-81°F,0.35,0.65,0.34,0.36,0.019999999999999962,2599.672254,4558.6885,True,True,0xf1df631849d60e947223c1552efd806b22679ef2e316a097bb21f5d47f48e969
2026-09-05T01:26:41.888243+00:00,chicago|2026_09_05|highest_temperature|f|kord,958200,4184458,Chicago,KORD,NOAA_NWS,2026-09-05,highest_temperature,F,range,,-83.0,-83.0,82-83°F,0.325,0.675,0.32,0.33,0.010000000000000009,1827.428106,4340.318,True,True,0xab1275f89066137e73eace990c379deb954297dce3077588935b03ad80b825d0
2026-09-05T01:26:41.888347+00:00,chicago|2026_09_05|highest_temperature|f|kord,958200,4184459,Chicago,KORD,NOAA_NWS,2026-09-05,highest_temperature,F,range,,-85.0,-85.0,84-85°F,0.12,0.88,0.11,0.13,0.020000000000000004,4924.195802,3460.5708,True,True,0x85217bb7fb9aaa5659f79bdabd64f812d27b9d53f2d0abbab10c9478239abafc
2026-09-05T01:26:41.888472+00:00,chicago|2026_09_05|highest_temperature|f|kord,958200,4184460,Chicago,KORD,NOAA_NWS,2026-09-05,highest_temperature,F,range,,-87.0,-87.0,86-87°F,0.045,0.955,0.04,0.05,0.010000000000000002,955.358928,2511.9057,True,True,0xfa7bf02f1493d600f441c52f233403603c4fdcb7313417c3a6de9ce7734717dd
2026-09-05T01:26:41.888577+00:00,chicago|2026_09_05|highest_temperature|f|kord,958200,4184461,Chicago,KORD,NOAA_NWS,2026-09-05,highest_temperature,F,range,,-89.0,-89.0,88-89°F,0.025,0.975,0.02,0.03,0.009999999999999998,646.024288,4035.1976,True,True,0x3d57685f29439c007ace0bd9c77a2ae019c8bbe975c40c59fb7bbc54a7beb73e
2026-09-05T01:26:41.888680+00:00,chicago|2026_09_05|highest_temperature|f|kord,958200,4184462,Chicago,KORD,NOAA_NWS,2026-09-05,highest_temperature,F,range,,-91.0,-91.0,90-91°F,0.004,0.996,0.003,0.005,0.002,779.7251660000002,5199.07734,True,True,0x37215455f229707cf1b3a994b388070968830d236d16e324cfda03eec23ce40e
2026-09-05T01:26:41.888787+00:00,chicago|2026_09_05|highest_temperature|f|kord,958200,4184463,Chicago,KORD,NOAA_NWS,2026-09-05,highest_temperature,F,or_higher,92.0,92.0,,92°F or higher,0.001,0.999,,0.002,,483.0711,3175.06269,True,True,0xf1c549eed3d1810f9dfd228c5bb1141428faff905ae99a37cf77294fe282bc03
2026-09-05T01:26:41.888904+00:00,seattle|2026_09_05|lowest_temperature|f|ksea,958763,4186668,Seattle,KSEA,NOAA_NWS,2026-09-05,lowest_temperature,F,or_lower,45.0,,45.0,45°F or below,0.08,0.92,,0.16,,12.0,30.615,True,True,0xdda241e7cd001ab299e734e354a4c6d67852ff05f00fad63cd53beaeb6ebe762
2026-09-05T01:26:41.889011+00:00,seattle|2026_09_05|lowest_temperature|f|ksea,958763,4186669,Seattle,KSEA,NOAA_NWS,2026-09-05,lowest_temperature,F,range,,-47.0,-47.0,46-47°F,0.07,0.93,,0.14,,12.0,164.2309,True,True,0x9d4558fb805ba0690edbeba05c0a2cea378299132fd19d2fc4a6bdcc9503153d
2026-09-05T01:26:41.889116+00:00,seattle|2026_09_05|lowest_temperature|f|ksea,958763,4186670,Seattle,KSEA,NOAA_NWS,2026-09-05,lowest_temperature,F,range,,-49.0,-49.0,48-49°F,0.09,0.91,0.01,0.17,0.16,,167.871,True,True,0x905fe9270f962fc44430e570ef0d8350c4cc83007fe521cc7a346c9250f8ca5d
2026-09-05T01:26:41.889221+00:00,seattle|2026_09_05|lowest_temperature|f|ksea,958763,4186671,Seattle,KSEA,NOAA_NWS,2026-09-05,lowest_temperature,F,range,,-51.0,-51.0,50-51°F,0.305,0.695,0.11,0.5,0.39,,175.6988,True,True,0x78bcc1ffb6fc35816e30bf76fd1e0bb96938dfc65bb503b5b9953e0f759f6df3
2026-09-05T01:26:41.889329+00:00,seattle|2026_09_05|lowest_temperature|f|ksea,958763,4186672,Seattle,KSEA,NOAA_NWS,2026-09-05,lowest_temperature,F,range,,-53.0,-53.0,52-53°F,0.405,0.595,0.31,0.5,0.19,,146.6191,True,True,0x9d4aafa4eb1f5851a79bc2523286de505a9b6a86018ac4647a29b4d82ec7fb8d
2026-09-05T01:26:41.889453+00:00,seattle|2026_09_05|lowest_temperature|f|ksea,958763,4186673,Seattle,KSEA,NOAA_NWS,2026-09-05,lowest_temperature,F,range,,-55.0,-55.0,54-55°F,0.345,0.655,0.19,0.5,0.31,,194.5472,True,True,0xb0f051f2e2ed4b52c1cb0fe27539c5fdbb2f30d1f4f949b9640b053eea56a300
2026-09-05T01:26:41.889563+00:00,seattle|2026_09_05|lowest_temperature|f|ksea,958763,4186674,Seattle,KSEA,NOAA_NWS,2026-09-05,lowest_temperature,F,range,,-57.0,-57.0,56-57°F,0.09,0.91,0.01,0.17,0.16,,171.171,True,True,0xb0df220f3ac8721ccc2d566c2515cb58d1bf669e724ecaa48f2837b79c923b45
2026-09-05T01:26:41.889669+00:00,seattle|2026_09_05|lowest_temperature|f|ksea,958763,4186675,Seattle,KSEA,NOAA_NWS,2026-09-05,lowest_temperature,F,range,,-59.0,-59.0,58-59°F,0.07,0.93,,0.14,,12.0,165.1809,True,True,0x1a512b5ff7597e96092f4f85a7fe92c25031965a29e82af51298255ecadd44f9
2026-09-05T01:26:41.889776+00:00,seattle|2026_09_05|lowest_temperature|f|ksea,958763,4186676,Seattle,KSEA,NOAA_NWS,2026-09-05,lowest_temperature,F,range,,-61.0,-61.0,60-61°F,0.03,0.97,,0.06,,12.0,170.2603,True,True,0xb20096fae070af24b983c8b4f29da88c83784789982a49b9b7f2b7e3e9285c3e
2026-09-05T01:26:41.889878+00:00,seattle|2026_09_05|lowest_temperature|f|ksea,958763,4186677,Seattle,KSEA,NOAA_NWS,2026-09-05,lowest_temperature,F,range,,-63.0,-63.0,62-63°F,0.035,0.965,,0.07,,12.0,151.1317,True,True,0x364c93ad01a4e8951d5d4bd3ccc23e72ef413bd95bf36861c9c46fa49354eebe
2026-09-05T01:26:41.889980+00:00,seattle|2026_09_05|lowest_temperature|f|ksea,958763,4186678,Seattle,KSEA,NOAA_NWS,2026-09-05,lowest_temperature,F,or_higher,64.0,64.0,,64°F or higher,0.02,0.98,,0.04,,12.0,217.3305,True,True,0xe0577d110c69d95a065890ab1935421951f2badbe2ac2ebb6748c76842296481
2026-09-05T01:26:41.890089+00:00,los_angeles|2026_09_05|lowest_temperature|f|klax,958764,4186679,Los Angeles,KLAX,NOAA_NWS,2026-09-05,lowest_temperature,F,or_lower,55.0,,55.0,55°F or below,0.085,0.915,,0.17,,18.9949,83.3242,True,True,0xfdbf3f21bb486bf5bdf315c94e15894bc6a58c15966d2a776649c63fa71bd641
2026-09-05T01:26:41.890226+00:00,los_angeles|2026_09_05|lowest_temperature|f|klax,958764,4186680,Los Angeles,KLAX,NOAA_NWS,2026-09-05,lowest_temperature,F,range,,-57.0,-57.0,56-57°F,0.1,0.9,0.01,0.19,0.18,,187.0778,True,True,0xefddfea1df2f26cee934cfca7e34ccbfc4df9221c5114c5259057cc0a6a429d7
2026-09-05T01:26:41.890343+00:00,los_angeles|2026_09_05|lowest_temperature|f|klax,958764,4186681,Los Angeles,KLAX,NOAA_NWS,2026-09-05,lowest_temperature,F,range,,-59.0,-59.0,58-59°F,0.085,0.915,0.01,0.16,0.15,,119.8356,True,True,0x3a29ffb528b1113e5be2e2e95208f2d5581f5f7897dd67f1a5af8aa27c57c72a
2026-09-05T01:26:41.890470+00:00,los_angeles|2026_09_05|lowest_temperature|f|klax,958764,4186682,Los Angeles,KLAX,NOAA_NWS,2026-09-05,lowest_temperature,F,range,,-61.0,-61.0,60-61°F,0.095,0.905,0.01,0.18,0.16999999999999998,,164.3195,True,True,0xcb9a1d78b2a6403cd9f11fef48da28da2345ac0d41f5ca63e78b5637eb79d7f8
2026-09-05T01:26:41.890578+00:00,los_angeles|2026_09_05|lowest_temperature|f|klax,958764,4186683,Los Angeles,KLAX,NOAA_NWS,2026-09-05,lowest_temperature,F,range,,-63.0,-63.0,62-63°F,0.17,0.83,0.02,0.32,0.3,8.0,170.0417,True,True,0xcc9d6fa29daa593b7e58a982b27377f6a3ac575a72d86d7e1bb4b12d3f8c4018
2026-09-05T01:26:41.890684+00:00,los_angeles|2026_09_05|lowest_temperature|f|klax,958764,4186684,Los Angeles,KLAX,NOAA_NWS,2026-09-05,lowest_temperature,F,range,,-65.0,-65.0,64-65°F,0.685,0.315,0.55,0.82,0.2699999999999999,14.0,48.1325,True,True,0x2bd200cbb94299a908f7b333fae756ec69d330cb01b954e50d9f046482d9825b
2026-09-05T01:26:41.890789+00:00,los_angeles|2026_09_05|lowest_temperature|f|klax,958764,4186685,Los Angeles,KLAX,NOAA_NWS,2026-09-05,lowest_temperature,F,range,,-67.0,-67.0,66-67°F,0.285,0.715,0.13,0.44,0.31,15.13,114.3458,True,True,0xd7a5cf366d52d1d33c948c04b081b82afdb9e28179c4f96d24599ad0cbadc6a0
2026-09-05T01:26:41.890896+00:00,los_angeles|2026_09_05|lowest_temperature|f|klax,958764,4186686,Los Angeles,KLAX,NOAA_NWS,2026-09-05,lowest_temperature,F,range,,-69.0,-69.0,68-69°F,0.085,0.915,0.02,0.15,0.13,16.5624,65.3824,True,True,0x4f92e94590b293b3636280b750af6c31ceb89130f4457bb85d594115322a4d8d
2026-09-05T01:26:41.891002+00:00,los_angeles|2026_09_05|lowest_temperature|f|klax,958764,4186687,Los Angeles,KLAX,NOAA_NWS,2026-09-05,lowest_temperature,F,range,,-71.0,-71.0,70-71°F,0.08,0.92,,0.16,,12.0,178.3292,True,True,0xbe2b767fc27f3db2d1a8089cb56202b10875aa66f1c1a6ab5b1a25e64442410d
2026-09-05T01:26:41.891114+00:00,los_angeles|2026_09_05|lowest_temperature|f|klax,958764,4186688,Los Angeles,KLAX,NOAA_NWS,2026-09-05,lowest_temperature,F,range,,-73.0,-73.0,72-73°F,0.045,0.955,,0.09,,12.0,128.6364,True,True,0x6f8d4ccc705436ee9728ad186df75f11c31a4e3181ef0e450db61f76da0f989b
2026-09-05T01:26:41.891226+00:00,los_angeles|2026_09_05|lowest_temperature|f|klax,958764,4186689,Los Angeles,KLAX,NOAA_NWS,2026-09-05,lowest_temperature,F,or_higher,74.0,74.0,,74°F or higher,0.155,0.845,,0.31,,16.0,79.16,True,True,0x70c2fc75d2084d4757c77812a3a3f662d913688c6d6bf5236e1937a7adc84dd7
2026-09-05T01:26:41.891338+00:00,san_francisco|2026_09_05|lowest_temperature|f|ksfo,958765,4186690,San Francisco,KSFO,NOAA_NWS,2026-09-05,lowest_temperature,F,or_lower,47.0,,47.0,47°F or below,0.415,0.585,,0.83,,17.9949,102.5,True,True,0x5fe0c74b144a27579358ae25b74e8e43f65e1434b95a011d1b410af2e7b44fad
2026-09-05T01:26:41.891478+00:00,san_francisco|2026_09_05|lowest_temperature|f|ksfo,958765,4186691,San Francisco,KSFO,NOAA_NWS,2026-09-05,lowest_temperature,F,range,,-49.0,-49.0,48-49°F,0.01,0.99,,0.02,,38.0,389.616,True,True,0xee729d18adcbd19aac8ab238bd2718b9c0befb39a0a1196129a433d6439fec2c
2026-09-05T01:26:41.891593+00:00,san_francisco|2026_09_05|lowest_temperature|f|ksfo,958765,4186692,San Francisco,KSFO,NOAA_NWS,2026-09-05,lowest_temperature,F,range,,-51.0,-51.0,50-51°F,0.245,0.755,,0.49,,23.0,182.3723,True,True,0xa1426de58569fb0a9dadc108d21c466ce4f09fb5d62deede5c2030d51cc3e950
2026-09-05T01:26:41.891702+00:00,san_francisco|2026_09_05|lowest_temperature|f|ksfo,958765,4186693,San Francisco,KSFO,NOAA_NWS,2026-09-05,lowest_temperature,F,range,,-53.0,-53.0,52-53°F,0.24,0.76,0.01,0.47,0.45999999999999996,,191.2193,True,True,0x6338fe5a46c0169ad1671b6c5f95b309f69c4448bd49e8662420ed238d931adf
2026-09-05T01:26:41.891809+00:00,san_francisco|2026_09_05|lowest_temperature|f|ksfo,958765,4186694,San Francisco,KSFO,NOAA_NWS,2026-09-05,lowest_temperature,F,range,,-55.0,-55.0,54-55°F,0.25,0.75,0.02,0.48,0.45999999999999996,,168.0069,True,True,0x213d5434da910b916e18a1a20a515a896cf11243b72b3791f3f40e6968ebce14
2026-09-05T01:26:41.891917+00:00,san_francisco|2026_09_05|lowest_temperature|f|ksfo,958765,4186695,San Francisco,KSFO,NOAA_NWS,2026-09-05,lowest_temperature,F,range,,-57.0,-57.0,56-57°F,0.405,0.595,0.27,0.54,0.27,63.799025,149.9115,True,True,0x20fde8f6b3da24091801ea4153ae0a1cef25d12aa6850d49316b31ca67e6fd83
2026-09-05T01:26:41.892025+00:00,san_francisco|2026_09_05|lowest_temperature|f|ksfo,958765,4186696,San Francisco,KSFO,NOAA_NWS,2026-09-05,lowest_temperature,F,range,,-59.0,-59.0,58-59°F,0.38,0.62,0.16,0.6,0.43999999999999995,84.2464,189.6056,True,True,0x4962fd88c74058002eeae9a06aa8dec843cf9e86369c2b29ee54eff00a8e72d6
2026-09-05T01:26:41.892132+00:00,san_francisco|2026_09_05|lowest_temperature|f|ksfo,958765,4186697,San Francisco,KSFO,NOAA_NWS,2026-09-05,lowest_temperature,F,range,,-61.0,-61.0,60-61°F,0.245,0.755,0.01,0.48,0.47,,190.9969,True,True,0x4393f68fefd323b09c475e4662f3fe55f29390768e69951d045870c6d161546f
2026-09-05T01:26:41.892239+00:00,san_francisco|2026_09_05|lowest_temperature|f|ksfo,958765,4186698,San Francisco,KSFO,NOAA_NWS,2026-09-05,lowest_temperature,F,range,,-63.0,-63.0,62-63°F,0.04,0.96,,0.08,,12.0,235.4693,True,True,0x7d60b5f3aee536942d8327848d011c431d0eba7aafe1f79a7b2f12fc0982b4e5
2026-09-05T01:26:41.892346+00:00,san_francisco|2026_09_05|lowest_temperature|f|ksfo,958765,4186699,San Francisco,KSFO,NOAA_NWS,2026-09-05,lowest_temperature,F,range,,-65.0,-65.0,64-65°F,0.015,0.985,,0.03,,11.9949,244.926,True,True,0xc931e089cdfcaf7d10214f476ea52c3194b3c3a342802916ab026baaff76ce1d
2026-09-05T01:26:41.892477+00:00,san_francisco|2026_09_05|lowest_temperature|f|ksfo,958765,4186700,San Francisco,KSFO,NOAA_NWS,2026-09-05,lowest_temperature,F,or_higher,66.0,66.0,,66°F or higher,0.085,0.915,,0.17,,12.0,137.0908,True,True,0x849147a23ee080431befd39cdcf770cae1837a548de5c40feae4be3afb8b73e5
2026-09-05T01:26:41.892589+00:00,seattle|2026_09_05|highest_temperature|f|ksea,958833,4187112,Seattle,KSEA,NOAA_NWS,2026-09-05,highest_temperature,F,or_lower,59.0,,59.0,59°F or below,0.0015,0.9985,0.001,0.002,0.001,523.0028,3355.46865,True,True,0x3b4a43355f83d927c5b871a40589da01279a862ba99e0f3407f00bd204353cd1
2026-09-05T01:26:41.892702+00:00,seattle|2026_09_05|highest_temperature|f|ksea,958833,4187113,Seattle,KSEA,NOAA_NWS,2026-09-05,highest_temperature,F,range,,-61.0,-61.0,60-61°F,0.003,0.997,0.001,0.005,0.004,68.003,3257.64902,True,True,0x8f3ecb382d29d789e4eac2f3ae3139eaf1dfa52c5b493db9969b1d13819b29ba
2026-09-05T01:26:41.892808+00:00,seattle|2026_09_05|highest_temperature|f|ksea,958833,4187114,Seattle,KSEA,NOAA_NWS,2026-09-05,highest_temperature,F,range,,-63.0,-63.0,62-63°F,0.015,0.985,0.01,0.02,0.01,181.305754,2298.1404,True,True,0xedc75f19bdd98c2e186eefcd567e95f07a7156c7e018fab464007a1cd61cd89a
2026-09-05T01:26:41.892916+00:00,seattle|2026_09_05|highest_temperature|f|ksea,958833,4187115,Seattle,KSEA,NOAA_NWS,2026-09-05,highest_temperature,F,range,,-65.0,-65.0,64-65°F,0.03,0.97,0.02,0.04,0.02,666.667675,3900.6468,True,True,0x71dd109890c8bac4399472084d6892fc1f22e5cc4c9af452e12827721da0bf54
2026-09-05T01:26:41.893021+00:00,seattle|2026_09_05|highest_temperature|f|ksea,958833,4187116,Seattle,KSEA,NOAA_NWS,2026-09-05,highest_temperature,F,range,,-67.0,-67.0,66-67°F,0.085,0.915,0.08,0.09,0.009999999999999995,472.70336199999997,2651.1859,True,True,0xb5f98da356ca772611292f2d044c0812e0fb22b0eb2872b1dc0f758a8bab95b3
2026-09-05T01:26:41.893129+00:00,seattle|2026_09_05|highest_temperature|f|ksea,958833,4187117,Seattle,KSEA,NOAA_NWS,2026-09-05,highest_temperature,F,range,,-69.0,-69.0,68-69°F,0.375,0.625,0.37,0.38,0.010000000000000009,2376.386515,10384.4538,True,True,0x91a806408609d89b1b90853987e16d3b0ec5bd881344c6e24b6657c1259da4de
2026-09-05T01:26:41.893240+00:00,seattle|2026_09_05|highest_temperature|f|ksea,958833,4187118,Seattle,KSEA,NOAA_NWS,2026-09-05,highest_temperature,F,range,,-71.0,-71.0,70-71°F,0.33,0.67,0.32,0.34,0.020000000000000018,745.521797,8449.5266,True,True,0x61d8a36ad9b9bc0a24361d98a6fbf04d1c6ab0922a0ec898dd6b1c00e89cd271
2026-09-05T01:26:41.893346+00:00,seattle|2026_09_05|highest_temperature|f|ksea,958833,4187119,Seattle,KSEA,NOAA_NWS,2026-09-05,highest_temperature,F,range,,-73.0,-73.0,72-73°F,0.105,0.895,0.1,0.11,0.009999999999999995,402.753177,3062.8475,True,True,0xc5919d28084b6d7fb8cf50e0fce9ce039cd7f7ccbcc7ea170920030f5a94f0e2
2026-09-05T01:26:41.893473+00:00,seattle|2026_09_05|highest_temperature|f|ksea,958833,4187120,Seattle,KSEA,NOAA_NWS,2026-09-05,highest_temperature,F,range,,-75.0,-75.0,74-75°F,0.035,0.965,0.03,0.04,0.010000000000000002,71.535,2299.751,True,True,0x3815803da4dd5c2a2d2105fa290950d0fa033b31cbf7f91ed7b8e579b2664d4d
2026-09-05T01:26:41.893579+00:00,seattle|2026_09_05|highest_temperature|f|ksea,958833,4187121,Seattle,KSEA,NOAA_NWS,2026-09-05,highest_temperature,F,range,,-77.0,-77.0,76-77°F,0.012,0.988,0.01,0.014,0.004,115.157,3291.7025,True,True,0x2814795f986934d7292ac7c327bae2ecedd341c9fd023538940c4c6035eb467c
2026-09-05T01:26:41.893685+00:00,seattle|2026_09_05|highest_temperature|f|ksea,958833,4187122,Seattle,KSEA,NOAA_NWS,2026-09-05,highest_temperature,F,or_higher,78.0,78.0,,78°F or higher,0.0015,0.9985,0.001,0.002,0.001,318.0532,2478.67678,True,True,0x053b1d4c5f5002980c069423497b6df11458aa4d3062946323edf39534e373a6
2026-09-05T01:26:41.893792+00:00,los_angeles|2026_09_05|highest_temperature|f|klax,958834,4187124,Los Angeles,KLAX,NOAA_NWS,2026-09-05,highest_temperature,F,or_lower,67.0,,67.0,67°F or below,0.0005,0.9995,,0.001,,999.5957999999999,3933.08546,True,True,0xa0806d1d8034e68ea2dfcf2d9091e9f3438c1abe610425276e62e4cff04a71ae
2026-09-05T01:26:41.893905+00:00,los_angeles|2026_09_05|highest_temperature|f|klax,958834,4187125,Los Angeles,KLAX,NOAA_NWS,2026-09-05,highest_temperature,F,range,,-69.0,-69.0,68-69°F,0.002,0.998,,0.004,,344.979,4038.89083,True,True,0xcb2892043ab8057336cca1086f7b6cd5fde3237f49876a3ada6ff3e328103556
2026-09-05T01:26:41.894019+00:00,los_angeles|2026_09_05|highest_temperature|f|klax,958834,4187126,Los Angeles,KLAX,NOAA_NWS,2026-09-05,highest_temperature,F,range,,-71.0,-71.0,70-71°F,0.0025,0.9975,0.002,0.003,0.001,531.728789,4020.0622,True,True,0xff5f53d42745ea8411b1bb76b8e698d2fbf15b5096bd4257db661fbbac284da8
2026-09-05T01:26:41.894129+00:00,los_angeles|2026_09_05|highest_temperature|f|klax,958834,4187127,Los Angeles,KLAX,NOAA_NWS,2026-09-05,highest_temperature,F,range,,-73.0,-73.0,72-73°F,0.0145,0.9855,0.01,0.019,0.009,364.433914,3201.85844,True,True,0x34af0fd8afb69f12110288a064676ce228f77dd75d4eb7c1db76557499b149e5
2026-09-05T01:26:41.894237+00:00,los_angeles|2026_09_05|highest_temperature|f|klax,958834,4187128,Los Angeles,KLAX,NOAA_NWS,2026-09-05,highest_temperature,F,range,,-75.0,-75.0,74-75°F,0.0255,0.9745,0.012,0.039,0.027,292.743748,2968.4018,True,True,0x589c759c2188311d58b4febe6ac655a7e8c114a2dc9c1be1fa06c26f1da51da9
2026-09-05T01:26:41.894344+00:00,los_angeles|2026_09_05|highest_temperature|f|klax,958834,4187129,Los Angeles,KLAX,NOAA_NWS,2026-09-05,highest_temperature,F,range,,-77.0,-77.0,76-77°F,0.08,0.92,0.07,0.09,0.01999999999999999,1160.328888,4634.2734,True,True,0x5c600f0d8dc60636b941f077050d3b30744f9b3ce29cc345c4d7291e328ebdc0
2026-09-05T01:26:41.894474+00:00,los_angeles|2026_09_05|highest_temperature|f|klax,958834,4187130,Los Angeles,KLAX,NOAA_NWS,2026-09-05,highest_temperature,F,range,,-79.0,-79.0,78-79°F,0.345,0.655,0.34,0.35,0.009999999999999953,6521.571634999999,8736.6603,True,True,0x204951e72d7ad7016a2faca28a642002ab7de0ea3245ae738a10dff1d1b73cd5
2026-09-05T01:26:41.894594+00:00,los_angeles|2026_09_05|highest_temperature|f|klax,958834,4187131,Los Angeles,KLAX,NOAA_NWS,2026-09-05,highest_temperature,F,range,,-81.0,-81.0,80-81°F,0.42,0.58,0.41,0.43,0.020000000000000018,3279.8390400000003,9143.1937,True,True,0xba8ef89ac045e106c822750e7f12e3c78d0097421162cd733762338456cb6be7
2026-09-05T01:26:41.894703+00:00,los_angeles|2026_09_05|highest_temperature|f|klax,958834,4187132,Los Angeles,KLAX,NOAA_NWS,2026-09-05,highest_temperature,F,range,,-83.0,-83.0,82-83°F,0.085,0.915,0.08,0.09,0.009999999999999995,729.44264,3396.2915,True,True,0xebf86a8f6360c7eecb31f3331b89ea3073d77068716fdaadb6fd45a1a22670c8
2026-09-05T01:26:41.894812+00:00,los_angeles|2026_09_05|highest_temperature|f|klax,958834,4187133,Los Angeles,KLAX,NOAA_NWS,2026-09-05,highest_temperature,F,range,,-85.0,-85.0,84-85°F,0.0205,0.9795,0.012,0.029,0.017,175.6396,2570.10458,True,True,0x4ea00c1bf89dab076d0eae02e4793945f739e19e38c0ec695cf50cb7b7052bc5
2026-09-05T01:26:41.894923+00:00,los_angeles|2026_09_05|highest_temperature|f|klax,958834,4187134,Los Angeles,KLAX,NOAA_NWS,2026-09-05,highest_temperature,F,or_higher,86.0,86.0,,86°F or higher,0.0025,0.9975,0.002,0.003,0.001,50.019999999999996,1424.6108,True,True,0x57b619fad9364e8f14e392f804a636d70ea15a5a8ecd8e16bbb5b8fe929c817b
2026-09-05T01:26:41.895040+00:00,san_francisco|2026_09_05|highest_temperature|f|ksfo,958835,4187135,San Francisco,KSFO,NOAA_NWS,2026-09-05,highest_temperature,F,or_lower,59.0,,59.0,59°F or below,0.001,0.999,,0.002,,558.9177999999999,3234.89225,True,True,0xd1acec784b658192875c8a66e32d320a072877f705074a9c3ab1ecb1c5575083
2026-09-05T01:26:41.895154+00:00,san_francisco|2026_09_05|highest_temperature|f|ksfo,958835,4187136,San Francisco,KSFO,NOAA_NWS,2026-09-05,highest_temperature,F,range,,-61.0,-61.0,60-61°F,0.001,0.999,,0.002,,449.697732,3869.86996,True,True,0xee7b92714aa5c8968a09137f33f4923d1cc624d814222bfe2a264f123f0f4a98
2026-09-05T01:26:41.895265+00:00,san_francisco|2026_09_05|highest_temperature|f|ksfo,958835,4187137,San Francisco,KSFO,NOAA_NWS,2026-09-05,highest_temperature,F,range,,-63.0,-63.0,62-63°F,0.0055,0.9945,0.001,0.01,0.009000000000000001,119.3981,2697.99902,True,True,0x6d70c577b811912a88da37adfdddcbf68da94586ddaf700a0d7cc546f8d98372
2026-09-05T01:26:41.895392+00:00,san_francisco|2026_09_05|highest_temperature|f|ksfo,958835,4187138,San Francisco,KSFO,NOAA_NWS,2026-09-05,highest_temperature,F,range,,-65.0,-65.0,64-65°F,0.02,0.98,0.01,0.03,0.019999999999999997,227.96405,3321.2555,True,True,0x2d02f9f65efd26354829c4e546023cf3838dadb9615753ffdc0d0329ce793974
2026-09-05T01:26:41.895508+00:00,san_francisco|2026_09_05|highest_temperature|f|ksfo,958835,4187139,San Francisco,KSFO,NOAA_NWS,2026-09-05,highest_temperature,F,range,,-67.0,-67.0,66-67°F,0.055,0.945,0.05,0.06,0.009999999999999995,507.93316000000004,3631.2691,True,True,0x4af498e09aba94d481c829f2ae2295d93f87ab33c03f998d4817cd83ec8316d7
2026-09-05T01:26:41.895616+00:00,san_francisco|2026_09_05|highest_temperature|f|ksfo,958835,4187140,San Francisco,KSFO,NOAA_NWS,2026-09-05,highest_temperature,F,range,,-69.0,-69.0,68-69°F,0.27,0.73,0.25,0.29,0.03999999999999998,1077.870577,9728.081,True,True,0x20edac86c3989e49fb36511e6afabf2ed0c105f5fa6e5a74781c303240f9f141
2026-09-05T01:26:41.895725+00:00,san_francisco|2026_09_05|highest_temperature|f|ksfo,958835,4187141,San Francisco,KSFO,NOAA_NWS,2026-09-05,highest_temperature,F,range,,-71.0,-71.0,70-71°F,0.455,0.545,0.45,0.46,0.010000000000000009,503.726234,8504.9482,True,True,0xea3461868c32fd0b8e4ad2f6f6efdad6294687cf3ea83e3bd506c3181b001fad
2026-09-05T01:26:41.895835+00:00,san_francisco|2026_09_05|highest_temperature|f|ksfo,958835,4187142,San Francisco,KSFO,NOAA_NWS,2026-09-05,highest_temperature,F,range,,-73.0,-73.0,72-73°F,0.175,0.825,0.17,0.18,0.009999999999999981,1026.55372,4889.2257,True,True,0x1124fee7c8446aa3db2b8703cd891d7b3bdedbf540df5f373e79678f601f4ad2
2026-09-05T01:26:41.895945+00:00,san_francisco|2026_09_05|highest_temperature|f|ksfo,958835,4187143,San Francisco,KSFO,NOAA_NWS,2026-09-05,highest_temperature,F,range,,-75.0,-75.0,74-75°F,0.055,0.945,0.05,0.06,0.009999999999999995,1432.7693370000002,5464.2501,True,True,0x85d6625aa795ac3d3f88a410aefb111fc3236a384c8de1aa84ebfb837d15110d
2026-09-05T01:26:41.896054+00:00,san_francisco|2026_09_05|highest_temperature|f|ksfo,958835,4187144,San Francisco,KSFO,NOAA_NWS,2026-09-05,highest_temperature,F,range,,-77.0,-77.0,76-77°F,0.0065,0.9935,0.003,0.01,0.007,1390.9743839999999,4204.1314,True,True,0x3599991bfb139cb5ad4696d015b20a7ee6ffa7ac39261414b79f471e02a51336
2026-09-05T01:26:41.896164+00:00,san_francisco|2026_09_05|highest_temperature|f|ksfo,958835,4187145,San Francisco,KSFO,NOAA_NWS,2026-09-05,highest_temperature,F,or_higher,78.0,78.0,,78°F or higher,0.0015,0.9985,0.001,0.002,0.001,1076.781977,3748.65421,True,True,0x80a11d7e1b4ca09aa3c17e56ccc6da8241fc42eb49c2ab03bd6d8b003013393f
2026-09-05T01:26:41.896286+00:00,sao_paulo|2026_09_05|lowest_temperature|c|sbgr,958980,4187506,Sao Paulo,SBGR,NOAA_NWS,2026-09-05,lowest_temperature,C,or_lower,12.0,,12.0,12°C or below,0.345,0.655,0.01,0.68,0.67,20.202,39.8718,True,True,0x4ec5fb8b39a61db37d45730b895c4f835ff47f810703b0028133a7e94a89f325
2026-09-05T01:26:41.896418+00:00,sao_paulo|2026_09_05|lowest_temperature|c|sbgr,958980,4187507,Sao Paulo,SBGR,NOAA_NWS,2026-09-05,lowest_temperature,C,exact,13.0,13.0,13.0,13°C,0.41,0.59,0.01,0.81,0.8,,22.64,True,True,0xf446724053e6ac9a547cbd4d0a9b00437ede79f624809923e9a4e745492b343c
2026-09-05T01:26:41.896532+00:00,sao_paulo|2026_09_05|lowest_temperature|c|sbgr,958980,4187508,Sao Paulo,SBGR,NOAA_NWS,2026-09-05,lowest_temperature,C,exact,14.0,14.0,14.0,14°C,0.375,0.625,0.02,0.73,0.71,,21.73,True,True,0x28deaba4f045fe315fabb31287f28ea8f023c69611c1832bc3175d5c08e742bc
2026-09-05T01:26:41.896639+00:00,sao_paulo|2026_09_05|lowest_temperature|c|sbgr,958980,4187509,Sao Paulo,SBGR,NOAA_NWS,2026-09-05,lowest_temperature,C,exact,15.0,15.0,15.0,15°C,0.555,0.445,0.19,0.92,0.73,,17.27,True,True,0x11e76989925a42af253da5604ca4a537107b198d4bbc07575a499027dfe4af1c
2026-09-05T01:26:41.896747+00:00,sao_paulo|2026_09_05|lowest_temperature|c|sbgr,958980,4187510,Sao Paulo,SBGR,NOAA_NWS,2026-09-05,lowest_temperature,C,exact,16.0,16.0,16.0,16°C,0.42,0.58,0.08,0.76,0.68,,75.2998,True,True,0x9464ffc4b2c027eb672bce9194701127da9b3c3d1732f62bcaa385817ed1d3d1
2026-09-05T01:26:41.896856+00:00,sao_paulo|2026_09_05|lowest_temperature|c|sbgr,958980,4187511,Sao Paulo,SBGR,NOAA_NWS,2026-09-05,lowest_temperature,C,exact,17.0,17.0,17.0,17°C,0.37,0.63,0.03,0.71,0.6799999999999999,16.0,22.92,True,True,0x73dd3b6f6b1f5417dfb9d9f71f7e410ddba6fb82bd73d443383344d14739d8c2
2026-09-05T01:26:41.896962+00:00,sao_paulo|2026_09_05|lowest_temperature|c|sbgr,958980,4187512,Sao Paulo,SBGR,NOAA_NWS,2026-09-05,lowest_temperature,C,exact,18.0,18.0,18.0,18°C,0.31,0.69,0.01,0.61,0.6,,131.94,True,True,0xb6a1b70b809447a78be8c979a8e3fc3b2216bfd9e2f59dec108f906b1fe7a1de
2026-09-05T01:26:41.897068+00:00,sao_paulo|2026_09_05|lowest_temperature|c|sbgr,958980,4187513,Sao Paulo,SBGR,NOAA_NWS,2026-09-05,lowest_temperature,C,exact,19.0,19.0,19.0,19°C,0.0155,0.9845,0.001,0.03,0.028999999999999998,11.9998,37.2325,True,True,0x066400b4ab4c2af83bcdf4715735e50d3f81441b5808a8509e1d13740af59972
2026-09-05T01:26:41.897174+00:00,sao_paulo|2026_09_05|lowest_temperature|c|sbgr,958980,4187514,Sao Paulo,SBGR,NOAA_NWS,2026-09-05,lowest_temperature,C,exact,20.0,20.0,20.0,20°C,0.01,0.99,,0.02,,12.0,206.7355,True,True,0x37ee9fa953668df6a0f8e607ff76f52e3d01fe31a8fbf5a92526fcc24876cdda
2026-09-05T01:26:41.897279+00:00,sao_paulo|2026_09_05|lowest_temperature|c|sbgr,958980,4187515,Sao Paulo,SBGR,NOAA_NWS,2026-09-05,lowest_temperature,C,exact,21.0,21.0,21.0,21°C,0.01,0.99,,0.02,,12.0,203.6415,True,True,0x157d9e1401e823e13709b78e0da683b52f430b4f6947394d125ff1c20da104cd
2026-09-05T01:26:41.897400+00:00,sao_paulo|2026_09_05|lowest_temperature|c|sbgr,958980,4187516,Sao Paulo,SBGR,NOAA_NWS,2026-09-05,lowest_temperature,C,or_higher,22.0,22.0,,22°C or higher,0.485,0.515,,0.97,,11.9897,7.93,True,True,0xc5fdeb416d9a795339a21ef64e0a514d282b2dafc34032f6168e2edde742dd23
2026-09-05T01:26:41.897520+00:00,buenos_aires|2026_09_05|lowest_temperature|c|saez,958981,4187517,Buenos Aires,SAEZ,NOAA_NWS,2026-09-05,lowest_temperature,C,or_lower,3.0,,3.0,3°C or below,0.255,0.745,0.11,0.4,0.29000000000000004,5.0,121.8968,True,True,0x65d2682c8e69d8f2c4edb855ec02d96e8f89c9dcb75aff6d77adeec7e69b618d
2026-09-05T01:26:41.897635+00:00,buenos_aires|2026_09_05|lowest_temperature|c|saez,958981,4187518,Buenos Aires,SAEZ,NOAA_NWS,2026-09-05,lowest_temperature,C,exact,4.0,4.0,4.0,4°C,0.265,0.735,0.03,0.5,0.47,,102.3061,True,True,0xb824a93769f78593ac184c6cf6b9211d8e798d8a24d3c4eff273ee83d80b12a1
2026-09-05T01:26:41.897743+00:00,buenos_aires|2026_09_05|lowest_temperature|c|saez,958981,4187519,Buenos Aires,SAEZ,NOAA_NWS,2026-09-05,lowest_temperature,C,exact,5.0,5.0,5.0,5°C,0.3,0.7,0.1,0.5,0.4,,108.9559,True,True,0x1a4c0129d0451fc1591f4edfd96fdd67b175f8b2cc6fbd7c7689032c78956aa8
2026-09-05T01:26:41.897847+00:00,buenos_aires|2026_09_05|lowest_temperature|c|saez,958981,4187520,Buenos Aires,SAEZ,NOAA_NWS,2026-09-05,lowest_temperature,C,exact,6.0,6.0,6.0,6°C,0.295,0.705,0.09,0.5,0.41000000000000003,,124.6061,True,True,0x2b046e47248460a6930fc48b7d06e898953e122f7b21fab5aa40cbd238c354a6
2026-09-05T01:26:41.897952+00:00,buenos_aires|2026_09_05|lowest_temperature|c|saez,958981,4187521,Buenos Aires,SAEZ,NOAA_NWS,2026-09-05,lowest_temperature,C,exact,7.0,7.0,7.0,7°C,0.27,0.73,0.03,0.51,0.48,,40.8109,True,True,0x999bf31cf785615e86f3f295c5891315690f5e415e0af18c1c9521c044667d10
2026-09-05T01:26:41.898062+00:00,buenos_aires|2026_09_05|lowest_temperature|c|saez,958981,4187522,Buenos Aires,SAEZ,NOAA_NWS,2026-09-05,lowest_temperature,C,exact,8.0,8.0,8.0,8°C,0.26,0.74,0.03,0.49,0.45999999999999996,2.083325,121.5811,True,True,0x4c93cc9ff8605c6c3d88d7322a7849f9a7fb7f2fb8701815c21f93a5055a8cff
2026-09-05T01:26:41.898169+00:00,buenos_aires|2026_09_05|lowest_temperature|c|saez,958981,4187523,Buenos Aires,SAEZ,NOAA_NWS,2026-09-05,lowest_temperature,C,exact,9.0,9.0,9.0,9°C,0.04,0.96,,0.08,,22.0,108.4181,True,True,0x96871c91510a6de41696c9af3b7d55801f3d467e072876476e6c70f227f7cf02
2026-09-05T01:26:41.898273+00:00,buenos_aires|2026_09_05|lowest_temperature|c|saez,958981,4187524,Buenos Aires,SAEZ,NOAA_NWS,2026-09-05,lowest_temperature,C,exact,10.0,10.0,10.0,10°C,0.03,0.97,,0.06,,21.9998,162.7055,True,True,0x0c1c7b1690b60289b70752cfbb02152aa2d105c8ac96e9d1c7493b8e0069e83c
2026-09-05T01:26:41.898397+00:00,buenos_aires|2026_09_05|lowest_temperature|c|saez,958981,4187525,Buenos Aires,SAEZ,NOAA_NWS,2026-09-05,lowest_temperature,C,exact,11.0,11.0,11.0,11°C,0.015,0.985,,0.03,,22.0,135.2516,True,True,0xa03dd33bfb1f72c11569590fbac9e4bbe93d48f4a3dabc8108d9d60e5bebef26
2026-09-05T01:26:41.898512+00:00,buenos_aires|2026_09_05|lowest_temperature|c|saez,958981,4187526,Buenos Aires,SAEZ,NOAA_NWS,2026-09-05,lowest_temperature,C,exact,12.0,12.0,12.0,12°C,0.015,0.985,,0.03,,22.0,139.8424,True,True,0xee7c490ee7ce563a8957956143b933ed46d3e7d3e99d76b2187f736a38e28880
2026-09-05T01:26:41.898624+00:00,buenos_aires|2026_09_05|lowest_temperature|c|saez,958981,4187527,Buenos Aires,SAEZ,NOAA_NWS,2026-09-05,lowest_temperature,C,or_higher,13.0,13.0,,13°C or higher,0.43,0.57,,0.86,,11.9961,45.71,True,True,0xe9aa11016528e85a95085fa4a16ecf749747a2604045f22c2b7bbf0a3d655fee
2026-09-05T01:26:41.898737+00:00,toronto|2026_09_05|lowest_temperature|c|cyyz,958982,4187528,Toronto,CYYZ,NOAA_NWS,2026-09-05,lowest_temperature,C,or_lower,10.0,,10.0,10°C or below,0.455,0.545,,0.91,,12.0,2.82,True,True,0x9fd4f059c8f4be17531be420af01cb09b43b121d448ba20dce180ab201afbbd3
2026-09-05T01:26:41.898845+00:00,toronto|2026_09_05|lowest_temperature|c|cyyz,958982,4187529,Toronto,CYYZ,NOAA_NWS,2026-09-05,lowest_temperature,C,exact,11.0,11.0,11.0,11°C,0.015,0.985,,0.03,,12.0,266.7201,True,True,0x46eb2707293692c7a7d4de425a763d49db5d2fe4a72639854e1b08221da7d301
2026-09-05T01:26:41.898948+00:00,toronto|2026_09_05|lowest_temperature|c|cyyz,958982,4187530,Toronto,CYYZ,NOAA_NWS,2026-09-05,lowest_temperature,C,exact,12.0,12.0,12.0,12°C,0.015,0.985,,0.03,,22.0,266.6695,True,True,0x2fae64d15f80d0ea9a1f1958b0d62ddc2a0e19b2c00ce09b8b7ec7d2b699399f
2026-09-05T01:26:41.899050+00:00,toronto|2026_09_05|lowest_temperature|c|cyyz,958982,4187531,Toronto,CYYZ,NOAA_NWS,2026-09-05,lowest_temperature,C,exact,13.0,13.0,13.0,13°C,0.255,0.745,0.01,0.5,0.49,,76.9061,True,True,0xc57fa42c2235dd6ebb1043c45095b7c173e942f11d9c1d923f72566c321e7a6b
2026-09-05T01:26:41.899153+00:00,toronto|2026_09_05|lowest_temperature|c|cyyz,958982,4187532,Toronto,CYYZ,NOAA_NWS,2026-09-05,lowest_temperature,C,exact,14.0,14.0,14.0,14°C,0.26,0.74,0.02,0.5,0.48,,74.8761,True,True,0x80e682852decd41713bcc4989909a74a7a0bb133ab915149c9980f484c40a744
2026-09-05T01:26:41.899256+00:00,toronto|2026_09_05|lowest_temperature|c|cyyz,958982,4187533,Toronto,CYYZ,NOAA_NWS,2026-09-05,lowest_temperature,C,exact,15.0,15.0,15.0,15°C,0.27,0.73,0.04,0.5,0.46,,78.2061,True,True,0xd737ddc0014906365a9bfa11f1670cdf73137588a85b4f53101908efd024a623
2026-09-05T01:26:41.899379+00:00,toronto|2026_09_05|lowest_temperature|c|cyyz,958982,4187534,Toronto,CYYZ,NOAA_NWS,2026-09-05,lowest_temperature,C,exact,16.0,16.0,16.0,16°C,0.27,0.73,0.04,0.5,0.46,,81.6961,True,True,0x4e92984c7bfb87e664be668db1316709e7543933fe14ef4bc7ea44b0b6ad7212
2026-09-05T01:26:41.899488+00:00,toronto|2026_09_05|lowest_temperature|c|cyyz,958982,4187535,Toronto,CYYZ,NOAA_NWS,2026-09-05,lowest_temperature,C,exact,17.0,17.0,17.0,17°C,0.265,0.735,0.03,0.5,0.47,,80.1561,True,True,0xb82b992139c0decc2de4cc7bcfd514945e66bcd92f52877eb9e17be0ff37f73d
2026-09-05T01:26:41.899594+00:00,toronto|2026_09_05|lowest_temperature|c|cyyz,958982,4187536,Toronto,CYYZ,NOAA_NWS,2026-09-05,lowest_temperature,C,exact,18.0,18.0,18.0,18°C,0.255,0.745,0.01,0.5,0.49,,76.6561,True,True,0xaf09bc9edb35b2059d4b99e96a6cfcdf186eeeb0f99a4f47d2ff72be01685e8b
2026-09-05T01:26:41.899697+00:00,toronto|2026_09_05|lowest_temperature|c|cyyz,958982,4187537,Toronto,CYYZ,NOAA_NWS,2026-09-05,lowest_temperature,C,exact,19.0,19.0,19.0,19°C,0.1,0.9,0.01,0.19,0.18,,87.6108,True,True,0xf2cbb8cbcbd5ca1334e70f21d9a170d280fbb7e96acda8c331640514bc11c429
2026-09-05T01:26:41.899799+00:00,toronto|2026_09_05|lowest_temperature|c|cyyz,958982,4187538,Toronto,CYYZ,NOAA_NWS,2026-09-05,lowest_temperature,C,or_higher,20.0,20.0,,20°C or higher,0.475,0.525,,0.95,,20.0,21.75,True,True,0xfdf05d09f9099a00ee340b4d60c55f9870b855f6049d994d585e467934df7812
2026-09-05T01:26:41.899915+00:00,mexico_city|2026_09_05|lowest_temperature|c|mmmx,958983,4187539,Mexico City,MMMX,NOAA_NWS,2026-09-05,lowest_temperature,C,or_lower,7.0,,7.0,7°C or below,0.225,0.775,,0.45,,17.0,46.839,True,True,0x16e83416c0107d5d47a293bb257f130f0f0ed3cd110dbe5432ebbf4fe3d2c574
2026-09-05T01:26:41.900026+00:00,mexico_city|2026_09_05|lowest_temperature|c|mmmx,958983,4187540,Mexico City,MMMX,NOAA_NWS,2026-09-05,lowest_temperature,C,exact,8.0,8.0,8.0,8°C,0.07,0.93,,0.14,,12.0,128.3819,True,True,0xeef91233ea9adfe77edd68b71b9f773acf35e8838b63ca17d3095db93a7697d7
2026-09-05T01:26:41.900132+00:00,mexico_city|2026_09_05|lowest_temperature|c|mmmx,958983,4187541,Mexico City,MMMX,NOAA_NWS,2026-09-05,lowest_temperature,C,exact,9.0,9.0,9.0,9°C,0.075,0.925,,0.15,,12.0,134.4033,True,True,0x438e50d21595840e349132a3e114cc5364da4c848ebb584c8a9328fcb26fe774
2026-09-05T01:26:41.900243+00:00,mexico_city|2026_09_05|lowest_temperature|c|mmmx,958983,4187542,Mexico City,MMMX,NOAA_NWS,2026-09-05,lowest_temperature,C,exact,10.0,10.0,10.0,10°C,0.075,0.925,0.01,0.14,0.13,,137.0019,True,True,0x22651d65282335e7d8dcff513300cfe8974306338c01afccee6d698b79d8c99b
2026-09-05T01:26:41.900352+00:00,mexico_city|2026_09_05|lowest_temperature|c|mmmx,958983,4187543,Mexico City,MMMX,NOAA_NWS,2026-09-05,lowest_temperature,C,exact,11.0,11.0,11.0,11°C,0.245,0.755,0.01,0.48,0.47,,132.6669,True,True,0xd998aca37d899d1f28570bfa54991e33e845523877a59a4cc3e40db8790e0834
2026-09-05T01:26:41.900489+00:00,mexico_city|2026_09_05|lowest_temperature|c|mmmx,958983,4187544,Mexico City,MMMX,NOAA_NWS,2026-09-05,lowest_temperature,C,exact,12.0,12.0,12.0,12°C,0.24,0.76,0.03,0.45,0.42000000000000004,2.0,135.6811,True,True,0x9727279cb8d259f7b2fae6314d434cc64b16ebdeb7d78da20bf751bf801b557e
2026-09-05T01:26:41.900598+00:00,mexico_city|2026_09_05|lowest_temperature|c|mmmx,958983,4187545,Mexico City,MMMX,NOAA_NWS,2026-09-05,lowest_temperature,C,exact,13.0,13.0,13.0,13°C,0.265,0.735,0.03,0.5,0.47,2.0,107.9861,True,True,0x3c3a4289b603d56012226e6306871e6d5fefabc5f8fca4cee6f2f234449a6261
2026-09-05T01:26:41.900704+00:00,mexico_city|2026_09_05|lowest_temperature|c|mmmx,958983,4187546,Mexico City,MMMX,NOAA_NWS,2026-09-05,lowest_temperature,C,exact,14.0,14.0,14.0,14°C,0.385,0.615,0.27,0.5,0.22999999999999998,2.0,107.5266,True,True,0x66c6dacc30a19e6cffd6e875f909d598f9b899e115874203532955dab8c91d54
2026-09-05T01:26:41.900810+00:00,mexico_city|2026_09_05|lowest_temperature|c|mmmx,958983,4187547,Mexico City,MMMX,NOAA_NWS,2026-09-05,lowest_temperature,C,exact,15.0,15.0,15.0,15°C,0.255,0.745,0.01,0.5,0.49,,115.1261,True,True,0xb21731c4ce7d29025fdcfd19ce9d86b8816d5127363247628232aca937e30436
2026-09-05T01:26:41.900916+00:00,mexico_city|2026_09_05|lowest_temperature|c|mmmx,958983,4187548,Mexico City,MMMX,NOAA_NWS,2026-09-05,lowest_temperature,C,exact,16.0,16.0,16.0,16°C,0.245,0.755,0.01,0.48,0.47,,133.6669,True,True,0x5b630f3d60870f57fee4602d2179f8994d8ad0a946b222331eb6574b5ab2d90c
2026-09-05T01:26:41.901023+00:00,mexico_city|2026_09_05|lowest_temperature|c|mmmx,958983,4187549,Mexico City,MMMX,NOAA_NWS,2026-09-05,lowest_temperature,C,or_higher,17.0,17.0,,17°C or higher,0.225,0.775,0.01,0.44,0.43,8.0,66.2312,True,True,0x38d2506c6e50f26283fe28fc86c20b553ebb276821e82e926b627d99398dab82
2026-09-05T01:26:41.901135+00:00,panama_city|2026_09_05|lowest_temperature|c|mpmg,958984,4187550,Panama City,MPMG,NOAA_NWS,2026-09-05,lowest_temperature,C,or_lower,20.0,,20.0,20°C or below,0.45,0.55,,0.9,,12.0,39.62,True,True,0x756319ab0da9dfbd9dcade9fbec6654ac0cd08c3d9e0c8df3ec002f330e469c0
2026-09-05T01:26:41.901246+00:00,panama_city|2026_09_05|lowest_temperature|c|mpmg,958984,4187551,Panama City,MPMG,NOAA_NWS,2026-09-05,lowest_temperature,C,exact,21.0,21.0,21.0,21°C,0.0055,0.9945,0.001,0.01,0.009000000000000001,152.202,173.1521,True,True,0x710041c28933bbdd4d08ee9a9228abf1c13afb0d25ad31475291c9eb226c871b
2026-09-05T01:26:41.901353+00:00,panama_city|2026_09_05|lowest_temperature|c|mpmg,958984,4187552,Panama City,MPMG,NOAA_NWS,2026-09-05,lowest_temperature,C,exact,22.0,22.0,22.0,22°C,0.25,0.75,,0.5,,,102.3161,True,True,0x40655691283b39c90a71da00120f1134ae0cfe1a5488794495ba0549e5d54999
2026-09-05T01:26:41.901481+00:00,panama_city|2026_09_05|lowest_temperature|c|mpmg,958984,4187553,Panama City,MPMG,NOAA_NWS,2026-09-05,lowest_temperature,C,exact,23.0,23.0,23.0,23°C,0.25,0.75,0.01,0.49,0.48,,109.7461,True,True,0xb2155989c14c8f0b6acc02910e6727f4ccb424b8187a40a582a220d276fde272
2026-09-05T01:26:41.901588+00:00,panama_city|2026_09_05|lowest_temperature|c|mpmg,958984,4187554,Panama City,MPMG,NOAA_NWS,2026-09-05,lowest_temperature,C,exact,24.0,24.0,24.0,24°C,0.25,0.75,0.01,0.49,0.48,,107.6161,True,True,0xf9a4625cc74ca04a20d38a6df2c71a24819530bc708876fb9a7a1cf7db260c88
2026-09-05T01:26:41.901692+00:00,panama_city|2026_09_05|lowest_temperature|c|mpmg,958984,4187555,Panama City,MPMG,NOAA_NWS,2026-09-05,lowest_temperature,C,exact,25.0,25.0,25.0,25°C,0.33,0.67,0.17,0.49,0.31999999999999995,,116.505,True,True,0xc26fe240d6a743c4a2ce706436b56b91b64f9cf03676880a9a2b8882eaa6cc57
2026-09-05T01:26:41.901804+00:00,panama_city|2026_09_05|lowest_temperature|c|mpmg,958984,4187556,Panama City,MPMG,NOAA_NWS,2026-09-05,lowest_temperature,C,exact,26.0,26.0,26.0,26°C,0.295,0.705,0.09,0.5,0.41000000000000003,,161.4057,True,True,0x6ff89b8fb7883addd19bc036e6649f4e31e45ee85ca087898613400ea824afd8
2026-09-05T01:26:41.901911+00:00,panama_city|2026_09_05|lowest_temperature|c|mpmg,958984,4187557,Panama City,MPMG,NOAA_NWS,2026-09-05,lowest_temperature,C,exact,27.0,27.0,27.0,27°C,0.265,0.735,0.03,0.5,0.47,,109.7761,True,True,0x0a58cb234e97990519befbc80e3961ce4dd79de205ed69e8219e2a30ef9c8b83
2026-09-05T01:26:41.902023+00:00,panama_city|2026_09_05|lowest_temperature|c|mpmg,958984,4187558,Panama City,MPMG,NOAA_NWS,2026-09-05,lowest_temperature,C,exact,28.0,28.0,28.0,28°C,0.25,0.75,0.01,0.49,0.48,,107.6961,True,True,0xa8606352d3442c7dd3207e49441a3428148c2982d7289ebe39710817fb1e0a8d
2026-09-05T01:26:41.902130+00:00,panama_city|2026_09_05|lowest_temperature|c|mpmg,958984,4187559,Panama City,MPMG,NOAA_NWS,2026-09-05,lowest_temperature,C,exact,29.0,29.0,29.0,29°C,0.25,0.75,,0.5,,12.0,105.4361,True,True,0xfd94842640f9426a85c38c8f4dec98488a69b90690a4a3db48c43046983fab2d
2026-09-05T01:26:41.902236+00:00,panama_city|2026_09_05|lowest_temperature|c|mpmg,958984,4187560,Panama City,MPMG,NOAA_NWS,2026-09-05,lowest_temperature,C,or_higher,30.0,30.0,,30°C or higher,0.0055,0.9945,0.001,0.01,0.009000000000000001,12.0,207.345,True,True,0x8a71bb3b1e7afaa063f8128041a7577abf5217557648896168fe1213a870a388
2026-09-05T01:26:41.902347+00:00,sao_paulo|2026_09_05|highest_temperature|c|sbgr,959045,4187683,Sao Paulo,SBGR,NOAA_NWS,2026-09-05,highest_temperature,C,or_lower,18.0,,18.0,18°C or below,0.03,0.97,0.02,0.04,0.02,443.25039999999996,2261.8676,True,True,0xeba2ef2b2b20e0834c0d8e20099d42de442df476ac5a5d8138205c8df05904c7
2026-09-05T01:26:41.902481+00:00,sao_paulo|2026_09_05|highest_temperature|c|sbgr,959045,4187684,Sao Paulo,SBGR,NOAA_NWS,2026-09-05,highest_temperature,C,exact,19.0,19.0,19.0,19°C,0.045,0.955,0.03,0.06,0.03,718.1706889999999,2935.2466,True,True,0x65bb97a4ed3313d0325e0aff806458541ae6abc889d8b3674177f5fee62da3ea
2026-09-05T01:26:41.902590+00:00,sao_paulo|2026_09_05|highest_temperature|c|sbgr,959045,4187685,Sao Paulo,SBGR,NOAA_NWS,2026-09-05,highest_temperature,C,exact,20.0,20.0,20.0,20°C,0.1,0.9,0.09,0.11,0.020000000000000004,801.5795489999999,3324.0284,True,True,0xc1273f9e25a0bb682267baa1615fa24d8e0af1556a9ac2018a4bcfe924d7cccb
2026-09-05T01:26:41.902698+00:00,sao_paulo|2026_09_05|highest_temperature|c|sbgr,959045,4187686,Sao Paulo,SBGR,NOAA_NWS,2026-09-05,highest_temperature,C,exact,21.0,21.0,21.0,21°C,0.175,0.825,0.16,0.19,0.03,1229.506792,4056.4429,True,True,0x5bc3ab1f91b8655ef5e12fa5e8053b2701e6995edc10f97cacff9d2f1f265fc8
2026-09-05T01:26:41.902804+00:00,sao_paulo|2026_09_05|highest_temperature|c|sbgr,959045,4187687,Sao Paulo,SBGR,NOAA_NWS,2026-09-05,highest_temperature,C,exact,22.0,22.0,22.0,22°C,0.275,0.725,0.27,0.28,0.010000000000000009,1343.0328010000003,5006.5956,True,True,0xd0d6499e2ec911d3b93bc220cef3c9bccfc8db91422ae1856344af47b3e79df3
2026-09-05T01:26:41.902910+00:00,sao_paulo|2026_09_05|highest_temperature|c|sbgr,959045,4187688,Sao Paulo,SBGR,NOAA_NWS,2026-09-05,highest_temperature,C,exact,23.0,23.0,23.0,23°C,0.205,0.795,0.2,0.21,0.009999999999999981,876.5537380000001,3943.765,True,True,0x97e1523c35a98a150ba6348acfde2c971926e9bb21057b27f885a15e63f14c11
2026-09-05T01:26:41.903016+00:00,sao_paulo|2026_09_05|highest_temperature|c|sbgr,959045,4187689,Sao Paulo,SBGR,NOAA_NWS,2026-09-05,highest_temperature,C,exact,24.0,24.0,24.0,24°C,0.13,0.87,0.12,0.14,0.020000000000000018,788.258335,2595.2916,True,True,0xb53157109981f42e45b7d5580518ece525b56ad80f0f294bc1bb42ac81166d06
2026-09-05T01:26:41.903121+00:00,sao_paulo|2026_09_05|highest_temperature|c|sbgr,959045,4187690,Sao Paulo,SBGR,NOAA_NWS,2026-09-05,highest_temperature,C,exact,25.0,25.0,25.0,25°C,0.025,0.975,0.02,0.03,0.009999999999999998,23.152,2407.2081,True,True,0xe4a078e2e34e98abc6513ec97483e8034791f3dfceb4b46880b922aeca2e347f
2026-09-05T01:26:41.903227+00:00,sao_paulo|2026_09_05|highest_temperature|c|sbgr,959045,4187691,Sao Paulo,SBGR,NOAA_NWS,2026-09-05,highest_temperature,C,exact,26.0,26.0,26.0,26°C,0.015,0.985,0.01,0.02,0.01,141.12009999999998,2575.3559,True,True,0x05585796d1c5c1b083949023110bf51df73e2f15c035eb6aed604c092b48a101
2026-09-05T01:26:41.903334+00:00,sao_paulo|2026_09_05|highest_temperature|c|sbgr,959045,4187692,Sao Paulo,SBGR,NOAA_NWS,2026-09-05,highest_temperature,C,exact,27.0,27.0,27.0,27°C,0.0135,0.9865,0.01,0.017,0.007000000000000001,315.15979999999996,2309.72684,True,True,0xdc8463ee3ee92cea269d658209db4bdb008c000d14b67b8a9c6502bf92e8f6ca
2026-09-05T01:26:41.903467+00:00,sao_paulo|2026_09_05|highest_temperature|c|sbgr,959045,4187693,Sao Paulo,SBGR,NOAA_NWS,2026-09-05,highest_temperature,C,or_higher,28.0,28.0,,28°C or higher,0.0015,0.9985,0.001,0.002,0.001,1778.300635,3159.39154,True,True,0xbe97282caecc6936dceba06416d430c8d440b9b83d9997ab6c913524499c61ab
2026-09-05T01:26:41.903584+00:00,buenos_aires|2026_09_05|highest_temperature|c|saez,959046,4187694,Buenos Aires,SAEZ,NOAA_NWS,2026-09-05,highest_temperature,C,or_lower,7.0,,7.0,7°C or below,0.0005,0.9995,,0.001,,494.9318,3919.11253,True,True,0x65db77e799cac8a6830c9f853f4650afe9b942e20bffb5d2a803ee3f5892121a
2026-09-05T01:26:41.903700+00:00,buenos_aires|2026_09_05|highest_temperature|c|saez,959046,4187695,Buenos Aires,SAEZ,NOAA_NWS,2026-09-05,highest_temperature,C,exact,8.0,8.0,8.0,8°C,0.001,0.999,,0.002,,489.92057,4262.1504,True,True,0xf3443f8345dc90ec1aeb8d07893d650c132c6ed154a3d9acdfc7bf8e8974f4e9
2026-09-05T01:26:41.903815+00:00,buenos_aires|2026_09_05|highest_temperature|c|saez,959046,4187696,Buenos Aires,SAEZ,NOAA_NWS,2026-09-05,highest_temperature,C,exact,9.0,9.0,9.0,9°C,0.0015,0.9985,0.001,0.002,0.001,355.71459400000003,2740.93889,True,True,0x3a0e08c8f7259156754b7636379b2eaa25ff0d91f12d4b995df1ce13f5be22f1
2026-09-05T01:26:41.903923+00:00,buenos_aires|2026_09_05|highest_temperature|c|saez,959046,4187697,Buenos Aires,SAEZ,NOAA_NWS,2026-09-05,highest_temperature,C,exact,10.0,10.0,10.0,10°C,0.015,0.985,,0.03,,129.9976,1869.7092,True,True,0xd8a762ef9e00acaed3162af39af2d8a3c6a2b565bb2fd1289384f63530430c08
2026-09-05T01:26:41.904031+00:00,buenos_aires|2026_09_05|highest_temperature|c|saez,959046,4187698,Buenos Aires,SAEZ,NOAA_NWS,2026-09-05,highest_temperature,C,exact,11.0,11.0,11.0,11°C,0.035,0.965,0.03,0.04,0.010000000000000002,252.60779800000003,1954.8333,True,True,0x955115b9469ef570c48b6fc9f93e0d2ade022d68c85cf28ad660495702aadf6d
2026-09-05T01:26:41.904139+00:00,buenos_aires|2026_09_05|highest_temperature|c|saez,959046,4187699,Buenos Aires,SAEZ,NOAA_NWS,2026-09-05,highest_temperature,C,exact,12.0,12.0,12.0,12°C,0.22,0.78,0.2,0.24,0.03999999999999998,1090.738325,2668.5455,True,True,0x5a790bb5f398cdd979e7f887c736b0c1f5e168fa52b424cacbdc8bf2dacd7c32
2026-09-05T01:26:41.904247+00:00,buenos_aires|2026_09_05|highest_temperature|c|saez,959046,4187700,Buenos Aires,SAEZ,NOAA_NWS,2026-09-05,highest_temperature,C,exact,13.0,13.0,13.0,13°C,0.535,0.465,0.53,0.54,0.010000000000000009,1333.4491680000003,4381.3894,True,True,0x24c69153dbecb585535a916db5519e77605a6d560a63d3979eff8c207a647710
2026-09-05T01:26:41.904355+00:00,buenos_aires|2026_09_05|highest_temperature|c|saez,959046,4187701,Buenos Aires,SAEZ,NOAA_NWS,2026-09-05,highest_temperature,C,exact,14.0,14.0,14.0,14°C,0.2,0.8,0.18,0.22,0.04000000000000001,2161.5202459999996,5517.4803,True,True,0x3c91e8d7f27acf50bf99a7faca18f7884a1cd82ab91e6838a1436af228835e24
2026-09-05T01:26:41.904486+00:00,buenos_aires|2026_09_05|highest_temperature|c|saez,959046,4187702,Buenos Aires,SAEZ,NOAA_NWS,2026-09-05,highest_temperature,C,exact,15.0,15.0,15.0,15°C,0.035,0.965,0.02,0.05,0.030000000000000002,503.502917,3798.0856,True,True,0x084749d8e854bb8179ca25c7a9d57b950b58464014928412d36ab2daac98b4e8
2026-09-05T01:26:41.904595+00:00,buenos_aires|2026_09_05|highest_temperature|c|saez,959046,4187703,Buenos Aires,SAEZ,NOAA_NWS,2026-09-05,highest_temperature,C,exact,16.0,16.0,16.0,16°C,0.0055,0.9945,0.001,0.01,0.009000000000000001,188.4547,2399.18169,True,True,0x502fe85a314fd28bbd39de270be94b8c4a8af03d6f9c57479f59bbef49930be5
2026-09-05T01:26:41.904700+00:00,buenos_aires|2026_09_05|highest_temperature|c|saez,959046,4187704,Buenos Aires,SAEZ,NOAA_NWS,2026-09-05,highest_temperature,C,or_higher,17.0,17.0,,17°C or higher,0.01,0.99,,0.02,,116.9242,2394.7037,True,True,0x3f4d57e51cc9b1d35dca28cb212520875d9fc1a375eb2d6133f542ee9dc3889e
2026-09-05T01:26:41.904811+00:00,toronto|2026_09_05|highest_temperature|c|cyyz,959047,4187705,Toronto,CYYZ,NOAA_NWS,2026-09-05,highest_temperature,C,or_lower,19.0,,19.0,19°C or below,0.0005,0.9995,,0.001,,444.413,3714.29319,True,True,0x394b0c0125851e43a0b6611a109090e33b1a95aa0e9ebaa81fbac349de35daf8
2026-09-05T01:26:41.904919+00:00,toronto|2026_09_05|highest_temperature|c|cyyz,959047,4187706,Toronto,CYYZ,NOAA_NWS,2026-09-05,highest_temperature,C,exact,20.0,20.0,20.0,20°C,0.0035,0.9965,,0.007,,332.346,2000.21472,True,True,0x8025ce7b1cbd4aae0e6717181b3936e5b766d6031e70173ede323ddb9b547727
2026-09-05T01:26:41.905022+00:00,toronto|2026_09_05|highest_temperature|c|cyyz,959047,4187707,Toronto,CYYZ,NOAA_NWS,2026-09-05,highest_temperature,C,exact,21.0,21.0,21.0,21°C,0.02,0.98,0.01,0.03,0.019999999999999997,99.325232,2659.4843,True,True,0x2d79d4b1c385f62c34e8bdd6d91a61a17cd7b3f5fef7e0daeab4d62ea0d5d58c
2026-09-05T01:26:41.905124+00:00,toronto|2026_09_05|highest_temperature|c|cyyz,959047,4187708,Toronto,CYYZ,NOAA_NWS,2026-09-05,highest_temperature,C,exact,22.0,22.0,22.0,22°C,0.03,0.97,0.02,0.04,0.02,329.13363,2528.3071,True,True,0x81dcf9c8076a68e12a41adf7fed95464a2fb0eb51d793457d6e154149cda8175
2026-09-05T01:26:41.905227+00:00,toronto|2026_09_05|highest_temperature|c|cyyz,959047,4187709,Toronto,CYYZ,NOAA_NWS,2026-09-05,highest_temperature,C,exact,23.0,23.0,23.0,23°C,0.115,0.885,0.11,0.12,0.009999999999999995,824.8359600000001,3199.3447,True,True,0x41e99a9b54a371574bf8402f1da9bdc62f3b7b7eb1ea0f797a064fd15feb142f
2026-09-05T01:26:41.905329+00:00,toronto|2026_09_05|highest_temperature|c|cyyz,959047,4187710,Toronto,CYYZ,NOAA_NWS,2026-09-05,highest_temperature,C,exact,24.0,24.0,24.0,24°C,0.46,0.54,0.45,0.47,0.019999999999999962,647.753717,3677.0353,True,True,0xa1403d11b9f70b4225168c3399820d59feab74ca7409cd91cb20d17a0bd09c0e
2026-09-05T01:26:41.905458+00:00,toronto|2026_09_05|highest_temperature|c|cyyz,959047,4187711,Toronto,CYYZ,NOAA_NWS,2026-09-05,highest_temperature,C,exact,25.0,25.0,25.0,25°C,0.315,0.685,0.3,0.33,0.030000000000000027,1063.7071239999998,4302.2333,True,True,0x82a55ad58dd2ad03a8133eb67b5d63020025484d877e17d9d9387da06a67aa19
2026-09-05T01:26:41.905570+00:00,toronto|2026_09_05|highest_temperature|c|cyyz,959047,4187712,Toronto,CYYZ,NOAA_NWS,2026-09-05,highest_temperature,C,exact,26.0,26.0,26.0,26°C,0.07,0.93,0.06,0.08,0.020000000000000004,559.867919,3344.615,True,True,0x4f072ef7eb5af12d9a164884c32622122941d65ae65da0441ec11c949a40eac0
2026-09-05T01:26:41.905675+00:00,toronto|2026_09_05|highest_temperature|c|cyyz,959047,4187713,Toronto,CYYZ,NOAA_NWS,2026-09-05,highest_temperature,C,exact,27.0,27.0,27.0,27°C,0.02,0.98,0.01,0.03,0.019999999999999997,122.91623199999998,2415.1215,True,True,0xcd241af79f5dda54ab21590d725ca7fbacf63312c1231fc2f2bece37b288a6ae
2026-09-05T01:26:41.905779+00:00,toronto|2026_09_05|highest_temperature|c|cyyz,959047,4187714,Toronto,CYYZ,NOAA_NWS,2026-09-05,highest_temperature,C,exact,28.0,28.0,28.0,28°C,0.006,0.994,0.001,0.011,0.009999999999999998,239.6599,2471.49557,True,True,0xb52512bf021ea5785ad69424f30e8098105b91a0a827102e43d9f7519b17b264
2026-09-05T01:26:41.905883+00:00,toronto|2026_09_05|highest_temperature|c|cyyz,959047,4187715,Toronto,CYYZ,NOAA_NWS,2026-09-05,highest_temperature,C,or_higher,29.0,29.0,,29°C or higher,0.002,0.998,,0.004,,1192.9481680000001,3557.47659,True,True,0xa9bfb8eb3d7c1daf5735b340c5b2a71b7794d842c87b5c47f2d277f3287168c2
2026-09-05T01:26:41.905991+00:00,mexico_city|2026_09_05|highest_temperature|c|mmmx,959048,4187716,Mexico City,MMMX,NOAA_NWS,2026-09-05,highest_temperature,C,or_lower,17.0,,17.0,17°C or below,0.0025,0.9975,0.001,0.004,0.003,277.932805,3787.86669,True,True,0x05ec25518704e1f4ac4ff8c587fb77934a62c29b803c24d73d1cb569db196b38
2026-09-05T01:26:41.906101+00:00,mexico_city|2026_09_05|highest_temperature|c|mmmx,959048,4187717,Mexico City,MMMX,NOAA_NWS,2026-09-05,highest_temperature,C,exact,18.0,18.0,18.0,18°C,0.0015,0.9985,,0.003,,124.685,4835.44859,True,True,0x976cc8aea9101c170ec50ca2d18889546872571177f19f6f35295e588bb0807d
2026-09-05T01:26:41.906208+00:00,mexico_city|2026_09_05|highest_temperature|c|mmmx,959048,4187718,Mexico City,MMMX,NOAA_NWS,2026-09-05,highest_temperature,C,exact,19.0,19.0,19.0,19°C,0.0005,0.9995,,0.001,,139.99099999999999,4331.93229,True,True,0xe13e78caece82f0fe5b5e24335c2e031028d288dbccd7f1bfe79b326b7db9d47
2026-09-05T01:26:41.906320+00:00,mexico_city|2026_09_05|highest_temperature|c|mmmx,959048,4187719,Mexico City,MMMX,NOAA_NWS,2026-09-05,highest_temperature,C,exact,20.0,20.0,20.0,20°C,0.0005,0.9995,,0.001,,139.997,3985.35983,True,True,0x8936cc2936290fbc5a62a12c34d31f2a4a11d683b079af1eb986a5d38eaf37d9
2026-09-05T01:26:41.906446+00:00,mexico_city|2026_09_05|highest_temperature|c|mmmx,959048,4187720,Mexico City,MMMX,NOAA_NWS,2026-09-05,highest_temperature,C,exact,21.0,21.0,21.0,21°C,0.0025,0.9975,0.001,0.004,0.003,433.085878,4146.32507,True,True,0x15da20de9d4224c077f62249cbd1faaac01f1e88c2e86a4445a7972817e6ceee
2026-09-05T01:26:41.906555+00:00,mexico_city|2026_09_05|highest_temperature|c|mmmx,959048,4187721,Mexico City,MMMX,NOAA_NWS,2026-09-05,highest_temperature,C,exact,22.0,22.0,22.0,22°C,0.0005,0.9995,,0.001,,350.00849999999997,3226.76964,True,True,0xfbc850b1c6b967377ee563989a237cc364564deeec8b6b249328b0ac7cad4353
2026-09-05T01:26:41.906663+00:00,mexico_city|2026_09_05|highest_temperature|c|mmmx,959048,4187722,Mexico City,MMMX,NOAA_NWS,2026-09-05,highest_temperature,C,exact,23.0,23.0,23.0,23°C,0.0005,0.9995,,0.001,,7.7,2220.62376,True,True,0x6d1bca5d74313ae81c150e13edac3adf374988d912ec56b85db6f4a4b1dcc21c
2026-09-05T01:26:41.906770+00:00,mexico_city|2026_09_05|highest_temperature|c|mmmx,959048,4187723,Mexico City,MMMX,NOAA_NWS,2026-09-05,highest_temperature,C,exact,24.0,24.0,24.0,24°C,0.04,0.96,0.03,0.05,0.020000000000000004,716.5768730000001,3432.8724,True,True,0x980947bfac4b088fc18682fa3491ef6f2b22c2a6b05c3aee28f34564c4e893f7
2026-09-05T01:26:41.906881+00:00,mexico_city|2026_09_05|highest_temperature|c|mmmx,959048,4187724,Mexico City,MMMX,NOAA_NWS,2026-09-05,highest_temperature,C,exact,25.0,25.0,25.0,25°C,0.275,0.725,0.27,0.28,0.010000000000000009,2346.7821400000007,3893.6468,True,True,0xc21223fb8fcd2371e0bf3a9bdd0dc017996624cdf91fb87c42877703d0c2f28b
2026-09-05T01:26:41.906988+00:00,mexico_city|2026_09_05|highest_temperature|c|mmmx,959048,4187725,Mexico City,MMMX,NOAA_NWS,2026-09-05,highest_temperature,C,exact,26.0,26.0,26.0,26°C,0.505,0.495,0.5,0.51,0.010000000000000009,1151.3885609999998,20133.8032,True,True,0xcfd4ca90ee1374c085979a95cdf4ef01bd8823e2223e7ea37df76ff46c4b0cad
2026-09-05T01:26:41.907093+00:00,mexico_city|2026_09_05|highest_temperature|c|mmmx,959048,4187726,Mexico City,MMMX,NOAA_NWS,2026-09-05,highest_temperature,C,or_higher,27.0,27.0,,27°C or higher,0.23,0.77,0.22,0.24,0.01999999999999999,1003.9378239999999,9354.5192,True,True,0x94b088fd790e22c253d7b184f8b51432b4b1d7377e438fee78b08a31a336d667
2026-09-05T01:26:41.907211+00:00,panama_city|2026_09_05|highest_temperature|c|mpmg,959049,4187727,Panama City,MPMG,NOAA_NWS,2026-09-05,highest_temperature,C,or_lower,24.0,,24.0,24°C or below,0.0015,0.9985,0.001,0.002,0.001,227.227,4556.19205,True,True,0x48111ff4a49d8dcb690d37b51deff048fdc4ba49a0f8c73007c9444794d26ff0
2026-09-05T01:26:41.907325+00:00,panama_city|2026_09_05|highest_temperature|c|mpmg,959049,4187728,Panama City,MPMG,NOAA_NWS,2026-09-05,highest_temperature,C,exact,25.0,25.0,25.0,25°C,0.0015,0.9985,,0.003,,164.99099999999999,3422.71603,True,True,0xd03295f4a2991ba812866b82c5b27b5aeb86cd170190aa307969bccf65f03345
2026-09-05T01:26:41.907453+00:00,panama_city|2026_09_05|highest_temperature|c|mpmg,959049,4187729,Panama City,MPMG,NOAA_NWS,2026-09-05,highest_temperature,C,exact,26.0,26.0,26.0,26°C,0.0015,0.9985,,0.003,,164.997,2681.27253,True,True,0xabe08974d13f0fdd0d915a9274c420a5ea70d26b1fd03276a11b5c47c750e0cc
2026-09-05T01:26:41.907568+00:00,panama_city|2026_09_05|highest_temperature|c|mpmg,959049,4187730,Panama City,MPMG,NOAA_NWS,2026-09-05,highest_temperature,C,exact,27.0,27.0,27.0,27°C,0.0015,0.9985,0.001,0.002,0.001,118.118,2580.12133,True,True,0x564d6cc9a4dd98fd89ac74b89607cd3a1abcd523d178e42f03f5988c9d83599b
2026-09-05T01:26:41.907675+00:00,panama_city|2026_09_05|highest_temperature|c|mpmg,959049,4187731,Panama City,MPMG,NOAA_NWS,2026-09-05,highest_temperature,C,exact,28.0,28.0,28.0,28°C,0.01,0.99,0.002,0.018,0.016,94.83690000000001,2297.50176,True,True,0xd95a8290f43a377b824fba68c64122116d25eec238b2d067776610281607b710
2026-09-05T01:26:41.907781+00:00,panama_city|2026_09_05|highest_temperature|c|mpmg,959049,4187732,Panama City,MPMG,NOAA_NWS,2026-09-05,highest_temperature,C,exact,29.0,29.0,29.0,29°C,0.0115,0.9885,0.003,0.02,0.017,88.3613,1659.3198,True,True,0xcb006a449a4a249d7898233d77c55a93567f5110572c839e39d3949d8e71f786
2026-09-05T01:26:41.907886+00:00,panama_city|2026_09_05|highest_temperature|c|mpmg,959049,4187733,Panama City,MPMG,NOAA_NWS,2026-09-05,highest_temperature,C,exact,30.0,30.0,30.0,30°C,0.02,0.98,0.01,0.03,0.019999999999999997,863.6909960000002,1718.0445,True,True,0xdcc0a15807ce996596c899ff56e64788130fef34e54d6aa300403db97287e0fe
2026-09-05T01:26:41.907991+00:00,panama_city|2026_09_05|highest_temperature|c|mpmg,959049,4187734,Panama City,MPMG,NOAA_NWS,2026-09-05,highest_temperature,C,exact,31.0,31.0,31.0,31°C,0.065,0.935,0.05,0.08,0.03,496.34883699999995,2333.1171,True,True,0x027fbf05a901a04ae5fa680df09473e3cf3c29f99c877f22d81c20cc6e8a046c
2026-09-05T01:26:41.908096+00:00,panama_city|2026_09_05|highest_temperature|c|mpmg,959049,4187735,Panama City,MPMG,NOAA_NWS,2026-09-05,highest_temperature,C,exact,32.0,32.0,32.0,32°C,0.335,0.665,0.32,0.35,0.02999999999999997,338.711579,12554.4782,True,True,0x3e7e5618c3b9fe11aaf3ea880536fc8310d1a13072970fa4bf22aaf723df35c7
2026-09-05T01:26:41.908201+00:00,panama_city|2026_09_05|highest_temperature|c|mpmg,959049,4187736,Panama City,MPMG,NOAA_NWS,2026-09-05,highest_temperature,C,exact,33.0,33.0,33.0,33°C,0.405,0.595,0.4,0.41,0.009999999999999953,731.004968,15463.5402,True,True,0xc300ea289142323de9743fd7fdc5e0accad4c015e5e427f02c21981cc91632f4
2026-09-05T01:26:41.908307+00:00,panama_city|2026_09_05|highest_temperature|c|mpmg,959049,4187737,Panama City,MPMG,NOAA_NWS,2026-09-05,highest_temperature,C,or_higher,34.0,34.0,,34°C or higher,0.135,0.865,0.12,0.15,0.03,473.75609,1581.4121,True,True,0xb147b62f9939a62a20df30572b967eb3adc27ea5ce703ae4dd07f6636600f66f
2026-09-05T01:26:41.908458+00:00,jinan|2026_09_05|lowest_temperature|c|unknown,962701,4206613,Jinan,,WEATHER_UNDERGROUND,2026-09-05,lowest_temperature,C,or_lower,12.0,,12.0,12°C or below,0.215,0.785,,0.43,,21.9921,45.26,True,True,0x03241576122291be813080011864c8887bc481dd0f9f8bf9a0e42babd6c2571b
2026-09-05T01:26:41.908570+00:00,jinan|2026_09_05|lowest_temperature|c|unknown,962701,4206614,Jinan,,WEATHER_UNDERGROUND,2026-09-05,lowest_temperature,C,exact,13.0,13.0,13.0,13°C,0.21,0.79,,0.42,,21.9921,74.9386,True,True,0x9018ed9d7915bbc745c27f2f4cda372509b0f5150fb66f7129fc6df51b92ae19
2026-09-05T01:26:41.908675+00:00,jinan|2026_09_05|lowest_temperature|c|unknown,962701,4206615,Jinan,,WEATHER_UNDERGROUND,2026-09-05,lowest_temperature,C,exact,14.0,14.0,14.0,14°C,0.215,0.785,,0.43,,21.9921,72.3586,True,True,0x7406fe33c6c57514ac7225c9a95f0aa00c6cdc0ae3b45cab1e37c044d0fd9ad3
2026-09-05T01:26:41.908777+00:00,jinan|2026_09_05|lowest_temperature|c|unknown,962701,4206616,Jinan,,WEATHER_UNDERGROUND,2026-09-05,lowest_temperature,C,exact,15.0,15.0,15.0,15°C,0.28,0.72,0.01,0.55,0.54,85.2424,58.5611,True,True,0xeaa8b8b762267ef66db878ffb0ceb799737eb9691de89cc98a1e27cdf0dc1562
2026-09-05T01:26:41.908879+00:00,jinan|2026_09_05|lowest_temperature|c|unknown,962701,4206617,Jinan,,WEATHER_UNDERGROUND,2026-09-05,lowest_temperature,C,exact,16.0,16.0,16.0,16°C,0.7,0.3,0.41,0.99,0.5800000000000001,394.21836299999995,62.42,True,True,0x2d7f8328d337ac10348d7e95bb2557e18000fea8f4f5d8dadb95f2d6c7daa257
2026-09-05T01:26:41.908990+00:00,jinan|2026_09_05|lowest_temperature|c|unknown,962701,4206618,Jinan,,WEATHER_UNDERGROUND,2026-09-05,lowest_temperature,C,exact,17.0,17.0,17.0,17°C,0.0005,0.9995,,0.001,,265.03999999999996,2713.02402,True,True,0x17201f6ca21045e87ebfab1093bc83555ef2161bdd6aa677413f9ee279eb1190
2026-09-05T01:26:41.909098+00:00,jinan|2026_09_05|lowest_temperature|c|unknown,962701,4206619,Jinan,,WEATHER_UNDERGROUND,2026-09-05,lowest_temperature,C,exact,18.0,18.0,18.0,18°C,0.0025,0.9975,,0.005,,450.0,2461.64019,True,True,0x72e7ee61583df979de89039cc174d55552b27121bb61d59c06bc8d60c7422dab
2026-09-05T01:26:41.909207+00:00,jinan|2026_09_05|lowest_temperature|c|unknown,962701,4206620,Jinan,,WEATHER_UNDERGROUND,2026-09-05,lowest_temperature,C,exact,19.0,19.0,19.0,19°C,0.0005,0.9995,,0.001,,65.0,2781.3302,True,True,0x85f139f818b70c26981ec3c8510d0636ee6c814dc22367c59676cc285c331eed
2026-09-05T01:26:41.909317+00:00,jinan|2026_09_05|lowest_temperature|c|unknown,962701,4206621,Jinan,,WEATHER_UNDERGROUND,2026-09-05,lowest_temperature,C,exact,20.0,20.0,20.0,20°C,0.0005,0.9995,,0.001,,55.0,3218.0117,True,True,0xaf153932ace61008f06c56ac57faec6ead2ccbb91d6201fa23a6e988d0f739d3
2026-09-05T01:26:41.909458+00:00,jinan|2026_09_05|lowest_temperature|c|unknown,962701,4206622,Jinan,,WEATHER_UNDERGROUND,2026-09-05,lowest_temperature,C,exact,21.0,21.0,21.0,21°C,0.0005,0.9995,,0.001,,55.0,3216.0757,True,True,0x83328599fc982dba0f194779abb55d17678e9c797be23310e213f5846d764559
2026-09-05T01:26:41.909571+00:00,jinan|2026_09_05|lowest_temperature|c|unknown,962701,4206623,Jinan,,WEATHER_UNDERGROUND,2026-09-05,lowest_temperature,C,or_higher,22.0,22.0,,22°C or higher,0.0005,0.9995,,0.001,,55.0,2805.0902,True,True,0xb6708f58a0ee2e9143a67bb9b22f83ce89da20cca11d42cf91ab99aaa0793e2c
2026-09-05T01:26:41.909680+00:00,zhengzhou|2026_09_05|lowest_temperature|c|zhcc,962702,4206624,Zhengzhou,ZHCC,NOAA_NWS,2026-09-05,lowest_temperature,C,or_lower,15.0,,15.0,15°C or below,0.04,0.96,,0.08,,162.0,129.6581,True,True,0x1f91a2ee287d6ad3de8d272ca17a948d107e42e7b1c27147bb01263772df0214
2026-09-05T01:26:41.909787+00:00,zhengzhou|2026_09_05|lowest_temperature|c|zhcc,962702,4206625,Zhengzhou,ZHCC,NOAA_NWS,2026-09-05,lowest_temperature,C,exact,16.0,16.0,16.0,16°C,0.075,0.925,0.01,0.14,0.13,21.2121,62.6085,True,True,0xf24105c8bed9afe4c270b2cbbc1f5d8d48e1b3c9096ed786949fcc03517f0914
2026-09-05T01:26:41.909892+00:00,zhengzhou|2026_09_05|lowest_temperature|c|zhcc,962702,4206626,Zhengzhou,ZHCC,NOAA_NWS,2026-09-05,lowest_temperature,C,exact,17.0,17.0,17.0,17°C,0.765,0.235,0.54,0.99,0.44999999999999996,283.7066,75.7066,True,True,0xe3a1b42071c52748a236d171fb5b2b2ddb0dccdd0497b8553ae3653f4cfd82eb
2026-09-05T01:26:41.909996+00:00,zhengzhou|2026_09_05|lowest_temperature|c|zhcc,962702,4206627,Zhengzhou,ZHCC,NOAA_NWS,2026-09-05,lowest_temperature,C,exact,18.0,18.0,18.0,18°C,0.0045,0.9955,,0.009,,243.02,3884.38109,True,True,0xf82c7996791f5464ec2d279e83b035d6b90f40124b8365b8b041c2694e123fe4
2026-09-05T01:26:41.910099+00:00,zhengzhou|2026_09_05|lowest_temperature|c|zhcc,962702,4206628,Zhengzhou,ZHCC,NOAA_NWS,2026-09-05,lowest_temperature,C,exact,19.0,19.0,19.0,19°C,0.0025,0.9975,,0.005,,275.0,3997.29389,True,True,0xa3453309866159eb770ed6b23342032453e25e5548423d8b717b1a0d1eec723e
2026-09-05T01:26:41.910202+00:00,zhengzhou|2026_09_05|lowest_temperature|c|zhcc,962702,4206629,Zhengzhou,ZHCC,NOAA_NWS,2026-09-05,lowest_temperature,C,exact,20.0,20.0,20.0,20°C,0.0005,0.9995,,0.001,,1175.05125,5993.38708,True,True,0x237f2e8b0ee69275ca4cbfa43aa885f4acca5f9f6d43713c3c900d0d9f80f40c
2026-09-05T01:26:41.910304+00:00,zhengzhou|2026_09_05|lowest_temperature|c|zhcc,962702,4206630,Zhengzhou,ZHCC,NOAA_NWS,2026-09-05,lowest_temperature,C,exact,21.0,21.0,21.0,21°C,0.0005,0.9995,,0.001,,45.0,5456.7062,True,True,0x6e03b9b7c5740e64f2af6aa250c2914a1ed5293678ad84bee2c8b2cde2ea10c1
2026-09-05T01:26:41.910452+00:00,zhengzhou|2026_09_05|lowest_temperature|c|zhcc,962702,4206631,Zhengzhou,ZHCC,NOAA_NWS,2026-09-05,lowest_temperature,C,exact,22.0,22.0,22.0,22°C,0.0005,0.9995,,0.001,,45.0,5609.3902,True,True,0x19bd13a82138c462a536522a118a40400b8537243e7f02de40b8a15b90206f20
2026-09-05T01:26:41.910562+00:00,zhengzhou|2026_09_05|lowest_temperature|c|zhcc,962702,4206632,Zhengzhou,ZHCC,NOAA_NWS,2026-09-05,lowest_temperature,C,exact,23.0,23.0,23.0,23°C,0.0005,0.9995,,0.001,,45.0,5189.0033,True,True,0x0a2da26c4d15303f2b9827868df68db7f9c9558be82e6565a59a07b016248eb9
2026-09-05T01:26:41.910666+00:00,zhengzhou|2026_09_05|lowest_temperature|c|zhcc,962702,4206633,Zhengzhou,ZHCC,NOAA_NWS,2026-09-05,lowest_temperature,C,exact,24.0,24.0,24.0,24°C,0.0005,0.9995,,0.001,,45.0,5189.0033,True,True,0xf44830b59328db571addef3956796a71e4b67228d6d0468f2c9b39bd9d590e72
2026-09-05T01:26:41.910776+00:00,zhengzhou|2026_09_05|lowest_temperature|c|zhcc,962702,4206634,Zhengzhou,ZHCC,NOAA_NWS,2026-09-05,lowest_temperature,C,or_higher,25.0,25.0,,25°C or higher,0.0005,0.9995,,0.001,,45.0,5213.1647,True,True,0x84b228fd811898446c66f3ae9036ea5730c87e49e0a1efd86edc9cbba512ee4e
2026-09-05T01:26:41.910891+00:00,london|2026_09_06|lowest_temperature|c|eglc,962703,4206635,London,EGLC,NOAA_NWS,2026-09-06,lowest_temperature,C,or_lower,10.0,,10.0,10°C or below,0.02,0.98,,0.04,,,325.376,True,True,0x11de14e6003574a5a7e8fb33bdb6516ec6b64ca7f29db58436e1d1145cc3565b
2026-09-05T01:26:41.910998+00:00,london|2026_09_06|lowest_temperature|c|eglc,962703,4206636,London,EGLC,NOAA_NWS,2026-09-06,lowest_temperature,C,exact,11.0,11.0,11.0,11°C,0.04,0.96,,0.08,,,839.0489,True,True,0x2bfddc70029342c6d1e999f4862831691c395a9fc8a7ab6642b92bc3e669fef0
2026-09-05T01:26:41.911100+00:00,london|2026_09_06|lowest_temperature|c|eglc,962703,4206637,London,EGLC,NOAA_NWS,2026-09-06,lowest_temperature,C,exact,12.0,12.0,12.0,12°C,0.04,0.96,0.03,0.05,0.020000000000000004,56.2474,1025.4664,True,True,0x7b7828d1cbb389c6e005ac6596657b29148bad7d5ebede8519929497048b0710
2026-09-05T01:26:41.911202+00:00,london|2026_09_06|lowest_temperature|c|eglc,962703,4206638,London,EGLC,NOAA_NWS,2026-09-06,lowest_temperature,C,exact,13.0,13.0,13.0,13°C,0.07,0.93,0.05,0.09,0.039999999999999994,75.841992,1376.8473,True,True,0xf1b7ef667676df27a20e32e68424fc405a7b38ef9e0506077fb8549a8ad76821
2026-09-05T01:26:41.911304+00:00,london|2026_09_06|lowest_temperature|c|eglc,962703,4206639,London,EGLC,NOAA_NWS,2026-09-06,lowest_temperature,C,exact,14.0,14.0,14.0,14°C,0.41,0.59,0.39,0.43,0.03999999999999998,831.057722,1449.8735,True,True,0x03c0fce20219964f94ece46f0bd65d0169656b8ad6d3d71ac235262c8821c106
2026-09-05T01:26:41.911425+00:00,london|2026_09_06|lowest_temperature|c|eglc,962703,4206640,London,EGLC,NOAA_NWS,2026-09-06,lowest_temperature,C,exact,15.0,15.0,15.0,15°C,0.41,0.59,0.4,0.42,0.019999999999999962,315.497549,1395.2739,True,True,0x1030ca305c4ac8e0d91ddbc21da7681cd28851260ed25ae69294c7907e64ad64
2026-09-05T01:26:41.911530+00:00,london|2026_09_06|lowest_temperature|c|eglc,962703,4206641,London,EGLC,NOAA_NWS,2026-09-06,lowest_temperature,C,exact,16.0,16.0,16.0,16°C,0.055,0.945,0.03,0.08,0.05,448.655828,950.3224,True,True,0xa570c812286cf0d5184b0bf89185844296104e1c1c22cc47403c205ad01d8232
2026-09-05T01:26:41.911638+00:00,london|2026_09_06|lowest_temperature|c|eglc,962703,4206642,London,EGLC,NOAA_NWS,2026-09-06,lowest_temperature,C,exact,17.0,17.0,17.0,17°C,0.06,0.94,,0.12,,,1283.3461,True,True,0xba4f85f29403e591bfa0b66fb6d8f23ad38547ff7d8de5f65916e1d8d75367a8
2026-09-05T01:26:41.911741+00:00,london|2026_09_06|lowest_temperature|c|eglc,962703,4206643,London,EGLC,NOAA_NWS,2026-09-06,lowest_temperature,C,exact,18.0,18.0,18.0,18°C,0.01,0.99,0.001,0.019,0.018,,2551.8175,True,True,0x1e2284d617638c0a59408f83772cc510a172b6ec769f5876cb86c77b61ffb035
2026-09-05T01:26:41.911843+00:00,london|2026_09_06|lowest_temperature|c|eglc,962703,4206644,London,EGLC,NOAA_NWS,2026-09-06,lowest_temperature,C,exact,19.0,19.0,19.0,19°C,0.01,0.99,0.001,0.019,0.018,,2632.40606,True,True,0x63177a28939126098c2c4f9a01d1f08892b2c79880f1f9ee26365e4f76d33d58
2026-09-05T01:26:41.911943+00:00,london|2026_09_06|lowest_temperature|c|eglc,962703,4206645,London,EGLC,NOAA_NWS,2026-09-06,lowest_temperature,C,or_higher,20.0,20.0,,20°C or higher,0.01,0.99,0.001,0.019,0.018,,3099.8266,True,True,0x9dd08da2529c1c3e3cac9bec7ba5fdde8450028199642f0cca05613787aba75b
2026-09-05T01:26:41.912048+00:00,paris|2026_09_06|lowest_temperature|c|lfpb,962704,4206646,Paris,LFPB,NOAA_NWS,2026-09-06,lowest_temperature,C,or_lower,10.0,,10.0,10°C or below,0.05,0.95,,0.1,,5.0,217.3564,True,True,0x6a2f18d4c4c28fca1efaf952be314f086938a034c5818d1841dbba3797177b6f
2026-09-05T01:26:41.912153+00:00,paris|2026_09_06|lowest_temperature|c|lfpb,962704,4206647,Paris,LFPB,NOAA_NWS,2026-09-06,lowest_temperature,C,exact,11.0,11.0,11.0,11°C,0.215,0.785,,0.43,,,390.2157,True,True,0x80882557d2598f70a460285b896587aed9398a4bdcddcda39ffc560113365f32
2026-09-05T01:26:41.912255+00:00,paris|2026_09_06|lowest_temperature|c|lfpb,962704,4206648,Paris,LFPB,NOAA_NWS,2026-09-06,lowest_temperature,C,exact,12.0,12.0,12.0,12°C,0.38,0.62,0.35,0.41,0.06,333.163797,391.9612,True,True,0xf52f58b1c8338ce30faa6844ca2c22a09ca20f71f4750ab71aac36b71a88d4fc
2026-09-05T01:26:41.912355+00:00,paris|2026_09_06|lowest_temperature|c|lfpb,962704,4206649,Paris,LFPB,NOAA_NWS,2026-09-06,lowest_temperature,C,exact,13.0,13.0,13.0,13°C,0.425,0.575,0.39,0.46,0.07,90.92,430.9045,True,True,0xd60b7dcf214a720f80fcb1a3d8d6cda19687f2aa56547a102f6c4978b0c81638
2026-09-05T01:26:41.912484+00:00,paris|2026_09_06|lowest_temperature|c|lfpb,962704,4206650,Paris,LFPB,NOAA_NWS,2026-09-06,lowest_temperature,C,exact,14.0,14.0,14.0,14°C,0.17,0.83,0.06,0.28,0.22000000000000003,,419.0625,True,True,0xc20022be3b6472d9ee57d9488be1d9855b29464159ce54ec75dc1a57a334e5a5
2026-09-05T01:26:41.912588+00:00,paris|2026_09_06|lowest_temperature|c|lfpb,962704,4206651,Paris,LFPB,NOAA_NWS,2026-09-06,lowest_temperature,C,exact,15.0,15.0,15.0,15°C,0.11,0.89,,0.22,,,355.2763,True,True,0x279e1edabc752c4387a028863da800d13ba44215330f15f05b3ceb4a34abbe2f
2026-09-05T01:26:41.912695+00:00,paris|2026_09_06|lowest_temperature|c|lfpb,962704,4206652,Paris,LFPB,NOAA_NWS,2026-09-06,lowest_temperature,C,exact,16.0,16.0,16.0,16°C,0.115,0.885,,0.23,,,358.7829,True,True,0xf3e60e4b413a91423e429318a85d3ad913d04f7a78788f4743ccb8f71129463a
2026-09-05T01:26:41.912801+00:00,paris|2026_09_06|lowest_temperature|c|lfpb,962704,4206653,Paris,LFPB,NOAA_NWS,2026-09-06,lowest_temperature,C,exact,17.0,17.0,17.0,17°C,0.115,0.885,,0.23,,,363.6817,True,True,0x5fef4604d27694b6fa1b3d17ad52e3986ec26630cbb18b0aee3dc9f967d334b7
2026-09-05T01:26:41.912902+00:00,paris|2026_09_06|lowest_temperature|c|lfpb,962704,4206654,Paris,LFPB,NOAA_NWS,2026-09-06,lowest_temperature,C,exact,18.0,18.0,18.0,18°C,0.09,0.91,,0.18,,,652.4615,True,True,0x8d50fec9c54a78b5646cf11747b1745cbbc01e6ced0f316ebf46744fed2430fa
2026-09-05T01:26:41.913003+00:00,paris|2026_09_06|lowest_temperature|c|lfpb,962704,4206655,Paris,LFPB,NOAA_NWS,2026-09-06,lowest_temperature,C,exact,19.0,19.0,19.0,19°C,0.01,0.99,,0.02,,,1161.7409,True,True,0x5d19638dc4290ca2e402e15f3b51b3cee6fba47104151151e3d26dfdda192949
2026-09-05T01:26:41.913103+00:00,paris|2026_09_06|lowest_temperature|c|lfpb,962704,4206656,Paris,LFPB,NOAA_NWS,2026-09-06,lowest_temperature,C,or_higher,20.0,20.0,,20°C or higher,0.04,0.96,,0.08,,6.0,1106.6022,True,True,0x3bddc5347114dd9f932bb03142d68caea917fa15f1b2f4670ed496824ef5c0be
2026-09-05T01:26:41.913208+00:00,seoul_incheon|2026_09_06|lowest_temperature|c|rksi,962705,4206657,Seoul (Incheon),RKSI,NOAA_NWS,2026-09-06,lowest_temperature,C,or_lower,14.0,,14.0,14°C or below,0.01,0.99,,0.02,,3.0,132.2522,True,True,0x89dc88e7640f3c3ccd5764f575bfa57dbfde13bd11e74c39a9b188d25e17455a
2026-09-05T01:26:41.913320+00:00,seoul_incheon|2026_09_06|lowest_temperature|c|rksi,962705,4206658,Seoul (Incheon),RKSI,NOAA_NWS,2026-09-06,lowest_temperature,C,exact,15.0,15.0,15.0,15°C,0.035,0.965,,0.07,,,315.3411,True,True,0xe1e435a55a5b4de5ebe6a53559dc760f3125c639c33cdb57517dd60f5f1dbbd0
2026-09-05T01:26:41.913447+00:00,seoul_incheon|2026_09_06|lowest_temperature|c|rksi,962705,4206659,Seoul (Incheon),RKSI,NOAA_NWS,2026-09-06,lowest_temperature,C,exact,16.0,16.0,16.0,16°C,0.075,0.925,,0.15,,,313.5831,True,True,0xee9db76ddb789be8379c8de2a6f4618317ace620fd8cfb8d8b451f54e1094be8
2026-09-05T01:26:41.913557+00:00,seoul_incheon|2026_09_06|lowest_temperature|c|rksi,962705,4206660,Seoul (Incheon),RKSI,NOAA_NWS,2026-09-06,lowest_temperature,C,exact,17.0,17.0,17.0,17°C,0.075,0.925,,0.15,,,321.6831,True,True,0x09dac267e7bca2aaddc93173a53480ccd92ebe8ecb109dcef54714351a066dd5
2026-09-05T01:26:41.913664+00:00,seoul_incheon|2026_09_06|lowest_temperature|c|rksi,962705,4206661,Seoul (Incheon),RKSI,NOAA_NWS,2026-09-06,lowest_temperature,C,exact,18.0,18.0,18.0,18°C,0.115,0.885,0.02,0.21,0.19,30.0,361.5917,True,True,0x36fcf50c59a34db4436dba144a0d9a41447c8568d30be23118b6ca12440d35d4
2026-09-05T01:26:41.913771+00:00,seoul_incheon|2026_09_06|lowest_temperature|c|rksi,962705,4206662,Seoul (Incheon),RKSI,NOAA_NWS,2026-09-06,lowest_temperature,C,exact,19.0,19.0,19.0,19°C,0.195,0.805,0.07,0.32,0.25,,298.1393,True,True,0x204655e6df68435f7e591a8863f4f276cc50df873e0ac5a7467939a14088e96b
2026-09-05T01:26:41.913878+00:00,seoul_incheon|2026_09_06|lowest_temperature|c|rksi,962705,4206663,Seoul (Incheon),RKSI,NOAA_NWS,2026-09-06,lowest_temperature,C,exact,20.0,20.0,20.0,20°C,0.39,0.61,0.29,0.49,0.2,83.0,259.3497,True,True,0x69e2b76410215b38a455a544e971fb4c30eecdf2ac9bc95d43901ae4ba46c3fd
2026-09-05T01:26:41.913984+00:00,seoul_incheon|2026_09_06|lowest_temperature|c|rksi,962705,4206664,Seoul (Incheon),RKSI,NOAA_NWS,2026-09-06,lowest_temperature,C,exact,21.0,21.0,21.0,21°C,0.315,0.685,0.16,0.47,0.30999999999999994,535.360667,396.2806,True,True,0xfdef9fda9a99648725540e2e7b330d8dcfc3f37c0cab3f64f3af25e141cf0515
2026-09-05T01:26:41.914098+00:00,seoul_incheon|2026_09_06|lowest_temperature|c|rksi,962705,4206665,Seoul (Incheon),RKSI,NOAA_NWS,2026-09-06,lowest_temperature,C,exact,22.0,22.0,22.0,22°C,0.02,0.98,,0.04,,,286.6601,True,True,0x5e82e270daba6cbb7d7f800783ee5b55a43cb04ce78d04b205f2326683e141ec
2026-09-05T01:26:41.914216+00:00,seoul_incheon|2026_09_06|lowest_temperature|c|rksi,962705,4206666,Seoul (Incheon),RKSI,NOAA_NWS,2026-09-06,lowest_temperature,C,exact,23.0,23.0,23.0,23°C,0.01,0.99,,0.02,,,278.0114,True,True,0xff1a050c2a006602cef616e57c618514107088c3310de8d5f4452a7ad2317773
2026-09-05T01:26:41.914325+00:00,seoul_incheon|2026_09_06|lowest_temperature|c|rksi,962705,4206667,Seoul (Incheon),RKSI,NOAA_NWS,2026-09-06,lowest_temperature,C,or_higher,24.0,24.0,,24°C or higher,0.01,0.99,,0.02,,,128.55,True,True,0x22bf1f866568a140987d3735fd15e0370ff2cb9c91e5b7b334791c9d14c606f3
2026-09-05T01:26:41.914461+00:00,ankara|2026_09_06|lowest_temperature|c|ltac,962706,4206668,Ankara,LTAC,NOAA_NWS,2026-09-06,lowest_temperature,C,or_lower,10.0,,10.0,10°C or below,0.445,0.555,,0.89,,4.0,97.95,True,True,0xc8482c9eb43a3f4456c059b4491381c301ad93327f29aaf6ba27803896e32c80
2026-09-05T01:26:41.914575+00:00,ankara|2026_09_06|lowest_temperature|c|ltac,962706,4206669,Ankara,LTAC,NOAA_NWS,2026-09-06,lowest_temperature,C,exact,11.0,11.0,11.0,11°C,0.255,0.745,0.03,0.48,0.44999999999999996,8.2474,252.3553,True,True,0x01b0ae149a92f42b3bace2dce41e6c9fcfefc308f79d32fd2a3019cf5cda7ee8
2026-09-05T01:26:41.914680+00:00,ankara|2026_09_06|lowest_temperature|c|ltac,962706,4206670,Ankara,LTAC,NOAA_NWS,2026-09-06,lowest_temperature,C,exact,12.0,12.0,12.0,12°C,0.255,0.745,0.03,0.48,0.44999999999999996,,221.4269,True,True,0xb0b921ad5b03ba8fdcc98c2f675a0b6a58cf8ddea96723b9b94967633b0700b4
2026-09-05T01:26:41.914789+00:00,ankara|2026_09_06|lowest_temperature|c|ltac,962706,4206671,Ankara,LTAC,NOAA_NWS,2026-09-06,lowest_temperature,C,exact,13.0,13.0,13.0,13°C,0.27,0.73,0.04,0.5,0.46,,221.9861,True,True,0xc386193cac493a746d11d44dc6715c303692b8a461088d783a49c71e18925f84
2026-09-05T01:26:41.914893+00:00,ankara|2026_09_06|lowest_temperature|c|ltac,962706,4206672,Ankara,LTAC,NOAA_NWS,2026-09-06,lowest_temperature,C,exact,14.0,14.0,14.0,14°C,0.35,0.65,0.19,0.51,0.32,6.0,235.755,True,True,0x629311ff17f6c7e793f0e8eea7e7a61467e4729e126a5563926492a770974b9a
2026-09-05T01:26:41.914995+00:00,ankara|2026_09_06|lowest_temperature|c|ltac,962706,4206673,Ankara,LTAC,NOAA_NWS,2026-09-06,lowest_temperature,C,exact,15.0,15.0,15.0,15°C,0.275,0.725,0.05,0.5,0.45,,252.1061,True,True,0x4f7db40c5a35cad90bc8852e5749f9078d525d56141b45bc0dfe1050e5da8ddb
2026-09-05T01:26:41.915100+00:00,ankara|2026_09_06|lowest_temperature|c|ltac,962706,4206674,Ankara,LTAC,NOAA_NWS,2026-09-06,lowest_temperature,C,exact,16.0,16.0,16.0,16°C,0.255,0.745,0.03,0.48,0.44999999999999996,,226.0469,True,True,0x8ed4670502f032b580251eca452d50237a3d6748943e5cdb9651be6d558b617c
2026-09-05T01:26:41.915203+00:00,ankara|2026_09_06|lowest_temperature|c|ltac,962706,4206675,Ankara,LTAC,NOAA_NWS,2026-09-06,lowest_temperature,C,exact,17.0,17.0,17.0,17°C,0.245,0.755,,0.49,,,206.4378,True,True,0xf7e3243d72ef262ef4f25aedb575e5559fabd9db04fd836a1763a327ed328429
2026-09-05T01:26:41.915304+00:00,ankara|2026_09_06|lowest_temperature|c|ltac,962706,4206676,Ankara,LTAC,NOAA_NWS,2026-09-06,lowest_temperature,C,exact,18.0,18.0,18.0,18°C,0.01,0.99,,0.02,,,213.4809,True,True,0x2f4f19c22c8e6eba19d62adc4f778887d3dccaece5fd6002496ecff4a334dd45
2026-09-05T01:26:41.915428+00:00,ankara|2026_09_06|lowest_temperature|c|ltac,962706,4206677,Ankara,LTAC,NOAA_NWS,2026-09-06,lowest_temperature,C,exact,19.0,19.0,19.0,19°C,0.245,0.755,,0.49,,,218.9078,True,True,0x929a6c7f077ec01a8548546da8048dcc528f6d6acb0a634d148e9d9f5f001f3f
2026-09-05T01:26:41.915534+00:00,ankara|2026_09_06|lowest_temperature|c|ltac,962706,4206678,Ankara,LTAC,NOAA_NWS,2026-09-06,lowest_temperature,C,or_higher,20.0,20.0,,20°C or higher,0.425,0.575,,0.85,,,87.55,True,True,0x017b022bff48f763aca8d9995dfe607b644ab0478e6b078ae83c7175b74dad7e
2026-09-05T01:26:41.915643+00:00,wellington|2026_09_06|lowest_temperature|c|nzwn,962707,4206679,Wellington,NZWN,NOAA_NWS,2026-09-06,lowest_temperature,C,or_lower,8.0,,8.0,8°C or below,0.345,0.655,,0.69,,,118.77,True,True,0xb0234b95627aecfeb8f9dc77416e8c96a0619d272cdb67702913b65b25d81624
2026-09-05T01:26:41.915751+00:00,wellington|2026_09_06|lowest_temperature|c|nzwn,962707,4206680,Wellington,NZWN,NOAA_NWS,2026-09-06,lowest_temperature,C,exact,9.0,9.0,9.0,9°C,0.07,0.93,,0.14,,,216.9599,True,True,0x0820251ba1380eb67d92b495f189f2c7b74e6be6499f5cc05417939841df9e04
2026-09-05T01:26:41.915854+00:00,wellington|2026_09_06|lowest_temperature|c|nzwn,962707,4206681,Wellington,NZWN,NOAA_NWS,2026-09-06,lowest_temperature,C,exact,10.0,10.0,10.0,10°C,0.09,0.91,,0.18,,,150.8932,True,True,0xd92a5ff87636e8f428690c968f65cfe946ef11f4b3fb74663168e1caefc53c4a
2026-09-05T01:26:41.915962+00:00,wellington|2026_09_06|lowest_temperature|c|nzwn,962707,4206682,Wellington,NZWN,NOAA_NWS,2026-09-06,lowest_temperature,C,exact,11.0,11.0,11.0,11°C,0.255,0.745,0.03,0.48,0.44999999999999996,,153.5469,True,True,0xb80638fbf9f1ca564f91a5a6154704aa05f3d33c4daafe4a5a45746ba1e96c50
2026-09-05T01:26:41.916070+00:00,wellington|2026_09_06|lowest_temperature|c|nzwn,962707,4206683,Wellington,NZWN,NOAA_NWS,2026-09-06,lowest_temperature,C,exact,12.0,12.0,12.0,12°C,0.27,0.73,0.04,0.5,0.46,,133.8761,True,True,0x50b7ba370c481da1de8ceb535e8c8a964c4ef7ce6738259bdf7ae302201e23d8
2026-09-05T01:26:41.916175+00:00,wellington|2026_09_06|lowest_temperature|c|nzwn,962707,4206684,Wellington,NZWN,NOAA_NWS,2026-09-06,lowest_temperature,C,exact,13.0,13.0,13.0,13°C,0.36,0.64,0.22,0.5,0.28,,178.7138,True,True,0x314fc55dc4e945b62d6891832ced271e1f122f43de0725c3f699b18108538dfc
2026-09-05T01:26:41.916281+00:00,wellington|2026_09_06|lowest_temperature|c|nzwn,962707,4206685,Wellington,NZWN,NOAA_NWS,2026-09-06,lowest_temperature,C,exact,14.0,14.0,14.0,14°C,0.245,0.755,,0.49,,,138.1178,True,True,0xccb57eb055472e8d9a5bdadcb6c7395d7d80da35d1efe1c365d5ac2c2ccb2965
2026-09-05T01:26:41.916406+00:00,wellington|2026_09_06|lowest_temperature|c|nzwn,962707,4206686,Wellington,NZWN,NOAA_NWS,2026-09-06,lowest_temperature,C,exact,15.0,15.0,15.0,15°C,0.04,0.96,,0.08,,,138.9997,True,True,0x2c0069029b75f7eaca44cc057bbcac90957c58a6331cd458120b03a0e28c0d83
2026-09-05T01:26:41.916518+00:00,wellington|2026_09_06|lowest_temperature|c|nzwn,962707,4206687,Wellington,NZWN,NOAA_NWS,2026-09-06,lowest_temperature,C,exact,16.0,16.0,16.0,16°C,0.015,0.985,,0.03,,,147.474,True,True,0xf68ae062d283d4db6b5adc43101baa4ba621d590780ca3ac3558cbdcaf448480
2026-09-05T01:26:41.916623+00:00,wellington|2026_09_06|lowest_temperature|c|nzwn,962707,4206688,Wellington,NZWN,NOAA_NWS,2026-09-06,lowest_temperature,C,exact,17.0,17.0,17.0,17°C,0.01,0.99,,0.02,,,203.3757,True,True,0x893c564aaa440d083eee3b1a85db73355b4e67a1a150b51e31b5614903fe075f
2026-09-05T01:26:41.916725+00:00,wellington|2026_09_06|lowest_temperature|c|nzwn,962707,4206689,Wellington,NZWN,NOAA_NWS,2026-09-06,lowest_temperature,C,or_higher,18.0,18.0,,18°C or higher,0.345,0.655,,0.69,,,112.73,True,True,0x02427af16a10f11d22cfd7bb34940d8c56112b450a20ab344be4504db23b31b6
2026-09-05T01:26:41.916835+00:00,lucknow|2026_09_06|lowest_temperature|c|vilk,962708,4206690,Lucknow,VILK,NOAA_NWS,2026-09-06,lowest_temperature,C,or_lower,21.0,,21.0,21°C or below,0.035,0.965,,0.07,,,88.388,True,True,0x5828e55f93317b1c310d34dad71af74795d9713f625ba043b4da2d084e8e0ba3
2026-09-05T01:26:41.916945+00:00,lucknow|2026_09_06|lowest_temperature|c|vilk,962708,4206691,Lucknow,VILK,NOAA_NWS,2026-09-06,lowest_temperature,C,exact,22.0,22.0,22.0,22°C,0.08,0.92,,0.16,,,295.2817,True,True,0x098cf9a93acecdef1a697cd6a6b1636a186ee2561063911040784a71b37417d0
2026-09-05T01:26:41.917049+00:00,lucknow|2026_09_06|lowest_temperature|c|vilk,962708,4206692,Lucknow,VILK,NOAA_NWS,2026-09-06,lowest_temperature,C,exact,23.0,23.0,23.0,23°C,0.245,0.755,,0.49,,,194.2378,True,True,0x582c7f30ec772b31a8575832c854da3c71d1687b7f65abf1907aa09ad86a90da
2026-09-05T01:26:41.917158+00:00,lucknow|2026_09_06|lowest_temperature|c|vilk,962708,4206693,Lucknow,VILK,NOAA_NWS,2026-09-06,lowest_temperature,C,exact,24.0,24.0,24.0,24°C,0.255,0.745,0.03,0.48,0.44999999999999996,,205.6769,True,True,0xd859fbec207912e6a8a39858ac50913bfdb7726189ccd3cf518868d0378b3ffb
2026-09-05T01:26:41.917262+00:00,lucknow|2026_09_06|lowest_temperature|c|vilk,962708,4206694,Lucknow,VILK,NOAA_NWS,2026-09-06,lowest_temperature,C,exact,25.0,25.0,25.0,25°C,0.265,0.735,0.03,0.5,0.47,,188.6261,True,True,0x05e8a349e8cdf596ef674ab6834403ec61a0e919a90a7e752b0456f9e5d8b44f
2026-09-05T01:26:41.917388+00:00,lucknow|2026_09_06|lowest_temperature|c|vilk,962708,4206695,Lucknow,VILK,NOAA_NWS,2026-09-06,lowest_temperature,C,exact,26.0,26.0,26.0,26°C,0.425,0.575,0.33,0.52,0.19,18.0,193.786,True,True,0x34d9d89930bc8bd193ef43102d5ceaf1a572e7fedc556eb41a5767a60ca6209f
2026-09-05T01:26:41.917503+00:00,lucknow|2026_09_06|lowest_temperature|c|vilk,962708,4206696,Lucknow,VILK,NOAA_NWS,2026-09-06,lowest_temperature,C,exact,27.0,27.0,27.0,27°C,0.245,0.755,,0.49,,,194.2978,True,True,0xa1f1c1ebd21c6315d9a792b75d24574807dfbe7dd2a9ab7545baa6064e7ff315
2026-09-05T01:26:41.917607+00:00,lucknow|2026_09_06|lowest_temperature|c|vilk,962708,4206697,Lucknow,VILK,NOAA_NWS,2026-09-06,lowest_temperature,C,exact,28.0,28.0,28.0,28°C,0.015,0.985,,0.03,,,202.674,True,True,0x62cff3574cb3d7602b3b74b436b969953e3dcc407e93e901d4a549689293d60c
2026-09-05T01:26:41.917713+00:00,lucknow|2026_09_06|lowest_temperature|c|vilk,962708,4206698,Lucknow,VILK,NOAA_NWS,2026-09-06,lowest_temperature,C,exact,29.0,29.0,29.0,29°C,0.015,0.985,,0.03,,,200.424,True,True,0x074141d7accab4b176e23932a5363656572f386e049f82fa6996e4cfb5eb15c5
2026-09-05T01:26:41.917819+00:00,lucknow|2026_09_06|lowest_temperature|c|vilk,962708,4206699,Lucknow,VILK,NOAA_NWS,2026-09-06,lowest_temperature,C,exact,30.0,30.0,30.0,30°C,0.01,0.99,,0.02,,,262.8057,True,True,0x5d0ea62e72cbfd073e570d75f2f4b841592a8fde9b2d2f0f53f729f13fed9ea1
2026-09-05T01:26:41.917922+00:00,lucknow|2026_09_06|lowest_temperature|c|vilk,962708,4206700,Lucknow,VILK,NOAA_NWS,2026-09-06,lowest_temperature,C,or_higher,31.0,31.0,,31°C or higher,0.29,0.71,,0.58,,,83.27,True,True,0xc5739665a648acab2791119c7b1d302c04615997f0d8d96a1cb985dd3b2bc16c
2026-09-05T01:26:41.918028+00:00,munich|2026_09_06|lowest_temperature|c|eddm,962709,4206701,Munich,EDDM,NOAA_NWS,2026-09-06,lowest_temperature,C,or_lower,5.0,,5.0,5°C or below,0.075,0.925,,0.15,,,115.38,True,True,0x8f1257939ed467338764a5d4879ffc3dbb50a4b5d2d937a54c77c373ee7268e5
2026-09-05T01:26:41.918134+00:00,munich|2026_09_06|lowest_temperature|c|eddm,962709,4206702,Munich,EDDM,NOAA_NWS,2026-09-06,lowest_temperature,C,exact,6.0,6.0,6.0,6°C,0.14,0.86,0.09,0.19,0.1,251.173912,341.7577,True,True,0x1783d72066dcea5a72f32b7fa2468c1910e4826c6b04f61442dde848e960447a
2026-09-05T01:26:41.918236+00:00,munich|2026_09_06|lowest_temperature|c|eddm,962709,4206703,Munich,EDDM,NOAA_NWS,2026-09-06,lowest_temperature,C,exact,7.0,7.0,7.0,7°C,0.14,0.86,0.13,0.15,0.01999999999999999,180.792943,383.1901,True,True,0x78d3c37f695bbcc282cadea24c5526bb6eb51abfb01da4f133984ee650924ed0
2026-09-05T01:26:41.918338+00:00,munich|2026_09_06|lowest_temperature|c|eddm,962709,4206704,Munich,EDDM,NOAA_NWS,2026-09-06,lowest_temperature,C,exact,8.0,8.0,8.0,8°C,0.27,0.73,0.06,0.48,0.42,,268.0323,True,True,0x59e389a9f80ffa0a5129b364600c2d899c71dff826518d90d383f641cdca71bc
2026-09-05T01:26:41.918467+00:00,munich|2026_09_06|lowest_temperature|c|eddm,962709,4206705,Munich,EDDM,NOAA_NWS,2026-09-06,lowest_temperature,C,exact,9.0,9.0,9.0,9°C,0.255,0.745,0.03,0.48,0.44999999999999996,,260.6269,True,True,0xfeb263bc036f2b8f319f24ad8baeb26f4ad8631e2ea36fcc8f1488652e30ca31
2026-09-05T01:26:41.918572+00:00,munich|2026_09_06|lowest_temperature|c|eddm,962709,4206706,Munich,EDDM,NOAA_NWS,2026-09-06,lowest_temperature,C,exact,10.0,10.0,10.0,10°C,0.255,0.745,0.03,0.48,0.44999999999999996,,272.2769,True,True,0x714b4868d336e016180cf51bab791f4525e01c80c09453d8ec6685e8b16a213a
2026-09-05T01:26:41.918677+00:00,munich|2026_09_06|lowest_temperature|c|eddm,962709,4206707,Munich,EDDM,NOAA_NWS,2026-09-06,lowest_temperature,C,exact,11.0,11.0,11.0,11°C,0.245,0.755,0.01,0.48,0.47,,242.9769,True,True,0x251f5a58f4daf967e99351e559a7a9de793e9b2a7ef722738aa4df5881dc7c86
2026-09-05T01:26:41.918781+00:00,munich|2026_09_06|lowest_temperature|c|eddm,962709,4206708,Munich,EDDM,NOAA_NWS,2026-09-06,lowest_temperature,C,exact,12.0,12.0,12.0,12°C,0.085,0.915,,0.17,,10.0,249.7992,True,True,0x6759fbd47f50dc6d0e2fbcb223879ba9e8309cb5aee305acdd9c053f4167aefa
2026-09-05T01:26:41.918883+00:00,munich|2026_09_06|lowest_temperature|c|eddm,962709,4206709,Munich,EDDM,NOAA_NWS,2026-09-06,lowest_temperature,C,exact,13.0,13.0,13.0,13°C,0.01,0.99,,0.02,,,264.3809,True,True,0x8a899c7cdd8f1d132734361b436155d2089fa3ade75e0359a303bd1949c749cb
2026-09-05T01:26:41.918992+00:00,munich|2026_09_06|lowest_temperature|c|eddm,962709,4206710,Munich,EDDM,NOAA_NWS,2026-09-06,lowest_temperature,C,exact,14.0,14.0,14.0,14°C,0.075,0.925,,0.15,,,304.5561,True,True,0xe680460a8aa42c857b278317d108dbdce3aae1116cdd06fd5b3bba2dfbf61c70
2026-09-05T01:26:41.919096+00:00,munich|2026_09_06|lowest_temperature|c|eddm,962709,4206711,Munich,EDDM,NOAA_NWS,2026-09-06,lowest_temperature,C,or_higher,15.0,15.0,,15°C or higher,0.065,0.935,,0.13,,,145.76,True,True,0x2ba7ffcc16700079f44f78a6454a386aa025abf9dc4a5124514adf123e9572d8
2026-09-05T01:26:41.919203+00:00,tel_aviv|2026_09_06|lowest_temperature|c|unknown,962710,4206712,Tel Aviv,,,2026-09-06,lowest_temperature,C,or_lower,19.0,,19.0,19°C or below,0.255,0.745,,0.51,,,111.17,True,True,0xe15b75d9d0e23279ac7cd53695b3540519a15387272d200c0252176b2b14ff70
2026-09-05T01:26:41.919319+00:00,tel_aviv|2026_09_06|lowest_temperature|c|unknown,962710,4206713,Tel Aviv,,,2026-09-06,lowest_temperature,C,exact,20.0,20.0,20.0,20°C,0.035,0.965,,0.07,,,246.4589,True,True,0x5eb4553c0c71aa598a7b591f6393df83b36d8a99d5e1b71f329026240ad2138c
2026-09-05T01:26:41.919448+00:00,tel_aviv|2026_09_06|lowest_temperature|c|unknown,962710,4206714,Tel Aviv,,,2026-09-06,lowest_temperature,C,exact,21.0,21.0,21.0,21°C,0.08,0.92,,0.16,,,250.1564,True,True,0x27370aa3747f26f8a7f5f1bff794d1e480835b79d21a3e2f3358271a9a28cf8b
2026-09-05T01:26:41.919558+00:00,tel_aviv|2026_09_06|lowest_temperature|c|unknown,962710,4206715,Tel Aviv,,,2026-09-06,lowest_temperature,C,exact,22.0,22.0,22.0,22°C,0.19,0.81,,0.38,,,291.2017,True,True,0xfc3acde0f639cdf8e0b8839620a84e86690427b2f32084e7ec3492ad0ca45e51
2026-09-05T01:26:41.919664+00:00,tel_aviv|2026_09_06|lowest_temperature|c|unknown,962710,4206716,Tel Aviv,,,2026-09-06,lowest_temperature,C,exact,23.0,23.0,23.0,23°C,0.24,0.76,0.03,0.45,0.42000000000000004,,278.2005,True,True,0xbeb8a948b5c6858c6d0f50d60a439ccf90e4fe60ef8fada189db8814d687dbaa
2026-09-05T01:26:41.919766+00:00,tel_aviv|2026_09_06|lowest_temperature|c|unknown,962710,4206717,Tel Aviv,,,2026-09-06,lowest_temperature,C,exact,24.0,24.0,24.0,24°C,0.305,0.695,0.12,0.49,0.37,,281.1976,True,True,0xf0a250dd92582c947fb69a1394451415e2ffed3415a408153ebfc741d98595ab
2026-09-05T01:26:41.919869+00:00,tel_aviv|2026_09_06|lowest_temperature|c|unknown,962710,4206718,Tel Aviv,,,2026-09-06,lowest_temperature,C,exact,25.0,25.0,25.0,25°C,0.465,0.535,0.42,0.51,0.09000000000000002,17.0,238.4065,True,True,0xcd92acaa5ae573e801621921320f93f6c086767a82c76967ba45d6c7cbebe27d
2026-09-05T01:26:41.919971+00:00,tel_aviv|2026_09_06|lowest_temperature|c|unknown,962710,4206719,Tel Aviv,,,2026-09-06,lowest_temperature,C,exact,26.0,26.0,26.0,26°C,0.235,0.765,0.03,0.44,0.41000000000000003,22.618575999999997,264.9411,True,True,0xc25a313ecd452fbbd4b75456cff0fe839d25d004e923fd1c25042cc29aaa1bfb
2026-09-05T01:26:41.920072+00:00,tel_aviv|2026_09_06|lowest_temperature|c|unknown,962710,4206720,Tel Aviv,,,2026-09-06,lowest_temperature,C,exact,27.0,27.0,27.0,27°C,0.015,0.985,,0.03,,,250.6641,True,True,0xc2f63425c0d4a00a8fe3783233faf4c8d1f7194bd788342630f9396fb5e2fec9
2026-09-05T01:26:41.920176+00:00,tel_aviv|2026_09_06|lowest_temperature|c|unknown,962710,4206721,Tel Aviv,,,2026-09-06,lowest_temperature,C,exact,28.0,28.0,28.0,28°C,0.01,0.99,,0.02,,,266.9957,True,True,0xece14370f4d9e7dba83fd5a683d604ad6e9dd95d8539d7cc177b6c2bc0b860f3
2026-09-05T01:26:41.920279+00:00,tel_aviv|2026_09_06|lowest_temperature|c|unknown,962710,4206722,Tel Aviv,,,2026-09-06,lowest_temperature,C,or_higher,29.0,29.0,,29°C or higher,0.43,0.57,,0.86,,,46.5,True,True,0xccb620c041d41a1d979dc03bc45c423bdef969dcf400d0508ce3334985df0ae9
2026-09-05T01:26:41.920409+00:00,tokyo|2026_09_06|lowest_temperature|c|rjtt,962711,4206723,Tokyo,RJTT,NOAA_NWS,2026-09-06,lowest_temperature,C,or_lower,17.0,,17.0,17°C or below,0.0035,0.9965,0.001,0.006,0.005,,2578.26476,True,True,0xb4324ac4956d62c0e3a3c6899416f1dabbe2bb158dad09bfe9f7356c23104a25
2026-09-05T01:26:41.920521+00:00,tokyo|2026_09_06|lowest_temperature|c|rjtt,962711,4206724,Tokyo,RJTT,NOAA_NWS,2026-09-06,lowest_temperature,C,exact,18.0,18.0,18.0,18°C,0.0055,0.9945,0.001,0.01,0.009000000000000001,,689.8983,True,True,0x2400fa74983e298ebdd19a6efbd76bca0106fd05d5b6f76c79de6ae4b2710ce1
2026-09-05T01:26:41.920623+00:00,tokyo|2026_09_06|lowest_temperature|c|rjtt,962711,4206725,Tokyo,RJTT,NOAA_NWS,2026-09-06,lowest_temperature,C,exact,19.0,19.0,19.0,19°C,0.065,0.935,,0.13,,,548.6345,True,True,0x4a9b48028bb497a4e24cb0230cd747e6a89855af75750cd2dfa08361f1c78990
2026-09-05T01:26:41.920728+00:00,tokyo|2026_09_06|lowest_temperature|c|rjtt,962711,4206726,Tokyo,RJTT,NOAA_NWS,2026-09-06,lowest_temperature,C,exact,20.0,20.0,20.0,20°C,0.1,0.9,0.08,0.12,0.039999999999999994,471.420416,760.3899,True,True,0x3e5289596a0dcb297b9e9d550267aa880070538875d7f34bcc78da028aff0412
2026-09-05T01:26:41.920835+00:00,tokyo|2026_09_06|lowest_temperature|c|rjtt,962711,4206727,Tokyo,RJTT,NOAA_NWS,2026-09-06,lowest_temperature,C,exact,21.0,21.0,21.0,21°C,0.49,0.51,0.48,0.5,0.020000000000000018,146.235445,4140.1497,True,True,0x018f57010e0cc0f656c4af4790deb12b3d1dc62583056bbf10faa52dd3988ff5
2026-09-05T01:26:41.920940+00:00,tokyo|2026_09_06|lowest_temperature|c|rjtt,962711,4206728,Tokyo,RJTT,NOAA_NWS,2026-09-06,lowest_temperature,C,exact,22.0,22.0,22.0,22°C,0.38,0.62,0.36,0.4,0.040000000000000036,394.77214000000004,7407.5281,True,True,0xdf72b76b735dfca44160a5988f71ccb50951e948d2df991232f1432ff2679532
2026-09-05T01:26:41.921050+00:00,tokyo|2026_09_06|lowest_temperature|c|rjtt,962711,4206729,Tokyo,RJTT,NOAA_NWS,2026-09-06,lowest_temperature,C,exact,23.0,23.0,23.0,23°C,0.065,0.935,,0.13,,,443.1573,True,True,0x7e6c9ab95dde02150f6485e4903d26a08d200cf0e1629f0ca8c85ad9b23956a2
2026-09-05T01:26:41.921157+00:00,tokyo|2026_09_06|lowest_temperature|c|rjtt,962711,4206730,Tokyo,RJTT,NOAA_NWS,2026-09-06,lowest_temperature,C,exact,24.0,24.0,24.0,24°C,0.03,0.97,,0.06,,,428.0247,True,True,0xe1f18f8acd0cd43861af2ef7443dd45144da8fa9f1f24a0dd62367bf5246d982
2026-09-05T01:26:41.921263+00:00,tokyo|2026_09_06|lowest_temperature|c|rjtt,962711,4206731,Tokyo,RJTT,NOAA_NWS,2026-09-06,lowest_temperature,C,exact,25.0,25.0,25.0,25°C,0.0055,0.9945,0.001,0.01,0.009000000000000001,,2532.2116,True,True,0x0d79a736ac2e1790286e3042981a124aab713d617a70e2bf473a5272cf19d5e9
2026-09-05T01:26:41.921383+00:00,tokyo|2026_09_06|lowest_temperature|c|rjtt,962711,4206732,Tokyo,RJTT,NOAA_NWS,2026-09-06,lowest_temperature,C,exact,26.0,26.0,26.0,26°C,0.003,0.997,0.001,0.005,0.004,,3326.0455,True,True,0xe7d83b46893eab2640e18ddd9e0de41be71eaad36f37eed5d5e7d0af4e8767de
2026-09-05T01:26:41.921492+00:00,tokyo|2026_09_06|lowest_temperature|c|rjtt,962711,4206733,Tokyo,RJTT,NOAA_NWS,2026-09-06,lowest_temperature,C,or_higher,27.0,27.0,,27°C or higher,0.0025,0.9975,0.001,0.004,0.003,,3273.12484,True,True,0xc6f942a67aa16615e52a9342c8cd20d4abe17ec77833c668ad5daffd11fd4c67
2026-09-05T01:26:41.921608+00:00,hong_kong|2026_09_06|lowest_temperature|c|unknown,962712,4206734,Hong Kong,,,2026-09-06,lowest_temperature,C,or_lower,22.0,,22.0,22°C or below,0.0185,0.9815,0.001,0.036,0.034999999999999996,,1539.6541,True,True,0xb76cc0091ea9bccc21fb41096dc91fd240b9a40aa1c0aad8f1fa633745ba2d21
2026-09-05T01:26:41.921717+00:00,hong_kong|2026_09_06|lowest_temperature|c|unknown,962712,4206735,Hong Kong,,,2026-09-06,lowest_temperature,C,exact,23.0,23.0,23.0,23°C,0.03,0.97,0.001,0.059,0.057999999999999996,,1699.9341,True,True,0x26175ec98461909d0ecab04984d3a867306f25bd67fad5110de84ee17a75599f
2026-09-05T01:26:41.921821+00:00,hong_kong|2026_09_06|lowest_temperature|c|unknown,962712,4206736,Hong Kong,,,2026-09-06,lowest_temperature,C,exact,24.0,24.0,24.0,24°C,0.0295,0.9705,0.001,0.058,0.057,,1130.3561,True,True,0x002e0cafaa532dc603b68cc85d6762c6587393a215454e475f64721a0a66b1cf
2026-09-05T01:26:41.921926+00:00,hong_kong|2026_09_06|lowest_temperature|c|unknown,962712,4206737,Hong Kong,,,2026-09-06,lowest_temperature,C,exact,25.0,25.0,25.0,25°C,0.085,0.915,0.08,0.09,0.009999999999999995,294.090453,1443.3721,True,True,0x08cfd5b0c68e024ab9b9c6b972861440549cf9bb457a92a28151d9e969c17a78
2026-09-05T01:26:41.922031+00:00,hong_kong|2026_09_06|lowest_temperature|c|unknown,962712,4206738,Hong Kong,,,2026-09-06,lowest_temperature,C,exact,26.0,26.0,26.0,26°C,0.375,0.625,0.35,0.4,0.050000000000000044,368.262912,1080.0378,True,True,0x976b91d4af16268199076b93c54ebb9da7dd3618c22bf69bbbc2857656917036
2026-09-05T01:26:41.922140+00:00,hong_kong|2026_09_06|lowest_temperature|c|unknown,962712,4206739,Hong Kong,,,2026-09-06,lowest_temperature,C,exact,27.0,27.0,27.0,27°C,0.505,0.495,0.5,0.51,0.010000000000000009,798.949046,1170.0512,True,True,0x47c016f87378a7b97162c9df9d461a34891f6b6b55cbadb45c591946178fe1bf
2026-09-05T01:26:41.922246+00:00,hong_kong|2026_09_06|lowest_temperature|c|unknown,962712,4206740,Hong Kong,,,2026-09-06,lowest_temperature,C,exact,28.0,28.0,28.0,28°C,0.035,0.965,0.02,0.05,0.030000000000000002,38.06,1055.0564,True,True,0xb4b2f5d580605b98132ab9589ce80258a43e39baddb13614c7d97906c7e8451c
2026-09-05T01:26:41.922348+00:00,hong_kong|2026_09_06|lowest_temperature|c|unknown,962712,4206741,Hong Kong,,,2026-09-06,lowest_temperature,C,exact,29.0,29.0,29.0,29°C,0.0295,0.9705,0.001,0.058,0.057,,1054.8025,True,True,0xc94e7be0e1dce8f66d560fe3eb86ec325238613f4806a7a56a09179e16b7dc00
2026-09-05T01:26:41.922484+00:00,hong_kong|2026_09_06|lowest_temperature|c|unknown,962712,4206742,Hong Kong,,,2026-09-06,lowest_temperature,C,exact,30.0,30.0,30.0,30°C,0.03,0.97,0.001,0.059,0.057999999999999996,,1530.7151,True,True,0x0d1202f318ed9271de608f937625cfbe1aee97d6d5a606f3a43c4c803916c7a0
2026-09-05T01:26:41.922591+00:00,hong_kong|2026_09_06|lowest_temperature|c|unknown,962712,4206743,Hong Kong,,,2026-09-06,lowest_temperature,C,exact,31.0,31.0,31.0,31°C,0.0185,0.9815,0.001,0.036,0.034999999999999996,,1947.0371,True,True,0xc6c05f29ff5c03e4f23a38ac1a3ee86b0df34995740df43196c95fb774797ead
2026-09-05T01:26:41.922692+00:00,hong_kong|2026_09_06|lowest_temperature|c|unknown,962712,4206744,Hong Kong,,,2026-09-06,lowest_temperature,C,or_higher,32.0,32.0,,32°C or higher,0.013,0.987,0.001,0.025,0.024,,1770.0381,True,True,0xcf42067c46b7a4f33ed46ced3b55fecdd1e5bbbfcc957b64d6f5f7139fc3ea54
2026-09-05T01:26:41.922804+00:00,shanghai|2026_09_06|lowest_temperature|c|zspd,962713,4206745,Shanghai,ZSPD,NOAA_NWS,2026-09-06,lowest_temperature,C,or_lower,20.0,,20.0,20°C or below,0.0025,0.9975,0.001,0.004,0.003,175.0,2316.921,True,True,0xe4abed136304c48be12f5af883b8895229e57bc90d0fc13656d2daae4c80ee33
2026-09-05T01:26:41.922917+00:00,shanghai|2026_09_06|lowest_temperature|c|zspd,962713,4206746,Shanghai,ZSPD,NOAA_NWS,2026-09-06,lowest_temperature,C,exact,21.0,21.0,21.0,21°C,0.0025,0.9975,0.001,0.004,0.003,,1592.9646,True,True,0x38b0eac122f3d89fddea5c2c53605ef1a7f1d9434942fa37e0e808e229b67c0d
2026-09-05T01:26:41.923028+00:00,shanghai|2026_09_06|lowest_temperature|c|zspd,962713,4206747,Shanghai,ZSPD,NOAA_NWS,2026-09-06,lowest_temperature,C,exact,22.0,22.0,22.0,22°C,0.015,0.985,,0.03,,,537.3277,True,True,0x5e0c692f4aa497a268e357090ba40a3c09eb598e2ac5833da98e62c9ea0e240c
2026-09-05T01:26:41.923134+00:00,shanghai|2026_09_06|lowest_temperature|c|zspd,962713,4206748,Shanghai,ZSPD,NOAA_NWS,2026-09-06,lowest_temperature,C,exact,23.0,23.0,23.0,23°C,0.095,0.905,,0.19,,,727.5793,True,True,0x3a3ca3c0ef482708775cdfee67b1df478d972ba461eb5e6fb2d385b43973e77c
2026-09-05T01:26:41.923238+00:00,shanghai|2026_09_06|lowest_temperature|c|zspd,962713,4206749,Shanghai,ZSPD,NOAA_NWS,2026-09-06,lowest_temperature,C,exact,24.0,24.0,24.0,24°C,0.195,0.805,0.19,0.2,0.010000000000000009,47.03,903.6174,True,True,0x0a048a30b641b0d9b9ea6068e1bd2bd1ec7990da27535c84f5b246e98fd1af62
2026-09-05T01:26:41.923344+00:00,shanghai|2026_09_06|lowest_temperature|c|zspd,962713,4206750,Shanghai,ZSPD,NOAA_NWS,2026-09-06,lowest_temperature,C,exact,25.0,25.0,25.0,25°C,0.49,0.51,0.48,0.5,0.020000000000000018,114.75093199999999,5149.8477,True,True,0xd9f5592c7b3f677f493570cc1914272cbe39e3fcc88111e40bee3a295b3ba083
2026-09-05T01:26:41.923470+00:00,shanghai|2026_09_06|lowest_temperature|c|zspd,962713,4206751,Shanghai,ZSPD,NOAA_NWS,2026-09-06,lowest_temperature,C,exact,26.0,26.0,26.0,26°C,0.18,0.82,0.06,0.3,0.24,,737.9961,True,True,0xb9d5acae183cf50f5efa0e1403d17d9b6c159d67f67afc349a7243a64f0df590
2026-09-05T01:26:41.923579+00:00,shanghai|2026_09_06|lowest_temperature|c|zspd,962713,4206752,Shanghai,ZSPD,NOAA_NWS,2026-09-06,lowest_temperature,C,exact,27.0,27.0,27.0,27°C,0.085,0.915,0.03,0.14,0.11000000000000001,38.7367,765.6191,True,True,0xf89273302b2b54797426151786bbf03744f92c8b96b06622142afe6916d07930
2026-09-05T01:26:41.923687+00:00,shanghai|2026_09_06|lowest_temperature|c|zspd,962713,4206753,Shanghai,ZSPD,NOAA_NWS,2026-09-06,lowest_temperature,C,exact,28.0,28.0,28.0,28°C,0.03,0.97,,0.06,,,481.7091,True,True,0xe90de8ae17c74ad7150b4c287524ad7ec4b8f4f97eb2bd7014f2662700aac8fd
2026-09-05T01:26:41.923792+00:00,shanghai|2026_09_06|lowest_temperature|c|zspd,962713,4206754,Shanghai,ZSPD,NOAA_NWS,2026-09-06,lowest_temperature,C,exact,29.0,29.0,29.0,29°C,0.0025,0.9975,0.001,0.004,0.003,1032.0,2262.5257,True,True,0xcedea1a90808f8973ca078c97ba01a6ba79e4d8cccabc7b47e439bd309c5b929
2026-09-05T01:26:41.923901+00:00,shanghai|2026_09_06|lowest_temperature|c|zspd,962713,4206755,Shanghai,ZSPD,NOAA_NWS,2026-09-06,lowest_temperature,C,or_higher,30.0,30.0,,30°C or higher,0.0025,0.9975,0.001,0.004,0.003,,2202.309,True,True,0x79c03960e0ab75705ca2f24e7ed9c4fb2d3218f6935d1b99519658f389ff8ffb
2026-09-05T01:26:41.924011+00:00,singapore|2026_09_06|lowest_temperature|c|wsss,962714,4206756,Singapore,WSSS,NOAA_NWS,2026-09-06,lowest_temperature,C,or_lower,22.0,,22.0,22°C or below,0.265,0.735,,0.53,,,94.83,True,True,0x9ba3a43d342958166acdf58706c750aaea5d192c80f7afe308d9ed54c858dd5f
2026-09-05T01:26:41.924118+00:00,singapore|2026_09_06|lowest_temperature|c|wsss,962714,4206757,Singapore,WSSS,NOAA_NWS,2026-09-06,lowest_temperature,C,exact,23.0,23.0,23.0,23°C,0.07,0.93,,0.14,,,223.6319,True,True,0xb7356d2145f56b03e1fd434e97cbd23dec3880869aebbc7afaa68422834a90fb
2026-09-05T01:26:41.924223+00:00,singapore|2026_09_06|lowest_temperature|c|wsss,962714,4206758,Singapore,WSSS,NOAA_NWS,2026-09-06,lowest_temperature,C,exact,24.0,24.0,24.0,24°C,0.085,0.915,,0.17,,,219.391,True,True,0xadf053176155ac769ea5087f6db1069abb990ca82951cb458921a00c3a1d6ad1
2026-09-05T01:26:41.924327+00:00,singapore|2026_09_06|lowest_temperature|c|wsss,962714,4206759,Singapore,WSSS,NOAA_NWS,2026-09-06,lowest_temperature,C,exact,25.0,25.0,25.0,25°C,0.115,0.885,0.03,0.2,0.17,,184.6675,True,True,0xeba05e86fd9397dba41d9c1784750b0c8a2b6760ce9add1c430b70b1cbbf31b3
2026-09-05T01:26:41.924457+00:00,singapore|2026_09_06|lowest_temperature|c|wsss,962714,4206760,Singapore,WSSS,NOAA_NWS,2026-09-06,lowest_temperature,C,exact,26.0,26.0,26.0,26°C,0.255,0.745,0.03,0.48,0.44999999999999996,,183.1569,True,True,0xfe6b036f9072645e4b47cecfe866b8c9d0235ca3a843db2dfbbcea27918ef032
2026-09-05T01:26:41.924571+00:00,singapore|2026_09_06|lowest_temperature|c|wsss,962714,4206761,Singapore,WSSS,NOAA_NWS,2026-09-06,lowest_temperature,C,exact,27.0,27.0,27.0,27°C,0.315,0.685,0.13,0.5,0.37,,189.0984,True,True,0xe1e8cc35b39445f9e438f72d3566670fbd8f1dfcd16502bdd810a45bc8c12059
2026-09-05T01:26:41.924677+00:00,singapore|2026_09_06|lowest_temperature|c|wsss,962714,4206762,Singapore,WSSS,NOAA_NWS,2026-09-06,lowest_temperature,C,exact,28.0,28.0,28.0,28°C,0.365,0.635,0.23,0.5,0.27,2.0,166.4709,True,True,0x6d538dec001eb510159dc1747cc5827c63f45819e84a76b8e7274491497fb821
2026-09-05T01:26:41.924784+00:00,singapore|2026_09_06|lowest_temperature|c|wsss,962714,4206763,Singapore,WSSS,NOAA_NWS,2026-09-06,lowest_temperature,C,exact,29.0,29.0,29.0,29°C,0.045,0.955,,0.09,,,180.7943,True,True,0x8645a9d97a4a79d77de366c33f7bdd5d23ba02eaef8b85a6ca77584da733865d
2026-09-05T01:26:41.924889+00:00,singapore|2026_09_06|lowest_temperature|c|wsss,962714,4206764,Singapore,WSSS,NOAA_NWS,2026-09-06,lowest_temperature,C,exact,30.0,30.0,30.0,30°C,0.015,0.985,,0.03,,,180.9272,True,True,0x86d4855687a465103d5ed1c523f4e90dbae8a64ff22e2018197f60ab07cb27df
2026-09-05T01:26:41.924998+00:00,singapore|2026_09_06|lowest_temperature|c|wsss,962714,4206765,Singapore,WSSS,NOAA_NWS,2026-09-06,lowest_temperature,C,exact,31.0,31.0,31.0,31°C,0.01,0.99,,0.02,,,191.5553,True,True,0xbd7629c56b46644563a319b8960c5c4a0277fae376211e6cf5d1078df1f38a65
2026-09-05T01:26:41.925101+00:00,singapore|2026_09_06|lowest_temperature|c|wsss,962714,4206766,Singapore,WSSS,NOAA_NWS,2026-09-06,lowest_temperature,C,or_higher,32.0,32.0,,32°C or higher,0.265,0.735,,0.53,,,106.85,True,True,0xd49862fdfaa6ec1d872d6da3873778c430f5bd85070b111932c56f122f79319a
2026-09-05T01:26:41.925213+00:00,milan|2026_09_06|lowest_temperature|c|limc,962715,4206767,Milan,LIMC,NOAA_NWS,2026-09-06,lowest_temperature,C,or_lower,18.0,,18.0,18°C or below,0.395,0.605,,0.79,,,142.88,True,True,0x33100c64e3715f2ba92a43709c5038373a0c373faa13bd53c25dc99466f8d75b
2026-09-05T01:26:41.925322+00:00,milan|2026_09_06|lowest_temperature|c|limc,962715,4206768,Milan,LIMC,NOAA_NWS,2026-09-06,lowest_temperature,C,exact,19.0,19.0,19.0,19°C,0.31,0.69,0.12,0.5,0.38,2.12765,281.6675,True,True,0x9683f786c6997d5409a67666c8bcdf167be53c323ecfc76e8568ef0659226d6a
2026-09-05T01:26:41.925445+00:00,milan|2026_09_06|lowest_temperature|c|limc,962715,4206769,Milan,LIMC,NOAA_NWS,2026-09-06,lowest_temperature,C,exact,20.0,20.0,20.0,20°C,0.325,0.675,0.15,0.5,0.35,,215.358,True,True,0x9895ddaeef2291957a302fc35523b5f3aae8cd525a3fdba90e4bb0cdd3f4aa55
2026-09-05T01:26:41.925551+00:00,milan|2026_09_06|lowest_temperature|c|limc,962715,4206770,Milan,LIMC,NOAA_NWS,2026-09-06,lowest_temperature,C,exact,21.0,21.0,21.0,21°C,0.315,0.685,0.13,0.5,0.37,,257.3178,True,True,0xcb60b54c2c3de5b39187d37878346dedfc3ca5c104a2a9ce962f3cddbc95d81e
2026-09-05T01:26:41.925653+00:00,milan|2026_09_06|lowest_temperature|c|limc,962715,4206771,Milan,LIMC,NOAA_NWS,2026-09-06,lowest_temperature,C,exact,22.0,22.0,22.0,22°C,0.245,0.755,,0.49,,,251.4278,True,True,0x16f0ea64fd63a0037b10dcfe59c5f02e615f671e9a78504d9aaf84ba0f9aa00f
2026-09-05T01:26:41.925755+00:00,milan|2026_09_06|lowest_temperature|c|limc,962715,4206772,Milan,LIMC,NOAA_NWS,2026-09-06,lowest_temperature,C,exact,23.0,23.0,23.0,23°C,0.245,0.755,,0.49,,,294.5678,True,True,0xb331671631ad3f4e1a057ca428b29e7f3c780e695dd50cc1e1522eb5a38c7668
2026-09-05T01:26:41.925856+00:00,milan|2026_09_06|lowest_temperature|c|limc,962715,4206773,Milan,LIMC,NOAA_NWS,2026-09-06,lowest_temperature,C,exact,24.0,24.0,24.0,24°C,0.01,0.99,,0.02,,,278.9561,True,True,0x32f7c9430f1289b37d75c4a6e496f8c4ebc3f769d03d6f309ba618ed8413e20f
2026-09-05T01:26:41.925962+00:00,milan|2026_09_06|lowest_temperature|c|limc,962715,4206774,Milan,LIMC,NOAA_NWS,2026-09-06,lowest_temperature,C,exact,25.0,25.0,25.0,25°C,0.015,0.985,,0.03,,,324.406,True,True,0x493b1a07425ace9295c9220e5172fec3af7c84c8968deabd30f38272e17df376
2026-09-05T01:26:41.926066+00:00,milan|2026_09_06|lowest_temperature|c|limc,962715,4206775,Milan,LIMC,NOAA_NWS,2026-09-06,lowest_temperature,C,exact,26.0,26.0,26.0,26°C,0.015,0.985,,0.03,,,283.1272,True,True,0x29cc956b88d834f31aa8518365f56ded1e8efb423fca559a3bc1ef6c1da3fa60
2026-09-05T01:26:41.926168+00:00,milan|2026_09_06|lowest_temperature|c|limc,962715,4206776,Milan,LIMC,NOAA_NWS,2026-09-06,lowest_temperature,C,exact,27.0,27.0,27.0,27°C,0.015,0.985,,0.03,,,362.9008,True,True,0x7d7e1768d375d9b8f08e249637d585608ea9aaa205baaf5b1e9a181f78dd6923
2026-09-05T01:26:41.926272+00:00,milan|2026_09_06|lowest_temperature|c|limc,962715,4206777,Milan,LIMC,NOAA_NWS,2026-09-06,lowest_temperature,C,or_higher,28.0,28.0,,28°C or higher,0.295,0.705,,0.59,,,117.91,True,True,0xa5572a1ebd6f261006344a1e6139b7299e4dd45547b04693431c5695e1d878a6
2026-09-05T01:26:41.926398+00:00,madrid|2026_09_06|lowest_temperature|c|lemd,962716,4206778,Madrid,LEMD,NOAA_NWS,2026-09-06,lowest_temperature,C,or_lower,21.0,,21.0,21°C or below,0.485,0.515,0.1,0.87,0.77,,38.7,True,True,0x69456f28d069337e110a06f4efebfb8477cd4c0f4be5de1a8e37cbf0af8fec4e
2026-09-05T01:26:41.926510+00:00,madrid|2026_09_06|lowest_temperature|c|lemd,962716,4206779,Madrid,LEMD,NOAA_NWS,2026-09-06,lowest_temperature,C,exact,22.0,22.0,22.0,22°C,0.265,0.735,0.03,0.5,0.47,,165.4961,True,True,0x3d2f6a737f79ff780dca170f1bd226cb8f983a11e5cddfd6272502f55d110cff
2026-09-05T01:26:41.926614+00:00,madrid|2026_09_06|lowest_temperature|c|lemd,962716,4206780,Madrid,LEMD,NOAA_NWS,2026-09-06,lowest_temperature,C,exact,23.0,23.0,23.0,23°C,0.275,0.725,0.05,0.5,0.45,,168.5659,True,True,0xac9e7a53d73afc8c7cb5ffd8f291d20cc1e333e998d2ac31a667c6884020280a
2026-09-05T01:26:41.926717+00:00,madrid|2026_09_06|lowest_temperature|c|lemd,962716,4206781,Madrid,LEMD,NOAA_NWS,2026-09-06,lowest_temperature,C,exact,24.0,24.0,24.0,24°C,0.135,0.865,0.07,0.2,0.13,,186.4659,True,True,0x2644ac0ec0425ce37471ed26f59b2d5db645329bb5ae13cb3f3867eceea89823
2026-09-05T01:26:41.926820+00:00,madrid|2026_09_06|lowest_temperature|c|lemd,962716,4206782,Madrid,LEMD,NOAA_NWS,2026-09-06,lowest_temperature,C,exact,25.0,25.0,25.0,25°C,0.075,0.925,,0.15,,,169.4861,True,True,0xcc2b19143667ab65b07f80849b1f063cbce7709ef17711be9fd022046e3eaeee
2026-09-05T01:26:41.926927+00:00,madrid|2026_09_06|lowest_temperature|c|lemd,962716,4206783,Madrid,LEMD,NOAA_NWS,2026-09-06,lowest_temperature,C,exact,26.0,26.0,26.0,26°C,0.01,0.99,,0.02,,,191.6461,True,True,0x8afaa9a4546385063bbeeedfe94321d7d78302c5d9149bdd5e1a74d4e35dbad1
2026-09-05T01:26:41.927034+00:00,madrid|2026_09_06|lowest_temperature|c|lemd,962716,4206784,Madrid,LEMD,NOAA_NWS,2026-09-06,lowest_temperature,C,exact,27.0,27.0,27.0,27°C,0.075,0.925,,0.15,,,174.0661,True,True,0xa23303547ef47c4e2a6e227677b9ba1e9700a00593260cd0a805c49524a77971
2026-09-05T01:26:41.927137+00:00,madrid|2026_09_06|lowest_temperature|c|lemd,962716,4206785,Madrid,LEMD,NOAA_NWS,2026-09-06,lowest_temperature,C,exact,28.0,28.0,28.0,28°C,0.035,0.965,,0.07,,,177.8569,True,True,0xc7935d099e766c121e47abc502b02a54705e387c1080d244adf9cbbdd47a5d0c
2026-09-05T01:26:41.927241+00:00,madrid|2026_09_06|lowest_temperature|c|lemd,962716,4206786,Madrid,LEMD,NOAA_NWS,2026-09-06,lowest_temperature,C,exact,29.0,29.0,29.0,29°C,0.035,0.965,,0.07,,,179.1217,True,True,0x05b9a35a9f8206d7d40141782b7a2dbb8baf77ab9e6e48b477f88cfcd089720d
2026-09-05T01:26:41.927344+00:00,madrid|2026_09_06|lowest_temperature|c|lemd,962716,4206787,Madrid,LEMD,NOAA_NWS,2026-09-06,lowest_temperature,C,exact,30.0,30.0,30.0,30°C,0.035,0.965,,0.07,,,177.9217,True,True,0xb5b0a3cf947872fe7f0450933452e455161c4857e7f5dcf99f975d6b68b95f25
2026-09-05T01:26:41.927468+00:00,madrid|2026_09_06|lowest_temperature|c|lemd,962716,4206788,Madrid,LEMD,NOAA_NWS,2026-09-06,lowest_temperature,C,or_higher,31.0,31.0,,31°C or higher,0.235,0.765,,0.47,,,14.35,True,True,0xaa5f682c404d2f5010040f57cb71bb63407f822b68e1ca0df4e8e3abc1be9a22
2026-09-05T01:26:41.927577+00:00,warsaw|2026_09_06|lowest_temperature|c|epwa,962717,4206789,Warsaw,EPWA,NOAA_NWS,2026-09-06,lowest_temperature,C,or_lower,8.0,,8.0,8°C or below,0.245,0.755,,0.49,,3.0,43.75,True,True,0x03ef0716bb7c1db461a178a29c63cca0015b15789bd6070be905fb304a0997cf
2026-09-05T01:26:41.927690+00:00,warsaw|2026_09_06|lowest_temperature|c|epwa,962717,4206790,Warsaw,EPWA,NOAA_NWS,2026-09-06,lowest_temperature,C,exact,9.0,9.0,9.0,9°C,0.035,0.965,,0.07,,,245.2581,True,True,0x94df07df0226aff28b2cd20359cee5aaccbb4f21bf1fef99ed3e7d2fc0cdb75e
2026-09-05T01:26:41.927793+00:00,warsaw|2026_09_06|lowest_temperature|c|epwa,962717,4206791,Warsaw,EPWA,NOAA_NWS,2026-09-06,lowest_temperature,C,exact,10.0,10.0,10.0,10°C,0.29,0.71,0.09,0.49,0.4,2.083325,261.8059,True,True,0xc3f60484adea1a1e2eb8c46163f671bd875307713ebb9d7a2ee4c46bf8154e07
2026-09-05T01:26:41.927897+00:00,warsaw|2026_09_06|lowest_temperature|c|epwa,962717,4206792,Warsaw,EPWA,NOAA_NWS,2026-09-06,lowest_temperature,C,exact,11.0,11.0,11.0,11°C,0.36,0.64,0.22,0.5,0.28,,215.7138,True,True,0x7baea3784d747d8180a0aed577498d864e36d363cc31306e7344604123eadc48
2026-09-05T01:26:41.928006+00:00,warsaw|2026_09_06|lowest_temperature|c|epwa,962717,4206793,Warsaw,EPWA,NOAA_NWS,2026-09-06,lowest_temperature,C,exact,12.0,12.0,12.0,12°C,0.335,0.665,0.17,0.5,0.32999999999999996,,222.955,True,True,0xa0304929ad9a0e6fffe1404d5e44812f0c5119b0e0adf412d037f0565199097e
2026-09-05T01:26:41.928110+00:00,warsaw|2026_09_06|lowest_temperature|c|epwa,962717,4206794,Warsaw,EPWA,NOAA_NWS,2026-09-06,lowest_temperature,C,exact,13.0,13.0,13.0,13°C,0.27,0.73,0.09,0.45,0.36,2.941175,274.0559,True,True,0xbeb7247d9f372f05011ab7c189591ab4f7f4e4c15c2cb2cf7f0a71d40936d58c
2026-09-05T01:26:41.928214+00:00,warsaw|2026_09_06|lowest_temperature|c|epwa,962717,4206795,Warsaw,EPWA,NOAA_NWS,2026-09-06,lowest_temperature,C,exact,14.0,14.0,14.0,14°C,0.075,0.925,,0.15,,,234.3461,True,True,0xaf937cb4ca0954b010603ba57035fd3a4b23e2d5597b36da9903aa6174d74fd0
2026-09-05T01:26:41.928316+00:00,warsaw|2026_09_06|lowest_temperature|c|epwa,962717,4206796,Warsaw,EPWA,NOAA_NWS,2026-09-06,lowest_temperature,C,exact,15.0,15.0,15.0,15°C,0.03,0.97,,0.06,,,239.9403,True,True,0x414fe88532e4d6ef6e2bd8af62539386c4f6d4a8b1e577f51e66b05b2b0c46dd
2026-09-05T01:26:41.928438+00:00,warsaw|2026_09_06|lowest_temperature|c|epwa,962717,4206797,Warsaw,EPWA,NOAA_NWS,2026-09-06,lowest_temperature,C,exact,16.0,16.0,16.0,16°C,0.01,0.99,,0.02,,,254.0509,True,True,0xfc40eb25e23bdd538dfc68041be66ad0aaf93afaf93ee1ac231ebe3f4ecb516e
2026-09-05T01:26:41.928545+00:00,warsaw|2026_09_06|lowest_temperature|c|epwa,962717,4206798,Warsaw,EPWA,NOAA_NWS,2026-09-06,lowest_temperature,C,exact,17.0,17.0,17.0,17°C,0.015,0.985,,0.03,,,295.7928,True,True,0x42c496947a32c413d053ed2b07009ce1cf9cdec43e3895df6f3266fc29978d54
2026-09-05T01:26:41.928652+00:00,warsaw|2026_09_06|lowest_temperature|c|epwa,962717,4206799,Warsaw,EPWA,NOAA_NWS,2026-09-06,lowest_temperature,C,or_higher,18.0,18.0,,18°C or higher,0.245,0.755,,0.49,,,45.28,True,True,0x1f32f674cf3d001c061ba86addcdc52d21895c32e3379aebe184a1b4d3cb3491
2026-09-05T01:26:41.928761+00:00,taipei|2026_09_06|lowest_temperature|c|unknown,962718,4206800,Taipei,,WEATHER_UNDERGROUND,2026-09-06,lowest_temperature,C,or_lower,20.0,,20.0,20°C or below,0.07,0.93,,0.14,,,60.8168,True,True,0x843374adab9e02cb64ad4c8faf88276d9f3053e94d37e5aa749968cba0305518
2026-09-05T01:26:41.928868+00:00,taipei|2026_09_06|lowest_temperature|c|unknown,962718,4206801,Taipei,,WEATHER_UNDERGROUND,2026-09-06,lowest_temperature,C,exact,21.0,21.0,21.0,21°C,0.245,0.755,,0.49,,12.0,148.3678,True,True,0x7e8a4e05b6d6d1152fcbf06327863a776e745ff7b7509b8952d56caab2ed92f0
2026-09-05T01:26:41.928973+00:00,taipei|2026_09_06|lowest_temperature|c|unknown,962718,4206802,Taipei,,WEATHER_UNDERGROUND,2026-09-06,lowest_temperature,C,exact,22.0,22.0,22.0,22°C,0.245,0.755,,0.49,,,147.3978,True,True,0xfffe962741796e3e0e037b96104d7eb7953aed0645ff000029df2fefdad9df6c
2026-09-05T01:26:41.929075+00:00,taipei|2026_09_06|lowest_temperature|c|unknown,962718,4206803,Taipei,,WEATHER_UNDERGROUND,2026-09-06,lowest_temperature,C,exact,23.0,23.0,23.0,23°C,0.255,0.745,0.02,0.49,0.47,,152.6478,True,True,0xc0b8d217e6ef706a46369d0016777b7fc4de3173ca1732a317735c58d1fa175c
2026-09-05T01:26:41.929184+00:00,taipei|2026_09_06|lowest_temperature|c|unknown,962718,4206804,Taipei,,WEATHER_UNDERGROUND,2026-09-06,lowest_temperature,C,exact,24.0,24.0,24.0,24°C,0.27,0.73,0.05,0.49,0.44,,162.4878,True,True,0x293faad2fccb30ec4ccd725f91252c637474fc21d7eedc590d3f4c433ae055dd
2026-09-05T01:26:41.929293+00:00,taipei|2026_09_06|lowest_temperature|c|unknown,962718,4206805,Taipei,,WEATHER_UNDERGROUND,2026-09-06,lowest_temperature,C,exact,25.0,25.0,25.0,25°C,0.33,0.67,0.16,0.5,0.33999999999999997,,205.9122,True,True,0x8cf52f8faba46b9a68edab172dd86f0628ee9a9d07d61039457945ec4079f0f2
2026-09-05T01:26:41.929415+00:00,taipei|2026_09_06|lowest_temperature|c|unknown,962718,4206806,Taipei,,WEATHER_UNDERGROUND,2026-09-06,lowest_temperature,C,exact,26.0,26.0,26.0,26°C,0.28,0.72,0.06,0.5,0.44,,207.7061,True,True,0xd2c57c63c2609718a72061712a958bd53ff808fe3f5bda320921d250c6b5aa40
2026-09-05T01:26:41.929520+00:00,taipei|2026_09_06|lowest_temperature|c|unknown,962718,4206807,Taipei,,WEATHER_UNDERGROUND,2026-09-06,lowest_temperature,C,exact,27.0,27.0,27.0,27°C,0.245,0.755,,0.49,,,147.3978,True,True,0x9961bc440d7b133c2c1d673ee5aaa73ffa87c1bbd3c8721c48bf30f5917f0798
2026-09-05T01:26:41.929623+00:00,taipei|2026_09_06|lowest_temperature|c|unknown,962718,4206808,Taipei,,WEATHER_UNDERGROUND,2026-09-06,lowest_temperature,C,exact,28.0,28.0,28.0,28°C,0.04,0.96,,0.08,,,162.462,True,True,0xb1accfb47e99a1f3a75afd024ca96f91919bbc7201402ad12c8a5160cd567517
2026-09-05T01:26:41.929729+00:00,taipei|2026_09_06|lowest_temperature|c|unknown,962718,4206809,Taipei,,WEATHER_UNDERGROUND,2026-09-06,lowest_temperature,C,exact,29.0,29.0,29.0,29°C,0.01,0.99,,0.02,,,162.5409,True,True,0x66ef2392c8129f675646042bdacd61faf0c0446a6ab300e02d1cfc9f704744a5
2026-09-05T01:26:41.929833+00:00,taipei|2026_09_06|lowest_temperature|c|unknown,962718,4206810,Taipei,,WEATHER_UNDERGROUND,2026-09-06,lowest_temperature,C,or_higher,30.0,30.0,,30°C or higher,0.07,0.93,,0.14,,,55.7968,True,True,0x511ad624ba5236413ebd8fe05829cb7d19326f84bc281e05d6aeca90bcfb0c82
2026-09-05T01:26:41.929959+00:00,chongqing|2026_09_06|lowest_temperature|c|zuck,962719,4206811,Chongqing,ZUCK,NOAA_NWS,2026-09-06,lowest_temperature,C,or_lower,21.0,,21.0,21°C or below,0.25,0.75,,0.5,,,89.55,True,True,0xb15d2b287b621ba80e5f8426c0e41cccaa4c020ac5ac2a09c31d315fafc4781b
2026-09-05T01:26:41.930075+00:00,chongqing|2026_09_06|lowest_temperature|c|zuck,962719,4206812,Chongqing,ZUCK,NOAA_NWS,2026-09-06,lowest_temperature,C,exact,22.0,22.0,22.0,22°C,0.245,0.755,,0.49,,,143.8978,True,True,0x67b78d04cca65de05278a1bcacf35a42178b6a7fa47d5b39d20bd8fb4870b73a
2026-09-05T01:26:41.930185+00:00,chongqing|2026_09_06|lowest_temperature|c|zuck,962719,4206813,Chongqing,ZUCK,NOAA_NWS,2026-09-06,lowest_temperature,C,exact,23.0,23.0,23.0,23°C,0.245,0.755,,0.49,,,143.8978,True,True,0x528c6354300ed7169d30eb704605405d197235390208cf97255f431849e4c4f1
2026-09-05T01:26:41.930289+00:00,chongqing|2026_09_06|lowest_temperature|c|zuck,962719,4206814,Chongqing,ZUCK,NOAA_NWS,2026-09-06,lowest_temperature,C,exact,24.0,24.0,24.0,24°C,0.26,0.74,0.03,0.49,0.45999999999999996,,149.8578,True,True,0x8f8b5c89af8acf0c617ad8264f89ad0301a5fa4d2dcab69bfbd925ed90ca1a6f
2026-09-05T01:26:41.930411+00:00,chongqing|2026_09_06|lowest_temperature|c|zuck,962719,4206815,Chongqing,ZUCK,NOAA_NWS,2026-09-06,lowest_temperature,C,exact,25.0,25.0,25.0,25°C,0.28,0.72,0.06,0.5,0.44,,191.7161,True,True,0xd2fad84001b038530e3f3596f888977ab95eebe8e6086e8ca55ffe87821f4531
2026-09-05T01:26:41.930518+00:00,chongqing|2026_09_06|lowest_temperature|c|zuck,962719,4206816,Chongqing,ZUCK,NOAA_NWS,2026-09-06,lowest_temperature,C,exact,26.0,26.0,26.0,26°C,0.37,0.63,0.24,0.5,0.26,,143.7543,True,True,0xfdb55d2c094e496f069a13e1fd4c5adf2f4a03a34638cb4a0aed18d17bf1e262
2026-09-05T01:26:41.930622+00:00,chongqing|2026_09_06|lowest_temperature|c|zuck,962719,4206817,Chongqing,ZUCK,NOAA_NWS,2026-09-06,lowest_temperature,C,exact,27.0,27.0,27.0,27°C,0.245,0.755,,0.49,,,143.8978,True,True,0xe4779b6435df39d1cb0b667daf14ba554cbdab517cac8e5e5e2fce72ad2f35a5
2026-09-05T01:26:41.930748+00:00,chongqing|2026_09_06|lowest_temperature|c|zuck,962719,4206818,Chongqing,ZUCK,NOAA_NWS,2026-09-06,lowest_temperature,C,exact,28.0,28.0,28.0,28°C,0.245,0.755,,0.49,,,143.8978,True,True,0x5ee6c8a75817ce1249c1dba7e512fbada6f09356f7b6cc0d0e98b0f7d3089b06
2026-09-05T01:26:41.930858+00:00,chongqing|2026_09_06|lowest_temperature|c|zuck,962719,4206819,Chongqing,ZUCK,NOAA_NWS,2026-09-06,lowest_temperature,C,exact,29.0,29.0,29.0,29°C,0.245,0.755,,0.49,,,143.8978,True,True,0x588097dc799b1faeb25eec235dc47007c52189d403afb33e6273ac1a552fe261
2026-09-05T01:26:41.930972+00:00,chongqing|2026_09_06|lowest_temperature|c|zuck,962719,4206820,Chongqing,ZUCK,NOAA_NWS,2026-09-06,lowest_temperature,C,exact,30.0,30.0,30.0,30°C,0.01,0.99,,0.02,,,159.0409,True,True,0x03ea230dbbd4da428c20c6f7ec09a6f3b127b7c95df83a61016f83cd94ccfe59
2026-09-05T01:26:41.931078+00:00,chongqing|2026_09_06|lowest_temperature|c|zuck,962719,4206821,Chongqing,ZUCK,NOAA_NWS,2026-09-06,lowest_temperature,C,or_higher,31.0,31.0,,31°C or higher,0.215,0.785,,0.43,,,80.4308,True,True,0x12f7b6f56c3f72e87d8d87917d447e65d6d836d35ff3c71f94864703fda4c8a0
2026-09-05T01:26:41.931193+00:00,beijing|2026_09_06|lowest_temperature|c|zbaa,962720,4206822,Beijing,ZBAA,NOAA_NWS,2026-09-06,lowest_temperature,C,or_lower,14.0,,14.0,14°C or below,0.04,0.96,,0.08,,,94.148,True,True,0xab7a69c88e41975b1bcaf4a8d4b164935fa59a712a28b5c78d8d6f077a6424b4
2026-09-05T01:26:41.931302+00:00,beijing|2026_09_06|lowest_temperature|c|zbaa,962720,4206823,Beijing,ZBAA,NOAA_NWS,2026-09-06,lowest_temperature,C,exact,15.0,15.0,15.0,15°C,0.035,0.965,,0.07,,,238.5869,True,True,0x99854f5e4b653ce4a3d3b750626ca28c1bf94f078e9252108d9e1f7e078ab0ca
2026-09-05T01:26:41.931428+00:00,beijing|2026_09_06|lowest_temperature|c|zbaa,962720,4206824,Beijing,ZBAA,NOAA_NWS,2026-09-06,lowest_temperature,C,exact,16.0,16.0,16.0,16°C,0.09,0.91,,0.18,,,210.6776,True,True,0x6a9ba6342cb45061a18fe0329ec9f42b3eeac36ae56e76676d218396f810bf7c
2026-09-05T01:26:41.931539+00:00,beijing|2026_09_06|lowest_temperature|c|zbaa,962720,4206825,Beijing,ZBAA,NOAA_NWS,2026-09-06,lowest_temperature,C,exact,17.0,17.0,17.0,17°C,0.26,0.74,0.03,0.49,0.45999999999999996,,214.7861,True,True,0xbba01ba503e0abc9003d0920ff366024bce119fab788debe09c283d9136eea4f
2026-09-05T01:26:41.931643+00:00,beijing|2026_09_06|lowest_temperature|c|zbaa,962720,4206826,Beijing,ZBAA,NOAA_NWS,2026-09-06,lowest_temperature,C,exact,18.0,18.0,18.0,18°C,0.3,0.7,0.1,0.5,0.4,63.960831,202.295,True,True,0x94935310bc1824f4c6b67d89b9300ef0457c6243658cf2d2e99ccb9f9c455a5c
2026-09-05T01:26:41.931745+00:00,beijing|2026_09_06|lowest_temperature|c|zbaa,962720,4206827,Beijing,ZBAA,NOAA_NWS,2026-09-06,lowest_temperature,C,exact,19.0,19.0,19.0,19°C,0.355,0.645,0.21,0.5,0.29000000000000004,,168.8557,True,True,0x6d37b851033b6604673220ee5a23e40f5ebe3f8840b686d996c13d475fb322ec
2026-09-05T01:26:41.931847+00:00,beijing|2026_09_06|lowest_temperature|c|zbaa,962720,4206828,Beijing,ZBAA,NOAA_NWS,2026-09-06,lowest_temperature,C,exact,20.0,20.0,20.0,20°C,0.245,0.755,,0.49,,,175.3278,True,True,0xb31020328e86a232778b3dfe55ede3138f39f60d34b5e5aa3ccae4696a46aec1
2026-09-05T01:26:41.931950+00:00,beijing|2026_09_06|lowest_temperature|c|zbaa,962720,4206829,Beijing,ZBAA,NOAA_NWS,2026-09-06,lowest_temperature,C,exact,21.0,21.0,21.0,21°C,0.28,0.72,0.08,0.48,0.39999999999999997,,204.6567,True,True,0x324e958416f840d500f536386fb5e428f6af235501b7ebe0888161b1398eff80
2026-09-05T01:26:41.932052+00:00,beijing|2026_09_06|lowest_temperature|c|zbaa,962720,4206830,Beijing,ZBAA,NOAA_NWS,2026-09-06,lowest_temperature,C,exact,22.0,22.0,22.0,22°C,0.245,0.755,,0.49,,,173.4078,True,True,0x2614ec8631864bb1faf669cf0cd4b9ac4e00a257800e1b3f8a6a994c905cd397
2026-09-05T01:26:41.932154+00:00,beijing|2026_09_06|lowest_temperature|c|zbaa,962720,4206831,Beijing,ZBAA,NOAA_NWS,2026-09-06,lowest_temperature,C,exact,23.0,23.0,23.0,23°C,0.01,0.99,,0.02,,,244.7409,True,True,0xdb6c3392615b1f46fa0dacab593bd663dc8d2825ce0f51d860bcd9038894aaa9
2026-09-05T01:26:41.932255+00:00,beijing|2026_09_06|lowest_temperature|c|zbaa,962720,4206832,Beijing,ZBAA,NOAA_NWS,2026-09-06,lowest_temperature,C,or_higher,24.0,24.0,,24°C or higher,0.275,0.725,,0.55,,,114.51,True,True,0xad4ed1e8144ac0b5a8f9231234055fee33f402b292ccf56d4e5e28451e3fb67a
2026-09-05T01:26:41.932389+00:00,wuhan|2026_09_06|lowest_temperature|c|zhhh,962721,4206833,Wuhan,ZHHH,NOAA_NWS,2026-09-06,lowest_temperature,C,or_lower,16.0,,16.0,16°C or below,0.345,0.655,,0.69,,,102.52,True,True,0x1ef18276a3cd1563a7b6457b42b1f15fc4e0ea58bf446b73471bc9c80f43039e
2026-09-05T01:26:41.932502+00:00,wuhan|2026_09_06|lowest_temperature|c|zhhh,962721,4206834,Wuhan,ZHHH,NOAA_NWS,2026-09-06,lowest_temperature,C,exact,17.0,17.0,17.0,17°C,0.07,0.93,,0.14,,,248.0771,True,True,0xf037bc2b4e6ff7d2c1b89bd9efd02b1ab570e7ea21e2192fc079f968bbf32070
2026-09-05T01:26:41.932604+00:00,wuhan|2026_09_06|lowest_temperature|c|zhhh,962721,4206835,Wuhan,ZHHH,NOAA_NWS,2026-09-06,lowest_temperature,C,exact,18.0,18.0,18.0,18°C,0.045,0.955,,0.09,,,209.9918,True,True,0xfa8904b3d353bd21d7513d4bb2cce4ce3a83d25d786f60856ae5630a8bf65862
2026-09-05T01:26:41.932707+00:00,wuhan|2026_09_06|lowest_temperature|c|zhhh,962721,4206836,Wuhan,ZHHH,NOAA_NWS,2026-09-06,lowest_temperature,C,exact,19.0,19.0,19.0,19°C,0.245,0.755,,0.49,,,205.7778,True,True,0x596450bb5aa8b7c73afb3033c84224f7d6376971c39779b6e7d27911885358e5
2026-09-05T01:26:41.932809+00:00,wuhan|2026_09_06|lowest_temperature|c|zhhh,962721,4206837,Wuhan,ZHHH,NOAA_NWS,2026-09-06,lowest_temperature,C,exact,20.0,20.0,20.0,20°C,0.33,0.67,0.16,0.5,0.33999999999999997,,220.19,True,True,0xc3f35c86ea971169b0dc6668cdb3f519ecb7bd085c0a3674ed323de85a524e5d
2026-09-05T01:26:41.932912+00:00,wuhan|2026_09_06|lowest_temperature|c|zhhh,962721,4206838,Wuhan,ZHHH,NOAA_NWS,2026-09-06,lowest_temperature,C,exact,21.0,21.0,21.0,21°C,0.33,0.67,0.16,0.5,0.33999999999999997,,200.7809,True,True,0x01f5d1f6b763d9492e1fe8048bfeff38d2175218562a29fb3c0cd41c5aa216ab
2026-09-05T01:26:41.933014+00:00,wuhan|2026_09_06|lowest_temperature|c|zhhh,962721,4206839,Wuhan,ZHHH,NOAA_NWS,2026-09-06,lowest_temperature,C,exact,22.0,22.0,22.0,22°C,0.26,0.74,0.03,0.49,0.45999999999999996,,214.0678,True,True,0xeb29b019bc766f4985c7b9e8ef074f02ac9b2d05776ec11a5de686819781ea2a
2026-09-05T01:26:41.933117+00:00,wuhan|2026_09_06|lowest_temperature|c|zhhh,962721,4206840,Wuhan,ZHHH,NOAA_NWS,2026-09-06,lowest_temperature,C,exact,23.0,23.0,23.0,23°C,0.245,0.755,,0.49,,,212.3278,True,True,0x39d8622292b84aeab18a8f0f7b7e8392e8dac004e04d14213ebea6c4cef88877
2026-09-05T01:26:41.933223+00:00,wuhan|2026_09_06|lowest_temperature|c|zhhh,962721,4206841,Wuhan,ZHHH,NOAA_NWS,2026-09-06,lowest_temperature,C,exact,24.0,24.0,24.0,24°C,0.245,0.755,,0.49,,,217.3078,True,True,0x71194b5f22ab4149c7af19fa8dff15e23494856aa748d75fb4b5aff498a167c3
2026-09-05T01:26:41.933327+00:00,wuhan|2026_09_06|lowest_temperature|c|zhhh,962721,4206842,Wuhan,ZHHH,NOAA_NWS,2026-09-06,lowest_temperature,C,exact,25.0,25.0,25.0,25°C,0.01,0.99,,0.02,,,270.5709,True,True,0xe055f928cde8fd51564188bb192437128f6aeb72d28f11e2a5ba85c37f4f1998
2026-09-05T01:26:41.933451+00:00,wuhan|2026_09_06|lowest_temperature|c|zhhh,962721,4206843,Wuhan,ZHHH,NOAA_NWS,2026-09-06,lowest_temperature,C,or_higher,26.0,26.0,,26°C or higher,0.335,0.665,,0.67,,,195.0,True,True,0xbb5392612644121f42f2bfd194f425c91f5d5e154dc343372d847b1e0bed01d9
2026-09-05T01:26:41.933567+00:00,chengdu|2026_09_06|lowest_temperature|c|zuuu,962722,4206844,Chengdu,ZUUU,NOAA_NWS,2026-09-06,lowest_temperature,C,or_lower,20.0,,20.0,20°C or below,0.2,0.8,,0.4,,,116.53,True,True,0xaa50a1216a6721806ae1f861d4d32625bab7cab34c9ddf29e7cffdf0f1270aa0
2026-09-05T01:26:41.933675+00:00,chengdu|2026_09_06|lowest_temperature|c|zuuu,962722,4206845,Chengdu,ZUUU,NOAA_NWS,2026-09-06,lowest_temperature,C,exact,21.0,21.0,21.0,21°C,0.245,0.755,,0.49,,,197.4478,True,True,0xa732c5aaae3c6b1d2f3fb52c6418512445440992cb5225f5beaa907903c88af0
2026-09-05T01:26:41.933778+00:00,chengdu|2026_09_06|lowest_temperature|c|zuuu,962722,4206846,Chengdu,ZUUU,NOAA_NWS,2026-09-06,lowest_temperature,C,exact,22.0,22.0,22.0,22°C,0.255,0.745,0.03,0.48,0.44999999999999996,,228.9569,True,True,0xf2b1472aca3170464f4c5b158dc9f826a120533de1e5d83b3615e45bb82a13c6
2026-09-05T01:26:41.933881+00:00,chengdu|2026_09_06|lowest_temperature|c|zuuu,962722,4206847,Chengdu,ZUUU,NOAA_NWS,2026-09-06,lowest_temperature,C,exact,23.0,23.0,23.0,23°C,0.275,0.725,0.06,0.49,0.43,,226.6061,True,True,0xb81785f4e4c2ad8e6c34258c80951f4bf468fc303c092144012af420baf07651
2026-09-05T01:26:41.933983+00:00,chengdu|2026_09_06|lowest_temperature|c|zuuu,962722,4206848,Chengdu,ZUUU,NOAA_NWS,2026-09-06,lowest_temperature,C,exact,24.0,24.0,24.0,24°C,0.365,0.635,0.23,0.5,0.27,,223.4997,True,True,0xb5bcfa2e326afd88331a0c5b46618fd3146734ad29b6cd365f5dc9255e2058b7
2026-09-05T01:26:41.934091+00:00,chengdu|2026_09_06|lowest_temperature|c|zuuu,962722,4206849,Chengdu,ZUUU,NOAA_NWS,2026-09-06,lowest_temperature,C,exact,25.0,25.0,25.0,25°C,0.245,0.755,,0.49,,,195.5578,True,True,0x95a77532adc81a2e3119ded7fa78eaea820d0f98fd6d712262b22248f8d4dd1f
2026-09-05T01:26:41.934194+00:00,chengdu|2026_09_06|lowest_temperature|c|zuuu,962722,4206850,Chengdu,ZUUU,NOAA_NWS,2026-09-06,lowest_temperature,C,exact,26.0,26.0,26.0,26°C,0.245,0.755,,0.49,,,195.5578,True,True,0x2e0724f43c10a23a38e20b51d486eac8f95bf023f6bd509b86d0bae8d256a937
2026-09-05T01:26:41.934297+00:00,chengdu|2026_09_06|lowest_temperature|c|zuuu,962722,4206851,Chengdu,ZUUU,NOAA_NWS,2026-09-06,lowest_temperature,C,exact,27.0,27.0,27.0,27°C,0.245,0.755,,0.49,,,195.5578,True,True,0xb4bc83218919423795a73522b20a2cfbddc04f97f4c6b4226b163cdb5a01cf30
2026-09-05T01:26:41.934423+00:00,chengdu|2026_09_06|lowest_temperature|c|zuuu,962722,4206852,Chengdu,ZUUU,NOAA_NWS,2026-09-06,lowest_temperature,C,exact,28.0,28.0,28.0,28°C,0.245,0.755,,0.49,,,195.5578,True,True,0xbfb1390a796c7781b714bcf9122f624b1a08c9593a77cf0954a3ee1facea6800
2026-09-05T01:26:41.934529+00:00,chengdu|2026_09_06|lowest_temperature|c|zuuu,962722,4206853,Chengdu,ZUUU,NOAA_NWS,2026-09-06,lowest_temperature,C,exact,29.0,29.0,29.0,29°C,0.01,0.99,,0.02,,,202.7009,True,True,0x5c1fd821ef6ca021bd4bcd9894275d8d10df9b024fb272ac7ef76b435a03b142
2026-09-05T01:26:41.934632+00:00,chengdu|2026_09_06|lowest_temperature|c|zuuu,962722,4206854,Chengdu,ZUUU,NOAA_NWS,2026-09-06,lowest_temperature,C,or_higher,30.0,30.0,,30°C or higher,0.425,0.575,,0.85,,,125.4,True,True,0x2162c5672d30314b60fd31902e280a7c069c49c57cc44bae3eae9f981f63c794
2026-09-05T01:26:41.934740+00:00,shenzhen|2026_09_06|lowest_temperature|c|zgsz,962723,4206855,Shenzhen,ZGSZ,NOAA_NWS,2026-09-06,lowest_temperature,C,or_lower,21.0,,21.0,21°C or below,0.175,0.825,,0.35,,,91.136,True,True,0xd888472812c5a6ec57de12d9798b10eaf73c746ff3caa6c7183a7c30de55d7fe
2026-09-05T01:26:41.934850+00:00,shenzhen|2026_09_06|lowest_temperature|c|zgsz,962723,4206856,Shenzhen,ZGSZ,NOAA_NWS,2026-09-06,lowest_temperature,C,exact,22.0,22.0,22.0,22°C,0.245,0.755,,0.49,,,179.6178,True,True,0x8c4c96a31e7897d86cbd9fad1567d50dc9080f7edd1e665fcc9530f3e0dd745b
2026-09-05T01:26:41.934956+00:00,shenzhen|2026_09_06|lowest_temperature|c|zgsz,962723,4206857,Shenzhen,ZGSZ,NOAA_NWS,2026-09-06,lowest_temperature,C,exact,23.0,23.0,23.0,23°C,0.245,0.755,,0.49,,,179.5578,True,True,0xb6a576c75883ef1fe2271414d80057863da4ab460e318b606608ae88a41fddde
2026-09-05T01:26:41.935060+00:00,shenzhen|2026_09_06|lowest_temperature|c|zgsz,962723,4206858,Shenzhen,ZGSZ,NOAA_NWS,2026-09-06,lowest_temperature,C,exact,24.0,24.0,24.0,24°C,0.245,0.755,,0.49,,,173.3678,True,True,0x126ec5f98930255ee998e37c97d2fe1f4e29b2076325fe1496a7ec41f131e860
2026-09-05T01:26:41.935163+00:00,shenzhen|2026_09_06|lowest_temperature|c|zgsz,962723,4206859,Shenzhen,ZGSZ,NOAA_NWS,2026-09-06,lowest_temperature,C,exact,25.0,25.0,25.0,25°C,0.295,0.705,0.09,0.5,0.41000000000000003,,244.8024,True,True,0xd04e13a7e9298bba9041174cc9f9705e799a2703cb1636f91327b613173894d6
2026-09-05T01:26:41.935265+00:00,shenzhen|2026_09_06|lowest_temperature|c|zgsz,962723,4206860,Shenzhen,ZGSZ,NOAA_NWS,2026-09-06,lowest_temperature,C,exact,26.0,26.0,26.0,26°C,0.38,0.62,0.26,0.5,0.24,,164.0764,True,True,0x8604931a0af026d54605a53b59349b0431442208ba1382390cf43d70292eb0e2
2026-09-05T01:26:41.935385+00:00,shenzhen|2026_09_06|lowest_temperature|c|zgsz,962723,4206861,Shenzhen,ZGSZ,NOAA_NWS,2026-09-06,lowest_temperature,C,exact,27.0,27.0,27.0,27°C,0.28,0.72,0.06,0.5,0.44,,229.8993,True,True,0xff1996ae00e5d6585f252c365b6aaa17b91c99671d0bd9860943fad6d7de0431
2026-09-05T01:26:41.935496+00:00,shenzhen|2026_09_06|lowest_temperature|c|zgsz,962723,4206862,Shenzhen,ZGSZ,NOAA_NWS,2026-09-06,lowest_temperature,C,exact,28.0,28.0,28.0,28°C,0.245,0.755,,0.49,,,180.8578,True,True,0x568250aaf8e724f93ea33097275adfce3c120e691a8b2198492ce19e0c030561
2026-09-05T01:26:41.935598+00:00,shenzhen|2026_09_06|lowest_temperature|c|zgsz,962723,4206863,Shenzhen,ZGSZ,NOAA_NWS,2026-09-06,lowest_temperature,C,exact,29.0,29.0,29.0,29°C,0.035,0.965,,0.07,,,186.4889,True,True,0x127caec75b25b5fe496bdf08529f4b85b532e7ee0a883e0792777b002858c9f0
2026-09-05T01:26:41.935706+00:00,shenzhen|2026_09_06|lowest_temperature|c|zgsz,962723,4206864,Shenzhen,ZGSZ,NOAA_NWS,2026-09-06,lowest_temperature,C,exact,30.0,30.0,30.0,30°C,0.035,0.965,,0.07,,,183.9017,True,True,0x7d58d04bf6be0fdd0d9663b51ee917aae2f53fb8f6f7a3935d6513a1d6088b30
2026-09-05T01:26:41.935813+00:00,shenzhen|2026_09_06|lowest_temperature|c|zgsz,962723,4206865,Shenzhen,ZGSZ,NOAA_NWS,2026-09-06,lowest_temperature,C,or_higher,31.0,31.0,,31°C or higher,0.0055,0.9945,0.001,0.01,0.009000000000000001,,87.662,True,True,0x9aaa8a45d4b40942bdbcb73d81f633b2b907f373ba4afcfd9be24818cc45bd01
2026-09-05T01:26:41.935925+00:00,moscow|2026_09_06|lowest_temperature|c|unknown,962724,4206866,Moscow,,,2026-09-06,lowest_temperature,C,or_lower,6.0,,6.0,6°C or below,0.48,0.52,,0.96,,,11.85,True,True,0xe90310ebc6a391a3d909ed3148777b7b4f5afb256f5f95e03ffdc41b59d0d810
2026-09-05T01:26:41.936030+00:00,moscow|2026_09_06|lowest_temperature|c|unknown,962724,4206867,Moscow,,,2026-09-06,lowest_temperature,C,exact,7.0,7.0,7.0,7°C,0.25,0.75,,0.5,,,151.6161,True,True,0x371168d5436a28701366eb7edd155f386b2fe338befe3e3f13cea3c140243d59
2026-09-05T01:26:41.936131+00:00,moscow|2026_09_06|lowest_temperature|c|unknown,962724,4206868,Moscow,,,2026-09-06,lowest_temperature,C,exact,8.0,8.0,8.0,8°C,0.25,0.75,,0.5,,,145.3361,True,True,0x4a2d1d921484abef049f180848baf55ff9c18b9f8ea4f6781697009dbbde9d28
2026-09-05T01:26:41.936230+00:00,moscow|2026_09_06|lowest_temperature|c|unknown,962724,4206869,Moscow,,,2026-09-06,lowest_temperature,C,exact,9.0,9.0,9.0,9°C,0.265,0.735,0.03,0.5,0.47,,163.3561,True,True,0x0b537f0960db39a5a5a5356415349ad0e5730b8017a87b9f4f2b0fd5f059fc97
2026-09-05T01:26:41.936329+00:00,moscow|2026_09_06|lowest_temperature|c|unknown,962724,4206870,Moscow,,,2026-09-06,lowest_temperature,C,exact,10.0,10.0,10.0,10°C,0.32,0.68,0.14,0.5,0.36,,160.4048,True,True,0x625a79faec7381afa8279eb83dd2dbd95eb5a7628f4c078a6032779690e34d80
2026-09-05T01:26:41.936455+00:00,moscow|2026_09_06|lowest_temperature|c|unknown,962724,4206871,Moscow,,,2026-09-06,lowest_temperature,C,exact,11.0,11.0,11.0,11°C,0.265,0.735,0.03,0.5,0.47,,161.2161,True,True,0x76881324806a7566f0971462ad220bcf70dbed626730789f17c6276ecf4a0026
2026-09-05T01:26:41.936563+00:00,moscow|2026_09_06|lowest_temperature|c|unknown,962724,4206872,Moscow,,,2026-09-06,lowest_temperature,C,exact,12.0,12.0,12.0,12°C,0.25,0.75,,0.5,,,151.5361,True,True,0xa889c5bf110aa8f99b7d9f7b74264d911403390b860abc48c633db34d6f7fa42
2026-09-05T01:26:41.936664+00:00,moscow|2026_09_06|lowest_temperature|c|unknown,962724,4206873,Moscow,,,2026-09-06,lowest_temperature,C,exact,13.0,13.0,13.0,13°C,0.01,0.99,,0.02,,,164.2361,True,True,0x6dce129899dd1783d2c2532205f3a94e267917a9690c2f3beecb45feae1d37ab
2026-09-05T01:26:41.936764+00:00,moscow|2026_09_06|lowest_temperature|c|unknown,962724,4206874,Moscow,,,2026-09-06,lowest_temperature,C,exact,14.0,14.0,14.0,14°C,0.25,0.75,,0.5,,,151.5061,True,True,0x1d17cd1eb4fe5045b69c1a9ccb7d8fbee1e547b7a2cd561625ef401af7c3635f
2026-09-05T01:26:41.936863+00:00,moscow|2026_09_06|lowest_temperature|c|unknown,962724,4206875,Moscow,,,2026-09-06,lowest_temperature,C,exact,15.0,15.0,15.0,15°C,0.015,0.985,,0.03,,,163.5672,True,True,0x6d2be30b9f12d1dbcbaf595196c3b3258d31f0a3a4183339c026ec43cf3dabef
2026-09-05T01:26:41.936965+00:00,moscow|2026_09_06|lowest_temperature|c|unknown,962724,4206876,Moscow,,,2026-09-06,lowest_temperature,C,or_higher,16.0,16.0,,16°C or higher,0.46,0.54,,0.92,,,35.65,True,True,0x0facdb6d6c3ef65543c3432c2bff5e65c59a7800d21cbaae34ead8605858d387
2026-09-05T01:26:41.937069+00:00,istanbul|2026_09_06|lowest_temperature|c|unknown,962725,4206877,Istanbul,,,2026-09-06,lowest_temperature,C,or_lower,13.0,,13.0,13°C or below,0.22,0.78,,0.44,,,46.8008,True,True,0xb2f6d4d2539028ef19a655a494afdec79700393ed4159816444442c5f3096b8a
2026-09-05T01:26:41.937175+00:00,istanbul|2026_09_06|lowest_temperature|c|unknown,962725,4206878,Istanbul,,,2026-09-06,lowest_temperature,C,exact,14.0,14.0,14.0,14°C,0.25,0.75,,0.5,,,143.5261,True,True,0xedce0f9f7bdb3ec73d699e0df5122765cb488354557ae3b4b8b5739dd9f4bf80
2026-09-05T01:26:41.937276+00:00,istanbul|2026_09_06|lowest_temperature|c|unknown,962725,4206879,Istanbul,,,2026-09-06,lowest_temperature,C,exact,15.0,15.0,15.0,15°C,0.25,0.75,,0.5,,,143.5261,True,True,0xbdb4b7c2420b107b168e61667a6a30b818a8d9923d61dccfe6cd09c88a800246
2026-09-05T01:26:41.937394+00:00,istanbul|2026_09_06|lowest_temperature|c|unknown,962725,4206880,Istanbul,,,2026-09-06,lowest_temperature,C,exact,16.0,16.0,16.0,16°C,0.25,0.75,,0.5,,,141.3261,True,True,0x3b6978d9fe367f7894faa8d9ad30587e09f5eb21d805a9f276b2d6f906adf307
2026-09-05T01:26:41.937504+00:00,istanbul|2026_09_06|lowest_temperature|c|unknown,962725,4206881,Istanbul,,,2026-09-06,lowest_temperature,C,exact,17.0,17.0,17.0,17°C,0.265,0.735,0.03,0.5,0.47,,164.1061,True,True,0xf5b64fef8cbc1ae1a171ab9dd50dba334f6d177df97491b9d2ec24027b4c1058
2026-09-05T01:26:41.937606+00:00,istanbul|2026_09_06|lowest_temperature|c|unknown,962725,4206882,Istanbul,,,2026-09-06,lowest_temperature,C,exact,18.0,18.0,18.0,18°C,0.265,0.735,0.03,0.5,0.47,,157.5061,True,True,0x5ee243b5d26a46fda8796c37f18e32f0ae31326a284e7c05fa6ee366efc82e62
2026-09-05T01:26:41.937707+00:00,istanbul|2026_09_06|lowest_temperature|c|unknown,962725,4206883,Istanbul,,,2026-09-06,lowest_temperature,C,exact,19.0,19.0,19.0,19°C,0.27,0.73,0.04,0.5,0.46,,156.2561,True,True,0x49d0539e0d13742e23ba9417f8350d43b0d9491a8f4a2bdc55b9a4754dbaa25d
2026-09-05T01:26:41.937815+00:00,istanbul|2026_09_06|lowest_temperature|c|unknown,962725,4206884,Istanbul,,,2026-09-06,lowest_temperature,C,exact,20.0,20.0,20.0,20°C,0.265,0.735,0.03,0.5,0.47,,157.7161,True,True,0xc2a0450e9d5a92df91798e537257f2853894d49942ee128e4e3fe69a4290de9c
2026-09-05T01:26:41.937917+00:00,istanbul|2026_09_06|lowest_temperature|c|unknown,962725,4206885,Istanbul,,,2026-09-06,lowest_temperature,C,exact,21.0,21.0,21.0,21°C,0.265,0.735,0.03,0.5,0.47,10.0,184.0911,True,True,0xac4f58075518d67bd8ba756ba5cb7d823d635290c5ae3f777d4588d327ef932e
2026-09-05T01:26:41.938023+00:00,istanbul|2026_09_06|lowest_temperature|c|unknown,962725,4206886,Istanbul,,,2026-09-06,lowest_temperature,C,exact,22.0,22.0,22.0,22°C,0.25,0.75,,0.5,,,142.3261,True,True,0xe14f8a731796a874ba66d5d41f1017e264d2be9161891385e072cb302694726b
2026-09-05T01:26:41.938124+00:00,istanbul|2026_09_06|lowest_temperature|c|unknown,962725,4206887,Istanbul,,,2026-09-06,lowest_temperature,C,or_higher,23.0,23.0,,23°C or higher,0.22,0.78,,0.44,,,58.3708,True,True,0xcf5d668658d5db2e837a0117b011c94c550a7aa7b172cdc32355e513aeca7889
2026-09-05T01:26:41.938236+00:00,busan|2026_09_06|lowest_temperature|c|rkpk,962726,4206888,Busan,RKPK,NOAA_NWS,2026-09-06,lowest_temperature,C,or_lower,19.0,,19.0,19°C or below,0.035,0.965,,0.07,,,76.698,True,True,0xa9cb57ba2f3791099f027e055667e94e16816c9dc55560696bcbe73aaa1d280b
2026-09-05T01:26:41.938343+00:00,busan|2026_09_06|lowest_temperature|c|rkpk,962726,4206889,Busan,RKPK,NOAA_NWS,2026-09-06,lowest_temperature,C,exact,20.0,20.0,20.0,20°C,0.085,0.915,,0.17,,,257.1785,True,True,0x7d702e3250aa0817b535ddce461f5dba622d81e4bc51ee741acd5fed23b8f93b
2026-09-05T01:26:41.938469+00:00,busan|2026_09_06|lowest_temperature|c|rkpk,962726,4206890,Busan,RKPK,NOAA_NWS,2026-09-06,lowest_temperature,C,exact,21.0,21.0,21.0,21°C,0.245,0.755,,0.49,,,198.7578,True,True,0x2932c9984395f0aa2d68a2b7200541239a899ee360bd91336fc6180546bc706a
2026-09-05T01:26:41.938574+00:00,busan|2026_09_06|lowest_temperature|c|rkpk,962726,4206891,Busan,RKPK,NOAA_NWS,2026-09-06,lowest_temperature,C,exact,22.0,22.0,22.0,22°C,0.265,0.735,0.03,0.5,0.47,,240.6461,True,True,0xa3bc570384336ba09f38536a18285225ca34b730bc85e898ffa213ec5b146caf
2026-09-05T01:26:41.938676+00:00,busan|2026_09_06|lowest_temperature|c|rkpk,962726,4206892,Busan,RKPK,NOAA_NWS,2026-09-06,lowest_temperature,C,exact,23.0,23.0,23.0,23°C,0.43,0.57,0.36,0.5,0.14,,222.7955,True,True,0x1cd51f1f94e06b8ac85f7b09701eb780b5a0e858fce302974322245dd8209ee5
2026-09-05T01:26:41.938778+00:00,busan|2026_09_06|lowest_temperature|c|rkpk,962726,4206893,Busan,RKPK,NOAA_NWS,2026-09-06,lowest_temperature,C,exact,24.0,24.0,24.0,24°C,0.27,0.73,0.05,0.49,0.44,,197.8878,True,True,0x78597c97b59595876b5d923d2462a3e4baab59676fd5f68f7ea90b5b90e85433
2026-09-05T01:26:41.938880+00:00,busan|2026_09_06|lowest_temperature|c|rkpk,962726,4206894,Busan,RKPK,NOAA_NWS,2026-09-06,lowest_temperature,C,exact,25.0,25.0,25.0,25°C,0.245,0.755,,0.49,,,198.7578,True,True,0xafc6462fac4c02c55ed7b6d8db802bf08e4167901e722775da2722ed4d93c699
2026-09-05T01:26:41.938983+00:00,busan|2026_09_06|lowest_temperature|c|rkpk,962726,4206895,Busan,RKPK,NOAA_NWS,2026-09-06,lowest_temperature,C,exact,26.0,26.0,26.0,26°C,0.04,0.96,,0.08,,,209.6749,True,True,0x3acd5069f83b5469778f486b6c0a9ad5e4a71ef7e643b5fb1c0b3049580ca4ff
2026-09-05T01:26:41.939088+00:00,busan|2026_09_06|lowest_temperature|c|rkpk,962726,4206896,Busan,RKPK,NOAA_NWS,2026-09-06,lowest_temperature,C,exact,27.0,27.0,27.0,27°C,0.01,0.99,,0.02,,,157.4309,True,True,0xd02aee9b16b6704c28a3ad154a10560f3e2a3931cf790839efb3ba490261a03b
2026-09-05T01:26:41.939192+00:00,busan|2026_09_06|lowest_temperature|c|rkpk,962726,4206897,Busan,RKPK,NOAA_NWS,2026-09-06,lowest_temperature,C,exact,28.0,28.0,28.0,28°C,0.015,0.985,,0.03,,,213.052,True,True,0xbc9a5fd679b9fea24601395dd24ff3e847763e5318b32b83f5b8c1005dd449cd
2026-09-05T01:26:41.939300+00:00,busan|2026_09_06|lowest_temperature|c|rkpk,962726,4206898,Busan,RKPK,NOAA_NWS,2026-09-06,lowest_temperature,C,or_higher,29.0,29.0,,29°C or higher,0.215,0.785,,0.43,,,140.7685,True,True,0x836288daa691c9fd489db83b5c4ec566ae3afa5b6e61a0443b59013def0b802e
2026-09-05T01:26:41.939427+00:00,amsterdam|2026_09_06|lowest_temperature|c|eham,962727,4206899,Amsterdam,EHAM,NOAA_NWS,2026-09-06,lowest_temperature,C,or_lower,8.0,,8.0,8°C or below,0.035,0.965,,0.07,,,105.2708,True,True,0x4ee150a5b569e3ba456031365f0b11b833805cc0701931f1b49b573644a4c8c6
2026-09-05T01:26:41.939538+00:00,amsterdam|2026_09_06|lowest_temperature|c|eham,962727,4206900,Amsterdam,EHAM,NOAA_NWS,2026-09-06,lowest_temperature,C,exact,9.0,9.0,9.0,9°C,0.04,0.96,,0.08,,,212.5969,True,True,0x8b4910e2ab977eb86ddba28a3bdaaa437ebf7d6835b8391e3e15fd6704344584
2026-09-05T01:26:41.939642+00:00,amsterdam|2026_09_06|lowest_temperature|c|eham,962727,4206901,Amsterdam,EHAM,NOAA_NWS,2026-09-06,lowest_temperature,C,exact,10.0,10.0,10.0,10°C,0.195,0.805,0.03,0.36,0.32999999999999996,,148.9961,True,True,0x99bbf2fe4ecb7f90384974c6b47310834ab2b51418a4e2bcb0de2389df8f521d
2026-09-05T01:26:41.939752+00:00,amsterdam|2026_09_06|lowest_temperature|c|eham,962727,4206902,Amsterdam,EHAM,NOAA_NWS,2026-09-06,lowest_temperature,C,exact,11.0,11.0,11.0,11°C,0.26,0.74,0.03,0.49,0.45999999999999996,,148.5861,True,True,0xc4dd44bc095708e66d92779296aae3b82da568775f60f9db1d941ea10e49b3b1
2026-09-05T01:26:41.939858+00:00,amsterdam|2026_09_06|lowest_temperature|c|eham,962727,4206903,Amsterdam,EHAM,NOAA_NWS,2026-09-06,lowest_temperature,C,exact,12.0,12.0,12.0,12°C,0.265,0.735,0.03,0.5,0.47,,140.5761,True,True,0x1defdaafbc33ad9dc3a1fff154d33ba7b3c7a78423373b0ff2d95e6aef7ebc57
2026-09-05T01:26:41.939969+00:00,amsterdam|2026_09_06|lowest_temperature|c|eham,962727,4206904,Amsterdam,EHAM,NOAA_NWS,2026-09-06,lowest_temperature,C,exact,13.0,13.0,13.0,13°C,0.25,0.75,0.02,0.48,0.45999999999999996,,150.8669,True,True,0x28977c8c8e100bfd4e36ab856306b7247143ace4d316332d17e71f16aec1d666
2026-09-05T01:26:41.940075+00:00,amsterdam|2026_09_06|lowest_temperature|c|eham,962727,4206905,Amsterdam,EHAM,NOAA_NWS,2026-09-06,lowest_temperature,C,exact,14.0,14.0,14.0,14°C,0.245,0.755,,0.49,,,147.6778,True,True,0x7aebc7cd6b2ad865ad2fb21cc509b5385817809f7d43281dea14880e3ae763e1
2026-09-05T01:26:41.940179+00:00,amsterdam|2026_09_06|lowest_temperature|c|eham,962727,4206906,Amsterdam,EHAM,NOAA_NWS,2026-09-06,lowest_temperature,C,exact,15.0,15.0,15.0,15°C,0.175,0.825,,0.35,,,157.0221,True,True,0x186dfe7a6799997e2d19203d16c85cd398831b5f04873040c218994ea390d1b6
2026-09-05T01:26:41.940284+00:00,amsterdam|2026_09_06|lowest_temperature|c|eham,962727,4206907,Amsterdam,EHAM,NOAA_NWS,2026-09-06,lowest_temperature,C,exact,16.0,16.0,16.0,16°C,0.075,0.925,,0.15,,,158.9861,True,True,0x8cfd7048a8a31e3ec05d74276aa5a7194e7bc5d6e49140027f5cf69bf46ba9ef
2026-09-05T01:26:41.940406+00:00,amsterdam|2026_09_06|lowest_temperature|c|eham,962727,4206908,Amsterdam,EHAM,NOAA_NWS,2026-09-06,lowest_temperature,C,exact,17.0,17.0,17.0,17°C,0.015,0.985,,0.03,,,226.5404,True,True,0x4391f87e7ae295d76594929a79470f6a4f0d3f03379d22a4d455e564d40bef10
2026-09-05T01:26:41.940516+00:00,amsterdam|2026_09_06|lowest_temperature|c|eham,962727,4206909,Amsterdam,EHAM,NOAA_NWS,2026-09-06,lowest_temperature,C,or_higher,18.0,18.0,,18°C or higher,0.0055,0.9945,0.001,0.01,0.009000000000000001,,79.42,True,True,0x062c0d6d99b75cc7e3ee79b10348c366b0bdfb76e2d7500b3fe255aebc59e01b
2026-09-05T01:26:41.940625+00:00,helsinki|2026_09_06|lowest_temperature|c|efhk,962728,4206910,Helsinki,EFHK,NOAA_NWS,2026-09-06,lowest_temperature,C,or_lower,4.0,,4.0,4°C or below,0.24,0.76,,0.48,,,109.66,True,True,0x23a137b1fc5c22bb718d1411ab9f7f0f959b5f2c015db8dfc65073f7ba531071
2026-09-05T01:26:41.940732+00:00,helsinki|2026_09_06|lowest_temperature|c|efhk,962728,4206911,Helsinki,EFHK,NOAA_NWS,2026-09-06,lowest_temperature,C,exact,5.0,5.0,5.0,5°C,0.075,0.925,,0.15,,,269.9474,True,True,0x4730d5e4d70d08560350bbaeb7858c6cced80bb1325010dae57f394097aeeb8e
2026-09-05T01:26:41.940840+00:00,helsinki|2026_09_06|lowest_temperature|c|efhk,962728,4206912,Helsinki,EFHK,NOAA_NWS,2026-09-06,lowest_temperature,C,exact,6.0,6.0,6.0,6°C,0.255,0.745,0.03,0.48,0.44999999999999996,,197.1869,True,True,0xfaa9a6f6850aa3051812f6780850a5b4e213adff24f259a551910f4325c2cf91
2026-09-05T01:26:41.940949+00:00,helsinki|2026_09_06|lowest_temperature|c|efhk,962728,4206913,Helsinki,EFHK,NOAA_NWS,2026-09-06,lowest_temperature,C,exact,7.0,7.0,7.0,7°C,0.27,0.73,0.04,0.5,0.46,,188.1292,True,True,0x2ca0a9d571d170f317d522685082cdae0f5b9007582c5add1a435fd791728b2a
2026-09-05T01:26:41.941051+00:00,helsinki|2026_09_06|lowest_temperature|c|efhk,962728,4206914,Helsinki,EFHK,NOAA_NWS,2026-09-06,lowest_temperature,C,exact,8.0,8.0,8.0,8°C,0.275,0.725,0.05,0.5,0.45,,197.0726,True,True,0xe0b030c0387fad60b2a247f3762f46f6d849ce49080f2daebdf1a85454416da6
2026-09-05T01:26:41.941153+00:00,helsinki|2026_09_06|lowest_temperature|c|efhk,962728,4206915,Helsinki,EFHK,NOAA_NWS,2026-09-06,lowest_temperature,C,exact,9.0,9.0,9.0,9°C,0.28,0.72,0.07,0.49,0.42,,203.0424,True,True,0xd1ba81a4186daf533aa8929eff3586ccc290d056df955db052e1f6f9312a2382
2026-09-05T01:26:41.941261+00:00,helsinki|2026_09_06|lowest_temperature|c|efhk,962728,4206916,Helsinki,EFHK,NOAA_NWS,2026-09-06,lowest_temperature,C,exact,10.0,10.0,10.0,10°C,0.26,0.74,0.03,0.49,0.45999999999999996,,192.1294,True,True,0xaacde8a9e75b75b7e56565975c22ee67aa43800bb74311ad152213fc09bbec5d
2026-09-05T01:26:41.941399+00:00,helsinki|2026_09_06|lowest_temperature|c|efhk,962728,4206917,Helsinki,EFHK,NOAA_NWS,2026-09-06,lowest_temperature,C,exact,11.0,11.0,11.0,11°C,0.015,0.985,0.01,0.02,0.01,,207.4461,True,True,0xb6a7805111cf555fa57dcaeeaaf92013f5304df527a1daa4a9e4e2267cea360a
2026-09-05T01:26:41.941543+00:00,helsinki|2026_09_06|lowest_temperature|c|efhk,962728,4206918,Helsinki,EFHK,NOAA_NWS,2026-09-06,lowest_temperature,C,exact,12.0,12.0,12.0,12°C,0.245,0.755,,0.49,,,183.1978,True,True,0xf83bb6d1e748065f1c7541db616173a54f5261fb88ac990af9473ed3a5d4b141
2026-09-05T01:26:41.941650+00:00,helsinki|2026_09_06|lowest_temperature|c|efhk,962728,4206919,Helsinki,EFHK,NOAA_NWS,2026-09-06,lowest_temperature,C,exact,13.0,13.0,13.0,13°C,0.04,0.96,,0.08,,,262.9256,True,True,0x8377d952ffc0cf7d86fdb885e8a97b8ac5d22757ec40f3126e89888452d319b2
2026-09-05T01:26:41.941759+00:00,helsinki|2026_09_06|lowest_temperature|c|efhk,962728,4206920,Helsinki,EFHK,NOAA_NWS,2026-09-06,lowest_temperature,C,or_higher,14.0,14.0,,14°C or higher,0.34,0.66,,0.68,,,76.81,True,True,0x82756fc954ffddbafb5ae4b2128d5cdd8e4cfbc48a55fb43385bbdcd33e976ab
2026-09-05T01:26:41.941870+00:00,kuala_lumpur|2026_09_06|lowest_temperature|c|wmkk,962729,4206921,Kuala Lumpur,WMKK,NOAA_NWS,2026-09-06,lowest_temperature,C,or_lower,19.0,,19.0,19°C or below,0.035,0.965,,0.07,,,108.988,True,True,0x3dd5ba6034f4e97828623841c84391ba90a1e2b8951198ce1aa97c0d6e392f8b
2026-09-05T01:26:41.941982+00:00,kuala_lumpur|2026_09_06|lowest_temperature|c|wmkk,962729,4206922,Kuala Lumpur,WMKK,NOAA_NWS,2026-09-06,lowest_temperature,C,exact,20.0,20.0,20.0,20°C,0.03,0.97,,0.06,,,195.8327,True,True,0x2fc52784fb24e05da2ab4ce471da2cdbff932fc7a5425a97755115743dd82489
2026-09-05T01:26:41.942089+00:00,kuala_lumpur|2026_09_06|lowest_temperature|c|wmkk,962729,4206923,Kuala Lumpur,WMKK,NOAA_NWS,2026-09-06,lowest_temperature,C,exact,21.0,21.0,21.0,21°C,0.03,0.97,,0.06,,,218.6883,True,True,0x7519f5f944a533f599325408876af000499968a6569c33baf511b322ebdd501e
2026-09-05T01:26:41.942203+00:00,kuala_lumpur|2026_09_06|lowest_temperature|c|wmkk,962729,4206924,Kuala Lumpur,WMKK,NOAA_NWS,2026-09-06,lowest_temperature,C,exact,22.0,22.0,22.0,22°C,0.245,0.755,,0.49,,,141.0478,True,True,0x4bb9624c6b2e2fe1c1d23a0bb3378bc32294ee7b0b50857e4c2ad680d91029d2
2026-09-05T01:26:41.942310+00:00,kuala_lumpur|2026_09_06|lowest_temperature|c|wmkk,962729,4206925,Kuala Lumpur,WMKK,NOAA_NWS,2026-09-06,lowest_temperature,C,exact,23.0,23.0,23.0,23°C,0.26,0.74,0.03,0.49,0.45999999999999996,,150.7378,True,True,0x28a225f3171c34288f9b429fa1ef3df346fef28aa14afbcf9924ecc8fc4854a6
2026-09-05T01:26:41.942438+00:00,kuala_lumpur|2026_09_06|lowest_temperature|c|wmkk,962729,4206926,Kuala Lumpur,WMKK,NOAA_NWS,2026-09-06,lowest_temperature,C,exact,24.0,24.0,24.0,24°C,0.265,0.735,0.03,0.5,0.47,,138.2361,True,True,0xfb4f46dac253450e7531e4e15923ab218dc1d6ac745c92744b83cc521a3317ec
2026-09-05T01:26:41.942548+00:00,kuala_lumpur|2026_09_06|lowest_temperature|c|wmkk,962729,4206927,Kuala Lumpur,WMKK,NOAA_NWS,2026-09-06,lowest_temperature,C,exact,25.0,25.0,25.0,25°C,0.38,0.62,0.26,0.5,0.24,,176.6762,True,True,0x29a5e5f3b042fe3d723e5f5816d2897a0d6d104bee0625d981ba62aeb2c300a4
2026-09-05T01:26:41.942656+00:00,kuala_lumpur|2026_09_06|lowest_temperature|c|wmkk,962729,4206928,Kuala Lumpur,WMKK,NOAA_NWS,2026-09-06,lowest_temperature,C,exact,26.0,26.0,26.0,26°C,0.25,0.75,,0.5,,,125.3461,True,True,0x11e92352a8b81e10e04e5f2cffd2f535b41a4a43b91d09397acfc50e3377dd74
2026-09-05T01:26:41.942761+00:00,kuala_lumpur|2026_09_06|lowest_temperature|c|wmkk,962729,4206929,Kuala Lumpur,WMKK,NOAA_NWS,2026-09-06,lowest_temperature,C,exact,27.0,27.0,27.0,27°C,0.245,0.755,,0.49,,,142.8878,True,True,0xcc1ede9f7b73f92093910b8bb12d1324cc60e31915fa51431fc0db4a6ed3135a
2026-09-05T01:26:41.942867+00:00,kuala_lumpur|2026_09_06|lowest_temperature|c|wmkk,962729,4206930,Kuala Lumpur,WMKK,NOAA_NWS,2026-09-06,lowest_temperature,C,exact,28.0,28.0,28.0,28°C,0.245,0.755,,0.49,,,135.7278,True,True,0x2285c484295ddc9f2febb0336faf4747725c764b9ec25264a462b1e7e6d0ccb8
2026-09-05T01:26:41.942974+00:00,kuala_lumpur|2026_09_06|lowest_temperature|c|wmkk,962729,4206931,Kuala Lumpur,WMKK,NOAA_NWS,2026-09-06,lowest_temperature,C,or_higher,29.0,29.0,,29°C or higher,0.01,0.99,,0.02,,,80.16,True,True,0x57426dde06221519d69f84586a5a4afa8d62297694cbe853b9dc72a0b7639091
2026-09-05T01:26:41.943086+00:00,jeddah|2026_09_06|lowest_temperature|c|oejn,962730,4206932,Jeddah,OEJN,NOAA_NWS,2026-09-06,lowest_temperature,C,or_lower,25.0,,25.0,25°C or below,0.46,0.54,,0.92,,,22.53,True,True,0x92442e463572683a0365ff4aa88ea6ede1aa0cd8f9066bbe9539ebc8d86df48c
2026-09-05T01:26:41.943198+00:00,jeddah|2026_09_06|lowest_temperature|c|oejn,962730,4206933,Jeddah,OEJN,NOAA_NWS,2026-09-06,lowest_temperature,C,exact,26.0,26.0,26.0,26°C,0.245,0.755,,0.49,,,156.9178,True,True,0x884f68493e711e81371b77116238319e1be8e212f5f456718f10cc8d88f452e4
2026-09-05T01:26:41.943302+00:00,jeddah|2026_09_06|lowest_temperature|c|oejn,962730,4206934,Jeddah,OEJN,NOAA_NWS,2026-09-06,lowest_temperature,C,exact,27.0,27.0,27.0,27°C,0.245,0.755,,0.49,,,157.0678,True,True,0xd2db308c89c105bad11e9fbd75708a2590294138d5bd26e89879796e84f7d26c
2026-09-05T01:26:41.943427+00:00,jeddah|2026_09_06|lowest_temperature|c|oejn,962730,4206935,Jeddah,OEJN,NOAA_NWS,2026-09-06,lowest_temperature,C,exact,28.0,28.0,28.0,28°C,0.26,0.74,0.03,0.49,0.45999999999999996,,161.9878,True,True,0xba767d6d9eb6a4b31490f8bf10c5495b5ad715ce9678ed1a4045fb3db8247254
2026-09-05T01:26:41.943545+00:00,jeddah|2026_09_06|lowest_temperature|c|oejn,962730,4206936,Jeddah,OEJN,NOAA_NWS,2026-09-06,lowest_temperature,C,exact,29.0,29.0,29.0,29°C,0.25,0.75,0.03,0.47,0.43999999999999995,,166.2393,True,True,0xb98ec0fc46a6dc5fd5a266804b87f0e3ca96ce851f15eab19745aaf1565c5e16
2026-09-05T01:26:41.943651+00:00,jeddah|2026_09_06|lowest_temperature|c|oejn,962730,4206937,Jeddah,OEJN,NOAA_NWS,2026-09-06,lowest_temperature,C,exact,30.0,30.0,30.0,30°C,0.27,0.73,0.04,0.5,0.46,,147.3261,True,True,0xba7af59a29e80a239e5af5377fb580d4cf204c118d095c076784f8b36fc089dd
2026-09-05T01:26:41.943755+00:00,jeddah|2026_09_06|lowest_temperature|c|oejn,962730,4206938,Jeddah,OEJN,NOAA_NWS,2026-09-06,lowest_temperature,C,exact,31.0,31.0,31.0,31°C,0.285,0.715,0.07,0.5,0.43,,156.1461,True,True,0x593a13c2bd7e5823224a1641719249e5983640d192ce7674b46953b0e95916ae
2026-09-05T01:26:41.943857+00:00,jeddah|2026_09_06|lowest_temperature|c|oejn,962730,4206939,Jeddah,OEJN,NOAA_NWS,2026-09-06,lowest_temperature,C,exact,32.0,32.0,32.0,32°C,0.245,0.755,,0.49,,,154.6978,True,True,0x2638b2866c0e496b84fa8e29312dd49a57a0e1642f45ce14d111acdf5de73c17
2026-09-05T01:26:41.943963+00:00,jeddah|2026_09_06|lowest_temperature|c|oejn,962730,4206940,Jeddah,OEJN,NOAA_NWS,2026-09-06,lowest_temperature,C,exact,33.0,33.0,33.0,33°C,0.245,0.755,,0.49,,,156.8378,True,True,0xb89f15de68a097fe9472e18188c6c51e5c8d9fdea98f289f70e5362195ae3082
2026-09-05T01:26:41.944067+00:00,jeddah|2026_09_06|lowest_temperature|c|oejn,962730,4206941,Jeddah,OEJN,NOAA_NWS,2026-09-06,lowest_temperature,C,exact,34.0,34.0,34.0,34°C,0.01,0.99,,0.02,,,171.0109,True,True,0x62e4bc0d40306827fd4393bb5e9ed8ebf1073b10a7df2ba5ad2a853d06008b73
2026-09-05T01:26:41.944168+00:00,jeddah|2026_09_06|lowest_temperature|c|oejn,962730,4206942,Jeddah,OEJN,NOAA_NWS,2026-09-06,lowest_temperature,C,or_higher,35.0,35.0,,35°C or higher,0.46,0.54,,0.92,,,17.06,True,True,0x11f2d84f0fe6a416573451f70e0c5801ec5a8d0a72dc3ad4b7fc01c152730e62
2026-09-05T01:26:41.944276+00:00,cape_town|2026_09_06|lowest_temperature|c|fact,962731,4206943,Cape Town,FACT,NOAA_NWS,2026-09-06,lowest_temperature,C,or_lower,11.0,,11.0,11°C or below,0.44,0.56,,0.88,,8.0,63.7901,True,True,0x4f5ce10b054236ceda0dc1d5e74798d29a0a299cea7cb99efec473d1a7763752
2026-09-05T01:26:41.944415+00:00,cape_town|2026_09_06|lowest_temperature|c|fact,962731,4206944,Cape Town,FACT,NOAA_NWS,2026-09-06,lowest_temperature,C,exact,12.0,12.0,12.0,12°C,0.275,0.725,0.05,0.5,0.45,,195.7326,True,True,0x2575f313ada0a907ae0e3deb2493f10b144e45a0a9af41aa171aadc85ffd6dfe
2026-09-05T01:26:41.944534+00:00,cape_town|2026_09_06|lowest_temperature|c|fact,962731,4206945,Cape Town,FACT,NOAA_NWS,2026-09-06,lowest_temperature,C,exact,13.0,13.0,13.0,13°C,0.325,0.675,0.15,0.5,0.35,,195.7189,True,True,0x6cb38829cc4632b1858e51437c630520c3fd27adfd0796ed190e5f8850b2b5c9
2026-09-05T01:26:41.944644+00:00,cape_town|2026_09_06|lowest_temperature|c|fact,962731,4206946,Cape Town,FACT,NOAA_NWS,2026-09-06,lowest_temperature,C,exact,14.0,14.0,14.0,14°C,0.3,0.7,0.1,0.5,0.4,,245.3992,True,True,0x0b42b58037476aa24451052e11d356d821329b77b30fc27a7e3e0c5ddfd0b70d
2026-09-05T01:26:41.944751+00:00,cape_town|2026_09_06|lowest_temperature|c|fact,962731,4206947,Cape Town,FACT,NOAA_NWS,2026-09-06,lowest_temperature,C,exact,15.0,15.0,15.0,15°C,0.245,0.755,,0.49,,,204.5678,True,True,0xca2f5f42320906ab73458da88c4f06d83a4540d0bb3b0efce700b99e27e831f0
2026-09-05T01:26:41.944857+00:00,cape_town|2026_09_06|lowest_temperature|c|fact,962731,4206948,Cape Town,FACT,NOAA_NWS,2026-09-06,lowest_temperature,C,exact,16.0,16.0,16.0,16°C,0.245,0.755,,0.49,,,206.5278,True,True,0x39e84cda13e86aef2324b49f618e1fd0bbb5291edae96a29579aa9b69b79a8ff
2026-09-05T01:26:41.944961+00:00,cape_town|2026_09_06|lowest_temperature|c|fact,962731,4206949,Cape Town,FACT,NOAA_NWS,2026-09-06,lowest_temperature,C,exact,17.0,17.0,17.0,17°C,0.035,0.965,,0.07,,,282.1189,True,True,0x84a13e3f2e82a5c2f4942c01ecd6ccc3d9a03c1bc5d690aec466048a8b21191f
2026-09-05T01:26:41.945073+00:00,cape_town|2026_09_06|lowest_temperature|c|fact,962731,4206950,Cape Town,FACT,NOAA_NWS,2026-09-06,lowest_temperature,C,exact,18.0,18.0,18.0,18°C,0.01,0.99,,0.02,,,265.0509,True,True,0x40c0cceb0ee49e39892a8cdf6b884f109667c3eb4c80d14a30abb0d0474595d4
2026-09-05T01:26:41.945182+00:00,cape_town|2026_09_06|lowest_temperature|c|fact,962731,4206951,Cape Town,FACT,NOAA_NWS,2026-09-06,lowest_temperature,C,exact,19.0,19.0,19.0,19°C,0.03,0.97,,0.06,,,295.0527,True,True,0xae208edebd24482bf4165382c33d2f55ac0aeb9bcb995c3bc6f70e75cb00ba8d
2026-09-05T01:26:41.945291+00:00,cape_town|2026_09_06|lowest_temperature|c|fact,962731,4206952,Cape Town,FACT,NOAA_NWS,2026-09-06,lowest_temperature,C,exact,20.0,20.0,20.0,20°C,0.03,0.97,,0.06,,,293.5527,True,True,0x9232675978e315dbf5ecab73e96dfd4540e433e545f9688610607673ca08d225
2026-09-05T01:26:41.945417+00:00,cape_town|2026_09_06|lowest_temperature|c|fact,962731,4206953,Cape Town,FACT,NOAA_NWS,2026-09-06,lowest_temperature,C,or_higher,21.0,21.0,,21°C or higher,0.295,0.705,,0.59,,,121.88,True,True,0x4531862359711b42dd4414d1ad8b01e818bd4d6774feb3ac0c93bb493964ac9a
2026-09-05T01:26:41.945531+00:00,guangzhou|2026_09_06|lowest_temperature|c|zggg,962732,4206954,Guangzhou,ZGGG,NOAA_NWS,2026-09-06,lowest_temperature,C,or_lower,20.0,,20.0,20°C or below,0.265,0.735,,0.53,,,170.0,True,True,0x8e2ef5740d4145706ee8c7607cab72c06b4fdf028fdd88b3ac6db6d035ceaf4a
2026-09-05T01:26:41.945640+00:00,guangzhou|2026_09_06|lowest_temperature|c|zggg,962732,4206955,Guangzhou,ZGGG,NOAA_NWS,2026-09-06,lowest_temperature,C,exact,21.0,21.0,21.0,21°C,0.07,0.93,,0.14,,,325.2673,True,True,0x93ae8c63e6824bdee94a80f47d28dd68e45773dd265912bdb6cb8c959bb819c1
2026-09-05T01:26:41.945744+00:00,guangzhou|2026_09_06|lowest_temperature|c|zggg,962732,4206956,Guangzhou,ZGGG,NOAA_NWS,2026-09-06,lowest_temperature,C,exact,22.0,22.0,22.0,22°C,0.25,0.75,,0.5,,,230.9861,True,True,0x1965a7de3afe72c6f5c5993f7823d0e84f5e94b3e519f0925de0f81274df2aa8
2026-09-05T01:26:41.945847+00:00,guangzhou|2026_09_06|lowest_temperature|c|zggg,962732,4206957,Guangzhou,ZGGG,NOAA_NWS,2026-09-06,lowest_temperature,C,exact,23.0,23.0,23.0,23°C,0.255,0.745,0.03,0.48,0.44999999999999996,,255.2169,True,True,0xad7fb5e90d6d1f85892b5ead6f0a5c315f11e29218f0003052ea394d384e9796
2026-09-05T01:26:41.945950+00:00,guangzhou|2026_09_06|lowest_temperature|c|zggg,962732,4206958,Guangzhou,ZGGG,NOAA_NWS,2026-09-06,lowest_temperature,C,exact,24.0,24.0,24.0,24°C,0.28,0.72,0.06,0.5,0.44,,281.2561,True,True,0xf50ceee7b826c1f1e26a9227329f856d1416a2e08c29a36bf3c58231b9b50310
2026-09-05T01:26:41.946058+00:00,guangzhou|2026_09_06|lowest_temperature|c|zggg,962732,4206959,Guangzhou,ZGGG,NOAA_NWS,2026-09-06,lowest_temperature,C,exact,25.0,25.0,25.0,25°C,0.39,0.61,0.28,0.5,0.21999999999999997,,229.4572,True,True,0xd25d85087513d28d197e136131d4120a6cbe499c09ecf9075ad2c8970d4bbdf0
2026-09-05T01:26:41.946163+00:00,guangzhou|2026_09_06|lowest_temperature|c|zggg,962732,4206960,Guangzhou,ZGGG,NOAA_NWS,2026-09-06,lowest_temperature,C,exact,26.0,26.0,26.0,26°C,0.31,0.69,0.13,0.49,0.36,,262.937,True,True,0x4b88ff9cb63f25570211089728476cbeec4efa6e4f9582d8550fe2cc313c2783
2026-09-05T01:26:41.946266+00:00,guangzhou|2026_09_06|lowest_temperature|c|zggg,962732,4206961,Guangzhou,ZGGG,NOAA_NWS,2026-09-06,lowest_temperature,C,exact,27.0,27.0,27.0,27°C,0.25,0.75,,0.5,,,230.9861,True,True,0x3cb966ec999f38cf56918a7ff6492c1aba1ca5326a996640fc0a251694441808
2026-09-05T01:26:41.946384+00:00,guangzhou|2026_09_06|lowest_temperature|c|zggg,962732,4206962,Guangzhou,ZGGG,NOAA_NWS,2026-09-06,lowest_temperature,C,exact,28.0,28.0,28.0,28°C,0.04,0.96,,0.08,,,249.9949,True,True,0xebc6630a67ed0a04498dfcdfdfde02b0873480c21ec2a28a0eef40beea615304
2026-09-05T01:26:41.946499+00:00,guangzhou|2026_09_06|lowest_temperature|c|zggg,962732,4206963,Guangzhou,ZGGG,NOAA_NWS,2026-09-06,lowest_temperature,C,exact,29.0,29.0,29.0,29°C,0.035,0.965,,0.07,,,298.7169,True,True,0xb354c995798b9ae472f08bdd4973b42d71610cfd935a06a907bc96d9f4c879ac
2026-09-05T01:26:41.946603+00:00,guangzhou|2026_09_06|lowest_temperature|c|zggg,962732,4206964,Guangzhou,ZGGG,NOAA_NWS,2026-09-06,lowest_temperature,C,or_higher,30.0,30.0,,30°C or higher,0.01,0.99,,0.02,,,143.75,True,True,0x6e73009e116809eda0990ad64a29631efa2397a8510a249b67c36a1fbe8464cd
2026-09-05T01:26:41.946716+00:00,qingdao|2026_09_06|lowest_temperature|c|zsqd,962733,4206965,Qingdao,ZSQD,NOAA_NWS,2026-09-06,lowest_temperature,C,or_lower,16.0,,16.0,16°C or below,0.085,0.915,,0.17,,,64.7347,True,True,0x160d77f5e33519441029f5ce9392c29b5e5a02ff2c011c06979191687af0d33c
2026-09-05T01:26:41.946823+00:00,qingdao|2026_09_06|lowest_temperature|c|zsqd,962733,4206966,Qingdao,ZSQD,NOAA_NWS,2026-09-06,lowest_temperature,C,exact,17.0,17.0,17.0,17°C,0.26,0.74,0.03,0.49,0.45999999999999996,,193.6661,True,True,0x38183ae0cadcc49db9a2a5ae96fd45221244d330db001a240e51c3bd7ed56a68
2026-09-05T01:26:41.946928+00:00,qingdao|2026_09_06|lowest_temperature|c|zsqd,962733,4206967,Qingdao,ZSQD,NOAA_NWS,2026-09-06,lowest_temperature,C,exact,18.0,18.0,18.0,18°C,0.395,0.605,0.29,0.5,0.21000000000000002,,133.8967,True,True,0xf165e1403e92d7fed1ded206845af3bbb13f11b45d93e6568665265aa1d7f660
2026-09-05T01:26:41.947035+00:00,qingdao|2026_09_06|lowest_temperature|c|zsqd,962733,4206968,Qingdao,ZSQD,NOAA_NWS,2026-09-06,lowest_temperature,C,exact,19.0,19.0,19.0,19°C,0.315,0.685,0.13,0.5,0.37,,144.9883,True,True,0xc95bd17c4b102099ea8ddb533ed0717226e760de1916560326a0d498c44ae425
2026-09-05T01:26:41.947140+00:00,qingdao|2026_09_06|lowest_temperature|c|zsqd,962733,4206969,Qingdao,ZSQD,NOAA_NWS,2026-09-06,lowest_temperature,C,exact,20.0,20.0,20.0,20°C,0.245,0.755,0.01,0.48,0.47,,153.0069,True,True,0xb55b4ae8c853e2fd2088354a8bb9c8450bb18a68701bfd012d0f281ed2bf0be9
2026-09-05T01:26:41.947243+00:00,qingdao|2026_09_06|lowest_temperature|c|zsqd,962733,4206970,Qingdao,ZSQD,NOAA_NWS,2026-09-06,lowest_temperature,C,exact,21.0,21.0,21.0,21°C,0.245,0.755,,0.49,,,152.9578,True,True,0x8db5175de96de3fa37134874c8e86b7a7534feae357df57314fa17b55e6bdbde
2026-09-05T01:26:41.947346+00:00,qingdao|2026_09_06|lowest_temperature|c|zsqd,962733,4206971,Qingdao,ZSQD,NOAA_NWS,2026-09-06,lowest_temperature,C,exact,22.0,22.0,22.0,22°C,0.01,0.99,,0.02,,,161.1409,True,True,0x46aa872b937fa1235d20f79ab7225086a76447429b5c95bbc411d70e44bbc01a
2026-09-05T01:26:41.947471+00:00,qingdao|2026_09_06|lowest_temperature|c|zsqd,962733,4206972,Qingdao,ZSQD,NOAA_NWS,2026-09-06,lowest_temperature,C,exact,23.0,23.0,23.0,23°C,0.245,0.755,,0.49,,,147.7878,True,True,0x45bd2d47b39404d5aa1b240864b4071f49e7e513b5a5b3c3449fabf2724ea105
2026-09-05T01:26:41.947574+00:00,qingdao|2026_09_06|lowest_temperature|c|zsqd,962733,4206973,Qingdao,ZSQD,NOAA_NWS,2026-09-06,lowest_temperature,C,exact,24.0,24.0,24.0,24°C,0.245,0.755,,0.49,,,138.9078,True,True,0x9b4b18c5b6228826373e34c27759cdc2cd5b22aa8c859b580825b7d3c6c148e6
2026-09-05T01:26:41.947677+00:00,qingdao|2026_09_06|lowest_temperature|c|zsqd,962733,4206974,Qingdao,ZSQD,NOAA_NWS,2026-09-06,lowest_temperature,C,exact,25.0,25.0,25.0,25°C,0.245,0.755,,0.49,,,141.8878,True,True,0xb1d60eb98eae420239e4f5b5a88c9af2c637c2f01ebdedd410b32831602afeaf
2026-09-05T01:26:41.947780+00:00,qingdao|2026_09_06|lowest_temperature|c|zsqd,962733,4206975,Qingdao,ZSQD,NOAA_NWS,2026-09-06,lowest_temperature,C,or_higher,26.0,26.0,,26°C or higher,0.07,0.93,,0.14,,,42.4172,True,True,0x445d5169a817e2de9889cd3b51f81705097d6c4f00ec42c3f253cdd7b36ba503
2026-09-05T01:26:41.947888+00:00,karachi|2026_09_06|lowest_temperature|c|opkc,962734,4206976,Karachi,OPKC,NOAA_NWS,2026-09-06,lowest_temperature,C,or_lower,21.0,,21.0,21°C or below,0.04,0.96,,0.08,,,128.948,True,True,0xce2aeff497092da1c269cb7af4dc881e3f7bd8cd0fcc22150073a2f36acd055c
2026-09-05T01:26:41.947994+00:00,karachi|2026_09_06|lowest_temperature|c|opkc,962734,4206977,Karachi,OPKC,NOAA_NWS,2026-09-06,lowest_temperature,C,exact,22.0,22.0,22.0,22°C,0.035,0.965,,0.07,,,289.1389,True,True,0x2c06830aafbe0a8550e6d227152ef97688ffce717686bbc8f0f8c286a89a2d27
2026-09-05T01:26:41.948103+00:00,karachi|2026_09_06|lowest_temperature|c|opkc,962734,4206978,Karachi,OPKC,NOAA_NWS,2026-09-06,lowest_temperature,C,exact,23.0,23.0,23.0,23°C,0.075,0.925,,0.15,,,239.2361,True,True,0x34e0faf63404af26498b548c0e8870491c805d1c6d99ac7efe1ae2b7d4879c79
2026-09-05T01:26:41.948212+00:00,karachi|2026_09_06|lowest_temperature|c|opkc,962734,4206979,Karachi,OPKC,NOAA_NWS,2026-09-06,lowest_temperature,C,exact,24.0,24.0,24.0,24°C,0.15,0.85,,0.3,,,279.5396,True,True,0x5387d35773f70857c1b6e35ef8f9465c9faa286480c3a8c45e899ee1ce8f384d
2026-09-05T01:26:41.948316+00:00,karachi|2026_09_06|lowest_temperature|c|opkc,962734,4206980,Karachi,OPKC,NOAA_NWS,2026-09-06,lowest_temperature,C,exact,25.0,25.0,25.0,25°C,0.185,0.815,0.03,0.34,0.31000000000000005,,300.1296,True,True,0x17948ee2da8416c00cbe93896339062d63da6c6348b3930f3c3868821ee6cb47
2026-09-05T01:26:41.948437+00:00,karachi|2026_09_06|lowest_temperature|c|opkc,962734,4206981,Karachi,OPKC,NOAA_NWS,2026-09-06,lowest_temperature,C,exact,26.0,26.0,26.0,26°C,0.36,0.64,0.22,0.5,0.28,,245.5943,True,True,0xc5520f519fe5b07dfa661f3ac001a5518788190d59320e4444bbbb758ed56b5e
2026-09-05T01:26:41.948549+00:00,karachi|2026_09_06|lowest_temperature|c|opkc,962734,4206982,Karachi,OPKC,NOAA_NWS,2026-09-06,lowest_temperature,C,exact,27.0,27.0,27.0,27°C,0.48,0.52,0.46,0.5,0.03999999999999998,,221.6311,True,True,0xf88c36cc1ded71bc7e9db637f20873c3ba655cd481b6e12a0985afef5705f155
2026-09-05T01:26:41.948656+00:00,karachi|2026_09_06|lowest_temperature|c|opkc,962734,4206983,Karachi,OPKC,NOAA_NWS,2026-09-06,lowest_temperature,C,exact,28.0,28.0,28.0,28°C,0.225,0.775,,0.45,,,227.2405,True,True,0x35696b09311135ccdb3ed63a53bd8e7ff50005362d7656e04504fd9f53142584
2026-09-05T01:26:41.948763+00:00,karachi|2026_09_06|lowest_temperature|c|opkc,962734,4206984,Karachi,OPKC,NOAA_NWS,2026-09-06,lowest_temperature,C,exact,29.0,29.0,29.0,29°C,0.125,0.875,,0.25,,,244.4369,True,True,0xaffec944e4502383ecd882f21c3f1ea09b4b7ac27b856f32c71880f41314c3f0
2026-09-05T01:26:41.948867+00:00,karachi|2026_09_06|lowest_temperature|c|opkc,962734,4206985,Karachi,OPKC,NOAA_NWS,2026-09-06,lowest_temperature,C,exact,30.0,30.0,30.0,30°C,0.035,0.965,,0.07,,,290.1389,True,True,0x1b68f1e08da9a87758819854d1db84bb0bf90b8d721f29d805f5d28614e4ca88
2026-09-05T01:26:41.948969+00:00,karachi|2026_09_06|lowest_temperature|c|opkc,962734,4206986,Karachi,OPKC,NOAA_NWS,2026-09-06,lowest_temperature,C,or_higher,31.0,31.0,,31°C or higher,0.225,0.775,,0.45,,,120.35,True,True,0xdff4f2c00612c6653056693c5cfd2a4a8154a8a453a12c81951705806bece790
2026-09-05T01:26:41.949077+00:00,manila|2026_09_06|lowest_temperature|c|rpll,962735,4206987,Manila,RPLL,NOAA_NWS,2026-09-06,lowest_temperature,C,or_lower,21.0,,21.0,21°C or below,0.035,0.965,,0.07,,,162.638,True,True,0x4121d78d9e02ad034201f2e4c59916c1654cd3b9e9996de85aec8490206e4f32
2026-09-05T01:26:41.949185+00:00,manila|2026_09_06|lowest_temperature|c|rpll,962735,4206988,Manila,RPLL,NOAA_NWS,2026-09-06,lowest_temperature,C,exact,22.0,22.0,22.0,22°C,0.04,0.96,,0.08,,,278.9949,True,True,0xe6e178a896ff85b5e590e22198fc55cc1447d8c94b749a8845d27bfb16f8ed6f
2026-09-05T01:26:41.949294+00:00,manila|2026_09_06|lowest_temperature|c|rpll,962735,4206989,Manila,RPLL,NOAA_NWS,2026-09-06,lowest_temperature,C,exact,23.0,23.0,23.0,23°C,0.245,0.755,,0.49,,,263.7078,True,True,0xe5ebfa811f3a4722ae94bf661e3b2b327124c1ff99b81d47070d12860961d714
2026-09-05T01:26:41.949416+00:00,manila|2026_09_06|lowest_temperature|c|rpll,962735,4206990,Manila,RPLL,NOAA_NWS,2026-09-06,lowest_temperature,C,exact,24.0,24.0,24.0,24°C,0.335,0.665,0.17,0.5,0.32999999999999996,,238.8183,True,True,0xf310211d7e537e8e8a71bc82886a747d446556019537aab6ee2654ead1250da4
2026-09-05T01:26:41.949521+00:00,manila|2026_09_06|lowest_temperature|c|rpll,962735,4206991,Manila,RPLL,NOAA_NWS,2026-09-06,lowest_temperature,C,exact,25.0,25.0,25.0,25°C,0.315,0.685,0.13,0.5,0.37,,302.9883,True,True,0xdbf54ae5ab95322e3e0c14452aaa221bbca5cd8120fc829f5ce7b530e4352a1f
2026-09-05T01:26:41.949625+00:00,manila|2026_09_06|lowest_temperature|c|rpll,962735,4206992,Manila,RPLL,NOAA_NWS,2026-09-06,lowest_temperature,C,exact,26.0,26.0,26.0,26°C,0.35,0.65,0.2,0.5,0.3,,252.6878,True,True,0xf6f941e622b5f5bca1274df9d039f620bfe0ea026f22ce6223f126dd808b873d
2026-09-05T01:26:41.949728+00:00,manila|2026_09_06|lowest_temperature|c|rpll,962735,4206993,Manila,RPLL,NOAA_NWS,2026-09-06,lowest_temperature,C,exact,27.0,27.0,27.0,27°C,0.245,0.755,,0.49,,,296.6278,True,True,0xee89fb645f80c313f6c3e6aeaf66acc0e0f349185b8a296d83b407bbef3f1d0c
2026-09-05T01:26:41.949831+00:00,manila|2026_09_06|lowest_temperature|c|rpll,962735,4206994,Manila,RPLL,NOAA_NWS,2026-09-06,lowest_temperature,C,exact,28.0,28.0,28.0,28°C,0.245,0.755,,0.49,,,292.5778,True,True,0xd748e3efd777bd699e69a85c45e8d7fb2b28fc88136e1ad09cd62bc4f1d5f0f9
2026-09-05T01:26:41.949933+00:00,manila|2026_09_06|lowest_temperature|c|rpll,962735,4206995,Manila,RPLL,NOAA_NWS,2026-09-06,lowest_temperature,C,exact,29.0,29.0,29.0,29°C,0.035,0.965,,0.07,,,322.0517,True,True,0x3cee0fa502bc1ca421a209210ffb00b628f6fb80473af48ad07b92bf1d43d57f
2026-09-05T01:26:41.950035+00:00,manila|2026_09_06|lowest_temperature|c|rpll,962735,4206996,Manila,RPLL,NOAA_NWS,2026-09-06,lowest_temperature,C,exact,30.0,30.0,30.0,30°C,0.01,0.99,,0.02,,,329.8509,True,True,0xe81006d39cd3bedf0f9c447b9d598e84772e8d1402b4b60f052f345b905964c8
2026-09-05T01:26:41.950138+00:00,manila|2026_09_06|lowest_temperature|c|rpll,962735,4206997,Manila,RPLL,NOAA_NWS,2026-09-06,lowest_temperature,C,or_higher,31.0,31.0,,31°C or higher,0.255,0.745,,0.51,,,165.08,True,True,0xc823dd3db3c75076c3c5e44909c036853c11830f08d3e6809b0ab4102933a476
2026-09-05T01:26:41.950252+00:00,jinan|2026_09_05|highest_temperature|c|unknown,962806,4207239,Jinan,,WEATHER_UNDERGROUND,2026-09-05,highest_temperature,C,or_lower,16.0,,16.0,16°C or below,0.0015,0.9985,0.001,0.002,0.001,3896.4565000000002,1143.83433,True,True,0xe72eaf90bfdc4a778b23268a11a9390ed1c27572fe43fa7182e4103ef86d5a68
2026-09-05T01:26:41.950385+00:00,jinan|2026_09_05|highest_temperature|c|unknown,962806,4207240,Jinan,,WEATHER_UNDERGROUND,2026-09-05,highest_temperature,C,exact,17.0,17.0,17.0,17°C,0.0005,0.9995,,0.001,,2195.0,5135.8409,True,True,0xe5f7f7047f6dd97fee558c2a79b6f93850eb38ac5f04fa15b7a338b7ade3426b
2026-09-05T01:26:41.950499+00:00,jinan|2026_09_05|highest_temperature|c|unknown,962806,4207241,Jinan,,WEATHER_UNDERGROUND,2026-09-05,highest_temperature,C,exact,18.0,18.0,18.0,18°C,0.0005,0.9995,,0.001,,1195.0,4682.9304,True,True,0xf2d2535c7e747b6c98a14a7dfd19675f8740a50d83783d06759d8503839aaeeb
2026-09-05T01:26:41.950603+00:00,jinan|2026_09_05|highest_temperature|c|unknown,962806,4207242,Jinan,,WEATHER_UNDERGROUND,2026-09-05,highest_temperature,C,exact,19.0,19.0,19.0,19°C,0.0005,0.9995,,0.001,,790.0,4023.68669,True,True,0x02db49b28cb0332e6a66faccb01571fb49833c19b437b2efce148051df587a8d
2026-09-05T01:26:41.950706+00:00,jinan|2026_09_05|highest_temperature|c|unknown,962806,4207243,Jinan,,WEATHER_UNDERGROUND,2026-09-05,highest_temperature,C,exact,20.0,20.0,20.0,20°C,0.0005,0.9995,,0.001,,240.0,4106.21359,True,True,0x9d668bb9e46ad5a2cb4b85505675b51a1186d69e6c969fc0fbf4c460976b821b
2026-09-05T01:26:41.950816+00:00,jinan|2026_09_05|highest_temperature|c|unknown,962806,4207244,Jinan,,WEATHER_UNDERGROUND,2026-09-05,highest_temperature,C,exact,21.0,21.0,21.0,21°C,0.0005,0.9995,,0.001,,240.0,4102.24711,True,True,0x8679e6cf57c61ef1ac3cabbf97adf9f0e1fd39125cceccf11f26abf52a0a3fa7
2026-09-05T01:26:41.950921+00:00,jinan|2026_09_05|highest_temperature|c|unknown,962806,4207245,Jinan,,WEATHER_UNDERGROUND,2026-09-05,highest_temperature,C,exact,22.0,22.0,22.0,22°C,0.0005,0.9995,,0.001,,240.0,3657.06011,True,True,0xc320cddecff1c4ed9999eaeb39355f7cfaece5ee81b50deced2b53b8623dd5ba
2026-09-05T01:26:41.951024+00:00,jinan|2026_09_05|highest_temperature|c|unknown,962806,4207246,Jinan,,WEATHER_UNDERGROUND,2026-09-05,highest_temperature,C,exact,23.0,23.0,23.0,23°C,0.0005,0.9995,,0.001,,1790.0,4293.23201,True,True,0x7ab9699f8efcce8702197573420a0e9be25e7fe9b634d55c17b4839049aa8422
2026-09-05T01:26:41.951132+00:00,jinan|2026_09_05|highest_temperature|c|unknown,962806,4207247,Jinan,,WEATHER_UNDERGROUND,2026-09-05,highest_temperature,C,exact,24.0,24.0,24.0,24°C,0.0005,0.9995,,0.001,,87.2223,3829.71431,True,True,0x07d0b6e4d1b9494d305252e75362e05c27bc9656df2a57fa979d63b089cb757e
2026-09-05T01:26:41.951237+00:00,jinan|2026_09_05|highest_temperature|c|unknown,962806,4207248,Jinan,,WEATHER_UNDERGROUND,2026-09-05,highest_temperature,C,exact,25.0,25.0,25.0,25°C,0.0055,0.9945,0.001,0.01,0.009000000000000001,259.3229,564.71739,True,True,0x6f43673460628cb65343fac089057607e2ce6c97870f75658b3602e9469f715f
2026-09-05T01:26:41.951340+00:00,jinan|2026_09_05|highest_temperature|c|unknown,962806,4207249,Jinan,,WEATHER_UNDERGROUND,2026-09-05,highest_temperature,C,or_higher,26.0,26.0,,26°C or higher,0.985,0.015,0.98,0.99,0.010000000000000009,4910.826005,581.2551,True,True,0xb0da6c790e289919772f8cd5cef12c17426c7372b72e972ac64d2dc3cb863036
2026-09-05T01:26:41.951472+00:00,zhengzhou|2026_09_05|highest_temperature|c|zhcc,962807,4207250,Zhengzhou,ZHCC,NOAA_NWS,2026-09-05,highest_temperature,C,or_lower,22.0,,22.0,22°C or below,0.0005,0.9995,,0.001,,1101.97,3063.41139,True,True,0xdc573733487f5aaf936939d4f27b05b136c2f039364b1e46e135f5f179530c6e
2026-09-05T01:26:41.951584+00:00,zhengzhou|2026_09_05|highest_temperature|c|zhcc,962807,4207251,Zhengzhou,ZHCC,NOAA_NWS,2026-09-05,highest_temperature,C,exact,23.0,23.0,23.0,23°C,0.0005,0.9995,,0.001,,1101.97,5998.48059,True,True,0x863d4ae9e06380aeb05a4e56cf155beac8b382c515c864b51d48966933c0e78f
2026-09-05T01:26:41.951690+00:00,zhengzhou|2026_09_05|highest_temperature|c|zhcc,962807,4207252,Zhengzhou,ZHCC,NOAA_NWS,2026-09-05,highest_temperature,C,exact,24.0,24.0,24.0,24°C,0.0005,0.9995,,0.001,,900.37,4889.83039,True,True,0x36612492e051e7066610f5cfe8e08f5e2b856b4a6f7238d84a5587158a20ccf6
2026-09-05T01:26:41.951796+00:00,zhengzhou|2026_09_05|highest_temperature|c|zhcc,962807,4207253,Zhengzhou,ZHCC,NOAA_NWS,2026-09-05,highest_temperature,C,exact,25.0,25.0,25.0,25°C,0.0005,0.9995,,0.001,,270.37,4785.04046,True,True,0x2775d736a25214b27fb99c7b8f00340116f755bb77a5e229fbfbaff1033708eb
2026-09-05T01:26:41.951900+00:00,zhengzhou|2026_09_05|highest_temperature|c|zhcc,962807,4207254,Zhengzhou,ZHCC,NOAA_NWS,2026-09-05,highest_temperature,C,exact,26.0,26.0,26.0,26°C,0.0005,0.9995,,0.001,,270.5885,4726.67997,True,True,0xcc72637d7e8a49a21f3c91e0877799ec678e9e173a602083a7e2276b55a8a3cd
2026-09-05T01:26:41.952005+00:00,zhengzhou|2026_09_05|highest_temperature|c|zhcc,962807,4207255,Zhengzhou,ZHCC,NOAA_NWS,2026-09-05,highest_temperature,C,exact,27.0,27.0,27.0,27°C,0.009,0.991,0.002,0.016,0.014,472.028,963.93419,True,True,0xdb23c90624544328fa3f11505e6076c97448ce12ceeaa250c2a19cb42ecdfd0d
2026-09-05T01:26:41.952113+00:00,zhengzhou|2026_09_05|highest_temperature|c|zhcc,962807,4207256,Zhengzhou,ZHCC,NOAA_NWS,2026-09-05,highest_temperature,C,exact,28.0,28.0,28.0,28°C,0.015,0.985,0.01,0.02,0.01,334.1465,652.1033,True,True,0xebfe87b4718f6c157c13b7b8ca2e759e8d1beaee9133851e87053e1a4d45075d
2026-09-05T01:26:41.952243+00:00,zhengzhou|2026_09_05|highest_temperature|c|zhcc,962807,4207257,Zhengzhou,ZHCC,NOAA_NWS,2026-09-05,highest_temperature,C,exact,29.0,29.0,29.0,29°C,0.055,0.945,0.02,0.09,0.06999999999999999,6.705881,171.9561,True,True,0x00b0026924567b5e77bf1a085e03b863dba7fdd98f1d879304ad804e4cc6b793
2026-09-05T01:26:41.952351+00:00,zhengzhou|2026_09_05|highest_temperature|c|zhcc,962807,4207258,Zhengzhou,ZHCC,NOAA_NWS,2026-09-05,highest_temperature,C,exact,30.0,30.0,30.0,30°C,0.185,0.815,0.13,0.24,0.10999999999999999,40.469843,100.2061,True,True,0x6012e7ba8781961bb89d850b7cd1239609f8c0c4c83d3acf089667fec892b1be
2026-09-05T01:26:41.952486+00:00,zhengzhou|2026_09_05|highest_temperature|c|zhcc,962807,4207259,Zhengzhou,ZHCC,NOAA_NWS,2026-09-05,highest_temperature,C,exact,31.0,31.0,31.0,31°C,0.345,0.655,0.21,0.48,0.27,3.490089,90.7161,True,True,0x7cd36af99160d59ca9a29285ad5f916f46a665ff29f3e5f417f0f5c0a5d87735
2026-09-05T01:26:41.952596+00:00,zhengzhou|2026_09_05|highest_temperature|c|zhcc,962807,4207260,Zhengzhou,ZHCC,NOAA_NWS,2026-09-05,highest_temperature,C,or_higher,32.0,32.0,,32°C or higher,0.48,0.52,0.35,0.61,0.26,7.275361,32.6187,True,True,0x37a4d1b06a1ac7585bfad78d5e1f6310e43e2ff9ba5a962652115ecb1810730a
2026-09-05T01:26:41.952712+00:00,london|2026_09_06|highest_temperature|c|eglc,962808,4207261,London,EGLC,NOAA_NWS,2026-09-06,highest_temperature,C,or_lower,22.0,,22.0,22°C or below,0.007,0.993,0.005,0.009,0.003999999999999999,453.579948,2583.54946,True,True,0x6753d7df8aeabf4b0989cfc47e90a1ebd1dd26195ed02b43dff77acd1c0874cd
2026-09-05T01:26:41.952820+00:00,london|2026_09_06|highest_temperature|c|eglc,962808,4207262,London,EGLC,NOAA_NWS,2026-09-06,highest_temperature,C,exact,23.0,23.0,23.0,23°C,0.02,0.98,0.01,0.03,0.019999999999999997,334.866239,3567.3548,True,True,0x86ac929e4fc87e591d14d0347eb954f11acd2703a99a2d2478786e5d6c3b42cf
2026-09-05T01:26:41.952925+00:00,london|2026_09_06|highest_temperature|c|eglc,962808,4207263,London,EGLC,NOAA_NWS,2026-09-06,highest_temperature,C,exact,24.0,24.0,24.0,24°C,0.095,0.905,0.08,0.11,0.03,795.22969,3961.9828,True,True,0xcd248f0ca3d18241b0c9bfb85c58fa18b698000d6b03acb255d35360956dc129
2026-09-05T01:26:41.953030+00:00,london|2026_09_06|highest_temperature|c|eglc,962808,4207264,London,EGLC,NOAA_NWS,2026-09-06,highest_temperature,C,exact,25.0,25.0,25.0,25°C,0.305,0.695,0.3,0.31,0.010000000000000009,1478.326684,12151.9499,True,True,0x66c7efa9707bae9169f983d9edba5d8cbda191dc836e8018e2d2a629b2fbfb64
2026-09-05T01:26:41.953135+00:00,london|2026_09_06|highest_temperature|c|eglc,962808,4207265,London,EGLC,NOAA_NWS,2026-09-06,highest_temperature,C,exact,26.0,26.0,26.0,26°C,0.405,0.595,0.4,0.41,0.009999999999999953,545.8335969999999,7128.7344,True,True,0x28da2db587f3b1f60ea447a72c1ba12ba61f01b842686c2017182222b3824d4f
2026-09-05T01:26:41.953240+00:00,london|2026_09_06|highest_temperature|c|eglc,962808,4207266,London,EGLC,NOAA_NWS,2026-09-06,highest_temperature,C,exact,27.0,27.0,27.0,27°C,0.18,0.82,0.17,0.19,0.01999999999999999,846.086402,5245.869,True,True,0x509eb241ede64910dc2aba4d008673e76d08cc6b21c29b4b86c5204e817acd21
2026-09-05T01:26:41.953344+00:00,london|2026_09_06|highest_temperature|c|eglc,962808,4207267,London,EGLC,NOAA_NWS,2026-09-06,highest_temperature,C,exact,28.0,28.0,28.0,28°C,0.035,0.965,0.03,0.04,0.010000000000000002,319.399965,3874.9128,True,True,0xfa9480cb21cf203d583e7cd6f6b8d7ec944f99abfd825e068182bd62e5e9cd8f
2026-09-05T01:26:41.953473+00:00,london|2026_09_06|highest_temperature|c|eglc,962808,4207268,London,EGLC,NOAA_NWS,2026-09-06,highest_temperature,C,exact,29.0,29.0,29.0,29°C,0.0045,0.9955,0.001,0.008,0.007,183.8177,3922.5684,True,True,0xcf5e8248928654db00220aa6e9fe9fe436e29b6b339badd2380a9ee9b7203177
2026-09-05T01:26:41.953579+00:00,london|2026_09_06|highest_temperature|c|eglc,962808,4207269,London,EGLC,NOAA_NWS,2026-09-06,highest_temperature,C,exact,30.0,30.0,30.0,30°C,0.0015,0.9985,0.001,0.002,0.001,317.33183,5524.58991,True,True,0xa701f0d7c6e9709a80b96ec529996bc85e0e2e0d357b9d6657ab4451276ab853
2026-09-05T01:26:41.953683+00:00,london|2026_09_06|highest_temperature|c|eglc,962808,4207270,London,EGLC,NOAA_NWS,2026-09-06,highest_temperature,C,exact,31.0,31.0,31.0,31°C,0.002,0.998,,0.004,,188.789,5389.7743,True,True,0xd1e375a83f9d11f7957e6d96bd21c1f936dbe7808aa74ba8510d3b4503ae9662
2026-09-05T01:26:41.953788+00:00,london|2026_09_06|highest_temperature|c|eglc,962808,4207271,London,EGLC,NOAA_NWS,2026-09-06,highest_temperature,C,or_higher,32.0,32.0,,32°C or higher,0.0005,0.9995,,0.001,,118.99000000000001,4785.62526,True,True,0x67c0c2854fa75031b7d130153518e69806c2c5de700307aabdab0b0ab551508a
2026-09-05T01:26:41.953907+00:00,paris|2026_09_06|highest_temperature|c|lfpb,962809,4207272,Paris,LFPB,NOAA_NWS,2026-09-06,highest_temperature,C,or_lower,26.0,,26.0,26°C or below,0.015,0.985,0.01,0.02,0.01,218.54739999999998,2707.6238,True,True,0x56944292e4516b9b3e27174687faecd905a186b76f6af3405069f67c27a3d697
2026-09-05T01:26:41.954018+00:00,paris|2026_09_06|highest_temperature|c|lfpb,962809,4207273,Paris,LFPB,NOAA_NWS,2026-09-06,highest_temperature,C,exact,27.0,27.0,27.0,27°C,0.035,0.965,0.03,0.04,0.010000000000000002,491.668883,3810.241,True,True,0x1f3bd13c7479814e519c2d0cdab38e1c9ad012aa67b35fdab3daf4ffe847f119
2026-09-05T01:26:41.954124+00:00,paris|2026_09_06|highest_temperature|c|lfpb,962809,4207274,Paris,LFPB,NOAA_NWS,2026-09-06,highest_temperature,C,exact,28.0,28.0,28.0,28°C,0.315,0.685,0.31,0.32,0.010000000000000009,1430.371775,4706.043,True,True,0x03310d319da5f451d4c8ff54dbbe7517d5ae097a92c96a0db06ca09354f968cd
2026-09-05T01:26:41.954229+00:00,paris|2026_09_06|highest_temperature|c|lfpb,962809,4207275,Paris,LFPB,NOAA_NWS,2026-09-06,highest_temperature,C,exact,29.0,29.0,29.0,29°C,0.355,0.645,0.35,0.36,0.010000000000000009,541.394376,7193.3893,True,True,0xa4408df117143faf80cf9292e5db87828d8d2dc00be8f14c2443d25b0266d272
2026-09-05T01:26:41.954333+00:00,paris|2026_09_06|highest_temperature|c|lfpb,962809,4207276,Paris,LFPB,NOAA_NWS,2026-09-06,highest_temperature,C,exact,30.0,30.0,30.0,30°C,0.235,0.765,0.23,0.24,0.009999999999999981,1790.9329189999999,4129.7822,True,True,0x21d98291eafb1b030320e2bcde8e54613813be41e0e99107cdcd7f54eb8e29fd
2026-09-05T01:26:41.954469+00:00,paris|2026_09_06|highest_temperature|c|lfpb,962809,4207277,Paris,LFPB,NOAA_NWS,2026-09-06,highest_temperature,C,exact,31.0,31.0,31.0,31°C,0.065,0.935,0.05,0.08,0.03,1433.70168,4146.234,True,True,0x61808cdc2251baf0de251c693c7d5fa373794e5ffa57ba11c223c8dfa1295955
2026-09-05T01:26:41.954583+00:00,paris|2026_09_06|highest_temperature|c|lfpb,962809,4207278,Paris,LFPB,NOAA_NWS,2026-09-06,highest_temperature,C,exact,32.0,32.0,32.0,32°C,0.03,0.97,0.02,0.04,0.02,248.268321,3405.7056,True,True,0x26b05c35b81582ff8b13c86c0fe63b30ffb37e694bdcbfdd5b95a1ad2a635707
2026-09-05T01:26:41.954688+00:00,paris|2026_09_06|highest_temperature|c|lfpb,962809,4207279,Paris,LFPB,NOAA_NWS,2026-09-06,highest_temperature,C,exact,33.0,33.0,33.0,33°C,0.0015,0.9985,0.001,0.002,0.001,81.542,4130.82207,True,True,0x083966889169cd026269dfb8ce7bacb9c710f64b393a5c1ee1ed26f73711c060
2026-09-05T01:26:41.954791+00:00,paris|2026_09_06|highest_temperature|c|lfpb,962809,4207280,Paris,LFPB,NOAA_NWS,2026-09-06,highest_temperature,C,exact,34.0,34.0,34.0,34°C,0.0025,0.9975,0.001,0.004,0.003,424.043,5066.64517,True,True,0x418c3b345cab2983971f735b92be78be6dd94fd06f2b3f86b4fdfd34de00bb33
2026-09-05T01:26:41.954895+00:00,paris|2026_09_06|highest_temperature|c|lfpb,962809,4207281,Paris,LFPB,NOAA_NWS,2026-09-06,highest_temperature,C,exact,35.0,35.0,35.0,35°C,0.0015,0.9985,0.001,0.002,0.001,854.038,6158.69115,True,True,0x28b4c2229749f92aa9fdc852de41c2cbdfe3211a37ac29befa43afffc7d71473
2026-09-05T01:26:41.954999+00:00,paris|2026_09_06|highest_temperature|c|lfpb,962809,4207282,Paris,LFPB,NOAA_NWS,2026-09-06,highest_temperature,C,or_higher,36.0,36.0,,36°C or higher,0.0005,0.9995,,0.001,,11562.999,5475.2692,True,True,0x3f91928950f8769effddde51fa033f815a2ed7a3d38894d0f2012fdab4805722
2026-09-05T01:26:41.955107+00:00,seoul_incheon|2026_09_06|highest_temperature|c|rksi,962810,4207283,Seoul (Incheon),RKSI,NOAA_NWS,2026-09-06,highest_temperature,C,or_lower,23.0,,23.0,23°C or below,0.0015,0.9985,,0.003,,15788.46,3078.35806,True,True,0xea0025e62c84f191b9302a926eda08fa96ca7bd479c483932ac8e71d7360b410
2026-09-05T01:26:41.955223+00:00,seoul_incheon|2026_09_06|highest_temperature|c|rksi,962810,4207284,Seoul (Incheon),RKSI,NOAA_NWS,2026-09-06,highest_temperature,C,exact,24.0,24.0,24.0,24°C,0.0005,0.9995,,0.001,,134.997,3250.70359,True,True,0xc43bbef5b63dcec93be1a679b21df35227dab409fac6225b2b6b290fd9ac3a54
2026-09-05T01:26:41.955333+00:00,seoul_incheon|2026_09_06|highest_temperature|c|rksi,962810,4207285,Seoul (Incheon),RKSI,NOAA_NWS,2026-09-06,highest_temperature,C,exact,25.0,25.0,25.0,25°C,0.0005,0.9995,,0.001,,244.989,2843.60219,True,True,0x6ecb442aaf86a63fe6ac4cd78e05cb2d96e06627ee7c1eed4e15ec80f54840fc
2026-09-05T01:26:41.955470+00:00,seoul_incheon|2026_09_06|highest_temperature|c|rksi,962810,4207286,Seoul (Incheon),RKSI,NOAA_NWS,2026-09-06,highest_temperature,C,exact,26.0,26.0,26.0,26°C,0.0005,0.9995,,0.001,,244.99599999999998,2786.90438,True,True,0x93c1168873d355ddedcf4e620453a2937b89eedb1e3fb961bd9857c5baf1af67
2026-09-05T01:26:41.955584+00:00,seoul_incheon|2026_09_06|highest_temperature|c|rksi,962810,4207287,Seoul (Incheon),RKSI,NOAA_NWS,2026-09-06,highest_temperature,C,exact,27.0,27.0,27.0,27°C,0.025,0.975,0.02,0.03,0.009999999999999998,763.4790299999999,5300.6832,True,True,0xd2bad67ee7019090b9613c920b9d6e3b518bd6f0049dcb3a1b6d771de503c392
2026-09-05T01:26:41.955699+00:00,seoul_incheon|2026_09_06|highest_temperature|c|rksi,962810,4207288,Seoul (Incheon),RKSI,NOAA_NWS,2026-09-06,highest_temperature,C,exact,28.0,28.0,28.0,28°C,0.225,0.775,0.22,0.23,0.010000000000000009,1405.858108,8011.9078,True,True,0x52ce75ea82bd2d4309ee7e5978ef30aefa9502a04c9a6de72ee5e692c378ba3d
2026-09-05T01:26:41.955814+00:00,seoul_incheon|2026_09_06|highest_temperature|c|rksi,962810,4207289,Seoul (Incheon),RKSI,NOAA_NWS,2026-09-06,highest_temperature,C,exact,29.0,29.0,29.0,29°C,0.55,0.45,0.54,0.56,0.020000000000000018,1576.0521519999998,6215.5248,True,True,0x09d5972e9f2c4266446aecdd50db05f6081e76057a3332a521c50d409d78304c
2026-09-05T01:26:41.955925+00:00,seoul_incheon|2026_09_06|highest_temperature|c|rksi,962810,4207290,Seoul (Incheon),RKSI,NOAA_NWS,2026-09-06,highest_temperature,C,exact,30.0,30.0,30.0,30°C,0.195,0.805,0.19,0.2,0.010000000000000009,1539.676909,6310.5101,True,True,0x2ea305826e22d72fe025766e34fdcc88c39379669f4c2d41785eedbe5b3c5d8e
2026-09-05T01:26:41.956036+00:00,seoul_incheon|2026_09_06|highest_temperature|c|rksi,962810,4207291,Seoul (Incheon),RKSI,NOAA_NWS,2026-09-06,highest_temperature,C,exact,31.0,31.0,31.0,31°C,0.03,0.97,0.02,0.04,0.02,746.042856,5674.5753,True,True,0x8bd0015b780a7d40b61b309d07fec40593c71484e819a31b396c0ff28875c8a9
2026-09-05T01:26:41.956146+00:00,seoul_incheon|2026_09_06|highest_temperature|c|rksi,962810,4207292,Seoul (Incheon),RKSI,NOAA_NWS,2026-09-06,highest_temperature,C,exact,32.0,32.0,32.0,32°C,0.015,0.985,0.01,0.02,0.01,667.1481000000001,4344.4819,True,True,0x745af453b5750a9048703c5c246ba74f331cd371c1f7bf8ad729c06e1c84f0d4
2026-09-05T01:26:41.956265+00:00,seoul_incheon|2026_09_06|highest_temperature|c|rksi,962810,4207293,Seoul (Incheon),RKSI,NOAA_NWS,2026-09-06,highest_temperature,C,or_higher,33.0,33.0,,33°C or higher,0.002,0.998,,0.004,,411.141,2211.27045,True,True,0x2022ceb5caeaa0fa2b4e73b1d7fa63425cff7baa6722db1de6a146672401045a
2026-09-05T01:26:41.956400+00:00,ankara|2026_09_06|highest_temperature|c|ltac,962811,4207295,Ankara,LTAC,NOAA_NWS,2026-09-06,highest_temperature,C,or_lower,26.0,,26.0,26°C or below,0.0005,0.9995,,0.001,,163.759,5454.64226,True,True,0x5267b05e428dda722ca91a2d56279c6f03861ca01d1866fdfe3fb1ac7b6d0c3c
2026-09-05T01:26:41.956515+00:00,ankara|2026_09_06|highest_temperature|c|ltac,962811,4207296,Ankara,LTAC,NOAA_NWS,2026-09-06,highest_temperature,C,exact,27.0,27.0,27.0,27°C,0.001,0.999,,0.002,,193.193116,4457.76753,True,True,0xb8b01007475d2b55b57d297e9314c15667e07d75af48acf6ecedb63f763c21f6
2026-09-05T01:26:41.956620+00:00,ankara|2026_09_06|highest_temperature|c|ltac,962811,4207297,Ankara,LTAC,NOAA_NWS,2026-09-06,highest_temperature,C,exact,28.0,28.0,28.0,28°C,0.01,0.99,,0.02,,38.984975,3730.533,True,True,0xf28eae15f6fad62c4b5d1a6ce7592763fc9072f6fb3bd1571ada0b798a1c9a84
2026-09-05T01:26:41.956726+00:00,ankara|2026_09_06|highest_temperature|c|ltac,962811,4207298,Ankara,LTAC,NOAA_NWS,2026-09-06,highest_temperature,C,exact,29.0,29.0,29.0,29°C,0.015,0.985,0.01,0.02,0.01,391.80388,4092.0147,True,True,0x0968868f7656a7512ec7546903f2a571f99c8c43daddb2302e88afb4e5759156
2026-09-05T01:26:41.956830+00:00,ankara|2026_09_06|highest_temperature|c|ltac,962811,4207299,Ankara,LTAC,NOAA_NWS,2026-09-06,highest_temperature,C,exact,30.0,30.0,30.0,30°C,0.025,0.975,0.02,0.03,0.009999999999999998,1279.441266,5375.7385,True,True,0xc463804334d66548d8152caa92fd3ac94b2126a66f69d82b170a7c44300dc22f
2026-09-05T01:26:41.956935+00:00,ankara|2026_09_06|highest_temperature|c|ltac,962811,4207300,Ankara,LTAC,NOAA_NWS,2026-09-06,highest_temperature,C,exact,31.0,31.0,31.0,31°C,0.345,0.655,0.33,0.36,0.02999999999999997,1399.0401439999998,14102.6671,True,True,0xff541d1c928332843532e41a5c23c181f9320baab6b418671823f04426a9e62a
2026-09-05T01:26:41.957041+00:00,ankara|2026_09_06|highest_temperature|c|ltac,962811,4207301,Ankara,LTAC,NOAA_NWS,2026-09-06,highest_temperature,C,exact,32.0,32.0,32.0,32°C,0.53,0.47,0.52,0.54,0.020000000000000018,1893.945805,22089.9831,True,True,0x9279fb3020512216c79f968be925db1bf5e38fe6f5fce14f70f1049a8639fe46
2026-09-05T01:26:41.957146+00:00,ankara|2026_09_06|highest_temperature|c|ltac,962811,4207302,Ankara,LTAC,NOAA_NWS,2026-09-06,highest_temperature,C,exact,33.0,33.0,33.0,33°C,0.12,0.88,0.11,0.13,0.020000000000000004,936.4344310000001,5616.231,True,True,0x51eca3cc65f7a4857a7df7bf7d99a2a7929b96fd5b41b13db9279e9a333b35aa
2026-09-05T01:26:41.957250+00:00,ankara|2026_09_06|highest_temperature|c|ltac,962811,4207303,Ankara,LTAC,NOAA_NWS,2026-09-06,highest_temperature,C,exact,34.0,34.0,34.0,34°C,0.01,0.99,,0.02,,149.99349999999998,3548.9516,True,True,0xb2b8fef4b17921effe1e8e5b110e156ce76d7a9693132efeb2f793c4011a7d23
2026-09-05T01:26:41.957358+00:00,ankara|2026_09_06|highest_temperature|c|ltac,962811,4207304,Ankara,LTAC,NOAA_NWS,2026-09-06,highest_temperature,C,exact,35.0,35.0,35.0,35°C,0.001,0.999,,0.002,,134.869,4564.52622,True,True,0x08329134e339e234c733d499f104bba348d1ff84a760813b40b07ede087e3b80
2026-09-05T01:26:41.957489+00:00,ankara|2026_09_06|highest_temperature|c|ltac,962811,4207305,Ankara,LTAC,NOAA_NWS,2026-09-06,highest_temperature,C,or_higher,36.0,36.0,,36°C or higher,0.0005,0.9995,,0.001,,124.991,4327.48982,True,True,0x74e14f14fde8d7e2a198965461afe052a70e576a8a6f013a8a5bfb5560f0fc4c
2026-09-05T01:26:41.957603+00:00,wellington|2026_09_06|highest_temperature|c|nzwn,962812,4207306,Wellington,NZWN,NOAA_NWS,2026-09-06,highest_temperature,C,or_lower,9.0,,9.0,9°C or below,0.0005,0.9995,,0.001,,198.982,4686.84544,True,True,0xafdc6a53ac76ba7988176cc889482e97053e77ef8a485e83bf0e05a8646879f4
2026-09-05T01:26:41.957713+00:00,wellington|2026_09_06|highest_temperature|c|nzwn,962812,4207307,Wellington,NZWN,NOAA_NWS,2026-09-06,highest_temperature,C,exact,10.0,10.0,10.0,10°C,0.0005,0.9995,,0.001,,188.997,4986.13506,True,True,0xc04d3190240d77b1d05652a7e77700312785676612f1a21f9e2600c1d2a04007
2026-09-05T01:26:41.957817+00:00,wellington|2026_09_06|highest_temperature|c|nzwn,962812,4207308,Wellington,NZWN,NOAA_NWS,2026-09-06,highest_temperature,C,exact,11.0,11.0,11.0,11°C,0.0035,0.9965,0.001,0.006,0.005,289.134298,4674.22492,True,True,0x7630a46cb850cee6dab99feafde17d305ab31a86268f1ed7898ceb3207a04d60
2026-09-05T01:26:41.957923+00:00,wellington|2026_09_06|highest_temperature|c|nzwn,962812,4207309,Wellington,NZWN,NOAA_NWS,2026-09-06,highest_temperature,C,exact,12.0,12.0,12.0,12°C,0.006,0.994,0.002,0.01,0.008,186.03303499999998,4918.83235,True,True,0x365f3298970bb379687c7909204e0815fc4118489896d418921e65f76a91ee6f
2026-09-05T01:26:41.958029+00:00,wellington|2026_09_06|highest_temperature|c|nzwn,962812,4207310,Wellington,NZWN,NOAA_NWS,2026-09-06,highest_temperature,C,exact,13.0,13.0,13.0,13°C,0.008,0.992,0.005,0.011,0.005999999999999999,210.191783,3321.49996,True,True,0xa85894e6fa387fb057b9d8bc6f63b8c15caec42916b0d0526d1e211949e49d84
2026-09-05T01:26:41.958136+00:00,wellington|2026_09_06|highest_temperature|c|nzwn,962812,4207311,Wellington,NZWN,NOAA_NWS,2026-09-06,highest_temperature,C,exact,14.0,14.0,14.0,14°C,0.045,0.955,0.04,0.05,0.010000000000000002,2465.758254,4307.1727,True,True,0xd963f639b7065b4debe384d0ed449f690768cbba404a5dae68aa2c0b57e091f3
2026-09-05T01:26:41.958252+00:00,wellington|2026_09_06|highest_temperature|c|nzwn,962812,4207312,Wellington,NZWN,NOAA_NWS,2026-09-06,highest_temperature,C,exact,15.0,15.0,15.0,15°C,0.605,0.395,0.6,0.61,0.010000000000000009,1164.8935060000001,6241.0513,True,True,0xc187b666a887caf5ab9b557a6f8657df50d7f478368aa70f596f7f4ef0720984
2026-09-05T01:26:41.958377+00:00,wellington|2026_09_06|highest_temperature|c|nzwn,962812,4207313,Wellington,NZWN,NOAA_NWS,2026-09-06,highest_temperature,C,exact,16.0,16.0,16.0,16°C,0.315,0.685,0.31,0.32,0.010000000000000009,960.086383,7854.1478,True,True,0x09958b78c12c190eff57e0605ded3e7c9cad8c8b81f2a623a8e29b4c3ab8c3ba
2026-09-05T01:26:41.958495+00:00,wellington|2026_09_06|highest_temperature|c|nzwn,962812,4207314,Wellington,NZWN,NOAA_NWS,2026-09-06,highest_temperature,C,exact,17.0,17.0,17.0,17°C,0.045,0.955,0.04,0.05,0.010000000000000002,162.773725,3304.488,True,True,0x1326a62bdd0159d835217f3ca18514a0b27c688024e86d82120033c314a6bca0
2026-09-05T01:26:41.958602+00:00,wellington|2026_09_06|highest_temperature|c|nzwn,962812,4207315,Wellington,NZWN,NOAA_NWS,2026-09-06,highest_temperature,C,exact,18.0,18.0,18.0,18°C,0.01,0.99,,0.02,,26.707,3597.9225,True,True,0xfae66d0bf43733dd612c20b3a37447afe0185875a8451d6093332c0b58ad4599
2026-09-05T01:26:41.958709+00:00,wellington|2026_09_06|highest_temperature|c|nzwn,962812,4207316,Wellington,NZWN,NOAA_NWS,2026-09-06,highest_temperature,C,or_higher,19.0,19.0,,19°C or higher,0.0005,0.9995,,0.001,,404.97422700000004,3794.6017,True,True,0x7fa7dd2dff45e2f0c9cea6f9556cb6d7dd52b7cc54cf84a383bfce1253f61fc5
2026-09-05T01:26:41.958821+00:00,lucknow|2026_09_06|highest_temperature|c|vilk,962813,4207317,Lucknow,VILK,NOAA_NWS,2026-09-06,highest_temperature,C,or_lower,24.0,,24.0,24°C or below,0.0005,0.9995,,0.001,,394.93080000000003,3125.96257,True,True,0xf34fd7edf2fa8c72d252ffec798392f413593fe4607335a1e7196ca86dbe4292
2026-09-05T01:26:41.958930+00:00,lucknow|2026_09_06|highest_temperature|c|vilk,962813,4207318,Lucknow,VILK,NOAA_NWS,2026-09-06,highest_temperature,C,exact,25.0,25.0,25.0,25°C,0.0005,0.9995,,0.001,,135.0,3633.55263,True,True,0x815ce488d8801862576e26a4fc78b83de5614d8743fdeb971b391ad3ab221d90
2026-09-05T01:26:41.959034+00:00,lucknow|2026_09_06|highest_temperature|c|vilk,962813,4207319,Lucknow,VILK,NOAA_NWS,2026-09-06,highest_temperature,C,exact,26.0,26.0,26.0,26°C,0.0015,0.9985,0.001,0.002,0.001,262.001,3792.13391,True,True,0x9a9ac2ce2a42626ac629a1df724b334f9ffcfd8be0bb8eeee4c983aa9981148d
2026-09-05T01:26:41.959138+00:00,lucknow|2026_09_06|highest_temperature|c|vilk,962813,4207320,Lucknow,VILK,NOAA_NWS,2026-09-06,highest_temperature,C,exact,27.0,27.0,27.0,27°C,0.0045,0.9955,0.001,0.008,0.007,161.00100000000003,3265.72893,True,True,0xe8cd4e5009b0055df70a4bf2b4d536cb45eecabbf8d379140818d2cc3d2b616b
2026-09-05T01:26:41.959252+00:00,lucknow|2026_09_06|highest_temperature|c|vilk,962813,4207321,Lucknow,VILK,NOAA_NWS,2026-09-06,highest_temperature,C,exact,28.0,28.0,28.0,28°C,0.02,0.98,0.01,0.03,0.019999999999999997,344.39285000000007,3181.311,True,True,0x4d1f29416f8f2ef9a316717dab01c1e9ec290c7f00a9341ef1c3b8c75f6d50d9
2026-09-05T01:26:41.959381+00:00,lucknow|2026_09_06|highest_temperature|c|vilk,962813,4207322,Lucknow,VILK,NOAA_NWS,2026-09-06,highest_temperature,C,exact,29.0,29.0,29.0,29°C,0.075,0.925,0.05,0.1,0.05,477.611083,2892.5462,True,True,0xe5eff3866f76d09ebb0d224ca042cdbec728ef303a1ca3576c98daaa59277f8f
2026-09-05T01:26:41.959493+00:00,lucknow|2026_09_06|highest_temperature|c|vilk,962813,4207323,Lucknow,VILK,NOAA_NWS,2026-09-06,highest_temperature,C,exact,30.0,30.0,30.0,30°C,0.29,0.71,0.28,0.3,0.019999999999999962,100.348027,22379.975,True,True,0x3b8ec36e128c364df62d6cd5846dec32e74ba7ef06cd5a4b7df390a2eac907f6
2026-09-05T01:26:41.959599+00:00,lucknow|2026_09_06|highest_temperature|c|vilk,962813,4207324,Lucknow,VILK,NOAA_NWS,2026-09-06,highest_temperature,C,exact,31.0,31.0,31.0,31°C,0.44,0.56,0.42,0.46,0.040000000000000036,281.586367,19509.6626,True,True,0x10da9e475d4f6d57ba41edf61274390727491c7ccb443a6524fe9ed460d6d0f9
2026-09-05T01:26:41.959703+00:00,lucknow|2026_09_06|highest_temperature|c|vilk,962813,4207325,Lucknow,VILK,NOAA_NWS,2026-09-06,highest_temperature,C,exact,32.0,32.0,32.0,32°C,0.155,0.845,0.15,0.16,0.010000000000000009,86.70150799999999,3800.5477,True,True,0x93b7e0f34c0c747bb1db8685de8f23af96589a1f2e4f35d3f7c44d43d0b2dbb1
2026-09-05T01:26:41.959807+00:00,lucknow|2026_09_06|highest_temperature|c|vilk,962813,4207326,Lucknow,VILK,NOAA_NWS,2026-09-06,highest_temperature,C,exact,33.0,33.0,33.0,33°C,0.04,0.96,0.03,0.05,0.020000000000000004,8.2474,2927.494,True,True,0x92926f1e2d432e40438bb94de5ff76e3d1a8354a16c98bc0f483e68e9af090f5
2026-09-05T01:26:41.959910+00:00,lucknow|2026_09_06|highest_temperature|c|vilk,962813,4207327,Lucknow,VILK,NOAA_NWS,2026-09-06,highest_temperature,C,or_higher,34.0,34.0,,34°C or higher,0.025,0.975,0.02,0.03,0.009999999999999998,91.3073,2350.382,True,True,0x8db350ccd2c3c64e2de8ca3006fe4ad8b6764b60331a2ff77524dbba2afd070f
2026-09-05T01:26:41.960026+00:00,munich|2026_09_06|highest_temperature|c|eddm,962814,4207328,Munich,EDDM,NOAA_NWS,2026-09-06,highest_temperature,C,or_lower,18.0,,18.0,18°C or below,0.0015,0.9985,0.001,0.002,0.001,349.967,4630.95027,True,True,0xd15cefd47d4a3bde16d2bdbabe4d6fb1754650f608e1e38c14239907fef8c986
2026-09-05T01:26:41.960139+00:00,munich|2026_09_06|highest_temperature|c|eddm,962814,4207329,Munich,EDDM,NOAA_NWS,2026-09-06,highest_temperature,C,exact,19.0,19.0,19.0,19°C,0.002,0.998,0.001,0.003,0.002,15050.608,3222.75933,True,True,0xca96355d145f2f5f6523882abc0846d233f65de8421f6d8a56ac71258a69c846
2026-09-05T01:26:41.960244+00:00,munich|2026_09_06|highest_temperature|c|eddm,962814,4207330,Munich,EDDM,NOAA_NWS,2026-09-06,highest_temperature,C,exact,20.0,20.0,20.0,20°C,0.0065,0.9935,0.003,0.01,0.007,110.36976600000001,3006.17015,True,True,0xed12bfc268c2c0eb1cabbc63821e37eedf2375ae129b6427ecf3d1df40593048
2026-09-05T01:26:41.960347+00:00,munich|2026_09_06|highest_temperature|c|eddm,962814,4207331,Munich,EDDM,NOAA_NWS,2026-09-06,highest_temperature,C,exact,21.0,21.0,21.0,21°C,0.015,0.985,0.01,0.02,0.01,63.141400000000004,3195.1363,True,True,0x3570fe94a5a6c3929930505a05054f82e980c54957aee69dcdab80a38211fec3
2026-09-05T01:26:41.960474+00:00,munich|2026_09_06|highest_temperature|c|eddm,962814,4207332,Munich,EDDM,NOAA_NWS,2026-09-06,highest_temperature,C,exact,22.0,22.0,22.0,22°C,0.035,0.965,0.03,0.04,0.010000000000000002,270.997982,2553.2489,True,True,0x4ef6c471720e23269a66615d73612131dde724c6fb409a8ed69162ca2403c070
2026-09-05T01:26:41.960581+00:00,munich|2026_09_06|highest_temperature|c|eddm,962814,4207333,Munich,EDDM,NOAA_NWS,2026-09-06,highest_temperature,C,exact,23.0,23.0,23.0,23°C,0.185,0.815,0.18,0.19,0.010000000000000009,493.878199,3150.1412,True,True,0x119909b2b1448deb50ea828dc46d3db0c5117077c9b877a3765b02236e407005
2026-09-05T01:26:41.960685+00:00,munich|2026_09_06|highest_temperature|c|eddm,962814,4207334,Munich,EDDM,NOAA_NWS,2026-09-06,highest_temperature,C,exact,24.0,24.0,24.0,24°C,0.51,0.49,0.5,0.52,0.020000000000000018,656.912477,6350.3475,True,True,0xa932f4fe421f36c99996221f28318cbdea8acf7b9eca51c630513507f03155b9
2026-09-05T01:26:41.960789+00:00,munich|2026_09_06|highest_temperature|c|eddm,962814,4207335,Munich,EDDM,NOAA_NWS,2026-09-06,highest_temperature,C,exact,25.0,25.0,25.0,25°C,0.195,0.805,0.19,0.2,0.010000000000000009,302.99505,3078.3231,True,True,0x9ec47f18066df2737696bcee004d4e6c30438f1f38d256e701c4eecc6959fe8e
2026-09-05T01:26:41.960894+00:00,munich|2026_09_06|highest_temperature|c|eddm,962814,4207336,Munich,EDDM,NOAA_NWS,2026-09-06,highest_temperature,C,exact,26.0,26.0,26.0,26°C,0.035,0.965,0.03,0.04,0.010000000000000002,6.0814,2251.7183,True,True,0xecc7a963594bae29ab7b307b9aabaa3cc1643c4a496b53d8c7a34c923b4fcf56
2026-09-05T01:26:41.961005+00:00,munich|2026_09_06|highest_temperature|c|eddm,962814,4207337,Munich,EDDM,NOAA_NWS,2026-09-06,highest_temperature,C,exact,27.0,27.0,27.0,27°C,0.006,0.994,0.002,0.01,0.008,1.002,2163.90464,True,True,0x31f79158f4e472b9e11464fe88fa72c1b5b8f9bb2b08bb1faa465debb9a1dd83
2026-09-05T01:26:41.961110+00:00,munich|2026_09_06|highest_temperature|c|eddm,962814,4207338,Munich,EDDM,NOAA_NWS,2026-09-06,highest_temperature,C,or_higher,28.0,28.0,,28°C or higher,0.015,0.985,,0.03,,5.0,2348.4897,True,True,0xce6ba8313466bd77155769d548adbadf9a951ffd51ef3dd5d95ebdc88b4b6685
2026-09-05T01:26:41.961218+00:00,tel_aviv|2026_09_06|highest_temperature|c|unknown,962815,4207339,Tel Aviv,,,2026-09-06,highest_temperature,C,or_lower,28.0,,28.0,28°C or below,0.005,0.995,0.001,0.009,0.008,105.592,4257.85782,True,True,0xc69d25b30860e3bcb396f3bdc60772982accd8e2c2e3f02eb1de15b6925cf1ae
2026-09-05T01:26:41.961328+00:00,tel_aviv|2026_09_06|highest_temperature|c|unknown,962815,4207340,Tel Aviv,,,2026-09-06,highest_temperature,C,exact,29.0,29.0,29.0,29°C,0.0105,0.9895,0.001,0.02,0.019,254.6175,4202.81633,True,True,0x1e9781ff7b996a73b7cdead08d82e3c50830fd3449015e57e769999f2205b716
2026-09-05T01:26:41.961454+00:00,tel_aviv|2026_09_06|highest_temperature|c|unknown,962815,4207341,Tel Aviv,,,2026-09-06,highest_temperature,C,exact,30.0,30.0,30.0,30°C,0.025,0.975,0.01,0.04,0.03,877.353126,4930.9842,True,True,0xb0a27fd4793ce9420d5e9f97abfd4db02874e8fd08c4bef20b98e51501dc7ad5
2026-09-05T01:26:41.961562+00:00,tel_aviv|2026_09_06|highest_temperature|c|unknown,962815,4207342,Tel Aviv,,,2026-09-06,highest_temperature,C,exact,31.0,31.0,31.0,31°C,0.55,0.45,0.54,0.56,0.020000000000000018,2459.903199,19160.1926,True,True,0x739acea040180180234bdb38bb88b01e502c8d1c0a022656ac7906aa2611c898
2026-09-05T01:26:41.961669+00:00,tel_aviv|2026_09_06|highest_temperature|c|unknown,962815,4207343,Tel Aviv,,,2026-09-06,highest_temperature,C,exact,32.0,32.0,32.0,32°C,0.425,0.575,0.42,0.43,0.010000000000000009,2314.185352,16238.0203,True,True,0x33bc701ccea324b42d48a1562860bd54ed450d0626a237346da0531f6846d1cc
2026-09-05T01:26:41.961779+00:00,tel_aviv|2026_09_06|highest_temperature|c|unknown,962815,4207344,Tel Aviv,,,2026-09-06,highest_temperature,C,exact,33.0,33.0,33.0,33°C,0.015,0.985,0.01,0.02,0.01,691.944416,4931.8356,True,True,0x8b427cd3f5492bd36ea7346e61f2e3435ec257ac023993c6b829711c9df0679d
2026-09-05T01:26:41.961887+00:00,tel_aviv|2026_09_06|highest_temperature|c|unknown,962815,4207345,Tel Aviv,,,2026-09-06,highest_temperature,C,exact,34.0,34.0,34.0,34°C,0.0035,0.9965,0.003,0.004,0.001,585.4085729999996,4351.10406,True,True,0xd49b305f44e14c15177724f4a61dba96def3c6ddc3ff3852875e390499200d54
2026-09-05T01:26:41.961992+00:00,tel_aviv|2026_09_06|highest_temperature|c|unknown,962815,4207346,Tel Aviv,,,2026-09-06,highest_temperature,C,exact,35.0,35.0,35.0,35°C,0.0045,0.9955,0.001,0.008,0.007,570.5066279999999,4176.71041,True,True,0xfe2504e4638d8eebd504c21063cb6f9e1792709b871be0df0cd4cc3f35e1b712
2026-09-05T01:26:41.962096+00:00,tel_aviv|2026_09_06|highest_temperature|c|unknown,962815,4207347,Tel Aviv,,,2026-09-06,highest_temperature,C,exact,36.0,36.0,36.0,36°C,0.002,0.998,0.001,0.003,0.002,431.98460100000005,4493.90593,True,True,0x3f688e09ee71f30139fcd1fab7b1b2ac8aa79e6b5e1d8feff220684bef0db960
2026-09-05T01:26:41.962200+00:00,tel_aviv|2026_09_06|highest_temperature|c|unknown,962815,4207348,Tel Aviv,,,2026-09-06,highest_temperature,C,exact,37.0,37.0,37.0,37°C,0.002,0.998,0.001,0.003,0.002,677.974,5181.23675,True,True,0xe53587803046a667205a5ab4936b09c93b8758239d2f0824e52afb81dc3ce5fe
2026-09-05T01:26:41.962302+00:00,tel_aviv|2026_09_06|highest_temperature|c|unknown,962815,4207349,Tel Aviv,,,2026-09-06,highest_temperature,C,or_higher,38.0,38.0,,38°C or higher,0.0005,0.9995,,0.001,,134.999,4419.88447,True,True,0x2892eff63d47c53c7ab412a3c9c2ec8b7eeac141b2c5a697f757c89f82c58ff6
2026-09-05T01:26:41.962430+00:00,tokyo|2026_09_06|highest_temperature|c|rjtt,962816,4207350,Tokyo,RJTT,NOAA_NWS,2026-09-06,highest_temperature,C,or_lower,19.0,,19.0,19°C or below,0.0015,0.9985,0.001,0.002,0.001,654.2559999999999,3721.51481,True,True,0xfa15c1dbb733e6d2d5aa3c16dad3931ab4246a584788c55209cfafcb802ff248
2026-09-05T01:26:41.962543+00:00,tokyo|2026_09_06|highest_temperature|c|rjtt,962816,4207351,Tokyo,RJTT,NOAA_NWS,2026-09-06,highest_temperature,C,exact,20.0,20.0,20.0,20°C,0.0015,0.9985,0.001,0.002,0.001,652.8435999999999,3831.5488,True,True,0x477427431ae6c36ee40510dcd926651029c373f6c8424f95728be5b731c51679
2026-09-05T01:26:41.962652+00:00,tokyo|2026_09_06|highest_temperature|c|rjtt,962816,4207352,Tokyo,RJTT,NOAA_NWS,2026-09-06,highest_temperature,C,exact,21.0,21.0,21.0,21°C,0.015,0.985,,0.03,,168.334175,2801.3495,True,True,0x8da9f507c6dd95a4782903e59223a3ab6723bde9f53d3464d0b98f8206874dde
2026-09-05T01:26:41.962761+00:00,tokyo|2026_09_06|highest_temperature|c|rjtt,962816,4207353,Tokyo,RJTT,NOAA_NWS,2026-09-06,highest_temperature,C,exact,22.0,22.0,22.0,22°C,0.045,0.955,0.03,0.06,0.03,362.966839,2917.1425,True,True,0xf276c48ead6d24c28d7d842c665c38d49de200a280515f63399ffa63268b75af
2026-09-05T01:26:41.962865+00:00,tokyo|2026_09_06|highest_temperature|c|rjtt,962816,4207354,Tokyo,RJTT,NOAA_NWS,2026-09-06,highest_temperature,C,exact,23.0,23.0,23.0,23°C,0.155,0.845,0.15,0.16,0.010000000000000009,1174.421989,3122.2296,True,True,0x4bd0e20e1b8534cc8029e3170a554900676efacc6f59a72ff00ce48c6d83e801
2026-09-05T01:26:41.962968+00:00,tokyo|2026_09_06|highest_temperature|c|rjtt,962816,4207355,Tokyo,RJTT,NOAA_NWS,2026-09-06,highest_temperature,C,exact,24.0,24.0,24.0,24°C,0.295,0.705,0.29,0.3,0.010000000000000009,661.083388,16918.6642,True,True,0x928d8a362e2af2950bb686e82523a1fbee69135e1e2b5dd13f8bedd60f4f3c35
2026-09-05T01:26:41.963076+00:00,tokyo|2026_09_06|highest_temperature|c|rjtt,962816,4207356,Tokyo,RJTT,NOAA_NWS,2026-09-06,highest_temperature,C,exact,25.0,25.0,25.0,25°C,0.29,0.71,0.28,0.3,0.019999999999999962,1035.238909,13766.822,True,True,0x8baf95656d1ddda9eca0070f65025943f7e68927ca3727537bae98454737d43c
2026-09-05T01:26:41.963180+00:00,tokyo|2026_09_06|highest_temperature|c|rjtt,962816,4207357,Tokyo,RJTT,NOAA_NWS,2026-09-06,highest_temperature,C,exact,26.0,26.0,26.0,26°C,0.155,0.845,0.15,0.16,0.010000000000000009,1381.13,3862.1403,True,True,0x4295e27f9cf1c1f0d6f00c41f3a05d91416502bf1c9ff888e58f2c3f9269c861
2026-09-05T01:26:41.963284+00:00,tokyo|2026_09_06|highest_temperature|c|rjtt,962816,4207358,Tokyo,RJTT,NOAA_NWS,2026-09-06,highest_temperature,C,exact,27.0,27.0,27.0,27°C,0.04,0.96,0.02,0.06,0.039999999999999994,409.83279099999993,3229.1391,True,True,0x58fc87527a07e735f5407b10d8403c01f008d2afcc5248d2445ff24ee86ea8f7
2026-09-05T01:26:41.963406+00:00,tokyo|2026_09_06|highest_temperature|c|rjtt,962816,4207359,Tokyo,RJTT,NOAA_NWS,2026-09-06,highest_temperature,C,exact,28.0,28.0,28.0,28°C,0.01,0.99,,0.02,,181.31320000000002,2898.3653,True,True,0xa14521e110c7f217c9e3dce3964eef16c29b9f60e65337f1e0acea6d4e627226
2026-09-05T01:26:41.963518+00:00,tokyo|2026_09_06|highest_temperature|c|rjtt,962816,4207360,Tokyo,RJTT,NOAA_NWS,2026-09-06,highest_temperature,C,or_higher,29.0,29.0,,29°C or higher,0.0015,0.9985,0.001,0.002,0.001,146.999,2061.79298,True,True,0xbea8dfb774c0fc16731b82c62600637622b78bcf1a10f6e1111b68c175b753f9
2026-09-05T01:26:41.963627+00:00,hong_kong|2026_09_06|highest_temperature|c|unknown,962817,4207361,Hong Kong,,,2026-09-06,highest_temperature,C,or_lower,25.0,,25.0,25°C or below,0.0005,0.9995,,0.001,,245.0,2826.70526,True,True,0x5adf0907bc7f5c714c02521d9b69f8f32a599454a1999573f93683ce1a4166b1
2026-09-05T01:26:41.963736+00:00,hong_kong|2026_09_06|highest_temperature|c|unknown,962817,4207362,Hong Kong,,,2026-09-06,highest_temperature,C,exact,26.0,26.0,26.0,26°C,0.0005,0.9995,,0.001,,124.997,2570.46797,True,True,0xfd9ed54d9162225e6e05107d6ec04f331ce0869d473d1d9030b842c3583b7a20
2026-09-05T01:26:41.963840+00:00,hong_kong|2026_09_06|highest_temperature|c|unknown,962817,4207363,Hong Kong,,,2026-09-06,highest_temperature,C,exact,27.0,27.0,27.0,27°C,0.002,0.998,0.001,0.003,0.002,91.75299999999999,3521.08403,True,True,0x7b23eff39ac8ec5e6fa4dc6d83a59eb24b8daae0c517be8c133c9b82de8dac82
2026-09-05T01:26:41.963944+00:00,hong_kong|2026_09_06|highest_temperature|c|unknown,962817,4207364,Hong Kong,,,2026-09-06,highest_temperature,C,exact,28.0,28.0,28.0,28°C,0.025,0.975,0.02,0.03,0.009999999999999998,283.61,2968.0878,True,True,0xeccec45f7740013d7575b1cb606fffe400e2d2f2e3553801a566a31280e585e1
2026-09-05T01:26:41.964047+00:00,hong_kong|2026_09_06|highest_temperature|c|unknown,962817,4207365,Hong Kong,,,2026-09-06,highest_temperature,C,exact,29.0,29.0,29.0,29°C,0.14,0.86,0.13,0.15,0.01999999999999999,675.042553,3541.2913,True,True,0x577e487931b575d80cbba5592dbeef56a2901f3949b73633af4d3a5b45532432
2026-09-05T01:26:41.964150+00:00,hong_kong|2026_09_06|highest_temperature|c|unknown,962817,4207366,Hong Kong,,,2026-09-06,highest_temperature,C,exact,30.0,30.0,30.0,30°C,0.355,0.645,0.35,0.36,0.010000000000000009,56.544101,4838.9204,True,True,0x33f5b65140f167b97d5a836116a9c42779be3daa559d9f1905716f29479166db
2026-09-05T01:26:41.964254+00:00,hong_kong|2026_09_06|highest_temperature|c|unknown,962817,4207367,Hong Kong,,,2026-09-06,highest_temperature,C,exact,31.0,31.0,31.0,31°C,0.375,0.625,0.37,0.38,0.010000000000000009,310.1478,6706.0948,True,True,0xf61163ff94ad6faf9d6268a17bc4993f432a8612a5f92252f2111cdf1a1ae148
2026-09-05T01:26:41.964380+00:00,hong_kong|2026_09_06|highest_temperature|c|unknown,962817,4207368,Hong Kong,,,2026-09-06,highest_temperature,C,exact,32.0,32.0,32.0,32°C,0.105,0.895,0.09,0.12,0.03,727.1710059999999,3436.9085,True,True,0xa4515b758a1a8ae51517d1d15d26af5959a0bedc8e3f3c523d9511e98235da6c
2026-09-05T01:26:41.964495+00:00,hong_kong|2026_09_06|highest_temperature|c|unknown,962817,4207369,Hong Kong,,,2026-09-06,highest_temperature,C,exact,33.0,33.0,33.0,33°C,0.025,0.975,0.02,0.03,0.009999999999999998,67.377191,3192.6194,True,True,0x026aa8b88359883a31b87ec76b5040592d8f94b930114c1f3d169bcb3b525399
2026-09-05T01:26:41.964603+00:00,hong_kong|2026_09_06|highest_temperature|c|unknown,962817,4207370,Hong Kong,,,2026-09-06,highest_temperature,C,exact,34.0,34.0,34.0,34°C,0.0075,0.9925,0.005,0.01,0.005,40.0496,3385.49239,True,True,0xfb6ccb1534e4a312afd9687d46ef87657398e2c7a289a01f8255376b6b53e7fb
2026-09-05T01:26:41.964709+00:00,hong_kong|2026_09_06|highest_temperature|c|unknown,962817,4207371,Hong Kong,,,2026-09-06,highest_temperature,C,or_higher,35.0,35.0,,35°C or higher,0.003,0.997,0.001,0.005,0.004,29.11,2773.25909,True,True,0x86cf336a92c1463178f4431f2071ab7ec46fe55738244b15d0cc64857d061739
2026-09-05T01:26:41.964820+00:00,shanghai|2026_09_06|highest_temperature|c|zspd,962818,4207372,Shanghai,ZSPD,NOAA_NWS,2026-09-06,highest_temperature,C,or_lower,25.0,,25.0,25°C or below,0.0005,0.9995,,0.001,,230.987,2774.29657,True,True,0x4bee1a79efbc00d67cdca2234f947d15584bce3684acd58597b90c067fe9d54b
2026-09-05T01:26:41.964933+00:00,shanghai|2026_09_06|highest_temperature|c|zspd,962818,4207373,Shanghai,ZSPD,NOAA_NWS,2026-09-06,highest_temperature,C,exact,26.0,26.0,26.0,26°C,0.001,0.999,,0.002,,132.74300000000002,2193.29592,True,True,0xa64589a2d92fb6d1ab3cca8f982d7060845f2e58af5e359967f3406794114758
2026-09-05T01:26:41.965038+00:00,shanghai|2026_09_06|highest_temperature|c|zspd,962818,4207374,Shanghai,ZSPD,NOAA_NWS,2026-09-06,highest_temperature,C,exact,27.0,27.0,27.0,27°C,0.015,0.985,0.01,0.02,0.01,953.124908,4236.7387,True,True,0x5a8f51d073ed96dfc3281ff215991e3932dc556a2a496b398cb3d87d52a1ea39
2026-09-05T01:26:41.965142+00:00,shanghai|2026_09_06|highest_temperature|c|zspd,962818,4207375,Shanghai,ZSPD,NOAA_NWS,2026-09-06,highest_temperature,C,exact,28.0,28.0,28.0,28°C,0.04,0.96,0.03,0.05,0.020000000000000004,1506.390756,4349.4954,True,True,0xa4a46d53a83e51eb127589badfd4f05beed356f4bae5b8d10061fa892f61a1a4
2026-09-05T01:26:41.965253+00:00,shanghai|2026_09_06|highest_temperature|c|zspd,962818,4207376,Shanghai,ZSPD,NOAA_NWS,2026-09-06,highest_temperature,C,exact,29.0,29.0,29.0,29°C,0.265,0.735,0.25,0.28,0.030000000000000027,452.958867,28612.126,True,True,0x62e97ad827d84051b3e49cca0f6a1e6a9ceb47cee4a7966f5ff75dd32d2d1dbb
2026-09-05T01:26:41.965383+00:00,shanghai|2026_09_06|highest_temperature|c|zspd,962818,4207377,Shanghai,ZSPD,NOAA_NWS,2026-09-06,highest_temperature,C,exact,30.0,30.0,30.0,30°C,0.515,0.485,0.51,0.52,0.010000000000000009,1033.229397,8486.4913,True,True,0x6be3109900a05b0e20eb5088c36c3bf50a9ea062bc8364e1b69a84ccc0a6c718
2026-09-05T01:26:41.965497+00:00,shanghai|2026_09_06|highest_temperature|c|zspd,962818,4207378,Shanghai,ZSPD,NOAA_NWS,2026-09-06,highest_temperature,C,exact,31.0,31.0,31.0,31°C,0.145,0.855,0.13,0.16,0.03,949.2211179999999,3848.1163,True,True,0x09fcefafbb948f14f621a761a7b97b867e6c4548956cdcf5d35f5c46e3d104ad
2026-09-05T01:26:41.965603+00:00,shanghai|2026_09_06|highest_temperature|c|zspd,962818,4207379,Shanghai,ZSPD,NOAA_NWS,2026-09-06,highest_temperature,C,exact,32.0,32.0,32.0,32°C,0.015,0.985,0.01,0.02,0.01,487.120331,3331.0742,True,True,0xa8102ed6f42e6e6b5d0d0917a336981475414272367a5df6d33203911b908975
2026-09-05T01:26:41.965708+00:00,shanghai|2026_09_06|highest_temperature|c|zspd,962818,4207380,Shanghai,ZSPD,NOAA_NWS,2026-09-06,highest_temperature,C,exact,33.0,33.0,33.0,33°C,0.001,0.999,,0.002,,190.988,2682.24341,True,True,0xbdd673494093c395656925651506e082af408778235cd7aceff026b1938c3608
2026-09-05T01:26:41.965814+00:00,shanghai|2026_09_06|highest_temperature|c|zspd,962818,4207381,Shanghai,ZSPD,NOAA_NWS,2026-09-06,highest_temperature,C,exact,34.0,34.0,34.0,34°C,0.0015,0.9985,0.001,0.002,0.001,176.448,3739.48216,True,True,0x5ecde3cad8ea8c50716540fe81d41164ccb23ff6901d697226961727b0de38b3
2026-09-05T01:26:41.965920+00:00,shanghai|2026_09_06|highest_temperature|c|zspd,962818,4207382,Shanghai,ZSPD,NOAA_NWS,2026-09-06,highest_temperature,C,or_higher,35.0,35.0,,35°C or higher,0.0005,0.9995,,0.001,,228.58699999999996,3462.96462,True,True,0x524bf93b4bfeceaf9065ac401079c5b4475bd3c76d22e4de3060430925009be4
2026-09-05T01:26:41.966029+00:00,singapore|2026_09_06|highest_temperature|c|wsss,962819,4207383,Singapore,WSSS,NOAA_NWS,2026-09-06,highest_temperature,C,or_lower,28.0,,28.0,28°C or below,0.0005,0.9995,,0.001,,254.997,3686.92357,True,True,0xe43ece8b3ab9927746d9fcd42f12138531a8f428a5fd219c797bb02e1090288e
2026-09-05T01:26:41.966142+00:00,singapore|2026_09_06|highest_temperature|c|wsss,962819,4207384,Singapore,WSSS,NOAA_NWS,2026-09-06,highest_temperature,C,exact,29.0,29.0,29.0,29°C,0.0025,0.9975,0.002,0.003,0.001,193.15800000000002,3659.87571,True,True,0x9ecb69ed73c212558178f317425a0bc80dc7ae5ee0c1f6e321790558cf0238d6
2026-09-05T01:26:41.966250+00:00,singapore|2026_09_06|highest_temperature|c|wsss,962819,4207385,Singapore,WSSS,NOAA_NWS,2026-09-06,highest_temperature,C,exact,30.0,30.0,30.0,30°C,0.015,0.985,0.01,0.02,0.01,412.39439999999996,3060.9091,True,True,0x0b44d88986566fb1b4b891e3a080373cbcff2ba026b5a13b57740eb69e149f75
2026-09-05T01:26:41.966356+00:00,singapore|2026_09_06|highest_temperature|c|wsss,962819,4207386,Singapore,WSSS,NOAA_NWS,2026-09-06,highest_temperature,C,exact,31.0,31.0,31.0,31°C,0.0115,0.9885,0.005,0.018,0.012999999999999998,799.35,4158.43785,True,True,0xc166eb18c237843bf96d73d6e0719c80859cf5505db6888ec4a0534456a3bf74
2026-09-05T01:26:41.966485+00:00,singapore|2026_09_06|highest_temperature|c|wsss,962819,4207387,Singapore,WSSS,NOAA_NWS,2026-09-06,highest_temperature,C,exact,32.0,32.0,32.0,32°C,0.155,0.845,0.15,0.16,0.010000000000000009,600.093594,5453.7901,True,True,0x12e0dd617254fe6d28a138194159d86e8c478229d38ae3948cced803f261b14f
2026-09-05T01:26:41.966595+00:00,singapore|2026_09_06|highest_temperature|c|wsss,962819,4207388,Singapore,WSSS,NOAA_NWS,2026-09-06,highest_temperature,C,exact,33.0,33.0,33.0,33°C,0.695,0.305,0.69,0.7,0.010000000000000009,695.5348640000001,13301.8246,True,True,0xd42ea07e5a26b24715974e40df59ee8241d0297028a657bf41c539ab7be79297
2026-09-05T01:26:41.966701+00:00,singapore|2026_09_06|highest_temperature|c|wsss,962819,4207390,Singapore,WSSS,NOAA_NWS,2026-09-06,highest_temperature,C,exact,34.0,34.0,34.0,34°C,0.065,0.935,0.06,0.07,0.010000000000000009,1579.103544,5142.9316,True,True,0xc03d56e3b40eba3d2e2b2b128c67ce392aa08a165b19ac98d9ce2060eb898999
2026-09-05T01:26:41.966811+00:00,singapore|2026_09_06|highest_temperature|c|wsss,962819,4207393,Singapore,WSSS,NOAA_NWS,2026-09-06,highest_temperature,C,exact,35.0,35.0,35.0,35°C,0.0135,0.9865,0.009,0.018,0.009,162.00900000000001,2592.22979,True,True,0xff066ae35b7d262faeccbd85a713a6ac8017704d71fb6d0c6cdb7855149207fa
2026-09-05T01:26:41.966919+00:00,singapore|2026_09_06|highest_temperature|c|wsss,962819,4207394,Singapore,WSSS,NOAA_NWS,2026-09-06,highest_temperature,C,exact,36.0,36.0,36.0,36°C,0.006,0.994,0.002,0.01,0.008,15.9781,2627.44512,True,True,0x101a9ba1201dc13d1538919bb9d827554a316706dec9b879a147816ef4a10490
2026-09-05T01:26:41.967026+00:00,singapore|2026_09_06|highest_temperature|c|wsss,962819,4207395,Singapore,WSSS,NOAA_NWS,2026-09-06,highest_temperature,C,exact,37.0,37.0,37.0,37°C,0.0035,0.9965,0.001,0.006,0.005,15693.9765,3612.93742,True,True,0x8f791d11ba6424305bee2ce4946cdb6ae51f80c57149d7b5c07c0aa4ff22f690
2026-09-05T01:26:41.967136+00:00,singapore|2026_09_06|highest_temperature|c|wsss,962819,4207396,Singapore,WSSS,NOAA_NWS,2026-09-06,highest_temperature,C,or_higher,38.0,38.0,,38°C or higher,0.0015,0.9985,,0.003,,222.398,3323.70446,True,True,0x94354f077e063a19929e6f05465e2513fdc244a8fe67e936a623bbfbb4b7abfc
2026-09-05T01:26:41.967249+00:00,milan|2026_09_06|highest_temperature|c|limc,962828,4207402,Milan,LIMC,NOAA_NWS,2026-09-06,highest_temperature,C,or_lower,27.0,,27.0,27°C or below,0.0015,0.9985,0.001,0.002,0.001,125.998,2961.06938,True,True,0x832a8cdeabac28ad5badf96b7fd6f933bfcbd2e251351a8e4e7c229a1826077d
2026-09-05T01:26:41.967357+00:00,milan|2026_09_06|highest_temperature|c|limc,962828,4207403,Milan,LIMC,NOAA_NWS,2026-09-06,highest_temperature,C,exact,28.0,28.0,28.0,28°C,0.0045,0.9955,0.001,0.008,0.007,89.64399999999999,2887.25493,True,True,0x1651079952ef42e9e791aee9a11260b42861d285c55d45fdc16274e31f97606a
2026-09-05T01:26:41.967485+00:00,milan|2026_09_06|highest_temperature|c|limc,962828,4207404,Milan,LIMC,NOAA_NWS,2026-09-06,highest_temperature,C,exact,29.0,29.0,29.0,29°C,0.01,0.99,,0.02,,105.9901,2944.7763,True,True,0x07f2f4e13ed55545d5cc0c95e3756755ef2e3bccc3e5bfb13537ae6144e63dd5
2026-09-05T01:26:41.967596+00:00,milan|2026_09_06|highest_temperature|c|limc,962828,4207405,Milan,LIMC,NOAA_NWS,2026-09-06,highest_temperature,C,exact,30.0,30.0,30.0,30°C,0.04,0.96,0.03,0.05,0.020000000000000004,105.65,2858.1686,True,True,0xfe8f67a82aa3becb20c406a42b92109b594980be6faed095cb33ef2ddb8853de
2026-09-05T01:26:41.967701+00:00,milan|2026_09_06|highest_temperature|c|limc,962828,4207406,Milan,LIMC,NOAA_NWS,2026-09-06,highest_temperature,C,exact,31.0,31.0,31.0,31°C,0.31,0.69,0.3,0.32,0.020000000000000018,868.45375,4296.3593,True,True,0xca7d9b51e479ee0c138cbb66d3a9fe8885d5053a81cfcc7b713aaceec5c6c870
2026-09-05T01:26:41.967806+00:00,milan|2026_09_06|highest_temperature|c|limc,962828,4207407,Milan,LIMC,NOAA_NWS,2026-09-06,highest_temperature,C,exact,32.0,32.0,32.0,32°C,0.485,0.515,0.48,0.49,0.010000000000000009,306.594681,5966.3082,True,True,0xf5b33d5e3f1699b3a4762c8e9ac49842b40542d76eea01c9743d192286613ba0
2026-09-05T01:26:41.967915+00:00,milan|2026_09_06|highest_temperature|c|limc,962828,4207408,Milan,LIMC,NOAA_NWS,2026-09-06,highest_temperature,C,exact,33.0,33.0,33.0,33°C,0.14,0.86,0.13,0.15,0.01999999999999999,210.23014599999996,3425.9806,True,True,0x8e0bd87a18f3a81ac4eda4f3efc1e6862dc96d4074048cad5151aa8e59f6c0e9
2026-09-05T01:26:41.968021+00:00,milan|2026_09_06|highest_temperature|c|limc,962828,4207409,Milan,LIMC,NOAA_NWS,2026-09-06,highest_temperature,C,exact,34.0,34.0,34.0,34°C,0.035,0.965,0.03,0.04,0.010000000000000002,91.787099,3439.9045,True,True,0x16095c35c89e398b88e03d3389a92e50b4c2f8404543c4815f682c530917757d
2026-09-05T01:26:41.968126+00:00,milan|2026_09_06|highest_temperature|c|limc,962828,4207410,Milan,LIMC,NOAA_NWS,2026-09-06,highest_temperature,C,exact,35.0,35.0,35.0,35°C,0.01,0.99,,0.02,,142.0,2820.8309,True,True,0x25cd060402498823fb835bdbcf76f2f002536f7367eb3c844c7ffe54afdb6c25
2026-09-05T01:26:41.968231+00:00,milan|2026_09_06|highest_temperature|c|limc,962828,4207411,Milan,LIMC,NOAA_NWS,2026-09-06,highest_temperature,C,exact,36.0,36.0,36.0,36°C,0.01,0.99,,0.02,,100.0,3421.3211,True,True,0x993c84a2bb3f5a32b49698a89d7631e4a90ec077ab2efe5bbb69442067f81225
2026-09-05T01:26:41.968335+00:00,milan|2026_09_06|highest_temperature|c|limc,962828,4207412,Milan,LIMC,NOAA_NWS,2026-09-06,highest_temperature,C,or_higher,37.0,37.0,,37°C or higher,0.01,0.99,,0.02,,,2658.7159,True,True,0x2219b77bfdc119e1ff265bdc1bbc62f6024f195f6cac8aa09a1e26d573b59363
2026-09-05T01:26:41.968470+00:00,madrid|2026_09_06|highest_temperature|c|lemd,962829,4207413,Madrid,LEMD,NOAA_NWS,2026-09-06,highest_temperature,C,or_lower,33.0,,33.0,33°C or below,0.002,0.998,0.001,0.003,0.002,475.32724999999994,2378.33333,True,True,0xf51195f8f653c4c4d9a24fb3b1d5c1ff84f4fac76c80a70028bd633e080619ac
2026-09-05T01:26:41.968580+00:00,madrid|2026_09_06|highest_temperature|c|lemd,962829,4207414,Madrid,LEMD,NOAA_NWS,2026-09-06,highest_temperature,C,exact,34.0,34.0,34.0,34°C,0.01,0.99,0.001,0.019,0.018,293.1429,3708.75609,True,True,0xfab8d1362889bd588d84d0c46ecaf7c0b277047956e47979ba983a7f92701878
2026-09-05T01:26:41.968686+00:00,madrid|2026_09_06|highest_temperature|c|lemd,962829,4207415,Madrid,LEMD,NOAA_NWS,2026-09-06,highest_temperature,C,exact,35.0,35.0,35.0,35°C,0.04,0.96,0.03,0.05,0.020000000000000004,878.360726,3339.5597,True,True,0x0c58982235fb88a9fdcb209a608b0dca4bf7676447a440cd2b5dc6f0caaf2af9
2026-09-05T01:26:41.968795+00:00,madrid|2026_09_06|highest_temperature|c|lemd,962829,4207416,Madrid,LEMD,NOAA_NWS,2026-09-06,highest_temperature,C,exact,36.0,36.0,36.0,36°C,0.385,0.615,0.38,0.39,0.010000000000000009,1626.713348,8700.6119,True,True,0x8712dbe3a35ee1d99a002ac7922ddfb8d9b3dc7b156ec3939c7de46467097505
2026-09-05T01:26:41.968909+00:00,madrid|2026_09_06|highest_temperature|c|lemd,962829,4207417,Madrid,LEMD,NOAA_NWS,2026-09-06,highest_temperature,C,exact,37.0,37.0,37.0,37°C,0.415,0.585,0.41,0.42,0.010000000000000009,1320.233581,8396.7017,True,True,0x1279efb928f23f9d2bd12a896b7d0a5fe8c67c8356a9b6f53419ffb3a0362c38
2026-09-05T01:26:41.969014+00:00,madrid|2026_09_06|highest_temperature|c|lemd,962829,4207418,Madrid,LEMD,NOAA_NWS,2026-09-06,highest_temperature,C,exact,38.0,38.0,38.0,38°C,0.15,0.85,0.14,0.16,0.01999999999999999,1159.852257,3684.5178,True,True,0xf39ca6c19f3ec015809529285b12636c6242fa3f15b90a7fdc6c464e50d171e4
2026-09-05T01:26:41.969118+00:00,madrid|2026_09_06|highest_temperature|c|lemd,962829,4207419,Madrid,LEMD,NOAA_NWS,2026-09-06,highest_temperature,C,exact,39.0,39.0,39.0,39°C,0.01,0.99,0.003,0.017,0.014000000000000002,349.57910000000004,4469.62907,True,True,0xb29c577194ff92b1975c0b2a4786816484f68fdc7d67d320553eccf2f2fb319b
2026-09-05T01:26:41.969223+00:00,madrid|2026_09_06|highest_temperature|c|lemd,962829,4207420,Madrid,LEMD,NOAA_NWS,2026-09-06,highest_temperature,C,exact,40.0,40.0,40.0,40°C,0.0005,0.9995,,0.001,,249.994,4270.89149,True,True,0x294c88cf0f1c42642f73ae27d5db9d141d07b06bc59ea4cb341020e91f2e735b
2026-09-05T01:26:41.969334+00:00,madrid|2026_09_06|highest_temperature|c|lemd,962829,4207421,Madrid,LEMD,NOAA_NWS,2026-09-06,highest_temperature,C,exact,41.0,41.0,41.0,41°C,0.002,0.998,0.001,0.003,0.002,344.34499999999997,5307.84742,True,True,0xe74793020841a95b5c6c68522de90e936708ad09263c447ce9fde93f0cd22396
2026-09-05T01:26:41.969461+00:00,madrid|2026_09_06|highest_temperature|c|lemd,962829,4207422,Madrid,LEMD,NOAA_NWS,2026-09-06,highest_temperature,C,exact,42.0,42.0,42.0,42°C,0.0015,0.9985,,0.003,,199.0,4903.8639,True,True,0xcb40467c7d4bb6113fa15beb6bfad942dc077c1dc4c063eb2c8f0beb5d94de38
2026-09-05T01:26:41.969568+00:00,madrid|2026_09_06|highest_temperature|c|lemd,962829,4207423,Madrid,LEMD,NOAA_NWS,2026-09-06,highest_temperature,C,or_higher,43.0,43.0,,43°C or higher,0.001,0.999,,0.002,,188.98,5217.48318,True,True,0x8bf3263c2037dd82a517dd42c71b42a7bd21f34ff8bc80097014f4ac60aab71c
2026-09-05T01:26:41.969681+00:00,warsaw|2026_09_06|highest_temperature|c|epwa,962830,4207424,Warsaw,EPWA,NOAA_NWS,2026-09-06,highest_temperature,C,or_lower,14.0,,14.0,14°C or below,0.003,0.997,0.001,0.005,0.004,,2613.70501,True,True,0xe471cfd24a231bdd62a1e3fffe629ea0640e1b2aee7c7dfb8e8c3ec0380a8aad
2026-09-05T01:26:41.969794+00:00,warsaw|2026_09_06|highest_temperature|c|epwa,962830,4207425,Warsaw,EPWA,NOAA_NWS,2026-09-06,highest_temperature,C,exact,15.0,15.0,15.0,15°C,0.01,0.99,,0.02,,298.979,2523.3922,True,True,0xc722745bbe2e2dc65a655e92c064448f1bf328c8769a0cf9006d4f00f0c0b91b
2026-09-05T01:26:41.969899+00:00,warsaw|2026_09_06|highest_temperature|c|epwa,962830,4207426,Warsaw,EPWA,NOAA_NWS,2026-09-06,highest_temperature,C,exact,16.0,16.0,16.0,16°C,0.025,0.975,0.02,0.03,0.009999999999999998,,2422.0817,True,True,0x880c59344959b7b87b9d14a6a16e0ed3639642dbe10e05c11a92f891e5a6400e
2026-09-05T01:26:41.970002+00:00,warsaw|2026_09_06|highest_temperature|c|epwa,962830,4207427,Warsaw,EPWA,NOAA_NWS,2026-09-06,highest_temperature,C,exact,17.0,17.0,17.0,17°C,0.04,0.96,0.03,0.05,0.020000000000000004,84.16526,2722.4854,True,True,0xed348118c565e9af1bdf18d350f00e86a20ca632af0436002139b6c5f9e1f973
2026-09-05T01:26:41.970106+00:00,warsaw|2026_09_06|highest_temperature|c|epwa,962830,4207428,Warsaw,EPWA,NOAA_NWS,2026-09-06,highest_temperature,C,exact,18.0,18.0,18.0,18°C,0.295,0.705,0.29,0.3,0.010000000000000009,481.231072,4152.9093,True,True,0x2b43a7d7e29745f6d11151286b7bd764b2f8703098d261351647357ea98e8bd2
2026-09-05T01:26:41.970211+00:00,warsaw|2026_09_06|highest_temperature|c|epwa,962830,4207429,Warsaw,EPWA,NOAA_NWS,2026-09-06,highest_temperature,C,exact,19.0,19.0,19.0,19°C,0.435,0.565,0.43,0.44,0.010000000000000009,203.860549,21107.1256,True,True,0x15fdcb7bff02c8cb7f5a56b2eaa86f3bbb579570811001d2bcefaeeff8086065
2026-09-05T01:26:41.970321+00:00,warsaw|2026_09_06|highest_temperature|c|epwa,962830,4207430,Warsaw,EPWA,NOAA_NWS,2026-09-06,highest_temperature,C,exact,20.0,20.0,20.0,20°C,0.17,0.83,0.16,0.18,0.01999999999999999,500.386562,2683.1075,True,True,0x7d8dadc6852e68031fc29185301883086fc1cb8f65cad7a02cf066e4fcb6a736
2026-09-05T01:26:41.970447+00:00,warsaw|2026_09_06|highest_temperature|c|epwa,962830,4207431,Warsaw,EPWA,NOAA_NWS,2026-09-06,highest_temperature,C,exact,21.0,21.0,21.0,21°C,0.05,0.95,0.04,0.06,0.019999999999999997,71.286465,2812.6679,True,True,0xa40a29beedeee2d6132f5ea9f96ad920f8c0bd710b6a86ac6efcfed04ad3328a
2026-09-05T01:26:41.970556+00:00,warsaw|2026_09_06|highest_temperature|c|epwa,962830,4207432,Warsaw,EPWA,NOAA_NWS,2026-09-06,highest_temperature,C,exact,22.0,22.0,22.0,22°C,0.015,0.985,0.01,0.02,0.01,47.83540000000001,3623.6103,True,True,0xa1d1aea3b23acb9c29180feb5617c89a2e6a2894c0c4e723ce32a6e622feb863
2026-09-05T01:26:41.970660+00:00,warsaw|2026_09_06|highest_temperature|c|epwa,962830,4207433,Warsaw,EPWA,NOAA_NWS,2026-09-06,highest_temperature,C,exact,23.0,23.0,23.0,23°C,0.006,0.994,0.002,0.01,0.008,138.11623,4322.86956,True,True,0x3c46b72266f156deac76b6b917c320fd8b7c600571a1292e9dc3a7a5587b2169
2026-09-05T01:26:41.970769+00:00,warsaw|2026_09_06|highest_temperature|c|epwa,962830,4207434,Warsaw,EPWA,NOAA_NWS,2026-09-06,highest_temperature,C,or_higher,24.0,24.0,,24°C or higher,0.002,0.998,0.001,0.003,0.002,712.7118,5143.31207,True,True,0xa2398536e6b38f6c12b67d91219bc6d9bcfb518e1f4a7f2d0f8fed7fccd6a1ba
2026-09-05T01:26:41.970879+00:00,taipei|2026_09_06|highest_temperature|c|unknown,962831,4207435,Taipei,,WEATHER_UNDERGROUND,2026-09-06,highest_temperature,C,or_lower,24.0,,24.0,24°C or below,0.0015,0.9985,0.001,0.002,0.001,309.992083,1317.61059,True,True,0xbd75b6423e172f4dbef0647a347f150e777d2f2e65f7ad3a32763ca86e677ae3
2026-09-05T01:26:41.970988+00:00,taipei|2026_09_06|highest_temperature|c|unknown,962831,4207436,Taipei,,WEATHER_UNDERGROUND,2026-09-06,highest_temperature,C,exact,25.0,25.0,25.0,25°C,0.006,0.994,0.002,0.01,0.008,334.99,3057.88889,True,True,0xf084156f55f9c743cb93766cbc32406bb1f9a2ef9eb99845270af9dce89d131b
2026-09-05T01:26:41.971094+00:00,taipei|2026_09_06|highest_temperature|c|unknown,962831,4207437,Taipei,,WEATHER_UNDERGROUND,2026-09-06,highest_temperature,C,exact,26.0,26.0,26.0,26°C,0.0405,0.9595,0.032,0.049,0.017,318.39033900000004,2019.15803,True,True,0x9f279786548b1a08697ca7e19d83fce608a85bfc9f5843ce13c0a158ace9b7bb
2026-09-05T01:26:41.971199+00:00,taipei|2026_09_06|highest_temperature|c|unknown,962831,4207438,Taipei,,WEATHER_UNDERGROUND,2026-09-06,highest_temperature,C,exact,27.0,27.0,27.0,27°C,0.185,0.815,0.18,0.19,0.010000000000000009,468.6292619999999,11098.9575,True,True,0xb0b43da0a5bf0d6130ebb2f7b84827b67b985d49a89ec62ff1efa5f64e5d37ff
2026-09-05T01:26:41.971304+00:00,taipei|2026_09_06|highest_temperature|c|unknown,962831,4207439,Taipei,,WEATHER_UNDERGROUND,2026-09-06,highest_temperature,C,exact,28.0,28.0,28.0,28°C,0.24,0.76,0.23,0.25,0.01999999999999999,248.555516,10194.6295,True,True,0x9f83a91abe3f9f9c24ea021dda87636bc4412f1c79bd36aa1a6e27b2fd568be6
2026-09-05T01:26:41.971432+00:00,taipei|2026_09_06|highest_temperature|c|unknown,962831,4207440,Taipei,,WEATHER_UNDERGROUND,2026-09-06,highest_temperature,C,exact,29.0,29.0,29.0,29°C,0.26,0.74,0.25,0.27,0.020000000000000018,316.327417,7797.3735,True,True,0xf6850544c921878e5bcdbf4586515ad4f6014db943196cfddc76a535f27ed727
2026-09-05T01:26:41.971544+00:00,taipei|2026_09_06|highest_temperature|c|unknown,962831,4207441,Taipei,,WEATHER_UNDERGROUND,2026-09-06,highest_temperature,C,exact,30.0,30.0,30.0,30°C,0.16,0.84,0.15,0.17,0.020000000000000018,490.780908,2888.1451,True,True,0xf16efacd4e4c565eb49aea7aef6157607712ea78a9125f8ae0fc802dd78e7e5f
2026-09-05T01:26:41.971649+00:00,taipei|2026_09_06|highest_temperature|c|unknown,962831,4207442,Taipei,,WEATHER_UNDERGROUND,2026-09-06,highest_temperature,C,exact,31.0,31.0,31.0,31°C,0.055,0.945,0.04,0.07,0.030000000000000006,308.502153,2804.1981,True,True,0x707fa62ba4c76d7e901d97d007cfb68944d3fd2f8956b879a652d31bfb6692ed
2026-09-05T01:26:41.971753+00:00,taipei|2026_09_06|highest_temperature|c|unknown,962831,4207443,Taipei,,WEATHER_UNDERGROUND,2026-09-06,highest_temperature,C,exact,32.0,32.0,32.0,32°C,0.03,0.97,0.02,0.04,0.02,206.583909,3150.5787,True,True,0x77f3d491ab6f48168558f8fb685d1f34e352b3cbf767ed7848c3cc5e86b0a89a
2026-09-05T01:26:41.971860+00:00,taipei|2026_09_06|highest_temperature|c|unknown,962831,4207444,Taipei,,WEATHER_UNDERGROUND,2026-09-06,highest_temperature,C,exact,33.0,33.0,33.0,33°C,0.025,0.975,0.02,0.03,0.009999999999999998,107.474323,3531.6468,True,True,0x107f58db576644a57616d89643da987e10ba0e507de555f4314e87a88de8df88
2026-09-05T01:26:41.971966+00:00,taipei|2026_09_06|highest_temperature|c|unknown,962831,4207445,Taipei,,WEATHER_UNDERGROUND,2026-09-06,highest_temperature,C,or_higher,34.0,34.0,,34°C or higher,0.0065,0.9935,0.002,0.011,0.009,99.995,2347.09803,True,True,0xb4d1fd0a86609fd09fddc0498c55403431316dd7b660b84f14bcad41cb48b191
2026-09-05T01:26:41.972077+00:00,chongqing|2026_09_06|highest_temperature|c|zuck,962832,4207446,Chongqing,ZUCK,NOAA_NWS,2026-09-06,highest_temperature,C,or_lower,31.0,,31.0,31°C or below,0.0005,0.9995,,0.001,,189.961,3024.41093,True,True,0xc54b0597fe1e30148eeb37a0c5870e424cbdc805ab8d26116538826cb41513f8
2026-09-05T01:26:41.972186+00:00,chongqing|2026_09_06|highest_temperature|c|zuck,962832,4207447,Chongqing,ZUCK,NOAA_NWS,2026-09-06,highest_temperature,C,exact,32.0,32.0,32.0,32°C,0.0045,0.9955,0.001,0.008,0.007,269.5872,3569.97853,True,True,0x9963404a7234ab949c2d617bd587142ec45c4b25b1c0853ee08d1c8a4a9ae7b8
2026-09-05T01:26:41.972292+00:00,chongqing|2026_09_06|highest_temperature|c|zuck,962832,4207448,Chongqing,ZUCK,NOAA_NWS,2026-09-06,highest_temperature,C,exact,33.0,33.0,33.0,33°C,0.0045,0.9955,0.001,0.008,0.007,165.4145,3026.37344,True,True,0x42daaa556a84513f29677134e974b1f2f667c7a7fabd27399507b35e6919a307
2026-09-05T01:26:41.972422+00:00,chongqing|2026_09_06|highest_temperature|c|zuck,962832,4207449,Chongqing,ZUCK,NOAA_NWS,2026-09-06,highest_temperature,C,exact,34.0,34.0,34.0,34°C,0.015,0.985,0.01,0.02,0.01,351.7801,3394.1931,True,True,0x55fd8f6d8680465ab5dea32d392f9d49456af874c9213448e05494c7be587b43
2026-09-05T01:26:41.972540+00:00,chongqing|2026_09_06|highest_temperature|c|zuck,962832,4207450,Chongqing,ZUCK,NOAA_NWS,2026-09-06,highest_temperature,C,exact,35.0,35.0,35.0,35°C,0.08,0.92,0.06,0.1,0.04000000000000001,357.600995,3745.5464,True,True,0x4c8e4e7d429b7d0109f98947df02344e2dfa6f703d1719e4d6d10f34defb6e83
2026-09-05T01:26:41.972649+00:00,chongqing|2026_09_06|highest_temperature|c|zuck,962832,4207451,Chongqing,ZUCK,NOAA_NWS,2026-09-06,highest_temperature,C,exact,36.0,36.0,36.0,36°C,0.33,0.67,0.32,0.34,0.020000000000000018,608.865137,23492.7381,True,True,0xa0b84c41040ce602f9fc25b522b14847101c92087cf3ddcc1e38f6d8bc05a0ca
2026-09-05T01:26:41.972757+00:00,chongqing|2026_09_06|highest_temperature|c|zuck,962832,4207452,Chongqing,ZUCK,NOAA_NWS,2026-09-06,highest_temperature,C,exact,37.0,37.0,37.0,37°C,0.46,0.54,0.44,0.48,0.03999999999999998,811.0243440000002,16580.4138,True,True,0xaf392817f201b267ade54725c44c3fe3f9b136123e1d2dfa33f6952c4b6f8a9a
2026-09-05T01:26:41.972863+00:00,chongqing|2026_09_06|highest_temperature|c|zuck,962832,4207453,Chongqing,ZUCK,NOAA_NWS,2026-09-06,highest_temperature,C,exact,38.0,38.0,38.0,38°C,0.115,0.885,0.1,0.13,0.03,788.232998,4533.6048,True,True,0xeeb58279d5f2770bfc9519c6a599a0fb79e0a12c5e76d68b87dcb59e09137064
2026-09-05T01:26:41.972969+00:00,chongqing|2026_09_06|highest_temperature|c|zuck,962832,4207454,Chongqing,ZUCK,NOAA_NWS,2026-09-06,highest_temperature,C,exact,39.0,39.0,39.0,39°C,0.035,0.965,0.02,0.05,0.030000000000000002,219.38764799999998,3731.8186,True,True,0x6b973fa6f0998465346875f016e313866e3b3b4c6a2a3248198386ceafb466cc
2026-09-05T01:26:41.973074+00:00,chongqing|2026_09_06|highest_temperature|c|zuck,962832,4207455,Chongqing,ZUCK,NOAA_NWS,2026-09-06,highest_temperature,C,exact,40.0,40.0,40.0,40°C,0.015,0.985,,0.03,,237.309238,3491.1731,True,True,0x8ce2123d4cc60b3a6641341a4d50932fb328d6f35d6db19161f3ac057d95af92
2026-09-05T01:26:41.973183+00:00,chongqing|2026_09_06|highest_temperature|c|zuck,962832,4207456,Chongqing,ZUCK,NOAA_NWS,2026-09-06,highest_temperature,C,or_higher,41.0,41.0,,41°C or higher,0.01,0.99,,0.02,,299.99199999999996,2621.5213,True,True,0x963f8a013c392e80bdf8e1697514c9ba161df1633151ef2d4f9c597d93901d08
2026-09-05T01:26:41.973296+00:00,beijing|2026_09_06|highest_temperature|c|zbaa,962833,4207457,Beijing,ZBAA,NOAA_NWS,2026-09-06,highest_temperature,C,or_lower,26.0,,26.0,26°C or below,0.0015,0.9985,,0.003,,234.988,2430.9152,True,True,0xcb49d725ca499a8b944e7c8eee8d4208d56a5420439add072e0b51f3912775a5
2026-09-05T01:26:41.973425+00:00,beijing|2026_09_06|highest_temperature|c|zbaa,962833,4207458,Beijing,ZBAA,NOAA_NWS,2026-09-06,highest_temperature,C,exact,27.0,27.0,27.0,27°C,0.005,0.995,0.001,0.009,0.008,51.221,3234.68373,True,True,0x3acd0cd709d04e2b382d0a9aed831d014643bf7c26adfabb852280b4b820fac1
2026-09-05T01:26:41.973534+00:00,beijing|2026_09_06|highest_temperature|c|zbaa,962833,4207459,Beijing,ZBAA,NOAA_NWS,2026-09-06,highest_temperature,C,exact,28.0,28.0,28.0,28°C,0.01,0.99,,0.02,,392.1281,2269.4381,True,True,0x2a0ee1ccd740beddc9afc89c5926f1a71e9b87f478cfab2c97c883ecb0d30179
2026-09-05T01:26:41.973638+00:00,beijing|2026_09_06|highest_temperature|c|zbaa,962833,4207460,Beijing,ZBAA,NOAA_NWS,2026-09-06,highest_temperature,C,exact,29.0,29.0,29.0,29°C,0.035,0.965,0.03,0.04,0.010000000000000002,51.490466,3189.5589,True,True,0x501bf018a5987d2e15989a18dfeb2f4f75557b7fa1b59774f09aae8117697554
2026-09-05T01:26:41.973742+00:00,beijing|2026_09_06|highest_temperature|c|zbaa,962833,4207461,Beijing,ZBAA,NOAA_NWS,2026-09-06,highest_temperature,C,exact,30.0,30.0,30.0,30°C,0.1,0.9,0.08,0.12,0.039999999999999994,335.805139,3089.3306,True,True,0x7efe0b8c2a4967aec6eb7c3a22de146016b556d976379376d997f321cec1e542
2026-09-05T01:26:41.973847+00:00,beijing|2026_09_06|highest_temperature|c|zbaa,962833,4207462,Beijing,ZBAA,NOAA_NWS,2026-09-06,highest_temperature,C,exact,31.0,31.0,31.0,31°C,0.245,0.755,0.24,0.25,0.010000000000000009,1192.6199990000002,28075.6409,True,True,0x0aac2846fad20457a7b1d573c87eac8f70d907bd668dbe5dab3e0f2e6d3283b0
2026-09-05T01:26:41.973955+00:00,beijing|2026_09_06|highest_temperature|c|zbaa,962833,4207463,Beijing,ZBAA,NOAA_NWS,2026-09-06,highest_temperature,C,exact,32.0,32.0,32.0,32°C,0.405,0.595,0.39,0.42,0.02999999999999997,636.957308,15948.7692,True,True,0x224e212edbbe906bcdc2955569b732d6f0a96032bb2dfe07b32cc34d6a4f06d4
2026-09-05T01:26:41.974062+00:00,beijing|2026_09_06|highest_temperature|c|zbaa,962833,4207464,Beijing,ZBAA,NOAA_NWS,2026-09-06,highest_temperature,C,exact,33.0,33.0,33.0,33°C,0.15,0.85,0.14,0.16,0.01999999999999999,196.47694,2937.4987,True,True,0x331ac13daf4ce34dabacc13bb40e460f180b1b5279120bb009af66730ead847a
2026-09-05T01:26:41.974172+00:00,beijing|2026_09_06|highest_temperature|c|zbaa,962833,4207465,Beijing,ZBAA,NOAA_NWS,2026-09-06,highest_temperature,C,exact,34.0,34.0,34.0,34°C,0.035,0.965,0.03,0.04,0.010000000000000002,47.305066,2339.0532,True,True,0x9cd419e02761b7689fa2ed0d21b50bcb96a3cb004f05c2373ac883a791d6422b
2026-09-05T01:26:41.974282+00:00,beijing|2026_09_06|highest_temperature|c|zbaa,962833,4207466,Beijing,ZBAA,NOAA_NWS,2026-09-06,highest_temperature,C,exact,35.0,35.0,35.0,35°C,0.01,0.99,,0.02,,52.392,2618.9257,True,True,0xd96f3d47614f9b6a76e2e12752a20777123ca25d774911b34f7e97c790c259fb
2026-09-05T01:26:41.974406+00:00,beijing|2026_09_06|highest_temperature|c|zbaa,962833,4207467,Beijing,ZBAA,NOAA_NWS,2026-09-06,highest_temperature,C,or_higher,36.0,36.0,,36°C or higher,0.006,0.994,0.002,0.01,0.008,134.432,2419.14149,True,True,0x6247beec270e9eede9377f911eecdf5956718008d6b84b15df92d3c65e9adc26
2026-09-05T01:26:41.974520+00:00,wuhan|2026_09_06|highest_temperature|c|zhhh,962834,4207468,Wuhan,ZHHH,NOAA_NWS,2026-09-06,highest_temperature,C,or_lower,28.0,,28.0,28°C or below,0.001,0.999,,0.002,,450.94466400000005,3103.18191,True,True,0xaed9aaca84f5234cf91e554ced0bd6db52b0d43989fff8800b2d90a116a47467
2026-09-05T01:26:41.974628+00:00,wuhan|2026_09_06|highest_temperature|c|zhhh,962834,4207469,Wuhan,ZHHH,NOAA_NWS,2026-09-06,highest_temperature,C,exact,29.0,29.0,29.0,29°C,0.0015,0.9985,0.001,0.002,0.001,334.295371,3296.85323,True,True,0xa23546b74bc95c1d3e5b81ece798867e6947e69b8f1c1d8154f6439bbb574dc2
2026-09-05T01:26:41.974733+00:00,wuhan|2026_09_06|highest_temperature|c|zhhh,962834,4207470,Wuhan,ZHHH,NOAA_NWS,2026-09-06,highest_temperature,C,exact,30.0,30.0,30.0,30°C,0.005,0.995,0.001,0.009,0.008,159.9757,2973.44159,True,True,0x9b2e9e211cbc8009b7b736f8feff79ec11379ab1da10ff0e6764286f21639f5e
2026-09-05T01:26:41.974838+00:00,wuhan|2026_09_06|highest_temperature|c|zhhh,962834,4207471,Wuhan,ZHHH,NOAA_NWS,2026-09-06,highest_temperature,C,exact,31.0,31.0,31.0,31°C,0.025,0.975,0.02,0.03,0.009999999999999998,153.70111499999996,3280.5218,True,True,0x56000340f47a6441fec6fed290164331d9ea3c8f048569c95f05cea1a3ba5a4b
2026-09-05T01:26:41.974945+00:00,wuhan|2026_09_06|highest_temperature|c|zhhh,962834,4207472,Wuhan,ZHHH,NOAA_NWS,2026-09-06,highest_temperature,C,exact,32.0,32.0,32.0,32°C,0.175,0.825,0.17,0.18,0.009999999999999981,1151.650371,4338.0829,True,True,0x1e6647d846309c6df9bbb4b9d70a28ead78e76c03d869d61c4445ab6332c67c5
2026-09-05T01:26:41.975050+00:00,wuhan|2026_09_06|highest_temperature|c|zhhh,962834,4207473,Wuhan,ZHHH,NOAA_NWS,2026-09-06,highest_temperature,C,exact,33.0,33.0,33.0,33°C,0.5,0.5,0.49,0.51,0.020000000000000018,2185.3060829999995,7815.8805,True,True,0xc975a98943944be9a454cdd32e3b7021cbcd8fa1b1494cfae9d936bfac538581
2026-09-05T01:26:41.975155+00:00,wuhan|2026_09_06|highest_temperature|c|zhhh,962834,4207474,Wuhan,ZHHH,NOAA_NWS,2026-09-06,highest_temperature,C,exact,34.0,34.0,34.0,34°C,0.22,0.78,0.21,0.23,0.020000000000000018,620.9241079999998,4322.717,True,True,0x2c0bcd411c5d2e183a5b8f4d67b1706638326545f061bf0cc59090645fc5db2d
2026-09-05T01:26:41.975260+00:00,wuhan|2026_09_06|highest_temperature|c|zhhh,962834,4207475,Wuhan,ZHHH,NOAA_NWS,2026-09-06,highest_temperature,C,exact,35.0,35.0,35.0,35°C,0.045,0.955,0.03,0.06,0.03,805.859351,4442.8014,True,True,0xc137207eb083dda58c83b954c5c638c01e6b479f02db4ed8f46d7eaea5b23645
2026-09-05T01:26:41.975380+00:00,wuhan|2026_09_06|highest_temperature|c|zhhh,962834,4207476,Wuhan,ZHHH,NOAA_NWS,2026-09-06,highest_temperature,C,exact,36.0,36.0,36.0,36°C,0.003,0.997,0.001,0.005,0.004,232.12255000000002,3725.27799,True,True,0x4da7785a1517cb713b0fa7f3a7ceed4a2bc2592a328b3512655c1b1048968a11
2026-09-05T01:26:41.975493+00:00,wuhan|2026_09_06|highest_temperature|c|zhhh,962834,4207477,Wuhan,ZHHH,NOAA_NWS,2026-09-06,highest_temperature,C,exact,37.0,37.0,37.0,37°C,0.01,0.99,,0.02,,,2768.5635,True,True,0x712dd224456061faaae91ba6cf134cb86bef3ec967f01a8cbffe839c5639ee4e
2026-09-05T01:26:41.975598+00:00,wuhan|2026_09_06|highest_temperature|c|zhhh,962834,4207478,Wuhan,ZHHH,NOAA_NWS,2026-09-06,highest_temperature,C,or_higher,38.0,38.0,,38°C or higher,0.0015,0.9985,0.001,0.002,0.001,402.793,3521.47637,True,True,0xd851a37f35bbe61f62ea91b21b1cfed6510af3ede3872a2dc02c61418f8ffbae
2026-09-05T01:26:41.975713+00:00,chengdu|2026_09_06|highest_temperature|c|zuuu,962835,4207479,Chengdu,ZUUU,NOAA_NWS,2026-09-06,highest_temperature,C,or_lower,27.0,,27.0,27°C or below,0.002,0.998,,0.004,,324.995,3062.96476,True,True,0x9d4d673d75ebb1029df837c6a7c34a9e7ef585b871af0fbcafb1d1c969ca684e
2026-09-05T01:26:41.975822+00:00,chengdu|2026_09_06|highest_temperature|c|zuuu,962835,4207480,Chengdu,ZUUU,NOAA_NWS,2026-09-06,highest_temperature,C,exact,28.0,28.0,28.0,28°C,0.002,0.998,0.001,0.003,0.002,269.09200000000004,4037.59626,True,True,0x0197ee9ffeb4e35f20b1dd44a0c2b823637b43ed825fe3d295d302cf48f688ae
2026-09-05T01:26:41.975932+00:00,chengdu|2026_09_06|highest_temperature|c|zuuu,962835,4207481,Chengdu,ZUUU,NOAA_NWS,2026-09-06,highest_temperature,C,exact,29.0,29.0,29.0,29°C,0.0045,0.9955,0.001,0.008,0.007,148.0618,3285.15118,True,True,0x3417a37e23350018b0abef1e3d5e912e09c1f3f97ff8f839c0262868656d92d5
2026-09-05T01:26:41.976038+00:00,chengdu|2026_09_06|highest_temperature|c|zuuu,962835,4207482,Chengdu,ZUUU,NOAA_NWS,2026-09-06,highest_temperature,C,exact,30.0,30.0,30.0,30°C,0.0035,0.9965,0.002,0.005,0.003,250.82730000000004,3211.14124,True,True,0x57ff34c9c919a9618d766177efca114b5c137f84a1f5c839ff64ddd00d26deb6
2026-09-05T01:26:41.976151+00:00,chengdu|2026_09_06|highest_temperature|c|zuuu,962835,4207483,Chengdu,ZUUU,NOAA_NWS,2026-09-06,highest_temperature,C,exact,31.0,31.0,31.0,31°C,0.02,0.98,0.01,0.03,0.019999999999999997,132.1386,2850.8725,True,True,0x9b4e5181dff4c6817ff38178469c8521ab34bffda554b120871905736b08461c
2026-09-05T01:26:41.976256+00:00,chengdu|2026_09_06|highest_temperature|c|zuuu,962835,4207484,Chengdu,ZUUU,NOAA_NWS,2026-09-06,highest_temperature,C,exact,32.0,32.0,32.0,32°C,0.045,0.955,0.03,0.06,0.03,153.14881599999998,2865.6054,True,True,0x728fbc348c1a2014299b887310290caafe383a1e7020ef6fd9736f8ca6365a94
2026-09-05T01:26:41.976381+00:00,chengdu|2026_09_06|highest_temperature|c|zuuu,962835,4207485,Chengdu,ZUUU,NOAA_NWS,2026-09-06,highest_temperature,C,exact,33.0,33.0,33.0,33°C,0.14,0.86,0.13,0.15,0.01999999999999999,20.19,2851.6125,True,True,0x918ca8b6627d6947e22a810bbbdd72ec84b662068c5106aec7a07962a463cdfb
2026-09-05T01:26:41.976496+00:00,chengdu|2026_09_06|highest_temperature|c|zuuu,962835,4207486,Chengdu,ZUUU,NOAA_NWS,2026-09-06,highest_temperature,C,exact,34.0,34.0,34.0,34°C,0.255,0.745,0.25,0.26,0.010000000000000009,1011.6226680000001,11792.4985,True,True,0x011869e1eeb8f26a1e4f54e498c63adc619876b926009312820f04626ca67fe0
2026-09-05T01:26:41.976607+00:00,chengdu|2026_09_06|highest_temperature|c|zuuu,962835,4207487,Chengdu,ZUUU,NOAA_NWS,2026-09-06,highest_temperature,C,exact,35.0,35.0,35.0,35°C,0.32,0.68,0.31,0.33,0.020000000000000018,1728.487593,23579.6094,True,True,0xdd6f4296c3bc3ebfa13307a8c5879f7d8bf33943e04ebbf3702bae9ba8de5f5b
2026-09-05T01:26:41.976714+00:00,chengdu|2026_09_06|highest_temperature|c|zuuu,962835,4207488,Chengdu,ZUUU,NOAA_NWS,2026-09-06,highest_temperature,C,exact,36.0,36.0,36.0,36°C,0.175,0.825,0.17,0.18,0.009999999999999981,811.408103,4557.617,True,True,0x2b05713cc4e52b5804755b7b4420828001a5eb8e47502f72dcf91829dab1a04f
2026-09-05T01:26:41.976818+00:00,chengdu|2026_09_06|highest_temperature|c|zuuu,962835,4207489,Chengdu,ZUUU,NOAA_NWS,2026-09-06,highest_temperature,C,or_higher,37.0,37.0,,37°C or higher,0.0345,0.9655,0.033,0.036,0.0029999999999999957,384.978543,2424.04361,True,True,0xed3ef0c1e927fb113f41aec737c261008a13f85b46b394f6b1ea116dbf50fcbb
2026-09-05T01:26:41.976927+00:00,shenzhen|2026_09_06|highest_temperature|c|zgsz,962836,4207490,Shenzhen,ZGSZ,NOAA_NWS,2026-09-06,highest_temperature,C,or_lower,24.0,,24.0,24°C or below,0.0015,0.9985,0.001,0.002,0.001,140.3,3378.77382,True,True,0x3bb4d66dbd5eebff1611db8cbdd125c8f4fe8ac4c965a4f529ea827dd71af354
2026-09-05T01:26:41.977041+00:00,shenzhen|2026_09_06|highest_temperature|c|zgsz,962836,4207491,Shenzhen,ZGSZ,NOAA_NWS,2026-09-06,highest_temperature,C,exact,25.0,25.0,25.0,25°C,0.0015,0.9985,,0.003,,124.991,3343.50602,True,True,0x9fb32c76028ae7542300ea971c06fa4a68f2880d36270d75a473ae9c0e281f95
2026-09-05T01:26:41.977147+00:00,shenzhen|2026_09_06|highest_temperature|c|zgsz,962836,4207492,Shenzhen,ZGSZ,NOAA_NWS,2026-09-06,highest_temperature,C,exact,26.0,26.0,26.0,26°C,0.0025,0.9975,0.002,0.003,0.001,139.997,3082.75519,True,True,0x1de2c3a7f5a9787678fdbc6e27ec9fdf2c6c057e89101fa552a232807e3c22b6
2026-09-05T01:26:41.977252+00:00,shenzhen|2026_09_06|highest_temperature|c|zgsz,962836,4207493,Shenzhen,ZGSZ,NOAA_NWS,2026-09-06,highest_temperature,C,exact,27.0,27.0,27.0,27°C,0.015,0.985,0.01,0.02,0.01,127.7823,2908.8607,True,True,0x3a463b5da82ca25663903747fd0c90ca33f277989b9a0dfc97b4a56a45fc8bd0
2026-09-05T01:26:41.977357+00:00,shenzhen|2026_09_06|highest_temperature|c|zgsz,962836,4207494,Shenzhen,ZGSZ,NOAA_NWS,2026-09-06,highest_temperature,C,exact,28.0,28.0,28.0,28°C,0.045,0.955,0.04,0.05,0.010000000000000002,197.977183,2561.251,True,True,0x74b13ba0f9dd38479f19bee2ee22eb4f3844e1bc764fe40e766b648439f37a5e
2026-09-05T01:26:41.977485+00:00,shenzhen|2026_09_06|highest_temperature|c|zgsz,962836,4207495,Shenzhen,ZGSZ,NOAA_NWS,2026-09-06,highest_temperature,C,exact,29.0,29.0,29.0,29°C,0.085,0.915,0.08,0.09,0.009999999999999995,1699.160627,3517.8276,True,True,0x682527f85b6fa577245ebc4276a404e2d351c51ca4586b912bb717fa5d780f97
2026-09-05T01:26:41.977596+00:00,shenzhen|2026_09_06|highest_temperature|c|zgsz,962836,4207496,Shenzhen,ZGSZ,NOAA_NWS,2026-09-06,highest_temperature,C,exact,30.0,30.0,30.0,30°C,0.275,0.725,0.26,0.29,0.02999999999999997,897.387693,11450.7353,True,True,0xab5702ab7ec258a53d76cb772dd7b20b2c96e184bb4cd6bee708a001dfe220ff
2026-09-05T01:26:41.977703+00:00,shenzhen|2026_09_06|highest_temperature|c|zgsz,962836,4207497,Shenzhen,ZGSZ,NOAA_NWS,2026-09-06,highest_temperature,C,exact,31.0,31.0,31.0,31°C,0.36,0.64,0.35,0.37,0.020000000000000018,738.454889,25435.636,True,True,0x3cc0e83fc166b7a8a774c06a23e907cb960d4b7f9fe0000f718294c4fb213e86
2026-09-05T01:26:41.977808+00:00,shenzhen|2026_09_06|highest_temperature|c|zgsz,962836,4207498,Shenzhen,ZGSZ,NOAA_NWS,2026-09-06,highest_temperature,C,exact,32.0,32.0,32.0,32°C,0.155,0.845,0.15,0.16,0.010000000000000009,62.969082,2843.7109,True,True,0xa0e232862d7676748a5a78f485eed248d6fbb38c4d124398c11b1740c9003ef4
2026-09-05T01:26:41.977917+00:00,shenzhen|2026_09_06|highest_temperature|c|zgsz,962836,4207499,Shenzhen,ZGSZ,NOAA_NWS,2026-09-06,highest_temperature,C,exact,33.0,33.0,33.0,33°C,0.035,0.965,0.03,0.04,0.010000000000000002,622.825682,3044.048,True,True,0x630e9a986374d76fa455d0bab3df0dace20789aa6ee3557d4d28f51bceb2175e
2026-09-05T01:26:41.978022+00:00,shenzhen|2026_09_06|highest_temperature|c|zgsz,962836,4207500,Shenzhen,ZGSZ,NOAA_NWS,2026-09-06,highest_temperature,C,or_higher,34.0,34.0,,34°C or higher,0.008,0.992,0.006,0.01,0.004,265.1102,1910.46478,True,True,0x7f7a663c9b79eb5530a68145849c18785d964abf928e0947196b034939203a40
2026-09-05T01:26:41.978132+00:00,moscow|2026_09_06|highest_temperature|c|unknown,962837,4207501,Moscow,,,2026-09-06,highest_temperature,C,or_lower,10.0,,10.0,10°C or below,0.0015,0.9985,0.001,0.002,0.001,619.9195,3394.26283,True,True,0xed3fb137ab4d3299f47262ff0ea3b429f52574f7c7832f1d0f182f66a79242fb
2026-09-05T01:26:41.978239+00:00,moscow|2026_09_06|highest_temperature|c|unknown,962837,4207502,Moscow,,,2026-09-06,highest_temperature,C,exact,11.0,11.0,11.0,11°C,0.0005,0.9995,,0.001,,175.994,3280.52946,True,True,0xcad980660b6bf9e45b9f5237cdccdc05fd0aa6eedbb68013e6233f79b950acab
2026-09-05T01:26:41.978345+00:00,moscow|2026_09_06|highest_temperature|c|unknown,962837,4207503,Moscow,,,2026-09-06,highest_temperature,C,exact,12.0,12.0,12.0,12°C,0.0055,0.9945,0.002,0.009,0.006999999999999999,208.930274,3080.82221,True,True,0xc18e0f15b529500188f3d7eec8e50fb749c4769bad656f273e5c1295bf9a13d6
2026-09-05T01:26:41.978471+00:00,moscow|2026_09_06|highest_temperature|c|unknown,962837,4207504,Moscow,,,2026-09-06,highest_temperature,C,exact,13.0,13.0,13.0,13°C,0.075,0.925,0.07,0.08,0.009999999999999995,908.424986,3813.7148,True,True,0x10fa99942ad2fa88b101e08cd990a278511b7004de6372a787504e82cba07335
2026-09-05T01:26:41.978576+00:00,moscow|2026_09_06|highest_temperature|c|unknown,962837,4207505,Moscow,,,2026-09-06,highest_temperature,C,exact,14.0,14.0,14.0,14°C,0.18,0.82,0.17,0.19,0.01999999999999999,793.20443,3510.1963,True,True,0xed7a0ecd4214536f2fc58b28f7c707929bfb29597610859a64b9fd76de593d5f
2026-09-05T01:26:41.978678+00:00,moscow|2026_09_06|highest_temperature|c|unknown,962837,4207506,Moscow,,,2026-09-06,highest_temperature,C,exact,15.0,15.0,15.0,15°C,0.365,0.635,0.36,0.37,0.010000000000000009,318.221993,15009.2103,True,True,0xf99995a19742f66c148c3bd5e9ff11b588f6d5f82ef603b9629db66d0e5bb9b4
2026-09-05T01:26:41.978779+00:00,moscow|2026_09_06|highest_temperature|c|unknown,962837,4207507,Moscow,,,2026-09-06,highest_temperature,C,exact,16.0,16.0,16.0,16°C,0.345,0.655,0.34,0.35,0.009999999999999953,306.75988,13162.1807,True,True,0xacfcad0fc7548aabb096ca97a7410923bb1f43258db544a780a82d63b13410e5
2026-09-05T01:26:41.978879+00:00,moscow|2026_09_06|highest_temperature|c|unknown,962837,4207508,Moscow,,,2026-09-06,highest_temperature,C,exact,17.0,17.0,17.0,17°C,0.06,0.94,0.05,0.07,0.020000000000000004,321.186219,3482.6137,True,True,0xe9d8579467db8fbdd2053391b2d516e4423504037116c621027410bf47c6fe23
2026-09-05T01:26:41.978980+00:00,moscow|2026_09_06|highest_temperature|c|unknown,962837,4207509,Moscow,,,2026-09-06,highest_temperature,C,exact,18.0,18.0,18.0,18°C,0.025,0.975,0.02,0.03,0.009999999999999998,228.904758,3075.2103,True,True,0x6699b756c09958f61c39324f144f668e2b799f38d4172a48dd2466105e76b038
2026-09-05T01:26:41.979082+00:00,moscow|2026_09_06|highest_temperature|c|unknown,962837,4207510,Moscow,,,2026-09-06,highest_temperature,C,exact,19.0,19.0,19.0,19°C,0.0055,0.9945,0.002,0.009,0.006999999999999999,89.032274,3559.68252,True,True,0xab29d9ba154ff7f88658c932165ca6a00e68e8e89ae7af479f7c729eef9c50e6
2026-09-05T01:26:41.979184+00:00,moscow|2026_09_06|highest_temperature|c|unknown,962837,4207511,Moscow,,,2026-09-06,highest_temperature,C,or_higher,20.0,20.0,,20°C or higher,0.0015,0.9985,0.001,0.002,0.001,197.757537,2945.07125,True,True,0x214e716c1596f5282a87879cb137bae9cdf09efc079153ad58990a64fc4f790a
2026-09-05T01:26:41.979302+00:00,istanbul|2026_09_06|highest_temperature|c|unknown,962838,4207512,Istanbul,,,2026-09-06,highest_temperature,C,or_lower,25.0,,25.0,25°C or below,0.015,0.985,,0.03,,49.9917,1551.6342,True,True,0x4af124c7702c6e4949fef21eba66304ead40fc58aab4ae1bf3623b626c9614c6
2026-09-05T01:26:41.979429+00:00,istanbul|2026_09_06|highest_temperature|c|unknown,962838,4207513,Istanbul,,,2026-09-06,highest_temperature,C,exact,26.0,26.0,26.0,26°C,0.025,0.975,0.01,0.04,0.03,72.465554,2539.2936,True,True,0x08e11d2fd74dbd9a5c86337209235cb7297712c4802aebbffe042f03811a6cdb
2026-09-05T01:26:41.979540+00:00,istanbul|2026_09_06|highest_temperature|c|unknown,962838,4207514,Istanbul,,,2026-09-06,highest_temperature,C,exact,27.0,27.0,27.0,27°C,0.07,0.93,0.06,0.08,0.020000000000000004,49.70526,2434.5849,True,True,0x4e965839d72d16893414fa76e353c561a0c2b436cf2b1c69f339fa5cbe29ec8c
2026-09-05T01:26:41.979649+00:00,istanbul|2026_09_06|highest_temperature|c|unknown,962838,4207515,Istanbul,,,2026-09-06,highest_temperature,C,exact,28.0,28.0,28.0,28°C,0.25,0.75,0.24,0.26,0.020000000000000018,189.135423,12581.8092,True,True,0xd6179fd5b64de251a8eeef139b02b9f653efc67dc10b518f073f464b10d9b595
2026-09-05T01:26:41.979757+00:00,istanbul|2026_09_06|highest_temperature|c|unknown,962838,4207516,Istanbul,,,2026-09-06,highest_temperature,C,exact,29.0,29.0,29.0,29°C,0.355,0.645,0.34,0.37,0.02999999999999997,156.904917,8391.314,True,True,0xbde3108c5c4e121c0814f5186d24a88e97ea56fca4390cabd45895f335d59f92
2026-09-05T01:26:41.979860+00:00,istanbul|2026_09_06|highest_temperature|c|unknown,962838,4207517,Istanbul,,,2026-09-06,highest_temperature,C,exact,30.0,30.0,30.0,30°C,0.23,0.77,0.21,0.25,0.04000000000000001,247.602957,8152.6281,True,True,0xd71dc7b6e506a5efd9f02660434bd5952c96dad86eb6dc6f154374e93770c01f
2026-09-05T01:26:41.979962+00:00,istanbul|2026_09_06|highest_temperature|c|unknown,962838,4207518,Istanbul,,,2026-09-06,highest_temperature,C,exact,31.0,31.0,31.0,31°C,0.06,0.94,0.05,0.07,0.020000000000000004,377.342169,2351.4348,True,True,0xc080881a642698e160b0e711287b03526f8ba70fd6caf4cbaebede1ba20ead33
2026-09-05T01:26:41.980068+00:00,istanbul|2026_09_06|highest_temperature|c|unknown,962838,4207519,Istanbul,,,2026-09-06,highest_temperature,C,exact,32.0,32.0,32.0,32°C,0.035,0.965,0.03,0.04,0.010000000000000002,34.2233,2372.6279,True,True,0x49f905b96467cd5902c0ade54deeba939acd586743dfb1c8b266d629524fe66b
2026-09-05T01:26:41.980173+00:00,istanbul|2026_09_06|highest_temperature|c|unknown,962838,4207520,Istanbul,,,2026-09-06,highest_temperature,C,exact,33.0,33.0,33.0,33°C,0.009,0.991,0.001,0.017,0.016,150.9841,3278.60892,True,True,0x3fd11598598319696f235cc25703a0ae7f2f3760813a7a75dcb2292f01022b6e
2026-09-05T01:26:41.980276+00:00,istanbul|2026_09_06|highest_temperature|c|unknown,962838,4207521,Istanbul,,,2026-09-06,highest_temperature,C,exact,34.0,34.0,34.0,34°C,0.0055,0.9945,0.001,0.01,0.009000000000000001,2.71,3631.70148,True,True,0x8a69f9ac657517639055fac0f3ab22e70ee0605b64a58f063082e8cd336d5d81
2026-09-05T01:26:41.980396+00:00,istanbul|2026_09_06|highest_temperature|c|unknown,962838,4207522,Istanbul,,,2026-09-06,highest_temperature,C,or_higher,35.0,35.0,,35°C or higher,0.0055,0.9945,0.001,0.01,0.009000000000000001,2.71,2739.02532,True,True,0x6d64b95a98027726c992b8329017002d3315d159c29f01c45ba45e3481e4c5e0
2026-09-05T01:26:41.980508+00:00,busan|2026_09_06|highest_temperature|c|rkpk,962839,4207523,Busan,RKPK,NOAA_NWS,2026-09-06,highest_temperature,C,or_lower,23.0,,23.0,23°C or below,0.002,0.998,,0.004,,124.997,3064.47428,True,True,0x33965dec3610a41dae1f96be17fc0098b4486238eb5a104b2ca453b8e7598565
2026-09-05T01:26:41.980616+00:00,busan|2026_09_06|highest_temperature|c|rkpk,962839,4207524,Busan,RKPK,NOAA_NWS,2026-09-06,highest_temperature,C,exact,24.0,24.0,24.0,24°C,0.0025,0.9975,0.001,0.004,0.003,80.215,3464.56683,True,True,0x446f7499d4da6331ab1795b49b79f22e05d58d3be8010ba8c5f838010086d029
2026-09-05T01:26:41.980721+00:00,busan|2026_09_06|highest_temperature|c|rkpk,962839,4207525,Busan,RKPK,NOAA_NWS,2026-09-06,highest_temperature,C,exact,25.0,25.0,25.0,25°C,0.015,0.985,0.01,0.02,0.01,214.6314,3043.0311,True,True,0x24e2a4988a7b712fad88c6621b23dc1de0fa4013e08da89cb7b9e73e680c7019
2026-09-05T01:26:41.980826+00:00,busan|2026_09_06|highest_temperature|c|rkpk,962839,4207526,Busan,RKPK,NOAA_NWS,2026-09-06,highest_temperature,C,exact,26.0,26.0,26.0,26°C,0.035,0.965,0.02,0.05,0.030000000000000002,194.55864800000003,2867.3896,True,True,0xe95b5a836afc4881f8aae84aa5ac723248ea6d2fd132d5b688010db1a803856a
2026-09-05T01:26:41.980936+00:00,busan|2026_09_06|highest_temperature|c|rkpk,962839,4207527,Busan,RKPK,NOAA_NWS,2026-09-06,highest_temperature,C,exact,27.0,27.0,27.0,27°C,0.08,0.92,0.06,0.1,0.04000000000000001,714.9861240000001,3019.201,True,True,0x020108e61942a45cba79f3c4ace5b371b211568dacdcc04d6956f9934f54f79b
2026-09-05T01:26:41.981040+00:00,busan|2026_09_06|highest_temperature|c|rkpk,962839,4207528,Busan,RKPK,NOAA_NWS,2026-09-06,highest_temperature,C,exact,28.0,28.0,28.0,28°C,0.29,0.71,0.28,0.3,0.019999999999999962,1741.4172230000001,12012.3401,True,True,0x085bb52b9cb133d88453c2495faab839a4b0e280047d4e54e3864bbd62eb0cc7
2026-09-05T01:26:41.981144+00:00,busan|2026_09_06|highest_temperature|c|rkpk,962839,4207529,Busan,RKPK,NOAA_NWS,2026-09-06,highest_temperature,C,exact,29.0,29.0,29.0,29°C,0.37,0.63,0.36,0.38,0.020000000000000018,929.025315,22976.0235,True,True,0x607edb092f8fed20cf4a8db454b227cf612f62103334d08edeb351ec3a40c158
2026-09-05T01:26:41.981248+00:00,busan|2026_09_06|highest_temperature|c|rkpk,962839,4207530,Busan,RKPK,NOAA_NWS,2026-09-06,highest_temperature,C,exact,30.0,30.0,30.0,30°C,0.175,0.825,0.17,0.18,0.009999999999999981,492.20523099999997,3518.387,True,True,0xb5768e3e7436ebe1d63ce774d0c8c012752b0b30d6e921e940fbd3c761b937c1
2026-09-05T01:26:41.981357+00:00,busan|2026_09_06|highest_temperature|c|rkpk,962839,4207531,Busan,RKPK,NOAA_NWS,2026-09-06,highest_temperature,C,exact,31.0,31.0,31.0,31°C,0.05,0.95,0.03,0.07,0.04000000000000001,476.007689,3347.9394,True,True,0x5fe4774e8c6e767bf72af11eef8bcad7c7fc00857febbe6d95a0a3184f88696a
2026-09-05T01:26:41.981483+00:00,busan|2026_09_06|highest_temperature|c|rkpk,962839,4207532,Busan,RKPK,NOAA_NWS,2026-09-06,highest_temperature,C,exact,32.0,32.0,32.0,32°C,0.0015,0.9985,0.001,0.002,0.001,37.007,3013.32103,True,True,0x948719e1e78a60b33a8a99df5b1525b54ac8ba3c73c4cab5eeed451a9fd17207
2026-09-05T01:26:41.981595+00:00,busan|2026_09_06|highest_temperature|c|rkpk,962839,4207533,Busan,RKPK,NOAA_NWS,2026-09-06,highest_temperature,C,or_higher,33.0,33.0,,33°C or higher,0.001,0.999,,0.002,,199.77100000000002,2342.51403,True,True,0xa183451e11bdda0aaac5e9a474da71d7974e373e2fdfd00195c904fe8601dcd3
2026-09-05T01:26:41.981706+00:00,amsterdam|2026_09_06|highest_temperature|c|eham,962840,4207534,Amsterdam,EHAM,NOAA_NWS,2026-09-06,highest_temperature,C,or_lower,16.0,,16.0,16°C or below,0.0005,0.9995,,0.001,,144.93399999999997,5704.44946,True,True,0x791596d82d2c5b95f94e74489d555b81acaa72b6025d0d6f4091c92a98edfa48
2026-09-05T01:26:41.981821+00:00,amsterdam|2026_09_06|highest_temperature|c|eham,962840,4207535,Amsterdam,EHAM,NOAA_NWS,2026-09-06,highest_temperature,C,exact,17.0,17.0,17.0,17°C,0.0025,0.9975,0.001,0.004,0.003,241.6886,4341.70527,True,True,0x16aaaf097458fbe0cbf998d395abb09edeeeed1a206890d4f96a07739acf5d37
2026-09-05T01:26:41.981929+00:00,amsterdam|2026_09_06|highest_temperature|c|eham,962840,4207536,Amsterdam,EHAM,NOAA_NWS,2026-09-06,highest_temperature,C,exact,18.0,18.0,18.0,18°C,0.003,0.997,0.002,0.004,0.002,16393.295366,4931.59651,True,True,0x69f2d92f796eadc8ba30ddea65a71649bd07f1dab8736130220c3a1edabe8924
2026-09-05T01:26:41.982034+00:00,amsterdam|2026_09_06|highest_temperature|c|eham,962840,4207537,Amsterdam,EHAM,NOAA_NWS,2026-09-06,highest_temperature,C,exact,19.0,19.0,19.0,19°C,0.01,0.99,,0.02,,333.80141,3084.8233,True,True,0xb520e34f5c446c8541c6c3c9ed2b20d23b2a35fd8c16c13d03db984ab853359a
2026-09-05T01:26:41.982139+00:00,amsterdam|2026_09_06|highest_temperature|c|eham,962840,4207538,Amsterdam,EHAM,NOAA_NWS,2026-09-06,highest_temperature,C,exact,20.0,20.0,20.0,20°C,0.045,0.955,0.03,0.06,0.03,429.110259,3878.8943,True,True,0xd47503dd8a3e5cc91874f0917c7606162f65dccd158604dba319e96161ad858d
2026-09-05T01:26:41.982245+00:00,amsterdam|2026_09_06|highest_temperature|c|eham,962840,4207539,Amsterdam,EHAM,NOAA_NWS,2026-09-06,highest_temperature,C,exact,21.0,21.0,21.0,21°C,0.19,0.81,0.18,0.2,0.020000000000000018,737.173981,4012.0627,True,True,0x343865287a7683714799888a3af6b142a288ce12ce61f7396b7a863971ec4515
2026-09-05T01:26:41.982351+00:00,amsterdam|2026_09_06|highest_temperature|c|eham,962840,4207540,Amsterdam,EHAM,NOAA_NWS,2026-09-06,highest_temperature,C,exact,22.0,22.0,22.0,22°C,0.545,0.455,0.54,0.55,0.010000000000000009,832.911486,7346.3627,True,True,0xb999d85021fe7c23959c3d4dfbaaa85ffbac632a7ab9a9d93a38fd03b319f9a4
2026-09-05T01:26:41.982480+00:00,amsterdam|2026_09_06|highest_temperature|c|eham,962840,4207541,Amsterdam,EHAM,NOAA_NWS,2026-09-06,highest_temperature,C,exact,23.0,23.0,23.0,23°C,0.23,0.77,0.22,0.24,0.01999999999999999,834.566408,3692.6298,True,True,0x9f6d1f296ab52faee2ce5f4002eba9b0b2bd07dd116d55235b033de1b7391476
2026-09-05T01:26:41.982587+00:00,amsterdam|2026_09_06|highest_temperature|c|eham,962840,4207542,Amsterdam,EHAM,NOAA_NWS,2026-09-06,highest_temperature,C,exact,24.0,24.0,24.0,24°C,0.04,0.96,0.03,0.05,0.020000000000000004,180.019372,3950.1754,True,True,0x9314b3dacd9fee289feed9bde468efc8e3addc893be709aa58d836277b4282d9
2026-09-05T01:26:41.982693+00:00,amsterdam|2026_09_06|highest_temperature|c|eham,962840,4207543,Amsterdam,EHAM,NOAA_NWS,2026-09-06,highest_temperature,C,exact,25.0,25.0,25.0,25°C,0.0015,0.9985,0.001,0.002,0.001,101.028,3203.29785,True,True,0x4285f026a795a988489ef8a28756cf23e9744ee9b7454299a96df1c9e6f9bb05
2026-09-05T01:26:41.982803+00:00,amsterdam|2026_09_06|highest_temperature|c|eham,962840,4207544,Amsterdam,EHAM,NOAA_NWS,2026-09-06,highest_temperature,C,or_higher,26.0,26.0,,26°C or higher,0.0055,0.9945,0.001,0.01,0.009000000000000001,167.0238,2395.5689,True,True,0x6d5b6bd856b7cf862cd2b50d999317b3d32244041f19df241bb7601a464e943c
2026-09-05T01:26:41.982914+00:00,helsinki|2026_09_06|highest_temperature|c|efhk,962841,4207545,Helsinki,EFHK,NOAA_NWS,2026-09-06,highest_temperature,C,or_lower,10.0,,10.0,10°C or below,0.01,0.99,,0.02,,,2296.323,True,True,0x3c1fa80dead4cf4c5d47030c8e667b5c5029976f1ad9e351fa4e19486dd89e73
2026-09-05T01:26:41.983029+00:00,helsinki|2026_09_06|highest_temperature|c|efhk,962841,4207546,Helsinki,EFHK,NOAA_NWS,2026-09-06,highest_temperature,C,exact,11.0,11.0,11.0,11°C,0.005,0.995,0.001,0.009,0.008,45.903,3268.86571,True,True,0xc99c4fa8af42c9b449360368e58e4ac6af5ed0be441ebbe3738200f23100c95a
2026-09-05T01:26:41.983134+00:00,helsinki|2026_09_06|highest_temperature|c|efhk,962841,4207547,Helsinki,EFHK,NOAA_NWS,2026-09-06,highest_temperature,C,exact,12.0,12.0,12.0,12°C,0.02,0.98,0.01,0.03,0.019999999999999997,,3017.1447,True,True,0x840be72ccd507e9b7993dbd6fb009cdd0c48790dd1425840c47744f7d1fffafa
2026-09-05T01:26:41.983243+00:00,helsinki|2026_09_06|highest_temperature|c|efhk,962841,4207548,Helsinki,EFHK,NOAA_NWS,2026-09-06,highest_temperature,C,exact,13.0,13.0,13.0,13°C,0.06,0.94,0.04,0.08,0.04,41.11,3299.9334,True,True,0xb121778c043acaff3f48cf9f53104cea68ed66ec1ce722104192c94d8456b465
2026-09-05T01:26:41.983352+00:00,helsinki|2026_09_06|highest_temperature|c|efhk,962841,4207549,Helsinki,EFHK,NOAA_NWS,2026-09-06,highest_temperature,C,exact,14.0,14.0,14.0,14°C,0.24,0.76,0.23,0.25,0.01999999999999999,200.443797,6176.3189,True,True,0xabb9775b626127418cde309c52388a2fd62c2f89852f0016a553cc71766e39e8
2026-09-05T01:26:41.983479+00:00,helsinki|2026_09_06|highest_temperature|c|efhk,962841,4207550,Helsinki,EFHK,NOAA_NWS,2026-09-06,highest_temperature,C,exact,15.0,15.0,15.0,15°C,0.465,0.535,0.46,0.47,0.009999999999999953,430.930172,15112.0058,True,True,0xf862e98813e4a7146dd1d317ee53ee8f411d64309a100b388b26fe9300cef684
2026-09-05T01:26:41.983590+00:00,helsinki|2026_09_06|highest_temperature|c|efhk,962841,4207551,Helsinki,EFHK,NOAA_NWS,2026-09-06,highest_temperature,C,exact,16.0,16.0,16.0,16°C,0.175,0.825,0.17,0.18,0.009999999999999981,293.34658300000007,3536.8635,True,True,0x2d5b64422ba2a87d71e19321fee4af8a4a468387cf9d3e6e2bb69aef0b9d1574
2026-09-05T01:26:41.983697+00:00,helsinki|2026_09_06|highest_temperature|c|efhk,962841,4207552,Helsinki,EFHK,NOAA_NWS,2026-09-06,highest_temperature,C,exact,17.0,17.0,17.0,17°C,0.045,0.955,0.03,0.06,0.03,7.216466,3181.1357,True,True,0x4f7149cd8283ee514b831dc5a0716d572a5f54007faef9cb882e8635677b1595
2026-09-05T01:26:41.983801+00:00,helsinki|2026_09_06|highest_temperature|c|efhk,962841,4207553,Helsinki,EFHK,NOAA_NWS,2026-09-06,highest_temperature,C,exact,18.0,18.0,18.0,18°C,0.01,0.99,,0.02,,,2528.5642,True,True,0x608719c38df5f157bc8c71a52342529ec9258845a3dc2d80dd0420abbb56fc4e
2026-09-05T01:26:41.983905+00:00,helsinki|2026_09_06|highest_temperature|c|efhk,962841,4207554,Helsinki,EFHK,NOAA_NWS,2026-09-06,highest_temperature,C,exact,19.0,19.0,19.0,19°C,0.0055,0.9945,0.002,0.009,0.006999999999999999,58.059,4917.03969,True,True,0xc0433af0756f85d5ed9780f5b9aafcef28d2bda433226344bf18bac441e5e6bc
2026-09-05T01:26:41.984008+00:00,helsinki|2026_09_06|highest_temperature|c|efhk,962841,4207555,Helsinki,EFHK,NOAA_NWS,2026-09-06,highest_temperature,C,or_higher,20.0,20.0,,20°C or higher,0.003,0.997,0.001,0.005,0.004,208.0168,4530.46224,True,True,0x559d5cb71c36cd18f980174b550f861365f2c879082641d0605e0cd8442e1c56
2026-09-05T01:26:41.984119+00:00,kuala_lumpur|2026_09_06|highest_temperature|c|wmkk,962842,4207556,Kuala Lumpur,WMKK,NOAA_NWS,2026-09-06,highest_temperature,C,or_lower,30.0,,30.0,30°C or below,0.006,0.994,0.002,0.01,0.008,456.46400000000006,3155.29694,True,True,0x1821bfac5bc1530f86cedc196f2ea9346b4221d2695160022415033efa9aca73
2026-09-05T01:26:41.984233+00:00,kuala_lumpur|2026_09_06|highest_temperature|c|wmkk,962842,4207557,Kuala Lumpur,WMKK,NOAA_NWS,2026-09-06,highest_temperature,C,exact,31.0,31.0,31.0,31°C,0.0005,0.9995,,0.001,,154.98600000000002,3253.88722,True,True,0xcc172dec0a15f0744cdc3a386164c19c4a23abf06b9e685d9b51d82f6f67c0ee
2026-09-05T01:26:41.984343+00:00,kuala_lumpur|2026_09_06|highest_temperature|c|wmkk,962842,4207558,Kuala Lumpur,WMKK,NOAA_NWS,2026-09-06,highest_temperature,C,exact,32.0,32.0,32.0,32°C,0.006,0.994,0.002,0.01,0.008,634.855628,3862.90812,True,True,0x1930adf090427308a71ee0f7dd96d8e4cf54facca4de9df9a4715c3b854b5678
2026-09-05T01:26:41.984476+00:00,kuala_lumpur|2026_09_06|highest_temperature|c|wmkk,962842,4207559,Kuala Lumpur,WMKK,NOAA_NWS,2026-09-06,highest_temperature,C,exact,33.0,33.0,33.0,33°C,0.125,0.875,0.12,0.13,0.010000000000000009,1324.0976019999998,4112.0194,True,True,0x3989489817ed55094d8eabd935711010f8255cd06b76ef783ba82058432ab842
2026-09-05T01:26:41.984586+00:00,kuala_lumpur|2026_09_06|highest_temperature|c|wmkk,962842,4207560,Kuala Lumpur,WMKK,NOAA_NWS,2026-09-06,highest_temperature,C,exact,34.0,34.0,34.0,34°C,0.555,0.445,0.55,0.56,0.010000000000000009,1667.792151,10132.8666,True,True,0x1a9cfbcd34355ceb00f34fb96ddcf8a4e8e963c2ad69d2d25f0ddb69a7437ee4
2026-09-05T01:26:41.984695+00:00,kuala_lumpur|2026_09_06|highest_temperature|c|wmkk,962842,4207561,Kuala Lumpur,WMKK,NOAA_NWS,2026-09-06,highest_temperature,C,exact,35.0,35.0,35.0,35°C,0.295,0.705,0.29,0.3,0.010000000000000009,920.9908100000001,4179.3706,True,True,0x8fbb57ca4a66d8ccbd175fc7c9d1cb0827cdeb951beafb603191a6d30f5e843c
2026-09-05T01:26:41.984804+00:00,kuala_lumpur|2026_09_06|highest_temperature|c|wmkk,962842,4207562,Kuala Lumpur,WMKK,NOAA_NWS,2026-09-06,highest_temperature,C,exact,36.0,36.0,36.0,36°C,0.055,0.945,0.05,0.06,0.009999999999999995,1195.42749,4683.9913,True,True,0x6f5921d498944fff00e4bae95227db0096f965bab25a56683a7315e41348d495
2026-09-05T01:26:41.984914+00:00,kuala_lumpur|2026_09_06|highest_temperature|c|wmkk,962842,4207563,Kuala Lumpur,WMKK,NOAA_NWS,2026-09-06,highest_temperature,C,exact,37.0,37.0,37.0,37°C,0.0005,0.9995,,0.001,,144.99400000000003,2657.65832,True,True,0xf558d0c4ede78b3b36feb1b99c133280e4057c7fdfcc0cb7e6a5f477f4b8a7ff
2026-09-05T01:26:41.985027+00:00,kuala_lumpur|2026_09_06|highest_temperature|c|wmkk,962842,4207564,Kuala Lumpur,WMKK,NOAA_NWS,2026-09-06,highest_temperature,C,exact,38.0,38.0,38.0,38°C,0.0015,0.9985,0.001,0.002,0.001,180.24740000000003,3445.26648,True,True,0xdafaecb275e7e4d86c779a40860dd23753012fdf6c367f16c3bf8915a8221e67
2026-09-05T01:26:41.985140+00:00,kuala_lumpur|2026_09_06|highest_temperature|c|wmkk,962842,4207565,Kuala Lumpur,WMKK,NOAA_NWS,2026-09-06,highest_temperature,C,exact,39.0,39.0,39.0,39°C,0.0005,0.9995,,0.001,,324.941,3862.99171,True,True,0xa9b9ac5ee9391d99cc06b49c15d9c7ce73996fec9029a2ca117063f10cb38794
2026-09-05T01:26:41.985250+00:00,kuala_lumpur|2026_09_06|highest_temperature|c|wmkk,962842,4207566,Kuala Lumpur,WMKK,NOAA_NWS,2026-09-06,highest_temperature,C,or_higher,40.0,40.0,,40°C or higher,0.0005,0.9995,,0.001,,986.4805,3732.77041,True,True,0xd17708f3f85970449967517472ac4ae9da3c64596160ff445f1f2c9ebfc5d9bd
2026-09-05T01:26:41.985386+00:00,jeddah|2026_09_06|highest_temperature|c|oejn,962843,4207567,Jeddah,OEJN,NOAA_NWS,2026-09-06,highest_temperature,C,or_lower,30.0,,30.0,30°C or below,0.0005,0.9995,,0.001,,234.99099999999999,3151.23725,True,True,0x750da8bc619eb19c53895ee65dae9202cd6139185c73c0e84192b9161f1e4f98
2026-09-05T01:26:41.985505+00:00,jeddah|2026_09_06|highest_temperature|c|oejn,962843,4207568,Jeddah,OEJN,NOAA_NWS,2026-09-06,highest_temperature,C,exact,31.0,31.0,31.0,31°C,0.0005,0.9995,,0.001,,210.98900000000003,4006.82033,True,True,0x73b3f4de97ef3522c2dbfd55a5be49e5bd4e7e0ba3acfd391bf98733716141c6
2026-09-05T01:26:41.985612+00:00,jeddah|2026_09_06|highest_temperature|c|oejn,962843,4207569,Jeddah,OEJN,NOAA_NWS,2026-09-06,highest_temperature,C,exact,32.0,32.0,32.0,32°C,0.002,0.998,0.001,0.003,0.002,119.65599999999999,4199.9148,True,True,0xcc4a40b1ef155f131319b5e7202837ca68064b37323cac527df36e0531797f40
2026-09-05T01:26:41.985716+00:00,jeddah|2026_09_06|highest_temperature|c|oejn,962843,4207570,Jeddah,OEJN,NOAA_NWS,2026-09-06,highest_temperature,C,exact,33.0,33.0,33.0,33°C,0.01,0.99,,0.02,,92.0,3063.5214,True,True,0xe58ba26d32b4a33b9d02c9a597c586309f7347c03934eb3389c5b5adb4e9039d
2026-09-05T01:26:41.985825+00:00,jeddah|2026_09_06|highest_temperature|c|oejn,962843,4207571,Jeddah,OEJN,NOAA_NWS,2026-09-06,highest_temperature,C,exact,34.0,34.0,34.0,34°C,0.025,0.975,0.01,0.04,0.03,105.0702,3552.9944,True,True,0xaa1d528ed0218e49b4473d9d13027329982bfde2c963409fcdb65e5ba116410b
2026-09-05T01:26:41.985929+00:00,jeddah|2026_09_06|highest_temperature|c|oejn,962843,4207572,Jeddah,OEJN,NOAA_NWS,2026-09-06,highest_temperature,C,exact,35.0,35.0,35.0,35°C,0.075,0.925,0.06,0.09,0.03,229.989995,3884.0584,True,True,0x2601b15000b0f81e2e1c074afdb91878df1be879f8ffea94debb9938484ed6f2
2026-09-05T01:26:41.986033+00:00,jeddah|2026_09_06|highest_temperature|c|oejn,962843,4207573,Jeddah,OEJN,NOAA_NWS,2026-09-06,highest_temperature,C,exact,36.0,36.0,36.0,36°C,0.335,0.665,0.33,0.34,0.010000000000000009,1004.987149,4467.2355,True,True,0xeda360a20e14ce83000dbeb56c758565f5f1ed6723d8f096b4b3846908764cde
2026-09-05T01:26:41.986137+00:00,jeddah|2026_09_06|highest_temperature|c|oejn,962843,4207574,Jeddah,OEJN,NOAA_NWS,2026-09-06,highest_temperature,C,exact,37.0,37.0,37.0,37°C,0.415,0.585,0.41,0.42,0.010000000000000009,298.312182,18754.6048,True,True,0x94560da3f29a8e1115f53ce49c5b2f091ed017a16c4d8d4fdbcba36d886a1965
2026-09-05T01:26:41.986243+00:00,jeddah|2026_09_06|highest_temperature|c|oejn,962843,4207575,Jeddah,OEJN,NOAA_NWS,2026-09-06,highest_temperature,C,exact,38.0,38.0,38.0,38°C,0.15,0.85,0.14,0.16,0.01999999999999999,480.626563,3903.4799,True,True,0x8e29d7d841b77bb13039cf60b7d42690a3bf18beaf2e1947a6211e74c192c49a
2026-09-05T01:26:41.986347+00:00,jeddah|2026_09_06|highest_temperature|c|oejn,962843,4207576,Jeddah,OEJN,NOAA_NWS,2026-09-06,highest_temperature,C,exact,39.0,39.0,39.0,39°C,0.05,0.95,0.04,0.06,0.019999999999999997,114.233725,3708.67,True,True,0x24e96de380a97532cc84f2c440f724f82d85eb9815cbf8c1c6d56aabb13a609f
2026-09-05T01:26:41.986474+00:00,jeddah|2026_09_06|highest_temperature|c|oejn,962843,4207577,Jeddah,OEJN,NOAA_NWS,2026-09-06,highest_temperature,C,or_higher,40.0,40.0,,40°C or higher,0.015,0.985,0.01,0.02,0.01,135.90179999999998,2475.9431,True,True,0x87a8639f5d37fc5e457f4a7796ee3980bbe1397890a0840d8789bff09236bb4e
2026-09-05T01:26:41.986587+00:00,cape_town|2026_09_06|highest_temperature|c|fact,962844,4207578,Cape Town,FACT,NOAA_NWS,2026-09-06,highest_temperature,C,or_lower,22.0,,22.0,22°C or below,0.0055,0.9945,0.001,0.01,0.009000000000000001,,1838.13942,True,True,0x9da419797bc19ac4df5fa9b415f94cde35ebe50b7347f60719602e5889a14dce
2026-09-05T01:26:41.986700+00:00,cape_town|2026_09_06|highest_temperature|c|fact,962844,4207579,Cape Town,FACT,NOAA_NWS,2026-09-06,highest_temperature,C,exact,23.0,23.0,23.0,23°C,0.015,0.985,0.01,0.02,0.01,90.81620000000001,3307.6352,True,True,0xc2b6bd56cbcc67162f5dd15a597d295c32e7ae672b175eda4647434ecbf5b798
2026-09-05T01:26:41.986815+00:00,cape_town|2026_09_06|highest_temperature|c|fact,962844,4207580,Cape Town,FACT,NOAA_NWS,2026-09-06,highest_temperature,C,exact,24.0,24.0,24.0,24°C,0.05,0.95,0.03,0.07,0.04000000000000001,431.28229000000005,3261.566,True,True,0x5f81f400fdccf15c17d1ff072ceaeda99c81418de5dfa1c9adbf32f2b7e141ac
2026-09-05T01:26:41.986933+00:00,cape_town|2026_09_06|highest_temperature|c|fact,962844,4207581,Cape Town,FACT,NOAA_NWS,2026-09-06,highest_temperature,C,exact,25.0,25.0,25.0,25°C,0.15,0.85,0.14,0.16,0.01999999999999999,724.4408010000001,4366.4419,True,True,0x9ac8c983b789aceb299ac561f86f683c9d55a5b29f37b829cf856be0d9f2c0ab
2026-09-05T01:26:41.987067+00:00,cape_town|2026_09_06|highest_temperature|c|fact,962844,4207582,Cape Town,FACT,NOAA_NWS,2026-09-06,highest_temperature,C,exact,26.0,26.0,26.0,26°C,0.385,0.615,0.38,0.39,0.010000000000000009,1749.842868,25042.3519,True,True,0xb039214941e256d389ac56063f08605ed8575f5e2b3984d9061150d27494fa3c
2026-09-05T01:26:41.987245+00:00,cape_town|2026_09_06|highest_temperature|c|fact,962844,4207583,Cape Town,FACT,NOAA_NWS,2026-09-06,highest_temperature,C,exact,27.0,27.0,27.0,27°C,0.255,0.745,0.25,0.26,0.010000000000000009,1170.385997,12783.1719,True,True,0x77ed48de9f7daf9b7fd3d40df680527ec41a0c1dc4576ea9b4a43104df821bdc
2026-09-05T01:26:41.987392+00:00,cape_town|2026_09_06|highest_temperature|c|fact,962844,4207584,Cape Town,FACT,NOAA_NWS,2026-09-06,highest_temperature,C,exact,28.0,28.0,28.0,28°C,0.13,0.87,0.12,0.14,0.020000000000000018,1014.6873310000001,5259.0633,True,True,0x561defb4c7e137d4e4f44272bc74ab251da219844c939deefd225923f2ec9abe
2026-09-05T01:26:41.987510+00:00,cape_town|2026_09_06|highest_temperature|c|fact,962844,4207585,Cape Town,FACT,NOAA_NWS,2026-09-06,highest_temperature,C,exact,29.0,29.0,29.0,29°C,0.055,0.945,0.05,0.06,0.009999999999999995,205.28201299999998,3063.8149,True,True,0xadefdb52f889aca8c06918e29fd718dfddd2b3dc66f16c1acd3261223a27c151
2026-09-05T01:26:41.987619+00:00,cape_town|2026_09_06|highest_temperature|c|fact,962844,4207586,Cape Town,FACT,NOAA_NWS,2026-09-06,highest_temperature,C,exact,30.0,30.0,30.0,30°C,0.025,0.975,0.02,0.03,0.009999999999999998,7.49995,2324.8873,True,True,0xb81dcd91bf1f4f53c068f192b4853d221293117e4a45b645c7b8d5ad48fc1f74
2026-09-05T01:26:41.987727+00:00,cape_town|2026_09_06|highest_temperature|c|fact,962844,4207587,Cape Town,FACT,NOAA_NWS,2026-09-06,highest_temperature,C,exact,31.0,31.0,31.0,31°C,0.01,0.99,,0.02,,,2733.8565,True,True,0x85bf8b3d0ef3e41914cb424442a920231b6a3a92f8a5da7b722cde5321e65fc8
2026-09-05T01:26:41.987834+00:00,cape_town|2026_09_06|highest_temperature|c|fact,962844,4207588,Cape Town,FACT,NOAA_NWS,2026-09-06,highest_temperature,C,or_higher,32.0,32.0,,32°C or higher,0.003,0.997,0.001,0.005,0.004,287.3966,3362.88933,True,True,0x11248a3bf4f5ab1d194ffe832482ad2fcfe9da1782cc0d34a11fd1a9220637e8
2026-09-05T01:26:41.987946+00:00,guangzhou|2026_09_06|highest_temperature|c|zggg,962845,4207589,Guangzhou,ZGGG,NOAA_NWS,2026-09-06,highest_temperature,C,or_lower,26.0,,26.0,26°C or below,0.0075,0.9925,0.001,0.014,0.013000000000000001,10.0,2779.32756,True,True,0x19763ad18baa64558c0abf9c39a41ae0bd5b40acfd296bbc5912013b2b072410
2026-09-05T01:26:41.988062+00:00,guangzhou|2026_09_06|highest_temperature|c|zggg,962845,4207590,Guangzhou,ZGGG,NOAA_NWS,2026-09-06,highest_temperature,C,exact,27.0,27.0,27.0,27°C,0.0095,0.9905,0.001,0.018,0.016999999999999998,11.001,3368.21368,True,True,0x2d3370e31e349742a8b053c0be1b2e9b8235a6aef2f370c723a9ee533c102084
2026-09-05T01:26:41.988171+00:00,guangzhou|2026_09_06|highest_temperature|c|zggg,962845,4207591,Guangzhou,ZGGG,NOAA_NWS,2026-09-06,highest_temperature,C,exact,28.0,28.0,28.0,28°C,0.015,0.985,0.01,0.02,0.01,42.712,3090.2806,True,True,0x02c13482d5862d56c1772d8b76817dfc8af73786e7c5e75e31e4551405100520
2026-09-05T01:26:41.988277+00:00,guangzhou|2026_09_06|highest_temperature|c|zggg,962845,4207592,Guangzhou,ZGGG,NOAA_NWS,2026-09-06,highest_temperature,C,exact,29.0,29.0,29.0,29°C,0.035,0.965,0.03,0.04,0.010000000000000002,121.83,2740.7343,True,True,0x43fd6693dc7c4fab46589dc0a9f0a2d1761db94947a60b4c8c60ba46864c4e7c
2026-09-05T01:26:41.988403+00:00,guangzhou|2026_09_06|highest_temperature|c|zggg,962845,4207593,Guangzhou,ZGGG,NOAA_NWS,2026-09-06,highest_temperature,C,exact,30.0,30.0,30.0,30°C,0.065,0.935,0.06,0.07,0.010000000000000009,235.86666,2846.1042,True,True,0xeb8281e0a7232cc6d52954ca0bd025796c2b7755c09206096f56fd5103d51844
2026-09-05T01:26:41.988515+00:00,guangzhou|2026_09_06|highest_temperature|c|zggg,962845,4207594,Guangzhou,ZGGG,NOAA_NWS,2026-09-06,highest_temperature,C,exact,31.0,31.0,31.0,31°C,0.21,0.79,0.19,0.23,0.04000000000000001,118.67267,4726.0564,True,True,0xa792dcc752a471f9e097758adce90988d247e3e83dff73ba818abc079e513e68
2026-09-05T01:26:41.988622+00:00,guangzhou|2026_09_06|highest_temperature|c|zggg,962845,4207595,Guangzhou,ZGGG,NOAA_NWS,2026-09-06,highest_temperature,C,exact,32.0,32.0,32.0,32°C,0.34,0.66,0.33,0.35,0.019999999999999962,126.73898400000002,19768.7559,True,True,0x89d50350e54468cdbc1f7cda8ddc344ec54057d05ef6b18d52c53f24b47cba94
2026-09-05T01:26:41.988728+00:00,guangzhou|2026_09_06|highest_temperature|c|zggg,962845,4207596,Guangzhou,ZGGG,NOAA_NWS,2026-09-06,highest_temperature,C,exact,33.0,33.0,33.0,33°C,0.265,0.735,0.25,0.28,0.030000000000000027,269.693754,10268.7933,True,True,0xb64ed07bab02a023acf38076f3a3238019975926f24f08d53e9d330805a72ac8
2026-09-05T01:26:41.988844+00:00,guangzhou|2026_09_06|highest_temperature|c|zggg,962845,4207597,Guangzhou,ZGGG,NOAA_NWS,2026-09-06,highest_temperature,C,exact,34.0,34.0,34.0,34°C,0.085,0.915,0.08,0.09,0.009999999999999995,1109.8982740000001,3486.6697,True,True,0xc8d75d5b228682d1646fe1751ae633813ca47acf9fef2a102dc01d816a2f62a7
2026-09-05T01:26:41.988955+00:00,guangzhou|2026_09_06|highest_temperature|c|zggg,962845,4207598,Guangzhou,ZGGG,NOAA_NWS,2026-09-06,highest_temperature,C,exact,35.0,35.0,35.0,35°C,0.0165,0.9835,0.004,0.029,0.025,108.00800000000001,3047.92792,True,True,0xbd2372de3d1212578d96d5c86b30fb5dc2800d214a984344c06e66ac2c1bf892
2026-09-05T01:26:41.989065+00:00,guangzhou|2026_09_06|highest_temperature|c|zggg,962845,4207599,Guangzhou,ZGGG,NOAA_NWS,2026-09-06,highest_temperature,C,or_higher,36.0,36.0,,36°C or higher,0.0055,0.9945,0.001,0.01,0.009000000000000001,271.9937,2024.07925,True,True,0x1102123c97f079acf657e702ec29a74c851857afd794e3e8ac700688b39eae1d
2026-09-05T01:26:41.989179+00:00,qingdao|2026_09_06|highest_temperature|c|zsqd,962846,4207600,Qingdao,ZSQD,NOAA_NWS,2026-09-06,highest_temperature,C,or_lower,25.0,,25.0,25°C or below,0.0025,0.9975,,0.005,,244.988,2584.76278,True,True,0x8f9171a1186a777f826f33e260c494633f528c8ff5380d0709260cf7ffbc478b
2026-09-05T01:26:41.989294+00:00,qingdao|2026_09_06|highest_temperature|c|zsqd,962846,4207601,Qingdao,ZSQD,NOAA_NWS,2026-09-06,highest_temperature,C,exact,26.0,26.0,26.0,26°C,0.006,0.994,0.002,0.01,0.008,199.715,2949.32508,True,True,0x8fc9a409ed35dfc416b8a1b89ad9a0e97191a0caacd6c713e7e9368c5772fc32
2026-09-05T01:26:41.989419+00:00,qingdao|2026_09_06|highest_temperature|c|zsqd,962846,4207602,Qingdao,ZSQD,NOAA_NWS,2026-09-06,highest_temperature,C,exact,27.0,27.0,27.0,27°C,0.015,0.985,0.01,0.02,0.01,315.560666,2436.3322,True,True,0x4add9e82b75e9459eac2776547881029e21f4de31ed71bdd63dae6af453be9b9
2026-09-05T01:26:41.989528+00:00,qingdao|2026_09_06|highest_temperature|c|zsqd,962846,4207603,Qingdao,ZSQD,NOAA_NWS,2026-09-06,highest_temperature,C,exact,28.0,28.0,28.0,28°C,0.03,0.97,0.02,0.04,0.02,334.59108,2146.8168,True,True,0x8d0956b991a04667aea2fabaed493761336e2abd7fe02c64debde121820982c7
2026-09-05T01:26:41.989634+00:00,qingdao|2026_09_06|highest_temperature|c|zsqd,962846,4207604,Qingdao,ZSQD,NOAA_NWS,2026-09-06,highest_temperature,C,exact,29.0,29.0,29.0,29°C,0.11,0.89,0.1,0.12,0.01999999999999999,417.87292900000006,2639.7871,True,True,0x88b53d0983f5a8cdf40ef479642df3a95c6e08f7c6f9fc338f118e1567263115
2026-09-05T01:26:41.989740+00:00,qingdao|2026_09_06|highest_temperature|c|zsqd,962846,4207605,Qingdao,ZSQD,NOAA_NWS,2026-09-06,highest_temperature,C,exact,30.0,30.0,30.0,30°C,0.36,0.64,0.35,0.37,0.020000000000000018,186.464613,23846.8702,True,True,0xef00b282995191839433a1f3703ac825635ea72ac86195fa87abb2455a00973e
2026-09-05T01:26:41.989844+00:00,qingdao|2026_09_06|highest_temperature|c|zsqd,962846,4207606,Qingdao,ZSQD,NOAA_NWS,2026-09-06,highest_temperature,C,exact,31.0,31.0,31.0,31°C,0.43,0.57,0.42,0.44,0.020000000000000018,1047.604968,18360.4104,True,True,0xd8ab3c3f821c4ec1260b2e4d745ddc09795d4756ac6aa0f72979a9759440e7fc
2026-09-05T01:26:41.989949+00:00,qingdao|2026_09_06|highest_temperature|c|zsqd,962846,4207607,Qingdao,ZSQD,NOAA_NWS,2026-09-06,highest_temperature,C,exact,32.0,32.0,32.0,32°C,0.075,0.925,0.06,0.09,0.03,230.332741,2461.2964,True,True,0x38b4e0f0f93121fb9648d41755b236afb0036a4cd2262f8a9d894800a4d74ae3
2026-09-05T01:26:41.990055+00:00,qingdao|2026_09_06|highest_temperature|c|zsqd,962846,4207608,Qingdao,ZSQD,NOAA_NWS,2026-09-06,highest_temperature,C,exact,33.0,33.0,33.0,33°C,0.035,0.965,0.02,0.05,0.030000000000000002,175.395011,2092.3821,True,True,0x5d97d71d44ef26aba4a58faf3747a6740af2dd9e3ef2f62a0dd4d07d98106080
2026-09-05T01:26:41.990160+00:00,qingdao|2026_09_06|highest_temperature|c|zsqd,962846,4207609,Qingdao,ZSQD,NOAA_NWS,2026-09-06,highest_temperature,C,exact,34.0,34.0,34.0,34°C,0.015,0.985,,0.03,,48.520065,1868.3234,True,True,0x13141d7ac1857b14f294b9e840ee2b32d95489852d7ba632593a44ef4995b56c
2026-09-05T01:26:41.990268+00:00,qingdao|2026_09_06|highest_temperature|c|zsqd,962846,4207610,Qingdao,ZSQD,NOAA_NWS,2026-09-06,highest_temperature,C,or_higher,35.0,35.0,,35°C or higher,0.003,0.997,0.001,0.005,0.004,203.385,2623.97799,True,True,0xd135c5c51944eb30e17c7cd07312ac1a32ac1a9d83ab5fd66facb62907a3cb54
2026-09-05T01:26:41.990398+00:00,karachi|2026_09_06|highest_temperature|c|opkc,962847,4207611,Karachi,OPKC,NOAA_NWS,2026-09-06,highest_temperature,C,or_lower,26.0,,26.0,26°C or below,0.0005,0.9995,,0.001,,182.257,2978.22111,True,True,0x3c861f5b54b77bfe5e025040cdda395aeb33c9484c2fbdee8696053541555cb8
2026-09-05T01:26:41.990515+00:00,karachi|2026_09_06|highest_temperature|c|opkc,962847,4207612,Karachi,OPKC,NOAA_NWS,2026-09-06,highest_temperature,C,exact,27.0,27.0,27.0,27°C,0.005,0.995,0.001,0.009,0.008,49.7735,4343.56061,True,True,0xcc0ef305a130ea9d36f16b915af6af7929fffb5b1bfda1543b6fdef8a0877d96
2026-09-05T01:26:41.990626+00:00,karachi|2026_09_06|highest_temperature|c|opkc,962847,4207613,Karachi,OPKC,NOAA_NWS,2026-09-06,highest_temperature,C,exact,28.0,28.0,28.0,28°C,0.0055,0.9945,0.001,0.01,0.009000000000000001,46.98,3062.68995,True,True,0xa8b592f9e8a685668e8c480bca316de080fdc384a10216f361ea37880fc45ab4
2026-09-05T01:26:41.990738+00:00,karachi|2026_09_06|highest_temperature|c|opkc,962847,4207614,Karachi,OPKC,NOAA_NWS,2026-09-06,highest_temperature,C,exact,29.0,29.0,29.0,29°C,0.025,0.975,0.02,0.03,0.009999999999999998,129.92265,3135.0827,True,True,0xab9754450f76da2ec5e96858d93fe7b3a650d3d2b895cfaf8a6f1088bcfed796
2026-09-05T01:26:41.990844+00:00,karachi|2026_09_06|highest_temperature|c|opkc,962847,4207615,Karachi,OPKC,NOAA_NWS,2026-09-06,highest_temperature,C,exact,30.0,30.0,30.0,30°C,0.065,0.935,0.05,0.08,0.03,393.912825,3345.1403,True,True,0x314d814e2fa5236d686b5c0af9d2437d3c4bb3b2d3fde7215816b9114d20d007
2026-09-05T01:26:41.990950+00:00,karachi|2026_09_06|highest_temperature|c|opkc,962847,4207616,Karachi,OPKC,NOAA_NWS,2026-09-06,highest_temperature,C,exact,31.0,31.0,31.0,31°C,0.425,0.575,0.42,0.43,0.010000000000000009,220.75689799999998,20450.7729,True,True,0x50b00f430b2115a9fdedfa580549b197768440e9cafefde6f0515439c6df6355
2026-09-05T01:26:41.991055+00:00,karachi|2026_09_06|highest_temperature|c|opkc,962847,4207617,Karachi,OPKC,NOAA_NWS,2026-09-06,highest_temperature,C,exact,32.0,32.0,32.0,32°C,0.38,0.62,0.37,0.39,0.020000000000000018,163.759779,20529.4495,True,True,0xe3985d652b8fa6708259bf33ec9a5b45f25261a80a2c13ea38032d92bcad3c66
2026-09-05T01:26:41.991160+00:00,karachi|2026_09_06|highest_temperature|c|opkc,962847,4207618,Karachi,OPKC,NOAA_NWS,2026-09-06,highest_temperature,C,exact,33.0,33.0,33.0,33°C,0.135,0.865,0.13,0.14,0.010000000000000009,292.31105,3407.9022,True,True,0x9b935536e54af33c22f1086beb5e0c9787ebbb1f4a89e87214e715b6d7da7047
2026-09-05T01:26:41.991264+00:00,karachi|2026_09_06|highest_temperature|c|opkc,962847,4207619,Karachi,OPKC,NOAA_NWS,2026-09-06,highest_temperature,C,exact,34.0,34.0,34.0,34°C,0.02,0.98,0.01,0.03,0.019999999999999997,60.01,3292.2922,True,True,0x8360bf9c77b7d8ccef4574f4547108db88c581ef2177f10bb3f6528043ba1c87
2026-09-05T01:26:41.991386+00:00,karachi|2026_09_06|highest_temperature|c|opkc,962847,4207620,Karachi,OPKC,NOAA_NWS,2026-09-06,highest_temperature,C,exact,35.0,35.0,35.0,35°C,0.005,0.995,0.001,0.009,0.008,118.0314,3165.00525,True,True,0x3dcd2d6fd9c2a6d1f024eedda82760583afd4cbfdcf897870535f466c9695b72
2026-09-05T01:26:41.991496+00:00,karachi|2026_09_06|highest_temperature|c|opkc,962847,4207621,Karachi,OPKC,NOAA_NWS,2026-09-06,highest_temperature,C,or_higher,36.0,36.0,,36°C or higher,0.0005,0.9995,,0.001,,174.981,2696.51185,True,True,0x0a42ebaaa2f37b6da9492433b6aab86fb90ff12f2859228ee9e8bfc79e7df950
2026-09-05T01:26:41.991606+00:00,manila|2026_09_06|highest_temperature|c|rpll,962848,4207622,Manila,RPLL,NOAA_NWS,2026-09-06,highest_temperature,C,or_lower,23.0,,23.0,23°C or below,0.0015,0.9985,,0.003,,509.9116,3622.44604,True,True,0xb884544f2f72d88b6479c89ae56c178cb836a9e8ae5b4b1393e489bcfaf06056
2026-09-05T01:26:41.991714+00:00,manila|2026_09_06|highest_temperature|c|rpll,962848,4207623,Manila,RPLL,NOAA_NWS,2026-09-06,highest_temperature,C,exact,24.0,24.0,24.0,24°C,0.0005,0.9995,,0.001,,554.9166,4831.62623,True,True,0x1e2dd39d4b5174251e64d64cd59ea58df178d4f6e2421dd22ba39fd3168f2e2b
2026-09-05T01:26:41.991818+00:00,manila|2026_09_06|highest_temperature|c|rpll,962848,4207624,Manila,RPLL,NOAA_NWS,2026-09-06,highest_temperature,C,exact,25.0,25.0,25.0,25°C,0.0025,0.9975,0.001,0.004,0.003,182.924,3625.31848,True,True,0xcda0ccdbe3c98c3d2753995cf38b35eb0f4b353b6a1535c01571556991e34994
2026-09-05T01:26:41.991922+00:00,manila|2026_09_06|highest_temperature|c|rpll,962848,4207625,Manila,RPLL,NOAA_NWS,2026-09-06,highest_temperature,C,exact,26.0,26.0,26.0,26°C,0.003,0.997,0.001,0.005,0.004,268.354115,2448.64433,True,True,0x85c5cb753938478e4e0f6a074ad013304eb67683429d3a68d83587d25c9ebbcd
2026-09-05T01:26:41.992028+00:00,manila|2026_09_06|highest_temperature|c|rpll,962848,4207626,Manila,RPLL,NOAA_NWS,2026-09-06,highest_temperature,C,exact,27.0,27.0,27.0,27°C,0.025,0.975,0.01,0.04,0.03,500.20818299999996,2973.0258,True,True,0x4b501198830c76c2afe008db58d43812ca0ccf0a8ef29f7349c8d50ef7d8b489
2026-09-05T01:26:41.992131+00:00,manila|2026_09_06|highest_temperature|c|rpll,962848,4207627,Manila,RPLL,NOAA_NWS,2026-09-06,highest_temperature,C,exact,28.0,28.0,28.0,28°C,0.065,0.935,0.05,0.08,0.03,243.34681,2679.1344,True,True,0x2159b0c94f56d0360621d782b34a3e90fd93d553ddedd28aa41b7057509b3460
2026-09-05T01:26:41.992237+00:00,manila|2026_09_06|highest_temperature|c|rpll,962848,4207628,Manila,RPLL,NOAA_NWS,2026-09-06,highest_temperature,C,exact,29.0,29.0,29.0,29°C,0.245,0.755,0.22,0.27,0.05000000000000002,365.711841,17606.8302,True,True,0x9112f25e799fbb4cee751bf2f4bdeaaf084a3b88be6b19cabc47af2e10a51bb0
2026-09-05T01:26:41.992350+00:00,manila|2026_09_06|highest_temperature|c|rpll,962848,4207629,Manila,RPLL,NOAA_NWS,2026-09-06,highest_temperature,C,exact,30.0,30.0,30.0,30°C,0.415,0.585,0.4,0.43,0.02999999999999997,489.058186,22110.0474,True,True,0xdac301aa074b25ef1f36166e613d2b2284117b73e44a94f7d05c6bfe2ea53a9a
2026-09-05T01:26:41.992480+00:00,manila|2026_09_06|highest_temperature|c|rpll,962848,4207630,Manila,RPLL,NOAA_NWS,2026-09-06,highest_temperature,C,exact,31.0,31.0,31.0,31°C,0.2,0.8,0.19,0.21,0.01999999999999999,521.9425679999999,24829.1131,True,True,0x9f34118386e426fe59090dd420f9636b4833ed3b2d61bdb187e50e4896809fa1
2026-09-05T01:26:41.992588+00:00,manila|2026_09_06|highest_temperature|c|rpll,962848,4207631,Manila,RPLL,NOAA_NWS,2026-09-06,highest_temperature,C,exact,32.0,32.0,32.0,32°C,0.055,0.945,0.04,0.07,0.030000000000000006,53.277595000000005,2821.637,True,True,0x1d61f1f3fda64d7c0f9234ce070d9adc2c8ca752a9e950b9d5e3e3facddf4199
2026-09-05T01:26:41.992694+00:00,manila|2026_09_06|highest_temperature|c|rpll,962848,4207632,Manila,RPLL,NOAA_NWS,2026-09-06,highest_temperature,C,or_higher,33.0,33.0,,33°C or higher,0.01,0.99,,0.02,,54.838300000000004,1777.1036,True,True,0xb56557c1898eb0a20aba2de3df3b1ffd2bd340da68a993b4c956ca477a748003
2026-09-05T01:26:41.992806+00:00,chicago|2026_09_06|highest_temperature|f|kord,963177,4209010,Chicago,KORD,NOAA_NWS,2026-09-06,highest_temperature,F,or_lower,71.0,,71.0,71°F or below,0.01,0.99,0.002,0.018,0.016,67.99545,2798.51618,True,True,0xf2bbecb797ce4175cd29919fc6e63f31f750926e442f8912458cff5408b693bd
2026-09-05T01:26:41.992916+00:00,chicago|2026_09_06|highest_temperature|f|kord,963177,4209011,Chicago,KORD,NOAA_NWS,2026-09-06,highest_temperature,F,range,,-73.0,-73.0,72-73°F,0.03,0.97,0.02,0.04,0.02,98.514366,3005.9855,True,True,0xf1545f4603d48e37fb93c17949c6496b2a4a445c4b3197212f02c301d5c849e0
2026-09-05T01:26:41.993024+00:00,chicago|2026_09_06|highest_temperature|f|kord,963177,4209012,Chicago,KORD,NOAA_NWS,2026-09-06,highest_temperature,F,range,,-75.0,-75.0,74-75°F,0.07,0.93,0.05,0.09,0.039999999999999994,68.75548,2733.6992,True,True,0x0a9ef8ee1d84d71b7a2e241558cf7ca6c2f84d1dffbd5a6ad98745a7596e5d78
2026-09-05T01:26:41.993130+00:00,chicago|2026_09_06|highest_temperature|f|kord,963177,4209013,Chicago,KORD,NOAA_NWS,2026-09-06,highest_temperature,F,range,,-77.0,-77.0,76-77°F,0.33,0.67,0.32,0.34,0.020000000000000018,11.190605,3140.5972,True,True,0x941b674f227a480d450b5522a7f34472980f2ff32b3110551dbe8f9370a11f35
2026-09-05T01:26:41.993236+00:00,chicago|2026_09_06|highest_temperature|f|kord,963177,4209014,Chicago,KORD,NOAA_NWS,2026-09-06,highest_temperature,F,range,,-79.0,-79.0,78-79°F,0.485,0.515,0.48,0.49,0.010000000000000009,209.15175999999994,3008.0968,True,True,0x9d9e66fc0ffe1bbd679537f0573e008cd430f3f0c54b509d373e1ee7a64628c1
2026-09-05T01:26:41.993347+00:00,chicago|2026_09_06|highest_temperature|f|kord,963177,4209015,Chicago,KORD,NOAA_NWS,2026-09-06,highest_temperature,F,range,,-81.0,-81.0,80-81°F,0.105,0.895,0.09,0.12,0.03,81.516362,2966.633,True,True,0xd9f4e4fcdb5bc3c87472e9d0c1984603a3202b79b8bb30f7d6aaacb201acd2a9
2026-09-05T01:26:41.993477+00:00,chicago|2026_09_06|highest_temperature|f|kord,963177,4209016,Chicago,KORD,NOAA_NWS,2026-09-06,highest_temperature,F,range,,-83.0,-83.0,82-83°F,0.035,0.965,0.02,0.05,0.030000000000000002,,2802.8472,True,True,0x4d0f4d7e646fa6f065bb1acb3a37305f3bce4436ccb53ad4a91071155107c64e
2026-09-05T01:26:41.993584+00:00,chicago|2026_09_06|highest_temperature|f|kord,963177,4209017,Chicago,KORD,NOAA_NWS,2026-09-06,highest_temperature,F,range,,-85.0,-85.0,84-85°F,0.02,0.98,0.01,0.03,0.019999999999999997,29.505000000000003,2908.5431,True,True,0xa5da03fee95e529b8f5fd6fc5a507c8e08ceb798da3c19a2dae742c4940928e7
2026-09-05T01:26:41.993690+00:00,chicago|2026_09_06|highest_temperature|f|kord,963177,4209018,Chicago,KORD,NOAA_NWS,2026-09-06,highest_temperature,F,range,,-87.0,-87.0,86-87°F,0.02,0.98,,0.04,,,2953.6746,True,True,0xcce7442ae017dee5cde1c3103387d296e9d7bb7413315cd702ed858e76fce423
2026-09-05T01:26:41.993795+00:00,chicago|2026_09_06|highest_temperature|f|kord,963177,4209019,Chicago,KORD,NOAA_NWS,2026-09-06,highest_temperature,F,range,,-89.0,-89.0,88-89°F,0.02,0.98,,0.04,,,3233.44,True,True,0xa0b562b02e86f1f389daa79bd0a09086c0b50833819cbe465a3273d301d3757b
2026-09-05T01:26:41.993899+00:00,chicago|2026_09_06|highest_temperature|f|kord,963177,4209020,Chicago,KORD,NOAA_NWS,2026-09-06,highest_temperature,F,or_higher,90.0,90.0,,90°F or higher,0.015,0.985,,0.03,,,2633.3689,True,True,0xfd3bd65880840584227b21faf6a3bd94e969d898e282d7137fc6890e568383a4
2026-09-05T01:26:41.994013+00:00,austin|2026_09_06|highest_temperature|f|kaus,963178,4209021,Austin,KAUS,NOAA_NWS,2026-09-06,highest_temperature,F,or_lower,85.0,,85.0,85°F or below,0.009,0.991,0.002,0.016,0.014,304.74175,3158.90532,True,True,0x5970f91d67dc48422628d7b1fe772a35574fe03a9fb00fcf4a05490b064621ac
2026-09-05T01:26:41.994128+00:00,austin|2026_09_06|highest_temperature|f|kaus,963178,4209022,Austin,KAUS,NOAA_NWS,2026-09-06,highest_temperature,F,range,,-87.0,-87.0,86-87°F,0.011,0.989,0.002,0.02,0.018000000000000002,100.0,2559.01623,True,True,0xfa4113e33a6c26355fff1aa3e2c0bbc1b22427e028ff23f8228fb927357fb85a
2026-09-05T01:26:41.994241+00:00,austin|2026_09_06|highest_temperature|f|kaus,963178,4209023,Austin,KAUS,NOAA_NWS,2026-09-06,highest_temperature,F,range,,-89.0,-89.0,88-89°F,0.01,0.99,,0.02,,,2198.5804,True,True,0x32815b6880f6c9b520480495b51f9ded60b8cc00974287fe4c9caaaf73d4efc7
2026-09-05T01:26:41.994348+00:00,austin|2026_09_06|highest_temperature|f|kaus,963178,4209024,Austin,KAUS,NOAA_NWS,2026-09-06,highest_temperature,F,range,,-91.0,-91.0,90-91°F,0.035,0.965,0.02,0.05,0.030000000000000002,,2227.2401,True,True,0x0581ccb05ef6fa2a3ecc011e67ae770ca6fb48ab2537b884073c34502623a3c7
2026-09-05T01:26:41.994476+00:00,austin|2026_09_06|highest_temperature|f|kaus,963178,4209025,Austin,KAUS,NOAA_NWS,2026-09-06,highest_temperature,F,range,,-93.0,-93.0,92-93°F,0.17,0.83,0.16,0.18,0.01999999999999999,131.19,2380.7879,True,True,0x669f1381b1711dec71f517df7a37ad16f7f8feb1943ed7644f5fdc5367a14209
2026-09-05T01:26:41.994589+00:00,austin|2026_09_06|highest_temperature|f|kaus,963178,4209026,Austin,KAUS,NOAA_NWS,2026-09-06,highest_temperature,F,range,,-95.0,-95.0,94-95°F,0.435,0.565,0.43,0.44,0.010000000000000009,109.793583,3210.5117,True,True,0x7a21d0fdf49228541ed55fca277b450a9d2431c627a2c6008e0e0d79c9b959e8
2026-09-05T01:26:41.994694+00:00,austin|2026_09_06|highest_temperature|f|kaus,963178,4209027,Austin,KAUS,NOAA_NWS,2026-09-06,highest_temperature,F,range,,-97.0,-97.0,96-97°F,0.295,0.705,0.29,0.3,0.010000000000000009,1775.064078,3312.5762,True,True,0x079fb0242a602bf39b638a12d45f5240c44fe3d58d62781b69e829f4d4e5e9c2
2026-09-05T01:26:41.994800+00:00,austin|2026_09_06|highest_temperature|f|kaus,963178,4209028,Austin,KAUS,NOAA_NWS,2026-09-06,highest_temperature,F,range,,-99.0,-99.0,98-99°F,0.06,0.94,0.05,0.07,0.020000000000000004,260.389788,2003.2244,True,True,0x56386bb197f653fa4168a14786161b8fb05c95441d405c026a4e4a647b54e79e
2026-09-05T01:26:41.994906+00:00,austin|2026_09_06|highest_temperature|f|kaus,963178,4209029,Austin,KAUS,NOAA_NWS,2026-09-06,highest_temperature,F,range,,-101.0,-101.0,100-101°F,0.01,0.99,,0.02,,110.0,1900.0127,True,True,0x45586c9bd6e763e0d6b6cdfcdb4bf74d78c5bd2cfddd9358a571960bcb68b454
2026-09-05T01:26:41.995013+00:00,austin|2026_09_06|highest_temperature|f|kaus,963178,4209030,Austin,KAUS,NOAA_NWS,2026-09-06,highest_temperature,F,range,,-103.0,-103.0,102-103°F,0.015,0.985,,0.03,,,2397.8702,True,True,0x12d6f7ccb949be444a688c2fdf99e7c4c795e871f7ea6499f6b480e9c14cdc8a
2026-09-05T01:26:41.995119+00:00,austin|2026_09_06|highest_temperature|f|kaus,963178,4209031,Austin,KAUS,NOAA_NWS,2026-09-06,highest_temperature,F,or_higher,104.0,104.0,,104°F or higher,0.01,0.99,,0.02,,,1533.15,True,True,0xe1f65168d0be591b0af727a8d2bb8a1cc5003758bfc7d3277b6b52c1b36cf563
2026-09-05T01:26:41.995228+00:00,houston|2026_09_06|highest_temperature|f|khou,963179,4209032,Houston,KHOU,NOAA_NWS,2026-09-06,highest_temperature,F,or_lower,81.0,,81.0,81°F or below,0.006,0.994,0.002,0.01,0.008,,1626.00068,True,True,0x0c58f591958aceed42c4ed1b82834ac792d53acf81082e52ad76fae8c09bbd92
2026-09-05T01:26:41.995338+00:00,houston|2026_09_06|highest_temperature|f|khou,963179,4209033,Houston,KHOU,NOAA_NWS,2026-09-06,highest_temperature,F,range,,-83.0,-83.0,82-83°F,0.0105,0.9895,0.001,0.02,0.019,,2445.90715,True,True,0x8a9bc87d13b78528b0691cc5954665568bcc3e0610a0a9b8ea1b5896e1753fdb
2026-09-05T01:26:41.995468+00:00,houston|2026_09_06|highest_temperature|f|khou,963179,4209034,Houston,KHOU,NOAA_NWS,2026-09-06,highest_temperature,F,range,,-85.0,-85.0,84-85°F,0.035,0.965,0.02,0.05,0.030000000000000002,,2948.4892,True,True,0xd63c40beb8a46b3f9cb9ed5946bfca8b65194dd2a75f47cd90bb7710d5cd9b2d
2026-09-05T01:26:41.995576+00:00,houston|2026_09_06|highest_temperature|f|khou,963179,4209035,Houston,KHOU,NOAA_NWS,2026-09-06,highest_temperature,F,range,,-87.0,-87.0,86-87°F,0.12,0.88,0.1,0.14,0.04000000000000001,262.671427,3418.1425,True,True,0x40e5c2fdf78b1f08bb7a112c8fdad4fed146ee98674f8a13e658b91671c35967
2026-09-05T01:26:41.995681+00:00,houston|2026_09_06|highest_temperature|f|khou,963179,4209036,Houston,KHOU,NOAA_NWS,2026-09-06,highest_temperature,F,range,,-89.0,-89.0,88-89°F,0.27,0.73,0.26,0.28,0.020000000000000018,653.023253,4630.6137,True,True,0x7deeb87964b30219687939fc1af59698c60fe5ddcec80692a5f2acfae14b492b
2026-09-05T01:26:41.995787+00:00,houston|2026_09_06|highest_temperature|f|khou,963179,4209037,Houston,KHOU,NOAA_NWS,2026-09-06,highest_temperature,F,range,,-91.0,-91.0,90-91°F,0.33,0.67,0.32,0.34,0.020000000000000018,187.158054,3317.5761,True,True,0x86adccbc27b872844fd420fcaebd0daf8e6f8176b6d971c30e682990b6379fd8
2026-09-05T01:26:41.995901+00:00,houston|2026_09_06|highest_temperature|f|khou,963179,4209038,Houston,KHOU,NOAA_NWS,2026-09-06,highest_temperature,F,range,,-93.0,-93.0,92-93°F,0.195,0.805,0.19,0.2,0.010000000000000009,168.674919,3930.5252,True,True,0x4b19d239dfcb8d1aa391e3d4c4f8abdaeca3fa88ded84e37c6e4da1c7a7f753a
2026-09-05T01:26:41.996008+00:00,houston|2026_09_06|highest_temperature|f|khou,963179,4209039,Houston,KHOU,NOAA_NWS,2026-09-06,highest_temperature,F,range,,-95.0,-95.0,94-95°F,0.06,0.94,0.04,0.08,0.04,10.0,3275.374,True,True,0x70d7f38fc645fcc146b25490bc8f419b070b47f68532853727eb1d4988604fde
2026-09-05T01:26:41.996119+00:00,houston|2026_09_06|highest_temperature|f|khou,963179,4209040,Houston,KHOU,NOAA_NWS,2026-09-06,highest_temperature,F,range,,-97.0,-97.0,96-97°F,0.025,0.975,0.01,0.04,0.03,,3044.7548,True,True,0x598236fe8e6374bc1c24d614a1c021ba73d8539867d3f12ef028458faa0b401a
2026-09-05T01:26:41.996228+00:00,houston|2026_09_06|highest_temperature|f|khou,963179,4209041,Houston,KHOU,NOAA_NWS,2026-09-06,highest_temperature,F,range,,-99.0,-99.0,98-99°F,0.005,0.995,,0.01,,,2581.2989,True,True,0xc3a926d18b1455ad50ceaad933acbf745c97484bd76cadbdeb07693b119859d4
2026-09-05T01:26:41.996333+00:00,houston|2026_09_06|highest_temperature|f|khou,963179,4209042,Houston,KHOU,NOAA_NWS,2026-09-06,highest_temperature,F,or_higher,100.0,100.0,,100°F or higher,0.0105,0.9895,0.001,0.02,0.019,,1345.01958,True,True,0xccc91aec5869d1cf799ec241ca6485a8bc259461487f8ef88b4aa8f16c31d9e7
2026-09-05T01:26:41.996464+00:00,new_york_city|2026_09_06|lowest_temperature|f|klga,963262,4209306,New York City,KLGA,NOAA_NWS,2026-09-06,lowest_temperature,F,or_lower,57.0,,57.0,57°F or below,0.0105,0.9895,0.001,0.02,0.019,,2107.876,True,True,0x7c9bd326210829837029b72a56046dd38e3c317cc262670aca1f69844b71b4eb
2026-09-05T01:26:41.996581+00:00,new_york_city|2026_09_06|lowest_temperature|f|klga,963262,4209307,New York City,KLGA,NOAA_NWS,2026-09-06,lowest_temperature,F,range,,-59.0,-59.0,58-59°F,0.045,0.955,,0.09,,3.0,1098.1748,True,True,0x50ecf4e0fcfda088b496144799c7bb623f03fa611edf50372b3589b68d7ecc83
2026-09-05T01:26:41.996694+00:00,new_york_city|2026_09_06|lowest_temperature|f|klga,963262,4209308,New York City,KLGA,NOAA_NWS,2026-09-06,lowest_temperature,F,range,,-61.0,-61.0,60-61°F,0.05,0.95,,0.1,,,768.6953,True,True,0xabd198c215fb39cc3cf5ab3819d52df7f788ada06a57e20ffc160055797d13c4
2026-09-05T01:26:41.996805+00:00,new_york_city|2026_09_06|lowest_temperature|f|klga,963262,4209309,New York City,KLGA,NOAA_NWS,2026-09-06,lowest_temperature,F,range,,-63.0,-63.0,62-63°F,0.145,0.855,0.03,0.26,0.23,,1110.0901,True,True,0xcec413952f23150f6762bd392642b22eb49a45ace3fe194fa48d1a64a89734f7
2026-09-05T01:26:41.996922+00:00,new_york_city|2026_09_06|lowest_temperature|f|klga,963262,4209310,New York City,KLGA,NOAA_NWS,2026-09-06,lowest_temperature,F,range,,-65.0,-65.0,64-65°F,0.29,0.71,0.28,0.3,0.019999999999999962,97.34515300000001,1597.3922,True,True,0x3eef69000630a60e745caddd848baee3705290b5241fa53cafd200969c3b93b2
2026-09-05T01:26:41.997034+00:00,new_york_city|2026_09_06|lowest_temperature|f|klga,963262,4209311,New York City,KLGA,NOAA_NWS,2026-09-06,lowest_temperature,F,range,,-67.0,-67.0,66-67°F,0.485,0.515,0.48,0.49,0.010000000000000009,41.162789000000004,1455.1286,True,True,0x0d70836d0bc9f9d7360f1af9cc268c26d62ca227f702af1efa86206a81d2edb4
2026-09-05T01:26:41.997147+00:00,new_york_city|2026_09_06|lowest_temperature|f|klga,963262,4209312,New York City,KLGA,NOAA_NWS,2026-09-06,lowest_temperature,F,range,,-69.0,-69.0,68-69°F,0.09,0.91,,0.18,,,932.6229,True,True,0x683745b1f72f29273c1ad8067fd630022e232e9f3c76240d3a841082102634db
2026-09-05T01:26:41.997258+00:00,new_york_city|2026_09_06|lowest_temperature|f|klga,963262,4209313,New York City,KLGA,NOAA_NWS,2026-09-06,lowest_temperature,F,range,,-71.0,-71.0,70-71°F,0.09,0.91,,0.18,,,932.3763,True,True,0x4bb1c0872035c20259f4490e10d2108faaecfc0de3e70bccbf6100744f1436ef
2026-09-05T01:26:41.997386+00:00,new_york_city|2026_09_06|lowest_temperature|f|klga,963262,4209314,New York City,KLGA,NOAA_NWS,2026-09-06,lowest_temperature,F,range,,-73.0,-73.0,72-73°F,0.03,0.97,,0.06,,,1706.3961,True,True,0xa276dd2c14ff93c3649ee91fb96c85653bcc205a7e008a899dc380675f6a2d24
2026-09-05T01:26:41.997503+00:00,new_york_city|2026_09_06|lowest_temperature|f|klga,963262,4209315,New York City,KLGA,NOAA_NWS,2026-09-06,lowest_temperature,F,range,,-75.0,-75.0,74-75°F,0.0105,0.9895,0.001,0.02,0.019,,2274.3461,True,True,0x5fd85793e8999851df009a13a9ea73a68cde82796144792be1bf2b27b83cecf4
2026-09-05T01:26:41.997621+00:00,new_york_city|2026_09_06|lowest_temperature|f|klga,963262,4209316,New York City,KLGA,NOAA_NWS,2026-09-06,lowest_temperature,F,or_higher,76.0,76.0,,76°F or higher,0.0105,0.9895,0.001,0.02,0.019,,1927.338,True,True,0x29df0b090973b2892a48c82db043f3d138fb88dd92306aca4a4716e4245f3c46
2026-09-05T01:26:41.997741+00:00,dallas|2026_09_06|lowest_temperature|f|kdal,963263,4209317,Dallas,KDAL,NOAA_NWS,2026-09-06,lowest_temperature,F,or_lower,69.0,,69.0,69°F or below,0.07,0.93,,0.14,,,166.76,True,True,0xce6b03505d94fc26fd0abef25dab11f935eae882ff301892621a131afba0b9cc
2026-09-05T01:26:41.997853+00:00,dallas|2026_09_06|lowest_temperature|f|kdal,963263,4209318,Dallas,KDAL,NOAA_NWS,2026-09-06,lowest_temperature,F,range,,-71.0,-71.0,70-71°F,0.01,0.99,,0.02,,,486.7501,True,True,0xf905021885e4baaead374d180cf82ce832ff0b54516477d028fbad8db8a8abcc
2026-09-05T01:26:41.997960+00:00,dallas|2026_09_06|lowest_temperature|f|kdal,963263,4209319,Dallas,KDAL,NOAA_NWS,2026-09-06,lowest_temperature,F,range,,-73.0,-73.0,72-73°F,0.08,0.92,,0.16,,,355.2172,True,True,0x3250fce23a26628feba340e925997924645357152a276d1d83dadb8790de48bb
2026-09-05T01:26:41.998066+00:00,dallas|2026_09_06|lowest_temperature|f|kdal,963263,4209320,Dallas,KDAL,NOAA_NWS,2026-09-06,lowest_temperature,F,range,,-75.0,-75.0,74-75°F,0.075,0.925,,0.15,,,285.2572,True,True,0xa05073253c0d34c9658cd521ce4780c8fd938a7e235f67e750aee21dd5a91654
2026-09-05T01:26:41.998169+00:00,dallas|2026_09_06|lowest_temperature|f|kdal,963263,4209321,Dallas,KDAL,NOAA_NWS,2026-09-06,lowest_temperature,F,range,,-77.0,-77.0,76-77°F,0.235,0.765,0.03,0.44,0.41000000000000003,,549.7717,True,True,0xe07f16090301c272b004c8eb26e1c3e20be737d9fef047d21393531fdd61ede6
2026-09-05T01:26:41.998272+00:00,dallas|2026_09_06|lowest_temperature|f|kdal,963263,4209322,Dallas,KDAL,NOAA_NWS,2026-09-06,lowest_temperature,F,range,,-79.0,-79.0,78-79°F,0.3,0.7,0.11,0.49,0.38,,357.0921,True,True,0xcae928fbfcd4157b0059b714909aa2933a8d1a7e75f84b17a252615267503bdf
2026-09-05T01:26:41.998392+00:00,dallas|2026_09_06|lowest_temperature|f|kdal,963263,4209323,Dallas,KDAL,NOAA_NWS,2026-09-06,lowest_temperature,F,range,,-81.0,-81.0,80-81°F,0.415,0.585,0.33,0.5,0.16999999999999998,,361.0812,True,True,0xe51463bc8919fc89f57fdbb530d75ee25647cb69d1d16fc6b86f50673c4077d7
2026-09-05T01:26:41.998502+00:00,dallas|2026_09_06|lowest_temperature|f|kdal,963263,4209324,Dallas,KDAL,NOAA_NWS,2026-09-06,lowest_temperature,F,range,,-83.0,-83.0,82-83°F,0.23,0.77,0.13,0.33,0.2,,320.8383,True,True,0x523c4dec15d3e44eec5fe1f777e6f6c72fae358de34400af18c8c7d7efc366c4
2026-09-05T01:26:41.998607+00:00,dallas|2026_09_06|lowest_temperature|f|kdal,963263,4209325,Dallas,KDAL,NOAA_NWS,2026-09-06,lowest_temperature,F,range,,-85.0,-85.0,84-85°F,0.08,0.92,,0.16,,,294.1672,True,True,0x01a439d2dd26103d9bdffe90a329a2bcf01d15a6fab8f1cedd1207511cea6336
2026-09-05T01:26:41.998710+00:00,dallas|2026_09_06|lowest_temperature|f|kdal,963263,4209326,Dallas,KDAL,NOAA_NWS,2026-09-06,lowest_temperature,F,range,,-87.0,-87.0,86-87°F,0.075,0.925,,0.15,,,510.3301,True,True,0xb86c6d4d452e6b75e4cf8339d31ad61c7bb967e290412e9a149c10237f640cd0
2026-09-05T01:26:41.998813+00:00,dallas|2026_09_06|lowest_temperature|f|kdal,963263,4209327,Dallas,KDAL,NOAA_NWS,2026-09-06,lowest_temperature,F,or_higher,88.0,88.0,,88°F or higher,0.065,0.935,,0.13,,,129.84,True,True,0xcfe006573baf78f5daac92df7bba6e68e07522d8f502893ade68c7b0e34003aa
2026-09-05T01:26:41.998922+00:00,atlanta|2026_09_06|lowest_temperature|f|katl,963264,4209328,Atlanta,KATL,NOAA_NWS,2026-09-06,lowest_temperature,F,or_lower,67.0,,67.0,67°F or below,0.065,0.935,,0.13,,,152.54,True,True,0x7b9ec3c6cf95fb8b64f4b6045cccb171dd1d22e0c1fcfdf7ad06cccffc008561
2026-09-05T01:26:41.999029+00:00,atlanta|2026_09_06|lowest_temperature|f|katl,963264,4209329,Atlanta,KATL,NOAA_NWS,2026-09-06,lowest_temperature,F,range,,-69.0,-69.0,68-69°F,0.08,0.92,,0.16,,,360.0601,True,True,0xa449a0bf58771309d9f73496ad88cd3ab1dd992f1b54eab3a1c969171a985914
2026-09-05T01:26:41.999133+00:00,atlanta|2026_09_06|lowest_temperature|f|katl,963264,4209330,Atlanta,KATL,NOAA_NWS,2026-09-06,lowest_temperature,F,range,,-71.0,-71.0,70-71°F,0.08,0.92,,0.16,,,284.6672,True,True,0x7f9219fce02de4c4fcd8a7019d72e5dbf980c20728d8ced40933407c267159ab
2026-09-05T01:26:41.999237+00:00,atlanta|2026_09_06|lowest_temperature|f|katl,963264,4209331,Atlanta,KATL,NOAA_NWS,2026-09-06,lowest_temperature,F,range,,-73.0,-73.0,72-73°F,0.185,0.815,0.03,0.34,0.31000000000000005,,322.7411,True,True,0x55a25732104d2fc8bd271d642a836bd84f7a13c76cd35d929e2f6ee0f480af9b
2026-09-05T01:26:41.999352+00:00,atlanta|2026_09_06|lowest_temperature|f|katl,963264,4209332,Atlanta,KATL,NOAA_NWS,2026-09-06,lowest_temperature,F,range,,-75.0,-75.0,74-75°F,0.3,0.7,0.1,0.5,0.4,,295.7325,True,True,0x6f67fc119861769baedc673d478afb6895392b33f6e3b5a656edac9aef128b20
2026-09-05T01:26:41.999488+00:00,atlanta|2026_09_06|lowest_temperature|f|katl,963264,4209333,Atlanta,KATL,NOAA_NWS,2026-09-06,lowest_temperature,F,range,,-77.0,-77.0,76-77°F,0.38,0.62,0.26,0.5,0.24,,251.0396,True,True,0x96852f01b648b24a3c251e779cf27dfd93e516b3089a41777f98c17ad266a07d
2026-09-05T01:26:41.999602+00:00,atlanta|2026_09_06|lowest_temperature|f|katl,963264,4209334,Atlanta,KATL,NOAA_NWS,2026-09-06,lowest_temperature,F,range,,-79.0,-79.0,78-79°F,0.28,0.72,0.07,0.49,0.42,,299.9626,True,True,0xee0ec757930fbeec4cc68f238e854cb5eaf0d85a8f26770556e03172c3c1a433
2026-09-05T01:26:41.999708+00:00,atlanta|2026_09_06|lowest_temperature|f|katl,963264,4209335,Atlanta,KATL,NOAA_NWS,2026-09-06,lowest_temperature,F,range,,-81.0,-81.0,80-81°F,0.08,0.92,,0.16,,,303.3369,True,True,0x1abbb05b1e495a3eab55c06cf41b208b16967cca12236f7da522a0088b0fb467
2026-09-05T01:26:41.999812+00:00,atlanta|2026_09_06|lowest_temperature|f|katl,963264,4209336,Atlanta,KATL,NOAA_NWS,2026-09-06,lowest_temperature,F,range,,-83.0,-83.0,82-83°F,0.08,0.92,,0.16,,,305.9372,True,True,0x526b0f861a84dea86efb7472b9b1dca7179e66fcf66f8778e1c8f32032dac807
2026-09-05T01:26:41.999915+00:00,atlanta|2026_09_06|lowest_temperature|f|katl,963264,4209337,Atlanta,KATL,NOAA_NWS,2026-09-06,lowest_temperature,F,range,,-85.0,-85.0,84-85°F,0.08,0.92,,0.16,,,388.8201,True,True,0x18f6742cc399964255b49fe1c9096f0687eec77c1d5e024f7b8bcb85d0e08c99
2026-09-05T01:26:42.000019+00:00,atlanta|2026_09_06|lowest_temperature|f|katl,963264,4209338,Atlanta,KATL,NOAA_NWS,2026-09-06,lowest_temperature,F,or_higher,86.0,86.0,,86°F or higher,0.065,0.935,,0.13,,,180.44,True,True,0xf022d071073dbe582c236c149eadd65e14692df438a32346f64324306c443fd6
2026-09-05T01:26:42.000127+00:00,miami|2026_09_06|lowest_temperature|f|kmia,963265,4209339,Miami,KMIA,NOAA_NWS,2026-09-06,lowest_temperature,F,or_lower,71.0,,71.0,71°F or below,0.065,0.935,,0.13,,,254.49,True,True,0x99ede843e54e070ca984cab51965af1d25109d3ad31db5ccf6058eb0657b4b45
2026-09-05T01:26:42.000234+00:00,miami|2026_09_06|lowest_temperature|f|kmia,963265,4209340,Miami,KMIA,NOAA_NWS,2026-09-06,lowest_temperature,F,range,,-73.0,-73.0,72-73°F,0.085,0.915,,0.17,,,396.1889,True,True,0xcf97db451c836896003df83ab687572d64aab8eb289211405c985ceeb132ccee
2026-09-05T01:26:42.000337+00:00,miami|2026_09_06|lowest_temperature|f|kmia,963265,4209341,Miami,KMIA,NOAA_NWS,2026-09-06,lowest_temperature,F,range,,-75.0,-75.0,74-75°F,0.14,0.86,,0.28,,,390.6805,True,True,0x4937b6d86b5141a077f405e92a5f0d6517601d39925c64caec4a87cb9aff4741
2026-09-05T01:26:42.000463+00:00,miami|2026_09_06|lowest_temperature|f|kmia,963265,4209342,Miami,KMIA,NOAA_NWS,2026-09-06,lowest_temperature,F,range,,-77.0,-77.0,76-77°F,0.29,0.71,0.16,0.42,0.26,,384.7584,True,True,0x89b407790141022558364f7e6d2510fafb7eb2a354506b7ebb6490b05806c40b
2026-09-05T01:26:42.000568+00:00,miami|2026_09_06|lowest_temperature|f|kmia,963265,4209343,Miami,KMIA,NOAA_NWS,2026-09-06,lowest_temperature,F,range,,-79.0,-79.0,78-79°F,0.405,0.595,0.31,0.5,0.19,,286.2151,True,True,0x0ff801cbd4dc1da3281b28192dfff1c07d91de5be91d48b62bdd22ebc34e394a
2026-09-05T01:26:42.000671+00:00,miami|2026_09_06|lowest_temperature|f|kmia,963265,4209344,Miami,KMIA,NOAA_NWS,2026-09-06,lowest_temperature,F,range,,-81.0,-81.0,80-81°F,0.18,0.82,0.17,0.19,0.01999999999999999,78.066035,582.3365,True,True,0xe7d8e0d4c2f7ab76f04183fd4eab86529ac943ccc3af9d00ecd5e57ab889d01e
2026-09-05T01:26:42.000775+00:00,miami|2026_09_06|lowest_temperature|f|kmia,963265,4209345,Miami,KMIA,NOAA_NWS,2026-09-06,lowest_temperature,F,range,,-83.0,-83.0,82-83°F,0.075,0.925,,0.15,,,403.7161,True,True,0x3f8a04f98f628edc21327b8d28f50d6a5673e16df61868319ca47721dd1ac235
2026-09-05T01:26:42.000877+00:00,miami|2026_09_06|lowest_temperature|f|kmia,963265,4209346,Miami,KMIA,NOAA_NWS,2026-09-06,lowest_temperature,F,range,,-85.0,-85.0,84-85°F,0.08,0.92,,0.16,,,400.5061,True,True,0x74d06fbf5c500e6ea1106797a4a19d6d3574bdb62f13b082f70370efdda8bffe
2026-09-05T01:26:42.000986+00:00,miami|2026_09_06|lowest_temperature|f|kmia,963265,4209347,Miami,KMIA,NOAA_NWS,2026-09-06,lowest_temperature,F,range,,-87.0,-87.0,86-87°F,0.04,0.96,,0.08,,,700.1869,True,True,0x1c2af498379f6d9f348a91d840486f0b52b68fe1ebc256ea1b3aa92ddf139e38
2026-09-05T01:26:42.001095+00:00,miami|2026_09_06|lowest_temperature|f|kmia,963265,4209348,Miami,KMIA,NOAA_NWS,2026-09-06,lowest_temperature,F,range,,-89.0,-89.0,88-89°F,0.01,0.99,,0.02,,,1995.7161,True,True,0xe333839b6bc02c3237f73d3a9be97136b185813f1b0e8718c82d122591fae675
2026-09-05T01:26:42.001199+00:00,miami|2026_09_06|lowest_temperature|f|kmia,963265,4209349,Miami,KMIA,NOAA_NWS,2026-09-06,lowest_temperature,F,or_higher,90.0,90.0,,90°F or higher,0.01,0.99,,0.02,,,1735.71,True,True,0x1f50a4f5e7fc58b77bccc8154c711f7e85c9c59dbe092a26633c30466f063178
2026-09-05T01:26:42.001311+00:00,chicago|2026_09_06|lowest_temperature|f|kord,963266,4209350,Chicago,KORD,NOAA_NWS,2026-09-06,lowest_temperature,F,or_lower,61.0,,61.0,61°F or below,0.345,0.655,,0.69,,,63.88,True,True,0x89f3fdc309bf1019d1c6a918a47107bb6f83315c57b69cd05ea25c10100b508a
2026-09-05T01:26:42.001437+00:00,chicago|2026_09_06|lowest_temperature|f|kord,963266,4209351,Chicago,KORD,NOAA_NWS,2026-09-06,lowest_temperature,F,range,,-63.0,-63.0,62-63°F,0.245,0.755,,0.49,,,209.8878,True,True,0x487d792cfdd1c5c2c32a35c315f496ca5c0dd807b1b17b0ba2011f5fe390e1be
2026-09-05T01:26:42.001554+00:00,chicago|2026_09_06|lowest_temperature|f|kord,963266,4209352,Chicago,KORD,NOAA_NWS,2026-09-06,lowest_temperature,F,range,,-65.0,-65.0,64-65°F,0.255,0.745,0.03,0.48,0.44999999999999996,,227.6569,True,True,0x3a1512edfa5889cec16e026eab1ce85d2401b899bf7ce59fdff86835f907760f
2026-09-05T01:26:42.001659+00:00,chicago|2026_09_06|lowest_temperature|f|kord,963266,4209353,Chicago,KORD,NOAA_NWS,2026-09-06,lowest_temperature,F,range,,-67.0,-67.0,66-67°F,0.255,0.745,0.03,0.48,0.44999999999999996,,225.8469,True,True,0x40a1e0d36b9271b15746be14f06d39da4819e18c29e18e3641e05b2b84df7d03
2026-09-05T01:26:42.001763+00:00,chicago|2026_09_06|lowest_temperature|f|kord,963266,4209354,Chicago,KORD,NOAA_NWS,2026-09-06,lowest_temperature,F,range,,-69.0,-69.0,68-69°F,0.27,0.73,0.04,0.5,0.46,,210.1925,True,True,0xe28f76fa81feb20f602c48e1cdbc04d38f63032bcf426dc90379cb386cf4bd8c
2026-09-05T01:26:42.001867+00:00,chicago|2026_09_06|lowest_temperature|f|kord,963266,4209355,Chicago,KORD,NOAA_NWS,2026-09-06,lowest_temperature,F,range,,-71.0,-71.0,70-71°F,0.275,0.725,0.05,0.5,0.45,,233.3925,True,True,0x341ef48e27a88c6fd71a2da326b80fb7d6ccb5f4fe50959d0f58183a21831f51
2026-09-05T01:26:42.001971+00:00,chicago|2026_09_06|lowest_temperature|f|kord,963266,4209356,Chicago,KORD,NOAA_NWS,2026-09-06,lowest_temperature,F,range,,-73.0,-73.0,72-73°F,0.24,0.76,,0.48,,,214.1469,True,True,0x1ae4037aaa5bf3f4760813b4bf4098c1f08dfd611907aa350cfbc2cfdcd513f8
2026-09-05T01:26:42.002075+00:00,chicago|2026_09_06|lowest_temperature|f|kord,963266,4209357,Chicago,KORD,NOAA_NWS,2026-09-06,lowest_temperature,F,range,,-75.0,-75.0,74-75°F,0.245,0.755,,0.49,,,209.9478,True,True,0xe02be0fb36163c27a35d45b36c1f9c3cc98b76605e387a6769093cc1139029af
2026-09-05T01:26:42.002181+00:00,chicago|2026_09_06|lowest_temperature|f|kord,963266,4209358,Chicago,KORD,NOAA_NWS,2026-09-06,lowest_temperature,F,range,,-77.0,-77.0,76-77°F,0.1,0.9,,0.2,,,340.1001,True,True,0xd5876c6a9baaa7e6d8bb78429d610e924e285774fd39ec531a52d2d6edf3c065
2026-09-05T01:26:42.002285+00:00,chicago|2026_09_06|lowest_temperature|f|kord,963266,4209359,Chicago,KORD,NOAA_NWS,2026-09-06,lowest_temperature,F,range,,-79.0,-79.0,78-79°F,0.1,0.9,,0.2,,,343.7001,True,True,0xdc84b6c2075a63574b0769a7f1c3ae5f3f91e1a5b6ed67e2645aae5bc054d34d
2026-09-05T01:26:42.002408+00:00,chicago|2026_09_06|lowest_temperature|f|kord,963266,4209360,Chicago,KORD,NOAA_NWS,2026-09-06,lowest_temperature,F,or_higher,80.0,80.0,,80°F or higher,0.295,0.705,,0.59,,,77.43,True,True,0x2fe8d873e39e29c5496b9030038bc32b90bb281de36af0894499497c820fcf44
2026-09-05T01:26:42.002522+00:00,austin|2026_09_06|lowest_temperature|f|kaus,963267,4209361,Austin,KAUS,NOAA_NWS,2026-09-06,lowest_temperature,F,or_lower,67.0,,67.0,67°F or below,0.01,0.99,,0.02,,,145.25,True,True,0x801ccd99ed6d287698a154e589c3d1146d575bb0cc6ad70648687f8cacea9ebc
2026-09-05T01:26:42.002631+00:00,austin|2026_09_06|lowest_temperature|f|kaus,963267,4209362,Austin,KAUS,NOAA_NWS,2026-09-06,lowest_temperature,F,range,,-69.0,-69.0,68-69°F,0.04,0.96,,0.08,,,650.3804,True,True,0x8161fe3455bf78d8fb9a81493af8116dbbf3b3a244ec79079a5a2999b073ccd8
2026-09-05T01:26:42.002741+00:00,austin|2026_09_06|lowest_temperature|f|kaus,963267,4209363,Austin,KAUS,NOAA_NWS,2026-09-06,lowest_temperature,F,range,,-71.0,-71.0,70-71°F,0.255,0.745,0.03,0.48,0.44999999999999996,,433.1569,True,True,0xdeff03175aab9b5a5a2908c45d6df7d48e2c4a5b3c7d87ac63ae9b935fa10a8c
2026-09-05T01:26:42.002847+00:00,austin|2026_09_06|lowest_temperature|f|kaus,963267,4209364,Austin,KAUS,NOAA_NWS,2026-09-06,lowest_temperature,F,range,,-73.0,-73.0,72-73°F,0.28,0.72,0.11,0.45,0.34,2.272725,466.8543,True,True,0x0feaf678859d4a947517f54ff4b867d8a4c2e518ae3e27ca708693941960af78
2026-09-05T01:26:42.002953+00:00,austin|2026_09_06|lowest_temperature|f|kaus,963267,4209365,Austin,KAUS,NOAA_NWS,2026-09-06,lowest_temperature,F,range,,-75.0,-75.0,74-75°F,0.355,0.645,0.21,0.5,0.29000000000000004,,412.4109,True,True,0x954ec766eaa11a55c930998c3cda89bcb5b553ac9f9f170ef1654b83ff17ee1e
2026-09-05T01:26:42.003063+00:00,austin|2026_09_06|lowest_temperature|f|kaus,963267,4209366,Austin,KAUS,NOAA_NWS,2026-09-06,lowest_temperature,F,range,,-77.0,-77.0,76-77°F,0.3,0.7,0.11,0.49,0.38,,414.1623,True,True,0x1a3bcee3ae2744a00e4dc6b1c560c33cab4d451d3129d1a54b514fd3b6e30d23
2026-09-05T01:26:42.003169+00:00,austin|2026_09_06|lowest_temperature|f|kaus,963267,4209367,Austin,KAUS,NOAA_NWS,2026-09-06,lowest_temperature,F,range,,-79.0,-79.0,78-79°F,0.245,0.755,0.01,0.48,0.47,,555.3669,True,True,0xcdaa8c8cf5471fbdd13897fbe8dca04686cc6d77bdc0cf253a18cc38d832a5fa
2026-09-05T01:26:42.003272+00:00,austin|2026_09_06|lowest_temperature|f|kaus,963267,4209368,Austin,KAUS,NOAA_NWS,2026-09-06,lowest_temperature,F,range,,-81.0,-81.0,80-81°F,0.245,0.755,,0.49,,,437.8678,True,True,0x9290c9d21ff7ef6ac691dc12a7c013618ed64b5652e9010113c0925c083f5cc5
2026-09-05T01:26:42.003396+00:00,austin|2026_09_06|lowest_temperature|f|kaus,963267,4209369,Austin,KAUS,NOAA_NWS,2026-09-06,lowest_temperature,F,range,,-83.0,-83.0,82-83°F,0.095,0.905,,0.19,,,456.1601,True,True,0x4e2c9bf2e68cd650cb883787f50618b2690f87b45f730b23b079eef908b4d1c9
2026-09-05T01:26:42.003506+00:00,austin|2026_09_06|lowest_temperature|f|kaus,963267,4209370,Austin,KAUS,NOAA_NWS,2026-09-06,lowest_temperature,F,range,,-85.0,-85.0,84-85°F,0.095,0.905,,0.19,,,610.1101,True,True,0x61cf61431eded55bf6f3a8bdf93044e376ff19664492371b577a3acb046732a6
2026-09-05T01:26:42.003610+00:00,austin|2026_09_06|lowest_temperature|f|kaus,963267,4209371,Austin,KAUS,NOAA_NWS,2026-09-06,lowest_temperature,F,or_higher,86.0,86.0,,86°F or higher,0.275,0.725,,0.55,,,185.15,True,True,0xad1c6c927e32d539fb8d414dd9e053c635cfbcf3aa3243b34357f0a1544ce69e
2026-09-05T01:26:42.003725+00:00,denver|2026_09_06|lowest_temperature|f|kbkf,963268,4209372,Denver,KBKF,NOAA_NWS,2026-09-06,lowest_temperature,F,or_lower,57.0,,57.0,57°F or below,0.335,0.665,,0.67,,,166.55,True,True,0x1f2610de670847eec5fd1f9ffbebc064e2462e63120c370d6b73fd4a718b3c2a
2026-09-05T01:26:42.003833+00:00,denver|2026_09_06|lowest_temperature|f|kbkf,963268,4209373,Denver,KBKF,NOAA_NWS,2026-09-06,lowest_temperature,F,range,,-59.0,-59.0,58-59°F,0.245,0.755,,0.49,,,821.6178,True,True,0x870b427835dce5957c827d53636ee37c1111022ea589d017dd70be41b9a2c34c
2026-09-05T01:26:42.003941+00:00,denver|2026_09_06|lowest_temperature|f|kbkf,963268,4209374,Denver,KBKF,NOAA_NWS,2026-09-06,lowest_temperature,F,range,,-61.0,-61.0,60-61°F,0.265,0.735,0.04,0.49,0.45,,838.4678,True,True,0x3b75fa4561638596bc2120b8d265d54acf71e267617b39b9da0d385c69625502
2026-09-05T01:26:42.004047+00:00,denver|2026_09_06|lowest_temperature|f|kbkf,963268,4209375,Denver,KBKF,NOAA_NWS,2026-09-06,lowest_temperature,F,range,,-63.0,-63.0,62-63°F,0.315,0.685,0.13,0.5,0.37,,835.6511,True,True,0xd6a59180741499bc30a27ca09dcef5469f17737cd2febf2b650c6e7e5fd74f2b
2026-09-05T01:26:42.004151+00:00,denver|2026_09_06|lowest_temperature|f|kbkf,963268,4209376,Denver,KBKF,NOAA_NWS,2026-09-06,lowest_temperature,F,range,,-65.0,-65.0,64-65°F,0.305,0.695,0.11,0.5,0.39,,872.0521,True,True,0x0cffd12a5df5f9feaea44240780e286b4eda612f028617f9090bba1328b1d133
2026-09-05T01:26:42.004254+00:00,denver|2026_09_06|lowest_temperature|f|kbkf,963268,4209377,Denver,KBKF,NOAA_NWS,2026-09-06,lowest_temperature,F,range,,-67.0,-67.0,66-67°F,0.255,0.745,0.03,0.48,0.44999999999999996,,832.5669,True,True,0xbd520c5b1d0cbff07c4e202f8acd537a30bcc61320e5fd4cbe84ed37a148b80d
2026-09-05T01:26:42.004358+00:00,denver|2026_09_06|lowest_temperature|f|kbkf,963268,4209378,Denver,KBKF,NOAA_NWS,2026-09-06,lowest_temperature,F,range,,-69.0,-69.0,68-69°F,0.245,0.755,,0.49,,,848.7378,True,True,0xa7d731529c0295c3d7258d6e9d802ca2280b18a2e06f32e335406529981b8344
2026-09-05T01:26:42.004488+00:00,denver|2026_09_06|lowest_temperature|f|kbkf,963268,4209379,Denver,KBKF,NOAA_NWS,2026-09-06,lowest_temperature,F,range,,-71.0,-71.0,70-71°F,0.245,0.755,,0.49,,,849.6478,True,True,0x42919253ab5a71b08edcbf10aca6893c8a8489aeb48543994ed81a2047b5a450
2026-09-05T01:26:42.004593+00:00,denver|2026_09_06|lowest_temperature|f|kbkf,963268,4209380,Denver,KBKF,NOAA_NWS,2026-09-06,lowest_temperature,F,range,,-73.0,-73.0,72-73°F,0.095,0.905,,0.19,,,1053.9301,True,True,0xe66568a4cac7e05b2d56979a68bb869c1e660fad827c2bd384bc848eb3cfa64f
2026-09-05T01:26:42.004702+00:00,denver|2026_09_06|lowest_temperature|f|kbkf,963268,4209381,Denver,KBKF,NOAA_NWS,2026-09-06,lowest_temperature,F,range,,-75.0,-75.0,74-75°F,0.04,0.96,,0.08,,,1083.9933,True,True,0xd10c5ecbaa8e7d33d39cddace3c8a1b75a392334f232050b21760bbae54e8c96
2026-09-05T01:26:42.004810+00:00,denver|2026_09_06|lowest_temperature|f|kbkf,963268,4209382,Denver,KBKF,NOAA_NWS,2026-09-06,lowest_temperature,F,or_higher,76.0,76.0,,76°F or higher,0.295,0.705,,0.59,,,136.18,True,True,0x5bedc25e64b2168f33426e75921a545e898a3619caddb1fc815bccf66cf20266
2026-09-05T01:26:42.004920+00:00,houston|2026_09_06|lowest_temperature|f|khou,963269,4209383,Houston,KHOU,NOAA_NWS,2026-09-06,lowest_temperature,F,or_lower,69.0,,69.0,69°F or below,0.01,0.99,,0.02,,,102.25,True,True,0xa61b74370b2551078dac98f04475c9401df22512ab1e0a275527f4c9f76cf95c
2026-09-05T01:26:42.005027+00:00,houston|2026_09_06|lowest_temperature|f|khou,963269,4209384,Houston,KHOU,NOAA_NWS,2026-09-06,lowest_temperature,F,range,,-71.0,-71.0,70-71°F,0.245,0.755,,0.49,,,340.6178,True,True,0x1d1faa03ef6af53b0e49717ba9b7300e7fac56ad7ef73825a1ad45a06aafd8f8
2026-09-05T01:26:42.005133+00:00,houston|2026_09_06|lowest_temperature|f|khou,963269,4209385,Houston,KHOU,NOAA_NWS,2026-09-06,lowest_temperature,F,range,,-73.0,-73.0,72-73°F,0.245,0.755,,0.49,,,384.7978,True,True,0x5f441eae9013e0074f72ede5c9ed5291dfd109759291140b41c2ab81bcf39b5c
2026-09-05T01:26:42.005238+00:00,houston|2026_09_06|lowest_temperature|f|khou,963269,4209386,Houston,KHOU,NOAA_NWS,2026-09-06,lowest_temperature,F,range,,-75.0,-75.0,74-75°F,0.255,0.745,0.03,0.48,0.44999999999999996,,332.9869,True,True,0xaab43671280cd2075c698b6405b1c1e54cf366960df32a8642a27f4b7cf3b990
2026-09-05T01:26:42.005347+00:00,houston|2026_09_06|lowest_temperature|f|khou,963269,4209387,Houston,KHOU,NOAA_NWS,2026-09-06,lowest_temperature,F,range,,-77.0,-77.0,76-77°F,0.29,0.71,0.08,0.5,0.42,,419.2526,True,True,0x57db17a5298cecd000a0a3dd2111311812652e1954a43f4927d2453883d564f2
2026-09-05T01:26:42.005472+00:00,houston|2026_09_06|lowest_temperature|f|khou,963269,4209388,Houston,KHOU,NOAA_NWS,2026-09-06,lowest_temperature,F,range,,-79.0,-79.0,78-79°F,0.42,0.58,0.34,0.5,0.15999999999999998,,322.0997,True,True,0x7f0e47faa84112003d9a70a34a2e303927fcd54c56366f75fb4352a9ef91a5ca
2026-09-05T01:26:42.005578+00:00,houston|2026_09_06|lowest_temperature|f|khou,963269,4209389,Houston,KHOU,NOAA_NWS,2026-09-06,lowest_temperature,F,range,,-81.0,-81.0,80-81°F,0.245,0.755,,0.49,,,364.0578,True,True,0xd7dd54150e13da9a3eabd96f5a4e603fc54823262680c3406404b4166efcc5f0
2026-09-05T01:26:42.005681+00:00,houston|2026_09_06|lowest_temperature|f|khou,963269,4209390,Houston,KHOU,NOAA_NWS,2026-09-06,lowest_temperature,F,range,,-83.0,-83.0,82-83°F,0.245,0.755,,0.49,,,394.0578,True,True,0xe66eaf843142b07fb88f850d3e8fccff816d03b32a137f56701d24a900b77b0d
2026-09-05T01:26:42.005786+00:00,houston|2026_09_06|lowest_temperature|f|khou,963269,4209391,Houston,KHOU,NOAA_NWS,2026-09-06,lowest_temperature,F,range,,-85.0,-85.0,84-85°F,0.095,0.905,,0.19,,,538.2001,True,True,0x99da9bdd97a068fa8c8103c48fd9b082e4c49f6f814addd7e79bb3247f15e6b3
2026-09-05T01:26:42.005897+00:00,houston|2026_09_06|lowest_temperature|f|khou,963269,4209392,Houston,KHOU,NOAA_NWS,2026-09-06,lowest_temperature,F,range,,-87.0,-87.0,86-87°F,0.095,0.905,,0.19,,,540.1401,True,True,0x3d5a9546ec50616fdde1baa043daeb3d015a3d709525b9c06351e77e14331783
2026-09-05T01:26:42.006002+00:00,houston|2026_09_06|lowest_temperature|f|khou,963269,4209393,Houston,KHOU,NOAA_NWS,2026-09-06,lowest_temperature,F,or_higher,88.0,88.0,,88°F or higher,0.285,0.715,,0.57,,,129.79,True,True,0x225dac90335d00e1695e10e5f0ab2daf1a80e92da8ef535b7fed16180f76419b
2026-09-05T01:26:42.006114+00:00,new_york_city|2026_09_06|highest_temperature|f|klga,963328,4209503,New York City,KLGA,NOAA_NWS,2026-09-06,highest_temperature,F,or_lower,65.0,,65.0,65°F or below,0.003,0.997,0.001,0.005,0.004,45.305,5222.03115,True,True,0xb1d96ed29ae5531c010bdd0922d038e781e8436c15322557ac55158624daeb70
2026-09-05T01:26:42.006232+00:00,new_york_city|2026_09_06|highest_temperature|f|klga,963328,4209504,New York City,KLGA,NOAA_NWS,2026-09-06,highest_temperature,F,range,,-67.0,-67.0,66-67°F,0.01,0.99,,0.02,,,3653.7046,True,True,0x1b72097d4f6decc2c275fb04a7a9dde02d871fe81f5289527cd8aa7fceb1abd5
2026-09-05T01:26:42.006343+00:00,new_york_city|2026_09_06|highest_temperature|f|klga,963328,4209505,New York City,KLGA,NOAA_NWS,2026-09-06,highest_temperature,F,range,,-69.0,-69.0,68-69°F,0.02,0.98,0.01,0.03,0.019999999999999997,20.202,4045.4981,True,True,0xed1a9290f974c8875530241eb6bb1e4316e350ef8bdde53781e4bd3b46fc2e8d
2026-09-05T01:26:42.006484+00:00,new_york_city|2026_09_06|highest_temperature|f|klga,963328,4209506,New York City,KLGA,NOAA_NWS,2026-09-06,highest_temperature,F,range,,-71.0,-71.0,70-71°F,0.03,0.97,0.02,0.04,0.02,67.0,3701.4736,True,True,0x369f1bed68a3a4082375a8a35447877f62874e8961aca98257b010b597ffc00b
2026-09-05T01:26:42.006600+00:00,new_york_city|2026_09_06|highest_temperature|f|klga,963328,4209507,New York City,KLGA,NOAA_NWS,2026-09-06,highest_temperature,F,range,,-73.0,-73.0,72-73°F,0.065,0.935,0.05,0.08,0.03,251.835832,4309.2639,True,True,0x59590681cc03da2f8c5fc12055a178d94595d9e7723c82a1fae67c891ec784a9
2026-09-05T01:26:42.006712+00:00,new_york_city|2026_09_06|highest_temperature|f|klga,963328,4209508,New York City,KLGA,NOAA_NWS,2026-09-06,highest_temperature,F,range,,-75.0,-75.0,74-75°F,0.295,0.705,0.29,0.3,0.010000000000000009,324.230609,3962.1921,True,True,0x6a1d8554d4f0e409c7aed5e861a99c3cd8bbc8e7297fcc3e44d1d36761dabc1d
2026-09-05T01:26:42.006823+00:00,new_york_city|2026_09_06|highest_temperature|f|klga,963328,4209509,New York City,KLGA,NOAA_NWS,2026-09-06,highest_temperature,F,range,,-77.0,-77.0,76-77°F,0.4,0.6,0.39,0.41,0.019999999999999962,351.822099,5208.2745,True,True,0x7c3b694dca1084ca7ada60bc5e433107595e109feb985011828d9d475465351a
2026-09-05T01:26:42.006934+00:00,new_york_city|2026_09_06|highest_temperature|f|klga,963328,4209510,New York City,KLGA,NOAA_NWS,2026-09-06,highest_temperature,F,range,,-79.0,-79.0,78-79°F,0.215,0.785,0.21,0.22,0.010000000000000009,755.272894,3800.1522,True,True,0x3a735033a37cd12f910b26d1b91f26f9b514af24bc3d7c4ffc9b353ec3e18fb1
2026-09-05T01:26:42.007046+00:00,new_york_city|2026_09_06|highest_temperature|f|klga,963328,4209511,New York City,KLGA,NOAA_NWS,2026-09-06,highest_temperature,F,range,,-81.0,-81.0,80-81°F,0.0275,0.9725,0.025,0.03,0.0049999999999999975,45.85,3253.42407,True,True,0xe33a5110e8ba70a6b93c920cafdfc1e501241d3e570733b4e2ca9118b8891e1e
2026-09-05T01:26:42.007165+00:00,new_york_city|2026_09_06|highest_temperature|f|klga,963328,4209512,New York City,KLGA,NOAA_NWS,2026-09-06,highest_temperature,F,range,,-83.0,-83.0,82-83°F,0.01,0.99,,0.02,,17.0,2907.4228,True,True,0xc5f4274d21700b5826fa35682204ad1ac05de538feea35d863847d030e8f6533
2026-09-05T01:26:42.007277+00:00,new_york_city|2026_09_06|highest_temperature|f|klga,963328,4209513,New York City,KLGA,NOAA_NWS,2026-09-06,highest_temperature,F,or_higher,84.0,84.0,,84°F or higher,0.009,0.991,0.001,0.017,0.016,41.191,3635.32617,True,True,0x488cdd8fc8b342faed410d5b214c80d9fc0ffed1572afb5ef8788306f04cad31
2026-09-05T01:26:42.007411+00:00,dallas|2026_09_06|highest_temperature|f|kdal,963329,4209514,Dallas,KDAL,NOAA_NWS,2026-09-06,highest_temperature,F,or_lower,87.0,,87.0,87°F or below,0.002,0.998,0.001,0.003,0.002,157.006,3675.74989,True,True,0xc6e1d00436ecc394b3bbf3126398e48dec46a01f8e0c9495cdb07aa02f6aa881
2026-09-05T01:26:42.007526+00:00,dallas|2026_09_06|highest_temperature|f|kdal,963329,4209515,Dallas,KDAL,NOAA_NWS,2026-09-06,highest_temperature,F,range,,-89.0,-89.0,88-89°F,0.01,0.99,,0.02,,100.0,4278.2493,True,True,0x73dc9bf73b68728929eed37c1ea7263f233cdbb6aaaa00c017c6025514e2e866
2026-09-05T01:26:42.007632+00:00,dallas|2026_09_06|highest_temperature|f|kdal,963329,4209516,Dallas,KDAL,NOAA_NWS,2026-09-06,highest_temperature,F,range,,-91.0,-91.0,90-91°F,0.01,0.99,,0.02,,99.99199999999999,3993.0013,True,True,0x455db82a9b7257b3ce2673a2bc2d4b6b8d39d20596cc957d90b527fdb6de4bef
2026-09-05T01:26:42.007738+00:00,dallas|2026_09_06|highest_temperature|f|kdal,963329,4209517,Dallas,KDAL,NOAA_NWS,2026-09-06,highest_temperature,F,range,,-93.0,-93.0,92-93°F,0.015,0.985,,0.03,,55.0,3445.178,True,True,0x9df2843414754f54e53f295650e15d5ccc59456ea9a9c9b95795d4efa818958d
2026-09-05T01:26:42.007843+00:00,dallas|2026_09_06|highest_temperature|f|kdal,963329,4209518,Dallas,KDAL,NOAA_NWS,2026-09-06,highest_temperature,F,range,,-95.0,-95.0,94-95°F,0.01,0.99,,0.02,,111.0,3232.6742,True,True,0xfa35a489974a59acbc04b8087b5ec2df6efefbf1f6622e467b1a96869365b676
2026-09-05T01:26:42.007952+00:00,dallas|2026_09_06|highest_temperature|f|kdal,963329,4209519,Dallas,KDAL,NOAA_NWS,2026-09-06,highest_temperature,F,range,,-97.0,-97.0,96-97°F,0.09,0.91,0.07,0.11,0.039999999999999994,537.968481,3926.831,True,True,0xcab4972715a6cca19b23be88620a5c83d36fc7f2fc1a11b7a0bd916630515ca4
2026-09-05T01:26:42.008058+00:00,dallas|2026_09_06|highest_temperature|f|kdal,963329,4209520,Dallas,KDAL,NOAA_NWS,2026-09-06,highest_temperature,F,range,,-99.0,-99.0,98-99°F,0.49,0.51,0.48,0.5,0.020000000000000018,560.93101,8271.9219,True,True,0xdfa03642ddbab50c73e4defcbdbe4f21f614f0fb4d529ad6ed7565f837c1a09f
2026-09-05T01:26:42.008163+00:00,dallas|2026_09_06|highest_temperature|f|kdal,963329,4209521,Dallas,KDAL,NOAA_NWS,2026-09-06,highest_temperature,F,range,,-101.0,-101.0,100-101°F,0.385,0.615,0.38,0.39,0.010000000000000009,1914.6992899999998,4963.3533,True,True,0x679b5d1b92451163b3a90ebf4afa85c70c26e3e451f7f352d94fbbbd0e3c599a
2026-09-05T01:26:42.008274+00:00,dallas|2026_09_06|highest_temperature|f|kdal,963329,4209522,Dallas,KDAL,NOAA_NWS,2026-09-06,highest_temperature,F,range,,-103.0,-103.0,102-103°F,0.05,0.95,0.04,0.06,0.019999999999999997,258.098325,3243.6059,True,True,0xac9ab85cd84ea65d53d1b19204c08d9566ad2d24ec6661435e663725da7566f6
2026-09-05T01:26:42.008400+00:00,dallas|2026_09_06|highest_temperature|f|kdal,963329,4209523,Dallas,KDAL,NOAA_NWS,2026-09-06,highest_temperature,F,range,,-105.0,-105.0,104-105°F,0.015,0.985,,0.03,,55.0,3213.7266,True,True,0x412afecb1c5ec18fc47c4ddd5ae1324e7da1696b6e88db3f2fffcb909bbb6076
2026-09-05T01:26:42.008511+00:00,dallas|2026_09_06|highest_temperature|f|kdal,963329,4209524,Dallas,KDAL,NOAA_NWS,2026-09-06,highest_temperature,F,or_higher,106.0,106.0,,106°F or higher,0.015,0.985,,0.03,,61.993,2950.7786,True,True,0x2fc5e84140431d2d0b61b1413153fe1701f9168b65618c693a14591287c1e5d6
2026-09-05T01:26:42.008626+00:00,atlanta|2026_09_06|highest_temperature|f|katl,963330,4209525,Atlanta,KATL,NOAA_NWS,2026-09-06,highest_temperature,F,or_lower,85.0,,85.0,85°F or below,0.006,0.994,0.002,0.01,0.008,502.213666,4424.39806,True,True,0xcd035bb934ff88f1a7b17eecafe0e12e1eae886f8eee674e0db4525145dbe70d
2026-09-05T01:26:42.008735+00:00,atlanta|2026_09_06|highest_temperature|f|katl,963330,4209526,Atlanta,KATL,NOAA_NWS,2026-09-06,highest_temperature,F,range,,-87.0,-87.0,86-87°F,0.009,0.991,0.002,0.016,0.014,307.88331800000003,5005.03905,True,True,0x8fb40355454209268581994185ee40917cc39db80f427cda6fc43ec1d47ae73e
2026-09-05T01:26:42.008850+00:00,atlanta|2026_09_06|highest_temperature|f|katl,963330,4209527,Atlanta,KATL,NOAA_NWS,2026-09-06,highest_temperature,F,range,,-89.0,-89.0,88-89°F,0.01,0.99,,0.02,,,3183.6882,True,True,0x3462cfd3bfa6bb513459db32dfc5131c21f616b2cc88da6289ed752f1fbc1b38
2026-09-05T01:26:42.008958+00:00,atlanta|2026_09_06|highest_temperature|f|katl,963330,4209528,Atlanta,KATL,NOAA_NWS,2026-09-06,highest_temperature,F,range,,-91.0,-91.0,90-91°F,0.025,0.975,0.02,0.03,0.009999999999999998,66.785332,4632.2814,True,True,0xb8c43c4c3e7eef3291bed293c9095a788609f38eb201ce8c799e380f56e25d0e
2026-09-05T01:26:42.009063+00:00,atlanta|2026_09_06|highest_temperature|f|katl,963330,4209529,Atlanta,KATL,NOAA_NWS,2026-09-06,highest_temperature,F,range,,-93.0,-93.0,92-93°F,0.055,0.945,0.04,0.07,0.030000000000000006,22.79165,3429.6199,True,True,0xa4d362a3d5479d8fcf72301ea136dd28b67bf6b9b5a324d6539a65c6e1604f71
2026-09-05T01:26:42.009168+00:00,atlanta|2026_09_06|highest_temperature|f|katl,963330,4209530,Atlanta,KATL,NOAA_NWS,2026-09-06,highest_temperature,F,range,,-95.0,-95.0,94-95°F,0.21,0.79,0.19,0.23,0.04000000000000001,214.212636,4745.4044,True,True,0x8c726c87242b487fe7c92c1ab15db1c7a1e10450819c81ce5bed095ee34f1355
2026-09-05T01:26:42.009281+00:00,atlanta|2026_09_06|highest_temperature|f|katl,963330,4209531,Atlanta,KATL,NOAA_NWS,2026-09-06,highest_temperature,F,range,,-97.0,-97.0,96-97°F,0.475,0.525,0.47,0.48,0.010000000000000009,291.265518,9100.1364,True,True,0x840a9990db98f71d3e9176d7242d0456c8a78d8a80d799117e7642351fa560e2
2026-09-05T01:26:42.009413+00:00,atlanta|2026_09_06|highest_temperature|f|katl,963330,4209532,Atlanta,KATL,NOAA_NWS,2026-09-06,highest_temperature,F,range,,-99.0,-99.0,98-99°F,0.235,0.765,0.23,0.24,0.009999999999999981,149.572341,4115.7529,True,True,0x43e93f2e3958c79e1520155b30ef6e166018b4f1d4d756f1a68ad2d083fcbb6a
2026-09-05T01:26:42.009530+00:00,atlanta|2026_09_06|highest_temperature|f|katl,963330,4209533,Atlanta,KATL,NOAA_NWS,2026-09-06,highest_temperature,F,range,,-101.0,-101.0,100-101°F,0.055,0.945,0.04,0.07,0.030000000000000006,35.52,4099.2507,True,True,0xc86a9b4e3e165922ee078ad66185779038208636307da783793ed817fbb33a0f
2026-09-05T01:26:42.009639+00:00,atlanta|2026_09_06|highest_temperature|f|katl,963330,4209534,Atlanta,KATL,NOAA_NWS,2026-09-06,highest_temperature,F,range,,-103.0,-103.0,102-103°F,0.025,0.975,0.01,0.04,0.03,28.2244,4036.4025,True,True,0xe6b6adcd0f36cf6ea2cb59d0901c7b25ee950cf1e0be99afb79a9445e83548b8
2026-09-05T01:26:42.009751+00:00,atlanta|2026_09_06|highest_temperature|f|katl,963330,4209535,Atlanta,KATL,NOAA_NWS,2026-09-06,highest_temperature,F,or_higher,104.0,104.0,,104°F or higher,0.01,0.99,,0.02,,100.0,2544.3957,True,True,0xe9df3030f3cfabfd7fc6bbff4f409dbbb59c9c76a5dadb565f35b380640f8f66
2026-09-05T01:26:42.009863+00:00,miami|2026_09_06|highest_temperature|f|kmia,963331,4209536,Miami,KMIA,NOAA_NWS,2026-09-06,highest_temperature,F,or_lower,79.0,,79.0,79°F or below,0.0025,0.9975,0.001,0.004,0.003,284.8059,4059.43462,True,True,0xfb3fa4ae82d987b5c7fb902810baa12c5a67459cc13df8c4e1e8a610563ef62b
2026-09-05T01:26:42.009977+00:00,miami|2026_09_06|highest_temperature|f|kmia,963331,4209537,Miami,KMIA,NOAA_NWS,2026-09-06,highest_temperature,F,range,,-81.0,-81.0,80-81°F,0.0015,0.9985,0.001,0.002,0.001,125.81700000000001,3326.55883,True,True,0x0a663a88bb72894f2b2a57d1f227a45d464bcaf822979dba677285ac6e15aa08
2026-09-05T01:26:42.010090+00:00,miami|2026_09_06|highest_temperature|f|kmia,963331,4209538,Miami,KMIA,NOAA_NWS,2026-09-06,highest_temperature,F,range,,-83.0,-83.0,82-83°F,0.0055,0.9945,0.001,0.01,0.009000000000000001,109.99430000000001,3368.7948,True,True,0xe629bd32e53ee49003f50bf562a9574a21f24d5373d88c0663f925d926150b06
2026-09-05T01:26:42.010198+00:00,miami|2026_09_06|highest_temperature|f|kmia,963331,4209539,Miami,KMIA,NOAA_NWS,2026-09-06,highest_temperature,F,range,,-85.0,-85.0,84-85°F,0.02,0.98,0.01,0.03,0.019999999999999997,283.6326,3624.1068,True,True,0xbbbab12ab72494336f1241b9e451566e082f53c9d4166325533fbada705e629b
2026-09-05T01:26:42.010305+00:00,miami|2026_09_06|highest_temperature|f|kmia,963331,4209540,Miami,KMIA,NOAA_NWS,2026-09-06,highest_temperature,F,range,,-87.0,-87.0,86-87°F,0.035,0.965,0.03,0.04,0.010000000000000002,166.95855,3098.6254,True,True,0xeeb237a64290a1f3289cf7982043b0709eff9153e733a873d3786f132922830a
2026-09-05T01:26:42.010431+00:00,miami|2026_09_06|highest_temperature|f|kmia,963331,4209541,Miami,KMIA,NOAA_NWS,2026-09-06,highest_temperature,F,range,,-89.0,-89.0,88-89°F,0.245,0.755,0.24,0.25,0.010000000000000009,1146.37401,4469.0527,True,True,0x57719134e9c7087072695cf2943944f23e3efd2bbe043ebf11f3fea15fe86fba
2026-09-05T01:26:42.010544+00:00,miami|2026_09_06|highest_temperature|f|kmia,963331,4209542,Miami,KMIA,NOAA_NWS,2026-09-06,highest_temperature,F,range,,-91.0,-91.0,90-91°F,0.505,0.495,0.5,0.51,0.010000000000000009,1400.143878,3604.7529,True,True,0xe7c6e4ccd9c5e2429046197382bac0aaa0ef31652d74586521d7501c2f301a00
2026-09-05T01:26:42.010650+00:00,miami|2026_09_06|highest_temperature|f|kmia,963331,4209543,Miami,KMIA,NOAA_NWS,2026-09-06,highest_temperature,F,range,,-93.0,-93.0,92-93°F,0.21,0.79,0.2,0.22,0.01999999999999999,605.803553,3829.7007,True,True,0xf9c060c4dec162836d6ed922b76b979efbd81015514d5c2ae9c883bc886f2fcb
2026-09-05T01:26:42.010759+00:00,miami|2026_09_06|highest_temperature|f|kmia,963331,4209544,Miami,KMIA,NOAA_NWS,2026-09-06,highest_temperature,F,range,,-95.0,-95.0,94-95°F,0.02,0.98,0.01,0.03,0.019999999999999997,248.99855000000002,3693.7712,True,True,0x5f57e05fb1283ea9477290e8cec0ab041a99fff880e13e0cec658c754be6bc61
2026-09-05T01:26:42.010866+00:00,miami|2026_09_06|highest_temperature|f|kmia,963331,4209545,Miami,KMIA,NOAA_NWS,2026-09-06,highest_temperature,F,range,,-97.0,-97.0,96-97°F,0.0115,0.9885,0.001,0.022,0.020999999999999998,278.9915,3586.45717,True,True,0xabb1647b0157892b09aaa7d47aa816d574a9b6866a211d10cd7d9b8c78d00e2c
2026-09-05T01:26:42.010970+00:00,miami|2026_09_06|highest_temperature|f|kmia,963331,4209546,Miami,KMIA,NOAA_NWS,2026-09-06,highest_temperature,F,or_higher,98.0,98.0,,98°F or higher,0.006,0.994,0.002,0.01,0.008,138.115,3276.08107,True,True,0x5601d4105aa8082f8d24ade904be8b40365fd4f855730d5f571c11baaa30f640
2026-09-05T01:26:42.011079+00:00,denver|2026_09_06|highest_temperature|f|kbkf,963332,4209547,Denver,KBKF,NOAA_NWS,2026-09-06,highest_temperature,F,or_lower,79.0,,79.0,79°F or below,0.0025,0.9975,0.001,0.004,0.003,7.0,2951.10428,True,True,0xf3b1d74a518f0625b3facccac0a64a7a7622bb26e3cdfa0118541fc38a50254f
2026-09-05T01:26:42.011187+00:00,denver|2026_09_06|highest_temperature|f|kbkf,963332,4209548,Denver,KBKF,NOAA_NWS,2026-09-06,highest_temperature,F,range,,-81.0,-81.0,80-81°F,0.01,0.99,,0.02,,,3201.2675,True,True,0x6ae0c207f18df583ab6420b96e22ebae7f64a0ad8cd7f3c1361ebf66be505c1e
2026-09-05T01:26:42.011292+00:00,denver|2026_09_06|highest_temperature|f|kbkf,963332,4209549,Denver,KBKF,NOAA_NWS,2026-09-06,highest_temperature,F,range,,-83.0,-83.0,82-83°F,0.01,0.99,,0.02,,,2657.807,True,True,0x33c48c6a6b972cd6b34b2e7bfe6ccf801956f08f2aebff7692e3a31a99880244
2026-09-05T01:26:42.011416+00:00,denver|2026_09_06|highest_temperature|f|kbkf,963332,4209550,Denver,KBKF,NOAA_NWS,2026-09-06,highest_temperature,F,range,,-85.0,-85.0,84-85°F,0.02,0.98,,0.04,,,2205.3789,True,True,0xf3ec062c45ab40a3d0d24bf2f089bf3c9fae12c5e09b762208b991b3dbbed580
2026-09-05T01:26:42.011531+00:00,denver|2026_09_06|highest_temperature|f|kbkf,963332,4209551,Denver,KBKF,NOAA_NWS,2026-09-06,highest_temperature,F,range,,-87.0,-87.0,86-87°F,0.045,0.955,0.03,0.06,0.03,19.154633,2206.8439,True,True,0x26d1596406b4fd6ddb149d61e99f34556784176dcd727d121d6d2ff8dc100ff1
2026-09-05T01:26:42.011637+00:00,denver|2026_09_06|highest_temperature|f|kbkf,963332,4209552,Denver,KBKF,NOAA_NWS,2026-09-06,highest_temperature,F,range,,-89.0,-89.0,88-89°F,0.1,0.9,0.08,0.12,0.039999999999999994,47.44,2803.7571,True,True,0x669133298097f1c75ab743793864af47333d18b17076fb5031abfe5a49354b93
2026-09-05T01:26:42.011743+00:00,denver|2026_09_06|highest_temperature|f|kbkf,963332,4209553,Denver,KBKF,NOAA_NWS,2026-09-06,highest_temperature,F,range,,-91.0,-91.0,90-91°F,0.46,0.54,0.45,0.47,0.019999999999999962,300.10214199999996,7590.2018,True,True,0x97e72a92998242374d3e68864f857772bff95b22c8eeda3daa54761a5ddd6556
2026-09-05T01:26:42.011852+00:00,denver|2026_09_06|highest_temperature|f|kbkf,963332,4209554,Denver,KBKF,NOAA_NWS,2026-09-06,highest_temperature,F,range,,-93.0,-93.0,92-93°F,0.365,0.635,0.35,0.38,0.030000000000000027,288.778049,5233.2778,True,True,0x034e242bdfe8761f038bc20fed4e62c84f06f36ac7abf1aac436284ae4dc3afc
2026-09-05T01:26:42.011958+00:00,denver|2026_09_06|highest_temperature|f|kbkf,963332,4209555,Denver,KBKF,NOAA_NWS,2026-09-06,highest_temperature,F,range,,-95.0,-95.0,94-95°F,0.075,0.925,0.05,0.1,0.05,44.765950000000004,2708.2628,True,True,0xab4ac2f03c79bd1d72e2eac397cf99987317450cb354548b872df9fd10551039
2026-09-05T01:26:42.012063+00:00,denver|2026_09_06|highest_temperature|f|kbkf,963332,4209556,Denver,KBKF,NOAA_NWS,2026-09-06,highest_temperature,F,range,,-97.0,-97.0,96-97°F,0.02,0.98,,0.04,,,2078.5719,True,True,0x8ac6372d3b6d226973f728277429d1a6afa9794ed3af4e46dbb05035ca6431a3
2026-09-05T01:26:42.012173+00:00,denver|2026_09_06|highest_temperature|f|kbkf,963332,4209557,Denver,KBKF,NOAA_NWS,2026-09-06,highest_temperature,F,or_higher,98.0,98.0,,98°F or higher,0.02,0.98,,0.04,,,1544.5852,True,True,0x0f41397fcd328b9e58858fa37242a6873dbb1c11ee2e5df70cff2611f6143a99
2026-09-05T01:26:42.012290+00:00,seattle|2026_09_06|lowest_temperature|f|ksea,963888,4211988,Seattle,KSEA,NOAA_NWS,2026-09-06,lowest_temperature,F,or_lower,45.0,,45.0,45°F or below,0.065,0.935,,0.13,,,202.04,True,True,0x58c4cceb0239028af53cf50eea6e541af45e7d22467a1dbed5cd5c19110fab81
2026-09-05T01:26:42.012416+00:00,seattle|2026_09_06|lowest_temperature|f|ksea,963888,4211989,Seattle,KSEA,NOAA_NWS,2026-09-06,lowest_temperature,F,range,,-47.0,-47.0,46-47°F,0.08,0.92,,0.16,,,845.3669,True,True,0xd1bd651aadfeb926330c2f28aa8420238d1886d71d751bded51b5bee56374837
2026-09-05T01:26:42.012524+00:00,seattle|2026_09_06|lowest_temperature|f|ksea,963888,4211990,Seattle,KSEA,NOAA_NWS,2026-09-06,lowest_temperature,F,range,,-49.0,-49.0,48-49°F,0.105,0.895,0.03,0.18,0.15,,804.4709,True,True,0xc54038ba9c0fdfe825397554bfae0084be0c0a69874acb7e58a954dac6478971
2026-09-05T01:26:42.012628+00:00,seattle|2026_09_06|lowest_temperature|f|ksea,963888,4211991,Seattle,KSEA,NOAA_NWS,2026-09-06,lowest_temperature,F,range,,-51.0,-51.0,50-51°F,0.315,0.685,0.14,0.49,0.35,,880.8495,True,True,0xc89c6628d5b6f7df5f415b49f50f7d8001837793f0d6b553a745eb473f929e59
2026-09-05T01:26:42.012732+00:00,seattle|2026_09_06|lowest_temperature|f|ksea,963888,4211992,Seattle,KSEA,NOAA_NWS,2026-09-06,lowest_temperature,F,range,,-53.0,-53.0,52-53°F,0.385,0.615,0.27,0.5,0.22999999999999998,,880.5371,True,True,0xda787f3cd4829c8f249f18288f40ab556b06a1464a4465a530d9c6b56c087852
2026-09-05T01:26:42.012836+00:00,seattle|2026_09_06|lowest_temperature|f|ksea,963888,4211993,Seattle,KSEA,NOAA_NWS,2026-09-06,lowest_temperature,F,range,,-55.0,-55.0,54-55°F,0.285,0.715,0.08,0.49,0.41,,917.5676,True,True,0x0ff3fe5029b094a1db5c26c62b6893a9dd08ed2434b55fa5add464a667d1bc72
2026-09-05T01:26:42.012945+00:00,seattle|2026_09_06|lowest_temperature|f|ksea,963888,4211994,Seattle,KSEA,NOAA_NWS,2026-09-06,lowest_temperature,F,range,,-57.0,-57.0,56-57°F,0.245,0.755,,0.49,,,981.5978,True,True,0x0273baba412318ca04dcf9b5d0e628524dd53782b795b3db9338ec31af3cb142
2026-09-05T01:26:42.013048+00:00,seattle|2026_09_06|lowest_temperature|f|ksea,963888,4211995,Seattle,KSEA,NOAA_NWS,2026-09-06,lowest_temperature,F,range,,-59.0,-59.0,58-59°F,0.075,0.925,,0.15,,,845.0701,True,True,0xae1e80c5fe3007a3a20223c2fd651f8e251a4220232b1f328d75e71f854b2bb4
2026-09-05T01:26:42.013154+00:00,seattle|2026_09_06|lowest_temperature|f|ksea,963888,4211996,Seattle,KSEA,NOAA_NWS,2026-09-06,lowest_temperature,F,range,,-61.0,-61.0,60-61°F,0.075,0.925,,0.15,,,933.4001,True,True,0x91a0ef7facfe3b03e9b8b236a5fd629e0cac01e8740644206637df4d196dfde6
2026-09-05T01:26:42.013261+00:00,seattle|2026_09_06|lowest_temperature|f|ksea,963888,4211997,Seattle,KSEA,NOAA_NWS,2026-09-06,lowest_temperature,F,range,,-63.0,-63.0,62-63°F,0.075,0.925,,0.15,,,1000.5301,True,True,0x8d64bb42a091bf775f1a5abef68ab88bfe57e9b92b74285c198eccf787d79c7b
2026-09-05T01:26:42.013396+00:00,seattle|2026_09_06|lowest_temperature|f|ksea,963888,4211998,Seattle,KSEA,NOAA_NWS,2026-09-06,lowest_temperature,F,or_higher,64.0,64.0,,64°F or higher,0.045,0.955,,0.09,,,181.47,True,True,0x594ebc183bf31a4051d6e47a927eafee873fbf823e9a625b6321b10c7c22785b
2026-09-05T01:26:42.013561+00:00,los_angeles|2026_09_06|lowest_temperature|f|klax,963892,4212020,Los Angeles,KLAX,NOAA_NWS,2026-09-06,lowest_temperature,F,or_lower,59.0,,59.0,59°F or below,0.21,0.79,,0.42,,5.0,153.8522,True,True,0x06b14c1bd5a18241efef3d0d6e3ba74eef2786301cf4b08c3d8a0770e5e0b76a
2026-09-05T01:26:42.013690+00:00,los_angeles|2026_09_06|lowest_temperature|f|klax,963892,4212021,Los Angeles,KLAX,NOAA_NWS,2026-09-06,lowest_temperature,F,range,,-61.0,-61.0,60-61°F,0.245,0.755,,0.49,,3.0,853.9978,True,True,0x77945409b0adde64bce7b5bcd725527e3407189c21731d94c53f402446d9000f
2026-09-05T01:26:42.013804+00:00,los_angeles|2026_09_06|lowest_temperature|f|klax,963892,4212022,Los Angeles,KLAX,NOAA_NWS,2026-09-06,lowest_temperature,F,range,,-63.0,-63.0,62-63°F,0.245,0.755,,0.49,,,988.7178,True,True,0xcd8f81ecbb8d5cb3cb5a35c14cd6c881d6cec575057f240c03c90a65ab3ea6d8
2026-09-05T01:26:42.013913+00:00,los_angeles|2026_09_06|lowest_temperature|f|klax,963892,4212023,Los Angeles,KLAX,NOAA_NWS,2026-09-06,lowest_temperature,F,range,,-65.0,-65.0,64-65°F,0.155,0.845,,0.31,,5.0,948.8896,True,True,0x9edd519ee7676c59af706caebb92705d378a6afbd36652738b603ac4de0bfdf9
2026-09-05T01:26:42.014023+00:00,los_angeles|2026_09_06|lowest_temperature|f|klax,963892,4212024,Los Angeles,KLAX,NOAA_NWS,2026-09-06,lowest_temperature,F,range,,-67.0,-67.0,66-67°F,0.09,0.91,0.03,0.15,0.12,23.324966,921.2234,True,True,0xf887a0e73b9047126fdb148a937623c5de44041a2b78ed5ca74bd66cc3a55a0d
2026-09-05T01:26:42.014138+00:00,los_angeles|2026_09_06|lowest_temperature|f|klax,963892,4212025,Los Angeles,KLAX,NOAA_NWS,2026-09-06,lowest_temperature,F,range,,-69.0,-69.0,68-69°F,0.265,0.735,0.09,0.44,0.35,172.442724,859.8221,True,True,0xb55164321ef293cbbaf14bdcb7f3f7cac822386d88c33d16669bb8fae6f3c82e
2026-09-05T01:26:42.014248+00:00,los_angeles|2026_09_06|lowest_temperature|f|klax,963892,4212026,Los Angeles,KLAX,NOAA_NWS,2026-09-06,lowest_temperature,F,range,,-71.0,-71.0,70-71°F,0.275,0.725,0.16,0.39,0.23,67.05981299999999,889.3081,True,True,0xace55cba82d90e707341554b0636add67e33f68307ffef2148ca07370e506d49
2026-09-05T01:26:42.014357+00:00,los_angeles|2026_09_06|lowest_temperature|f|klax,963892,4212027,Los Angeles,KLAX,NOAA_NWS,2026-09-06,lowest_temperature,F,range,,-73.0,-73.0,72-73°F,0.28,0.72,0.09,0.47,0.38,240.177527,863.8059,True,True,0xd65588d0ea83d992d165c0996d07c335c4c4ed81821bea27e5487be6f2bf4799
2026-09-05T01:26:42.014491+00:00,los_angeles|2026_09_06|lowest_temperature|f|klax,963892,4212028,Los Angeles,KLAX,NOAA_NWS,2026-09-06,lowest_temperature,F,range,,-75.0,-75.0,74-75°F,0.245,0.755,,0.49,,,976.1178,True,True,0x26146f05a96052e7438ecbfe91642e066da8f6cca32288133c819db389aae5ec
2026-09-05T01:26:42.014601+00:00,los_angeles|2026_09_06|lowest_temperature|f|klax,963892,4212029,Los Angeles,KLAX,NOAA_NWS,2026-09-06,lowest_temperature,F,range,,-77.0,-77.0,76-77°F,0.24,0.76,,0.48,,,1046.2169,True,True,0xf44c357c1620e9f663e67ed6aa1accfa0c156f8452d5c22c431b0f0c1f42dbeb
2026-09-05T01:26:42.014709+00:00,los_angeles|2026_09_06|lowest_temperature|f|klax,963892,4212030,Los Angeles,KLAX,NOAA_NWS,2026-09-06,lowest_temperature,F,or_higher,78.0,78.0,,78°F or higher,0.175,0.825,,0.35,,4.0,210.6388,True,True,0xbb33647579a20b0ae65c327456b9b36057087ce6e12e4112e3894547b4c37123
2026-09-05T01:26:42.014821+00:00,san_francisco|2026_09_06|lowest_temperature|f|ksfo,963893,4212031,San Francisco,KSFO,NOAA_NWS,2026-09-06,lowest_temperature,F,or_lower,49.0,,49.0,49°F or below,0.225,0.775,,0.45,,2.0,188.65,True,True,0x82ea1cdc55e70085e3de6d1c6a22d49bf5e1a76545921fb1126f46c94e35f688
2026-09-05T01:26:42.014933+00:00,san_francisco|2026_09_06|lowest_temperature|f|ksfo,963893,4212032,San Francisco,KSFO,NOAA_NWS,2026-09-06,lowest_temperature,F,range,,-51.0,-51.0,50-51°F,0.095,0.905,,0.19,,23.0,1022.2251,True,True,0xda8cf8d65ed93bfa85703d432f0df1b9bd78a856f7001d1fbb12962850952fce
2026-09-05T01:26:42.015043+00:00,san_francisco|2026_09_06|lowest_temperature|f|ksfo,963893,4212033,San Francisco,KSFO,NOAA_NWS,2026-09-06,lowest_temperature,F,range,,-53.0,-53.0,52-53°F,0.1,0.9,,0.2,,23.0,971.4372,True,True,0x10b0c8af1880b1b5c537a3c4dac611b3b0defea0777ecc3917cb34b23e1f1287
2026-09-05T01:26:42.015158+00:00,san_francisco|2026_09_06|lowest_temperature|f|ksfo,963893,4212034,San Francisco,KSFO,NOAA_NWS,2026-09-06,lowest_temperature,F,range,,-55.0,-55.0,54-55°F,0.245,0.755,0.03,0.46,0.43000000000000005,,1116.4205,True,True,0x24716636d4344bf74f7d6223d318efc091d3040a312a89b82417e1f1f444ee04
2026-09-05T01:26:42.015268+00:00,san_francisco|2026_09_06|lowest_temperature|f|ksfo,963893,4212035,San Francisco,KSFO,NOAA_NWS,2026-09-06,lowest_temperature,F,range,,-57.0,-57.0,56-57°F,0.365,0.635,0.19,0.54,0.35000000000000003,28.367691,923.899,True,True,0x78c062e9e96132d8a2d80eb0b71ca056e53f7b031622881cb397005063b94783
2026-09-05T01:26:42.015395+00:00,san_francisco|2026_09_06|lowest_temperature|f|ksfo,963893,4212036,San Francisco,KSFO,NOAA_NWS,2026-09-06,lowest_temperature,F,range,,-59.0,-59.0,58-59°F,0.48,0.52,0.36,0.6,0.24,52.796907,905.0008,True,True,0xe62d087e138799a5c9c2d2924deea783b737483b6c60a7b9aa36b85d8c865b6e
2026-09-05T01:26:42.015515+00:00,san_francisco|2026_09_06|lowest_temperature|f|ksfo,963893,4212037,San Francisco,KSFO,NOAA_NWS,2026-09-06,lowest_temperature,F,range,,-61.0,-61.0,60-61°F,0.225,0.775,,0.45,,,1070.4811,True,True,0x3888ee95fc6154f880fdb816c94a68bf7e6587d542312673bf6b6f0cdd990754
2026-09-05T01:26:42.015626+00:00,san_francisco|2026_09_06|lowest_temperature|f|ksfo,963893,4212038,San Francisco,KSFO,NOAA_NWS,2026-09-06,lowest_temperature,F,range,,-63.0,-63.0,62-63°F,0.225,0.775,,0.45,,,1035.9711,True,True,0x586e824b982cac3858e6a50331ec0d6f209c68910fc5d2a682cb19797a63a5e9
2026-09-05T01:26:42.015734+00:00,san_francisco|2026_09_06|lowest_temperature|f|ksfo,963893,4212039,San Francisco,KSFO,NOAA_NWS,2026-09-06,lowest_temperature,F,range,,-65.0,-65.0,64-65°F,0.095,0.905,,0.19,,,1119.6101,True,True,0x7f1bd662e5ade84467b85c67a14b45633d7f104d363ec793296f5a24514d7c45
2026-09-05T01:26:42.015841+00:00,san_francisco|2026_09_06|lowest_temperature|f|ksfo,963893,4212040,San Francisco,KSFO,NOAA_NWS,2026-09-06,lowest_temperature,F,range,,-67.0,-67.0,66-67°F,0.095,0.905,,0.19,,,1103.5001,True,True,0xa1ed6d892f0b33dbb468a73456bfaebbd9fbdf68cbc0b9d12f9eb5923fe1ce97
2026-09-05T01:26:42.015957+00:00,san_francisco|2026_09_06|lowest_temperature|f|ksfo,963893,4212041,San Francisco,KSFO,NOAA_NWS,2026-09-06,lowest_temperature,F,or_higher,68.0,68.0,,68°F or higher,0.225,0.775,,0.45,,4.0,208.26,True,True,0xa3206d13544625c7d99d9b452bdc378f7a5a958d4c4454b57003b30df5fd00d6
2026-09-05T01:26:42.016071+00:00,seattle|2026_09_06|highest_temperature|f|ksea,963956,4212290,Seattle,KSEA,NOAA_NWS,2026-09-06,highest_temperature,F,or_lower,63.0,,63.0,63°F or below,0.0205,0.9795,0.02,0.021,0.0010000000000000009,12.006,2746.38629,True,True,0x1d17bb9d0e82ae87caae58f5787e804feb02d8ba105cf9a55093ae30d725f412
2026-09-05T01:26:42.016185+00:00,seattle|2026_09_06|highest_temperature|f|ksea,963956,4212291,Seattle,KSEA,NOAA_NWS,2026-09-06,highest_temperature,F,range,,-65.0,-65.0,64-65°F,0.03,0.97,,0.06,,,3160.1953,True,True,0xa1d9ddd4e126cfabc366e4cf343a1fb83761b1a994b6932959126331dcb8243d
2026-09-05T01:26:42.016292+00:00,seattle|2026_09_06|highest_temperature|f|ksea,963956,4212292,Seattle,KSEA,NOAA_NWS,2026-09-06,highest_temperature,F,range,,-67.0,-67.0,66-67°F,0.045,0.955,,0.09,,,2755.3163,True,True,0x44f74e8ecc4b88aab2c40a1b8f4483feb80788a29d1957d98120590ebfa18257
2026-09-05T01:26:42.016422+00:00,seattle|2026_09_06|highest_temperature|f|ksea,963956,4212293,Seattle,KSEA,NOAA_NWS,2026-09-06,highest_temperature,F,range,,-69.0,-69.0,68-69°F,0.095,0.905,0.08,0.11,0.03,14.923037,3002.428,True,True,0x5ddd97c0ae558f9c784c2379af18c55047e6a6e0e1743fd841cc167e78524693
2026-09-05T01:26:42.016535+00:00,seattle|2026_09_06|highest_temperature|f|ksea,963956,4212294,Seattle,KSEA,NOAA_NWS,2026-09-06,highest_temperature,F,range,,-71.0,-71.0,70-71°F,0.275,0.725,0.27,0.28,0.010000000000000009,362.890519,4325.5259,True,True,0x1ef66134caa43f7d78e36d5483ade9db12054620634cf2d1eb2d58985cb98c8b
2026-09-05T01:26:42.016640+00:00,seattle|2026_09_06|highest_temperature|f|ksea,963956,4212295,Seattle,KSEA,NOAA_NWS,2026-09-06,highest_temperature,F,range,,-73.0,-73.0,72-73°F,0.42,0.58,0.41,0.43,0.020000000000000018,52.342959,4445.6911,True,True,0xdd8488cc907ef1fbdc3464071e3c3ba4e098ccbbf30086dae9c407bb51fe72c1
2026-09-05T01:26:42.016746+00:00,seattle|2026_09_06|highest_temperature|f|ksea,963956,4212296,Seattle,KSEA,NOAA_NWS,2026-09-06,highest_temperature,F,range,,-75.0,-75.0,74-75°F,0.14,0.86,0.12,0.16,0.04000000000000001,60.174612,3346.1227,True,True,0xc1c1f731c5107a64ad6b0119a061c567f2ceaaa8f3039b9e60e3989761541651
2026-09-05T01:26:42.016853+00:00,seattle|2026_09_06|highest_temperature|f|ksea,963956,4212297,Seattle,KSEA,NOAA_NWS,2026-09-06,highest_temperature,F,range,,-77.0,-77.0,76-77°F,0.055,0.945,0.04,0.07,0.030000000000000006,9.5,2939.9125,True,True,0x8426a6c7854d0ad39929a570c364c36077e82bf3c466837bb6f7b8170eada683
2026-09-05T01:26:42.016965+00:00,seattle|2026_09_06|highest_temperature|f|ksea,963956,4212298,Seattle,KSEA,NOAA_NWS,2026-09-06,highest_temperature,F,range,,-79.0,-79.0,78-79°F,0.0055,0.9945,0.001,0.01,0.009000000000000001,128.5,2162.4331,True,True,0xd81ba6f323a5a37a42549fcc9cd51d7b2b91dc6cb65a2e4521d2f9937d9cbdac
2026-09-05T01:26:42.017073+00:00,seattle|2026_09_06|highest_temperature|f|ksea,963956,4212299,Seattle,KSEA,NOAA_NWS,2026-09-06,highest_temperature,F,range,,-81.0,-81.0,80-81°F,0.011,0.989,0.002,0.02,0.018000000000000002,,2726.93098,True,True,0x092183e9ec8b0ef787b381221ebd60a71c6e881a41a532c678b994941047c54f
2026-09-05T01:26:42.017178+00:00,seattle|2026_09_06|highest_temperature|f|ksea,963956,4212300,Seattle,KSEA,NOAA_NWS,2026-09-06,highest_temperature,F,or_higher,82.0,82.0,,82°F or higher,0.011,0.989,0.002,0.02,0.018000000000000002,,2023.71227,True,True,0xb32e46aeece51464e4d9a18f997d8c8478ec0fdebd8bfefae5420c9601566a29
2026-09-05T01:26:42.017292+00:00,los_angeles|2026_09_06|highest_temperature|f|klax,963957,4212301,Los Angeles,KLAX,NOAA_NWS,2026-09-06,highest_temperature,F,or_lower,67.0,,67.0,67°F or below,0.0085,0.9915,0.002,0.015,0.013,356.752,3375.38715,True,True,0x9fcb9ac2841753a983c0818f4088583f91c0ccc08d032f0544a1ea29aa4773e9
2026-09-05T01:26:42.017426+00:00,los_angeles|2026_09_06|highest_temperature|f|klax,963957,4212302,Los Angeles,KLAX,NOAA_NWS,2026-09-06,highest_temperature,F,range,,-69.0,-69.0,68-69°F,0.01,0.99,,0.02,,100.0,2767.4091,True,True,0x5826a015bcd7f5414f9b2179136c3ec252ccd67ad76c1e9eb8c327f26783313a
2026-09-05T01:26:42.017544+00:00,los_angeles|2026_09_06|highest_temperature|f|klax,963957,4212303,Los Angeles,KLAX,NOAA_NWS,2026-09-06,highest_temperature,F,range,,-71.0,-71.0,70-71°F,0.01,0.99,,0.02,,100.0,2653.0435,True,True,0xde0558eb75b99c80e62ddbacc1ff99664a44e61db3dba4dc3bffb2d1a75b8179
2026-09-05T01:26:42.017658+00:00,los_angeles|2026_09_06|highest_temperature|f|klax,963957,4212304,Los Angeles,KLAX,NOAA_NWS,2026-09-06,highest_temperature,F,range,,-73.0,-73.0,72-73°F,0.015,0.985,,0.03,,55.0,2422.4259,True,True,0xedbba4a54b77257359d28d7517f67523d36b83f52cd7c3137da53e94af869791
2026-09-05T01:26:42.017767+00:00,los_angeles|2026_09_06|highest_temperature|f|klax,963957,4212305,Los Angeles,KLAX,NOAA_NWS,2026-09-06,highest_temperature,F,range,,-75.0,-75.0,74-75°F,0.065,0.935,0.06,0.07,0.010000000000000009,18.85105,3211.6045,True,True,0xe0ae62f1977c6aa81425128316514179bea24d7e8c668c61dbd94fd5dbce327b
2026-09-05T01:26:42.017876+00:00,los_angeles|2026_09_06|highest_temperature|f|klax,963957,4212306,Los Angeles,KLAX,NOAA_NWS,2026-09-06,highest_temperature,F,range,,-77.0,-77.0,76-77°F,0.225,0.775,0.22,0.23,0.010000000000000009,666.5817130000001,2899.9633,True,True,0xc64e0d88cced60ae0c1eb3df4abfa50ede08d2d2c3062b8a8332408880807951
2026-09-05T01:26:42.017986+00:00,los_angeles|2026_09_06|highest_temperature|f|klax,963957,4212307,Los Angeles,KLAX,NOAA_NWS,2026-09-06,highest_temperature,F,range,,-79.0,-79.0,78-79°F,0.455,0.545,0.45,0.46,0.010000000000000009,756.946955,2901.3191,True,True,0x8eb684beabfcbf105d28a096ad94009f5f44584848cf902a72d866683ccf3071
2026-09-05T01:26:42.018096+00:00,los_angeles|2026_09_06|highest_temperature|f|klax,963957,4212308,Los Angeles,KLAX,NOAA_NWS,2026-09-06,highest_temperature,F,range,,-81.0,-81.0,80-81°F,0.21,0.79,0.19,0.23,0.04000000000000001,323.05836400000004,3133.5564,True,True,0x19f9c416b87eb9aac7acf83638134e610888fc5aecf46b1e4e78786217603910
2026-09-05T01:26:42.018205+00:00,los_angeles|2026_09_06|highest_temperature|f|klax,963957,4212309,Los Angeles,KLAX,NOAA_NWS,2026-09-06,highest_temperature,F,range,,-83.0,-83.0,82-83°F,0.05,0.95,0.04,0.06,0.019999999999999997,16.0,2225.3747,True,True,0x1683bb60bed47417c837193897aea25c67fb80165d7f383cced88f7d555b5898
2026-09-05T01:26:42.018313+00:00,los_angeles|2026_09_06|highest_temperature|f|klax,963957,4212310,Los Angeles,KLAX,NOAA_NWS,2026-09-06,highest_temperature,F,range,,-85.0,-85.0,84-85°F,0.0055,0.9945,0.001,0.01,0.009000000000000001,219.9935,2580.43299,True,True,0x78edba44b9ad43a783fd21226e39e499d965167e9638ff8e19c74e95f9d9f5e0
2026-09-05T01:26:42.018442+00:00,los_angeles|2026_09_06|highest_temperature|f|klax,963957,4212311,Los Angeles,KLAX,NOAA_NWS,2026-09-06,highest_temperature,F,or_higher,86.0,86.0,,86°F or higher,0.0055,0.9945,0.001,0.01,0.009000000000000001,120.0,2318.93596,True,True,0xf0c1cc4c42c9a9a97438213776add37001afc039c8659737e6b5de270e0a4cb2
2026-09-05T01:26:42.018559+00:00,san_francisco|2026_09_06|highest_temperature|f|ksfo,963958,4212312,San Francisco,KSFO,NOAA_NWS,2026-09-06,highest_temperature,F,or_lower,59.0,,59.0,59°F or below,0.0035,0.9965,0.003,0.004,0.001,310.752516,4059.18166,True,True,0xbd85de3f6c7a4f13c301859e1631cd902c378295462d8e98b4397913d5bed16f
2026-09-05T01:26:42.018677+00:00,san_francisco|2026_09_06|highest_temperature|f|ksfo,963958,4212313,San Francisco,KSFO,NOAA_NWS,2026-09-06,highest_temperature,F,range,,-61.0,-61.0,60-61°F,0.01,0.99,,0.02,,,2801.3584,True,True,0xc545891217786a29552a4d1106820d2f0dd4f0cb3c0fc08b860be7ae4f3937d0
2026-09-05T01:26:42.018788+00:00,san_francisco|2026_09_06|highest_temperature|f|ksfo,963958,4212314,San Francisco,KSFO,NOAA_NWS,2026-09-06,highest_temperature,F,range,,-63.0,-63.0,62-63°F,0.025,0.975,,0.05,,,2717.5487,True,True,0x3d2391f2b2d159d67231bcd32559335be00bbe3b84897b1514718493f5c9bf8c
2026-09-05T01:26:42.018896+00:00,san_francisco|2026_09_06|highest_temperature|f|ksfo,963958,4212315,San Francisco,KSFO,NOAA_NWS,2026-09-06,highest_temperature,F,range,,-65.0,-65.0,64-65°F,0.03,0.97,,0.06,,16.0989,2238.5353,True,True,0xa3619fa9e0573929d091fb1e1edc87b8a4943d57e27a97d888381e4ac43228c5
2026-09-05T01:26:42.019008+00:00,san_francisco|2026_09_06|highest_temperature|f|ksfo,963958,4212316,San Francisco,KSFO,NOAA_NWS,2026-09-06,highest_temperature,F,range,,-67.0,-67.0,66-67°F,0.135,0.865,0.11,0.16,0.05,69.043459,2641.6779,True,True,0x2de10db9c0edc80ad3a8f7d7f114f2623c36ad4a96bb53d41b8acde787de5dc3
2026-09-05T01:26:42.019121+00:00,san_francisco|2026_09_06|highest_temperature|f|ksfo,963958,4212317,San Francisco,KSFO,NOAA_NWS,2026-09-06,highest_temperature,F,range,,-69.0,-69.0,68-69°F,0.42,0.58,0.41,0.43,0.020000000000000018,156.394005,3824.62,True,True,0xee0a0ac890fb5900ef78cebaf0a953aba1860976d62abe7c281d865e68013dee
2026-09-05T01:26:42.019240+00:00,san_francisco|2026_09_06|highest_temperature|f|ksfo,963958,4212318,San Francisco,KSFO,NOAA_NWS,2026-09-06,highest_temperature,F,range,,-71.0,-71.0,70-71°F,0.4,0.6,0.39,0.41,0.019999999999999962,346.370104,2383.4912,True,True,0x9ef9c31e16352b4340652635599ff51ad344b5b8d5b225fe1c6be8d96f5dc5d9
2026-09-05T01:26:42.019382+00:00,san_francisco|2026_09_06|highest_temperature|f|ksfo,963958,4212319,San Francisco,KSFO,NOAA_NWS,2026-09-06,highest_temperature,F,range,,-73.0,-73.0,72-73°F,0.095,0.905,0.07,0.12,0.04999999999999999,25.04,2789.2156,True,True,0xb9adb2c645da634ed233ca75522a43daa4b599e699d03acfb05260a2f798bad5
2026-09-05T01:26:42.019500+00:00,san_francisco|2026_09_06|highest_temperature|f|ksfo,963958,4212320,San Francisco,KSFO,NOAA_NWS,2026-09-06,highest_temperature,F,range,,-75.0,-75.0,74-75°F,0.025,0.975,,0.05,,,2378.1519,True,True,0x05f5d54702722a5cc3e49a8aaa13dbd0c22f32ae064dca93f663a4fb81e82c60
2026-09-05T01:26:42.019615+00:00,san_francisco|2026_09_06|highest_temperature|f|ksfo,963958,4212321,San Francisco,KSFO,NOAA_NWS,2026-09-06,highest_temperature,F,range,,-77.0,-77.0,76-77°F,0.015,0.985,,0.03,,,2750.6966,True,True,0x6a2a54c42f76dfb7d645c5269ee8db9f0fdf93cb338ec79084db66130bef5a12
2026-09-05T01:26:42.019724+00:00,san_francisco|2026_09_06|highest_temperature|f|ksfo,963958,4212322,San Francisco,KSFO,NOAA_NWS,2026-09-06,highest_temperature,F,or_higher,78.0,78.0,,78°F or higher,0.015,0.985,,0.03,,,1667.3623,True,True,0xc7530e7ff60c65fa9899b0f8c488808e112bc8b598603a0bab615cea30b3a1c1
2026-09-05T01:26:42.019852+00:00,sao_paulo|2026_09_06|lowest_temperature|c|sbgr,964110,4212775,Sao Paulo,SBGR,NOAA_NWS,2026-09-06,lowest_temperature,C,or_lower,6.0,,6.0,6°C or below,0.0055,0.9945,0.001,0.01,0.009000000000000001,10.0,284.1075,True,True,0x9f5b8640b9653bb284718ebafb8e47079ec808f44ced1e579d1c8c2619247c97
2026-09-05T01:26:42.019963+00:00,sao_paulo|2026_09_06|lowest_temperature|c|sbgr,964110,4212776,Sao Paulo,SBGR,NOAA_NWS,2026-09-06,lowest_temperature,C,exact,7.0,7.0,7.0,7°C,0.1,0.9,,0.2,,,255.5601,True,True,0xbeadaa60c12f1085b375c3a08931140792dc5c39d34e9adb236408c387bddb0b
2026-09-05T01:26:42.020070+00:00,sao_paulo|2026_09_06|lowest_temperature|c|sbgr,964110,4212777,Sao Paulo,SBGR,NOAA_NWS,2026-09-06,lowest_temperature,C,exact,8.0,8.0,8.0,8°C,0.12,0.88,,0.24,,,192.7853,True,True,0x3ad421a7438c5acaa9d00480ade43bb7fc0a2e48a0c68b27feecd59c8c91ace8
2026-09-05T01:26:42.020176+00:00,sao_paulo|2026_09_06|lowest_temperature|c|sbgr,964110,4212778,Sao Paulo,SBGR,NOAA_NWS,2026-09-06,lowest_temperature,C,exact,9.0,9.0,9.0,9°C,0.245,0.755,0.01,0.48,0.47,,172.6869,True,True,0x7699e579de7c5cf52ec3efba92fdda19a1059b8d0889acaf9615f9439ccec9be
2026-09-05T01:26:42.020281+00:00,sao_paulo|2026_09_06|lowest_temperature|c|sbgr,964110,4212779,Sao Paulo,SBGR,NOAA_NWS,2026-09-06,lowest_temperature,C,exact,10.0,10.0,10.0,10°C,0.265,0.735,0.04,0.49,0.45,,183.3978,True,True,0x211c6552583ed6d1f54c1ed3be69d07183bdd950354b8c3cf60eb5685bdaa876
2026-09-05T01:26:42.020408+00:00,sao_paulo|2026_09_06|lowest_temperature|c|sbgr,964110,4212780,Sao Paulo,SBGR,NOAA_NWS,2026-09-06,lowest_temperature,C,exact,11.0,11.0,11.0,11°C,0.28,0.72,0.07,0.49,0.42,,183.9426,True,True,0x79038a38e35f0f487d2cf273612f3a9be931da0f8d93e543a5bb9bbbf44ab859
2026-09-05T01:26:42.020519+00:00,sao_paulo|2026_09_06|lowest_temperature|c|sbgr,964110,4212781,Sao Paulo,SBGR,NOAA_NWS,2026-09-06,lowest_temperature,C,exact,12.0,12.0,12.0,12°C,0.275,0.725,0.06,0.49,0.43,,212.7423,True,True,0x9c9bec0008329a159d18091b07edc7d57bae10067a6840ad5e6b90a9fa9851ce
2026-09-05T01:26:42.020630+00:00,sao_paulo|2026_09_06|lowest_temperature|c|sbgr,964110,4212782,Sao Paulo,SBGR,NOAA_NWS,2026-09-06,lowest_temperature,C,exact,13.0,13.0,13.0,13°C,0.245,0.755,,0.49,,,172.7778,True,True,0xeac2d6130dd196ada6d4d365a252055945104c60de0f029bd6d3771642deb420
2026-09-05T01:26:42.020736+00:00,sao_paulo|2026_09_06|lowest_temperature|c|sbgr,964110,4212783,Sao Paulo,SBGR,NOAA_NWS,2026-09-06,lowest_temperature,C,exact,14.0,14.0,14.0,14°C,0.125,0.875,,0.25,,,192.432,True,True,0x6c81156cc62745149af86936648fc989659dfbe2507582cefa9ea5e50f9198a9
2026-09-05T01:26:42.020845+00:00,sao_paulo|2026_09_06|lowest_temperature|c|sbgr,964110,4212784,Sao Paulo,SBGR,NOAA_NWS,2026-09-06,lowest_temperature,C,exact,15.0,15.0,15.0,15°C,0.1,0.9,,0.2,,,258.1701,True,True,0x2ec02ead6fe2774224a81daad82e4e0c10dc41806ce131b823846e14c962eb47
2026-09-05T01:26:42.020952+00:00,sao_paulo|2026_09_06|lowest_temperature|c|sbgr,964110,4212785,Sao Paulo,SBGR,NOAA_NWS,2026-09-06,lowest_temperature,C,or_higher,16.0,16.0,,16°C or higher,0.345,0.655,,0.69,,,66.26,True,True,0xaf935abded37326635e0db4944ad2c4ddf43cf86dd17e497365ca3afbb2f470f
2026-09-05T01:26:42.021063+00:00,buenos_aires|2026_09_06|lowest_temperature|c|saez,964111,4212786,Buenos Aires,SAEZ,NOAA_NWS,2026-09-06,lowest_temperature,C,or_lower,-2.0,,-2.0,-2°C or below,0.115,0.885,0.03,0.2,0.17,15.0,79.96,True,True,0x877f16830be3a793c8b7e7fb902715cc5d14ed2a36b0ce0da149327f8c8c4ebc
2026-09-05T01:26:42.021176+00:00,buenos_aires|2026_09_06|lowest_temperature|c|saez,964111,4212787,Buenos Aires,SAEZ,NOAA_NWS,2026-09-06,lowest_temperature,C,exact,-1.0,-1.0,-1.0,-1°C,0.28,0.72,0.06,0.5,0.44,,177.6827,True,True,0x9943f08070c7af87307130dbd92cb7d076e01c9fe0cf431ffb71fab034a0080b
2026-09-05T01:26:42.021283+00:00,buenos_aires|2026_09_06|lowest_temperature|c|saez,964111,4212788,Buenos Aires,SAEZ,NOAA_NWS,2026-09-06,lowest_temperature,C,exact,0.0,0.0,0.0,0°C,0.255,0.745,0.03,0.48,0.44999999999999996,,174.3469,True,True,0x0baf6fbe5f4993e5cad703da23d4cb3e621e25d7ca156a451a724c12be619d76
2026-09-05T01:26:42.021413+00:00,buenos_aires|2026_09_06|lowest_temperature|c|saez,964111,4212789,Buenos Aires,SAEZ,NOAA_NWS,2026-09-06,lowest_temperature,C,exact,1.0,1.0,1.0,1°C,0.285,0.715,0.07,0.5,0.43,,199.9921,True,True,0xb0511c70ebf75eb4ed5ae47a4c5925c70e824521fe82fe4858b0fa35d41bbb6c
2026-09-05T01:26:42.021523+00:00,buenos_aires|2026_09_06|lowest_temperature|c|saez,964111,4212790,Buenos Aires,SAEZ,NOAA_NWS,2026-09-06,lowest_temperature,C,exact,2.0,2.0,2.0,2°C,0.255,0.745,0.03,0.48,0.44999999999999996,,173.7369,True,True,0x75d13c4e04ec082c16a083082c7b8e56a14e48398c89fc82e67730977782db14
2026-09-05T01:26:42.021633+00:00,buenos_aires|2026_09_06|lowest_temperature|c|saez,964111,4212791,Buenos Aires,SAEZ,NOAA_NWS,2026-09-06,lowest_temperature,C,exact,3.0,3.0,3.0,3°C,0.245,0.755,0.01,0.48,0.47,,167.3069,True,True,0xab0fd93b3ffab1857b4444a2c5329229210b3335735904e488969d6adf44a061
2026-09-05T01:26:42.021740+00:00,buenos_aires|2026_09_06|lowest_temperature|c|saez,964111,4212792,Buenos Aires,SAEZ,NOAA_NWS,2026-09-06,lowest_temperature,C,exact,4.0,4.0,4.0,4°C,0.225,0.775,0.01,0.44,0.43,,169.8217,True,True,0xbb084df491519332fea9d7f9bf57a886c64bcf2453fbada23b75035fa3034dce
2026-09-05T01:26:42.021846+00:00,buenos_aires|2026_09_06|lowest_temperature|c|saez,964111,4212793,Buenos Aires,SAEZ,NOAA_NWS,2026-09-06,lowest_temperature,C,exact,5.0,5.0,5.0,5°C,0.09,0.91,,0.18,,37.0,255.7822,True,True,0x31cfadc9468f6811bf0d05f0f8e2b71f7f7f7ba230b748387c9a1c99cfab2cdd
2026-09-05T01:26:42.021952+00:00,buenos_aires|2026_09_06|lowest_temperature|c|saez,964111,4212794,Buenos Aires,SAEZ,NOAA_NWS,2026-09-06,lowest_temperature,C,exact,6.0,6.0,6.0,6°C,0.095,0.905,,0.19,,,294.7901,True,True,0xd025bc6cb468151942dc7f6f43cc137f248b9b8a5f0eb642672209fb1e2dbbde
2026-09-05T01:26:42.022057+00:00,buenos_aires|2026_09_06|lowest_temperature|c|saez,964111,4212795,Buenos Aires,SAEZ,NOAA_NWS,2026-09-06,lowest_temperature,C,exact,7.0,7.0,7.0,7°C,0.04,0.96,,0.08,,,293.0933,True,True,0xfc1c3bc0c11a52e8601fac5b8ed9df52366191dbcdb9864f6ff3242523fbfcf6
2026-09-05T01:26:42.022162+00:00,buenos_aires|2026_09_06|lowest_temperature|c|saez,964111,4212796,Buenos Aires,SAEZ,NOAA_NWS,2026-09-06,lowest_temperature,C,or_higher,8.0,8.0,,8°C or higher,0.295,0.705,,0.59,,,68.21,True,True,0x586492f3b590e099a2807895e8c8c057a517da6bd6cdfe3b273de50eabe22e59
2026-09-05T01:26:42.022278+00:00,toronto|2026_09_06|lowest_temperature|c|cyyz,964112,4212797,Toronto,CYYZ,NOAA_NWS,2026-09-06,lowest_temperature,C,or_lower,10.0,,10.0,10°C or below,0.295,0.705,,0.59,,6.0,69.445,True,True,0x525acb82dffd9d79db57c2635ed1e7c9da13ab48c71120001710841d08650055
2026-09-05T01:26:42.022408+00:00,toronto|2026_09_06|lowest_temperature|c|cyyz,964112,4212798,Toronto,CYYZ,NOAA_NWS,2026-09-06,lowest_temperature,C,exact,11.0,11.0,11.0,11°C,0.1,0.9,,0.2,,,253.1001,True,True,0x80aa9cf9144e4bf3c1e55f90c48b28a5956ccc6ca1a652b0a9424fb6aa4e31ba
2026-09-05T01:26:42.022517+00:00,toronto|2026_09_06|lowest_temperature|c|cyyz,964112,4212799,Toronto,CYYZ,NOAA_NWS,2026-09-06,lowest_temperature,C,exact,12.0,12.0,12.0,12°C,0.145,0.855,,0.29,,,243.4861,True,True,0x1de148097aaceae5dea3f5aca7a4a363a310b67bd53d419bce60d18205430d44
2026-09-05T01:26:42.022624+00:00,toronto|2026_09_06|lowest_temperature|c|cyyz,964112,4212800,Toronto,CYYZ,NOAA_NWS,2026-09-06,lowest_temperature,C,exact,13.0,13.0,13.0,13°C,0.245,0.755,,0.49,,,167.8778,True,True,0x60097b7bd779a4baeab7a6eab5095b847c9c7c84482e59c5f39f2da8f2664281
2026-09-05T01:26:42.022729+00:00,toronto|2026_09_06|lowest_temperature|c|cyyz,964112,4212801,Toronto,CYYZ,NOAA_NWS,2026-09-06,lowest_temperature,C,exact,14.0,14.0,14.0,14°C,0.245,0.755,,0.49,,,167.8778,True,True,0x0c27caafc9df6da7655aec5610847f47c097545ed74188ef474093952079a523
2026-09-05T01:26:42.022832+00:00,toronto|2026_09_06|lowest_temperature|c|cyyz,964112,4212802,Toronto,CYYZ,NOAA_NWS,2026-09-06,lowest_temperature,C,exact,15.0,15.0,15.0,15°C,0.3,0.7,0.1,0.5,0.4,,180.3519,True,True,0x42a265aec70e6ce210ec0fde427f194eb46af328acc493aba8e41f230ee594e6
2026-09-05T01:26:42.022935+00:00,toronto|2026_09_06|lowest_temperature|c|cyyz,964112,4212803,Toronto,CYYZ,NOAA_NWS,2026-09-06,lowest_temperature,C,exact,16.0,16.0,16.0,16°C,0.27,0.73,0.04,0.5,0.46,,166.2961,True,True,0x6751d82c9bedd6b8ead542f16e92f1cea42203282483d3133776235b7bb1df23
2026-09-05T01:26:42.023038+00:00,toronto|2026_09_06|lowest_temperature|c|cyyz,964112,4212804,Toronto,CYYZ,NOAA_NWS,2026-09-06,lowest_temperature,C,exact,17.0,17.0,17.0,17°C,0.255,0.745,0.03,0.48,0.44999999999999996,,182.9669,True,True,0x760ae9b362c185ccdd40c8d5ce1034e7b9276fe8a12a444c7fab7f47cb61411f
2026-09-05T01:26:42.023140+00:00,toronto|2026_09_06|lowest_temperature|c|cyyz,964112,4212805,Toronto,CYYZ,NOAA_NWS,2026-09-06,lowest_temperature,C,exact,18.0,18.0,18.0,18°C,0.245,0.755,,0.49,,,167.8778,True,True,0x5360aa77344d592f45cc46bb1969cfe8593822d036f713a94515fbf71503f9bd
2026-09-05T01:26:42.023243+00:00,toronto|2026_09_06|lowest_temperature|c|cyyz,964112,4212806,Toronto,CYYZ,NOAA_NWS,2026-09-06,lowest_temperature,C,exact,19.0,19.0,19.0,19°C,0.245,0.755,,0.49,,,169.5778,True,True,0x1b1fe56d6a0cda290f4249abb0097a945a1ba0032fd9c55a6316c31cb7ab9788
2026-09-05T01:26:42.023348+00:00,toronto|2026_09_06|lowest_temperature|c|cyyz,964112,4212807,Toronto,CYYZ,NOAA_NWS,2026-09-06,lowest_temperature,C,or_higher,20.0,20.0,,20°C or higher,0.345,0.655,,0.69,,,62.1,True,True,0x1be3cea7e78e054b0aa2384d2eab25252663d543487ef919f68872760eb6b674
2026-09-05T01:26:42.023484+00:00,mexico_city|2026_09_06|lowest_temperature|c|mmmx,964113,4212808,Mexico City,MMMX,NOAA_NWS,2026-09-06,lowest_temperature,C,or_lower,7.0,,7.0,7°C or below,0.295,0.705,,0.59,,,57.79,True,True,0xb4a52a2c15b7e1ad994ea5033075dc48fececf41c155edd0dcd76239fd5a1b4d
2026-09-05T01:26:42.023599+00:00,mexico_city|2026_09_06|lowest_temperature|c|mmmx,964113,4212809,Mexico City,MMMX,NOAA_NWS,2026-09-06,lowest_temperature,C,exact,8.0,8.0,8.0,8°C,0.095,0.905,,0.19,,,855.5601,True,True,0xb4af9ec5839f9e0c49ac0a7169d54606f56bc4bdb5088f2ac6f8b7da7d24cb45
2026-09-05T01:26:42.023706+00:00,mexico_city|2026_09_06|lowest_temperature|c|mmmx,964113,4212810,Mexico City,MMMX,NOAA_NWS,2026-09-06,lowest_temperature,C,exact,9.0,9.0,9.0,9°C,0.095,0.905,,0.19,,,857.6501,True,True,0x6c7074a18170ed240ecd778d1fbd145712a239eef9bb20669d53b20e6fded156
2026-09-05T01:26:42.023812+00:00,mexico_city|2026_09_06|lowest_temperature|c|mmmx,964113,4212811,Mexico City,MMMX,NOAA_NWS,2026-09-06,lowest_temperature,C,exact,10.0,10.0,10.0,10°C,0.12,0.88,,0.24,,,838.8811,True,True,0x624fec44a7d5372f63fc2067ae3460b82bfab29b96d0ce99f9e689f731bda37c
2026-09-05T01:26:42.023919+00:00,mexico_city|2026_09_06|lowest_temperature|c|mmmx,964113,4212812,Mexico City,MMMX,NOAA_NWS,2026-09-06,lowest_temperature,C,exact,11.0,11.0,11.0,11°C,0.1,0.9,,0.2,,,850.3301,True,True,0x1086b4a89ef0aadb958b28cadce9a6da870e215854154a7a9d1786afd95450c3
2026-09-05T01:26:42.024029+00:00,mexico_city|2026_09_06|lowest_temperature|c|mmmx,964113,4212813,Mexico City,MMMX,NOAA_NWS,2026-09-06,lowest_temperature,C,exact,12.0,12.0,12.0,12°C,0.26,0.74,0.04,0.48,0.44,,733.3569,True,True,0xbc1392e6babfa661203dd5c04c16c950e7ced4a0d750de579cc843da2cf8ee97
2026-09-05T01:26:42.024141+00:00,mexico_city|2026_09_06|lowest_temperature|c|mmmx,964113,4212814,Mexico City,MMMX,NOAA_NWS,2026-09-06,lowest_temperature,C,exact,13.0,13.0,13.0,13°C,0.27,0.73,0.07,0.47,0.39999999999999997,9.698711,860.117,True,True,0xa31aa9f8d430bdf445e6f5725d14a4eeda874ec107b1068c1df703868e8be87e
2026-09-05T01:26:42.024251+00:00,mexico_city|2026_09_06|lowest_temperature|c|mmmx,964113,4212815,Mexico City,MMMX,NOAA_NWS,2026-09-06,lowest_temperature,C,exact,14.0,14.0,14.0,14°C,0.265,0.735,0.03,0.5,0.47,,710.6161,True,True,0xdaddc3402a80388c7d4cdc1bd70c52ac760b16f2329f38ffd5b3765f62493250
2026-09-05T01:26:42.024379+00:00,mexico_city|2026_09_06|lowest_temperature|c|mmmx,964113,4212816,Mexico City,MMMX,NOAA_NWS,2026-09-06,lowest_temperature,C,exact,15.0,15.0,15.0,15°C,0.28,0.72,0.07,0.49,0.42,,734.6459,True,True,0x370b2e3502edfdaba55f68dc148103b715bcfc7f2865467f1569a3a4d7f1d9bf
2026-09-05T01:26:42.024496+00:00,mexico_city|2026_09_06|lowest_temperature|c|mmmx,964113,4212817,Mexico City,MMMX,NOAA_NWS,2026-09-06,lowest_temperature,C,exact,16.0,16.0,16.0,16°C,0.245,0.755,,0.49,,,725.5478,True,True,0x4fe5be1346cff5e188bfc2e4595c7243dc74e02c2d24b59c9d0fa36600b5fe34
2026-09-05T01:26:42.024604+00:00,mexico_city|2026_09_06|lowest_temperature|c|mmmx,964113,4212818,Mexico City,MMMX,NOAA_NWS,2026-09-06,lowest_temperature,C,or_higher,17.0,17.0,,17°C or higher,0.46,0.54,,0.92,,6.0,28.9298,True,True,0x45d3d34e25071d07b644d0bebb6766b6ce191dacb65f5e39fdba78881bd9e013
2026-09-05T01:26:42.024716+00:00,panama_city|2026_09_06|lowest_temperature|c|mpmg,964114,4212819,Panama City,MPMG,NOAA_NWS,2026-09-06,lowest_temperature,C,or_lower,20.0,,20.0,20°C or below,0.345,0.655,,0.69,,,126.04,True,True,0xf726a1041e0587cf8e25aaae65b2f9b31e6b62b118d35c10424e0cdcc87fd31b
2026-09-05T01:26:42.024826+00:00,panama_city|2026_09_06|lowest_temperature|c|mpmg,964114,4212820,Panama City,MPMG,NOAA_NWS,2026-09-06,lowest_temperature,C,exact,21.0,21.0,21.0,21°C,0.095,0.905,,0.19,,,456.1001,True,True,0x77bfd216c0bbac9e7247c5fef4b473c3796d24e48a455782e89f1cda438b4340
2026-09-05T01:26:42.024934+00:00,panama_city|2026_09_06|lowest_temperature|c|mpmg,964114,4212821,Panama City,MPMG,NOAA_NWS,2026-09-06,lowest_temperature,C,exact,22.0,22.0,22.0,22°C,0.245,0.755,,0.49,,,240.0478,True,True,0x9b18778f332633b32d970ce6de6b8628b6d21d25cdeb59a417857e4a543d05e2
2026-09-05T01:26:42.025042+00:00,panama_city|2026_09_06|lowest_temperature|c|mpmg,964114,4212822,Panama City,MPMG,NOAA_NWS,2026-09-06,lowest_temperature,C,exact,23.0,23.0,23.0,23°C,0.245,0.755,,0.49,,,308.5078,True,True,0x690724e3b2ef94d7eb3348c339fff370a173846a6a7386f2ba09c60dd3debf07
2026-09-05T01:26:42.025148+00:00,panama_city|2026_09_06|lowest_temperature|c|mpmg,964114,4212823,Panama City,MPMG,NOAA_NWS,2026-09-06,lowest_temperature,C,exact,24.0,24.0,24.0,24°C,0.245,0.755,,0.49,,,241.3478,True,True,0xf7f7798988cef14c671cc759d5613af872f4323936256b783411ff62b31db970
2026-09-05T01:26:42.025253+00:00,panama_city|2026_09_06|lowest_temperature|c|mpmg,964114,4212824,Panama City,MPMG,NOAA_NWS,2026-09-06,lowest_temperature,C,exact,25.0,25.0,25.0,25°C,0.265,0.735,0.03,0.5,0.47,,263.7761,True,True,0xa16e37c245a703f21914f4400079db7c97d02e8cd76cf1aad83b63d2a233b29e
2026-09-05T01:26:42.025381+00:00,panama_city|2026_09_06|lowest_temperature|c|mpmg,964114,4212825,Panama City,MPMG,NOAA_NWS,2026-09-06,lowest_temperature,C,exact,26.0,26.0,26.0,26°C,0.315,0.685,0.13,0.5,0.37,,292.7314,True,True,0x272008567b7744032d784109ca45bec71a00e2f4d6094a4ca3692c58cc7d5ca7
2026-09-05T01:26:42.025500+00:00,panama_city|2026_09_06|lowest_temperature|c|mpmg,964114,4212826,Panama City,MPMG,NOAA_NWS,2026-09-06,lowest_temperature,C,exact,27.0,27.0,27.0,27°C,0.245,0.755,,0.49,,,236.3478,True,True,0x164bbe4a065a9a67fcc8bf9f95872ceeb0dfe023a6bc46f5f7841df44a4fe334
2026-09-05T01:26:42.025609+00:00,panama_city|2026_09_06|lowest_temperature|c|mpmg,964114,4212827,Panama City,MPMG,NOAA_NWS,2026-09-06,lowest_temperature,C,exact,28.0,28.0,28.0,28°C,0.245,0.755,,0.49,,,241.6578,True,True,0xf30aa38688dc46059f39a9600fbf350b0e0643060420dfea5246deb48fffe2f0
2026-09-05T01:26:42.025721+00:00,panama_city|2026_09_06|lowest_temperature|c|mpmg,964114,4212828,Panama City,MPMG,NOAA_NWS,2026-09-06,lowest_temperature,C,exact,29.0,29.0,29.0,29°C,0.095,0.905,,0.19,,,464.2901,True,True,0x885f9a26ad15eb4e62edc457eeef1007edb0abde635d4a541aa9e568750ea665
2026-09-05T01:26:42.025831+00:00,panama_city|2026_09_06|lowest_temperature|c|mpmg,964114,4212829,Panama City,MPMG,NOAA_NWS,2026-09-06,lowest_temperature,C,or_higher,30.0,30.0,,30°C or higher,0.345,0.655,,0.69,,,114.16,True,True,0x24f6fcc7bfff6d29ce3fe0ff19a965b01b91a52c2235373caa34b8d09a505a10
2026-09-05T01:26:42.025944+00:00,sao_paulo|2026_09_06|highest_temperature|c|sbgr,964180,4213022,Sao Paulo,SBGR,NOAA_NWS,2026-09-06,highest_temperature,C,or_lower,13.0,,13.0,13°C or below,0.035,0.965,0.03,0.04,0.010000000000000002,170.94408299999998,1455.3903,True,True,0x7987fdc0d660c4452270ee447d5f860d32102c690d8d206aa08b3552071821a4
2026-09-05T01:26:42.026057+00:00,sao_paulo|2026_09_06|highest_temperature|c|sbgr,964180,4213023,Sao Paulo,SBGR,NOAA_NWS,2026-09-06,highest_temperature,C,exact,14.0,14.0,14.0,14°C,0.045,0.955,0.03,0.06,0.03,103.03645,1965.5732,True,True,0x5fa202df935bfc29beed629edc5dc47f987058f4e38fb57867c9ab439c6cb497
2026-09-05T01:26:42.026169+00:00,sao_paulo|2026_09_06|highest_temperature|c|sbgr,964180,4213024,Sao Paulo,SBGR,NOAA_NWS,2026-09-06,highest_temperature,C,exact,15.0,15.0,15.0,15°C,0.12,0.88,0.11,0.13,0.020000000000000004,504.474234,2935.5766,True,True,0xc4474aa04e60eb2b10873f512bdf4cc9fee505d5b269f2cb3d0f36dbc8b6fab0
2026-09-05T01:26:42.026279+00:00,sao_paulo|2026_09_06|highest_temperature|c|sbgr,964180,4213025,Sao Paulo,SBGR,NOAA_NWS,2026-09-06,highest_temperature,C,exact,16.0,16.0,16.0,16°C,0.345,0.655,0.34,0.35,0.009999999999999953,314.58500200000003,7978.9783,True,True,0x94c6770d0017880360911b77dabd06c16f3856a70313d8dfe6f5eb46cf515d20
2026-09-05T01:26:42.026405+00:00,sao_paulo|2026_09_06|highest_temperature|c|sbgr,964180,4213026,Sao Paulo,SBGR,NOAA_NWS,2026-09-06,highest_temperature,C,exact,17.0,17.0,17.0,17°C,0.28,0.72,0.27,0.29,0.019999999999999962,163.87556899999996,17457.6755,True,True,0x42069c86df3a00c36ab8c1583288c6fad172d0cc7e3fd4650a2987f8d846fba9
2026-09-05T01:26:42.026519+00:00,sao_paulo|2026_09_06|highest_temperature|c|sbgr,964180,4213027,Sao Paulo,SBGR,NOAA_NWS,2026-09-06,highest_temperature,C,exact,18.0,18.0,18.0,18°C,0.135,0.865,0.11,0.16,0.05,232.310971,2935.2404,True,True,0xa580aa5afb2090bbe91bed2cfdd0eae49848f58b0bfc568e1cc3645ef15a3174
2026-09-05T01:26:42.026630+00:00,sao_paulo|2026_09_06|highest_temperature|c|sbgr,964180,4213028,Sao Paulo,SBGR,NOAA_NWS,2026-09-06,highest_temperature,C,exact,19.0,19.0,19.0,19°C,0.04,0.96,0.02,0.06,0.039999999999999994,93.366664,2591.6361,True,True,0xb43ade430fd4199f92922e296b454fe617b7f3d518218c8d6d6655ca01f0f18a
2026-09-05T01:26:42.026738+00:00,sao_paulo|2026_09_06|highest_temperature|c|sbgr,964180,4213029,Sao Paulo,SBGR,NOAA_NWS,2026-09-06,highest_temperature,C,exact,20.0,20.0,20.0,20°C,0.02,0.98,0.01,0.03,0.019999999999999997,64.2161,3133.7607,True,True,0x763aaa88b4078f2ce71f5f463992b5ead6cbcdad04439f3b00dd6da0b5d8802b
2026-09-05T01:26:42.026845+00:00,sao_paulo|2026_09_06|highest_temperature|c|sbgr,964180,4213030,Sao Paulo,SBGR,NOAA_NWS,2026-09-06,highest_temperature,C,exact,21.0,21.0,21.0,21°C,0.005,0.995,0.001,0.009,0.008,,2065.85734,True,True,0x2ecdbf429cbcbb39964b51251d0209935c96ff2eac96b1c609cac3a917a0674f
2026-09-05T01:26:42.026951+00:00,sao_paulo|2026_09_06|highest_temperature|c|sbgr,964180,4213031,Sao Paulo,SBGR,NOAA_NWS,2026-09-06,highest_temperature,C,exact,22.0,22.0,22.0,22°C,0.0025,0.9975,0.001,0.004,0.003,,3236.97334,True,True,0x6470980202b8aa34bac7f5b71fd231c6d52952e35211b679eab32f3aa4443e33
2026-09-05T01:26:42.027058+00:00,sao_paulo|2026_09_06|highest_temperature|c|sbgr,964180,4213032,Sao Paulo,SBGR,NOAA_NWS,2026-09-06,highest_temperature,C,or_higher,23.0,23.0,,23°C or higher,0.002,0.998,0.001,0.003,0.002,,2761.92914,True,True,0xa14a9526aedb048fe5478df1f8a4ef9227263e3b1f341021243bfe081807019b
2026-09-05T01:26:42.027170+00:00,buenos_aires|2026_09_06|highest_temperature|c|saez,964181,4213033,Buenos Aires,SAEZ,NOAA_NWS,2026-09-06,highest_temperature,C,or_lower,6.0,,6.0,6°C or below,0.015,0.985,,0.03,,,2361.7506,True,True,0xef3cdc2d39b2fadd05a7fb79737a012d13a4b494d3b80d6cd58f6b21a9c15c70
2026-09-05T01:26:42.027282+00:00,buenos_aires|2026_09_06|highest_temperature|c|saez,964181,4213034,Buenos Aires,SAEZ,NOAA_NWS,2026-09-06,highest_temperature,C,exact,7.0,7.0,7.0,7°C,0.015,0.985,,0.03,,,3215.9468,True,True,0xed8e037ac168545181624ed7691950490d87d7c69279d3bd0a5a77501ee0937d
2026-09-05T01:26:42.027407+00:00,buenos_aires|2026_09_06|highest_temperature|c|saez,964181,4213035,Buenos Aires,SAEZ,NOAA_NWS,2026-09-06,highest_temperature,C,exact,8.0,8.0,8.0,8°C,0.025,0.975,,0.05,,,3112.9096,True,True,0xd8fd7de072ce238b880f5f895fcc61d7b90e37d02611eda1483ff82d12aa792e
2026-09-05T01:26:42.027519+00:00,buenos_aires|2026_09_06|highest_temperature|c|saez,964181,4213036,Buenos Aires,SAEZ,NOAA_NWS,2026-09-06,highest_temperature,C,exact,9.0,9.0,9.0,9°C,0.08,0.92,0.06,0.1,0.04000000000000001,59.693183000000005,3259.8273,True,True,0x527106a512c54f16255b1c019504ec2df29e8e3bfa08a26a8de2f5a319d294b4
2026-09-05T01:26:42.027632+00:00,buenos_aires|2026_09_06|highest_temperature|c|saez,964181,4213037,Buenos Aires,SAEZ,NOAA_NWS,2026-09-06,highest_temperature,C,exact,10.0,10.0,10.0,10°C,0.235,0.765,0.21,0.26,0.05000000000000002,40.093332,3348.1634,True,True,0xcf280b192a456748bb3a85f7e6b8fc78e1703cf0ccbfd0612cdfb0c86465967d
2026-09-05T01:26:42.027746+00:00,buenos_aires|2026_09_06|highest_temperature|c|saez,964181,4213038,Buenos Aires,SAEZ,NOAA_NWS,2026-09-06,highest_temperature,C,exact,11.0,11.0,11.0,11°C,0.465,0.535,0.45,0.48,0.02999999999999997,181.89549799999998,3309.0375,True,True,0x75895bd4b148c9ce0ead702bafcfd8c36bca1289857ea252ffeb9c7d8d6aa78c
2026-09-05T01:26:42.027855+00:00,buenos_aires|2026_09_06|highest_temperature|c|saez,964181,4213039,Buenos Aires,SAEZ,NOAA_NWS,2026-09-06,highest_temperature,C,exact,12.0,12.0,12.0,12°C,0.205,0.795,0.18,0.23,0.05000000000000002,51.19000000000001,2834.2834,True,True,0x1caf3e80696580e38d2beaac7652efdfe524c6a50432d7bbbaaf3d7c626f5cb1
2026-09-05T01:26:42.027967+00:00,buenos_aires|2026_09_06|highest_temperature|c|saez,964181,4213040,Buenos Aires,SAEZ,NOAA_NWS,2026-09-06,highest_temperature,C,exact,13.0,13.0,13.0,13°C,0.06,0.94,0.04,0.08,0.04,113.33691600000002,2956.6063,True,True,0xba18373c513d72ac677f0021e4e856363925da45af46ef682057bdbe5b7270cf
2026-09-05T01:26:42.028077+00:00,buenos_aires|2026_09_06|highest_temperature|c|saez,964181,4213041,Buenos Aires,SAEZ,NOAA_NWS,2026-09-06,highest_temperature,C,exact,14.0,14.0,14.0,14°C,0.02,0.98,0.01,0.03,0.019999999999999997,27.694300000000002,3221.4609,True,True,0xeace5fa2e69c798351ba6aa34cfd0dbb341d4248b9b947eb198e0b556f400db1
2026-09-05T01:26:42.028184+00:00,buenos_aires|2026_09_06|highest_temperature|c|saez,964181,4213042,Buenos Aires,SAEZ,NOAA_NWS,2026-09-06,highest_temperature,C,exact,15.0,15.0,15.0,15°C,0.0055,0.9945,0.001,0.01,0.009000000000000001,,3032.71326,True,True,0x0a9215d877547e9c367464364899eae4ccb51a64649eea4b86953ffcb1ccc8ab
2026-09-05T01:26:42.028291+00:00,buenos_aires|2026_09_06|highest_temperature|c|saez,964181,4213043,Buenos Aires,SAEZ,NOAA_NWS,2026-09-06,highest_temperature,C,or_higher,16.0,16.0,,16°C or higher,0.0075,0.9925,0.001,0.014,0.013000000000000001,20.23,3325.67375,True,True,0xd294a8cb8494868ccac26741adadc75116c8bdc7738214e62b3bae0fc15afb66
2026-09-05T01:26:42.028427+00:00,toronto|2026_09_06|highest_temperature|c|cyyz,964182,4213044,Toronto,CYYZ,NOAA_NWS,2026-09-06,highest_temperature,C,or_lower,19.0,,19.0,19°C or below,0.0055,0.9945,0.001,0.01,0.009000000000000001,19.990299999999998,1358.46545,True,True,0x49e3e2c55556cd40c7244402a986b344b6c9f56cfa68105d273a61786073a489
2026-09-05T01:26:42.028542+00:00,toronto|2026_09_06|highest_temperature|c|cyyz,964182,4213045,Toronto,CYYZ,NOAA_NWS,2026-09-06,highest_temperature,C,exact,20.0,20.0,20.0,20°C,0.02,0.98,0.01,0.03,0.019999999999999997,99.28580000000001,3084.397,True,True,0xe7ac3da291abe2ed9dd05f64119fb973b6bfebe6d3ace534b30ccb6ea9118a9b
2026-09-05T01:26:42.028648+00:00,toronto|2026_09_06|highest_temperature|c|cyyz,964182,4213046,Toronto,CYYZ,NOAA_NWS,2026-09-06,highest_temperature,C,exact,21.0,21.0,21.0,21°C,0.055,0.945,0.04,0.07,0.030000000000000006,666.938,3222.8474,True,True,0x584fcfe28e897996ea9b8b8c162e2de163b42a205fc223792193c0c183249022
2026-09-05T01:26:42.028754+00:00,toronto|2026_09_06|highest_temperature|c|cyyz,964182,4213047,Toronto,CYYZ,NOAA_NWS,2026-09-06,highest_temperature,C,exact,22.0,22.0,22.0,22°C,0.255,0.745,0.25,0.26,0.010000000000000009,279.065784,3335.987,True,True,0xde4beca11e8f0d5f9f8e602e27680910c49ddb8efe879fd70105edf5d8245db6
2026-09-05T01:26:42.028859+00:00,toronto|2026_09_06|highest_temperature|c|cyyz,964182,4213048,Toronto,CYYZ,NOAA_NWS,2026-09-06,highest_temperature,C,exact,23.0,23.0,23.0,23°C,0.465,0.535,0.46,0.47,0.009999999999999953,393.876814,4119.05,True,True,0x74c747ef9bfe3e45ef774a5326d5049423e4643b2258604d0066f62a53358360
2026-09-05T01:26:42.028964+00:00,toronto|2026_09_06|highest_temperature|c|cyyz,964182,4213049,Toronto,CYYZ,NOAA_NWS,2026-09-06,highest_temperature,C,exact,24.0,24.0,24.0,24°C,0.135,0.865,0.13,0.14,0.010000000000000009,383.100844,3224.313,True,True,0x435cc009da98dd7badebf1f14691e35219c1268b8af6b6313c05e8b3a224ccee
2026-09-05T01:26:42.029069+00:00,toronto|2026_09_06|highest_temperature|c|cyyz,964182,4213050,Toronto,CYYZ,NOAA_NWS,2026-09-06,highest_temperature,C,exact,25.0,25.0,25.0,25°C,0.035,0.965,0.03,0.04,0.010000000000000002,123.7,2642.8311,True,True,0xa9fcf538b5f73741a93ef9da1e26b0c84db3ed207e73b21c3d3455ed91c9e74c
2026-09-05T01:26:42.029178+00:00,toronto|2026_09_06|highest_temperature|c|cyyz,964182,4213051,Toronto,CYYZ,NOAA_NWS,2026-09-06,highest_temperature,C,exact,26.0,26.0,26.0,26°C,0.015,0.985,0.01,0.02,0.01,36.7,2958.3701,True,True,0xceab7447ac24b8042e93b9c7dd3c455f77d78561da7b0fbfd6e1205b91d5d503
2026-09-05T01:26:42.029288+00:00,toronto|2026_09_06|highest_temperature|c|cyyz,964182,4213052,Toronto,CYYZ,NOAA_NWS,2026-09-06,highest_temperature,C,exact,27.0,27.0,27.0,27°C,0.008,0.992,0.002,0.014,0.012,141.44809899999998,3523.21929,True,True,0x4799bdc7a463e6f677b39ccf648ee95dd131f7152374409d98431f7a9724599d
2026-09-05T01:26:42.029413+00:00,toronto|2026_09_06|highest_temperature|c|cyyz,964182,4213053,Toronto,CYYZ,NOAA_NWS,2026-09-06,highest_temperature,C,exact,28.0,28.0,28.0,28°C,0.0015,0.9985,0.001,0.002,0.001,1200.0,4869.01531,True,True,0x78ca0a29788bb5aa0da7730a11f0dbb385b5394a94a430982cd6aa4b8041172b
2026-09-05T01:26:42.029529+00:00,toronto|2026_09_06|highest_temperature|c|cyyz,964182,4213054,Toronto,CYYZ,NOAA_NWS,2026-09-06,highest_temperature,C,or_higher,29.0,29.0,,29°C or higher,0.01,0.99,,0.02,,,2558.5013,True,True,0x25f9ebac8afcaef44ef74f22ec74c5964e6a5cac850b20680df3aef6f3daa9b5
2026-09-05T01:26:42.029639+00:00,mexico_city|2026_09_06|highest_temperature|c|mmmx,964183,4213055,Mexico City,MMMX,NOAA_NWS,2026-09-06,highest_temperature,C,or_lower,16.0,,16.0,16°C or below,0.01,0.99,,0.02,,,2734.7824,True,True,0x59fded9fbf9d223d0b7f84aa40a15469c00d431f8a1c176063023efcd54d82b5
2026-09-05T01:26:42.029754+00:00,mexico_city|2026_09_06|highest_temperature|c|mmmx,964183,4213056,Mexico City,MMMX,NOAA_NWS,2026-09-06,highest_temperature,C,exact,17.0,17.0,17.0,17°C,0.0055,0.9945,0.001,0.01,0.009000000000000001,,3637.02022,True,True,0x1a2bf70f584a3753ae92e892e2c9e8ed47e46e4e24edfea10c90207dd53033c9
2026-09-05T01:26:42.029863+00:00,mexico_city|2026_09_06|highest_temperature|c|mmmx,964183,4213057,Mexico City,MMMX,NOAA_NWS,2026-09-06,highest_temperature,C,exact,18.0,18.0,18.0,18°C,0.0065,0.9935,0.001,0.012,0.011,,3373.7519,True,True,0x97bcf81a9f17aa67a7391b67919f706539f69ffdedcdc37ddf950bb53d95c7d2
2026-09-05T01:26:42.029970+00:00,mexico_city|2026_09_06|highest_temperature|c|mmmx,964183,4213058,Mexico City,MMMX,NOAA_NWS,2026-09-06,highest_temperature,C,exact,19.0,19.0,19.0,19°C,0.0055,0.9945,0.001,0.01,0.009000000000000001,,3188.47438,True,True,0x221fd2f67c7c32b3297593eca93bda3c303a7ead5d9b3ee621ed3a2aa221465c
2026-09-05T01:26:42.030076+00:00,mexico_city|2026_09_06|highest_temperature|c|mmmx,964183,4213059,Mexico City,MMMX,NOAA_NWS,2026-09-06,highest_temperature,C,exact,20.0,20.0,20.0,20°C,0.01,0.99,,0.02,,,2616.4137,True,True,0x01b10c7a174b75f0fd7d559af775d87df34b8700f74110246fb66139b757ea3b
2026-09-05T01:26:42.030182+00:00,mexico_city|2026_09_06|highest_temperature|c|mmmx,964183,4213060,Mexico City,MMMX,NOAA_NWS,2026-09-06,highest_temperature,C,exact,21.0,21.0,21.0,21°C,0.02,0.98,,0.04,,,2630.9946,True,True,0x905fab633d493543c7d4e3f4ebc8d654ad152e39c8c2e4e5431563a01804c280
2026-09-05T01:26:42.030288+00:00,mexico_city|2026_09_06|highest_temperature|c|mmmx,964183,4213061,Mexico City,MMMX,NOAA_NWS,2026-09-06,highest_temperature,C,exact,22.0,22.0,22.0,22°C,0.055,0.945,0.04,0.07,0.030000000000000006,66.133591,2687.8137,True,True,0x938468101081024e0bcc867930ca585aa2080879e342b1957c862fe4b1c1569b
2026-09-05T01:26:42.030417+00:00,mexico_city|2026_09_06|highest_temperature|c|mmmx,964183,4213062,Mexico City,MMMX,NOAA_NWS,2026-09-06,highest_temperature,C,exact,23.0,23.0,23.0,23°C,0.2,0.8,0.19,0.21,0.01999999999999999,78.997006,2854.0849,True,True,0xae843b47b9a1bb4d51f209120fd99c66071e0805bd1e7436f25b3d3e870a95a0
2026-09-05T01:26:42.030528+00:00,mexico_city|2026_09_06|highest_temperature|c|mmmx,964183,4213063,Mexico City,MMMX,NOAA_NWS,2026-09-06,highest_temperature,C,exact,24.0,24.0,24.0,24°C,0.435,0.565,0.43,0.44,0.010000000000000009,211.463886,6752.7143,True,True,0x958f938e64bcba7ed06736ae5d45d1a1feb866109c25dea1dbf6dd6984287a69
2026-09-05T01:26:42.030644+00:00,mexico_city|2026_09_06|highest_temperature|c|mmmx,964183,4213064,Mexico City,MMMX,NOAA_NWS,2026-09-06,highest_temperature,C,exact,25.0,25.0,25.0,25°C,0.285,0.715,0.26,0.31,0.04999999999999999,395.94918099999995,2903.3251,True,True,0x867c6ae9cfb62c7580b074d2380acf26bc39c0478f91d6441d40f8914c5c56bd
2026-09-05T01:26:42.030754+00:00,mexico_city|2026_09_06|highest_temperature|c|mmmx,964183,4213065,Mexico City,MMMX,NOAA_NWS,2026-09-06,highest_temperature,C,or_higher,26.0,26.0,,26°C or higher,0.07,0.93,0.04,0.1,0.060000000000000005,170.039088,2125.1811,True,True,0xf25b31317d84625184d44c9023a7f4fee706e6c887637ea5de8e1c8f75d9f454
2026-09-05T01:26:42.030868+00:00,panama_city|2026_09_06|highest_temperature|c|mpmg,964184,4213066,Panama City,MPMG,NOAA_NWS,2026-09-06,highest_temperature,C,or_lower,23.0,,23.0,23°C or below,0.01,0.99,,0.02,,,3032.65,True,True,0x62680fec5576ca4ab21370d19584dda519de6c2cd369db13131d5b23a23d83e7
2026-09-05T01:26:42.030980+00:00,panama_city|2026_09_06|highest_temperature|c|mpmg,964184,4213067,Panama City,MPMG,NOAA_NWS,2026-09-06,highest_temperature,C,exact,24.0,24.0,24.0,24°C,0.01,0.99,,0.02,,,3539.6723,True,True,0xc029dbb836a9d0893bac23bbe3384ab86456bb0f713b080ca177123b8a07f8e6
2026-09-05T01:26:42.031091+00:00,panama_city|2026_09_06|highest_temperature|c|mpmg,964184,4213068,Panama City,MPMG,NOAA_NWS,2026-09-06,highest_temperature,C,exact,25.0,25.0,25.0,25°C,0.01,0.99,,0.02,,,2789.8025,True,True,0x4901705ddbf6405cc9cf87f37cd5be6be80ef6b2253d539fd05e5c09717aa750
2026-09-05T01:26:42.031204+00:00,panama_city|2026_09_06|highest_temperature|c|mpmg,964184,4213069,Panama City,MPMG,NOAA_NWS,2026-09-06,highest_temperature,C,exact,26.0,26.0,26.0,26°C,0.01,0.99,,0.02,,,2009.1817,True,True,0x8d3fdae5136f30d054e9c31397020600a8c1ea6199c2c174276e65c927198898
2026-09-05T01:26:42.031313+00:00,panama_city|2026_09_06|highest_temperature|c|mpmg,964184,4213070,Panama City,MPMG,NOAA_NWS,2026-09-06,highest_temperature,C,exact,27.0,27.0,27.0,27°C,0.015,0.985,,0.03,,,1961.3623,True,True,0xfcc26b1512c6eac84a62b98be05ee41403407b3b983752a7a09bad8387efa484
2026-09-05T01:26:42.031445+00:00,panama_city|2026_09_06|highest_temperature|c|mpmg,964184,4213071,Panama City,MPMG,NOAA_NWS,2026-09-06,highest_temperature,C,exact,28.0,28.0,28.0,28°C,0.07,0.93,0.04,0.1,0.060000000000000005,,1868.2367,True,True,0x2f2c90228dbcf4449820fdf3af9db0ca41cb4d4e21c0489ff75ab3ddc78531bc
2026-09-05T01:26:42.031566+00:00,panama_city|2026_09_06|highest_temperature|c|mpmg,964184,4213072,Panama City,MPMG,NOAA_NWS,2026-09-06,highest_temperature,C,exact,29.0,29.0,29.0,29°C,0.085,0.915,0.08,0.09,0.009999999999999995,,1457.7197,True,True,0xd7970a4788f96d7344f68c36c05a0b0387920ec1204c4ba07b80dfabcec18277
2026-09-05T01:26:42.031679+00:00,panama_city|2026_09_06|highest_temperature|c|mpmg,964184,4213073,Panama City,MPMG,NOAA_NWS,2026-09-06,highest_temperature,C,exact,30.0,30.0,30.0,30°C,0.24,0.76,0.22,0.26,0.04000000000000001,419.562217,2869.0247,True,True,0x9959d1525043dfb333359e756853624119a98a45cd650f1fc1b51accd470c0fc
2026-09-05T01:26:42.031788+00:00,panama_city|2026_09_06|highest_temperature|c|mpmg,964184,4213074,Panama City,MPMG,NOAA_NWS,2026-09-06,highest_temperature,C,exact,31.0,31.0,31.0,31°C,0.31,0.69,0.3,0.32,0.020000000000000018,33.646665,24925.0126,True,True,0x1d2b9435eca2a0bbc2fb9c79a0dce869924c486ebface8a4bf4c46bd8e3a38ad
2026-09-05T01:26:42.031895+00:00,panama_city|2026_09_06|highest_temperature|c|mpmg,964184,4213075,Panama City,MPMG,NOAA_NWS,2026-09-06,highest_temperature,C,exact,32.0,32.0,32.0,32°C,0.19,0.81,0.17,0.21,0.03999999999999998,585.5955989999999,2654.2438,True,True,0xfe881a517ccc3f50c4e8d59afb424200bfe9477d55f7bbb70c665b1db958875e
2026-09-05T01:26:42.032001+00:00,panama_city|2026_09_06|highest_temperature|c|mpmg,964184,4213076,Panama City,MPMG,NOAA_NWS,2026-09-06,highest_temperature,C,or_higher,33.0,33.0,,33°C or higher,0.115,0.885,0.09,0.14,0.05000000000000002,39.326075,1142.29,True,True,0x6e9abe433ca34c5b30f12ee0a3565a6b1afc3c65f7d462fa86679cc2692b4e69
