collected_at,station,observation_time,temperature_c,dewpoint_c,wind_speed_kt,raw_text,source
2026-09-10T20:11:40.288298+00:00,CYYZ,2026-09-10T20:00:00.000Z,25.0,13.0,14.0,METAR CYYZ 102000Z 31014G24KT 15SM SCT065 BKN260 25/13 A2990 RMK CU3CI4 SLP124 DENSITY ALT 1900FT,AviationWeather.gov METAR
2026-09-10T20:11:40.560607+00:00,EDDM,2026-09-10T20:00:00.000Z,13.0,11.0,2.0,METAR EDDM 101950Z AUTO 34002KT CAVOK 13/11 Q1019 NOSIG,AviationWeather.gov METAR
2026-09-10T20:11:40.833272+00:00,EFHK,2026-09-10T20:00:00.000Z,13.0,13.0,7.0,METAR EFHK 101950Z 31007KT 9999 -SHRA FEW010 SCT020 FEW035CB BKN040 13/13 Q1003 NOSIG,AviationWeather.gov METAR
2026-09-10T20:11:41.206299+00:00,EGLC,2026-09-10T20:00:00.000Z,18.0,11.0,8.0,METAR EGLC 101950Z AUTO 22008KT 9999 OVC038/// //////TCU 18/11 Q1016,AviationWeather.gov METAR
2026-09-10T20:11:41.519485+00:00,EHAM,2026-09-10T20:00:00.000Z,16.0,11.0,6.0,METAR EHAM 101955Z 16006KT CAVOK 16/11 Q1017 NOSIG,AviationWeather.gov METAR
2026-09-10T20:11:42.013856+00:00,EPWA,2026-09-10T20:00:00.000Z,11.0,7.0,6.0,METAR EPWA 102000Z 26006KT CAVOK 11/07 Q1019 NOSIG,AviationWeather.gov METAR
2026-09-10T20:11:42.264349+00:00,FACT,2026-09-10T20:00:00.000Z,16.0,13.0,17.0,METAR FACT 102000Z 19017KT 9999 FEW005 16/13 Q1023 NOSIG,AviationWeather.gov METAR
2026-09-10T20:11:42.620252+00:00,KATL,2026-09-10T20:00:00.000Z,32.2,20.0,5.0,METAR KATL 101952Z 22005KT 10SM BKN046TCU BKN085 BKN250 32/20 A3004 RMK AO2 SLP162 TCU OHD AND ALQDS DSNT ALQDS T03220200 $,AviationWeather.gov METAR
2026-09-10T20:11:43.503675+00:00,KAUS,2026-09-10T20:00:00.000Z,35.6,19.4,4.0,METAR KAUS 101953Z 20004KT 10SM SCT065 BKN075 BKN250 36/19 A2992 RMK AO2 SLP118 T03560194,AviationWeather.gov METAR
2026-09-10T20:11:44.096576+00:00,KBKF,2026-09-10T20:00:00.000Z,29.6,-9.9,3.0,METAR KBKF 101958Z VRB03KT 10SM FEW080 FEW140 30/M10 A3013 RMK AO2A SLP123 T02961099,AviationWeather.gov METAR
2026-09-10T20:11:44.412314+00:00,KDAL,2026-09-10T20:00:00.000Z,37.2,18.3,0.0,METAR KDAL 101953Z 00000KT 10SM FEW065 SCT110 SCT250 37/18 A2990 RMK AO2 SLP117 CB DSNT W-N MOV SE TCU DSNT SW-NW-N T03720183,AviationWeather.gov METAR
2026-09-10T20:11:44.659031+00:00,KHOU,2026-09-10T20:00:00.000Z,30.0,22.8,4.0,METAR KHOU 101953Z VRB04KT 10SM FEW040 BKN250 30/23 A2995 RMK AO2 LTG DSNT ALQDS TSE33 PRESFR SLP144 OCNL LTGIC NE CB DSNT NE DRFTG NE T03000228,AviationWeather.gov METAR
2026-09-10T20:11:45.878886+00:00,KLAX,2026-09-10T20:00:00.000Z,31.1,19.4,11.0,METAR KLAX 101953Z 28011KT 10SM FEW120 FEW230 SCT280 31/19 A2989 RMK AO2 SLP118 T03110194 $,AviationWeather.gov METAR
2026-09-10T20:11:46.233626+00:00,KLGA,2026-09-10T20:00:00.000Z,30.0,17.8,8.0,METAR KLGA 101951Z 32008KT 10SM FEW050 FEW150 SCT180 BKN250 30/18 A2982 RMK AO2 SLP096 T03000178,AviationWeather.gov METAR
2026-09-10T20:11:46.657881+00:00,KMIA,2026-09-10T20:00:00.000Z,27.8,24.4,0.0,METAR KMIA 101953Z 00000KT 10SM FEW020 BKN200 OVC250 28/24 A3001 RMK AO2 SLP161 T02780244,AviationWeather.gov METAR
2026-09-10T20:11:46.908541+00:00,KORD,2026-09-10T20:00:00.000Z,23.9,10.0,7.0,METAR KORD 101951Z 03007KT 10SM FEW050 FEW150 BKN250 24/10 A3002 RMK AO2 SLP162 T02390100,AviationWeather.gov METAR
2026-09-10T20:11:47.227455+00:00,KSEA,2026-09-10T20:00:00.000Z,20.0,12.8,7.0,METAR KSEA 101953Z 30007KT 10SM FEW025 SCT055 BKN080 BKN240 20/13 A3004 RMK AO2 SLP175 T02000128 $,AviationWeather.gov METAR
2026-09-10T20:11:47.888900+00:00,KSFO,2026-09-10T20:00:00.000Z,27.8,13.9,15.0,METAR KSFO 101956Z 32015KT 10SM FEW200 28/14 A2996 RMK AO2 SLP146 T02780139,AviationWeather.gov METAR
2026-09-10T20:11:48.251201+00:00,LEMD,2026-09-10T20:00:00.000Z,24.0,-2.0,4.0,METAR LEMD 102000Z 17004KT 110V230 CAVOK 24/M02 Q1018 NOSIG,AviationWeather.gov METAR
2026-09-10T20:11:48.571814+00:00,LFPB,2026-09-10T20:00:00.000Z,15.0,8.0,3.0,METAR LFPB 102000Z AUTO 35003KT CAVOK 15/08 Q1019 NOSIG,AviationWeather.gov METAR
2026-09-10T20:11:48.893815+00:00,LIMC,2026-09-10T20:00:00.000Z,19.0,17.0,5.0,METAR LIMC 101950Z 14005KT CAVOK 19/17 Q1014 NOSIG,AviationWeather.gov METAR
2026-09-10T20:11:49.180142+00:00,LTAC,2026-09-10T20:00:00.000Z,21.0,4.0,6.0,METAR LTAC 101950Z 07006KT CAVOK 21/04 Q1018 NOSIG,AviationWeather.gov METAR
2026-09-10T20:11:49.510538+00:00,MMMX,2026-09-10T20:00:00.000Z,25.0,10.0,6.0,METAR MMMX 101945Z 34006KT 6SM SCT020TCU BKN080 25/10 A3033 NOSIG RMK 8/230 HZY DSNT CB 1ST 3RD QUAD,AviationWeather.gov METAR
2026-09-10T20:11:52.635916+00:00,MPMG,2026-09-10T20:00:00.000Z,30.0,25.0,10.0,METAR MPMG 102000Z 32010KT 290V350 8000 -RA SCT015CB BKN080 30/25 Q1008 TEMPO 6000 TSRA,AviationWeather.gov METAR
2026-09-10T20:11:57.354394+00:00,NZWN,2026-09-10T20:00:00.000Z,8.0,4.0,14.0,METAR NZWN 102000Z AUTO 01014KT 9999 NCD 08/04 Q1007,AviationWeather.gov METAR
2026-09-10T20:11:57.624231+00:00,OEJN,2026-09-10T20:00:00.000Z,32.0,27.0,5.0,METAR OEJN 102000Z 32005KT 9999 SCT040 32/27 Q1007 NOSIG,AviationWeather.gov METAR
2026-09-10T20:11:58.067580+00:00,OPKC,2026-09-10T20:00:00.000Z,27.0,23.0,4.0,METAR OPKC 102000Z 25004KT 4000 HZ SCT020 27/23 Q1009 NOSIG,AviationWeather.gov METAR
2026-09-10T20:11:58.385987+00:00,RJTT,2026-09-10T20:00:00.000Z,19.0,18.0,6.0,METAR RJTT 102000Z 02006KT 4500 -RA BR FEW004 SCT008 BKN016 19/18 Q1019 TEMPO 3000 SHRA BR FEW003 BKN008,AviationWeather.gov METAR
2026-09-10T20:11:58.797903+00:00,RKPK,2026-09-10T20:00:00.000Z,19.0,15.0,4.0,METAR RKPK 102000Z 31004KT CAVOK 19/15 Q1019,AviationWeather.gov METAR
2026-09-10T20:11:59.120035+00:00,RKSI,2026-09-10T20:00:00.000Z,17.0,14.0,8.0,METAR RKSI 102000Z 03008KT CAVOK 17/14 Q1021 NOSIG,AviationWeather.gov METAR
2026-09-10T20:11:59.391706+00:00,RPLL,2026-09-10T20:00:00.000Z,25.0,25.0,6.0,METAR RPLL 102000Z 25006KT 9999 FEW025 BKN130 25/25 Q1011 NOSIG RMK A2985,AviationWeather.gov METAR
2026-09-10T20:11:59.665292+00:00,SAEZ,2026-09-10T20:00:00.000Z,20.0,8.0,9.0,METAR SAEZ 102000Z 07009KT CAVOK 20/08 Q1012 NOSIG,AviationWeather.gov METAR
2026-09-10T20:12:01.345074+00:00,SBGR,2026-09-10T20:00:00.000Z,18.0,16.0,2.0,METAR SBGR 102000Z 08002KT 7000 -RA NSC 18/16 Q1018,AviationWeather.gov METAR
2026-09-10T20:12:01.715141+00:00,VILK,2026-09-10T20:00:00.000Z,27.0,26.0,0.0,METAR VILK 102000Z 00000KT 4000 BR SCT020 BKN100 27/26 Q1007 NOSIG,AviationWeather.gov METAR
2026-09-10T20:12:02.036669+00:00,WMKK,2026-09-10T20:00:00.000Z,27.0,25.0,2.0,METAR WMKK 102000Z VRB02KT 8000 FEW017CB SCT030 27/25 Q1009 NOSIG,AviationWeather.gov METAR
2026-09-10T20:12:02.527198+00:00,WSSS,2026-09-10T20:00:00.000Z,29.0,24.0,8.0,METAR WSSS 102000Z 12008KT 9000 FEW016 BKN300 29/24 Q1010 NOSIG,AviationWeather.gov METAR
2026-09-10T20:12:03.054975+00:00,ZBAA,2026-09-10T20:00:00.000Z,14.0,11.0,6.0,METAR ZBAA 102000Z 34003MPS CAVOK 14/11 Q1021 NOSIG,AviationWeather.gov METAR
2026-09-10T20:12:04.695183+00:00,ZGGG,2026-09-10T20:00:00.000Z,25.0,19.0,14.0,METAR ZGGG 102000Z 01007MPS CAVOK 25/19 Q1015 NOSIG,AviationWeather.gov METAR
2026-09-10T20:12:05.034298+00:00,ZGSZ,2026-09-10T20:00:00.000Z,26.0,21.0,8.0,METAR ZGSZ 102000Z 02004MPS 9999 FEW050 26/21 Q1014 NOSIG,AviationWeather.gov METAR
2026-09-10T20:12:05.388337+00:00,ZHCC,2026-09-10T20:00:00.000Z,18.0,16.0,4.0,METAR ZHCC 102000Z 29002MPS CAVOK 18/16 Q1024 NOSIG,AviationWeather.gov METAR
2026-09-10T20:12:05.875983+00:00,ZHHH,2026-09-10T20:00:00.000Z,20.0,11.0,4.0,METAR ZHHH 102000Z 01002MPS 310V060 CAVOK 20/11 Q1021 NOSIG,AviationWeather.gov METAR
2026-09-10T20:12:06.239381+00:00,ZSPD,2026-09-10T20:00:00.000Z,23.0,22.0,10.0,METAR ZSPD 102000Z 33005MPS 9999 SCT011 23/22 Q1018 BECMG TL2050 BKN011,AviationWeather.gov METAR
2026-09-10T20:12:09.273253+00:00,ZSQD,2026-09-10T20:00:00.000Z,14.0,11.0,4.0,METAR ZSQD 102000Z 35002MPS CAVOK 14/11 Q1022 NOSIG,AviationWeather.gov METAR
2026-09-10T20:12:09.600895+00:00,ZUCK,2026-09-10T20:00:00.000Z,19.0,19.0,2.0,METAR ZUCK 102000Z VRB01MPS 4500 -SHRA BR FEW003 SCT012 OVC026 19/19 Q1022 NOSIG,AviationWeather.gov METAR
2026-09-10T20:12:09.877413+00:00,ZUUU,2026-09-10T20:00:00.000Z,20.0,15.0,6.0,METAR ZUUU 102000Z 05003MPS 9999 SCT033 20/15 Q1023 NOSIG,AviationWeather.gov METAR
2026-09-10T20:52:28.980597+00:00,CYYZ,2026-09-10T20:00:00.000Z,25.0,13.0,14.0,METAR CYYZ 102000Z 31014G24KT 15SM SCT065 BKN260 25/13 A2990 RMK CU3CI4 SLP124 DENSITY ALT 1900FT,AviationWeather.gov METAR
2026-09-10T20:52:28.980616+00:00,EDDM,2026-09-10T20:20:00.000Z,13.0,10.0,3.0,METAR EDDM 102020Z AUTO 33003KT CAVOK 13/10 Q1020 NOSIG,AviationWeather.gov METAR
2026-09-10T20:52:28.980622+00:00,EFHK,2026-09-10T20:20:00.000Z,13.0,13.0,3.0,METAR EFHK 102020Z 34003KT 9999 -SHRA SCT008 SCT035CB BKN040 13/13 Q1003 NOSIG,AviationWeather.gov METAR
2026-09-10T20:52:28.980626+00:00,EGLC,2026-09-10T20:20:00.000Z,18.0,11.0,9.0,METAR EGLC 102020Z AUTO 21009KT 170V250 9999 FEW027 BKN033 18/11 Q1016,AviationWeather.gov METAR
2026-09-10T20:52:28.980630+00:00,EHAM,2026-09-10T20:25:00.000Z,15.0,11.0,6.0,METAR EHAM 102025Z 15006KT CAVOK 15/11 Q1017 NOSIG,AviationWeather.gov METAR
2026-09-10T20:52:28.980634+00:00,EPWA,2026-09-10T20:30:00.000Z,11.0,7.0,7.0,METAR EPWA 102030Z 26007KT CAVOK 11/07 Q1019 NOSIG,AviationWeather.gov METAR
2026-09-10T20:52:28.980638+00:00,FACT,2026-09-10T20:00:00.000Z,16.0,13.0,17.0,METAR FACT 102000Z 19017KT 9999 FEW005 16/13 Q1023 NOSIG,AviationWeather.gov METAR
2026-09-10T20:52:28.980644+00:00,KATL,2026-09-10T20:00:00.000Z,32.2,20.0,5.0,METAR KATL 101952Z 22005KT 10SM BKN046TCU BKN085 BKN250 32/20 A3004 RMK AO2 SLP162 TCU OHD AND ALQDS DSNT ALQDS T03220200 $,AviationWeather.gov METAR
2026-09-10T20:52:28.980650+00:00,KAUS,2026-09-10T20:00:00.000Z,35.6,19.4,4.0,METAR KAUS 101953Z 20004KT 10SM SCT065 BKN075 BKN250 36/19 A2992 RMK AO2 SLP118 T03560194,AviationWeather.gov METAR
2026-09-10T20:52:28.980654+00:00,KBKF,2026-09-10T20:00:00.000Z,29.6,-9.9,3.0,METAR KBKF 101958Z VRB03KT 10SM FEW080 FEW140 30/M10 A3013 RMK AO2A SLP123 T02961099,AviationWeather.gov METAR
2026-09-10T20:52:28.980660+00:00,KDAL,2026-09-10T20:00:00.000Z,37.2,18.3,0.0,METAR KDAL 101953Z 00000KT 10SM FEW065 SCT110 SCT250 37/18 A2990 RMK AO2 SLP117 CB DSNT W-N MOV SE TCU DSNT SW-NW-N T03720183,AviationWeather.gov METAR
2026-09-10T20:52:28.980664+00:00,KHOU,2026-09-10T20:00:00.000Z,30.0,22.8,4.0,METAR KHOU 101953Z VRB04KT 10SM FEW040 BKN250 30/23 A2995 RMK AO2 LTG DSNT ALQDS TSE33 PRESFR SLP144 OCNL LTGIC NE CB DSNT NE DRFTG NE T03000228,AviationWeather.gov METAR
2026-09-10T20:52:28.980668+00:00,KLAX,2026-09-10T20:00:00.000Z,31.1,19.4,11.0,METAR KLAX 101953Z 28011KT 10SM FEW120 FEW230 SCT280 31/19 A2989 RMK AO2 SLP118 T03110194 $,AviationWeather.gov METAR
2026-09-10T20:52:28.980671+00:00,KLGA,2026-09-10T20:00:00.000Z,30.0,17.8,8.0,METAR KLGA 101951Z 32008KT 10SM FEW050 FEW150 SCT180 BKN250 30/18 A2982 RMK AO2 SLP096 T03000178,AviationWeather.gov METAR
2026-09-10T20:52:28.980674+00:00,KMIA,2026-09-10T20:00:00.000Z,27.8,24.4,0.0,METAR KMIA 101953Z 00000KT 10SM FEW020 BKN200 OVC250 28/24 A3001 RMK AO2 SLP161 T02780244,AviationWeather.gov METAR
2026-09-10T20:52:28.980678+00:00,KORD,2026-09-10T20:00:00.000Z,23.9,10.0,7.0,METAR KORD 101951Z 03007KT 10SM FEW050 FEW150 BKN250 24/10 A3002 RMK AO2 SLP162 T02390100,AviationWeather.gov METAR
2026-09-10T20:52:28.980681+00:00,KSEA,2026-09-10T20:00:00.000Z,20.0,12.8,7.0,METAR KSEA 101953Z 30007KT 10SM FEW025 SCT055 BKN080 BKN240 20/13 A3004 RMK AO2 SLP175 T02000128 $,AviationWeather.gov METAR
2026-09-10T20:52:28.980685+00:00,KSFO,2026-09-10T20:00:00.000Z,27.8,13.9,15.0,METAR KSFO 101956Z 32015KT 10SM FEW200 28/14 A2996 RMK AO2 SLP146 T02780139,AviationWeather.gov METAR
2026-09-10T20:52:28.980688+00:00,LEMD,2026-09-10T20:30:00.000Z,21.0,-2.0,0.0,METAR LEMD 102030Z 00000KT CAVOK 21/M02 Q1018 NOSIG,AviationWeather.gov METAR
2026-09-10T20:52:28.980691+00:00,LFPB,2026-09-10T20:30:00.000Z,15.0,8.0,2.0,METAR LFPB 102030Z AUTO 35002KT CAVOK 15/08 Q1019 NOSIG,AviationWeather.gov METAR
2026-09-10T20:52:28.980695+00:00,LIMC,2026-09-10T20:20:00.000Z,19.0,17.0,5.0,METAR LIMC 102020Z 14005KT 9999 BKN040 19/17 Q1014 NOSIG,AviationWeather.gov METAR
2026-09-10T20:52:28.980698+00:00,LTAC,2026-09-10T20:20:00.000Z,19.0,3.0,4.0,METAR LTAC 102020Z 04004KT CAVOK 19/03 Q1019 NOSIG,AviationWeather.gov METAR
2026-09-10T20:52:28.980702+00:00,MMMX,2026-09-10T20:00:00.000Z,25.0,10.0,6.0,METAR MMMX 101945Z 34006KT 6SM SCT020TCU BKN080 25/10 A3033 NOSIG RMK 8/230 HZY DSNT CB 1ST 3RD QUAD,AviationWeather.gov METAR
2026-09-10T20:52:28.980705+00:00,MPMG,2026-09-10T20:09:00.000Z,29.0,25.0,8.0,SPECI MPMG 102009Z 33008KT 300V360 7000 1600N -TSRA SCT015CB BKN080 29/25 Q1008 TEMPO 6000 TSRA,AviationWeather.gov METAR
2026-09-10T20:52:28.980708+00:00,NZWN,2026-09-10T20:30:00.000Z,9.0,5.0,13.0,METAR NZWN 102030Z AUTO 03013KT 9999 SCT030/// 09/05 Q1007,AviationWeather.gov METAR
2026-09-10T20:52:28.980711+00:00,OEJN,2026-09-10T20:00:00.000Z,32.0,27.0,5.0,METAR OEJN 102000Z 32005KT 9999 SCT040 32/27 Q1007 NOSIG,AviationWeather.gov METAR
2026-09-10T20:52:28.980714+00:00,OPKC,2026-09-10T20:30:00.000Z,27.0,23.0,4.0,METAR OPKC 102030Z 24004KT 4000 HZ SCT020 27/23 Q1009 NOSIG,AviationWeather.gov METAR
2026-09-10T20:52:28.980717+00:00,RJTT,2026-09-10T20:30:00.000Z,19.0,19.0,6.0,METAR RJTT 102030Z 03006KT 4500 -RA BR FEW003 SCT005 BKN012 19/19 Q1019 TEMPO 3000 SHRA BR FEW003 BKN005,AviationWeather.gov METAR
2026-09-10T20:52:28.980721+00:00,RKPK,2026-09-10T20:00:00.000Z,19.0,15.0,4.0,METAR RKPK 102000Z 31004KT CAVOK 19/15 Q1019,AviationWeather.gov METAR
2026-09-10T20:52:28.980724+00:00,RKSI,2026-09-10T20:30:00.000Z,17.0,14.0,6.0,METAR RKSI 102030Z 04006KT CAVOK 17/14 Q1021 NOSIG,AviationWeather.gov METAR
2026-09-10T20:52:28.980727+00:00,RPLL,2026-09-10T20:00:00.000Z,25.0,25.0,6.0,METAR RPLL 102000Z 25006KT 9999 FEW025 BKN130 25/25 Q1011 NOSIG RMK A2985,AviationWeather.gov METAR
2026-09-10T20:52:28.980730+00:00,SAEZ,2026-09-10T20:00:00.000Z,20.0,8.0,9.0,METAR SAEZ 102000Z 07009KT CAVOK 20/08 Q1012 NOSIG,AviationWeather.gov METAR
2026-09-10T20:52:28.980733+00:00,SBGR,2026-09-10T20:00:00.000Z,18.0,16.0,2.0,METAR SBGR 102000Z 08002KT 7000 -RA NSC 18/16 Q1018,AviationWeather.gov METAR
2026-09-10T20:52:28.980737+00:00,VILK,2026-09-10T20:30:00.000Z,27.0,27.0,0.0,METAR VILK 102030Z 00000KT 4000 BR SCT020 BKN100 27/27 Q1006 NOSIG,AviationWeather.gov METAR
2026-09-10T20:52:28.980740+00:00,WMKK,2026-09-10T20:34:00.000Z,27.0,25.0,5.0,SPECI WMKK 102034Z 14005KT 060V210 8000 TS FEW017CB SCT030 27/25 Q1009 TEMPO 6000 TSRA,AviationWeather.gov METAR
2026-09-10T20:52:28.980743+00:00,WSSS,2026-09-10T20:30:00.000Z,29.0,25.0,7.0,METAR WSSS 102030Z 11007KT 080V150 9000 SCT016 BKN300 29/25 Q1010 NOSIG,AviationWeather.gov METAR
2026-09-10T20:52:28.980746+00:00,ZBAA,2026-09-10T20:30:00.000Z,13.0,11.0,2.0,METAR ZBAA 102030Z VRB01MPS CAVOK 13/11 Q1022 NOSIG,AviationWeather.gov METAR
2026-09-10T20:52:28.980749+00:00,ZGGG,2026-09-10T20:30:00.000Z,25.0,18.0,14.0,METAR ZGGG 102030Z 01007MPS CAVOK 25/18 Q1015 NOSIG,AviationWeather.gov METAR
2026-09-10T20:52:28.980753+00:00,ZGSZ,2026-09-10T20:00:00.000Z,26.0,21.0,8.0,METAR ZGSZ 102000Z 02004MPS 9999 FEW050 26/21 Q1014 NOSIG,AviationWeather.gov METAR
2026-09-10T20:52:28.980756+00:00,ZHCC,2026-09-10T20:00:00.000Z,18.0,16.0,4.0,METAR ZHCC 102000Z 29002MPS CAVOK 18/16 Q1024 NOSIG,AviationWeather.gov METAR
2026-09-10T20:52:28.980759+00:00,ZHHH,2026-09-10T20:00:00.000Z,20.0,11.0,4.0,METAR ZHHH 102000Z 01002MPS 310V060 CAVOK 20/11 Q1021 NOSIG,AviationWeather.gov METAR
2026-09-10T20:52:28.980762+00:00,ZSPD,2026-09-10T20:30:00.000Z,23.0,22.0,8.0,METAR ZSPD 102030Z 33004MPS 9999 BKN011 23/22 Q1018 NOSIG,AviationWeather.gov METAR
2026-09-10T20:52:28.980765+00:00,ZSQD,2026-09-10T20:00:00.000Z,14.0,11.0,4.0,METAR ZSQD 102000Z 35002MPS CAVOK 14/11 Q1022 NOSIG,AviationWeather.gov METAR
2026-09-10T20:52:28.980768+00:00,ZUCK,2026-09-10T20:00:00.000Z,19.0,19.0,2.0,METAR ZUCK 102000Z VRB01MPS 4500 -SHRA BR FEW003 SCT012 OVC026 19/19 Q1022 NOSIG,AviationWeather.gov METAR
2026-09-10T20:52:28.980771+00:00,ZUUU,2026-09-10T20:00:00.000Z,20.0,15.0,6.0,METAR ZUUU 102000Z 05003MPS 9999 SCT033 20/15 Q1023 NOSIG,AviationWeather.gov METAR
2026-09-10T21:22:34.592459+00:00,CYYZ,2026-09-10T21:00:00.000Z,23.0,11.0,21.0,METAR CYYZ 102100Z 31021G27KT 15SM BKN060 BKN260 23/11 A2991 RMK SC5CI2 SLP130 DENSITY ALT 1700FT,AviationWeather.gov METAR
2026-09-10T21:22:34.592480+00:00,EDDM,2026-09-10T21:00:00.000Z,13.0,10.0,2.0,METAR EDDM 102050Z AUTO VRB02KT CAVOK 13/10 Q1020 NOSIG,AviationWeather.gov METAR
2026-09-10T21:22:34.592486+00:00,EFHK,2026-09-10T21:00:00.000Z,12.0,12.0,5.0,METAR EFHK 102050Z 33005KT 9999 -SHRA FEW008 FEW035CB SCT040 12/12 Q1003 BECMG FEW040,AviationWeather.gov METAR
2026-09-10T21:22:34.592490+00:00,EGLC,2026-09-10T21:00:00.000Z,18.0,12.0,10.0,METAR EGLC 102050Z AUTO 21010KT 170V250 9999 OVC035 18/12 Q1016,AviationWeather.gov METAR
2026-09-10T21:22:34.592493+00:00,EHAM,2026-09-10T21:00:00.000Z,15.0,11.0,7.0,METAR EHAM 102055Z 16007KT CAVOK 15/11 Q1017 NOSIG,AviationWeather.gov METAR
2026-09-10T21:22:34.592497+00:00,EPWA,2026-09-10T21:00:00.000Z,11.0,7.0,6.0,METAR EPWA 102100Z 25006KT CAVOK 11/07 Q1019 NOSIG,AviationWeather.gov METAR
2026-09-10T21:22:34.592500+00:00,FACT,2026-09-10T21:00:00.000Z,16.0,13.0,16.0,METAR FACT 102100Z 19016KT 9999 FEW005 16/13 Q1022 NOSIG,AviationWeather.gov METAR
2026-09-10T21:22:34.592506+00:00,KATL,2026-09-10T21:00:00.000Z,32.2,19.4,7.0,METAR KATL 102052Z 26007KT 10SM FEW050TCU SCT100 SCT250 32/19 A3001 RMK AO2 SLP152 TCU N NE SE W DSNT ALQDS T03220194 56025 $,AviationWeather.gov METAR
2026-09-10T21:22:34.592512+00:00,KAUS,2026-09-10T21:00:00.000Z,37.2,18.9,7.0,METAR KAUS 102053Z 21007KT 10SM FEW065 SCT080 SCT200 37/19 A2988 RMK AO2 SLP103 T03720189 58039,AviationWeather.gov METAR
2026-09-10T21:22:34.592515+00:00,KBKF,2026-09-10T21:00:00.000Z,30.4,-9.3,6.0,METAR KBKF 102058Z VRB06KT 10SM FEW080 FEW140 30/M09 A3010 RMK AO2A SLP116 T03041093 57028,AviationWeather.gov METAR
2026-09-10T21:22:34.592519+00:00,KDAL,2026-09-10T21:00:00.000Z,36.7,17.8,3.0,METAR KDAL 102053Z VRB03KT 10SM SCT075TCU SCT110 BKN250 37/18 A2988 RMK AO2 SLP110 CB DSNT W-N MOV SE TCU SW-NW-NE AND DSNT ALQDS T03670178 56029,AviationWeather.gov METAR
2026-09-10T21:22:34.592522+00:00,KHOU,2026-09-10T21:00:00.000Z,30.6,22.2,0.0,METAR KHOU 102053Z 00000KT 10SM SCT040 SCT100 SCT200 BKN250 31/22 A2993 RMK AO2 SLP137 CB DSNT SW MOV LTL T03060222 56025,AviationWeather.gov METAR
2026-09-10T21:22:34.592525+00:00,KLAX,2026-09-10T21:00:00.000Z,31.1,19.4,10.0,METAR KLAX 102053Z 28010KT 10SM FEW120 FEW180 SCT230 SCT280 31/19 A2987 RMK AO2 SLP111 TCU DSNT NE CB DSNT E T03110194 58019 $,AviationWeather.gov METAR
2026-09-10T21:22:34.592528+00:00,KLGA,2026-09-10T21:00:00.000Z,30.0,16.7,10.0,METAR KLGA 102051Z 30010G20KT 10SM FEW060 FEW150 SCT180 BKN250 30/17 A2982 RMK AO2 SLP097 T03000167 55006,AviationWeather.gov METAR
2026-09-10T21:22:34.592531+00:00,KMIA,2026-09-10T21:00:00.000Z,29.4,23.9,3.0,METAR KMIA 102053Z 18003KT 10SM FEW025 SCT180 OVC250 29/24 A3000 RMK AO2 SLP157 60001 T02940239 56029,AviationWeather.gov METAR
2026-09-10T21:22:34.592534+00:00,KORD,2026-09-10T21:00:00.000Z,25.0,10.6,4.0,METAR KORD 102051Z 07004KT 10SM FEW050 BKN250 25/11 A3001 RMK AO2 SLP156 T02500106 56014,AviationWeather.gov METAR
2026-09-10T21:22:34.592537+00:00,KSEA,2026-09-10T21:00:00.000Z,20.0,12.2,6.0,METAR KSEA 102053Z 31006KT 10SM FEW025 SCT042 BKN050 BKN240 20/12 A3003 RMK AO2 SLP173 T02000122 56008 $,AviationWeather.gov METAR
2026-09-10T21:22:34.592540+00:00,KSFO,2026-09-10T21:00:00.000Z,28.9,12.2,12.0,METAR KSFO 102056Z 31012KT 10SM FEW200 29/12 A2995 RMK AO2 SLP141 T02890122 58012 $,AviationWeather.gov METAR
2026-09-10T21:22:34.592543+00:00,LEMD,2026-09-10T21:00:00.000Z,20.0,-1.0,2.0,METAR LEMD 102100Z VRB02KT CAVOK 20/M01 Q1018 NOSIG,AviationWeather.gov METAR
2026-09-10T21:22:34.592547+00:00,LFPB,2026-09-10T21:00:00.000Z,15.0,8.0,2.0,METAR LFPB 102100Z AUTO 36002KT CAVOK 15/08 Q1019 NOSIG,AviationWeather.gov METAR
2026-09-10T21:22:34.592550+00:00,LIMC,2026-09-10T21:00:00.000Z,19.0,17.0,2.0,METAR LIMC 102050Z VRB02KT 9999 BKN040 19/17 Q1015 NOSIG,AviationWeather.gov METAR
2026-09-10T21:22:34.592553+00:00,LTAC,2026-09-10T21:00:00.000Z,18.0,5.0,1.0,METAR LTAC 102050Z VRB01KT CAVOK 18/05 Q1019 NOSIG,AviationWeather.gov METAR
2026-09-10T21:22:34.592556+00:00,MMMX,2026-09-10T21:00:00.000Z,24.0,9.0,8.0,METAR MMMX 102048Z 29008KT 6SM BKN020CB BKN080 OVC220 24/09 A3029 TEMPO 5SM TSRA RMK SLP093 57026 958 8/363 HZY BINOVC,AviationWeather.gov METAR
2026-09-10T21:22:34.592558+00:00,MPMG,2026-09-10T21:00:00.000Z,29.0,26.0,5.0,METAR MPMG 102100Z 31005KT 280V340 9000 VCSH SCT016CB SCT080 29/26 Q1007 RETSRA TEMPO TS,AviationWeather.gov METAR
2026-09-10T21:22:34.592561+00:00,NZWN,2026-09-10T21:00:00.000Z,10.0,5.0,14.0,METAR NZWN 102100Z AUTO 03014KT 9999 BKN030/// 10/05 Q1006,AviationWeather.gov METAR
2026-09-10T21:22:34.592564+00:00,OEJN,2026-09-10T21:00:00.000Z,32.0,27.0,6.0,METAR OEJN 102100Z 31006KT 9999 SCT040 32/27 Q1006 NOSIG,AviationWeather.gov METAR
2026-09-10T21:22:34.592567+00:00,OPKC,2026-09-10T21:00:00.000Z,27.0,23.0,6.0,METAR OPKC 102100Z 22006KT 4000 HZ SCT020 27/23 Q1009 NOSIG,AviationWeather.gov METAR
2026-09-10T21:22:34.592570+00:00,RJTT,2026-09-10T21:00:00.000Z,19.0,18.0,7.0,METAR RJTT 102100Z 36007KT 4500 RA BR FEW003 SCT005 BKN015 19/18 Q1020 TEMPO 3000 SHRA BR FEW003 BKN005,AviationWeather.gov METAR
2026-09-10T21:22:34.592573+00:00,RKPK,2026-09-10T21:00:00.000Z,19.0,15.0,3.0,METAR RKPK 102100Z 31003KT CAVOK 19/15 Q1019,AviationWeather.gov METAR
2026-09-10T21:22:34.592575+00:00,RKSI,2026-09-10T21:00:00.000Z,17.0,15.0,5.0,METAR RKSI 102100Z 04005KT CAVOK 17/15 Q1021 NOSIG,AviationWeather.gov METAR
2026-09-10T21:22:34.592579+00:00,RPLL,2026-09-10T21:00:00.000Z,25.0,25.0,2.0,METAR RPLL 102100Z VRB02KT 9999 FEW025 BKN130 25/25 Q1011 NOSIG RMK A2985,AviationWeather.gov METAR
2026-09-10T21:22:34.592582+00:00,SAEZ,2026-09-10T21:00:00.000Z,19.0,6.0,10.0,METAR SAEZ 102100Z 06010KT CAVOK 19/06 Q1012 NOSIG,AviationWeather.gov METAR
2026-09-10T21:22:34.592585+00:00,SBGR,2026-09-10T21:00:00.000Z,17.0,16.0,4.0,METAR SBGR 102100Z 04004KT 5000 -RA BR NSC 17/16 Q1018,AviationWeather.gov METAR
2026-09-10T21:22:34.592588+00:00,VILK,2026-09-10T21:00:00.000Z,27.0,27.0,0.0,METAR VILK 102100Z 00000KT 4000 BR SCT020 BKN100 27/27 Q1006 NOSIG,AviationWeather.gov METAR
2026-09-10T21:22:34.592591+00:00,WMKK,2026-09-10T21:00:00.000Z,25.0,25.0,3.0,METAR WMKK 102100Z VRB03KT 4000 TSRA FEW005 FEW017CB SCT030 25/25 Q1009 TEMPO 3000 TSRA,AviationWeather.gov METAR
2026-09-10T21:22:34.592593+00:00,WSSS,2026-09-10T21:00:00.000Z,29.0,25.0,7.0,METAR WSSS 102100Z 10007KT 8000 SCT016 BKN300 29/25 Q1010 NOSIG,AviationWeather.gov METAR
2026-09-10T21:22:34.592596+00:00,ZBAA,2026-09-10T21:00:00.000Z,13.0,11.0,4.0,METAR ZBAA 102100Z 36002MPS CAVOK 13/11 Q1021 NOSIG,AviationWeather.gov METAR
2026-09-10T21:22:34.592599+00:00,ZGGG,2026-09-10T21:00:00.000Z,25.0,19.0,12.0,METAR ZGGG 102100Z 01006MPS CAVOK 25/19 Q1016 NOSIG,AviationWeather.gov METAR
2026-09-10T21:22:34.592602+00:00,ZGSZ,2026-09-10T21:00:00.000Z,26.0,20.0,10.0,METAR ZGSZ 102100Z 03005MPS CAVOK 26/20 Q1014 NOSIG,AviationWeather.gov METAR
2026-09-10T21:22:34.592605+00:00,ZHCC,2026-09-10T21:00:00.000Z,18.0,16.0,2.0,METAR ZHCC 102100Z 28001MPS CAVOK 18/16 Q1024 NOSIG,AviationWeather.gov METAR
2026-09-10T21:22:34.592608+00:00,ZHHH,2026-09-10T21:00:00.000Z,18.0,11.0,2.0,METAR ZHHH 102100Z VRB01MPS CAVOK 18/11 Q1021 NOSIG,AviationWeather.gov METAR
2026-09-10T21:22:34.592611+00:00,ZSPD,2026-09-10T21:00:00.000Z,24.0,22.0,6.0,METAR ZSPD 102100Z 33003MPS 9999 BKN011 24/22 Q1018 NOSIG,AviationWeather.gov METAR
2026-09-10T21:22:34.592613+00:00,ZSQD,2026-09-10T21:00:00.000Z,14.0,11.0,4.0,METAR ZSQD 102100Z 33002MPS CAVOK 14/11 Q1023 NOSIG,AviationWeather.gov METAR
2026-09-10T21:22:34.592616+00:00,ZUCK,2026-09-10T21:00:00.000Z,20.0,20.0,2.0,METAR ZUCK 102100Z VRB01MPS 5000 -SHRA BR FEW004 SCT014 OVC030 20/20 Q1022 NOSIG,AviationWeather.gov METAR
2026-09-10T21:22:34.592619+00:00,ZUUU,2026-09-10T21:00:00.000Z,19.0,15.0,10.0,METAR ZUUU 102100Z 02005MPS 9999 FEW026 19/15 Q1023 NOSIG,AviationWeather.gov METAR
2026-09-10T21:44:26.354004+00:00,CYYZ,2026-09-10T21:00:00.000Z,23.0,11.0,21.0,METAR CYYZ 102100Z 31021G27KT 15SM BKN060 BKN260 23/11 A2991 RMK SC5CI2 SLP130 DENSITY ALT 1700FT,AviationWeather.gov METAR
2026-09-10T21:44:26.354024+00:00,EDDM,2026-09-10T21:20:00.000Z,12.0,11.0,1.0,METAR EDDM 102120Z AUTO VRB01KT CAVOK 12/11 Q1020 NOSIG,AviationWeather.gov METAR
2026-09-10T21:44:26.354030+00:00,EFHK,2026-09-10T21:20:00.000Z,12.0,12.0,6.0,METAR EFHK 102120Z 33006KT 9999 -SHRA FEW008 FEW035CB SCT040 12/12 Q1004 BECMG FEW040,AviationWeather.gov METAR
2026-09-10T21:44:26.354035+00:00,EGLC,2026-09-10T21:20:00.000Z,18.0,12.0,10.0,METAR EGLC 102120Z AUTO 22010KT 9999 BKN028 18/12 Q1016,AviationWeather.gov METAR
2026-09-10T21:44:26.354039+00:00,EHAM,2026-09-10T21:25:00.000Z,16.0,11.0,6.0,METAR EHAM 102125Z 17006KT CAVOK 16/11 Q1017 NOSIG,AviationWeather.gov METAR
2026-09-10T21:44:26.354043+00:00,EPWA,2026-09-10T21:30:00.000Z,11.0,7.0,6.0,METAR EPWA 102130Z 26006KT CAVOK 11/07 Q1019 NOSIG,AviationWeather.gov METAR
2026-09-10T21:44:26.354048+00:00,FACT,2026-09-10T21:00:00.000Z,16.0,13.0,16.0,METAR FACT 102100Z 19016KT 9999 FEW005 16/13 Q1022 NOSIG,AviationWeather.gov METAR
2026-09-10T21:44:26.354055+00:00,KATL,2026-09-10T21:00:00.000Z,32.2,19.4,7.0,METAR KATL 102052Z 26007KT 10SM FEW050TCU SCT100 SCT250 32/19 A3001 RMK AO2 SLP152 TCU N NE SE W DSNT ALQDS T03220194 56025 $,AviationWeather.gov METAR
2026-09-10T21:44:26.354061+00:00,KAUS,2026-09-10T21:00:00.000Z,37.2,18.9,7.0,METAR KAUS 102053Z 21007KT 10SM FEW065 SCT080 SCT200 37/19 A2988 RMK AO2 SLP103 T03720189 58039,AviationWeather.gov METAR
2026-09-10T21:44:26.354065+00:00,KBKF,2026-09-10T21:00:00.000Z,30.4,-9.3,6.0,METAR KBKF 102058Z VRB06KT 10SM FEW080 FEW140 30/M09 A3010 RMK AO2A SLP116 T03041093 57028,AviationWeather.gov METAR
2026-09-10T21:44:26.354069+00:00,KDAL,2026-09-10T21:00:00.000Z,36.7,17.8,3.0,METAR KDAL 102053Z VRB03KT 10SM SCT075TCU SCT110 BKN250 37/18 A2988 RMK AO2 SLP110 CB DSNT W-N MOV SE TCU SW-NW-NE AND DSNT ALQDS T03670178 56029,AviationWeather.gov METAR
2026-09-10T21:44:26.354073+00:00,KHOU,2026-09-10T21:00:00.000Z,30.6,22.2,0.0,METAR KHOU 102053Z 00000KT 10SM SCT040 SCT100 SCT200 BKN250 31/22 A2993 RMK AO2 SLP137 CB DSNT SW MOV LTL T03060222 56025,AviationWeather.gov METAR
2026-09-10T21:44:26.354077+00:00,KLAX,2026-09-10T21:00:00.000Z,31.1,19.4,10.0,METAR KLAX 102053Z 28010KT 10SM FEW120 FEW180 SCT230 SCT280 31/19 A2987 RMK AO2 SLP111 TCU DSNT NE CB DSNT E T03110194 58019 $,AviationWeather.gov METAR
2026-09-10T21:44:26.354081+00:00,KLGA,2026-09-10T21:00:00.000Z,30.0,16.7,10.0,METAR KLGA 102051Z 30010G20KT 10SM FEW060 FEW150 SCT180 BKN250 30/17 A2982 RMK AO2 SLP097 T03000167 55006,AviationWeather.gov METAR
2026-09-10T21:44:26.354085+00:00,KMIA,2026-09-10T21:00:00.000Z,29.4,23.9,3.0,METAR KMIA 102053Z 18003KT 10SM FEW025 SCT180 OVC250 29/24 A3000 RMK AO2 SLP157 60001 T02940239 56029,AviationWeather.gov METAR
2026-09-10T21:44:26.354088+00:00,KORD,2026-09-10T21:00:00.000Z,25.0,10.6,4.0,METAR KORD 102051Z 07004KT 10SM FEW050 BKN250 25/11 A3001 RMK AO2 SLP156 T02500106 56014,AviationWeather.gov METAR
2026-09-10T21:44:26.354092+00:00,KSEA,2026-09-10T21:00:00.000Z,20.0,12.2,6.0,METAR KSEA 102053Z 31006KT 10SM FEW025 SCT042 BKN050 BKN240 20/12 A3003 RMK AO2 SLP173 T02000122 56008 $,AviationWeather.gov METAR
2026-09-10T21:44:26.354096+00:00,KSFO,2026-09-10T21:00:00.000Z,28.9,12.2,12.0,METAR KSFO 102056Z 31012KT 10SM FEW200 29/12 A2995 RMK AO2 SLP141 T02890122 58012 $,AviationWeather.gov METAR
2026-09-10T21:44:26.354100+00:00,LEMD,2026-09-10T21:30:00.000Z,20.0,-1.0,3.0,METAR LEMD 102130Z 36003KT CAVOK 20/M01 Q1019 NOSIG,AviationWeather.gov METAR
2026-09-10T21:44:26.354104+00:00,LFPB,2026-09-10T21:30:00.000Z,14.0,8.0,1.0,METAR LFPB 102130Z AUTO 35001KT CAVOK 14/08 Q1019 NOSIG,AviationWeather.gov METAR
2026-09-10T21:44:26.354108+00:00,LIMC,2026-09-10T21:20:00.000Z,19.0,17.0,4.0,METAR LIMC 102120Z 07004KT 9999 -RA BKN050 19/17 Q1015 NOSIG,AviationWeather.gov METAR
2026-09-10T21:44:26.354112+00:00,LTAC,2026-09-10T21:20:00.000Z,17.0,4.0,3.0,METAR LTAC 102120Z 03003KT CAVOK 17/04 Q1019 NOSIG,AviationWeather.gov METAR
2026-09-10T21:44:26.354116+00:00,MMMX,2026-09-10T21:38:00.000Z,25.0,10.0,12.0,SPECI MMMX 102138Z 05012KT 6SM VCRA BKN020CB BKN080 OVC220 25/10 A3027 TEMPO 5SM TSRA RMK 8/963 HZY BINOVC VSBY LWR PCPN N NW,AviationWeather.gov METAR
2026-09-10T21:44:26.354120+00:00,MPMG,2026-09-10T21:00:00.000Z,29.0,26.0,5.0,METAR MPMG 102100Z 31005KT 280V340 9000 VCSH SCT016CB SCT080 29/26 Q1007 RETSRA TEMPO TS,AviationWeather.gov METAR
2026-09-10T21:44:26.354124+00:00,NZWN,2026-09-10T21:30:00.000Z,11.0,5.0,16.0,METAR NZWN 102130Z AUTO 35016KT 320V020 9999 SCT031/// 11/05 Q1006,AviationWeather.gov METAR
2026-09-10T21:44:26.354127+00:00,OEJN,2026-09-10T21:00:00.000Z,32.0,27.0,6.0,METAR OEJN 102100Z 31006KT 9999 SCT040 32/27 Q1006 NOSIG,AviationWeather.gov METAR
2026-09-10T21:44:26.354131+00:00,OPKC,2026-09-10T21:30:00.000Z,27.0,23.0,3.0,METAR OPKC 102130Z 26003KT 4000 HZ SCT020 27/23 Q1008 NOSIG,AviationWeather.gov METAR
2026-09-10T21:44:26.354135+00:00,RJTT,2026-09-10T21:30:00.000Z,19.0,18.0,10.0,METAR RJTT 102130Z 36010KT 4500 RA BR FEW004 BKN015 19/18 Q1019 TEMPO 3000 SHRA BR FEW003 BKN005,AviationWeather.gov METAR
2026-09-10T21:44:26.354139+00:00,RKPK,2026-09-10T21:00:00.000Z,19.0,15.0,3.0,METAR RKPK 102100Z 31003KT CAVOK 19/15 Q1019,AviationWeather.gov METAR
2026-09-10T21:44:26.354143+00:00,RKSI,2026-09-10T21:30:00.000Z,16.0,15.0,6.0,METAR RKSI 102130Z 05006KT CAVOK 16/15 Q1021 NOSIG,AviationWeather.gov METAR
2026-09-10T21:44:26.354146+00:00,RPLL,2026-09-10T21:00:00.000Z,25.0,25.0,2.0,METAR RPLL 102100Z VRB02KT 9999 FEW025 BKN130 25/25 Q1011 NOSIG RMK A2985,AviationWeather.gov METAR
2026-09-10T21:44:26.354150+00:00,SAEZ,2026-09-10T21:00:00.000Z,19.0,6.0,10.0,METAR SAEZ 102100Z 06010KT CAVOK 19/06 Q1012 NOSIG,AviationWeather.gov METAR
2026-09-10T21:44:26.354154+00:00,SBGR,2026-09-10T21:00:00.000Z,17.0,16.0,4.0,METAR SBGR 102100Z 04004KT 5000 -RA BR NSC 17/16 Q1018,AviationWeather.gov METAR
2026-09-10T21:44:26.354157+00:00,VILK,2026-09-10T21:30:00.000Z,27.0,27.0,0.0,METAR VILK 102130Z 00000KT 4000 BR SCT020 BKN100 27/27 Q1006 NOSIG,AviationWeather.gov METAR
2026-09-10T21:44:26.354164+00:00,WMKK,2026-09-10T21:30:00.000Z,25.0,25.0,2.0,METAR WMKK 102130Z VRB02KT 5000 TSRA FEW006 FEW017CB SCT030 25/25 Q1009 TEMPO 3000 TSRA,AviationWeather.gov METAR
2026-09-10T21:44:26.354168+00:00,WSSS,2026-09-10T21:30:00.000Z,28.0,25.0,6.0,METAR WSSS 102130Z 10006KT 8000 SCT016 BKN300 28/25 Q1009 NOSIG,AviationWeather.gov METAR
2026-09-10T21:44:26.354171+00:00,ZBAA,2026-09-10T21:30:00.000Z,13.0,11.0,6.0,METAR ZBAA 102130Z 35003MPS CAVOK 13/11 Q1021 NOSIG,AviationWeather.gov METAR
2026-09-10T21:44:26.354175+00:00,ZGGG,2026-09-10T21:30:00.000Z,25.0,18.0,14.0,METAR ZGGG 102130Z 01007MPS CAVOK 25/18 Q1016 NOSIG,AviationWeather.gov METAR
2026-09-10T21:44:26.354179+00:00,ZGSZ,2026-09-10T21:00:00.000Z,26.0,20.0,10.0,METAR ZGSZ 102100Z 03005MPS CAVOK 26/20 Q1014 NOSIG,AviationWeather.gov METAR
2026-09-10T21:44:26.354183+00:00,ZHCC,2026-09-10T21:00:00.000Z,18.0,16.0,2.0,METAR ZHCC 102100Z 28001MPS CAVOK 18/16 Q1024 NOSIG,AviationWeather.gov METAR
2026-09-10T21:44:26.354187+00:00,ZHHH,2026-09-10T21:00:00.000Z,18.0,11.0,2.0,METAR ZHHH 102100Z VRB01MPS CAVOK 18/11 Q1021 NOSIG,AviationWeather.gov METAR
2026-09-10T21:44:26.354191+00:00,ZSPD,2026-09-10T21:30:00.000Z,24.0,23.0,14.0,METAR ZSPD 102130Z 05007MPS 010V070 9999 -SHRA BKN008 24/23 Q1019 BECMG TL2230 BKN011,AviationWeather.gov METAR
2026-09-10T21:44:26.354194+00:00,ZSQD,2026-09-10T21:00:00.000Z,14.0,11.0,4.0,METAR ZSQD 102100Z 33002MPS CAVOK 14/11 Q1023 NOSIG,AviationWeather.gov METAR
2026-09-10T21:44:26.354198+00:00,ZUCK,2026-09-10T21:00:00.000Z,20.0,20.0,2.0,METAR ZUCK 102100Z VRB01MPS 5000 -SHRA BR FEW004 SCT014 OVC030 20/20 Q1022 NOSIG,AviationWeather.gov METAR
2026-09-10T21:44:26.354202+00:00,ZUUU,2026-09-10T21:00:00.000Z,19.0,15.0,10.0,METAR ZUUU 102100Z 02005MPS 9999 FEW026 19/15 Q1023 NOSIG,AviationWeather.gov METAR
2026-09-10T21:49:05.351102+00:00,CYYZ,2026-09-10T21:00:00.000Z,23.0,11.0,21.0,METAR CYYZ 102100Z 31021G27KT 15SM BKN060 BKN260 23/11 A2991 RMK SC5CI2 SLP130 DENSITY ALT 1700FT,AviationWeather.gov METAR
2026-09-10T21:49:05.351141+00:00,EDDM,2026-09-10T21:20:00.000Z,12.0,11.0,1.0,METAR EDDM 102120Z AUTO VRB01KT CAVOK 12/11 Q1020 NOSIG,AviationWeather.gov METAR
2026-09-10T21:49:05.351147+00:00,EFHK,2026-09-10T21:20:00.000Z,12.0,12.0,6.0,METAR EFHK 102120Z 33006KT 9999 -SHRA FEW008 FEW035CB SCT040 12/12 Q1004 BECMG FEW040,AviationWeather.gov METAR
2026-09-10T21:49:05.351151+00:00,EGLC,2026-09-10T21:20:00.000Z,18.0,12.0,10.0,METAR EGLC 102120Z AUTO 22010KT 9999 BKN028 18/12 Q1016,AviationWeather.gov METAR
2026-09-10T21:49:05.351155+00:00,EHAM,2026-09-10T21:25:00.000Z,16.0,11.0,6.0,METAR EHAM 102125Z 17006KT CAVOK 16/11 Q1017 NOSIG,AviationWeather.gov METAR
2026-09-10T21:49:05.351159+00:00,EPWA,2026-09-10T21:30:00.000Z,11.0,7.0,6.0,METAR EPWA 102130Z 26006KT CAVOK 11/07 Q1019 NOSIG,AviationWeather.gov METAR
2026-09-10T21:49:05.351163+00:00,FACT,2026-09-10T21:00:00.000Z,16.0,13.0,16.0,METAR FACT 102100Z 19016KT 9999 FEW005 16/13 Q1022 NOSIG,AviationWeather.gov METAR
2026-09-10T21:49:05.351169+00:00,KATL,2026-09-10T21:00:00.000Z,32.2,19.4,7.0,METAR KATL 102052Z 26007KT 10SM FEW050TCU SCT100 SCT250 32/19 A3001 RMK AO2 SLP152 TCU N NE SE W DSNT ALQDS T03220194 56025 $,AviationWeather.gov METAR
2026-09-10T21:49:05.351175+00:00,KAUS,2026-09-10T21:00:00.000Z,37.2,18.9,7.0,METAR KAUS 102053Z 21007KT 10SM FEW065 SCT080 SCT200 37/19 A2988 RMK AO2 SLP103 T03720189 58039,AviationWeather.gov METAR
2026-09-10T21:49:05.351179+00:00,KBKF,2026-09-10T21:00:00.000Z,30.4,-9.3,6.0,METAR KBKF 102058Z VRB06KT 10SM FEW080 FEW140 30/M09 A3010 RMK AO2A SLP116 T03041093 57028,AviationWeather.gov METAR
2026-09-10T21:49:05.351183+00:00,KDAL,2026-09-10T21:00:00.000Z,36.7,17.8,3.0,METAR KDAL 102053Z VRB03KT 10SM SCT075TCU SCT110 BKN250 37/18 A2988 RMK AO2 SLP110 CB DSNT W-N MOV SE TCU SW-NW-NE AND DSNT ALQDS T03670178 56029,AviationWeather.gov METAR
2026-09-10T21:49:05.351186+00:00,KHOU,2026-09-10T21:00:00.000Z,30.6,22.2,0.0,METAR KHOU 102053Z 00000KT 10SM SCT040 SCT100 SCT200 BKN250 31/22 A2993 RMK AO2 SLP137 CB DSNT SW MOV LTL T03060222 56025,AviationWeather.gov METAR
2026-09-10T21:49:05.351190+00:00,KLAX,2026-09-10T21:00:00.000Z,31.1,19.4,10.0,METAR KLAX 102053Z 28010KT 10SM FEW120 FEW180 SCT230 SCT280 31/19 A2987 RMK AO2 SLP111 TCU DSNT NE CB DSNT E T03110194 58019 $,AviationWeather.gov METAR
2026-09-10T21:49:05.351193+00:00,KLGA,2026-09-10T21:00:00.000Z,30.0,16.7,10.0,METAR KLGA 102051Z 30010G20KT 10SM FEW060 FEW150 SCT180 BKN250 30/17 A2982 RMK AO2 SLP097 T03000167 55006,AviationWeather.gov METAR
2026-09-10T21:49:05.351197+00:00,KMIA,2026-09-10T21:00:00.000Z,29.4,23.9,3.0,METAR KMIA 102053Z 18003KT 10SM FEW025 SCT180 OVC250 29/24 A3000 RMK AO2 SLP157 60001 T02940239 56029,AviationWeather.gov METAR
2026-09-10T21:49:05.351201+00:00,KORD,2026-09-10T21:00:00.000Z,25.0,10.6,4.0,METAR KORD 102051Z 07004KT 10SM FEW050 BKN250 25/11 A3001 RMK AO2 SLP156 T02500106 56014,AviationWeather.gov METAR
2026-09-10T21:49:05.351204+00:00,KSEA,2026-09-10T21:00:00.000Z,20.0,12.2,6.0,METAR KSEA 102053Z 31006KT 10SM FEW025 SCT042 BKN050 BKN240 20/12 A3003 RMK AO2 SLP173 T02000122 56008 $,AviationWeather.gov METAR
2026-09-10T21:49:05.351208+00:00,KSFO,2026-09-10T21:00:00.000Z,28.9,12.2,12.0,METAR KSFO 102056Z 31012KT 10SM FEW200 29/12 A2995 RMK AO2 SLP141 T02890122 58012 $,AviationWeather.gov METAR
2026-09-10T21:49:05.351211+00:00,LEMD,2026-09-10T21:30:00.000Z,20.0,-1.0,3.0,METAR LEMD 102130Z 36003KT CAVOK 20/M01 Q1019 NOSIG,AviationWeather.gov METAR
2026-09-10T21:49:05.351215+00:00,LFPB,2026-09-10T21:30:00.000Z,14.0,8.0,1.0,METAR LFPB 102130Z AUTO 35001KT CAVOK 14/08 Q1019 NOSIG,AviationWeather.gov METAR
2026-09-10T21:49:05.351218+00:00,LIMC,2026-09-10T21:20:00.000Z,19.0,17.0,4.0,METAR LIMC 102120Z 07004KT 9999 -RA BKN050 19/17 Q1015 NOSIG,AviationWeather.gov METAR
2026-09-10T21:49:05.351221+00:00,LTAC,2026-09-10T21:20:00.000Z,17.0,4.0,3.0,METAR LTAC 102120Z 03003KT CAVOK 17/04 Q1019 NOSIG,AviationWeather.gov METAR
2026-09-10T21:49:05.351224+00:00,MMMX,2026-09-10T21:45:00.000Z,23.0,11.0,15.0,SPECI MMMX 102145Z 02015KT 6SM VCRA BKN020CB BKN080 OVC220 23/11 A3027 TEMPO 5SM TSRA RMK 8/963 HZY BINOVC VSBY LWR PCPN N NW,AviationWeather.gov METAR
2026-09-10T21:49:05.351228+00:00,MPMG,2026-09-10T21:00:00.000Z,29.0,26.0,5.0,METAR MPMG 102100Z 31005KT 280V340 9000 VCSH SCT016CB SCT080 29/26 Q1007 RETSRA TEMPO TS,AviationWeather.gov METAR
2026-09-10T21:49:05.351231+00:00,NZWN,2026-09-10T21:30:00.000Z,11.0,5.0,16.0,METAR NZWN 102130Z AUTO 35016KT 320V020 9999 SCT031/// 11/05 Q1006,AviationWeather.gov METAR
2026-09-10T21:49:05.351234+00:00,OEJN,2026-09-10T21:00:00.000Z,32.0,27.0,6.0,METAR OEJN 102100Z 31006KT 9999 SCT040 32/27 Q1006 NOSIG,AviationWeather.gov METAR
2026-09-10T21:49:05.351238+00:00,OPKC,2026-09-10T21:30:00.000Z,27.0,23.0,3.0,METAR OPKC 102130Z 26003KT 4000 HZ SCT020 27/23 Q1008 NOSIG,AviationWeather.gov METAR
2026-09-10T21:49:05.351241+00:00,RJTT,2026-09-10T21:30:00.000Z,19.0,18.0,10.0,METAR RJTT 102130Z 36010KT 4500 RA BR FEW004 BKN015 19/18 Q1019 TEMPO 3000 SHRA BR FEW003 BKN005,AviationWeather.gov METAR
2026-09-10T21:49:05.351244+00:00,RKPK,2026-09-10T21:00:00.000Z,19.0,15.0,3.0,METAR RKPK 102100Z 31003KT CAVOK 19/15 Q1019,AviationWeather.gov METAR
2026-09-10T21:49:05.351247+00:00,RKSI,2026-09-10T21:30:00.000Z,16.0,15.0,6.0,METAR RKSI 102130Z 05006KT CAVOK 16/15 Q1021 NOSIG,AviationWeather.gov METAR
2026-09-10T21:49:05.351250+00:00,RPLL,2026-09-10T21:00:00.000Z,25.0,25.0,2.0,METAR RPLL 102100Z VRB02KT 9999 FEW025 BKN130 25/25 Q1011 NOSIG RMK A2985,AviationWeather.gov METAR
2026-09-10T21:49:05.351254+00:00,SAEZ,2026-09-10T21:00:00.000Z,19.0,6.0,10.0,METAR SAEZ 102100Z 06010KT CAVOK 19/06 Q1012 NOSIG,AviationWeather.gov METAR
2026-09-10T21:49:05.351257+00:00,SBGR,2026-09-10T21:00:00.000Z,17.0,16.0,4.0,METAR SBGR 102100Z 04004KT 5000 -RA BR NSC 17/16 Q1018,AviationWeather.gov METAR
2026-09-10T21:49:05.351260+00:00,VILK,2026-09-10T21:30:00.000Z,27.0,27.0,0.0,METAR VILK 102130Z 00000KT 4000 BR SCT020 BKN100 27/27 Q1006 NOSIG,AviationWeather.gov METAR
2026-09-10T21:49:05.351264+00:00,WMKK,2026-09-10T21:30:00.000Z,25.0,25.0,2.0,METAR WMKK 102130Z VRB02KT 5000 TSRA FEW006 FEW017CB SCT030 25/25 Q1009 TEMPO 3000 TSRA,AviationWeather.gov METAR
2026-09-10T21:49:05.351267+00:00,WSSS,2026-09-10T21:30:00.000Z,28.0,25.0,6.0,METAR WSSS 102130Z 10006KT 8000 SCT016 BKN300 28/25 Q1009 NOSIG,AviationWeather.gov METAR
2026-09-10T21:49:05.351271+00:00,ZBAA,2026-09-10T21:30:00.000Z,13.0,11.0,6.0,METAR ZBAA 102130Z 35003MPS CAVOK 13/11 Q1021 NOSIG,AviationWeather.gov METAR
2026-09-10T21:49:05.351274+00:00,ZGGG,2026-09-10T21:30:00.000Z,25.0,18.0,14.0,METAR ZGGG 102130Z 01007MPS CAVOK 25/18 Q1016 NOSIG,AviationWeather.gov METAR
2026-09-10T21:49:05.351277+00:00,ZGSZ,2026-09-10T21:00:00.000Z,26.0,20.0,10.0,METAR ZGSZ 102100Z 03005MPS CAVOK 26/20 Q1014 NOSIG,AviationWeather.gov METAR
2026-09-10T21:49:05.351280+00:00,ZHCC,2026-09-10T21:00:00.000Z,18.0,16.0,2.0,METAR ZHCC 102100Z 28001MPS CAVOK 18/16 Q1024 NOSIG,AviationWeather.gov METAR
2026-09-10T21:49:05.351284+00:00,ZHHH,2026-09-10T21:00:00.000Z,18.0,11.0,2.0,METAR ZHHH 102100Z VRB01MPS CAVOK 18/11 Q1021 NOSIG,AviationWeather.gov METAR
2026-09-10T21:49:05.351287+00:00,ZSPD,2026-09-10T21:30:00.000Z,24.0,23.0,14.0,METAR ZSPD 102130Z 05007MPS 010V070 9999 -SHRA BKN008 24/23 Q1019 BECMG TL2230 BKN011,AviationWeather.gov METAR
2026-09-10T21:49:05.351290+00:00,ZSQD,2026-09-10T21:00:00.000Z,14.0,11.0,4.0,METAR ZSQD 102100Z 33002MPS CAVOK 14/11 Q1023 NOSIG,AviationWeather.gov METAR
2026-09-10T21:49:05.351294+00:00,ZUCK,2026-09-10T21:00:00.000Z,20.0,20.0,2.0,METAR ZUCK 102100Z VRB01MPS 5000 -SHRA BR FEW004 SCT014 OVC030 20/20 Q1022 NOSIG,AviationWeather.gov METAR
2026-09-10T21:49:05.351298+00:00,ZUUU,2026-09-10T21:00:00.000Z,19.0,15.0,10.0,METAR ZUUU 102100Z 02005MPS 9999 FEW026 19/15 Q1023 NOSIG,AviationWeather.gov METAR
2026-09-10T21:54:53.267764+00:00,CYYZ,2026-09-10T21:00:00.000Z,23.0,11.0,21.0,METAR CYYZ 102100Z 31021G27KT 15SM BKN060 BKN260 23/11 A2991 RMK SC5CI2 SLP130 DENSITY ALT 1700FT,AviationWeather.gov METAR
2026-09-10T21:54:53.267789+00:00,EDDM,2026-09-10T22:00:00.000Z,12.0,11.0,2.0,METAR EDDM 102150Z AUTO 10002KT CAVOK 12/11 Q1020 NOSIG,AviationWeather.gov METAR
2026-09-10T21:54:53.267796+00:00,EFHK,2026-09-10T22:00:00.000Z,12.0,12.0,9.0,METAR EFHK 102150Z 33009KT 9999 FEW040 12/12 Q1003 NOSIG,AviationWeather.gov METAR
2026-09-10T21:54:53.267801+00:00,EGLC,2026-09-10T22:00:00.000Z,17.0,12.0,11.0,METAR EGLC 102150Z AUTO 22011KT 9999 SCT025 BKN030 BKN039 17/12 Q1015,AviationWeather.gov METAR
2026-09-10T21:54:53.267806+00:00,EHAM,2026-09-10T21:25:00.000Z,16.0,11.0,6.0,METAR EHAM 102125Z 17006KT CAVOK 16/11 Q1017 NOSIG,AviationWeather.gov METAR
2026-09-10T21:54:53.267810+00:00,EPWA,2026-09-10T21:30:00.000Z,11.0,7.0,6.0,METAR EPWA 102130Z 26006KT CAVOK 11/07 Q1019 NOSIG,AviationWeather.gov METAR
2026-09-10T21:54:53.267815+00:00,FACT,2026-09-10T21:00:00.000Z,16.0,13.0,16.0,METAR FACT 102100Z 19016KT 9999 FEW005 16/13 Q1022 NOSIG,AviationWeather.gov METAR
2026-09-10T21:54:53.267822+00:00,KATL,2026-09-10T22:00:00.000Z,31.7,18.9,3.0,METAR KATL 102152Z 18003KT 10SM FEW050 FEW250 32/19 A3000 RMK AO2 SLP146 TCU DSNT NE SE S T03170189 $,AviationWeather.gov METAR
2026-09-10T21:54:53.267828+00:00,KAUS,2026-09-10T21:00:00.000Z,37.2,18.9,7.0,METAR KAUS 102053Z 21007KT 10SM FEW065 SCT080 SCT200 37/19 A2988 RMK AO2 SLP103 T03720189 58039,AviationWeather.gov METAR
2026-09-10T21:54:53.267833+00:00,KBKF,2026-09-10T21:00:00.000Z,30.4,-9.3,6.0,METAR KBKF 102058Z VRB06KT 10SM FEW080 FEW140 30/M09 A3010 RMK AO2A SLP116 T03041093 57028,AviationWeather.gov METAR
2026-09-10T21:54:53.267837+00:00,KDAL,2026-09-10T21:00:00.000Z,36.7,17.8,3.0,METAR KDAL 102053Z VRB03KT 10SM SCT075TCU SCT110 BKN250 37/18 A2988 RMK AO2 SLP110 CB DSNT W-N MOV SE TCU SW-NW-NE AND DSNT ALQDS T03670178 56029,AviationWeather.gov METAR
2026-09-10T21:54:53.267841+00:00,KHOU,2026-09-10T21:00:00.000Z,30.6,22.2,0.0,METAR KHOU 102053Z 00000KT 10SM SCT040 SCT100 SCT200 BKN250 31/22 A2993 RMK AO2 SLP137 CB DSNT SW MOV LTL T03060222 56025,AviationWeather.gov METAR
2026-09-10T21:54:53.267845+00:00,KLAX,2026-09-10T21:00:00.000Z,31.1,19.4,10.0,METAR KLAX 102053Z 28010KT 10SM FEW120 FEW180 SCT230 SCT280 31/19 A2987 RMK AO2 SLP111 TCU DSNT NE CB DSNT E T03110194 58019 $,AviationWeather.gov METAR
2026-09-10T21:54:53.267849+00:00,KLGA,2026-09-10T21:00:00.000Z,30.0,16.7,10.0,METAR KLGA 102051Z 30010G20KT 10SM FEW060 FEW150 SCT180 BKN250 30/17 A2982 RMK AO2 SLP097 T03000167 55006,AviationWeather.gov METAR
2026-09-10T21:54:53.267853+00:00,KMIA,2026-09-10T21:00:00.000Z,29.4,23.9,3.0,METAR KMIA 102053Z 18003KT 10SM FEW025 SCT180 OVC250 29/24 A3000 RMK AO2 SLP157 60001 T02940239 56029,AviationWeather.gov METAR
2026-09-10T21:54:53.267857+00:00,KORD,2026-09-10T22:00:00.000Z,25.0,11.1,4.0,METAR KORD 102151Z 08004KT 10SM FEW050 SCT250 25/11 A3000 RMK AO2 SLP155 T02500111,AviationWeather.gov METAR
2026-09-10T21:54:53.267861+00:00,KSEA,2026-09-10T21:00:00.000Z,20.0,12.2,6.0,METAR KSEA 102053Z 31006KT 10SM FEW025 SCT042 BKN050 BKN240 20/12 A3003 RMK AO2 SLP173 T02000122 56008 $,AviationWeather.gov METAR
2026-09-10T21:54:53.267865+00:00,KSFO,2026-09-10T21:00:00.000Z,28.9,12.2,12.0,METAR KSFO 102056Z 31012KT 10SM FEW200 29/12 A2995 RMK AO2 SLP141 T02890122 58012 $,AviationWeather.gov METAR
2026-09-10T21:54:53.267869+00:00,LEMD,2026-09-10T21:30:00.000Z,20.0,-1.0,3.0,METAR LEMD 102130Z 36003KT CAVOK 20/M01 Q1019 NOSIG,AviationWeather.gov METAR
2026-09-10T21:54:53.267873+00:00,LFPB,2026-09-10T21:30:00.000Z,14.0,8.0,1.0,METAR LFPB 102130Z AUTO 35001KT CAVOK 14/08 Q1019 NOSIG,AviationWeather.gov METAR
2026-09-10T21:54:53.267877+00:00,LIMC,2026-09-10T21:20:00.000Z,19.0,17.0,4.0,METAR LIMC 102120Z 07004KT 9999 -RA BKN050 19/17 Q1015 NOSIG,AviationWeather.gov METAR
2026-09-10T21:54:53.267881+00:00,LTAC,2026-09-10T21:20:00.000Z,17.0,4.0,3.0,METAR LTAC 102120Z 03003KT CAVOK 17/04 Q1019 NOSIG,AviationWeather.gov METAR
2026-09-10T21:54:53.267885+00:00,MMMX,2026-09-10T21:45:00.000Z,23.0,11.0,15.0,SPECI MMMX 102145Z 02015KT 6SM VCRA BKN020CB BKN080 OVC220 23/11 A3027 TEMPO 5SM TSRA RMK 8/963 HZY BINOVC VSBY LWR PCPN N NW,AviationWeather.gov METAR
2026-09-10T21:54:53.267889+00:00,MPMG,2026-09-10T21:00:00.000Z,29.0,26.0,5.0,METAR MPMG 102100Z 31005KT 280V340 9000 VCSH SCT016CB SCT080 29/26 Q1007 RETSRA TEMPO TS,AviationWeather.gov METAR
2026-09-10T21:54:53.267893+00:00,NZWN,2026-09-10T21:30:00.000Z,11.0,5.0,16.0,METAR NZWN 102130Z AUTO 35016KT 320V020 9999 SCT031/// 11/05 Q1006,AviationWeather.gov METAR
2026-09-10T21:54:53.267897+00:00,OEJN,2026-09-10T21:00:00.000Z,32.0,27.0,6.0,METAR OEJN 102100Z 31006KT 9999 SCT040 32/27 Q1006 NOSIG,AviationWeather.gov METAR
2026-09-10T21:54:53.267901+00:00,OPKC,2026-09-10T21:30:00.000Z,27.0,23.0,3.0,METAR OPKC 102130Z 26003KT 4000 HZ SCT020 27/23 Q1008 NOSIG,AviationWeather.gov METAR
2026-09-10T21:54:53.267905+00:00,RJTT,2026-09-10T21:30:00.000Z,19.0,18.0,10.0,METAR RJTT 102130Z 36010KT 4500 RA BR FEW004 BKN015 19/18 Q1019 TEMPO 3000 SHRA BR FEW003 BKN005,AviationWeather.gov METAR
2026-09-10T21:54:53.267909+00:00,RKPK,2026-09-10T21:00:00.000Z,19.0,15.0,3.0,METAR RKPK 102100Z 31003KT CAVOK 19/15 Q1019,AviationWeather.gov METAR
2026-09-10T21:54:53.267913+00:00,RKSI,2026-09-10T21:30:00.000Z,16.0,15.0,6.0,METAR RKSI 102130Z 05006KT CAVOK 16/15 Q1021 NOSIG,AviationWeather.gov METAR
2026-09-10T21:54:53.267917+00:00,RPLL,2026-09-10T21:00:00.000Z,25.0,25.0,2.0,METAR RPLL 102100Z VRB02KT 9999 FEW025 BKN130 25/25 Q1011 NOSIG RMK A2985,AviationWeather.gov METAR
2026-09-10T21:54:53.267921+00:00,SAEZ,2026-09-10T21:00:00.000Z,19.0,6.0,10.0,METAR SAEZ 102100Z 06010KT CAVOK 19/06 Q1012 NOSIG,AviationWeather.gov METAR
2026-09-10T21:54:53.267925+00:00,SBGR,2026-09-10T21:00:00.000Z,17.0,16.0,4.0,METAR SBGR 102100Z 04004KT 5000 -RA BR NSC 17/16 Q1018,AviationWeather.gov METAR
2026-09-10T21:54:53.267929+00:00,VILK,2026-09-10T21:30:00.000Z,27.0,27.0,0.0,METAR VILK 102130Z 00000KT 4000 BR SCT020 BKN100 27/27 Q1006 NOSIG,AviationWeather.gov METAR
2026-09-10T21:54:53.267933+00:00,WMKK,2026-09-10T21:30:00.000Z,25.0,25.0,2.0,METAR WMKK 102130Z VRB02KT 5000 TSRA FEW006 FEW017CB SCT030 25/25 Q1009 TEMPO 3000 TSRA,AviationWeather.gov METAR
2026-09-10T21:54:53.267937+00:00,WSSS,2026-09-10T21:30:00.000Z,28.0,25.0,6.0,METAR WSSS 102130Z 10006KT 8000 SCT016 BKN300 28/25 Q1009 NOSIG,AviationWeather.gov METAR
2026-09-10T21:54:53.267940+00:00,ZBAA,2026-09-10T21:30:00.000Z,13.0,11.0,6.0,METAR ZBAA 102130Z 35003MPS CAVOK 13/11 Q1021 NOSIG,AviationWeather.gov METAR
2026-09-10T21:54:53.267944+00:00,ZGGG,2026-09-10T21:30:00.000Z,25.0,18.0,14.0,METAR ZGGG 102130Z 01007MPS CAVOK 25/18 Q1016 NOSIG,AviationWeather.gov METAR
2026-09-10T21:54:53.267948+00:00,ZGSZ,2026-09-10T21:00:00.000Z,26.0,20.0,10.0,METAR ZGSZ 102100Z 03005MPS CAVOK 26/20 Q1014 NOSIG,AviationWeather.gov METAR
2026-09-10T21:54:53.267952+00:00,ZHCC,2026-09-10T21:00:00.000Z,18.0,16.0,2.0,METAR ZHCC 102100Z 28001MPS CAVOK 18/16 Q1024 NOSIG,AviationWeather.gov METAR
2026-09-10T21:54:53.267956+00:00,ZHHH,2026-09-10T21:00:00.000Z,18.0,11.0,2.0,METAR ZHHH 102100Z VRB01MPS CAVOK 18/11 Q1021 NOSIG,AviationWeather.gov METAR
2026-09-10T21:54:53.267960+00:00,ZSPD,2026-09-10T21:30:00.000Z,24.0,23.0,14.0,METAR ZSPD 102130Z 05007MPS 010V070 9999 -SHRA BKN008 24/23 Q1019 BECMG TL2230 BKN011,AviationWeather.gov METAR
2026-09-10T21:54:53.267964+00:00,ZSQD,2026-09-10T21:00:00.000Z,14.0,11.0,4.0,METAR ZSQD 102100Z 33002MPS CAVOK 14/11 Q1023 NOSIG,AviationWeather.gov METAR
2026-09-10T21:54:53.267968+00:00,ZUCK,2026-09-10T21:00:00.000Z,20.0,20.0,2.0,METAR ZUCK 102100Z VRB01MPS 5000 -SHRA BR FEW004 SCT014 OVC030 20/20 Q1022 NOSIG,AviationWeather.gov METAR
2026-09-10T21:54:53.267972+00:00,ZUUU,2026-09-10T21:00:00.000Z,19.0,15.0,10.0,METAR ZUUU 102100Z 02005MPS 9999 FEW026 19/15 Q1023 NOSIG,AviationWeather.gov METAR
2026-09-10T21:56:26.902131+00:00,CYYZ,2026-09-10T21:00:00.000Z,23.0,11.0,21.0,METAR CYYZ 102100Z 31021G27KT 15SM BKN060 BKN260 23/11 A2991 RMK SC5CI2 SLP130 DENSITY ALT 1700FT,AviationWeather.gov METAR
2026-09-10T21:56:26.902148+00:00,EDDM,2026-09-10T22:00:00.000Z,12.0,11.0,2.0,METAR EDDM 102150Z AUTO 10002KT CAVOK 12/11 Q1020 NOSIG,AviationWeather.gov METAR
2026-09-10T21:56:26.902154+00:00,EFHK,2026-09-10T22:00:00.000Z,12.0,12.0,9.0,METAR EFHK 102150Z 33009KT 9999 FEW040 12/12 Q1003 NOSIG,AviationWeather.gov METAR
2026-09-10T21:56:26.902158+00:00,EGLC,2026-09-10T22:00:00.000Z,17.0,12.0,11.0,METAR EGLC 102150Z AUTO 22011KT 9999 SCT025 BKN030 BKN039 17/12 Q1015,AviationWeather.gov METAR
2026-09-10T21:56:26.902161+00:00,EHAM,2026-09-10T21:25:00.000Z,16.0,11.0,6.0,METAR EHAM 102125Z 17006KT CAVOK 16/11 Q1017 NOSIG,AviationWeather.gov METAR
2026-09-10T21:56:26.902165+00:00,EPWA,2026-09-10T21:30:00.000Z,11.0,7.0,6.0,METAR EPWA 102130Z 26006KT CAVOK 11/07 Q1019 NOSIG,AviationWeather.gov METAR
2026-09-10T21:56:26.902169+00:00,FACT,2026-09-10T21:00:00.000Z,16.0,13.0,16.0,METAR FACT 102100Z 19016KT 9999 FEW005 16/13 Q1022 NOSIG,AviationWeather.gov METAR
2026-09-10T21:56:26.902174+00:00,KATL,2026-09-10T22:00:00.000Z,31.7,18.9,3.0,METAR KATL 102152Z 18003KT 10SM FEW050 FEW250 32/19 A3000 RMK AO2 SLP146 TCU DSNT NE SE S T03170189 $,AviationWeather.gov METAR
2026-09-10T21:56:26.902179+00:00,KAUS,2026-09-10T21:00:00.000Z,37.2,18.9,7.0,METAR KAUS 102053Z 21007KT 10SM FEW065 SCT080 SCT200 37/19 A2988 RMK AO2 SLP103 T03720189 58039,AviationWeather.gov METAR
2026-09-10T21:56:26.902184+00:00,KBKF,2026-09-10T21:00:00.000Z,30.4,-9.3,6.0,METAR KBKF 102058Z VRB06KT 10SM FEW080 FEW140 30/M09 A3010 RMK AO2A SLP116 T03041093 57028,AviationWeather.gov METAR
2026-09-10T21:56:26.902187+00:00,KDAL,2026-09-10T21:00:00.000Z,36.7,17.8,3.0,METAR KDAL 102053Z VRB03KT 10SM SCT075TCU SCT110 BKN250 37/18 A2988 RMK AO2 SLP110 CB DSNT W-N MOV SE TCU SW-NW-NE AND DSNT ALQDS T03670178 56029,AviationWeather.gov METAR
2026-09-10T21:56:26.902190+00:00,KHOU,2026-09-10T21:00:00.000Z,30.6,22.2,0.0,METAR KHOU 102053Z 00000KT 10SM SCT040 SCT100 SCT200 BKN250 31/22 A2993 RMK AO2 SLP137 CB DSNT SW MOV LTL T03060222 56025,AviationWeather.gov METAR
2026-09-10T21:56:26.902194+00:00,KLAX,2026-09-10T21:00:00.000Z,31.1,19.4,10.0,METAR KLAX 102053Z 28010KT 10SM FEW120 FEW180 SCT230 SCT280 31/19 A2987 RMK AO2 SLP111 TCU DSNT NE CB DSNT E T03110194 58019 $,AviationWeather.gov METAR
2026-09-10T21:56:26.902197+00:00,KLGA,2026-09-10T22:00:00.000Z,30.0,16.7,7.0,METAR KLGA 102151Z 28007KT 10SM FEW050 SCT150 SCT190 BKN250 30/17 A2981 RMK AO2 SLP095 T03000167,AviationWeather.gov METAR
2026-09-10T21:56:26.902200+00:00,KMIA,2026-09-10T21:00:00.000Z,29.4,23.9,3.0,METAR KMIA 102053Z 18003KT 10SM FEW025 SCT180 OVC250 29/24 A3000 RMK AO2 SLP157 60001 T02940239 56029,AviationWeather.gov METAR
2026-09-10T21:56:26.902203+00:00,KORD,2026-09-10T22:00:00.000Z,25.0,11.1,4.0,METAR KORD 102151Z 08004KT 10SM FEW050 SCT250 25/11 A3000 RMK AO2 SLP155 T02500111,AviationWeather.gov METAR
2026-09-10T21:56:26.902206+00:00,KSEA,2026-09-10T21:00:00.000Z,20.0,12.2,6.0,METAR KSEA 102053Z 31006KT 10SM FEW025 SCT042 BKN050 BKN240 20/12 A3003 RMK AO2 SLP173 T02000122 56008 $,AviationWeather.gov METAR
2026-09-10T21:56:26.902209+00:00,KSFO,2026-09-10T21:00:00.000Z,28.9,12.2,12.0,METAR KSFO 102056Z 31012KT 10SM FEW200 29/12 A2995 RMK AO2 SLP141 T02890122 58012 $,AviationWeather.gov METAR
2026-09-10T21:56:26.902213+00:00,LEMD,2026-09-10T21:30:00.000Z,20.0,-1.0,3.0,METAR LEMD 102130Z 36003KT CAVOK 20/M01 Q1019 NOSIG,AviationWeather.gov METAR
2026-09-10T21:56:26.902216+00:00,LFPB,2026-09-10T21:30:00.000Z,14.0,8.0,1.0,METAR LFPB 102130Z AUTO 35001KT CAVOK 14/08 Q1019 NOSIG,AviationWeather.gov METAR
2026-09-10T21:56:26.902219+00:00,LIMC,2026-09-10T21:20:00.000Z,19.0,17.0,4.0,METAR LIMC 102120Z 07004KT 9999 -RA BKN050 19/17 Q1015 NOSIG,AviationWeather.gov METAR
2026-09-10T21:56:26.902222+00:00,LTAC,2026-09-10T22:00:00.000Z,17.0,4.0,6.0,METAR LTAC 102150Z 05006KT CAVOK 17/04 Q1019 NOSIG,AviationWeather.gov METAR
2026-09-10T21:56:26.902225+00:00,MMMX,2026-09-10T21:45:00.000Z,23.0,11.0,15.0,SPECI MMMX 102145Z 02015KT 6SM VCRA BKN020CB BKN080 OVC220 23/11 A3027 TEMPO 5SM TSRA RMK 8/963 HZY BINOVC VSBY LWR PCPN N NW,AviationWeather.gov METAR
2026-09-10T21:56:26.902228+00:00,MPMG,2026-09-10T21:00:00.000Z,29.0,26.0,5.0,METAR MPMG 102100Z 31005KT 280V340 9000 VCSH SCT016CB SCT080 29/26 Q1007 RETSRA TEMPO TS,AviationWeather.gov METAR
2026-09-10T21:56:26.902231+00:00,NZWN,2026-09-10T21:30:00.000Z,11.0,5.0,16.0,METAR NZWN 102130Z AUTO 35016KT 320V020 9999 SCT031/// 11/05 Q1006,AviationWeather.gov METAR
2026-09-10T21:56:26.902234+00:00,OEJN,2026-09-10T21:00:00.000Z,32.0,27.0,6.0,METAR OEJN 102100Z 31006KT 9999 SCT040 32/27 Q1006 NOSIG,AviationWeather.gov METAR
2026-09-10T21:56:26.902237+00:00,OPKC,2026-09-10T21:30:00.000Z,27.0,23.0,3.0,METAR OPKC 102130Z 26003KT 4000 HZ SCT020 27/23 Q1008 NOSIG,AviationWeather.gov METAR
2026-09-10T21:56:26.902240+00:00,RJTT,2026-09-10T21:30:00.000Z,19.0,18.0,10.0,METAR RJTT 102130Z 36010KT 4500 RA BR FEW004 BKN015 19/18 Q1019 TEMPO 3000 SHRA BR FEW003 BKN005,AviationWeather.gov METAR
2026-09-10T21:56:26.902243+00:00,RKPK,2026-09-10T21:00:00.000Z,19.0,15.0,3.0,METAR RKPK 102100Z 31003KT CAVOK 19/15 Q1019,AviationWeather.gov METAR
2026-09-10T21:56:26.902247+00:00,RKSI,2026-09-10T21:30:00.000Z,16.0,15.0,6.0,METAR RKSI 102130Z 05006KT CAVOK 16/15 Q1021 NOSIG,AviationWeather.gov METAR
2026-09-10T21:56:26.902250+00:00,RPLL,2026-09-10T21:00:00.000Z,25.0,25.0,2.0,METAR RPLL 102100Z VRB02KT 9999 FEW025 BKN130 25/25 Q1011 NOSIG RMK A2985,AviationWeather.gov METAR
2026-09-10T21:56:26.902253+00:00,SAEZ,2026-09-10T21:00:00.000Z,19.0,6.0,10.0,METAR SAEZ 102100Z 06010KT CAVOK 19/06 Q1012 NOSIG,AviationWeather.gov METAR
2026-09-10T21:56:26.902256+00:00,SBGR,2026-09-10T21:00:00.000Z,17.0,16.0,4.0,METAR SBGR 102100Z 04004KT 5000 -RA BR NSC 17/16 Q1018,AviationWeather.gov METAR
2026-09-10T21:56:26.902260+00:00,VILK,2026-09-10T21:30:00.000Z,27.0,27.0,0.0,METAR VILK 102130Z 00000KT 4000 BR SCT020 BKN100 27/27 Q1006 NOSIG,AviationWeather.gov METAR
2026-09-10T21:56:26.902263+00:00,WMKK,2026-09-10T21:30:00.000Z,25.0,25.0,2.0,METAR WMKK 102130Z VRB02KT 5000 TSRA FEW006 FEW017CB SCT030 25/25 Q1009 TEMPO 3000 TSRA,AviationWeather.gov METAR
2026-09-10T21:56:26.902266+00:00,WSSS,2026-09-10T21:30:00.000Z,28.0,25.0,6.0,METAR WSSS 102130Z 10006KT 8000 SCT016 BKN300 28/25 Q1009 NOSIG,AviationWeather.gov METAR
2026-09-10T21:56:26.902269+00:00,ZBAA,2026-09-10T21:30:00.000Z,13.0,11.0,6.0,METAR ZBAA 102130Z 35003MPS CAVOK 13/11 Q1021 NOSIG,AviationWeather.gov METAR
2026-09-10T21:56:26.902272+00:00,ZGGG,2026-09-10T21:30:00.000Z,25.0,18.0,14.0,METAR ZGGG 102130Z 01007MPS CAVOK 25/18 Q1016 NOSIG,AviationWeather.gov METAR
2026-09-10T21:56:26.902275+00:00,ZGSZ,2026-09-10T21:00:00.000Z,26.0,20.0,10.0,METAR ZGSZ 102100Z 03005MPS CAVOK 26/20 Q1014 NOSIG,AviationWeather.gov METAR
2026-09-10T21:56:26.902278+00:00,ZHCC,2026-09-10T21:00:00.000Z,18.0,16.0,2.0,METAR ZHCC 102100Z 28001MPS CAVOK 18/16 Q1024 NOSIG,AviationWeather.gov METAR
2026-09-10T21:56:26.902281+00:00,ZHHH,2026-09-10T21:00:00.000Z,18.0,11.0,2.0,METAR ZHHH 102100Z VRB01MPS CAVOK 18/11 Q1021 NOSIG,AviationWeather.gov METAR
2026-09-10T21:56:26.902284+00:00,ZSPD,2026-09-10T21:30:00.000Z,24.0,23.0,14.0,METAR ZSPD 102130Z 05007MPS 010V070 9999 -SHRA BKN008 24/23 Q1019 BECMG TL2230 BKN011,AviationWeather.gov METAR
2026-09-10T21:56:26.902287+00:00,ZSQD,2026-09-10T21:00:00.000Z,14.0,11.0,4.0,METAR ZSQD 102100Z 33002MPS CAVOK 14/11 Q1023 NOSIG,AviationWeather.gov METAR
2026-09-10T21:56:26.902290+00:00,ZUCK,2026-09-10T21:00:00.000Z,20.0,20.0,2.0,METAR ZUCK 102100Z VRB01MPS 5000 -SHRA BR FEW004 SCT014 OVC030 20/20 Q1022 NOSIG,AviationWeather.gov METAR
2026-09-10T21:56:26.902293+00:00,ZUUU,2026-09-10T21:00:00.000Z,19.0,15.0,10.0,METAR ZUUU 102100Z 02005MPS 9999 FEW026 19/15 Q1023 NOSIG,AviationWeather.gov METAR
2026-09-10T22:01:06.225732+00:00,CYYZ,2026-09-10T21:00:00.000Z,23.0,11.0,21.0,METAR CYYZ 102100Z 31021G27KT 15SM BKN060 BKN260 23/11 A2991 RMK SC5CI2 SLP130 DENSITY ALT 1700FT,AviationWeather.gov METAR
2026-09-10T22:01:06.225751+00:00,EDDM,2026-09-10T22:00:00.000Z,12.0,11.0,2.0,METAR EDDM 102150Z AUTO 10002KT CAVOK 12/11 Q1020 NOSIG,AviationWeather.gov METAR
2026-09-10T22:01:06.225757+00:00,EFHK,2026-09-10T22:00:00.000Z,12.0,12.0,9.0,METAR EFHK 102150Z 33009KT 9999 FEW040 12/12 Q1003 NOSIG,AviationWeather.gov METAR
2026-09-10T22:01:06.225761+00:00,EGLC,2026-09-10T22:00:00.000Z,17.0,12.0,11.0,METAR EGLC 102150Z AUTO 22011KT 9999 SCT025 BKN030 BKN039 17/12 Q1015,AviationWeather.gov METAR
2026-09-10T22:01:06.225765+00:00,EHAM,2026-09-10T22:00:00.000Z,16.0,11.0,5.0,METAR EHAM 102155Z 18005KT CAVOK 16/11 Q1017 NOSIG,AviationWeather.gov METAR
2026-09-10T22:01:06.225768+00:00,EPWA,2026-09-10T21:30:00.000Z,11.0,7.0,6.0,METAR EPWA 102130Z 26006KT CAVOK 11/07 Q1019 NOSIG,AviationWeather.gov METAR
2026-09-10T22:01:06.225772+00:00,FACT,2026-09-10T21:00:00.000Z,16.0,13.0,16.0,METAR FACT 102100Z 19016KT 9999 FEW005 16/13 Q1022 NOSIG,AviationWeather.gov METAR
2026-09-10T22:01:06.225778+00:00,KATL,2026-09-10T22:00:00.000Z,31.7,18.9,3.0,METAR KATL 102152Z 18003KT 10SM FEW050 FEW250 32/19 A3000 RMK AO2 SLP146 TCU DSNT NE SE S T03170189 $,AviationWeather.gov METAR
2026-09-10T22:01:06.225783+00:00,KAUS,2026-09-10T22:00:00.000Z,37.2,17.8,5.0,METAR KAUS 102153Z 15005KT 10SM SCT070 SCT200 37/18 A2985 RMK AO2 SLP095 T03720178,AviationWeather.gov METAR
2026-09-10T22:01:06.225787+00:00,KBKF,2026-09-10T21:00:00.000Z,30.4,-9.3,6.0,METAR KBKF 102058Z VRB06KT 10SM FEW080 FEW140 30/M09 A3010 RMK AO2A SLP116 T03041093 57028,AviationWeather.gov METAR
2026-09-10T22:01:06.225791+00:00,KDAL,2026-09-10T22:00:00.000Z,35.6,18.9,12.0,METAR KDAL 102153Z 02012G20KT 10SM BKN075TCU BKN110 BKN250 36/19 A2988 RMK AO2 SLP109 OCNL LTGIC DSNT NW CB DSNT W-N MOV SE TCU ALQDS T03560189,AviationWeather.gov METAR
2026-09-10T22:01:06.225794+00:00,KHOU,2026-09-10T22:00:00.000Z,31.1,22.2,8.0,METAR KHOU 102153Z 15008KT 10SM SCT036 SCT090 SCT200 BKN250 31/22 A2990 RMK AO2 SLP129 T03110222,AviationWeather.gov METAR
2026-09-10T22:01:06.225798+00:00,KLAX,2026-09-10T22:00:00.000Z,31.1,19.4,9.0,METAR KLAX 102153Z 26009KT 10SM FEW120 FEW180 SCT250 31/19 A2985 RMK AO2 SLP105 TCU DSNT NE CB DSNT E T03110194 $,AviationWeather.gov METAR
2026-09-10T22:01:06.225801+00:00,KLGA,2026-09-10T22:00:00.000Z,30.0,16.7,7.0,METAR KLGA 102151Z 28007KT 10SM FEW050 SCT150 SCT190 BKN250 30/17 A2981 RMK AO2 SLP095 T03000167,AviationWeather.gov METAR
2026-09-10T22:01:06.225804+00:00,KMIA,2026-09-10T22:00:00.000Z,29.4,24.4,0.0,METAR KMIA 102153Z 00000KT 10SM FEW025 SCT170 OVC250 29/24 A2999 RMK AO2 SLP157 T02940244,AviationWeather.gov METAR
2026-09-10T22:01:06.225807+00:00,KORD,2026-09-10T22:00:00.000Z,25.0,11.1,4.0,METAR KORD 102151Z 08004KT 10SM FEW050 SCT250 25/11 A3000 RMK AO2 SLP155 T02500111,AviationWeather.gov METAR
2026-09-10T22:01:06.225811+00:00,KSEA,2026-09-10T22:00:00.000Z,21.1,11.7,6.0,METAR KSEA 102153Z 25006KT 10SM FEW033 BKN047 BKN240 21/12 A3001 RMK AO2 SLP166 T02110117 $,AviationWeather.gov METAR
2026-09-10T22:01:06.225833+00:00,KSFO,2026-09-10T22:00:00.000Z,25.6,13.9,13.0,METAR KSFO 102156Z 33013KT 10SM FEW005 SCT200 26/14 A2994 RMK AO2 SLP137 T02560139,AviationWeather.gov METAR
2026-09-10T22:01:06.225838+00:00,LEMD,2026-09-10T21:30:00.000Z,20.0,-1.0,3.0,METAR LEMD 102130Z 36003KT CAVOK 20/M01 Q1019 NOSIG,AviationWeather.gov METAR
2026-09-10T22:01:06.225841+00:00,LFPB,2026-09-10T21:30:00.000Z,14.0,8.0,1.0,METAR LFPB 102130Z AUTO 35001KT CAVOK 14/08 Q1019 NOSIG,AviationWeather.gov METAR
2026-09-10T22:01:06.225844+00:00,LIMC,2026-09-10T22:00:00.000Z,19.0,16.0,4.0,METAR LIMC 102150Z 12004KT 9999 BKN050 19/16 Q1015 NOSIG,AviationWeather.gov METAR
2026-09-10T22:01:06.225848+00:00,LTAC,2026-09-10T22:00:00.000Z,17.0,4.0,6.0,METAR LTAC 102150Z 05006KT CAVOK 17/04 Q1019 NOSIG,AviationWeather.gov METAR
2026-09-10T22:01:06.225851+00:00,MMMX,2026-09-10T21:45:00.000Z,23.0,11.0,15.0,SPECI MMMX 102145Z 02015KT 6SM VCRA BKN020CB BKN080 OVC220 23/11 A3027 TEMPO 5SM TSRA RMK 8/963 HZY BINOVC VSBY LWR PCPN N NW,AviationWeather.gov METAR
2026-09-10T22:01:06.225854+00:00,MPMG,2026-09-10T21:00:00.000Z,29.0,26.0,5.0,METAR MPMG 102100Z 31005KT 280V340 9000 VCSH SCT016CB SCT080 29/26 Q1007 RETSRA TEMPO TS,AviationWeather.gov METAR
2026-09-10T22:01:06.225857+00:00,NZWN,2026-09-10T21:30:00.000Z,11.0,5.0,16.0,METAR NZWN 102130Z AUTO 35016KT 320V020 9999 SCT031/// 11/05 Q1006,AviationWeather.gov METAR
2026-09-10T22:01:06.225860+00:00,OEJN,2026-09-10T22:00:00.000Z,32.0,27.0,5.0,METAR OEJN 102200Z 31005KT 9999 SCT040 32/27 Q1006 NOSIG,AviationWeather.gov METAR
2026-09-10T22:01:06.225864+00:00,OPKC,2026-09-10T21:30:00.000Z,27.0,23.0,3.0,METAR OPKC 102130Z 26003KT 4000 HZ SCT020 27/23 Q1008 NOSIG,AviationWeather.gov METAR
2026-09-10T22:01:06.225867+00:00,RJTT,2026-09-10T21:30:00.000Z,19.0,18.0,10.0,METAR RJTT 102130Z 36010KT 4500 RA BR FEW004 BKN015 19/18 Q1019 TEMPO 3000 SHRA BR FEW003 BKN005,AviationWeather.gov METAR
2026-09-10T22:01:06.225870+00:00,RKPK,2026-09-10T21:00:00.000Z,19.0,15.0,3.0,METAR RKPK 102100Z 31003KT CAVOK 19/15 Q1019,AviationWeather.gov METAR
2026-09-10T22:01:06.225873+00:00,RKSI,2026-09-10T21:30:00.000Z,16.0,15.0,6.0,METAR RKSI 102130Z 05006KT CAVOK 16/15 Q1021 NOSIG,AviationWeather.gov METAR
2026-09-10T22:01:06.225876+00:00,RPLL,2026-09-10T21:00:00.000Z,25.0,25.0,2.0,METAR RPLL 102100Z VRB02KT 9999 FEW025 BKN130 25/25 Q1011 NOSIG RMK A2985,AviationWeather.gov METAR
2026-09-10T22:01:06.225879+00:00,SAEZ,2026-09-10T21:00:00.000Z,19.0,6.0,10.0,METAR SAEZ 102100Z 06010KT CAVOK 19/06 Q1012 NOSIG,AviationWeather.gov METAR
2026-09-10T22:01:06.225882+00:00,SBGR,2026-09-10T22:00:00.000Z,17.0,16.0,7.0,METAR SBGR 102200Z 06007KT 9999 -RA FEW007 OVC080 17/16 Q1017,AviationWeather.gov METAR
2026-09-10T22:01:06.225886+00:00,VILK,2026-09-10T21:30:00.000Z,27.0,27.0,0.0,METAR VILK 102130Z 00000KT 4000 BR SCT020 BKN100 27/27 Q1006 NOSIG,AviationWeather.gov METAR
2026-09-10T22:01:06.225889+00:00,WMKK,2026-09-10T21:30:00.000Z,25.0,25.0,2.0,METAR WMKK 102130Z VRB02KT 5000 TSRA FEW006 FEW017CB SCT030 25/25 Q1009 TEMPO 3000 TSRA,AviationWeather.gov METAR
2026-09-10T22:01:06.225892+00:00,WSSS,2026-09-10T21:30:00.000Z,28.0,25.0,6.0,METAR WSSS 102130Z 10006KT 8000 SCT016 BKN300 28/25 Q1009 NOSIG,AviationWeather.gov METAR
2026-09-10T22:01:06.225895+00:00,ZBAA,2026-09-10T21:30:00.000Z,13.0,11.0,6.0,METAR ZBAA 102130Z 35003MPS CAVOK 13/11 Q1021 NOSIG,AviationWeather.gov METAR
2026-09-10T22:01:06.225898+00:00,ZGGG,2026-09-10T21:30:00.000Z,25.0,18.0,14.0,METAR ZGGG 102130Z 01007MPS CAVOK 25/18 Q1016 NOSIG,AviationWeather.gov METAR
2026-09-10T22:01:06.225901+00:00,ZGSZ,2026-09-10T21:00:00.000Z,26.0,20.0,10.0,METAR ZGSZ 102100Z 03005MPS CAVOK 26/20 Q1014 NOSIG,AviationWeather.gov METAR
2026-09-10T22:01:06.225904+00:00,ZHCC,2026-09-10T21:00:00.000Z,18.0,16.0,2.0,METAR ZHCC 102100Z 28001MPS CAVOK 18/16 Q1024 NOSIG,AviationWeather.gov METAR
2026-09-10T22:01:06.225907+00:00,ZHHH,2026-09-10T21:00:00.000Z,18.0,11.0,2.0,METAR ZHHH 102100Z VRB01MPS CAVOK 18/11 Q1021 NOSIG,AviationWeather.gov METAR
2026-09-10T22:01:06.225911+00:00,ZSPD,2026-09-10T21:30:00.000Z,24.0,23.0,14.0,METAR ZSPD 102130Z 05007MPS 010V070 9999 -SHRA BKN008 24/23 Q1019 BECMG TL2230 BKN011,AviationWeather.gov METAR
2026-09-10T22:01:06.225914+00:00,ZSQD,2026-09-10T21:00:00.000Z,14.0,11.0,4.0,METAR ZSQD 102100Z 33002MPS CAVOK 14/11 Q1023 NOSIG,AviationWeather.gov METAR
2026-09-10T22:01:06.225917+00:00,ZUCK,2026-09-10T21:00:00.000Z,20.0,20.0,2.0,METAR ZUCK 102100Z VRB01MPS 5000 -SHRA BR FEW004 SCT014 OVC030 20/20 Q1022 NOSIG,AviationWeather.gov METAR
2026-09-10T22:01:06.225920+00:00,ZUUU,2026-09-10T21:00:00.000Z,19.0,15.0,10.0,METAR ZUUU 102100Z 02005MPS 9999 FEW026 19/15 Q1023 NOSIG,AviationWeather.gov METAR
2026-09-10T22:07:15.266700+00:00,CYYZ,2026-09-10T21:00:00.000Z,23.0,11.0,21.0,METAR CYYZ 102100Z 31021G27KT 15SM BKN060 BKN260 23/11 A2991 RMK SC5CI2 SLP130 DENSITY ALT 1700FT,AviationWeather.gov METAR
2026-09-10T22:07:15.266720+00:00,EDDM,2026-09-10T22:00:00.000Z,12.0,11.0,2.0,METAR EDDM 102150Z AUTO 10002KT CAVOK 12/11 Q1020 NOSIG,AviationWeather.gov METAR
2026-09-10T22:07:15.266725+00:00,EFHK,2026-09-10T22:00:00.000Z,12.0,12.0,9.0,METAR EFHK 102150Z 33009KT 9999 FEW040 12/12 Q1003 NOSIG,AviationWeather.gov METAR
2026-09-10T22:07:15.266728+00:00,EGLC,2026-09-10T22:00:00.000Z,17.0,12.0,11.0,METAR EGLC 102150Z AUTO 22011KT 9999 SCT025 BKN030 BKN039 17/12 Q1015,AviationWeather.gov METAR
2026-09-10T22:07:15.266731+00:00,EHAM,2026-09-10T22:00:00.000Z,16.0,11.0,5.0,METAR EHAM 102155Z 18005KT CAVOK 16/11 Q1017 NOSIG,AviationWeather.gov METAR
2026-09-10T22:07:15.266734+00:00,EPWA,2026-09-10T22:00:00.000Z,10.0,7.0,6.0,METAR EPWA 102200Z 25006KT CAVOK 10/07 Q1019 NOSIG,AviationWeather.gov METAR
2026-09-10T22:07:15.266737+00:00,FACT,2026-09-10T22:00:00.000Z,15.0,13.0,18.0,METAR FACT 102200Z 18018KT 9999 FEW005 15/13 Q1022 NOSIG,AviationWeather.gov METAR
2026-09-10T22:07:15.266744+00:00,KATL,2026-09-10T22:00:00.000Z,31.7,18.9,3.0,METAR KATL 102152Z 18003KT 10SM FEW050 FEW250 32/19 A3000 RMK AO2 SLP146 TCU DSNT NE SE S T03170189 $,AviationWeather.gov METAR
2026-09-10T22:07:15.266748+00:00,KAUS,2026-09-10T22:00:00.000Z,37.2,17.8,5.0,METAR KAUS 102153Z 15005KT 10SM SCT070 SCT200 37/18 A2985 RMK AO2 SLP095 T03720178,AviationWeather.gov METAR
2026-09-10T22:07:15.266751+00:00,KBKF,2026-09-10T21:00:00.000Z,30.4,-9.3,6.0,METAR KBKF 102058Z VRB06KT 10SM FEW080 FEW140 30/M09 A3010 RMK AO2A SLP116 T03041093 57028,AviationWeather.gov METAR
2026-09-10T22:07:15.266755+00:00,KDAL,2026-09-10T22:00:00.000Z,35.6,18.9,12.0,METAR KDAL 102153Z 02012G20KT 10SM BKN075TCU BKN110 BKN250 36/19 A2988 RMK AO2 SLP109 OCNL LTGIC DSNT NW CB DSNT W-N MOV SE TCU ALQDS T03560189,AviationWeather.gov METAR
2026-09-10T22:07:15.266758+00:00,KHOU,2026-09-10T22:00:00.000Z,31.1,22.2,8.0,METAR KHOU 102153Z 15008KT 10SM SCT036 SCT090 SCT200 BKN250 31/22 A2990 RMK AO2 SLP129 T03110222,AviationWeather.gov METAR
2026-09-10T22:07:15.266760+00:00,KLAX,2026-09-10T22:00:00.000Z,31.1,19.4,9.0,METAR KLAX 102153Z 26009KT 10SM FEW120 FEW180 SCT250 31/19 A2985 RMK AO2 SLP105 TCU DSNT NE CB DSNT E T03110194 $,AviationWeather.gov METAR
2026-09-10T22:07:15.266763+00:00,KLGA,2026-09-10T22:00:00.000Z,30.0,16.7,7.0,METAR KLGA 102151Z 28007KT 10SM FEW050 SCT150 SCT190 BKN250 30/17 A2981 RMK AO2 SLP095 T03000167,AviationWeather.gov METAR
2026-09-10T22:07:15.266766+00:00,KMIA,2026-09-10T22:00:00.000Z,29.4,24.4,0.0,METAR KMIA 102153Z 00000KT 10SM FEW025 SCT170 OVC250 29/24 A2999 RMK AO2 SLP157 T02940244,AviationWeather.gov METAR
2026-09-10T22:07:15.266768+00:00,KORD,2026-09-10T22:00:00.000Z,25.0,11.1,4.0,METAR KORD 102151Z 08004KT 10SM FEW050 SCT250 25/11 A3000 RMK AO2 SLP155 T02500111,AviationWeather.gov METAR
2026-09-10T22:07:15.266771+00:00,KSEA,2026-09-10T22:00:00.000Z,21.1,11.7,6.0,METAR KSEA 102153Z 25006KT 10SM FEW033 BKN047 BKN240 21/12 A3001 RMK AO2 SLP166 T02110117 $,AviationWeather.gov METAR
2026-09-10T22:07:15.266774+00:00,KSFO,2026-09-10T22:00:00.000Z,25.6,13.9,13.0,METAR KSFO 102156Z 33013KT 10SM FEW005 SCT200 26/14 A2994 RMK AO2 SLP137 T02560139,AviationWeather.gov METAR
2026-09-10T22:07:15.266776+00:00,LEMD,2026-09-10T22:00:00.000Z,18.0,0.0,3.0,METAR LEMD 102200Z 35003KT CAVOK 18/M00 Q1019 NOSIG,AviationWeather.gov METAR
2026-09-10T22:07:15.266779+00:00,LFPB,2026-09-10T22:00:00.000Z,13.0,8.0,3.0,METAR LFPB 102200Z AUTO 01003KT CAVOK 13/08 Q1019 NOSIG,AviationWeather.gov METAR
2026-09-10T22:07:15.266782+00:00,LIMC,2026-09-10T22:00:00.000Z,19.0,16.0,4.0,METAR LIMC 102150Z 12004KT 9999 BKN050 19/16 Q1015 NOSIG,AviationWeather.gov METAR
2026-09-10T22:07:15.266784+00:00,LTAC,2026-09-10T22:00:00.000Z,17.0,4.0,6.0,METAR LTAC 102150Z 05006KT CAVOK 17/04 Q1019 NOSIG,AviationWeather.gov METAR
2026-09-10T22:07:15.266787+00:00,MMMX,2026-09-10T21:59:00.000Z,21.0,11.0,12.0,SPECI MMMX 102159Z 36012G22KT 6SM VCRA BKN020CB OVC080 21/11 A3027 TEMPO 4SM TSRA RMK 8/96/ HZY VSBY LWR W NW,AviationWeather.gov METAR
2026-09-10T22:07:15.266790+00:00,MPMG,2026-09-10T22:00:00.000Z,29.0,26.0,8.0,METAR MPMG 102200Z 32008KT 9999 FEW008 SCT017CB SCT090 29/26 Q1007 NOSIG,AviationWeather.gov METAR
2026-09-10T22:07:15.266793+00:00,NZWN,2026-09-10T22:00:00.000Z,11.0,6.0,17.0,METAR NZWN 102200Z AUTO 35017KT 9999 BKN031/// 11/06 Q1006,AviationWeather.gov METAR
2026-09-10T22:07:15.266795+00:00,OEJN,2026-09-10T22:00:00.000Z,32.0,27.0,5.0,METAR OEJN 102200Z 31005KT 9999 SCT040 32/27 Q1006 NOSIG,AviationWeather.gov METAR
2026-09-10T22:07:15.266798+00:00,OPKC,2026-09-10T22:00:00.000Z,26.0,22.0,3.0,METAR OPKC 102200Z 25003KT 4000 HZ SCT020 26/22 Q1008 NOSIG,AviationWeather.gov METAR
2026-09-10T22:07:15.266801+00:00,RJTT,2026-09-10T22:00:00.000Z,19.0,18.0,8.0,METAR RJTT 102200Z 02008KT 7000 RA FEW004 SCT006 BKN015 19/18 Q1019 TEMPO 3000 SHRA BR FEW003 BKN005,AviationWeather.gov METAR
2026-09-10T22:07:15.266804+00:00,RKPK,2026-09-10T22:00:00.000Z,20.0,15.0,3.0,METAR RKPK 102200Z 30003KT CAVOK 20/15 Q1019,AviationWeather.gov METAR
2026-09-10T22:07:15.266807+00:00,RKSI,2026-09-10T22:00:00.000Z,17.0,15.0,7.0,METAR RKSI 102200Z 03007KT CAVOK 17/15 Q1022 NOSIG,AviationWeather.gov METAR
2026-09-10T22:07:15.266809+00:00,RPLL,2026-09-10T22:00:00.000Z,26.0,24.0,3.0,METAR RPLL 102200Z 35003KT 260V060 9999 -RA SCT023 OVC100 26/24 Q1011 NOSIG RMK A2985,AviationWeather.gov METAR
2026-09-10T22:07:15.266812+00:00,SAEZ,2026-09-10T22:00:00.000Z,16.0,6.0,7.0,METAR SAEZ 102200Z 09007KT CAVOK 16/06 Q1012 NOSIG,AviationWeather.gov METAR
2026-09-10T22:07:15.266815+00:00,SBGR,2026-09-10T22:00:00.000Z,17.0,16.0,7.0,METAR SBGR 102200Z 06007KT 9999 -RA FEW007 OVC080 17/16 Q1017,AviationWeather.gov METAR
2026-09-10T22:07:15.266817+00:00,VILK,2026-09-10T22:00:00.000Z,27.0,27.0,0.0,METAR VILK 102200Z 00000KT 4000 BR SCT020 BKN100 27/27 Q1006 NOSIG,AviationWeather.gov METAR
2026-09-10T22:07:15.266820+00:00,WMKK,2026-09-10T21:30:00.000Z,25.0,25.0,2.0,METAR WMKK 102130Z VRB02KT 5000 TSRA FEW006 FEW017CB SCT030 25/25 Q1009 TEMPO 3000 TSRA,AviationWeather.gov METAR
2026-09-10T22:07:15.266838+00:00,WSSS,2026-09-10T22:00:00.000Z,28.0,25.0,6.0,METAR WSSS 102200Z 10006KT 8000 SCT016 BKN300 28/25 Q1009 NOSIG,AviationWeather.gov METAR
2026-09-10T22:07:15.266841+00:00,ZBAA,2026-09-10T22:00:00.000Z,14.0,11.0,4.0,METAR ZBAA 102200Z 34002MPS 290V360 CAVOK 14/11 Q1022 NOSIG,AviationWeather.gov METAR
2026-09-10T22:07:15.266844+00:00,ZGGG,2026-09-10T22:00:00.000Z,25.0,18.0,12.0,METAR ZGGG 102200Z 01006MPS CAVOK 25/18 Q1016 NOSIG,AviationWeather.gov METAR
2026-09-10T22:07:15.266846+00:00,ZGSZ,2026-09-10T22:00:00.000Z,26.0,20.0,12.0,METAR ZGSZ 102200Z 04006MPS CAVOK 26/20 Q1015 NOSIG,AviationWeather.gov METAR
2026-09-10T22:07:15.266849+00:00,ZHCC,2026-09-10T22:00:00.000Z,19.0,16.0,2.0,METAR ZHCC 102200Z VRB01MPS CAVOK 19/16 Q1024 NOSIG,AviationWeather.gov METAR
2026-09-10T22:07:15.266852+00:00,ZHHH,2026-09-10T22:00:00.000Z,17.0,12.0,2.0,METAR ZHHH 102200Z VRB01MPS CAVOK 17/12 Q1022 NOSIG,AviationWeather.gov METAR
2026-09-10T22:07:15.266855+00:00,ZSPD,2026-09-10T22:00:00.000Z,23.0,22.0,14.0,METAR ZSPD 102200Z 06007MPS 9999 FEW020 23/22 Q1019 NOSIG,AviationWeather.gov METAR
2026-09-10T22:07:15.266858+00:00,ZSQD,2026-09-10T22:00:00.000Z,15.0,11.0,4.0,METAR ZSQD 102200Z 25002MPS CAVOK 15/11 Q1023 NOSIG,AviationWeather.gov METAR
2026-09-10T22:07:15.266861+00:00,ZUCK,2026-09-10T22:00:00.000Z,20.0,20.0,2.0,METAR ZUCK 102200Z VRB01MPS 5000 -SHRA BR FEW004 SCT011 OVC030 20/20 Q1022 NOSIG,AviationWeather.gov METAR
2026-09-10T22:07:15.266863+00:00,ZUUU,2026-09-10T22:00:00.000Z,19.0,15.0,6.0,METAR ZUUU 102200Z 02003MPS 350V050 9999 FEW026 19/15 Q1023 NOSIG,AviationWeather.gov METAR
2026-09-10T23:47:56.996953+00:00,CYYZ,2026-09-10T23:00:00.000Z,20.0,10.0,14.0,METAR CYYZ 102300Z 32014KT 15SM FEW060 BKN230 20/10 A2994 RMK CU1CI7 CU TR SLP139 DENSITY ALT 1300FT,AviationWeather.gov METAR
2026-09-10T23:47:56.996974+00:00,EDDM,2026-09-10T23:20:00.000Z,12.0,12.0,1.0,METAR EDDM 102320Z AUTO VRB01KT 9999 -RA BKN047 12/12 Q1020 NOSIG,AviationWeather.gov METAR
2026-09-10T23:47:56.996980+00:00,EFHK,2026-09-10T23:20:00.000Z,11.0,11.0,9.0,METAR EFHK 102320Z 33009KT CAVOK 11/11 Q1004 NOSIG,AviationWeather.gov METAR
2026-09-10T23:47:56.996984+00:00,EGLC,2026-09-10T23:20:00.000Z,16.0,14.0,8.0,METAR EGLC 102320Z AUTO 22008KT 7000 -RA SCT016 BKN025 16/14 Q1015,AviationWeather.gov METAR
2026-09-10T23:47:56.996988+00:00,EHAM,2026-09-10T23:25:00.000Z,15.0,12.0,4.0,METAR EHAM 102325Z 18004KT CAVOK 15/12 Q1016 NOSIG,AviationWeather.gov METAR
2026-09-10T23:47:56.996992+00:00,EPWA,2026-09-10T23:30:00.000Z,10.0,6.0,4.0,METAR EPWA 102330Z 28004KT CAVOK 10/06 Q1020 NOSIG,AviationWeather.gov METAR
2026-09-10T23:47:56.996995+00:00,FACT,2026-09-10T23:00:00.000Z,15.0,14.0,18.0,METAR FACT 102300Z 19018KT 9999 FEW003 15/14 Q1022 NOSIG,AviationWeather.gov METAR
2026-09-10T23:47:56.997004+00:00,KATL,2026-09-10T23:00:00.000Z,31.7,19.4,7.0,METAR KATL 102252Z 18007KT 10SM FEW050 FEW100 FEW250 32/19 A2999 RMK AO2 SLP144 T03170194 $,AviationWeather.gov METAR
2026-09-10T23:47:56.997009+00:00,KAUS,2026-09-10T23:00:00.000Z,37.8,18.3,7.0,METAR KAUS 102253Z 16007KT 10SM SCT075 38/18 A2985 RMK AO2 SLP095 SHRA DSNT E T03780183,AviationWeather.gov METAR
2026-09-10T23:47:56.997013+00:00,KBKF,2026-09-10T23:00:00.000Z,31.6,-8.4,5.0,METAR KBKF 102258Z VRB05KT 10SM FEW100 FEW140 32/M08 A3004 RMK AO2A SLP087 T03161084,AviationWeather.gov METAR
2026-09-10T23:47:56.997017+00:00,KDAL,2026-09-10T23:00:00.000Z,31.7,20.0,7.0,METAR KDAL 102253Z 01007G21KT 230V050 10SM FEW065 SCT075TCU BKN095 BKN250 32/20 A2990 RMK AO2 PK WND 01027/2203 RAB46E53 TSB12E46 SLP116 OCNL LTGIC DSNT E NW TS DSIPTD CB DSNT NE-SE-S SW-NW MOV SE TCU SE-SW P0000 T03170200,AviationWeather.gov METAR
2026-09-10T23:47:56.997020+00:00,KHOU,2026-09-10T23:00:00.000Z,30.6,22.2,8.0,METAR KHOU 102253Z 13008KT 10SM SCT035 SCT100 SCT190 BKN250 31/22 A2989 RMK AO2 SLP126 T03060222,AviationWeather.gov METAR
2026-09-10T23:47:56.997024+00:00,KLAX,2026-09-10T23:00:00.000Z,29.4,20.6,11.0,METAR KLAX 102253Z 26011KT 10SM FEW120 FEW250 29/21 A2983 RMK AO2 SLP098 CB DSNT NE T02940206 $,AviationWeather.gov METAR
2026-09-10T23:47:56.997027+00:00,KLGA,2026-09-10T23:00:00.000Z,29.4,17.2,7.0,METAR KLGA 102251Z 26007KT 10SM FEW050 SCT150 SCT190 BKN250 29/17 A2982 RMK AO2 SLP096 T02940172,AviationWeather.gov METAR
2026-09-10T23:47:56.997031+00:00,KMIA,2026-09-10T23:00:00.000Z,29.4,24.4,3.0,METAR KMIA 102253Z 20003KT 10SM FEW025 BKN170 OVC250 29/24 A3001 RMK AO2 RAB2158E07 SLP162 CB DSNT E MOV W P0000 T02940244,AviationWeather.gov METAR
2026-09-10T23:47:56.997034+00:00,KORD,2026-09-10T23:00:00.000Z,23.9,10.6,7.0,METAR KORD 102251Z 09007KT 10SM FEW050 SCT250 24/11 A3000 RMK AO2 SLP154 T02390106,AviationWeather.gov METAR
2026-09-10T23:47:56.997037+00:00,KSEA,2026-09-10T23:00:00.000Z,20.0,11.1,7.0,METAR KSEA 102253Z 25007KT 10SM SCT036 OVC050 20/11 A2999 RMK AO2 SLP161 T02000111 $,AviationWeather.gov METAR
2026-09-10T23:47:56.997040+00:00,KSFO,2026-09-10T23:00:00.000Z,25.0,14.4,16.0,METAR KSFO 102256Z 32016KT 10SM FEW005 BKN200 25/14 A2991 RMK AO2 SLP129 T02500144,AviationWeather.gov METAR
2026-09-10T23:47:56.997043+00:00,LEMD,2026-09-10T23:30:00.000Z,16.0,2.0,3.0,METAR LEMD 102330Z 02003KT 350V060 CAVOK 16/02 Q1019 NOSIG,AviationWeather.gov METAR
2026-09-10T23:47:56.997047+00:00,LFPB,2026-09-10T23:30:00.000Z,13.0,8.0,2.0,METAR LFPB 102330Z AUTO VRB02KT CAVOK 13/08 Q1019 NOSIG,AviationWeather.gov METAR
2026-09-10T23:47:56.997050+00:00,LIMC,2026-09-10T23:20:00.000Z,19.0,16.0,4.0,METAR LIMC 102320Z 06004KT 9999 BKN037 19/16 Q1015 NOSIG,AviationWeather.gov METAR
2026-09-10T23:47:56.997053+00:00,LTAC,2026-09-10T23:20:00.000Z,15.0,3.0,3.0,METAR LTAC 102320Z VRB03KT CAVOK 15/03 Q1019 NOSIG,AviationWeather.gov METAR
2026-09-10T23:47:56.997056+00:00,MMMX,2026-09-10T23:03:00.000Z,19.0,13.0,10.0,SPECI MMMX 102303Z 33010KT 7SM TS BKN020CB OVC080 19/13 A3028 TEMPO 4SM TSRA RMK 8/96/ HZY PCPN OCNL LTGICCG S SW,AviationWeather.gov METAR
2026-09-10T23:47:56.997059+00:00,MPMG,2026-09-10T23:00:00.000Z,28.0,26.0,7.0,METAR MPMG 102300Z 31007KT 9999 FEW018 SCT080 28/26 Q1008 NOSIG,AviationWeather.gov METAR
2026-09-10T23:47:56.997062+00:00,NZWN,2026-09-10T23:30:00.000Z,13.0,6.0,18.0,METAR NZWN 102330Z AUTO 34018G31KT 9999 NCD 13/06 Q1004,AviationWeather.gov METAR
2026-09-10T23:47:56.997065+00:00,OEJN,2026-09-10T23:00:00.000Z,31.0,27.0,4.0,METAR OEJN 102300Z 22004KT 9999 SCT040 31/27 Q1006 NOSIG,AviationWeather.gov METAR
2026-09-10T23:47:56.997069+00:00,OPKC,2026-09-10T23:30:00.000Z,26.0,22.0,4.0,METAR OPKC 102330Z 24004KT 4000 HZ SCT020 26/22 Q1008 NOSIG,AviationWeather.gov METAR
2026-09-10T23:47:56.997072+00:00,RJTT,2026-09-10T23:30:00.000Z,19.0,18.0,7.0,METAR RJTT 102330Z 03007KT 8000 RA FEW005 BKN025 19/18 Q1020 TEMPO 3000 SHRA BR FEW003 BKN005,AviationWeather.gov METAR
2026-09-10T23:47:56.997075+00:00,RKPK,2026-09-10T23:00:00.000Z,21.0,16.0,5.0,METAR RKPK 102300Z 31005KT CAVOK 21/16 Q1020,AviationWeather.gov METAR
2026-09-10T23:47:56.997078+00:00,RKSI,2026-09-10T23:30:00.000Z,19.0,13.0,6.0,METAR RKSI 102330Z 03006KT CAVOK 19/13 Q1022 NOSIG,AviationWeather.gov METAR
2026-09-10T23:47:56.997081+00:00,RPLL,2026-09-10T23:00:00.000Z,27.0,24.0,2.0,METAR RPLL 102300Z VRB02KT 9999 FEW025 BKN100 27/24 Q1012 NOSIG RMK A2988,AviationWeather.gov METAR
2026-09-10T23:47:56.997084+00:00,SAEZ,2026-09-10T23:00:00.000Z,14.0,7.0,6.0,METAR SAEZ 102300Z 08006KT CAVOK 14/07 Q1013 NOSIG,AviationWeather.gov METAR
2026-09-10T23:47:56.997087+00:00,SBGR,2026-09-10T23:00:00.000Z,17.0,16.0,8.0,METAR SBGR 102300Z 06008KT CAVOK 17/16 Q1017,AviationWeather.gov METAR
2026-09-10T23:47:56.997091+00:00,VILK,2026-09-10T23:30:00.000Z,27.0,26.0,4.0,METAR VILK 102330Z 05004KT 4000 BR SCT020 FEW030CB BKN100 27/26 Q1006 NOSIG,AviationWeather.gov METAR
2026-09-10T23:47:56.997094+00:00,WMKK,2026-09-10T23:30:00.000Z,26.0,25.0,4.0,METAR WMKK 102330Z 12004KT 060V190 7000 -TSRA FEW008 FEW017CB SCT030 26/25 Q1009 NOSIG,AviationWeather.gov METAR
2026-09-10T23:47:56.997098+00:00,WSSS,2026-09-10T23:30:00.000Z,29.0,25.0,8.0,METAR WSSS 102330Z 12008KT 7000 SCT016 BKN300 29/25 Q1010 NOSIG,AviationWeather.gov METAR
2026-09-10T23:47:56.997101+00:00,ZBAA,2026-09-10T23:30:00.000Z,19.0,13.0,4.0,METAR ZBAA 102330Z 36002MPS CAVOK 19/13 Q1022 NOSIG,AviationWeather.gov METAR
2026-09-10T23:47:56.997104+00:00,ZGGG,2026-09-10T23:30:00.000Z,26.0,18.0,12.0,METAR ZGGG 102330Z 01006MPS CAVOK 26/18 Q1016 NOSIG,AviationWeather.gov METAR
2026-09-10T23:47:56.997107+00:00,ZGSZ,2026-09-10T23:00:00.000Z,26.0,20.0,12.0,METAR ZGSZ 102300Z 03006MPS CAVOK 26/20 Q1015 NOSIG,AviationWeather.gov METAR
2026-09-10T23:47:56.997110+00:00,ZHCC,2026-09-10T23:00:00.000Z,19.0,16.0,2.0,METAR ZHCC 102300Z 27001MPS CAVOK 19/16 Q1024 NOSIG,AviationWeather.gov METAR
2026-09-10T23:47:56.997114+00:00,ZHHH,2026-09-10T23:00:00.000Z,18.0,12.0,2.0,METAR ZHHH 102300Z VRB01MPS CAVOK 18/12 Q1022 NOSIG,AviationWeather.gov METAR
2026-09-10T23:47:56.997117+00:00,ZSPD,2026-09-10T23:30:00.000Z,23.0,22.0,12.0,METAR ZSPD 102330Z 04006MPS 4000 -SHRA SCT007 OVC033 23/22 Q1020 NOSIG,AviationWeather.gov METAR
2026-09-10T23:47:56.997120+00:00,ZSQD,2026-09-10T23:00:00.000Z,17.0,11.0,4.0,METAR ZSQD 102300Z 28002MPS 260V320 CAVOK 17/11 Q1023 NOSIG,AviationWeather.gov METAR
2026-09-10T23:47:56.997123+00:00,ZUCK,2026-09-10T23:00:00.000Z,20.0,20.0,4.0,METAR ZUCK 102300Z 18002MPS 5000 -SHRA BR FEW004 SCT011 OVC030 20/20 Q1023 NOSIG,AviationWeather.gov METAR
2026-09-10T23:47:56.997126+00:00,ZUUU,2026-09-10T23:00:00.000Z,19.0,15.0,6.0,METAR ZUUU 102300Z 03003MPS 360V060 9999 FEW026 SCT050 19/15 Q1024 NOSIG,AviationWeather.gov METAR
2026-09-11T03:27:26.928703+00:00,CYYZ,2026-09-11T03:00:00.000Z,18.0,11.0,8.0,METAR CYYZ 110300Z 30008KT 15SM SCT240 18/11 A2998 RMK CI4 SLP152 DENSITY ALT 1000FT,AviationWeather.gov METAR
2026-09-11T03:27:26.928733+00:00,EDDM,2026-09-11T03:20:00.000Z,11.0,9.0,1.0,METAR EDDM 110320Z AUTO VRB01KT CAVOK 11/09 Q1020 NOSIG,AviationWeather.gov METAR
2026-09-11T03:27:26.928743+00:00,EFHK,2026-09-11T03:20:00.000Z,9.0,8.0,8.0,METAR EFHK 110320Z 30008KT CAVOK 09/08 Q1006 NOSIG,AviationWeather.gov METAR
2026-09-11T03:27:26.928749+00:00,EGLC,2026-09-11T03:20:00.000Z,17.0,16.0,6.0,METAR EGLC 110320Z AUTO 23006KT 190V250 9999 SCT009 BKN012 BKN019 17/16 Q1015,AviationWeather.gov METAR
2026-09-11T03:27:26.928753+00:00,EHAM,2026-09-11T03:00:00.000Z,15.0,12.0,8.0,METAR EHAM 110255Z 18008KT 9999 FEW040 SCT045 15/12 Q1016 NOSIG,AviationWeather.gov METAR
2026-09-11T03:27:26.928758+00:00,EPWA,2026-09-11T03:00:00.000Z,9.0,7.0,4.0,METAR EPWA 110300Z 28004KT CAVOK 09/07 Q1020 NOSIG,AviationWeather.gov METAR
2026-09-11T03:27:26.928762+00:00,FACT,2026-09-11T03:00:00.000Z,15.0,13.0,18.0,METAR FACT 110300Z 19018KT CAVOK 15/13 Q1020 NOSIG,AviationWeather.gov METAR
2026-09-11T03:27:26.928770+00:00,KATL,2026-09-11T03:00:00.000Z,26.7,21.1,3.0,METAR KATL 110252Z 23003KT 10SM FEW250 27/21 A3003 RMK AO2 SLP158 T02670211 51015 $,AviationWeather.gov METAR
2026-09-11T03:27:26.928776+00:00,KAUS,2026-09-11T03:00:00.000Z,29.4,21.7,10.0,METAR KAUS 110253Z 15010KT 10SM FEW150 29/22 A2993 RMK AO2 SLP123 T02940217 53024,AviationWeather.gov METAR
2026-09-11T03:27:26.928781+00:00,KBKF,2026-09-11T03:00:00.000Z,24.0,9.9,17.0,METAR KBKF 110258Z 17017KT 10SM FEW220 24/10 A3005 RMK AO2A SLP095 T02400099 53005,AviationWeather.gov METAR
2026-09-11T03:27:26.928785+00:00,KDAL,2026-09-11T03:00:00.000Z,30.0,20.6,6.0,METAR KDAL 110253Z 12006KT 10SM SCT180 BKN250 30/21 A2990 RMK AO2 SLP116 T03000206 55002,AviationWeather.gov METAR
2026-09-11T03:27:26.928789+00:00,KHOU,2026-09-11T03:00:00.000Z,27.2,23.9,5.0,METAR KHOU 110253Z 19005KT 10SM BKN250 27/24 A2994 RMK AO2 SLP141 T02720239 51011,AviationWeather.gov METAR
2026-09-11T03:27:26.928794+00:00,KLAX,2026-09-11T03:00:00.000Z,26.1,21.7,5.0,METAR KLAX 110253Z 27005KT 10SM CLR 26/22 A2983 RMK AO2 SLP099 T02610217 53002 $,AviationWeather.gov METAR
2026-09-11T03:27:26.928798+00:00,KLGA,2026-09-11T03:00:00.000Z,27.2,17.8,8.0,METAR KLGA 110251Z 28008KT 10SM SCT070 SCT180 BKN250 27/18 A2986 RMK AO2 SLP111 T02720178 51009,AviationWeather.gov METAR
2026-09-11T03:27:26.928802+00:00,KMIA,2026-09-11T03:00:00.000Z,27.8,24.4,0.0,METAR KMIA 110253Z 00000KT 10SM FEW025 BKN140 BKN250 28/24 A3003 RMK AO2 SLP169 T02780244 50009,AviationWeather.gov METAR
2026-09-11T03:27:26.928806+00:00,KORD,2026-09-11T03:00:00.000Z,19.4,12.8,4.0,METAR KORD 110251Z 14004KT 10SM CLR 19/13 A3002 RMK AO2 SLP163 T01940128 53007,AviationWeather.gov METAR
2026-09-11T03:27:26.928810+00:00,KSEA,2026-09-11T03:00:00.000Z,18.9,12.2,0.0,METAR KSEA 110253Z 00000KT 10SM BKN055 BKN200 19/12 A2996 RMK AO2 SLP149 T01890122 58007 $,AviationWeather.gov METAR
2026-09-11T03:27:26.928815+00:00,KSFO,2026-09-11T03:00:00.000Z,16.7,14.4,12.0,METAR KSFO 110256Z 32012KT 10SM FEW003 BKN200 17/14 A2992 RMK AO2 SLP131 T01670144 53005,AviationWeather.gov METAR
2026-09-11T03:27:26.928819+00:00,LEMD,2026-09-11T03:00:00.000Z,12.0,-1.0,1.0,METAR LEMD 110300Z VRB01KT CAVOK 12/M01 Q1019 NOSIG,AviationWeather.gov METAR
2026-09-11T03:27:26.928823+00:00,LFPB,2026-09-11T03:00:00.000Z,14.0,9.0,2.0,METAR LFPB 110300Z AUTO 05002KT CAVOK 14/09 Q1019 NOSIG,AviationWeather.gov METAR
2026-09-11T03:27:26.928827+00:00,LIMC,2026-09-11T03:00:00.000Z,17.0,16.0,2.0,METAR LIMC 110250Z VRB02KT 9999 SCT014 17/16 Q1015 NOSIG,AviationWeather.gov METAR
2026-09-11T03:27:26.928832+00:00,LTAC,2026-09-11T03:20:00.000Z,12.0,3.0,0.0,METAR LTAC 110320Z 00000KT CAVOK 12/03 Q1019 NOSIG,AviationWeather.gov METAR
2026-09-11T03:27:26.928839+00:00,MMMX,2026-09-11T02:50:00.000Z,17.0,13.0,7.0,SPECI MMMX 110250Z 24007KT 8SM -RA SCT020 BKN080 BKN220 17/13 A3036 NOSIG RMK 8/463 HZY DSNT LTGICCG SE AND W RAB50,AviationWeather.gov METAR
2026-09-11T03:27:26.928843+00:00,MPMG,2026-09-11T03:00:00.000Z,28.0,25.0,5.0,METAR MPMG 110300Z 31005KT 9999 SCT016CB 28/25 Q1010 TEMPO TS,AviationWeather.gov METAR
2026-09-11T03:27:26.928847+00:00,NZWN,2026-09-11T03:00:00.000Z,14.0,6.0,20.0,METAR NZWN 110300Z AUTO 36020KT 9999 NCD 14/06 Q1002,AviationWeather.gov METAR
2026-09-11T03:27:26.928851+00:00,OEJN,2026-09-11T03:00:00.000Z,31.0,28.0,7.0,METAR OEJN 110300Z 19007KT 9999 FEW040 31/28 Q1007 NOSIG,AviationWeather.gov METAR
2026-09-11T03:27:26.928855+00:00,OPKC,2026-09-11T03:00:00.000Z,27.0,23.0,4.0,METAR OPKC 110300Z 23004KT 4000 FU FEW020 27/23 Q1009 NOSIG,AviationWeather.gov METAR
2026-09-11T03:27:26.928859+00:00,RJTT,2026-09-11T03:00:00.000Z,20.0,19.0,5.0,METAR RJTT 110300Z 01005KT 340V040 6000 -SHRA FEW005 SCT008 BKN015 20/19 Q1019 TEMPO 4000 -SHRA BR FEW004 BKN008 BKN015,AviationWeather.gov METAR
2026-09-11T03:27:26.928862+00:00,RKPK,2026-09-11T03:00:00.000Z,27.0,17.0,6.0,METAR RKPK 110300Z 04006KT 9999 FEW040 SCT250 27/17 Q1019,AviationWeather.gov METAR
2026-09-11T03:27:26.928865+00:00,RKSI,2026-09-11T03:00:00.000Z,23.0,15.0,3.0,METAR RKSI 110300Z 31003KT CAVOK 23/15 Q1022 NOSIG,AviationWeather.gov METAR
2026-09-11T03:27:26.928868+00:00,RPLL,2026-09-11T03:00:00.000Z,30.0,24.0,7.0,METAR RPLL 110300Z 28007KT 250V310 9999 FEW025 BKN100 30/24 Q1012 NOSIG RMK A2988,AviationWeather.gov METAR
2026-09-11T03:27:26.928872+00:00,SAEZ,2026-09-11T03:00:00.000Z,12.0,9.0,5.0,METAR SAEZ 110300Z 08005KT CAVOK 12/09 Q1013 NOSIG,AviationWeather.gov METAR
2026-09-11T03:27:26.928875+00:00,SBGR,2026-09-11T03:00:00.000Z,16.0,16.0,6.0,METAR SBGR 110300Z 07006KT 9999 BKN006 16/16 Q1018,AviationWeather.gov METAR
2026-09-11T03:27:26.928878+00:00,VILK,2026-09-11T03:00:00.000Z,28.0,26.0,8.0,METAR VILK 110300Z 07008KT 3000 BR SCT012 SCT020 FEW030CB BKN100 28/26 Q1010 NOSIG,AviationWeather.gov METAR
2026-09-11T03:27:26.928881+00:00,WMKK,2026-09-11T03:00:00.000Z,29.0,25.0,2.0,METAR WMKK 110300Z VRB02KT 9000 FEW017CB 29/25 Q1011 NOSIG,AviationWeather.gov METAR
2026-09-11T03:27:26.928885+00:00,WSSS,2026-09-11T03:00:00.000Z,31.0,25.0,8.0,METAR WSSS 110300Z 12008KT 8000 SCT018 BKN300 31/25 Q1012 NOSIG,AviationWeather.gov METAR
2026-09-11T03:27:26.928888+00:00,ZBAA,2026-09-11T03:00:00.000Z,28.0,10.0,4.0,METAR ZBAA 110300Z 32002MPS 270V010 CAVOK 28/10 Q1022 NOSIG,AviationWeather.gov METAR
2026-09-11T03:27:26.928891+00:00,ZGGG,2026-09-11T03:00:00.000Z,30.0,19.0,12.0,METAR ZGGG 110300Z 01006MPS CAVOK 30/19 Q1017 NOSIG,AviationWeather.gov METAR
2026-09-11T03:27:26.928894+00:00,ZGSZ,2026-09-11T03:00:00.000Z,30.0,21.0,10.0,METAR ZGSZ 110300Z 01005MPS 340V040 CAVOK 30/21 Q1016 NOSIG,AviationWeather.gov METAR
2026-09-11T03:27:26.928898+00:00,ZHCC,2026-09-11T03:00:00.000Z,24.0,16.0,2.0,METAR ZHCC 110300Z VRB01MPS 9999 -RA NSC 24/16 Q1025 NOSIG,AviationWeather.gov METAR
2026-09-11T03:27:26.928901+00:00,ZHHH,2026-09-11T03:00:00.000Z,26.0,12.0,4.0,METAR ZHHH 110300Z VRB02MPS CAVOK 26/12 Q1023 NOSIG,AviationWeather.gov METAR
2026-09-11T03:27:26.928906+00:00,ZSPD,2026-09-11T03:00:00.000Z,24.0,22.0,10.0,METAR ZSPD 110300Z 33005MPS 9999 FEW011 24/22 Q1021 NOSIG,AviationWeather.gov METAR
2026-09-11T03:27:26.928909+00:00,ZSQD,2026-09-11T03:00:00.000Z,26.0,5.0,4.0,METAR ZSQD 110300Z VRB02MPS CAVOK 26/05 Q1024 NOSIG,AviationWeather.gov METAR
2026-09-11T03:27:26.928912+00:00,ZUCK,2026-09-11T03:00:00.000Z,21.0,20.0,6.0,METAR ZUCK 110300Z 23003MPS 8000 FEW008 SCT020 OVC040 21/20 Q1024 NOSIG,AviationWeather.gov METAR
2026-09-11T03:27:26.928916+00:00,ZUUU,2026-09-11T03:00:00.000Z,21.0,15.0,10.0,METAR ZUUU 110300Z 03005MPS 9999 SCT033 21/15 Q1025 NOSIG,AviationWeather.gov METAR
2026-09-11T08:15:49.169747+00:00,CYYZ,2026-09-11T08:00:00.000Z,13.0,11.0,6.0,METAR CYYZ 110800Z 28006KT 15SM SKC 13/11 A3000 RMK SLP162,AviationWeather.gov METAR
2026-09-11T08:15:49.169764+00:00,EDDM,2026-09-11T08:00:00.000Z,14.0,11.0,4.0,METAR EDDM 110750Z AUTO 18004KT 150V210 CAVOK 14/11 Q1021 BECMG 24005KT,AviationWeather.gov METAR
2026-09-11T08:15:49.169769+00:00,EFHK,2026-09-11T08:00:00.000Z,13.0,8.0,13.0,METAR EFHK 110750Z 30013KT CAVOK 13/08 Q1009 NOSIG,AviationWeather.gov METAR
2026-09-11T08:15:49.169772+00:00,EGLC,2026-09-11T08:00:00.000Z,18.0,14.0,8.0,METAR EGLC 110750Z AUTO 25008KT 9999 FEW015 18/14 Q1018,AviationWeather.gov METAR
2026-09-11T08:15:49.169775+00:00,EHAM,2026-09-11T08:00:00.000Z,15.0,14.0,11.0,METAR EHAM 110755Z 20011KT 170V230 3500 -RADZ FEW007 SCT010 BKN012 15/14 Q1017 TEMPO 6000 BKN008,AviationWeather.gov METAR
2026-09-11T08:15:49.169777+00:00,EPWA,2026-09-11T08:00:00.000Z,15.0,9.0,2.0,METAR EPWA 110800Z VRB02KT CAVOK 15/09 Q1022 NOSIG,AviationWeather.gov METAR
2026-09-11T08:15:49.169780+00:00,FACT,2026-09-11T08:00:00.000Z,21.0,12.0,8.0,METAR FACT 110800Z 16008KT 120V180 9999 FEW025 21/12 Q1019 NOSIG,AviationWeather.gov METAR
2026-09-11T08:15:49.169785+00:00,KATL,2026-09-11T08:00:00.000Z,23.9,21.7,4.0,METAR KATL 110752Z 28004KT 10SM FEW050 FEW250 24/22 A2999 RMK AO2 SLP145 T02390217 $,AviationWeather.gov METAR
2026-09-11T08:15:49.169789+00:00,KAUS,2026-09-11T08:07:00.000Z,26.7,24.4,4.0,SPECI KAUS 110807Z 18004KT 10SM BKN015 27/24 A2992 RMK AO2 T02670244,AviationWeather.gov METAR
2026-09-11T08:15:49.169792+00:00,KBKF,2026-09-11T07:00:00.000Z,20.8,13.2,15.0,METAR KBKF 110658Z 19015KT 10SM FEW150 SCT220 21/13 A3005 RMK AO2A SLP083 T02080132 403160109,AviationWeather.gov METAR
2026-09-11T08:15:49.169794+00:00,KDAL,2026-09-11T08:00:00.000Z,28.3,20.6,4.0,METAR KDAL 110753Z COR 16004KT 10SM FEW110 FEW180 BKN250 28/21 A2990 RMK AO2 SLP118 T02830206,AviationWeather.gov METAR
2026-09-11T08:15:49.169797+00:00,KHOU,2026-09-11T08:00:00.000Z,25.6,23.9,5.0,METAR KHOU 110753Z 21005KT 10SM CLR 26/24 A2991 RMK AO2 SLP134 T02560239,AviationWeather.gov METAR
2026-09-11T08:15:49.169799+00:00,KLAX,2026-09-11T08:00:00.000Z,23.9,21.1,5.0,METAR KLAX 110753Z 08005KT 10SM FEW011 FEW200 24/21 A2987 RMK AO2 SLP112 T02390211 403330239 $,AviationWeather.gov METAR
2026-09-11T08:15:49.169802+00:00,KLGA,2026-09-11T08:00:00.000Z,23.9,15.0,9.0,METAR KLGA 110751Z 33009KT 10SM FEW080 SCT200 SCT250 24/15 A2991 RMK AO2 SLP127 T02390150,AviationWeather.gov METAR
2026-09-11T08:15:49.169805+00:00,KMIA,2026-09-11T08:00:00.000Z,26.7,24.4,0.0,METAR KMIA 110753Z 00000KT 10SM FEW023 SCT250 27/24 A2999 RMK AO2 SLP155 T02670244 $,AviationWeather.gov METAR
2026-09-11T08:15:49.169807+00:00,KORD,2026-09-11T08:00:00.000Z,16.7,14.4,0.0,METAR KORD 110751Z 00000KT 10SM FEW050 17/14 A3003 RMK AO2 SLP165 T01670144 $,AviationWeather.gov METAR
2026-09-11T08:15:49.169810+00:00,KSEA,2026-09-11T08:00:00.000Z,13.3,10.0,5.0,METAR KSEA 110753Z 23005KT 10SM SCT050 13/10 A2999 RMK AO2 SLP162 T01330100 402170133 $,AviationWeather.gov METAR
2026-09-11T08:15:49.169812+00:00,KSFO,2026-09-11T08:00:00.000Z,15.6,14.4,8.0,METAR KSFO 110756Z 29008KT 10SM FEW004 FEW200 16/14 A2995 RMK AO2 SLP142 T01560144 402940156 $,AviationWeather.gov METAR
2026-09-11T08:15:49.169815+00:00,LEMD,2026-09-11T08:00:00.000Z,17.0,0.0,4.0,METAR LEMD 110800Z 34004KT 300V010 CAVOK 17/M00 Q1022 NOSIG,AviationWeather.gov METAR
2026-09-11T08:15:49.169817+00:00,LFPB,2026-09-11T08:00:00.000Z,19.0,8.0,5.0,METAR LFPB 110800Z AUTO 22005KT 180V240 CAVOK 19/08 Q1021 NOSIG,AviationWeather.gov METAR
2026-09-11T08:15:49.169819+00:00,LIMC,2026-09-11T08:00:00.000Z,19.0,16.0,4.0,METAR LIMC 110750Z 26004KT 200V310 9999 SCT010 19/16 Q1016 NOSIG,AviationWeather.gov METAR
2026-09-11T08:15:49.169822+00:00,LTAC,2026-09-11T08:00:00.000Z,26.0,5.0,3.0,METAR LTAC 110750Z VRB03KT CAVOK 26/05 Q1020 NOSIG,AviationWeather.gov METAR
2026-09-11T08:15:49.169824+00:00,MMMX,2026-09-11T08:13:00.000Z,17.0,13.0,8.0,SPECI MMMX 110813Z 29008KT 7SM -TSRA BKN025CB OVC080 17/13 A3037 NOSIG RMK 8/96/ RAB10 OCNL LTGICCG SE S SW W LWR SC HZY,AviationWeather.gov METAR
2026-09-11T08:15:49.169826+00:00,MPMG,2026-09-11T08:00:00.000Z,27.0,25.0,5.0,METAR MPMG 110800Z AUTO 33005KT 290V350 //// R01///// // FEW014/// BKN160/// 27/25 Q1008,AviationWeather.gov METAR
2026-09-11T08:15:49.169829+00:00,NZWN,2026-09-11T08:00:00.000Z,12.0,8.0,9.0,METAR NZWN 110800Z AUTO 02009KT 9999 NCD 12/08 Q1000,AviationWeather.gov METAR
2026-09-11T08:15:49.169831+00:00,OEJN,2026-09-11T08:00:00.000Z,36.0,25.0,5.0,METAR OEJN 110800Z 18005KT CAVOK 36/25 Q1008 NOSIG,AviationWeather.gov METAR
2026-09-11T08:15:49.169833+00:00,OPKC,2026-09-11T08:00:00.000Z,33.0,20.0,9.0,METAR OPKC 110800Z 22009KT 5000 HZ FEW030 33/20 Q1009 NOSIG,AviationWeather.gov METAR
2026-09-11T08:15:49.169836+00:00,RJTT,2026-09-11T08:00:00.000Z,21.0,19.0,5.0,METAR RJTT 110800Z 05005KT 020V080 9999 FEW008 SCT012 BKN022 21/19 Q1019 NOSIG,AviationWeather.gov METAR
2026-09-11T08:15:49.169838+00:00,RKPK,2026-09-11T08:00:00.000Z,27.0,18.0,8.0,METAR RKPK 110800Z 08008KT 9999 FEW040 FEW250 27/18 Q1018,AviationWeather.gov METAR
2026-09-11T08:15:49.169841+00:00,RKSI,2026-09-11T08:00:00.000Z,24.0,16.0,8.0,METAR RKSI 110800Z 29008KT 260V320 CAVOK 24/16 Q1021 NOSIG,AviationWeather.gov METAR
2026-09-11T08:15:49.169843+00:00,RPLL,2026-09-11T08:00:00.000Z,29.0,24.0,6.0,METAR RPLL 110800Z 27006KT 9000 -RA SCT023 OVC100 29/24 Q1010 NOSIG RMK A2983,AviationWeather.gov METAR
2026-09-11T08:15:49.169845+00:00,SAEZ,2026-09-11T08:00:00.000Z,10.0,9.0,3.0,METAR SAEZ 110800Z 21003KT 9000 NSC 10/09 Q1013 NOSIG,AviationWeather.gov METAR
2026-09-11T08:15:49.169847+00:00,SBGR,2026-09-11T08:00:00.000Z,16.0,16.0,3.0,METAR SBGR 110800Z 20003KT 9999 BKN006 OVC080 16/16 Q1016 RERA,AviationWeather.gov METAR
2026-09-11T08:15:49.169850+00:00,VILK,2026-09-11T08:00:00.000Z,30.0,27.0,12.0,METAR VILK 110800Z 11012KT 4000 BR SCT020 BKN100 30/27 Q1008 NOSIG,AviationWeather.gov METAR
2026-09-11T08:15:49.169852+00:00,WMKK,2026-09-11T08:00:00.000Z,26.0,25.0,4.0,METAR WMKK 110800Z 13004KT 060V230 8000 -RA FEW008 FEW017CB SCT030 26/25 Q1008 RERA NOSIG,AviationWeather.gov METAR
2026-09-11T08:15:49.169854+00:00,WSSS,2026-09-11T08:00:00.000Z,27.0,25.0,5.0,METAR WSSS 110800Z 24005KT 200V280 4500 -TSRA FEW017CB FEW018TCU SCT070 27/25 Q1009 BECMG TL0815 6000 NSW,AviationWeather.gov METAR
2026-09-11T08:15:49.169856+00:00,ZBAA,2026-09-11T08:00:00.000Z,31.0,7.0,6.0,METAR ZBAA 110800Z 16003MPS 120V200 CAVOK 31/07 Q1018 NOSIG,AviationWeather.gov METAR
2026-09-11T08:15:49.169859+00:00,ZGGG,2026-09-11T08:00:00.000Z,32.0,20.0,10.0,METAR ZGGG 110800Z 03005MPS 350V050 9999 FEW050 32/20 Q1013 NOSIG,AviationWeather.gov METAR
2026-09-11T08:15:49.169861+00:00,ZGSZ,2026-09-11T08:00:00.000Z,33.0,21.0,10.0,METAR ZGSZ 110800Z 02005MPS 340V050 9999 FEW033 33/21 Q1013 NOSIG,AviationWeather.gov METAR
2026-09-11T08:15:49.169863+00:00,ZHCC,2026-09-11T08:00:00.000Z,25.0,10.0,2.0,METAR ZHCC 110800Z VRB01MPS CAVOK 25/10 Q1022 NOSIG,AviationWeather.gov METAR
2026-09-11T08:15:49.169866+00:00,ZHHH,2026-09-11T08:00:00.000Z,28.0,13.0,4.0,METAR ZHHH 110800Z 24002MPS 210V280 CAVOK 28/13 Q1019 NOSIG,AviationWeather.gov METAR
2026-09-11T08:15:49.169868+00:00,ZSPD,2026-09-11T08:00:00.000Z,26.0,19.0,14.0,METAR ZSPD 110800Z 03007MPS 010V070 9999 FEW026 26/19 Q1020 NOSIG,AviationWeather.gov METAR
2026-09-11T08:15:49.169870+00:00,ZSQD,2026-09-11T08:00:00.000Z,28.0,6.0,4.0,METAR ZSQD 110800Z 13002MPS 080V160 CAVOK 28/06 Q1021 NOSIG,AviationWeather.gov METAR
2026-09-11T08:15:49.169872+00:00,ZUCK,2026-09-11T08:00:00.000Z,23.0,19.0,6.0,METAR ZUCK 110800Z 30003MPS 9999 SCT020 OVC050 23/19 Q1021 NOSIG,AviationWeather.gov METAR
2026-09-11T08:15:49.169875+00:00,ZUUU,2026-09-11T08:00:00.000Z,23.0,14.0,8.0,METAR ZUUU 110800Z 07004MPS 040V100 9999 SCT033 23/14 Q1021 NOSIG,AviationWeather.gov METAR
2026-09-11T12:56:48.934285+00:00,CYYZ,2026-09-11T12:00:00.000Z,15.0,11.0,5.0,METAR CYYZ 111200Z 30005KT 15SM FEW250 15/11 A3005 RMK CI1 CI TR SLP177,AviationWeather.gov METAR
2026-09-11T12:56:48.934307+00:00,EDDM,2026-09-11T13:00:00.000Z,19.0,9.0,4.0,METAR EDDM 111250Z AUTO 18004KT 120V240 9999 FEW043 19/09 Q1022 BECMG 28005KT,AviationWeather.gov METAR
2026-09-11T12:56:48.934314+00:00,EFHK,2026-09-11T13:00:00.000Z,17.0,7.0,14.0,METAR EFHK 111250Z 28014KT 9999 FEW049 17/07 Q1011 NOSIG,AviationWeather.gov METAR
2026-09-11T12:56:48.934319+00:00,EGLC,2026-09-11T13:00:00.000Z,20.0,11.0,7.0,METAR EGLC 111250Z AUTO 29007KT 260V360 9999 SCT039 20/11 Q1020,AviationWeather.gov METAR
2026-09-11T12:56:48.934323+00:00,EHAM,2026-09-11T12:25:00.000Z,19.0,17.0,11.0,METAR EHAM 111225Z 20011KT 9999 -SHRA FEW012 SCT018 FEW020TCU 19/17 Q1018 NOSIG,AviationWeather.gov METAR
2026-09-11T12:56:48.934328+00:00,EPWA,2026-09-11T12:30:00.000Z,17.0,8.0,2.0,METAR EPWA 111230Z VRB02KT 9999 FEW046 17/08 Q1021 NOSIG,AviationWeather.gov METAR
2026-09-11T12:56:48.934332+00:00,FACT,2026-09-11T12:00:00.000Z,23.0,12.0,22.0,METAR FACT 111200Z 18022KT CAVOK 23/12 Q1017 NOSIG,AviationWeather.gov METAR
2026-09-11T12:56:48.934339+00:00,KATL,2026-09-11T13:00:00.000Z,25.6,22.2,0.0,METAR KATL 111252Z 00000KT 10SM FEW075 SCT250 26/22 A3004 RMK AO2 SLP159 ACC DSNT SE-S SW T02560222,AviationWeather.gov METAR
2026-09-11T12:56:48.934345+00:00,KAUS,2026-09-11T12:00:00.000Z,25.0,24.4,4.0,METAR KAUS 111153Z 18004KT 10SM FEW010 FEW200 FEW300 25/24 A2991 RMK AO2 SLP116 T02500244 10272 20250 55002,AviationWeather.gov METAR
2026-09-11T12:56:48.934350+00:00,KBKF,2026-09-11T12:00:00.000Z,18.1,7.8,9.0,METAR KBKF 111158Z 20009KT 10SM FEW220 18/08 A2999 RMK AO2A SLP066 T01810078 10217 20168 57008,AviationWeather.gov METAR
2026-09-11T12:56:48.934354+00:00,KDAL,2026-09-11T12:00:00.000Z,27.2,21.7,6.0,METAR KDAL 111153Z 17006KT 10SM FEW100 BKN200 BKN250 27/22 A2990 RMK AO2 SLP116 T02720217 10289 20272 55001,AviationWeather.gov METAR
2026-09-11T12:56:48.934357+00:00,KHOU,2026-09-11T12:45:00.000Z,26.7,24.4,3.0,SPECI KHOU 111245Z 10003KT 10SM BKN027 BKN250 27/24 A2992 RMK AO2 T02670244,AviationWeather.gov METAR
2026-09-11T12:56:48.934361+00:00,KLAX,2026-09-11T13:00:00.000Z,22.8,20.6,4.0,METAR KLAX 111253Z 08004KT 10SM FEW010 FEW160 SCT250 23/21 A2985 RMK AO2 SLP106 T02280206 $,AviationWeather.gov METAR
2026-09-11T12:56:48.934364+00:00,KLGA,2026-09-11T13:00:00.000Z,22.2,11.1,10.0,METAR KLGA 111251Z 32010KT 10SM FEW065 BKN150 BKN250 22/11 A2998 RMK AO2 SLP153 T02220111,AviationWeather.gov METAR
2026-09-11T12:56:48.934367+00:00,KMIA,2026-09-11T12:00:00.000Z,26.7,23.9,3.0,METAR KMIA 111153Z VRB03KT 10SM FEW024 FEW045 SCT120 BKN260 27/24 A3000 RMK AO2 TSE20 SLP158 CB DSNT NE MOV N 60000 70067 T02670239 10283 20261 52004 $,AviationWeather.gov METAR
2026-09-11T12:56:48.934371+00:00,KORD,2026-09-11T13:00:00.000Z,18.3,14.4,4.0,METAR KORD 111251Z 16004KT 10SM FEW060 FEW300 18/14 A3004 RMK AO2 SLP171 T01830144,AviationWeather.gov METAR
2026-09-11T12:56:48.934374+00:00,KSEA,2026-09-11T12:00:00.000Z,11.7,9.4,7.0,METAR KSEA 111153Z 15007KT 10SM SCT017 BKN060 12/09 A3001 RMK AO2 SLP168 T01170094 10150 20111 51006 $,AviationWeather.gov METAR
2026-09-11T12:56:48.934377+00:00,KSFO,2026-09-11T12:00:00.000Z,16.1,13.9,8.0,METAR KSFO 111156Z 27008KT 10SM FEW003 BKN009 16/14 A2994 RMK AO2 SLP139 T01610139 10161 20156 58004 $,AviationWeather.gov METAR
2026-09-11T12:56:48.934380+00:00,LEMD,2026-09-11T12:30:00.000Z,29.0,-2.0,5.0,METAR LEMD 111230Z 21005KT 130V290 CAVOK 29/M02 Q1021 NOSIG,AviationWeather.gov METAR
2026-09-11T12:56:48.934384+00:00,LFPB,2026-09-11T12:30:00.000Z,24.0,9.0,6.0,METAR LFPB 111230Z AUTO 25006KT 200V350 CAVOK 24/09 Q1021 NOSIG,AviationWeather.gov METAR
2026-09-11T12:56:48.934387+00:00,LIMC,2026-09-11T12:20:00.000Z,23.0,17.0,3.0,METAR LIMC 111220Z VRB03KT 9999 SCT030 23/17 Q1017 NOSIG,AviationWeather.gov METAR
2026-09-11T12:56:48.934390+00:00,LTAC,2026-09-11T13:00:00.000Z,31.0,1.0,5.0,METAR LTAC 111250Z 29005KT 230V350 CAVOK 31/01 Q1018 NOSIG,AviationWeather.gov METAR
2026-09-11T12:56:48.934393+00:00,MMMX,2026-09-11T12:02:00.000Z,14.0,13.0,3.0,SPECI MMMX 111202Z 18003KT 6SM OVC015CB 14/13 A3038 NOSIG RMK 8/9// RAE57 OCNL DROPS BR ARND LWR STFRA,AviationWeather.gov METAR
2026-09-11T12:56:48.934397+00:00,MPMG,2026-09-11T12:00:00.000Z,27.0,25.0,4.0,METAR MPMG 111200Z 33004KT 9999 FEW010 SCT018TCU 27/25 Q1008 NOSIG,AviationWeather.gov METAR
2026-09-11T12:56:48.934400+00:00,NZWN,2026-09-11T12:30:00.000Z,11.0,8.0,19.0,METAR NZWN 111230Z AUTO 17019KT 9999 BKN016/// 11/08 Q1004,AviationWeather.gov METAR
2026-09-11T12:56:48.934404+00:00,OEJN,2026-09-11T12:00:00.000Z,35.0,25.0,10.0,METAR OEJN 111200Z 26010KT 9999 FEW040 35/25 Q1006 NOSIG,AviationWeather.gov METAR
2026-09-11T12:56:48.934407+00:00,OPKC,2026-09-11T12:30:00.000Z,31.0,20.0,10.0,METAR OPKC 111230Z 22010KT 6000 FEW030 31/20 Q1007 NOSIG,AviationWeather.gov METAR
2026-09-11T12:56:48.934410+00:00,RJTT,2026-09-11T12:30:00.000Z,21.0,20.0,5.0,METAR RJTT 111230Z 01005KT 350V050 9999 FEW005 BKN007 BKN009 21/20 Q1021 NOSIG,AviationWeather.gov METAR
2026-09-11T12:56:48.934414+00:00,RKPK,2026-09-11T12:00:00.000Z,23.0,17.0,4.0,METAR RKPK 111200Z 05004KT CAVOK 23/17 Q1020,AviationWeather.gov METAR
2026-09-11T12:56:48.934417+00:00,RKSI,2026-09-11T12:30:00.000Z,21.0,18.0,7.0,METAR RKSI 111230Z 31007KT CAVOK 21/18 Q1022 NOSIG,AviationWeather.gov METAR
2026-09-11T12:56:48.934420+00:00,RPLL,2026-09-11T12:00:00.000Z,28.0,25.0,2.0,METAR RPLL 111200Z VRB02KT 9999 FEW025 BKN100 28/25 Q1012 NOSIG RMK A2988,AviationWeather.gov METAR
2026-09-11T12:56:48.934423+00:00,SAEZ,2026-09-11T12:00:00.000Z,12.0,11.0,3.0,METAR SAEZ 111200Z 20003KT 5000 BR NSC 12/11 Q1015 BECMG 9999 NSW,AviationWeather.gov METAR
2026-09-11T12:56:48.934427+00:00,SBGR,2026-09-11T12:00:00.000Z,19.0,17.0,11.0,METAR SBGR 111200Z 04011KT 9999 -RA FEW009 BKN080 19/17 Q1018,AviationWeather.gov METAR
2026-09-11T12:56:48.934430+00:00,VILK,2026-09-11T12:30:00.000Z,30.0,26.0,5.0,METAR VILK 111230Z 05005KT 5000 BR FEW020 SCT100 30/26 Q1006 NOSIG,AviationWeather.gov METAR
2026-09-11T12:56:48.934433+00:00,WMKK,2026-09-11T12:30:00.000Z,27.0,24.0,3.0,METAR WMKK 111230Z 09003KT 030V140 9999 FEW017CB 27/24 Q1009 NOSIG,AviationWeather.gov METAR
2026-09-11T12:56:48.934436+00:00,WSSS,2026-09-11T12:30:00.000Z,26.0,24.0,0.0,METAR WSSS 111230Z 00000KT 8000 FEW016 BKN280 26/24 Q1010 NOSIG,AviationWeather.gov METAR
2026-09-11T12:56:48.934440+00:00,ZBAA,2026-09-11T12:30:00.000Z,22.0,10.0,4.0,METAR ZBAA 111230Z 17002MPS 140V220 CAVOK 22/10 Q1019 NOSIG,AviationWeather.gov METAR
2026-09-11T12:56:48.934443+00:00,ZGGG,2026-09-11T12:30:00.000Z,29.0,19.0,10.0,METAR ZGGG 111230Z 35005MPS CAVOK 29/19 Q1014 NOSIG,AviationWeather.gov METAR
2026-09-11T12:56:48.934446+00:00,ZGSZ,2026-09-11T12:00:00.000Z,31.0,20.0,8.0,METAR ZGSZ 111200Z 03004MPS 9999 FEW040 31/20 Q1013 NOSIG,AviationWeather.gov METAR
2026-09-11T12:56:48.934449+00:00,ZHCC,2026-09-11T12:00:00.000Z,20.0,18.0,2.0,METAR ZHCC 111200Z 22001MPS CAVOK 20/18 Q1022 NOSIG,AviationWeather.gov METAR
2026-09-11T12:56:48.934453+00:00,ZHHH,2026-09-11T12:00:00.000Z,24.0,15.0,4.0,METAR ZHHH 111200Z 02002MPS CAVOK 24/15 Q1020 NOSIG,AviationWeather.gov METAR
2026-09-11T12:56:48.934456+00:00,ZSPD,2026-09-11T12:30:00.000Z,25.0,18.0,10.0,METAR ZSPD 111230Z 04005MPS CAVOK 25/18 Q1021 NOSIG,AviationWeather.gov METAR
2026-09-11T12:56:48.934459+00:00,ZSQD,2026-09-11T12:00:00.000Z,20.0,14.0,4.0,METAR ZSQD 111200Z 17002MPS CAVOK 20/14 Q1022 NOSIG,AviationWeather.gov METAR
2026-09-11T12:56:48.934462+00:00,ZUCK,2026-09-11T12:00:00.000Z,22.0,19.0,6.0,METAR ZUCK 111200Z 30003MPS 9999 FEW033 OVC043 22/19 Q1021 NOSIG,AviationWeather.gov METAR
2026-09-11T12:56:48.934465+00:00,ZUUU,2026-09-11T12:00:00.000Z,22.0,15.0,6.0,METAR ZUUU 111200Z 10003MPS CAVOK 22/15 Q1022 NOSIG,AviationWeather.gov METAR
2026-09-11T14:07:26.700386+00:00,CYYZ,2026-09-11T13:00:00.000Z,16.0,10.0,6.0,METAR CYYZ 111300Z 30006KT 280V340 15SM FEW250 16/10 A3006 RMK CI1 CI TR SLP181,AviationWeather.gov METAR
2026-09-11T14:07:26.700407+00:00,EDDM,2026-09-11T14:00:00.000Z,19.0,10.0,6.0,METAR EDDM 111350Z AUTO VRB06KT CAVOK 19/10 Q1021 BECMG 28005KT,AviationWeather.gov METAR
2026-09-11T14:07:26.700414+00:00,EFHK,2026-09-11T14:00:00.000Z,17.0,7.0,12.0,METAR EFHK 111350Z 29012KT 240V310 9999 FEW048 17/07 Q1011 NOSIG,AviationWeather.gov METAR
2026-09-11T14:07:26.700419+00:00,EGLC,2026-09-11T14:00:00.000Z,20.0,11.0,6.0,METAR EGLC 111350Z AUTO 30006KT 260V020 9999 NCD 20/11 Q1021,AviationWeather.gov METAR
2026-09-11T14:07:26.700424+00:00,EHAM,2026-09-11T14:00:00.000Z,21.0,16.0,10.0,METAR EHAM 111355Z 28010KT 260V320 9999 FEW018 SCT020 FEW021TCU 21/16 Q1019 NOSIG,AviationWeather.gov METAR
2026-09-11T14:07:26.700428+00:00,EPWA,2026-09-11T14:00:00.000Z,16.0,6.0,4.0,METAR EPWA 111400Z 29004KT CAVOK 16/06 Q1021 NOSIG,AviationWeather.gov METAR
2026-09-11T14:07:26.700433+00:00,FACT,2026-09-11T14:00:00.000Z,22.0,13.0,20.0,METAR FACT 111400Z 18020KT CAVOK 22/13 Q1016 NOSIG,AviationWeather.gov METAR
2026-09-11T14:07:26.700440+00:00,KATL,2026-09-11T14:00:00.000Z,27.8,22.2,3.0,METAR KATL 111352Z 30003KT 10SM FEW020 SCT080 SCT250 28/22 A3003 RMK AO2 SLP158 TCU DSNT SE ACC OHD-SE-SW-W T02780222,AviationWeather.gov METAR
2026-09-11T14:07:26.700446+00:00,KAUS,2026-09-11T14:00:00.000Z,27.2,24.4,6.0,METAR KAUS 111353Z 19006KT 10SM FEW020 SCT200 SCT300 27/24 A2992 RMK AO2 SLP121 T02720244,AviationWeather.gov METAR
2026-09-11T14:07:26.700451+00:00,KBKF,2026-09-11T14:00:00.000Z,19.2,5.6,10.0,METAR KBKF 111358Z 19010KT 10SM FEW120 FEW220 19/06 A3002 RMK AO2A SLP084 T01920056,AviationWeather.gov METAR
2026-09-11T14:07:26.700456+00:00,KDAL,2026-09-11T14:00:00.000Z,27.8,21.7,4.0,METAR KDAL 111353Z 21004KT 10SM FEW100 BKN160 BKN200 BKN250 28/22 A2991 RMK AO2 SLP119 T02780217,AviationWeather.gov METAR
2026-09-11T14:07:26.700460+00:00,KHOU,2026-09-11T14:00:00.000Z,28.3,25.0,6.0,METAR KHOU 111353Z 20006KT 10SM FEW025 FEW150 SCT250 28/25 A2994 RMK AO2 SLP142 T02830250,AviationWeather.gov METAR
2026-09-11T14:07:26.700464+00:00,KLAX,2026-09-11T14:00:00.000Z,23.9,21.1,3.0,METAR KLAX 111353Z 12003KT 10SM FEW010 FEW160 SCT250 24/21 A2986 RMK AO2 SLP108 T02390211 $,AviationWeather.gov METAR
2026-09-11T14:07:26.700468+00:00,KLGA,2026-09-11T14:00:00.000Z,22.2,11.7,9.0,METAR KLGA 111351Z 34009KT 10SM FEW060 BKN150 BKN250 22/12 A2998 RMK AO2 SLP153 T02220117,AviationWeather.gov METAR
2026-09-11T14:07:26.700472+00:00,KMIA,2026-09-11T14:00:00.000Z,29.4,25.0,0.0,METAR KMIA 111353Z COR 00000KT 10SM FEW022CB SCT080 BKN260 29/25 A3002 RMK AO2 LTG DSNT NE SLP166 CB SE-S MOV NW CB DSNT NE T02940250 $,AviationWeather.gov METAR
2026-09-11T14:07:26.700476+00:00,KORD,2026-09-11T14:00:00.000Z,20.6,12.2,7.0,METAR KORD 111351Z 16007KT 10SM FEW300 21/12 A3004 RMK AO2 SLP168 T02060122,AviationWeather.gov METAR
2026-09-11T14:07:26.700480+00:00,KSEA,2026-09-11T14:00:00.000Z,12.8,8.9,9.0,METAR KSEA 111353Z 17009KT 10SM SCT023 BKN060 BKN230 13/09 A3002 RMK AO2 SLP171 SCT023 V BKN T01280089 $,AviationWeather.gov METAR
2026-09-11T14:07:26.700484+00:00,KSFO,2026-09-11T14:00:00.000Z,16.1,13.3,6.0,METAR KSFO 111356Z 26006KT 10SM FEW004 BKN011 16/13 A2994 RMK AO2 SLP139 T01610133,AviationWeather.gov METAR
2026-09-11T14:07:26.700488+00:00,LEMD,2026-09-11T14:00:00.000Z,31.0,-3.0,3.0,METAR LEMD 111400Z 27003KT CAVOK 31/M03 Q1020 NOSIG,AviationWeather.gov METAR
2026-09-11T14:07:26.700492+00:00,LFPB,2026-09-11T14:00:00.000Z,25.0,10.0,6.0,METAR LFPB 111400Z AUTO 27006KT 200V310 CAVOK 25/10 Q1021 NOSIG,AviationWeather.gov METAR
2026-09-11T14:07:26.700496+00:00,LIMC,2026-09-11T14:00:00.000Z,24.0,16.0,5.0,METAR LIMC 111350Z 22005KT 170V260 9999 FEW030 24/16 Q1017 NOSIG,AviationWeather.gov METAR
2026-09-11T14:07:26.700500+00:00,LTAC,2026-09-11T14:00:00.000Z,31.0,1.0,4.0,METAR LTAC 111350Z VRB04KT CAVOK 31/01 Q1018 NOSIG,AviationWeather.gov METAR
2026-09-11T14:07:26.700504+00:00,MMMX,2026-09-11T14:00:00.000Z,15.0,13.0,0.0,METAR MMMX 111346Z 00000KT 7SM SCT015 BKN080 BKN200 15/13 A3038 NOSIG RMK 8/478 HZY,AviationWeather.gov METAR
2026-09-11T14:07:26.700508+00:00,MPMG,2026-09-11T14:00:00.000Z,30.0,27.0,2.0,METAR MPMG 111400Z VRB02KT 9999 FEW010 SCT018CB 30/27 Q1010 NOSIG,AviationWeather.gov METAR
2026-09-11T14:07:26.700512+00:00,NZWN,2026-09-11T14:00:00.000Z,10.0,6.0,11.0,METAR NZWN 111400Z AUTO 16011KT 9999 FEW022/// 10/06 Q1004,AviationWeather.gov METAR
2026-09-11T14:07:26.700516+00:00,OEJN,2026-09-11T14:00:00.000Z,34.0,27.0,8.0,METAR OEJN 111400Z 28008KT 9999 FEW040 34/27 Q1006 NOSIG,AviationWeather.gov METAR
2026-09-11T14:07:26.700520+00:00,OPKC,2026-09-11T14:00:00.000Z,29.0,21.0,10.0,METAR OPKC 111400Z 22010KT 5000 HZ FEW030 29/21 Q1007 NOSIG,AviationWeather.gov METAR
2026-09-11T14:07:26.700524+00:00,RJTT,2026-09-11T14:00:00.000Z,21.0,20.0,7.0,METAR RJTT 111400Z 01007KT 9999 FEW007 BKN012 BKN020 21/20 Q1020 TEMPO FEW005 BKN008,AviationWeather.gov METAR
2026-09-11T14:07:26.700527+00:00,RKPK,2026-09-11T14:00:00.000Z,22.0,17.0,6.0,METAR RKPK 111400Z 06006KT CAVOK 22/17 Q1020,AviationWeather.gov METAR
2026-09-11T14:07:26.700531+00:00,RKSI,2026-09-11T14:00:00.000Z,21.0,17.0,6.0,METAR RKSI 111400Z 32006KT CAVOK 21/17 Q1021 NOSIG,AviationWeather.gov METAR
2026-09-11T14:07:26.700535+00:00,RPLL,2026-09-11T14:00:00.000Z,29.0,25.0,2.0,METAR RPLL 111400Z VRB02KT 9999 -RA FEW025 BKN100 29/25 Q1013 NOSIG RMK A2991,AviationWeather.gov METAR
2026-09-11T14:07:26.700539+00:00,SAEZ,2026-09-11T14:00:00.000Z,17.0,11.0,5.0,METAR SAEZ 111400Z 16005KT CAVOK 17/11 Q1015 BECMG 9999 NSW,AviationWeather.gov METAR
2026-09-11T14:07:26.700543+00:00,SBGR,2026-09-11T14:00:00.000Z,20.0,19.0,10.0,METAR SBGR 111400Z 06010KT 9999 -RA SCT030 BKN100 20/19 Q1017,AviationWeather.gov METAR
2026-09-11T14:07:26.700547+00:00,VILK,2026-09-11T14:00:00.000Z,29.0,26.0,5.0,METAR VILK 111400Z 05005KT 5000 BR FEW100 29/26 Q1008 NOSIG,AviationWeather.gov METAR
2026-09-11T14:07:26.700552+00:00,WMKK,2026-09-11T13:30:00.000Z,27.0,25.0,2.0,METAR WMKK 111330Z VRB02KT 9999 FEW017CB 27/25 Q1010 NOSIG,AviationWeather.gov METAR
2026-09-11T14:07:26.700556+00:00,WSSS,2026-09-11T14:00:00.000Z,26.0,24.0,2.0,METAR WSSS 111400Z VRB02KT 7000 FEW018 BKN280 26/24 Q1011 NOSIG,AviationWeather.gov METAR
2026-09-11T14:07:26.700560+00:00,ZBAA,2026-09-11T14:00:00.000Z,18.0,13.0,2.0,METAR ZBAA 111400Z 16001MPS CAVOK 18/13 Q1019 NOSIG,AviationWeather.gov METAR
2026-09-11T14:07:26.700564+00:00,ZGGG,2026-09-11T13:30:00.000Z,28.0,19.0,12.0,METAR ZGGG 111330Z 01006MPS CAVOK 28/19 Q1015 NOSIG,AviationWeather.gov METAR
2026-09-11T14:07:26.700568+00:00,ZGSZ,2026-09-11T14:00:00.000Z,31.0,20.0,8.0,METAR ZGSZ 111400Z 04004MPS CAVOK 31/20 Q1014 NOSIG,AviationWeather.gov METAR
2026-09-11T14:07:26.700572+00:00,ZHCC,2026-09-11T13:00:00.000Z,20.0,19.0,2.0,METAR ZHCC 111300Z VRB01MPS CAVOK 20/19 Q1023 NOSIG,AviationWeather.gov METAR
2026-09-11T14:07:26.700576+00:00,ZHHH,2026-09-11T14:00:00.000Z,23.0,13.0,4.0,METAR ZHHH 111400Z 02002MPS CAVOK 23/13 Q1020 NOSIG,AviationWeather.gov METAR
2026-09-11T14:07:26.700580+00:00,ZSPD,2026-09-11T13:30:00.000Z,25.0,19.0,10.0,METAR ZSPD 111330Z 05005MPS 020V080 CAVOK 25/19 Q1021 NOSIG,AviationWeather.gov METAR
2026-09-11T14:07:26.700584+00:00,ZSQD,2026-09-11T14:00:00.000Z,23.0,11.0,6.0,METAR ZSQD 111400Z 21003MPS CAVOK 23/11 Q1022 NOSIG,AviationWeather.gov METAR
2026-09-11T14:07:26.700588+00:00,ZUCK,2026-09-11T14:00:00.000Z,22.0,19.0,6.0,METAR ZUCK 111400Z 31003MPS 9999 OVC040 22/19 Q1022 NOSIG,AviationWeather.gov METAR
2026-09-11T14:07:26.700592+00:00,ZUUU,2026-09-11T13:00:00.000Z,21.0,15.0,6.0,METAR ZUUU 111300Z 10003MPS 070V130 CAVOK 21/15 Q1023 NOSIG,AviationWeather.gov METAR
2026-09-11T15:10:34.599892+00:00,CYYZ,2026-09-11T15:00:00.000Z,19.0,11.0,8.0,METAR CYYZ 111500Z 01008KT 310V040 15SM FEW020 FEW250 19/11 A3007 RMK CU1CI1 CU TR CI TR SLP185 DENSITY ALT 1100FT,AviationWeather.gov METAR
2026-09-11T15:10:34.599912+00:00,EDDM,2026-09-11T15:00:00.000Z,19.0,9.0,4.0,METAR EDDM 111450Z AUTO 18004KT 140V230 CAVOK 19/09 Q1021 BECMG 28005KT,AviationWeather.gov METAR
2026-09-11T15:10:34.599918+00:00,EFHK,2026-09-11T15:00:00.000Z,16.0,6.0,13.0,METAR EFHK 111450Z 30013KT 9999 FEW049 16/06 Q1012 NOSIG,AviationWeather.gov METAR
2026-09-11T15:10:34.599922+00:00,EGLC,2026-09-11T15:00:00.000Z,21.0,11.0,6.0,METAR EGLC 111450Z AUTO 32006KT 290V010 9999 NCD 21/11 Q1021,AviationWeather.gov METAR
2026-09-11T15:10:34.599926+00:00,EHAM,2026-09-11T15:00:00.000Z,20.0,15.0,11.0,METAR EHAM 111455Z 30011KT 9999 SCT021 FEW022TCU 20/15 Q1019 NOSIG,AviationWeather.gov METAR
2026-09-11T15:10:34.599929+00:00,EPWA,2026-09-11T15:00:00.000Z,16.0,7.0,4.0,METAR EPWA 111500Z 30004KT CAVOK 16/07 Q1020 NOSIG,AviationWeather.gov METAR
2026-09-11T15:10:34.599933+00:00,FACT,2026-09-11T15:00:00.000Z,20.0,13.0,20.0,METAR FACT 111500Z 18020KT 9999 FEW025 20/13 Q1016 NOSIG,AviationWeather.gov METAR
2026-09-11T15:10:34.599939+00:00,KATL,2026-09-11T15:00:00.000Z,28.9,22.2,0.0,METAR KATL 111452Z 00000KT 10SM SCT026TCU SCT085 BKN250 29/22 A3003 RMK AO2 SLP158 TCU NE S NW MDT CU E-SE T02890222 50000,AviationWeather.gov METAR
2026-09-11T15:10:34.599977+00:00,KAUS,2026-09-11T15:00:00.000Z,30.0,23.9,9.0,METAR KAUS 111453Z 19009KT 10SM BKN018 BKN300 30/24 A2993 RMK AO2 SLP121 T03000239 51005,AviationWeather.gov METAR
2026-09-11T15:10:34.599982+00:00,KBKF,2026-09-11T15:00:00.000Z,23.8,2.6,8.0,METAR KBKF 111458Z 19008KT 10SM FEW120 FEW200 24/03 A3003 RMK AO2A SLP080 T02380026 52010,AviationWeather.gov METAR
2026-09-11T15:10:34.599986+00:00,KDAL,2026-09-11T15:00:00.000Z,30.0,21.7,6.0,METAR KDAL 111453Z 23006KT 10SM FEW100 SCT160 BKN200 BKN250 30/22 A2991 RMK AO2 SLP121 T03000217 51005,AviationWeather.gov METAR
2026-09-11T15:10:34.599989+00:00,KHOU,2026-09-11T15:00:00.000Z,28.9,23.9,7.0,METAR KHOU 111453Z 17007KT 10SM SCT029 SCT150 BKN250 29/24 A2995 RMK AO2 SLP144 SHRA DSNT NE T02890239 51011,AviationWeather.gov METAR
2026-09-11T15:10:34.599993+00:00,KLAX,2026-09-11T15:00:00.000Z,24.4,21.1,5.0,METAR KLAX 111453Z 16005KT 10SM FEW010 FEW180 24/21 A2987 RMK AO2 SLP113 T02440211 53007 $,AviationWeather.gov METAR
2026-09-11T15:10:34.599996+00:00,KLGA,2026-09-11T15:00:00.000Z,22.8,11.7,7.0,METAR KLGA 111451Z 36007KT 10SM FEW060 BKN150 BKN250 23/12 A3000 RMK AO2 SLP159 T02280117 52012 $,AviationWeather.gov METAR
2026-09-11T15:10:34.599999+00:00,KMIA,2026-09-11T15:00:00.000Z,27.2,23.9,10.0,METAR KMIA 111453Z 08010KT 7SM TSRA BKN020CB BKN060 BKN260 27/24 A3004 RMK AO2 RAB48 TSB46 SLP174 VIS NE-E 1 1/2 OCNL LTGICCG OHD-N-E-S TS OHD-N-E-S MOV NW P0000 60000 T02720239 50010 $,AviationWeather.gov METAR
2026-09-11T15:10:34.600002+00:00,KORD,2026-09-11T15:00:00.000Z,23.3,11.7,7.0,METAR KORD 111451Z 12007KT 10SM FEW300 23/12 A3004 RMK AO2 SLP170 T02330117 52001,AviationWeather.gov METAR
2026-09-11T15:10:34.600006+00:00,KSEA,2026-09-11T15:00:00.000Z,13.3,8.3,8.0,METAR KSEA 111453Z 16008KT 10SM FEW024 BKN032 OVC230 13/08 A3002 RMK AO2 SLP171 T01330083 51003 $,AviationWeather.gov METAR
2026-09-11T15:10:34.600009+00:00,KSFO,2026-09-11T15:00:00.000Z,16.7,13.9,5.0,METAR KSFO 111456Z 30005KT 10SM FEW004 BKN011 17/14 A2996 RMK AO2 SLP144 T01670139 53004,AviationWeather.gov METAR
2026-09-11T15:10:34.600012+00:00,LEMD,2026-09-11T15:00:00.000Z,31.0,-3.0,5.0,METAR LEMD 111500Z 29005KT 220V350 CAVOK 31/M03 Q1020 NOSIG,AviationWeather.gov METAR
2026-09-11T15:10:34.600015+00:00,LFPB,2026-09-11T15:00:00.000Z,24.0,11.0,7.0,METAR LFPB 111500Z AUTO 32007KT 280V010 CAVOK 24/11 Q1021 NOSIG,AviationWeather.gov METAR
2026-09-11T15:10:34.600019+00:00,LIMC,2026-09-11T15:00:00.000Z,25.0,14.0,5.0,METAR LIMC 111450Z 22005KT 140V290 CAVOK 25/14 Q1016 NOSIG,AviationWeather.gov METAR
2026-09-11T15:10:34.600022+00:00,LTAC,2026-09-11T15:00:00.000Z,30.0,1.0,4.0,METAR LTAC 111450Z 26004KT 220V290 CAVOK 30/01 Q1018 NOSIG,AviationWeather.gov METAR
2026-09-11T15:10:34.600025+00:00,MMMX,2026-09-11T15:00:00.000Z,17.0,14.0,3.0,METAR MMMX 111450Z 15003KT 7SM SCT015 BKN080 BKN200 17/14 A3040 NOSIG RMK SLP141 52006 962 8/178 HZY,AviationWeather.gov METAR
2026-09-11T15:10:34.600028+00:00,MPMG,2026-09-11T15:00:00.000Z,31.0,25.0,4.0,METAR MPMG 111500Z 18004KT 130V220 9999 SCT010 SCT017TCU 31/25 Q1010 NOSIG,AviationWeather.gov METAR
2026-09-11T15:10:34.600032+00:00,NZWN,2026-09-11T15:00:00.000Z,10.0,6.0,6.0,METAR NZWN 111500Z AUTO 17006KT 9999 NCD 10/06 Q1004,AviationWeather.gov METAR
2026-09-11T15:10:34.600035+00:00,OEJN,2026-09-11T15:00:00.000Z,33.0,27.0,7.0,METAR OEJN 111500Z 33007KT 8000 SCT035 33/27 Q1006 NOSIG,AviationWeather.gov METAR
2026-09-11T15:10:34.600039+00:00,OPKC,2026-09-11T15:00:00.000Z,28.0,22.0,8.0,METAR OPKC 111500Z 22008KT 5000 HZ FEW030 28/22 Q1008 NOSIG,AviationWeather.gov METAR
2026-09-11T15:10:34.600043+00:00,RJTT,2026-09-11T15:00:00.000Z,21.0,20.0,9.0,METAR RJTT 111500Z 02009KT 7000 -RA FEW007 BKN012 21/20 Q1020 TEMPO FEW005 BKN008,AviationWeather.gov METAR
2026-09-11T15:10:34.600046+00:00,RKPK,2026-09-11T15:00:00.000Z,21.0,17.0,6.0,METAR RKPK 111500Z 05006KT CAVOK 21/17 Q1020,AviationWeather.gov METAR
2026-09-11T15:10:34.600050+00:00,RKSI,2026-09-11T15:00:00.000Z,21.0,17.0,5.0,METAR RKSI 111500Z 31005KT CAVOK 21/17 Q1021 NOSIG,AviationWeather.gov METAR
2026-09-11T15:10:34.600053+00:00,RPLL,2026-09-11T15:00:00.000Z,28.0,25.0,1.0,METAR RPLL 111500Z VRB01KT 9000 FEW025 BKN100 28/25 Q1013 NOSIG RMK A2991,AviationWeather.gov METAR
2026-09-11T15:10:34.600056+00:00,SAEZ,2026-09-11T15:00:00.000Z,18.0,11.0,7.0,METAR SAEZ 111500Z 17007KT 9999 FEW042 OVC200 18/11 Q1015 NOSIG,AviationWeather.gov METAR
2026-09-11T15:10:34.600059+00:00,SBGR,2026-09-11T15:00:00.000Z,23.0,20.0,11.0,METAR SBGR 111500Z 05011KT 9999 FEW020 23/20 Q1016,AviationWeather.gov METAR
2026-09-11T15:10:34.600062+00:00,VILK,2026-09-11T15:00:00.000Z,29.0,26.0,6.0,METAR VILK 111500Z 04006KT 5000 BR FEW100 29/26 Q1008 NOSIG,AviationWeather.gov METAR
2026-09-11T15:10:34.600066+00:00,WMKK,2026-09-11T15:00:00.000Z,27.0,25.0,0.0,METAR WMKK 111500Z 00000KT 9999 FEW017CB 27/25 Q1011 NOSIG,AviationWeather.gov METAR
2026-09-11T15:10:34.600069+00:00,WSSS,2026-09-11T15:00:00.000Z,26.0,25.0,2.0,METAR WSSS 111500Z VRB02KT 7000 FEW018 SCT150 BKN280 26/25 Q1012 NOSIG,AviationWeather.gov METAR
2026-09-11T15:10:34.600072+00:00,ZBAA,2026-09-11T15:00:00.000Z,17.0,14.0,2.0,METAR ZBAA 111500Z VRB01MPS CAVOK 17/14 Q1019 NOSIG,AviationWeather.gov METAR
2026-09-11T15:10:34.600075+00:00,ZGGG,2026-09-11T15:00:00.000Z,28.0,19.0,12.0,METAR ZGGG 111500Z 01006MPS CAVOK 28/19 Q1015 NOSIG,AviationWeather.gov METAR
2026-09-11T15:10:34.600078+00:00,ZGSZ,2026-09-11T15:00:00.000Z,29.0,22.0,4.0,METAR ZGSZ 111500Z 10002MPS CAVOK 29/22 Q1014 NOSIG,AviationWeather.gov METAR
2026-09-11T15:10:34.600082+00:00,ZHCC,2026-09-11T15:00:00.000Z,20.0,15.0,2.0,METAR ZHCC 111500Z VRB01MPS CAVOK 20/15 Q1022 NOSIG,AviationWeather.gov METAR
2026-09-11T15:10:34.600085+00:00,ZHHH,2026-09-11T15:00:00.000Z,22.0,13.0,4.0,METAR ZHHH 111500Z 03002MPS CAVOK 22/13 Q1020 NOSIG,AviationWeather.gov METAR
2026-09-11T15:10:34.600088+00:00,ZSPD,2026-09-11T15:00:00.000Z,25.0,18.0,10.0,METAR ZSPD 111500Z 05005MPS 020V080 CAVOK 25/18 Q1020 NOSIG,AviationWeather.gov METAR
2026-09-11T15:10:34.600091+00:00,ZSQD,2026-09-11T15:00:00.000Z,20.0,12.0,4.0,METAR ZSQD 111500Z 18002MPS CAVOK 20/12 Q1022 NOSIG,AviationWeather.gov METAR
2026-09-11T15:10:34.600094+00:00,ZUCK,2026-09-11T15:00:00.000Z,22.0,19.0,2.0,METAR ZUCK 111500Z VRB01MPS 9999 OVC040 22/19 Q1022 NOSIG,AviationWeather.gov METAR
2026-09-11T15:10:34.600098+00:00,ZUUU,2026-09-11T15:00:00.000Z,20.0,17.0,4.0,METAR ZUUU 111500Z 20002MPS CAVOK 20/17 Q1023 NOSIG,AviationWeather.gov METAR
2026-09-11T15:25:42.538270+00:00,CYYZ,2026-09-11T15:00:00.000Z,19.0,11.0,8.0,METAR CYYZ 111500Z 01008KT 310V040 15SM FEW020 FEW250 19/11 A3007 RMK CU1CI1 CU TR CI TR SLP185 DENSITY ALT 1100FT,AviationWeather.gov METAR
2026-09-11T15:25:42.538293+00:00,EDDM,2026-09-11T15:20:00.000Z,20.0,9.0,6.0,METAR EDDM 111520Z AUTO 16006KT CAVOK 20/09 Q1022 BECMG 28005KT,AviationWeather.gov METAR
2026-09-11T15:25:42.538300+00:00,EFHK,2026-09-11T15:20:00.000Z,16.0,6.0,11.0,METAR EFHK 111520Z 27011KT CAVOK 16/06 Q1012 NOSIG,AviationWeather.gov METAR
2026-09-11T15:25:42.538304+00:00,EGLC,2026-09-11T15:20:00.000Z,21.0,11.0,5.0,METAR EGLC 111520Z AUTO 32005KT 280V350 9999 NCD 21/11 Q1021,AviationWeather.gov METAR
2026-09-11T15:25:42.538308+00:00,EHAM,2026-09-11T15:00:00.000Z,20.0,15.0,11.0,METAR EHAM 111455Z 30011KT 9999 SCT021 FEW022TCU 20/15 Q1019 NOSIG,AviationWeather.gov METAR
2026-09-11T15:25:42.538312+00:00,EPWA,2026-09-11T15:00:00.000Z,16.0,7.0,4.0,METAR EPWA 111500Z 30004KT CAVOK 16/07 Q1020 NOSIG,AviationWeather.gov METAR
2026-09-11T15:25:42.538316+00:00,FACT,2026-09-11T15:00:00.000Z,20.0,13.0,20.0,METAR FACT 111500Z 18020KT 9999 FEW025 20/13 Q1016 NOSIG,AviationWeather.gov METAR
2026-09-11T15:25:42.538323+00:00,KATL,2026-09-11T15:00:00.000Z,28.9,22.2,0.0,METAR KATL 111452Z 00000KT 10SM SCT026TCU SCT085 BKN250 29/22 A3003 RMK AO2 SLP158 TCU NE S NW MDT CU E-SE T02890222 50000,AviationWeather.gov METAR
2026-09-11T15:25:42.538328+00:00,KAUS,2026-09-11T15:00:00.000Z,30.0,23.9,9.0,METAR KAUS 111453Z 19009KT 10SM BKN018 BKN300 30/24 A2993 RMK AO2 SLP121 T03000239 51005,AviationWeather.gov METAR
2026-09-11T15:25:42.538333+00:00,KBKF,2026-09-11T15:00:00.000Z,23.8,2.6,8.0,METAR KBKF 111458Z 19008KT 10SM FEW120 FEW200 24/03 A3003 RMK AO2A SLP080 T02380026 52010,AviationWeather.gov METAR
2026-09-11T15:25:42.538337+00:00,KDAL,2026-09-11T15:00:00.000Z,30.0,21.7,6.0,METAR KDAL 111453Z 23006KT 10SM FEW100 SCT160 BKN200 BKN250 30/22 A2991 RMK AO2 SLP121 T03000217 51005,AviationWeather.gov METAR
2026-09-11T15:25:42.538340+00:00,KHOU,2026-09-11T15:00:00.000Z,28.9,23.9,7.0,METAR KHOU 111453Z 17007KT 10SM SCT029 SCT150 BKN250 29/24 A2995 RMK AO2 SLP144 SHRA DSNT NE T02890239 51011,AviationWeather.gov METAR
2026-09-11T15:25:42.538344+00:00,KLAX,2026-09-11T15:00:00.000Z,24.4,21.1,5.0,METAR KLAX 111453Z 16005KT 10SM FEW010 FEW180 24/21 A2987 RMK AO2 SLP113 T02440211 53007 $,AviationWeather.gov METAR
2026-09-11T15:25:42.538348+00:00,KLGA,2026-09-11T15:00:00.000Z,22.8,11.7,7.0,METAR KLGA 111451Z 36007KT 10SM FEW060 BKN150 BKN250 23/12 A3000 RMK AO2 SLP159 T02280117 52012 $,AviationWeather.gov METAR
2026-09-11T15:25:42.538351+00:00,KMIA,2026-09-11T15:14:00.000Z,25.6,23.3,11.0,SPECI KMIA 111514Z COR 13011KT 7SM +TSRA BKN020CB BKN050 BKN260 26/23 A3006 RMK AO2 TSE10B13 VIS E-SE 2 OCNL LTGICCG OHD-N-E-S TS OHD-N-E-S MOV N P0004 T02560233 $,AviationWeather.gov METAR
2026-09-11T15:25:42.538355+00:00,KORD,2026-09-11T15:00:00.000Z,23.3,11.7,7.0,METAR KORD 111451Z 12007KT 10SM FEW300 23/12 A3004 RMK AO2 SLP170 T02330117 52001,AviationWeather.gov METAR
2026-09-11T15:25:42.538358+00:00,KSEA,2026-09-11T15:00:00.000Z,13.3,8.3,8.0,METAR KSEA 111453Z 16008KT 10SM FEW024 BKN032 OVC230 13/08 A3002 RMK AO2 SLP171 T01330083 51003 $,AviationWeather.gov METAR
2026-09-11T15:25:42.538362+00:00,KSFO,2026-09-11T15:00:00.000Z,16.7,13.9,5.0,METAR KSFO 111456Z 30005KT 10SM FEW004 BKN011 17/14 A2996 RMK AO2 SLP144 T01670139 53004,AviationWeather.gov METAR
2026-09-11T15:25:42.538366+00:00,LEMD,2026-09-11T15:00:00.000Z,31.0,-3.0,5.0,METAR LEMD 111500Z 29005KT 220V350 CAVOK 31/M03 Q1020 NOSIG,AviationWeather.gov METAR
2026-09-11T15:25:42.538369+00:00,LFPB,2026-09-11T15:00:00.000Z,24.0,11.0,7.0,METAR LFPB 111500Z AUTO 32007KT 280V010 CAVOK 24/11 Q1021 NOSIG,AviationWeather.gov METAR
2026-09-11T15:25:42.538373+00:00,LIMC,2026-09-11T15:00:00.000Z,25.0,14.0,5.0,METAR LIMC 111450Z 22005KT 140V290 CAVOK 25/14 Q1016 NOSIG,AviationWeather.gov METAR
2026-09-11T15:25:42.538376+00:00,LTAC,2026-09-11T15:00:00.000Z,30.0,1.0,4.0,METAR LTAC 111450Z 26004KT 220V290 CAVOK 30/01 Q1018 NOSIG,AviationWeather.gov METAR
2026-09-11T15:25:42.538380+00:00,MMMX,2026-09-11T15:16:00.000Z,19.0,14.0,0.0,SPECI MMMX 111516Z 00000KT 7SM SCT015 BKN080 BKN200 19/14 A3040 NOSIG RMK 8/178 HZY,AviationWeather.gov METAR
2026-09-11T15:25:42.538384+00:00,MPMG,2026-09-11T15:00:00.000Z,31.0,25.0,4.0,METAR MPMG 111500Z 18004KT 130V220 9999 SCT010 SCT017TCU 31/25 Q1010 NOSIG,AviationWeather.gov METAR
2026-09-11T15:25:42.538388+00:00,NZWN,2026-09-11T15:00:00.000Z,10.0,6.0,6.0,METAR NZWN 111500Z AUTO 17006KT 9999 NCD 10/06 Q1004,AviationWeather.gov METAR
2026-09-11T15:25:42.538391+00:00,OEJN,2026-09-11T15:00:00.000Z,33.0,27.0,7.0,METAR OEJN 111500Z 33007KT 8000 SCT035 33/27 Q1006 NOSIG,AviationWeather.gov METAR
2026-09-11T15:25:42.538395+00:00,OPKC,2026-09-11T15:00:00.000Z,28.0,22.0,8.0,METAR OPKC 111500Z 22008KT 5000 HZ FEW030 28/22 Q1008 NOSIG,AviationWeather.gov METAR
2026-09-11T15:25:42.538398+00:00,RJTT,2026-09-11T15:00:00.000Z,21.0,20.0,9.0,METAR RJTT 111500Z 02009KT 7000 -RA FEW007 BKN012 21/20 Q1020 TEMPO FEW005 BKN008,AviationWeather.gov METAR
2026-09-11T15:25:42.538402+00:00,RKPK,2026-09-11T15:00:00.000Z,21.0,17.0,6.0,METAR RKPK 111500Z 05006KT CAVOK 21/17 Q1020,AviationWeather.gov METAR
2026-09-11T15:25:42.538405+00:00,RKSI,2026-09-11T15:00:00.000Z,21.0,17.0,5.0,METAR RKSI 111500Z 31005KT CAVOK 21/17 Q1021 NOSIG,AviationWeather.gov METAR
2026-09-11T15:25:42.538409+00:00,RPLL,2026-09-11T15:00:00.000Z,28.0,25.0,1.0,METAR RPLL 111500Z VRB01KT 9000 FEW025 BKN100 28/25 Q1013 NOSIG RMK A2991,AviationWeather.gov METAR
2026-09-11T15:25:42.538413+00:00,SAEZ,2026-09-11T15:00:00.000Z,18.0,11.0,7.0,METAR SAEZ 111500Z 17007KT 9999 FEW042 OVC200 18/11 Q1015 NOSIG,AviationWeather.gov METAR
2026-09-11T15:25:42.538416+00:00,SBGR,2026-09-11T15:00:00.000Z,23.0,20.0,11.0,METAR SBGR 111500Z 05011KT 9999 FEW020 23/20 Q1016,AviationWeather.gov METAR
2026-09-11T15:25:42.538420+00:00,VILK,2026-09-11T15:00:00.000Z,29.0,26.0,6.0,METAR VILK 111500Z 04006KT 5000 BR FEW100 29/26 Q1008 NOSIG,AviationWeather.gov METAR
2026-09-11T15:25:42.538424+00:00,WMKK,2026-09-11T15:00:00.000Z,27.0,25.0,0.0,METAR WMKK 111500Z 00000KT 9999 FEW017CB 27/25 Q1011 NOSIG,AviationWeather.gov METAR
2026-09-11T15:25:42.538427+00:00,WSSS,2026-09-11T15:00:00.000Z,26.0,25.0,2.0,METAR WSSS 111500Z VRB02KT 7000 FEW018 SCT150 BKN280 26/25 Q1012 NOSIG,AviationWeather.gov METAR
2026-09-11T15:25:42.538431+00:00,ZBAA,2026-09-11T15:00:00.000Z,17.0,14.0,2.0,METAR ZBAA 111500Z VRB01MPS CAVOK 17/14 Q1019 NOSIG,AviationWeather.gov METAR
2026-09-11T15:25:42.538434+00:00,ZGGG,2026-09-11T15:00:00.000Z,28.0,19.0,12.0,METAR ZGGG 111500Z 01006MPS CAVOK 28/19 Q1015 NOSIG,AviationWeather.gov METAR
2026-09-11T15:25:42.538438+00:00,ZGSZ,2026-09-11T15:00:00.000Z,29.0,22.0,4.0,METAR ZGSZ 111500Z 10002MPS CAVOK 29/22 Q1014 NOSIG,AviationWeather.gov METAR
2026-09-11T15:25:42.538442+00:00,ZHCC,2026-09-11T15:00:00.000Z,20.0,15.0,2.0,METAR ZHCC 111500Z VRB01MPS CAVOK 20/15 Q1022 NOSIG,AviationWeather.gov METAR
2026-09-11T15:25:42.538445+00:00,ZHHH,2026-09-11T15:00:00.000Z,22.0,13.0,4.0,METAR ZHHH 111500Z 03002MPS CAVOK 22/13 Q1020 NOSIG,AviationWeather.gov METAR
2026-09-11T15:25:42.538449+00:00,ZSPD,2026-09-11T15:00:00.000Z,25.0,18.0,10.0,METAR ZSPD 111500Z 05005MPS 020V080 CAVOK 25/18 Q1020 NOSIG,AviationWeather.gov METAR
2026-09-11T15:25:42.538452+00:00,ZSQD,2026-09-11T15:00:00.000Z,20.0,12.0,4.0,METAR ZSQD 111500Z 18002MPS CAVOK 20/12 Q1022 NOSIG,AviationWeather.gov METAR
2026-09-11T15:25:42.538456+00:00,ZUCK,2026-09-11T15:00:00.000Z,22.0,19.0,2.0,METAR ZUCK 111500Z VRB01MPS 9999 OVC040 22/19 Q1022 NOSIG,AviationWeather.gov METAR
2026-09-11T15:25:42.538460+00:00,ZUUU,2026-09-11T15:00:00.000Z,20.0,17.0,4.0,METAR ZUUU 111500Z 20002MPS CAVOK 20/17 Q1023 NOSIG,AviationWeather.gov METAR
2026-09-11T16:03:44.728838+00:00,CYYZ,2026-09-11T15:00:00.000Z,19.0,11.0,8.0,METAR CYYZ 111500Z 01008KT 310V040 15SM FEW020 FEW250 19/11 A3007 RMK CU1CI1 CU TR CI TR SLP185 DENSITY ALT 1100FT,AviationWeather.gov METAR
2026-09-11T16:03:44.728859+00:00,EDDM,2026-09-11T16:00:00.000Z,20.0,9.0,4.0,METAR EDDM 111550Z AUTO 18004KT 120V220 CAVOK 20/09 Q1022 NOSIG,AviationWeather.gov METAR
2026-09-11T16:03:44.728864+00:00,EFHK,2026-09-11T16:00:00.000Z,16.0,8.0,11.0,METAR EFHK 111550Z 27011KT CAVOK 16/08 Q1012 NOSIG,AviationWeather.gov METAR
2026-09-11T16:03:44.728868+00:00,EGLC,2026-09-11T16:00:00.000Z,21.0,11.0,3.0,METAR EGLC 111550Z AUTO 33003KT 280V010 9999 NCD 21/11 Q1021,AviationWeather.gov METAR
2026-09-11T16:03:44.728871+00:00,EHAM,2026-09-11T16:00:00.000Z,20.0,15.0,10.0,METAR EHAM 111555Z 29010KT 9999 FEW017 FEW020TCU 20/15 Q1020 NOSIG,AviationWeather.gov METAR
2026-09-11T16:03:44.728874+00:00,EPWA,2026-09-11T16:00:00.000Z,16.0,7.0,6.0,METAR EPWA 111600Z 31006KT CAVOK 16/07 Q1021 NOSIG,AviationWeather.gov METAR
2026-09-11T16:03:44.728877+00:00,FACT,2026-09-11T15:00:00.000Z,20.0,13.0,20.0,METAR FACT 111500Z 18020KT 9999 FEW025 20/13 Q1016 NOSIG,AviationWeather.gov METAR
2026-09-11T16:03:44.728883+00:00,KATL,2026-09-11T16:00:00.000Z,28.3,21.7,3.0,METAR KATL 111552Z 22003KT 10SM -RA BKN026TCU BKN080 BKN250 28/22 A3003 RMK AO2 RAB50 SLP158 TCU OHD-ALQDS P0000 T02830217,AviationWeather.gov METAR
2026-09-11T16:03:44.728888+00:00,KAUS,2026-09-11T16:00:00.000Z,31.7,23.3,10.0,METAR KAUS 111553Z 18010G18KT 10SM FEW027 FEW200 FEW300 32/23 A2993 RMK AO2 SLP121 T03170233,AviationWeather.gov METAR
2026-09-11T16:03:44.728891+00:00,KBKF,2026-09-11T15:00:00.000Z,23.8,2.6,8.0,METAR KBKF 111458Z 19008KT 10SM FEW120 FEW200 24/03 A3003 RMK AO2A SLP080 T02380026 52010,AviationWeather.gov METAR
2026-09-11T16:03:44.728894+00:00,KDAL,2026-09-11T16:00:00.000Z,31.7,22.2,4.0,METAR KDAL 111553Z 23004KT 10SM FEW100 FEW160 FEW200 SCT250 32/22 A2992 RMK AO2 SLP122 T03170222,AviationWeather.gov METAR
2026-09-11T16:03:44.728897+00:00,KHOU,2026-09-11T16:00:00.000Z,30.6,25.6,5.0,METAR KHOU 111553Z 20005KT 10SM SCT030 SCT150 BKN250 31/26 A2995 RMK AO2 SLP146 T03060256,AviationWeather.gov METAR
2026-09-11T16:03:44.728900+00:00,KLAX,2026-09-11T16:00:00.000Z,26.7,20.6,7.0,METAR KLAX 111553Z 11007KT 10SM FEW010 FEW180 27/21 A2988 RMK AO2 SLP114 T02670206 $,AviationWeather.gov METAR
2026-09-11T16:03:44.728902+00:00,KLGA,2026-09-11T16:00:00.000Z,23.3,11.1,6.0,METAR KLGA 111551Z 31006KT 10SM FEW060 SCT120 BKN250 23/11 A3000 RMK AO2 SLP159 T02330111,AviationWeather.gov METAR
2026-09-11T16:03:44.728905+00:00,KMIA,2026-09-11T16:00:00.000Z,26.7,23.3,0.0,METAR KMIA 111553Z 00000KT 10SM FEW020CB SCT050 BKN090 BKN260 27/23 A3004 RMK AO2 RAE26 TSE10B13E49 SLP174 TS MOV N CB SE MOV N CB DSNT ALQDS MOV N P0008 T02670233 $,AviationWeather.gov METAR
2026-09-11T16:03:44.728908+00:00,KORD,2026-09-11T16:00:00.000Z,24.4,11.7,9.0,METAR KORD 111551Z 15009KT 10SM FEW090 FEW300 24/12 A3005 RMK AO2 SLP172 T02440117,AviationWeather.gov METAR
2026-09-11T16:03:44.728911+00:00,KSEA,2026-09-11T16:00:00.000Z,13.9,8.9,6.0,METAR KSEA 111553Z 16006KT 10SM SCT032 BKN060 BKN230 14/09 A3002 RMK AO2 SLP170 T01390089 $,AviationWeather.gov METAR
2026-09-11T16:03:44.728913+00:00,KSFO,2026-09-11T16:00:00.000Z,17.2,13.9,4.0,METAR KSFO 111556Z 24004KT 10SM FEW004 BKN012 17/14 A2995 RMK AO2 SLP141 T01720139,AviationWeather.gov METAR
2026-09-11T16:03:44.728916+00:00,LEMD,2026-09-11T15:30:00.000Z,31.0,-3.0,4.0,METAR LEMD 111530Z 24004KT 170V330 CAVOK 31/M03 Q1019 NOSIG,AviationWeather.gov METAR
2026-09-11T16:03:44.728919+00:00,LFPB,2026-09-11T16:00:00.000Z,24.0,11.0,6.0,METAR LFPB 111600Z AUTO 32006KT 270V350 CAVOK 24/11 Q1022 NOSIG,AviationWeather.gov METAR
2026-09-11T16:03:44.728922+00:00,LIMC,2026-09-11T16:00:00.000Z,25.0,15.0,5.0,METAR LIMC 111550Z 28005KT 220V330 CAVOK 25/15 Q1017 NOSIG,AviationWeather.gov METAR
2026-09-11T16:03:44.728924+00:00,LTAC,2026-09-11T16:00:00.000Z,29.0,1.0,3.0,METAR LTAC 111550Z 34003KT CAVOK 29/01 Q1018 NOSIG,AviationWeather.gov METAR
2026-09-11T16:03:44.728927+00:00,MMMX,2026-09-11T16:00:00.000Z,20.0,13.0,0.0,METAR MMMX 111545Z 00000KT 7SM SCT015 BKN200 20/13 A3039 NOSIG RMK 8/108 HZY,AviationWeather.gov METAR
2026-09-11T16:03:44.728930+00:00,MPMG,2026-09-11T16:00:00.000Z,31.0,26.0,7.0,METAR MPMG 111600Z 17007KT 130V210 9000 SCT016CB SCT080 31/26 Q1010 TEMPO TS,AviationWeather.gov METAR
2026-09-11T16:03:44.728933+00:00,NZWN,2026-09-11T15:30:00.000Z,11.0,6.0,7.0,METAR NZWN 111530Z AUTO 19007KT 9999 NCD 11/06 Q1004,AviationWeather.gov METAR
2026-09-11T16:03:44.728936+00:00,OEJN,2026-09-11T16:00:00.000Z,33.0,27.0,8.0,METAR OEJN 111600Z 30008KT 270V350 9999 SCT035 33/27 Q1005 NOSIG,AviationWeather.gov METAR
2026-09-11T16:03:44.728939+00:00,OPKC,2026-09-11T16:00:00.000Z,28.0,22.0,8.0,METAR OPKC 111600Z 23008KT 5000 HZ FEW030 28/22 Q1008 NOSIG,AviationWeather.gov METAR
2026-09-11T16:03:44.728942+00:00,RJTT,2026-09-11T15:30:00.000Z,21.0,20.0,7.0,METAR RJTT 111530Z 36007KT 5000 -RA BR FEW005 BKN007 BKN012 21/20 Q1020 TEMPO 4000 -SHRA BR,AviationWeather.gov METAR
2026-09-11T16:03:44.728945+00:00,RKPK,2026-09-11T15:00:00.000Z,21.0,17.0,6.0,METAR RKPK 111500Z 05006KT CAVOK 21/17 Q1020,AviationWeather.gov METAR
2026-09-11T16:03:44.728947+00:00,RKSI,2026-09-11T15:30:00.000Z,19.0,17.0,1.0,METAR RKSI 111530Z 05001KT CAVOK 19/17 Q1022 NOSIG,AviationWeather.gov METAR
2026-09-11T16:03:44.728950+00:00,RPLL,2026-09-11T16:00:00.000Z,28.0,25.0,1.0,METAR RPLL 111600Z VRB01KT 9000 FEW025 OVC100 28/25 Q1012 NOSIG RMK A2988,AviationWeather.gov METAR
2026-09-11T16:03:44.728953+00:00,SAEZ,2026-09-11T15:00:00.000Z,18.0,11.0,7.0,METAR SAEZ 111500Z 17007KT 9999 FEW042 OVC200 18/11 Q1015 NOSIG,AviationWeather.gov METAR
2026-09-11T16:03:44.728955+00:00,SBGR,2026-09-11T15:00:00.000Z,23.0,20.0,11.0,METAR SBGR 111500Z 05011KT 9999 FEW020 23/20 Q1016,AviationWeather.gov METAR
2026-09-11T16:03:44.728958+00:00,VILK,2026-09-11T16:00:00.000Z,28.0,26.0,5.0,METAR VILK 111600Z 06005KT 4000 BR FEW100 28/26 Q1008 NOSIG,AviationWeather.gov METAR
2026-09-11T16:03:44.728961+00:00,WMKK,2026-09-11T15:30:00.000Z,27.0,25.0,0.0,METAR WMKK 111530Z 00000KT 9999 FEW017CB 27/25 Q1011 NOSIG,AviationWeather.gov METAR
2026-09-11T16:03:44.728964+00:00,WSSS,2026-09-11T16:00:00.000Z,27.0,25.0,2.0,METAR WSSS 111600Z 32002KT 6000 FEW018 BKN150 27/25 Q1012 NOSIG,AviationWeather.gov METAR
2026-09-11T16:03:44.728966+00:00,ZBAA,2026-09-11T15:30:00.000Z,17.0,14.0,2.0,METAR ZBAA 111530Z VRB01MPS CAVOK 17/14 Q1019 NOSIG,AviationWeather.gov METAR
2026-09-11T16:03:44.728969+00:00,ZGGG,2026-09-11T15:30:00.000Z,27.0,19.0,12.0,METAR ZGGG 111530Z 36006MPS CAVOK 27/19 Q1015 NOSIG,AviationWeather.gov METAR
2026-09-11T16:03:44.728971+00:00,ZGSZ,2026-09-11T15:00:00.000Z,29.0,22.0,4.0,METAR ZGSZ 111500Z 10002MPS CAVOK 29/22 Q1014 NOSIG,AviationWeather.gov METAR
2026-09-11T16:03:44.728974+00:00,ZHCC,2026-09-11T15:00:00.000Z,20.0,15.0,2.0,METAR ZHCC 111500Z VRB01MPS CAVOK 20/15 Q1022 NOSIG,AviationWeather.gov METAR
2026-09-11T16:03:44.728977+00:00,ZHHH,2026-09-11T15:00:00.000Z,22.0,13.0,4.0,METAR ZHHH 111500Z 03002MPS CAVOK 22/13 Q1020 NOSIG,AviationWeather.gov METAR
2026-09-11T16:03:44.728980+00:00,ZSPD,2026-09-11T15:30:00.000Z,25.0,18.0,10.0,METAR ZSPD 111530Z 05005MPS 010V070 CAVOK 25/18 Q1020 NOSIG,AviationWeather.gov METAR
2026-09-11T16:03:44.728983+00:00,ZSQD,2026-09-11T15:00:00.000Z,20.0,12.0,4.0,METAR ZSQD 111500Z 18002MPS CAVOK 20/12 Q1022 NOSIG,AviationWeather.gov METAR
2026-09-11T16:03:44.728986+00:00,ZUCK,2026-09-11T15:00:00.000Z,22.0,19.0,2.0,METAR ZUCK 111500Z VRB01MPS 9999 OVC040 22/19 Q1022 NOSIG,AviationWeather.gov METAR
2026-09-11T16:03:44.728988+00:00,ZUUU,2026-09-11T15:00:00.000Z,20.0,17.0,4.0,METAR ZUUU 111500Z 20002MPS CAVOK 20/17 Q1023 NOSIG,AviationWeather.gov METAR
2026-09-11T16:58:01.005479+00:00,CYYZ,2026-09-11T16:00:00.000Z,20.0,10.0,4.0,METAR CYYZ 111600Z 02004KT 010V150 15SM FEW030 20/10 A3008 RMK CU1 SLP188 DENSITY ALT 1100FT,AviationWeather.gov METAR
2026-09-11T16:58:01.005501+00:00,EDDM,2026-09-11T17:00:00.000Z,19.0,10.0,2.0,METAR EDDM 111650Z AUTO 29002KT CAVOK 19/10 Q1022 NOSIG,AviationWeather.gov METAR
2026-09-11T16:58:01.005507+00:00,EFHK,2026-09-11T17:00:00.000Z,14.0,7.0,8.0,METAR EFHK 111650Z 27008KT CAVOK 14/07 Q1013 NOSIG,AviationWeather.gov METAR
2026-09-11T16:58:01.005511+00:00,EGLC,2026-09-11T17:00:00.000Z,21.0,11.0,3.0,METAR EGLC 111650Z AUTO 34003KT 290V030 9999 SCT044 21/11 Q1022,AviationWeather.gov METAR
2026-09-11T16:58:01.005515+00:00,EHAM,2026-09-11T16:25:00.000Z,19.0,15.0,9.0,METAR EHAM 111625Z 30009KT 9999 -SHRA FEW015 FEW020TCU 19/15 Q1020 NOSIG,AviationWeather.gov METAR
2026-09-11T16:58:01.005518+00:00,EPWA,2026-09-11T16:30:00.000Z,15.0,8.0,5.0,METAR EPWA 111630Z 32005KT CAVOK 15/08 Q1021 NOSIG,AviationWeather.gov METAR
2026-09-11T16:58:01.005522+00:00,FACT,2026-09-11T16:00:00.000Z,19.0,13.0,18.0,METAR FACT 111600Z 17018KT 9999 FEW025 19/13 Q1016 NOSIG,AviationWeather.gov METAR
2026-09-11T16:58:01.005529+00:00,KATL,2026-09-11T17:00:00.000Z,28.3,20.6,9.0,METAR KATL 111652Z 07009KT 10SM TS SCT038CB BKN075 BKN110 BKN200 28/21 A3002 RMK AO2 RAE50 TSB18 SLP153 VIS LWR NE OCNL LTGICCG NE TS NE MOV NE TCU OHD-S-W-NW P0000 T02830206,AviationWeather.gov METAR
2026-09-11T16:58:01.005534+00:00,KAUS,2026-09-11T17:00:00.000Z,33.9,23.3,11.0,METAR KAUS 111653Z 21011G15KT 10SM FEW200 FEW300 34/23 A2991 RMK AO2 SLP117 T03390233,AviationWeather.gov METAR
2026-09-11T16:58:01.005538+00:00,KBKF,2026-09-11T16:00:00.000Z,26.7,-1.2,6.0,METAR KBKF 111558Z 22006KT 10SM SCT120 SCT220 27/M01 A3003 RMK AO2A SLP076 T02671012,AviationWeather.gov METAR
2026-09-11T16:58:01.005542+00:00,KDAL,2026-09-11T17:00:00.000Z,33.3,21.7,0.0,METAR KDAL 111653Z 00000KT 10SM FEW075 FEW130 BKN200 BKN250 33/22 A2990 RMK AO2 SLP118 T03330217,AviationWeather.gov METAR
2026-09-11T16:58:01.005545+00:00,KHOU,2026-09-11T17:00:00.000Z,32.2,24.4,11.0,METAR KHOU 111653Z 20011G17KT 10SM SCT034 SCT150 BKN250 32/24 A2994 RMK AO2 SLP142 T03220244,AviationWeather.gov METAR
2026-09-11T16:58:01.005548+00:00,KLAX,2026-09-11T17:00:00.000Z,27.2,20.6,4.0,METAR KLAX 111653Z 15004KT 10SM FEW010 27/21 A2988 RMK AO2 SLP114 T02720206 $,AviationWeather.gov METAR
2026-09-11T16:58:01.005552+00:00,KLGA,2026-09-11T17:00:00.000Z,24.4,11.1,7.0,METAR KLGA 111651Z 32007KT 10SM FEW070 SCT120 SCT250 24/11 A2999 RMK AO2 SLP154 T02440111,AviationWeather.gov METAR
2026-09-11T16:58:01.005555+00:00,KMIA,2026-09-11T17:00:00.000Z,28.3,24.4,0.0,METAR KMIA 111653Z COR 00000KT 10SM FEW020 FEW042 SCT110 BKN260 28/24 A3005 RMK AO2 LTG DSNT SW-N TSB05E30 SLP174 CB DSNT ALQDS MOV N T02830244 $,AviationWeather.gov METAR
2026-09-11T16:58:01.005558+00:00,KORD,2026-09-11T17:00:00.000Z,26.1,11.7,8.0,METAR KORD 111651Z 17008KT 10SM FEW055 SCT210 SCT300 26/12 A3004 RMK AO2 SLP168 T02610117,AviationWeather.gov METAR
2026-09-11T16:58:01.005561+00:00,KSEA,2026-09-11T17:00:00.000Z,15.0,8.3,8.0,METAR KSEA 111653Z 18008KT 10SM SCT030 SCT060 BKN220 15/08 A3002 RMK AO2 SLP172 T01500083 $,AviationWeather.gov METAR
2026-09-11T16:58:01.005564+00:00,KSFO,2026-09-11T16:26:00.000Z,18.3,13.3,7.0,SPECI KSFO 111626Z 29007KT 10SM FEW004 SCT012 18/13 A2995 RMK AO2 T01830133,AviationWeather.gov METAR
2026-09-11T16:58:01.005567+00:00,LEMD,2026-09-11T16:30:00.000Z,32.0,-5.0,1.0,METAR LEMD 111630Z 22001KT CAVOK 32/M05 Q1019 NOSIG,AviationWeather.gov METAR
2026-09-11T16:58:01.005570+00:00,LFPB,2026-09-11T16:30:00.000Z,23.0,11.0,5.0,METAR LFPB 111630Z AUTO 33005KT 280V010 CAVOK 23/11 Q1022 NOSIG,AviationWeather.gov METAR
2026-09-11T16:58:01.005573+00:00,LIMC,2026-09-11T17:00:00.000Z,25.0,14.0,4.0,METAR LIMC 111650Z 22004KT 190V270 CAVOK 25/14 Q1017 NOSIG,AviationWeather.gov METAR
2026-09-11T16:58:01.005576+00:00,LTAC,2026-09-11T17:00:00.000Z,27.0,3.0,7.0,METAR LTAC 111650Z 12007KT CAVOK 27/03 Q1018 NOSIG,AviationWeather.gov METAR
2026-09-11T16:58:01.005579+00:00,MMMX,2026-09-11T16:00:00.000Z,20.0,13.0,0.0,METAR MMMX 111545Z 00000KT 7SM SCT015 BKN200 20/13 A3039 NOSIG RMK 8/108 HZY,AviationWeather.gov METAR
2026-09-11T16:58:01.005582+00:00,MPMG,2026-09-11T16:38:00.000Z,31.0,27.0,6.0,SPECI MPMG 111638Z 17006KT 130V220 9000 TS VCSH SCT016CB SCT080 31/27 Q1010 TEMPO 6000 TSRA,AviationWeather.gov METAR
2026-09-11T16:58:01.005585+00:00,NZWN,2026-09-11T16:30:00.000Z,9.0,6.0,4.0,METAR NZWN 111630Z AUTO 15004KT 130V190 9999 NCD 09/06 Q1005,AviationWeather.gov METAR
2026-09-11T16:58:01.005588+00:00,OEJN,2026-09-11T16:00:00.000Z,33.0,27.0,8.0,METAR OEJN 111600Z 30008KT 270V350 9999 SCT035 33/27 Q1005 NOSIG,AviationWeather.gov METAR
2026-09-11T16:58:01.005591+00:00,OPKC,2026-09-11T16:30:00.000Z,28.0,22.0,7.0,METAR OPKC 111630Z 23007KT 5000 HZ FEW030 28/22 Q1008 NOSIG,AviationWeather.gov METAR
2026-09-11T16:58:01.005595+00:00,RJTT,2026-09-11T16:30:00.000Z,21.0,20.0,8.0,METAR RJTT 111630Z 01008KT 9000 -RA FEW004 SCT007 BKN014 21/20 Q1020 TEMPO FEW005 BKN008,AviationWeather.gov METAR
2026-09-11T16:58:01.005597+00:00,RKPK,2026-09-11T16:00:00.000Z,20.0,17.0,3.0,METAR RKPK 111600Z 36003KT CAVOK 20/17 Q1020,AviationWeather.gov METAR
2026-09-11T16:58:01.005600+00:00,RKSI,2026-09-11T16:30:00.000Z,19.0,17.0,1.0,METAR RKSI 111630Z 12001KT CAVOK 19/17 Q1022 NOSIG,AviationWeather.gov METAR
2026-09-11T16:58:01.005603+00:00,RPLL,2026-09-11T16:00:00.000Z,28.0,25.0,1.0,METAR RPLL 111600Z VRB01KT 9000 FEW025 OVC100 28/25 Q1012 NOSIG RMK A2988,AviationWeather.gov METAR
2026-09-11T16:58:01.005606+00:00,SAEZ,2026-09-11T16:00:00.000Z,18.0,10.0,5.0,METAR SAEZ 111600Z 16005KT 9999 FEW048 OVC200 18/10 Q1015 NOSIG,AviationWeather.gov METAR
2026-09-11T16:58:01.005609+00:00,SBGR,2026-09-11T16:00:00.000Z,26.0,19.0,13.0,METAR SBGR 111600Z 01013G24KT 9999 FEW030 26/19 Q1015 WS ALL RWY,AviationWeather.gov METAR
2026-09-11T16:58:01.005612+00:00,VILK,2026-09-11T16:30:00.000Z,28.0,26.0,5.0,METAR VILK 111630Z 06005KT 4000 BR FEW100 28/26 Q1008 NOSIG,AviationWeather.gov METAR
2026-09-11T16:58:01.005615+00:00,WMKK,2026-09-11T16:30:00.000Z,27.0,25.0,2.0,METAR WMKK 111630Z VRB02KT 9999 FEW017CB 27/25 Q1011 NOSIG,AviationWeather.gov METAR
2026-09-11T16:58:01.005618+00:00,WSSS,2026-09-11T16:30:00.000Z,26.0,25.0,2.0,METAR WSSS 111630Z 32002KT 6000 FEW018 BKN150 26/25 Q1012 NOSIG,AviationWeather.gov METAR
2026-09-11T16:58:01.005621+00:00,ZBAA,2026-09-11T16:30:00.000Z,17.0,14.0,4.0,METAR ZBAA 111630Z 09002MPS CAVOK 17/14 Q1019 NOSIG,AviationWeather.gov METAR
2026-09-11T16:58:01.005624+00:00,ZGGG,2026-09-11T16:30:00.000Z,27.0,19.0,10.0,METAR ZGGG 111630Z 36005MPS CAVOK 27/19 Q1015 NOSIG,AviationWeather.gov METAR
2026-09-11T16:58:01.005627+00:00,ZGSZ,2026-09-11T16:00:00.000Z,29.0,22.0,6.0,METAR ZGSZ 111600Z 08003MPS CAVOK 29/22 Q1014 NOSIG,AviationWeather.gov METAR
2026-09-11T16:58:01.005630+00:00,ZHCC,2026-09-11T16:00:00.000Z,19.0,18.0,2.0,METAR ZHCC 111600Z 29001MPS CAVOK 19/18 Q1022 NOSIG,AviationWeather.gov METAR
2026-09-11T16:58:01.005633+00:00,ZHHH,2026-09-11T16:00:00.000Z,21.0,13.0,4.0,METAR ZHHH 111600Z 04002MPS CAVOK 21/13 Q1020 NOSIG,AviationWeather.gov METAR
2026-09-11T16:58:01.005636+00:00,ZSPD,2026-09-11T16:30:00.000Z,25.0,18.0,8.0,METAR ZSPD 111630Z 05004MPS 350V080 CAVOK 25/18 Q1020 NOSIG,AviationWeather.gov METAR
2026-09-11T16:58:01.005639+00:00,ZSQD,2026-09-11T16:00:00.000Z,20.0,12.0,2.0,METAR ZSQD 111600Z VRB01MPS CAVOK 20/12 Q1022 NOSIG,AviationWeather.gov METAR
2026-09-11T16:58:01.005642+00:00,ZUCK,2026-09-11T16:00:00.000Z,22.0,20.0,4.0,METAR ZUCK 111600Z 01002MPS 9999 FEW040 22/20 Q1022 NOSIG,AviationWeather.gov METAR
2026-09-11T16:58:01.005645+00:00,ZUUU,2026-09-11T16:00:00.000Z,20.0,17.0,6.0,METAR ZUUU 111600Z 18003MPS CAVOK 20/17 Q1023 NOSIG,AviationWeather.gov METAR
2026-09-11T19:32:32.686333+00:00,CYYZ,2026-09-11T19:00:00.000Z,23.0,6.0,0.0,METAR CYYZ 111900Z 00000KT 15SM FEW020 FEW250 23/06 A3005 RMK CF1CI1 CF TR CI TR SLP176 DENSITY ALT 1500FT,AviationWeather.gov METAR
2026-09-11T19:32:32.686352+00:00,EDDM,2026-09-11T19:20:00.000Z,11.0,10.0,1.0,METAR EDDM 111920Z AUTO VRB01KT CAVOK 11/10 Q1024 NOSIG,AviationWeather.gov METAR
2026-09-11T19:32:32.686358+00:00,EFHK,2026-09-11T19:20:00.000Z,11.0,8.0,7.0,METAR EFHK 111920Z 26007KT 9999 FEW045 11/08 Q1014 NOSIG,AviationWeather.gov METAR
2026-09-11T19:32:32.686362+00:00,EGLC,2026-09-11T19:20:00.000Z,20.0,12.0,2.0,METAR EGLC 111920Z AUTO VRB02KT 9999 NCD 20/12 Q1023,AviationWeather.gov METAR
2026-09-11T19:32:32.686365+00:00,EHAM,2026-09-11T19:25:00.000Z,16.0,15.0,4.0,METAR EHAM 111925Z 34004KT 9999 FEW016 16/15 Q1022 NOSIG,AviationWeather.gov METAR
2026-09-11T19:32:32.686369+00:00,EPWA,2026-09-11T19:00:00.000Z,15.0,8.0,4.0,METAR EPWA 111900Z 32004KT CAVOK 15/08 Q1021 NOSIG,AviationWeather.gov METAR
2026-09-11T19:32:32.686372+00:00,FACT,2026-09-11T19:00:00.000Z,17.0,13.0,14.0,METAR FACT 111900Z 18014KT CAVOK 17/13 Q1017 NOSIG,AviationWeather.gov METAR
2026-09-11T19:32:32.686378+00:00,KATL,2026-09-11T19:00:00.000Z,28.9,23.3,5.0,METAR KATL 111852Z 31005KT 10SM TS SCT030CB SCT075 BKN150 BKN200 29/23 A2995 RMK AO2 RAB23E32 TSB23 SLP132 OCNL LTGCGICCC W AND VC E-SE TS W AND VC E-SE MOV NW TCU N-E-S P0011 T02890233,AviationWeather.gov METAR
2026-09-11T19:32:32.686383+00:00,KAUS,2026-09-11T19:00:00.000Z,36.7,21.7,9.0,METAR KAUS 111853Z 17009G16KT 10SM FEW060 SCT200 SCT300 37/22 A2985 RMK AO2 SLP095 T03670217,AviationWeather.gov METAR
2026-09-11T19:32:32.686387+00:00,KBKF,2026-09-11T19:00:00.000Z,30.7,-5.8,9.0,METAR KBKF 111858Z 01009KT 10SM SCT120 SCT180 BKN250 31/M06 A3001 RMK AO2A SLP065 T03071058,AviationWeather.gov METAR
2026-09-11T19:32:32.686390+00:00,KDAL,2026-09-11T19:25:00.000Z,36.7,20.6,0.0,SPECI KDAL 111925Z COR 00000KT 10SM TS FEW050CB FEW080 SCT130 BKN200 BKN250 37/21 A2982 RMK AO2 TSB25 OCNL LTGIC TS S-SW MOV SE TCU SE-S AND DSNT NE-SE T03670206,AviationWeather.gov METAR
2026-09-11T19:32:32.686393+00:00,KHOU,2026-09-11T19:00:00.000Z,33.9,23.3,10.0,METAR KHOU 111853Z 19010G18KT 10SM FEW025 SCT041 BKN250 34/23 A2988 RMK AO2 SLP123 TCU SHRA DSNT N T03390233,AviationWeather.gov METAR
2026-09-11T19:32:32.686396+00:00,KLAX,2026-09-11T19:00:00.000Z,27.8,21.1,4.0,METAR KLAX 111853Z 20004KT 10SM FEW010 FEW250 28/21 A2988 RMK AO2 SLP116 T02780211 $,AviationWeather.gov METAR
2026-09-11T19:32:32.686399+00:00,KLGA,2026-09-11T19:00:00.000Z,26.1,10.0,5.0,METAR KLGA 111851Z 28005G17KT 10SM FEW070 FEW120 SCT250 26/10 A2997 RMK AO2 SLP148 T02610100,AviationWeather.gov METAR
2026-09-11T19:32:32.686403+00:00,KMIA,2026-09-11T19:00:00.000Z,30.6,25.6,5.0,METAR KMIA 111853Z VRB05KT 10SM SCT023 BKN100 OVC250 31/26 A2999 RMK AO2 LTG DSNT NE SLP157 CB DSNT SW-S AND NE MOV N T03060256 $,AviationWeather.gov METAR
2026-09-11T19:32:32.686406+00:00,KORD,2026-09-11T19:00:00.000Z,27.2,12.2,6.0,METAR KORD 111851Z 17006KT 10SM FEW060 FEW300 27/12 A2997 RMK AO2 SLP146 T02720122,AviationWeather.gov METAR
2026-09-11T19:32:32.686409+00:00,KSEA,2026-09-11T19:00:00.000Z,16.1,8.9,7.0,METAR KSEA 111853Z 23007KT 10SM FEW028 BKN041 BKN180 BKN220 16/09 A3003 RMK AO2 SLP175 T01610089 $,AviationWeather.gov METAR
2026-09-11T19:32:32.686412+00:00,KSFO,2026-09-11T19:00:00.000Z,20.6,13.9,14.0,METAR KSFO 111856Z 31014KT 10SM FEW005 FEW012 SCT200 21/14 A2995 RMK AO2 SLP140 T02060139,AviationWeather.gov METAR
2026-09-11T19:32:32.686416+00:00,LEMD,2026-09-11T19:00:00.000Z,26.0,-3.0,3.0,METAR LEMD 111900Z 18003KT 150V220 CAVOK 26/M03 Q1020 NOSIG,AviationWeather.gov METAR
2026-09-11T19:32:32.686419+00:00,LFPB,2026-09-11T19:00:00.000Z,21.0,14.0,5.0,METAR LFPB 111900Z AUTO 33005KT 300V360 CAVOK 21/14 Q1023 NOSIG,AviationWeather.gov METAR
2026-09-11T19:32:32.686422+00:00,LIMC,2026-09-11T19:20:00.000Z,19.0,15.0,1.0,METAR LIMC 111920Z VRB01KT CAVOK 19/15 Q1019 NOSIG,AviationWeather.gov METAR
2026-09-11T19:32:32.686426+00:00,LTAC,2026-09-11T19:20:00.000Z,21.0,4.0,6.0,METAR LTAC 111920Z 03006KT 360V060 CAVOK 21/04 Q1019 NOSIG,AviationWeather.gov METAR
2026-09-11T19:32:32.686429+00:00,MMMX,2026-09-11T19:00:00.000Z,24.0,11.0,0.0,METAR MMMX 111848Z 00000KT 4SM FEW020 OVC200 24/11 A3032 NOSIG RMK 8/107 HZY ISOL AC,AviationWeather.gov METAR
2026-09-11T19:32:32.686432+00:00,MPMG,2026-09-11T19:00:00.000Z,29.0,26.0,5.0,METAR MPMG 111900Z 25005KT 9999 SCT015CB BKN080 29/26 Q1008 RETS NOSIG,AviationWeather.gov METAR
2026-09-11T19:32:32.686435+00:00,NZWN,2026-09-11T19:00:00.000Z,6.0,5.0,3.0,METAR NZWN 111900Z AUTO 02003KT 9999 NCD 06/05 Q1008,AviationWeather.gov METAR
2026-09-11T19:32:32.686438+00:00,OEJN,2026-09-11T19:00:00.000Z,33.0,26.0,9.0,METAR OEJN 111900Z 34009KT 9999 FEW040 33/26 Q1007 NOSIG,AviationWeather.gov METAR
2026-09-11T19:32:32.686441+00:00,OPKC,2026-09-11T19:00:00.000Z,27.0,23.0,8.0,METAR OPKC 111900Z 26008KT 5000 HZ BKN025 27/23 Q1009 NOSIG,AviationWeather.gov METAR
2026-09-11T19:32:32.686444+00:00,RJTT,2026-09-11T19:00:00.000Z,21.0,20.0,9.0,METAR RJTT 111900Z 01009KT 9999 -RA FEW004 BKN006 BKN020 21/20 Q1020 NOSIG,AviationWeather.gov METAR
2026-09-11T19:32:32.686447+00:00,RKPK,2026-09-11T19:00:00.000Z,18.0,17.0,2.0,METAR RKPK 111900Z 06002KT CAVOK 18/17 Q1020,AviationWeather.gov METAR
2026-09-11T19:32:32.686450+00:00,RKSI,2026-09-11T19:00:00.000Z,19.0,16.0,1.0,METAR RKSI 111900Z 04001KT CAVOK 19/16 Q1021 NOSIG,AviationWeather.gov METAR
2026-09-11T19:32:32.686454+00:00,RPLL,2026-09-11T19:00:00.000Z,27.0,25.0,2.0,METAR RPLL 111900Z VRB02KT 9000 FEW025 OVC150 27/25 Q1011 NOSIG RMK A2985,AviationWeather.gov METAR
2026-09-11T19:32:32.686457+00:00,SAEZ,2026-09-11T19:00:00.000Z,19.0,10.0,7.0,METAR SAEZ 111900Z 17007KT 9999 FEW045TCU OVC100 19/10 Q1015 TEMPO 8000 -TSRA BKN040 FEW050CB,AviationWeather.gov METAR
2026-09-11T19:32:32.686460+00:00,SBGR,2026-09-11T19:00:00.000Z,28.0,19.0,13.0,METAR SBGR 111900Z 34013KT CAVOK 28/19 Q1012 WS ALL RWY,AviationWeather.gov METAR
2026-09-11T19:32:32.686463+00:00,VILK,2026-09-11T18:30:00.000Z,28.0,26.0,5.0,METAR VILK 111830Z 05005KT 4000 BR FEW100 28/26 Q1009 NOSIG,AviationWeather.gov METAR
2026-09-11T19:32:32.686465+00:00,WMKK,2026-09-11T19:00:00.000Z,26.0,25.0,3.0,METAR WMKK 111900Z VRB03KT 9999 TS FEW017CB 26/25 Q1010 NOSIG,AviationWeather.gov METAR
2026-09-11T19:32:32.686468+00:00,WSSS,2026-09-11T19:30:00.000Z,26.0,25.0,1.0,METAR WSSS 111930Z VRB01KT 6000 FEW016 SCT150 BKN280 26/25 Q1010 NOSIG,AviationWeather.gov METAR
2026-09-11T19:32:32.686471+00:00,ZBAA,2026-09-11T19:00:00.000Z,15.0,14.0,2.0,METAR ZBAA 111900Z 07001MPS CAVOK 15/14 Q1018 NOSIG,AviationWeather.gov METAR
2026-09-11T19:32:32.686474+00:00,ZGGG,2026-09-11T19:00:00.000Z,26.0,19.0,8.0,METAR ZGGG 111900Z 01004MPS CAVOK 26/19 Q1014 NOSIG,AviationWeather.gov METAR
2026-09-11T19:32:32.686477+00:00,ZGSZ,2026-09-11T19:00:00.000Z,28.0,20.0,12.0,METAR ZGSZ 111900Z 03006MPS 9999 SCT050 28/20 Q1013 NOSIG,AviationWeather.gov METAR
2026-09-11T19:32:32.686480+00:00,ZHCC,2026-09-11T19:00:00.000Z,19.0,19.0,2.0,METAR ZHCC 111900Z VRB01MPS 8000 NSC 19/19 Q1021 NOSIG,AviationWeather.gov METAR
2026-09-11T19:32:32.686483+00:00,ZHHH,2026-09-11T19:00:00.000Z,19.0,15.0,2.0,METAR ZHHH 111900Z 36001MPS CAVOK 19/15 Q1019 NOSIG,AviationWeather.gov METAR
2026-09-11T19:32:32.686486+00:00,ZSPD,2026-09-11T19:00:00.000Z,24.0,19.0,8.0,METAR ZSPD 111900Z 05004MPS CAVOK 24/19 Q1019 NOSIG,AviationWeather.gov METAR
2026-09-11T19:32:32.686489+00:00,ZSQD,2026-09-11T19:00:00.000Z,20.0,13.0,0.0,METAR ZSQD 111900Z 00000MPS CAVOK 20/13 Q1021 NOSIG,AviationWeather.gov METAR
2026-09-11T19:32:32.686492+00:00,ZUCK,2026-09-11T19:00:00.000Z,21.0,20.0,2.0,METAR ZUCK 111900Z VRB01MPS 7000 -RA FEW010 SCT020 OVC050 21/20 Q1020 NOSIG,AviationWeather.gov METAR
2026-09-11T19:32:32.686495+00:00,ZUUU,2026-09-11T19:00:00.000Z,19.0,17.0,2.0,METAR ZUUU 111900Z 21001MPS CAVOK 19/17 Q1021 NOSIG,AviationWeather.gov METAR
2026-09-11T21:57:27.407374+00:00,CYYZ,2026-09-11T21:00:00.000Z,22.0,10.0,7.0,METAR CYYZ 112100Z 15007KT 15SM SKC 22/10 A3001 RMK SLP165 DENSITY ALT 1400FT,AviationWeather.gov METAR
2026-09-11T21:57:27.407395+00:00,EDDM,2026-09-11T22:00:00.000Z,8.0,8.0,1.0,METAR EDDM 112150Z AUTO VRB01KT CAVOK 08/08 Q1024 NOSIG,AviationWeather.gov METAR
2026-09-11T21:57:27.407401+00:00,EFHK,2026-09-11T22:00:00.000Z,8.0,7.0,6.0,METAR EFHK 112150Z 25006KT CAVOK 08/07 Q1016 NOSIG,AviationWeather.gov METAR
2026-09-11T21:57:27.407405+00:00,EGLC,2026-09-11T22:00:00.000Z,19.0,12.0,3.0,METAR EGLC 112150Z AUTO 18003KT 150V220 9999 NCD 19/12 Q1023,AviationWeather.gov METAR
2026-09-11T21:57:27.407410+00:00,EHAM,2026-09-11T21:25:00.000Z,15.0,14.0,0.0,METAR EHAM 112125Z 00000KT 9999 MIFG FEW018 15/14 Q1023 NOSIG,AviationWeather.gov METAR
2026-09-11T21:57:27.407414+00:00,EPWA,2026-09-11T21:30:00.000Z,13.0,11.0,2.0,METAR EPWA 112130Z VRB02KT 9999 -RA NSC 13/11 Q1021 NOSIG,AviationWeather.gov METAR
2026-09-11T21:57:27.407418+00:00,FACT,2026-09-11T21:00:00.000Z,17.0,13.0,14.0,METAR FACT 112100Z 17014KT CAVOK 17/13 Q1017 NOSIG,AviationWeather.gov METAR
2026-09-11T21:57:27.407424+00:00,KATL,2026-09-11T22:00:00.000Z,23.9,22.2,0.0,METAR KATL 112152Z 00000KT 10SM FEW060 SCT100 BKN150 OVC200 24/22 A2997 RMK AO2 RAE33 TSE20 SLP139 OCNL LTGICCA DSNT N-NE CB DSNT N-NE P0021 T02390222 $,AviationWeather.gov METAR
2026-09-11T21:57:27.407429+00:00,KAUS,2026-09-11T22:00:00.000Z,37.2,18.3,4.0,METAR KAUS 112153Z 22004KT 10SM FEW045CB BKN080 BKN200 37/18 A2976 RMK AO2 SLP063 CB N MOV SE AND OCNL LTG DSNT W T03720183,AviationWeather.gov METAR
2026-09-11T21:57:27.407434+00:00,KBKF,2026-09-11T21:00:00.000Z,30.0,-7.9,0.0,METAR KBKF 112058Z 00000KT 10SM SCT080 SCT120 BKN140 BKN180 30/M08 A2997 RMK AO2A SLP059 T03001079 57013,AviationWeather.gov METAR
2026-09-11T21:57:27.407438+00:00,KDAL,2026-09-11T22:00:00.000Z,37.2,19.4,0.0,METAR KDAL 112153Z 00000KT 10SM FEW070 FEW200 SCT250 37/19 A2975 RMK AO2 SLP064 CB DSNT E-SE S-SW MOV SE TCU DSNT NE-E S-W T03720194,AviationWeather.gov METAR
2026-09-11T21:57:27.407441+00:00,KHOU,2026-09-11T22:00:00.000Z,31.1,23.9,9.0,METAR KHOU 112153Z 09009KT 10SM TS FEW040CB SCT080 SCT160 BKN250 31/24 A2983 RMK AO2 SLP103 OCNL LTGICCG E TS E MOV E T03110239,AviationWeather.gov METAR
2026-09-11T21:57:27.407445+00:00,KLAX,2026-09-11T22:00:00.000Z,27.2,20.6,11.0,METAR KLAX 112153Z 28011KT 10SM FEW250 27/21 A2982 RMK AO2 SLP097 T02720206,AviationWeather.gov METAR
2026-09-11T21:57:27.407449+00:00,KLGA,2026-09-11T22:00:00.000Z,25.6,10.6,10.0,METAR KLGA 112151Z 01010G16KT 10SM FEW070 FEW250 26/11 A2996 RMK AO2 SLP144 T02560106,AviationWeather.gov METAR
2026-09-11T21:57:27.407453+00:00,KMIA,2026-09-11T22:00:00.000Z,30.0,24.4,6.0,METAR KMIA 112153Z 16006KT 10SM SCT023 BKN100 BKN210 30/24 A2997 RMK AO2 LTG DSNT SW AND NW SLP149 CB DSNT SW-NW MOV N T03000244 $,AviationWeather.gov METAR
2026-09-11T21:57:27.407456+00:00,KORD,2026-09-11T22:00:00.000Z,26.7,12.8,7.0,METAR KORD 112151Z 14007G16KT 10SM FEW060 FEW300 27/13 A2991 RMK AO2 SLP124 T02670128,AviationWeather.gov METAR
2026-09-11T21:57:27.407460+00:00,KSEA,2026-09-11T22:00:00.000Z,18.9,7.8,9.0,METAR KSEA 112153Z 20009KT 10SM SCT045 BKN230 19/08 A2999 RMK AO2 SLP160 T01890078 $,AviationWeather.gov METAR
2026-09-11T21:57:27.407464+00:00,KSFO,2026-09-11T21:00:00.000Z,21.1,13.9,14.0,METAR KSFO 112056Z 31014KT 10SM FEW012 21/14 A2991 RMK AO2 SLP128 T02110139 58012,AviationWeather.gov METAR
2026-09-11T21:57:27.407468+00:00,LEMD,2026-09-11T21:30:00.000Z,22.0,0.0,3.0,METAR LEMD 112130Z 36003KT 340V040 CAVOK 22/M00 Q1021 NOSIG,AviationWeather.gov METAR
2026-09-11T21:57:27.407471+00:00,LFPB,2026-09-11T21:30:00.000Z,18.0,14.0,2.0,METAR LFPB 112130Z AUTO VRB02KT CAVOK 18/14 Q1024 NOSIG,AviationWeather.gov METAR
2026-09-11T21:57:27.407475+00:00,LIMC,2026-09-11T22:00:00.000Z,18.0,16.0,3.0,METAR LIMC 112150Z 05003KT CAVOK 18/16 Q1021 NOSIG,AviationWeather.gov METAR
2026-09-11T21:57:27.407479+00:00,LTAC,2026-09-11T22:00:00.000Z,18.0,5.0,8.0,METAR LTAC 112150Z 04008KT CAVOK 18/05 Q1020 NOSIG,AviationWeather.gov METAR
2026-09-11T21:57:27.407483+00:00,MMMX,2026-09-11T20:40:00.000Z,25.0,9.0,10.0,METAR MMMX 112040Z COR 08010KT 6SM SCT020TCU OVC220 25/09 A3025 TEMPO 4SM TSRA RMK SLP065 57027 962 8/207 HZY AC,AviationWeather.gov METAR
2026-09-11T21:57:27.407486+00:00,MPMG,2026-09-11T21:00:00.000Z,28.0,25.0,8.0,METAR MPMG 112100Z 31008KT 9999 FEW010 SCT015CB BKN070 28/25 Q1008 TEMPO TS,AviationWeather.gov METAR
2026-09-11T21:57:27.407490+00:00,NZWN,2026-09-11T21:30:00.000Z,12.0,7.0,2.0,METAR NZWN 112130Z AUTO 28002KT 9999 FEW019/// 12/07 Q1011,AviationWeather.gov METAR
2026-09-11T21:57:27.407494+00:00,OEJN,2026-09-11T21:00:00.000Z,32.0,25.0,7.0,METAR OEJN 112100Z 34007KT 9999 FEW040 32/25 Q1006 NOSIG,AviationWeather.gov METAR
2026-09-11T21:57:27.407497+00:00,OPKC,2026-09-11T21:30:00.000Z,27.0,23.0,5.0,METAR OPKC 112130Z 30005KT 5000 HZ BKN025 27/23 Q1008 NOSIG,AviationWeather.gov METAR
2026-09-11T21:57:27.407501+00:00,RJTT,2026-09-11T21:30:00.000Z,21.0,20.0,8.0,METAR RJTT 112130Z 36008KT 4000 -RA BR FEW003 SCT005 BKN014 21/20 Q1021 TEMPO FEW003 BKN008,AviationWeather.gov METAR
2026-09-11T21:57:27.407505+00:00,RKPK,2026-09-11T21:00:00.000Z,18.0,17.0,3.0,METAR RKPK 112100Z 35003KT CAVOK 18/17 Q1020,AviationWeather.gov METAR
2026-09-11T21:57:27.407508+00:00,RKSI,2026-09-11T21:30:00.000Z,20.0,17.0,4.0,METAR RKSI 112130Z 06004KT 030V090 CAVOK 20/17 Q1021 NOSIG,AviationWeather.gov METAR
2026-09-11T21:57:27.407512+00:00,RPLL,2026-09-11T21:00:00.000Z,26.0,26.0,2.0,METAR RPLL 112100Z VRB02KT 8000 FEW025 OVC130 26/26 Q1011 NOSIG RMK A2985,AviationWeather.gov METAR
2026-09-11T21:57:27.407516+00:00,SAEZ,2026-09-11T21:00:00.000Z,18.0,10.0,4.0,METAR SAEZ 112100Z 19004KT 9999 BKN040 OVC100 18/10 Q1016 TEMPO 8000 -TSRA BKN040 FEW050CB,AviationWeather.gov METAR
2026-09-11T21:57:27.407519+00:00,SBGR,2026-09-11T22:00:00.000Z,26.0,19.0,12.0,METAR SBGR 112200Z 34012KT CAVOK 26/19 Q1013,AviationWeather.gov METAR
2026-09-11T21:57:27.407523+00:00,VILK,2026-09-11T21:30:00.000Z,28.0,26.0,8.0,METAR VILK 112130Z 07008KT 4000 BR FEW100 28/26 Q1007 NOSIG,AviationWeather.gov METAR
2026-09-11T21:57:27.407527+00:00,WMKK,2026-09-11T21:30:00.000Z,25.0,24.0,6.0,METAR WMKK 112130Z 07006KT 010V130 8000 -TSRA FEW008 FEW017CB SCT030 25/24 Q1009 NOSIG,AviationWeather.gov METAR
2026-09-11T21:57:27.407530+00:00,WSSS,2026-09-11T21:30:00.000Z,26.0,25.0,1.0,METAR WSSS 112130Z VRB01KT 5000 HZ FEW016 SCT060 BKN280 26/25 Q1010 NOSIG,AviationWeather.gov METAR
2026-09-11T21:57:27.407534+00:00,ZBAA,2026-09-11T21:30:00.000Z,13.0,12.0,2.0,METAR ZBAA 112130Z VRB01MPS CAVOK 13/12 Q1018 NOSIG,AviationWeather.gov METAR
2026-09-11T21:57:27.407538+00:00,ZGGG,2026-09-11T21:30:00.000Z,25.0,19.0,10.0,METAR ZGGG 112130Z 01005MPS 9999 FEW060 25/19 Q1014 NOSIG,AviationWeather.gov METAR
2026-09-11T21:57:27.407541+00:00,ZGSZ,2026-09-11T21:00:00.000Z,28.0,20.0,10.0,METAR ZGSZ 112100Z 02005MPS 9999 FEW050 28/20 Q1013 NOSIG,AviationWeather.gov METAR
2026-09-11T21:57:27.407545+00:00,ZHCC,2026-09-11T21:00:00.000Z,19.0,19.0,0.0,METAR ZHCC 112100Z 00000MPS 8000 NSC 19/19 Q1021 NOSIG,AviationWeather.gov METAR
2026-09-11T21:57:27.407548+00:00,ZHHH,2026-09-11T21:00:00.000Z,19.0,14.0,4.0,METAR ZHHH 112100Z 04002MPS CAVOK 19/14 Q1019 NOSIG,AviationWeather.gov METAR
2026-09-11T21:57:27.407555+00:00,ZSPD,2026-09-11T21:30:00.000Z,24.0,19.0,8.0,METAR ZSPD 112130Z 05004MPS 350V130 CAVOK 24/19 Q1019 NOSIG,AviationWeather.gov METAR
2026-09-11T21:57:27.407559+00:00,ZSQD,2026-09-11T21:00:00.000Z,19.0,14.0,2.0,METAR ZSQD 112100Z VRB01MPS CAVOK 19/14 Q1021 NOSIG,AviationWeather.gov METAR
2026-09-11T21:57:27.407563+00:00,ZUCK,2026-09-11T21:00:00.000Z,21.0,20.0,4.0,METAR ZUCK 112100Z 06002MPS 6000 SCT020 OVC050 21/20 Q1020 NOSIG,AviationWeather.gov METAR
2026-09-11T21:57:27.407567+00:00,ZUUU,2026-09-11T21:00:00.000Z,19.0,17.0,4.0,METAR ZUUU 112100Z 19002MPS 9999 FEW023 SCT040 19/17 Q1021 NOSIG,AviationWeather.gov METAR
2026-09-12T00:03:25.195159+00:00,CYYZ,2026-09-11T23:00:00.000Z,20.0,11.0,6.0,METAR CYYZ 112300Z 15006KT 15SM SKC 20/11 A3001 RMK SLP165 DENSITY ALT 1200FT,AviationWeather.gov METAR
2026-09-12T00:03:25.195180+00:00,EDDM,2026-09-12T00:00:00.000Z,9.0,9.0,3.0,METAR EDDM 112350Z AUTO 24003KT 200V290 CAVOK 09/09 Q1025 NOSIG,AviationWeather.gov METAR
2026-09-12T00:03:25.195186+00:00,EFHK,2026-09-12T00:00:00.000Z,7.0,6.0,5.0,METAR EFHK 112350Z 25005KT CAVOK 07/06 Q1016 NOSIG,AviationWeather.gov METAR
2026-09-12T00:03:25.195190+00:00,EGLC,2026-09-12T00:00:00.000Z,17.0,12.0,6.0,METAR EGLC 112350Z AUTO 23006KT 190V250 9999 NCD 17/12 Q1023,AviationWeather.gov METAR
2026-09-12T00:03:25.195193+00:00,EHAM,2026-09-12T00:00:00.000Z,14.0,14.0,1.0,METAR EHAM 112355Z 36001KT 9999 MIFG FEW018 14/14 Q1023 TEMPO 1200 BCFG,AviationWeather.gov METAR
2026-09-12T00:03:25.195196+00:00,EPWA,2026-09-12T00:00:00.000Z,12.0,11.0,4.0,METAR EPWA 120000Z 18004KT 9999 -RA NSC 12/11 Q1022 NOSIG,AviationWeather.gov METAR
2026-09-12T00:03:25.195200+00:00,FACT,2026-09-11T23:00:00.000Z,17.0,13.0,11.0,METAR FACT 112300Z 16011KT CAVOK 17/13 Q1017 NOSIG,AviationWeather.gov METAR
2026-09-12T00:03:25.195206+00:00,KATL,2026-09-12T00:00:00.000Z,23.3,22.8,5.0,METAR KATL 112352Z 22005KT 10SM FEW004 BKN140 BKN200 BKN250 23/23 A2996 RMK AO2 RAE10 SLP137 P0000 60144 T02330228 10311 20217 55005 $,AviationWeather.gov METAR
2026-09-12T00:03:25.195211+00:00,KAUS,2026-09-12T00:00:00.000Z,28.9,21.7,14.0,METAR KAUS 112353Z 03014KT 10SM FEW055 SCT075 BKN095 29/22 A2981 RMK AO2 PK WND 03029/2341 WSHFT 2258 RAB00E49 TSE11 SLP082 OCNL LTGICCCCG DSNT E P0000 60000 T02890217 10394 20289 53014,AviationWeather.gov METAR
2026-09-12T00:03:25.195215+00:00,KBKF,2026-09-11T23:00:00.000Z,31.3,-5.4,7.0,METAR KBKF 112258Z 33007KT 10SM SCT110 BKN150 BKN220 31/M05 A2995 RMK AO2A SLP052 T03131054,AviationWeather.gov METAR
2026-09-12T00:03:25.195218+00:00,KDAL,2026-09-12T00:00:00.000Z,29.4,20.6,11.0,METAR KDAL 112353Z 19011G18KT 10SM SCT070 SCT140 SCT250 29/21 A2979 RMK AO2 SLP079 OCNL LTGIC DSNT SE-S CB DSNT N-E SE-SW W-NW MOV SE TCU DSNT NW-NE T02940206 10378 20294 53006,AviationWeather.gov METAR
2026-09-12T00:03:25.195221+00:00,KHOU,2026-09-12T00:00:00.000Z,31.1,25.6,12.0,METAR KHOU 112353Z 16012KT 10SM FEW040 FEW180 BKN250 31/26 A2981 RMK AO2 SLP099 T03110256 10344 20294 55009,AviationWeather.gov METAR
2026-09-12T00:03:25.195225+00:00,KLAX,2026-09-12T00:00:00.000Z,26.1,20.6,10.0,METAR KLAX 112353Z 25010KT 10SM FEW010 26/21 A2980 RMK AO2 SLP088 T02610206 10294 20261 56016,AviationWeather.gov METAR
2026-09-12T00:03:25.195228+00:00,KLGA,2026-09-12T00:00:00.000Z,25.0,11.1,6.0,METAR KLGA 112351Z 35006KT 10SM FEW250 25/11 A2999 RMK AO2 SLP153 T02500111 10267 20244 53009,AviationWeather.gov METAR
2026-09-12T00:03:25.195231+00:00,KMIA,2026-09-12T00:00:00.000Z,28.9,23.9,3.0,METAR KMIA 112353Z 14003KT 10SM FEW040 SCT100 BKN220 29/24 A2998 RMK AO2 SLP154 CB DSNT NW AND E MOV N T02890239 10311 20283 51012 $,AviationWeather.gov METAR
2026-09-12T00:03:25.195234+00:00,KORD,2026-09-12T00:00:00.000Z,23.9,12.8,12.0,METAR KORD 112351Z 12012KT 10SM FEW060 FEW300 24/13 A2989 RMK AO2 SLP118 T02390128 10278 20239 58011,AviationWeather.gov METAR
2026-09-12T00:03:25.195236+00:00,KSEA,2026-09-12T00:00:00.000Z,18.9,7.2,0.0,METAR KSEA 112353Z 00000KT 10SM FEW050 BKN230 19/07 A2995 RMK AO2 SLP148 T01890072 10194 20156 58017 $,AviationWeather.gov METAR
2026-09-12T00:03:25.195239+00:00,KSFO,2026-09-12T00:00:00.000Z,20.0,13.9,16.0,METAR KSFO 112356Z 28016KT 10SM FEW004 20/14 A2988 RMK AO2 SLP117 T02000139 10228 20194 56011,AviationWeather.gov METAR
2026-09-12T00:03:25.195243+00:00,LEMD,2026-09-11T23:30:00.000Z,22.0,3.0,5.0,METAR LEMD 112330Z 01005KT CAVOK 22/03 Q1022 NOSIG,AviationWeather.gov METAR
2026-09-12T00:03:25.195246+00:00,LFPB,2026-09-12T00:00:00.000Z,15.0,14.0,3.0,METAR LFPB 120000Z AUTO 02003KT CAVOK 15/14 Q1025 NOSIG,AviationWeather.gov METAR
2026-09-12T00:03:25.195249+00:00,LIMC,2026-09-12T00:00:00.000Z,18.0,15.0,3.0,METAR LIMC 112350Z 02003KT 350V060 CAVOK 18/15 Q1021 NOSIG,AviationWeather.gov METAR
2026-09-12T00:03:25.195252+00:00,LTAC,2026-09-12T00:00:00.000Z,16.0,3.0,3.0,METAR LTAC 112350Z 19003KT 150V210 CAVOK 16/03 Q1019 NOSIG,AviationWeather.gov METAR
2026-09-12T00:03:25.195255+00:00,MMMX,2026-09-11T23:57:00.000Z,21.0,12.0,20.0,SPECI MMMX 112357Z 04020KT 4SM +RA BKN015CB OVC070 21/12 A3024 NOSIG RMK 8/96/ HZY VSBY LWR 1ST QUAD RAB57,AviationWeather.gov METAR
2026-09-12T00:03:25.195258+00:00,MPMG,2026-09-11T23:00:00.000Z,28.0,25.0,7.0,METAR MPMG 112300Z 28007KT 9999 FEW010 SCT016 BKN090 28/25 Q1007 NOSIG,AviationWeather.gov METAR
2026-09-12T00:03:25.195261+00:00,NZWN,2026-09-11T23:30:00.000Z,12.0,8.0,11.0,METAR NZWN 112330Z AUTO 16011KT 9999 NCD 12/08 Q1012,AviationWeather.gov METAR
2026-09-12T00:03:25.195264+00:00,OEJN,2026-09-12T00:00:00.000Z,32.0,26.0,3.0,METAR OEJN 120000Z 15003KT 9999 FEW040 32/26 Q1005 NOSIG,AviationWeather.gov METAR
2026-09-12T00:03:25.195267+00:00,OPKC,2026-09-12T00:00:00.000Z,26.0,23.0,7.0,METAR OPKC 120000Z 29007KT 5000 HZ FEW018 BKN025 26/23 Q1008 NOSIG,AviationWeather.gov METAR
2026-09-12T00:03:25.195270+00:00,RJTT,2026-09-11T23:30:00.000Z,21.0,20.0,7.0,METAR RJTT 112330Z 36007KT 6000 -RA FEW004 SCT008 BKN025 21/20 Q1022 TEMPO 4000 -RA BR FEW003 BKN008,AviationWeather.gov METAR
2026-09-12T00:03:25.195273+00:00,RKPK,2026-09-11T23:00:00.000Z,21.0,18.0,2.0,METAR RKPK 112300Z 36002KT CAVOK 21/18 Q1021,AviationWeather.gov METAR
2026-09-12T00:03:25.195276+00:00,RKSI,2026-09-11T23:30:00.000Z,21.0,16.0,6.0,METAR RKSI 112330Z 05006KT CAVOK 21/16 Q1022 NOSIG,AviationWeather.gov METAR
2026-09-12T00:03:25.195279+00:00,RPLL,2026-09-11T23:00:00.000Z,27.0,26.0,1.0,METAR RPLL 112300Z VRB01KT 8000 FEW025 BKN100 27/26 Q1012 NOSIG RMK A2988,AviationWeather.gov METAR
2026-09-12T00:03:25.195282+00:00,SAEZ,2026-09-11T23:00:00.000Z,14.0,6.0,5.0,METAR SAEZ 112300Z 22005KT CAVOK 14/06 Q1018 TEMPO 8000 -TSRA BKN040 FEW050CB,AviationWeather.gov METAR
2026-09-12T00:03:25.195285+00:00,SBGR,2026-09-12T00:00:00.000Z,26.0,20.0,8.0,METAR SBGR 120000Z 32008KT CAVOK 26/20 Q1014,AviationWeather.gov METAR
2026-09-12T00:03:25.195288+00:00,VILK,2026-09-11T23:30:00.000Z,27.0,26.0,9.0,METAR VILK 112330Z 09009KT 3500 BR FEW100 27/26 Q1008 NOSIG,AviationWeather.gov METAR
2026-09-12T00:03:25.195291+00:00,WMKK,2026-09-11T23:30:00.000Z,25.0,24.0,0.0,METAR WMKK 112330Z 00000KT 8000 FEW008 FEW017CB 25/24 Q1010 NOSIG,AviationWeather.gov METAR
2026-09-12T00:03:25.195294+00:00,WSSS,2026-09-12T00:00:00.000Z,27.0,25.0,3.0,METAR WSSS 120000Z 32003KT 4000 HZ FEW016 BKN280 27/25 Q1012 NOSIG,AviationWeather.gov METAR
2026-09-12T00:03:25.195297+00:00,ZBAA,2026-09-11T23:30:00.000Z,18.0,15.0,2.0,METAR ZBAA 112330Z VRB01MPS CAVOK 18/15 Q1019 NOSIG,AviationWeather.gov METAR
2026-09-12T00:03:25.195300+00:00,ZGGG,2026-09-11T23:30:00.000Z,25.0,19.0,8.0,METAR ZGGG 112330Z 35004MPS 9999 FEW060 25/19 Q1015 NOSIG,AviationWeather.gov METAR
2026-09-12T00:03:25.195303+00:00,ZGSZ,2026-09-11T23:00:00.000Z,27.0,20.0,8.0,METAR ZGSZ 112300Z 02004MPS CAVOK 27/20 Q1014 NOSIG,AviationWeather.gov METAR
2026-09-12T00:03:25.195306+00:00,ZHCC,2026-09-11T23:00:00.000Z,19.0,19.0,2.0,METAR ZHCC 112300Z 28001MPS 7000 NSC 19/19 Q1021 NOSIG,AviationWeather.gov METAR
2026-09-12T00:03:25.195309+00:00,ZHHH,2026-09-11T23:00:00.000Z,20.0,15.0,4.0,METAR ZHHH 112300Z 03002MPS 360V060 CAVOK 20/15 Q1020 NOSIG,AviationWeather.gov METAR
2026-09-12T00:03:25.195312+00:00,ZSPD,2026-09-11T23:30:00.000Z,26.0,19.0,10.0,METAR ZSPD 112330Z 04005MPS 9999 FEW033 26/19 Q1020 NOSIG,AviationWeather.gov METAR
2026-09-12T00:03:25.195315+00:00,ZSQD,2026-09-11T23:00:00.000Z,20.0,14.0,2.0,METAR ZSQD 112300Z VRB01MPS CAVOK 20/14 Q1022 NOSIG,AviationWeather.gov METAR
2026-09-12T00:03:25.195318+00:00,ZUCK,2026-09-11T23:00:00.000Z,21.0,20.0,6.0,METAR ZUCK 112300Z 01003MPS 7000 FEW009 SCT020 OVC050 21/20 Q1021 NOSIG,AviationWeather.gov METAR
2026-09-12T00:03:25.195320+00:00,ZUUU,2026-09-11T23:00:00.000Z,20.0,16.0,4.0,METAR ZUUU 112300Z VRB02MPS 9999 FEW023 SCT040 20/16 Q1021 NOSIG,AviationWeather.gov METAR
2026-09-12T04:35:14.660520+00:00,CYYZ,2026-09-12T04:00:00.000Z,17.0,12.0,3.0,METAR CYYZ 120400Z 16003KT 15SM SKC 17/12 A3002 RMK SLP169 DENSITY ALT 900FT,AviationWeather.gov METAR
2026-09-12T04:35:14.660535+00:00,EDDM,2026-09-12T04:20:00.000Z,8.0,8.0,3.0,METAR EDDM 120420Z AUTO 18003KT CAVOK 08/08 Q1025 NOSIG,AviationWeather.gov METAR
2026-09-12T04:35:14.660541+00:00,EFHK,2026-09-12T04:20:00.000Z,3.0,3.0,0.0,METAR EFHK 120420Z 00000KT 9999 MIFG NSC 03/03 Q1017 NOSIG,AviationWeather.gov METAR
2026-09-12T04:35:14.660545+00:00,EGLC,2026-09-12T04:20:00.000Z,14.0,11.0,5.0,METAR EGLC 120420Z AUTO 21005KT 9999 NCD 14/11 Q1023,AviationWeather.gov METAR
2026-09-12T04:35:14.660549+00:00,EHAM,2026-09-12T04:25:00.000Z,14.0,14.0,3.0,METAR EHAM 120425Z 15003KT 9999 MIFG FEW016 14/14 Q1023 NOSIG,AviationWeather.gov METAR
2026-09-12T04:35:14.660552+00:00,EPWA,2026-09-12T04:30:00.000Z,11.0,10.0,5.0,METAR EPWA 120430Z 27005KT CAVOK 11/10 Q1022 NOSIG,AviationWeather.gov METAR
2026-09-12T04:35:14.660556+00:00,FACT,2026-09-12T04:00:00.000Z,17.0,12.0,12.0,METAR FACT 120400Z 18012KT CAVOK 17/12 Q1015 NOSIG,AviationWeather.gov METAR
2026-09-12T04:35:14.660562+00:00,KATL,2026-09-12T04:00:00.000Z,22.8,22.2,7.0,METAR KATL 120352Z 15007KT 10SM FEW005 BKN150 OVC200 23/22 A3000 RMK AO2 SLP150 T02280222 $,AviationWeather.gov METAR
2026-09-12T04:35:14.660567+00:00,KAUS,2026-09-12T04:00:00.000Z,26.7,21.1,7.0,METAR KAUS 120353Z 20007KT 10SM SCT200 27/21 A2986 RMK AO2 SLP101 T02670211,AviationWeather.gov METAR
2026-09-12T04:35:14.660572+00:00,KBKF,2026-09-12T04:00:00.000Z,21.7,0.8,7.0,METAR KBKF 120358Z 16007KT 10SM FEW100 BKN130 BKN220 22/01 A3003 RMK AO2A SLP076 T02170008,AviationWeather.gov METAR
2026-09-12T04:35:14.660575+00:00,KDAL,2026-09-12T04:00:00.000Z,28.3,20.6,4.0,METAR KDAL 120353Z 17004KT 10SM CLR 28/21 A2983 RMK AO2 SLP093 T02830206,AviationWeather.gov METAR
2026-09-12T04:35:14.660579+00:00,KHOU,2026-09-12T04:00:00.000Z,28.3,25.0,8.0,METAR KHOU 120353Z 18008KT 10SM FEW030 BKN250 28/25 A2987 RMK AO2 SLP119 T02830250,AviationWeather.gov METAR
2026-09-12T04:35:14.660582+00:00,KLAX,2026-09-12T04:00:00.000Z,23.3,20.6,6.0,METAR KLAX 120353Z 23006KT 10SM CLR 23/21 A2981 RMK AO2 SLP093 T02330206,AviationWeather.gov METAR
2026-09-12T04:35:14.660586+00:00,KLGA,2026-09-12T04:00:00.000Z,22.2,12.8,3.0,METAR KLGA 120351Z 01003KT 10SM FEW250 22/13 A3004 RMK AO2 SLP173 T02220128,AviationWeather.gov METAR
2026-09-12T04:35:14.660589+00:00,KMIA,2026-09-12T04:00:00.000Z,28.9,23.9,5.0,METAR KMIA 120353Z 11005KT 10SM FEW025 SCT065 SCT250 29/24 A3002 RMK AO2 SLP165 T02890239 $,AviationWeather.gov METAR
2026-09-12T04:35:14.660592+00:00,KORD,2026-09-12T04:00:00.000Z,21.7,15.6,8.0,METAR KORD 120351Z 16008KT 10SM FEW050 FEW300 22/16 A2989 RMK AO2 SLP116 T02170156 $,AviationWeather.gov METAR
2026-09-12T04:35:14.660595+00:00,KSEA,2026-09-12T04:00:00.000Z,16.7,7.8,0.0,METAR KSEA 120353Z 00000KT 10SM FEW040 SCT190 BKN240 17/08 A2992 RMK AO2 SLP138 T01670078 $,AviationWeather.gov METAR
2026-09-12T04:35:14.660599+00:00,KSFO,2026-09-12T04:00:00.000Z,17.8,11.1,8.0,METAR KSFO 120356Z 30008KT 10SM CLR 18/11 A2987 RMK AO2 SLP116 T01780111 CHINO RWY L10 $,AviationWeather.gov METAR
2026-09-12T04:35:14.660602+00:00,LEMD,2026-09-12T04:30:00.000Z,15.0,4.0,1.0,METAR LEMD 120430Z VRB01KT CAVOK 15/04 Q1022 NOSIG,AviationWeather.gov METAR
2026-09-12T04:35:14.660605+00:00,LFPB,2026-09-12T04:30:00.000Z,13.0,12.0,2.0,METAR LFPB 120430Z AUTO 01002KT CAVOK 13/12 Q1025 TEMPO 1500 BR,AviationWeather.gov METAR
2026-09-12T04:35:14.660608+00:00,LIMC,2026-09-12T04:20:00.000Z,18.0,16.0,5.0,METAR LIMC 120420Z 02005KT 9999 BKN030 18/16 Q1022 NOSIG,AviationWeather.gov METAR
2026-09-12T04:35:14.660612+00:00,LTAC,2026-09-12T04:20:00.000Z,13.0,4.0,2.0,METAR LTAC 120420Z VRB02KT CAVOK 13/04 Q1020 NOSIG,AviationWeather.gov METAR
2026-09-12T04:35:14.660615+00:00,MMMX,2026-09-12T04:27:00.000Z,17.0,13.0,10.0,SPECI MMMX 120427Z 15010KT 9SM -RA SCT015 BKN080 BKN200 17/13 A3035 NOSIG RMK 8/463 HZY RAE26,AviationWeather.gov METAR
2026-09-12T04:35:14.660618+00:00,MPMG,2026-09-12T04:00:00.000Z,27.0,25.0,4.0,METAR MPMG 120400Z AUTO 31004KT //// R01///// // FEW009/// BKN016/// OVC230/// 27/25 Q1009,AviationWeather.gov METAR
2026-09-12T04:35:14.660621+00:00,NZWN,2026-09-12T04:30:00.000Z,14.0,3.0,2.0,METAR NZWN 120430Z AUTO 21002KT 9999 NCD 14/03 Q1011,AviationWeather.gov METAR
2026-09-12T04:35:14.660624+00:00,OEJN,2026-09-12T04:00:00.000Z,32.0,28.0,7.0,METAR OEJN 120400Z 17007KT 7000 SCT040 32/28 Q1007 NOSIG,AviationWeather.gov METAR
2026-09-12T04:35:14.660627+00:00,OPKC,2026-09-12T04:30:00.000Z,30.0,21.0,6.0,METAR OPKC 120430Z 24006KT 5000 HZ NSC 30/21 Q1010 NOSIG,AviationWeather.gov METAR
2026-09-12T04:35:14.660631+00:00,RJTT,2026-09-12T04:00:00.000Z,23.0,21.0,8.0,METAR RJTT 120400Z 03008KT 8000 -RA FEW007 SCT020 BKN035 23/21 Q1021 TEMPO FEW008 BKN013,AviationWeather.gov METAR
2026-09-12T04:35:14.660634+00:00,RKPK,2026-09-12T04:00:00.000Z,30.0,16.0,5.0,METAR RKPK 120400Z 08005KT 9999 FEW040 FEW200 30/16 Q1019,AviationWeather.gov METAR
2026-09-12T04:35:14.660637+00:00,RKSI,2026-09-12T04:30:00.000Z,23.0,16.0,3.0,METAR RKSI 120430Z 04003KT CAVOK 23/16 Q1021 NOSIG,AviationWeather.gov METAR
2026-09-12T04:35:14.660641+00:00,RPLL,2026-09-12T04:00:00.000Z,30.0,24.0,5.0,METAR RPLL 120400Z 29005KT 260V350 5000 -RA HZ FEW025 BKN100 30/24 Q1013 NOSIG RMK A2991,AviationWeather.gov METAR
2026-09-12T04:35:14.660644+00:00,SAEZ,2026-09-12T04:00:00.000Z,12.0,9.0,7.0,METAR SAEZ 120400Z 14007KT 9999 SCT015 BKN025 OVC100 12/09 Q1022 NOSIG,AviationWeather.gov METAR
2026-09-12T04:35:14.660647+00:00,SBGR,2026-09-12T04:23:00.000Z,19.0,18.0,5.0,SPECI SBGR 120423Z 17005KT 9999 -RA BKN013 BKN035 19/18 Q1017 RERA WS R10L,AviationWeather.gov METAR
2026-09-12T04:35:14.660650+00:00,VILK,2026-09-12T04:00:00.000Z,30.0,26.0,10.0,METAR VILK 120400Z 12010KT 5000 BR SCT020 30/26 Q1010 NOSIG,AviationWeather.gov METAR
2026-09-12T04:35:14.660654+00:00,WMKK,2026-09-12T04:00:00.000Z,31.0,25.0,4.0,METAR WMKK 120400Z VRB04KT 9000 FEW018 31/25 Q1011 NOSIG,AviationWeather.gov METAR
2026-09-12T04:35:14.660657+00:00,WSSS,2026-09-12T04:30:00.000Z,30.0,24.0,9.0,METAR WSSS 120430Z 19009KT 170V230 9000 FEW018 BKN280 30/24 Q1011 NOSIG,AviationWeather.gov METAR
2026-09-12T04:35:14.660660+00:00,ZBAA,2026-09-12T04:00:00.000Z,27.0,14.0,4.0,METAR ZBAA 120400Z VRB02MPS CAVOK 27/14 Q1018 NOSIG,AviationWeather.gov METAR
2026-09-12T04:35:14.660663+00:00,ZGGG,2026-09-12T04:00:00.000Z,31.0,21.0,8.0,METAR ZGGG 120400Z 04004MPS 340V100 CAVOK 31/21 Q1016 NOSIG,AviationWeather.gov METAR
2026-09-12T04:35:14.660666+00:00,ZGSZ,2026-09-12T04:00:00.000Z,32.0,21.0,10.0,METAR ZGSZ 120400Z 05005MPS 360V090 CAVOK 32/21 Q1015 NOSIG,AviationWeather.gov METAR
2026-09-12T04:35:14.660670+00:00,ZHCC,2026-09-12T04:00:00.000Z,26.0,13.0,6.0,METAR ZHCC 120400Z 18003MPS 120V240 CAVOK 26/13 Q1021 NOSIG,AviationWeather.gov METAR
2026-09-12T04:35:14.660673+00:00,ZHHH,2026-09-12T04:00:00.000Z,28.0,13.0,4.0,METAR ZHHH 120400Z 28002MPS 220V320 CAVOK 28/13 Q1020 NOSIG,AviationWeather.gov METAR
2026-09-12T04:35:14.660676+00:00,ZSPD,2026-09-12T04:00:00.000Z,28.0,19.0,10.0,METAR ZSPD 120400Z 03005MPS 350V070 9999 SCT033 28/19 Q1020 NOSIG,AviationWeather.gov METAR
2026-09-12T04:35:14.660679+00:00,ZSQD,2026-09-12T04:00:00.000Z,25.0,14.0,4.0,METAR ZSQD 120400Z 17002MPS 130V220 CAVOK 25/14 Q1021 NOSIG,AviationWeather.gov METAR
2026-09-12T04:35:14.660682+00:00,ZUCK,2026-09-12T04:00:00.000Z,25.0,20.0,4.0,METAR ZUCK 120400Z VRB02MPS 9999 SCT020 25/20 Q1022 NOSIG,AviationWeather.gov METAR
2026-09-12T04:35:14.660686+00:00,ZUUU,2026-09-12T04:00:00.000Z,22.0,16.0,4.0,METAR ZUUU 120400Z 03002MPS 300V100 9999 SCT020 SCT033 22/16 Q1023 NOSIG,AviationWeather.gov METAR
2026-09-12T08:51:07.969712+00:00,CYYZ,2026-09-12T08:00:00.000Z,15.0,12.0,0.0,METAR CYYZ 120800Z 00000KT 15SM SKC 15/12 A2999 RMK SLP158,AviationWeather.gov METAR
2026-09-12T08:51:07.969731+00:00,EDDM,2026-09-12T08:20:00.000Z,16.0,11.0,6.0,METAR EDDM 120820Z AUTO 26006KT 240V300 CAVOK 16/11 Q1025 NOSIG,AviationWeather.gov METAR
2026-09-12T08:51:07.969737+00:00,EFHK,2026-09-12T08:20:00.000Z,15.0,10.0,2.0,METAR EFHK 120820Z VRB02KT CAVOK 15/10 Q1017 NOSIG,AviationWeather.gov METAR
2026-09-12T08:51:07.969741+00:00,EGLC,2026-09-12T08:20:00.000Z,17.0,10.0,11.0,METAR EGLC 120820Z AUTO 24011KT 200V260 9999 NCD 17/10 Q1023,AviationWeather.gov METAR
2026-09-12T08:51:07.969745+00:00,EHAM,2026-09-12T08:25:00.000Z,18.0,16.0,8.0,METAR EHAM 120825Z 20008KT 170V230 9999 FEW009 18/16 Q1022 NOSIG,AviationWeather.gov METAR
2026-09-12T08:51:07.969749+00:00,EPWA,2026-09-12T08:30:00.000Z,16.0,10.0,7.0,METAR EPWA 120830Z 30007KT 270V330 9999 FEW023 16/10 Q1022 NOSIG,AviationWeather.gov METAR
2026-09-12T08:51:07.969753+00:00,FACT,2026-09-12T08:00:00.000Z,18.0,13.0,11.0,METAR FACT 120800Z 15011KT 9999 -RA FEW030 BKN045 18/13 Q1016 TEMPO 4000,AviationWeather.gov METAR
2026-09-12T08:51:07.969759+00:00,KATL,2026-09-12T08:28:00.000Z,22.8,22.2,4.0,SPECI KATL 120828Z 18004KT 7SM BKN005 BKN039 BKN075 BKN250 23/22 A2998 RMK AO2 CIG 004V007 BKN005 V SCT T02280222 $,AviationWeather.gov METAR
2026-09-12T08:51:07.969764+00:00,KAUS,2026-09-12T08:00:00.000Z,25.0,23.3,3.0,METAR KAUS 120753Z 16003KT 10SM FEW080 FEW200 25/23 A2987 RMK AO2 SLP102 T02500233,AviationWeather.gov METAR
2026-09-12T08:51:07.969768+00:00,KBKF,2026-09-12T06:00:00.000Z,22.5,2.6,5.0,METAR KBKF 120558Z 16005KT 10SM FEW130 SCT220 23/03 A3003 RMK AO2A SLP069 T02250026 10313 20212 51007,AviationWeather.gov METAR
2026-09-12T08:51:07.969772+00:00,KDAL,2026-09-12T08:00:00.000Z,26.1,21.7,4.0,METAR KDAL 120753Z 18004KT 10SM CLR 26/22 A2984 RMK AO2 SLP097 T02610217,AviationWeather.gov METAR
2026-09-12T08:51:07.969775+00:00,KHOU,2026-09-12T08:00:00.000Z,27.2,25.6,5.0,METAR KHOU 120753Z 18005KT 9SM FEW030 SCT250 27/26 A2988 RMK AO2 SLP122 T02720256,AviationWeather.gov METAR
2026-09-12T08:51:07.969779+00:00,KLAX,2026-09-12T08:00:00.000Z,22.8,21.1,4.0,METAR KLAX 120753Z 23004KT 9SM BKN011 23/21 A2987 RMK AO2 SLP110 T02280211 402940228,AviationWeather.gov METAR
2026-09-12T08:51:07.969782+00:00,KLGA,2026-09-12T08:00:00.000Z,20.0,13.3,6.0,METAR KLGA 120751Z 05006KT 10SM FEW250 20/13 A3007 RMK AO2 SLP183 T02000133,AviationWeather.gov METAR
2026-09-12T08:51:07.969785+00:00,KMIA,2026-09-12T08:00:00.000Z,27.8,25.0,5.0,METAR KMIA 120753Z 10005KT 10SM SCT025 SCT250 28/25 A2995 RMK AO2 SLP142 T02780250 $,AviationWeather.gov METAR
2026-09-12T08:51:07.969789+00:00,KORD,2026-09-12T08:00:00.000Z,19.4,16.1,4.0,METAR KORD 120751Z 17004KT 10SM FEW050 FEW250 19/16 A2986 RMK AO2 SLP107 T01940161 $,AviationWeather.gov METAR
2026-09-12T08:51:07.969792+00:00,KSEA,2026-09-12T08:00:00.000Z,13.9,9.4,4.0,METAR KSEA 120753Z 36004KT 10SM BKN180 14/09 A2992 RMK AO2 SLP138 T01390094 401940111 $,AviationWeather.gov METAR
2026-09-12T08:51:07.969796+00:00,KSFO,2026-09-12T08:00:00.000Z,16.7,12.8,4.0,METAR KSFO 120756Z 31004KT 10SM CLR 17/13 A2989 RMK AO2 SLP120 T01670128 402280156 $,AviationWeather.gov METAR
2026-09-12T08:51:07.969799+00:00,LEMD,2026-09-12T08:30:00.000Z,21.0,8.0,2.0,METAR LEMD 120830Z 02002KT CAVOK 21/08 Q1023 NOSIG,AviationWeather.gov METAR
2026-09-12T08:51:07.969803+00:00,LFPB,2026-09-12T08:30:00.000Z,19.0,14.0,2.0,METAR LFPB 120830Z AUTO VRB02KT 9999 BKN041 19/14 Q1026 NOSIG,AviationWeather.gov METAR
2026-09-12T08:51:07.969806+00:00,LIMC,2026-09-12T08:20:00.000Z,21.0,16.0,5.0,METAR LIMC 120820Z 13005KT 090V170 9999 SCT023 SCT030 21/16 Q1023 NOSIG,AviationWeather.gov METAR
2026-09-12T08:51:07.969810+00:00,LTAC,2026-09-12T08:20:00.000Z,28.0,5.0,3.0,METAR LTAC 120820Z VRB03KT CAVOK 28/05 Q1019 NOSIG,AviationWeather.gov METAR
2026-09-12T08:51:07.969813+00:00,MMMX,2026-09-12T08:00:00.000Z,16.0,14.0,0.0,METAR MMMX 120746Z 00000KT 7SM FEW015 SCT080 16/14 A3033 NOSIG RMK 8/570 HZY,AviationWeather.gov METAR
2026-09-12T08:51:07.969817+00:00,MPMG,2026-09-12T08:00:00.000Z,27.0,25.0,4.0,METAR MPMG 120800Z AUTO 32004KT //// R01///// // BKN009/// BKN011/// BKN160/// 27/25 Q1007,AviationWeather.gov METAR
2026-09-12T08:51:07.969820+00:00,NZWN,2026-09-12T08:30:00.000Z,11.0,5.0,7.0,METAR NZWN 120830Z AUTO 04007KT 9999 NCD 11/05 Q1010,AviationWeather.gov METAR
2026-09-12T08:51:07.969823+00:00,OEJN,2026-09-12T08:00:00.000Z,36.0,27.0,8.0,METAR OEJN 120800Z 21008KT CAVOK 36/27 Q1008 NOSIG,AviationWeather.gov METAR
2026-09-12T08:51:07.969827+00:00,OPKC,2026-09-12T08:30:00.000Z,36.0,21.0,10.0,METAR OPKC 120830Z 25010KT 5000 HZ NSC 36/21 Q1008 NOSIG,AviationWeather.gov METAR
2026-09-12T08:51:07.969830+00:00,RJTT,2026-09-12T08:30:00.000Z,23.0,21.0,8.0,METAR RJTT 120830Z 04008KT 9999 -RA FEW006 BKN012 BKN016 23/21 Q1021 NOSIG,AviationWeather.gov METAR
2026-09-12T08:51:07.969834+00:00,RKPK,2026-09-12T08:00:00.000Z,28.0,18.0,7.0,METAR RKPK 120800Z 09007KT 9999 FEW050 FEW200 28/18 Q1019,AviationWeather.gov METAR
2026-09-12T08:51:07.969837+00:00,RKSI,2026-09-12T08:30:00.000Z,23.0,17.0,4.0,METAR RKSI 120830Z 34004KT CAVOK 23/17 Q1020 NOSIG,AviationWeather.gov METAR
2026-09-12T08:51:07.969841+00:00,RPLL,2026-09-12T08:00:00.000Z,29.0,26.0,7.0,METAR RPLL 120800Z 27007KT 220V310 8000 FEW025 BKN100 29/26 Q1010 NOSIG RMK A2983,AviationWeather.gov METAR
2026-09-12T08:51:07.969844+00:00,SAEZ,2026-09-12T08:00:00.000Z,10.0,8.0,8.0,METAR SAEZ 120800Z 18008KT 9999 OVC012 10/08 Q1025 NOSIG,AviationWeather.gov METAR
2026-09-12T08:51:07.969847+00:00,SBGR,2026-09-12T08:00:00.000Z,17.0,17.0,2.0,METAR SBGR 120800Z COR 13002KT 9999 RA SCT008 BKN013 BKN070 17/17 Q1018 RETSRA,AviationWeather.gov METAR
2026-09-12T08:51:07.969851+00:00,VILK,2026-09-12T08:30:00.000Z,33.0,25.0,10.0,METAR VILK 120830Z 10010KT 5000 HZ SCT025 33/25 Q1008 NOSIG,AviationWeather.gov METAR
2026-09-12T08:51:07.969854+00:00,WMKK,2026-09-12T08:30:00.000Z,32.0,26.0,4.0,METAR WMKK 120830Z VRB04KT 8000 FEW018 32/26 Q1007 NOSIG,AviationWeather.gov METAR
2026-09-12T08:51:07.969858+00:00,WSSS,2026-09-12T08:30:00.000Z,31.0,25.0,8.0,METAR WSSS 120830Z 18008KT 9999 FEW020 BKN280 31/25 Q1008 NOSIG,AviationWeather.gov METAR
2026-09-12T08:51:07.969861+00:00,ZBAA,2026-09-12T08:30:00.000Z,27.0,10.0,8.0,METAR ZBAA 120830Z 16004MPS 130V200 CAVOK 27/10 Q1016 NOSIG,AviationWeather.gov METAR
2026-09-12T08:51:07.969865+00:00,ZGGG,2026-09-12T08:30:00.000Z,32.0,22.0,10.0,METAR ZGGG 120830Z 03005MPS 350V060 9999 SCT050 32/22 Q1012 NOSIG,AviationWeather.gov METAR
2026-09-12T08:51:07.969868+00:00,ZGSZ,2026-09-12T08:00:00.000Z,33.0,21.0,10.0,METAR ZGSZ 120800Z 05005MPS 020V090 9999 FEW026 33/21 Q1012 NOSIG,AviationWeather.gov METAR
2026-09-12T08:51:07.969872+00:00,ZHCC,2026-09-12T08:00:00.000Z,27.0,13.0,4.0,METAR ZHCC 120800Z 18002MPS 130V220 CAVOK 27/13 Q1019 NOSIG,AviationWeather.gov METAR
2026-09-12T08:51:07.969875+00:00,ZHHH,2026-09-12T08:00:00.000Z,31.0,13.0,4.0,METAR ZHHH 120800Z 24002MPS 200V290 CAVOK 31/13 Q1017 NOSIG,AviationWeather.gov METAR
2026-09-12T08:51:07.969878+00:00,ZSPD,2026-09-12T08:30:00.000Z,27.0,19.0,8.0,METAR ZSPD 120830Z 04004MPS CAVOK 27/19 Q1019 NOSIG,AviationWeather.gov METAR
2026-09-12T08:51:07.969882+00:00,ZSQD,2026-09-12T08:00:00.000Z,26.0,11.0,8.0,METAR ZSQD 120800Z 14004MPS CAVOK 26/11 Q1019 NOSIG,AviationWeather.gov METAR
2026-09-12T08:51:07.969885+00:00,ZUCK,2026-09-12T08:00:00.000Z,28.0,18.0,6.0,METAR ZUCK 120800Z 27003MPS 220V310 9999 FEW036 28/18 Q1019 NOSIG,AviationWeather.gov METAR
2026-09-12T08:51:07.969889+00:00,ZUUU,2026-09-12T08:00:00.000Z,22.0,17.0,6.0,METAR ZUUU 120800Z 34003MPS 310V010 9999 FEW033 22/17 Q1021 NOSIG,AviationWeather.gov METAR
2026-09-12T12:40:51.854258+00:00,CYYZ,2026-09-12T12:00:00.000Z,15.0,12.0,0.0,METAR CYYZ 121200Z 00000KT 15SM FEW050 FEW250 15/12 A2999 RMK SC1CI1 SC TR CI TR SLP158,AviationWeather.gov METAR
2026-09-12T12:40:51.854277+00:00,EDDM,2026-09-12T12:20:00.000Z,22.0,10.0,6.0,METAR EDDM 121220Z AUTO 24006KT 200V330 CAVOK 22/10 Q1025 NOSIG,AviationWeather.gov METAR
2026-09-12T12:40:51.854282+00:00,EFHK,2026-09-12T12:20:00.000Z,17.0,13.0,7.0,METAR EFHK 121220Z 18007KT 9999 SCT028 BKN040 17/13 Q1015 NOSIG,AviationWeather.gov METAR
2026-09-12T12:40:51.854285+00:00,EGLC,2026-09-12T12:20:00.000Z,22.0,12.0,12.0,METAR EGLC 121220Z AUTO 24012KT 9999 BKN037 22/12 Q1022,AviationWeather.gov METAR
2026-09-12T12:40:51.854288+00:00,EHAM,2026-09-12T12:25:00.000Z,21.0,14.0,17.0,METAR EHAM 121225Z 23017KT 200V260 9999 FEW021 21/14 Q1021 NOSIG,AviationWeather.gov METAR
2026-09-12T12:40:51.854290+00:00,EPWA,2026-09-12T12:30:00.000Z,18.0,7.0,9.0,METAR EPWA 121230Z 30009KT CAVOK 18/07 Q1022 NOSIG,AviationWeather.gov METAR
2026-09-12T12:40:51.854293+00:00,FACT,2026-09-12T12:00:00.000Z,17.0,14.0,7.0,METAR FACT 121200Z 16007KT 9999 FEW035 17/14 Q1015 NOSIG,AviationWeather.gov METAR
2026-09-12T12:40:51.854298+00:00,KATL,2026-09-12T12:29:00.000Z,22.8,22.2,7.0,SPECI KATL 121229Z 17007KT 3SM RA BR OVC004 23/22 A3002 RMK AO2 CIG 003V006 TWRINC P0003 T02280222 $,AviationWeather.gov METAR
2026-09-12T12:40:51.854305+00:00,KAUS,2026-09-12T12:00:00.000Z,25.0,23.3,4.0,METAR KAUS 121153Z 19004KT 10SM FEW025 SCT150 SCT300 25/23 A2988 RMK AO2 SLP106 T02500233 10256 20244 53006,AviationWeather.gov METAR
2026-09-12T12:40:51.854308+00:00,KBKF,2026-09-12T12:00:00.000Z,12.5,6.8,10.0,METAR KBKF 121158Z 04010KT 10SM FEW100 FEW160 13/07 A3023 RMK AO2A SLP157 T01250068 10228 20122 51034,AviationWeather.gov METAR
2026-09-12T12:40:51.854311+00:00,KDAL,2026-09-12T12:00:00.000Z,25.0,22.2,6.0,METAR KDAL 121153Z 16006KT 10SM CLR 25/22 A2987 RMK AO2 SLP108 T02500222 10272 20250 51010,AviationWeather.gov METAR
2026-09-12T12:40:51.854313+00:00,KHOU,2026-09-12T12:00:00.000Z,26.7,25.0,4.0,METAR KHOU 121153Z 18004KT 8SM FEW025 FEW130 SCT250 27/25 A2989 RMK AO2 SLP125 T02670250 10278 20267 53008,AviationWeather.gov METAR
2026-09-12T12:40:51.854315+00:00,KLAX,2026-09-12T12:25:00.000Z,22.8,20.0,0.0,SPECI KLAX 121225Z 00000KT 9SM SCT012 23/20 A2987 RMK AO2 T02280200,AviationWeather.gov METAR
2026-09-12T12:40:51.854318+00:00,KLGA,2026-09-12T11:58:00.000Z,20.6,15.6,5.0,SPECI KLGA 121158Z COR 05005KT 10SM SCT020 SCT080 BKN250 21/16 A3012 RMK AO2 T02060156,AviationWeather.gov METAR
2026-09-12T12:40:51.854320+00:00,KMIA,2026-09-12T12:00:00.000Z,28.3,25.0,0.0,METAR KMIA 121153Z 00000KT 10SM FEW023 BKN250 28/25 A2999 RMK AO2 SLP154 CB DSNT NE MOV NW 70008 T02830250 10289 20272 51011 $,AviationWeather.gov METAR
2026-09-12T12:40:51.854322+00:00,KORD,2026-09-12T12:00:00.000Z,18.9,17.2,4.0,METAR KORD 121151Z 18004KT 10SM FEW050 SCT250 19/17 A2987 RMK AO2 SLP111 T01890172 10211 20189 53006 $,AviationWeather.gov METAR
2026-09-12T12:40:51.854325+00:00,KSEA,2026-09-12T12:00:00.000Z,12.8,8.9,0.0,METAR KSEA 121153Z 00000KT 10SM BKN140 BKN240 13/09 A2992 RMK AO2 SLP135 T01280089 10150 20128 58002 $,AviationWeather.gov METAR
2026-09-12T12:40:51.854327+00:00,KSFO,2026-09-12T12:00:00.000Z,15.6,12.8,5.0,METAR KSFO 121156Z 27005KT 10SM CLR 16/13 A2989 RMK AO2 SLP122 T01560128 10172 20156 53001 $,AviationWeather.gov METAR
2026-09-12T12:40:51.854330+00:00,LEMD,2026-09-12T12:30:00.000Z,29.0,8.0,4.0,METAR LEMD 121230Z 19004KT 080V250 CAVOK 29/08 Q1022 NOSIG,AviationWeather.gov METAR
2026-09-12T12:40:51.854332+00:00,LFPB,2026-09-12T12:30:00.000Z,24.0,12.0,8.0,METAR LFPB 121230Z AUTO 27008KT 210V320 9999 FEW047 24/12 Q1025 NOSIG,AviationWeather.gov METAR
2026-09-12T12:40:51.854334+00:00,LIMC,2026-09-12T12:20:00.000Z,25.0,15.0,4.0,METAR LIMC 121220Z 21004KT 160V300 9999 SCT040 25/15 Q1022 NOSIG,AviationWeather.gov METAR
2026-09-12T12:40:51.854337+00:00,LTAC,2026-09-12T12:20:00.000Z,32.0,3.0,6.0,METAR LTAC 121220Z 22006KT 140V280 CAVOK 32/03 Q1017 NOSIG,AviationWeather.gov METAR
2026-09-12T12:40:51.854339+00:00,MMMX,2026-09-12T11:42:00.000Z,14.0,13.0,4.0,METAR MMMX 121142Z 05004KT 5SM SCT020 BKN080 14/13 A3032 TEMPO 4SM HZ RMK SLP100 54000 966 8/530 HZY,AviationWeather.gov METAR
2026-09-12T12:40:51.854341+00:00,MPMG,2026-09-12T12:00:00.000Z,27.0,26.0,2.0,METAR MPMG 121200Z VRB02KT 9999 FEW010 SCT018 27/26 Q1008 NOSIG,AviationWeather.gov METAR
2026-09-12T12:40:51.854343+00:00,NZWN,2026-09-12T12:30:00.000Z,9.0,6.0,6.0,METAR NZWN 121230Z AUTO 03006KT 9999 NCD 09/06 Q1009,AviationWeather.gov METAR
2026-09-12T12:40:51.854346+00:00,OEJN,2026-09-12T12:00:00.000Z,36.0,24.0,9.0,METAR OEJN 121200Z 26009KT 9999 FEW040 36/24 Q1006 NOSIG,AviationWeather.gov METAR
2026-09-12T12:40:51.854348+00:00,OPKC,2026-09-12T12:30:00.000Z,32.0,21.0,16.0,METAR OPKC 121230Z 24016KT 6000 NSC 32/21 Q1006 NOSIG,AviationWeather.gov METAR
2026-09-12T12:40:51.854350+00:00,RJTT,2026-09-12T12:30:00.000Z,21.0,20.0,8.0,METAR RJTT 121230Z 05008KT 9999 -RA FEW005 SCT010 BKN025 21/20 Q1023 TEMPO TL1300 FEW005 BKN011 BKN025,AviationWeather.gov METAR
2026-09-12T12:40:51.854353+00:00,RKPK,2026-09-12T12:00:00.000Z,24.0,19.0,5.0,METAR RKPK 121200Z 06005KT CAVOK 24/19 Q1021,AviationWeather.gov METAR
2026-09-12T12:40:51.854355+00:00,RKSI,2026-09-12T12:30:00.000Z,22.0,18.0,3.0,METAR RKSI 121230Z 01003KT CAVOK 22/18 Q1021 NOSIG,AviationWeather.gov METAR
2026-09-12T12:40:51.854358+00:00,RPLL,2026-09-12T12:00:00.000Z,29.0,25.0,5.0,METAR RPLL 121200Z 33005KT 9000 -RA SCT023 OVC100 29/25 Q1012 NOSIG RMK A2988,AviationWeather.gov METAR
2026-09-12T12:40:51.854360+00:00,SAEZ,2026-09-12T12:00:00.000Z,8.0,7.0,10.0,METAR SAEZ 121200Z 16010KT 7000 -DZ SCT009 OVC013 08/07 Q1029 NOSIG,AviationWeather.gov METAR
2026-09-12T12:40:51.854363+00:00,SBGR,2026-09-12T12:20:00.000Z,18.0,17.0,9.0,SPECI SBGR 121220Z 04009KT 6000 -RA NSC 18/17 Q1021 RERA,AviationWeather.gov METAR
2026-09-12T12:40:51.854365+00:00,VILK,2026-09-12T12:30:00.000Z,31.0,25.0,7.0,METAR VILK 121230Z 09007KT 5000 HZ FEW100 31/25 Q1006 NOSIG,AviationWeather.gov METAR
2026-09-12T12:40:51.854367+00:00,WMKK,2026-09-12T12:30:00.000Z,28.0,25.0,2.0,METAR WMKK 121230Z VRB02KT 9000 FEW017CB 28/25 Q1009 NOSIG,AviationWeather.gov METAR
2026-09-12T12:40:51.854370+00:00,WSSS,2026-09-12T12:30:00.000Z,29.0,25.0,7.0,METAR WSSS 121230Z 17007KT 9000 FEW018 BKN300 29/25 Q1010 NOSIG,AviationWeather.gov METAR
2026-09-12T12:40:51.854372+00:00,ZBAA,2026-09-12T12:30:00.000Z,19.0,13.0,4.0,METAR ZBAA 121230Z 10002MPS CAVOK 19/13 Q1017 NOSIG,AviationWeather.gov METAR
2026-09-12T12:40:51.854374+00:00,ZGGG,2026-09-12T12:30:00.000Z,30.0,22.0,6.0,METAR ZGGG 121230Z 01003MPS CAVOK 30/22 Q1014 NOSIG,AviationWeather.gov METAR
2026-09-12T12:40:51.854377+00:00,ZGSZ,2026-09-12T12:00:00.000Z,29.0,25.0,12.0,METAR ZGSZ 121200Z 09006MPS 9999 -RA BKN050 29/25 Q1013 NOSIG,AviationWeather.gov METAR
2026-09-12T12:40:51.854379+00:00,ZHCC,2026-09-12T12:00:00.000Z,21.0,15.0,2.0,METAR ZHCC 121200Z VRB01MPS CAVOK 21/15 Q1020 NOSIG,AviationWeather.gov METAR
2026-09-12T12:40:51.854381+00:00,ZHHH,2026-09-12T12:00:00.000Z,24.0,18.0,2.0,METAR ZHHH 121200Z VRB01MPS CAVOK 24/18 Q1018 NOSIG,AviationWeather.gov METAR
2026-09-12T12:40:51.854384+00:00,ZSPD,2026-09-12T12:30:00.000Z,25.0,18.0,8.0,METAR ZSPD 121230Z 08004MPS 050V110 CAVOK 25/18 Q1020 NOSIG,AviationWeather.gov METAR
2026-09-12T12:40:51.854386+00:00,ZSQD,2026-09-12T12:00:00.000Z,21.0,16.0,6.0,METAR ZSQD 121200Z 17003MPS CAVOK 21/16 Q1020 NOSIG,AviationWeather.gov METAR
2026-09-12T12:40:51.854388+00:00,ZUCK,2026-09-12T12:00:00.000Z,24.0,19.0,12.0,METAR ZUCK 121200Z 36006MPS 9999 FEW036 24/19 Q1020 NOSIG,AviationWeather.gov METAR
2026-09-12T12:40:51.854391+00:00,ZUUU,2026-09-12T12:00:00.000Z,19.0,19.0,4.0,METAR ZUUU 121200Z 34002MPS 310V010 7000 -SHRA FEW007 SCT030 19/19 Q1023 NOSIG,AviationWeather.gov METAR
2026-09-12T15:50:43.884837+00:00,CYYZ,2026-09-12T15:00:00.000Z,22.0,15.0,4.0,METAR CYYZ 121500Z 13004KT 100V200 15SM FEW060 FEW250 22/15 A2997 RMK SC1CI1 SC TR SLP150 DENSITY ALT 1500FT,AviationWeather.gov METAR
2026-09-12T15:50:43.884852+00:00,EDDM,2026-09-12T15:20:00.000Z,23.0,9.0,7.0,METAR EDDM 121520Z AUTO VRB07KT CAVOK 23/09 Q1024 NOSIG,AviationWeather.gov METAR
2026-09-12T15:50:43.884859+00:00,EFHK,2026-09-12T15:20:00.000Z,14.0,14.0,6.0,METAR EFHK 121520Z 24006KT 9999 -SHRA SCT016 FEW025CB 14/14 Q1015 BECMG BKN030,AviationWeather.gov METAR
2026-09-12T15:50:43.884864+00:00,EGLC,2026-09-12T15:20:00.000Z,23.0,15.0,11.0,METAR EGLC 121520Z AUTO 22011KT 190V250 9999 SCT034 23/15 Q1020,AviationWeather.gov METAR
2026-09-12T15:50:43.884869+00:00,EHAM,2026-09-12T15:25:00.000Z,21.0,13.0,13.0,METAR EHAM 121525Z 23013KT 210V270 9999 FEW027 BKN045 21/13 Q1020 NOSIG,AviationWeather.gov METAR
2026-09-12T15:50:43.884873+00:00,EPWA,2026-09-12T15:30:00.000Z,17.0,7.0,10.0,METAR EPWA 121530Z 28010KT CAVOK 17/07 Q1022 NOSIG,AviationWeather.gov METAR
2026-09-12T15:50:43.884877+00:00,FACT,2026-09-12T15:00:00.000Z,18.0,13.0,14.0,METAR FACT 121500Z 17014KT 140V200 CAVOK 18/13 Q1013 NOSIG,AviationWeather.gov METAR
2026-09-12T15:50:43.884885+00:00,KATL,2026-09-12T15:44:00.000Z,22.2,21.1,5.0,SPECI KATL 121544Z 27005KT 3SM -RA BR FEW007 BKN018CB BKN055 OVC130 22/21 A3005 RMK AO2 SFC VIS 5 CB NE-E MOV E P0028 T02220211 $,AviationWeather.gov METAR
2026-09-12T15:50:43.884891+00:00,KAUS,2026-09-12T15:00:00.000Z,28.9,23.9,13.0,METAR KAUS 121453Z 20013KT 10SM BKN021 OVC130 29/24 A2993 RMK AO2 SLP123 T02890239 51016,AviationWeather.gov METAR
2026-09-12T15:50:43.884896+00:00,KBKF,2026-09-12T15:00:00.000Z,14.3,6.4,4.0,METAR KBKF 121458Z VRB04KT 10SM FEW100 FEW180 14/06 A3023 RMK AO2A SLP165 T01430064 50002,AviationWeather.gov METAR
2026-09-12T15:50:43.884900+00:00,KDAL,2026-09-12T15:00:00.000Z,28.3,23.3,5.0,METAR KDAL 121453Z 19005KT 10SM FEW014 28/23 A2992 RMK AO2 SLP122 T02830233 51014,AviationWeather.gov METAR
2026-09-12T15:50:43.884905+00:00,KHOU,2026-09-12T15:00:00.000Z,31.1,25.6,9.0,METAR KHOU 121453Z 20009KT 10SM SCT023 BKN250 31/26 A2995 RMK AO2 SLP145 T03110256 51019,AviationWeather.gov METAR
2026-09-12T15:50:43.884909+00:00,KLAX,2026-09-12T15:45:00.000Z,23.9,20.0,0.0,SPECI KLAX 121545Z 00000KT 8SM BKN015 24/20 A2992 RMK AO2 T02390200,AviationWeather.gov METAR
2026-09-12T15:50:43.884913+00:00,KLGA,2026-09-12T15:00:00.000Z,22.8,16.7,8.0,METAR KLGA 121451Z 05008G20KT 10SM SCT020 BKN080 BKN250 23/17 A3012 RMK AO2 SLP201 T02280167 55000,AviationWeather.gov METAR
2026-09-12T15:50:43.884917+00:00,KMIA,2026-09-12T15:00:00.000Z,31.7,24.4,0.0,METAR KMIA 121453Z 00000KT 10SM FEW030 BKN250 32/24 A3003 RMK AO2 SLP171 T03170244 51017 $,AviationWeather.gov METAR
2026-09-12T15:50:43.884921+00:00,KORD,2026-09-12T15:00:00.000Z,26.1,19.4,7.0,METAR KORD 121451Z 21007KT 10SM FEW250 26/19 A2986 RMK AO2 SLP107 T02610194 58003 $,AviationWeather.gov METAR
2026-09-12T15:50:43.884925+00:00,KSEA,2026-09-12T15:00:00.000Z,13.3,8.9,3.0,METAR KSEA 121453Z 12003KT 10SM SCT140 BKN250 13/09 A2992 RMK AO2 SLP136 T01330089 53000 $,AviationWeather.gov METAR
2026-09-12T15:50:43.884929+00:00,KSFO,2026-09-12T15:00:00.000Z,16.7,12.8,10.0,METAR KSFO 121456Z 26010KT 10SM SCT200 17/13 A2994 RMK AO2 SLP137 T01670128 53015 $,AviationWeather.gov METAR
2026-09-12T15:50:43.884932+00:00,LEMD,2026-09-12T15:30:00.000Z,32.0,5.0,4.0,METAR LEMD 121530Z 18004KT CAVOK 32/05 Q1020 NOSIG,AviationWeather.gov METAR
2026-09-12T15:50:43.884937+00:00,LFPB,2026-09-12T15:30:00.000Z,26.0,10.0,6.0,METAR LFPB 121530Z AUTO 26006KT 200V320 CAVOK 26/10 Q1024 NOSIG,AviationWeather.gov METAR
2026-09-12T15:50:43.884941+00:00,LIMC,2026-09-12T15:20:00.000Z,25.0,15.0,4.0,METAR LIMC 121520Z 15004KT 120V180 9999 SCT040 25/15 Q1021 NOSIG,AviationWeather.gov METAR
2026-09-12T15:50:43.884944+00:00,LTAC,2026-09-12T15:20:00.000Z,30.0,2.0,6.0,METAR LTAC 121520Z 32006KT CAVOK 30/02 Q1016 NOSIG,AviationWeather.gov METAR
2026-09-12T15:50:43.884948+00:00,MMMX,2026-09-12T15:42:00.000Z,20.0,13.0,4.0,SPECI MMMX 121542Z 15004KT 5SM FEW020 BKN080 OVC220 20/13 A3038 NOSIG RMK 8/137 HZY,AviationWeather.gov METAR
2026-09-12T15:50:43.884952+00:00,MPMG,2026-09-12T15:00:00.000Z,29.0,26.0,8.0,METAR MPMG 121500Z 30008KT 9999 SCT018 29/26 Q1010 NOSIG,AviationWeather.gov METAR
2026-09-12T15:50:43.884956+00:00,NZWN,2026-09-12T15:30:00.000Z,9.0,6.0,9.0,METAR NZWN 121530Z AUTO 01009KT 9999 NCD 09/06 Q1010,AviationWeather.gov METAR
2026-09-12T15:50:43.884960+00:00,OEJN,2026-09-12T15:00:00.000Z,36.0,20.0,6.0,METAR OEJN 121500Z 33006KT 9999 FEW035 36/20 Q1006 NOSIG,AviationWeather.gov METAR
2026-09-12T15:50:43.884964+00:00,OPKC,2026-09-12T15:30:00.000Z,29.0,22.0,8.0,METAR OPKC 121530Z 28008KT 5000 HZ NSC 29/22 Q1008 NOSIG,AviationWeather.gov METAR
2026-09-12T15:50:43.884968+00:00,RJTT,2026-09-12T15:30:00.000Z,20.0,20.0,6.0,METAR RJTT 121530Z 03006KT 7000 -RA FEW004 BKN014 BKN020 20/20 Q1023 TEMPO 4000 -RA BR,AviationWeather.gov METAR
2026-09-12T15:50:43.884972+00:00,RKPK,2026-09-12T14:00:00.000Z,23.0,19.0,5.0,METAR RKPK 121400Z 03005KT 9999 FEW030 23/19 Q1021,AviationWeather.gov METAR
2026-09-12T15:50:43.884976+00:00,RKSI,2026-09-12T15:30:00.000Z,21.0,18.0,2.0,METAR RKSI 121530Z 05002KT CAVOK 21/18 Q1020 NOSIG,AviationWeather.gov METAR
2026-09-12T15:50:43.884980+00:00,RPLL,2026-09-12T15:00:00.000Z,28.0,24.0,5.0,METAR RPLL 121500Z 01005KT 310V040 9999 FEW025 BKN100 28/24 Q1013 NOSIG RMK A2991,AviationWeather.gov METAR
2026-09-12T15:50:43.884983+00:00,SAEZ,2026-09-12T15:00:00.000Z,8.0,4.0,11.0,METAR SAEZ 121500Z 17011KT 130V200 9999 BKN017 OVC022 08/04 Q1031 NOSIG,AviationWeather.gov METAR
2026-09-12T15:50:43.884987+00:00,SBGR,2026-09-12T15:00:00.000Z,19.0,18.0,8.0,METAR SBGR 121500Z 06008KT CAVOK 19/18 Q1020,AviationWeather.gov METAR
2026-09-12T15:50:43.884991+00:00,VILK,2026-09-12T15:30:00.000Z,30.0,26.0,7.0,METAR VILK 121530Z 08007KT 5000 BR FEW100 30/26 Q1009 NOSIG,AviationWeather.gov METAR
2026-09-12T15:50:43.884995+00:00,WMKK,2026-09-12T15:30:00.000Z,28.0,25.0,3.0,METAR WMKK 121530Z VRB03KT 8000 FEW030 28/25 Q1011 NOSIG,AviationWeather.gov METAR
2026-09-12T15:50:43.884999+00:00,WSSS,2026-09-12T15:30:00.000Z,29.0,25.0,5.0,METAR WSSS 121530Z 13005KT 100V160 9000 SCT018 BKN300 29/25 Q1011 NOSIG,AviationWeather.gov METAR
2026-09-12T15:50:43.885003+00:00,ZBAA,2026-09-12T15:30:00.000Z,16.0,14.0,2.0,METAR ZBAA 121530Z VRB01MPS CAVOK 16/14 Q1017 NOSIG,AviationWeather.gov METAR
2026-09-12T15:50:43.885007+00:00,ZGGG,2026-09-12T15:30:00.000Z,28.0,22.0,4.0,METAR ZGGG 121530Z 06002MPS CAVOK 28/22 Q1014 NOSIG,AviationWeather.gov METAR
2026-09-12T15:50:43.885011+00:00,ZGSZ,2026-09-12T15:00:00.000Z,28.0,24.0,10.0,METAR ZGSZ 121500Z 08005MPS 9999 BKN040 28/24 Q1014 NOSIG,AviationWeather.gov METAR
2026-09-12T15:50:43.885015+00:00,ZHCC,2026-09-12T15:00:00.000Z,20.0,16.0,2.0,METAR ZHCC 121500Z 23001MPS CAVOK 20/16 Q1020 NOSIG,AviationWeather.gov METAR
2026-09-12T15:50:43.885019+00:00,ZHHH,2026-09-12T15:00:00.000Z,22.0,17.0,2.0,METAR ZHHH 121500Z 36001MPS CAVOK 22/17 Q1019 NOSIG,AviationWeather.gov METAR
2026-09-12T15:50:43.885023+00:00,ZSPD,2026-09-12T15:30:00.000Z,24.0,21.0,4.0,METAR ZSPD 121530Z 12002MPS CAVOK 24/21 Q1020 NOSIG,AviationWeather.gov METAR
2026-09-12T15:50:43.885027+00:00,ZSQD,2026-09-12T15:00:00.000Z,20.0,16.0,4.0,METAR ZSQD 121500Z 19002MPS CAVOK 20/16 Q1020 NOSIG,AviationWeather.gov METAR
2026-09-12T15:50:43.885031+00:00,ZUCK,2026-09-12T15:00:00.000Z,22.0,19.0,10.0,METAR ZUCK 121500Z 01005MPS CAVOK 22/19 Q1022 NOSIG,AviationWeather.gov METAR
2026-09-12T15:50:43.885035+00:00,ZUUU,2026-09-12T15:00:00.000Z,19.0,18.0,4.0,METAR ZUUU 121500Z 30002MPS 8000 -SHRA SCT040 19/18 Q1025 NOSIG,AviationWeather.gov METAR
2026-09-12T18:10:20.754621+00:00,CYYZ,2026-09-12T18:00:00.000Z,25.0,17.0,8.0,METAR CYYZ 121800Z 14008KT 15SM SCT093 BKN210 25/17 A2992 RMK AC3CI3 SLP131 DENSITY ALT 1900FT,AviationWeather.gov METAR
2026-09-12T18:10:20.754637+00:00,EDDM,2026-09-12T18:00:00.000Z,19.0,10.0,2.0,METAR EDDM 121750Z AUTO 29002KT CAVOK 19/10 Q1024 NOSIG,AviationWeather.gov METAR
2026-09-12T18:10:20.754645+00:00,EFHK,2026-09-12T18:00:00.000Z,15.0,14.0,4.0,METAR EFHK 121750Z 20004KT 9999 FEW003 SCT005 15/14 Q1014 TEMPO BKN005,AviationWeather.gov METAR
2026-09-12T18:10:20.754650+00:00,EGLC,2026-09-12T18:00:00.000Z,21.0,15.0,11.0,METAR EGLC 121750Z AUTO 22011KT 9999 FEW034 21/15 Q1021,AviationWeather.gov METAR
2026-09-12T18:10:20.754656+00:00,EHAM,2026-09-12T18:00:00.000Z,19.0,14.0,15.0,METAR EHAM 121755Z 24015KT 9999 FEW018 BKN036 19/14 Q1020 NOSIG,AviationWeather.gov METAR
2026-09-12T18:10:20.754661+00:00,EPWA,2026-09-12T18:00:00.000Z,12.0,7.0,4.0,METAR EPWA 121800Z 25004KT CAVOK 12/07 Q1022 NOSIG,AviationWeather.gov METAR
2026-09-12T18:10:20.754666+00:00,FACT,2026-09-12T18:00:00.000Z,18.0,13.0,10.0,METAR FACT 121800Z 20010KT 9999 FEW035 18/13 Q1014 NOSIG,AviationWeather.gov METAR
2026-09-12T18:10:20.754674+00:00,KATL,2026-09-12T18:00:00.000Z,27.2,23.3,5.0,METAR KATL 121752Z 27005KT 10SM SCT012 SCT065 BKN160 BKN220 27/23 A3002 RMK AO2 RAE23 SLP157 CB DSNT E SE SW MOV E TCU DSNT S W-N P0002 60048 T02720233 10272 20222 58009 $,AviationWeather.gov METAR
2026-09-12T18:10:20.754681+00:00,KAUS,2026-09-12T18:00:00.000Z,33.9,23.9,8.0,METAR KAUS 121753Z 20008G15KT 160V240 10SM FEW032 FEW200 34/24 A2993 RMK AO2 SLP123 T03390239 10339 20250 50002,AviationWeather.gov METAR
2026-09-12T18:10:20.754686+00:00,KBKF,2026-09-12T18:00:00.000Z,20.6,6.5,0.0,METAR KBKF 121758Z 00000KT 10SM FEW070 SCT140 SCT180 21/07 A3018 RMK AO2A SLP140 T02060065 10208 20102 57015,AviationWeather.gov METAR
2026-09-12T18:10:20.754691+00:00,KDAL,2026-09-12T18:00:00.000Z,35.6,22.2,9.0,METAR KDAL 121753Z 18009KT 10SM FEW250 36/22 A2991 RMK AO2 SLP120 T03560222 10356 20250 58001,AviationWeather.gov METAR
2026-09-12T18:10:20.754695+00:00,KHOU,2026-09-12T18:00:00.000Z,34.4,22.8,9.0,METAR KHOU 121753Z 24009KT 10SM SCT046 SCT250 34/23 A2995 RMK AO2 SLP145 T03440228 10344 20267 50001 $,AviationWeather.gov METAR
2026-09-12T18:10:20.754699+00:00,KLAX,2026-09-12T18:00:00.000Z,27.2,20.0,3.0,METAR KLAX 121753Z VRB03KT 10SM FEW019 27/20 A2992 RMK AO2 SLP130 T02720200 10272 20222 53005,AviationWeather.gov METAR
2026-09-12T18:10:20.754702+00:00,KLGA,2026-09-12T18:00:00.000Z,25.6,14.4,10.0,METAR KLGA 121751Z 16010G17KT 10SM FEW025 SCT050 BKN250 26/14 A3010 RMK AO2 SLP194 T02560144 10261 20200 56007,AviationWeather.gov METAR
2026-09-12T18:10:20.754706+00:00,KMIA,2026-09-12T18:00:00.000Z,33.9,24.4,9.0,METAR KMIA 121753Z 11009KT 10SM TS FEW025CB BKN036 BKN250 34/24 A3002 RMK AO2 SLP165 TSB34 OCNL LTGICCG SW-W TS SW-W MOV N CB DSNT N T03390244 10339 20283 58005 $,AviationWeather.gov METAR
2026-09-12T18:10:20.754709+00:00,KORD,2026-09-12T18:00:00.000Z,30.0,17.2,8.0,METAR KORD 121751Z 24008G16KT 10SM SCT047 BKN250 30/17 A2986 RMK AO2 SLP105 T03000172 10300 20189 56001 $,AviationWeather.gov METAR
2026-09-12T18:10:20.754712+00:00,KSEA,2026-09-12T18:00:00.000Z,16.7,10.6,8.0,METAR KSEA 121753Z 28008KT 10SM FEW022 OVC150 17/11 A2991 RMK AO2 SLP133 T01670106 10167 20117 56002 $,AviationWeather.gov METAR
2026-09-12T18:10:20.754715+00:00,KSFO,2026-09-12T18:00:00.000Z,20.6,11.7,11.0,METAR KSFO 121756Z 26011G19KT 10SM FEW200 21/12 A2997 RMK AO2 SLP149 T02060117 10206 20156 51012 $,AviationWeather.gov METAR
2026-09-12T18:10:20.754719+00:00,LEMD,2026-09-12T18:00:00.000Z,31.0,4.0,2.0,METAR LEMD 121800Z VRB02KT CAVOK 31/04 Q1020 NOSIG,AviationWeather.gov METAR
2026-09-12T18:10:20.754722+00:00,LFPB,2026-09-12T18:00:00.000Z,24.0,9.0,5.0,METAR LFPB 121800Z AUTO 29005KT 270V330 CAVOK 24/09 Q1024 NOSIG,AviationWeather.gov METAR
2026-09-12T18:10:20.754726+00:00,LIMC,2026-09-12T18:00:00.000Z,23.0,15.0,4.0,METAR LIMC 121750Z 20004KT CAVOK 23/15 Q1021 NOSIG,AviationWeather.gov METAR
2026-09-12T18:10:20.754729+00:00,LTAC,2026-09-12T18:00:00.000Z,23.0,1.0,2.0,METAR LTAC 121750Z VRB02KT CAVOK 23/01 Q1017 NOSIG,AviationWeather.gov METAR
2026-09-12T18:10:20.754732+00:00,MMMX,2026-09-12T18:00:00.000Z,23.0,12.0,0.0,METAR MMMX 121745Z 00000KT 3SM HZ BKN020 OVC220 23/12 A3035 NOSIG RMK SLP109 57007 900 8/107 TWR VIS,AviationWeather.gov METAR
2026-09-12T18:10:20.754735+00:00,MPMG,2026-09-12T18:00:00.000Z,26.0,25.0,10.0,METAR MPMG 121800Z 29010KT 3200 +TSRA BKN013CB 26/25 Q1009 TEMPO 4800,AviationWeather.gov METAR
2026-09-12T18:10:20.754739+00:00,NZWN,2026-09-12T18:00:00.000Z,9.0,5.0,7.0,METAR NZWN 121800Z AUTO 36007KT 9999 NCD 09/05 Q1012,AviationWeather.gov METAR
2026-09-12T18:10:20.754742+00:00,OEJN,2026-09-12T18:00:00.000Z,34.0,25.0,4.0,METAR OEJN 121800Z 03004KT 9999 FEW040 34/25 Q1008 NOSIG,AviationWeather.gov METAR
2026-09-12T18:10:20.754745+00:00,OPKC,2026-09-12T18:00:00.000Z,28.0,23.0,10.0,METAR OPKC 121800Z 29010KT 5000 HZ NSC 28/23 Q1009 NOSIG,AviationWeather.gov METAR
2026-09-12T18:10:20.754768+00:00,RJTT,2026-09-12T18:00:00.000Z,20.0,20.0,4.0,METAR RJTT 121800Z 02004KT 9999 -RA FEW005 BKN014 20/20 Q1022 TEMPO 4000 -RA BR FEW006 BKN008,AviationWeather.gov METAR
2026-09-12T18:10:20.754771+00:00,RKPK,2026-09-12T14:00:00.000Z,23.0,19.0,5.0,METAR RKPK 121400Z 03005KT 9999 FEW030 23/19 Q1021,AviationWeather.gov METAR
2026-09-12T18:10:20.754775+00:00,RKSI,2026-09-12T18:00:00.000Z,20.0,18.0,4.0,METAR RKSI 121800Z 06004KT CAVOK 20/18 Q1020 NOSIG,AviationWeather.gov METAR
2026-09-12T18:10:20.754778+00:00,RPLL,2026-09-12T18:00:00.000Z,28.0,25.0,7.0,METAR RPLL 121800Z 36007KT 330V030 9999 FEW025 BKN100 28/25 Q1012 NOSIG RMK A2998,AviationWeather.gov METAR
2026-09-12T18:10:20.754781+00:00,SAEZ,2026-09-12T18:00:00.000Z,8.0,4.0,11.0,METAR SAEZ 121800Z 17011KT 140V200 9999 SCT014 BKN025 BKN038 08/04 Q1031 NOSIG,AviationWeather.gov METAR
2026-09-12T18:10:20.754785+00:00,SBGR,2026-09-12T18:00:00.000Z,20.0,18.0,4.0,METAR SBGR 121800Z 08004KT 9999 SCT008 OVC100 20/18 Q1018,AviationWeather.gov METAR
2026-09-12T18:10:20.754788+00:00,VILK,2026-09-12T18:00:00.000Z,29.0,26.0,8.0,METAR VILK 121800Z 08008KT 5000 BR NSC 29/26 Q1010 NOSIG,AviationWeather.gov METAR
2026-09-12T18:10:20.754792+00:00,WMKK,2026-09-12T18:00:00.000Z,27.0,25.0,3.0,METAR WMKK 121800Z VRB03KT 7000 FEW030 27/25 Q1010 NOSIG,AviationWeather.gov METAR
2026-09-12T18:10:20.754795+00:00,WSSS,2026-09-12T18:00:00.000Z,27.0,25.0,4.0,METAR WSSS 121800Z 16004KT 9000 FEW018 BKN300 27/25 Q1011 NOSIG,AviationWeather.gov METAR
2026-09-12T18:10:20.754798+00:00,ZBAA,2026-09-12T18:00:00.000Z,16.0,14.0,2.0,METAR ZBAA 121800Z VRB01MPS CAVOK 16/14 Q1017 NOSIG,AviationWeather.gov METAR
2026-09-12T18:10:20.754801+00:00,ZGGG,2026-09-12T18:00:00.000Z,28.0,22.0,6.0,METAR ZGGG 121800Z 06003MPS 9999 BKN050 28/22 Q1014 NOSIG,AviationWeather.gov METAR
2026-09-12T18:10:20.754805+00:00,ZGSZ,2026-09-12T18:00:00.000Z,28.0,24.0,8.0,METAR ZGSZ 121800Z 09004MPS 060V130 9999 BKN033 28/24 Q1014 NOSIG,AviationWeather.gov METAR
2026-09-12T18:10:20.754808+00:00,ZHCC,2026-09-12T18:00:00.000Z,20.0,16.0,4.0,METAR ZHCC 121800Z 23002MPS 200V270 CAVOK 20/16 Q1020 NOSIG,AviationWeather.gov METAR
2026-09-12T18:10:20.754811+00:00,ZHHH,2026-09-12T18:00:00.000Z,21.0,17.0,0.0,METAR ZHHH 121800Z 00000MPS CAVOK 21/17 Q1018 NOSIG,AviationWeather.gov METAR
2026-09-12T18:10:20.754815+00:00,ZSPD,2026-09-12T18:00:00.000Z,24.0,22.0,6.0,METAR ZSPD 121800Z 10003MPS CAVOK 24/22 Q1018 NOSIG,AviationWeather.gov METAR
2026-09-12T18:10:20.754818+00:00,ZSQD,2026-09-12T18:00:00.000Z,19.0,16.0,4.0,METAR ZSQD 121800Z 17002MPS CAVOK 19/16 Q1019 NOSIG,AviationWeather.gov METAR
2026-09-12T18:10:20.754822+00:00,ZUCK,2026-09-12T18:00:00.000Z,22.0,19.0,4.0,METAR ZUCK 121800Z 02002MPS 340V050 9000 FEW040 22/19 Q1022 NOSIG,AviationWeather.gov METAR
2026-09-12T18:10:20.754825+00:00,ZUUU,2026-09-12T18:00:00.000Z,19.0,18.0,6.0,METAR ZUUU 121800Z 26003MPS 230V300 7000 -SHRA SCT050 19/18 Q1025 NOSIG,AviationWeather.gov METAR
2026-09-12T20:34:11.475304+00:00,CYYZ,2026-09-12T20:00:00.000Z,24.0,18.0,8.0,METAR CYYZ 122000Z 15008KT 15SM FEW064 FEW071 BKN200 24/18 A2988 RMK CU1AC1CI6 CU TR SLP120 DENSITY ALT 1900FT,AviationWeather.gov METAR
2026-09-12T20:34:11.475324+00:00,EDDM,2026-09-12T20:20:00.000Z,13.0,11.0,1.0,METAR EDDM 122020Z AUTO VRB01KT CAVOK 13/11 Q1024 NOSIG,AviationWeather.gov METAR
2026-09-12T20:34:11.475333+00:00,EFHK,2026-09-12T20:20:00.000Z,14.0,14.0,3.0,METAR EFHK 122020Z 23003KT 9999 FEW006 OVC046 14/14 Q1013 NOSIG,AviationWeather.gov METAR
2026-09-12T20:34:11.475338+00:00,EGLC,2026-09-12T20:20:00.000Z,19.0,15.0,9.0,METAR EGLC 122020Z AUTO 23009KT 9999 NCD 19/15 Q1022,AviationWeather.gov METAR
2026-09-12T20:34:11.475343+00:00,EHAM,2026-09-12T20:25:00.000Z,18.0,17.0,10.0,METAR EHAM 122025Z 23010KT 9000 -RADZ SCT007 SCT012 BKN030 18/17 Q1020 TEMPO 7000 BKN012,AviationWeather.gov METAR
2026-09-12T20:34:11.475348+00:00,EPWA,2026-09-12T20:30:00.000Z,9.0,8.0,0.0,METAR EPWA 122030Z 00000KT CAVOK 09/08 Q1022 NOSIG,AviationWeather.gov METAR
2026-09-12T20:34:11.475354+00:00,FACT,2026-09-12T20:00:00.000Z,17.0,13.0,9.0,METAR FACT 122000Z 24009KT 9999 FEW035 17/13 Q1014 NOSIG,AviationWeather.gov METAR
2026-09-12T20:34:11.475362+00:00,KATL,2026-09-12T20:28:00.000Z,27.8,22.2,4.0,SPECI KATL 122028Z 22004KT 10SM SCT026TCU BKN044 BKN200 BKN250 28/22 A2997 RMK AO2 CB DSNT SE MOV SE TCU W-N-NE SHRA W NW T02780222 $,AviationWeather.gov METAR
2026-09-12T20:34:11.475369+00:00,KAUS,2026-09-12T20:00:00.000Z,36.7,22.8,11.0,METAR KAUS 121953Z 15011G18KT 10SM FEW055 FEW300 37/23 A2988 RMK AO2 SLP105 T03670228,AviationWeather.gov METAR
2026-09-12T20:34:11.475374+00:00,KBKF,2026-09-12T20:00:00.000Z,26.4,6.4,6.0,METAR KBKF 121958Z 14006G14KT 10SM FEW070 SCT150 BKN220 26/06 A3013 RMK AO2A SLP119 T02640064,AviationWeather.gov METAR
2026-09-12T20:34:11.475379+00:00,KDAL,2026-09-12T20:00:00.000Z,37.8,20.6,7.0,METAR KDAL 121953Z COR 14007KT 10SM FEW070 38/21 A2987 RMK AO2 SLP105 T03780206,AviationWeather.gov METAR
2026-09-12T20:34:11.475383+00:00,KHOU,2026-09-12T20:00:00.000Z,35.6,22.2,8.0,METAR KHOU 121953Z 20008G14KT 10SM SCT055 SCT250 36/22 A2991 RMK AO2 SLP130 T03560222 $,AviationWeather.gov METAR
2026-09-12T20:34:11.475388+00:00,KLAX,2026-09-12T20:00:00.000Z,26.7,20.0,12.0,METAR KLAX 121953Z 24012KT 10SM FEW016 27/20 A2992 RMK AO2 SLP130 T02670200,AviationWeather.gov METAR
2026-09-12T20:34:11.475392+00:00,KLGA,2026-09-12T20:00:00.000Z,25.6,15.6,12.0,METAR KLGA 121951Z 16012KT 10SM FEW025 FEW040 SCT090 BKN250 26/16 A3008 RMK AO2 SLP186 T02560156,AviationWeather.gov METAR
2026-09-12T20:34:11.475396+00:00,KMIA,2026-09-12T20:00:00.000Z,29.4,22.2,7.0,METAR KMIA 121953Z 20007KT 10SM FEW025 SCT090 SCT250 29/22 A2999 RMK AO2 TSE52 SLP157 TS MOV N CB DSNT NW-NE MOV N T02940222 $,AviationWeather.gov METAR
2026-09-12T20:34:11.475400+00:00,KORD,2026-09-12T20:00:00.000Z,30.0,16.1,10.0,METAR KORD 121951Z 25010G19KT 10SM FEW050 FEW120 BKN210 BKN250 30/16 A2985 RMK AO2 SLP101 T03000161 $,AviationWeather.gov METAR
2026-09-12T20:34:11.475405+00:00,KSEA,2026-09-12T20:00:00.000Z,17.8,10.6,4.0,METAR KSEA 121953Z 33004KT 10SM SCT150 OVC200 18/11 A2989 RMK AO2 SLP128 T01780106 $,AviationWeather.gov METAR
2026-09-12T20:34:11.475409+00:00,KSFO,2026-09-12T20:00:00.000Z,21.7,11.1,12.0,METAR KSFO 121956Z 27012KT 10SM FEW200 22/11 A2997 RMK AO2 SLP148 T02170111 $,AviationWeather.gov METAR
2026-09-12T20:34:11.475414+00:00,LEMD,2026-09-12T20:00:00.000Z,25.0,5.0,1.0,METAR LEMD 122000Z VRB01KT CAVOK 25/05 Q1021 NOSIG,AviationWeather.gov METAR
2026-09-12T20:34:11.475418+00:00,LFPB,2026-09-12T20:30:00.000Z,19.0,10.0,0.0,METAR LFPB 122030Z AUTO 00000KT CAVOK 19/10 Q1025 NOSIG,AviationWeather.gov METAR
2026-09-12T20:34:11.475423+00:00,LIMC,2026-09-12T20:20:00.000Z,18.0,16.0,1.0,METAR LIMC 122020Z 02001KT CAVOK 18/16 Q1022 NOSIG,AviationWeather.gov METAR
2026-09-12T20:34:11.475427+00:00,LTAC,2026-09-12T20:20:00.000Z,18.0,3.0,1.0,METAR LTAC 122020Z VRB01KT CAVOK 18/03 Q1017 NOSIG,AviationWeather.gov METAR
2026-09-12T20:34:11.475431+00:00,MMMX,2026-09-12T20:00:00.000Z,24.0,12.0,5.0,METAR MMMX 121947Z 09005KT 3SM HZ FEW020 SCT080 OVC220 24/12 A3028 NOSIG RMK 8/137 TWR VIS DSNT CB NE E,AviationWeather.gov METAR
2026-09-12T20:34:11.475435+00:00,MPMG,2026-09-12T20:00:00.000Z,29.0,27.0,7.0,METAR MPMG 122000Z 32007KT 9999 FEW010 SCT017CB SCT090 29/27 Q1007 NOSIG,AviationWeather.gov METAR
2026-09-12T20:34:11.475440+00:00,NZWN,2026-09-12T20:00:00.000Z,11.0,6.0,9.0,METAR NZWN 122000Z AUTO 36009KT 9999 FEW100/// 11/06 Q1014,AviationWeather.gov METAR
2026-09-12T20:34:11.475444+00:00,OEJN,2026-09-12T20:00:00.000Z,34.0,24.0,2.0,METAR OEJN 122000Z VRB02KT 9999 FEW040 34/24 Q1007 NOSIG,AviationWeather.gov METAR
2026-09-12T20:34:11.475449+00:00,OPKC,2026-09-12T20:30:00.000Z,28.0,23.0,10.0,METAR OPKC 122030Z 29010KT 5000 FU NSC 28/23 Q1008 NOSIG,AviationWeather.gov METAR
2026-09-12T20:34:11.475453+00:00,RJTT,2026-09-12T20:00:00.000Z,21.0,20.0,6.0,METAR RJTT 122000Z 01006KT 4000 -RA BR FEW002 BKN004 BKN012 21/20 Q1022 TEMPO FM2100 3000 -RA BR,AviationWeather.gov METAR
2026-09-12T20:34:11.475457+00:00,RKPK,2026-09-12T14:00:00.000Z,23.0,19.0,5.0,METAR RKPK 121400Z 03005KT 9999 FEW030 23/19 Q1021,AviationWeather.gov METAR
2026-09-12T20:34:11.475461+00:00,RKSI,2026-09-12T20:00:00.000Z,20.0,19.0,3.0,METAR RKSI 122000Z 04003KT CAVOK 20/19 Q1019 NOSIG,AviationWeather.gov METAR
2026-09-12T20:34:11.475465+00:00,RPLL,2026-09-12T20:00:00.000Z,27.0,25.0,8.0,METAR RPLL 122000Z 02008KT 350V050 9999 FEW025 BKN100 27/25 Q1011 NOSIG RMK A2985,AviationWeather.gov METAR
2026-09-12T20:34:11.475470+00:00,SAEZ,2026-09-12T20:00:00.000Z,9.0,4.0,9.0,METAR SAEZ 122000Z 17009KT 9999 SCT023 BKN047 09/04 Q1032 NOSIG,AviationWeather.gov METAR
2026-09-12T20:34:11.475474+00:00,SBGR,2026-09-12T20:00:00.000Z,20.0,18.0,2.0,METAR SBGR 122000Z 14002KT 9999 FEW008 20/18 Q1018,AviationWeather.gov METAR
2026-09-12T20:34:11.475478+00:00,VILK,2026-09-12T20:00:00.000Z,28.0,26.0,7.0,METAR VILK 122000Z 08007KT 5000 BR NSC 28/26 Q1009 NOSIG,AviationWeather.gov METAR
2026-09-12T20:34:11.475482+00:00,WMKK,2026-09-12T20:00:00.000Z,27.0,25.0,3.0,METAR WMKK 122000Z 06003KT 360V120 6000 FEW030 27/25 Q1008 NOSIG,AviationWeather.gov METAR
2026-09-12T20:34:11.475487+00:00,WSSS,2026-09-12T20:30:00.000Z,27.0,24.0,3.0,METAR WSSS 122030Z 14003KT 9000 FEW018 BKN300 27/24 Q1010 NOSIG,AviationWeather.gov METAR
2026-09-12T20:34:11.475491+00:00,ZBAA,2026-09-12T20:00:00.000Z,16.0,14.0,6.0,METAR ZBAA 122000Z 36003MPS CAVOK 16/14 Q1017 NOSIG,AviationWeather.gov METAR
2026-09-12T20:34:11.475495+00:00,ZGGG,2026-09-12T20:00:00.000Z,27.0,22.0,6.0,METAR ZGGG 122000Z 01003MPS 9999 BKN050 27/22 Q1014 NOSIG,AviationWeather.gov METAR
2026-09-12T20:34:11.475500+00:00,ZGSZ,2026-09-12T20:00:00.000Z,28.0,23.0,10.0,METAR ZGSZ 122000Z 07005MPS 040V100 9999 BKN050 28/23 Q1013 NOSIG,AviationWeather.gov METAR
2026-09-12T20:34:11.475504+00:00,ZHCC,2026-09-12T20:00:00.000Z,20.0,16.0,2.0,METAR ZHCC 122000Z VRB01MPS CAVOK 20/16 Q1019 NOSIG,AviationWeather.gov METAR
2026-09-12T20:34:11.475508+00:00,ZHHH,2026-09-12T20:00:00.000Z,20.0,18.0,2.0,METAR ZHHH 122000Z 33001MPS CAVOK 20/18 Q1018 NOSIG,AviationWeather.gov METAR
2026-09-12T20:34:11.475512+00:00,ZSPD,2026-09-12T20:00:00.000Z,24.0,22.0,6.0,METAR ZSPD 122000Z 06003MPS 9999 FEW016 24/22 Q1018 NOSIG,AviationWeather.gov METAR
2026-09-12T20:34:11.475517+00:00,ZSQD,2026-09-12T20:00:00.000Z,19.0,16.0,2.0,METAR ZSQD 122000Z VRB01MPS CAVOK 19/16 Q1019 NOSIG,AviationWeather.gov METAR
2026-09-12T20:34:11.475521+00:00,ZUCK,2026-09-12T20:00:00.000Z,21.0,19.0,2.0,METAR ZUCK 122000Z 01001MPS 8000 NSC 21/19 Q1021 NOSIG,AviationWeather.gov METAR
2026-09-12T20:34:11.475525+00:00,ZUUU,2026-09-12T20:00:00.000Z,18.0,18.0,4.0,METAR ZUUU 122000Z VRB02MPS 8000 -SHRA FEW020 18/18 Q1024 NOSIG,AviationWeather.gov METAR
2026-09-12T22:33:57.100238+00:00,CYYZ,2026-09-12T22:00:00.000Z,22.0,17.0,7.0,METAR CYYZ 122200Z 15007KT 15SM FEW062 BKN083 BKN260 22/17 A2987 RMK SC2AC3CI2 SLP116 DENSITY ALT 1700FT,AviationWeather.gov METAR
2026-09-12T22:33:57.100255+00:00,EDDM,2026-09-12T22:20:00.000Z,11.0,11.0,1.0,METAR EDDM 122220Z AUTO VRB01KT CAVOK 11/11 Q1024 NOSIG,AviationWeather.gov METAR
2026-09-12T22:33:57.100259+00:00,EFHK,2026-09-12T22:20:00.000Z,14.0,13.0,4.0,METAR EFHK 122220Z 21004KT 9999 -DZRA FEW005 14/13 Q1013 NOSIG,AviationWeather.gov METAR
2026-09-12T22:33:57.100262+00:00,EGLC,2026-09-12T22:20:00.000Z,19.0,15.0,11.0,METAR EGLC 122220Z AUTO 24011KT 9999 BKN040 19/15 Q1022,AviationWeather.gov METAR
2026-09-12T22:33:57.100264+00:00,EHAM,2026-09-12T22:25:00.000Z,18.0,18.0,11.0,METAR EHAM 122225Z 24011KT 210V270 6000 -RADZ FEW004 SCT006 BKN011 18/18 Q1020 RERADZ TEMPO 4500 RADZ BKN006,AviationWeather.gov METAR
2026-09-12T22:33:57.100267+00:00,EPWA,2026-09-12T22:30:00.000Z,8.0,8.0,0.0,METAR EPWA 122230Z 00000KT 9999 MIFG NSC 08/08 Q1022 TEMPO 4500 BR,AviationWeather.gov METAR
2026-09-12T22:33:57.100269+00:00,FACT,2026-09-12T22:00:00.000Z,17.0,13.0,9.0,METAR FACT 122200Z 23009KT 9999 FEW035 17/13 Q1014 NOSIG,AviationWeather.gov METAR
2026-09-12T22:33:57.100274+00:00,KATL,2026-09-12T22:00:00.000Z,28.9,22.8,4.0,METAR KATL 122152Z 21004KT 10SM FEW028TCU SCT100 BKN200 BKN250 29/23 A2997 RMK AO2 SLP136 CB DSNT SE-S MOV SE TCU N W NW DSNT E T02890228 $,AviationWeather.gov METAR
2026-09-12T22:33:57.100278+00:00,KAUS,2026-09-12T22:00:00.000Z,36.7,21.1,7.0,METAR KAUS 122153Z 18007KT 10SM SCT065TCU SCT100 37/21 A2984 RMK AO2 PK WND 10026/2137 SLP090 TCU OHD AND W T03670211,AviationWeather.gov METAR
2026-09-12T22:33:57.100281+00:00,KBKF,2026-09-12T21:00:00.000Z,26.2,6.2,9.0,METAR KBKF 122058Z 05009KT 020V080 10SM FEW080 SCT120 BKN150 BKN220 26/06 A3012 RMK AO2A SLP123 T02620062 56018,AviationWeather.gov METAR
2026-09-12T22:33:57.100283+00:00,KDAL,2026-09-12T22:00:00.000Z,38.3,19.4,5.0,METAR KDAL 122153Z 17005KT 10SM FEW075 38/19 A2983 RMK AO2 SLP091 TCU DSNT SE-S T03830194,AviationWeather.gov METAR
2026-09-12T22:33:57.100285+00:00,KHOU,2026-09-12T22:00:00.000Z,33.9,23.9,15.0,METAR KHOU 122153Z 17015KT 10SM BKN050 BKN250 34/24 A2989 RMK AO2 SLP126 LTG DSNT N AND NE CB DSNT N AND NE MOV NW T03390239 $,AviationWeather.gov METAR
2026-09-12T22:33:57.100287+00:00,KLAX,2026-09-12T22:00:00.000Z,26.1,20.6,12.0,METAR KLAX 122153Z 25012KT 10SM SCT014 26/21 A2990 RMK AO2 SLP124 T02610206,AviationWeather.gov METAR
2026-09-12T22:33:57.100289+00:00,KLGA,2026-09-12T22:00:00.000Z,25.0,15.0,11.0,METAR KLGA 122151Z 16011G18KT 10SM FEW025 FEW048 SCT085 BKN150 BKN250 25/15 A3006 RMK AO2 SLP180 T02500150,AviationWeather.gov METAR
2026-09-12T22:33:57.100291+00:00,KMIA,2026-09-12T22:00:00.000Z,27.2,22.8,7.0,METAR KMIA 122153Z 35007KT 10SM FEW025 FEW055 SCT095 BKN250 27/23 A3003 RMK AO2 SLP168 CB DSNT SW T02720228 $,AviationWeather.gov METAR
2026-09-12T22:33:57.100294+00:00,KORD,2026-09-12T22:00:00.000Z,29.4,17.8,6.0,METAR KORD 122151Z 22006G16KT 10SM FEW050 BKN240 BKN300 29/18 A2984 RMK AO2 SLP100 T02940178 $,AviationWeather.gov METAR
2026-09-12T22:33:57.100296+00:00,KSEA,2026-09-12T22:00:00.000Z,18.3,10.0,7.0,METAR KSEA 122153Z 31007KT 10SM SCT150 BKN200 18/10 A2986 RMK AO2 SLP118 T01830100 $,AviationWeather.gov METAR
2026-09-12T22:33:57.100298+00:00,KSFO,2026-09-12T22:00:00.000Z,21.1,11.7,24.0,METAR KSFO 122156Z 27024G34KT 10SM FEW015 FEW180 21/12 A2997 RMK AO2 PK WND 28035/2116 SLP148 T02110117 $,AviationWeather.gov METAR
2026-09-12T22:33:57.100300+00:00,LEMD,2026-09-12T22:00:00.000Z,22.0,6.0,3.0,METAR LEMD 122200Z 31003KT 290V010 CAVOK 22/06 Q1022 NOSIG,AviationWeather.gov METAR
2026-09-12T22:33:57.100302+00:00,LFPB,2026-09-12T22:30:00.000Z,19.0,11.0,2.0,METAR LFPB 122230Z AUTO VRB02KT CAVOK 19/11 Q1025 NOSIG,AviationWeather.gov METAR
2026-09-12T22:33:57.100304+00:00,LIMC,2026-09-12T22:20:00.000Z,18.0,16.0,3.0,METAR LIMC 122220Z 03003KT 9999 SCT040 18/16 Q1022 NOSIG,AviationWeather.gov METAR
2026-09-12T22:33:57.100307+00:00,LTAC,2026-09-12T22:20:00.000Z,16.0,3.0,1.0,METAR LTAC 122220Z 27001KT CAVOK 16/03 Q1017 NOSIG,AviationWeather.gov METAR
2026-09-12T22:33:57.100309+00:00,MMMX,2026-09-12T22:22:00.000Z,20.0,8.0,20.0,SPECI MMMX 122222Z 04020G30KT 6SM TS BKN020CB OVC080 20/08 A3025 TEMPO 4SM TSRA RMK 8/96/ HZY OCNL LTGICCG PCPN N AND S SE TSB22,AviationWeather.gov METAR
2026-09-12T22:33:57.100311+00:00,MPMG,2026-09-12T22:00:00.000Z,30.0,26.0,7.0,METAR MPMG 122200Z 31007KT 270V330 9999 FEW010 SCT018 SCT090 30/26 Q1006 NOSIG,AviationWeather.gov METAR
2026-09-12T22:33:57.100313+00:00,NZWN,2026-09-12T22:00:00.000Z,15.0,6.0,5.0,METAR NZWN 122200Z AUTO 05005KT 020V100 9999 SCT095/// 15/06 Q1016,AviationWeather.gov METAR
2026-09-12T22:33:57.100315+00:00,OEJN,2026-09-12T22:00:00.000Z,34.0,21.0,4.0,METAR OEJN 122200Z 15004KT 9999 FEW040 34/21 Q1006 NOSIG,AviationWeather.gov METAR
2026-09-12T22:33:57.100317+00:00,OPKC,2026-09-12T22:30:00.000Z,27.0,24.0,6.0,METAR OPKC 122230Z 28006KT 5000 FU NSC 27/24 Q1007 NOSIG,AviationWeather.gov METAR
2026-09-12T22:33:57.100319+00:00,RJTT,2026-09-12T22:00:00.000Z,21.0,20.0,8.0,METAR RJTT 122200Z 01008KT 9999 -RA BR FEW003 BKN008 BKN014 21/20 Q1022 NOSIG,AviationWeather.gov METAR
2026-09-12T22:33:57.100321+00:00,RKPK,2026-09-12T22:00:00.000Z,22.0,18.0,3.0,METAR RKPK 122200Z 32003KT 9999 SCT040 22/18 Q1020,AviationWeather.gov METAR
2026-09-12T22:33:57.100323+00:00,RKSI,2026-09-12T22:00:00.000Z,20.0,19.0,4.0,METAR RKSI 122200Z 06004KT 9999 -RA NSC 20/19 Q1019 NOSIG,AviationWeather.gov METAR
2026-09-12T22:33:57.100325+00:00,RPLL,2026-09-12T22:00:00.000Z,27.0,24.0,6.0,METAR RPLL 122200Z 35006KT 310V040 9999 FEW025 27/24 Q1011 NOSIG RMK A2985,AviationWeather.gov METAR
2026-09-12T22:33:57.100327+00:00,SAEZ,2026-09-12T22:00:00.000Z,8.0,2.0,6.0,METAR SAEZ 122200Z 16006KT 9999 BKN032 BKN050 08/02 Q1033 NOSIG,AviationWeather.gov METAR
2026-09-12T22:33:57.100329+00:00,SBGR,2026-09-12T22:15:00.000Z,18.0,18.0,5.0,SPECI SBGR 122215Z 17005KT 8000 BKN007 18/18 Q1021,AviationWeather.gov METAR
2026-09-12T22:33:57.100331+00:00,VILK,2026-09-12T22:00:00.000Z,28.0,26.0,8.0,METAR VILK 122200Z 08008KT 5000 BR NSC 28/26 Q1008 NOSIG,AviationWeather.gov METAR
2026-09-12T22:33:57.100334+00:00,WMKK,2026-09-12T22:00:00.000Z,26.0,24.0,0.0,METAR WMKK 122200Z 00000KT 6000 FEW030 26/24 Q1008 NOSIG,AviationWeather.gov METAR
2026-09-12T22:33:57.100336+00:00,WSSS,2026-09-12T22:30:00.000Z,28.0,25.0,6.0,METAR WSSS 122230Z 13006KT 090V160 9000 FEW018 BKN300 28/25 Q1010 NOSIG,AviationWeather.gov METAR
2026-09-12T22:33:57.100338+00:00,ZBAA,2026-09-12T22:00:00.000Z,15.0,13.0,6.0,METAR ZBAA 122200Z 36003MPS CAVOK 15/13 Q1018 NOSIG,AviationWeather.gov METAR
2026-09-12T22:33:57.100340+00:00,ZGGG,2026-09-12T22:00:00.000Z,27.0,21.0,8.0,METAR ZGGG 122200Z 01004MPS CAVOK 27/21 Q1014 NOSIG,AviationWeather.gov METAR
2026-09-12T22:33:57.100342+00:00,ZGSZ,2026-09-12T22:00:00.000Z,28.0,24.0,10.0,METAR ZGSZ 122200Z 06005MPS 9999 BKN033 28/24 Q1013 NOSIG,AviationWeather.gov METAR
2026-09-12T22:33:57.100344+00:00,ZHCC,2026-09-12T22:00:00.000Z,20.0,16.0,2.0,METAR ZHCC 122200Z VRB01MPS CAVOK 20/16 Q1019 NOSIG,AviationWeather.gov METAR
2026-09-12T22:33:57.100346+00:00,ZHHH,2026-09-12T22:00:00.000Z,19.0,18.0,2.0,METAR ZHHH 122200Z VRB01MPS CAVOK 19/18 Q1019 NOSIG,AviationWeather.gov METAR
2026-09-12T22:33:57.100348+00:00,ZSPD,2026-09-12T22:00:00.000Z,24.0,22.0,6.0,METAR ZSPD 122200Z 07003MPS 9999 FEW016 24/22 Q1018 NOSIG,AviationWeather.gov METAR
2026-09-12T22:33:57.100350+00:00,ZSQD,2026-09-12T22:00:00.000Z,19.0,17.0,2.0,METAR ZSQD 122200Z VRB01MPS CAVOK 19/17 Q1019 NOSIG,AviationWeather.gov METAR
2026-09-12T22:33:57.100352+00:00,ZUCK,2026-09-12T22:00:00.000Z,21.0,19.0,6.0,METAR ZUCK 122200Z 29003MPS 260V320 8000 SCT040 21/19 Q1022 NOSIG,AviationWeather.gov METAR
2026-09-12T22:33:57.100354+00:00,ZUUU,2026-09-12T22:00:00.000Z,18.0,17.0,2.0,METAR ZUUU 122200Z VRB01MPS 9999 -SHRA SCT050 18/17 Q1024 NOSIG,AviationWeather.gov METAR
2026-09-13T00:23:38.497325+00:00,CYYZ,2026-09-13T00:00:00.000Z,21.0,17.0,4.0,METAR CYYZ 130000Z 15004KT 15SM FEW052 FEW080 BKN260 21/17 A2987 RMK SC1AC1CI6 AC TR SLP118 DENSITY ALT 1500FT,AviationWeather.gov METAR
2026-09-13T00:23:38.497345+00:00,EDDM,2026-09-13T00:00:00.000Z,11.0,11.0,1.0,METAR EDDM 122350Z AUTO VRB01KT CAVOK 11/11 Q1024 NOSIG,AviationWeather.gov METAR
2026-09-13T00:23:38.497351+00:00,EFHK,2026-09-13T00:20:00.000Z,14.0,14.0,4.0,METAR EFHK 130020Z 20004KT 9999 FEW004 BKN006 14/14 Q1012 TEMPO BKN004,AviationWeather.gov METAR
2026-09-13T00:23:38.497355+00:00,EGLC,2026-09-13T00:00:00.000Z,19.0,16.0,10.0,METAR EGLC 122350Z AUTO 24010KT 9999 BKN023 19/16 Q1021,AviationWeather.gov METAR
2026-09-13T00:23:38.497359+00:00,EHAM,2026-09-13T00:00:00.000Z,19.0,18.0,13.0,METAR EHAM 122355Z 25013KT 9999 SCT006 BKN010 19/18 Q1020 TEMPO 6000 -RADZ BKN007,AviationWeather.gov METAR
2026-09-13T00:23:38.497362+00:00,EPWA,2026-09-13T00:00:00.000Z,8.0,7.0,0.0,METAR EPWA 130000Z 00000KT 9999 MIFG NSC 08/07 Q1021 NOSIG,AviationWeather.gov METAR
2026-09-13T00:23:38.497366+00:00,FACT,2026-09-13T00:00:00.000Z,17.0,13.0,10.0,METAR FACT 130000Z 24010KT 9999 -RA BKN045 17/13 Q1014 NOSIG,AviationWeather.gov METAR
2026-09-13T00:23:38.497372+00:00,KATL,2026-09-13T00:00:00.000Z,27.8,23.3,4.0,METAR KATL 122352Z 17004KT 10SM CLR 28/23 A2998 RMK AO2 SLP140 T02780233 10294 20261 53002 $,AviationWeather.gov METAR
2026-09-13T00:23:38.497377+00:00,KAUS,2026-09-13T00:00:00.000Z,36.1,20.0,14.0,METAR KAUS 122353Z 15014KT 10SM FEW065 SCT100 SCT300 36/20 A2984 RMK AO2 TSB2259E27 SLP090 CB DSNT S T03610200 10383 20333 56006,AviationWeather.gov METAR
2026-09-13T00:23:38.497381+00:00,KBKF,2026-09-13T00:00:00.000Z,26.6,8.1,13.0,METAR KBKF 122358Z 09013G19KT 10SM FEW100 SCT150 BKN220 27/08 A3008 RMK AO2A SLP113 T02660081 10277 20208 55012,AviationWeather.gov METAR
2026-09-13T00:23:38.497385+00:00,KDAL,2026-09-13T00:00:00.000Z,37.2,18.9,10.0,METAR KDAL 122353Z 13010KT 10SM FEW075 FEW250 37/19 A2984 RMK AO2 SLP097 CB DSNT NE MOV S T03720189 10389 20350 55003,AviationWeather.gov METAR
2026-09-13T00:23:38.497388+00:00,KHOU,2026-09-13T00:00:00.000Z,32.2,24.4,13.0,METAR KHOU 122353Z 18013G20KT 10SM SCT250 32/24 A2990 RMK AO2 SLP128 T03220244 10361 20322 53001 $,AviationWeather.gov METAR
2026-09-13T00:23:38.497391+00:00,KLAX,2026-09-13T00:00:00.000Z,24.4,20.0,12.0,METAR KLAX 122353Z 27012G18KT 9SM BKN013 24/20 A2987 RMK AO2 SLP113 T02440200 10278 20244 58014,AviationWeather.gov METAR
2026-09-13T00:23:38.497394+00:00,KLGA,2026-09-13T00:00:00.000Z,23.3,13.9,9.0,METAR KLGA 122351Z 16009KT 10SM FEW020 FEW038 SCT080 BKN140 BKN250 23/14 A3007 RMK AO2 SLP181 T02330139 10261 20233 56000,AviationWeather.gov METAR
2026-09-13T00:23:38.497398+00:00,KMIA,2026-09-13T00:00:00.000Z,27.2,23.3,0.0,METAR KMIA 122353Z 00000KT 10SM FEW025 FEW095 SCT250 27/23 A3005 RMK AO2 SLP175 FRQ LTGIC DSNT NE-SE-SW CB DSNT NE-SE-SW T02720233 10333 20267 53007 $,AviationWeather.gov METAR
2026-09-13T00:23:38.497401+00:00,KORD,2026-09-13T00:00:00.000Z,28.3,19.4,5.0,METAR KORD 122351Z 27005KT 10SM FEW050 SCT240 BKN250 28/19 A2985 RMK AO2 SLP102 T02830194 10311 20283 51004 $,AviationWeather.gov METAR
2026-09-13T00:23:38.497404+00:00,KSEA,2026-09-13T00:00:00.000Z,18.9,9.4,3.0,METAR KSEA 122353Z 32003KT 10SM SCT150 BKN180 19/09 A2988 RMK AO2 SLP122 T01890094 10189 20156 55001 $,AviationWeather.gov METAR
2026-09-13T00:23:38.497407+00:00,KSFO,2026-09-13T00:00:00.000Z,20.0,11.1,19.0,METAR KSFO 122356Z 27019G26KT 10SM FEW180 FEW200 20/11 A2995 RMK AO2 PK WND 27028/2307 SLP143 T02000111 10217 20200 58003 $,AviationWeather.gov METAR
2026-09-13T00:23:38.497410+00:00,LEMD,2026-09-13T00:00:00.000Z,22.0,6.0,4.0,METAR LEMD 130000Z 11004KT 070V150 CAVOK 22/06 Q1024 NOSIG,AviationWeather.gov METAR
2026-09-13T00:23:38.497414+00:00,LFPB,2026-09-13T00:00:00.000Z,18.0,11.0,4.0,METAR LFPB 130000Z AUTO 27004KT CAVOK 18/11 Q1024 NOSIG,AviationWeather.gov METAR
2026-09-13T00:23:38.497417+00:00,LIMC,2026-09-13T00:00:00.000Z,18.0,15.0,2.0,METAR LIMC 122350Z VRB02KT CAVOK 18/15 Q1023 NOSIG,AviationWeather.gov METAR
2026-09-13T00:23:38.497420+00:00,LTAC,2026-09-13T00:00:00.000Z,15.0,1.0,3.0,METAR LTAC 122350Z 08003KT 040V100 CAVOK 15/01 Q1017 NOSIG,AviationWeather.gov METAR
2026-09-13T00:23:38.497423+00:00,MMMX,2026-09-13T00:20:00.000Z,16.0,13.0,12.0,SPECI MMMX 130020Z 24012KT 7SM -TSRA BKN015CB OVC080 16/13 A3033 TEMPO 3SM +TSRA RMK 8/96/ HZY OCNL LTGICCG S SW RAB20,AviationWeather.gov METAR
2026-09-13T00:23:38.497426+00:00,MPMG,2026-09-13T00:00:00.000Z,29.0,26.0,4.0,METAR MPMG 130000Z 29004KT 270V340 9999 FEW018 29/26 Q1007 NOSIG,AviationWeather.gov METAR
2026-09-13T00:23:38.497429+00:00,NZWN,2026-09-13T00:00:00.000Z,15.0,8.0,13.0,METAR NZWN 130000Z AUTO 17013KT 9999 OVC049/// 15/08 Q1018,AviationWeather.gov METAR
2026-09-13T00:23:38.497432+00:00,OEJN,2026-09-13T00:00:00.000Z,32.0,29.0,8.0,METAR OEJN 130000Z 28008KT CAVOK 32/29 Q1006 NOSIG,AviationWeather.gov METAR
2026-09-13T00:23:38.497436+00:00,OPKC,2026-09-13T00:00:00.000Z,27.0,24.0,5.0,METAR OPKC 130000Z 31005KT 5000 FU NSC 27/24 Q1007 NOSIG,AviationWeather.gov METAR
2026-09-13T00:23:38.497439+00:00,RJTT,2026-09-13T00:00:00.000Z,22.0,20.0,3.0,METAR RJTT 130000Z 02003KT 350V050 9999 FEW008 BKN014 22/20 Q1022 TEMPO FM0030 FEW004 BKN008 BKN014,AviationWeather.gov METAR
2026-09-13T00:23:38.497442+00:00,RKPK,2026-09-13T00:00:00.000Z,25.0,18.0,2.0,METAR RKPK 130000Z COR 02002KT 9999 FEW030 25/18 Q1019,AviationWeather.gov METAR
2026-09-13T00:23:38.497445+00:00,RKSI,2026-09-13T00:00:00.000Z,21.0,20.0,3.0,METAR RKSI 130000Z 05003KT CAVOK 21/20 Q1019 NOSIG,AviationWeather.gov METAR
2026-09-13T00:23:38.497449+00:00,RPLL,2026-09-13T00:00:00.000Z,29.0,25.0,9.0,METAR RPLL 130000Z 35009KT 300V040 9999 SCT025 29/25 Q1012 NOSIG RMK A2988,AviationWeather.gov METAR
2026-09-13T00:23:38.497452+00:00,SAEZ,2026-09-13T00:00:00.000Z,7.0,2.0,4.0,METAR SAEZ 130000Z 19004KT 170V230 CAVOK 07/02 Q1034 NOSIG,AviationWeather.gov METAR
2026-09-13T00:23:38.497455+00:00,SBGR,2026-09-13T00:00:00.000Z,17.0,16.0,4.0,METAR SBGR 130000Z 16004KT 9999 OVC007 17/16 Q1023,AviationWeather.gov METAR
2026-09-13T00:23:38.497458+00:00,VILK,2026-09-13T00:00:00.000Z,27.0,26.0,9.0,METAR VILK 130000Z 09009KT 4000 BR NSC 27/26 Q1009 NOSIG,AviationWeather.gov METAR
2026-09-13T00:23:38.497461+00:00,WMKK,2026-09-13T00:00:00.000Z,27.0,25.0,1.0,METAR WMKK 130000Z VRB01KT 7000 FEW017CB 27/25 Q1009 NOSIG,AviationWeather.gov METAR
2026-09-13T00:23:38.497464+00:00,WSSS,2026-09-13T00:00:00.000Z,29.0,25.0,7.0,METAR WSSS 130000Z 11007KT 9999 FEW018 BKN300 29/25 Q1011 NOSIG,AviationWeather.gov METAR
2026-09-13T00:23:38.497467+00:00,ZBAA,2026-09-13T00:00:00.000Z,23.0,14.0,2.0,METAR ZBAA 130000Z VRB01MPS CAVOK 23/14 Q1020 BECMG TL0140 35005MPS,AviationWeather.gov METAR
2026-09-13T00:23:38.497470+00:00,ZGGG,2026-09-13T00:00:00.000Z,28.0,22.0,2.0,METAR ZGGG 130000Z VRB01MPS 9999 BKN040 28/22 Q1015 NOSIG,AviationWeather.gov METAR
2026-09-13T00:23:38.497474+00:00,ZGSZ,2026-09-13T00:00:00.000Z,28.0,24.0,10.0,METAR ZGSZ 130000Z 06005MPS 9999 BKN043 28/24 Q1015 NOSIG,AviationWeather.gov METAR
2026-09-13T00:23:38.497477+00:00,ZHCC,2026-09-13T00:00:00.000Z,22.0,16.0,4.0,METAR ZHCC 130000Z 25002MPS CAVOK 22/16 Q1020 NOSIG,AviationWeather.gov METAR
2026-09-13T00:23:38.497499+00:00,ZHHH,2026-09-13T00:00:00.000Z,24.0,18.0,2.0,METAR ZHHH 130000Z VRB01MPS CAVOK 24/18 Q1019 NOSIG,AviationWeather.gov METAR
2026-09-13T00:23:38.497503+00:00,ZSPD,2026-09-13T00:00:00.000Z,26.0,21.0,6.0,METAR ZSPD 130000Z 03003MPS 350V100 9999 FEW016 26/21 Q1019 NOSIG,AviationWeather.gov METAR
2026-09-13T00:23:38.497506+00:00,ZSQD,2026-09-13T00:00:00.000Z,23.0,16.0,4.0,METAR ZSQD 130000Z 22002MPS 190V260 CAVOK 23/16 Q1019 NOSIG,AviationWeather.gov METAR
2026-09-13T00:23:38.497509+00:00,ZUCK,2026-09-13T00:00:00.000Z,21.0,19.0,8.0,METAR ZUCK 130000Z 31004MPS 8000 NSC 21/19 Q1023 NOSIG,AviationWeather.gov METAR
2026-09-13T00:23:38.497513+00:00,ZUUU,2026-09-13T00:00:00.000Z,18.0,18.0,4.0,METAR ZUUU 130000Z 23002MPS 9999 -SHRA FEW009 SCT050 18/18 Q1025 NOSIG,AviationWeather.gov METAR
2026-09-13T05:12:13.075661+00:00,CYYZ,2026-09-13T05:00:00.000Z,21.0,19.0,6.0,METAR CYYZ 130500Z 22006KT 12SM BKN011 BKN230 21/19 A2987 RMK SC5CI2 SLP116 DENSITY ALT 1500FT,AviationWeather.gov METAR
2026-09-13T05:12:13.075682+00:00,EDDM,2026-09-13T05:00:00.000Z,12.0,10.0,7.0,METAR EDDM 130450Z AUTO 25007KT CAVOK 12/10 Q1024 NOSIG,AviationWeather.gov METAR
2026-09-13T05:12:13.075687+00:00,EFHK,2026-09-13T05:00:00.000Z,15.0,14.0,7.0,METAR EFHK 130450Z 19007KT 9999 VCSH BKN008 FEW020CB 15/14 Q1010 TEMPO SHRA BKN010,AviationWeather.gov METAR
2026-09-13T05:12:13.075690+00:00,EGLC,2026-09-13T05:00:00.000Z,18.0,16.0,8.0,METAR EGLC 130450Z AUTO 25008KT 9999 BKN012 BKN029 18/16 Q1021,AviationWeather.gov METAR
2026-09-13T05:12:13.075693+00:00,EHAM,2026-09-13T05:00:00.000Z,18.0,17.0,6.0,METAR EHAM 130455Z 26006KT 9999 FEW008 SCT013 BKN025 18/17 Q1019 TEMPO BKN013,AviationWeather.gov METAR
2026-09-13T05:12:13.075696+00:00,EPWA,2026-09-13T05:00:00.000Z,8.0,7.0,5.0,METAR EPWA 130500Z 14005KT CAVOK 08/07 Q1021 NOSIG,AviationWeather.gov METAR
2026-09-13T05:12:13.075699+00:00,FACT,2026-09-13T05:00:00.000Z,15.0,13.0,5.0,METAR FACT 130500Z 21005KT 180V270 9999 FEW045 15/13 Q1012 NOSIG,AviationWeather.gov METAR
2026-09-13T05:12:13.075706+00:00,KATL,2026-09-13T05:00:00.000Z,23.9,23.3,4.0,METAR KATL 130452Z 21004KT 10SM FEW050 SCT250 24/23 A3002 RMK AO2 SLP157 T02390233 402940222 $,AviationWeather.gov METAR
2026-09-13T05:12:13.075711+00:00,KAUS,2026-09-13T05:00:00.000Z,28.3,23.3,10.0,METAR KAUS 130453Z 17010G19KT 10SM FEW110 SCT250 28/23 A2997 RMK AO2 SLP135 T02830233,AviationWeather.gov METAR
2026-09-13T05:12:13.075715+00:00,KBKF,2026-09-13T04:00:00.000Z,19.5,8.2,8.0,METAR KBKF 130358Z 21008KT 10SM FEW150 FEW220 20/08 A3013 RMK AO2A SLP138 T01950082,AviationWeather.gov METAR
2026-09-13T05:12:13.075718+00:00,KDAL,2026-09-13T05:00:00.000Z,32.8,20.0,8.0,METAR KDAL 130453Z 16008KT 130V190 10SM CLR 33/20 A2993 RMK AO2 SLP127 T03280200,AviationWeather.gov METAR
2026-09-13T05:12:13.075720+00:00,KHOU,2026-09-13T05:00:00.000Z,27.8,25.0,6.0,METAR KHOU 130453Z 18006KT 10SM FEW030 28/25 A2997 RMK AO2 SLP153 T02780250 $,AviationWeather.gov METAR
2026-09-13T05:12:13.075723+00:00,KLAX,2026-09-13T05:00:00.000Z,21.7,18.9,5.0,METAR KLAX 130453Z 23005KT 9SM FEW015 22/19 A2990 RMK AO2 SLP123 T02170189,AviationWeather.gov METAR
2026-09-13T05:12:13.075726+00:00,KLGA,2026-09-13T05:00:00.000Z,22.2,16.7,7.0,METAR KLGA 130451Z 15007KT 10SM FEW050 SCT140 BKN250 22/17 A3004 RMK AO2 SLP173 T02220167 402610189,AviationWeather.gov METAR
2026-09-13T05:12:13.075742+00:00,KMIA,2026-09-13T05:00:00.000Z,26.1,23.3,4.0,METAR KMIA 130453Z 16004KT 10SM FEW020 FEW095 26/23 A3006 RMK AO2 SLP178 T02610233 403390256 $,AviationWeather.gov METAR
2026-09-13T05:12:13.075751+00:00,KORD,2026-09-13T05:00:00.000Z,22.8,18.9,6.0,METAR KORD 130451Z 31006KT 10SM BKN036 BKN160 23/19 A2995 RMK AO2 SLP136 T02280189 $,AviationWeather.gov METAR
2026-09-13T05:12:13.075756+00:00,KSEA,2026-09-13T05:00:00.000Z,15.0,11.7,11.0,METAR KSEA 130453Z 21011KT 8SM -RA BKN040 OVC080 15/12 A2989 RMK AO2 RAB38 SLP125 P0000 T01500117 $,AviationWeather.gov METAR
2026-09-13T05:12:13.075761+00:00,KSFO,2026-09-13T05:00:00.000Z,16.7,13.3,14.0,METAR KSFO 130456Z 28014G25KT 10SM FEW004 FEW015 17/13 A3000 RMK AO2 PK WND 28033/0403 SLP160 T01670133,AviationWeather.gov METAR
2026-09-13T05:12:13.075765+00:00,LEMD,2026-09-13T05:00:00.000Z,17.0,8.0,3.0,METAR LEMD 130500Z 36003KT CAVOK 17/08 Q1024 NOSIG,AviationWeather.gov METAR
2026-09-13T05:12:13.075770+00:00,LFPB,2026-09-13T05:00:00.000Z,18.0,13.0,4.0,METAR LFPB 130500Z AUTO 27004KT 250V310 CAVOK 18/13 Q1024 NOSIG,AviationWeather.gov METAR
2026-09-13T05:12:13.075775+00:00,LIMC,2026-09-13T05:00:00.000Z,19.0,15.0,5.0,METAR LIMC 130450Z 09005KT 9999 BKN050 19/15 Q1023 NOSIG,AviationWeather.gov METAR
2026-09-13T05:12:13.075778+00:00,LTAC,2026-09-13T05:00:00.000Z,13.0,2.0,3.0,METAR LTAC 130450Z 30003KT 250V350 CAVOK 13/02 Q1018 NOSIG,AviationWeather.gov METAR
2026-09-13T05:12:13.075781+00:00,MMMX,2026-09-13T05:00:00.000Z,16.0,12.0,0.0,METAR MMMX 130445Z 00000KT 10SM FEW100 SCT220 16/12 A3036 NOSIG RMK 8/078 ISOL SC,AviationWeather.gov METAR
2026-09-13T05:12:13.075784+00:00,MPMG,2026-09-13T05:00:00.000Z,27.0,26.0,6.0,METAR MPMG 130500Z AUTO 30006KT //// R01///// // FEW100/// BKN160/// BKN230/// 27/26 Q1010,AviationWeather.gov METAR
2026-09-13T05:12:13.075786+00:00,NZWN,2026-09-13T05:00:00.000Z,12.0,6.0,11.0,METAR NZWN 130500Z AUTO 16011KT 9999 NCD 12/06 Q1018,AviationWeather.gov METAR
2026-09-13T05:12:13.075789+00:00,OEJN,2026-09-13T05:00:00.000Z,32.0,29.0,3.0,METAR OEJN 130500Z 29003KT 9999 FEW040 32/29 Q1008 NOSIG,AviationWeather.gov METAR
2026-09-13T05:12:13.075792+00:00,OPKC,2026-09-13T05:00:00.000Z,33.0,21.0,2.0,METAR OPKC 130500Z 29002KT 5000 HZ NSC 33/21 Q1009 NOSIG,AviationWeather.gov METAR
2026-09-13T05:12:13.075795+00:00,RJTT,2026-09-13T05:00:00.000Z,23.0,22.0,5.0,METAR RJTT 130500Z 09005KT 9999 FEW010 SCT016 BKN090 23/22 Q1020 NOSIG,AviationWeather.gov METAR
2026-09-13T05:12:13.075797+00:00,RKPK,2026-09-13T05:01:00.000Z,29.0,20.0,10.0,SPECI RKPK 130501Z 20010KT 9999 SCT040 SCT250 29/20 Q1016,AviationWeather.gov METAR
2026-09-13T05:12:13.075800+00:00,RKSI,2026-09-13T05:00:00.000Z,24.0,19.0,3.0,METAR RKSI 130500Z 27003KT 270V360 9999 FEW020 BKN180 24/19 Q1018 NOSIG,AviationWeather.gov METAR
2026-09-13T05:12:13.075803+00:00,RPLL,2026-09-13T05:00:00.000Z,31.0,27.0,13.0,METAR RPLL 130500Z 27013KT 9999 SCT023CB SCT100 31/27 Q1010 NOSIG RMK A2983 CB NE/NW,AviationWeather.gov METAR
2026-09-13T05:12:13.075805+00:00,SAEZ,2026-09-13T05:00:00.000Z,3.0,0.0,3.0,METAR SAEZ 130500Z 19003KT CAVOK 03/00 Q1035 NOSIG,AviationWeather.gov METAR
2026-09-13T05:12:13.075808+00:00,SBGR,2026-09-13T05:00:00.000Z,16.0,15.0,2.0,METAR SBGR 130500Z 14002KT 9000 SCT005 OVC008 16/15 Q1022,AviationWeather.gov METAR
2026-09-13T05:12:13.075810+00:00,VILK,2026-09-13T05:00:00.000Z,31.0,27.0,10.0,METAR VILK 130500Z 09010KT 5000 HZ SCT020 BKN100 31/27 Q1011 NOSIG,AviationWeather.gov METAR
2026-09-13T05:12:13.075813+00:00,WMKK,2026-09-13T05:00:00.000Z,33.0,25.0,6.0,METAR WMKK 130500Z VRB06KT 9999 FEW018 33/25 Q1010 NOSIG,AviationWeather.gov METAR
2026-09-13T05:12:13.075816+00:00,WSSS,2026-09-13T05:00:00.000Z,33.0,23.0,12.0,METAR WSSS 130500Z 13012KT 090V150 6000 SCT018 FEW020TCU BKN300 33/23 Q1011 NOSIG,AviationWeather.gov METAR
2026-09-13T05:12:13.075818+00:00,ZBAA,2026-09-13T05:00:00.000Z,29.0,6.0,4.0,METAR ZBAA 130500Z VRB02MPS CAVOK 29/06 Q1019 NOSIG,AviationWeather.gov METAR
2026-09-13T05:12:13.075821+00:00,ZGGG,2026-09-13T05:00:00.000Z,32.0,23.0,10.0,METAR ZGGG 130500Z 05005MPS 020V080 9999 BKN053 32/23 Q1014 NOSIG,AviationWeather.gov METAR
2026-09-13T05:12:13.075823+00:00,ZGSZ,2026-09-13T05:00:00.000Z,32.0,23.0,10.0,METAR ZGSZ 130500Z 10005MPS 9999 SCT033 32/23 Q1013 NOSIG,AviationWeather.gov METAR
2026-09-13T05:12:13.075826+00:00,ZHCC,2026-09-13T05:00:00.000Z,27.0,17.0,4.0,METAR ZHCC 130500Z 30002MPS 250V340 CAVOK 27/17 Q1020 NOSIG,AviationWeather.gov METAR
2026-09-13T05:12:13.075828+00:00,ZHHH,2026-09-13T05:00:00.000Z,31.0,16.0,4.0,METAR ZHHH 130500Z 26002MPS 200V340 CAVOK 31/16 Q1018 NOSIG,AviationWeather.gov METAR
2026-09-13T05:12:13.075831+00:00,ZSPD,2026-09-13T05:00:00.000Z,29.0,20.0,8.0,METAR ZSPD 130500Z 04004MPS 300V090 9999 FEW016 29/20 Q1018 NOSIG,AviationWeather.gov METAR
2026-09-13T05:12:13.075834+00:00,ZSQD,2026-09-13T05:00:00.000Z,27.0,15.0,6.0,METAR ZSQD 130500Z 23003MPS 180V280 CAVOK 27/15 Q1018 NOSIG,AviationWeather.gov METAR
2026-09-13T05:12:13.075836+00:00,ZUCK,2026-09-13T05:00:00.000Z,26.0,19.0,6.0,METAR ZUCK 130500Z 30003MPS 250V340 9999 SCT026 BKN040 26/19 Q1023 NOSIG,AviationWeather.gov METAR
2026-09-13T05:12:13.075839+00:00,ZUUU,2026-09-13T05:00:00.000Z,22.0,17.0,6.0,METAR ZUUU 130500Z 21003MPS 180V250 9999 -SHRA FEW011 SCT040 22/17 Q1025 NOSIG,AviationWeather.gov METAR
2026-09-13T10:19:14.211811+00:00,CYYZ,2026-09-13T10:00:00.000Z,20.0,19.0,3.0,METAR CYYZ 131000Z 16003KT 8SM SCT078 BKN260 20/19 A2985 RMK AC3CI2 SLP109 DENSITY ALT 1400FT,AviationWeather.gov METAR
2026-09-13T10:19:14.211824+00:00,EDDM,2026-09-13T10:00:00.000Z,20.0,12.0,6.0,METAR EDDM 130950Z AUTO 28006KT 250V310 9999 FEW048 20/12 Q1024 NOSIG,AviationWeather.gov METAR
2026-09-13T10:19:14.211829+00:00,EFHK,2026-09-13T10:00:00.000Z,16.0,12.0,8.0,METAR EFHK 130950Z 22008KT 9999 VCSH FEW017 FEW020TCU 16/12 Q1011 BECMG FEW020,AviationWeather.gov METAR
2026-09-13T10:19:14.211833+00:00,EGLC,2026-09-13T10:00:00.000Z,21.0,17.0,9.0,METAR EGLC 130950Z AUTO 25009KT 9999 BKN013 21/17 Q1022,AviationWeather.gov METAR
2026-09-13T10:19:14.211837+00:00,EHAM,2026-09-13T10:00:00.000Z,19.0,18.0,8.0,METAR EHAM 130955Z 28008KT 250V330 9999 -RA FEW010 19/18 Q1020 NOSIG,AviationWeather.gov METAR
2026-09-13T10:19:14.211840+00:00,EPWA,2026-09-13T10:00:00.000Z,20.0,9.0,10.0,METAR EPWA 131000Z 20010KT 170V230 CAVOK 20/09 Q1020 NOSIG,AviationWeather.gov METAR
2026-09-13T10:19:14.211844+00:00,FACT,2026-09-13T10:00:00.000Z,22.0,15.0,5.0,METAR FACT 131000Z 16005KT 130V190 CAVOK 22/15 Q1012 NOSIG,AviationWeather.gov METAR
2026-09-13T10:19:14.211850+00:00,KATL,2026-09-13T10:00:00.000Z,22.8,21.7,4.0,METAR KATL 130952Z 27004KT 10SM FEW050 BKN080 BKN250 23/22 A3002 RMK AO2 SLP155 T02280217 $,AviationWeather.gov METAR
2026-09-13T10:19:14.211855+00:00,KAUS,2026-09-13T10:00:00.000Z,24.4,23.9,3.0,METAR KAUS 130953Z 19003KT 10SM FEW018 24/24 A2996 RMK AO2 SLP132 T02440239,AviationWeather.gov METAR
2026-09-13T10:19:14.211861+00:00,KBKF,2026-09-13T09:00:00.000Z,16.8,10.6,6.0,METAR KBKF 130858Z 19006KT 10SM FEW220 17/11 A3007 RMK AO2A SLP102 T01680106 57013,AviationWeather.gov METAR
2026-09-13T10:19:14.211865+00:00,KDAL,2026-09-13T10:00:00.000Z,28.9,22.2,8.0,METAR KDAL 130953Z 18008KT 10SM FEW250 29/22 A2995 RMK AO2 SLP134 T02890222,AviationWeather.gov METAR
2026-09-13T10:19:14.211868+00:00,KHOU,2026-09-13T10:00:00.000Z,26.1,24.4,3.0,METAR KHOU 130953Z 20003KT 10SM CLR 26/24 A2996 RMK AO2 SLP147 T02610244 $,AviationWeather.gov METAR
2026-09-13T10:19:14.211872+00:00,KLAX,2026-09-13T10:00:00.000Z,21.1,19.4,4.0,METAR KLAX 130953Z 19004KT 9SM BKN017 21/19 A2988 RMK AO2 SLP115 T02110194,AviationWeather.gov METAR
2026-09-13T10:19:14.211875+00:00,KLGA,2026-09-13T10:00:00.000Z,21.1,20.0,5.0,METAR KLGA 130951Z 34005KT 5SM -RA BR BKN011 OVC035 21/20 A2994 RMK AO2 SLP138 P0007 T02110200 $,AviationWeather.gov METAR
2026-09-13T10:19:14.211878+00:00,KMIA,2026-09-13T10:00:00.000Z,26.1,24.4,4.0,METAR KMIA 130953Z 29004KT 10SM FEW013 FEW250 26/24 A3001 RMK AO2 SLP161 T02610244 $,AviationWeather.gov METAR
2026-09-13T10:19:14.211881+00:00,KORD,2026-09-13T10:00:00.000Z,16.7,11.7,7.0,METAR KORD 130951Z 34007KT 10SM FEW250 17/12 A2998 RMK AO2 SLP147 T01670117 $,AviationWeather.gov METAR
2026-09-13T10:19:14.211884+00:00,KSEA,2026-09-13T10:00:00.000Z,12.8,11.7,8.0,METAR KSEA 130953Z 17008KT 6SM -RA BR SCT008 BKN022 OVC070 13/12 A2991 RMK AO2 SLP133 P0003 T01280117 $,AviationWeather.gov METAR
2026-09-13T10:19:14.211887+00:00,KSFO,2026-09-13T10:00:00.000Z,15.6,13.3,8.0,METAR KSFO 130956Z 30008KT 10SM FEW004 BKN012 16/13 A3002 RMK AO2 SLP164 T01560133,AviationWeather.gov METAR
2026-09-13T10:19:14.211891+00:00,LEMD,2026-09-13T10:00:00.000Z,27.0,12.0,2.0,METAR LEMD 131000Z 30002KT CAVOK 27/12 Q1025 NOSIG,AviationWeather.gov METAR
2026-09-13T10:19:14.211894+00:00,LFPB,2026-09-13T10:00:00.000Z,21.0,13.0,6.0,METAR LFPB 131000Z AUTO 26006KT 230V300 9999 FEW039 OVC088 21/13 Q1025 NOSIG,AviationWeather.gov METAR
2026-09-13T10:19:14.211897+00:00,LIMC,2026-09-13T10:00:00.000Z,23.0,15.0,2.0,METAR LIMC 130950Z VRB02KT 9999 SCT050 23/15 Q1024 NOSIG,AviationWeather.gov METAR
2026-09-13T10:19:14.211900+00:00,LTAC,2026-09-13T10:00:00.000Z,31.0,0.0,7.0,METAR LTAC 130950Z VRB07KT CAVOK 31/M00 Q1016 NOSIG,AviationWeather.gov METAR
2026-09-13T10:19:14.211903+00:00,MMMX,2026-09-13T09:42:00.000Z,14.0,12.0,0.0,METAR MMMX 130942Z 00000KT 7SM FEW030 SCT100 BKN250 14/12 A3033 NOSIG RMK 8/538 BR HZ,AviationWeather.gov METAR
2026-09-13T10:19:14.211907+00:00,MPMG,2026-09-13T10:00:00.000Z,27.0,25.0,3.0,METAR MPMG 131000Z AUTO 32003KT 290V350 //// R01///// // FEW100/// BKN160/// 27/25 Q1008,AviationWeather.gov METAR
2026-09-13T10:19:14.211939+00:00,NZWN,2026-09-13T10:00:00.000Z,10.0,5.0,3.0,METAR NZWN 131000Z AUTO 03003KT 9999 BKN050/// 10/05 Q1021,AviationWeather.gov METAR
2026-09-13T10:19:14.211943+00:00,OEJN,2026-09-13T10:00:00.000Z,36.0,28.0,8.0,METAR OEJN 131000Z 27008KT CAVOK 36/28 Q1008 NOSIG,AviationWeather.gov METAR
2026-09-13T10:19:14.211947+00:00,OPKC,2026-09-13T10:00:00.000Z,37.0,21.0,15.0,METAR OPKC 131000Z 24015KT 4000 HZ SCT020 37/21 Q1006 NOSIG,AviationWeather.gov METAR
2026-09-13T10:19:14.211950+00:00,RJTT,2026-09-13T10:00:00.000Z,25.0,23.0,9.0,METAR RJTT 131000Z 19009KT 9999 FEW010 BKN013 25/23 Q1019 NOSIG,AviationWeather.gov METAR
2026-09-13T10:19:14.211954+00:00,RKPK,2026-09-13T10:00:00.000Z,25.0,22.0,8.0,METAR RKPK 131000Z 18008KT 9999 FEW040 FEW250 25/22 Q1016,AviationWeather.gov METAR
2026-09-13T10:19:14.211957+00:00,RKSI,2026-09-13T10:00:00.000Z,22.0,18.0,4.0,METAR RKSI 131000Z 29004KT 250V320 CAVOK 22/18 Q1018 NOSIG,AviationWeather.gov METAR
2026-09-13T10:19:14.211960+00:00,RPLL,2026-09-13T10:00:00.000Z,27.0,26.0,2.0,METAR RPLL 131000Z VRB02KT 9999 -RA FEW023 BKN100 27/26 Q1010 RMK A2983,AviationWeather.gov METAR
2026-09-13T10:19:14.211963+00:00,SAEZ,2026-09-13T10:00:00.000Z,-1.0,-2.0,3.0,METAR SAEZ 131000Z 21003KT CAVOK M01/M02 Q1035 NOSIG,AviationWeather.gov METAR
2026-09-13T10:19:14.211966+00:00,SBGR,2026-09-13T10:00:00.000Z,15.0,15.0,2.0,METAR SBGR 131000Z 13002KT 9999 OVC008 15/15 Q1023,AviationWeather.gov METAR
2026-09-13T10:19:14.211970+00:00,VILK,2026-09-13T10:00:00.000Z,32.0,25.0,14.0,METAR VILK 131000Z 10014KT 5000 HZ SCT020 SCT025 32/25 Q1007 NOSIG,AviationWeather.gov METAR
2026-09-13T10:19:14.211973+00:00,WMKK,2026-09-13T10:00:00.000Z,31.0,25.0,3.0,METAR WMKK 131000Z VRB03KT 9999 FEW017CB 31/25 Q1006 NOSIG,AviationWeather.gov METAR
2026-09-13T10:19:14.211976+00:00,WSSS,2026-09-13T10:00:00.000Z,31.0,25.0,10.0,METAR WSSS 131000Z 13010KT 8000 FEW020 BKN300 31/25 Q1008 NOSIG,AviationWeather.gov METAR
2026-09-13T10:19:14.211979+00:00,ZBAA,2026-09-13T10:00:00.000Z,23.0,12.0,4.0,METAR ZBAA 131000Z 13002MPS CAVOK 23/12 Q1018 NOSIG,AviationWeather.gov METAR
2026-09-13T10:19:14.211982+00:00,ZGGG,2026-09-13T10:00:00.000Z,31.0,24.0,10.0,METAR ZGGG 131000Z 01005MPS CAVOK 31/24 Q1012 NOSIG,AviationWeather.gov METAR
2026-09-13T10:19:14.211986+00:00,ZGSZ,2026-09-13T10:00:00.000Z,28.0,25.0,4.0,METAR ZGSZ 131000Z VRB02MPS 9999 FEW016 BKN040 28/25 Q1013 RETS NOSIG,AviationWeather.gov METAR
2026-09-13T10:19:14.211989+00:00,ZHCC,2026-09-13T10:00:00.000Z,27.0,18.0,2.0,METAR ZHCC 131000Z VRB01MPS CAVOK 27/18 Q1020 NOSIG,AviationWeather.gov METAR
2026-09-13T10:19:14.211992+00:00,ZHHH,2026-09-13T10:00:00.000Z,31.0,17.0,2.0,METAR ZHHH 131000Z VRB01MPS CAVOK 31/17 Q1017 NOSIG,AviationWeather.gov METAR
2026-09-13T10:19:14.211995+00:00,ZSPD,2026-09-13T10:00:00.000Z,27.0,19.0,10.0,METAR ZSPD 131000Z 04005MPS 010V070 CAVOK 27/19 Q1018 NOSIG,AviationWeather.gov METAR
2026-09-13T10:19:14.211999+00:00,ZSQD,2026-09-13T10:00:00.000Z,27.0,14.0,4.0,METAR ZSQD 131000Z VRB02MPS CAVOK 27/14 Q1018 NOSIG,AviationWeather.gov METAR
2026-09-13T10:19:14.212004+00:00,ZUCK,2026-09-13T10:00:00.000Z,24.0,19.0,6.0,METAR ZUCK 131000Z 28003MPS 250V320 CAVOK 24/19 Q1021 NOSIG,AviationWeather.gov METAR
2026-09-13T10:19:14.212007+00:00,ZUUU,2026-09-13T10:00:00.000Z,25.0,17.0,4.0,METAR ZUUU 131000Z 21002MPS 140V250 CAVOK 25/17 Q1022 NOSIG,AviationWeather.gov METAR
2026-09-13T14:33:56.701056+00:00,CYYZ,2026-09-13T14:00:00.000Z,22.0,16.0,5.0,METAR CYYZ 131400Z 36005KT 11SM BKN020 22/16 A2989 RMK SC7 SLP121 DENSITY ALT 1600FT,AviationWeather.gov METAR
2026-09-13T14:33:56.701075+00:00,EDDM,2026-09-13T14:20:00.000Z,22.0,12.0,8.0,METAR EDDM 131420Z AUTO 26008KT CAVOK 22/12 Q1022 TEMPO SHRA BKN040TCU,AviationWeather.gov METAR
2026-09-13T14:33:56.701081+00:00,EFHK,2026-09-13T14:20:00.000Z,15.0,13.0,10.0,METAR EFHK 131420Z 25010KT 9999 FEW014 BKN018 BKN043 15/13 Q1011 TEMPO BKN014,AviationWeather.gov METAR
2026-09-13T14:33:56.701085+00:00,EGLC,2026-09-13T14:20:00.000Z,23.0,18.0,8.0,METAR EGLC 131420Z AUTO 26008KT 9999 BKN026 BKN034 OVC045 23/18 Q1021,AviationWeather.gov METAR
2026-09-13T14:33:56.701089+00:00,EHAM,2026-09-13T14:25:00.000Z,20.0,16.0,11.0,METAR EHAM 131425Z 30011KT 9999 FEW018 SCT028 20/16 Q1021 NOSIG,AviationWeather.gov METAR
2026-09-13T14:33:56.701092+00:00,EPWA,2026-09-13T14:30:00.000Z,19.0,11.0,4.0,METAR EPWA 131430Z 19004KT CAVOK 19/11 Q1019 NOSIG,AviationWeather.gov METAR
2026-09-13T14:33:56.701096+00:00,FACT,2026-09-13T14:00:00.000Z,21.0,14.0,11.0,METAR FACT 131400Z COR 26011KT 190V300 CAVOK 21/14 Q1011 NOSIG,AviationWeather.gov METAR
2026-09-13T14:33:56.701101+00:00,KATL,2026-09-13T14:00:00.000Z,25.6,22.8,7.0,METAR KATL 131352Z 28007KT 10SM FEW012 FEW090 BKN250 26/23 A3009 RMK AO2 SLP179 T02560228 $,AviationWeather.gov METAR
2026-09-13T14:33:56.701107+00:00,KAUS,2026-09-13T14:12:00.000Z,27.8,25.0,8.0,SPECI KAUS 131412Z 17008KT 10SM BKN012 OVC017 28/25 A3003 RMK AO2 CIG 011V013 T02780250,AviationWeather.gov METAR
2026-09-13T14:33:56.701110+00:00,KBKF,2026-09-13T14:00:00.000Z,19.8,7.8,9.0,METAR KBKF 131355Z AUTO 20009KT 10SM CLR 20/08 A3010 RMK AO2 SLP116 T01980078,AviationWeather.gov METAR
2026-09-13T14:33:56.701114+00:00,KDAL,2026-09-13T14:00:00.000Z,28.3,23.3,7.0,METAR KDAL 131353Z 16007KT 10SM FEW012 SCT250 28/23 A3003 RMK AO2 SLP160 T02830233,AviationWeather.gov METAR
2026-09-13T14:33:56.701117+00:00,KHOU,2026-09-13T14:00:00.000Z,30.0,25.6,4.0,METAR KHOU 131353Z 13004KT 10SM FEW028 SCT250 30/26 A3003 RMK AO2 LTG DSNT E AND S SLP173 CB DSNT E S T03000256 $,AviationWeather.gov METAR
2026-09-13T14:33:56.701121+00:00,KLAX,2026-09-13T14:00:00.000Z,22.2,18.9,5.0,METAR KLAX 131353Z 31005KT 7SM BKN016 OVC021 22/19 A2988 RMK AO2 SLP117 T02220189 $,AviationWeather.gov METAR
2026-09-13T14:33:56.701124+00:00,KLGA,2026-09-13T14:00:00.000Z,21.7,20.6,5.0,METAR KLGA 131351Z 03005KT 4SM +RA BR FEW004 BKN006 OVC010 22/21 A2990 RMK AO2 SLP126 P0014 T02170206 $,AviationWeather.gov METAR
2026-09-13T14:33:56.701127+00:00,KMIA,2026-09-13T14:00:00.000Z,29.4,23.3,3.0,METAR KMIA 131353Z 11003KT 10SM FEW020 FEW250 29/23 A3008 RMK AO2 SLP186 CB DSNT SW T02940233 $,AviationWeather.gov METAR
2026-09-13T14:33:56.701130+00:00,KORD,2026-09-13T14:00:00.000Z,19.4,11.7,8.0,METAR KORD 131351Z 35008KT 10SM SCT085 SCT250 19/12 A3003 RMK AO2 SLP167 T01940117 $,AviationWeather.gov METAR
2026-09-13T14:33:56.701133+00:00,KSEA,2026-09-13T14:17:00.000Z,12.2,11.7,8.0,SPECI KSEA 131417Z 19008KT 6SM -RA BR FEW005 BKN009 OVC013 12/12 A2992 RMK AO2 P0002 T01220117 $,AviationWeather.gov METAR
2026-09-13T14:33:56.701136+00:00,KSFO,2026-09-13T14:14:00.000Z,15.6,13.3,10.0,SPECI KSFO 131414Z 29010KT 10SM FEW006 BKN012 16/13 A3003 RMK AO2 T01560133,AviationWeather.gov METAR
2026-09-13T14:33:56.701140+00:00,LEMD,2026-09-13T14:00:00.000Z,32.0,6.0,7.0,METAR LEMD 131400Z 22007KT 150V290 CAVOK 32/06 Q1023 NOSIG,AviationWeather.gov METAR
2026-09-13T14:33:56.701143+00:00,LFPB,2026-09-13T14:30:00.000Z,27.0,12.0,6.0,METAR LFPB 131430Z AUTO 28006KT 230V350 CAVOK 27/12 Q1023 NOSIG,AviationWeather.gov METAR
2026-09-13T14:33:56.701146+00:00,LIMC,2026-09-13T14:20:00.000Z,26.0,15.0,4.0,METAR LIMC 131420Z 25004KT 190V320 9999 SCT045 26/15 Q1021 NOSIG,AviationWeather.gov METAR
2026-09-13T14:33:56.701149+00:00,LTAC,2026-09-13T14:20:00.000Z,32.0,-1.0,14.0,METAR LTAC 131420Z 28014KT 240V300 9999 FEW040 32/M01 Q1014 BECMG VRB02KT,AviationWeather.gov METAR
2026-09-13T14:33:56.701152+00:00,MMMX,2026-09-13T14:00:00.000Z,14.0,12.0,6.0,METAR MMMX 131346Z 06006KT 5SM FEW020 BKN080 OVC230 14/12 A3039 NOSIG RMK 8/837 HZY,AviationWeather.gov METAR
2026-09-13T14:33:56.701156+00:00,MPMG,2026-09-13T13:00:00.000Z,28.0,26.0,5.0,METAR MPMG 131300Z 31005KT 270V340 9000 SCT016CB BKN090 28/26 Q1009 NOSIG,AviationWeather.gov METAR
2026-09-13T14:33:56.701159+00:00,NZWN,2026-09-13T14:00:00.000Z,10.0,7.0,3.0,METAR NZWN 131400Z AUTO 32003KT 3300 HZ OVC044/// 10/07 Q1021,AviationWeather.gov METAR
2026-09-13T14:33:56.701162+00:00,OEJN,2026-09-13T14:00:00.000Z,34.0,26.0,9.0,METAR OEJN 131400Z 30009KT 9999 FEW040 34/26 Q1006 NOSIG,AviationWeather.gov METAR
2026-09-13T14:33:56.701165+00:00,OPKC,2026-09-13T14:30:00.000Z,31.0,22.0,8.0,METAR OPKC 131430Z 27008KT 5000 HZ FEW020 31/22 Q1007 NOSIG,AviationWeather.gov METAR
2026-09-13T14:33:56.701168+00:00,RJTT,2026-09-13T14:00:00.000Z,25.0,23.0,10.0,METAR RJTT 131400Z 19010KT 9999 FEW006 BKN008 25/23 Q1019 NOSIG,AviationWeather.gov METAR
2026-09-13T14:33:56.701171+00:00,RKPK,2026-09-13T14:00:00.000Z,24.0,21.0,2.0,METAR RKPK 131400Z 25002KT 9999 FEW040 FEW200 24/21 Q1017,AviationWeather.gov METAR
2026-09-13T14:33:56.701174+00:00,RKSI,2026-09-13T14:00:00.000Z,22.0,18.0,4.0,METAR RKSI 131400Z 27004KT 240V310 CAVOK 22/18 Q1018 NOSIG,AviationWeather.gov METAR
2026-09-13T14:33:56.701178+00:00,RPLL,2026-09-13T14:00:00.000Z,27.0,26.0,1.0,METAR RPLL 131400Z VRB01KT 9999 FEW025 SCT100 27/26 Q1012 NOSIG RMK A2988,AviationWeather.gov METAR
2026-09-13T14:33:56.701184+00:00,SAEZ,2026-09-13T14:00:00.000Z,9.0,-1.0,6.0,METAR SAEZ 131400Z VRB06KT 9999 FEW039 09/M01 Q1034 NOSIG,AviationWeather.gov METAR
2026-09-13T14:33:56.701187+00:00,SBGR,2026-09-13T14:25:00.000Z,16.0,15.0,5.0,SPECI SBGR 131425Z 17005KT 2500 -RADZ FEW005 OVC008 16/15 Q1024,AviationWeather.gov METAR
2026-09-13T14:33:56.701191+00:00,VILK,2026-09-13T14:00:00.000Z,30.0,26.0,6.0,METAR VILK 131400Z 10006KT 5000 BR FEW020 30/26 Q1009 NOSIG,AviationWeather.gov METAR
2026-09-13T14:33:56.701194+00:00,WMKK,2026-09-13T14:00:00.000Z,28.0,25.0,0.0,METAR WMKK 131400Z 00000KT 9000 FEW030 28/25 Q1010 NOSIG,AviationWeather.gov METAR
2026-09-13T14:33:56.701200+00:00,WSSS,2026-09-13T14:30:00.000Z,29.0,25.0,9.0,METAR WSSS 131430Z 12009KT 9999 FEW018 BKN300 29/25 Q1012 NOSIG,AviationWeather.gov METAR
2026-09-13T14:33:56.701203+00:00,ZBAA,2026-09-13T14:00:00.000Z,15.0,12.0,2.0,METAR ZBAA 131400Z VRB01MPS CAVOK 15/12 Q1021 NOSIG,AviationWeather.gov METAR
2026-09-13T14:33:56.701206+00:00,ZGGG,2026-09-13T14:00:00.000Z,29.0,25.0,4.0,METAR ZGGG 131400Z 18002MPS 9999 BKN050 29/25 Q1016 NOSIG,AviationWeather.gov METAR
2026-09-13T14:33:56.701209+00:00,ZGSZ,2026-09-13T14:00:00.000Z,28.0,25.0,4.0,METAR ZGSZ 131400Z 08002MPS 9999 FEW053 28/25 Q1016 NOSIG,AviationWeather.gov METAR
2026-09-13T14:33:56.701212+00:00,ZHCC,2026-09-13T14:00:00.000Z,22.0,20.0,2.0,METAR ZHCC 131400Z 22001MPS CAVOK 22/20 Q1022 NOSIG,AviationWeather.gov METAR
2026-09-13T14:33:56.701216+00:00,ZHHH,2026-09-13T14:00:00.000Z,25.0,16.0,4.0,METAR ZHHH 131400Z 03002MPS CAVOK 25/16 Q1019 NOSIG,AviationWeather.gov METAR
2026-09-13T14:33:56.701219+00:00,ZSPD,2026-09-13T14:00:00.000Z,25.0,19.0,8.0,METAR ZSPD 131400Z 04004MPS 350V090 CAVOK 25/19 Q1019 NOSIG,AviationWeather.gov METAR
2026-09-13T14:33:56.701222+00:00,ZSQD,2026-09-13T14:00:00.000Z,23.0,16.0,8.0,METAR ZSQD 131400Z 33004MPS CAVOK 23/16 Q1020 NOSIG,AviationWeather.gov METAR
2026-09-13T14:33:56.701227+00:00,ZUCK,2026-09-13T14:00:00.000Z,22.0,19.0,6.0,METAR ZUCK 131400Z 30003MPS 270V330 9999 SCT030 OVC050 22/19 Q1024 NOSIG,AviationWeather.gov METAR
2026-09-13T14:33:56.701230+00:00,ZUUU,2026-09-13T14:00:00.000Z,21.0,17.0,2.0,METAR ZUUU 131400Z VRB01MPS CAVOK 21/17 Q1024 NOSIG,AviationWeather.gov METAR
2026-09-13T17:41:09.498943+00:00,CYYZ,2026-09-13T17:00:00.000Z,26.0,17.0,5.0,METAR CYYZ 131700Z 26005KT 240V310 15SM FEW026 FEW040 FEW250 26/17 A2985 RMK CU1SC1CI1 SC TR CONTRAILS SLP109 DENSITY ALT 2000FT,AviationWeather.gov METAR
2026-09-13T17:41:09.498964+00:00,EDDM,2026-09-13T17:20:00.000Z,15.0,15.0,1.0,METAR EDDM 131720Z AUTO VRB01KT 9999 SCT044 15/15 Q1022 NOSIG,AviationWeather.gov METAR
2026-09-13T17:41:09.498970+00:00,EFHK,2026-09-13T17:20:00.000Z,13.0,12.0,5.0,METAR EFHK 131720Z 27005KT 9999 FEW012 SCT048 13/12 Q1012 NOSIG,AviationWeather.gov METAR
2026-09-13T17:41:09.498974+00:00,EGLC,2026-09-13T17:20:00.000Z,21.0,19.0,5.0,METAR EGLC 131720Z AUTO 23005KT 9999 -RA SCT011 SCT018 BKN025 21/19 Q1021,AviationWeather.gov METAR
2026-09-13T17:41:09.498978+00:00,EHAM,2026-09-13T17:25:00.000Z,19.0,14.0,5.0,METAR EHAM 131725Z 32005KT 9999 FEW027 19/14 Q1021 NOSIG,AviationWeather.gov METAR
2026-09-13T17:41:09.498981+00:00,EPWA,2026-09-13T17:30:00.000Z,17.0,11.0,4.0,METAR EPWA 131730Z 16004KT CAVOK 17/11 Q1018 NOSIG,AviationWeather.gov METAR
2026-09-13T17:41:09.498984+00:00,FACT,2026-09-13T17:00:00.000Z,17.0,14.0,5.0,METAR FACT 131700Z 30005KT 9999 SCT025 17/14 Q1012 NOSIG,AviationWeather.gov METAR
2026-09-13T17:41:09.498990+00:00,KATL,2026-09-13T17:00:00.000Z,30.6,21.1,9.0,METAR KATL 131652Z 29009KT 10SM SCT036TCU BKN250 31/21 A3007 RMK AO2 SLP171 TCU E-S MDT CU ALQDS T03060211 $,AviationWeather.gov METAR
2026-09-13T17:41:09.498995+00:00,KAUS,2026-09-13T17:00:00.000Z,34.4,22.2,15.0,METAR KAUS 131653Z 17015G22KT 10SM SCT037 SCT047 34/22 A3003 RMK AO2 SLP154 T03440222,AviationWeather.gov METAR
2026-09-13T17:41:09.498999+00:00,KBKF,2026-09-13T17:00:00.000Z,30.4,4.9,4.0,METAR KBKF 131658Z 18004KT 10SM FEW080 FEW140 30/05 A3009 RMK AO2A SLP097 T03040049,AviationWeather.gov METAR
2026-09-13T17:41:09.499002+00:00,KDAL,2026-09-13T17:00:00.000Z,33.3,21.1,6.0,METAR KDAL 131653Z 20006KT 10SM FEW060 SCT250 33/21 A3001 RMK AO2 SLP155 T03330211,AviationWeather.gov METAR
2026-09-13T17:41:09.499005+00:00,KHOU,2026-09-13T17:05:00.000Z,27.2,23.9,10.0,SPECI KHOU 131705Z 15010KT 10SM FEW020 SCT032 27/24 A3004 RMK AO2 LTG DSNT N AND NE TS DSIPT SHRA CB DSNT N TCU DSNT SW T02720239 $,AviationWeather.gov METAR
2026-09-13T17:41:09.499009+00:00,KLAX,2026-09-13T17:00:00.000Z,24.4,19.4,7.0,METAR KLAX 131653Z 27007KT 9SM FEW018 BKN023 24/19 A2990 RMK AO2 SLP123 T02440194 $,AviationWeather.gov METAR
2026-09-13T17:41:09.499012+00:00,KLGA,2026-09-13T17:15:00.000Z,23.3,21.1,5.0,SPECI KLGA 131715Z 01005KT 8SM FEW004 OVC006 23/21 A2987 RMK AO2 RAE01 P0000 T02330211 $,AviationWeather.gov METAR
2026-09-13T17:41:09.499015+00:00,KMIA,2026-09-13T17:00:00.000Z,32.2,22.8,6.0,METAR KMIA 131653Z 26006KT 10SM SCT035 BKN250 32/23 A3005 RMK AO2 SLP177 T03220228 $,AviationWeather.gov METAR
2026-09-13T17:41:09.499018+00:00,KORD,2026-09-13T17:00:00.000Z,23.3,10.0,7.0,METAR KORD 131651Z 33007KT 300V360 10SM FEW050 SCT110 SCT250 23/10 A3011 RMK AO2 SLP191 T02330100 $,AviationWeather.gov METAR
2026-09-13T17:41:09.499021+00:00,KSEA,2026-09-13T17:00:00.000Z,12.2,11.7,10.0,METAR KSEA 131653Z 19010KT 4SM -RA BR BKN005 OVC014 12/12 A2994 RMK AO2 SLP145 P0010 T01220117 $,AviationWeather.gov METAR
2026-09-13T17:41:09.499025+00:00,KSFO,2026-09-13T17:00:00.000Z,18.3,12.8,21.0,METAR KSFO 131656Z 29021G27KT 10SM FEW006 SCT012 18/13 A3005 RMK AO2 PK WND 29028/1557 SLP174 T01830128,AviationWeather.gov METAR
2026-09-13T17:41:09.499028+00:00,LEMD,2026-09-13T17:30:00.000Z,32.0,7.0,4.0,METAR LEMD 131730Z 18004KT 150V240 CAVOK 32/07 Q1021 NOSIG,AviationWeather.gov METAR
2026-09-13T17:41:09.499031+00:00,LFPB,2026-09-13T17:30:00.000Z,25.0,14.0,7.0,METAR LFPB 131730Z AUTO 33007KT 9999 FEW025 OVC054 25/14 Q1023 NOSIG,AviationWeather.gov METAR
2026-09-13T17:41:09.499034+00:00,LIMC,2026-09-13T17:20:00.000Z,24.0,15.0,3.0,METAR LIMC 131720Z 20003KT CAVOK 24/15 Q1021 NOSIG,AviationWeather.gov METAR
2026-09-13T17:41:09.499037+00:00,LTAC,2026-09-13T17:20:00.000Z,24.0,-1.0,6.0,METAR LTAC 131720Z 09006KT 9999 FEW040 SCT100 24/M01 Q1014 NOSIG,AviationWeather.gov METAR
2026-09-13T17:41:09.499041+00:00,MMMX,2026-09-13T16:44:00.000Z,21.0,12.0,0.0,METAR MMMX 131644Z 00000KT 4SM FEW020 SCT080 OVC230 21/12 A3037 NOSIG RMK 8/137 HZY,AviationWeather.gov METAR
2026-09-13T17:41:09.499044+00:00,MPMG,2026-09-13T17:00:00.000Z,32.0,26.0,5.0,METAR MPMG 131700Z 11005KT 010V160 9999 FEW010 SCT016TCU 32/26 Q1009 TEMPO 6000 SHRA SCT016CB,AviationWeather.gov METAR
2026-09-13T17:41:09.499047+00:00,NZWN,2026-09-13T17:30:00.000Z,9.0,6.0,4.0,METAR NZWN 131730Z AUTO 36004KT 9999 NCD 09/06 Q1021,AviationWeather.gov METAR
2026-09-13T17:41:09.499050+00:00,OEJN,2026-09-13T17:00:00.000Z,35.0,25.0,3.0,METAR OEJN 131700Z VRB03KT 9999 FEW040 35/25 Q1008 NOSIG,AviationWeather.gov METAR
2026-09-13T17:41:09.499053+00:00,OPKC,2026-09-13T17:30:00.000Z,30.0,22.0,4.0,METAR OPKC 131730Z 28004KT 5000 HZ FEW030 SCT100 30/22 Q1009 NOSIG,AviationWeather.gov METAR
2026-09-13T17:41:09.499056+00:00,RJTT,2026-09-13T17:30:00.000Z,25.0,24.0,8.0,METAR RJTT 131730Z 19008KT 8000 FEW003 25/24 Q1018 NOSIG,AviationWeather.gov METAR
2026-09-13T17:41:09.499059+00:00,RKPK,2026-09-13T17:00:00.000Z,23.0,21.0,1.0,METAR RKPK 131700Z 01001KT CAVOK 23/21 Q1016,AviationWeather.gov METAR
2026-09-13T17:41:09.499062+00:00,RKSI,2026-09-13T17:30:00.000Z,21.0,19.0,1.0,METAR RKSI 131730Z 05001KT 9999 FEW025 SCT180 21/19 Q1018 NOSIG,AviationWeather.gov METAR
2026-09-13T17:41:09.499065+00:00,RPLL,2026-09-13T17:00:00.000Z,27.0,26.0,6.0,METAR RPLL 131700Z 05006KT 9999 FEW025 BKN100 27/26 Q1011 NOSIG RMK A2985,AviationWeather.gov METAR
2026-09-13T17:41:09.499068+00:00,SAEZ,2026-09-13T17:00:00.000Z,11.0,-1.0,7.0,METAR SAEZ 131700Z 13007KT CAVOK 11/M01 Q1032 NOSIG,AviationWeather.gov METAR
2026-09-13T17:41:09.499071+00:00,SBGR,2026-09-13T17:00:00.000Z,16.0,15.0,5.0,METAR SBGR 131700Z 16005KT 9000 -RA OVC008 16/15 Q1022,AviationWeather.gov METAR
2026-09-13T17:41:09.499074+00:00,VILK,2026-09-13T17:30:00.000Z,28.0,26.0,7.0,METAR VILK 131730Z 09007KT 5000 BR FEW020 28/26 Q1011 NOSIG,AviationWeather.gov METAR
2026-09-13T17:41:09.499077+00:00,WMKK,2026-09-13T17:30:00.000Z,27.0,24.0,2.0,METAR WMKK 131730Z VRB02KT 9000 FEW030 27/24 Q1010 NOSIG,AviationWeather.gov METAR
2026-09-13T17:41:09.499080+00:00,WSSS,2026-09-13T17:30:00.000Z,29.0,24.0,8.0,METAR WSSS 131730Z 13008KT 9999 FEW018 BKN300 29/24 Q1011 NOSIG,AviationWeather.gov METAR
2026-09-13T17:41:09.499086+00:00,ZBAA,2026-09-13T17:30:00.000Z,17.0,7.0,6.0,METAR ZBAA 131730Z 02003MPS CAVOK 17/07 Q1023 NOSIG,AviationWeather.gov METAR
2026-09-13T17:41:09.499092+00:00,ZGGG,2026-09-13T17:30:00.000Z,28.0,25.0,2.0,METAR ZGGG 131730Z VRB01MPS CAVOK 28/25 Q1015 NOSIG,AviationWeather.gov METAR
2026-09-13T17:41:09.499095+00:00,ZGSZ,2026-09-13T17:00:00.000Z,28.0,25.0,2.0,METAR ZGSZ 131700Z VRB01MPS 9999 FEW020 28/25 Q1015 NOSIG,AviationWeather.gov METAR
2026-09-13T17:41:09.499098+00:00,ZHCC,2026-09-13T17:00:00.000Z,17.0,17.0,2.0,METAR ZHCC 131700Z 28001MPS 7000 NSC 17/17 Q1022 NOSIG,AviationWeather.gov METAR
2026-09-13T17:41:09.499101+00:00,ZHHH,2026-09-13T17:00:00.000Z,22.0,18.0,2.0,METAR ZHHH 131700Z VRB01MPS CAVOK 22/18 Q1019 NOSIG,AviationWeather.gov METAR
2026-09-13T17:41:09.499104+00:00,ZSPD,2026-09-13T17:30:00.000Z,25.0,19.0,6.0,METAR ZSPD 131730Z 04003MPS 360V080 CAVOK 25/19 Q1018 NOSIG,AviationWeather.gov METAR
2026-09-13T17:41:09.499107+00:00,ZSQD,2026-09-13T17:00:00.000Z,21.0,17.0,8.0,METAR ZSQD 131700Z 32004MPS 4000 BR NSC 21/17 Q1021 BECMG TL1850 2800,AviationWeather.gov METAR
2026-09-13T17:41:09.499110+00:00,ZUCK,2026-09-13T17:00:00.000Z,22.0,19.0,4.0,METAR ZUCK 131700Z 24002MPS 180V290 9999 SCT023 22/19 Q1024 NOSIG,AviationWeather.gov METAR
2026-09-13T17:41:09.499113+00:00,ZUUU,2026-09-13T17:00:00.000Z,19.0,17.0,4.0,METAR ZUUU 131700Z 17002MPS 120V190 CAVOK 19/17 Q1024 NOSIG,AviationWeather.gov METAR
2026-09-13T19:50:22.082185+00:00,CYYZ,2026-09-13T19:00:00.000Z,28.0,14.0,13.0,METAR CYYZ 131900Z 26013KT 240V300 15SM FEW057 SCT240 28/14 A2982 RMK CU2CI2 DIST TCU SE SLP099 DENSITY ALT 2300FT,AviationWeather.gov METAR
2026-09-13T19:50:22.082208+00:00,EDDM,2026-09-13T19:20:00.000Z,15.0,15.0,9.0,METAR EDDM 131920Z AUTO 24009KT 9000 -RA FEW035 BKN046 15/15 Q1023 RERA TEMPO RA,AviationWeather.gov METAR
2026-09-13T19:50:22.082215+00:00,EFHK,2026-09-13T19:20:00.000Z,12.0,11.0,4.0,METAR EFHK 131920Z 28004KT CAVOK 12/11 Q1013 NOSIG,AviationWeather.gov METAR
2026-09-13T19:50:22.082220+00:00,EGLC,2026-09-13T19:20:00.000Z,20.0,19.0,6.0,METAR EGLC 131920Z AUTO 23006KT 180V270 9999 SCT008 SCT018 BKN026 20/19 Q1022,AviationWeather.gov METAR
2026-09-13T19:50:22.082225+00:00,EHAM,2026-09-13T19:25:00.000Z,17.0,14.0,3.0,METAR EHAM 131925Z 30003KT 9999 FEW023 17/14 Q1022 NOSIG,AviationWeather.gov METAR
2026-09-13T19:50:22.082228+00:00,EPWA,2026-09-13T19:30:00.000Z,17.0,11.0,3.0,METAR EPWA 131930Z 20003KT 9999 BKN048 17/11 Q1018 NOSIG,AviationWeather.gov METAR
2026-09-13T19:50:22.082232+00:00,FACT,2026-09-13T19:00:00.000Z,17.0,15.0,3.0,METAR FACT 131900Z VRB03KT 9999 SCT025 17/15 Q1010 TEMPO TS FEW050CB,AviationWeather.gov METAR
2026-09-13T19:50:22.082238+00:00,KATL,2026-09-13T19:00:00.000Z,31.1,17.2,8.0,METAR KATL 131852Z 32008G17KT 10SM FEW055 BKN250 31/17 A3003 RMK AO2 SLP158 TCU DSNT SE MDT CU DSNT NE-E S T03110172 $,AviationWeather.gov METAR
2026-09-13T19:50:22.082243+00:00,KAUS,2026-09-13T19:00:00.000Z,36.1,20.6,10.0,METAR KAUS 131853Z 20010G17KT 10SM FEW060 36/21 A2997 RMK AO2 SLP135 T03610206,AviationWeather.gov METAR
2026-09-13T19:50:22.082247+00:00,KBKF,2026-09-13T19:00:00.000Z,32.7,2.7,4.0,METAR KBKF 131858Z 02004KT 10SM FEW100 FEW140 33/03 A3003 RMK AO2A SLP072 T03270027,AviationWeather.gov METAR
2026-09-13T19:50:22.082251+00:00,KDAL,2026-09-13T19:00:00.000Z,36.1,17.8,7.0,METAR KDAL 131853Z 20007G16KT 10SM FEW060 SCT250 36/18 A2997 RMK AO2 SLP141 T03610178,AviationWeather.gov METAR
2026-09-13T19:50:22.082254+00:00,KHOU,2026-09-13T19:00:00.000Z,32.8,23.9,9.0,METAR KHOU 131853Z 20009KT 10SM SCT035 SCT070 BKN200 33/24 A3001 RMK AO2 SLP165 CB DSNT NE SE T03280239 $,AviationWeather.gov METAR
2026-09-13T19:50:22.082257+00:00,KLAX,2026-09-13T19:00:00.000Z,25.0,19.4,7.0,METAR KLAX 131853Z 24007KT 10SM FEW022 SCT028 25/19 A2989 RMK AO2 SLP121 T02500194 $,AviationWeather.gov METAR
2026-09-13T19:50:22.082260+00:00,KLGA,2026-09-13T19:00:00.000Z,25.0,21.1,0.0,METAR KLGA 131851Z COR 00000KT 10SM SCT014 SCT130 SCT250 25/21 A2984 RMK AO2 SLP104 T02500211 $,AviationWeather.gov METAR
2026-09-13T19:50:22.082264+00:00,KMIA,2026-09-13T19:38:00.000Z,24.4,23.9,8.0,SPECI KMIA 131938Z COR 11008KT 7SM -RA FEW020 BKN080 BKN090 OVC250 24/24 A3004 RMK AO2 TSE38 TS DSIPTD P0023 T02440239 $,AviationWeather.gov METAR
2026-09-13T19:50:22.082267+00:00,KORD,2026-09-13T19:00:00.000Z,20.0,10.0,8.0,METAR KORD 131851Z 34008KT 10SM -RA FEW050 BKN110 OVC200 20/10 A3011 RMK AO2 RAB48 SLP194 P0000 T02000100 $,AviationWeather.gov METAR
2026-09-13T19:50:22.082270+00:00,KSEA,2026-09-13T19:00:00.000Z,12.8,12.2,11.0,METAR KSEA 131853Z 20011KT 10SM -RA OVC005 13/12 A2996 RMK AO2 SLP150 P0002 T01280122 $,AviationWeather.gov METAR
2026-09-13T19:50:22.082274+00:00,KSFO,2026-09-13T19:00:00.000Z,20.0,12.2,20.0,METAR KSFO 131856Z 29020KT 10SM FEW008 SCT017 20/12 A3005 RMK AO2 PK WND 28027/1848 SLP174 T02000122,AviationWeather.gov METAR
2026-09-13T19:50:22.082277+00:00,LEMD,2026-09-13T19:30:00.000Z,28.0,7.0,2.0,METAR LEMD 131930Z VRB02KT CAVOK 28/07 Q1022 NOSIG,AviationWeather.gov METAR
2026-09-13T19:50:22.082280+00:00,LFPB,2026-09-13T19:30:00.000Z,23.0,16.0,3.0,METAR LFPB 131930Z AUTO 36003KT CAVOK 23/16 Q1024 NOSIG,AviationWeather.gov METAR
2026-09-13T19:50:22.082284+00:00,LIMC,2026-09-13T19:20:00.000Z,20.0,16.0,1.0,METAR LIMC 131920Z VRB01KT CAVOK 20/16 Q1021 NOSIG,AviationWeather.gov METAR
2026-09-13T19:50:22.082286+00:00,LTAC,2026-09-13T19:20:00.000Z,21.0,0.0,3.0,METAR LTAC 131920Z VRB03KT 9999 FEW040 SCT100 21/M00 Q1015 NOSIG,AviationWeather.gov METAR
2026-09-13T19:50:22.082289+00:00,MMMX,2026-09-13T19:00:00.000Z,22.0,10.0,4.0,METAR MMMX 131852Z 02004KT 5SM FEW020 OVC230 22/10 A3033 NOSIG RMK 8/207 HZY DSNT TCU 3RD QUAD,AviationWeather.gov METAR
2026-09-13T19:50:22.082293+00:00,MPMG,2026-09-13T19:12:00.000Z,27.0,24.0,6.0,SPECI MPMG 131912Z 29006KT 240V330 9000 -TSRA FEW005 SCT015CB BKN080 27/24 Q1007 NOSIG,AviationWeather.gov METAR
2026-09-13T19:50:22.082296+00:00,NZWN,2026-09-13T19:30:00.000Z,9.0,7.0,2.0,METAR NZWN 131930Z AUTO 04002KT 9999 FEW018/// 09/07 Q1023,AviationWeather.gov METAR
2026-09-13T19:50:22.082300+00:00,OEJN,2026-09-13T19:00:00.000Z,35.0,23.0,7.0,METAR OEJN 131900Z 32007KT 9999 FEW040 35/23 Q1007 NOSIG,AviationWeather.gov METAR
2026-09-13T19:50:22.082303+00:00,OPKC,2026-09-13T19:30:00.000Z,29.0,23.0,4.0,METAR OPKC 131930Z 28004KT 5000 HZ FEW020 SCT100 29/23 Q1008 NOSIG,AviationWeather.gov METAR
2026-09-13T19:50:22.082306+00:00,RJTT,2026-09-13T19:30:00.000Z,25.0,24.0,10.0,METAR RJTT 131930Z 19010KT 7000 FEW002 BKN006 25/24 Q1017 TEMPO FEW002 BKN005,AviationWeather.gov METAR
2026-09-13T19:50:22.082309+00:00,RKPK,2026-09-13T19:00:00.000Z,23.0,20.0,4.0,METAR RKPK 131900Z 34004KT CAVOK 23/20 Q1016,AviationWeather.gov METAR
2026-09-13T19:50:22.082312+00:00,RKSI,2026-09-13T19:30:00.000Z,20.0,19.0,1.0,METAR RKSI 131930Z 10001KT 9999 FEW025 SCT180 20/19 Q1018 NOSIG,AviationWeather.gov METAR
2026-09-13T19:50:22.082315+00:00,RPLL,2026-09-13T19:00:00.000Z,27.0,26.0,1.0,METAR RPLL 131900Z VRB01KT 9999 FEW025 SCT100 27/26 Q1010 NOSIG RMK A2983,AviationWeather.gov METAR
2026-09-13T19:50:22.082318+00:00,SAEZ,2026-09-13T19:00:00.000Z,13.0,-1.0,7.0,METAR SAEZ 131900Z 12007KT CAVOK 13/M01 Q1030 NOSIG,AviationWeather.gov METAR
2026-09-13T19:50:22.082322+00:00,SBGR,2026-09-13T19:00:00.000Z,15.0,14.0,5.0,METAR SBGR 131900Z 16005KT 5000 -RA BR BKN010 OVC020 15/14 Q1021,AviationWeather.gov METAR
2026-09-13T19:50:22.082325+00:00,VILK,2026-09-13T19:30:00.000Z,28.0,26.0,8.0,METAR VILK 131930Z 10008KT 4000 BR SCT020 28/26 Q1010 NOSIG,AviationWeather.gov METAR
2026-09-13T19:50:22.082328+00:00,WMKK,2026-09-13T19:30:00.000Z,28.0,24.0,3.0,METAR WMKK 131930Z 14003KT 080V210 9000 FEW030 28/24 Q1009 NOSIG,AviationWeather.gov METAR
2026-09-13T19:50:22.082331+00:00,WSSS,2026-09-13T19:30:00.000Z,28.0,25.0,5.0,METAR WSSS 131930Z 13005KT 9000 FEW018 BKN300 28/25 Q1010 NOSIG,AviationWeather.gov METAR
2026-09-13T19:50:22.082334+00:00,ZBAA,2026-09-13T19:30:00.000Z,18.0,5.0,6.0,METAR ZBAA 131930Z 02003MPS CAVOK 18/05 Q1024 NOSIG,AviationWeather.gov METAR
2026-09-13T19:50:22.082337+00:00,ZGGG,2026-09-13T19:30:00.000Z,27.0,25.0,4.0,METAR ZGGG 131930Z 33002MPS 9999 BKN046 27/25 Q1014 NOSIG,AviationWeather.gov METAR
2026-09-13T19:50:22.082341+00:00,ZGSZ,2026-09-13T19:00:00.000Z,27.0,26.0,4.0,METAR ZGSZ 131900Z 34002MPS 9999 SCT050 27/26 Q1014 NOSIG,AviationWeather.gov METAR
2026-09-13T19:50:22.082344+00:00,ZHCC,2026-09-13T19:00:00.000Z,19.0,19.0,2.0,METAR ZHCC 131900Z 27001MPS 7000 NSC 19/19 Q1022 NOSIG,AviationWeather.gov METAR
2026-09-13T19:50:22.082347+00:00,ZHHH,2026-09-13T19:00:00.000Z,22.0,17.0,2.0,METAR ZHHH 131900Z VRB01MPS CAVOK 22/17 Q1018 NOSIG,AviationWeather.gov METAR
2026-09-13T19:50:22.082350+00:00,ZSPD,2026-09-13T19:30:00.000Z,25.0,20.0,6.0,METAR ZSPD 131930Z 02003MPS 350V070 CAVOK 25/20 Q1018 NOSIG,AviationWeather.gov METAR
2026-09-13T19:50:22.082353+00:00,ZSQD,2026-09-13T19:00:00.000Z,18.0,18.0,4.0,METAR ZSQD 131900Z 35002MPS 1800 BR NSC 18/18 Q1021 BECMG TL2030 1400,AviationWeather.gov METAR
2026-09-13T19:50:22.082356+00:00,ZUCK,2026-09-13T19:00:00.000Z,22.0,19.0,4.0,METAR ZUCK 131900Z 31002MPS 270V330 9999 SCT023 22/19 Q1023 NOSIG,AviationWeather.gov METAR
2026-09-13T19:50:22.082359+00:00,ZUUU,2026-09-13T19:00:00.000Z,19.0,18.0,2.0,METAR ZUUU 131900Z VRB01MPS CAVOK 19/18 Q1023 NOSIG,AviationWeather.gov METAR
2026-09-13T22:11:03.612113+00:00,CYYZ,2026-09-13T22:00:00.000Z,24.0,12.0,16.0,METAR CYYZ 132200Z 31016KT 15SM FEW060 FEW180 BKN240 24/12 A2985 RMK SC1AC1CI6 SC TR AC TR DIST TCU SE SLP109 DENSITY ALT 1800FT,AviationWeather.gov METAR
2026-09-13T22:11:03.612133+00:00,EDDM,2026-09-13T22:00:00.000Z,16.0,15.0,12.0,METAR EDDM 132150Z AUTO 26012KT 9999 FEW009 BKN031 OVC039 16/15 Q1023 RESHRA TEMPO BKN010,AviationWeather.gov METAR
2026-09-13T22:11:03.612136+00:00,EFHK,2026-09-13T22:00:00.000Z,10.0,10.0,6.0,METAR EFHK 132150Z 31006KT CAVOK 10/10 Q1014 NOSIG,AviationWeather.gov METAR
2026-09-13T22:11:03.612139+00:00,EGLC,2026-09-13T22:00:00.000Z,20.0,19.0,5.0,METAR EGLC 132150Z AUTO 22005KT 190V250 9999 BKN010 BKN025 20/19 Q1022,AviationWeather.gov METAR
2026-09-13T22:11:03.612141+00:00,EHAM,2026-09-13T22:00:00.000Z,15.0,14.0,2.0,METAR EHAM 132155Z 02002KT 9999 FEW030 15/14 Q1022 NOSIG,AviationWeather.gov METAR
2026-09-13T22:11:03.612143+00:00,EPWA,2026-09-13T22:00:00.000Z,16.0,12.0,3.0,METAR EPWA 132200Z 22003KT 9999 BKN048 16/12 Q1018 NOSIG,AviationWeather.gov METAR
2026-09-13T22:11:03.612146+00:00,FACT,2026-09-13T22:00:00.000Z,15.0,15.0,8.0,METAR FACT 132200Z 02008KT 9000 -RA FEW008 BKN030 15/15 Q1013 NOSIG,AviationWeather.gov METAR
2026-09-13T22:11:03.612151+00:00,KATL,2026-09-13T22:00:00.000Z,31.7,16.1,10.0,METAR KATL 132152Z 33010KT 10SM FEW065 BKN250 32/16 A2999 RMK AO2 SLP146 T03170161 $,AviationWeather.gov METAR
2026-09-13T22:11:03.612154+00:00,KAUS,2026-09-13T22:00:00.000Z,36.7,21.1,18.0,METAR KAUS 132153Z 15018G30KT 9SM -RA BKN065TCU BKN110 BKN300 37/21 A2992 RMK AO2 PK WND 16030/2146 RAB53 SLP118 OCNL LTG DSNT E AND SE TCU OHD P0000 T03670211,AviationWeather.gov METAR
2026-09-13T22:11:03.612157+00:00,KBKF,2026-09-13T21:00:00.000Z,33.8,1.5,13.0,METAR KBKF 132058Z 13013G17KT 090V150 10SM FEW110 FEW150 SCT220 34/02 A2997 RMK AO2A SLP055 T03380015 57025,AviationWeather.gov METAR
2026-09-13T22:11:03.612160+00:00,KDAL,2026-09-13T22:00:00.000Z,37.2,17.2,11.0,METAR KDAL 132153Z 17011G19KT 10SM FEW080 FEW250 37/17 A2991 RMK AO2 SLP119 TCU DSNT NE-E T03720172,AviationWeather.gov METAR
2026-09-13T22:11:03.612162+00:00,KHOU,2026-09-13T22:00:00.000Z,33.3,23.3,8.0,METAR KHOU 132153Z 19008G16KT 10SM SCT039 BKN250 33/23 A2997 RMK AO2 SLP152 T03330233 $,AviationWeather.gov METAR
2026-09-13T22:11:03.612164+00:00,KLAX,2026-09-13T22:00:00.000Z,25.0,18.9,12.0,METAR KLAX 132153Z 24012KT 10SM FEW015 25/19 A2984 RMK AO2 SLP102 T02500189 $,AviationWeather.gov METAR
2026-09-13T22:11:03.612166+00:00,KLGA,2026-09-13T22:00:00.000Z,27.2,21.1,5.0,METAR KLGA 132151Z 04005KT 10SM BKN033 BKN055 BKN250 27/21 A2982 RMK AO2 SLP099 T02720211 $,AviationWeather.gov METAR
2026-09-13T22:11:03.612169+00:00,KMIA,2026-09-13T22:00:00.000Z,27.8,24.4,0.0,METAR KMIA 132153Z 00000KT 10SM FEW025 SCT110 BKN250 28/24 A3001 RMK AO2 RAE00 SLP163 CB DSNT N AND W P0000 T02780244 $,AviationWeather.gov METAR
2026-09-13T22:11:03.612171+00:00,KORD,2026-09-13T22:00:00.000Z,17.8,9.4,7.0,METAR KORD 132151Z 28007KT 10SM FEW038 FEW100 BKN160 BKN250 18/09 A3012 RMK AO2 SLP198 T01780094 $,AviationWeather.gov METAR
2026-09-13T22:11:03.612173+00:00,KSEA,2026-09-13T22:00:00.000Z,15.0,12.8,7.0,METAR KSEA 132153Z 16007KT 10SM OVC014 15/13 A2999 RMK AO2 SLP160 T01500128 $,AviationWeather.gov METAR
2026-09-13T22:11:03.612174+00:00,KSFO,2026-09-13T22:00:00.000Z,21.1,12.2,20.0,METAR KSFO 132156Z 30020KT 10SM FEW013 21/12 A3001 RMK AO2 PK WND 30029/2132 SLP162 T02110122,AviationWeather.gov METAR
2026-09-13T22:11:03.612177+00:00,LEMD,2026-09-13T22:00:00.000Z,23.0,8.0,3.0,METAR LEMD 132200Z 34003KT CAVOK 23/08 Q1023 NOSIG,AviationWeather.gov METAR
2026-09-13T22:11:03.612179+00:00,LFPB,2026-09-13T22:00:00.000Z,21.0,16.0,2.0,METAR LFPB 132200Z AUTO VRB02KT CAVOK 21/16 Q1024 NOSIG,AviationWeather.gov METAR
2026-09-13T22:11:03.612182+00:00,LIMC,2026-09-13T22:00:00.000Z,20.0,16.0,4.0,METAR LIMC 132150Z 03004KT CAVOK 20/16 Q1021 NOSIG,AviationWeather.gov METAR
2026-09-13T22:11:03.612183+00:00,LTAC,2026-09-13T22:00:00.000Z,19.0,11.0,6.0,METAR LTAC 132150Z 26006KT 9999 FEW040 SCT100 19/11 Q1016 NOSIG,AviationWeather.gov METAR
2026-09-13T22:11:03.612186+00:00,MMMX,2026-09-13T22:05:00.000Z,23.0,10.0,10.0,SPECI MMMX 132205Z 15010KT 6SM -TSRA BKN020CB BKN080 OVC220 23/10 A3023 TEMPO 3SM TSRA RMK 8/963 HZY OCNL LTGICCG S RAB05,AviationWeather.gov METAR
2026-09-13T22:11:03.612188+00:00,MPMG,2026-09-13T22:00:00.000Z,26.0,25.0,5.0,METAR MPMG 132200Z 27005KT 240V310 9000 -RA SCT016CB SCT080 26/25 Q1006 RETS NOSIG,AviationWeather.gov METAR
2026-09-13T22:11:03.612190+00:00,NZWN,2026-09-13T22:00:00.000Z,14.0,9.0,5.0,METAR NZWN 132200Z AUTO 01005KT 340V050 9999 NCD 14/09 Q1023,AviationWeather.gov METAR
2026-09-13T22:11:03.612192+00:00,OEJN,2026-09-13T22:00:00.000Z,34.0,21.0,8.0,METAR OEJN 132200Z 34008KT 9999 FEW040 34/21 Q1007 NOSIG,AviationWeather.gov METAR
2026-09-13T22:11:03.612195+00:00,OPKC,2026-09-13T22:00:00.000Z,29.0,24.0,6.0,METAR OPKC 132200Z 25006KT 5000 HZ FEW030 SCT100 29/24 Q1007 NOSIG,AviationWeather.gov METAR
2026-09-13T22:11:03.612197+00:00,RJTT,2026-09-13T22:00:00.000Z,26.0,24.0,11.0,METAR RJTT 132200Z 20011KT 9999 FEW007 BKN010 26/24 Q1016 NOSIG,AviationWeather.gov METAR
2026-09-13T22:11:03.612199+00:00,RKPK,2026-09-13T22:00:00.000Z,22.0,19.0,5.0,METAR RKPK 132200Z 34005KT 9999 FEW050 BKN160 22/19 Q1016,AviationWeather.gov METAR
2026-09-13T22:11:03.612201+00:00,RKSI,2026-09-13T22:00:00.000Z,20.0,19.0,1.0,METAR RKSI 132200Z 06001KT CAVOK 20/19 Q1018 NOSIG,AviationWeather.gov METAR
2026-09-13T22:11:03.612203+00:00,RPLL,2026-09-13T22:00:00.000Z,26.0,26.0,0.0,METAR RPLL 132200Z 00000KT 9000 FEW025 26/26 Q1010 NOSIG RMK A2983,AviationWeather.gov METAR
2026-09-13T22:11:03.612205+00:00,SAEZ,2026-09-13T22:00:00.000Z,8.0,0.0,3.0,METAR SAEZ 132200Z VRB03KT CAVOK 08/00 Q1030 NOSIG,AviationWeather.gov METAR
2026-09-13T22:11:03.612207+00:00,SBGR,2026-09-13T22:00:00.000Z,15.0,14.0,3.0,METAR SBGR 132200Z 19003KT 5000 -RA BR BKN007 OVC013 15/14 Q1023,AviationWeather.gov METAR
2026-09-13T22:11:03.612209+00:00,VILK,2026-09-13T22:00:00.000Z,27.0,26.0,10.0,METAR VILK 132200Z 12010KT 3500 BR SCT020 27/26 Q1010 NOSIG,AviationWeather.gov METAR
2026-09-13T22:11:03.612211+00:00,WMKK,2026-09-13T22:00:00.000Z,26.0,24.0,0.0,METAR WMKK 132200Z 00000KT 8000 FEW030 26/24 Q1009 NOSIG,AviationWeather.gov METAR
2026-09-13T22:11:03.612212+00:00,WSSS,2026-09-13T22:00:00.000Z,28.0,24.0,6.0,METAR WSSS 132200Z 12006KT 6000 FEW018 BKN300 28/24 Q1010 NOSIG,AviationWeather.gov METAR
2026-09-13T22:11:03.612214+00:00,ZBAA,2026-09-13T22:00:00.000Z,13.0,8.0,8.0,METAR ZBAA 132200Z 36004MPS CAVOK 13/08 Q1025 NOSIG,AviationWeather.gov METAR
2026-09-13T22:11:03.612216+00:00,ZGGG,2026-09-13T22:00:00.000Z,27.0,25.0,2.0,METAR ZGGG 132200Z VRB01MPS CAVOK 27/25 Q1014 NOSIG,AviationWeather.gov METAR
2026-09-13T22:11:03.612218+00:00,ZGSZ,2026-09-13T22:00:00.000Z,27.0,25.0,2.0,METAR ZGSZ 132200Z VRB01MPS 9999 BKN033 27/25 Q1014 NOSIG,AviationWeather.gov METAR
2026-09-13T22:11:03.612220+00:00,ZHCC,2026-09-13T22:00:00.000Z,17.0,17.0,4.0,METAR ZHCC 132200Z 28002MPS 6000 NSC 17/17 Q1022 NOSIG,AviationWeather.gov METAR
2026-09-13T22:11:03.612222+00:00,ZHHH,2026-09-13T22:00:00.000Z,20.0,18.0,2.0,METAR ZHHH 132200Z 33001MPS CAVOK 20/18 Q1019 NOSIG,AviationWeather.gov METAR
2026-09-13T22:11:03.612224+00:00,ZSPD,2026-09-13T22:00:00.000Z,24.0,20.0,8.0,METAR ZSPD 132200Z 36004MPS CAVOK 24/20 Q1019 NOSIG,AviationWeather.gov METAR
2026-09-13T22:11:03.612226+00:00,ZSQD,2026-09-13T22:00:00.000Z,14.0,14.0,2.0,METAR ZSQD 132200Z VRB01MPS 3000 BR NSC 14/14 Q1022 NOSIG,AviationWeather.gov METAR
2026-09-13T22:11:03.612228+00:00,ZUCK,2026-09-13T22:00:00.000Z,21.0,20.0,4.0,METAR ZUCK 132200Z 19002MPS 9999 SCT023 21/20 Q1022 NOSIG,AviationWeather.gov METAR
2026-09-13T22:11:03.612230+00:00,ZUUU,2026-09-13T22:00:00.000Z,19.0,18.0,4.0,METAR ZUUU 132200Z 16002MPS 130V190 CAVOK 19/18 Q1023 NOSIG,AviationWeather.gov METAR
2026-09-14T00:13:33.448365+00:00,CYYZ,2026-09-14T00:00:00.000Z,20.0,10.0,18.0,METAR CYYZ 140000Z 32018KT 15SM SCT100 BKN150 20/10 A2989 RMK AC3AC4 SLP122 DENSITY ALT 1400FT,AviationWeather.gov METAR
2026-09-14T00:13:33.448385+00:00,EDDM,2026-09-14T00:00:00.000Z,16.0,15.0,8.0,METAR EDDM 132350Z AUTO 28008KT 240V320 9999 OVC016 16/15 Q1023 TEMPO BKN010,AviationWeather.gov METAR
2026-09-14T00:13:33.448390+00:00,EFHK,2026-09-14T00:00:00.000Z,8.0,8.0,6.0,METAR EFHK 132350Z 32006KT CAVOK 08/08 Q1015 NOSIG,AviationWeather.gov METAR
2026-09-14T00:13:33.448393+00:00,EGLC,2026-09-14T00:00:00.000Z,20.0,18.0,7.0,METAR EGLC 132350Z AUTO 24007KT 9999 SCT013 BKN022 20/18 Q1022,AviationWeather.gov METAR
2026-09-14T00:13:33.448395+00:00,EHAM,2026-09-14T00:00:00.000Z,15.0,15.0,2.0,METAR EHAM 132355Z 06002KT 9999 FEW036 15/15 Q1022 NOSIG,AviationWeather.gov METAR
2026-09-14T00:13:33.448398+00:00,EPWA,2026-09-14T00:00:00.000Z,15.0,13.0,3.0,METAR EPWA 140000Z 27003KT 9999 -RA NSC 15/13 Q1018 NOSIG,AviationWeather.gov METAR
2026-09-14T00:13:33.448400+00:00,FACT,2026-09-14T00:00:00.000Z,15.0,15.0,13.0,METAR FACT 140000Z 33013KT 310V050 9999 -RA FEW008 BKN035 15/15 Q1012 NOSIG,AviationWeather.gov METAR
2026-09-14T00:13:33.448406+00:00,KATL,2026-09-14T00:00:00.000Z,27.8,17.8,5.0,METAR KATL 132352Z 27005KT 10SM FEW065 BKN250 28/18 A3001 RMK AO2 SLP151 T02780178 10322 20278 53002 $,AviationWeather.gov METAR
2026-09-14T00:13:33.448410+00:00,KAUS,2026-09-14T00:00:00.000Z,33.3,21.1,11.0,METAR KAUS 132353Z 14011KT 10SM FEW055 BKN300 33/21 A2992 RMK AO2 SLP120 60000 T03330211 10383 20333 55000,AviationWeather.gov METAR
2026-09-14T00:13:33.448413+00:00,KBKF,2026-09-14T00:00:00.000Z,30.9,6.7,20.0,METAR KBKF 132358Z 12020G28KT 10SM FEW110 FEW150 BKN220 31/07 A2991 RMK AO2A SLP042 T03090067 10349 20309 56018,AviationWeather.gov METAR
2026-09-14T00:13:33.448415+00:00,KDAL,2026-09-14T00:00:00.000Z,36.7,17.8,11.0,METAR KDAL 132353Z 16011G16KT 10SM FEW080 FEW250 37/18 A2990 RMK AO2 SLP118 T03670178 10383 20350 55006,AviationWeather.gov METAR
2026-09-14T00:13:33.448418+00:00,KHOU,2026-09-14T00:00:00.000Z,32.2,24.4,11.0,METAR KHOU 132353Z 16011KT 10SM FEW040 SCT250 32/24 A2995 RMK AO2 SLP147 T03220244 10339 20300 55009 $,AviationWeather.gov METAR
2026-09-14T00:13:33.448420+00:00,KLAX,2026-09-14T00:00:00.000Z,23.9,18.9,12.0,METAR KLAX 132353Z 24012KT 10SM FEW015 24/19 A2981 RMK AO2 SLP093 T02390189 10261 20239 56018 $,AviationWeather.gov METAR
2026-09-14T00:13:33.448423+00:00,KLGA,2026-09-14T00:00:00.000Z,26.7,21.1,5.0,METAR KLGA 132351Z VRB05KT 10SM SCT033 BKN060 BKN250 27/21 A2984 RMK AO2 SLP105 T02670211 10278 20233 53004 $,AviationWeather.gov METAR
2026-09-14T00:13:33.448425+00:00,KMIA,2026-09-14T00:00:00.000Z,27.8,25.0,5.0,METAR KMIA 132353Z 33005KT 10SM FEW025 BKN055 BKN075 BKN250 28/25 A3004 RMK AO2 SLP174 CB DSNT W 60027 T02780250 10300 20244 53013 $,AviationWeather.gov METAR
2026-09-14T00:13:33.448427+00:00,KORD,2026-09-14T00:00:00.000Z,16.7,10.6,8.0,METAR KORD 132351Z 31008KT 10SM FEW038 FEW160 FEW250 17/11 A3012 RMK AO2 SLP197 60002 T01670106 10228 20167 50003 $,AviationWeather.gov METAR
2026-09-14T00:13:33.448430+00:00,KSEA,2026-09-14T00:00:00.000Z,15.0,13.3,9.0,METAR KSEA 132353Z 16009KT 10SM FEW010 BKN014 OVC042 15/13 A2999 RMK AO2 RAB12E38 SLP163 P0000 60002 T01500133 10150 20122 50006 $,AviationWeather.gov METAR
2026-09-14T00:13:33.448432+00:00,KSFO,2026-09-14T00:00:00.000Z,20.0,12.2,21.0,METAR KSFO 132356Z 28021G30KT 10SM R28R/0100VP6000FT FEW015 FEW200 20/12 A2999 RMK AO2 PK WND 28030/2349 SLP155 T02000122 10217 20189 56012,AviationWeather.gov METAR
2026-09-14T00:13:33.448435+00:00,LEMD,2026-09-14T00:00:00.000Z,20.0,7.0,1.0,METAR LEMD 140000Z VRB01KT CAVOK 20/07 Q1023 NOSIG,AviationWeather.gov METAR
2026-09-14T00:13:33.448437+00:00,LFPB,2026-09-14T00:00:00.000Z,19.0,16.0,3.0,METAR LFPB 140000Z AUTO 36003KT CAVOK 19/16 Q1024 NOSIG,AviationWeather.gov METAR
2026-09-14T00:13:33.448440+00:00,LIMC,2026-09-14T00:00:00.000Z,20.0,17.0,3.0,METAR LIMC 132350Z 36003KT CAVOK 20/17 Q1021 NOSIG,AviationWeather.gov METAR
2026-09-14T00:13:33.448442+00:00,LTAC,2026-09-14T00:00:00.000Z,17.0,6.0,3.0,METAR LTAC 132350Z VRB03KT 9999 FEW040 SCT100 17/06 Q1016 NOSIG,AviationWeather.gov METAR
2026-09-14T00:13:33.448444+00:00,MMMX,2026-09-13T23:40:00.000Z,22.0,12.0,8.0,METAR MMMX 132340Z 33008KT 7SM VCRA SCT020CB BKN080 OVC220 22/12 A3024 TEMPO 5SM -TSRA RMK SLP076 57011 966 8/963 HZY PCPN N NE AND W NW,AviationWeather.gov METAR
2026-09-14T00:13:33.448446+00:00,MPMG,2026-09-14T00:00:00.000Z,26.0,25.0,7.0,METAR MPMG 140000Z 30007KT 260V330 9000 -RA FEW008 SCT016CB SCT080 26/25 Q1008 RETS NOSIG,AviationWeather.gov METAR
2026-09-14T00:13:33.448449+00:00,NZWN,2026-09-14T00:00:00.000Z,15.0,8.0,7.0,METAR NZWN 140000Z AUTO 01007KT 9999 BKN039/// 15/08 Q1023,AviationWeather.gov METAR
2026-09-14T00:13:33.448451+00:00,OEJN,2026-09-14T00:00:00.000Z,32.0,27.0,5.0,METAR OEJN 140000Z 35005KT 9999 FEW040 32/27 Q1006 NOSIG,AviationWeather.gov METAR
2026-09-14T00:13:33.448454+00:00,OPKC,2026-09-14T00:00:00.000Z,28.0,24.0,5.0,METAR OPKC 140000Z 26005KT 5000 HZ FEW030 SCT100 28/24 Q1007 NOSIG,AviationWeather.gov METAR
2026-09-14T00:13:33.448456+00:00,RJTT,2026-09-14T00:00:00.000Z,29.0,23.0,13.0,METAR RJTT 140000Z 19013KT 9999 FEW015 29/23 Q1016 NOSIG,AviationWeather.gov METAR
2026-09-14T00:13:33.448458+00:00,RKPK,2026-09-14T00:00:00.000Z,26.0,16.0,9.0,METAR RKPK 140000Z 32009KT CAVOK 26/16 Q1017,AviationWeather.gov METAR
2026-09-14T00:13:33.448460+00:00,RKSI,2026-09-14T00:00:00.000Z,23.0,19.0,4.0,METAR RKSI 140000Z 06004KT 010V100 CAVOK 23/19 Q1018 NOSIG,AviationWeather.gov METAR
2026-09-14T00:13:33.448463+00:00,RPLL,2026-09-14T00:00:00.000Z,29.0,25.0,3.0,METAR RPLL 140000Z VRB03KT 9999 FEW025 29/25 Q1010 NOSIG RMK A2983,AviationWeather.gov METAR
2026-09-14T00:13:33.448465+00:00,SAEZ,2026-09-14T00:00:00.000Z,8.0,1.0,5.0,METAR SAEZ 140000Z 04005KT CAVOK 08/01 Q1030 NOSIG,AviationWeather.gov METAR
2026-09-14T00:13:33.448467+00:00,SBGR,2026-09-14T00:00:00.000Z,15.0,14.0,3.0,METAR SBGR 140000Z 15003KT 9999 -RA OVC007 15/14 Q1023,AviationWeather.gov METAR
2026-09-14T00:13:33.448470+00:00,VILK,2026-09-14T00:00:00.000Z,27.0,26.0,5.0,METAR VILK 140000Z 11005KT 3500 BR FEW020 SCT100 27/26 Q1010 NOSIG,AviationWeather.gov METAR
2026-09-14T00:13:33.448472+00:00,WMKK,2026-09-14T00:00:00.000Z,26.0,25.0,0.0,METAR WMKK 140000Z 00000KT 7000 FEW010 26/25 Q1010 NOSIG,AviationWeather.gov METAR
2026-09-14T00:13:33.448474+00:00,WSSS,2026-09-14T00:00:00.000Z,29.0,25.0,6.0,METAR WSSS 140000Z 13006KT 3000 HZ FEW018 BKN300 29/25 Q1011 NOSIG,AviationWeather.gov METAR
2026-09-14T00:13:33.448477+00:00,ZBAA,2026-09-14T00:00:00.000Z,20.0,7.0,2.0,METAR ZBAA 140000Z VRB01MPS CAVOK 20/07 Q1025 NOSIG,AviationWeather.gov METAR
2026-09-14T00:13:33.448479+00:00,ZGGG,2026-09-14T00:00:00.000Z,30.0,25.0,4.0,METAR ZGGG 140000Z 02002MPS 340V080 CAVOK 30/25 Q1015 NOSIG,AviationWeather.gov METAR
2026-09-14T00:13:33.448481+00:00,ZGSZ,2026-09-14T00:00:00.000Z,28.0,26.0,2.0,METAR ZGSZ 140000Z VRB01MPS 9999 FEW017 SCT040 28/26 Q1015 NOSIG,AviationWeather.gov METAR
2026-09-14T00:13:33.448484+00:00,ZHCC,2026-09-14T00:00:00.000Z,23.0,18.0,2.0,METAR ZHCC 140000Z VRB01MPS 6000 NSC 23/18 Q1023 NOSIG,AviationWeather.gov METAR
2026-09-14T00:13:33.448486+00:00,ZHHH,2026-09-14T00:00:00.000Z,25.0,19.0,2.0,METAR ZHHH 140000Z VRB01MPS CAVOK 25/19 Q1020 NOSIG,AviationWeather.gov METAR
2026-09-14T00:13:33.448489+00:00,ZSPD,2026-09-14T00:00:00.000Z,26.0,19.0,12.0,METAR ZSPD 140000Z 36006MPS CAVOK 26/19 Q1019 NOSIG,AviationWeather.gov METAR
2026-09-14T00:13:33.448491+00:00,ZSQD,2026-09-14T00:00:00.000Z,21.0,14.0,4.0,METAR ZSQD 140000Z 05002MPS 020V080 CAVOK 21/14 Q1022 NOSIG,AviationWeather.gov METAR
2026-09-14T00:13:33.448493+00:00,ZUCK,2026-09-14T00:00:00.000Z,22.0,19.0,2.0,METAR ZUCK 140000Z VRB01MPS 9999 OVC030 22/19 Q1023 NOSIG,AviationWeather.gov METAR
2026-09-14T00:13:33.448496+00:00,ZUUU,2026-09-14T00:00:00.000Z,20.0,17.0,4.0,METAR ZUUU 140000Z 12002MPS 030V180 CAVOK 20/17 Q1024 NOSIG,AviationWeather.gov METAR
2026-09-14T05:02:53.808514+00:00,CYYZ,2026-09-14T04:00:00.000Z,16.0,8.0,17.0,METAR CYYZ 140400Z 31017G22KT 15SM SKC 16/08 A3002 RMK SLP168,AviationWeather.gov METAR
2026-09-14T05:02:53.808533+00:00,EDDM,2026-09-14T05:00:00.000Z,15.0,14.0,3.0,METAR EDDM 140450Z AUTO 28003KT 250V310 9999 FEW009 BKN042 15/14 Q1025 TEMPO BKN009,AviationWeather.gov METAR
2026-09-14T05:02:53.808538+00:00,EFHK,2026-09-14T05:00:00.000Z,7.0,6.0,4.0,METAR EFHK 140450Z 32004KT CAVOK 07/06 Q1018 NOSIG,AviationWeather.gov METAR
2026-09-14T05:02:53.808541+00:00,EGLC,2026-09-14T05:00:00.000Z,18.0,16.0,4.0,METAR EGLC 140450Z AUTO 23004KT 9999 NCD 18/16 Q1022,AviationWeather.gov METAR
2026-09-14T05:02:53.808543+00:00,EHAM,2026-09-14T05:00:00.000Z,13.0,13.0,5.0,METAR EHAM 140455Z 10005KT 9999 MIFG NSC 13/13 Q1022 NOSIG,AviationWeather.gov METAR
2026-09-14T05:02:53.808546+00:00,EPWA,2026-09-14T04:30:00.000Z,14.0,13.0,3.0,METAR EPWA 140430Z 20003KT 9999 FEW007 BKN039 14/13 Q1019 TEMPO BKN007,AviationWeather.gov METAR
2026-09-14T05:02:53.808549+00:00,FACT,2026-09-14T04:00:00.000Z,15.0,13.0,9.0,METAR FACT 140400Z 02009KT 9999 BKN030 15/13 Q1011 NOSIG,AviationWeather.gov METAR
2026-09-14T05:02:53.808554+00:00,KATL,2026-09-14T05:00:00.000Z,25.0,20.0,7.0,METAR KATL 140452Z 31007KT 10SM SCT250 25/20 A3007 RMK AO2 SLP169 T02500200 403220222 $,AviationWeather.gov METAR
2026-09-14T05:02:53.808557+00:00,KAUS,2026-09-14T05:00:00.000Z,28.3,23.9,8.0,METAR KAUS 140453Z COR 16008KT 10SM FEW065 SCT250 28/24 A3002 RMK AO2 SLP152 T02830239,AviationWeather.gov METAR
2026-09-14T05:02:53.808561+00:00,KBKF,2026-09-14T04:00:00.000Z,26.9,11.8,15.0,METAR KBKF 140358Z 20015KT 10SM FEW150 SCT190 27/12 A2997 RMK AO2A PK WND 18026/37 SLP044 T02690118,AviationWeather.gov METAR
2026-09-14T05:02:53.808563+00:00,KDAL,2026-09-14T05:00:00.000Z,31.7,20.6,7.0,METAR KDAL 140453Z 16007KT 10SM CLR 32/21 A2999 RMK AO2 SLP147 T03170206,AviationWeather.gov METAR
2026-09-14T05:02:53.808566+00:00,KHOU,2026-09-14T05:00:00.000Z,28.3,25.6,8.0,METAR KHOU 140453Z 16008KT 10SM FEW020 28/26 A3001 RMK AO2 SLP166 T02830256 $,AviationWeather.gov METAR
2026-09-14T05:02:53.808568+00:00,KLAX,2026-09-14T05:00:00.000Z,21.7,17.8,5.0,METAR KLAX 140453Z 19005KT 10SM CLR 22/18 A2983 RMK AO2 SLP097 T02170178 $,AviationWeather.gov METAR
2026-09-14T05:02:53.808571+00:00,KLGA,2026-09-14T05:00:00.000Z,25.0,21.1,5.0,METAR KLGA 140451Z 19005KT 10SM FEW120 BKN250 25/21 A2984 RMK AO2 SLP104 T02500211 402780206 $,AviationWeather.gov METAR
2026-09-14T05:02:53.808573+00:00,KMIA,2026-09-14T05:00:00.000Z,26.1,24.4,3.0,METAR KMIA 140453Z 18003KT 10SM FEW012 FEW250 26/24 A3004 RMK AO2 SLP173 T02610244 403330244 $,AviationWeather.gov METAR
2026-09-14T05:02:53.808576+00:00,KORD,2026-09-14T05:00:00.000Z,13.3,11.1,0.0,METAR KORD 140451Z 00000KT 10SM CLR 13/11 A3019 RMK AO2 SLP222 T01330111 $,AviationWeather.gov METAR
2026-09-14T05:02:53.808578+00:00,KSEA,2026-09-14T05:00:00.000Z,14.4,11.7,8.0,METAR KSEA 140453Z 18008KT 10SM FEW025 SCT047 14/12 A3007 RMK AO2 SLP188 T01440117 $,AviationWeather.gov METAR
2026-09-14T05:02:53.808580+00:00,KSFO,2026-09-14T05:00:00.000Z,16.1,12.8,14.0,METAR KSFO 140456Z 27014KT 10SM FEW011 16/13 A2997 RMK AO2 SLP150 T01610128,AviationWeather.gov METAR
2026-09-14T05:02:53.808583+00:00,LEMD,2026-09-14T04:30:00.000Z,17.0,7.0,2.0,METAR LEMD 140430Z 35002KT CAVOK 17/07 Q1024 NOSIG,AviationWeather.gov METAR
2026-09-14T05:02:53.808586+00:00,LFPB,2026-09-14T04:30:00.000Z,17.0,16.0,2.0,METAR LFPB 140430Z AUTO 34002KT CAVOK 17/16 Q1024 TEMPO 0600 FG BKN003,AviationWeather.gov METAR
2026-09-14T05:02:53.808588+00:00,LIMC,2026-09-14T05:00:00.000Z,16.0,15.0,4.0,METAR LIMC 140450Z 04004KT 9999 BCFG NSC 16/15 Q1020 NOSIG,AviationWeather.gov METAR
2026-09-14T05:02:53.808591+00:00,LTAC,2026-09-14T05:00:00.000Z,19.0,12.0,7.0,METAR LTAC 140450Z 29007KT 240V310 9999 SCT040 BKN100 19/12 Q1017 NOSIG,AviationWeather.gov METAR
2026-09-14T05:02:53.808594+00:00,MMMX,2026-09-14T04:44:00.000Z,16.0,12.0,6.0,METAR MMMX 140444Z 36006KT 10SM BKN020 BKN080 16/12 A3037 NOSIG RMK 60005 8/470 HZY,AviationWeather.gov METAR
2026-09-14T05:02:53.808596+00:00,MPMG,2026-09-14T05:00:00.000Z,25.0,24.0,3.0,METAR MPMG 140500Z AUTO 30003KT 240V340 //// R01///// // FEW100/// BKN160/// 25/24 Q1010,AviationWeather.gov METAR
2026-09-14T05:02:53.808599+00:00,NZWN,2026-09-14T04:30:00.000Z,16.0,7.0,6.0,METAR NZWN 140430Z AUTO 33006KT 290V010 6000 FEW004/// 16/07 Q1022,AviationWeather.gov METAR
2026-09-14T05:02:53.808601+00:00,OEJN,2026-09-14T05:00:00.000Z,32.0,29.0,6.0,METAR OEJN 140500Z 35006KT CAVOK 32/29 Q1007 NOSIG,AviationWeather.gov METAR
2026-09-14T05:02:53.808604+00:00,OPKC,2026-09-14T05:00:00.000Z,34.0,21.0,4.0,METAR OPKC 140500Z 29004KT 5000 HZ FEW030 34/21 Q1008 NOSIG,AviationWeather.gov METAR
2026-09-14T05:02:53.808606+00:00,RJTT,2026-09-14T04:30:00.000Z,30.0,25.0,17.0,METAR RJTT 140430Z 19017KT 9999 FEW020 30/25 Q1014 NOSIG,AviationWeather.gov METAR
2026-09-14T05:02:53.808609+00:00,RKPK,2026-09-14T04:00:00.000Z,30.0,14.0,4.0,METAR RKPK 140400Z 05004KT CAVOK 30/14 Q1015,AviationWeather.gov METAR
2026-09-14T05:02:53.808611+00:00,RKSI,2026-09-14T04:30:00.000Z,25.0,12.0,10.0,METAR RKSI 140430Z 33010KT CAVOK 25/12 Q1017 NOSIG,AviationWeather.gov METAR
2026-09-14T05:02:53.808614+00:00,RPLL,2026-09-14T05:00:00.000Z,32.0,27.0,7.0,METAR RPLL 140500Z 29007KT 160V330 9999 FEW025 32/27 Q1008 NOSIG RMK A2977,AviationWeather.gov METAR
2026-09-14T05:02:53.808616+00:00,SAEZ,2026-09-14T04:00:00.000Z,0.0,-2.0,3.0,METAR SAEZ 140400Z 16003KT 9000 NSC 00/M02 Q1029 NOSIG,AviationWeather.gov METAR
2026-09-14T05:02:53.808618+00:00,SBGR,2026-09-14T05:00:00.000Z,14.0,14.0,3.0,METAR SBGR 140500Z 17003KT 7000 -RA OVC005 14/14 Q1022,AviationWeather.gov METAR
2026-09-14T05:02:53.808621+00:00,VILK,2026-09-14T04:30:00.000Z,30.0,26.0,6.0,METAR VILK 140430Z 15006KT 4000 BR SCT015 BKN100 30/26 Q1012 NOSIG,AviationWeather.gov METAR
2026-09-14T05:02:53.808623+00:00,WMKK,2026-09-14T04:30:00.000Z,31.0,25.0,5.0,METAR WMKK 140430Z 15005KT 060V230 8000 FEW018 31/25 Q1010 NOSIG,AviationWeather.gov METAR
2026-09-14T05:02:53.808626+00:00,WSSS,2026-09-14T05:00:00.000Z,32.0,24.0,10.0,METAR WSSS 140500Z 13010KT 090V190 3000 HZ FEW020TCU BKN300 32/24 Q1010 NOSIG,AviationWeather.gov METAR
2026-09-14T05:02:53.808628+00:00,ZBAA,2026-09-14T04:30:00.000Z,26.0,3.0,6.0,METAR ZBAA 140430Z VRB03MPS CAVOK 26/03 Q1023 NOSIG,AviationWeather.gov METAR
2026-09-14T05:02:53.808630+00:00,ZGGG,2026-09-14T04:30:00.000Z,32.0,24.0,8.0,METAR ZGGG 140430Z 36004MPS 330V030 9999 BKN040 32/24 Q1014 NOSIG,AviationWeather.gov METAR
2026-09-14T05:02:53.808632+00:00,ZGSZ,2026-09-14T04:00:00.000Z,30.0,25.0,6.0,METAR ZGSZ 140400Z 24003MPS 9999 FEW020 BKN050 30/25 Q1014 BECMG AT0430 FEW020CB BKN030,AviationWeather.gov METAR
2026-09-14T05:02:53.808635+00:00,ZHCC,2026-09-14T04:00:00.000Z,30.0,16.0,4.0,METAR ZHCC 140400Z 13002MPS 070V240 CAVOK 30/16 Q1023 NOSIG,AviationWeather.gov METAR
2026-09-14T05:02:53.808637+00:00,ZHHH,2026-09-14T04:00:00.000Z,32.0,19.0,8.0,METAR ZHHH 140400Z 07004MPS 030V100 CAVOK 32/19 Q1019 NOSIG,AviationWeather.gov METAR
2026-09-14T05:02:53.808640+00:00,ZSPD,2026-09-14T04:30:00.000Z,28.0,19.0,14.0,METAR ZSPD 140430Z 03007MPS CAVOK 28/19 Q1018 NOSIG,AviationWeather.gov METAR
2026-09-14T05:02:53.808642+00:00,ZSQD,2026-09-14T04:00:00.000Z,27.0,7.0,8.0,METAR ZSQD 140400Z 01004MPS 330V060 CAVOK 27/07 Q1022 NOSIG,AviationWeather.gov METAR
2026-09-14T05:02:53.808645+00:00,ZUCK,2026-09-14T04:00:00.000Z,22.0,20.0,2.0,METAR ZUCK 140400Z VRB01MPS 6000 SCT014 OVC030 22/20 Q1023 NOSIG,AviationWeather.gov METAR
2026-09-14T05:02:53.808647+00:00,ZUUU,2026-09-14T04:00:00.000Z,22.0,17.0,4.0,METAR ZUUU 140400Z VRB02MPS 9999 FEW026 SCT050 22/17 Q1024 NOSIG,AviationWeather.gov METAR
2026-09-14T10:40:14.593781+00:00,CYYZ,2026-09-14T10:00:00.000Z,13.0,9.0,9.0,METAR CYYZ 141000Z 31009KT 15SM SKC 13/09 A3014 RMK SLP209,AviationWeather.gov METAR
2026-09-14T10:40:14.593802+00:00,EDDM,2026-09-14T10:20:00.000Z,19.0,14.0,6.0,METAR EDDM 141020Z AUTO 26006KT 230V290 9999 FEW018 19/14 Q1026 NOSIG,AviationWeather.gov METAR
2026-09-14T10:40:14.593807+00:00,EFHK,2026-09-14T10:20:00.000Z,15.0,5.0,9.0,METAR EFHK 141020Z 31009KT 260V330 9999 FEW035 15/05 Q1019 NOSIG,AviationWeather.gov METAR
2026-09-14T10:40:14.593811+00:00,EGLC,2026-09-14T10:20:00.000Z,21.0,18.0,9.0,METAR EGLC 141020Z AUTO 24009KT 9999 BKN013 OVC019 21/18 Q1023,AviationWeather.gov METAR
2026-09-14T10:40:14.593814+00:00,EHAM,2026-09-14T10:25:00.000Z,20.0,17.0,9.0,METAR EHAM 141025Z 17009KT 130V190 9999 FEW008 BKN010 20/17 Q1023 BECMG 4000 DZRA BKN008,AviationWeather.gov METAR
2026-09-14T10:40:14.593817+00:00,EPWA,2026-09-14T10:30:00.000Z,18.0,15.0,4.0,METAR EPWA 141030Z 27004KT 230V320 9999 SCT013 BKN025 18/15 Q1020 NOSIG,AviationWeather.gov METAR
2026-09-14T10:40:14.593820+00:00,FACT,2026-09-14T10:00:00.000Z,16.0,15.0,15.0,METAR FACT 141000Z COR 35015KT 9999 -DZ SCT012 BKN025 16/15 Q1012 NOSIG,AviationWeather.gov METAR
2026-09-14T10:40:14.593825+00:00,KATL,2026-09-14T10:00:00.000Z,22.8,19.4,5.0,METAR KATL 140952Z 32005KT 10SM FEW250 23/19 A3006 RMK AO2 SLP169 T02280194 $,AviationWeather.gov METAR
2026-09-14T10:40:14.593829+00:00,KAUS,2026-09-14T10:00:00.000Z,26.7,24.4,5.0,METAR KAUS 140953Z 17005KT 10SM BKN022 27/24 A3002 RMK AO2 SLP153 T02670244,AviationWeather.gov METAR
2026-09-14T10:40:14.593833+00:00,KBKF,2026-09-14T08:00:00.000Z,22.1,7.9,11.0,METAR KBKF 140758Z 18011KT 10SM FEW100 SCT180 22/08 A2990 RMK AO2A SLP020 T02210079,AviationWeather.gov METAR
2026-09-14T10:40:14.593836+00:00,KDAL,2026-09-14T10:00:00.000Z,28.3,22.2,8.0,METAR KDAL 140953Z 19008KT 10SM CLR 28/22 A3001 RMK AO2 SLP155 T02830222,AviationWeather.gov METAR
2026-09-14T10:40:14.593838+00:00,KHOU,2026-09-14T10:00:00.000Z,26.7,25.0,4.0,METAR KHOU 140953Z 19004KT 10SM FEW020 27/25 A3002 RMK AO2 SLP168 T02670250 $,AviationWeather.gov METAR
2026-09-14T10:40:14.593841+00:00,KLAX,2026-09-14T10:00:00.000Z,20.6,17.2,3.0,METAR KLAX 140953Z 09003KT 10SM FEW014 SCT018 21/17 A2984 RMK AO2 SLP101 T02060172 $,AviationWeather.gov METAR
2026-09-14T10:40:14.593844+00:00,KLGA,2026-09-14T10:00:00.000Z,22.8,17.8,6.0,METAR KLGA 140951Z 34006KT 10SM FEW048 BKN095 BKN250 23/18 A2991 RMK AO2 SLP128 T02280178 $,AviationWeather.gov METAR
2026-09-14T10:40:14.593847+00:00,KMIA,2026-09-14T10:00:00.000Z,26.1,24.4,0.0,METAR KMIA 140953Z 00000KT 10SM CLR 26/24 A3001 RMK AO2 SLP163 T02610244 $,AviationWeather.gov METAR
2026-09-14T10:40:14.593849+00:00,KORD,2026-09-14T10:00:00.000Z,11.7,10.0,0.0,METAR KORD 140951Z 00000KT 10SM CLR 12/10 A3024 RMK AO2 SLP240 T01170100 $,AviationWeather.gov METAR
2026-09-14T10:40:14.593852+00:00,KSEA,2026-09-14T10:25:00.000Z,13.3,11.1,7.0,SPECI KSEA 141025Z 19007KT 10SM BKN021 BKN045 13/11 A3011 RMK AO2 BKN021 V SCT T01330111 $,AviationWeather.gov METAR
2026-09-14T10:40:14.593855+00:00,KSFO,2026-09-14T10:00:00.000Z,14.4,12.2,8.0,METAR KSFO 140956Z 28008KT 10SM FEW011 14/12 A2995 RMK AO2 SLP141 T01440122,AviationWeather.gov METAR
2026-09-14T10:40:14.593858+00:00,LEMD,2026-09-14T10:30:00.000Z,27.0,10.0,3.0,METAR LEMD 141030Z 18003KT 090V250 CAVOK 27/10 Q1025 NOSIG,AviationWeather.gov METAR
2026-09-14T10:40:14.593861+00:00,LFPB,2026-09-14T10:30:00.000Z,26.0,16.0,3.0,METAR LFPB 141030Z AUTO VRB03KT CAVOK 26/16 Q1024 NOSIG,AviationWeather.gov METAR
2026-09-14T10:40:14.593863+00:00,LIMC,2026-09-14T10:20:00.000Z,26.0,16.0,2.0,METAR LIMC 141020Z VRB02KT CAVOK 26/16 Q1021 NOSIG,AviationWeather.gov METAR
2026-09-14T10:40:14.593866+00:00,LTAC,2026-09-14T10:20:00.000Z,24.0,10.0,9.0,METAR LTAC 141020Z 30009KT 270V330 9999 SCT040 BKN100 24/10 Q1017 NOSIG,AviationWeather.gov METAR
2026-09-14T10:40:14.593869+00:00,MMMX,2026-09-14T09:42:00.000Z,15.0,12.0,0.0,METAR MMMX 140942Z 00000KT 9SM SCT020 15/12 A3035 NOSIG RMK 8/500 HZY ISOL AC,AviationWeather.gov METAR
2026-09-14T10:40:14.593871+00:00,MPMG,2026-09-14T10:00:00.000Z,25.0,24.0,2.0,METAR MPMG 141000Z AUTO VRB02KT //// R01///// // BKN160/// OVC220/// 25/24 Q1009,AviationWeather.gov METAR
2026-09-14T10:40:14.593874+00:00,NZWN,2026-09-14T10:30:00.000Z,11.0,9.0,11.0,METAR NZWN 141030Z AUTO 03011KT 9999 NCD 11/09 Q1024,AviationWeather.gov METAR
2026-09-14T10:40:14.593876+00:00,OEJN,2026-09-14T10:00:00.000Z,37.0,28.0,7.0,METAR OEJN 141000Z 27007KT CAVOK 37/28 Q1006 NOSIG,AviationWeather.gov METAR
2026-09-14T10:40:14.593879+00:00,OPKC,2026-09-14T10:30:00.000Z,35.0,24.0,13.0,METAR OPKC 141030Z 24013KT 5000 HZ SCT030 35/24 Q1005 NOSIG,AviationWeather.gov METAR
2026-09-14T10:40:14.593882+00:00,RJTT,2026-09-14T10:30:00.000Z,27.0,24.0,15.0,METAR RJTT 141030Z 20015KT 9999 FEW015 SCT140 BKN160 27/24 Q1013 NOSIG,AviationWeather.gov METAR
2026-09-14T10:40:14.593884+00:00,RKPK,2026-09-14T10:00:00.000Z,25.0,16.0,6.0,METAR RKPK 141000Z 09006KT CAVOK 25/16 Q1011,AviationWeather.gov METAR
2026-09-14T10:40:14.593887+00:00,RKSI,2026-09-14T10:30:00.000Z,22.0,11.0,6.0,METAR RKSI 141030Z 31006KT CAVOK 22/11 Q1016 NOSIG,AviationWeather.gov METAR
2026-09-14T10:40:14.593889+00:00,RPLL,2026-09-14T10:00:00.000Z,31.0,25.0,2.0,METAR RPLL 141000Z VRB02KT 9000 FEW025 BKN100 31/25 Q1007 NOSIG RMK A2974,AviationWeather.gov METAR
2026-09-14T10:40:14.593892+00:00,SAEZ,2026-09-14T10:00:00.000Z,-3.0,-3.0,0.0,METAR SAEZ 141000Z 00000KT 3000 BR FEW028 M03/M03 Q1025 NOSIG,AviationWeather.gov METAR
2026-09-14T10:40:14.593894+00:00,SBGR,2026-09-14T10:00:00.000Z,14.0,14.0,6.0,METAR SBGR 141000Z 15006KT 9000 -RA BKN010 OVC020 14/14 Q1021,AviationWeather.gov METAR
2026-09-14T10:40:14.593897+00:00,VILK,2026-09-14T10:30:00.000Z,31.0,25.0,7.0,METAR VILK 141030Z 18007KT 5000 HZ FEW020 31/25 Q1008 NOSIG,AviationWeather.gov METAR
2026-09-14T10:40:14.593899+00:00,WMKK,2026-09-14T10:30:00.000Z,31.0,25.0,2.0,METAR WMKK 141030Z VRB02KT 6000 FEW018 31/25 Q1007 NOSIG,AviationWeather.gov METAR
2026-09-14T10:40:14.593902+00:00,WSSS,2026-09-14T10:30:00.000Z,30.0,25.0,12.0,METAR WSSS 141030Z 12012KT 2500 HZ FEW018 FEW020TCU BKN280 30/25 Q1009 NOSIG,AviationWeather.gov METAR
2026-09-14T10:40:14.593905+00:00,ZBAA,2026-09-14T10:30:00.000Z,20.0,9.0,4.0,METAR ZBAA 141030Z 17002MPS CAVOK 20/09 Q1018 NOSIG,AviationWeather.gov METAR
2026-09-14T10:40:14.593907+00:00,ZGGG,2026-09-14T10:30:00.000Z,29.0,25.0,4.0,METAR ZGGG 141030Z 24002MPS CAVOK 29/25 Q1012 NOSIG,AviationWeather.gov METAR
2026-09-14T10:40:14.593910+00:00,ZGSZ,2026-09-14T10:00:00.000Z,28.0,24.0,4.0,METAR ZGSZ 141000Z 23002MPS 9999 FEW050 28/24 Q1012 NOSIG,AviationWeather.gov METAR
2026-09-14T10:40:14.593912+00:00,ZHCC,2026-09-14T10:00:00.000Z,28.0,14.0,4.0,METAR ZHCC 141000Z 14002MPS 100V190 CAVOK 28/14 Q1020 NOSIG,AviationWeather.gov METAR
2026-09-14T10:40:14.593915+00:00,ZHHH,2026-09-14T10:00:00.000Z,30.0,14.0,8.0,METAR ZHHH 141000Z 02004MPS 350V060 CAVOK 30/14 Q1016 NOSIG,AviationWeather.gov METAR
2026-09-14T10:40:14.593917+00:00,ZSPD,2026-09-14T10:30:00.000Z,25.0,19.0,12.0,METAR ZSPD 141030Z 01006MPS CAVOK 25/19 Q1018 NOSIG,AviationWeather.gov METAR
2026-09-14T10:40:14.593920+00:00,ZSQD,2026-09-14T10:00:00.000Z,26.0,9.0,4.0,METAR ZSQD 141000Z 27002MPS 250V310 CAVOK 26/09 Q1019 NOSIG,AviationWeather.gov METAR
2026-09-14T10:40:14.593922+00:00,ZUCK,2026-09-14T10:00:00.000Z,23.0,20.0,6.0,METAR ZUCK 141000Z 01003MPS 340V040 7000 SCT014 OVC030 23/20 Q1019 NOSIG,AviationWeather.gov METAR
2026-09-14T10:40:14.593925+00:00,ZUUU,2026-09-14T10:00:00.000Z,20.0,19.0,4.0,METAR ZUUU 141000Z 35002MPS 8000 -SHRA FEW009 SCT040 20/19 Q1021 NOSIG,AviationWeather.gov METAR
2026-09-14T16:35:23.618159+00:00,CYYZ,2026-09-14T16:00:00.000Z,18.0,10.0,3.0,METAR CYYZ 141600Z 05003KT 340V140 15SM BKN034 18/10 A3021 RMK CU6 SLP234 DENSITY ALT 800FT,AviationWeather.gov METAR
2026-09-14T16:35:23.618179+00:00,EDDM,2026-09-14T16:20:00.000Z,21.0,14.0,2.0,METAR EDDM 141620Z AUTO 27002KT CAVOK 21/14 Q1025 NOSIG,AviationWeather.gov METAR
2026-09-14T16:35:23.618183+00:00,EFHK,2026-09-14T16:20:00.000Z,14.0,8.0,3.0,METAR EFHK 141620Z 31003KT CAVOK 14/08 Q1019 NOSIG,AviationWeather.gov METAR
2026-09-14T16:35:23.618187+00:00,EGLC,2026-09-14T16:20:00.000Z,25.0,18.0,10.0,METAR EGLC 141620Z AUTO 23010KT 200V260 9999 SCT030 25/18 Q1020,AviationWeather.gov METAR
2026-09-14T16:35:23.618189+00:00,EHAM,2026-09-14T16:25:00.000Z,21.0,17.0,11.0,METAR EHAM 141625Z 24011KT 210V270 9999 FEW015 BKN018 BKN048 21/17 Q1021 TEMPO SCT018,AviationWeather.gov METAR
2026-09-14T16:35:23.618192+00:00,EPWA,2026-09-14T16:30:00.000Z,17.0,15.0,5.0,METAR EPWA 141630Z 27005KT 9999 FEW037 BKN045 17/15 Q1020 NOSIG,AviationWeather.gov METAR
2026-09-14T16:35:23.618195+00:00,FACT,2026-09-14T16:00:00.000Z,16.0,13.0,13.0,METAR FACT 141600Z 36013KT 9999 BKN020 16/13 Q1011 NOSIG,AviationWeather.gov METAR
2026-09-14T16:35:23.618200+00:00,KATL,2026-09-14T16:00:00.000Z,31.1,17.8,8.0,METAR KATL 141552Z 05008KT 10SM CLR 31/18 A3013 RMK AO2 SLP191 T03110178,AviationWeather.gov METAR
2026-09-14T16:35:23.618204+00:00,KAUS,2026-09-14T16:00:00.000Z,32.2,23.3,10.0,METAR KAUS 141553Z 20010KT 10SM FEW026 BKN035 32/23 A3006 RMK AO2 SLP166 T03220233,AviationWeather.gov METAR
2026-09-14T16:35:23.618207+00:00,KBKF,2026-09-14T16:00:00.000Z,25.4,8.4,8.0,METAR KBKF 141558Z 21008KT 10SM FEW090 BKN130 BKN220 25/08 A2998 RMK AO2A SLP055 T02540084,AviationWeather.gov METAR
2026-09-14T16:35:23.618210+00:00,KDAL,2026-09-14T16:00:00.000Z,31.7,22.8,7.0,METAR KDAL 141553Z 20007G14KT 10SM FEW033 32/23 A3005 RMK AO2 SLP169 T03170228,AviationWeather.gov METAR
2026-09-14T16:35:23.618213+00:00,KHOU,2026-09-14T16:00:00.000Z,32.2,24.4,9.0,METAR KHOU 141553Z 15009KT 10SM SCT025 32/24 A3007 RMK AO2 SLP186 T03220244,AviationWeather.gov METAR
2026-09-14T16:35:23.618215+00:00,KLAX,2026-09-14T16:00:00.000Z,22.8,17.2,8.0,METAR KLAX 141553Z 12008KT 9SM FEW018 OVC021 23/17 A2986 RMK AO2 SLP108 T02280172 $,AviationWeather.gov METAR
2026-09-14T16:35:23.618218+00:00,KLGA,2026-09-14T16:00:00.000Z,22.2,11.1,14.0,METAR KLGA 141551Z 35014G19KT 10SM FEW045 FEW250 22/11 A3006 RMK AO2 SLP178 T02220111,AviationWeather.gov METAR
2026-09-14T16:35:23.618221+00:00,KMIA,2026-09-14T16:00:00.000Z,31.1,23.3,3.0,METAR KMIA 141553Z VRB03KT 10SM SCT032TCU SCT120 BKN300 31/23 A3007 RMK AO2 SLP181 CB DSNT SE TCU SW AND NW MDT CU OHD-N-NE T03110233 $,AviationWeather.gov METAR
2026-09-14T16:35:23.618223+00:00,KORD,2026-09-14T16:00:00.000Z,20.6,9.4,9.0,METAR KORD 141551Z 13009KT 10SM FEW040 FEW100 OVC250 21/09 A3024 RMK AO2 SLP240 T02060094,AviationWeather.gov METAR
2026-09-14T16:35:23.618225+00:00,KSEA,2026-09-14T16:00:00.000Z,15.0,11.7,6.0,METAR KSEA 141553Z 20006KT 10SM SCT023 BKN049 BKN210 15/12 A3015 RMK AO2 SLP214 T01500117 $,AviationWeather.gov METAR
2026-09-14T16:35:23.618228+00:00,KSFO,2026-09-14T16:00:00.000Z,17.2,13.3,0.0,METAR KSFO 141556Z 00000KT 10SM SCT140 17/13 A2995 RMK AO2 SLP140 T01720133,AviationWeather.gov METAR
2026-09-14T16:35:23.618230+00:00,LEMD,2026-09-14T16:00:00.000Z,35.0,4.0,2.0,METAR LEMD 141600Z 19002KT CAVOK 35/04 Q1021 NOSIG,AviationWeather.gov METAR
2026-09-14T16:35:23.618232+00:00,LFPB,2026-09-14T16:30:00.000Z,29.0,15.0,5.0,METAR LFPB 141630Z AUTO VRB05KT CAVOK 29/15 Q1022 NOSIG,AviationWeather.gov METAR
2026-09-14T16:35:23.618235+00:00,LIMC,2026-09-14T16:20:00.000Z,28.0,17.0,4.0,METAR LIMC 141620Z 16004KT 140V200 CAVOK 28/17 Q1019 NOSIG,AviationWeather.gov METAR
2026-09-14T16:35:23.618237+00:00,LTAC,2026-09-14T16:20:00.000Z,20.0,10.0,7.0,METAR LTAC 141620Z 01007KT 320V040 9999 FEW040 20/10 Q1018 NOSIG,AviationWeather.gov METAR
2026-09-14T16:35:23.618239+00:00,MMMX,2026-09-14T16:27:00.000Z,20.0,11.0,4.0,SPECI MMMX 141627Z 02004KT 8SM SCT020 OVC220 20/11 A3041 NOSIG RMK 8/107 HZY,AviationWeather.gov METAR
2026-09-14T16:35:23.618242+00:00,MPMG,2026-09-14T16:00:00.000Z,30.0,26.0,9.0,METAR MPMG 141600Z 31009KT 270V340 9999 FEW018 BKN080 30/26 Q1010 NOSIG,AviationWeather.gov METAR
2026-09-14T16:35:23.618244+00:00,NZWN,2026-09-14T16:00:00.000Z,11.0,8.0,12.0,METAR NZWN 141600Z AUTO 03012KT 9999 BKN017/// 11/08 Q1022,AviationWeather.gov METAR
2026-09-14T16:35:23.618246+00:00,OEJN,2026-09-14T16:00:00.000Z,34.0,28.0,12.0,METAR OEJN 141600Z 33012KT 9999 SCT040 34/28 Q1006 NOSIG,AviationWeather.gov METAR
2026-09-14T16:35:23.618249+00:00,OPKC,2026-09-14T16:30:00.000Z,30.0,25.0,17.0,METAR OPKC 141630Z 14017KT 4000 VLTS FEW025CB SCT030 BKN080 30/25 Q1011 TEMPO 1000M FEW025 CB,AviationWeather.gov METAR
2026-09-14T16:35:23.618251+00:00,RJTT,2026-09-14T16:00:00.000Z,27.0,23.0,14.0,METAR RJTT 141600Z 21014KT 9999 FEW015 SCT100 BKN160 27/23 Q1013 NOSIG,AviationWeather.gov METAR
2026-09-14T16:35:23.618253+00:00,RKPK,2026-09-14T16:00:00.000Z,22.0,17.0,3.0,METAR RKPK 141600Z 36003KT CAVOK 22/17 Q1015,AviationWeather.gov METAR
2026-09-14T16:35:23.618256+00:00,RKSI,2026-09-14T16:00:00.000Z,18.0,13.0,3.0,METAR RKSI 141600Z 04003KT CAVOK 18/13 Q1017 NOSIG,AviationWeather.gov METAR
2026-09-14T16:35:23.618258+00:00,RPLL,2026-09-14T16:00:00.000Z,29.0,25.0,4.0,METAR RPLL 141600Z 11004KT 080V160 9999 FEW025 29/25 Q1009 NOSIG RMK A2980,AviationWeather.gov METAR
2026-09-14T16:35:23.618261+00:00,SAEZ,2026-09-14T16:00:00.000Z,14.0,1.0,7.0,METAR SAEZ 141600Z 05007KT CAVOK 14/01 Q1022 NOSIG,AviationWeather.gov METAR
2026-09-14T16:35:23.618263+00:00,SBGR,2026-09-14T16:00:00.000Z,16.0,15.0,4.0,METAR SBGR 141600Z 18004KT 7000 -RA BKN010 OVC019 16/15 Q1019,AviationWeather.gov METAR
2026-09-14T16:35:23.618265+00:00,VILK,2026-09-14T16:00:00.000Z,28.0,26.0,2.0,METAR VILK 141600Z VRB02KT 3500 BR FEW020 28/26 Q1011 NOSIG,AviationWeather.gov METAR
2026-09-14T16:35:23.618268+00:00,WMKK,2026-09-14T16:00:00.000Z,28.0,25.0,2.0,METAR WMKK 141600Z VRB02KT 5000 HZ FEW030 28/25 Q1011 NOSIG,AviationWeather.gov METAR
2026-09-14T16:35:23.618270+00:00,WSSS,2026-09-14T16:30:00.000Z,29.0,25.0,5.0,METAR WSSS 141630Z 14005KT 100V170 4000 HZ FEW018 BKN280 29/25 Q1012 NOSIG,AviationWeather.gov METAR
2026-09-14T16:35:23.618272+00:00,ZBAA,2026-09-14T16:00:00.000Z,13.0,11.0,2.0,METAR ZBAA 141600Z VRB01MPS CAVOK 13/11 Q1019 NOSIG,AviationWeather.gov METAR
2026-09-14T16:35:23.618274+00:00,ZGGG,2026-09-14T16:00:00.000Z,28.0,24.0,4.0,METAR ZGGG 141600Z 25002MPS 200V280 CAVOK 28/24 Q1014 NOSIG,AviationWeather.gov METAR
2026-09-14T16:35:23.618276+00:00,ZGSZ,2026-09-14T16:00:00.000Z,27.0,23.0,10.0,METAR ZGSZ 141600Z 09005MPS 6000 SHRA SCT013 FEW025CB BKN040 27/23 Q1014 BECMG AT1640 -SHRA,AviationWeather.gov METAR
2026-09-14T16:35:23.618279+00:00,ZHCC,2026-09-14T16:00:00.000Z,20.0,16.0,2.0,METAR ZHCC 141600Z VRB01MPS CAVOK 20/16 Q1020 NOSIG,AviationWeather.gov METAR
2026-09-14T16:35:23.618281+00:00,ZHHH,2026-09-14T16:00:00.000Z,25.0,13.0,8.0,METAR ZHHH 141600Z 06004MPS CAVOK 25/13 Q1018 NOSIG,AviationWeather.gov METAR
2026-09-14T16:35:23.618284+00:00,ZSPD,2026-09-14T16:00:00.000Z,25.0,21.0,12.0,METAR ZSPD 141600Z 01006MPS 9999 FEW030 25/21 Q1018 NOSIG,AviationWeather.gov METAR
2026-09-14T16:35:23.618286+00:00,ZSQD,2026-09-14T16:00:00.000Z,19.0,13.0,2.0,METAR ZSQD 141600Z 33001MPS CAVOK 19/13 Q1020 NOSIG,AviationWeather.gov METAR
2026-09-14T16:35:23.618289+00:00,ZUCK,2026-09-14T16:00:00.000Z,21.0,21.0,8.0,METAR ZUCK 141600Z 02004MPS 8000 SCT015 OVC036 21/21 Q1020 NOSIG,AviationWeather.gov METAR
2026-09-14T16:35:23.618291+00:00,ZUUU,2026-09-14T16:00:00.000Z,19.0,18.0,4.0,METAR ZUUU 141600Z 35002MPS 8000 FEW008 SCT033 19/18 Q1022 NOSIG,AviationWeather.gov METAR
2026-09-14T20:36:44.153607+00:00,CYYZ,2026-09-14T20:00:00.000Z,19.0,8.0,7.0,METAR CYYZ 142000Z 31007G15KT 15SM FEW048 BKN063 19/08 A3023 RMK CU2SC3 SLP239 DENSITY ALT 900FT,AviationWeather.gov METAR
2026-09-14T20:36:44.153629+00:00,EDDM,2026-09-14T20:20:00.000Z,14.0,14.0,1.0,METAR EDDM 142020Z AUTO VRB01KT CAVOK 14/14 Q1025 NOSIG,AviationWeather.gov METAR
2026-09-14T20:36:44.153634+00:00,EFHK,2026-09-14T20:20:00.000Z,5.0,5.0,2.0,METAR EFHK 142020Z VRB02KT CAVOK 05/05 Q1020 NOSIG,AviationWeather.gov METAR
2026-09-14T20:36:44.153637+00:00,EGLC,2026-09-14T20:20:00.000Z,20.0,17.0,8.0,METAR EGLC 142020Z AUTO 21008KT 9999 BKN011 20/17 Q1020,AviationWeather.gov METAR
2026-09-14T20:36:44.153640+00:00,EHAM,2026-09-14T20:25:00.000Z,20.0,18.0,8.0,METAR EHAM 142025Z 20008KT 9999 FEW017 BKN043 20/18 Q1020 NOSIG,AviationWeather.gov METAR
2026-09-14T20:36:44.153643+00:00,EPWA,2026-09-14T20:30:00.000Z,14.0,14.0,4.0,METAR EPWA 142030Z 27004KT 9999 MIFG NSC 14/14 Q1021 TEMPO 3000 BR,AviationWeather.gov METAR
2026-09-14T20:36:44.153646+00:00,FACT,2026-09-14T20:00:00.000Z,15.0,13.0,13.0,METAR FACT 142000Z 35013KT 9999 SCT010 BKN035 15/13 Q1013 BECMG BKN010,AviationWeather.gov METAR
2026-09-14T20:36:44.153652+00:00,KATL,2026-09-14T20:00:00.000Z,33.3,16.7,9.0,METAR KATL 141952Z 03009KT 10SM FEW065 FEW200 SCT250 33/17 A3008 RMK AO2 SLP173 TCU DSNT N NW T03330167 $,AviationWeather.gov METAR
2026-09-14T20:36:44.153657+00:00,KAUS,2026-09-14T20:00:00.000Z,37.2,19.4,13.0,METAR KAUS 141953Z 13013G19KT 10SM SCT070 37/19 A2997 RMK AO2 SLP135 T03720194,AviationWeather.gov METAR
2026-09-14T20:36:44.153661+00:00,KBKF,2026-09-14T20:00:00.000Z,28.4,7.0,7.0,METAR KBKF 141958Z 21007KT 10SM FEW070 SCT100 BKN160 BKN220 28/07 A2994 RMK AO2A SLP045 T02840070,AviationWeather.gov METAR
2026-09-14T20:36:44.153664+00:00,KDAL,2026-09-14T20:00:00.000Z,36.1,18.9,9.0,METAR KDAL 141953Z 20009G19KT 160V220 10SM SCT065 36/19 A2997 RMK AO2 SLP139 T03610189,AviationWeather.gov METAR
2026-09-14T20:36:44.153667+00:00,KHOU,2026-09-14T20:00:00.000Z,34.4,23.9,12.0,METAR KHOU 141953Z 20012KT 10SM SCT045CB SCT250 34/24 A3000 RMK AO2 LTG DSNT ALQDS SLP161 CB S-SW CB DSNT NE SW SHRA VC S T03440239,AviationWeather.gov METAR
2026-09-14T20:36:44.153670+00:00,KLAX,2026-09-14T20:00:00.000Z,25.6,17.8,12.0,METAR KLAX 141953Z 23012KT 10SM FEW020 26/18 A2983 RMK AO2 SLP097 T02560178 $,AviationWeather.gov METAR
2026-09-14T20:36:44.153673+00:00,KLGA,2026-09-14T20:00:00.000Z,23.3,7.8,7.0,METAR KLGA 141951Z 35007G19KT 10SM FEW060 23/08 A3007 RMK AO2 SLP181 T02330078,AviationWeather.gov METAR
2026-09-14T20:36:44.153675+00:00,KMIA,2026-09-14T20:00:00.000Z,31.7,23.3,7.0,METAR KMIA 141953Z 14007G15KT 10SM SCT032 SCT100 BKN300 32/23 A2999 RMK AO2 LTG DSNT N SLP156 CB DSNT N AND W T03170233 $,AviationWeather.gov METAR
2026-09-14T20:36:44.153678+00:00,KORD,2026-09-14T20:00:00.000Z,21.1,7.2,10.0,METAR KORD 141951Z 14010KT 10SM BKN095 OVC250 21/07 A3017 RMK AO2 SLP216 VIRGA OHD T02110072,AviationWeather.gov METAR
2026-09-14T20:36:44.153681+00:00,KSEA,2026-09-14T20:00:00.000Z,17.8,10.0,8.0,METAR KSEA 141953Z 17008KT 10SM FEW024 SCT033 BKN046 BKN200 18/10 A3015 RMK AO2 SLP214 T01780100 $,AviationWeather.gov METAR
2026-09-14T20:36:44.153684+00:00,KSFO,2026-09-14T20:00:00.000Z,22.8,15.0,8.0,METAR KSFO 141956Z 32008KT 290V360 10SM FEW200 23/15 A2991 RMK AO2 SLP129 T02280150,AviationWeather.gov METAR
2026-09-14T20:36:44.153686+00:00,LEMD,2026-09-14T20:30:00.000Z,26.0,5.0,0.0,METAR LEMD 142030Z 00000KT CAVOK 26/05 Q1022 NOSIG,AviationWeather.gov METAR
2026-09-14T20:36:44.153689+00:00,LFPB,2026-09-14T20:30:00.000Z,22.0,16.0,4.0,METAR LFPB 142030Z AUTO 04004KT CAVOK 22/16 Q1021 NOSIG,AviationWeather.gov METAR
2026-09-14T20:36:44.153692+00:00,LIMC,2026-09-14T20:20:00.000Z,22.0,17.0,2.0,METAR LIMC 142020Z 09002KT CAVOK 22/17 Q1021 NOSIG,AviationWeather.gov METAR
2026-09-14T20:36:44.153694+00:00,LTAC,2026-09-14T20:20:00.000Z,14.0,8.0,5.0,METAR LTAC 142020Z 04005KT CAVOK 14/08 Q1021 NOSIG,AviationWeather.gov METAR
2026-09-14T20:36:44.153697+00:00,MMMX,2026-09-14T20:00:00.000Z,23.0,10.0,6.0,METAR MMMX 141945Z 06006KT 8SM FEW020TCU OVC220 23/10 A3031 NOSIG RMK 8/207 HZY DSNT CB 2ND QUAD,AviationWeather.gov METAR
2026-09-14T20:36:44.153700+00:00,MPMG,2026-09-14T20:00:00.000Z,31.0,26.0,11.0,METAR MPMG 142000Z 29011KT 260V320 9999 SCT018 SCT090 31/26 Q1007 TEMPO SCT016CB,AviationWeather.gov METAR
2026-09-14T20:36:44.153702+00:00,NZWN,2026-09-14T20:30:00.000Z,12.0,9.0,15.0,METAR NZWN 142030Z AUTO 03015KT 9999 OVC023/// 12/09 Q1022,AviationWeather.gov METAR
2026-09-14T20:36:44.153705+00:00,OEJN,2026-09-14T20:00:00.000Z,33.0,28.0,6.0,METAR OEJN 142000Z 33006KT CAVOK 33/28 Q1007 NOSIG,AviationWeather.gov METAR
2026-09-14T20:36:44.153708+00:00,OPKC,2026-09-14T20:30:00.000Z,29.0,24.0,5.0,METAR OPKC 142030Z 28005KT 4000 HZ SCT030 29/24 Q1008 NOSIG,AviationWeather.gov METAR
2026-09-14T20:36:44.153712+00:00,RJTT,2026-09-14T20:00:00.000Z,25.0,24.0,11.0,METAR RJTT 142000Z 18011KT 9999 -SHRA SCT010 BKN100 25/24 Q1013 TEMPO 3000 TSRA BR FEW003 BKN005 FEW025CB,AviationWeather.gov METAR
2026-09-14T20:36:44.153714+00:00,RKPK,2026-09-14T20:00:00.000Z,20.0,17.0,3.0,METAR RKPK 142000Z 31003KT CAVOK 20/17 Q1016,AviationWeather.gov METAR
2026-09-14T20:36:44.153730+00:00,RKSI,2026-09-14T20:30:00.000Z,17.0,11.0,2.0,METAR RKSI 142030Z 10002KT CAVOK 17/11 Q1018 NOSIG,AviationWeather.gov METAR
2026-09-14T20:36:44.153734+00:00,RPLL,2026-09-14T20:00:00.000Z,28.0,25.0,0.0,METAR RPLL 142000Z 00000KT 9999 FEW025 28/25 Q1008 NOSIG RMK A2977,AviationWeather.gov METAR
2026-09-14T20:36:44.153737+00:00,SAEZ,2026-09-14T20:00:00.000Z,15.0,1.0,9.0,METAR SAEZ 142000Z 30009KT CAVOK 15/01 Q1019 NOSIG,AviationWeather.gov METAR
2026-09-14T20:36:44.153740+00:00,SBGR,2026-09-14T20:00:00.000Z,15.0,14.0,3.0,METAR SBGR 142000Z 20003KT 4500 RA BR OVC008 15/14 Q1019 RERA,AviationWeather.gov METAR
2026-09-14T20:36:44.153743+00:00,VILK,2026-09-14T20:00:00.000Z,27.0,26.0,2.0,METAR VILK 142000Z VRB02KT 3500 BR FEW020 27/26 Q1010 NOSIG,AviationWeather.gov METAR
2026-09-14T20:36:44.153746+00:00,WMKK,2026-09-14T20:00:00.000Z,27.0,25.0,3.0,METAR WMKK 142000Z 24003KT 180V300 6000 FEW010 FEW017CB SCT030 27/25 Q1010 TEMPO 5000 TSRA,AviationWeather.gov METAR
2026-09-14T20:36:44.153749+00:00,WSSS,2026-09-14T20:30:00.000Z,28.0,24.0,5.0,METAR WSSS 142030Z 16005KT 6000 FEW018 SCT040 BKN280 28/24 Q1010 NOSIG,AviationWeather.gov METAR
2026-09-14T20:36:44.153751+00:00,ZBAA,2026-09-14T20:30:00.000Z,12.0,11.0,4.0,METAR ZBAA 142030Z 36002MPS CAVOK 12/11 Q1018 NOSIG,AviationWeather.gov METAR
2026-09-14T20:36:44.153754+00:00,ZGGG,2026-09-14T20:30:00.000Z,27.0,25.0,2.0,METAR ZGGG 142030Z 14001MPS 9999 FEW056 27/25 Q1013 NOSIG,AviationWeather.gov METAR
2026-09-14T20:36:44.153756+00:00,ZGSZ,2026-09-14T20:00:00.000Z,26.0,24.0,2.0,METAR ZGSZ 142000Z VRB01MPS 9999 BKN043 26/24 Q1013 NOSIG,AviationWeather.gov METAR
2026-09-14T20:36:44.153759+00:00,ZHCC,2026-09-14T20:00:00.000Z,18.0,16.0,2.0,METAR ZHCC 142000Z 20001MPS CAVOK 18/16 Q1020 NOSIG,AviationWeather.gov METAR
2026-09-14T20:36:44.153762+00:00,ZHHH,2026-09-14T20:00:00.000Z,23.0,14.0,4.0,METAR ZHHH 142000Z 04002MPS CAVOK 23/14 Q1017 NOSIG,AviationWeather.gov METAR
2026-09-14T20:36:44.153764+00:00,ZSPD,2026-09-14T20:30:00.000Z,24.0,18.0,10.0,METAR ZSPD 142030Z 01005MPS 340V050 CAVOK 24/18 Q1018 NOSIG,AviationWeather.gov METAR
2026-09-14T20:36:44.153767+00:00,ZSQD,2026-09-14T20:00:00.000Z,15.0,13.0,2.0,METAR ZSQD 142000Z 14001MPS CAVOK 15/13 Q1019 NOSIG,AviationWeather.gov METAR
2026-09-14T20:36:44.153770+00:00,ZUCK,2026-09-14T20:00:00.000Z,21.0,21.0,10.0,METAR ZUCK 142000Z 03005MPS 9000 SCT015 OVC036 21/21 Q1019 NOSIG,AviationWeather.gov METAR
2026-09-14T20:36:44.153772+00:00,ZUUU,2026-09-14T20:00:00.000Z,18.0,18.0,2.0,METAR ZUUU 142000Z 35001MPS 9999 FEW008 SCT033 18/18 Q1020 NOSIG,AviationWeather.gov METAR
2026-09-14T23:29:53.498135+00:00,CYYZ,2026-09-14T23:00:00.000Z,18.0,10.0,6.0,METAR CYYZ 142300Z 15006KT 15SM SCT057 BKN260 18/10 A3022 RMK SC3CI2 SLP236 DENSITY ALT 800FT,AviationWeather.gov METAR
2026-09-14T23:29:53.498154+00:00,EDDM,2026-09-14T23:20:00.000Z,11.0,11.0,1.0,METAR EDDM 142320Z AUTO VRB01KT 0800 0400 R26R/0750N R26L/1800N FG NSC 11/11 Q1024 BECMG 0500 FG,AviationWeather.gov METAR
2026-09-14T23:29:53.498160+00:00,EFHK,2026-09-14T23:20:00.000Z,3.0,3.0,2.0,METAR EFHK 142320Z VRB02KT CAVOK 03/03 Q1020 NOSIG,AviationWeather.gov METAR
2026-09-14T23:29:53.498164+00:00,EGLC,2026-09-14T23:20:00.000Z,19.0,17.0,7.0,METAR EGLC 142320Z AUTO 21007KT 9999 OVC008 19/17 Q1019,AviationWeather.gov METAR
2026-09-14T23:29:53.498168+00:00,EHAM,2026-09-14T23:25:00.000Z,19.0,18.0,4.0,METAR EHAM 142325Z 21004KT 9000 FEW009 BKN014 19/18 Q1020 TEMPO SCT014,AviationWeather.gov METAR
2026-09-14T23:29:53.498172+00:00,EPWA,2026-09-14T23:00:00.000Z,14.0,14.0,4.0,METAR EPWA 142300Z 26004KT 5000 BR FEW004 14/14 Q1021 TEMPO 3000 BR,AviationWeather.gov METAR
2026-09-14T23:29:53.498176+00:00,FACT,2026-09-14T23:00:00.000Z,15.0,14.0,13.0,METAR FACT 142300Z 34013KT 9999 FEW014 BKN035 15/14 Q1014,AviationWeather.gov METAR
2026-09-14T23:29:53.498183+00:00,KATL,2026-09-14T23:00:00.000Z,32.8,16.1,7.0,METAR KATL 142252Z 09007KT 10SM FEW200 SCT250 33/16 A3006 RMK AO2 SLP167 T03280161 $,AviationWeather.gov METAR
2026-09-14T23:29:53.498188+00:00,KAUS,2026-09-14T23:00:00.000Z,35.6,21.1,15.0,METAR KAUS 142253Z 15015KT 10SM SCT070 SCT100 36/21 A2990 RMK AO2 SLP113 T03560211,AviationWeather.gov METAR
2026-09-14T23:29:53.498192+00:00,KBKF,2026-09-14T23:00:00.000Z,29.7,4.3,4.0,METAR KBKF 142258Z VRB04KT 10SM FEW080 BKN120 BKN200 30/04 A2990 RMK AO2A SLP023 T02970043,AviationWeather.gov METAR
2026-09-14T23:29:53.498196+00:00,KDAL,2026-09-14T23:00:00.000Z,37.2,17.8,11.0,METAR KDAL 142253Z 18011G18KT 10SM FEW080 37/18 A2990 RMK AO2 SLP115 T03720178,AviationWeather.gov METAR
2026-09-14T23:29:53.498200+00:00,KHOU,2026-09-14T23:00:00.000Z,32.8,23.9,11.0,METAR KHOU 142253Z 18011KT 10SM FEW040 SCT160 SCT250 33/24 A2996 RMK AO2 LTG DSNT NE SLP149 CB DSNT NE MOV NW T03280239,AviationWeather.gov METAR
2026-09-14T23:29:53.498204+00:00,KLAX,2026-09-14T23:00:00.000Z,24.4,17.8,11.0,METAR KLAX 142253Z 26011KT 10SM CLR 24/18 A2980 RMK AO2 SLP088 T02440178 $,AviationWeather.gov METAR
2026-09-14T23:29:53.498207+00:00,KLGA,2026-09-14T23:00:00.000Z,22.8,6.7,10.0,METAR KLGA 142251Z 33010KT 10SM FEW060 23/07 A3014 RMK AO2 SLP205 T02280067,AviationWeather.gov METAR
2026-09-14T23:29:53.498211+00:00,KMIA,2026-09-14T23:00:00.000Z,30.0,23.9,6.0,METAR KMIA 142253Z 15006KT 10SM FEW028 FEW085 SCT250 30/24 A2998 RMK AO2 LTG DSNT SW SLP154 CB DSNT SW-NW T03000239 $,AviationWeather.gov METAR
2026-09-14T23:29:53.498215+00:00,KORD,2026-09-14T23:00:00.000Z,21.1,6.7,10.0,METAR KORD 142251Z 15010KT 10SM FEW110 BKN250 21/07 A3007 RMK AO2 SLP182 T02110067,AviationWeather.gov METAR
2026-09-14T23:29:53.498218+00:00,KSEA,2026-09-14T23:00:00.000Z,18.3,7.8,5.0,METAR KSEA 142253Z VRB05KT 10SM FEW040 BKN055 18/08 A3012 RMK AO2 SLP203 T01830078 $,AviationWeather.gov METAR
2026-09-14T23:29:53.498222+00:00,KSFO,2026-09-14T23:00:00.000Z,22.2,12.8,16.0,METAR KSFO 142256Z 30016KT 10SM FEW200 22/13 A2985 RMK AO2 SLP109 T02220128 $,AviationWeather.gov METAR
2026-09-14T23:29:53.498226+00:00,LEMD,2026-09-14T23:00:00.000Z,23.0,6.0,3.0,METAR LEMD 142300Z 36003KT 340V040 CAVOK 23/06 Q1022 NOSIG,AviationWeather.gov METAR
2026-09-14T23:29:53.498229+00:00,LFPB,2026-09-14T23:00:00.000Z,20.0,16.0,3.0,METAR LFPB 142300Z AUTO 02003KT CAVOK 20/16 Q1021 NOSIG,AviationWeather.gov METAR
2026-09-14T23:29:53.498233+00:00,LIMC,2026-09-14T23:20:00.000Z,21.0,17.0,5.0,METAR LIMC 142320Z 08005KT CAVOK 21/17 Q1022 NOSIG,AviationWeather.gov METAR
2026-09-14T23:29:53.498237+00:00,LTAC,2026-09-14T23:20:00.000Z,11.0,6.0,4.0,METAR LTAC 142320Z 04004KT CAVOK 11/06 Q1021 NOSIG,AviationWeather.gov METAR
2026-09-14T23:29:53.498240+00:00,MMMX,2026-09-14T23:16:00.000Z,19.0,13.0,6.0,SPECI MMMX 142316Z 32006KT 8SM VCRA SCT015CB BKN080 OVC220 19/13 A3027 NOSIG RMK 8/963 HZY VSBY LWR PCPN W NW TSE01 RAE16 OCNL DROPS,AviationWeather.gov METAR
2026-09-14T23:29:53.498244+00:00,MPMG,2026-09-14T23:00:00.000Z,29.0,25.0,9.0,METAR MPMG 142300Z 32009KT 280V340 9999 FEW018TCU SCT090 29/25 Q1007 NOSIG,AviationWeather.gov METAR
2026-09-14T23:29:53.498247+00:00,NZWN,2026-09-14T23:00:00.000Z,14.0,9.0,17.0,METAR NZWN 142300Z AUTO 36017KT 9999 OVC024/// 14/09 Q1021,AviationWeather.gov METAR
2026-09-14T23:29:53.498251+00:00,OEJN,2026-09-14T23:00:00.000Z,32.0,28.0,7.0,METAR OEJN 142300Z 33007KT CAVOK 32/28 Q1005 NOSIG,AviationWeather.gov METAR
2026-09-14T23:29:53.498255+00:00,OPKC,2026-09-14T23:00:00.000Z,29.0,25.0,5.0,METAR OPKC 142300Z 28005KT 4000 HZ SCT030 29/25 Q1006 NOSIG,AviationWeather.gov METAR
2026-09-14T23:29:53.498258+00:00,RJTT,2026-09-14T23:00:00.000Z,25.0,23.0,7.0,METAR RJTT 142300Z 19007KT 9999 -SHRA FEW006 BKN010 BKN100 25/23 Q1014 TEMPO FEW005 BKN008,AviationWeather.gov METAR
2026-09-14T23:29:53.498262+00:00,RKPK,2026-09-14T23:00:00.000Z,22.0,17.0,3.0,METAR RKPK 142300Z 34003KT CAVOK 22/17 Q1016,AviationWeather.gov METAR
2026-09-14T23:29:53.498266+00:00,RKSI,2026-09-14T23:00:00.000Z,19.0,13.0,5.0,METAR RKSI 142300Z 05005KT 360V080 CAVOK 19/13 Q1019 NOSIG,AviationWeather.gov METAR
2026-09-14T23:29:53.498269+00:00,RPLL,2026-09-14T23:00:00.000Z,28.0,26.0,2.0,METAR RPLL 142300Z VRB02KT 9999 FEW025 28/26 Q1009 NOSIG RMK A2980,AviationWeather.gov METAR
2026-09-14T23:29:53.498273+00:00,SAEZ,2026-09-14T23:00:00.000Z,11.0,2.0,4.0,METAR SAEZ 142300Z 31004KT CAVOK 11/02 Q1019 NOSIG,AviationWeather.gov METAR
2026-09-14T23:29:53.498276+00:00,SBGR,2026-09-14T23:00:00.000Z,14.0,14.0,3.0,METAR SBGR 142300Z 23003KT 9999 -RA OVC009 14/14 Q1020,AviationWeather.gov METAR
2026-09-14T23:29:53.498280+00:00,VILK,2026-09-14T23:00:00.000Z,27.0,26.0,2.0,METAR VILK 142300Z VRB02KT 3000 BR SCT100 27/26 Q1010 NOSIG,AviationWeather.gov METAR
2026-09-14T23:29:53.498284+00:00,WMKK,2026-09-14T23:00:00.000Z,26.0,24.0,2.0,METAR WMKK 142300Z VRB02KT 7000 FEW030 26/24 Q1010 NOSIG,AviationWeather.gov METAR
2026-09-14T23:29:53.498287+00:00,WSSS,2026-09-14T23:00:00.000Z,28.0,25.0,5.0,METAR WSSS 142300Z 16005KT 7000 FEW016 BKN280 28/25 Q1011 NOSIG,AviationWeather.gov METAR
2026-09-14T23:29:53.498291+00:00,ZBAA,2026-09-14T23:00:00.000Z,15.0,12.0,4.0,METAR ZBAA 142300Z 36002MPS CAVOK 15/12 Q1019 NOSIG,AviationWeather.gov METAR
2026-09-14T23:29:53.498294+00:00,ZGGG,2026-09-14T23:00:00.000Z,27.0,25.0,2.0,METAR ZGGG 142300Z VRB01MPS 8000 OVC053 27/25 Q1014 NOSIG,AviationWeather.gov METAR
2026-09-14T23:29:53.498298+00:00,ZGSZ,2026-09-14T23:00:00.000Z,26.0,25.0,4.0,METAR ZGSZ 142300Z 33002MPS 6000 SCT040 26/25 Q1014 NOSIG,AviationWeather.gov METAR
2026-09-14T23:29:53.498302+00:00,ZHCC,2026-09-14T23:00:00.000Z,19.0,17.0,2.0,METAR ZHCC 142300Z VRB01MPS CAVOK 19/17 Q1019 NOSIG,AviationWeather.gov METAR
2026-09-14T23:29:53.498305+00:00,ZHHH,2026-09-14T23:00:00.000Z,23.0,13.0,4.0,METAR ZHHH 142300Z 05002MPS 020V090 CAVOK 23/13 Q1017 NOSIG,AviationWeather.gov METAR
2026-09-14T23:29:53.498309+00:00,ZSPD,2026-09-14T23:00:00.000Z,25.0,15.0,12.0,METAR ZSPD 142300Z 05006MPS CAVOK 25/15 Q1019 NOSIG,AviationWeather.gov METAR
2026-09-14T23:29:53.498312+00:00,ZSQD,2026-09-14T23:00:00.000Z,19.0,16.0,2.0,METAR ZSQD 142300Z 15001MPS CAVOK 19/16 Q1019 NOSIG,AviationWeather.gov METAR
2026-09-14T23:29:53.498316+00:00,ZUCK,2026-09-14T23:00:00.000Z,20.0,19.0,10.0,METAR ZUCK 142300Z 03005MPS 9999 SCT015 OVC036 20/19 Q1019 NOSIG,AviationWeather.gov METAR
2026-09-14T23:29:53.498320+00:00,ZUUU,2026-09-14T23:00:00.000Z,19.0,18.0,2.0,METAR ZUUU 142300Z 35001MPS 8000 -SHRA FEW008 SCT026 19/18 Q1020 NOSIG,AviationWeather.gov METAR
2026-09-15T01:50:43.381948+00:00,CYYZ,2026-09-15T01:00:00.000Z,17.0,8.0,6.0,METAR CYYZ 150100Z 06006KT 15SM FEW048 17/08 A3024 RMK CF1 SLP243,AviationWeather.gov METAR
2026-09-15T01:50:43.381961+00:00,EDDM,2026-09-15T01:20:00.000Z,9.0,9.0,1.0,METAR EDDM 150120Z AUTO VRB01KT 0750 0350 R08L/0450N R08R/0550N FG VV002 09/09 Q1024 NOSIG,AviationWeather.gov METAR
2026-09-15T01:50:43.381967+00:00,EFHK,2026-09-15T01:20:00.000Z,3.0,3.0,2.0,METAR EFHK 150120Z 33002KT CAVOK 03/03 Q1020 NOSIG,AviationWeather.gov METAR
2026-09-15T01:50:43.381971+00:00,EGLC,2026-09-15T01:20:00.000Z,18.0,16.0,8.0,METAR EGLC 150120Z AUTO 20008KT 160V230 9999 BKN008 18/16 Q1018,AviationWeather.gov METAR
2026-09-15T01:50:43.381975+00:00,EHAM,2026-09-15T01:25:00.000Z,19.0,18.0,8.0,METAR EHAM 150125Z 20008KT 7000 FEW004 BKN005 19/18 Q1019 NOSIG,AviationWeather.gov METAR
2026-09-15T01:50:43.381979+00:00,EPWA,2026-09-15T01:30:00.000Z,13.0,12.0,4.0,METAR EPWA 150130Z 28004KT 6000 NSC 13/12 Q1021 TEMPO 3000 BR,AviationWeather.gov METAR
2026-09-15T01:50:43.381982+00:00,FACT,2026-09-15T01:00:00.000Z,14.0,14.0,14.0,METAR FACT 150100Z 33014KT 8000 -DZ BKN008 BKN035 14/14 Q1013 NOSIG,AviationWeather.gov METAR
2026-09-15T01:50:43.381988+00:00,KATL,2026-09-15T01:00:00.000Z,31.1,17.2,6.0,METAR KATL 150052Z 07006KT 10SM FEW200 SCT250 31/17 A3007 RMK AO2 SLP172 T03110172 $,AviationWeather.gov METAR
2026-09-15T01:50:43.381994+00:00,KAUS,2026-09-15T01:00:00.000Z,33.9,20.0,10.0,METAR KAUS 150053Z 14010KT 10SM FEW070 FEW110 34/20 A2991 RMK AO2 SLP115 T03390200,AviationWeather.gov METAR
2026-09-15T01:50:43.381998+00:00,KBKF,2026-09-15T01:00:00.000Z,25.3,5.5,8.0,METAR KBKF 150058Z 34008KT 10SM SCT100 SCT180 25/06 A2994 RMK AO2A SLP049 T02530055,AviationWeather.gov METAR
2026-09-15T01:50:43.382001+00:00,KDAL,2026-09-15T01:00:00.000Z,35.0,18.9,8.0,METAR KDAL 150053Z 13008G15KT 10SM FEW080 35/19 A2990 RMK AO2 SLP116 T03500189,AviationWeather.gov METAR
2026-09-15T01:50:43.382007+00:00,KHOU,2026-09-15T01:00:00.000Z,30.6,24.4,9.0,METAR KHOU 150053Z 16009G18KT 10SM FEW045 FEW250 31/24 A2997 RMK AO2 SLP153 T03060244,AviationWeather.gov METAR
2026-09-15T01:50:43.382010+00:00,KLAX,2026-09-15T01:00:00.000Z,23.3,17.8,10.0,METAR KLAX 150053Z 25010KT 10SM CLR 23/18 A2979 RMK AO2 SLP086 T02330178 $,AviationWeather.gov METAR
2026-09-15T01:50:43.382013+00:00,KLGA,2026-09-15T01:00:00.000Z,20.6,8.3,8.0,METAR KLGA 150051Z 36008KT 10SM CLR 21/08 A3018 RMK AO2 SLP221 T02060083,AviationWeather.gov METAR
2026-09-15T01:50:43.382017+00:00,KMIA,2026-09-15T01:00:00.000Z,29.4,23.9,5.0,METAR KMIA 150053Z 15005KT 10SM FEW025 FEW250 29/24 A3002 RMK AO2 SLP166 T02940239 $,AviationWeather.gov METAR
2026-09-15T01:50:43.382020+00:00,KORD,2026-09-15T01:00:00.000Z,20.6,6.7,9.0,METAR KORD 150051Z 13009KT 10SM FEW140 BKN250 21/07 A3005 RMK AO2 SLP176 T02060067,AviationWeather.gov METAR
2026-09-15T01:50:43.382023+00:00,KSEA,2026-09-15T01:00:00.000Z,18.3,8.3,3.0,METAR KSEA 150053Z 31003KT 10SM FEW040 BKN060 18/08 A3011 RMK AO2 SLP201 T01830083 $,AviationWeather.gov METAR
2026-09-15T01:50:43.382027+00:00,KSFO,2026-09-15T01:00:00.000Z,19.4,12.8,16.0,METAR KSFO 150056Z 30016KT 10SM FEW200 19/13 A2985 RMK AO2 SLP107 T01940128 $,AviationWeather.gov METAR
2026-09-15T01:50:43.382030+00:00,LEMD,2026-09-15T01:30:00.000Z,19.0,6.0,2.0,METAR LEMD 150130Z 36002KT CAVOK 19/06 Q1022 NOSIG,AviationWeather.gov METAR
2026-09-15T01:50:43.382033+00:00,LFPB,2026-09-15T01:30:00.000Z,18.0,15.0,3.0,METAR LFPB 150130Z AUTO 05003KT 9999 2700 NSC 18/15 Q1020 NOSIG,AviationWeather.gov METAR
2026-09-15T01:50:43.382036+00:00,LIMC,2026-09-15T01:20:00.000Z,20.0,16.0,5.0,METAR LIMC 150120Z 03005KT CAVOK 20/16 Q1022 NOSIG,AviationWeather.gov METAR
2026-09-15T01:50:43.382040+00:00,LTAC,2026-09-15T01:20:00.000Z,9.0,6.0,1.0,METAR LTAC 150120Z VRB01KT CAVOK 09/06 Q1021 NOSIG,AviationWeather.gov METAR
2026-09-15T01:50:43.382043+00:00,MMMX,2026-09-15T01:00:00.000Z,18.0,12.0,10.0,METAR MMMX 150045Z 29010KT 8SM VCRA SCT015 BKN080 BKN220 18/12 A3029 NOSIG RMK 8/463 HZY VSBY LWR PCPN W NW,AviationWeather.gov METAR
2026-09-15T01:50:43.382046+00:00,MPMG,2026-09-15T01:00:00.000Z,27.0,25.0,8.0,METAR MPMG 150100Z 32008KT 9999 FEW018CB SCT090 27/25 Q1008 NOSIG,AviationWeather.gov METAR
2026-09-15T01:50:43.382050+00:00,NZWN,2026-09-15T01:30:00.000Z,15.0,10.0,20.0,METAR NZWN 150130Z AUTO 01020KT 9999 BKN025/// 15/10 Q1019,AviationWeather.gov METAR
2026-09-15T01:50:43.382053+00:00,OEJN,2026-09-15T01:00:00.000Z,32.0,27.0,4.0,METAR OEJN 150100Z 33004KT CAVOK 32/27 Q1005 NOSIG,AviationWeather.gov METAR
2026-09-15T01:50:43.382056+00:00,OPKC,2026-09-15T01:30:00.000Z,28.0,25.0,2.0,METAR OPKC 150130Z 28002KT 4000 HZ SCT030 28/25 Q1006 NOSIG,AviationWeather.gov METAR
2026-09-15T01:50:43.382091+00:00,RJTT,2026-09-15T01:30:00.000Z,26.0,25.0,8.0,METAR RJTT 150130Z 17008KT 130V220 9999 FEW006 BKN140 26/25 Q1013 TEMPO FEW008 BKN012,AviationWeather.gov METAR
2026-09-15T01:50:43.382096+00:00,RKPK,2026-09-15T01:00:00.000Z,27.0,18.0,9.0,METAR RKPK 150100Z 02009KT 9999 FEW040 SCT250 27/18 Q1016,AviationWeather.gov METAR
2026-09-15T01:50:43.382099+00:00,RKSI,2026-09-15T01:30:00.000Z,22.0,12.0,5.0,METAR RKSI 150130Z 36005KT CAVOK 22/12 Q1019 NOSIG,AviationWeather.gov METAR
2026-09-15T01:50:43.382103+00:00,RPLL,2026-09-15T01:00:00.000Z,30.0,26.0,2.0,METAR RPLL 150100Z VRB02KT 9000 FEW025 BKN100 30/26 Q1010 NOSIG RMK A2983,AviationWeather.gov METAR
2026-09-15T01:50:43.382106+00:00,SAEZ,2026-09-15T01:30:00.000Z,11.0,2.0,4.0,SPECI SAEZ 150130Z 35004KT CAVOK 11/02 Q1018 NOSIG,AviationWeather.gov METAR
2026-09-15T01:50:43.382110+00:00,SBGR,2026-09-15T01:00:00.000Z,15.0,14.0,8.0,METAR SBGR 150100Z 02008KT 9999 -RA FEW010 15/14 Q1020,AviationWeather.gov METAR
2026-09-15T01:50:43.382113+00:00,VILK,2026-09-15T01:30:00.000Z,27.0,26.0,2.0,METAR VILK 150130Z VRB02KT 2000 BR FEW020 BKN090 27/26 Q1011 NOSIG,AviationWeather.gov METAR
2026-09-15T01:50:43.382117+00:00,WMKK,2026-09-15T01:30:00.000Z,30.0,26.0,4.0,METAR WMKK 150130Z 07004KT 340V120 4000 HZ FEW018 30/26 Q1011 NOSIG,AviationWeather.gov METAR
2026-09-15T01:50:43.382120+00:00,WSSS,2026-09-15T01:30:00.000Z,29.0,25.0,6.0,METAR WSSS 150130Z 15006KT 130V190 9000 FEW018 BKN300 29/25 Q1013 NOSIG,AviationWeather.gov METAR
2026-09-15T01:50:43.382124+00:00,ZBAA,2026-09-15T01:30:00.000Z,22.0,11.0,4.0,METAR ZBAA 150130Z 01002MPS 320V070 CAVOK 22/11 Q1018 NOSIG,AviationWeather.gov METAR
2026-09-15T01:50:43.382127+00:00,ZGGG,2026-09-15T01:30:00.000Z,30.0,25.0,2.0,METAR ZGGG 150130Z VRB01MPS 9999 BKN053 30/25 Q1015 NOSIG,AviationWeather.gov METAR
2026-09-15T01:50:43.382130+00:00,ZGSZ,2026-09-15T01:00:00.000Z,28.0,25.0,4.0,METAR ZGSZ 150100Z 32002MPS 8000 BKN020 28/25 Q1015 NOSIG,AviationWeather.gov METAR
2026-09-15T01:50:43.382133+00:00,ZHCC,2026-09-15T01:00:00.000Z,25.0,15.0,6.0,METAR ZHCC 150100Z 19003MPS 150V250 CAVOK 25/15 Q1020 NOSIG,AviationWeather.gov METAR
2026-09-15T01:50:43.382137+00:00,ZHHH,2026-09-15T01:00:00.000Z,26.0,14.0,4.0,METAR ZHHH 150100Z 07002MPS 010V120 CAVOK 26/14 Q1019 NOSIG,AviationWeather.gov METAR
2026-09-15T01:50:43.382140+00:00,ZSPD,2026-09-15T01:30:00.000Z,27.0,14.0,14.0,METAR ZSPD 150130Z 05007MPS 030V090 CAVOK 27/14 Q1020 NOSIG,AviationWeather.gov METAR
2026-09-15T01:50:43.382143+00:00,ZSQD,2026-09-15T01:00:00.000Z,25.0,11.0,6.0,METAR ZSQD 150100Z 26003MPS 240V300 CAVOK 25/11 Q1019 NOSIG,AviationWeather.gov METAR
2026-09-15T01:50:43.382146+00:00,ZUCK,2026-09-15T01:00:00.000Z,20.0,19.0,10.0,METAR ZUCK 150100Z 02005MPS 9999 SCT015 OVC036 20/19 Q1020 NOSIG,AviationWeather.gov METAR
2026-09-15T01:50:43.382149+00:00,ZUUU,2026-09-15T01:00:00.000Z,19.0,18.0,2.0,METAR ZUUU 150100Z VRB01MPS 7000 FEW009 SCT026 19/18 Q1021 NOSIG,AviationWeather.gov METAR
2026-09-15T07:18:58.230883+00:00,CYYZ,2026-09-15T07:00:00.000Z,14.0,8.0,4.0,METAR CYYZ 150700Z 11004KT 15SM SCT200 14/08 A3023 RMK CI3 SLP238,AviationWeather.gov METAR
2026-09-15T07:18:58.230902+00:00,EDDM,2026-09-15T07:00:00.000Z,15.0,13.0,1.0,METAR EDDM 150650Z AUTO VRB01KT CAVOK 15/13 Q1023 NOSIG,AviationWeather.gov METAR
2026-09-15T07:18:58.230908+00:00,EFHK,2026-09-15T07:00:00.000Z,8.0,8.0,1.0,METAR EFHK 150650Z VRB01KT CAVOK 08/08 Q1019 NOSIG,AviationWeather.gov METAR
2026-09-15T07:18:58.230912+00:00,EGLC,2026-09-15T07:00:00.000Z,17.0,14.0,14.0,METAR EGLC 150650Z AUTO 24014KT 9999 BKN017 17/14 Q1016,AviationWeather.gov METAR
2026-09-15T07:18:58.230915+00:00,EHAM,2026-09-15T07:00:00.000Z,18.0,17.0,8.0,METAR EHAM 150655Z 18008KT 140V200 6000 FEW004 18/17 Q1016 BECMG CAVOK,AviationWeather.gov METAR
2026-09-15T07:18:58.230919+00:00,EPWA,2026-09-15T07:00:00.000Z,14.0,14.0,2.0,METAR EPWA 150700Z VRB02KT 0500 0350E R33/0650N FG OVC001 14/14 Q1022 BECMG 1000 BR,AviationWeather.gov METAR
2026-09-15T07:18:58.230922+00:00,FACT,2026-09-15T07:00:00.000Z,15.0,12.0,23.0,METAR FACT 150700Z 34023KT 9999 FEW015 BKN040 15/12 Q1016 NOSIG,AviationWeather.gov METAR
2026-09-15T07:18:58.230928+00:00,KATL,2026-09-15T07:00:00.000Z,25.6,18.9,4.0,METAR KATL 150652Z 11004KT 10SM CLR 26/19 A3011 RMK AO2 SLP184 T02560189 $,AviationWeather.gov METAR
2026-09-15T07:18:58.230934+00:00,KAUS,2026-09-15T07:00:00.000Z,27.2,24.4,6.0,METAR KAUS 150653Z 18006KT 10SM BKN018 27/24 A3001 RMK AO2 SLP149 T02720244,AviationWeather.gov METAR
2026-09-15T07:18:58.230938+00:00,KBKF,2026-09-15T05:00:00.000Z,22.0,5.4,3.0,METAR KBKF 150458Z VRB03KT 10SM SCT220 22/05 A3001 RMK AO2A SLP073 T02200054,AviationWeather.gov METAR
2026-09-15T07:18:58.230941+00:00,KDAL,2026-09-15T07:00:00.000Z,30.6,20.6,11.0,METAR KDAL 150653Z 17011G19KT 10SM CLR 31/21 A2997 RMK AO2 SLP140 T03060206 $,AviationWeather.gov METAR
2026-09-15T07:18:58.230944+00:00,KHOU,2026-09-15T07:00:00.000Z,27.2,25.0,6.0,METAR KHOU 150653Z 17006KT 10SM FEW020 FEW300 27/25 A3000 RMK AO2 SLP164 T02720250,AviationWeather.gov METAR
2026-09-15T07:18:58.230948+00:00,KLAX,2026-09-15T07:00:00.000Z,21.1,16.1,8.0,METAR KLAX 150653Z 10008KT 10SM OVC018 21/16 A2987 RMK AO2 SLP110 T02110161 $,AviationWeather.gov METAR
2026-09-15T07:18:58.230951+00:00,KLGA,2026-09-15T07:00:00.000Z,17.2,8.3,7.0,METAR KLGA 150651Z 01007KT 10SM CLR 17/08 A3029 RMK AO2 SLP255 T01720083,AviationWeather.gov METAR
2026-09-15T07:18:58.230954+00:00,KMIA,2026-09-15T07:00:00.000Z,27.8,23.9,0.0,METAR KMIA 150653Z 00000KT 10SM FEW032 28/24 A3002 RMK AO2 SLP164 T02780239 $,AviationWeather.gov METAR
2026-09-15T07:18:58.230957+00:00,KORD,2026-09-15T07:00:00.000Z,21.1,10.6,13.0,METAR KORD 150651Z 18013G26KT 10SM SCT080 BKN250 21/11 A2998 RMK AO2 PK WND 18026/0649 SLP149 T02110106,AviationWeather.gov METAR
2026-09-15T07:18:58.230961+00:00,KSEA,2026-09-15T06:56:00.000Z,12.8,11.1,3.0,SPECI KSEA 150656Z 30003KT 10SM BKN160 OVC240 13/11 A3007 RMK AO2 T01280111 $,AviationWeather.gov METAR
2026-09-15T07:18:58.230964+00:00,KSFO,2026-09-15T07:00:00.000Z,15.6,11.7,5.0,METAR KSFO 150656Z 31005KT 10SM SCT200 16/12 A2986 RMK AO2 SLP112 T01560117 $,AviationWeather.gov METAR
2026-09-15T07:18:58.230967+00:00,LEMD,2026-09-15T07:00:00.000Z,18.0,5.0,3.0,METAR LEMD 150700Z 01003KT 340V040 CAVOK 18/05 Q1023 NOSIG,AviationWeather.gov METAR
2026-09-15T07:18:58.230971+00:00,LFPB,2026-09-15T07:00:00.000Z,20.0,15.0,4.0,METAR LFPB 150700Z AUTO 13004KT CAVOK 20/15 Q1018 NOSIG,AviationWeather.gov METAR
2026-09-15T07:18:58.230974+00:00,LIMC,2026-09-15T07:00:00.000Z,21.0,17.0,2.0,METAR LIMC 150650Z 05002KT 9999 BKN050 21/17 Q1022 NOSIG,AviationWeather.gov METAR
2026-09-15T07:18:58.230977+00:00,LTAC,2026-09-15T07:00:00.000Z,17.0,5.0,4.0,METAR LTAC 150650Z 02004KT 340V070 CAVOK 17/05 Q1020 NOSIG,AviationWeather.gov METAR
2026-09-15T07:18:58.230980+00:00,MMMX,2026-09-15T06:44:00.000Z,16.0,12.0,3.0,METAR MMMX 150644Z 32003KT 8SM FEW220 16/12 A3036 NOSIG RMK 8/002 ISOL SC HZY,AviationWeather.gov METAR
2026-09-15T07:18:58.230983+00:00,MPMG,2026-09-15T07:00:00.000Z,26.0,24.0,7.0,METAR MPMG 150700Z AUTO 31007KT 260V340 //// R01///// // SCT073/// BKN160/// OVC230/// 26/24 Q1008,AviationWeather.gov METAR
2026-09-15T07:18:58.230986+00:00,NZWN,2026-09-15T07:00:00.000Z,13.0,9.0,22.0,METAR NZWN 150700Z AUTO 01022KT 9999 FEW022/// 13/09 Q1017,AviationWeather.gov METAR
2026-09-15T07:18:58.230990+00:00,OEJN,2026-09-15T07:00:00.000Z,36.0,27.0,4.0,METAR OEJN 150700Z 33004KT CAVOK 36/27 Q1006 NOSIG,AviationWeather.gov METAR
2026-09-15T07:18:58.230993+00:00,OPKC,2026-09-15T07:00:00.000Z,34.0,25.0,7.0,METAR OPKC 150700Z 17007KT 2500 HZ FEW030 BKN100 34/25 Q1007 NOSIG,AviationWeather.gov METAR
2026-09-15T07:18:58.230996+00:00,RJTT,2026-09-15T07:00:00.000Z,27.0,24.0,8.0,METAR RJTT 150700Z 18008KT 9999 SCT015 BKN150 BKN/// 27/24 Q1012 NOSIG,AviationWeather.gov METAR
2026-09-15T07:18:58.230999+00:00,RKPK,2026-09-15T07:00:00.000Z,27.0,18.0,7.0,METAR RKPK 150700Z 09007KT 9999 BKN040 BKN250 27/18 Q1015,AviationWeather.gov METAR
2026-09-15T07:18:58.231002+00:00,RKSI,2026-09-15T07:00:00.000Z,24.0,13.0,10.0,METAR RKSI 150700Z 28010KT CAVOK 24/13 Q1017 NOSIG,AviationWeather.gov METAR
2026-09-15T07:18:58.231006+00:00,RPLL,2026-09-15T07:00:00.000Z,27.0,26.0,3.0,METAR RPLL 150700Z 19003KT 140V230 9999 FEW025 BKN100 27/26 Q1007 NOSIG RMK A2974,AviationWeather.gov METAR
2026-09-15T07:18:58.231009+00:00,SAEZ,2026-09-15T07:00:00.000Z,11.0,4.0,5.0,METAR SAEZ 150700Z 32005KT CAVOK 11/04 Q1017 NOSIG,AviationWeather.gov METAR
2026-09-15T07:18:58.231012+00:00,SBGR,2026-09-15T07:00:00.000Z,15.0,14.0,2.0,METAR SBGR 150700Z 27002KT 7000 OVC006 15/14 Q1017,AviationWeather.gov METAR
2026-09-15T07:18:58.231016+00:00,VILK,2026-09-15T07:00:00.000Z,32.0,24.0,5.0,METAR VILK 150700Z 16005KT 5000 HZ SCT020 BKN025 32/24 Q1010 NOSIG,AviationWeather.gov METAR
2026-09-15T07:18:58.231019+00:00,WMKK,2026-09-15T07:00:00.000Z,33.0,24.0,6.0,METAR WMKK 150700Z VRB06KT 2000 HZ FEW018 33/24 Q1009 NOSIG,AviationWeather.gov METAR
2026-09-15T07:18:58.231022+00:00,WSSS,2026-09-15T07:00:00.000Z,32.0,25.0,9.0,METAR WSSS 150700Z 18009KT 150V210 6000 FEW020 BKN300 32/25 Q1010 NOSIG,AviationWeather.gov METAR
2026-09-15T07:18:58.231025+00:00,ZBAA,2026-09-15T07:00:00.000Z,28.0,13.0,6.0,METAR ZBAA 150700Z 19003MPS 140V250 CAVOK 28/13 Q1014 NOSIG,AviationWeather.gov METAR
2026-09-15T07:18:58.231028+00:00,ZGGG,2026-09-15T07:00:00.000Z,34.0,23.0,4.0,METAR ZGGG 150700Z VRB02MPS 9999 SCT050 34/23 Q1011 NOSIG,AviationWeather.gov METAR
2026-09-15T07:18:58.231032+00:00,ZGSZ,2026-09-15T07:00:00.000Z,30.0,24.0,4.0,METAR ZGSZ 150700Z 17002MPS CAVOK 30/24 Q1012 NOSIG,AviationWeather.gov METAR
2026-09-15T07:18:58.231035+00:00,ZHCC,2026-09-15T07:00:00.000Z,33.0,12.0,6.0,METAR ZHCC 150700Z 20003MPS 140V240 CAVOK 33/12 Q1017 NOSIG,AviationWeather.gov METAR
2026-09-15T07:18:58.231038+00:00,ZHHH,2026-09-15T07:00:00.000Z,29.0,15.0,4.0,METAR ZHHH 150700Z 09002MPS 050V120 CAVOK 29/15 Q1016 NOSIG,AviationWeather.gov METAR
2026-09-15T07:18:58.231041+00:00,ZSPD,2026-09-15T07:00:00.000Z,27.0,16.0,10.0,METAR ZSPD 150700Z 04005MPS 360V070 CAVOK 27/16 Q1018 NOSIG,AviationWeather.gov METAR
2026-09-15T07:18:58.231044+00:00,ZSQD,2026-09-15T07:00:00.000Z,30.0,13.0,12.0,METAR ZSQD 150700Z 17006MPS CAVOK 30/13 Q1016 NOSIG,AviationWeather.gov METAR
2026-09-15T07:18:58.231047+00:00,ZUCK,2026-09-15T07:00:00.000Z,20.0,19.0,10.0,METAR ZUCK 150700Z 03005MPS 9999 -RA SCT009 OVC033 20/19 Q1017 NOSIG,AviationWeather.gov METAR
2026-09-15T07:18:58.231051+00:00,ZUUU,2026-09-15T07:00:00.000Z,21.0,19.0,4.0,METAR ZUUU 150700Z 35002MPS 310V020 9999 FEW009 SCT026 21/19 Q1017 NOSIG,AviationWeather.gov METAR
2026-09-15T12:48:17.266532+00:00,CYYZ,2026-09-15T12:25:00.000Z,17.0,13.0,8.0,SPECI CYYZ 151225Z 15008KT 15SM FEW078 BKN110 17/13 A3022 RMK AC2AC6 SLP236,AviationWeather.gov METAR
2026-09-15T12:48:17.266552+00:00,EDDM,2026-09-15T12:20:00.000Z,24.0,13.0,4.0,METAR EDDM 151220Z AUTO VRB04KT CAVOK 24/13 Q1021 NOSIG,AviationWeather.gov METAR
2026-09-15T12:48:17.266561+00:00,EFHK,2026-09-15T12:20:00.000Z,16.0,8.0,8.0,METAR EFHK 151220Z 20008KT 170V230 9999 FEW035 16/08 Q1017 NOSIG,AviationWeather.gov METAR
2026-09-15T12:48:17.266568+00:00,EGLC,2026-09-15T12:20:00.000Z,22.0,13.0,10.0,METAR EGLC 151220Z AUTO 25010KT 9999 SCT036 22/13 Q1014,AviationWeather.gov METAR
2026-09-15T12:48:17.266573+00:00,EHAM,2026-09-15T12:25:00.000Z,24.0,14.0,15.0,METAR EHAM 151225Z 23015KT 9999 FEW040 24/14 Q1014 NOSIG,AviationWeather.gov METAR
2026-09-15T12:48:17.266579+00:00,EPWA,2026-09-15T12:30:00.000Z,18.0,14.0,2.0,METAR EPWA 151230Z VRB02KT 9999 SCT017 BKN040 18/14 Q1021 NOSIG,AviationWeather.gov METAR
2026-09-15T12:48:17.266585+00:00,FACT,2026-09-15T12:00:00.000Z,18.0,8.0,26.0,METAR FACT 151200Z 31026KT 9999 BKN040 18/08 Q1015 NOSIG,AviationWeather.gov METAR
2026-09-15T12:48:17.266594+00:00,KATL,2026-09-15T12:00:00.000Z,23.9,20.0,9.0,METAR KATL 151152Z 06009KT 10SM FEW250 24/20 A3021 RMK AO2 SLP217 T02390200 10261 20239 53023,AviationWeather.gov METAR
2026-09-15T12:48:17.266602+00:00,KAUS,2026-09-15T12:03:00.000Z,25.6,24.4,6.0,SPECI KAUS 151203Z 15006KT 10SM SCT023 26/24 A3004 RMK AO2 T02560244,AviationWeather.gov METAR
2026-09-15T12:48:17.266608+00:00,KBKF,2026-09-15T12:00:00.000Z,12.5,-1.1,11.0,METAR KBKF 151158Z 35011KT 10SM BKN023 OVC045 13/M01 A3026 RMK AO2A SLP172 T01251011 10214 20119 51033,AviationWeather.gov METAR
2026-09-15T12:48:17.266614+00:00,KDAL,2026-09-15T12:00:00.000Z,27.8,22.2,9.0,METAR KDAL 151153Z 17009KT 10SM FEW250 28/22 A3002 RMK AO2 SLP156 T02780222 10311 20278 53012 $,AviationWeather.gov METAR
2026-09-15T12:48:17.266619+00:00,KHOU,2026-09-15T12:00:00.000Z,26.1,25.0,5.0,METAR KHOU 151153Z 14005KT 10SM FEW015 FEW200 26/25 A3004 RMK AO2 SLP177 T02610250 10278 20261 53012,AviationWeather.gov METAR
2026-09-15T12:48:17.266624+00:00,KLAX,2026-09-15T12:00:00.000Z,21.1,15.0,8.0,METAR KLAX 151153Z 10008KT 10SM BKN020 21/15 A2987 RMK AO2 SLP112 T02110150 10222 20206 55001 $,AviationWeather.gov METAR
2026-09-15T12:48:17.266629+00:00,KLGA,2026-09-15T12:00:00.000Z,17.2,8.3,9.0,METAR KLGA 151151Z 04009KT 10SM FEW250 17/08 A3037 RMK AO2 SLP285 T01720083 10178 20156 53022,AviationWeather.gov METAR
2026-09-15T12:48:17.266635+00:00,KMIA,2026-09-15T12:00:00.000Z,27.8,23.9,3.0,METAR KMIA 151153Z COR 19003KT 10SM SCT028CB SCT040 BKN260 28/24 A3004 RMK AO2 SLP174 CB VC SE MOV W 70002 T02780239 10289 20267 53011 $,AviationWeather.gov METAR
2026-09-15T12:48:17.266640+00:00,KORD,2026-09-15T12:00:00.000Z,20.0,13.3,5.0,METAR KORD 151151Z 22005KT 10SM BKN065 BKN090 BKN250 20/13 A3003 RMK AO2 SLP165 CB DSNT W-NW T02000133 10211 20200 51027 $,AviationWeather.gov METAR
2026-09-15T12:48:17.266645+00:00,KSEA,2026-09-15T12:00:00.000Z,13.3,11.7,4.0,METAR KSEA 151153Z 02004KT 10SM BKN055 OVC160 13/12 A3003 RMK AO2 SLP175 T01330117 10133 20122 55004 $,AviationWeather.gov METAR
2026-09-15T12:48:17.266651+00:00,KSFO,2026-09-15T12:00:00.000Z,13.9,10.6,3.0,METAR KSFO 151156Z 23003KT 10SM FEW200 14/11 A2986 RMK AO2 SLP113 T01390106 10161 20133 50001 $,AviationWeather.gov METAR
2026-09-15T12:48:17.266656+00:00,LEMD,2026-09-15T12:30:00.000Z,33.0,4.0,4.0,METAR LEMD 151230Z 19004KT 130V250 CAVOK 33/04 Q1021 NOSIG,AviationWeather.gov METAR
2026-09-15T12:48:17.266661+00:00,LFPB,2026-09-15T12:30:00.000Z,32.0,12.0,10.0,METAR LFPB 151230Z AUTO 21010KT 180V260 CAVOK 32/12 Q1015 NOSIG,AviationWeather.gov METAR
2026-09-15T12:48:17.266667+00:00,LIMC,2026-09-15T12:20:00.000Z,27.0,16.0,1.0,METAR LIMC 151220Z VRB01KT 9999 SCT040 27/16 Q1021 NOSIG,AviationWeather.gov METAR
2026-09-15T12:48:17.266672+00:00,LTAC,2026-09-15T12:20:00.000Z,25.0,7.0,6.0,METAR LTAC 151220Z 19006KT 140V230 9999 FEW040 BKN180 25/07 Q1017 NOSIG,AviationWeather.gov METAR
2026-09-15T12:48:17.266677+00:00,MMMX,2026-09-15T12:00:00.000Z,13.0,11.0,3.0,METAR MMMX 151145Z 09003KT 8SM SCT020 BKN200 13/11 A3037 NOSIG RMK SLP149 52003 901 8/509 BR N NE NW HZY,AviationWeather.gov METAR
2026-09-15T12:48:17.266683+00:00,MPMG,2026-09-15T12:00:00.000Z,27.0,25.0,4.0,METAR MPMG 151200Z 32004KT 290V020 9999 FEW008 SCT016 BKN080 27/25 Q1008 NOSIG,AviationWeather.gov METAR
2026-09-15T12:48:17.266688+00:00,NZWN,2026-09-15T12:30:00.000Z,13.0,9.0,24.0,METAR NZWN 151230Z AUTO 01024KT 9999 BKN019/// 13/09 Q1014,AviationWeather.gov METAR
2026-09-15T12:48:17.266693+00:00,OEJN,2026-09-15T12:00:00.000Z,37.0,26.0,10.0,METAR OEJN 151200Z 28010KT CAVOK 37/26 Q1004 NOSIG,AviationWeather.gov METAR
2026-09-15T12:48:17.266699+00:00,OPKC,2026-09-15T12:30:00.000Z,33.0,24.0,9.0,METAR OPKC 151230Z 16009KT 2500 FU FEW030 BKN100 33/24 Q1006 NOSIG,AviationWeather.gov METAR
2026-09-15T12:48:17.266704+00:00,RJTT,2026-09-15T12:30:00.000Z,24.0,23.0,15.0,METAR RJTT 151230Z 07015KT 9999 FEW006 BKN012 BKN/// 24/23 Q1013 TEMPO FEW005 BKN008 BECMG 05008KT,AviationWeather.gov METAR
2026-09-15T12:48:17.266710+00:00,RKPK,2026-09-15T12:00:00.000Z,24.0,18.0,8.0,METAR RKPK 151200Z 07008KT CAVOK 24/18 Q1016,AviationWeather.gov METAR
2026-09-15T12:48:17.266715+00:00,RKSI,2026-09-15T12:30:00.000Z,20.0,14.0,6.0,METAR RKSI 151230Z 29006KT 250V330 CAVOK 20/14 Q1018 NOSIG,AviationWeather.gov METAR
2026-09-15T12:48:17.266720+00:00,RPLL,2026-09-15T12:00:00.000Z,29.0,27.0,2.0,METAR RPLL 151200Z VRB02KT 9999 FEW025 29/27 Q1009 NOSIG RMK A2980,AviationWeather.gov METAR
2026-09-15T12:48:17.266725+00:00,SAEZ,2026-09-15T12:00:00.000Z,14.0,8.0,11.0,METAR SAEZ 151200Z 29011KT CAVOK 14/08 Q1018 NOSIG,AviationWeather.gov METAR
2026-09-15T12:48:17.266730+00:00,SBGR,2026-09-15T12:00:00.000Z,16.0,14.0,3.0,METAR SBGR 151200Z 22003KT 8000 BKN011 OVC020 16/14 Q1020,AviationWeather.gov METAR
2026-09-15T12:48:17.266736+00:00,VILK,2026-09-15T12:30:00.000Z,31.0,25.0,4.0,METAR VILK 151230Z 18004KT 5000 HZ FEW020 31/25 Q1007 NOSIG,AviationWeather.gov METAR
2026-09-15T12:48:17.266741+00:00,WMKK,2026-09-15T12:30:00.000Z,29.0,25.0,3.0,METAR WMKK 151230Z VRB03KT 4000 HZ FEW030 29/25 Q1010 NOSIG,AviationWeather.gov METAR
2026-09-15T12:48:17.266747+00:00,WSSS,2026-09-15T12:30:00.000Z,29.0,24.0,9.0,METAR WSSS 151230Z 14009KT 8000 FEW018 BKN300 29/24 Q1010 NOSIG,AviationWeather.gov METAR
2026-09-15T12:48:17.266752+00:00,ZBAA,2026-09-15T12:30:00.000Z,21.0,17.0,2.0,METAR ZBAA 151230Z VRB01MPS CAVOK 21/17 Q1014 NOSIG,AviationWeather.gov METAR
2026-09-15T12:48:17.266757+00:00,ZGGG,2026-09-15T12:30:00.000Z,31.0,24.0,4.0,METAR ZGGG 151230Z 09002MPS 070V130 CAVOK 31/24 Q1012 NOSIG,AviationWeather.gov METAR
2026-09-15T12:48:17.266762+00:00,ZGSZ,2026-09-15T12:00:00.000Z,28.0,25.0,6.0,METAR ZGSZ 151200Z 16003MPS CAVOK 28/25 Q1012 NOSIG,AviationWeather.gov METAR
2026-09-15T12:48:17.266768+00:00,ZHCC,2026-09-15T12:00:00.000Z,24.0,14.0,2.0,METAR ZHCC 151200Z VRB01MPS CAVOK 24/14 Q1017 NOSIG,AviationWeather.gov METAR
2026-09-15T12:48:17.266773+00:00,ZHHH,2026-09-15T12:00:00.000Z,26.0,16.0,4.0,METAR ZHHH 151200Z 36002MPS CAVOK 26/16 Q1016 NOSIG,AviationWeather.gov METAR
2026-09-15T12:48:17.266779+00:00,ZSPD,2026-09-15T12:30:00.000Z,25.0,16.0,8.0,METAR ZSPD 151230Z 02004MPS CAVOK 25/16 Q1018 NOSIG,AviationWeather.gov METAR
2026-09-15T12:48:17.266784+00:00,ZSQD,2026-09-15T12:00:00.000Z,23.0,16.0,8.0,METAR ZSQD 151200Z 14004MPS CAVOK 23/16 Q1016 NOSIG,AviationWeather.gov METAR
2026-09-15T12:48:17.266789+00:00,ZUCK,2026-09-15T12:00:00.000Z,20.0,18.0,10.0,METAR ZUCK 151200Z 01005MPS 9999 SCT014 SCT023 OVC046 20/18 Q1016 NOSIG,AviationWeather.gov METAR
2026-09-15T12:48:17.266794+00:00,ZUUU,2026-09-15T12:00:00.000Z,20.0,19.0,6.0,METAR ZUUU 151200Z 01003MPS 9999 FEW009 SCT026 20/19 Q1017 NOSIG,AviationWeather.gov METAR
2026-09-15T17:30:18.904769+00:00,CYYZ,2026-09-15T17:00:00.000Z,21.0,13.0,12.0,METAR CYYZ 151700Z 18012KT 15SM SCT095 BKN120 21/13 A3019 RMK AC4AC3 SLP225 DENSITY ALT 1100FT,AviationWeather.gov METAR
2026-09-15T17:30:18.904788+00:00,EDDM,2026-09-15T17:20:00.000Z,21.0,14.0,3.0,METAR EDDM 151720Z AUTO 06003KT CAVOK 21/14 Q1018 NOSIG,AviationWeather.gov METAR
2026-09-15T17:30:18.904793+00:00,EFHK,2026-09-15T17:20:00.000Z,12.0,9.0,6.0,METAR EFHK 151720Z 18006KT CAVOK 12/09 Q1016 NOSIG,AviationWeather.gov METAR
2026-09-15T17:30:18.904796+00:00,EGLC,2026-09-15T17:20:00.000Z,21.0,9.0,10.0,METAR EGLC 151720Z AUTO 28010KT 9999 NCD 21/09 Q1015,AviationWeather.gov METAR
2026-09-15T17:30:18.904799+00:00,EHAM,2026-09-15T17:25:00.000Z,19.0,17.0,10.0,METAR EHAM 151725Z 29010KT 9999 FEW015 19/17 Q1013 NOSIG,AviationWeather.gov METAR
2026-09-15T17:30:18.904801+00:00,EPWA,2026-09-15T17:00:00.000Z,16.0,13.0,2.0,METAR EPWA 151700Z 17002KT 9999 FEW036 16/13 Q1019 NOSIG,AviationWeather.gov METAR
2026-09-15T17:30:18.904804+00:00,FACT,2026-09-15T17:00:00.000Z,14.0,12.0,18.0,METAR FACT 151700Z 35018KT 4000 -RA BKN014 OVC022 14/12 Q1017 NOSIG,AviationWeather.gov METAR
2026-09-15T17:30:18.904809+00:00,KATL,2026-09-15T17:00:00.000Z,30.6,20.6,3.0,METAR KATL 151652Z 07003KT 10SM FEW040 SCT250 31/21 A3026 RMK AO2 SLP235 TCU DSNT S T03060206,AviationWeather.gov METAR
2026-09-15T17:30:18.904813+00:00,KAUS,2026-09-15T17:00:00.000Z,35.0,18.9,13.0,METAR KAUS 151653Z 17013G23KT 10SM CLR 35/19 A3006 RMK AO2 SLP167 T03500189,AviationWeather.gov METAR
2026-09-15T17:30:18.904816+00:00,KBKF,2026-09-15T17:00:00.000Z,15.8,2.6,5.0,METAR KBKF 151658Z 10005KT 10SM FEW034 SCT140 BKN220 16/03 A3030 RMK AO2A SLP194 T01580026,AviationWeather.gov METAR
2026-09-15T17:30:18.904819+00:00,KDAL,2026-09-15T17:00:00.000Z,33.3,21.1,10.0,METAR KDAL 151653Z 18010G17KT 10SM FEW040 33/21 A3006 RMK AO2 SLP171 T03330211,AviationWeather.gov METAR
2026-09-15T17:30:18.904821+00:00,KHOU,2026-09-15T17:00:00.000Z,32.8,22.8,4.0,METAR KHOU 151653Z 22004KT 10SM SCT035 SCT250 33/23 A3008 RMK AO2 SLP191 T03280228,AviationWeather.gov METAR
2026-09-15T17:30:18.904824+00:00,KLAX,2026-09-15T17:00:00.000Z,22.8,15.0,6.0,METAR KLAX 151653Z 12006KT 10SM FEW027 BKN031 23/15 A2994 RMK AO2 SLP135 T02280150 $,AviationWeather.gov METAR
2026-09-15T17:30:18.904826+00:00,KLGA,2026-09-15T17:00:00.000Z,20.6,11.1,7.0,METAR KLGA 151651Z 04007KT 10SM FEW045 FEW250 21/11 A3038 RMK AO2 SLP288 T02060111,AviationWeather.gov METAR
2026-09-15T17:30:18.904829+00:00,KMIA,2026-09-15T17:00:00.000Z,32.8,22.8,6.0,METAR KMIA 151653Z VRB06KT 10SM SCT038 SCT300 33/23 A3007 RMK AO2 SLP183 CB DSNT SW TCU DSNT NE AND SE MDT CU W-NW T03280228,AviationWeather.gov METAR
2026-09-15T17:30:18.904831+00:00,KORD,2026-09-15T17:00:00.000Z,23.3,20.0,4.0,METAR KORD 151651Z VRB04KT 10SM FEW070 SCT120 BKN190 BKN250 23/20 A3004 RMK AO2 RAE03 SLP169 P0000 T02330200 $,AviationWeather.gov METAR
2026-09-15T17:30:18.904833+00:00,KSEA,2026-09-15T17:00:00.000Z,15.0,10.0,6.0,METAR KSEA 151653Z 03006KT 10SM FEW022 BKN065 OVC095 15/10 A3004 RMK AO2 SLP179 T01500100 $,AviationWeather.gov METAR
2026-09-15T17:30:18.904836+00:00,KSFO,2026-09-15T17:00:00.000Z,17.8,12.8,3.0,METAR KSFO 151656Z 05003KT 10SM FEW006 FEW200 18/13 A2990 RMK AO2 SLP126 T01780128,AviationWeather.gov METAR
2026-09-15T17:30:18.904838+00:00,LEMD,2026-09-15T17:00:00.000Z,35.0,3.0,7.0,METAR LEMD 151700Z 21007KT 160V300 CAVOK 35/03 Q1018 NOSIG,AviationWeather.gov METAR
2026-09-15T17:30:18.904840+00:00,LFPB,2026-09-15T17:00:00.000Z,27.0,11.0,11.0,METAR LFPB 151700Z AUTO 31011KT 280V340 CAVOK 27/11 Q1014 TEMPO 33015G28KT,AviationWeather.gov METAR
2026-09-15T17:30:18.904843+00:00,LIMC,2026-09-15T17:20:00.000Z,25.0,16.0,4.0,METAR LIMC 151720Z 21004KT CAVOK 25/16 Q1018 NOSIG,AviationWeather.gov METAR
2026-09-15T17:30:18.904845+00:00,LTAC,2026-09-15T17:20:00.000Z,21.0,6.0,6.0,METAR LTAC 151720Z 04006KT 9999 SCT040 SCT100 21/06 Q1017 NOSIG,AviationWeather.gov METAR
2026-09-15T17:30:18.904847+00:00,MMMX,2026-09-15T17:00:00.000Z,19.0,11.0,0.0,METAR MMMX 151648Z 00000KT 6SM SCT020 OVC220 19/11 A3043 NOSIG RMK 8/807 HZY,AviationWeather.gov METAR
2026-09-15T17:30:18.904850+00:00,MPMG,2026-09-15T17:00:00.000Z,28.0,26.0,6.0,METAR MPMG 151700Z 31006KT 270V340 9999 FEW008 SCT018 BKN080 28/26 Q1010 NOSIG,AviationWeather.gov METAR
2026-09-15T17:30:18.904852+00:00,NZWN,2026-09-15T17:00:00.000Z,12.0,7.0,24.0,METAR NZWN 151700Z AUTO 35024KT 9999 NCD 12/07 Q1013,AviationWeather.gov METAR
2026-09-15T17:30:18.904854+00:00,OEJN,2026-09-15T17:00:00.000Z,35.0,27.0,9.0,METAR OEJN 151700Z 35009KT CAVOK 35/27 Q1005 NOSIG,AviationWeather.gov METAR
2026-09-15T17:30:18.904857+00:00,OPKC,2026-09-15T17:00:00.000Z,30.0,25.0,3.0,METAR OPKC 151700Z 27003KT 5000 HZ SCT030 BKN100 30/25 Q1008 NOSIG,AviationWeather.gov METAR
2026-09-15T17:30:18.904859+00:00,RJTT,2026-09-15T17:00:00.000Z,22.0,22.0,9.0,METAR RJTT 151700Z 03009KT 5000 -SHRA BR FEW003 SCT004 BKN006 22/22 Q1013 TEMPO 3000 -SHRA BR FEW003 BKN005,AviationWeather.gov METAR
2026-09-15T17:30:18.904861+00:00,RKPK,2026-09-15T17:00:00.000Z,22.0,18.0,5.0,METAR RKPK 151700Z 05005KT 9999 FEW030 BKN250 22/18 Q1016,AviationWeather.gov METAR
2026-09-15T17:30:18.904864+00:00,RKSI,2026-09-15T17:00:00.000Z,18.0,16.0,4.0,METAR RKSI 151700Z 04004KT CAVOK 18/16 Q1018 NOSIG,AviationWeather.gov METAR
2026-09-15T17:30:18.904866+00:00,RPLL,2026-09-15T17:00:00.000Z,27.0,26.0,3.0,METAR RPLL 151700Z 08003KT 9999 FEW025 27/26 Q1008 NOSIG RMK A2980,AviationWeather.gov METAR
2026-09-15T17:30:18.904868+00:00,SAEZ,2026-09-15T17:00:00.000Z,18.0,9.0,9.0,METAR SAEZ 151700Z 17009KT 9999 FEW033 18/09 Q1019 NOSIG,AviationWeather.gov METAR
2026-09-15T17:30:18.904870+00:00,SBGR,2026-09-15T17:00:00.000Z,20.0,14.0,6.0,METAR SBGR 151700Z 19006KT 8000 BKN030 20/14 Q1019,AviationWeather.gov METAR
2026-09-15T17:30:18.904873+00:00,VILK,2026-09-15T17:00:00.000Z,29.0,26.0,0.0,METAR VILK 151700Z 00000KT 5000 BR NSC 29/26 Q1010NOSIG,AviationWeather.gov METAR
2026-09-15T17:30:18.904875+00:00,WMKK,2026-09-15T17:00:00.000Z,28.0,24.0,2.0,METAR WMKK 151700Z VRB02KT 5000 HZ FEW030 28/24 Q1011 NOSIG,AviationWeather.gov METAR
2026-09-15T17:30:18.904877+00:00,WSSS,2026-09-15T17:00:00.000Z,28.0,24.0,5.0,METAR WSSS 151700Z 11005KT 9000 FEW018 BKN300 28/24 Q1012 NOSIG,AviationWeather.gov METAR
2026-09-15T17:30:18.904880+00:00,ZBAA,2026-09-15T17:00:00.000Z,18.0,16.0,2.0,METAR ZBAA 151700Z 05001MPS CAVOK 18/16 Q1014 NOSIG,AviationWeather.gov METAR
2026-09-15T17:30:18.904882+00:00,ZGGG,2026-09-15T17:00:00.000Z,28.0,24.0,4.0,METAR ZGGG 151700Z 15002MPS 120V180 9999 BKN040 28/24 Q1013 NOSIG,AviationWeather.gov METAR
2026-09-15T17:30:18.904884+00:00,ZGSZ,2026-09-15T17:00:00.000Z,28.0,23.0,8.0,METAR ZGSZ 151700Z 12004MPS 9999 BKN033 28/23 Q1013 NOSIG,AviationWeather.gov METAR
2026-09-15T17:30:18.904887+00:00,ZHCC,2026-09-15T17:00:00.000Z,20.0,14.0,2.0,METAR ZHCC 151700Z VRB01MPS CAVOK 20/14 Q1017 NOSIG,AviationWeather.gov METAR
2026-09-15T17:30:18.904889+00:00,ZHHH,2026-09-15T17:00:00.000Z,23.0,17.0,4.0,METAR ZHHH 151700Z 04002MPS CAVOK 23/17 Q1015 NOSIG,AviationWeather.gov METAR
2026-09-15T17:30:18.904891+00:00,ZSPD,2026-09-15T17:00:00.000Z,24.0,17.0,6.0,METAR ZSPD 151700Z 02003MPS CAVOK 24/17 Q1017 NOSIG,AviationWeather.gov METAR
2026-09-15T17:30:18.904894+00:00,ZSQD,2026-09-15T17:00:00.000Z,23.0,19.0,6.0,METAR ZSQD 151700Z 17003MPS 140V220 CAVOK 23/19 Q1016 NOSIG,AviationWeather.gov METAR
2026-09-15T17:30:18.904896+00:00,ZUCK,2026-09-15T17:00:00.000Z,20.0,18.0,2.0,METAR ZUCK 151700Z COR VRB01MPS 9999 -RA FEW008 SCT015 OVC046 20/18 Q1016 NOSIG,AviationWeather.gov METAR
2026-09-15T17:30:18.904898+00:00,ZUUU,2026-09-15T17:00:00.000Z,19.0,18.0,4.0,METAR ZUUU 151700Z 36002MPS 9999 -RA SCT009 SCT026 19/18 Q1017 NOSIG,AviationWeather.gov METAR
2026-09-15T20:25:05.414880+00:00,CYYZ,2026-09-15T20:00:00.000Z,21.0,14.0,7.0,METAR CYYZ 152000Z 15007KT 15SM FEW095 BKN130 OVC250 21/14 A3012 RMK AC1AC7CI1 AC TR SLP203 DENSITY ALT 1200FT,AviationWeather.gov METAR
2026-09-15T20:25:05.414899+00:00,EDDM,2026-09-15T20:20:00.000Z,14.0,13.0,2.0,METAR EDDM 152020Z AUTO 08002KT CAVOK 14/13 Q1018 NOSIG,AviationWeather.gov METAR
2026-09-15T20:25:05.414903+00:00,EFHK,2026-09-15T20:20:00.000Z,12.0,9.0,6.0,METAR EFHK 152020Z 14006KT 9999 FEW045 12/09 Q1014 NOSIG,AviationWeather.gov METAR
2026-09-15T20:25:05.414906+00:00,EGLC,2026-09-15T20:20:00.000Z,18.0,9.0,8.0,METAR EGLC 152020Z AUTO 29008KT 9999 NCD 18/09 Q1016,AviationWeather.gov METAR
2026-09-15T20:25:05.414909+00:00,EHAM,2026-09-15T20:00:00.000Z,18.0,15.0,12.0,METAR EHAM 151955Z 31012KT 9999 -RADZ FEW020 BKN035 18/15 Q1013 TEMPO 7000,AviationWeather.gov METAR
2026-09-15T20:25:05.414912+00:00,EPWA,2026-09-15T20:00:00.000Z,13.0,12.0,6.0,METAR EPWA 152000Z 15006KT CAVOK 13/12 Q1019 NOSIG,AviationWeather.gov METAR
2026-09-15T20:25:05.414914+00:00,FACT,2026-09-15T20:00:00.000Z,13.0,13.0,16.0,METAR FACT 152000Z 34016KT 320V020 2000 RA SCT010 OVC025 13/13 Q1018 TEMPO BKN010,AviationWeather.gov METAR
2026-09-15T20:25:05.414919+00:00,KATL,2026-09-15T20:00:00.000Z,32.2,20.6,11.0,METAR KATL 151952Z 07011KT 10SM FEW043 SCT060 32/21 A3022 RMK AO2 SLP223 TCU DSNT SE-SW MDT CU ALQDS T03220206,AviationWeather.gov METAR
2026-09-15T20:25:05.414924+00:00,KAUS,2026-09-15T20:00:00.000Z,38.3,16.1,7.0,METAR KAUS 151953Z 17007G15KT 10SM CLR 38/16 A3000 RMK AO2 SLP143 T03830161,AviationWeather.gov METAR
2026-09-15T20:25:05.414927+00:00,KBKF,2026-09-15T20:00:00.000Z,21.0,4.9,11.0,METAR KBKF 151958Z 14011KT 10SM FEW090 SCT130 BKN220 21/05 A3023 RMK AO2A SLP165 T02100049,AviationWeather.gov METAR
2026-09-15T20:25:05.414929+00:00,KDAL,2026-09-15T20:00:00.000Z,37.2,18.9,9.0,METAR KDAL 151953Z 18009G17KT 140V220 10SM FEW065 37/19 A3000 RMK AO2 SLP151 T03720189,AviationWeather.gov METAR
2026-09-15T20:25:05.414932+00:00,KHOU,2026-09-15T20:17:00.000Z,30.6,26.1,7.0,SPECI KHOU 152017Z 07007KT 2SM +TSRA FEW025CB SCT050 BKN250 31/26 A3003 RMK AO2 RAB09 TSB16 OCNL LTGIC N TS N MOV N P0014 T03060261,AviationWeather.gov METAR
2026-09-15T20:25:05.414934+00:00,KLAX,2026-09-15T20:00:00.000Z,25.6,15.6,4.0,METAR KLAX 151953Z VRB04KT 10SM FEW030 26/16 A2992 RMK AO2 SLP128 T02560156 $,AviationWeather.gov METAR
2026-09-15T20:25:05.414937+00:00,KLGA,2026-09-15T20:12:00.000Z,21.7,11.1,4.0,SPECI KLGA 152012Z COR 15004G22KT 10SM FEW050 FEW250 22/11 A3034 RMK AO2 T02170111,AviationWeather.gov METAR
2026-09-15T20:25:05.414939+00:00,KMIA,2026-09-15T20:00:00.000Z,33.3,22.8,10.0,METAR KMIA 151953Z 07010G20KT 10SM SCT040 BKN300 33/23 A3003 RMK AO2 SLP170 CB DSNT SW-NW MOV W T03330228,AviationWeather.gov METAR
2026-09-15T20:25:05.414942+00:00,KORD,2026-09-15T20:00:00.000Z,28.9,20.6,10.0,METAR KORD 151951Z 23010KT 10SM SCT030 BKN140 BKN250 29/21 A3005 RMK AO2 SLP169 T02890206 $,AviationWeather.gov METAR
2026-09-15T20:25:05.414944+00:00,KSEA,2026-09-15T20:00:00.000Z,17.2,10.0,8.0,METAR KSEA 151953Z 35008KT 10SM SCT024 BKN047 BKN095 BKN200 17/10 A3005 RMK AO2 SLP180 SCT024 V BKN T01720100 $,AviationWeather.gov METAR
2026-09-15T20:25:05.414947+00:00,KSFO,2026-09-15T20:00:00.000Z,21.7,12.2,12.0,METAR KSFO 151956Z 28012KT 10SM FEW006 22/12 A2990 RMK AO2 SLP124 T02170122,AviationWeather.gov METAR
2026-09-15T20:25:05.414949+00:00,LEMD,2026-09-15T20:00:00.000Z,32.0,3.0,5.0,METAR LEMD 152000Z 23005KT 170V250 CAVOK 32/03 Q1018 NOSIG,AviationWeather.gov METAR
2026-09-15T20:25:05.414951+00:00,LFPB,2026-09-15T20:00:00.000Z,20.0,15.0,8.0,METAR LFPB 152000Z AUTO 30008KT 270V330 9999 FEW027 20/15 Q1017 BECMG 32015G25KT,AviationWeather.gov METAR
2026-09-15T20:25:05.414954+00:00,LIMC,2026-09-15T20:00:00.000Z,20.0,17.0,2.0,METAR LIMC 151950Z VRB02KT CAVOK 20/17 Q1018 NOSIG,AviationWeather.gov METAR
2026-09-15T20:25:05.414956+00:00,LTAC,2026-09-15T20:00:00.000Z,17.0,5.0,7.0,METAR LTAC 151950Z 02007KT 9999 SCT040 SCT100 17/05 Q1017 NOSIG,AviationWeather.gov METAR
2026-09-15T20:25:05.414959+00:00,MMMX,2026-09-15T20:00:00.000Z,22.0,9.0,7.0,METAR MMMX 151946Z 01007KT 5SM FEW020 OVC220 22/09 A3036 NOSIG RMK 8/107 HZY ISOL AC AND MDT CU 3RD QUAD,AviationWeather.gov METAR
2026-09-15T20:25:05.414961+00:00,MPMG,2026-09-15T20:00:00.000Z,28.0,25.0,10.0,METAR MPMG 152000Z 32010KT 290V360 9999 FEW010 SCT015TCU SCT080 28/25 Q1008 NOSIG,AviationWeather.gov METAR
2026-09-15T20:25:05.414963+00:00,NZWN,2026-09-15T20:00:00.000Z,13.0,7.0,24.0,METAR NZWN 152000Z AUTO 36024G35KT 9999 FEW027/// 13/07 Q1012,AviationWeather.gov METAR
2026-09-15T20:25:05.414965+00:00,OEJN,2026-09-15T20:00:00.000Z,35.0,25.0,0.0,METAR OEJN 152000Z 00000KT CAVOK 35/25 Q1006 NOSIG,AviationWeather.gov METAR
2026-09-15T20:25:05.414968+00:00,OPKC,2026-09-15T20:00:00.000Z,30.0,25.0,4.0,METAR OPKC 152000Z 33004KT 5000 HZ BKN100 30/25 Q1008 NOSIG,AviationWeather.gov METAR
2026-09-15T20:25:05.414970+00:00,RJTT,2026-09-15T20:00:00.000Z,22.0,22.0,8.0,METAR RJTT 152000Z 03008KT 8000 -SHRA BR FEW004 BKN007 22/22 Q1014 TEMPO 4000 -SHRA BR FEW003 BKN005,AviationWeather.gov METAR
2026-09-15T20:25:05.414972+00:00,RKPK,2026-09-15T20:00:00.000Z,21.0,18.0,3.0,METAR RKPK 152000Z 02003KT 9999 FEW030 BKN240 21/18 Q1016,AviationWeather.gov METAR
2026-09-15T20:25:05.414975+00:00,RKSI,2026-09-15T20:00:00.000Z,17.0,15.0,4.0,METAR RKSI 152000Z 06004KT 020V090 CAVOK 17/15 Q1018 NOSIG,AviationWeather.gov METAR
2026-09-15T20:25:05.414977+00:00,RPLL,2026-09-15T20:00:00.000Z,27.0,26.0,1.0,METAR RPLL 152000Z VRB01KT 9999 FEW025 SCT100 27/26 Q1008 NOSIG RMK A2977,AviationWeather.gov METAR
2026-09-15T20:25:05.414979+00:00,SAEZ,2026-09-15T20:00:00.000Z,16.0,6.0,12.0,METAR SAEZ 152000Z 17012KT 9999 SCT042 16/06 Q1020 NOSIG,AviationWeather.gov METAR
2026-09-15T20:25:05.414982+00:00,SBGR,2026-09-15T20:15:00.000Z,17.0,15.0,4.0,SPECI SBGR 152015Z 19004KT 4000 TSRA BR FEW020 FEW040CB OVC070 17/15 Q1019 RETS,AviationWeather.gov METAR
2026-09-15T20:25:05.414984+00:00,VILK,2026-09-15T20:00:00.000Z,27.0,25.0,3.0,METAR VILK 152000Z 23003KT 4000 BR FEW020 SCT100 27/25 Q1008 NOSIG,AviationWeather.gov METAR
2026-09-15T20:25:05.414986+00:00,WMKK,2026-09-15T20:00:00.000Z,27.0,25.0,0.0,METAR WMKK 152000Z 00000KT 5000 HZ FEW030 27/25 Q1010 NOSIG,AviationWeather.gov METAR
2026-09-15T20:25:05.414989+00:00,WSSS,2026-09-15T20:00:00.000Z,28.0,23.0,6.0,METAR WSSS 152000Z 10006KT 9000 FEW018 BKN300 28/23 Q1011 NOSIG,AviationWeather.gov METAR
2026-09-15T20:25:05.414991+00:00,ZBAA,2026-09-15T20:00:00.000Z,16.0,15.0,4.0,METAR ZBAA 152000Z 01002MPS CAVOK 16/15 Q1014 NOSIG,AviationWeather.gov METAR
2026-09-15T20:25:05.414993+00:00,ZGGG,2026-09-15T20:00:00.000Z,28.0,23.0,2.0,METAR ZGGG 152000Z VRB01MPS 9999 BKN033 28/23 Q1012 NOSIG,AviationWeather.gov METAR
2026-09-15T20:25:05.414996+00:00,ZGSZ,2026-09-15T20:00:00.000Z,27.0,24.0,6.0,METAR ZGSZ 152000Z 11003MPS 9999 BKN046 27/24 Q1012 NOSIG,AviationWeather.gov METAR
2026-09-15T20:25:05.414998+00:00,ZHCC,2026-09-15T20:00:00.000Z,19.0,15.0,2.0,METAR ZHCC 152000Z VRB01MPS CAVOK 19/15 Q1016 NOSIG,AviationWeather.gov METAR
2026-09-15T20:25:05.415000+00:00,ZHHH,2026-09-15T20:00:00.000Z,24.0,17.0,8.0,METAR ZHHH 152000Z 06004MPS CAVOK 24/17 Q1015 NOSIG,AviationWeather.gov METAR
2026-09-15T20:25:05.415003+00:00,ZSPD,2026-09-15T20:00:00.000Z,23.0,17.0,6.0,METAR ZSPD 152000Z 01003MPS CAVOK 23/17 Q1017 NOSIG,AviationWeather.gov METAR
2026-09-15T20:25:05.415005+00:00,ZSQD,2026-09-15T20:00:00.000Z,19.0,17.0,4.0,METAR ZSQD 152000Z 20002MPS CAVOK 19/17 Q1016 NOSIG,AviationWeather.gov METAR
2026-09-15T20:25:05.415008+00:00,ZUCK,2026-09-15T20:00:00.000Z,19.0,19.0,2.0,METAR ZUCK 152000Z 08001MPS 4500 -RA BR FEW003 SCT005 OVC026 19/19 Q1015 NOSIG,AviationWeather.gov METAR
2026-09-15T20:25:05.415010+00:00,ZUUU,2026-09-15T20:00:00.000Z,18.0,18.0,4.0,METAR ZUUU 152000Z 35002MPS 9999 -RA SCT008 SCT026 18/18 Q1016 NOSIG,AviationWeather.gov METAR
2026-09-15T23:04:27.767908+00:00,CYYZ,2026-09-15T22:37:00.000Z,22.0,13.0,8.0,SPECI CYYZ 152237Z 27008KT 130V290 10SM R23/5000VP6000FT/D -RA BKN046 BKN075 BKN150 22/13 A3014 RMK SC5AC1AC1 PRESRR SLP208 DENSITY ALT 1300FT,AviationWeather.gov METAR
2026-09-15T23:04:27.767917+00:00,EDDM,2026-09-15T23:00:00.000Z,12.0,12.0,1.0,METAR EDDM 152250Z AUTO VRB01KT CAVOK 12/12 Q1017 NOSIG,AviationWeather.gov METAR
2026-09-15T23:04:27.767921+00:00,EFHK,2026-09-15T23:00:00.000Z,12.0,10.0,6.0,METAR EFHK 152250Z 15006KT 9999 FEW040 BKN046 12/10 Q1013 NOSIG,AviationWeather.gov METAR
2026-09-15T23:04:27.767923+00:00,EGLC,2026-09-15T23:00:00.000Z,17.0,10.0,9.0,METAR EGLC 152250Z AUTO 29009KT 9999 NCD 17/10 Q1017,AviationWeather.gov METAR
2026-09-15T23:04:27.767925+00:00,EHAM,2026-09-15T23:00:00.000Z,16.0,16.0,4.0,METAR EHAM 152255Z 28004KT CAVOK 16/16 Q1013 NOSIG,AviationWeather.gov METAR
2026-09-15T23:04:27.767927+00:00,EPWA,2026-09-15T23:00:00.000Z,12.0,11.0,5.0,METAR EPWA 152300Z 15005KT CAVOK 12/11 Q1018 NOSIG,AviationWeather.gov METAR
2026-09-15T23:04:27.767929+00:00,FACT,2026-09-15T22:55:00.000Z,12.0,12.0,4.0,SPECI FACT 152255Z 10004KT 6000 -RA FEW015 BKN030 12/12 Q1020 NOSIG,AviationWeather.gov METAR
2026-09-15T23:04:27.767933+00:00,KATL,2026-09-15T23:00:00.000Z,30.0,21.1,12.0,METAR KATL 152252Z 08012KT 10SM FEW045 FEW200 30/21 A3023 RMK AO2 SLP225 T03000211,AviationWeather.gov METAR
2026-09-15T23:04:27.767936+00:00,KAUS,2026-09-15T23:00:00.000Z,37.8,17.2,11.0,METAR KAUS 152253Z 16011G20KT 10SM FEW085 FEW200 38/17 A2996 RMK AO2 SLP132 T03780172,AviationWeather.gov METAR
2026-09-15T23:04:27.767938+00:00,KBKF,2026-09-15T22:00:00.000Z,22.5,5.8,14.0,METAR KBKF 152158Z 11014G20KT 10SM FEW090 SCT130 BKN220 23/06 A3018 RMK AO2A SLP155 T02250058,AviationWeather.gov METAR
2026-09-15T23:04:27.767940+00:00,KDAL,2026-09-15T23:00:00.000Z,37.2,17.2,6.0,METAR KDAL 152253Z 16006KT 10SM FEW080 37/17 A2996 RMK AO2 SLP136 TCU DSNT SE T03720172,AviationWeather.gov METAR
2026-09-15T23:04:27.767942+00:00,KHOU,2026-09-15T23:00:00.000Z,32.2,25.0,6.0,METAR KHOU 152253Z 15006KT 10SM FEW045 FEW180 SCT250 32/25 A3001 RMK AO2 RAE22 TSE13 SLP167 TS DSIPT NW P0011 T03220250,AviationWeather.gov METAR
2026-09-15T23:04:27.767944+00:00,KLAX,2026-09-15T23:00:00.000Z,25.0,16.1,12.0,METAR KLAX 152253Z 24012KT 10SM FEW020 25/16 A2988 RMK AO2 SLP117 T02500161 $,AviationWeather.gov METAR
2026-09-15T23:04:27.767945+00:00,KLGA,2026-09-15T23:00:00.000Z,20.0,11.7,8.0,METAR KLGA 152251Z 17008KT 10SM FEW250 20/12 A3035 RMK AO2 SLP277 T02000117,AviationWeather.gov METAR
2026-09-15T23:04:27.767947+00:00,KMIA,2026-09-15T23:00:00.000Z,30.6,23.3,9.0,METAR KMIA 152253Z 07009KT 10SM FEW030 SCT300 31/23 A3005 RMK AO2 SLP175 CB DSNT SE AND W T03060233 $,AviationWeather.gov METAR
2026-09-15T23:04:27.767949+00:00,KORD,2026-09-15T23:00:00.000Z,27.8,21.1,5.0,METAR KORD 152251Z 27005KT 10SM FEW090 BKN110 BKN250 28/21 A3007 RMK AO2 SLP178 T02780211 $,AviationWeather.gov METAR
2026-09-15T23:04:27.767950+00:00,KSEA,2026-09-15T23:00:00.000Z,19.4,9.4,11.0,METAR KSEA 152253Z 35011KT 10SM SCT050 SCT100 19/09 A3003 RMK AO2 SLP175 T01940094 $,AviationWeather.gov METAR
2026-09-15T23:04:27.767952+00:00,KSFO,2026-09-15T23:00:00.000Z,20.0,12.8,15.0,METAR KSFO 152256Z 31015KT 10SM FEW008 20/13 A2987 RMK AO2 SLP116 T02000128,AviationWeather.gov METAR
2026-09-15T23:04:27.767954+00:00,LEMD,2026-09-15T22:30:00.000Z,25.0,4.0,5.0,METAR LEMD 152230Z 34005KT 310V020 CAVOK 25/04 Q1018 NOSIG,AviationWeather.gov METAR
2026-09-15T23:04:27.767955+00:00,LFPB,2026-09-15T23:00:00.000Z,17.0,12.0,8.0,METAR LFPB 152300Z AUTO 30008KT 270V340 CAVOK 17/12 Q1017 NOSIG,AviationWeather.gov METAR
2026-09-15T23:04:27.767957+00:00,LIMC,2026-09-15T23:00:00.000Z,21.0,18.0,3.0,METAR LIMC 152250Z 02003KT 9999 BKN063 21/18 Q1018 NOSIG,AviationWeather.gov METAR
2026-09-15T23:04:27.767959+00:00,LTAC,2026-09-15T23:00:00.000Z,17.0,9.0,11.0,METAR LTAC 152250Z 04011KT 9999 SCT040 SCT100 17/09 Q1017 NOSIG,AviationWeather.gov METAR
2026-09-15T23:04:27.767961+00:00,MMMX,2026-09-15T23:00:00.000Z,24.0,7.0,9.0,METAR MMMX 152245Z 06009KT 7SM SCT020 BKN080 OVC220 24/07 A3028 NOSIG RMK 8/137 HZY ISOL MDT CU N,AviationWeather.gov METAR
2026-09-15T23:04:27.767962+00:00,MPMG,2026-09-15T23:00:00.000Z,27.0,25.0,9.0,METAR MPMG 152300Z COR 32009KT 9999 FEW010 SCT080 27/25 Q1009 NOSIG,AviationWeather.gov METAR
2026-09-15T23:04:27.767964+00:00,NZWN,2026-09-15T22:30:00.000Z,14.0,8.0,23.0,METAR NZWN 152230Z AUTO 35023G37KT 9999 SCT023/// 14/08 Q1011,AviationWeather.gov METAR
2026-09-15T23:04:27.767966+00:00,OEJN,2026-09-15T23:00:00.000Z,33.0,17.0,0.0,METAR OEJN 152300Z 00000KT CAVOK 33/17 Q1005 NOSIG,AviationWeather.gov METAR
2026-09-15T23:04:27.767967+00:00,OPKC,2026-09-15T23:00:00.000Z,30.0,25.0,3.0,METAR OPKC 152300Z 34003KT 4000 HZ BKN100 30/25 Q1008 NOSIG,AviationWeather.gov METAR
2026-09-15T23:04:27.767969+00:00,RJTT,2026-09-15T22:30:00.000Z,22.0,21.0,10.0,METAR RJTT 152230Z 03010KT 3800 -SHRA BR FEW003 SCT004 BKN010 22/21 Q1016 TEMPO FEW003 BKN005,AviationWeather.gov METAR
2026-09-15T23:04:27.767971+00:00,RKPK,2026-09-15T22:00:00.000Z,21.0,18.0,4.0,METAR RKPK 152200Z 34004KT 9999 FEW030 BKN230 21/18 Q1017,AviationWeather.gov METAR
2026-09-15T23:04:27.767972+00:00,RKSI,2026-09-15T22:30:00.000Z,18.0,15.0,7.0,METAR RKSI 152230Z 05007KT CAVOK 18/15 Q1019 NOSIG,AviationWeather.gov METAR
2026-09-15T23:04:27.767974+00:00,RPLL,2026-09-15T23:00:00.000Z,29.0,26.0,3.0,METAR RPLL 152300Z 14003KT 090V210 9999 FEW025 29/26 Q1009 NOSIG RMK A2980,AviationWeather.gov METAR
2026-09-15T23:04:27.767976+00:00,SAEZ,2026-09-15T22:00:00.000Z,12.0,4.0,8.0,METAR SAEZ 152200Z 17008KT CAVOK 12/04 Q1022 NOSIG,AviationWeather.gov METAR
2026-09-15T23:04:27.767977+00:00,SBGR,2026-09-15T23:00:00.000Z,16.0,15.0,3.0,METAR SBGR 152300Z 16003KT 6000 -RA SCT007 OVC100 16/15 Q1020,AviationWeather.gov METAR
2026-09-15T23:04:27.767979+00:00,VILK,2026-09-15T23:00:00.000Z,26.0,26.0,0.0,METAR VILK 152300Z 00000KT 3500 BR NSC 26/26 Q1009 NOSIG,AviationWeather.gov METAR
2026-09-15T23:04:27.767981+00:00,WMKK,2026-09-15T22:30:00.000Z,27.0,24.0,3.0,METAR WMKK 152230Z VRB03KT 5000 HZ FEW030 27/24 Q1010 NOSIG,AviationWeather.gov METAR
2026-09-15T23:04:27.767983+00:00,WSSS,2026-09-15T23:00:00.000Z,28.0,23.0,6.0,METAR WSSS 152300Z 11006KT 7000 FEW018 SCT170 BKN300 28/23 Q1012 NOSIG,AviationWeather.gov METAR
2026-09-15T23:04:27.767984+00:00,ZBAA,2026-09-15T22:30:00.000Z,16.0,15.0,2.0,METAR ZBAA 152230Z 36001MPS CAVOK 16/15 Q1015 NOSIG,AviationWeather.gov METAR
2026-09-15T23:04:27.767986+00:00,ZGGG,2026-09-15T22:30:00.000Z,28.0,23.0,4.0,METAR ZGGG 152230Z 25002MPS 230V310 9999 OVC026 28/23 Q1013 NOSIG,AviationWeather.gov METAR
2026-09-15T23:04:27.767988+00:00,ZGSZ,2026-09-15T22:00:00.000Z,27.0,24.0,4.0,METAR ZGSZ 152200Z 08002MPS 9999 BKN036 27/24 Q1013 NOSIG,AviationWeather.gov METAR
2026-09-15T23:04:27.767989+00:00,ZHCC,2026-09-15T22:00:00.000Z,18.0,15.0,2.0,METAR ZHCC 152200Z VRB01MPS CAVOK 18/15 Q1016 NOSIG,AviationWeather.gov METAR
2026-09-15T23:04:27.767991+00:00,ZHHH,2026-09-15T22:00:00.000Z,23.0,18.0,6.0,METAR ZHHH 152200Z 04003MPS CAVOK 23/18 Q1015 NOSIG,AviationWeather.gov METAR
2026-09-15T23:04:27.767993+00:00,ZSPD,2026-09-15T22:30:00.000Z,23.0,18.0,6.0,METAR ZSPD 152230Z 35003MPS CAVOK 23/18 Q1017 NOSIG,AviationWeather.gov METAR
2026-09-15T23:04:27.767994+00:00,ZSQD,2026-09-15T22:00:00.000Z,18.0,15.0,0.0,METAR ZSQD 152200Z 00000MPS CAVOK 18/15 Q1016 NOSIG,AviationWeather.gov METAR
2026-09-15T23:04:27.767996+00:00,ZUCK,2026-09-15T22:00:00.000Z,19.0,19.0,2.0,METAR ZUCK 152200Z VRB01MPS 5000 R02L/P2000 R02R/P2000 R03L/0300D R03R/0375D -RA BR BCFG FEW003 SCT006 OVC026 19/19 Q1015 NOSIG,AviationWeather.gov METAR
2026-09-15T23:04:27.767997+00:00,ZUUU,2026-09-15T22:00:00.000Z,18.0,18.0,2.0,METAR ZUUU 152200Z VRB01MPS 9999 -RA FEW008 SCT026 18/18 Q1016 NOSIG,AviationWeather.gov METAR
2026-09-16T01:25:58.113831+00:00,CYYZ,2026-09-16T01:00:00.000Z,20.0,15.0,2.0,METAR CYYZ 160100Z VRB02KT 15SM OVC041 20/15 A3014 RMK SC8 SLP207 DENSITY ALT 1100FT,AviationWeather.gov METAR
2026-09-16T01:25:58.113854+00:00,EDDM,2026-09-16T01:20:00.000Z,12.0,12.0,1.0,METAR EDDM 160120Z AUTO 04001KT CAVOK 12/12 Q1016 NOSIG,AviationWeather.gov METAR
2026-09-16T01:25:58.113860+00:00,EFHK,2026-09-16T01:20:00.000Z,13.0,12.0,6.0,METAR EFHK 160120Z 17006KT 140V210 9999 -RA FEW018 SCT021 13/12 Q1011 TEMPO BKN009,AviationWeather.gov METAR
2026-09-16T01:25:58.113864+00:00,EGLC,2026-09-16T01:20:00.000Z,15.0,11.0,7.0,METAR EGLC 160120Z AUTO 29007KT 260V330 9999 NCD 15/11 Q1018,AviationWeather.gov METAR
2026-09-16T01:25:58.113868+00:00,EHAM,2026-09-16T01:00:00.000Z,14.0,14.0,1.0,METAR EHAM 160055Z 27001KT 9999 MIFG FEW015 14/14 Q1013 NOSIG,AviationWeather.gov METAR
2026-09-16T01:25:58.113872+00:00,EPWA,2026-09-16T01:00:00.000Z,11.0,11.0,5.0,METAR EPWA 160100Z 15005KT 7000 NSC 11/11 Q1017 NOSIG,AviationWeather.gov METAR
2026-09-16T01:25:58.113876+00:00,FACT,2026-09-16T01:00:00.000Z,12.0,12.0,5.0,METAR FACT 160100Z 13005KT 110V170 9999 -RA FEW020 BKN030 12/12 Q1022 NOSIG,AviationWeather.gov METAR
2026-09-16T01:25:58.113883+00:00,KATL,2026-09-16T01:00:00.000Z,27.2,21.7,12.0,METAR KATL 160052Z 08012KT 10SM FEW100 27/22 A3025 RMK AO2 SLP233 T02720217 $,AviationWeather.gov METAR
2026-09-16T01:25:58.113888+00:00,KAUS,2026-09-16T01:00:00.000Z,34.4,17.8,10.0,METAR KAUS 160053Z 15010KT 10SM FEW200 34/18 A2997 RMK AO2 SLP137 T03440178,AviationWeather.gov METAR
2026-09-16T01:25:58.113893+00:00,KBKF,2026-09-16T01:00:00.000Z,19.0,5.4,11.0,METAR KBKF 160058Z 10011KT 10SM FEW090 SCT120 BKN220 19/05 A3018 RMK AO2A SLP159 T01900054,AviationWeather.gov METAR
2026-09-16T01:25:58.113897+00:00,KDAL,2026-09-16T01:00:00.000Z,35.0,19.4,13.0,METAR KDAL 160053Z 14013G18KT 10SM FEW090 FEW250 35/19 A2998 RMK AO2 SLP143 T03500194,AviationWeather.gov METAR
2026-09-16T01:25:58.113900+00:00,KHOU,2026-09-16T01:00:00.000Z,30.0,24.4,10.0,METAR KHOU 160053Z 16010KT 10SM FEW035 FEW250 30/24 A3003 RMK AO2 SLP174 T03000244,AviationWeather.gov METAR
2026-09-16T01:25:58.113904+00:00,KLAX,2026-09-16T01:00:00.000Z,22.8,17.8,10.0,METAR KLAX 160053Z 25010KT 10SM FEW017 23/18 A2989 RMK AO2 SLP119 T02280178 $,AviationWeather.gov METAR
2026-09-16T01:25:58.113908+00:00,KLGA,2026-09-16T01:00:00.000Z,18.9,11.1,9.0,METAR KLGA 160051Z 15009KT 10SM FEW200 FEW250 19/11 A3035 RMK AO2 SLP278 T01890111,AviationWeather.gov METAR
2026-09-16T01:25:58.113912+00:00,KMIA,2026-09-16T01:00:00.000Z,29.4,23.9,7.0,METAR KMIA 160053Z 07007KT 10SM SCT028 SCT300 29/24 A3007 RMK AO2 SLP181 T02940239 $,AviationWeather.gov METAR
2026-09-16T01:25:58.113915+00:00,KORD,2026-09-16T01:00:00.000Z,25.0,20.6,5.0,METAR KORD 160051Z 34005KT 10SM -RA FEW060 SCT095 BKN130 BKN250 25/21 A3008 RMK AO2 RAB43 SLP180 P0000 T02500206 $,AviationWeather.gov METAR
2026-09-16T01:25:58.113919+00:00,KSEA,2026-09-16T01:00:00.000Z,18.3,10.0,8.0,METAR KSEA 160053Z 34008KT 10SM FEW045 BKN065 BKN120 18/10 A3004 RMK AO2 SLP178 T01830100 $,AviationWeather.gov METAR
2026-09-16T01:25:58.113923+00:00,KSFO,2026-09-16T01:00:00.000Z,17.8,12.2,16.0,METAR KSFO 160056Z 27016KT 10SM FEW008 18/12 A2988 RMK AO2 SLP118 T01780122,AviationWeather.gov METAR
2026-09-16T01:25:58.113927+00:00,LEMD,2026-09-16T01:00:00.000Z,20.0,4.0,3.0,METAR LEMD 160100Z 13003KT 070V220 CAVOK 20/04 Q1018 NOSIG,AviationWeather.gov METAR
2026-09-16T01:25:58.113930+00:00,LFPB,2026-09-16T01:00:00.000Z,16.0,12.0,6.0,METAR LFPB 160100Z AUTO 27006KT 240V310 CAVOK 16/12 Q1018 NOSIG,AviationWeather.gov METAR
2026-09-16T01:25:58.113934+00:00,LIMC,2026-09-16T01:00:00.000Z,21.0,17.0,2.0,METAR LIMC 160050Z 36002KT 9999 BKN064 21/17 Q1017 NOSIG,AviationWeather.gov METAR
2026-09-16T01:25:58.113938+00:00,LTAC,2026-09-16T01:00:00.000Z,16.0,9.0,12.0,METAR LTAC 160050Z 04012KT 9999 SCT040 SCT100 16/09 Q1017 NOSIG,AviationWeather.gov METAR
2026-09-16T01:25:58.113942+00:00,MMMX,2026-09-16T01:00:00.000Z,21.0,11.0,12.0,METAR MMMX 160046Z 03012KT 7SM SCT020 BKN080 OVC220 21/11 A3031 NOSIG RMK 8/437 HZY DSNT MDT CU S,AviationWeather.gov METAR
2026-09-16T01:25:58.113945+00:00,MPMG,2026-09-16T01:00:00.000Z,27.0,25.0,10.0,METAR MPMG 160100Z 31010KT 9999 SCT009 27/25 Q1010 NOSIG,AviationWeather.gov METAR
2026-09-16T01:25:58.113949+00:00,NZWN,2026-09-16T01:00:00.000Z,15.0,9.0,22.0,METAR NZWN 160100Z AUTO 35022G35KT 9999 FEW024/// 15/09 Q1009,AviationWeather.gov METAR
2026-09-16T01:25:58.113953+00:00,OEJN,2026-09-16T01:00:00.000Z,35.0,13.0,4.0,METAR OEJN 160100Z 15004KT CAVOK 35/13 Q1005 NOSIG,AviationWeather.gov METAR
2026-09-16T01:25:58.113957+00:00,OPKC,2026-09-16T01:00:00.000Z,29.0,25.0,3.0,METAR OPKC 160100Z 06003KT 4000 FU BKN100 29/25 Q1008 NOSIG,AviationWeather.gov METAR
2026-09-16T01:25:58.113961+00:00,RJTT,2026-09-16T01:00:00.000Z,22.0,21.0,11.0,METAR RJTT 160100Z 03011KT 5000 R34L/P2000N R22/P2000N R34R/P2000N R05/P2000N SHRA BR FEW004 SCT006 BKN008 22/21 Q1016 TEMPO 3000 SHRA BR BECMG TL0230 -SHRA BR FEW005 SCT008 BKN012,AviationWeather.gov METAR
2026-09-16T01:25:58.113964+00:00,RKPK,2026-09-16T01:00:00.000Z,26.0,15.0,13.0,METAR RKPK 160100Z 05013KT 9999 FEW030 SCT250 26/15 Q1017,AviationWeather.gov METAR
2026-09-16T01:25:58.113980+00:00,RKSI,2026-09-16T01:00:00.000Z,21.0,15.0,7.0,METAR RKSI 160100Z 04007KT CAVOK 21/15 Q1019 NOSIG,AviationWeather.gov METAR
2026-09-16T01:25:58.113984+00:00,RPLL,2026-09-16T01:00:00.000Z,29.0,26.0,5.0,METAR RPLL 160100Z 27005KT 9999 FEW025 29/26 Q1010 NOSIG RMK A2983,AviationWeather.gov METAR
2026-09-16T01:25:58.113988+00:00,SAEZ,2026-09-16T01:00:00.000Z,8.0,3.0,9.0,METAR SAEZ 160100Z 13009KT CAVOK 08/03 Q1024 NOSIG,AviationWeather.gov METAR
2026-09-16T01:25:58.113991+00:00,SBGR,2026-09-16T01:00:00.000Z,16.0,15.0,1.0,METAR SBGR 160100Z 13001KT 8000 -RA FEW009 OVC080 16/15 Q1021,AviationWeather.gov METAR
2026-09-16T01:25:58.113996+00:00,VILK,2026-09-16T01:00:00.000Z,27.0,26.0,0.0,METAR VILK 160100Z 00000KT 3000 BR FEW020 27/26 Q1010 NOSIG,AviationWeather.gov METAR
2026-09-16T01:25:58.113999+00:00,WMKK,2026-09-16T01:00:00.000Z,29.0,24.0,1.0,METAR WMKK 160100Z VRB01KT 4000 HZ FEW018 29/24 Q1012 NOSIG,AviationWeather.gov METAR
2026-09-16T01:25:58.114003+00:00,WSSS,2026-09-16T01:00:00.000Z,29.0,24.0,7.0,METAR WSSS 160100Z 13007KT 9000 FEW018 SCT150 BKN300 29/24 Q1013 NOSIG,AviationWeather.gov METAR
2026-09-16T01:25:58.114007+00:00,ZBAA,2026-09-16T01:00:00.000Z,23.0,17.0,4.0,METAR ZBAA 160100Z 01002MPS 310V050 CAVOK 23/17 Q1015 NOSIG,AviationWeather.gov METAR
2026-09-16T01:25:58.114011+00:00,ZGGG,2026-09-16T01:00:00.000Z,28.0,25.0,4.0,METAR ZGGG 160100Z 05002MPS 010V100 9999 OVC026 28/25 Q1014 NOSIG,AviationWeather.gov METAR
2026-09-16T01:25:58.114015+00:00,ZGSZ,2026-09-16T01:00:00.000Z,26.0,24.0,8.0,METAR ZGSZ 160100Z 17004MPS 7000 SHRA FEW010 FEW020CB BKN036 26/24 Q1014 BECMG AT0140 -SHRA BKN040,AviationWeather.gov METAR
2026-09-16T01:25:58.114018+00:00,ZHCC,2026-09-16T01:00:00.000Z,25.0,17.0,4.0,METAR ZHCC 160100Z 19002MPS 130V230 CAVOK 25/17 Q1017 NOSIG,AviationWeather.gov METAR
2026-09-16T01:25:58.114022+00:00,ZHHH,2026-09-16T01:00:00.000Z,25.0,17.0,6.0,METAR ZHHH 160100Z 08003MPS CAVOK 25/17 Q1016 NOSIG,AviationWeather.gov METAR
2026-09-16T01:25:58.114026+00:00,ZSPD,2026-09-16T01:00:00.000Z,27.0,15.0,10.0,METAR ZSPD 160100Z 01005MPS 350V070 CAVOK 27/15 Q1018 NOSIG,AviationWeather.gov METAR
2026-09-16T01:25:58.114030+00:00,ZSQD,2026-09-16T01:00:00.000Z,26.0,14.0,4.0,METAR ZSQD 160100Z 22002MPS 170V330 CAVOK 26/14 Q1017 NOSIG,AviationWeather.gov METAR
2026-09-16T01:25:58.114033+00:00,ZUCK,2026-09-16T01:00:00.000Z,19.0,19.0,2.0,METAR ZUCK 160100Z VRB01MPS 4500 -RA BR SCT007 OVC026 19/19 Q1016 NOSIG,AviationWeather.gov METAR
2026-09-16T01:25:58.114037+00:00,ZUUU,2026-09-16T01:00:00.000Z,19.0,19.0,2.0,METAR ZUUU 160100Z VRB01MPS 7000 -RA FEW008 SCT026 19/19 Q1016 NOSIG,AviationWeather.gov METAR
2026-09-16T06:30:07.921568+00:00,CYYZ,2026-09-16T06:00:00.000Z,19.0,17.0,4.0,METAR CYYZ 160600Z 04004KT 15SM FEW040 BKN150 19/17 A3017 RMK SC2AC5 SLP216 DENSITY ALT 900FT,AviationWeather.gov METAR
2026-09-16T06:30:07.921588+00:00,EDDM,2026-09-16T06:20:00.000Z,16.0,14.0,3.0,METAR EDDM 160620Z AUTO 20003KT 170V240 CAVOK 16/14 Q1015 BECMG 26005KT,AviationWeather.gov METAR
2026-09-16T06:30:07.921592+00:00,EFHK,2026-09-16T06:20:00.000Z,14.0,13.0,12.0,METAR EFHK 160620Z 17012KT 9999 FEW009 BKN011 14/13 Q1008 NOSIG,AviationWeather.gov METAR
2026-09-16T06:30:07.921594+00:00,EGLC,2026-09-16T06:20:00.000Z,14.0,11.0,8.0,METAR EGLC 160620Z AUTO 27008KT 9999 NCD 14/11 Q1019,AviationWeather.gov METAR
2026-09-16T06:30:07.921596+00:00,EHAM,2026-09-16T06:25:00.000Z,15.0,13.0,6.0,METAR EHAM 160625Z 26006KT 9999 -SHRA FEW020 FEW025TCU 15/13 Q1014 NOSIG,AviationWeather.gov METAR
2026-09-16T06:30:07.921598+00:00,EPWA,2026-09-16T06:00:00.000Z,13.0,13.0,7.0,METAR EPWA 160600Z 15007KT CAVOK 13/13 Q1015 NOSIG,AviationWeather.gov METAR
2026-09-16T06:30:07.921600+00:00,FACT,2026-09-16T06:00:00.000Z,12.0,9.0,7.0,METAR FACT 160600Z 17007KT 9999 SCT030 12/09 Q1026 NOSIG,AviationWeather.gov METAR
2026-09-16T06:30:07.921605+00:00,KATL,2026-09-16T06:00:00.000Z,23.9,21.7,8.0,METAR KATL 160552Z 09008KT 10SM FEW020 SCT028 24/22 A3029 RMK AO2 SLP246 T02390217 10283 20239 50001 $,AviationWeather.gov METAR
2026-09-16T06:30:07.921608+00:00,KAUS,2026-09-16T06:00:00.000Z,26.1,20.6,4.0,METAR KAUS 160553Z 18004KT 10SM CLR 26/21 A3009 RMK AO2 SLP177 T02610206 10361 20261 403890250 51018 $,AviationWeather.gov METAR
2026-09-16T06:30:07.921610+00:00,KBKF,2026-09-16T06:00:00.000Z,16.6,6.7,13.0,METAR KBKF 160558Z 19013KT 10SM BKN120 17/07 A3020 RMK AO2A SLP166 T01660067 10213 20156 55000,AviationWeather.gov METAR
2026-09-16T06:30:07.921613+00:00,KDAL,2026-09-16T06:00:00.000Z,31.1,21.7,9.0,METAR KDAL 160553Z 16009KT 10SM CLR 31/22 A3007 RMK AO2 SLP173 T03110217 10367 20311 403780272 51013,AviationWeather.gov METAR
2026-09-16T06:30:07.921615+00:00,KHOU,2026-09-16T06:00:00.000Z,27.2,25.0,6.0,METAR KHOU 160553Z 18006KT 10SM FEW020 27/25 A3008 RMK AO2 SLP188 T02720250 10311 20272 403560261 52001,AviationWeather.gov METAR
2026-09-16T06:30:07.921616+00:00,KLAX,2026-09-16T06:00:00.000Z,21.1,17.2,6.0,METAR KLAX 160553Z 24006KT 10SM OVC020 21/17 A2993 RMK AO2 SLP131 T02110172 10244 20211 50010 $,AviationWeather.gov METAR
2026-09-16T06:30:07.921618+00:00,KLGA,2026-09-16T06:00:00.000Z,18.3,12.8,4.0,METAR KLGA 160551Z 23004KT 10SM FEW050 FEW250 18/13 A3035 RMK AO2 SLP277 T01830128 10194 20183 50000 $,AviationWeather.gov METAR
2026-09-16T06:30:07.921620+00:00,KMIA,2026-09-16T06:00:00.000Z,26.1,24.4,5.0,METAR KMIA 160553Z 04005KT 10SM -RA SCT023 BKN033 BKN100 26/24 A3006 RMK AO2 RAB21 SLP179 P0016 60016 T02610244 10300 20261 58011 $,AviationWeather.gov METAR
2026-09-16T06:30:07.921622+00:00,KORD,2026-09-16T06:00:00.000Z,21.7,18.9,8.0,METAR KORD 160551Z 36008KT 10SM BKN100 OVC250 22/19 A3019 RMK AO2 SLP219 60000 T02170189 10261 20217 403000194 51015 $,AviationWeather.gov METAR
2026-09-16T06:30:07.921624+00:00,KSEA,2026-09-16T06:00:00.000Z,15.6,11.1,6.0,METAR KSEA 160553Z 03006KT 10SM FEW090 16/11 A3010 RMK AO2 SLP197 T01560111 10194 20150 51010 $,AviationWeather.gov METAR
2026-09-16T06:30:07.921626+00:00,KSFO,2026-09-16T06:00:00.000Z,15.0,11.7,4.0,METAR KSFO 160556Z 21004KT 10SM FEW008 SCT015 15/12 A2992 RMK AO2 SLP130 T01500117 10194 20150 50009,AviationWeather.gov METAR
2026-09-16T06:30:07.921628+00:00,LEMD,2026-09-16T06:00:00.000Z,19.0,12.0,5.0,METAR LEMD 160600Z 02005KT 300V110 CAVOK 19/12 Q1018 NOSIG,AviationWeather.gov METAR
2026-09-16T06:30:07.921629+00:00,LFPB,2026-09-16T06:00:00.000Z,14.0,11.0,5.0,METAR LFPB 160600Z AUTO 27005KT 240V300 CAVOK 14/11 Q1019 NOSIG,AviationWeather.gov METAR
2026-09-16T06:30:07.921631+00:00,LIMC,2026-09-16T06:20:00.000Z,21.0,17.0,2.0,METAR LIMC 160620Z VRB02KT 9999 BKN070 21/17 Q1017 NOSIG,AviationWeather.gov METAR
2026-09-16T06:30:07.921633+00:00,LTAC,2026-09-16T06:20:00.000Z,15.0,12.0,11.0,METAR LTAC 160620Z 03011KT 9999 -SHRA BKN040 BKN080 15/12 Q1017 NOSIG,AviationWeather.gov METAR
2026-09-16T06:30:07.921635+00:00,MMMX,2026-09-16T06:00:00.000Z,16.0,11.0,6.0,METAR MMMX 160549Z 31006KT 8SM FEW020 SCT080 16/11 A3040 NOSIG RMK SLP135 52006 906 8/570 HZY FU ARND,AviationWeather.gov METAR
2026-09-16T06:30:07.921637+00:00,MPMG,2026-09-16T06:00:00.000Z,27.0,25.0,7.0,METAR MPMG 160600Z AUTO 31007KT //// R01///// // FEW160/// OVC220/// 27/25 Q1009,AviationWeather.gov METAR
2026-09-16T06:30:07.921639+00:00,NZWN,2026-09-16T06:00:00.000Z,14.0,9.0,16.0,METAR NZWN 160600Z AUTO 34016KT 9999 BKN022/// OVC035/// 14/09 Q1009,AviationWeather.gov METAR
2026-09-16T06:30:07.921640+00:00,OEJN,2026-09-16T06:00:00.000Z,34.0,28.0,6.0,METAR OEJN 160600Z 16006KT 6000 NSC 34/28 Q1008 NOSIG,AviationWeather.gov METAR
2026-09-16T06:30:07.921642+00:00,OPKC,2026-09-16T06:00:00.000Z,32.0,23.0,7.0,METAR OPKC 160600Z 10007KT 3000 FU FEW030 BKN100 32/23 Q1010 NOSIG,AviationWeather.gov METAR
2026-09-16T06:30:07.921644+00:00,RJTT,2026-09-16T06:00:00.000Z,22.0,21.0,13.0,METAR RJTT 160600Z 04013KT 9999 -SHRA FEW008 BKN012 22/21 Q1015 NOSIG,AviationWeather.gov METAR
2026-09-16T06:30:07.921646+00:00,RKPK,2026-09-16T06:00:00.000Z,28.0,14.0,12.0,METAR RKPK 160600Z 06012KT 9999 FEW050 28/14 Q1016,AviationWeather.gov METAR
2026-09-16T06:30:07.921648+00:00,RKSI,2026-09-16T06:00:00.000Z,27.0,11.0,8.0,METAR RKSI 160600Z 33008KT CAVOK 27/11 Q1017 NOSIG,AviationWeather.gov METAR
2026-09-16T06:30:07.921649+00:00,RPLL,2026-09-16T06:00:00.000Z,31.0,27.0,5.0,METAR RPLL 160600Z 27005KT 230V310 9000 FEW023CB SCT025 BKN100 31/27 Q1007 NOSIG RMK A2974 CB N,AviationWeather.gov METAR
2026-09-16T06:30:07.921651+00:00,SAEZ,2026-09-16T06:00:00.000Z,4.0,1.0,5.0,METAR SAEZ 160600Z 13005KT CAVOK 04/01 Q1024 NOSIG,AviationWeather.gov METAR
2026-09-16T06:30:07.921653+00:00,SBGR,2026-09-16T06:00:00.000Z,13.0,12.0,3.0,METAR SBGR 160600Z 15003KT 9999 FEW009 BKN017 13/12 Q1022,AviationWeather.gov METAR
2026-09-16T06:30:07.921655+00:00,VILK,2026-09-16T06:00:00.000Z,32.0,25.0,2.0,METAR VILK 160600Z VRB02KT 5000 HZ FEW020 SCT025 32/25 Q1009 NOSIG,AviationWeather.gov METAR
2026-09-16T06:30:07.921657+00:00,WMKK,2026-09-16T06:00:00.000Z,33.0,21.0,4.0,METAR WMKK 160600Z VRB04KT 5000 HZ FEW018 33/21 Q1010 NOSIG,AviationWeather.gov METAR
2026-09-16T06:30:07.921658+00:00,WSSS,2026-09-16T06:00:00.000Z,33.0,23.0,7.0,METAR WSSS 160600Z 18007KT 140V210 9999 FEW020 BKN300 33/23 Q1011 NOSIG,AviationWeather.gov METAR
2026-09-16T06:30:07.921660+00:00,ZBAA,2026-09-16T06:00:00.000Z,30.0,17.0,4.0,METAR ZBAA 160600Z 14002MPS 090V210 CAVOK 30/17 Q1013 NOSIG,AviationWeather.gov METAR
2026-09-16T06:30:07.921662+00:00,ZGGG,2026-09-16T06:00:00.000Z,29.0,23.0,8.0,METAR ZGGG 160600Z 13004MPS 9999 -SHRA FEW026CB BKN033 29/23 Q1012 RESHRA NOSIG,AviationWeather.gov METAR
2026-09-16T06:30:07.921664+00:00,ZGSZ,2026-09-16T06:00:00.000Z,29.0,25.0,6.0,METAR ZGSZ 160600Z 27003MPS 240V300 9999 BKN050 29/25 Q1012 NOSIG,AviationWeather.gov METAR
2026-09-16T06:30:07.921666+00:00,ZHCC,2026-09-16T06:00:00.000Z,29.0,15.0,4.0,METAR ZHCC 160600Z 20002MPS 150V260 CAVOK 29/15 Q1016 NOSIG,AviationWeather.gov METAR
2026-09-16T06:30:07.921668+00:00,ZHHH,2026-09-16T06:00:00.000Z,26.0,17.0,4.0,METAR ZHHH 160600Z 02002MPS 330V050 CAVOK 26/17 Q1014 NOSIG,AviationWeather.gov METAR
2026-09-16T06:30:07.921670+00:00,ZSPD,2026-09-16T06:00:00.000Z,28.0,17.0,12.0,METAR ZSPD 160600Z 02006G11MPS 350V060 CAVOK 28/17 Q1016 NOSIG,AviationWeather.gov METAR
2026-09-16T06:30:07.921671+00:00,ZSQD,2026-09-16T06:00:00.000Z,32.0,15.0,8.0,METAR ZSQD 160600Z 19004MPS CAVOK 32/15 Q1014 NOSIG,AviationWeather.gov METAR
2026-09-16T06:30:07.921673+00:00,ZUCK,2026-09-16T06:00:00.000Z,20.0,20.0,2.0,METAR ZUCK 160600Z VRB01MPS 4500 -RA BR FEW003 SCT008 BKN033 20/20 Q1014 NOSIG,AviationWeather.gov METAR
2026-09-16T06:30:07.921675+00:00,ZUUU,2026-09-16T06:00:00.000Z,24.0,19.0,2.0,METAR ZUUU 160600Z VRB01MPS 9999 SCT020 24/19 Q1014 NOSIG,AviationWeather.gov METAR
2026-09-16T11:58:50.077295+00:00,CYYZ,2026-09-16T11:00:00.000Z,18.0,16.0,7.0,METAR CYYZ 161100Z 32007KT 15SM FEW150 SCT260 18/16 A3023 RMK AC1CI3 AC TR SLP237,AviationWeather.gov METAR
2026-09-16T11:58:50.077334+00:00,EDDM,2026-09-16T12:00:00.000Z,25.0,15.0,12.0,METAR EDDM 161150Z AUTO 30012KT 260V330 9999 VCSH FEW///CB 25/15 Q1014 TEMPO FM1300 32015G25KT SHRA,AviationWeather.gov METAR
2026-09-16T11:58:50.077341+00:00,EFHK,2026-09-16T12:00:00.000Z,15.0,14.0,11.0,METAR EFHK 161150Z 16011KT 9999 FEW011 15/14 Q1006 NOSIG,AviationWeather.gov METAR
2026-09-16T11:58:50.077345+00:00,EGLC,2026-09-16T12:00:00.000Z,18.0,9.0,7.0,METAR EGLC 161150Z AUTO 29007KT 250V330 9999 BKN038 BKN046 18/09 Q1019,AviationWeather.gov METAR
2026-09-16T11:58:50.077350+00:00,EHAM,2026-09-16T12:00:00.000Z,19.0,12.0,14.0,METAR EHAM 161155Z 31014KT 280V350 9999 FEW021 FEW025CB 19/12 Q1015 NOSIG,AviationWeather.gov METAR
2026-09-16T11:58:50.077354+00:00,EPWA,2026-09-16T11:30:00.000Z,23.0,13.0,8.0,METAR EPWA 161130Z 19008KT CAVOK 23/13 Q1012 NOSIG,AviationWeather.gov METAR
2026-09-16T11:58:50.077359+00:00,FACT,2026-09-16T11:00:00.000Z,18.0,4.0,20.0,METAR FACT 161100Z 17020KT 9999 FEW035 18/04 Q1027 NOSIG,AviationWeather.gov METAR
2026-09-16T11:58:50.077366+00:00,KATL,2026-09-16T12:00:00.000Z,22.8,21.1,6.0,METAR KATL 161152Z 09006KT 8SM FEW015 FEW080 23/21 A3037 RMK AO2 SLP273 T02280211 10239 20228 53020 $,AviationWeather.gov METAR
2026-09-16T11:58:50.077372+00:00,KAUS,2026-09-16T12:00:00.000Z,22.8,22.2,0.0,METAR KAUS 161153Z 00000KT 10SM FEW012 BKN022 23/22 A3014 RMK AO2 SLP196 T02280222 10267 20228 53013 $,AviationWeather.gov METAR
2026-09-16T11:58:50.077376+00:00,KBKF,2026-09-16T11:00:00.000Z,13.3,5.9,5.0,METAR KBKF 161058Z 28005KT 10SM SCT100 BKN210 13/06 A3021 RMK AO2A SLP170 T01330059,AviationWeather.gov METAR
2026-09-16T11:58:50.077381+00:00,KDAL,2026-09-16T12:00:00.000Z,28.3,21.1,8.0,METAR KDAL 161153Z 18008KT 10SM CLR 28/21 A3015 RMK AO2 SLP200 T02830211 10311 20283 53018,AviationWeather.gov METAR
2026-09-16T11:58:50.077385+00:00,KHOU,2026-09-16T12:00:00.000Z,26.7,25.0,4.0,METAR KHOU 161153Z 08004KT 10SM FEW015 FEW250 27/25 A3012 RMK AO2 SLP203 70121 T02670250 10272 20261 53012,AviationWeather.gov METAR
2026-09-16T11:58:50.077389+00:00,KLAX,2026-09-16T12:00:00.000Z,21.1,16.1,6.0,METAR KLAX 161153Z 08006KT 10SM FEW016 SCT022 BKN035 21/16 A2993 RMK AO2 SLP133 T02110161 10217 20211 55000 $,AviationWeather.gov METAR
2026-09-16T11:58:50.077393+00:00,KLGA,2026-09-16T12:00:00.000Z,19.4,13.3,4.0,METAR KLGA 161151Z 20004KT 10SM BKN160 BKN250 19/13 A3036 RMK AO2 SLP281 T01940133 10194 20183 53007 $,AviationWeather.gov METAR
2026-09-16T11:58:50.077397+00:00,KMIA,2026-09-16T12:00:00.000Z,27.8,24.4,0.0,METAR KMIA 161153Z COR 00000KT 10SM FEW025 FEW170 SCT250 28/24 A3006 RMK AO2 SLP180 CB DSNT N-E-SE MOV W 60000 70016 T02780244 10278 20261 50009 $,AviationWeather.gov METAR
2026-09-16T11:58:50.077401+00:00,KORD,2026-09-16T12:00:00.000Z,18.3,15.0,7.0,METAR KORD 161151Z 03007KT 10SM FEW070 SCT110 BKN170 OVC250 18/15 A3027 RMK AO2 RAE04 SLP246 P0000 60000 70007 T01830150 10222 20183 51015 $,AviationWeather.gov METAR
2026-09-16T11:58:50.077405+00:00,KSEA,2026-09-16T12:00:00.000Z,12.2,10.6,4.0,METAR KSEA 161153Z 34004KT 10SM CLR 12/11 A3013 RMK AO2 SLP209 70001 T01220106 10156 20122 53005 $,AviationWeather.gov METAR
2026-09-16T11:58:50.077410+00:00,KSFO,2026-09-16T11:00:00.000Z,15.0,12.2,3.0,METAR KSFO 161056Z 14003KT 10SM FEW009 FEW018 15/12 A2990 RMK AO2 SLP125 T01500122,AviationWeather.gov METAR
2026-09-16T11:58:50.077414+00:00,LEMD,2026-09-16T11:30:00.000Z,26.0,11.0,6.0,METAR LEMD 161130Z 03006KT 340V110 CAVOK 26/11 Q1017 NOSIG,AviationWeather.gov METAR
2026-09-16T11:58:50.077418+00:00,LFPB,2026-09-16T11:30:00.000Z,20.0,11.0,8.0,METAR LFPB 161130Z AUTO 29008KT 260V320 9999 SCT040 SCT068 BKN088 20/11 Q1020 TEMPO FEW045TCU,AviationWeather.gov METAR
2026-09-16T11:58:50.077422+00:00,LIMC,2026-09-16T12:00:00.000Z,27.0,15.0,4.0,METAR LIMC 161150Z 15004KT 090V190 CAVOK 27/15 Q1015 NOSIG,AviationWeather.gov METAR
2026-09-16T11:58:50.077426+00:00,LTAC,2026-09-16T12:00:00.000Z,23.0,13.0,4.0,METAR LTAC 161150Z 36004KT 300V090 9999 SCT030 BKN080 23/13 Q1015 NOSIG,AviationWeather.gov METAR
2026-09-16T11:58:50.077430+00:00,MMMX,2026-09-16T11:00:00.000Z,14.0,10.0,7.0,METAR MMMX 161045Z 27007KT 7SM BKN020 OVC080 14/10 A3039 NOSIG RMK 8/57/ HZY BINOVC,AviationWeather.gov METAR
2026-09-16T11:58:50.077434+00:00,MPMG,2026-09-16T12:00:00.000Z,26.0,24.0,3.0,METAR MPMG 161200Z 32003KT 270V010 9999 SCT017CB SCT090 26/24 Q1010 NOSIG,AviationWeather.gov METAR
2026-09-16T11:58:50.077438+00:00,NZWN,2026-09-16T11:30:00.000Z,14.0,9.0,17.0,METAR NZWN 161130Z AUTO 34017G27KT 9999 BKN021/// BKN031/// 14/09 Q1008,AviationWeather.gov METAR
2026-09-16T11:58:50.077442+00:00,OEJN,2026-09-16T11:00:00.000Z,39.0,26.0,9.0,METAR OEJN 161100Z 24009KT 6000 NSC 39/26 Q1006 NOSIG,AviationWeather.gov METAR
2026-09-16T11:58:50.077446+00:00,OPKC,2026-09-16T11:30:00.000Z,33.0,22.0,11.0,METAR OPKC 161130Z 19011KT 5000 HZ SCT100 33/22 Q1006 NOSIG,AviationWeather.gov METAR
2026-09-16T11:58:50.077450+00:00,RJTT,2026-09-16T11:30:00.000Z,21.0,20.0,15.0,METAR RJTT 161130Z 02015KT 9999 -RA FEW008 BKN012 21/20 Q1017 TEMPO FEW006 BKN008,AviationWeather.gov METAR
2026-09-16T11:58:50.077455+00:00,RKPK,2026-09-16T11:00:00.000Z,23.0,13.0,8.0,METAR RKPK 161100Z 05008KT 9999 FEW050 23/13 Q1018,AviationWeather.gov METAR
2026-09-16T11:58:50.077459+00:00,RKSI,2026-09-16T11:30:00.000Z,22.0,11.0,5.0,METAR RKSI 161130Z 36005KT CAVOK 22/11 Q1018 NOSIG,AviationWeather.gov METAR
2026-09-16T11:58:50.077463+00:00,RPLL,2026-09-16T11:00:00.000Z,29.0,26.0,1.0,METAR RPLL 161100Z VRB01KT 9999 FEW023CB BKN100 29/26 Q1008 NOSIG RMK A2977 CB/LTG FRQ W-NW,AviationWeather.gov METAR
2026-09-16T11:58:50.077467+00:00,SAEZ,2026-09-16T11:00:00.000Z,5.0,1.0,5.0,METAR SAEZ 161100Z 12005KT CAVOK 05/01 Q1025 NOSIG,AviationWeather.gov METAR
2026-09-16T11:58:50.077471+00:00,SBGR,2026-09-16T12:00:00.000Z,15.0,11.0,5.0,METAR SBGR 161200Z 14005KT 9999 OVC020 15/11 Q1025,AviationWeather.gov METAR
2026-09-16T11:58:50.077475+00:00,VILK,2026-09-16T11:30:00.000Z,32.0,26.0,7.0,METAR VILK 161130Z 23007KT 5000 HZ SCT020 FEW030CB BKN100 32/26 Q1006 NOSIG,AviationWeather.gov METAR
2026-09-16T11:58:50.077479+00:00,WMKK,2026-09-16T11:30:00.000Z,29.0,25.0,0.0,METAR WMKK 161130Z 00000KT 7000 FEW030 29/25 Q1010 NOSIG,AviationWeather.gov METAR
2026-09-16T11:58:50.077483+00:00,WSSS,2026-09-16T11:30:00.000Z,29.0,24.0,7.0,METAR WSSS 161130Z 18007KT 9000 FEW020 BKN300 29/24 Q1010 NOSIG,AviationWeather.gov METAR
2026-09-16T11:58:50.077487+00:00,ZBAA,2026-09-16T11:30:00.000Z,22.0,19.0,2.0,METAR ZBAA 161130Z VRB01MPS CAVOK 22/19 Q1013 NOSIG,AviationWeather.gov METAR
2026-09-16T11:58:50.077491+00:00,ZGGG,2026-09-16T11:30:00.000Z,29.0,24.0,2.0,METAR ZGGG 161130Z VRB01MPS CAVOK 29/24 Q1011 NOSIG,AviationWeather.gov METAR
2026-09-16T11:58:50.077495+00:00,ZGSZ,2026-09-16T11:00:00.000Z,29.0,24.0,8.0,METAR ZGSZ 161100Z 20004MPS 9999 BKN050 29/24 Q1011 NOSIG,AviationWeather.gov METAR
2026-09-16T11:58:50.077499+00:00,ZHCC,2026-09-16T11:00:00.000Z,23.0,12.0,8.0,METAR ZHCC 161100Z 23004MPS CAVOK 23/12 Q1017 NOSIG,AviationWeather.gov METAR
2026-09-16T11:58:50.077503+00:00,ZHHH,2026-09-16T11:00:00.000Z,23.0,14.0,8.0,METAR ZHHH 161100Z 03004MPS CAVOK 23/14 Q1013 NOSIG,AviationWeather.gov METAR
2026-09-16T11:58:50.077507+00:00,ZSPD,2026-09-16T11:30:00.000Z,25.0,16.0,10.0,METAR ZSPD 161130Z 06005MPS 350V090 CAVOK 25/16 Q1016 NOSIG,AviationWeather.gov METAR
2026-09-16T11:58:50.077511+00:00,ZSQD,2026-09-16T11:00:00.000Z,24.0,19.0,6.0,METAR ZSQD 161100Z 14003MPS CAVOK 24/19 Q1015 NOSIG,AviationWeather.gov METAR
2026-09-16T11:58:50.077515+00:00,ZUCK,2026-09-16T11:00:00.000Z,20.0,20.0,4.0,METAR ZUCK 161100Z 11002MPS 020V150 8000 -RA FEW006 SCT033 BKN043 20/20 Q1013 NOSIG,AviationWeather.gov METAR
2026-09-16T11:58:50.077519+00:00,ZUUU,2026-09-16T11:00:00.000Z,24.0,18.0,4.0,METAR ZUUU 161100Z 15002MPS 090V220 CAVOK 24/18 Q1013 NOSIG,AviationWeather.gov METAR
2026-09-16T16:43:10.426835+00:00,CYYZ,2026-09-16T16:00:00.000Z,23.0,17.0,8.0,METAR CYYZ 161600Z 35008KT 310V020 15SM FEW050 FEW140 BKN240 23/17 A3031 RMK CU1AC1CI6 CU TR AC TR SLP264 DENSITY ALT 1200FT,AviationWeather.gov METAR
2026-09-16T16:43:10.426859+00:00,EDDM,2026-09-16T16:20:00.000Z,18.0,14.0,7.0,METAR EDDM 161620Z AUTO 29007KT 260V320 9999 -SHRA FEW///TCU 18/14 Q1016 RESHRA TEMPO RA,AviationWeather.gov METAR
2026-09-16T16:43:10.426865+00:00,EFHK,2026-09-16T16:20:00.000Z,15.0,14.0,12.0,METAR EFHK 161620Z 19012KT 8000 -SHRA FEW012 BKN027 FEW060TCU 15/14 Q1003 TEMPO 7000 RA BKN012,AviationWeather.gov METAR
2026-09-16T16:43:10.426869+00:00,EGLC,2026-09-16T16:20:00.000Z,20.0,9.0,8.0,METAR EGLC 161620Z AUTO 26008KT 9999 SCT047 20/09 Q1018,AviationWeather.gov METAR
2026-09-16T16:43:10.426873+00:00,EHAM,2026-09-16T16:25:00.000Z,16.0,13.0,9.0,METAR EHAM 161625Z 28009KT 250V320 9999 FEW020 FEW025CB SCT027 16/13 Q1016 NOSIG,AviationWeather.gov METAR
2026-09-16T16:43:10.426876+00:00,EPWA,2026-09-16T16:30:00.000Z,22.0,13.0,4.0,METAR EPWA 161630Z 18004KT CAVOK 22/13 Q1010 NOSIG,AviationWeather.gov METAR
2026-09-16T16:43:10.426880+00:00,FACT,2026-09-16T16:00:00.000Z,15.0,8.0,18.0,METAR FACT 161600Z 16018KT 9999 FEW035 15/08 Q1029 NOSIG,AviationWeather.gov METAR
2026-09-16T16:43:10.426886+00:00,KATL,2026-09-16T16:00:00.000Z,27.8,21.1,4.0,METAR KATL 161552Z 04004KT 9SM SCT024 SCT250 28/21 A3039 RMK AO2 SLP282 MDT CU S T02780211 $,AviationWeather.gov METAR
2026-09-16T16:43:10.426891+00:00,KAUS,2026-09-16T16:00:00.000Z,31.1,23.3,4.0,METAR KAUS 161553Z 18004KT 10SM SCT027 BKN034 31/23 A3019 RMK AO2 SLP210 T03110233 $,AviationWeather.gov METAR
2026-09-16T16:43:10.426895+00:00,KBKF,2026-09-16T16:00:00.000Z,20.3,8.0,0.0,METAR KBKF 161558Z 00000KT 10SM FEW090 FEW130 SCT220 20/08 A3024 RMK AO2A SLP173 T02030080,AviationWeather.gov METAR
2026-09-16T16:43:10.426898+00:00,KDAL,2026-09-16T16:00:00.000Z,32.8,20.6,6.0,METAR KDAL 161553Z 17006KT 10SM CLR 33/21 A3019 RMK AO2 SLP216 T03280206,AviationWeather.gov METAR
2026-09-16T16:43:10.426902+00:00,KHOU,2026-09-16T16:00:00.000Z,31.7,24.4,9.0,METAR KHOU 161553Z 08009KT 10SM SCT030 SCT250 32/24 A3017 RMK AO2 SLP220 T03170244,AviationWeather.gov METAR
2026-09-16T16:43:10.426905+00:00,KLAX,2026-09-16T16:00:00.000Z,22.2,15.0,6.0,METAR KLAX 161553Z VRB06KT 9SM FEW020 OVC043 22/15 A2998 RMK AO2 SLP150 T02220150 $,AviationWeather.gov METAR
2026-09-16T16:43:10.426908+00:00,KLGA,2026-09-16T16:00:00.000Z,23.3,13.9,6.0,METAR KLGA 161551Z 22006KT 10SM FEW085 BKN160 BKN250 23/14 A3035 RMK AO2 SLP278 T02330139,AviationWeather.gov METAR
2026-09-16T16:43:10.426911+00:00,KMIA,2026-09-16T16:00:00.000Z,32.8,23.3,12.0,METAR KMIA 161553Z 09012G18KT 10SM SCT032CB BKN300 33/23 A3012 RMK AO2 SLP199 CB VC W MOV W CB DSNT ALQDS TCU NW-N T03280233 $,AviationWeather.gov METAR
2026-09-16T16:43:10.426914+00:00,KORD,2026-09-16T16:31:00.000Z,22.8,17.2,7.0,SPECI KORD 161631Z 03007KT 10SM BKN024 BKN033 BKN085 23/17 A3030 RMK AO2 T02280172 $,AviationWeather.gov METAR
2026-09-16T16:43:10.426917+00:00,KSEA,2026-09-16T16:00:00.000Z,16.1,11.1,10.0,METAR KSEA 161553Z 02010KT 10SM FEW002 16/11 A3018 RMK AO2 SLP225 T01610111 $,AviationWeather.gov METAR
2026-09-16T16:43:10.426920+00:00,KSFO,2026-09-16T16:20:00.000Z,16.7,11.7,15.0,SPECI KSFO 161620Z 27015KT 10SM FEW006 BKN018 17/12 A2998 RMK AO2 T01670117,AviationWeather.gov METAR
2026-09-16T16:43:10.426923+00:00,LEMD,2026-09-16T16:30:00.000Z,26.0,9.0,11.0,METAR LEMD 161630Z 03011G21KT 340V100 9999 FEW060TCU 26/09 Q1015 NOSIG,AviationWeather.gov METAR
2026-09-16T16:43:10.426926+00:00,LFPB,2026-09-16T16:30:00.000Z,21.0,10.0,8.0,METAR LFPB 161630Z AUTO 30008KT 250V340 CAVOK 21/10 Q1019 NOSIG,AviationWeather.gov METAR
2026-09-16T16:43:10.426929+00:00,LIMC,2026-09-16T16:20:00.000Z,27.0,16.0,4.0,METAR LIMC 161620Z 19004KT 9999 FEW050 27/16 Q1013 NOSIG,AviationWeather.gov METAR
2026-09-16T16:43:10.426932+00:00,LTAC,2026-09-16T16:20:00.000Z,20.0,13.0,10.0,METAR LTAC 161620Z 07010KT 9999 BKN040 BKN100 20/13 Q1015 NOSIG,AviationWeather.gov METAR
2026-09-16T16:43:10.426935+00:00,MMMX,2026-09-16T15:42:00.000Z,19.0,9.0,0.0,METAR MMMX 161542Z 00000KT 9SM BKN220 19/09 A3047 NOSIG RMK 8/008 HZY,AviationWeather.gov METAR
2026-09-16T16:43:10.426938+00:00,MPMG,2026-09-16T16:00:00.000Z,30.0,26.0,8.0,METAR MPMG 161600Z 29008KT 260V330 9999 SCT016CB BKN090 30/26 Q1010 NOSIG,AviationWeather.gov METAR
2026-09-16T16:43:10.426941+00:00,NZWN,2026-09-16T16:30:00.000Z,13.0,10.0,17.0,METAR NZWN 161630Z AUTO 36017KT 9999 BKN020/// BKN029/// 13/10 Q1006,AviationWeather.gov METAR
2026-09-16T16:43:10.426944+00:00,OEJN,2026-09-16T16:00:00.000Z,34.0,27.0,4.0,METAR OEJN 161600Z 32004KT 8000 FEW040 34/27 Q1005 NOSIG,AviationWeather.gov METAR
2026-09-16T16:43:10.426947+00:00,OPKC,2026-09-16T16:30:00.000Z,30.0,24.0,6.0,METAR OPKC 161630Z 29006KT 5000 HZ FEW030 BKN100 30/24 Q1009 NOSIG,AviationWeather.gov METAR
2026-09-16T16:43:10.426950+00:00,RJTT,2026-09-16T16:30:00.000Z,20.0,19.0,10.0,METAR RJTT 161630Z 35010KT 9999 -RA FEW006 BKN009 20/19 Q1017 TEMPO 4000 -RA BR,AviationWeather.gov METAR
2026-09-16T16:43:10.426953+00:00,RKPK,2026-09-16T16:00:00.000Z,20.0,14.0,5.0,METAR RKPK 161600Z 02005KT 9999 FEW040 FEW250 20/14 Q1018,AviationWeather.gov METAR
2026-09-16T16:43:10.426956+00:00,RKSI,2026-09-16T16:30:00.000Z,22.0,11.0,4.0,METAR RKSI 161630Z 10004KT 060V130 CAVOK 22/11 Q1019 NOSIG,AviationWeather.gov METAR
2026-09-16T16:43:10.426959+00:00,RPLL,2026-09-16T16:00:00.000Z,25.0,25.0,4.0,METAR RPLL 161600Z 20004KT 150V250 9999 FEW025 BKN100 25/25 Q1010 NOSIG RMK A2983,AviationWeather.gov METAR
2026-09-16T16:43:10.426962+00:00,SAEZ,2026-09-16T16:00:00.000Z,13.0,4.0,12.0,METAR SAEZ 161600Z 04012KT 9999 FEW033 13/04 Q1024 NOSIG,AviationWeather.gov METAR
2026-09-16T16:43:10.426965+00:00,SBGR,2026-09-16T16:00:00.000Z,19.0,11.0,6.0,METAR SBGR 161600Z 14006KT 9999 BKN030 19/11 Q1023,AviationWeather.gov METAR
2026-09-16T16:43:10.426968+00:00,VILK,2026-09-16T16:30:00.000Z,28.0,25.0,3.0,METAR VILK 161630Z 24003KT 5000 BR FEW020 SCT100 28/25 Q1007 NOSIG,AviationWeather.gov METAR
2026-09-16T16:43:10.426971+00:00,WMKK,2026-09-16T16:30:00.000Z,28.0,23.0,1.0,METAR WMKK 161630Z VRB01KT 8000 FEW030 28/23 Q1012 NOSIG,AviationWeather.gov METAR
2026-09-16T16:43:10.426974+00:00,WSSS,2026-09-16T16:30:00.000Z,28.0,24.0,7.0,METAR WSSS 161630Z 11007KT 9999 FEW018 BKN300 28/24 Q1012 NOSIG,AviationWeather.gov METAR
2026-09-16T16:43:10.426977+00:00,ZBAA,2026-09-16T16:30:00.000Z,18.0,17.0,2.0,METAR ZBAA 161630Z VRB01MPS 8000 NSC 18/17 Q1014 NOSIG,AviationWeather.gov METAR
2026-09-16T16:43:10.426980+00:00,ZGGG,2026-09-16T16:30:00.000Z,28.0,24.0,4.0,METAR ZGGG 161630Z 12002MPS 9000 SCT033 28/24 Q1012 NOSIG,AviationWeather.gov METAR
2026-09-16T16:43:10.426983+00:00,ZGSZ,2026-09-16T16:00:00.000Z,27.0,23.0,8.0,METAR ZGSZ 161600Z 12004MPS 9999 SCT050 27/23 Q1012 NOSIG,AviationWeather.gov METAR
2026-09-16T16:43:10.426986+00:00,ZHCC,2026-09-16T16:00:00.000Z,22.0,12.0,4.0,METAR ZHCC 161600Z 22002MPS 160V260 CAVOK 22/12 Q1017 NOSIG,AviationWeather.gov METAR
2026-09-16T16:43:10.426989+00:00,ZHHH,2026-09-16T16:00:00.000Z,21.0,15.0,4.0,METAR ZHHH 161600Z 36002MPS 320V040 CAVOK 21/15 Q1014 NOSIG,AviationWeather.gov METAR
2026-09-16T16:43:10.426992+00:00,ZSPD,2026-09-16T16:30:00.000Z,24.0,16.0,6.0,METAR ZSPD 161630Z 07003MPS 010V100 CAVOK 24/16 Q1016 NOSIG,AviationWeather.gov METAR
2026-09-16T16:43:10.426995+00:00,ZSQD,2026-09-16T16:00:00.000Z,22.0,20.0,6.0,METAR ZSQD 161600Z 13003MPS 9000 NSC 22/20 Q1016 NOSIG,AviationWeather.gov METAR
2026-09-16T16:43:10.426998+00:00,ZUCK,2026-09-16T16:00:00.000Z,20.0,20.0,2.0,METAR ZUCK 161600Z VRB01MPS 8000 -RA FEW008 SCT026 BKN040 20/20 Q1015 NOSIG,AviationWeather.gov METAR
2026-09-16T16:43:10.427001+00:00,ZUUU,2026-09-16T16:00:00.000Z,21.0,20.0,6.0,METAR ZUUU 161600Z 18003MPS 130V200 9999 -RA FEW033 21/20 Q1015 NOSIG,AviationWeather.gov METAR
2026-09-16T19:44:21.130815+00:00,CYYZ,2026-09-16T19:00:00.000Z,25.0,16.0,9.0,METAR CYYZ 161900Z 01009KT 330V030 15SM FEW050 FEW210 BKN240 25/16 A3029 RMK CU1CC1CI6 CU TR CC TR CONTRAILS SLP259 DENSITY ALT 1400FT,AviationWeather.gov METAR
2026-09-16T19:44:21.130829+00:00,EDDM,2026-09-16T19:20:00.000Z,15.0,14.0,4.0,METAR EDDM 161920Z AUTO 25004KT 230V300 9999 -RA NSC 15/14 Q1018 NOSIG,AviationWeather.gov METAR
2026-09-16T19:44:21.130835+00:00,EFHK,2026-09-16T19:20:00.000Z,15.0,15.0,13.0,METAR EFHK 161920Z 18013KT 4000 -RA BR BKN005 15/15 Q1000 TEMPO 6000 RA,AviationWeather.gov METAR
2026-09-16T19:44:21.130839+00:00,EGLC,2026-09-16T19:20:00.000Z,18.0,7.0,9.0,METAR EGLC 161920Z AUTO 25009KT 9999 NCD 18/07 Q1017,AviationWeather.gov METAR
2026-09-16T19:44:21.130843+00:00,EHAM,2026-09-16T19:25:00.000Z,15.0,11.0,7.0,METAR EHAM 161925Z 25007KT 9999 FEW026 15/11 Q1016 NOSIG,AviationWeather.gov METAR
2026-09-16T19:44:21.130846+00:00,EPWA,2026-09-16T19:30:00.000Z,18.0,14.0,6.0,METAR EPWA 161930Z 17006KT CAVOK 18/14 Q1010 NOSIG,AviationWeather.gov METAR
2026-09-16T19:44:21.130850+00:00,FACT,2026-09-16T19:00:00.000Z,13.0,7.0,18.0,METAR FACT 161900Z 14018KT 9999 FEW035 13/07 Q1031 NOSIG,AviationWeather.gov METAR
2026-09-16T19:44:21.130856+00:00,KATL,2026-09-16T19:00:00.000Z,30.0,20.0,5.0,METAR KATL 161852Z 07005KT 10SM SCT044TCU BKN070 30/20 A3033 RMK AO2 SLP259 TCU SE SW MDT CU ALQDS T03000200 $,AviationWeather.gov METAR
2026-09-16T19:44:21.130861+00:00,KAUS,2026-09-16T19:00:00.000Z,34.4,20.6,7.0,METAR KAUS 161853Z 11007KT 10SM SCT070 34/21 A3014 RMK AO2 SLP194 T03440206 $,AviationWeather.gov METAR
2026-09-16T19:44:21.130865+00:00,KBKF,2026-09-16T19:00:00.000Z,29.5,6.8,0.0,METAR KBKF 161858Z 00000KT 10SM FEW090 SCT130 BKN220 30/07 A3023 RMK AO2A SLP154 T02950068,AviationWeather.gov METAR
2026-09-16T19:44:21.130869+00:00,KDAL,2026-09-16T19:00:00.000Z,35.6,18.9,0.0,METAR KDAL 161853Z 00000KT 10SM FEW060 FEW250 36/19 A3016 RMK AO2 SLP204 T03560189,AviationWeather.gov METAR
2026-09-16T19:44:21.130872+00:00,KHOU,2026-09-16T19:00:00.000Z,33.9,23.9,10.0,METAR KHOU 161853Z 11010KT 10SM SCT045 SCT250 34/24 A3015 RMK AO2 SLP212 T03390239,AviationWeather.gov METAR
2026-09-16T19:44:21.130875+00:00,KLAX,2026-09-16T19:00:00.000Z,25.6,13.9,3.0,METAR KLAX 161853Z 12003KT 10SM FEW030 SCT046 BKN050 26/14 A3000 RMK AO2 SLP157 T02560139 $,AviationWeather.gov METAR
2026-09-16T19:44:21.130879+00:00,KLGA,2026-09-16T19:00:00.000Z,25.6,15.6,7.0,METAR KLGA 161851Z 20007KT 10SM FEW085 BKN140 BKN250 26/16 A3029 RMK AO2 SLP257 T02560156,AviationWeather.gov METAR
2026-09-16T19:44:21.130882+00:00,KMIA,2026-09-16T19:00:00.000Z,31.7,23.3,11.0,METAR KMIA 161853Z 06011G18KT 10SM SCT036 BKN300 32/23 A3006 RMK AO2 LTG DSNT W AND NW SLP180 CB DSNT SE AND W-NW MOV SW T03170233 $,AviationWeather.gov METAR
2026-09-16T19:44:21.130886+00:00,KORD,2026-09-16T19:06:00.000Z,22.2,18.3,11.0,SPECI KORD 161906Z 02011KT 10SM -RA SCT024 BKN034 OVC120 22/18 A3029 RMK AO2 RAB03 P0000 T02220183 $,AviationWeather.gov METAR
2026-09-16T19:44:21.130889+00:00,KSEA,2026-09-16T19:00:00.000Z,20.0,11.1,11.0,METAR KSEA 161853Z 36011KT 10SM FEW030 20/11 A3017 RMK AO2 SLP222 T02000111 $,AviationWeather.gov METAR
2026-09-16T19:44:21.130892+00:00,KSFO,2026-09-16T19:00:00.000Z,16.7,12.2,14.0,METAR KSFO 161856Z 25014KT 10SM FEW005 BKN017 17/12 A3001 RMK AO2 SLP163 T01670122,AviationWeather.gov METAR
2026-09-16T19:44:21.130895+00:00,LEMD,2026-09-16T19:30:00.000Z,21.0,8.0,10.0,METAR LEMD 161930Z 04010G20KT 310V120 9999 FEW075 21/08 Q1018 NOSIG,AviationWeather.gov METAR
2026-09-16T19:44:21.130899+00:00,LFPB,2026-09-16T19:30:00.000Z,18.0,8.0,4.0,METAR LFPB 161930Z AUTO 30004KT 270V330 CAVOK 18/08 Q1020 NOSIG,AviationWeather.gov METAR
2026-09-16T19:44:21.130902+00:00,LIMC,2026-09-16T19:20:00.000Z,21.0,18.0,8.0,METAR LIMC 161920Z 01008KT 350V050 9999 BKN040TCU 21/18 Q1014 NOSIG,AviationWeather.gov METAR
2026-09-16T19:44:21.130905+00:00,LTAC,2026-09-16T19:20:00.000Z,16.0,15.0,6.0,METAR LTAC 161920Z 03006KT 9999 SCT025 BKN080 16/15 Q1016 RESHRA NOSIG,AviationWeather.gov METAR
2026-09-16T19:44:21.130908+00:00,MMMX,2026-09-16T19:00:00.000Z,22.0,7.0,6.0,METAR MMMX 161853Z 03006KT 9SM FEW080 OVC220 22/07 A3040 NOSIG RMK 8/037 HZY,AviationWeather.gov METAR
2026-09-16T19:44:21.130911+00:00,MPMG,2026-09-16T19:00:00.000Z,29.0,24.0,13.0,METAR MPMG 161900Z 32013KT 9000 VCSH SCT015CB SCT080 29/24 Q1008 TEMPO TS,AviationWeather.gov METAR
2026-09-16T19:44:21.130914+00:00,NZWN,2026-09-16T19:30:00.000Z,12.0,10.0,17.0,METAR NZWN 161930Z AUTO 02017KT 9999 BKN017/// 12/10 Q1005,AviationWeather.gov METAR
2026-09-16T19:44:21.130917+00:00,OEJN,2026-09-16T19:00:00.000Z,34.0,25.0,3.0,METAR OEJN 161900Z 01003KT CAVOK 34/25 Q1006 NOSIG,AviationWeather.gov METAR
2026-09-16T19:44:21.130921+00:00,OPKC,2026-09-16T19:30:00.000Z,29.0,20.0,10.0,METAR OPKC 161930Z 14010KT 4000 DZ FEW030 BKN100 29/20 Q1004 NOSIG,AviationWeather.gov METAR
2026-09-16T19:44:21.130924+00:00,RJTT,2026-09-16T19:30:00.000Z,21.0,19.0,11.0,METAR RJTT 161930Z 01011KT 9999 FEW007 SCT010 BKN017 21/19 Q1018 TEMPO FEW006 BKN008,AviationWeather.gov METAR
2026-09-16T19:44:21.130927+00:00,RKPK,2026-09-16T19:00:00.000Z,19.0,14.0,5.0,METAR RKPK 161900Z 31005KT 9999 FEW050 SCT250 19/14 Q1018,AviationWeather.gov METAR
2026-09-16T19:44:21.130930+00:00,RKSI,2026-09-16T19:30:00.000Z,20.0,14.0,4.0,METAR RKSI 161930Z 09004KT CAVOK 20/14 Q1019 NOSIG,AviationWeather.gov METAR
2026-09-16T19:44:21.130933+00:00,RPLL,2026-09-16T19:00:00.000Z,26.0,25.0,3.0,METAR RPLL 161900Z 26003KT 230V310 9999 FEW025 BKN100 26/25 Q1008 NOSIG RMK A2977,AviationWeather.gov METAR
2026-09-16T19:44:21.130936+00:00,SAEZ,2026-09-16T19:00:00.000Z,14.0,4.0,11.0,METAR SAEZ 161900Z 04011KT CAVOK 14/04 Q1022 NOSIG,AviationWeather.gov METAR
2026-09-16T19:44:21.130939+00:00,SBGR,2026-09-16T19:00:00.000Z,18.0,13.0,7.0,METAR SBGR 161900Z 15007KT 9999 BKN021 BKN033 18/13 Q1023,AviationWeather.gov METAR
2026-09-16T19:44:21.130942+00:00,VILK,2026-09-16T19:30:00.000Z,27.0,26.0,3.0,METAR VILK 161930Z 20003KT 5000 BR FEW020 27/26 Q1006 NOSIG,AviationWeather.gov METAR
2026-09-16T19:44:21.130946+00:00,WMKK,2026-09-16T19:30:00.000Z,27.0,24.0,0.0,METAR WMKK 161930Z 00000KT 8000 FEW030 27/24 Q1010 NOSIG,AviationWeather.gov METAR
2026-09-16T19:44:21.130949+00:00,WSSS,2026-09-16T19:30:00.000Z,28.0,24.0,6.0,METAR WSSS 161930Z 13006KT 9999 FEW016 BKN300 28/24 Q1011 NOSIG,AviationWeather.gov METAR
2026-09-16T19:44:21.130952+00:00,ZBAA,2026-09-16T19:30:00.000Z,17.0,16.0,2.0,METAR ZBAA 161930Z VRB01MPS 6000 NSC 17/16 Q1015 NOSIG,AviationWeather.gov METAR
2026-09-16T19:44:21.130955+00:00,ZGGG,2026-09-16T19:30:00.000Z,27.0,23.0,4.0,METAR ZGGG 161930Z 13002MPS 9999 BKN033 27/23 Q1012 NOSIG,AviationWeather.gov METAR
2026-09-16T19:44:21.130958+00:00,ZGSZ,2026-09-16T19:00:00.000Z,27.0,23.0,8.0,METAR ZGSZ 161900Z 11004MPS 9999 FEW040 27/23 Q1012 NOSIG,AviationWeather.gov METAR
2026-09-16T19:44:21.130961+00:00,ZHCC,2026-09-16T19:00:00.000Z,20.0,13.0,4.0,METAR ZHCC 161900Z 26002MPS 230V290 CAVOK 20/13 Q1016 NOSIG,AviationWeather.gov METAR
2026-09-16T19:44:21.130965+00:00,ZHHH,2026-09-16T19:00:00.000Z,20.0,17.0,4.0,METAR ZHHH 161900Z 36002MPS 310V050 9999 -RA NSC 20/17 Q1013 NOSIG,AviationWeather.gov METAR
2026-09-16T19:44:21.130968+00:00,ZSPD,2026-09-16T19:30:00.000Z,23.0,19.0,6.0,METAR ZSPD 161930Z VRB03MPS CAVOK 23/19 Q1015 NOSIG,AviationWeather.gov METAR
2026-09-16T19:44:21.130971+00:00,ZSQD,2026-09-16T19:00:00.000Z,22.0,22.0,4.0,METAR ZSQD 161900Z 13002MPS CAVOK 22/22 Q1016 NOSIG,AviationWeather.gov METAR
2026-09-16T19:44:21.130974+00:00,ZUCK,2026-09-16T19:00:00.000Z,19.0,19.0,2.0,METAR ZUCK 161900Z 10001MPS 6000 -RA FEW004 SCT020 BKN033 19/19 Q1014 RERA BECMG TL1940 RA,AviationWeather.gov METAR
2026-09-16T19:44:21.130980+00:00,ZUUU,2026-09-16T19:00:00.000Z,20.0,20.0,2.0,METAR ZUUU 161900Z 20001MPS 5000 -RA BR FEW008 SCT033 20/20 Q1014 NOSIG,AviationWeather.gov METAR
2026-09-16T22:24:09.935554+00:00,CYYZ,2026-09-16T22:00:00.000Z,22.0,16.0,9.0,METAR CYYZ 162200Z 35009KT 15SM FEW040 BKN150 BKN240 22/16 A3029 RMK CU1AC5CI2 CU TR SLP258 DENSITY ALT 1200FT,AviationWeather.gov METAR
2026-09-16T22:24:09.935580+00:00,EDDM,2026-09-16T22:00:00.000Z,14.0,13.0,11.0,METAR EDDM 162150Z AUTO 24011KT 9999 SCT041 14/13 Q1019 NOSIG,AviationWeather.gov METAR
2026-09-16T22:24:09.935588+00:00,EFHK,2026-09-16T22:20:00.000Z,13.0,12.0,6.0,METAR EFHK 162220Z 21006KT 9999 FEW006 SCT016 13/12 Q1000 TEMPO BKN009,AviationWeather.gov METAR
2026-09-16T22:24:09.935593+00:00,EGLC,2026-09-16T22:00:00.000Z,17.0,10.0,8.0,METAR EGLC 162150Z AUTO 24008KT 9999 NCD 17/10 Q1017,AviationWeather.gov METAR
2026-09-16T22:24:09.935598+00:00,EHAM,2026-09-16T22:00:00.000Z,13.0,12.0,7.0,METAR EHAM 162155Z 23007KT CAVOK 13/12 Q1015 NOSIG,AviationWeather.gov METAR
2026-09-16T22:24:09.935602+00:00,EPWA,2026-09-16T22:00:00.000Z,17.0,14.0,3.0,METAR EPWA 162200Z 25003KT CAVOK 17/14 Q1009 NOSIG,AviationWeather.gov METAR
2026-09-16T22:24:09.935607+00:00,FACT,2026-09-16T22:00:00.000Z,13.0,8.0,20.0,METAR FACT 162200Z 15020KT 9999 FEW035 13/08 Q1031 NOSIG,AviationWeather.gov METAR
2026-09-16T22:24:09.935615+00:00,KATL,2026-09-16T22:00:00.000Z,30.6,18.9,9.0,METAR KATL 162152Z 11009KT 10SM FEW048 FEW070 31/19 A3028 RMK AO2 SLP244 MDT CU SE-S T03060189 $,AviationWeather.gov METAR
2026-09-16T22:24:09.935621+00:00,KAUS,2026-09-16T22:00:00.000Z,35.6,20.0,9.0,METAR KAUS 162153Z 11009KT 10SM SCT070 SCT090 BKN200 36/20 A3008 RMK AO2 SLP174 T03560200 $,AviationWeather.gov METAR
2026-09-16T22:24:09.935626+00:00,KBKF,2026-09-16T22:00:00.000Z,26.2,6.2,16.0,METAR KBKF 162158Z 01016KT 10SM SCT090 BKN120 BKN200 26/06 A3027 RMK AO2A LTG DSNT SE-S AND W SLP179 T02620062,AviationWeather.gov METAR
2026-09-16T22:24:09.935631+00:00,KDAL,2026-09-16T22:00:00.000Z,37.2,18.3,9.0,METAR KDAL 162153Z 16009KT 10SM SCT070 SCT250 37/18 A3010 RMK AO2 SLP185 T03720183,AviationWeather.gov METAR
2026-09-16T22:24:09.935635+00:00,KHOU,2026-09-16T22:00:00.000Z,33.3,23.3,9.0,METAR KHOU 162153Z 11009KT 10SM SCT040 SCT180 SCT250 33/23 A3010 RMK AO2 SLP197 TCU DSNT NE T03330233,AviationWeather.gov METAR
2026-09-16T22:24:09.935639+00:00,KLAX,2026-09-16T22:00:00.000Z,25.0,14.4,12.0,METAR KLAX 162153Z COR 23012KT 10SM FEW020 25/14 A2996 RMK AO2 SLP142 T02500144 $,AviationWeather.gov METAR
2026-09-16T22:24:09.935643+00:00,KLGA,2026-09-16T22:00:00.000Z,23.9,17.2,9.0,METAR KLGA 162151Z 17009KT 10SM FEW085 BKN180 BKN250 24/17 A3028 RMK AO2 SLP253 T02390172,AviationWeather.gov METAR
2026-09-16T22:24:09.935647+00:00,KMIA,2026-09-16T22:00:00.000Z,31.1,23.9,12.0,METAR KMIA 162153Z 08012KT 10SM SCT031 SCT043 SCT090 BKN300 31/24 A3005 RMK AO2 SLP177 T03110239 $,AviationWeather.gov METAR
2026-09-16T22:24:09.935651+00:00,KORD,2026-09-16T22:09:00.000Z,20.0,18.9,11.0,SPECI KORD 162209Z 02011KT 5SM -DZ BR BKN009 OVC019 20/19 A3028 RMK AO2 RAE08DZB08 P0001 T02000189 $,AviationWeather.gov METAR
2026-09-16T22:24:09.935655+00:00,KSEA,2026-09-16T22:00:00.000Z,22.8,10.6,10.0,METAR KSEA 162153Z 35010KT 10SM FEW040 23/11 A3012 RMK AO2 SLP203 T02280106 $,AviationWeather.gov METAR
2026-09-16T22:24:09.935660+00:00,KSFO,2026-09-16T22:00:00.000Z,17.8,11.7,16.0,METAR KSFO 162156Z 26016G23KT 10SM FEW011 BKN020 18/12 A3000 RMK AO2 PK WND 26026/2106 SLP158 T01780117,AviationWeather.gov METAR
2026-09-16T22:24:09.935664+00:00,LEMD,2026-09-16T22:00:00.000Z,18.0,8.0,8.0,METAR LEMD 162200Z 01008KT 330V070 CAVOK 18/08 Q1019 NOSIG,AviationWeather.gov METAR
2026-09-16T22:24:09.935668+00:00,LFPB,2026-09-16T22:00:00.000Z,15.0,9.0,1.0,METAR LFPB 162200Z AUTO VRB01KT CAVOK 15/09 Q1020 NOSIG,AviationWeather.gov METAR
2026-09-16T22:24:09.935672+00:00,LIMC,2026-09-16T22:00:00.000Z,19.0,18.0,4.0,METAR LIMC 162150Z 05004KT 9999 BKN040 19/18 Q1013 TEMPO TSRA,AviationWeather.gov METAR
2026-09-16T22:24:09.935676+00:00,LTAC,2026-09-16T22:00:00.000Z,16.0,14.0,5.0,METAR LTAC 162150Z 06005KT 9999 SCT035 BKN080 16/14 Q1016 NOSIG,AviationWeather.gov METAR
2026-09-16T22:24:09.935680+00:00,MMMX,2026-09-16T22:00:00.000Z,26.0,6.0,10.0,METAR MMMX 162145Z 01010KT 10SM FEW020 OVC220 26/06 A3032 NOSIG RMK 8/107 HZY,AviationWeather.gov METAR
2026-09-16T22:24:09.935684+00:00,MPMG,2026-09-16T22:00:00.000Z,26.0,23.0,13.0,METAR MPMG 162200Z 31013KT 9999 SCT018CB SCT090 26/23 Q1008 NOSIG,AviationWeather.gov METAR
2026-09-16T22:24:09.935687+00:00,NZWN,2026-09-16T22:00:00.000Z,14.0,10.0,21.0,METAR NZWN 162200Z AUTO 01021KT 9999 FEW019/// BKN025/// 14/10 Q1005,AviationWeather.gov METAR
2026-09-16T22:24:09.935692+00:00,OEJN,2026-09-16T22:00:00.000Z,32.0,25.0,0.0,METAR OEJN 162200Z 00000KT CAVOK 32/25 Q1005 NOSIG,AviationWeather.gov METAR
2026-09-16T22:24:09.935695+00:00,OPKC,2026-09-16T22:00:00.000Z,28.0,23.0,4.0,METAR OPKC 162200Z 30004KT 4000 HZ FEW030 BKN100 28/23 Q1006 NOSIG,AviationWeather.gov METAR
2026-09-16T22:24:09.935699+00:00,RJTT,2026-09-16T22:00:00.000Z,20.0,19.0,13.0,METAR RJTT 162200Z 03013KT 9999 FEW006 BKN010 BKN035 20/19 Q1019 TEMPO FEW006 BKN008,AviationWeather.gov METAR
2026-09-16T22:24:09.935703+00:00,RKPK,2026-09-16T22:00:00.000Z,19.0,15.0,4.0,METAR RKPK 162200Z 29004KT 9999 FEW030 SCT250 19/15 Q1018,AviationWeather.gov METAR
2026-09-16T22:24:09.935708+00:00,RKSI,2026-09-16T22:00:00.000Z,19.0,16.0,4.0,METAR RKSI 162200Z 04004KT CAVOK 19/16 Q1021 NOSIG,AviationWeather.gov METAR
2026-09-16T22:24:09.935712+00:00,RPLL,2026-09-16T22:00:00.000Z,26.0,25.0,2.0,METAR RPLL 162200Z VRB02KT 9999 FEW025 BKN100 26/25 Q1008 NOSIG RMK A2977,AviationWeather.gov METAR
2026-09-16T22:24:09.935716+00:00,SAEZ,2026-09-16T22:00:00.000Z,12.0,6.0,8.0,METAR SAEZ 162200Z 06008KT CAVOK 12/06 Q1022 NOSIG,AviationWeather.gov METAR
2026-09-16T22:24:09.935720+00:00,SBGR,2026-09-16T22:00:00.000Z,15.0,12.0,7.0,METAR SBGR 162200Z 12007KT 9999 BKN010 OVC017 15/12 Q1025,AviationWeather.gov METAR
2026-09-16T22:24:09.935724+00:00,VILK,2026-09-16T22:00:00.000Z,26.0,25.0,0.0,METAR VILK 162200Z 00000KT 4000 BR FEW020 26/25 Q1006 NOSIG,AviationWeather.gov METAR
2026-09-16T22:24:09.935728+00:00,WMKK,2026-09-16T22:00:00.000Z,26.0,23.0,0.0,METAR WMKK 162200Z 00000KT 7000 FEW017CB 26/23 Q1011 NOSIG,AviationWeather.gov METAR
2026-09-16T22:24:09.935732+00:00,WSSS,2026-09-16T22:00:00.000Z,28.0,24.0,7.0,METAR WSSS 162200Z 12007KT 9999 FEW016 BKN300 28/24 Q1011 NOSIG,AviationWeather.gov METAR
2026-09-16T22:24:09.935736+00:00,ZBAA,2026-09-16T22:00:00.000Z,17.0,16.0,2.0,METAR ZBAA 162200Z VRB01MPS 3200 R36L/P2000N R36R/P2000N R01/1100N BR NSC 17/16 Q1015 BECMG TL2240 2800,AviationWeather.gov METAR
2026-09-16T22:24:09.935740+00:00,ZGGG,2026-09-16T22:00:00.000Z,27.0,24.0,2.0,METAR ZGGG 162200Z VRB01MPS 9999 BKN033 27/24 Q1012 NOSIG,AviationWeather.gov METAR
2026-09-16T22:24:09.935744+00:00,ZGSZ,2026-09-16T22:00:00.000Z,27.0,23.0,4.0,METAR ZGSZ 162200Z 10002MPS 060V130 9999 BKN033 27/23 Q1012 NOSIG,AviationWeather.gov METAR
2026-09-16T22:24:09.935748+00:00,ZHCC,2026-09-16T22:00:00.000Z,18.0,14.0,2.0,METAR ZHCC 162200Z 27001MPS CAVOK 18/14 Q1017 NOSIG,AviationWeather.gov METAR
2026-09-16T22:24:09.935752+00:00,ZHHH,2026-09-16T22:00:00.000Z,19.0,18.0,4.0,METAR ZHHH 162200Z 03002MPS 340V060 9999 -RA NSC 19/18 Q1013 NOSIG,AviationWeather.gov METAR
2026-09-16T22:24:09.935756+00:00,ZSPD,2026-09-16T22:00:00.000Z,25.0,20.0,8.0,METAR ZSPD 162200Z 04004MPS 350V070 CAVOK 25/20 Q1015 NOSIG,AviationWeather.gov METAR
2026-09-16T22:24:09.935761+00:00,ZSQD,2026-09-16T22:00:00.000Z,21.0,21.0,4.0,METAR ZSQD 162200Z 04002MPS 4500 BR NSC 21/21 Q1016 NOSIG,AviationWeather.gov METAR
2026-09-16T22:24:09.935765+00:00,ZUCK,2026-09-16T22:00:00.000Z,19.0,19.0,2.0,METAR ZUCK 162200Z 35001MPS 7000 -RA FEW004 SCT018 BKN036 19/19 Q1014 NOSIG,AviationWeather.gov METAR
2026-09-16T22:24:09.935768+00:00,ZUUU,2026-09-16T22:00:00.000Z,20.0,20.0,2.0,METAR ZUUU 162200Z VRB01MPS 5000 BR FEW005 SCT007 20/20 Q1014 NOSIG,AviationWeather.gov METAR
2026-09-17T00:47:42.162202+00:00,CYYZ,2026-09-17T00:00:00.000Z,20.0,13.0,10.0,METAR CYYZ 170000Z 36010KT 15SM FEW040 BKN160 BKN250 20/13 A3030 RMK CU1AC5CI2 CU TR SLP262 DENSITY ALT 900FT,AviationWeather.gov METAR
2026-09-17T00:47:42.162217+00:00,EDDM,2026-09-17T00:20:00.000Z,13.0,12.0,7.0,METAR EDDM 170020Z AUTO 25007KT 9999 -SHRA FEW028 FEW///CB 13/12 Q1019 NOSIG,AviationWeather.gov METAR
2026-09-17T00:47:42.162223+00:00,EFHK,2026-09-17T00:20:00.000Z,13.0,12.0,8.0,METAR EFHK 170020Z 21008KT 9999 FEW009 SCT015 13/12 Q0999 TEMPO BKN010,AviationWeather.gov METAR
2026-09-17T00:47:42.162227+00:00,EGLC,2026-09-17T00:20:00.000Z,15.0,9.0,12.0,METAR EGLC 170020Z AUTO 24012KT 9999 NCD 15/09 Q1015,AviationWeather.gov METAR
2026-09-17T00:47:42.162231+00:00,EHAM,2026-09-17T00:25:00.000Z,14.0,13.0,6.0,METAR EHAM 170025Z 17006KT 140V200 9999 -SHRA FEW025TCU 14/13 Q1014 BECMG NSW FEW025,AviationWeather.gov METAR
2026-09-17T00:47:42.162234+00:00,EPWA,2026-09-17T00:30:00.000Z,17.0,15.0,9.0,METAR EPWA 170030Z 29009KT 9999 -SHRA BKN035CB 17/15 Q1010 TEMPO 4000 SHRA BKN014,AviationWeather.gov METAR
2026-09-17T00:47:42.162238+00:00,FACT,2026-09-17T00:00:00.000Z,13.0,8.0,16.0,METAR FACT 170000Z 14016KT 9999 FEW040 13/08 Q1031 NOSIG,AviationWeather.gov METAR
2026-09-17T00:47:42.162243+00:00,KATL,2026-09-17T00:00:00.000Z,28.3,18.9,7.0,METAR KATL 162352Z 09007KT 10SM FEW048 28/19 A3029 RMK AO2 SLP246 T02830189 10317 20283 55000 $,AviationWeather.gov METAR
2026-09-17T00:47:42.162248+00:00,KAUS,2026-09-17T00:00:00.000Z,35.6,18.9,10.0,METAR KAUS 162353Z 12010KT 10SM FEW070 SCT200 36/19 A3009 RMK AO2 SLP177 T03560189 10372 20339 55002 $,AviationWeather.gov METAR
2026-09-17T00:47:42.162252+00:00,KBKF,2026-09-17T00:00:00.000Z,24.9,6.6,8.0,METAR KBKF 162358Z 36008KT 10SM VCTS BKN095 BKN120 OVC200 25/07 A3031 RMK AO2A SLP197 T02490066 10318 20249 52019,AviationWeather.gov METAR
2026-09-17T00:47:42.162256+00:00,KDAL,2026-09-17T00:00:00.000Z,36.1,17.2,9.0,METAR KDAL 162353Z 15009KT 10SM FEW080 FEW250 36/17 A3010 RMK AO2 SLP186 T03610172 10372 20350 55002,AviationWeather.gov METAR
2026-09-17T00:47:42.162259+00:00,KHOU,2026-09-17T00:00:00.000Z,31.7,23.3,9.0,METAR KHOU 162353Z 12009KT 10SM FEW040 FEW160 SCT250 32/23 A3010 RMK AO2 SLP198 T03170233 10344 20317 55000,AviationWeather.gov METAR
2026-09-17T00:47:42.162262+00:00,KLAX,2026-09-17T00:00:00.000Z,23.3,15.0,11.0,METAR KLAX 162353Z 27011KT 10SM FEW028 23/15 A2994 RMK AO2 SLP137 T02330150 10261 20233 56010 $,AviationWeather.gov METAR
2026-09-17T00:47:42.162265+00:00,KLGA,2026-09-17T00:00:00.000Z,22.8,18.3,7.0,METAR KLGA 162351Z 16007KT 10SM BKN060 BKN180 BKN250 23/18 A3028 RMK AO2 SLP253 T02280183 10261 20228 51001,AviationWeather.gov METAR
2026-09-17T00:47:42.162269+00:00,KMIA,2026-09-17T00:00:00.000Z,30.0,23.9,10.0,METAR KMIA 162353Z 07010KT 10SM SCT025 SCT110 BKN250 30/24 A3006 RMK AO2 SLP178 CB DSNT ALQDS MOV SW T03000239 10333 20294 50006 $,AviationWeather.gov METAR
2026-09-17T00:47:42.162272+00:00,KORD,2026-09-17T00:00:00.000Z,19.4,18.3,11.0,METAR KORD 162351Z 04011KT 9SM BKN007 OVC013 19/18 A3027 RMK AO2 SLP246 60003 T01940183 10244 20194 55007 $,AviationWeather.gov METAR
2026-09-17T00:47:42.162275+00:00,KSEA,2026-09-17T00:00:00.000Z,23.3,10.6,11.0,METAR KSEA 162353Z 35011KT 10SM FEW040 23/11 A3008 RMK AO2 SLP191 T02330106 10233 20183 56020 $,AviationWeather.gov METAR
2026-09-17T00:47:42.162278+00:00,KSFO,2026-09-17T00:00:00.000Z,17.8,12.2,14.0,METAR KSFO 162356Z 28014G21KT 10SM FEW015 SCT023 BKN034 18/12 A2999 RMK AO2 SLP155 T01780122 10189 20167 58003,AviationWeather.gov METAR
2026-09-17T00:47:42.162281+00:00,LEMD,2026-09-17T00:30:00.000Z,17.0,7.0,5.0,METAR LEMD 170030Z 01005KT 330V060 9999 FEW080 17/07 Q1019 NOSIG,AviationWeather.gov METAR
2026-09-17T00:47:42.162285+00:00,LFPB,2026-09-17T00:30:00.000Z,13.0,9.0,2.0,METAR LFPB 170030Z AUTO 24002KT CAVOK 13/09 Q1020 NOSIG,AviationWeather.gov METAR
2026-09-17T00:47:42.162288+00:00,LIMC,2026-09-17T00:20:00.000Z,19.0,17.0,4.0,METAR LIMC 170020Z 03004KT 9999 BKN030 19/17 Q1013 NOSIG,AviationWeather.gov METAR
2026-09-17T00:47:42.162292+00:00,LTAC,2026-09-17T00:20:00.000Z,15.0,13.0,1.0,METAR LTAC 170020Z VRB01KT 9999 FEW014 SCT021 BKN080 15/13 Q1016 NOSIG,AviationWeather.gov METAR
2026-09-17T00:47:42.162295+00:00,MMMX,2026-09-17T00:20:00.000Z,21.0,7.0,17.0,SPECI MMMX 170020Z 01017KT 8SM SCT020 BKN080 OVC220 21/07 A3035 NOSIG RMK 8/437 HZY,AviationWeather.gov METAR
2026-09-17T00:47:42.162298+00:00,MPMG,2026-09-17T00:00:00.000Z,26.0,23.0,9.0,METAR MPMG 170000Z 31009KT 280V340 9999 FEW008 SCT018 BKN090 26/23 Q1009 NOSIG,AviationWeather.gov METAR
2026-09-17T00:47:42.162301+00:00,NZWN,2026-09-17T00:30:00.000Z,14.0,10.0,19.0,METAR NZWN 170030Z AUTO 01019KT 9999 SCT026/// SCT044/// 14/10 Q1005,AviationWeather.gov METAR
2026-09-17T00:47:42.162305+00:00,OEJN,2026-09-17T00:00:00.000Z,32.0,26.0,2.0,METAR OEJN 170000Z 28002KT CAVOK 32/26 Q1005 NOSIG,AviationWeather.gov METAR
2026-09-17T00:47:42.162308+00:00,OPKC,2026-09-17T00:30:00.000Z,28.0,22.0,3.0,METAR OPKC 170030Z 30003KT 4000 HZ FEW030 BKN100 28/22 Q1006 NOSIG,AviationWeather.gov METAR
2026-09-17T00:47:42.162311+00:00,RJTT,2026-09-17T00:30:00.000Z,22.0,18.0,16.0,METAR RJTT 170030Z 02016KT 9999 SCT017 BKN040 22/18 Q1019 NOSIG,AviationWeather.gov METAR
2026-09-17T00:47:42.162314+00:00,RKPK,2026-09-17T00:00:00.000Z,25.0,17.0,10.0,METAR RKPK 170000Z 04010KT 9999 SCT050 BKN250 25/17 Q1019,AviationWeather.gov METAR
2026-09-17T00:47:42.162317+00:00,RKSI,2026-09-17T00:30:00.000Z,24.0,13.0,8.0,METAR RKSI 170030Z 07008KT 030V110 CAVOK 24/13 Q1021 NOSIG,AviationWeather.gov METAR
2026-09-17T00:47:42.162320+00:00,RPLL,2026-09-17T00:00:00.000Z,28.0,26.0,4.0,METAR RPLL 170000Z 22004KT 180V260 9999 FEW025 BKN100 28/26 Q1009 NOSIG RMK A2980,AviationWeather.gov METAR
2026-09-17T00:47:42.162324+00:00,SAEZ,2026-09-17T00:00:00.000Z,10.0,7.0,5.0,METAR SAEZ 170000Z 08005KT CAVOK 10/07 Q1023 NOSIG,AviationWeather.gov METAR
2026-09-17T00:47:42.162327+00:00,SBGR,2026-09-17T00:00:00.000Z,14.0,12.0,7.0,METAR SBGR 170000Z 13007KT 9999 OVC009 14/12 Q1026,AviationWeather.gov METAR
2026-09-17T00:47:42.162330+00:00,VILK,2026-09-17T00:30:00.000Z,27.0,26.0,0.0,METAR VILK 170030Z 00000KT 3500 BR FEW020 27/26 Q1007 NOSIG,AviationWeather.gov METAR
2026-09-17T00:47:42.162333+00:00,WMKK,2026-09-17T00:30:00.000Z,27.0,23.0,0.0,METAR WMKK 170030Z 00000KT 7000 FEW017CB 27/23 Q1012 NOSIG,AviationWeather.gov METAR
2026-09-17T00:47:42.162336+00:00,WSSS,2026-09-17T00:30:00.000Z,29.0,24.0,7.0,METAR WSSS 170030Z 12007KT 7000 FEW018 BKN300 29/24 Q1012 NOSIG,AviationWeather.gov METAR
2026-09-17T00:47:42.162340+00:00,ZBAA,2026-09-17T00:30:00.000Z,21.0,19.0,4.0,METAR ZBAA 170030Z 06002MPS 030V090 3000 BR OVC040 21/19 Q1017 NOSIG,AviationWeather.gov METAR
2026-09-17T00:47:42.162343+00:00,ZGGG,2026-09-17T00:30:00.000Z,28.0,24.0,6.0,METAR ZGGG 170030Z 18003MPS 9999 BKN023 28/24 Q1014 NOSIG,AviationWeather.gov METAR
2026-09-17T00:47:42.162346+00:00,ZGSZ,2026-09-17T00:00:00.000Z,28.0,23.0,2.0,METAR ZGSZ 170000Z VRB01MPS 9999 SCT023 28/23 Q1013 NOSIG,AviationWeather.gov METAR
2026-09-17T00:47:42.162352+00:00,ZHCC,2026-09-17T00:00:00.000Z,21.0,14.0,4.0,METAR ZHCC 170000Z 27002MPS 240V300 CAVOK 21/14 Q1018 NOSIG,AviationWeather.gov METAR
2026-09-17T00:47:42.162356+00:00,ZHHH,2026-09-17T00:00:00.000Z,19.0,19.0,4.0,METAR ZHHH 170000Z 01002MPS 310V060 9999 -RA NSC 19/19 Q1014 BECMG TL0120 RA,AviationWeather.gov METAR
2026-09-17T00:47:42.162359+00:00,ZSPD,2026-09-17T00:30:00.000Z,27.0,20.0,12.0,METAR ZSPD 170030Z 07006MPS 030V110 CAVOK 27/20 Q1016 NOSIG,AviationWeather.gov METAR
2026-09-17T00:47:42.162362+00:00,ZSQD,2026-09-17T00:00:00.000Z,24.0,21.0,2.0,METAR ZSQD 170000Z VRB01MPS 7000 NSC 24/21 Q1017 NOSIG,AviationWeather.gov METAR
2026-09-17T00:47:42.162365+00:00,ZUCK,2026-09-17T00:00:00.000Z,19.0,19.0,2.0,METAR ZUCK 170000Z VRB01MPS 4500 -RA BR FEW003 SCT015 BKN030 19/19 Q1015 NOSIG,AviationWeather.gov METAR
2026-09-17T00:47:42.162368+00:00,ZUUU,2026-09-17T00:00:00.000Z,21.0,19.0,2.0,METAR ZUUU 170000Z VRB01MPS 4000 BR FEW005 21/19 Q1015 NOSIG,AviationWeather.gov METAR
2026-09-17T05:50:41.578104+00:00,CYYZ,2026-09-17T05:00:00.000Z,16.0,12.0,8.0,METAR CYYZ 170500Z 01008KT 15SM BKN110 16/12 A3029 RMK AC5 SLP257,AviationWeather.gov METAR
2026-09-17T05:50:41.578123+00:00,EDDM,2026-09-17T05:20:00.000Z,12.0,11.0,7.0,METAR EDDM 170520Z AUTO 24007KT CAVOK 12/11 Q1019 NOSIG,AviationWeather.gov METAR
2026-09-17T05:50:41.578131+00:00,EFHK,2026-09-17T05:20:00.000Z,14.0,12.0,9.0,METAR EFHK 170520Z 21009KT CAVOK 14/12 Q0999 TEMPO FM0545 FEW025CB,AviationWeather.gov METAR
2026-09-17T05:50:41.578136+00:00,EGLC,2026-09-17T05:20:00.000Z,15.0,10.0,8.0,METAR EGLC 170520Z AUTO 23008KT 9999 BKN046 15/10 Q1012,AviationWeather.gov METAR
2026-09-17T05:50:41.578140+00:00,EHAM,2026-09-17T05:25:00.000Z,15.0,13.0,11.0,METAR EHAM 170525Z 19011KT 9999 FEW025 15/13 Q1011 NOSIG,AviationWeather.gov METAR
2026-09-17T05:50:41.578145+00:00,EPWA,2026-09-17T05:30:00.000Z,13.0,12.0,8.0,METAR EPWA 170530Z 32008KT 9999 -RA FEW006 BKN042 13/12 Q1012 NOSIG,AviationWeather.gov METAR
2026-09-17T05:50:41.578149+00:00,FACT,2026-09-17T05:00:00.000Z,13.0,6.0,20.0,METAR FACT 170500Z 15020KT 9999 FEW035 13/06 Q1032 NOSIG,AviationWeather.gov METAR
2026-09-17T05:50:41.578157+00:00,KATL,2026-09-17T05:00:00.000Z,24.4,18.3,5.0,METAR KATL 170452Z 10005KT 10SM CLR 24/18 A3033 RMK AO2 SLP258 T02440183 403170228 $,AviationWeather.gov METAR
2026-09-17T05:50:41.578163+00:00,KAUS,2026-09-17T05:00:00.000Z,28.3,23.3,5.0,METAR KAUS 170453Z 18005KT 10SM CLR 28/23 A3016 RMK AO2 SLP201 T02830233 $,AviationWeather.gov METAR
2026-09-17T05:50:41.578168+00:00,KBKF,2026-09-17T05:00:00.000Z,19.4,11.2,12.0,METAR KBKF 170458Z 23012KT 10SM SCT055 BKN080 OVC120 19/11 A3034 RMK AO2A SLP200 T01940112,AviationWeather.gov METAR
2026-09-17T05:50:41.578173+00:00,KDAL,2026-09-17T05:00:00.000Z,31.7,20.0,5.0,METAR KDAL 170453Z 12005KT 10SM FEW250 32/20 A3016 RMK AO2 SLP205 T03170200,AviationWeather.gov METAR
2026-09-17T05:50:41.578177+00:00,KHOU,2026-09-17T05:00:00.000Z,29.4,25.6,9.0,METAR KHOU 170453Z 10009KT 10SM FEW025 BKN270 29/26 A3014 RMK AO2 SLP210 T02940256,AviationWeather.gov METAR
2026-09-17T05:50:41.578185+00:00,KLAX,2026-09-17T05:27:00.000Z,21.1,16.7,7.0,SPECI KLAX 170527Z 26007KT 10SM FEW009 SCT015 BKN032 21/17 A3001 RMK AO2 FU FEW009 T02110167 $,AviationWeather.gov METAR
2026-09-17T05:50:41.578189+00:00,KLGA,2026-09-17T05:00:00.000Z,24.4,18.3,7.0,METAR KLGA 170451Z 20007KT 10SM OVC060 24/18 A3027 RMK AO2 SLP249 T02440183 402610183,AviationWeather.gov METAR
2026-09-17T05:50:41.578194+00:00,KMIA,2026-09-17T05:00:00.000Z,26.1,23.9,4.0,METAR KMIA 170453Z 01004KT 10SM SCT035 BKN150 BKN200 26/24 A3008 RMK AO2 SLP187 CB DSNT NE AND SE MOV W T02610239 403330256 $,AviationWeather.gov METAR
2026-09-17T05:50:41.578198+00:00,KORD,2026-09-17T05:44:00.000Z,18.9,17.8,4.0,SPECI KORD 170544Z 01004KT 10SM OVC008 19/18 A3023 RMK AO2 T01890178 $,AviationWeather.gov METAR
2026-09-17T05:50:41.578202+00:00,KSEA,2026-09-17T05:00:00.000Z,19.4,11.1,8.0,METAR KSEA 170453Z 02008KT 10SM CLR 19/11 A3007 RMK AO2 SLP188 T01940111 $,AviationWeather.gov METAR
2026-09-17T05:50:41.578206+00:00,KSFO,2026-09-17T05:00:00.000Z,17.2,12.8,8.0,METAR KSFO 170456Z 25008KT 10SM FEW008 BKN034 17/13 A3000 RMK AO2 SLP158 T01720128,AviationWeather.gov METAR
2026-09-17T05:50:41.578213+00:00,LEMD,2026-09-17T05:30:00.000Z,15.0,5.0,4.0,METAR LEMD 170530Z 36004KT 9999 SCT070 15/05 Q1019 NOSIG,AviationWeather.gov METAR
2026-09-17T05:50:41.578218+00:00,LFPB,2026-09-17T05:30:00.000Z,14.0,11.0,7.0,METAR LFPB 170530Z AUTO 23007KT 9999 BKN027 BKN040 14/11 Q1018 NOSIG,AviationWeather.gov METAR
2026-09-17T05:50:41.578227+00:00,LIMC,2026-09-17T05:20:00.000Z,18.0,17.0,5.0,METAR LIMC 170520Z 05005KT 010V070 9999 -DZ BKN050 18/17 Q1013 RERA NOSIG,AviationWeather.gov METAR
2026-09-17T05:50:41.578231+00:00,LTAC,2026-09-17T05:20:00.000Z,14.0,14.0,4.0,METAR LTAC 170520Z 21004KT 170V240 3200 -SHRA BR SCT010 BKN025 BKN080 14/14 Q1017 NOSIG,AviationWeather.gov METAR
2026-09-17T05:50:41.578236+00:00,MMMX,2026-09-17T05:00:00.000Z,17.0,10.0,10.0,METAR MMMX 170445Z 31010KT 10SM FEW220 17/10 A3046 NOSIG RMK 8/002,AviationWeather.gov METAR
2026-09-17T05:50:41.578243+00:00,MPMG,2026-09-17T04:00:00.000Z,26.0,24.0,8.0,METAR MPMG 170400Z AUTO 30008KT 260V340 //// R01///// // FEW015/// BKN160/// BKN230/// 26/24 Q1012,AviationWeather.gov METAR
2026-09-17T05:50:41.578247+00:00,NZWN,2026-09-17T05:30:00.000Z,9.0,8.0,15.0,METAR NZWN 170530Z AUTO 18015KT 5000 RA HZ OVC012/// 09/08 Q1005,AviationWeather.gov METAR
2026-09-17T05:50:41.578251+00:00,OEJN,2026-09-17T05:00:00.000Z,32.0,28.0,5.0,METAR OEJN 170500Z 19005KT 8000 FEW040 32/28 Q1007 NOSIG,AviationWeather.gov METAR
2026-09-17T05:50:41.578255+00:00,OPKC,2026-09-17T05:30:00.000Z,32.0,23.0,8.0,METAR OPKC 170530Z 27008KT 4000 HZ SCT020 32/23 Q1008 NOSIG,AviationWeather.gov METAR
2026-09-17T05:50:41.578259+00:00,RJTT,2026-09-17T05:30:00.000Z,24.0,19.0,16.0,METAR RJTT 170530Z 06016KT 9999 FEW025 24/19 Q1019 NOSIG,AviationWeather.gov METAR
2026-09-17T05:50:41.578265+00:00,RKPK,2026-09-17T05:00:00.000Z,27.0,15.0,11.0,METAR RKPK 170500Z 08011G21KT 9999 SCT050 BKN250 27/15 Q1018,AviationWeather.gov METAR
2026-09-17T05:50:41.578269+00:00,RKSI,2026-09-17T05:30:00.000Z,26.0,14.0,9.0,METAR RKSI 170530Z 15009KT 110V180 CAVOK 26/14 Q1019 NOSIG,AviationWeather.gov METAR
2026-09-17T05:50:41.578273+00:00,RPLL,2026-09-17T05:42:00.000Z,31.0,27.0,3.0,SPECI RPLL 170542Z 09003KT 060V160 9000 -SHRA SCT023 BKN100 31/27 Q1007 NOSIG RMK A2974,AviationWeather.gov METAR
2026-09-17T05:50:41.578277+00:00,SAEZ,2026-09-17T05:00:00.000Z,7.0,6.0,3.0,METAR SAEZ 170500Z 06003KT 8000 NSC 07/06 Q1022 NOSIG,AviationWeather.gov METAR
2026-09-17T05:50:41.578281+00:00,SBGR,2026-09-17T05:00:00.000Z,13.0,12.0,8.0,METAR SBGR 170500Z 12008KT 9999 OVC008 13/12 Q1026,AviationWeather.gov METAR
2026-09-17T05:50:41.578286+00:00,VILK,2026-09-17T05:30:00.000Z,33.0,26.0,4.0,METAR VILK 170530Z 34004KT 5000 HZ SCT020 33/26 Q1009 NOSIG,AviationWeather.gov METAR
2026-09-17T05:50:41.578290+00:00,WMKK,2026-09-17T05:30:00.000Z,32.0,24.0,4.0,METAR WMKK 170530Z VRB04KT 4000 HZ FEW030 32/24 Q1010 NOSIG,AviationWeather.gov METAR
2026-09-17T05:50:41.578294+00:00,WSSS,2026-09-17T05:30:00.000Z,32.0,23.0,8.0,METAR WSSS 170530Z 17008KT 140V220 8000 FEW018 FEW020TCU BKN300 32/23 Q1011 NOSIG,AviationWeather.gov METAR
2026-09-17T05:50:41.578298+00:00,ZBAA,2026-09-17T05:30:00.000Z,30.0,16.0,6.0,METAR ZBAA 170530Z 14003MPS 090V190 CAVOK 30/16 Q1016 NOSIG,AviationWeather.gov METAR
2026-09-17T05:50:41.578309+00:00,ZGGG,2026-09-17T05:30:00.000Z,32.0,23.0,2.0,METAR ZGGG 170530Z VRB01MPS 9999 BKN033 32/23 Q1011 NOSIG,AviationWeather.gov METAR
2026-09-17T05:50:41.578313+00:00,ZGSZ,2026-09-17T05:00:00.000Z,30.0,24.0,6.0,METAR ZGSZ 170500Z 23003MPS 9999 FEW030 30/24 Q1012 NOSIG,AviationWeather.gov METAR
2026-09-17T05:50:41.578317+00:00,ZHCC,2026-09-17T05:00:00.000Z,24.0,14.0,4.0,METAR ZHCC 170500Z 20002MPS 120V260 9999 SCT040 24/14 Q1018 NOSIG,AviationWeather.gov METAR
2026-09-17T05:50:41.578321+00:00,ZHHH,2026-09-17T05:00:00.000Z,19.0,19.0,8.0,METAR ZHHH 170500Z 06004MPS 3500 SHRA BR FEW005 SCT007 19/19 Q1014 BECMG TL0540 -RA,AviationWeather.gov METAR
2026-09-17T05:50:41.578325+00:00,ZSPD,2026-09-17T05:30:00.000Z,28.0,18.0,12.0,METAR ZSPD 170530Z 09006MPS 040V180 CAVOK 28/18 Q1015 NOSIG,AviationWeather.gov METAR
2026-09-17T05:50:41.578328+00:00,ZSQD,2026-09-17T05:00:00.000Z,28.0,19.0,10.0,METAR ZSQD 170500Z 17005MPS 140V200 9999 SCT030 28/19 Q1016 NOSIG,AviationWeather.gov METAR
2026-09-17T05:50:41.578332+00:00,ZUCK,2026-09-17T05:00:00.000Z,21.0,21.0,4.0,METAR ZUCK 170500Z 18002MPS 130V210 7000 FEW003 SCT016 OVC030 21/21 Q1015 NOSIG,AviationWeather.gov METAR
2026-09-17T05:50:41.578335+00:00,ZUUU,2026-09-17T05:00:00.000Z,25.0,19.0,4.0,METAR ZUUU 170500Z 09002MPS 040V170 9999 FEW016 SCT026 25/19 Q1015 NOSIG,AviationWeather.gov METAR
2026-09-17T11:09:39.525872+00:00,CYYZ,2026-09-17T11:00:00.000Z,17.0,13.0,5.0,METAR CYYZ 171100Z 34005KT 15SM BKN025 BKN083 OVC120 17/13 A3024 RMK SC6AC1AC1 SLP241,AviationWeather.gov METAR
2026-09-17T11:09:39.525892+00:00,EDDM,2026-09-17T11:00:00.000Z,17.0,9.0,7.0,METAR EDDM 171050Z AUTO 22007KT 170V260 9999 FEW040 17/09 Q1018 NOSIG,AviationWeather.gov METAR
2026-09-17T11:09:39.525898+00:00,EFHK,2026-09-17T11:00:00.000Z,15.0,12.0,10.0,METAR EFHK 171050Z 23010KT 9999 FEW016 FEW020CB BKN070 15/12 Q0999 TEMPO SHRA,AviationWeather.gov METAR
2026-09-17T11:09:39.525903+00:00,EGLC,2026-09-17T11:00:00.000Z,20.0,14.0,12.0,METAR EGLC 171050Z AUTO 24012KT 210V270 9999 BKN020/// BKN032/// //////CB 20/14 Q1009,AviationWeather.gov METAR
2026-09-17T11:09:39.525907+00:00,EHAM,2026-09-17T11:00:00.000Z,17.0,13.0,17.0,METAR EHAM 171055Z 22017KT 9999 FEW022 17/13 Q1010 NOSIG,AviationWeather.gov METAR
2026-09-17T11:09:39.525911+00:00,EPWA,2026-09-17T11:00:00.000Z,16.0,13.0,9.0,METAR EPWA 171100Z 27009KT 230V290 9999 BKN020 16/13 Q1014 NOSIG,AviationWeather.gov METAR
2026-09-17T11:09:39.525915+00:00,FACT,2026-09-17T11:00:00.000Z,19.0,8.0,22.0,METAR FACT 171100Z 15022KT 9999 SCT035 19/08 Q1032 NOSIG,AviationWeather.gov METAR
2026-09-17T11:09:39.525923+00:00,KATL,2026-09-17T11:00:00.000Z,21.1,17.8,0.0,METAR KATL 171052Z 00000KT 10SM CLR 21/18 A3031 RMK AO2 SLP253 T02110178 $,AviationWeather.gov METAR
2026-09-17T11:09:39.525929+00:00,KAUS,2026-09-17T11:00:00.000Z,23.3,21.7,0.0,METAR KAUS 171053Z 00000KT 10SM CLR 23/22 A3016 RMK AO2 SLP200 T02330217 $,AviationWeather.gov METAR
2026-09-17T11:09:39.525933+00:00,KBKF,2026-09-17T11:00:00.000Z,17.0,12.5,4.0,METAR KBKF 171058Z 19004KT 10SM BKN090 BKN120 17/13 A3028 RMK AO2A SLP179 T01700125,AviationWeather.gov METAR
2026-09-17T11:09:39.525940+00:00,KDAL,2026-09-17T11:00:00.000Z,28.3,21.1,4.0,METAR KDAL 171053Z 18004KT 10SM FEW250 28/21 A3018 RMK AO2 SLP212 T02830211,AviationWeather.gov METAR
2026-09-17T11:09:39.525944+00:00,KHOU,2026-09-17T11:00:00.000Z,27.8,25.6,8.0,METAR KHOU 171053Z 04008KT 9SM FEW030 SCT100 28/26 A3012 RMK AO2 SLP201 CB DSNT SE T02780256,AviationWeather.gov METAR
2026-09-17T11:09:39.525948+00:00,KLAX,2026-09-17T10:00:00.000Z,20.6,15.6,8.0,METAR KLAX 170953Z 27008KT 10SM FEW022 OVC036 21/16 A3003 RMK AO2 SLP165 T02060156 $,AviationWeather.gov METAR
2026-09-17T11:09:39.525952+00:00,KLGA,2026-09-17T11:00:00.000Z,23.3,18.9,4.0,METAR KLGA 171051Z 08004KT 10SM SCT065 BKN250 23/19 A3023 RMK AO2 SLP236 T02330189,AviationWeather.gov METAR
2026-09-17T11:09:39.525956+00:00,KMIA,2026-09-17T11:00:00.000Z,25.6,23.9,4.0,METAR KMIA 171053Z 01004KT 10SM -RA FEW020CB SCT045 BKN080 BKN130 BKN230 26/24 A3004 RMK AO2 RAB40 TSE0958 SLP174 CB VC NE-E MOV W P0000 T02560239,AviationWeather.gov METAR
2026-09-17T11:09:39.525960+00:00,KORD,2026-09-17T11:00:00.000Z,18.9,18.3,0.0,METAR KORD 171051Z 00000KT 3SM +TSRA BR BKN055CB OVC070 19/18 A3019 RMK AO2 SLP221 CONS LTGICCG OHD TS OHD MOV E P0017 T01890183 $,AviationWeather.gov METAR
2026-09-17T11:09:39.525963+00:00,KSEA,2026-09-17T11:00:00.000Z,14.4,11.7,6.0,METAR KSEA 171053Z 05006KT 10SM CLR 14/12 A3006 RMK AO2 SLP183 T01440117 $,AviationWeather.gov METAR
2026-09-17T11:09:39.525967+00:00,KSFO,2026-09-17T11:00:00.000Z,17.2,13.9,7.0,METAR KSFO 171056Z 23007KT 10SM FEW022 BKN038 17/14 A3002 RMK AO2 SLP165 T01720139,AviationWeather.gov METAR
2026-09-17T11:09:39.525972+00:00,LEMD,2026-09-17T11:00:00.000Z,22.0,9.0,4.0,METAR LEMD 171100Z 07004KT 9999 SCT048 22/09 Q1019 NOSIG,AviationWeather.gov METAR
2026-09-17T11:09:39.525976+00:00,LFPB,2026-09-17T11:00:00.000Z,19.0,10.0,11.0,METAR LFPB 171100Z AUTO 25011KT 220V290 9999 BKN040 OVC120 19/10 Q1016 NOSIG,AviationWeather.gov METAR
2026-09-17T11:09:39.525979+00:00,LIMC,2026-09-17T11:00:00.000Z,23.0,16.0,5.0,METAR LIMC 171050Z 15005KT 120V200 9999 FEW030 23/16 Q1014 NOSIG,AviationWeather.gov METAR
2026-09-17T11:09:39.525983+00:00,LTAC,2026-09-17T11:00:00.000Z,17.0,13.0,4.0,METAR LTAC 171050Z VRB04KT 9999 SCT015 BKN030 BKN080 17/13 Q1016 NOSIG,AviationWeather.gov METAR
2026-09-17T11:09:39.525987+00:00,MMMX,2026-09-17T11:00:00.000Z,15.0,11.0,5.0,METAR MMMX 171055Z 29005KT 10SM BKN020 15/11 A3043 NOSIG RMK 8/500,AviationWeather.gov METAR
2026-09-17T11:09:39.525991+00:00,MPMG,2026-09-17T11:00:00.000Z,26.0,24.0,5.0,METAR MPMG 171100Z 32005KT 9000 FEW018 26/24 Q1009 NOSIG,AviationWeather.gov METAR
2026-09-17T11:09:39.525994+00:00,NZWN,2026-09-17T11:00:00.000Z,9.0,8.0,13.0,METAR NZWN 171100Z AUTO 16013KT 7000 -RA FEW010/// OVC027/// 09/08 Q1007,AviationWeather.gov METAR
2026-09-17T11:09:39.525998+00:00,OEJN,2026-09-17T11:00:00.000Z,36.0,28.0,7.0,METAR OEJN 171100Z 26007KT 7000 NSC 36/28 Q1006 NOSIG,AviationWeather.gov METAR
2026-09-17T11:09:39.526002+00:00,OPKC,2026-09-17T11:00:00.000Z,34.0,22.0,14.0,METAR OPKC 171100Z 25014KT 6000 FEW020 34/22 Q1005 NOSIG,AviationWeather.gov METAR
2026-09-17T11:09:39.526006+00:00,RJTT,2026-09-17T11:00:00.000Z,22.0,18.0,21.0,METAR RJTT 171100Z 04021KT 9999 FEW020 22/18 Q1021 NOSIG,AviationWeather.gov METAR
2026-09-17T11:09:39.526009+00:00,RKPK,2026-09-17T11:00:00.000Z,24.0,16.0,9.0,METAR RKPK 171100Z 05009KT 9999 FEW040 BKN210 24/16 Q1019,AviationWeather.gov METAR
2026-09-17T11:09:39.526013+00:00,RKSI,2026-09-17T11:00:00.000Z,24.0,16.0,6.0,METAR RKSI 171100Z 04006KT CAVOK 24/16 Q1020 NOSIG,AviationWeather.gov METAR
2026-09-17T11:09:39.526017+00:00,RPLL,2026-09-17T11:00:00.000Z,27.0,26.0,2.0,METAR RPLL 171100Z VRB02KT 9999 FEW025 BKN100 27/26 Q1009 NOSIG RMK A2980,AviationWeather.gov METAR
2026-09-17T11:09:39.526021+00:00,SAEZ,2026-09-17T11:00:00.000Z,13.0,10.0,6.0,METAR SAEZ 171100Z 02006KT CAVOK 13/10 Q1023 NOSIG,AviationWeather.gov METAR
2026-09-17T11:09:39.526025+00:00,SBGR,2026-09-17T11:00:00.000Z,15.0,12.0,10.0,METAR SBGR 171100Z 08010KT 9999 OVC011 15/12 Q1027,AviationWeather.gov METAR
2026-09-17T11:09:39.526029+00:00,VILK,2026-09-17T10:30:00.000Z,29.0,23.0,3.0,METAR VILK 171030Z 17003KT 4500 HZ SCT020 BKN100 29/23 Q1005 BECMG 5000 HZ,AviationWeather.gov METAR
2026-09-17T11:09:39.526033+00:00,WMKK,2026-09-17T11:00:00.000Z,31.0,25.0,0.0,METAR WMKK 171100Z 00000KT 3000 HZ FEW017CB 31/25 Q1009 NOSIG,AviationWeather.gov METAR
2026-09-17T11:09:39.526036+00:00,WSSS,2026-09-17T11:00:00.000Z,31.0,22.0,8.0,METAR WSSS 171100Z 15008KT 6000 FEW020 BKN300 31/22 Q1010 NOSIG,AviationWeather.gov METAR
2026-09-17T11:09:39.526040+00:00,ZBAA,2026-09-17T11:00:00.000Z,22.0,19.0,2.0,METAR ZBAA 171100Z VRB01MPS 8000 NSC 22/19 Q1016 NOSIG,AviationWeather.gov METAR
2026-09-17T11:09:39.526044+00:00,ZGGG,2026-09-17T11:00:00.000Z,32.0,23.0,6.0,METAR ZGGG 171100Z 13003MPS 9999 SCT046 32/23 Q1010 NOSIG,AviationWeather.gov METAR
2026-09-17T11:09:39.526047+00:00,ZGSZ,2026-09-17T11:00:00.000Z,29.0,25.0,8.0,METAR ZGSZ 171100Z 19004MPS 9999 FEW040 29/25 Q1011 NOSIG,AviationWeather.gov METAR
2026-09-17T11:09:39.526051+00:00,ZHCC,2026-09-17T11:00:00.000Z,22.0,14.0,4.0,METAR ZHCC 171100Z 21002MPS 180V250 CAVOK 22/14 Q1017 NOSIG,AviationWeather.gov METAR
2026-09-17T11:09:39.526055+00:00,ZHHH,2026-09-17T11:00:00.000Z,19.0,19.0,8.0,METAR ZHHH 171100Z 05004MPS 9999 FEW008 SCT015 19/19 Q1014 NOSIG,AviationWeather.gov METAR
2026-09-17T11:09:39.526059+00:00,ZSPD,2026-09-17T11:00:00.000Z,26.0,18.0,8.0,METAR ZSPD 171100Z 08004MPS CAVOK 26/18 Q1016 NOSIG,AviationWeather.gov METAR
2026-09-17T11:09:39.526062+00:00,ZSQD,2026-09-17T11:00:00.000Z,23.0,19.0,6.0,METAR ZSQD 171100Z 15003MPS CAVOK 23/19 Q1017 NOSIG,AviationWeather.gov METAR
2026-09-17T11:09:39.526066+00:00,ZUCK,2026-09-17T11:00:00.000Z,21.0,20.0,2.0,METAR ZUCK 171100Z VRB01MPS 9999 FEW009 SCT023 BKN036 21/20 Q1013 NOSIG,AviationWeather.gov METAR
2026-09-17T11:09:39.526070+00:00,ZUUU,2026-09-17T11:00:00.000Z,25.0,19.0,6.0,METAR ZUUU 171100Z 09003MPS 060V130 CAVOK 25/19 Q1013 NOSIG,AviationWeather.gov METAR
2026-09-17T15:33:06.461290+00:00,CYYZ,2026-09-17T15:00:00.000Z,20.0,14.0,3.0,METAR CYYZ 171500Z 03003KT 15SM BKN063 BKN072 20/14 A3022 RMK SC6AC1 AC TR SLP234 DENSITY ALT 1000FT,AviationWeather.gov METAR
2026-09-17T15:33:06.461309+00:00,EDDM,2026-09-17T15:20:00.000Z,20.0,8.0,6.0,METAR EDDM 171520Z AUTO 28006KT 230V300 CAVOK 20/08 Q1015 NOSIG,AviationWeather.gov METAR
2026-09-17T15:33:06.461315+00:00,EFHK,2026-09-17T15:20:00.000Z,16.0,11.0,10.0,METAR EFHK 171520Z 23010KT 9999 SCT025 16/11 Q1000 NOSIG,AviationWeather.gov METAR
2026-09-17T15:33:06.461319+00:00,EGLC,2026-09-17T15:20:00.000Z,20.0,9.0,13.0,METAR EGLC 171520Z AUTO 28013KT 9999 NCD 20/09 Q1009,AviationWeather.gov METAR
2026-09-17T15:33:06.461322+00:00,EHAM,2026-09-17T15:25:00.000Z,15.0,15.0,18.0,METAR EHAM 171525Z 20018KT 180V240 7000 SHRA FEW002 BKN006 BKN012 FEW022CB 15/15 Q1008 TEMPO 3000 +SHRA,AviationWeather.gov METAR
2026-09-17T15:33:06.461326+00:00,EPWA,2026-09-17T15:00:00.000Z,18.0,11.0,10.0,METAR EPWA 171500Z 26010KT 9999 FEW030TCU SCT033 18/11 Q1014 NOSIG,AviationWeather.gov METAR
2026-09-17T15:33:06.461329+00:00,FACT,2026-09-17T15:00:00.000Z,18.0,4.0,22.0,METAR FACT 171500Z 14022G32KT 9999 FEW035 18/04 Q1031 NOSIG,AviationWeather.gov METAR
2026-09-17T15:33:06.461335+00:00,KATL,2026-09-17T15:00:00.000Z,26.1,18.3,5.0,METAR KATL 171452Z 26005KT 10SM FEW250 26/18 A3034 RMK AO2 SLP262 T02610183 50005 $,AviationWeather.gov METAR
2026-09-17T15:33:06.461340+00:00,KAUS,2026-09-17T15:00:00.000Z,29.4,23.9,4.0,METAR KAUS 171453Z 10004KT 10SM SCT020 SCT200 BKN300 29/24 A3020 RMK AO2 SLP213 T02940239 51009 $,AviationWeather.gov METAR
2026-09-17T15:33:06.461345+00:00,KBKF,2026-09-17T15:00:00.000Z,20.8,12.2,8.0,METAR KBKF 171458Z 14008KT 10SM FEW070 FEW110 SCT140 BKN220 21/12 A3030 RMK AO2A SLP190 T02080122 50007,AviationWeather.gov METAR
2026-09-17T15:33:06.461348+00:00,KDAL,2026-09-17T15:00:00.000Z,31.1,22.2,8.0,METAR KDAL 171453Z 17008KT 10SM SCT250 31/22 A3023 RMK AO2 SLP228 T03110222 51014,AviationWeather.gov METAR
2026-09-17T15:33:06.461351+00:00,KHOU,2026-09-17T15:01:00.000Z,28.9,25.6,10.0,SPECI KHOU 171501Z 07010KT 10SM BKN015 BKN040 OVC250 29/26 A3015 RMK AO2 T02890256 $,AviationWeather.gov METAR
2026-09-17T15:33:06.461354+00:00,KLAX,2026-09-17T15:00:00.000Z,21.1,15.0,5.0,METAR KLAX 171453Z 24005KT 10SM FEW015 SCT027 BKN049 21/15 A3008 RMK AO2 SLP183 T02110150 53013 $,AviationWeather.gov METAR
2026-09-17T15:33:06.461357+00:00,KLGA,2026-09-17T15:00:00.000Z,26.1,18.9,9.0,METAR KLGA 171451Z 16009KT 10SM SCT050 SCT095 BKN250 26/19 A3023 RMK AO2 SLP235 T02610189 56005,AviationWeather.gov METAR
2026-09-17T15:33:06.461361+00:00,KMIA,2026-09-17T15:00:00.000Z,26.1,23.3,3.0,METAR KMIA 171453Z COR VRB03KT 10SM FEW020TCU SCT080 BKN160 BKN230 26/23 A3009 RMK AO2 LTG DSNT N SLP189 CB DSNT NW-NE MOV W TCU E-S-SW T02610233,AviationWeather.gov METAR
2026-09-17T15:33:06.461364+00:00,KORD,2026-09-17T15:29:00.000Z,21.7,21.1,5.0,SPECI KORD 171529Z 22005KT 10SM -RA BKN005 OVC025 22/21 A3021 RMK AO2 P0000 T02170211,AviationWeather.gov METAR
2026-09-17T15:33:06.461367+00:00,KSEA,2026-09-17T15:00:00.000Z,14.4,11.7,5.0,METAR KSEA 171453Z 02005KT 10SM FEW250 14/12 A3007 RMK AO2 SLP187 T01440117 53004 $,AviationWeather.gov METAR
2026-09-17T15:33:06.461370+00:00,KSFO,2026-09-17T15:00:00.000Z,17.8,12.8,7.0,METAR KSFO 171456Z 25007KT 10SM FEW006 BKN035 18/13 A3008 RMK AO2 SLP185 T01780128 53016,AviationWeather.gov METAR
2026-09-17T15:33:06.461373+00:00,LEMD,2026-09-17T15:00:00.000Z,27.0,9.0,4.0,METAR LEMD 171500Z 27004KT 9999 FEW060 27/09 Q1016 NOSIG,AviationWeather.gov METAR
2026-09-17T15:33:06.461376+00:00,LFPB,2026-09-17T15:00:00.000Z,22.0,9.0,13.0,METAR LFPB 171500Z AUTO 25013KT 230V290 CAVOK 22/09 Q1014 NOSIG,AviationWeather.gov METAR
2026-09-17T15:33:06.461379+00:00,LIMC,2026-09-17T15:20:00.000Z,22.0,16.0,6.0,METAR LIMC 171520Z COR 12006KT CAVOK 22/16,AviationWeather.gov METAR
2026-09-17T15:33:06.461383+00:00,LTAC,2026-09-17T15:20:00.000Z,18.0,11.0,3.0,METAR LTAC 171520Z 16003KT 110V180 9999 SCT035 BKN090 18/11 Q1014 NOSIG,AviationWeather.gov METAR
2026-09-17T15:33:06.461386+00:00,MMMX,2026-09-17T15:00:00.000Z,19.0,11.0,10.0,METAR MMMX 171446Z 02010KT 10SM SCT020 BKN220 19/11 A3047 NOSIG RMK SLP158 52019 904 8/802,AviationWeather.gov METAR
2026-09-17T15:33:06.461389+00:00,MPMG,2026-09-17T15:00:00.000Z,31.0,25.0,7.0,METAR MPMG 171500Z 32007KT 280V010 9000 SCT018 31/25 Q1010 NOSIG,AviationWeather.gov METAR
2026-09-17T15:33:06.461392+00:00,NZWN,2026-09-17T15:00:00.000Z,10.0,8.0,9.0,METAR NZWN 171500Z AUTO 19009KT 9999 FEW012/// OVC030/// 10/08 Q1006,AviationWeather.gov METAR
2026-09-17T15:33:06.461395+00:00,OEJN,2026-09-17T15:00:00.000Z,34.0,27.0,6.0,METAR OEJN 171500Z 30006KT 8000 FEW040 34/27 Q1005 NOSIG,AviationWeather.gov METAR
2026-09-17T15:33:06.461398+00:00,OPKC,2026-09-17T15:30:00.000Z,29.0,24.0,14.0,METAR OPKC 171530Z 25014KT 5000 HZ BKN020 29/24 Q1006 NOSIG,AviationWeather.gov METAR
2026-09-17T15:33:06.461401+00:00,RJTT,2026-09-17T15:00:00.000Z,22.0,18.0,15.0,METAR RJTT 171500Z 01015KT 9999 FEW020 BKN030 22/18 Q1021 NOSIG,AviationWeather.gov METAR
2026-09-17T15:33:06.461404+00:00,RKPK,2026-09-17T15:00:00.000Z,23.0,17.0,6.0,METAR RKPK 171500Z 04006KT 9999 FEW040 BKN200 23/17 Q1019,AviationWeather.gov METAR
2026-09-17T15:33:06.461408+00:00,RKSI,2026-09-17T15:00:00.000Z,23.0,13.0,7.0,METAR RKSI 171500Z 09007KT 050V140 CAVOK 23/13 Q1020 NOSIG,AviationWeather.gov METAR
2026-09-17T15:33:06.461411+00:00,RPLL,2026-09-17T15:00:00.000Z,27.0,25.0,4.0,METAR RPLL 171500Z 02004KT 350V060 9999 -RA FEW025 OVC100 27/25 Q1011 NOSIG RMK A2985,AviationWeather.gov METAR
2026-09-17T15:33:06.461414+00:00,SAEZ,2026-09-17T15:00:00.000Z,24.0,10.0,9.0,METAR SAEZ 171500Z 36009KT CAVOK 24/10 Q1023 NOSIG,AviationWeather.gov METAR
2026-09-17T15:33:06.461417+00:00,SBGR,2026-09-17T15:00:00.000Z,17.0,13.0,9.0,METAR SBGR 171500Z 09009KT 9999 OVC017 17/13 Q1027,AviationWeather.gov METAR
2026-09-17T15:33:06.461420+00:00,VILK,2026-09-17T15:00:00.000Z,28.0,26.0,4.0,METAR VILK 171500Z 16004KT 5000 BR SCT100 28/26 Q1007 NOSIG,AviationWeather.gov METAR
2026-09-17T15:33:06.461423+00:00,WMKK,2026-09-17T15:00:00.000Z,28.0,25.0,1.0,METAR WMKK 171500Z VRB01KT 4000 HZ FEW030 28/25 Q1011 NOSIG,AviationWeather.gov METAR
2026-09-17T15:33:06.461426+00:00,WSSS,2026-09-17T15:30:00.000Z,29.0,24.0,7.0,METAR WSSS 171530Z 11007KT 9999 FEW018 SCT160 BKN300 29/24 Q1012 NOSIG,AviationWeather.gov METAR
2026-09-17T15:33:06.461430+00:00,ZBAA,2026-09-17T15:00:00.000Z,23.0,21.0,4.0,METAR ZBAA 171500Z 11002MPS 050V150 3000 BR BKN030 23/21 Q1018 BECMG TL1540 2800,AviationWeather.gov METAR
2026-09-17T15:33:06.461433+00:00,ZGGG,2026-09-17T15:00:00.000Z,29.0,25.0,6.0,METAR ZGGG 171500Z 08003MPS CAVOK 29/25 Q1012 NOSIG,AviationWeather.gov METAR
2026-09-17T15:33:06.461436+00:00,ZGSZ,2026-09-17T15:00:00.000Z,28.0,24.0,6.0,METAR ZGSZ 171500Z 10003MPS 9999 FEW050 28/24 Q1013 NOSIG,AviationWeather.gov METAR
2026-09-17T15:33:06.461439+00:00,ZHCC,2026-09-17T15:00:00.000Z,18.0,15.0,2.0,METAR ZHCC 171500Z 26001MPS CAVOK 18/15 Q1018 NOSIG,AviationWeather.gov METAR
2026-09-17T15:33:06.461442+00:00,ZHHH,2026-09-17T15:00:00.000Z,19.0,19.0,6.0,METAR ZHHH 171500Z 08003MPS 6000 FEW007 SCT010 OVC030 19/19 Q1016 NOSIG,AviationWeather.gov METAR
2026-09-17T15:33:06.461445+00:00,ZSPD,2026-09-17T15:00:00.000Z,25.0,19.0,6.0,METAR ZSPD 171500Z 06003MPS CAVOK 25/19 Q1016 NOSIG,AviationWeather.gov METAR
2026-09-17T15:33:06.461448+00:00,ZSQD,2026-09-17T15:00:00.000Z,20.0,19.0,4.0,METAR ZSQD 171500Z 06002MPS CAVOK 20/19 Q1018 NOSIG,AviationWeather.gov METAR
2026-09-17T15:33:06.461451+00:00,ZUCK,2026-09-17T15:00:00.000Z,21.0,21.0,4.0,METAR ZUCK 171500Z 02002MPS 8000 NSC 21/21 Q1015 NOSIG,AviationWeather.gov METAR
2026-09-17T15:33:06.461455+00:00,ZUUU,2026-09-17T15:00:00.000Z,22.0,20.0,2.0,METAR ZUUU 171500Z VRB01MPS 9999 FEW026 22/20 Q1015 NOSIG,AviationWeather.gov METAR
2026-09-17T19:17:34.391341+00:00,CYYZ,2026-09-17T19:00:00.000Z,24.0,17.0,0.0,METAR CYYZ 171900Z 00000KT 15SM FEW038 BKN096 24/17 A3016 RMK CU2AC5 SLP215 DENSITY ALT 1600FT,AviationWeather.gov METAR
2026-09-17T19:17:34.391362+00:00,EDDM,2026-09-17T19:00:00.000Z,12.0,8.0,1.0,METAR EDDM 171850Z AUTO VRB01KT CAVOK 12/08 Q1015 NOSIG,AviationWeather.gov METAR
2026-09-17T19:17:34.391368+00:00,EFHK,2026-09-17T19:00:00.000Z,12.0,11.0,6.0,METAR EFHK 171850Z 23006KT CAVOK 12/11 Q1001 NOSIG,AviationWeather.gov METAR
2026-09-17T19:17:34.391372+00:00,EGLC,2026-09-17T19:00:00.000Z,18.0,6.0,11.0,METAR EGLC 171850Z AUTO 27011KT 240V310 9999 NCD 18/06 Q1010,AviationWeather.gov METAR
2026-09-17T19:17:34.391376+00:00,EHAM,2026-09-17T19:00:00.000Z,16.0,15.0,12.0,METAR EHAM 171855Z 25012KT 220V280 9000 -SHRA FEW009 FEW020CB SCT026 16/15 Q1008 NOSIG,AviationWeather.gov METAR
2026-09-17T19:17:34.391379+00:00,EPWA,2026-09-17T19:00:00.000Z,13.0,11.0,4.0,METAR EPWA 171900Z 22004KT CAVOK 13/11 Q1015 NOSIG,AviationWeather.gov METAR
2026-09-17T19:17:34.391382+00:00,FACT,2026-09-17T19:00:00.000Z,14.0,4.0,20.0,METAR FACT 171900Z 15020KT CAVOK 14/04 Q1033 NOSIG,AviationWeather.gov METAR
2026-09-17T19:17:34.391389+00:00,KATL,2026-09-17T19:00:00.000Z,31.1,16.7,9.0,METAR KATL 171852Z 05009KT 10SM FEW055 FEW200 31/17 A3027 RMK AO2 SLP238 T03110167 $,AviationWeather.gov METAR
2026-09-17T19:17:34.391394+00:00,KAUS,2026-09-17T19:00:00.000Z,35.0,21.7,5.0,METAR KAUS 171853Z 07005G14KT 10SM BKN048 BKN095 BKN250 35/22 A3014 RMK AO2 SLP194 T03500217 $,AviationWeather.gov METAR
2026-09-17T19:17:34.391398+00:00,KBKF,2026-09-17T19:00:00.000Z,26.7,10.8,6.0,METAR KBKF 171858Z VRB06KT 10SM SCT090 BKN140 BKN220 27/11 A3023 RMK AO2A SLP154 T02670108,AviationWeather.gov METAR
2026-09-17T19:17:34.391401+00:00,KDAL,2026-09-17T19:00:00.000Z,35.6,19.4,4.0,METAR KDAL 171853Z VRB04KT 10SM SCT060 SCT250 36/19 A3018 RMK AO2 SLP212 T03560194,AviationWeather.gov METAR
2026-09-17T19:17:34.391404+00:00,KHOU,2026-09-17T19:00:00.000Z,26.7,24.4,11.0,METAR KHOU 171853Z 05011KT 9SM -RA FEW030 BKN050 BKN075 OVC150 27/24 A3014 RMK AO2 PK WND 07028/1823 LTG DSNT SE-SW RAB25 SLP209 P0004 T02670244,AviationWeather.gov METAR
2026-09-17T19:17:34.391408+00:00,KLAX,2026-09-17T19:00:00.000Z,23.9,15.0,10.0,METAR KLAX 171853Z 26010KT 10SM FEW043 24/15 A3009 RMK AO2 SLP187 T02390150 $,AviationWeather.gov METAR
2026-09-17T19:17:34.391411+00:00,KLGA,2026-09-17T19:00:00.000Z,26.7,20.0,14.0,METAR KLGA 171851Z 16014KT 10SM FEW031 SCT060 BKN085 BKN190 BKN250 27/20 A3013 RMK AO2 SLP203 T02670200 $,AviationWeather.gov METAR
2026-09-17T19:17:34.391414+00:00,KMIA,2026-09-17T19:00:00.000Z,27.2,23.3,4.0,METAR KMIA 171853Z 36004KT 10SM FEW025 SCT045 BKN150 OVC200 27/23 A3002 RMK AO2 RAE10 SLP167 P0000 T02720233 $,AviationWeather.gov METAR
2026-09-17T19:17:34.391417+00:00,KORD,2026-09-17T19:00:00.000Z,25.6,21.7,5.0,METAR KORD 171851Z 31005KT 10SM FEW006 FEW015 BKN027 OVC250 26/22 A3018 RMK AO2 SLP217 T02560217,AviationWeather.gov METAR
2026-09-17T19:17:34.391420+00:00,KSEA,2026-09-17T19:00:00.000Z,19.4,12.8,8.0,METAR KSEA 171853Z 28008KT 10SM FEW250 19/13 A3006 RMK AO2 SLP183 T01940128 $,AviationWeather.gov METAR
2026-09-17T19:17:34.391423+00:00,KSFO,2026-09-17T19:11:00.000Z,20.0,12.2,8.0,SPECI KSFO 171911Z 22008KT 10SM FEW009 BKN039 OVC044 20/12 A3013 RMK AO2 T02000122,AviationWeather.gov METAR
2026-09-17T19:17:34.391426+00:00,LEMD,2026-09-17T19:00:00.000Z,23.0,8.0,2.0,METAR LEMD 171900Z 02002KT CAVOK 23/08 Q1015 NOSIG,AviationWeather.gov METAR
2026-09-17T19:17:34.391429+00:00,LFPB,2026-09-17T19:00:00.000Z,19.0,10.0,7.0,METAR LFPB 171900Z AUTO 24007KT 9999 BKN044 OVC062 19/10 Q1013 NOSIG,AviationWeather.gov METAR
2026-09-17T19:17:34.391433+00:00,LIMC,2026-09-17T19:00:00.000Z,21.0,15.0,7.0,METAR LIMC 171850Z 11007KT 070V140 9999 SCT030 21/15 Q1014 NOSIG,AviationWeather.gov METAR
2026-09-17T19:17:34.391436+00:00,LTAC,2026-09-17T19:00:00.000Z,16.0,14.0,4.0,METAR LTAC 171850Z VRB04KT 9999 -SHRA BKN030 BKN080 16/14 Q1015 NOSIG,AviationWeather.gov METAR
2026-09-17T19:17:34.391438+00:00,MMMX,2026-09-17T19:00:00.000Z,22.0,11.0,10.0,METAR MMMX 171856Z 01010G20KT 10SM SCT020 BKN220 22/11 A3039 NOSIG RMK 8/208 DSNT TCU E W,AviationWeather.gov METAR
2026-09-17T19:17:34.391441+00:00,MPMG,2026-09-17T19:00:00.000Z,31.0,26.0,14.0,METAR MPMG 171900Z 30014KT 270V330 9000 SCT016CB 31/26 Q1007 TEMPO 6000 TSRA,AviationWeather.gov METAR
2026-09-17T19:17:34.391444+00:00,NZWN,2026-09-17T19:00:00.000Z,9.0,8.0,2.0,METAR NZWN 171900Z AUTO 05002KT 9999 BKN012/// 09/08 Q1006,AviationWeather.gov METAR
2026-09-17T19:17:34.391447+00:00,OEJN,2026-09-17T19:00:00.000Z,34.0,23.0,0.0,METAR OEJN 171900Z 00000KT 8000 NSC 34/23 Q1006 NOSIG,AviationWeather.gov METAR
2026-09-17T19:17:34.391450+00:00,OPKC,2026-09-17T19:00:00.000Z,29.0,22.0,8.0,METAR OPKC 171900Z 24008KT 5000 HZ BKN020 29/22 Q1007 NOSIG,AviationWeather.gov METAR
2026-09-17T19:17:34.391453+00:00,RJTT,2026-09-17T19:00:00.000Z,22.0,18.0,16.0,METAR RJTT 171900Z 35016KT 9999 FEW020 BKN030 22/18 Q1022 NOSIG,AviationWeather.gov METAR
2026-09-17T19:17:34.391456+00:00,RKPK,2026-09-17T19:00:00.000Z,24.0,18.0,8.0,METAR RKPK 171900Z 04008KT 9999 BKN030 BKN120 BKN180 24/18 Q1018,AviationWeather.gov METAR
2026-09-17T19:17:34.391459+00:00,RKSI,2026-09-17T19:00:00.000Z,20.0,15.0,6.0,METAR RKSI 171900Z 05006KT CAVOK 20/15 Q1021 NOSIG,AviationWeather.gov METAR
2026-09-17T19:17:34.391462+00:00,RPLL,2026-09-17T19:00:00.000Z,26.0,26.0,1.0,METAR RPLL 171900Z VRB01KT 9999 FEW025 SCT130 26/26 Q1010 NOSIG RMK A2983,AviationWeather.gov METAR
2026-09-17T19:17:34.391465+00:00,SAEZ,2026-09-17T19:00:00.000Z,26.0,8.0,8.0,METAR SAEZ 171900Z 35008KT CAVOK 26/08 Q1020 NOSIG,AviationWeather.gov METAR
2026-09-17T19:17:34.391468+00:00,SBGR,2026-09-17T19:00:00.000Z,16.0,14.0,8.0,METAR SBGR 171900Z 14008KT 100V180 9999 OVC010 16/14 Q1026,AviationWeather.gov METAR
2026-09-17T19:17:34.391471+00:00,VILK,2026-09-17T19:00:00.000Z,28.0,24.0,7.0,METAR VILK 171900Z 31007KT 4000 BR FEW100 28/24 Q1007 NOSIG,AviationWeather.gov METAR
2026-09-17T19:17:34.391474+00:00,WMKK,2026-09-17T19:00:00.000Z,28.0,24.0,2.0,METAR WMKK 171900Z VRB02KT 4000 HZ FEW017CB 28/24 Q1010 NOSIG,AviationWeather.gov METAR
2026-09-17T19:17:34.391477+00:00,WSSS,2026-09-17T19:00:00.000Z,29.0,23.0,5.0,METAR WSSS 171900Z 09005KT 9999 FEW018 BKN160 29/23 Q1010 NOSIG,AviationWeather.gov METAR
2026-09-17T19:17:34.391479+00:00,ZBAA,2026-09-17T19:00:00.000Z,22.0,18.0,4.0,METAR ZBAA 171900Z 09002MPS 060V130 9999 OVC040 22/18 Q1019 NOSIG,AviationWeather.gov METAR
2026-09-17T19:17:34.391482+00:00,ZGGG,2026-09-17T19:00:00.000Z,28.0,24.0,4.0,METAR ZGGG 171900Z 12002MPS CAVOK 28/24 Q1012 NOSIG,AviationWeather.gov METAR
2026-09-17T19:17:34.391486+00:00,ZGSZ,2026-09-17T19:00:00.000Z,27.0,23.0,8.0,METAR ZGSZ 171900Z 10004MPS CAVOK 27/23 Q1012 NOSIG,AviationWeather.gov METAR
2026-09-17T19:17:34.391489+00:00,ZHCC,2026-09-17T19:00:00.000Z,18.0,16.0,2.0,METAR ZHCC 171900Z 30001MPS CAVOK 18/16 Q1018 NOSIG,AviationWeather.gov METAR
2026-09-17T19:17:34.391491+00:00,ZHHH,2026-09-17T19:00:00.000Z,19.0,19.0,2.0,METAR ZHHH 171900Z VRB01MPS 8000 -RA SCT005 SCT010 OVC023 19/19 Q1016 NOSIG,AviationWeather.gov METAR
2026-09-17T19:17:34.391495+00:00,ZSPD,2026-09-17T19:00:00.000Z,25.0,21.0,6.0,METAR ZSPD 171900Z 04003MPS CAVOK 25/21 Q1015 NOSIG,AviationWeather.gov METAR
2026-09-17T19:17:34.391498+00:00,ZSQD,2026-09-17T19:00:00.000Z,19.0,19.0,4.0,METAR ZSQD 171900Z 06002MPS 9000 NSC 19/19 Q1018 NOSIG,AviationWeather.gov METAR
2026-09-17T19:17:34.391500+00:00,ZUCK,2026-09-17T19:00:00.000Z,20.0,20.0,4.0,METAR ZUCK 171900Z 36002MPS 8000 RA FEW014 20/20 Q1014 NOSIG,AviationWeather.gov METAR
2026-09-17T19:17:34.391503+00:00,ZUUU,2026-09-17T19:00:00.000Z,21.0,21.0,2.0,METAR ZUUU 171900Z VRB01MPS CAVOK 21/21 Q1014 NOSIG,AviationWeather.gov METAR
2026-09-17T22:21:18.592602+00:00,CYYZ,2026-09-17T22:00:00.000Z,21.0,14.0,4.0,METAR CYYZ 172200Z 02004KT 340V050 15SM FEW040 BKN063 21/14 A3014 RMK SC1SC6 SLP208 DENSITY ALT 1200FT,AviationWeather.gov METAR
2026-09-17T22:21:18.592630+00:00,EDDM,2026-09-17T22:00:00.000Z,8.0,8.0,2.0,METAR EDDM 172150Z AUTO VRB02KT CAVOK 08/08 Q1015 NOSIG,AviationWeather.gov METAR
2026-09-17T22:21:18.592636+00:00,EFHK,2026-09-17T22:00:00.000Z,12.0,11.0,3.0,METAR EFHK 172150Z 23003KT 9999 FEW007 12/11 Q1001 TEMPO BKN004,AviationWeather.gov METAR
2026-09-17T22:21:18.592641+00:00,EGLC,2026-09-17T22:00:00.000Z,16.0,9.0,9.0,METAR EGLC 172150Z AUTO 25009KT 9999 NCD 16/09 Q1012,AviationWeather.gov METAR
2026-09-17T22:21:18.592644+00:00,EHAM,2026-09-17T22:00:00.000Z,14.0,12.0,4.0,METAR EHAM 172155Z 22004KT 9999 FEW045 14/12 Q1009 NOSIG,AviationWeather.gov METAR
2026-09-17T22:21:18.592648+00:00,EPWA,2026-09-17T22:00:00.000Z,11.0,10.0,1.0,METAR EPWA 172200Z VRB01KT 9999 MIFG NSC 11/10 Q1014 NOSIG,AviationWeather.gov METAR
2026-09-17T22:21:18.592652+00:00,FACT,2026-09-17T22:00:00.000Z,13.0,5.0,16.0,METAR FACT 172200Z 15016KT CAVOK 13/05 Q1032 NOSIG,AviationWeather.gov METAR
2026-09-17T22:21:18.592658+00:00,KATL,2026-09-17T22:00:00.000Z,31.7,16.1,3.0,METAR KATL 172152Z 06003KT 10SM FEW200 32/16 A3021 RMK AO2 SLP220 T03170161 $,AviationWeather.gov METAR
2026-09-17T22:21:18.592663+00:00,KAUS,2026-09-17T22:00:00.000Z,35.6,20.6,9.0,METAR KAUS 172153Z 11009KT 10SM FEW060 SCT090 OVC250 36/21 A3009 RMK AO2 SLP176 T03560206 $,AviationWeather.gov METAR
2026-09-17T22:21:18.592667+00:00,KBKF,2026-09-17T22:00:00.000Z,27.2,10.4,4.0,METAR KBKF 172158Z VRB04KT 10SM BKN070 BKN085 BKN130 27/10 A3018 RMK AO2A SLP140 T02720104,AviationWeather.gov METAR
2026-09-17T22:21:18.592671+00:00,KDAL,2026-09-17T22:00:00.000Z,36.1,17.8,7.0,METAR KDAL 172153Z 08007KT 10SM FEW075 SCT090 BKN250 36/18 A3011 RMK AO2 SLP188 T03610178,AviationWeather.gov METAR
2026-09-17T22:21:18.592674+00:00,KHOU,2026-09-17T22:00:00.000Z,28.9,25.6,4.0,METAR KHOU 172153Z 08004KT 10SM FEW030 SCT090 BKN130 BKN250 29/26 A3011 RMK AO2 SLP201 T02890256,AviationWeather.gov METAR
2026-09-17T22:21:18.592677+00:00,KLAX,2026-09-17T22:00:00.000Z,24.4,13.9,13.0,METAR KLAX 172153Z 26013G19KT 10SM CLR 24/14 A3004 RMK AO2 SLP170 T02440139 $,AviationWeather.gov METAR
2026-09-17T22:21:18.592681+00:00,KLGA,2026-09-17T22:00:00.000Z,27.8,20.6,5.0,METAR KLGA 172151Z VRB05KT 10SM FEW025 BKN039 OVC160 28/21 A3008 RMK AO2 SLP184 T02780206 $,AviationWeather.gov METAR
2026-09-17T22:21:18.592684+00:00,KMIA,2026-09-17T22:00:00.000Z,28.9,23.9,8.0,METAR KMIA 172153Z 08008KT 10SM FEW035 SCT065 BKN100 BKN250 29/24 A3001 RMK AO2 SLP163 CB DSNT NE-SE MOV SW T02890239 $,AviationWeather.gov METAR
2026-09-17T22:21:18.592687+00:00,KORD,2026-09-17T22:11:00.000Z,21.7,19.4,13.0,SPECI KORD 172211Z 02013KT 10SM BKN009 OVC018 22/19 A3018 RMK AO2 T02170194,AviationWeather.gov METAR
2026-09-17T22:21:18.592690+00:00,KSEA,2026-09-17T22:00:00.000Z,22.8,11.1,6.0,METAR KSEA 172153Z 30006KT 10SM FEW250 23/11 A3004 RMK AO2 SLP176 T02280111 $,AviationWeather.gov METAR
2026-09-17T22:21:18.592694+00:00,KSFO,2026-09-17T22:00:00.000Z,21.7,12.2,6.0,METAR KSFO 172156Z 27006KT 10SM FEW019 SCT031 BKN045 BKN180 22/12 A3010 RMK AO2 SLP192 T02170122,AviationWeather.gov METAR
2026-09-17T22:21:18.592697+00:00,LEMD,2026-09-17T22:00:00.000Z,20.0,6.0,3.0,METAR LEMD 172200Z 35003KT 280V060 9999 FEW070 20/06 Q1016 NOSIG,AviationWeather.gov METAR
2026-09-17T22:21:18.592700+00:00,LFPB,2026-09-17T22:00:00.000Z,16.0,13.0,8.0,METAR LFPB 172200Z AUTO 27008KT 240V320 9999 FEW017 BKN049 16/13 Q1015 NOSIG,AviationWeather.gov METAR
2026-09-17T22:21:18.592704+00:00,LIMC,2026-09-17T22:00:00.000Z,19.0,15.0,4.0,METAR LIMC 172150Z 07004KT 9999 BKN040 19/15 Q1015 NOSIG,AviationWeather.gov METAR
2026-09-17T22:21:18.592707+00:00,LTAC,2026-09-17T22:00:00.000Z,15.0,14.0,7.0,METAR LTAC 172150Z 03007KT 9999 -SHRA BKN030 BKN080 15/14 Q1014 NOSIG,AviationWeather.gov METAR
2026-09-17T22:21:18.592710+00:00,MMMX,2026-09-17T22:00:00.000Z,24.0,10.0,20.0,METAR MMMX 172145Z 01020KT 12SM SCT020CB BKN080 BKN220 24/10 A3033 NOSIG RMK 8/368,AviationWeather.gov METAR
2026-09-17T22:21:18.592713+00:00,MPMG,2026-09-17T22:00:00.000Z,29.0,26.0,14.0,METAR MPMG 172200Z 31014KT 280V340 9999 FEW016CB SCT020 29/26 Q1007 NOSIG,AviationWeather.gov METAR
2026-09-17T22:21:18.592720+00:00,NZWN,2026-09-17T22:00:00.000Z,12.0,9.0,10.0,METAR NZWN 172200Z AUTO 01010KT 9999 FEW013/// SCT019/// 12/09 Q1005,AviationWeather.gov METAR
2026-09-17T22:21:18.592723+00:00,OEJN,2026-09-17T22:00:00.000Z,33.0,21.0,2.0,METAR OEJN 172200Z 34002KT 7000 NSC 33/21 Q1005 NOSIG,AviationWeather.gov METAR
2026-09-17T22:21:18.592726+00:00,OPKC,2026-09-17T22:00:00.000Z,28.0,23.0,8.0,METAR OPKC 172200Z 24008KT 4000 HZ SCT030 28/23 Q1007 NOSIG,AviationWeather.gov METAR
2026-09-17T22:21:18.592729+00:00,RJTT,2026-09-17T22:00:00.000Z,22.0,17.0,16.0,METAR RJTT 172200Z 01016KT 9999 FEW025 BKN035 22/17 Q1022 NOSIG,AviationWeather.gov METAR
2026-09-17T22:21:18.592733+00:00,RKPK,2026-09-17T22:00:00.000Z,23.0,17.0,10.0,METAR RKPK 172200Z 04010KT 9999 -RA FEW030 SCT060 OVC100 23/17 Q1019,AviationWeather.gov METAR
2026-09-17T22:21:18.592736+00:00,RKSI,2026-09-17T22:00:00.000Z,20.0,14.0,9.0,METAR RKSI 172200Z 04009KT CAVOK 20/14 Q1021 NOSIG,AviationWeather.gov METAR
2026-09-17T22:21:18.592739+00:00,RPLL,2026-09-17T22:00:00.000Z,26.0,26.0,2.0,METAR RPLL 172200Z VRB02KT 9999 FEW025 26/26 Q1010 NOSIG RMK A2983,AviationWeather.gov METAR
2026-09-17T22:21:18.592743+00:00,SAEZ,2026-09-17T22:00:00.000Z,21.0,8.0,6.0,METAR SAEZ 172200Z 04006KT CAVOK 21/08 Q1021 NOSIG,AviationWeather.gov METAR
2026-09-17T22:21:18.592746+00:00,SBGR,2026-09-17T22:00:00.000Z,15.0,12.0,8.0,METAR SBGR 172200Z 11008KT 080V140 9999 OVC011 15/12 Q1027,AviationWeather.gov METAR
2026-09-17T22:21:18.592749+00:00,VILK,2026-09-17T21:30:00.000Z,27.0,24.0,3.0,METAR VILK 172130Z 33003KT 4000 BR SCT020 BKN100 27/24 Q1006 NOSIG,AviationWeather.gov METAR
2026-09-17T22:21:18.592752+00:00,WMKK,2026-09-17T22:00:00.000Z,27.0,24.0,1.0,METAR WMKK 172200Z VRB01KT 4000 HZ FEW017CB 27/24 Q1010 NOSIG,AviationWeather.gov METAR
2026-09-17T22:21:18.592755+00:00,WSSS,2026-09-17T22:00:00.000Z,29.0,24.0,6.0,METAR WSSS 172200Z 11006KT 9999 FEW018 BKN150 29/24 Q1010 NOSIG,AviationWeather.gov METAR
2026-09-17T22:21:18.592758+00:00,ZBAA,2026-09-17T22:00:00.000Z,20.0,18.0,4.0,METAR ZBAA 172200Z 10002MPS 060V140 CAVOK 20/18 Q1020 NOSIG,AviationWeather.gov METAR
2026-09-17T22:21:18.592762+00:00,ZGGG,2026-09-17T22:00:00.000Z,28.0,24.0,2.0,METAR ZGGG 172200Z 12001MPS 9999 OVC026 28/24 Q1013 NOSIG,AviationWeather.gov METAR
2026-09-17T22:21:18.592765+00:00,ZGSZ,2026-09-17T22:00:00.000Z,26.0,23.0,4.0,METAR ZGSZ 172200Z 08002MPS 040V110 9999 FEW036 26/23 Q1013 NOSIG,AviationWeather.gov METAR
2026-09-17T22:21:18.592768+00:00,ZHCC,2026-09-17T22:00:00.000Z,19.0,16.0,2.0,METAR ZHCC 172200Z 27001MPS CAVOK 19/16 Q1018 NOSIG,AviationWeather.gov METAR
2026-09-17T22:21:18.592771+00:00,ZHHH,2026-09-17T22:00:00.000Z,19.0,19.0,2.0,METAR ZHHH 172200Z VRB01MPS 4500 -RA BR FEW004 SCT010 OVC023 19/19 Q1016 NOSIG,AviationWeather.gov METAR
2026-09-17T22:21:18.592774+00:00,ZSPD,2026-09-17T22:00:00.000Z,25.0,22.0,10.0,METAR ZSPD 172200Z 36005MPS 340V050 CAVOK 25/22 Q1015 NOSIG,AviationWeather.gov METAR
2026-09-17T22:21:18.592777+00:00,ZSQD,2026-09-17T22:00:00.000Z,18.0,18.0,2.0,METAR ZSQD 172200Z VRB01MPS 7000 NSC 18/18 Q1019 NOSIG,AviationWeather.gov METAR
2026-09-17T22:21:18.592783+00:00,ZUCK,2026-09-17T22:00:00.000Z,20.0,20.0,6.0,METAR ZUCK 172200Z 02003MPS 9999 -RA FEW016 OVC050 20/20 Q1014 NOSIG,AviationWeather.gov METAR
2026-09-17T22:21:18.592786+00:00,ZUUU,2026-09-17T22:00:00.000Z,21.0,21.0,0.0,METAR ZUUU 172200Z 00000MPS 7000 FEW023 21/21 Q1014 NOSIG,AviationWeather.gov METAR
2026-09-18T00:39:02.478359+00:00,CYYZ,2026-09-18T00:00:00.000Z,20.0,15.0,8.0,METAR CYYZ 180000Z 35008KT 15SM BKN058 BKN100 20/15 A3014 RMK SC6AC1 AC TR SLP210 DENSITY ALT 1100FT,AviationWeather.gov METAR
2026-09-18T00:39:02.478375+00:00,EDDM,2026-09-18T00:20:00.000Z,8.0,8.0,3.0,METAR EDDM 180020Z AUTO 23003KT CAVOK 08/08 Q1015 NOSIG,AviationWeather.gov METAR
2026-09-18T00:39:02.478381+00:00,EFHK,2026-09-18T00:20:00.000Z,13.0,12.0,5.0,METAR EFHK 180020Z 21005KT 9999 SCT008 BKN036 13/12 Q1001 TEMPO BKN008 FEW025CB,AviationWeather.gov METAR
2026-09-18T00:39:02.478385+00:00,EGLC,2026-09-18T00:20:00.000Z,14.0,9.0,7.0,METAR EGLC 180020Z AUTO 23007KT 9999 NCD 14/09 Q1012,AviationWeather.gov METAR
2026-09-18T00:39:02.478389+00:00,EHAM,2026-09-18T00:25:00.000Z,14.0,12.0,6.0,METAR EHAM 180025Z 22006KT 9999 FEW036 14/12 Q1009 NOSIG,AviationWeather.gov METAR
2026-09-18T00:39:02.478393+00:00,EPWA,2026-09-18T00:30:00.000Z,10.0,9.0,6.0,METAR EPWA 180030Z 17006KT CAVOK 10/09 Q1014 NOSIG,AviationWeather.gov METAR
2026-09-18T00:39:02.478396+00:00,FACT,2026-09-18T00:00:00.000Z,14.0,3.0,11.0,METAR FACT 180000Z 14011KT 090V160 CAVOK 14/03 Q1031 NOSIG,AviationWeather.gov METAR
2026-09-18T00:39:02.478403+00:00,KATL,2026-09-18T00:00:00.000Z,28.9,18.3,4.0,METAR KATL 172352Z 13004KT 10SM SCT200 29/18 A3020 RMK AO2 SLP218 T02890183 10322 20289 55007 $,AviationWeather.gov METAR
2026-09-18T00:39:02.478407+00:00,KAUS,2026-09-18T00:00:00.000Z,32.8,21.7,10.0,METAR KAUS 172353Z 12010KT 10SM FEW075 OVC200 33/22 A3010 RMK AO2 SLP180 T03280217 10361 20328 53001 $,AviationWeather.gov METAR
2026-09-18T00:39:02.478411+00:00,KBKF,2026-09-18T00:00:00.000Z,26.7,9.5,5.0,METAR KBKF 172358Z 23005KT 10SM BKN100 BKN130 BKN150 27/10 A3019 RMK AO2A RAE17 SLP140 P0000 60000 T02670095 10280 20249 55003,AviationWeather.gov METAR
2026-09-18T00:39:02.478415+00:00,KDAL,2026-09-18T00:00:00.000Z,35.0,17.8,6.0,METAR KDAL 172353Z 09006KT 10SM FEW080 FEW110 BKN250 35/18 A3010 RMK AO2 SLP184 T03500178 10378 20344 56007,AviationWeather.gov METAR
2026-09-18T00:39:02.478423+00:00,KHOU,2026-09-18T00:00:00.000Z,29.4,23.9,5.0,METAR KHOU 172353Z 10005KT 10SM SCT110 BKN250 29/24 A3009 RMK AO2 SLP194 60004 T02940239 10311 20267 58009,AviationWeather.gov METAR
2026-09-18T00:39:02.478427+00:00,KLAX,2026-09-18T00:00:00.000Z,23.3,15.0,14.0,METAR KLAX 172353Z 27014KT 10SM CLR 23/15 A3003 RMK AO2 SLP165 T02330150 10256 20222 56009 $,AviationWeather.gov METAR
2026-09-18T00:39:02.478430+00:00,KLGA,2026-09-18T00:00:00.000Z,26.7,20.6,7.0,METAR KLGA 172351Z 22007KT 10SM BKN034 BKN046 OVC075 27/21 A3008 RMK AO2 RAB21E32 SLP185 P0000 60000 T02670206 10294 20261 56001 $,AviationWeather.gov METAR
2026-09-18T00:39:02.478433+00:00,KMIA,2026-09-18T00:00:00.000Z,27.8,23.9,6.0,METAR KMIA 172353Z 05006KT 10SM FEW025 SCT080 BKN120 BKN250 28/24 A3002 RMK AO2 RAB17E33 SLP167 OCNL LTGIC DSNT NE CB DSNT NE MOV SW P0000 60000 T02780239 10289 20256 53004 $,AviationWeather.gov METAR
2026-09-18T00:39:02.478436+00:00,KORD,2026-09-18T00:00:00.000Z,20.0,18.9,11.0,METAR KORD 172351Z 02011KT 5SM BR OVC005 20/19 A3019 RMK AO2 SLP223 T02000189 10267 20200 51013,AviationWeather.gov METAR
2026-09-18T00:39:02.478440+00:00,KSEA,2026-09-18T00:00:00.000Z,24.4,11.1,7.0,METAR KSEA 172353Z 29007KT 10SM FEW250 24/11 A3003 RMK AO2 SLP173 T02440111 10250 20189 55006 $,AviationWeather.gov METAR
2026-09-18T00:39:02.478443+00:00,KSFO,2026-09-18T00:00:00.000Z,21.7,12.8,15.0,METAR KSFO 172356Z 28015KT 10SM FEW017 SCT040 SCT150 22/13 A3009 RMK AO2 SLP191 T02170128 10222 20189 55009,AviationWeather.gov METAR
2026-09-18T00:39:02.478446+00:00,LEMD,2026-09-18T00:30:00.000Z,18.0,7.0,4.0,METAR LEMD 180030Z 36004KT CAVOK 18/07 Q1017 NOSIG,AviationWeather.gov METAR
2026-09-18T00:39:02.478450+00:00,LFPB,2026-09-18T00:30:00.000Z,14.0,12.0,5.0,METAR LFPB 180030Z AUTO 25005KT CAVOK 14/12 Q1015 NOSIG,AviationWeather.gov METAR
2026-09-18T00:39:02.478453+00:00,LIMC,2026-09-18T00:20:00.000Z,19.0,16.0,4.0,METAR LIMC 180020Z 06004KT 9999 BKN025 19/16 Q1014 NOSIG,AviationWeather.gov METAR
2026-09-18T00:39:02.478456+00:00,LTAC,2026-09-18T00:20:00.000Z,15.0,14.0,7.0,METAR LTAC 180020Z 05007KT 9999 BKN030 BKN080 15/14 Q1013 NOSIG,AviationWeather.gov METAR
2026-09-18T00:39:02.478459+00:00,MMMX,2026-09-18T00:05:00.000Z,20.0,10.0,15.0,SPECI MMMX 180005Z 02015G25KT 10SM SCT020 BKN080 BKN220 20/10 A3035 NOSIG RMK 8/438 HZY DSNT CB S SE AND S SW,AviationWeather.gov METAR
2026-09-18T00:39:02.478462+00:00,MPMG,2026-09-18T00:00:00.000Z,28.0,25.0,10.0,METAR MPMG 180000Z 31010KT 9999 FEW018 28/25 Q1008 NOSIG,AviationWeather.gov METAR
2026-09-18T00:39:02.478466+00:00,NZWN,2026-09-18T00:30:00.000Z,14.0,8.0,13.0,METAR NZWN 180030Z AUTO 36013KT 9999 NCD 14/08 Q1004,AviationWeather.gov METAR
2026-09-18T00:39:02.478469+00:00,OEJN,2026-09-18T00:00:00.000Z,31.0,27.0,0.0,METAR OEJN 180000Z 00000KT 8000 NSC 31/27 Q1005 NOSIG,AviationWeather.gov METAR
2026-09-18T00:39:02.478472+00:00,OPKC,2026-09-18T00:30:00.000Z,28.0,23.0,7.0,METAR OPKC 180030Z 27007KT 4000 HZ BKN020 28/23 Q1007 NOSIG,AviationWeather.gov METAR
2026-09-18T00:39:02.478475+00:00,RJTT,2026-09-18T00:00:00.000Z,23.0,18.0,16.0,METAR RJTT 180000Z 01016KT 9999 FEW025 BKN035 23/18 Q1022 NOSIG,AviationWeather.gov METAR
2026-09-18T00:39:02.478478+00:00,RKPK,2026-09-18T00:00:00.000Z,22.0,19.0,9.0,METAR RKPK 180000Z 03009KT 9999 -RA FEW030 SCT060 OVC090 22/19 Q1020,AviationWeather.gov METAR
2026-09-18T00:39:02.478481+00:00,RKSI,2026-09-18T00:30:00.000Z,24.0,15.0,10.0,METAR RKSI 180030Z 04010KT CAVOK 24/15 Q1022 NOSIG,AviationWeather.gov METAR
2026-09-18T00:39:02.478485+00:00,RPLL,2026-09-18T00:00:00.000Z,29.0,26.0,2.0,METAR RPLL 180000Z VRB02KT 9999 SCT023 29/26 Q1011 NOSIG RMK A2985,AviationWeather.gov METAR
2026-09-18T00:39:02.478488+00:00,SAEZ,2026-09-18T00:00:00.000Z,19.0,8.0,4.0,METAR SAEZ 180000Z 05004KT CAVOK 19/08 Q1022 NOSIG,AviationWeather.gov METAR
2026-09-18T00:39:02.478491+00:00,SBGR,2026-09-18T00:00:00.000Z,15.0,13.0,6.0,METAR SBGR 180000Z 10006KT 070V140 9999 OVC012 15/13 Q1028,AviationWeather.gov METAR
2026-09-18T00:39:02.478494+00:00,VILK,2026-09-18T00:30:00.000Z,26.0,23.0,2.0,METAR VILK 180030Z VRB02KT 4000 BR FEW020 BKN100 26/23 Q1007 NOSIG,AviationWeather.gov METAR
2026-09-18T00:39:02.478497+00:00,WMKK,2026-09-18T00:00:00.000Z,27.0,25.0,0.0,METAR WMKK 180000Z 00000KT 4000 HZ FEW030 27/25 Q1011 NOSIG,AviationWeather.gov METAR
2026-09-18T00:39:02.478501+00:00,WSSS,2026-09-18T00:30:00.000Z,29.0,25.0,8.0,METAR WSSS 180030Z 12008KT 9999 FEW016 BKN300 29/25 Q1012 NOSIG,AviationWeather.gov METAR
2026-09-18T00:39:02.478504+00:00,ZBAA,2026-09-18T00:30:00.000Z,23.0,18.0,4.0,METAR ZBAA 180030Z 10002MPS 040V180 CAVOK 23/18 Q1021 NOSIG,AviationWeather.gov METAR
2026-09-18T00:39:02.478507+00:00,ZGGG,2026-09-18T00:30:00.000Z,29.0,25.0,6.0,METAR ZGGG 180030Z 10003MPS 9999 OVC020 29/25 Q1015 NOSIG,AviationWeather.gov METAR
2026-09-18T00:39:02.478510+00:00,ZGSZ,2026-09-18T00:00:00.000Z,28.0,24.0,4.0,METAR ZGSZ 180000Z 05002MPS 020V080 9999 FEW033 28/24 Q1015 NOSIG,AviationWeather.gov METAR
2026-09-18T00:39:02.478513+00:00,ZHCC,2026-09-18T00:00:00.000Z,21.0,16.0,2.0,METAR ZHCC 180000Z VRB01MPS CAVOK 21/16 Q1019 NOSIG,AviationWeather.gov METAR
2026-09-18T00:39:02.478517+00:00,ZHHH,2026-09-18T00:00:00.000Z,19.0,19.0,2.0,METAR ZHHH 180000Z VRB01MPS 6000 SCT015 19/19 Q1017 NOSIG,AviationWeather.gov METAR
2026-09-18T00:39:02.478521+00:00,ZSPD,2026-09-18T00:30:00.000Z,27.0,22.0,10.0,METAR ZSPD 180030Z 01005MPS 340V040 9999 SCT023 27/22 Q1017 NOSIG,AviationWeather.gov METAR
2026-09-18T00:39:02.478526+00:00,ZSQD,2026-09-18T00:00:00.000Z,24.0,19.0,2.0,METAR ZSQD 180000Z VRB01MPS CAVOK 24/19 Q1019 NOSIG,AviationWeather.gov METAR
2026-09-18T00:39:02.478530+00:00,ZUCK,2026-09-18T00:00:00.000Z,20.0,20.0,6.0,METAR ZUCK 180000Z 01003MPS 9999 FEW016 OVC040 20/20 Q1015 NOSIG,AviationWeather.gov METAR
2026-09-18T00:39:02.478533+00:00,ZUUU,2026-09-18T00:00:00.000Z,22.0,21.0,4.0,METAR ZUUU 180000Z VRB02MPS 5000 BR FEW009 SCT016 OVC040 22/21 Q1016 NOSIG,AviationWeather.gov METAR
2026-09-18T05:14:19.884535+00:00,CYYZ,2026-09-18T05:00:00.000Z,16.0,12.0,9.0,METAR CYYZ 180500Z 33009KT 15SM FEW040 16/12 A3018 RMK SC1 SC TR SLP222,AviationWeather.gov METAR
2026-09-18T05:14:19.884554+00:00,EDDM,2026-09-18T05:00:00.000Z,11.0,9.0,3.0,METAR EDDM 180450Z AUTO 27003KT CAVOK 11/09 Q1015 NOSIG,AviationWeather.gov METAR
2026-09-18T05:14:19.884561+00:00,EFHK,2026-09-18T05:00:00.000Z,12.0,9.0,6.0,METAR EFHK 180450Z 22006KT 9999 FEW032 12/09 Q1002 NOSIG,AviationWeather.gov METAR
2026-09-18T05:14:19.884565+00:00,EGLC,2026-09-18T05:00:00.000Z,12.0,9.0,7.0,METAR EGLC 180450Z AUTO 23007KT 9999 NCD 12/09 Q1013,AviationWeather.gov METAR
2026-09-18T05:14:19.884568+00:00,EHAM,2026-09-18T05:00:00.000Z,13.0,11.0,8.0,METAR EHAM 180455Z 26008KT 9999 FEW025 13/11 Q1010 NOSIG,AviationWeather.gov METAR
2026-09-18T05:14:19.884572+00:00,EPWA,2026-09-18T05:00:00.000Z,9.0,9.0,7.0,METAR EPWA 180500Z 16007KT CAVOK 09/09 Q1014 NOSIG,AviationWeather.gov METAR
2026-09-18T05:14:19.884576+00:00,FACT,2026-09-18T05:00:00.000Z,13.0,5.0,16.0,METAR FACT 180500Z 16016KT 9999 FEW035 13/05 Q1030 NOSIG,AviationWeather.gov METAR
2026-09-18T05:14:19.884582+00:00,KATL,2026-09-18T05:00:00.000Z,25.6,17.8,0.0,METAR KATL 180452Z 00000KT 10SM FEW200 26/18 A3022 RMK AO2 SLP223 T02560178 403220206 $,AviationWeather.gov METAR
2026-09-18T05:14:19.884588+00:00,KAUS,2026-09-18T05:00:00.000Z,26.1,22.2,0.0,METAR KAUS 180453Z 00000KT 10SM SCT200 26/22 A3015 RMK AO2 SLP198 T02610222 $,AviationWeather.gov METAR
2026-09-18T05:14:19.884592+00:00,KBKF,2026-09-18T04:00:00.000Z,19.4,11.4,3.0,METAR KBKF 180358Z 34003KT 10SM FEW070 BKN110 BKN200 19/11 A3024 RMK AO2A SLP169 T01940114,AviationWeather.gov METAR
2026-09-18T05:14:19.884595+00:00,KDAL,2026-09-18T05:00:00.000Z,31.1,17.8,3.0,METAR KDAL 180453Z 17003KT 10SM BKN250 31/18 A3014 RMK AO2 SLP197 T03110178,AviationWeather.gov METAR
2026-09-18T05:14:19.884599+00:00,KHOU,2026-09-18T05:00:00.000Z,26.1,23.9,0.0,METAR KHOU 180453Z 00000KT 10SM BKN250 26/24 A3013 RMK AO2 SLP206 T02610239,AviationWeather.gov METAR
2026-09-18T05:14:19.884602+00:00,KLAX,2026-09-18T05:00:00.000Z,21.1,15.6,8.0,METAR KLAX 180453Z 25008KT 10SM CLR 21/16 A3006 RMK AO2 SLP177 T02110156 $,AviationWeather.gov METAR
2026-09-18T05:14:19.884606+00:00,KLGA,2026-09-18T05:00:00.000Z,25.6,20.6,5.0,METAR KLGA 180451Z 21005KT 10SM SCT028 BKN038 OVC100 26/21 A3004 RMK AO2 SLP171 T02560206 402940228 $,AviationWeather.gov METAR
2026-09-18T05:14:19.884609+00:00,KMIA,2026-09-18T05:00:00.000Z,25.6,23.9,0.0,METAR KMIA 180453Z 00000KT 10SM FEW060 SCT250 26/24 A3004 RMK AO2 SLP172 OCNL LTGIC DSNT E-SE CB DSNT E-SE T02560239 402890244 $,AviationWeather.gov METAR
2026-09-18T05:14:19.884612+00:00,KORD,2026-09-18T05:00:00.000Z,20.0,17.2,12.0,METAR KORD 180451Z 04012KT 10SM BKN012 BKN018 OVC030 20/17 A3025 RMK AO2 SLP240 T02000172,AviationWeather.gov METAR
2026-09-18T05:14:19.884616+00:00,KSEA,2026-09-18T05:00:00.000Z,20.0,10.0,3.0,METAR KSEA 180453Z 01003KT 10SM CLR 20/10 A3006 RMK AO2 SLP183 T02000100 $,AviationWeather.gov METAR
2026-09-18T05:14:19.884619+00:00,KSFO,2026-09-18T05:00:00.000Z,16.7,13.9,14.0,METAR KSFO 180456Z 28014KT 10SM FEW004 BKN010 17/14 A3013 RMK AO2 SLP202 T01670139,AviationWeather.gov METAR
2026-09-18T05:14:19.884623+00:00,LEMD,2026-09-18T05:00:00.000Z,15.0,7.0,4.0,METAR LEMD 180500Z 36004KT CAVOK 15/07 Q1018 NOSIG,AviationWeather.gov METAR
2026-09-18T05:14:19.884626+00:00,LFPB,2026-09-18T05:00:00.000Z,11.0,10.0,0.0,METAR LFPB 180500Z AUTO 00000KT CAVOK 11/10 Q1016 NOSIG,AviationWeather.gov METAR
2026-09-18T05:14:19.884629+00:00,LIMC,2026-09-18T05:00:00.000Z,18.0,17.0,4.0,METAR LIMC 180450Z 09004KT 4000 RA BKN015 18/17 Q1014 NOSIG,AviationWeather.gov METAR
2026-09-18T05:14:19.884633+00:00,LTAC,2026-09-18T05:00:00.000Z,16.0,14.0,10.0,METAR LTAC 180450Z 04010KT 9999 SCT040 BKN100 16/14 Q1014 NOSIG,AviationWeather.gov METAR
2026-09-18T05:14:19.884636+00:00,MMMX,2026-09-18T04:44:00.000Z,17.0,10.0,10.0,METAR MMMX 180444Z 36010KT 10SM SCT020 BKN080 17/10 A3047 NOSIG RMK 8/530 HZY SC LWR,AviationWeather.gov METAR
2026-09-18T05:14:19.884639+00:00,MPMG,2026-09-18T05:00:00.000Z,27.0,26.0,7.0,METAR MPMG 180500Z AUTO 32007KT //// R01///// // SCT160/// 27/26 Q1010,AviationWeather.gov METAR
2026-09-18T05:14:19.884643+00:00,NZWN,2026-09-18T05:00:00.000Z,13.0,9.0,12.0,METAR NZWN 180500Z AUTO 36012KT 9999 NCD 13/09 Q1003,AviationWeather.gov METAR
2026-09-18T05:14:19.884646+00:00,OEJN,2026-09-18T05:00:00.000Z,32.0,29.0,0.0,METAR OEJN 180500Z 00000KT 8000 FEW040 32/29 Q1007 NOSIG,AviationWeather.gov METAR
2026-09-18T05:14:19.884649+00:00,OPKC,2026-09-18T05:00:00.000Z,31.0,21.0,9.0,METAR OPKC 180500Z 29009KT 4000 HZ SCT030 31/21 Q1009 NOSIG,AviationWeather.gov METAR
2026-09-18T05:14:19.884653+00:00,RJTT,2026-09-18T05:00:00.000Z,24.0,19.0,13.0,METAR RJTT 180500Z 02013KT 9999 FEW030 BKN035 24/19 Q1021 NOSIG,AviationWeather.gov METAR
2026-09-18T05:14:19.884656+00:00,RKPK,2026-09-18T05:00:00.000Z,25.0,20.0,10.0,METAR RKPK 180500Z 08010KT 9999 FEW020 BKN040 BKN200 25/20 Q1019,AviationWeather.gov METAR
2026-09-18T05:14:19.884659+00:00,RKSI,2026-09-18T05:00:00.000Z,28.0,15.0,10.0,METAR RKSI 180500Z 11010KT 080V140 9999 SCT040 SCT190 28/15 Q1020 NOSIG,AviationWeather.gov METAR
2026-09-18T05:14:19.884663+00:00,RPLL,2026-09-18T05:00:00.000Z,33.0,25.0,8.0,METAR RPLL 180500Z 12008KT 070V170 9999 VCTS SCT020CB SCT090 33/25 Q1009 NOSIG RMK A2980 CB NW-NE,AviationWeather.gov METAR
2026-09-18T05:14:19.884666+00:00,SAEZ,2026-09-18T05:00:00.000Z,13.0,10.0,3.0,METAR SAEZ 180500Z 09003KT CAVOK 13/10 Q1022 NOSIG,AviationWeather.gov METAR
2026-09-18T05:14:19.884669+00:00,SBGR,2026-09-18T05:00:00.000Z,15.0,13.0,6.0,METAR SBGR 180500Z 06006KT 9999 OVC009 15/13 Q1025,AviationWeather.gov METAR
2026-09-18T05:14:19.884673+00:00,VILK,2026-09-18T05:00:00.000Z,28.0,23.0,8.0,METAR VILK 180500Z 25008KT 5000 HZ SCT020 BKN100 28/23 Q1010 NOSIG,AviationWeather.gov METAR
2026-09-18T05:14:19.884676+00:00,WMKK,2026-09-18T05:00:00.000Z,32.0,24.0,4.0,METAR WMKK 180500Z VRB04KT 5000 HZ FEW017CB SCT018 32/24 Q1010 NOSIG,AviationWeather.gov METAR
2026-09-18T05:14:19.884680+00:00,WSSS,2026-09-18T05:00:00.000Z,32.0,23.0,6.0,METAR WSSS 180500Z 12006KT 080V160 9999 FEW018 BKN300 32/23 Q1010 NOSIG,AviationWeather.gov METAR
2026-09-18T05:14:19.884683+00:00,ZBAA,2026-09-18T05:00:00.000Z,28.0,16.0,4.0,METAR ZBAA 180500Z VRB02MPS 9999 BKN040 28/16 Q1020 NOSIG,AviationWeather.gov METAR
2026-09-18T05:14:19.884686+00:00,ZGGG,2026-09-18T05:00:00.000Z,36.0,24.0,4.0,METAR ZGGG 180500Z VRB02MPS 9999 SCT030 36/24 Q1013 NOSIG,AviationWeather.gov METAR
2026-09-18T05:14:19.884689+00:00,ZGSZ,2026-09-18T05:00:00.000Z,31.0,25.0,8.0,METAR ZGSZ 180500Z 24004MPS 9999 FEW036 31/25 Q1013 NOSIG,AviationWeather.gov METAR
2026-09-18T05:14:19.884693+00:00,ZHCC,2026-09-18T05:00:00.000Z,28.0,14.0,2.0,METAR ZHCC 180500Z VRB01MPS CAVOK 28/14 Q1019 NOSIG,AviationWeather.gov METAR
2026-09-18T05:14:19.884696+00:00,ZHHH,2026-09-18T05:00:00.000Z,23.0,19.0,2.0,METAR ZHHH 180500Z VRB01MPS 9999 SCT015 BKN040 23/19 Q1017 NOSIG,AviationWeather.gov METAR
2026-09-18T05:14:19.884700+00:00,ZSPD,2026-09-18T05:00:00.000Z,29.0,24.0,14.0,METAR ZSPD 180500Z 03007MPS 010V070 9999 FEW016 29/24 Q1016 NOSIG,AviationWeather.gov METAR
2026-09-18T05:14:19.884703+00:00,ZSQD,2026-09-18T05:00:00.000Z,28.0,17.0,4.0,METAR ZSQD 180500Z 12002MPS 090V180 9999 SCT043 28/17 Q1019 NOSIG,AviationWeather.gov METAR
2026-09-18T05:14:19.884706+00:00,ZUCK,2026-09-18T05:00:00.000Z,22.0,20.0,6.0,METAR ZUCK 180500Z 35003MPS 9999 FEW009 SCT026 OVC040 22/20 Q1016 NOSIG,AviationWeather.gov METAR
2026-09-18T05:14:19.884710+00:00,ZUUU,2026-09-18T05:00:00.000Z,24.0,20.0,6.0,METAR ZUUU 180500Z 01003MPS 320V030 9999 SCT016 BKN050 24/20 Q1016 NOSIG,AviationWeather.gov METAR
2026-09-18T09:50:54.531714+00:00,CYYZ,2026-09-18T09:00:00.000Z,15.0,9.0,9.0,METAR CYYZ 180900Z 33009KT 15SM SKC 15/09 A3017 RMK SLP220,AviationWeather.gov METAR
2026-09-18T09:50:54.531733+00:00,EDDM,2026-09-18T09:20:00.000Z,18.0,10.0,5.0,METAR EDDM 180920Z AUTO 24005KT 160V290 CAVOK 18/10 Q1017 NOSIG,AviationWeather.gov METAR
2026-09-18T09:50:54.531738+00:00,EFHK,2026-09-18T09:20:00.000Z,15.0,13.0,15.0,METAR EFHK 180920Z 18015KT 9999 BKN010 BKN014 15/13 Q1002 TEMPO 5000 SHRA BKN009 SCT020CB,AviationWeather.gov METAR
2026-09-18T09:50:54.531741+00:00,EGLC,2026-09-18T09:20:00.000Z,16.0,9.0,10.0,METAR EGLC 180920Z AUTO 25010KT 9999 NCD 16/09 Q1015,AviationWeather.gov METAR
2026-09-18T09:50:54.531744+00:00,EHAM,2026-09-18T09:25:00.000Z,18.0,9.0,15.0,METAR EHAM 180925Z 27015KT 240V300 9999 FEW036 18/09 Q1013 NOSIG,AviationWeather.gov METAR
2026-09-18T09:50:54.531747+00:00,EPWA,2026-09-18T09:30:00.000Z,19.0,13.0,8.0,METAR EPWA 180930Z 18008KT 140V200 CAVOK 19/13 Q1014 NOSIG,AviationWeather.gov METAR
2026-09-18T09:50:54.531750+00:00,FACT,2026-09-18T09:24:00.000Z,19.0,6.0,19.0,SPECI FACT 180924Z 14019G30KT CAVOK 19/06 Q1029 NOSIG,AviationWeather.gov METAR
2026-09-18T09:50:54.531757+00:00,KATL,2026-09-18T09:00:00.000Z,22.2,18.3,0.0,METAR KATL 180852Z 00000KT 10SM FEW150 FEW200 22/18 A3019 RMK AO2 SLP212 T02220183 55006 $,AviationWeather.gov METAR
2026-09-18T09:50:54.531761+00:00,KAUS,2026-09-18T09:00:00.000Z,22.2,22.2,0.0,METAR KAUS 180853Z 00000KT 10SM CLR 22/22 A3012 RMK AO2 SLP187 T02220222 58009 $,AviationWeather.gov METAR
2026-09-18T09:50:54.531764+00:00,KBKF,2026-09-18T08:00:00.000Z,17.9,11.9,0.0,METAR KBKF 180758Z 00000KT 10SM SCT110 SCT220 18/12 A3023 RMK AO2A SLP157 T01790119,AviationWeather.gov METAR
2026-09-18T09:50:54.531767+00:00,KDAL,2026-09-18T09:00:00.000Z,28.3,18.9,4.0,METAR KDAL 180853Z 22004KT 10SM SCT250 28/19 A3013 RMK AO2 SLP195 T02830189 58001,AviationWeather.gov METAR
2026-09-18T09:50:54.531770+00:00,KHOU,2026-09-18T09:00:00.000Z,25.6,23.3,0.0,METAR KHOU 180853Z 00000KT 9SM CLR 26/23 A3008 RMK AO2 SLP190 T02560233 56013,AviationWeather.gov METAR
2026-09-18T09:50:54.531772+00:00,KLAX,2026-09-18T09:00:00.000Z,20.6,15.6,0.0,METAR KLAX 180853Z COR 00000KT 10SM FEW011 21/16 A3005 RMK AO2 SLP174 T02060156 58004 $,AviationWeather.gov METAR
2026-09-18T09:50:54.531775+00:00,KLGA,2026-09-18T09:00:00.000Z,24.4,21.7,6.0,METAR KLGA 180851Z 32006KT 10SM BKN085 BKN250 24/22 A3001 RMK AO2 SLP162 T02440217 55004 $,AviationWeather.gov METAR
2026-09-18T09:50:54.531778+00:00,KMIA,2026-09-18T09:00:00.000Z,25.0,23.3,0.0,METAR KMIA 180853Z 00000KT 10SM FEW025 SCT070 SCT250 25/23 A3000 RMK AO2 LTG DSNT NE AND E SLP160 T02500233 55002 $,AviationWeather.gov METAR
2026-09-18T09:50:54.531780+00:00,KORD,2026-09-18T09:20:00.000Z,19.4,16.1,9.0,SPECI KORD 180920Z 06009KT 10SM SCT029 19/16 A3023 RMK AO2 T01940161 $,AviationWeather.gov METAR
2026-09-18T09:50:54.531783+00:00,KSEA,2026-09-18T09:00:00.000Z,15.0,11.7,4.0,METAR KSEA 180853Z 16004KT 10SM CLR 15/12 A3009 RMK AO2 SLP195 T01500117 53010 $,AviationWeather.gov METAR
2026-09-18T09:50:54.531785+00:00,KSFO,2026-09-18T09:00:00.000Z,15.6,13.9,9.0,METAR KSFO 180856Z 28009KT 10SM FEW004 BKN009 16/14 A3013 RMK AO2 SLP202 T01560139 50000,AviationWeather.gov METAR
2026-09-18T09:50:54.531788+00:00,LEMD,2026-09-18T09:30:00.000Z,21.0,10.0,4.0,METAR LEMD 180930Z 01004KT 320V070 CAVOK 21/10 Q1019 NOSIG,AviationWeather.gov METAR
2026-09-18T09:50:54.531790+00:00,LFPB,2026-09-18T09:30:00.000Z,18.0,11.0,8.0,METAR LFPB 180930Z AUTO 27008KT 240V300 9999 FEW041 OVC060 18/11 Q1018 NOSIG,AviationWeather.gov METAR
2026-09-18T09:50:54.531793+00:00,LIMC,2026-09-18T09:20:00.000Z,19.0,17.0,8.0,METAR LIMC 180920Z 11008KT 080V140 7000 BKN015 19/17 Q1015 NOSIG,AviationWeather.gov METAR
2026-09-18T09:50:54.531795+00:00,LTAC,2026-09-18T09:20:00.000Z,22.0,11.0,8.0,METAR LTAC 180920Z 12008KT 070V150 9999 BKN040 22/11 Q1014 NOSIG,AviationWeather.gov METAR
2026-09-18T09:50:54.531798+00:00,MMMX,2026-09-18T08:41:00.000Z,15.0,10.0,4.0,METAR MMMX 180841Z 35004KT 10SM FEW080 15/10 A3039 NOSIG RMK SLP130 57017 958 8/030 HZY SC ARND STN,AviationWeather.gov METAR
2026-09-18T09:50:54.531800+00:00,MPMG,2026-09-18T09:00:00.000Z,27.0,26.0,3.0,METAR MPMG 180900Z AUTO 30003KT 260V360 //// R01///// // SCT055/// 27/26 Q1009,AviationWeather.gov METAR
2026-09-18T09:50:54.531802+00:00,NZWN,2026-09-18T09:30:00.000Z,10.0,8.0,5.0,METAR NZWN 180930Z AUTO 02005KT 9999 NCD 10/08 Q1005,AviationWeather.gov METAR
2026-09-18T09:50:54.531805+00:00,OEJN,2026-09-18T09:00:00.000Z,36.0,28.0,8.0,METAR OEJN 180900Z 26008KT 8000 NSC 36/28 Q1007 NOSIG,AviationWeather.gov METAR
2026-09-18T09:50:54.531807+00:00,OPKC,2026-09-18T09:30:00.000Z,34.0,20.0,10.0,METAR OPKC 180930Z 24010KT 4000 HZ NSC 34/20 Q1007 NOSIG,AviationWeather.gov METAR
2026-09-18T09:50:54.531810+00:00,RJTT,2026-09-18T09:30:00.000Z,23.0,19.0,16.0,METAR RJTT 180930Z 03016KT 9999 FEW010 BKN038 23/19 Q1020 NOSIG,AviationWeather.gov METAR
2026-09-18T09:50:54.531812+00:00,RKPK,2026-09-18T09:00:00.000Z,25.0,18.0,10.0,METAR RKPK 180900Z 05010KT 9999 FEW040 25/18 Q1019,AviationWeather.gov METAR
2026-09-18T09:50:54.531814+00:00,RKSI,2026-09-18T09:30:00.000Z,27.0,16.0,4.0,METAR RKSI 180930Z 10004KT 080V140 CAVOK 27/16 Q1020 NOSIG,AviationWeather.gov METAR
2026-09-18T09:50:54.531816+00:00,RPLL,2026-09-18T09:00:00.000Z,27.0,25.0,5.0,METAR RPLL 180900Z 12005KT 060V160 9999 SCT025 BKN100 27/25 Q1010 NOSIG RMK A2983,AviationWeather.gov METAR
2026-09-18T09:50:54.531819+00:00,SAEZ,2026-09-18T09:00:00.000Z,10.0,8.0,3.0,METAR SAEZ 180900Z 05003KT CAVOK 10/08 Q1023 NOSIG,AviationWeather.gov METAR
2026-09-18T09:50:54.531821+00:00,SBGR,2026-09-18T09:00:00.000Z,15.0,14.0,7.0,METAR SBGR 180900Z 08007KT 8000 OVC007 15/14 Q1026,AviationWeather.gov METAR
2026-09-18T09:50:54.531823+00:00,VILK,2026-09-18T09:30:00.000Z,31.0,25.0,7.0,METAR VILK 180930Z 31007KT 5000 HZ SCT020 BKN100 31/25 Q1007 NOSIG,AviationWeather.gov METAR
2026-09-18T09:50:54.531826+00:00,WMKK,2026-09-18T09:30:00.000Z,28.0,25.0,0.0,METAR WMKK 180930Z 00000KT 6000 FEW017CB 28/25 Q1008 NOSIG,AviationWeather.gov METAR
2026-09-18T09:50:54.531828+00:00,WSSS,2026-09-18T09:30:00.000Z,31.0,23.0,7.0,METAR WSSS 180930Z 16007KT 120V190 9000 FEW018TCU FEW020CB BKN300 31/23 Q1008 NOSIG,AviationWeather.gov METAR
2026-09-18T09:50:54.531830+00:00,ZBAA,2026-09-18T09:30:00.000Z,26.0,17.0,6.0,METAR ZBAA 180930Z 13003MPS 100V170 CAVOK 26/17 Q1018 NOSIG,AviationWeather.gov METAR
2026-09-18T09:50:54.531833+00:00,ZGGG,2026-09-18T09:30:00.000Z,34.0,23.0,6.0,METAR ZGGG 180930Z 10003MPS 070V150 9999 FEW050 34/23 Q1012 NOSIG,AviationWeather.gov METAR
2026-09-18T09:50:54.531835+00:00,ZGSZ,2026-09-18T09:00:00.000Z,30.0,25.0,10.0,METAR ZGSZ 180900Z 20005MPS 9999 FEW050 30/25 Q1012 NOSIG,AviationWeather.gov METAR
2026-09-18T09:50:54.531837+00:00,ZHCC,2026-09-18T09:00:00.000Z,26.0,16.0,4.0,METAR ZHCC 180900Z 28002MPS CAVOK 26/16 Q1018 NOSIG,AviationWeather.gov METAR
2026-09-18T09:50:54.531839+00:00,ZHHH,2026-09-18T09:00:00.000Z,23.0,20.0,2.0,METAR ZHHH 180900Z VRB01MPS 9999 SCT023 23/20 Q1017 NOSIG,AviationWeather.gov METAR
2026-09-18T09:50:54.531842+00:00,ZSPD,2026-09-18T09:30:00.000Z,27.0,24.0,12.0,METAR ZSPD 180930Z 05006MPS 9999 SCT016 27/24 Q1016 NOSIG,AviationWeather.gov METAR
2026-09-18T09:50:54.531844+00:00,ZSQD,2026-09-18T09:00:00.000Z,25.0,18.0,14.0,METAR ZSQD 180900Z 15007MPS CAVOK 25/18 Q1018 NOSIG,AviationWeather.gov METAR
2026-09-18T09:50:54.531846+00:00,ZUCK,2026-09-18T09:00:00.000Z,22.0,20.0,8.0,METAR ZUCK 180900Z 02004MPS 9999 FEW010 SCT026 OVC050 22/20 Q1015 NOSIG,AviationWeather.gov METAR
2026-09-18T09:50:54.531849+00:00,ZUUU,2026-09-18T09:00:00.000Z,23.0,19.0,6.0,METAR ZUUU 180900Z 01003MPS 9999 FEW040 23/19 Q1015 NOSIG,AviationWeather.gov METAR
2026-09-18T14:09:30.864752+00:00,CYYZ,2026-09-18T14:00:00.000Z,18.0,13.0,7.0,METAR CYYZ 181400Z 36007KT 15SM FEW025 FEW250 18/13 A3026 RMK CU1CI1 SLP249,AviationWeather.gov METAR
2026-09-18T14:09:30.864772+00:00,EDDM,2026-09-18T14:00:00.000Z,20.0,9.0,7.0,METAR EDDM 181350Z AUTO 27007KT 240V300 9999 FEW049 20/09 Q1017 NOSIG,AviationWeather.gov METAR
2026-09-18T14:09:30.864777+00:00,EFHK,2026-09-18T14:00:00.000Z,17.0,13.0,17.0,METAR EFHK 181350Z 21017KT 9999 FEW014 BKN018 17/13 Q1002 TEMPO SCT020CB,AviationWeather.gov METAR
2026-09-18T14:09:30.864780+00:00,EGLC,2026-09-18T14:00:00.000Z,20.0,9.0,15.0,METAR EGLC 181350Z AUTO 23015G25KT 200V270 9999 NCD 20/09 Q1014,AviationWeather.gov METAR
2026-09-18T14:09:30.864782+00:00,EHAM,2026-09-18T14:00:00.000Z,18.0,10.0,19.0,METAR EHAM 181355Z 26019KT 230V290 9999 FEW032 18/10 Q1013 NOSIG,AviationWeather.gov METAR
2026-09-18T14:09:30.864785+00:00,EPWA,2026-09-18T14:00:00.000Z,21.0,10.0,6.0,METAR EPWA 181400Z 23006KT 190V260 CAVOK 21/10 Q1013 NOSIG,AviationWeather.gov METAR
2026-09-18T14:09:30.864787+00:00,FACT,2026-09-18T13:59:00.000Z,21.0,8.0,23.0,SPECI FACT 181359Z 15023G36KT CAVOK 21/08 Q1023 NOSIG,AviationWeather.gov METAR
2026-09-18T14:09:30.864792+00:00,KATL,2026-09-18T14:00:00.000Z,26.7,20.6,4.0,METAR KATL 181352Z 31004KT 10SM FEW150 27/21 A3022 RMK AO2 SLP223 T02670206,AviationWeather.gov METAR
2026-09-18T14:09:30.864796+00:00,KAUS,2026-09-18T14:00:00.000Z,26.7,23.3,6.0,METAR KAUS 181353Z 06006KT 10SM FEW019 FEW300 27/23 A3016 RMK AO2 SLP200 T02670233 $,AviationWeather.gov METAR
2026-09-18T14:09:30.864799+00:00,KBKF,2026-09-18T14:00:00.000Z,18.8,12.3,7.0,METAR KBKF 181358Z 18007KT 10SM SCT080 SCT140 BKN200 19/12 A3022 RMK AO2A SLP162 T01880123,AviationWeather.gov METAR
2026-09-18T14:09:30.864802+00:00,KDAL,2026-09-18T14:00:00.000Z,29.4,20.0,3.0,METAR KDAL 181353Z 25003KT 10SM FEW250 29/20 A3018 RMK AO2 SLP210 T02940200,AviationWeather.gov METAR
2026-09-18T14:09:30.864804+00:00,KHOU,2026-09-18T14:00:00.000Z,28.3,24.4,6.0,METAR KHOU 181353Z 05006KT 10SM SCT050 BKN250 28/24 A3013 RMK AO2 SLP206 T02830244,AviationWeather.gov METAR
2026-09-18T14:09:30.864807+00:00,KLAX,2026-09-18T14:00:00.000Z,18.9,14.4,5.0,METAR KLAX 181353Z 06005KT 10SM FEW015 FEW030 19/14 A3006 RMK AO2 SLP175 T01890144 $,AviationWeather.gov METAR
2026-09-18T14:09:30.864809+00:00,KLGA,2026-09-18T14:00:00.000Z,23.9,18.3,9.0,METAR KLGA 181351Z 01009G16KT 10SM FEW020 BKN090 BKN250 24/18 A3007 RMK AO2 SLP183 T02390183 $,AviationWeather.gov METAR
2026-09-18T14:09:30.864811+00:00,KMIA,2026-09-18T14:00:00.000Z,30.0,24.4,4.0,METAR KMIA 181353Z 10004KT 10SM SCT023 SCT160 BKN250 30/24 A3003 RMK AO2 SLP170 CB DSNT NE T03000244,AviationWeather.gov METAR
2026-09-18T14:09:30.864814+00:00,KORD,2026-09-18T14:00:00.000Z,20.6,13.3,12.0,METAR KORD 181351Z 07012KT 10SM FEW030 FEW050 SCT140 SCT250 21/13 A3027 RMK AO2 SLP247 T02060133,AviationWeather.gov METAR
2026-09-18T14:09:30.864816+00:00,KSEA,2026-09-18T14:00:00.000Z,13.9,12.2,6.0,METAR KSEA 181353Z 19006KT 10SM OVC008 14/12 A3017 RMK AO2 SLP222 T01390122 $,AviationWeather.gov METAR
2026-09-18T14:09:30.864818+00:00,KSFO,2026-09-18T14:00:00.000Z,14.4,13.3,4.0,METAR KSFO 181356Z VRB04KT 10SM FEW003 BKN006 14/13 A3014 RMK AO2 SLP207 T01440133,AviationWeather.gov METAR
2026-09-18T14:09:30.864821+00:00,LEMD,2026-09-18T14:00:00.000Z,26.0,9.0,4.0,METAR LEMD 181400Z 04004KT 9999 FEW060 26/09 Q1017 NOSIG,AviationWeather.gov METAR
2026-09-18T14:09:30.864823+00:00,LFPB,2026-09-18T14:00:00.000Z,22.0,8.0,4.0,METAR LFPB 181400Z AUTO 27004KT 200V330 CAVOK 22/08 Q1018 NOSIG,AviationWeather.gov METAR
2026-09-18T14:09:30.864825+00:00,LIMC,2026-09-18T14:00:00.000Z,21.0,18.0,10.0,METAR LIMC 181350Z 01010KT 9999 FEW010 BKN040 21/18 Q1015 NOSIG,AviationWeather.gov METAR
2026-09-18T14:09:30.864828+00:00,LTAC,2026-09-18T14:00:00.000Z,23.0,11.0,3.0,METAR LTAC 181350Z 03003KT 340V050 9999 FEW025CB BKN035 23/11 Q1014 NOSIG,AviationWeather.gov METAR
2026-09-18T14:09:30.864830+00:00,MMMX,2026-09-18T14:00:00.000Z,16.0,10.0,7.0,METAR MMMX 181345Z 29007KT 10SM FEW020 OVC220 16/10 A3041 NOSIG RMK 8/507 HZY ISOL AC,AviationWeather.gov METAR
2026-09-18T14:09:30.864833+00:00,MPMG,2026-09-18T14:00:00.000Z,31.0,25.0,4.0,METAR MPMG 181400Z COR 33004KT 290V040 9999 FEW018 31/25 Q1010 NOSIG,AviationWeather.gov METAR
2026-09-18T14:09:30.864835+00:00,NZWN,2026-09-18T14:00:00.000Z,8.0,6.0,5.0,METAR NZWN 181400Z AUTO 03005KT 9999 NCD 08/06 Q1004,AviationWeather.gov METAR
2026-09-18T14:09:30.864837+00:00,OEJN,2026-09-18T14:00:00.000Z,35.0,27.0,6.0,METAR OEJN 181400Z 26006KT 6000 NSC 35/27 Q1005 NOSIG,AviationWeather.gov METAR
2026-09-18T14:09:30.864839+00:00,OPKC,2026-09-18T14:00:00.000Z,30.0,22.0,12.0,METAR OPKC 181400Z 22012KT 4000 HZ NSC 30/22 Q1008 NOSIG,AviationWeather.gov METAR
2026-09-18T14:09:30.864842+00:00,RJTT,2026-09-18T14:00:00.000Z,23.0,19.0,12.0,METAR RJTT 181400Z 01012KT 9999 -SHRA FEW020 SCT025 BKN040 23/19 Q1021 NOSIG,AviationWeather.gov METAR
2026-09-18T14:09:30.864844+00:00,RKPK,2026-09-18T14:00:00.000Z,22.0,18.0,7.0,METAR RKPK 181400Z 04007KT 9999 SCT030 22/18 Q1019,AviationWeather.gov METAR
2026-09-18T14:09:30.864846+00:00,RKSI,2026-09-18T14:00:00.000Z,24.0,14.0,8.0,METAR RKSI 181400Z 08008KT 050V120 CAVOK 24/14 Q1021 NOSIG,AviationWeather.gov METAR
2026-09-18T14:09:30.864848+00:00,RPLL,2026-09-18T14:00:00.000Z,28.0,26.0,3.0,METAR RPLL 181400Z 10003KT 9999 FEW025 BKN100 28/26 Q1012 NOSIG RMK A2988,AviationWeather.gov METAR
2026-09-18T14:09:30.864851+00:00,SAEZ,2026-09-18T14:00:00.000Z,24.0,10.0,8.0,METAR SAEZ 181400Z 02008KT CAVOK 24/10 Q1023 NOSIG,AviationWeather.gov METAR
2026-09-18T14:09:30.864853+00:00,SBGR,2026-09-18T14:00:00.000Z,18.0,15.0,10.0,METAR SBGR 181400Z 05010KT 9999 OVC015 18/15 Q1027,AviationWeather.gov METAR
2026-09-18T14:09:30.864855+00:00,VILK,2026-09-18T14:00:00.000Z,28.0,26.0,3.0,METAR VILK 181400Z 25003KT 4000 BR FEW100 28/26 Q1008 NOSIG,AviationWeather.gov METAR
2026-09-18T14:09:30.864858+00:00,WMKK,2026-09-18T13:30:00.000Z,28.0,25.0,2.0,METAR WMKK 181330Z VRB02KT 6000 FEW030 28/25 Q1010 NOSIG,AviationWeather.gov METAR
2026-09-18T14:09:30.864860+00:00,WSSS,2026-09-18T14:00:00.000Z,26.0,24.0,5.0,METAR WSSS 181400Z 01005KT 340V060 6000 -TSRA FEW012 FEW015CB SCT016TCU 26/24 Q1012 BECMG FM1415 TL1430 NSW,AviationWeather.gov METAR
2026-09-18T14:09:30.864863+00:00,ZBAA,2026-09-18T14:00:00.000Z,22.0,16.0,4.0,METAR ZBAA 181400Z 15002MPS CAVOK 22/16 Q1020 NOSIG,AviationWeather.gov METAR
2026-09-18T14:09:30.864865+00:00,ZGGG,2026-09-18T14:00:00.000Z,31.0,25.0,4.0,METAR ZGGG 181400Z 07002MPS CAVOK 31/25 Q1013 NOSIG,AviationWeather.gov METAR
2026-09-18T14:09:30.864868+00:00,ZGSZ,2026-09-18T14:00:00.000Z,29.0,23.0,8.0,METAR ZGSZ 181400Z 11004MPS CAVOK 29/23 Q1014 NOSIG,AviationWeather.gov METAR
2026-09-18T14:09:30.864870+00:00,ZHCC,2026-09-18T14:00:00.000Z,22.0,17.0,2.0,METAR ZHCC 181400Z VRB01MPS CAVOK 22/17 Q1020 NOSIG,AviationWeather.gov METAR
2026-09-18T14:09:30.864872+00:00,ZHHH,2026-09-18T14:00:00.000Z,21.0,20.0,2.0,METAR ZHHH 181400Z VRB01MPS 9999 BKN040 21/20 Q1018 NOSIG,AviationWeather.gov METAR
2026-09-18T14:09:30.864875+00:00,ZSPD,2026-09-18T14:00:00.000Z,27.0,24.0,8.0,METAR ZSPD 181400Z 05004MPS 360V090 9999 SCT013 27/24 Q1017 NOSIG,AviationWeather.gov METAR
2026-09-18T14:09:30.864877+00:00,ZSQD,2026-09-18T14:00:00.000Z,22.0,19.0,4.0,METAR ZSQD 181400Z 13002MPS CAVOK 22/19 Q1020 NOSIG,AviationWeather.gov METAR
2026-09-18T14:09:30.864879+00:00,ZUCK,2026-09-18T14:00:00.000Z,21.0,21.0,4.0,METAR ZUCK 181400Z 02002MPS 9999 FEW010 SCT030 OVC040 21/21 Q1017 NOSIG,AviationWeather.gov METAR
2026-09-18T14:09:30.864882+00:00,ZUUU,2026-09-18T14:00:00.000Z,22.0,20.0,2.0,METAR ZUUU 181400Z VRB01MPS 9999 SCT050 22/20 Q1018 NOSIG,AviationWeather.gov METAR
2026-09-18T17:42:01.377252+00:00,CYYZ,2026-09-18T17:00:00.000Z,21.0,11.0,12.0,METAR CYYZ 181700Z 03012G17KT 320V050 15SM BKN042 BKN260 21/11 A3026 RMK CU5CI1 SLP249 DENSITY ALT 1000FT,AviationWeather.gov METAR
2026-09-18T17:42:01.377267+00:00,EDDM,2026-09-18T17:20:00.000Z,17.0,10.0,2.0,METAR EDDM 181720Z AUTO 36002KT CAVOK 17/10 Q1018 NOSIG,AviationWeather.gov METAR
2026-09-18T17:42:01.377274+00:00,EFHK,2026-09-18T17:20:00.000Z,14.0,12.0,10.0,METAR EFHK 181720Z 19010KT 9999 FEW008 FEW040CB BKN049 14/12 Q1002 TEMPO FEW040,AviationWeather.gov METAR
2026-09-18T17:42:01.377279+00:00,EGLC,2026-09-18T17:20:00.000Z,17.0,12.0,12.0,METAR EGLC 181720Z AUTO 21012KT 9999 -RA NCD 17/12 Q1013,AviationWeather.gov METAR
2026-09-18T17:42:01.377284+00:00,EHAM,2026-09-18T17:25:00.000Z,17.0,11.0,13.0,METAR EHAM 181725Z 23013KT 9999 FEW030 SCT036 17/11 Q1014 NOSIG,AviationWeather.gov METAR
2026-09-18T17:42:01.377289+00:00,EPWA,2026-09-18T17:30:00.000Z,18.0,10.0,3.0,METAR EPWA 181730Z 20003KT CAVOK 18/10 Q1014 NOSIG,AviationWeather.gov METAR
2026-09-18T17:42:01.377312+00:00,FACT,2026-09-18T17:00:00.000Z,17.0,8.0,12.0,METAR FACT 181700Z 14012KT CAVOK 17/08 Q1023 NOSIG,AviationWeather.gov METAR
2026-09-18T17:42:01.377320+00:00,KATL,2026-09-18T17:00:00.000Z,31.7,19.4,5.0,METAR KATL 181652Z 02005KT 10SM FEW048 FEW150 32/19 A3018 RMK AO2 SLP207 T03170194 $,AviationWeather.gov METAR
2026-09-18T17:42:01.377326+00:00,KAUS,2026-09-18T17:00:00.000Z,31.7,20.6,9.0,METAR KAUS 181653Z 07009KT 10SM SCT044 SCT300 32/21 A3014 RMK AO2 SLP195 T03170206 $,AviationWeather.gov METAR
2026-09-18T17:42:01.377331+00:00,KBKF,2026-09-18T17:00:00.000Z,25.5,10.1,3.0,METAR KBKF 181658Z VRB03KT 10SM SCT120 SCT180 26/10 A3021 RMK AO2A SLP150 T02550101,AviationWeather.gov METAR
2026-09-18T17:42:01.377335+00:00,KDAL,2026-09-18T17:00:00.000Z,33.3,19.4,4.0,METAR KDAL 181653Z VRB04KT 10SM FEW050 FEW250 33/19 A3015 RMK AO2 SLP202 T03330194,AviationWeather.gov METAR
2026-09-18T17:42:01.377339+00:00,KHOU,2026-09-18T17:00:00.000Z,31.1,20.6,9.0,METAR KHOU 181653Z 11009KT 10SM BKN045 BKN250 31/21 A3013 RMK AO2 SLP206 T03110206,AviationWeather.gov METAR
2026-09-18T17:42:01.377344+00:00,KLAX,2026-09-18T17:13:00.000Z,22.8,16.1,0.0,SPECI KLAX 181713Z 00000KT 10SM BKN026 BKN032 23/16 A3006 RMK AO2 T02280161 $,AviationWeather.gov METAR
2026-09-18T17:42:01.377348+00:00,KLGA,2026-09-18T17:00:00.000Z,26.7,13.9,11.0,METAR KLGA 181651Z 34011KT 10SM FEW032 SCT090 SCT250 27/14 A3006 RMK AO2 SLP177 T02670139 $,AviationWeather.gov METAR
2026-09-18T17:42:01.377352+00:00,KMIA,2026-09-18T17:00:00.000Z,27.8,23.3,9.0,METAR KMIA 181653Z 11009KT 10SM -TSRA BKN025CB BKN035 BKN250 28/23 A3001 RMK AO2 LTG DSNT ALQDS RAB28 PRESFR SLP163 OCNL LTGICCG OHD TS OHD MOV W P0000 T02780233,AviationWeather.gov METAR
2026-09-18T17:42:01.377356+00:00,KORD,2026-09-18T17:00:00.000Z,21.7,12.2,9.0,METAR KORD 181651Z 08009KT 10SM FEW023 FEW050 BKN120 BKN150 22/12 A3027 RMK AO2 SLP248 T02170122,AviationWeather.gov METAR
2026-09-18T17:42:01.377360+00:00,KSEA,2026-09-18T17:00:00.000Z,15.0,11.7,9.0,METAR KSEA 181653Z 17009KT 10SM OVC013 15/12 A3021 RMK AO2 SLP233 T01500117 $,AviationWeather.gov METAR
2026-09-18T17:42:01.377364+00:00,KSFO,2026-09-18T17:35:00.000Z,16.1,13.3,8.0,SPECI KSFO 181735Z 30008KT 10SM FEW005 BKN008 16/13 A3016 RMK AO2 T01610133,AviationWeather.gov METAR
2026-09-18T17:42:01.377368+00:00,LEMD,2026-09-18T17:30:00.000Z,27.0,7.0,1.0,METAR LEMD 181730Z 24001KT CAVOK 27/07 Q1017 NOSIG,AviationWeather.gov METAR
2026-09-18T17:42:01.377372+00:00,LFPB,2026-09-18T17:30:00.000Z,20.0,7.0,8.0,METAR LFPB 181730Z AUTO 25008KT CAVOK 20/07 Q1018 NOSIG,AviationWeather.gov METAR
2026-09-18T17:42:01.377376+00:00,LIMC,2026-09-18T17:20:00.000Z,20.0,17.0,6.0,METAR LIMC 181720Z 02006KT CAVOK 20/17 Q1015 NOSIG,AviationWeather.gov METAR
2026-09-18T17:42:01.377381+00:00,LTAC,2026-09-18T17:20:00.000Z,18.0,14.0,7.0,METAR LTAC 181720Z 36007KT 9999 SCT040 SCT080 18/14 Q1017 NOSIG,AviationWeather.gov METAR
2026-09-18T17:42:01.377385+00:00,MMMX,2026-09-18T17:00:00.000Z,20.0,9.0,9.0,METAR MMMX 181645Z 03009KT 12SM FEW020 BKN220 20/09 A3042 NOSIG RMK 8/108,AviationWeather.gov METAR
2026-09-18T17:42:01.377389+00:00,MPMG,2026-09-18T17:00:00.000Z,32.0,26.0,7.0,METAR MPMG 181700Z 16007KT 130V190 9000 VCSH SCT016CB SCT090 32/26 Q1010 TEMPO TS,AviationWeather.gov METAR
2026-09-18T17:42:01.377393+00:00,NZWN,2026-09-18T17:30:00.000Z,9.0,7.0,11.0,METAR NZWN 181730Z AUTO 02011KT 9999 FEW019/// 09/07 Q1001,AviationWeather.gov METAR
2026-09-18T17:42:01.377397+00:00,OEJN,2026-09-18T17:00:00.000Z,33.0,28.0,4.0,METAR OEJN 181700Z 22004KT CAVOK 33/28 Q1007 NOSIG,AviationWeather.gov METAR
2026-09-18T17:42:01.377401+00:00,OPKC,2026-09-18T17:30:00.000Z,29.0,24.0,9.0,METAR OPKC 181730Z 23009KT 4000 HZ SCT030 29/24 Q1010 NOSIG,AviationWeather.gov METAR
2026-09-18T17:42:01.377405+00:00,RJTT,2026-09-18T17:30:00.000Z,22.0,18.0,12.0,METAR RJTT 181730Z 36012KT 9999 FEW020 BKN040 22/18 Q1019 NOSIG,AviationWeather.gov METAR
2026-09-18T17:42:01.377409+00:00,RKPK,2026-09-18T17:00:00.000Z,22.0,18.0,4.0,METAR RKPK 181700Z 03004KT 9999 SCT030 22/18 Q1019,AviationWeather.gov METAR
2026-09-18T17:42:01.377413+00:00,RKSI,2026-09-18T17:30:00.000Z,21.0,16.0,7.0,METAR RKSI 181730Z 04007KT CAVOK 21/16 Q1021 NOSIG,AviationWeather.gov METAR
2026-09-18T17:42:01.377417+00:00,RPLL,2026-09-18T17:00:00.000Z,27.0,26.0,2.0,METAR RPLL 181700Z VRB02KT 9999 FEW025 BKN100 27/26 Q1012 NOSIG RMK A2988,AviationWeather.gov METAR
2026-09-18T17:42:01.377421+00:00,SAEZ,2026-09-18T17:00:00.000Z,24.0,8.0,11.0,METAR SAEZ 181700Z 06011KT CAVOK 24/08 Q1020 NOSIG,AviationWeather.gov METAR
2026-09-18T17:42:01.377425+00:00,SBGR,2026-09-18T17:00:00.000Z,23.0,16.0,8.0,METAR SBGR 181700Z 07008KT 9999 BKN023 23/16 Q1024,AviationWeather.gov METAR
2026-09-18T17:42:01.377429+00:00,VILK,2026-09-18T17:30:00.000Z,28.0,26.0,0.0,METAR VILK 181730Z 00000KT 4000 BR FEW020 SCT100 28/26 Q1009 NOSIG,AviationWeather.gov METAR
2026-09-18T17:42:01.377434+00:00,WMKK,2026-09-18T17:30:00.000Z,27.0,25.0,0.0,METAR WMKK 181730Z 00000KT 6000 FEW030 27/25 Q1010 NOSIG,AviationWeather.gov METAR
2026-09-18T17:42:01.377438+00:00,WSSS,2026-09-18T17:30:00.000Z,29.0,24.0,5.0,METAR WSSS 181730Z 09005KT 030V130 9000 FEW016 SCT070 29/24 Q1012 NOSIG,AviationWeather.gov METAR
2026-09-18T17:42:01.377442+00:00,ZBAA,2026-09-18T17:30:00.000Z,20.0,17.0,4.0,METAR ZBAA 181730Z 10002MPS 070V130 CAVOK 20/17 Q1020 NOSIG,AviationWeather.gov METAR
2026-09-18T17:42:01.377446+00:00,ZGGG,2026-09-18T17:30:00.000Z,29.0,24.0,4.0,METAR ZGGG 181730Z 13002MPS CAVOK 29/24 Q1014 NOSIG,AviationWeather.gov METAR
2026-09-18T17:42:01.377450+00:00,ZGSZ,2026-09-18T17:00:00.000Z,28.0,23.0,6.0,METAR ZGSZ 181700Z 10003MPS CAVOK 28/23 Q1014 NOSIG,AviationWeather.gov METAR
2026-09-18T17:42:01.377454+00:00,ZHCC,2026-09-18T17:00:00.000Z,20.0,17.0,4.0,METAR ZHCC 181700Z 30002MPS CAVOK 20/17 Q1019 NOSIG,AviationWeather.gov METAR
2026-09-18T17:42:01.377458+00:00,ZHHH,2026-09-18T17:00:00.000Z,21.0,21.0,2.0,METAR ZHHH 181700Z VRB01MPS 8000 BKN040 21/21 Q1018 NOSIG,AviationWeather.gov METAR
2026-09-18T17:42:01.377462+00:00,ZSPD,2026-09-18T17:30:00.000Z,27.0,24.0,8.0,METAR ZSPD 181730Z 09004MPS 020V120 9999 FEW013 27/24 Q1016 NOSIG,AviationWeather.gov METAR
2026-09-18T17:42:01.377466+00:00,ZSQD,2026-09-18T17:00:00.000Z,22.0,19.0,2.0,METAR ZSQD 181700Z 14001MPS CAVOK 22/19 Q1019 NOSIG,AviationWeather.gov METAR
2026-09-18T17:42:01.377470+00:00,ZUCK,2026-09-18T17:00:00.000Z,21.0,21.0,2.0,METAR ZUCK 181700Z VRB01MPS 5000 TSRA BR FEW007 FEW023CB OVC050 21/21 Q1017 BECMG TL1830 -SHRA,AviationWeather.gov METAR
2026-09-18T17:42:01.377474+00:00,ZUUU,2026-09-18T17:00:00.000Z,22.0,20.0,2.0,METAR ZUUU 181700Z VRB01MPS 9999 SCT050 22/20 Q1018 NOSIG,AviationWeather.gov METAR
2026-09-18T19:59:04.348411+00:00,CYYZ,2026-09-18T19:00:00.000Z,21.0,10.0,6.0,METAR CYYZ 181900Z 36006KT 310V040 15SM FEW020 FEW048 BKN250 21/10 A3024 RMK CF1CU1CI5 CF TR SLP242 DENSITY ALT 1100FT,AviationWeather.gov METAR
2026-09-18T19:59:04.348428+00:00,EDDM,2026-09-18T20:00:00.000Z,14.0,11.0,1.0,METAR EDDM 181950Z AUTO VRB01KT CAVOK 14/11 Q1020 NOSIG,AviationWeather.gov METAR
2026-09-18T19:59:04.348434+00:00,EFHK,2026-09-18T20:00:00.000Z,13.0,12.0,8.0,METAR EFHK 181950Z 19008KT 9999 FEW020CB 13/12 Q1003 BECMG CAVOK,AviationWeather.gov METAR
2026-09-18T19:59:04.348438+00:00,EGLC,2026-09-18T20:00:00.000Z,17.0,12.0,10.0,METAR EGLC 181950Z AUTO 23010KT 200V260 9999 NCD 17/12 Q1014,AviationWeather.gov METAR
2026-09-18T19:59:04.348441+00:00,EHAM,2026-09-18T20:00:00.000Z,17.0,13.0,14.0,METAR EHAM 181955Z 23014KT 9999 -RADZ FEW025 SCT042 17/13 Q1013 NOSIG,AviationWeather.gov METAR
2026-09-18T19:59:04.348445+00:00,EPWA,2026-09-18T19:30:00.000Z,17.0,11.0,7.0,METAR EPWA 181930Z 27007KT CAVOK 17/11 Q1015 NOSIG,AviationWeather.gov METAR
2026-09-18T19:59:04.348448+00:00,FACT,2026-09-18T19:00:00.000Z,15.0,8.0,5.0,METAR FACT 181900Z 14005KT CAVOK 15/08 Q1024 NOSIG,AviationWeather.gov METAR
2026-09-18T19:59:04.348454+00:00,KATL,2026-09-18T20:00:00.000Z,33.9,18.9,4.0,METAR KATL 181952Z 30004KT 10SM SCT060 SCT250 34/19 A3010 RMK AO2 SLP181 MDT CU NW-NE T03390189 $,AviationWeather.gov METAR
2026-09-18T19:59:04.348460+00:00,KAUS,2026-09-18T20:00:00.000Z,35.0,17.2,6.0,METAR KAUS 181953Z VRB06G15KT 10SM FEW045 SCT300 35/17 A3005 RMK AO2 SLP165 T03500172 $,AviationWeather.gov METAR
2026-09-18T19:59:04.348494+00:00,KBKF,2026-09-18T19:00:00.000Z,27.7,8.5,3.0,METAR KBKF 181858Z VRB03KT 10SM SCT100 SCT210 28/09 A3018 RMK AO2A SLP136 T02770085,AviationWeather.gov METAR
2026-09-18T19:59:04.348501+00:00,KDAL,2026-09-18T20:00:00.000Z,35.6,16.1,6.0,METAR KDAL 181953Z 13006KT 10SM SCT075 SCT250 36/16 A3006 RMK AO2 SLP171 T03560161,AviationWeather.gov METAR
2026-09-18T19:59:04.348504+00:00,KHOU,2026-09-18T20:00:00.000Z,33.3,18.3,10.0,METAR KHOU 181953Z 09010G18KT 10SM FEW040 SCT250 33/18 A3005 RMK AO2 SLP178 T03330183,AviationWeather.gov METAR
2026-09-18T19:59:04.348508+00:00,KLAX,2026-09-18T20:00:00.000Z,24.4,15.6,13.0,METAR KLAX 181953Z 26013KT 10SM FEW024 FEW034 24/16 A3003 RMK AO2 SLP168 T02440156 $,AviationWeather.gov METAR
2026-09-18T19:59:04.348511+00:00,KLGA,2026-09-18T20:00:00.000Z,27.2,14.4,9.0,METAR KLGA 181951Z 36009KT 10SM FEW055 FEW090 SCT250 27/14 A3003 RMK AO2 SLP169 T02720144 $,AviationWeather.gov METAR
2026-09-18T19:59:04.348514+00:00,KMIA,2026-09-18T20:00:00.000Z,25.0,22.8,7.0,METAR KMIA 181953Z 35007KT 10SM -TSRA FEW012 BKN020CB BKN080 OVC130 25/23 A3002 RMK AO2 RAE35B38 TSE35B46 SLP165 OCNL LTGICCG SW TS MOV SW MOV E CB DSNT ALQDS MOV E P0002 T02500228,AviationWeather.gov METAR
2026-09-18T19:59:04.348517+00:00,KORD,2026-09-18T20:00:00.000Z,20.6,13.9,12.0,METAR KORD 181951Z 10012KT 10SM SCT110 BKN130 OVC250 21/14 A3018 RMK AO2 SLP216 T02060139,AviationWeather.gov METAR
2026-09-18T19:59:04.348521+00:00,KSEA,2026-09-18T20:00:00.000Z,17.2,11.1,9.0,METAR KSEA 181953Z 22009KT 10SM BKN018 17/11 A3021 RMK AO2 SLP235 T01720111 $,AviationWeather.gov METAR
2026-09-18T19:59:04.348524+00:00,KSFO,2026-09-18T19:05:00.000Z,17.8,13.9,12.0,SPECI KSFO 181905Z 29012KT 10SM FEW004 SCT008 18/14 A3014 RMK AO2 T01780139,AviationWeather.gov METAR
2026-09-18T19:59:04.348527+00:00,LEMD,2026-09-18T19:30:00.000Z,22.0,7.0,2.0,METAR LEMD 181930Z VRB02KT CAVOK 22/07 Q1017 NOSIG,AviationWeather.gov METAR
2026-09-18T19:59:04.348533+00:00,LFPB,2026-09-18T19:30:00.000Z,18.0,8.0,4.0,METAR LFPB 181930Z AUTO 25004KT CAVOK 18/08 Q1019 NOSIG,AviationWeather.gov METAR
2026-09-18T19:59:04.348537+00:00,LIMC,2026-09-18T20:00:00.000Z,19.0,16.0,6.0,METAR LIMC 181950Z 03006KT CAVOK 19/16 Q1017 NOSIG,AviationWeather.gov METAR
2026-09-18T19:59:04.348540+00:00,LTAC,2026-09-18T20:00:00.000Z,17.0,12.0,7.0,METAR LTAC 181950Z 04007KT 9999 SCT040 SCT100 17/12 Q1018 NOSIG,AviationWeather.gov METAR
2026-09-18T19:59:04.348543+00:00,MMMX,2026-09-18T19:00:00.000Z,23.0,9.0,0.0,METAR MMMX 181845Z 00000KT 12SM BKN020 BKN220 23/09 A3036 NOSIG RMK 8/108 ISOL MDT CU,AviationWeather.gov METAR
2026-09-18T19:59:04.348546+00:00,MPMG,2026-09-18T19:00:00.000Z,29.0,26.0,9.0,METAR MPMG 181900Z 30009KT 270V340 9000 VCSH FEW008 SCT016CB SCT090 29/26 Q1009 NOSIG,AviationWeather.gov METAR
2026-09-18T19:59:04.348549+00:00,NZWN,2026-09-18T19:30:00.000Z,11.0,8.0,17.0,METAR NZWN 181930Z AUTO 02017KT 9999 BKN020/// 11/08 Q1000,AviationWeather.gov METAR
2026-09-18T19:59:04.348552+00:00,OEJN,2026-09-18T19:00:00.000Z,32.0,28.0,3.0,METAR OEJN 181900Z 27003KT CAVOK 32/28 Q1008 NOSIG,AviationWeather.gov METAR
2026-09-18T19:59:04.348555+00:00,OPKC,2026-09-18T19:30:00.000Z,29.0,24.0,10.0,METAR OPKC 181930Z 25010KT 4000 HZ SCT030 29/24 Q1010 NOSIG,AviationWeather.gov METAR
2026-09-18T19:59:04.348558+00:00,RJTT,2026-09-18T19:30:00.000Z,22.0,18.0,13.0,METAR RJTT 181930Z 36013KT 9999 FEW018 BKN023 BKN040 22/18 Q1019 NOSIG,AviationWeather.gov METAR
2026-09-18T19:59:04.348561+00:00,RKPK,2026-09-18T19:00:00.000Z,20.0,18.0,3.0,METAR RKPK 181900Z 33003KT 9999 SCT030 20/18 Q1019,AviationWeather.gov METAR
2026-09-18T19:59:04.348564+00:00,RKSI,2026-09-18T19:30:00.000Z,20.0,15.0,8.0,METAR RKSI 181930Z 05008KT CAVOK 20/15 Q1020 NOSIG,AviationWeather.gov METAR
2026-09-18T19:59:04.348568+00:00,RPLL,2026-09-18T19:00:00.000Z,27.0,25.0,4.0,METAR RPLL 181900Z 02004KT 9999 FEW025 BKN100 27/25 Q1011 NOSIG RMK A2985,AviationWeather.gov METAR
2026-09-18T19:59:04.348571+00:00,SAEZ,2026-09-18T19:00:00.000Z,22.0,9.0,10.0,METAR SAEZ 181900Z 07010KT CAVOK 22/09 Q1019 NOSIG,AviationWeather.gov METAR
2026-09-18T19:59:04.348574+00:00,SBGR,2026-09-18T20:00:00.000Z,20.0,16.0,8.0,METAR SBGR 182000Z 12008KT 9000 OVC023 20/16 Q1024,AviationWeather.gov METAR
2026-09-18T19:59:04.348577+00:00,VILK,2026-09-18T19:30:00.000Z,27.0,26.0,0.0,METAR VILK 181930Z 00000KT 3500 BR FEW020 BKN100 27/26 Q1009 TEMPO 3000 BR,AviationWeather.gov METAR
2026-09-18T19:59:04.348580+00:00,WMKK,2026-09-18T19:30:00.000Z,27.0,25.0,0.0,METAR WMKK 181930Z 00000KT 6000 FEW017CB 27/25 Q1010 NOSIG,AviationWeather.gov METAR
2026-09-18T19:59:04.348583+00:00,WSSS,2026-09-18T19:30:00.000Z,29.0,25.0,4.0,METAR WSSS 181930Z 09004KT 330V130 9999 FEW016 SCT150 BKN280 29/25 Q1011 NOSIG,AviationWeather.gov METAR
2026-09-18T19:59:04.348586+00:00,ZBAA,2026-09-18T19:30:00.000Z,19.0,17.0,2.0,METAR ZBAA 181930Z VRB01MPS CAVOK 19/17 Q1020 NOSIG,AviationWeather.gov METAR
2026-09-18T19:59:04.348589+00:00,ZGGG,2026-09-18T19:30:00.000Z,29.0,24.0,4.0,METAR ZGGG 181930Z 15002MPS CAVOK 29/24 Q1014 NOSIG,AviationWeather.gov METAR
2026-09-18T19:59:04.348592+00:00,ZGSZ,2026-09-18T19:00:00.000Z,27.0,23.0,2.0,METAR ZGSZ 181900Z VRB01MPS CAVOK 27/23 Q1014 NOSIG,AviationWeather.gov METAR
2026-09-18T19:59:04.348595+00:00,ZHCC,2026-09-18T19:00:00.000Z,22.0,16.0,8.0,METAR ZHCC 181900Z 33004MPS CAVOK 22/16 Q1019 NOSIG,AviationWeather.gov METAR
2026-09-18T19:59:04.348598+00:00,ZHHH,2026-09-18T19:00:00.000Z,20.0,20.0,2.0,METAR ZHHH 181900Z VRB01MPS 7000 BKN040 20/20 Q1018 NOSIG,AviationWeather.gov METAR
2026-09-18T19:59:04.348602+00:00,ZSPD,2026-09-18T19:30:00.000Z,26.0,24.0,6.0,METAR ZSPD 181930Z 11003MPS 070V130 9999 -SHRA FEW013 26/24 Q1016 NOSIG,AviationWeather.gov METAR
2026-09-18T19:59:04.348605+00:00,ZSQD,2026-09-18T19:00:00.000Z,20.0,20.0,4.0,METAR ZSQD 181900Z 03002MPS CAVOK 20/20 Q1020 NOSIG,AviationWeather.gov METAR
2026-09-18T19:59:04.348608+00:00,ZUCK,2026-09-18T19:00:00.000Z,20.0,20.0,2.0,METAR ZUCK 181900Z VRB01MPS 7000 R02L/P2000 R02R/P2000 R03L/1100D R03R/0450D -SHRA BCFG FEW003 SCT008 OVC033 20/20 Q1017 NOSIG,AviationWeather.gov METAR
2026-09-18T19:59:04.348611+00:00,ZUUU,2026-09-18T19:00:00.000Z,21.0,20.0,2.0,METAR ZUUU 181900Z VRB01MPS 9999 SCT050 21/20 Q1017 NOSIG,AviationWeather.gov METAR
2026-09-18T22:28:38.231337+00:00,CYYZ,2026-09-18T22:00:00.000Z,18.0,6.0,14.0,METAR CYYZ 182200Z 01014KT 15SM FEW030 FEW190 SCT210 BKN260 18/06 A3024 RMK CU1AC1CI3CI3 CU TR SLP243,AviationWeather.gov METAR
2026-09-18T22:28:38.231356+00:00,EDDM,2026-09-18T22:20:00.000Z,10.0,9.0,0.0,METAR EDDM 182220Z AUTO 00000KT CAVOK 10/09 Q1021 NOSIG,AviationWeather.gov METAR
2026-09-18T22:28:38.231363+00:00,EFHK,2026-09-18T22:20:00.000Z,13.0,12.0,8.0,METAR EFHK 182220Z 19008KT 9999 FEW013 13/12 Q1002 TEMPO FEW020CB,AviationWeather.gov METAR
2026-09-18T22:28:38.231369+00:00,EGLC,2026-09-18T22:20:00.000Z,17.0,12.0,12.0,METAR EGLC 182220Z AUTO 23012KT 9999 -RA NCD 17/12 Q1014,AviationWeather.gov METAR
2026-09-18T22:28:38.231373+00:00,EHAM,2026-09-18T22:25:00.000Z,17.0,13.0,11.0,METAR EHAM 182225Z 23011KT 200V260 9999 FEW023 17/13 Q1013 NOSIG,AviationWeather.gov METAR
2026-09-18T22:28:38.231377+00:00,EPWA,2026-09-18T22:00:00.000Z,16.0,12.0,4.0,METAR EPWA 182200Z 25004KT CAVOK 16/12 Q1016 NOSIG,AviationWeather.gov METAR
2026-09-18T22:28:38.231382+00:00,FACT,2026-09-18T22:00:00.000Z,14.0,9.0,7.0,METAR FACT 182200Z 29007KT 240V320 CAVOK 14/09 Q1023 NOSIG,AviationWeather.gov METAR
2026-09-18T22:28:38.231389+00:00,KATL,2026-09-18T22:00:00.000Z,33.3,20.0,7.0,METAR KATL 182152Z 30007KT 10SM FEW060TCU FEW200 33/20 A3007 RMK AO2 SLP171 TCU OHD N T03330200 $,AviationWeather.gov METAR
2026-09-18T22:28:38.231395+00:00,KAUS,2026-09-18T22:00:00.000Z,36.1,16.7,13.0,METAR KAUS 182153Z 12013KT 10SM SCT075 SCT300 36/17 A3002 RMK AO2 SLP152 T03610167 $,AviationWeather.gov METAR
2026-09-18T22:28:38.231400+00:00,KBKF,2026-09-18T22:06:00.000Z,27.0,9.0,8.0,SPECI KBKF 182206Z 11008KT 10SM -RA SCT085 BKN100 BKN140 BKN220 27/09 A3011 RMK AO2A SLP116,AviationWeather.gov METAR
2026-09-18T22:28:38.231405+00:00,KDAL,2026-09-18T22:00:00.000Z,36.1,16.1,9.0,METAR KDAL 182153Z 14009KT 100V210 10SM SCT080 SCT250 36/16 A3002 RMK AO2 SLP157 T03610161,AviationWeather.gov METAR
2026-09-18T22:28:38.231409+00:00,KHOU,2026-09-18T22:00:00.000Z,33.3,17.8,13.0,METAR KHOU 182153Z 12013G17KT 10SM FEW045 SCT250 33/18 A3002 RMK AO2 SLP170 T03330178,AviationWeather.gov METAR
2026-09-18T22:28:38.231413+00:00,KLAX,2026-09-18T22:00:00.000Z,24.4,16.1,13.0,METAR KLAX 182153Z 26013G20KT 10SM FEW030 24/16 A3000 RMK AO2 SLP158 T02440161 $,AviationWeather.gov METAR
2026-09-18T22:28:38.231417+00:00,KLGA,2026-09-18T22:00:00.000Z,26.1,15.0,9.0,METAR KLGA 182151Z 02009KT 10SM SCT060 SCT090 SCT250 26/15 A3004 RMK AO2 SLP173 T02610150 $,AviationWeather.gov METAR
2026-09-18T22:28:38.231421+00:00,KMIA,2026-09-18T22:00:00.000Z,25.0,23.3,0.0,METAR KMIA 182153Z 00000KT 6SM -RA BR BKN075 OVC100 25/23 A2998 RMK AO2 SLP152 P0011 T02500233,AviationWeather.gov METAR
2026-09-18T22:28:38.231425+00:00,KORD,2026-09-18T22:00:00.000Z,21.7,13.9,10.0,METAR KORD 182151Z 08010KT 10SM FEW027 BKN120 OVC250 22/14 A3014 RMK AO2 SLP203 T02170139,AviationWeather.gov METAR
2026-09-18T22:28:38.231429+00:00,KSEA,2026-09-18T22:00:00.000Z,19.4,11.7,8.0,METAR KSEA 182153Z 23008KT 10SM FEW060 FEW200 19/12 A3019 RMK AO2 SLP230 T01940117 $,AviationWeather.gov METAR
2026-09-18T22:28:38.231434+00:00,KSFO,2026-09-18T22:00:00.000Z,20.0,13.3,18.0,METAR KSFO 182156Z 29018KT 10SM FEW012 20/13 A3009 RMK AO2 SLP189 T02000133,AviationWeather.gov METAR
2026-09-18T22:28:38.231438+00:00,LEMD,2026-09-18T22:00:00.000Z,21.0,4.0,3.0,METAR LEMD 182200Z 33003KT 280V010 9999 FEW080 21/04 Q1019 NOSIG,AviationWeather.gov METAR
2026-09-18T22:28:38.231442+00:00,LFPB,2026-09-18T22:00:00.000Z,18.0,10.0,3.0,METAR LFPB 182200Z AUTO 25003KT 220V280 CAVOK 18/10 Q1020 NOSIG,AviationWeather.gov METAR
2026-09-18T22:28:38.231446+00:00,LIMC,2026-09-18T22:20:00.000Z,18.0,16.0,6.0,METAR LIMC 182220Z 02006KT 9999 SCT050 18/16 Q1019 NOSIG,AviationWeather.gov METAR
2026-09-18T22:28:38.231450+00:00,LTAC,2026-09-18T22:20:00.000Z,14.0,12.0,3.0,METAR LTAC 182220Z 04003KT 9999 SCT040 SCT100 14/12 Q1019 NOSIG,AviationWeather.gov METAR
2026-09-18T22:28:38.231454+00:00,MMMX,2026-09-18T22:00:00.000Z,22.0,8.0,14.0,METAR MMMX 182150Z 02014KT 12SM BKN020CB BKN080 OVC220 22/08 A3029 NOSIG RMK 8/363 BINOVC,AviationWeather.gov METAR
2026-09-18T22:28:38.231457+00:00,MPMG,2026-09-18T22:00:00.000Z,30.0,26.0,6.0,METAR MPMG 182200Z 29006KT 260V330 9999 SCT016CB BKN080 30/26 Q1008 NOSIG,AviationWeather.gov METAR
2026-09-18T22:28:38.231461+00:00,NZWN,2026-09-18T22:00:00.000Z,14.0,10.0,18.0,METAR NZWN 182200Z AUTO 01018KT 9999 SCT028/// 14/10 Q1000,AviationWeather.gov METAR
2026-09-18T22:28:38.231465+00:00,OEJN,2026-09-18T22:00:00.000Z,33.0,28.0,3.0,METAR OEJN 182200Z 20003KT CAVOK 33/28 Q1009 NOSIG,AviationWeather.gov METAR
2026-09-18T22:28:38.231469+00:00,OPKC,2026-09-18T22:00:00.000Z,28.0,23.0,6.0,METAR OPKC 182200Z 27006KT 4000 HZ BKN030 28/23 Q1009 NOSIG,AviationWeather.gov METAR
2026-09-18T22:28:38.231474+00:00,RJTT,2026-09-18T22:00:00.000Z,22.0,18.0,11.0,METAR RJTT 182200Z 36011KT 9999 BKN020 22/18 Q1019 NOSIG,AviationWeather.gov METAR
2026-09-18T22:28:38.231478+00:00,RKPK,2026-09-18T22:00:00.000Z,22.0,18.0,2.0,METAR RKPK 182200Z 32002KT CAVOK 22/18 Q1019,AviationWeather.gov METAR
2026-09-18T22:28:38.231481+00:00,RKSI,2026-09-18T22:00:00.000Z,20.0,16.0,7.0,METAR RKSI 182200Z 04007KT CAVOK 20/16 Q1021 NOSIG,AviationWeather.gov METAR
2026-09-18T22:28:38.231484+00:00,RPLL,2026-09-18T22:00:00.000Z,27.0,26.0,1.0,METAR RPLL 182200Z VRB01KT 9999 FEW025 27/26 Q1012 NOSIG RMK A2988,AviationWeather.gov METAR
2026-09-18T22:28:38.231487+00:00,SAEZ,2026-09-18T22:00:00.000Z,20.0,9.0,5.0,METAR SAEZ 182200Z 08005KT CAVOK 20/09 Q1018 NOSIG,AviationWeather.gov METAR
2026-09-18T22:28:38.231490+00:00,SBGR,2026-09-18T22:00:00.000Z,18.0,16.0,5.0,METAR SBGR 182200Z 14005KT 9999 OVC011 18/16 Q1024,AviationWeather.gov METAR
2026-09-18T22:28:38.231493+00:00,VILK,2026-09-18T22:00:00.000Z,27.0,26.0,0.0,METAR VILK 182200Z 00000KT 3000 BR SCT020 BKN100 27/26 Q1009 NOSIG,AviationWeather.gov METAR
2026-09-18T22:28:38.231496+00:00,WMKK,2026-09-18T22:00:00.000Z,27.0,25.0,2.0,METAR WMKK 182200Z VRB02KT 6000 FEW017CB 27/25 Q1009 NOSIG,AviationWeather.gov METAR
2026-09-18T22:28:38.231499+00:00,WSSS,2026-09-18T22:00:00.000Z,29.0,24.0,6.0,METAR WSSS 182200Z VRB06KT 9999 FEW016 BKN150 29/24 Q1011 NOSIG,AviationWeather.gov METAR
2026-09-18T22:28:38.231502+00:00,ZBAA,2026-09-18T22:00:00.000Z,19.0,17.0,4.0,METAR ZBAA 182200Z 10002MPS 5000 BR NSC 19/17 Q1020 NOSIG,AviationWeather.gov METAR
2026-09-18T22:28:38.231506+00:00,ZGGG,2026-09-18T22:00:00.000Z,28.0,24.0,4.0,METAR ZGGG 182200Z 11002MPS 9999 SCT030 28/24 Q1015 NOSIG,AviationWeather.gov METAR
2026-09-18T22:28:38.231509+00:00,ZGSZ,2026-09-18T22:00:00.000Z,27.0,23.0,4.0,METAR ZGSZ 182200Z 09002MPS CAVOK 27/23 Q1015 NOSIG,AviationWeather.gov METAR
2026-09-18T22:28:38.231512+00:00,ZHCC,2026-09-18T22:00:00.000Z,21.0,16.0,6.0,METAR ZHCC 182200Z 34003MPS CAVOK 21/16 Q1019 NOSIG,AviationWeather.gov METAR
2026-09-18T22:28:38.231515+00:00,ZHHH,2026-09-18T22:00:00.000Z,20.0,20.0,2.0,METAR ZHHH 182200Z VRB01MPS 6000 BKN040 20/20 Q1018 NOSIG,AviationWeather.gov METAR
2026-09-18T22:28:38.231518+00:00,ZSPD,2026-09-18T22:00:00.000Z,26.0,24.0,6.0,METAR ZSPD 182200Z 10003MPS 010V140 9999 -SHRA SCT013 26/24 Q1017 NOSIG,AviationWeather.gov METAR
2026-09-18T22:28:38.231521+00:00,ZSQD,2026-09-18T22:00:00.000Z,20.0,19.0,4.0,METAR ZSQD 182200Z 11002MPS 6000 NSC 20/19 Q1019 NOSIG,AviationWeather.gov METAR
2026-09-18T22:28:38.231524+00:00,ZUCK,2026-09-18T22:00:00.000Z,20.0,20.0,2.0,METAR ZUCK 182200Z 16001MPS 6000 BCFG FEW003 SCT006 OVC030 20/20 Q1017 NOSIG,AviationWeather.gov METAR
2026-09-18T22:28:38.231527+00:00,ZUUU,2026-09-18T22:00:00.000Z,21.0,20.0,2.0,METAR ZUUU 182200Z VRB01MPS 8000 FEW023 SCT050 21/20 Q1017 NOSIG,AviationWeather.gov METAR
2026-09-19T00:33:08.718604+00:00,CYYZ,2026-09-19T00:00:00.000Z,16.0,7.0,11.0,METAR CYYZ 190000Z 36011G17KT 15SM BKN170 16/07 A3023 RMK AC7 SLP240,AviationWeather.gov METAR
2026-09-19T00:33:08.718627+00:00,EDDM,2026-09-19T00:20:00.000Z,9.0,9.0,2.0,METAR EDDM 190020Z AUTO 24002KT CAVOK 09/09 Q1021 NOSIG,AviationWeather.gov METAR
2026-09-19T00:33:08.718633+00:00,EFHK,2026-09-19T00:20:00.000Z,14.0,13.0,7.0,METAR EFHK 190020Z 21007KT 9999 -SHRA FEW009 SCT020CB BKN038 14/13 Q1001 TEMPO 7000 SHRA BKN009,AviationWeather.gov METAR
2026-09-19T00:33:08.718637+00:00,EGLC,2026-09-19T00:20:00.000Z,17.0,13.0,10.0,METAR EGLC 190020Z AUTO 24010KT 200V260 9999 BKN021 17/13 Q1014,AviationWeather.gov METAR
2026-09-19T00:33:08.718641+00:00,EHAM,2026-09-19T00:25:00.000Z,17.0,13.0,13.0,METAR EHAM 190025Z 23013KT 9999 FEW024 17/13 Q1013 NOSIG,AviationWeather.gov METAR
2026-09-19T00:33:08.718645+00:00,EPWA,2026-09-19T00:00:00.000Z,13.0,12.0,5.0,METAR EPWA 190000Z 27005KT CAVOK 13/12 Q1017 NOSIG,AviationWeather.gov METAR
2026-09-19T00:33:08.718650+00:00,FACT,2026-09-19T00:00:00.000Z,13.0,10.0,8.0,METAR FACT 190000Z 24008KT CAVOK 13/10 Q1022 NOSIG,AviationWeather.gov METAR
2026-09-19T00:33:08.718657+00:00,KATL,2026-09-19T00:00:00.000Z,30.0,20.6,4.0,METAR KATL 182352Z 27004KT 10SM FEW060 FEW250 30/21 A3006 RMK AO2 SLP169 T03000206 10339 20300 56007 $,AviationWeather.gov METAR
2026-09-19T00:33:08.718663+00:00,KAUS,2026-09-19T00:00:00.000Z,33.9,18.3,8.0,METAR KAUS 182353Z 11008KT 10SM FEW075 BKN300 34/18 A3000 RMK AO2 SLP145 T03390183 10367 20333 56012 $,AviationWeather.gov METAR
2026-09-19T00:33:08.718668+00:00,KBKF,2026-09-19T00:00:00.000Z,18.1,13.8,3.0,METAR KBKF 182358Z 01003KT 10SM -RA BKN075 BKN095 BKN220 18/14 A3017 RMK AO2A LTG DSNT N-NE RAE41B58 TSE20 SLP156 P0004 60024 T01810138 10308 20174 53014,AviationWeather.gov METAR
2026-09-19T00:33:08.718672+00:00,KDAL,2026-09-19T00:00:00.000Z,34.4,16.1,7.0,METAR KDAL 182353Z 16007KT 10SM FEW080 FEW250 34/16 A3001 RMK AO2 SLP155 T03440161 10367 20344 56008,AviationWeather.gov METAR
2026-09-19T00:33:08.718676+00:00,KHOU,2026-09-19T00:00:00.000Z,31.1,20.0,9.0,METAR KHOU 182353Z 10009KT 10SM FEW040 FEW250 31/20 A3002 RMK AO2 SLP168 T03110200 10339 20311 58003,AviationWeather.gov METAR
2026-09-19T00:33:08.718680+00:00,KLAX,2026-09-19T00:00:00.000Z,22.8,16.1,11.0,METAR KLAX 182353Z 25011KT 10SM FEW012 FEW025 23/16 A2998 RMK AO2 SLP151 T02280161 10250 20228 56012 $,AviationWeather.gov METAR
2026-09-19T00:33:08.718684+00:00,KLGA,2026-09-19T00:00:00.000Z,25.0,16.1,7.0,METAR KLGA 182351Z 06007KT 10SM SCT060 BKN250 25/16 A3006 RMK AO2 SLP178 T02500161 10272 20250 53007 $,AviationWeather.gov METAR
2026-09-19T00:33:08.718688+00:00,KMIA,2026-09-19T00:00:00.000Z,24.4,23.3,5.0,METAR KMIA 182353Z 36005KT 10SM SCT016 BKN060 BKN110 BKN250 24/23 A2997 RMK AO2 SLP147 60017 T02440233 10278 20244 55014,AviationWeather.gov METAR
2026-09-19T00:33:08.718692+00:00,KORD,2026-09-19T00:00:00.000Z,20.6,15.0,10.0,METAR KORD 182351Z 08010KT 10SM BKN029 BKN080 OVC100 21/15 A3013 RMK AO2 RAE14 SLP202 P0000 60000 T02060150 10222 20200 56003,AviationWeather.gov METAR
2026-09-19T00:33:08.718696+00:00,KSEA,2026-09-19T00:00:00.000Z,20.0,11.1,7.0,METAR KSEA 182353Z 19007KT 10SM FEW060 FEW230 20/11 A3018 RMK AO2 SLP224 T02000111 10206 20156 56009 $,AviationWeather.gov METAR
2026-09-19T00:33:08.718700+00:00,KSFO,2026-09-19T00:00:00.000Z,18.3,13.3,23.0,METAR KSFO 182356Z 28023G28KT 10SM FEW006 18/13 A3006 RMK AO2 PK WND 28028/2347 SLP180 T01830133 10206 20161 56013,AviationWeather.gov METAR
2026-09-19T00:33:08.718704+00:00,LEMD,2026-09-19T00:00:00.000Z,19.0,6.0,1.0,METAR LEMD 190000Z 36001KT CAVOK 19/06 Q1021 NOSIG,AviationWeather.gov METAR
2026-09-19T00:33:08.718707+00:00,LFPB,2026-09-19T00:00:00.000Z,16.0,10.0,3.0,METAR LFPB 190000Z AUTO 24003KT CAVOK 16/10 Q1020 NOSIG,AviationWeather.gov METAR
2026-09-19T00:33:08.718711+00:00,LIMC,2026-09-19T00:20:00.000Z,17.0,15.0,4.0,METAR LIMC 190020Z 02004KT CAVOK 17/15 Q1019 NOSIG,AviationWeather.gov METAR
2026-09-19T00:33:08.718715+00:00,LTAC,2026-09-19T00:20:00.000Z,13.0,11.0,5.0,METAR LTAC 190020Z 03005KT 9999 SCT040 SCT100 13/11 Q1019 NOSIG,AviationWeather.gov METAR
2026-09-19T00:33:08.718719+00:00,MMMX,2026-09-19T00:00:00.000Z,22.0,10.0,10.0,METAR MMMX 182350Z 08010KT 12SM SCT020 BKN080 BKN220 22/10 A3029 NOSIG RMK SLP095 57008 959 8/463 DSNT CB E AND W,AviationWeather.gov METAR
2026-09-19T00:33:08.718722+00:00,MPMG,2026-09-19T00:00:00.000Z,28.0,26.0,5.0,METAR MPMG 190000Z 33005KT 300V360 9999 FEW008 SCT017 BKN090 28/26 Q1008 NOSIG,AviationWeather.gov METAR
2026-09-19T00:33:08.718726+00:00,NZWN,2026-09-19T00:00:00.000Z,14.0,10.0,18.0,METAR NZWN 190000Z AUTO 01018KT 9999 FEW025/// 14/10 Q0998,AviationWeather.gov METAR
2026-09-19T00:33:08.718730+00:00,OEJN,2026-09-19T00:00:00.000Z,32.0,26.0,5.0,METAR OEJN 190000Z 20005KT CAVOK 32/26 Q1008 NOSIG,AviationWeather.gov METAR
2026-09-19T00:33:08.718734+00:00,OPKC,2026-09-19T00:30:00.000Z,28.0,23.0,6.0,METAR OPKC 190030Z 26006KT 4000 HZ BKN030 28/23 Q1010 NOSIG,AviationWeather.gov METAR
2026-09-19T00:33:08.718737+00:00,RJTT,2026-09-19T00:00:00.000Z,23.0,18.0,13.0,METAR RJTT 190000Z 36013KT 9999 FEW020 BKN023 23/18 Q1020 NOSIG,AviationWeather.gov METAR
2026-09-19T00:33:08.718741+00:00,RKPK,2026-09-19T00:00:00.000Z,25.0,19.0,10.0,METAR RKPK 190000Z 03010KT 9999 SCT030 BKN150 25/19 Q1019,AviationWeather.gov METAR
2026-09-19T00:33:08.718745+00:00,RKSI,2026-09-19T00:00:00.000Z,21.0,16.0,8.0,METAR RKSI 190000Z 04008KT CAVOK 21/16 Q1022 NOSIG,AviationWeather.gov METAR
2026-09-19T00:33:08.718749+00:00,RPLL,2026-09-19T00:00:00.000Z,29.0,26.0,2.0,METAR RPLL 190000Z VRB02KT 9999 FEW025 29/26 Q1013 NOSIG RMK A2991,AviationWeather.gov METAR
2026-09-19T00:33:08.718753+00:00,SAEZ,2026-09-19T00:00:00.000Z,18.0,10.0,7.0,METAR SAEZ 190000Z 07007KT CAVOK 18/10 Q1018 NOSIG,AviationWeather.gov METAR
2026-09-19T00:33:08.718757+00:00,SBGR,2026-09-19T00:00:00.000Z,17.0,16.0,6.0,METAR SBGR 190000Z 11006KT 9000 OVC009 17/16 Q1025,AviationWeather.gov METAR
2026-09-19T00:33:08.718760+00:00,VILK,2026-09-19T00:00:00.000Z,27.0,26.0,2.0,METAR VILK 190000Z VRB02KT 3000 BR SCT020 BKN100 27/26 Q1010 NOSIG,AviationWeather.gov METAR
2026-09-19T00:33:08.718764+00:00,WMKK,2026-09-19T00:00:00.000Z,27.0,25.0,0.0,METAR WMKK 190000Z 00000KT 5000 HZ FEW017CB 27/25 Q1011 NOSIG,AviationWeather.gov METAR
2026-09-19T00:33:08.718768+00:00,WSSS,2026-09-19T00:30:00.000Z,29.0,24.0,8.0,METAR WSSS 190030Z 11008KT 050V130 6000 FEW018 BKN300 29/24 Q1012 NOSIG,AviationWeather.gov METAR
2026-09-19T00:33:08.718772+00:00,ZBAA,2026-09-19T00:00:00.000Z,21.0,17.0,2.0,METAR ZBAA 190000Z VRB01MPS 7000 NSC 21/17 Q1021 NOSIG,AviationWeather.gov METAR
2026-09-19T00:33:08.718775+00:00,ZGGG,2026-09-19T00:00:00.000Z,29.0,25.0,6.0,METAR ZGGG 190000Z 08003MPS 9999 BKN030 29/25 Q1016 NOSIG,AviationWeather.gov METAR
2026-09-19T00:33:08.718779+00:00,ZGSZ,2026-09-19T00:00:00.000Z,29.0,24.0,2.0,METAR ZGSZ 190000Z 04001MPS CAVOK 29/24 Q1016 NOSIG,AviationWeather.gov METAR
2026-09-19T00:33:08.718795+00:00,ZHCC,2026-09-19T00:00:00.000Z,22.0,16.0,6.0,METAR ZHCC 190000Z 04003MPS 5000 HZ NSC 22/16 Q1021 NOSIG,AviationWeather.gov METAR
2026-09-19T00:33:08.718799+00:00,ZHHH,2026-09-19T00:00:00.000Z,21.0,21.0,4.0,METAR ZHHH 190000Z 35002MPS 310V050 4000 BR NSC 21/21 Q1019 NOSIG,AviationWeather.gov METAR
2026-09-19T00:33:08.718805+00:00,ZSPD,2026-09-19T00:00:00.000Z,25.0,25.0,4.0,METAR ZSPD 190000Z 27002MPS 7000 -SHRA FEW007 BKN011 25/25 Q1017 BECMG TL0130 BKN015,AviationWeather.gov METAR
2026-09-19T00:33:08.718810+00:00,ZSQD,2026-09-19T00:00:00.000Z,24.0,19.0,4.0,METAR ZSQD 190000Z 13002MPS CAVOK 24/19 Q1020 NOSIG,AviationWeather.gov METAR
2026-09-19T00:33:08.718815+00:00,ZUCK,2026-09-19T00:00:00.000Z,21.0,21.0,2.0,METAR ZUCK 190000Z VRB01MPS 5000 BR FEW003 SCT010 OVC030 21/21 Q1018 NOSIG,AviationWeather.gov METAR
2026-09-19T00:33:08.718820+00:00,ZUUU,2026-09-19T00:00:00.000Z,21.0,20.0,4.0,METAR ZUUU 190000Z 22002MPS 2500 -SHRA BR SCT007 BKN030 21/20 Q1018 BECMG TL0130 3000,AviationWeather.gov METAR
