station,latitude,longitude,date,actual_min_c,actual_max_c,sample_count,ground_truth_source,collected_at
CYYZ,43.679,-79.629,2026-06-12,20.9,25.7,24,open_meteo_era5_reanalysis,2026-09-11T14:25:17.149414+00:00
CYYZ,43.679,-79.629,2026-06-13,17.0,30.3,24,open_meteo_era5_reanalysis,2026-09-11T14:25:17.149429+00:00
CYYZ,43.679,-79.629,2026-06-14,13.6,23.9,24,open_meteo_era5_reanalysis,2026-09-11T14:25:17.149433+00:00
CYYZ,43.679,-79.629,2026-06-15,8.7,20.0,24,open_meteo_era5_reanalysis,2026-09-11T14:25:17.149436+00:00
CYYZ,43.679,-79.629,2026-06-16,12.3,21.8,24,open_meteo_era5_reanalysis,2026-09-11T14:25:17.149439+00:00
CYYZ,43.679,-79.629,2026-06-17,14.0,23.6,24,open_meteo_era5_reanalysis,2026-09-11T14:25:17.149441+00:00
CYYZ,43.679,-79.629,2026-06-18,14.2,21.6,24,open_meteo_era5_reanalysis,2026-09-11T14:25:17.149444+00:00
CYYZ,43.679,-79.629,2026-06-19,14.3,21.2,24,open_meteo_era5_reanalysis,2026-09-11T14:25:17.149447+00:00
CYYZ,43.679,-79.629,2026-06-20,12.9,23.0,24,open_meteo_era5_reanalysis,2026-09-11T14:25:17.149449+00:00
CYYZ,43.679,-79.629,2026-06-21,11.6,24.1,24,open_meteo_era5_reanalysis,2026-09-11T14:25:17.149452+00:00
CYYZ,43.679,-79.629,2026-06-22,14.3,20.5,24,open_meteo_era5_reanalysis,2026-09-11T14:25:17.149455+00:00
CYYZ,43.679,-79.629,2026-06-23,12.6,23.4,24,open_meteo_era5_reanalysis,2026-09-11T14:25:17.149457+00:00
CYYZ,43.679,-79.629,2026-06-24,13.4,25.8,24,open_meteo_era5_reanalysis,2026-09-11T14:25:17.149460+00:00
CYYZ,43.679,-79.629,2026-06-25,15.7,22.1,24,open_meteo_era5_reanalysis,2026-09-11T14:25:17.149462+00:00
CYYZ,43.679,-79.629,2026-06-26,14.3,25.3,24,open_meteo_era5_reanalysis,2026-09-11T14:25:17.149465+00:00
CYYZ,43.679,-79.629,2026-06-27,13.9,27.2,24,open_meteo_era5_reanalysis,2026-09-11T14:25:17.149467+00:00
CYYZ,43.679,-79.629,2026-06-28,16.2,29.1,24,open_meteo_era5_reanalysis,2026-09-11T14:25:17.149470+00:00
CYYZ,43.679,-79.629,2026-06-29,18.8,30.2,24,open_meteo_era5_reanalysis,2026-09-11T14:25:17.149473+00:00
CYYZ,43.679,-79.629,2026-06-30,21.2,35.9,24,open_meteo_era5_reanalysis,2026-09-11T14:25:17.149475+00:00
CYYZ,43.679,-79.629,2026-07-01,24.3,37.8,24,open_meteo_era5_reanalysis,2026-09-11T14:25:17.149478+00:00
CYYZ,43.679,-79.629,2026-07-02,25.9,35.2,24,open_meteo_era5_reanalysis,2026-09-11T14:25:17.149481+00:00
CYYZ,43.679,-79.629,2026-07-03,24.3,32.9,24,open_meteo_era5_reanalysis,2026-09-11T14:25:17.149483+00:00
CYYZ,43.679,-79.629,2026-07-04,21.4,28.0,24,open_meteo_era5_reanalysis,2026-09-11T14:25:17.149486+00:00
CYYZ,43.679,-79.629,2026-07-05,20.0,26.4,24,open_meteo_era5_reanalysis,2026-09-11T14:25:17.149489+00:00
CYYZ,43.679,-79.629,2026-07-06,18.3,27.1,24,open_meteo_era5_reanalysis,2026-09-11T14:25:17.149491+00:00
CYYZ,43.679,-79.629,2026-07-07,19.6,26.6,24,open_meteo_era5_reanalysis,2026-09-11T14:25:17.149494+00:00
CYYZ,43.679,-79.629,2026-07-08,17.5,31.1,24,open_meteo_era5_reanalysis,2026-09-11T14:25:17.149497+00:00
CYYZ,43.679,-79.629,2026-07-09,20.1,30.4,24,open_meteo_era5_reanalysis,2026-09-11T14:25:17.149500+00:00
CYYZ,43.679,-79.629,2026-07-10,18.8,27.0,24,open_meteo_era5_reanalysis,2026-09-11T14:25:17.149502+00:00
CYYZ,43.679,-79.629,2026-07-11,17.9,28.0,24,open_meteo_era5_reanalysis,2026-09-11T14:25:17.149505+00:00
CYYZ,43.679,-79.629,2026-07-12,15.7,27.2,24,open_meteo_era5_reanalysis,2026-09-11T14:25:45.356506+00:00
CYYZ,43.679,-79.629,2026-07-13,15.7,32.6,24,open_meteo_era5_reanalysis,2026-09-11T14:25:45.356519+00:00
CYYZ,43.679,-79.629,2026-07-14,23.4,36.4,24,open_meteo_era5_reanalysis,2026-09-11T14:25:45.356523+00:00
CYYZ,43.679,-79.629,2026-07-15,22.8,31.5,24,open_meteo_era5_reanalysis,2026-09-11T14:25:45.356527+00:00
CYYZ,43.679,-79.629,2026-07-16,18.3,30.2,24,open_meteo_era5_reanalysis,2026-09-11T14:25:45.356530+00:00
CYYZ,43.679,-79.629,2026-07-17,17.7,28.7,24,open_meteo_era5_reanalysis,2026-09-11T14:25:45.356533+00:00
CYYZ,43.679,-79.629,2026-07-18,20.0,29.1,24,open_meteo_era5_reanalysis,2026-09-11T14:25:45.356536+00:00
CYYZ,43.679,-79.629,2026-07-19,15.4,24.9,24,open_meteo_era5_reanalysis,2026-09-11T14:25:45.356539+00:00
CYYZ,43.679,-79.629,2026-07-20,12.8,28.3,24,open_meteo_era5_reanalysis,2026-09-11T14:25:45.356542+00:00
CYYZ,43.679,-79.629,2026-07-21,18.3,24.6,24,open_meteo_era5_reanalysis,2026-09-11T14:25:45.356546+00:00
CYYZ,43.679,-79.629,2026-07-22,14.4,21.7,24,open_meteo_era5_reanalysis,2026-09-11T14:25:45.356549+00:00
CYYZ,43.679,-79.629,2026-07-23,12.4,25.0,24,open_meteo_era5_reanalysis,2026-09-11T14:25:45.356552+00:00
CYYZ,43.679,-79.629,2026-07-24,11.6,24.9,24,open_meteo_era5_reanalysis,2026-09-11T14:25:45.356555+00:00
CYYZ,43.679,-79.629,2026-07-25,16.2,26.6,24,open_meteo_era5_reanalysis,2026-09-11T14:25:45.356558+00:00
CYYZ,43.679,-79.629,2026-07-26,16.6,28.1,24,open_meteo_era5_reanalysis,2026-09-11T14:25:45.356561+00:00
CYYZ,43.679,-79.629,2026-07-27,17.1,29.7,24,open_meteo_era5_reanalysis,2026-09-11T14:25:45.356564+00:00
CYYZ,43.679,-79.629,2026-07-28,18.8,25.8,24,open_meteo_era5_reanalysis,2026-09-11T14:25:45.356567+00:00
CYYZ,43.679,-79.629,2026-07-29,18.0,26.3,24,open_meteo_era5_reanalysis,2026-09-11T14:25:45.356570+00:00
CYYZ,43.679,-79.629,2026-07-30,16.9,29.6,24,open_meteo_era5_reanalysis,2026-09-11T14:25:45.356573+00:00
CYYZ,43.679,-79.629,2026-07-31,15.8,31.5,24,open_meteo_era5_reanalysis,2026-09-11T14:25:45.356576+00:00
CYYZ,43.679,-79.629,2026-08-01,22.1,29.8,24,open_meteo_era5_reanalysis,2026-09-11T14:25:45.356579+00:00
CYYZ,43.679,-79.629,2026-08-02,17.7,23.4,24,open_meteo_era5_reanalysis,2026-09-11T14:25:45.356582+00:00
CYYZ,43.679,-79.629,2026-08-03,16.4,25.5,24,open_meteo_era5_reanalysis,2026-09-11T14:25:45.356586+00:00
CYYZ,43.679,-79.629,2026-08-04,12.2,27.0,24,open_meteo_era5_reanalysis,2026-09-11T14:25:45.356588+00:00
CYYZ,43.679,-79.629,2026-08-05,14.1,28.2,24,open_meteo_era5_reanalysis,2026-09-11T14:25:45.356591+00:00
CYYZ,43.679,-79.629,2026-08-06,18.1,28.6,24,open_meteo_era5_reanalysis,2026-09-11T14:25:45.356607+00:00
CYYZ,43.679,-79.629,2026-08-07,19.1,26.6,24,open_meteo_era5_reanalysis,2026-09-11T14:25:45.356610+00:00
CYYZ,43.679,-79.629,2026-08-08,19.6,29.1,24,open_meteo_era5_reanalysis,2026-09-11T14:25:45.356613+00:00
CYYZ,43.679,-79.629,2026-08-09,16.7,28.1,24,open_meteo_era5_reanalysis,2026-09-11T14:25:45.356616+00:00
CYYZ,43.679,-79.629,2026-08-10,18.4,29.3,24,open_meteo_era5_reanalysis,2026-09-11T14:25:45.356618+00:00
CYYZ,43.679,-79.629,2026-08-11,17.0,28.8,24,open_meteo_era5_reanalysis,2026-09-11T14:26:13.548062+00:00
CYYZ,43.679,-79.629,2026-08-12,16.5,24.6,24,open_meteo_era5_reanalysis,2026-09-11T14:26:13.548078+00:00
CYYZ,43.679,-79.629,2026-08-13,16.9,27.9,24,open_meteo_era5_reanalysis,2026-09-11T14:26:13.548081+00:00
CYYZ,43.679,-79.629,2026-08-14,16.0,28.5,24,open_meteo_era5_reanalysis,2026-09-11T14:26:13.548084+00:00
CYYZ,43.679,-79.629,2026-08-15,18.3,23.9,24,open_meteo_era5_reanalysis,2026-09-11T14:26:13.548087+00:00
CYYZ,43.679,-79.629,2026-08-16,17.1,25.6,24,open_meteo_era5_reanalysis,2026-09-11T14:26:13.548090+00:00
CYYZ,43.679,-79.629,2026-08-17,18.4,26.0,24,open_meteo_era5_reanalysis,2026-09-11T14:26:13.548093+00:00
CYYZ,43.679,-79.629,2026-08-18,14.9,27.7,24,open_meteo_era5_reanalysis,2026-09-11T14:26:13.548095+00:00
CYYZ,43.679,-79.629,2026-08-19,17.7,26.5,24,open_meteo_era5_reanalysis,2026-09-11T14:26:13.548098+00:00
CYYZ,43.679,-79.629,2026-08-20,13.2,25.1,24,open_meteo_era5_reanalysis,2026-09-11T14:26:13.548101+00:00
CYYZ,43.679,-79.629,2026-08-21,13.1,25.1,24,open_meteo_era5_reanalysis,2026-09-11T14:26:13.548103+00:00
CYYZ,43.679,-79.629,2026-08-22,17.3,25.3,24,open_meteo_era5_reanalysis,2026-09-11T14:26:13.548106+00:00
CYYZ,43.679,-79.629,2026-08-23,14.7,20.0,24,open_meteo_era5_reanalysis,2026-09-11T14:26:13.548109+00:00
CYYZ,43.679,-79.629,2026-08-24,13.3,21.5,24,open_meteo_era5_reanalysis,2026-09-11T14:26:13.548111+00:00
CYYZ,43.679,-79.629,2026-08-25,16.0,23.9,24,open_meteo_era5_reanalysis,2026-09-11T14:26:13.548114+00:00
CYYZ,43.679,-79.629,2026-08-26,13.1,24.6,24,open_meteo_era5_reanalysis,2026-09-11T14:26:13.548117+00:00
CYYZ,43.679,-79.629,2026-08-27,17.8,25.9,24,open_meteo_era5_reanalysis,2026-09-11T14:26:13.548119+00:00
CYYZ,43.679,-79.629,2026-08-28,12.9,22.7,24,open_meteo_era5_reanalysis,2026-09-11T14:26:13.548122+00:00
CYYZ,43.679,-79.629,2026-08-29,12.0,26.8,24,open_meteo_era5_reanalysis,2026-09-11T14:26:13.548125+00:00
CYYZ,43.679,-79.629,2026-08-30,18.1,24.9,24,open_meteo_era5_reanalysis,2026-09-11T14:26:13.548128+00:00
CYYZ,43.679,-79.629,2026-08-31,18.2,24.6,24,open_meteo_era5_reanalysis,2026-09-11T14:26:13.548130+00:00
CYYZ,43.679,-79.629,2026-09-01,19.7,26.7,24,open_meteo_era5_reanalysis,2026-09-11T14:26:13.548133+00:00
CYYZ,43.679,-79.629,2026-09-02,19.4,29.2,24,open_meteo_era5_reanalysis,2026-09-11T14:26:13.548136+00:00
CYYZ,43.679,-79.629,2026-09-03,17.7,28.8,24,open_meteo_era5_reanalysis,2026-09-11T14:26:13.548138+00:00
CYYZ,43.679,-79.629,2026-09-04,15.5,25.5,24,open_meteo_era5_reanalysis,2026-09-11T14:26:13.548141+00:00
CYYZ,43.679,-79.629,2026-09-05,15.8,24.6,24,open_meteo_era5_reanalysis,2026-09-11T14:26:13.548144+00:00
CYYZ,43.679,-79.629,2026-09-06,14.8,21.9,24,open_meteo_era5_reanalysis,2026-09-11T14:26:13.548147+00:00
CYYZ,43.679,-79.629,2026-09-07,13.2,25.7,24,open_meteo_era5_reanalysis,2026-09-11T14:26:13.548150+00:00
CYYZ,43.679,-79.629,2026-09-08,13.6,25.3,24,open_meteo_era5_reanalysis,2026-09-11T14:26:13.548152+00:00
CYYZ,43.679,-79.629,2026-09-09,18.8,25.5,24,open_meteo_era5_reanalysis,2026-09-11T14:26:13.548155+00:00
EDDM,48.348,11.813,2026-06-12,10.4,15.9,24,open_meteo_era5_reanalysis,2026-09-11T14:25:17.149730+00:00
EDDM,48.348,11.813,2026-06-13,14.3,23.7,24,open_meteo_era5_reanalysis,2026-09-11T14:25:17.149734+00:00
EDDM,48.348,11.813,2026-06-14,13.7,19.7,24,open_meteo_era5_reanalysis,2026-09-11T14:25:17.149736+00:00
EDDM,48.348,11.813,2026-06-15,10.0,20.3,24,open_meteo_era5_reanalysis,2026-09-11T14:25:17.149739+00:00
EDDM,48.348,11.813,2026-06-16,9.2,22.2,24,open_meteo_era5_reanalysis,2026-09-11T14:25:17.149742+00:00
EDDM,48.348,11.813,2026-06-17,15.6,25.8,24,open_meteo_era5_reanalysis,2026-09-11T14:25:17.149745+00:00
EDDM,48.348,11.813,2026-06-18,14.8,28.4,24,open_meteo_era5_reanalysis,2026-09-11T14:25:17.149747+00:00
EDDM,48.348,11.813,2026-06-19,16.7,31.0,24,open_meteo_era5_reanalysis,2026-09-11T14:25:17.149750+00:00
EDDM,48.348,11.813,2026-06-20,18.7,30.8,24,open_meteo_era5_reanalysis,2026-09-11T14:25:17.149752+00:00
EDDM,48.348,11.813,2026-06-21,19.1,30.6,24,open_meteo_era5_reanalysis,2026-09-11T14:25:17.149755+00:00
EDDM,48.348,11.813,2026-06-22,18.2,29.9,24,open_meteo_era5_reanalysis,2026-09-11T14:25:17.149758+00:00
EDDM,48.348,11.813,2026-06-23,18.5,30.0,24,open_meteo_era5_reanalysis,2026-09-11T14:25:17.149760+00:00
EDDM,48.348,11.813,2026-06-24,19.2,30.2,24,open_meteo_era5_reanalysis,2026-09-11T14:25:17.149763+00:00
EDDM,48.348,11.813,2026-06-25,19.9,32.0,24,open_meteo_era5_reanalysis,2026-09-11T14:25:17.149765+00:00
EDDM,48.348,11.813,2026-06-26,19.8,32.6,24,open_meteo_era5_reanalysis,2026-09-11T14:25:17.149768+00:00
EDDM,48.348,11.813,2026-06-27,19.9,34.1,24,open_meteo_era5_reanalysis,2026-09-11T14:25:17.149770+00:00
EDDM,48.348,11.813,2026-06-28,21.6,33.8,24,open_meteo_era5_reanalysis,2026-09-11T14:25:17.149773+00:00
EDDM,48.348,11.813,2026-06-29,19.4,27.8,24,open_meteo_era5_reanalysis,2026-09-11T14:25:17.149776+00:00
EDDM,48.348,11.813,2026-06-30,18.0,26.6,24,open_meteo_era5_reanalysis,2026-09-11T14:25:17.149778+00:00
EDDM,48.348,11.813,2026-07-01,15.3,20.6,24,open_meteo_era5_reanalysis,2026-09-11T14:25:17.149781+00:00
EDDM,48.348,11.813,2026-07-02,12.8,24.2,24,open_meteo_era5_reanalysis,2026-09-11T14:25:17.149783+00:00
EDDM,48.348,11.813,2026-07-03,16.3,22.7,24,open_meteo_era5_reanalysis,2026-09-11T14:25:17.149789+00:00
EDDM,48.348,11.813,2026-07-04,11.8,24.3,24,open_meteo_era5_reanalysis,2026-09-11T14:25:17.149792+00:00
EDDM,48.348,11.813,2026-07-05,15.1,24.0,24,open_meteo_era5_reanalysis,2026-09-11T14:25:17.149795+00:00
EDDM,48.348,11.813,2026-07-06,14.8,23.5,24,open_meteo_era5_reanalysis,2026-09-11T14:25:17.149797+00:00
EDDM,48.348,11.813,2026-07-07,17.3,28.2,24,open_meteo_era5_reanalysis,2026-09-11T14:25:17.149802+00:00
EDDM,48.348,11.813,2026-07-08,17.5,22.8,24,open_meteo_era5_reanalysis,2026-09-11T14:25:17.149804+00:00
EDDM,48.348,11.813,2026-07-09,13.8,23.7,24,open_meteo_era5_reanalysis,2026-09-11T14:25:17.149807+00:00
EDDM,48.348,11.813,2026-07-10,13.9,26.7,24,open_meteo_era5_reanalysis,2026-09-11T14:25:17.149810+00:00
EDDM,48.348,11.813,2026-07-11,15.0,27.7,24,open_meteo_era5_reanalysis,2026-09-11T14:25:17.149812+00:00
EDDM,48.348,11.813,2026-07-12,14.9,26.9,24,open_meteo_era5_reanalysis,2026-09-11T14:25:45.356836+00:00
EDDM,48.348,11.813,2026-07-13,15.6,29.2,24,open_meteo_era5_reanalysis,2026-09-11T14:25:45.356839+00:00
EDDM,48.348,11.813,2026-07-14,17.8,26.4,24,open_meteo_era5_reanalysis,2026-09-11T14:25:45.356841+00:00
EDDM,48.348,11.813,2026-07-15,16.6,25.4,24,open_meteo_era5_reanalysis,2026-09-11T14:25:45.356844+00:00
EDDM,48.348,11.813,2026-07-16,15.6,28.0,24,open_meteo_era5_reanalysis,2026-09-11T14:25:45.356847+00:00
EDDM,48.348,11.813,2026-07-17,17.3,27.0,24,open_meteo_era5_reanalysis,2026-09-11T14:25:45.356849+00:00
EDDM,48.348,11.813,2026-07-18,16.1,24.2,24,open_meteo_era5_reanalysis,2026-09-11T14:25:45.356852+00:00
EDDM,48.348,11.813,2026-07-19,14.4,20.1,24,open_meteo_era5_reanalysis,2026-09-11T14:25:45.356855+00:00
EDDM,48.348,11.813,2026-07-20,10.8,21.8,24,open_meteo_era5_reanalysis,2026-09-11T14:25:45.356857+00:00
EDDM,48.348,11.813,2026-07-21,10.4,21.6,24,open_meteo_era5_reanalysis,2026-09-11T14:25:45.356860+00:00
EDDM,48.348,11.813,2026-07-22,10.3,22.7,24,open_meteo_era5_reanalysis,2026-09-11T14:25:45.356862+00:00
EDDM,48.348,11.813,2026-07-23,12.3,20.5,24,open_meteo_era5_reanalysis,2026-09-11T14:25:45.356865+00:00
EDDM,48.348,11.813,2026-07-24,9.7,22.7,24,open_meteo_era5_reanalysis,2026-09-11T14:25:45.356867+00:00
EDDM,48.348,11.813,2026-07-25,11.5,29.7,24,open_meteo_era5_reanalysis,2026-09-11T14:25:45.356870+00:00
EDDM,48.348,11.813,2026-07-26,17.5,25.7,24,open_meteo_era5_reanalysis,2026-09-11T14:25:45.356873+00:00
EDDM,48.348,11.813,2026-07-27,16.4,22.7,24,open_meteo_era5_reanalysis,2026-09-11T14:25:45.356875+00:00
EDDM,48.348,11.813,2026-07-28,12.9,26.1,24,open_meteo_era5_reanalysis,2026-09-11T14:25:45.356878+00:00
EDDM,48.348,11.813,2026-07-29,14.7,31.2,24,open_meteo_era5_reanalysis,2026-09-11T14:25:45.356880+00:00
EDDM,48.348,11.813,2026-07-30,19.5,34.1,24,open_meteo_era5_reanalysis,2026-09-11T14:25:45.356883+00:00
EDDM,48.348,11.813,2026-07-31,18.0,33.3,24,open_meteo_era5_reanalysis,2026-09-11T14:25:45.356885+00:00
EDDM,48.348,11.813,2026-08-01,17.5,27.4,24,open_meteo_era5_reanalysis,2026-09-11T14:25:45.356888+00:00
EDDM,48.348,11.813,2026-08-02,16.9,28.8,24,open_meteo_era5_reanalysis,2026-09-11T14:25:45.356890+00:00
EDDM,48.348,11.813,2026-08-03,17.5,32.4,24,open_meteo_era5_reanalysis,2026-09-11T14:25:45.356893+00:00
EDDM,48.348,11.813,2026-08-04,19.5,33.9,24,open_meteo_era5_reanalysis,2026-09-11T14:25:45.356896+00:00
EDDM,48.348,11.813,2026-08-05,19.7,31.7,24,open_meteo_era5_reanalysis,2026-09-11T14:25:45.356898+00:00
EDDM,48.348,11.813,2026-08-06,19.4,25.4,24,open_meteo_era5_reanalysis,2026-09-11T14:25:45.356901+00:00
EDDM,48.348,11.813,2026-08-07,16.1,25.5,24,open_meteo_era5_reanalysis,2026-09-11T14:25:45.356904+00:00
EDDM,48.348,11.813,2026-08-08,14.5,28.5,24,open_meteo_era5_reanalysis,2026-09-11T14:25:45.356906+00:00
EDDM,48.348,11.813,2026-08-09,15.5,31.1,24,open_meteo_era5_reanalysis,2026-09-11T14:25:45.356909+00:00
EDDM,48.348,11.813,2026-08-10,19.5,31.5,24,open_meteo_era5_reanalysis,2026-09-11T14:25:45.356911+00:00
EDDM,48.348,11.813,2026-08-11,18.0,28.7,24,open_meteo_era5_reanalysis,2026-09-11T14:26:13.548379+00:00
EDDM,48.348,11.813,2026-08-12,16.3,28.3,24,open_meteo_era5_reanalysis,2026-09-11T14:26:13.548382+00:00
EDDM,48.348,11.813,2026-08-13,15.1,28.7,24,open_meteo_era5_reanalysis,2026-09-11T14:26:13.548385+00:00
EDDM,48.348,11.813,2026-08-14,15.2,30.1,24,open_meteo_era5_reanalysis,2026-09-11T14:26:13.548387+00:00
EDDM,48.348,11.813,2026-08-15,14.4,31.9,24,open_meteo_era5_reanalysis,2026-09-11T14:26:13.548390+00:00
EDDM,48.348,11.813,2026-08-16,20.9,29.0,24,open_meteo_era5_reanalysis,2026-09-11T14:26:13.548393+00:00
EDDM,48.348,11.813,2026-08-17,15.8,23.0,24,open_meteo_era5_reanalysis,2026-09-11T14:26:13.548396+00:00
EDDM,48.348,11.813,2026-08-18,14.6,20.1,24,open_meteo_era5_reanalysis,2026-09-11T14:26:13.548398+00:00
EDDM,48.348,11.813,2026-08-19,16.4,27.2,24,open_meteo_era5_reanalysis,2026-09-11T14:26:13.548401+00:00
EDDM,48.348,11.813,2026-08-20,17.8,25.1,24,open_meteo_era5_reanalysis,2026-09-11T14:26:13.548404+00:00
EDDM,48.348,11.813,2026-08-21,14.0,21.1,24,open_meteo_era5_reanalysis,2026-09-11T14:26:13.548407+00:00
EDDM,48.348,11.813,2026-08-22,12.4,18.8,24,open_meteo_era5_reanalysis,2026-09-11T14:26:13.548409+00:00
EDDM,48.348,11.813,2026-08-23,8.9,21.1,24,open_meteo_era5_reanalysis,2026-09-11T14:26:13.548412+00:00
EDDM,48.348,11.813,2026-08-24,10.1,22.7,24,open_meteo_era5_reanalysis,2026-09-11T14:26:13.548415+00:00
EDDM,48.348,11.813,2026-08-25,13.3,17.1,24,open_meteo_era5_reanalysis,2026-09-11T14:26:13.548418+00:00
EDDM,48.348,11.813,2026-08-26,12.7,24.8,24,open_meteo_era5_reanalysis,2026-09-11T14:26:13.548420+00:00
EDDM,48.348,11.813,2026-08-27,15.8,28.9,24,open_meteo_era5_reanalysis,2026-09-11T14:26:13.548423+00:00
EDDM,48.348,11.813,2026-08-28,16.7,28.3,24,open_meteo_era5_reanalysis,2026-09-11T14:26:13.548425+00:00
EDDM,48.348,11.813,2026-08-29,13.0,23.0,24,open_meteo_era5_reanalysis,2026-09-11T14:26:13.548428+00:00
EDDM,48.348,11.813,2026-08-30,15.2,25.6,24,open_meteo_era5_reanalysis,2026-09-11T14:26:13.548431+00:00
EDDM,48.348,11.813,2026-08-31,16.7,23.9,24,open_meteo_era5_reanalysis,2026-09-11T14:26:13.548433+00:00
EDDM,48.348,11.813,2026-09-01,13.7,22.4,24,open_meteo_era5_reanalysis,2026-09-11T14:26:13.548436+00:00
EDDM,48.348,11.813,2026-09-02,12.7,23.5,24,open_meteo_era5_reanalysis,2026-09-11T14:26:13.548439+00:00
EDDM,48.348,11.813,2026-09-03,13.8,24.0,24,open_meteo_era5_reanalysis,2026-09-11T14:26:13.548441+00:00
EDDM,48.348,11.813,2026-09-04,16.4,28.5,24,open_meteo_era5_reanalysis,2026-09-11T14:26:13.548444+00:00
EDDM,48.348,11.813,2026-09-05,14.5,22.8,24,open_meteo_era5_reanalysis,2026-09-11T14:26:13.548447+00:00
EDDM,48.348,11.813,2026-09-06,10.3,22.1,24,open_meteo_era5_reanalysis,2026-09-11T14:26:13.548449+00:00
EDDM,48.348,11.813,2026-09-07,10.7,25.4,24,open_meteo_era5_reanalysis,2026-09-11T14:26:13.548452+00:00
EDDM,48.348,11.813,2026-09-08,15.9,29.9,24,open_meteo_era5_reanalysis,2026-09-11T14:26:13.548455+00:00
EDDM,48.348,11.813,2026-09-09,12.2,19.2,24,open_meteo_era5_reanalysis,2026-09-11T14:26:13.548457+00:00
EFHK,60.327,24.957,2026-06-12,11.5,17.2,24,open_meteo_era5_reanalysis,2026-09-11T14:25:17.150024+00:00
EFHK,60.327,24.957,2026-06-13,9.5,15.6,24,open_meteo_era5_reanalysis,2026-09-11T14:25:17.150027+00:00
EFHK,60.327,24.957,2026-06-14,9.2,15.1,24,open_meteo_era5_reanalysis,2026-09-11T14:25:17.150030+00:00
EFHK,60.327,24.957,2026-06-15,8.9,16.8,24,open_meteo_era5_reanalysis,2026-09-11T14:25:17.150033+00:00
EFHK,60.327,24.957,2026-06-16,6.6,20.7,24,open_meteo_era5_reanalysis,2026-09-11T14:25:17.150035+00:00
EFHK,60.327,24.957,2026-06-17,12.0,15.6,24,open_meteo_era5_reanalysis,2026-09-11T14:25:17.150038+00:00
EFHK,60.327,24.957,2026-06-18,11.2,21.8,24,open_meteo_era5_reanalysis,2026-09-11T14:25:17.150041+00:00
EFHK,60.327,24.957,2026-06-19,12.1,22.4,24,open_meteo_era5_reanalysis,2026-09-11T14:25:17.150044+00:00
EFHK,60.327,24.957,2026-06-20,11.9,23.2,24,open_meteo_era5_reanalysis,2026-09-11T14:25:17.150046+00:00
EFHK,60.327,24.957,2026-06-21,15.8,26.4,24,open_meteo_era5_reanalysis,2026-09-11T14:25:17.150049+00:00
EFHK,60.327,24.957,2026-06-22,13.1,22.1,24,open_meteo_era5_reanalysis,2026-09-11T14:25:17.150051+00:00
EFHK,60.327,24.957,2026-06-23,10.0,19.5,24,open_meteo_era5_reanalysis,2026-09-11T14:25:17.150054+00:00
EFHK,60.327,24.957,2026-06-24,12.2,18.3,24,open_meteo_era5_reanalysis,2026-09-11T14:25:17.150056+00:00
EFHK,60.327,24.957,2026-06-25,9.9,21.4,24,open_meteo_era5_reanalysis,2026-09-11T14:25:17.150059+00:00
EFHK,60.327,24.957,2026-06-26,11.4,22.5,24,open_meteo_era5_reanalysis,2026-09-11T14:25:17.150061+00:00
EFHK,60.327,24.957,2026-06-27,12.9,24.8,24,open_meteo_era5_reanalysis,2026-09-11T14:25:17.150064+00:00
EFHK,60.327,24.957,2026-06-28,12.6,22.7,24,open_meteo_era5_reanalysis,2026-09-11T14:25:17.150067+00:00
EFHK,60.327,24.957,2026-06-29,16.4,26.7,24,open_meteo_era5_reanalysis,2026-09-11T14:25:17.150069+00:00
EFHK,60.327,24.957,2026-06-30,16.8,24.9,24,open_meteo_era5_reanalysis,2026-09-11T14:25:17.150072+00:00
EFHK,60.327,24.957,2026-07-01,15.5,24.6,24,open_meteo_era5_reanalysis,2026-09-11T14:25:17.150075+00:00
EFHK,60.327,24.957,2026-07-02,14.4,19.8,24,open_meteo_era5_reanalysis,2026-09-11T14:25:17.150077+00:00
EFHK,60.327,24.957,2026-07-03,12.5,18.2,24,open_meteo_era5_reanalysis,2026-09-11T14:25:17.150080+00:00
EFHK,60.327,24.957,2026-07-04,12.1,19.8,24,open_meteo_era5_reanalysis,2026-09-11T14:25:17.150082+00:00
EFHK,60.327,24.957,2026-07-05,12.7,17.3,24,open_meteo_era5_reanalysis,2026-09-11T14:25:17.150085+00:00
EFHK,60.327,24.957,2026-07-06,9.8,15.3,24,open_meteo_era5_reanalysis,2026-09-11T14:25:17.150087+00:00
EFHK,60.327,24.957,2026-07-07,9.0,16.0,24,open_meteo_era5_reanalysis,2026-09-11T14:25:17.150090+00:00
EFHK,60.327,24.957,2026-07-08,8.5,18.9,24,open_meteo_era5_reanalysis,2026-09-11T14:25:17.150093+00:00
EFHK,60.327,24.957,2026-07-09,13.4,18.1,24,open_meteo_era5_reanalysis,2026-09-11T14:25:17.150095+00:00
EFHK,60.327,24.957,2026-07-10,11.4,21.5,24,open_meteo_era5_reanalysis,2026-09-11T14:25:17.150098+00:00
EFHK,60.327,24.957,2026-07-11,13.1,26.8,24,open_meteo_era5_reanalysis,2026-09-11T14:25:17.150100+00:00
EFHK,60.327,24.957,2026-07-12,16.2,27.8,24,open_meteo_era5_reanalysis,2026-09-11T14:25:45.357128+00:00
EFHK,60.327,24.957,2026-07-13,17.6,21.3,24,open_meteo_era5_reanalysis,2026-09-11T14:25:45.357131+00:00
EFHK,60.327,24.957,2026-07-14,14.5,22.8,24,open_meteo_era5_reanalysis,2026-09-11T14:25:45.357133+00:00
EFHK,60.327,24.957,2026-07-15,13.6,25.4,24,open_meteo_era5_reanalysis,2026-09-11T14:25:45.357136+00:00
EFHK,60.327,24.957,2026-07-16,14.8,22.7,24,open_meteo_era5_reanalysis,2026-09-11T14:25:45.357138+00:00
EFHK,60.327,24.957,2026-07-17,13.2,24.5,24,open_meteo_era5_reanalysis,2026-09-11T14:25:45.357141+00:00
EFHK,60.327,24.957,2026-07-18,17.0,25.8,24,open_meteo_era5_reanalysis,2026-09-11T14:25:45.357144+00:00
EFHK,60.327,24.957,2026-07-19,14.3,18.4,24,open_meteo_era5_reanalysis,2026-09-11T14:25:45.357146+00:00
EFHK,60.327,24.957,2026-07-20,13.6,19.9,24,open_meteo_era5_reanalysis,2026-09-11T14:25:45.357149+00:00
EFHK,60.327,24.957,2026-07-21,11.1,14.0,24,open_meteo_era5_reanalysis,2026-09-11T14:25:45.357152+00:00
EFHK,60.327,24.957,2026-07-22,10.4,18.8,24,open_meteo_era5_reanalysis,2026-09-11T14:25:45.357154+00:00
EFHK,60.327,24.957,2026-07-23,12.3,18.5,24,open_meteo_era5_reanalysis,2026-09-11T14:25:45.357157+00:00
EFHK,60.327,24.957,2026-07-24,9.4,19.9,24,open_meteo_era5_reanalysis,2026-09-11T14:25:45.357159+00:00
EFHK,60.327,24.957,2026-07-25,13.2,19.1,24,open_meteo_era5_reanalysis,2026-09-11T14:25:45.357162+00:00
EFHK,60.327,24.957,2026-07-26,13.9,19.6,24,open_meteo_era5_reanalysis,2026-09-11T14:25:45.357165+00:00
EFHK,60.327,24.957,2026-07-27,14.5,20.2,24,open_meteo_era5_reanalysis,2026-09-11T14:25:45.357167+00:00
EFHK,60.327,24.957,2026-07-28,14.0,18.6,24,open_meteo_era5_reanalysis,2026-09-11T14:25:45.357170+00:00
EFHK,60.327,24.957,2026-07-29,12.0,23.5,24,open_meteo_era5_reanalysis,2026-09-11T14:25:45.357173+00:00
EFHK,60.327,24.957,2026-07-30,11.8,22.6,24,open_meteo_era5_reanalysis,2026-09-11T14:25:45.357175+00:00
EFHK,60.327,24.957,2026-07-31,16.6,24.9,24,open_meteo_era5_reanalysis,2026-09-11T14:25:45.357178+00:00
EFHK,60.327,24.957,2026-08-01,13.8,22.9,24,open_meteo_era5_reanalysis,2026-09-11T14:25:45.357180+00:00
EFHK,60.327,24.957,2026-08-02,13.0,21.2,24,open_meteo_era5_reanalysis,2026-09-11T14:25:45.357183+00:00
EFHK,60.327,24.957,2026-08-03,13.0,20.5,24,open_meteo_era5_reanalysis,2026-09-11T14:25:45.357185+00:00
EFHK,60.327,24.957,2026-08-04,10.5,20.8,24,open_meteo_era5_reanalysis,2026-09-11T14:25:45.357188+00:00
EFHK,60.327,24.957,2026-08-05,10.3,21.1,24,open_meteo_era5_reanalysis,2026-09-11T14:25:45.357190+00:00
EFHK,60.327,24.957,2026-08-06,16.1,24.5,24,open_meteo_era5_reanalysis,2026-09-11T14:25:45.357193+00:00
EFHK,60.327,24.957,2026-08-07,14.3,21.1,24,open_meteo_era5_reanalysis,2026-09-11T14:25:45.357196+00:00
EFHK,60.327,24.957,2026-08-08,10.6,19.8,24,open_meteo_era5_reanalysis,2026-09-11T14:25:45.357198+00:00
EFHK,60.327,24.957,2026-08-09,13.0,21.4,24,open_meteo_era5_reanalysis,2026-09-11T14:25:45.357201+00:00
EFHK,60.327,24.957,2026-08-10,14.6,22.5,24,open_meteo_era5_reanalysis,2026-09-11T14:25:45.357203+00:00
EFHK,60.327,24.957,2026-08-11,10.9,17.5,24,open_meteo_era5_reanalysis,2026-09-11T14:26:13.548693+00:00
EFHK,60.327,24.957,2026-08-12,9.7,17.9,24,open_meteo_era5_reanalysis,2026-09-11T14:26:13.548697+00:00
EFHK,60.327,24.957,2026-08-13,8.2,19.0,24,open_meteo_era5_reanalysis,2026-09-11T14:26:13.548700+00:00
EFHK,60.327,24.957,2026-08-14,8.8,19.8,24,open_meteo_era5_reanalysis,2026-09-11T14:26:13.548703+00:00
EFHK,60.327,24.957,2026-08-15,14.3,24.5,24,open_meteo_era5_reanalysis,2026-09-11T14:26:13.548705+00:00
EFHK,60.327,24.957,2026-08-16,14.7,20.9,24,open_meteo_era5_reanalysis,2026-09-11T14:26:13.548708+00:00
EFHK,60.327,24.957,2026-08-17,13.5,20.4,24,open_meteo_era5_reanalysis,2026-09-11T14:26:13.548711+00:00
EFHK,60.327,24.957,2026-08-18,9.9,18.8,24,open_meteo_era5_reanalysis,2026-09-11T14:26:13.548713+00:00
EFHK,60.327,24.957,2026-08-19,9.3,19.5,24,open_meteo_era5_reanalysis,2026-09-11T14:26:13.548716+00:00
EFHK,60.327,24.957,2026-08-20,8.7,17.1,24,open_meteo_era5_reanalysis,2026-09-11T14:26:13.548719+00:00
EFHK,60.327,24.957,2026-08-21,10.9,19.6,24,open_meteo_era5_reanalysis,2026-09-11T14:26:13.548721+00:00
EFHK,60.327,24.957,2026-08-22,12.0,19.1,24,open_meteo_era5_reanalysis,2026-09-11T14:26:13.548724+00:00
EFHK,60.327,24.957,2026-08-23,13.9,16.5,24,open_meteo_era5_reanalysis,2026-09-11T14:26:13.548727+00:00
EFHK,60.327,24.957,2026-08-24,12.2,18.6,24,open_meteo_era5_reanalysis,2026-09-11T14:26:13.548729+00:00
EFHK,60.327,24.957,2026-08-25,10.1,18.6,24,open_meteo_era5_reanalysis,2026-09-11T14:26:13.548732+00:00
EFHK,60.327,24.957,2026-08-26,9.9,20.4,24,open_meteo_era5_reanalysis,2026-09-11T14:26:13.548735+00:00
EFHK,60.327,24.957,2026-08-27,8.8,21.5,24,open_meteo_era5_reanalysis,2026-09-11T14:26:13.548737+00:00
EFHK,60.327,24.957,2026-08-28,10.4,20.1,24,open_meteo_era5_reanalysis,2026-09-11T14:26:13.548740+00:00
EFHK,60.327,24.957,2026-08-29,14.1,20.1,24,open_meteo_era5_reanalysis,2026-09-11T14:26:13.548743+00:00
EFHK,60.327,24.957,2026-08-30,15.4,19.5,24,open_meteo_era5_reanalysis,2026-09-11T14:26:13.548745+00:00
EFHK,60.327,24.957,2026-08-31,15.0,19.4,24,open_meteo_era5_reanalysis,2026-09-11T14:26:13.548748+00:00
EFHK,60.327,24.957,2026-09-01,13.5,19.4,24,open_meteo_era5_reanalysis,2026-09-11T14:26:13.548751+00:00
EFHK,60.327,24.957,2026-09-02,11.0,20.4,24,open_meteo_era5_reanalysis,2026-09-11T14:26:13.548753+00:00
EFHK,60.327,24.957,2026-09-03,11.0,18.6,24,open_meteo_era5_reanalysis,2026-09-11T14:26:13.548756+00:00
EFHK,60.327,24.957,2026-09-04,9.5,17.7,24,open_meteo_era5_reanalysis,2026-09-11T14:26:13.548759+00:00
EFHK,60.327,24.957,2026-09-05,6.4,17.6,24,open_meteo_era5_reanalysis,2026-09-11T14:26:13.548762+00:00
EFHK,60.327,24.957,2026-09-06,8.9,15.7,24,open_meteo_era5_reanalysis,2026-09-11T14:26:13.548764+00:00
EFHK,60.327,24.957,2026-09-07,4.1,16.4,24,open_meteo_era5_reanalysis,2026-09-11T14:26:13.548767+00:00
EFHK,60.327,24.957,2026-09-08,13.6,17.1,24,open_meteo_era5_reanalysis,2026-09-11T14:26:13.548769+00:00
EFHK,60.327,24.957,2026-09-09,14.1,16.5,24,open_meteo_era5_reanalysis,2026-09-11T14:26:13.548772+00:00
EGLC,51.505,0.055,2026-06-12,14.8,21.1,24,open_meteo_era5_reanalysis,2026-09-11T14:25:17.150317+00:00
EGLC,51.505,0.055,2026-06-13,12.5,20.1,24,open_meteo_era5_reanalysis,2026-09-11T14:25:17.150320+00:00
EGLC,51.505,0.055,2026-06-14,12.0,21.1,24,open_meteo_era5_reanalysis,2026-09-11T14:25:17.150322+00:00
EGLC,51.505,0.055,2026-06-15,12.3,22.0,24,open_meteo_era5_reanalysis,2026-09-11T14:25:17.150325+00:00
EGLC,51.505,0.055,2026-06-16,15.2,26.5,24,open_meteo_era5_reanalysis,2026-09-11T14:25:17.150328+00:00
EGLC,51.505,0.055,2026-06-17,16.2,25.4,24,open_meteo_era5_reanalysis,2026-09-11T14:25:17.150331+00:00
EGLC,51.505,0.055,2026-06-18,16.7,25.8,24,open_meteo_era5_reanalysis,2026-09-11T14:25:17.150333+00:00
EGLC,51.505,0.055,2026-06-19,18.2,30.0,24,open_meteo_era5_reanalysis,2026-09-11T14:25:17.150336+00:00
EGLC,51.505,0.055,2026-06-20,17.5,26.3,24,open_meteo_era5_reanalysis,2026-09-11T14:25:17.150338+00:00
EGLC,51.505,0.055,2026-06-21,18.9,30.2,24,open_meteo_era5_reanalysis,2026-09-11T14:25:17.150341+00:00
EGLC,51.505,0.055,2026-06-22,17.3,27.8,24,open_meteo_era5_reanalysis,2026-09-11T14:25:17.150344+00:00
EGLC,51.505,0.055,2026-06-23,18.3,32.5,24,open_meteo_era5_reanalysis,2026-09-11T14:25:17.150346+00:00
EGLC,51.505,0.055,2026-06-24,20.8,33.4,24,open_meteo_era5_reanalysis,2026-09-11T14:25:17.150349+00:00
EGLC,51.505,0.055,2026-06-25,19.6,30.2,24,open_meteo_era5_reanalysis,2026-09-11T14:25:17.150351+00:00
EGLC,51.505,0.055,2026-06-26,23.1,36.3,24,open_meteo_era5_reanalysis,2026-09-11T14:25:17.150354+00:00
EGLC,51.505,0.055,2026-06-27,22.4,32.0,24,open_meteo_era5_reanalysis,2026-09-11T14:25:17.150356+00:00
EGLC,51.505,0.055,2026-06-28,19.5,26.2,24,open_meteo_era5_reanalysis,2026-09-11T14:25:17.150359+00:00
EGLC,51.505,0.055,2026-06-29,14.5,24.4,24,open_meteo_era5_reanalysis,2026-09-11T14:25:17.150361+00:00
EGLC,51.505,0.055,2026-06-30,18.0,25.1,24,open_meteo_era5_reanalysis,2026-09-11T14:25:17.150364+00:00
EGLC,51.505,0.055,2026-07-01,16.3,25.4,24,open_meteo_era5_reanalysis,2026-09-11T14:25:17.150367+00:00
EGLC,51.505,0.055,2026-07-02,17.2,26.2,24,open_meteo_era5_reanalysis,2026-09-11T14:25:17.150369+00:00
EGLC,51.505,0.055,2026-07-03,13.9,26.1,24,open_meteo_era5_reanalysis,2026-09-11T14:25:17.150372+00:00
EGLC,51.505,0.055,2026-07-04,16.1,29.5,24,open_meteo_era5_reanalysis,2026-09-11T14:25:17.150374+00:00
EGLC,51.505,0.055,2026-07-05,17.3,28.2,24,open_meteo_era5_reanalysis,2026-09-11T14:25:17.150377+00:00
EGLC,51.505,0.055,2026-07-06,18.1,31.9,24,open_meteo_era5_reanalysis,2026-09-11T14:25:17.150379+00:00
EGLC,51.505,0.055,2026-07-07,19.4,31.1,24,open_meteo_era5_reanalysis,2026-09-11T14:25:17.150382+00:00
EGLC,51.505,0.055,2026-07-08,20.4,33.5,24,open_meteo_era5_reanalysis,2026-09-11T14:25:17.150384+00:00
EGLC,51.505,0.055,2026-07-09,21.9,35.2,24,open_meteo_era5_reanalysis,2026-09-11T14:25:17.150387+00:00
EGLC,51.505,0.055,2026-07-10,21.1,29.6,24,open_meteo_era5_reanalysis,2026-09-11T14:25:17.150389+00:00
EGLC,51.505,0.055,2026-07-11,18.3,28.4,24,open_meteo_era5_reanalysis,2026-09-11T14:25:17.150392+00:00
EGLC,51.505,0.055,2026-07-12,16.7,28.8,24,open_meteo_era5_reanalysis,2026-09-11T14:25:45.357418+00:00
EGLC,51.505,0.055,2026-07-13,14.8,26.2,24,open_meteo_era5_reanalysis,2026-09-11T14:25:45.357421+00:00
EGLC,51.505,0.055,2026-07-14,16.0,29.6,24,open_meteo_era5_reanalysis,2026-09-11T14:25:45.357424+00:00
EGLC,51.505,0.055,2026-07-15,17.4,28.1,24,open_meteo_era5_reanalysis,2026-09-11T14:25:45.357427+00:00
EGLC,51.505,0.055,2026-07-16,16.5,28.2,24,open_meteo_era5_reanalysis,2026-09-11T14:25:45.357429+00:00
EGLC,51.505,0.055,2026-07-17,15.6,27.8,24,open_meteo_era5_reanalysis,2026-09-11T14:25:45.357432+00:00
EGLC,51.505,0.055,2026-07-18,15.6,22.4,24,open_meteo_era5_reanalysis,2026-09-11T14:25:45.357435+00:00
EGLC,51.505,0.055,2026-07-19,13.3,22.6,24,open_meteo_era5_reanalysis,2026-09-11T14:25:45.357437+00:00
EGLC,51.505,0.055,2026-07-20,12.6,25.4,24,open_meteo_era5_reanalysis,2026-09-11T14:25:45.357440+00:00
EGLC,51.505,0.055,2026-07-21,14.6,22.3,24,open_meteo_era5_reanalysis,2026-09-11T14:25:45.357442+00:00
EGLC,51.505,0.055,2026-07-22,15.0,26.6,24,open_meteo_era5_reanalysis,2026-09-11T14:25:45.357445+00:00
EGLC,51.505,0.055,2026-07-23,16.3,26.2,24,open_meteo_era5_reanalysis,2026-09-11T14:25:45.357447+00:00
EGLC,51.505,0.055,2026-07-24,18.2,28.8,24,open_meteo_era5_reanalysis,2026-09-11T14:25:45.357450+00:00
EGLC,51.505,0.055,2026-07-25,17.2,28.6,24,open_meteo_era5_reanalysis,2026-09-11T14:25:45.357452+00:00
EGLC,51.505,0.055,2026-07-26,18.3,26.1,24,open_meteo_era5_reanalysis,2026-09-11T14:25:45.357455+00:00
EGLC,51.505,0.055,2026-07-27,16.2,28.1,24,open_meteo_era5_reanalysis,2026-09-11T14:25:45.357457+00:00
EGLC,51.505,0.055,2026-07-28,18.3,30.0,24,open_meteo_era5_reanalysis,2026-09-11T14:25:45.357460+00:00
EGLC,51.505,0.055,2026-07-29,18.7,33.7,24,open_meteo_era5_reanalysis,2026-09-11T14:25:45.357462+00:00
EGLC,51.505,0.055,2026-07-30,19.6,27.6,24,open_meteo_era5_reanalysis,2026-09-11T14:25:45.357465+00:00
EGLC,51.505,0.055,2026-07-31,16.2,25.6,24,open_meteo_era5_reanalysis,2026-09-11T14:25:45.357468+00:00
EGLC,51.505,0.055,2026-08-01,15.8,26.3,24,open_meteo_era5_reanalysis,2026-09-11T14:25:45.357470+00:00
EGLC,51.505,0.055,2026-08-02,15.4,27.4,24,open_meteo_era5_reanalysis,2026-09-11T14:25:45.357473+00:00
EGLC,51.505,0.055,2026-08-03,17.7,30.3,24,open_meteo_era5_reanalysis,2026-09-11T14:25:45.357475+00:00
EGLC,51.505,0.055,2026-08-04,19.0,29.7,24,open_meteo_era5_reanalysis,2026-09-11T14:25:45.357478+00:00
EGLC,51.505,0.055,2026-08-05,18.2,25.2,24,open_meteo_era5_reanalysis,2026-09-11T14:25:45.357480+00:00
EGLC,51.505,0.055,2026-08-06,14.6,22.5,24,open_meteo_era5_reanalysis,2026-09-11T14:25:45.357483+00:00
EGLC,51.505,0.055,2026-08-07,13.2,25.7,24,open_meteo_era5_reanalysis,2026-09-11T14:25:45.357485+00:00
EGLC,51.505,0.055,2026-08-08,14.0,27.5,24,open_meteo_era5_reanalysis,2026-09-11T14:25:45.357488+00:00
EGLC,51.505,0.055,2026-08-09,17.3,31.7,24,open_meteo_era5_reanalysis,2026-09-11T14:25:45.357490+00:00
EGLC,51.505,0.055,2026-08-10,18.7,26.2,24,open_meteo_era5_reanalysis,2026-09-11T14:25:45.357493+00:00
EGLC,51.505,0.055,2026-08-11,16.1,24.6,24,open_meteo_era5_reanalysis,2026-09-11T14:26:13.548988+00:00
EGLC,51.505,0.055,2026-08-12,16.8,32.1,24,open_meteo_era5_reanalysis,2026-09-11T14:26:13.548991+00:00
EGLC,51.505,0.055,2026-08-13,17.8,35.9,24,open_meteo_era5_reanalysis,2026-09-11T14:26:13.548993+00:00
EGLC,51.505,0.055,2026-08-14,21.9,34.3,24,open_meteo_era5_reanalysis,2026-09-11T14:26:13.548996+00:00
EGLC,51.505,0.055,2026-08-15,20.3,27.3,24,open_meteo_era5_reanalysis,2026-09-11T14:26:13.548999+00:00
EGLC,51.505,0.055,2026-08-16,16.8,25.8,24,open_meteo_era5_reanalysis,2026-09-11T14:26:13.549001+00:00
EGLC,51.505,0.055,2026-08-17,17.0,26.0,24,open_meteo_era5_reanalysis,2026-09-11T14:26:13.549004+00:00
EGLC,51.505,0.055,2026-08-18,18.0,23.7,24,open_meteo_era5_reanalysis,2026-09-11T14:26:13.549006+00:00
EGLC,51.505,0.055,2026-08-19,17.1,23.6,24,open_meteo_era5_reanalysis,2026-09-11T14:26:13.549009+00:00
EGLC,51.505,0.055,2026-08-20,14.7,22.2,24,open_meteo_era5_reanalysis,2026-09-11T14:26:13.549011+00:00
EGLC,51.505,0.055,2026-08-21,12.9,20.8,24,open_meteo_era5_reanalysis,2026-09-11T14:26:13.549014+00:00
EGLC,51.505,0.055,2026-08-22,11.4,21.7,24,open_meteo_era5_reanalysis,2026-09-11T14:26:13.549016+00:00
EGLC,51.505,0.055,2026-08-23,13.1,24.3,24,open_meteo_era5_reanalysis,2026-09-11T14:26:13.549019+00:00
EGLC,51.505,0.055,2026-08-24,13.2,21.5,24,open_meteo_era5_reanalysis,2026-09-11T14:26:13.549021+00:00
EGLC,51.505,0.055,2026-08-25,15.7,24.9,24,open_meteo_era5_reanalysis,2026-09-11T14:26:13.549024+00:00
EGLC,51.505,0.055,2026-08-26,17.1,26.6,24,open_meteo_era5_reanalysis,2026-09-11T14:26:13.549027+00:00
EGLC,51.505,0.055,2026-08-27,18.1,23.0,24,open_meteo_era5_reanalysis,2026-09-11T14:26:13.549029+00:00
EGLC,51.505,0.055,2026-08-28,15.4,23.4,24,open_meteo_era5_reanalysis,2026-09-11T14:26:13.549032+00:00
EGLC,51.505,0.055,2026-08-29,16.7,20.4,24,open_meteo_era5_reanalysis,2026-09-11T14:26:13.549034+00:00
EGLC,51.505,0.055,2026-08-30,15.8,21.4,24,open_meteo_era5_reanalysis,2026-09-11T14:26:13.549037+00:00
EGLC,51.505,0.055,2026-08-31,14.0,22.3,24,open_meteo_era5_reanalysis,2026-09-11T14:26:13.549040+00:00
EGLC,51.505,0.055,2026-09-01,12.6,20.8,24,open_meteo_era5_reanalysis,2026-09-11T14:26:13.549042+00:00
EGLC,51.505,0.055,2026-09-02,15.1,20.2,24,open_meteo_era5_reanalysis,2026-09-11T14:26:13.549045+00:00
EGLC,51.505,0.055,2026-09-03,18.3,25.4,24,open_meteo_era5_reanalysis,2026-09-11T14:26:13.549048+00:00
EGLC,51.505,0.055,2026-09-04,15.5,21.3,24,open_meteo_era5_reanalysis,2026-09-11T14:26:13.549050+00:00
EGLC,51.505,0.055,2026-09-05,12.7,21.6,24,open_meteo_era5_reanalysis,2026-09-11T14:26:13.549053+00:00
EGLC,51.505,0.055,2026-09-06,14.5,26.0,24,open_meteo_era5_reanalysis,2026-09-11T14:26:13.549055+00:00
EGLC,51.505,0.055,2026-09-07,17.7,24.1,24,open_meteo_era5_reanalysis,2026-09-11T14:26:13.549058+00:00
EGLC,51.505,0.055,2026-09-08,14.1,18.1,24,open_meteo_era5_reanalysis,2026-09-11T14:26:13.549060+00:00
EGLC,51.505,0.055,2026-09-09,11.8,18.7,24,open_meteo_era5_reanalysis,2026-09-11T14:26:13.549063+00:00
EHAM,52.315,4.79,2026-06-12,11.9,18.9,24,open_meteo_era5_reanalysis,2026-09-11T14:25:17.150613+00:00
EHAM,52.315,4.79,2026-06-13,14.0,16.7,24,open_meteo_era5_reanalysis,2026-09-11T14:25:17.150616+00:00
EHAM,52.315,4.79,2026-06-14,13.1,16.0,24,open_meteo_era5_reanalysis,2026-09-11T14:25:17.150619+00:00
EHAM,52.315,4.79,2026-06-15,12.5,16.4,24,open_meteo_era5_reanalysis,2026-09-11T14:25:17.150621+00:00
EHAM,52.315,4.79,2026-06-16,11.8,21.9,24,open_meteo_era5_reanalysis,2026-09-11T14:25:17.150624+00:00
EHAM,52.315,4.79,2026-06-17,14.7,22.9,24,open_meteo_era5_reanalysis,2026-09-11T14:25:17.150627+00:00
EHAM,52.315,4.79,2026-06-18,16.2,26.9,24,open_meteo_era5_reanalysis,2026-09-11T14:25:17.150629+00:00
EHAM,52.315,4.79,2026-06-19,18.8,32.2,24,open_meteo_era5_reanalysis,2026-09-11T14:25:17.150632+00:00
EHAM,52.315,4.79,2026-06-20,19.2,25.4,24,open_meteo_era5_reanalysis,2026-09-11T14:25:17.150634+00:00
EHAM,52.315,4.79,2026-06-21,19.0,25.7,24,open_meteo_era5_reanalysis,2026-09-11T14:25:17.150637+00:00
EHAM,52.315,4.79,2026-06-22,16.1,24.2,24,open_meteo_era5_reanalysis,2026-09-11T14:25:17.150640+00:00
EHAM,52.315,4.79,2026-06-23,15.5,27.5,24,open_meteo_era5_reanalysis,2026-09-11T14:25:17.150642+00:00
EHAM,52.315,4.79,2026-06-24,20.7,33.3,24,open_meteo_era5_reanalysis,2026-09-11T14:25:17.150645+00:00
EHAM,52.315,4.79,2026-06-25,20.1,28.7,24,open_meteo_era5_reanalysis,2026-09-11T14:25:17.150648+00:00
EHAM,52.315,4.79,2026-06-26,21.4,34.8,24,open_meteo_era5_reanalysis,2026-09-11T14:25:17.150650+00:00
EHAM,52.315,4.79,2026-06-27,21.6,29.6,24,open_meteo_era5_reanalysis,2026-09-11T14:25:17.150653+00:00
EHAM,52.315,4.79,2026-06-28,19.6,26.7,24,open_meteo_era5_reanalysis,2026-09-11T14:25:17.150655+00:00
EHAM,52.315,4.79,2026-06-29,16.5,22.8,24,open_meteo_era5_reanalysis,2026-09-11T14:25:17.150658+00:00
EHAM,52.315,4.79,2026-06-30,13.4,21.0,24,open_meteo_era5_reanalysis,2026-09-11T14:25:17.150661+00:00
EHAM,52.315,4.79,2026-07-01,13.7,23.3,24,open_meteo_era5_reanalysis,2026-09-11T14:25:17.150663+00:00
EHAM,52.315,4.79,2026-07-02,16.0,20.4,24,open_meteo_era5_reanalysis,2026-09-11T14:25:17.150666+00:00
EHAM,52.315,4.79,2026-07-03,14.7,19.3,24,open_meteo_era5_reanalysis,2026-09-11T14:25:17.150668+00:00
EHAM,52.315,4.79,2026-07-04,14.1,22.1,24,open_meteo_era5_reanalysis,2026-09-11T14:25:17.150671+00:00
EHAM,52.315,4.79,2026-07-05,17.8,20.4,24,open_meteo_era5_reanalysis,2026-09-11T14:25:17.150673+00:00
EHAM,52.315,4.79,2026-07-06,16.7,25.2,24,open_meteo_era5_reanalysis,2026-09-11T14:25:17.150676+00:00
EHAM,52.315,4.79,2026-07-07,18.3,23.2,24,open_meteo_era5_reanalysis,2026-09-11T14:25:17.150678+00:00
EHAM,52.315,4.79,2026-07-08,17.9,21.9,24,open_meteo_era5_reanalysis,2026-09-11T14:25:17.150681+00:00
EHAM,52.315,4.79,2026-07-09,15.1,25.2,24,open_meteo_era5_reanalysis,2026-09-11T14:25:17.150684+00:00
EHAM,52.315,4.79,2026-07-10,15.9,26.4,24,open_meteo_era5_reanalysis,2026-09-11T14:25:17.150686+00:00
EHAM,52.315,4.79,2026-07-11,17.0,27.1,24,open_meteo_era5_reanalysis,2026-09-11T14:25:17.150689+00:00
EHAM,52.315,4.79,2026-07-12,17.3,26.1,24,open_meteo_era5_reanalysis,2026-09-11T14:25:45.357721+00:00
EHAM,52.315,4.79,2026-07-13,16.2,25.8,24,open_meteo_era5_reanalysis,2026-09-11T14:25:45.357724+00:00
EHAM,52.315,4.79,2026-07-14,18.7,28.4,24,open_meteo_era5_reanalysis,2026-09-11T14:25:45.357727+00:00
EHAM,52.315,4.79,2026-07-15,18.4,27.7,24,open_meteo_era5_reanalysis,2026-09-11T14:25:45.357730+00:00
EHAM,52.315,4.79,2026-07-16,18.6,25.1,24,open_meteo_era5_reanalysis,2026-09-11T14:25:45.357732+00:00
EHAM,52.315,4.79,2026-07-17,16.5,23.8,24,open_meteo_era5_reanalysis,2026-09-11T14:25:45.357735+00:00
EHAM,52.315,4.79,2026-07-18,15.8,19.3,24,open_meteo_era5_reanalysis,2026-09-11T14:25:45.357737+00:00
EHAM,52.315,4.79,2026-07-19,14.9,19.6,24,open_meteo_era5_reanalysis,2026-09-11T14:25:45.357740+00:00
EHAM,52.315,4.79,2026-07-20,13.9,20.2,24,open_meteo_era5_reanalysis,2026-09-11T14:25:45.357742+00:00
EHAM,52.315,4.79,2026-07-21,12.7,21.1,24,open_meteo_era5_reanalysis,2026-09-11T14:25:45.357745+00:00
EHAM,52.315,4.79,2026-07-22,15.6,19.8,24,open_meteo_era5_reanalysis,2026-09-11T14:25:45.357748+00:00
EHAM,52.315,4.79,2026-07-23,15.3,20.0,24,open_meteo_era5_reanalysis,2026-09-11T14:25:45.357750+00:00
EHAM,52.315,4.79,2026-07-24,14.9,23.6,24,open_meteo_era5_reanalysis,2026-09-11T14:25:45.357753+00:00
EHAM,52.315,4.79,2026-07-25,15.2,24.1,24,open_meteo_era5_reanalysis,2026-09-11T14:25:45.357755+00:00
EHAM,52.315,4.79,2026-07-26,18.0,22.0,24,open_meteo_era5_reanalysis,2026-09-11T14:25:45.357758+00:00
EHAM,52.315,4.79,2026-07-27,15.7,20.1,24,open_meteo_era5_reanalysis,2026-09-11T14:25:45.357760+00:00
EHAM,52.315,4.79,2026-07-28,15.3,26.6,24,open_meteo_era5_reanalysis,2026-09-11T14:25:45.357763+00:00
EHAM,52.315,4.79,2026-07-29,18.7,31.5,24,open_meteo_era5_reanalysis,2026-09-11T14:25:45.357765+00:00
EHAM,52.315,4.79,2026-07-30,20.8,25.9,24,open_meteo_era5_reanalysis,2026-09-11T14:25:45.357768+00:00
EHAM,52.315,4.79,2026-07-31,17.9,24.2,24,open_meteo_era5_reanalysis,2026-09-11T14:25:45.357770+00:00
EHAM,52.315,4.79,2026-08-01,14.5,22.9,24,open_meteo_era5_reanalysis,2026-09-11T14:25:45.357773+00:00
EHAM,52.315,4.79,2026-08-02,15.4,25.9,24,open_meteo_era5_reanalysis,2026-09-11T14:25:45.357775+00:00
EHAM,52.315,4.79,2026-08-03,18.5,31.4,24,open_meteo_era5_reanalysis,2026-09-11T14:25:45.357778+00:00
EHAM,52.315,4.79,2026-08-04,19.9,32.8,24,open_meteo_era5_reanalysis,2026-09-11T14:25:45.357780+00:00
EHAM,52.315,4.79,2026-08-05,20.5,25.1,24,open_meteo_era5_reanalysis,2026-09-11T14:25:45.357783+00:00
EHAM,52.315,4.79,2026-08-06,16.9,20.8,24,open_meteo_era5_reanalysis,2026-09-11T14:25:45.357785+00:00
EHAM,52.315,4.79,2026-08-07,14.6,21.2,24,open_meteo_era5_reanalysis,2026-09-11T14:25:45.357788+00:00
EHAM,52.315,4.79,2026-08-08,13.1,25.0,24,open_meteo_era5_reanalysis,2026-09-11T14:25:45.357790+00:00
EHAM,52.315,4.79,2026-08-09,15.5,29.2,24,open_meteo_era5_reanalysis,2026-09-11T14:25:45.357793+00:00
EHAM,52.315,4.79,2026-08-10,16.8,23.4,24,open_meteo_era5_reanalysis,2026-09-11T14:25:45.357796+00:00
EHAM,52.315,4.79,2026-08-11,12.7,22.0,24,open_meteo_era5_reanalysis,2026-09-11T14:26:13.549274+00:00
EHAM,52.315,4.79,2026-08-12,12.8,28.4,24,open_meteo_era5_reanalysis,2026-09-11T14:26:13.549277+00:00
EHAM,52.315,4.79,2026-08-13,17.5,32.5,24,open_meteo_era5_reanalysis,2026-09-11T14:26:13.549279+00:00
EHAM,52.315,4.79,2026-08-14,19.6,34.7,24,open_meteo_era5_reanalysis,2026-09-11T14:26:13.549282+00:00
EHAM,52.315,4.79,2026-08-15,18.9,23.1,24,open_meteo_era5_reanalysis,2026-09-11T14:26:13.549284+00:00
EHAM,52.315,4.79,2026-08-16,16.2,23.3,24,open_meteo_era5_reanalysis,2026-09-11T14:26:13.549287+00:00
EHAM,52.315,4.79,2026-08-17,14.9,19.8,24,open_meteo_era5_reanalysis,2026-09-11T14:26:13.549289+00:00
EHAM,52.315,4.79,2026-08-18,15.4,20.9,24,open_meteo_era5_reanalysis,2026-09-11T14:26:13.549292+00:00
EHAM,52.315,4.79,2026-08-19,16.0,20.0,24,open_meteo_era5_reanalysis,2026-09-11T14:26:13.549294+00:00
EHAM,52.315,4.79,2026-08-20,14.4,19.2,24,open_meteo_era5_reanalysis,2026-09-11T14:26:13.549297+00:00
EHAM,52.315,4.79,2026-08-21,13.9,20.2,24,open_meteo_era5_reanalysis,2026-09-11T14:26:13.549299+00:00
EHAM,52.315,4.79,2026-08-22,12.3,18.8,24,open_meteo_era5_reanalysis,2026-09-11T14:26:13.549302+00:00
EHAM,52.315,4.79,2026-08-23,13.3,19.0,24,open_meteo_era5_reanalysis,2026-09-11T14:26:13.549304+00:00
EHAM,52.315,4.79,2026-08-24,10.9,20.4,24,open_meteo_era5_reanalysis,2026-09-11T14:26:13.549307+00:00
EHAM,52.315,4.79,2026-08-25,12.8,23.7,24,open_meteo_era5_reanalysis,2026-09-11T14:26:13.549310+00:00
EHAM,52.315,4.79,2026-08-26,14.1,25.4,24,open_meteo_era5_reanalysis,2026-09-11T14:26:13.549312+00:00
EHAM,52.315,4.79,2026-08-27,16.0,27.2,24,open_meteo_era5_reanalysis,2026-09-11T14:26:13.549315+00:00
EHAM,52.315,4.79,2026-08-28,17.0,22.0,24,open_meteo_era5_reanalysis,2026-09-11T14:26:13.549317+00:00
EHAM,52.315,4.79,2026-08-29,15.9,22.3,24,open_meteo_era5_reanalysis,2026-09-11T14:26:13.549320+00:00
EHAM,52.315,4.79,2026-08-30,17.4,20.4,24,open_meteo_era5_reanalysis,2026-09-11T14:26:13.549322+00:00
EHAM,52.315,4.79,2026-08-31,14.9,18.8,24,open_meteo_era5_reanalysis,2026-09-11T14:26:13.549325+00:00
EHAM,52.315,4.79,2026-09-01,15.0,19.5,24,open_meteo_era5_reanalysis,2026-09-11T14:26:13.549327+00:00
EHAM,52.315,4.79,2026-09-02,13.9,20.4,24,open_meteo_era5_reanalysis,2026-09-11T14:26:13.549330+00:00
EHAM,52.315,4.79,2026-09-03,17.6,21.9,24,open_meteo_era5_reanalysis,2026-09-11T14:26:13.549333+00:00
EHAM,52.315,4.79,2026-09-04,17.7,21.2,24,open_meteo_era5_reanalysis,2026-09-11T14:26:13.549335+00:00
EHAM,52.315,4.79,2026-09-05,14.8,18.6,24,open_meteo_era5_reanalysis,2026-09-11T14:26:13.549338+00:00
EHAM,52.315,4.79,2026-09-06,12.1,21.2,24,open_meteo_era5_reanalysis,2026-09-11T14:26:13.549340+00:00
EHAM,52.315,4.79,2026-09-07,15.8,25.0,24,open_meteo_era5_reanalysis,2026-09-11T14:26:13.549343+00:00
EHAM,52.315,4.79,2026-09-08,14.8,19.0,24,open_meteo_era5_reanalysis,2026-09-11T14:26:13.549346+00:00
EHAM,52.315,4.79,2026-09-09,13.1,18.2,24,open_meteo_era5_reanalysis,2026-09-11T14:26:13.549348+00:00
EPWA,52.163,20.961,2026-06-12,10.2,17.6,24,open_meteo_era5_reanalysis,2026-09-11T14:25:20.281769+00:00
EPWA,52.163,20.961,2026-06-13,11.5,19.9,24,open_meteo_era5_reanalysis,2026-09-11T14:25:20.281785+00:00
EPWA,52.163,20.961,2026-06-14,11.1,16.1,24,open_meteo_era5_reanalysis,2026-09-11T14:25:20.281789+00:00
EPWA,52.163,20.961,2026-06-15,10.4,16.4,24,open_meteo_era5_reanalysis,2026-09-11T14:25:20.281792+00:00
EPWA,52.163,20.961,2026-06-16,11.3,17.7,24,open_meteo_era5_reanalysis,2026-09-11T14:25:20.281795+00:00
EPWA,52.163,20.961,2026-06-17,9.3,20.8,24,open_meteo_era5_reanalysis,2026-09-11T14:25:20.281798+00:00
EPWA,52.163,20.961,2026-06-18,11.5,25.3,24,open_meteo_era5_reanalysis,2026-09-11T14:25:20.281801+00:00
EPWA,52.163,20.961,2026-06-19,15.7,27.3,24,open_meteo_era5_reanalysis,2026-09-11T14:25:20.281804+00:00
EPWA,52.163,20.961,2026-06-20,17.7,30.9,24,open_meteo_era5_reanalysis,2026-09-11T14:25:20.281806+00:00
EPWA,52.163,20.961,2026-06-21,21.0,30.3,24,open_meteo_era5_reanalysis,2026-09-11T14:25:20.281809+00:00
EPWA,52.163,20.961,2026-06-22,19.9,27.8,24,open_meteo_era5_reanalysis,2026-09-11T14:25:20.281812+00:00
EPWA,52.163,20.961,2026-06-23,15.9,26.8,24,open_meteo_era5_reanalysis,2026-09-11T14:25:20.281815+00:00
EPWA,52.163,20.961,2026-06-24,14.3,27.7,24,open_meteo_era5_reanalysis,2026-09-11T14:25:20.281818+00:00
EPWA,52.163,20.961,2026-06-25,17.1,30.5,24,open_meteo_era5_reanalysis,2026-09-11T14:25:20.281821+00:00
EPWA,52.163,20.961,2026-06-26,19.7,32.1,24,open_meteo_era5_reanalysis,2026-09-11T14:25:20.281823+00:00
EPWA,52.163,20.961,2026-06-27,20.3,35.1,24,open_meteo_era5_reanalysis,2026-09-11T14:25:20.281826+00:00
EPWA,52.163,20.961,2026-06-28,23.0,37.8,24,open_meteo_era5_reanalysis,2026-09-11T14:25:20.281829+00:00
EPWA,52.163,20.961,2026-06-29,25.9,36.4,24,open_meteo_era5_reanalysis,2026-09-11T14:25:20.281832+00:00
EPWA,52.163,20.961,2026-06-30,22.4,32.0,24,open_meteo_era5_reanalysis,2026-09-11T14:25:20.281834+00:00
EPWA,52.163,20.961,2026-07-01,20.2,32.5,24,open_meteo_era5_reanalysis,2026-09-11T14:25:20.281837+00:00
EPWA,52.163,20.961,2026-07-02,17.1,25.8,24,open_meteo_era5_reanalysis,2026-09-11T14:25:20.281840+00:00
EPWA,52.163,20.961,2026-07-03,17.4,22.4,24,open_meteo_era5_reanalysis,2026-09-11T14:25:20.281843+00:00
EPWA,52.163,20.961,2026-07-04,15.3,19.8,24,open_meteo_era5_reanalysis,2026-09-11T14:25:20.281845+00:00
EPWA,52.163,20.961,2026-07-05,13.5,21.0,24,open_meteo_era5_reanalysis,2026-09-11T14:25:20.281848+00:00
EPWA,52.163,20.961,2026-07-06,13.0,21.5,24,open_meteo_era5_reanalysis,2026-09-11T14:25:20.281851+00:00
EPWA,52.163,20.961,2026-07-07,16.2,21.0,24,open_meteo_era5_reanalysis,2026-09-11T14:25:20.281854+00:00
EPWA,52.163,20.961,2026-07-08,12.4,19.0,24,open_meteo_era5_reanalysis,2026-09-11T14:25:20.281857+00:00
EPWA,52.163,20.961,2026-07-09,11.8,18.1,24,open_meteo_era5_reanalysis,2026-09-11T14:25:20.281860+00:00
EPWA,52.163,20.961,2026-07-10,13.3,18.4,24,open_meteo_era5_reanalysis,2026-09-11T14:25:20.281862+00:00
EPWA,52.163,20.961,2026-07-11,12.4,20.3,24,open_meteo_era5_reanalysis,2026-09-11T14:25:20.281865+00:00
EPWA,52.163,20.961,2026-07-12,13.8,19.2,24,open_meteo_era5_reanalysis,2026-09-11T14:25:48.483756+00:00
EPWA,52.163,20.961,2026-07-13,15.6,24.3,24,open_meteo_era5_reanalysis,2026-09-11T14:25:48.483769+00:00
EPWA,52.163,20.961,2026-07-14,15.5,25.9,24,open_meteo_era5_reanalysis,2026-09-11T14:25:48.483773+00:00
EPWA,52.163,20.961,2026-07-15,15.3,27.7,24,open_meteo_era5_reanalysis,2026-09-11T14:25:48.483776+00:00
EPWA,52.163,20.961,2026-07-16,17.1,29.7,24,open_meteo_era5_reanalysis,2026-09-11T14:25:48.483778+00:00
EPWA,52.163,20.961,2026-07-17,18.8,31.0,24,open_meteo_era5_reanalysis,2026-09-11T14:25:48.483781+00:00
EPWA,52.163,20.961,2026-07-18,19.8,25.7,24,open_meteo_era5_reanalysis,2026-09-11T14:25:48.483784+00:00
EPWA,52.163,20.961,2026-07-19,15.9,26.5,24,open_meteo_era5_reanalysis,2026-09-11T14:25:48.483786+00:00
EPWA,52.163,20.961,2026-07-20,13.5,19.8,24,open_meteo_era5_reanalysis,2026-09-11T14:25:48.483789+00:00
EPWA,52.163,20.961,2026-07-21,13.2,17.6,24,open_meteo_era5_reanalysis,2026-09-11T14:25:48.483792+00:00
EPWA,52.163,20.961,2026-07-22,10.8,21.5,24,open_meteo_era5_reanalysis,2026-09-11T14:25:48.483794+00:00
EPWA,52.163,20.961,2026-07-23,13.6,18.9,24,open_meteo_era5_reanalysis,2026-09-11T14:25:48.483797+00:00
EPWA,52.163,20.961,2026-07-24,12.8,21.0,24,open_meteo_era5_reanalysis,2026-09-11T14:25:48.483799+00:00
EPWA,52.163,20.961,2026-07-25,12.1,24.5,24,open_meteo_era5_reanalysis,2026-09-11T14:25:48.483802+00:00
EPWA,52.163,20.961,2026-07-26,15.0,29.4,24,open_meteo_era5_reanalysis,2026-09-11T14:25:48.483805+00:00
EPWA,52.163,20.961,2026-07-27,15.3,21.6,24,open_meteo_era5_reanalysis,2026-09-11T14:25:48.483807+00:00
EPWA,52.163,20.961,2026-07-28,12.9,20.8,24,open_meteo_era5_reanalysis,2026-09-11T14:25:48.483810+00:00
EPWA,52.163,20.961,2026-07-29,11.4,24.9,24,open_meteo_era5_reanalysis,2026-09-11T14:25:48.483812+00:00
EPWA,52.163,20.961,2026-07-30,15.9,31.6,24,open_meteo_era5_reanalysis,2026-09-11T14:25:48.483815+00:00
EPWA,52.163,20.961,2026-07-31,21.2,34.0,24,open_meteo_era5_reanalysis,2026-09-11T14:25:48.483817+00:00
EPWA,52.163,20.961,2026-08-01,20.3,32.2,24,open_meteo_era5_reanalysis,2026-09-11T14:25:48.483820+00:00
EPWA,52.163,20.961,2026-08-02,17.1,24.4,24,open_meteo_era5_reanalysis,2026-09-11T14:25:48.483823+00:00
EPWA,52.163,20.961,2026-08-03,16.9,28.4,24,open_meteo_era5_reanalysis,2026-09-11T14:25:48.483825+00:00
EPWA,52.163,20.961,2026-08-04,19.8,31.5,24,open_meteo_era5_reanalysis,2026-09-11T14:25:48.483828+00:00
EPWA,52.163,20.961,2026-08-05,21.3,35.9,24,open_meteo_era5_reanalysis,2026-09-11T14:25:48.483830+00:00
EPWA,52.163,20.961,2026-08-06,21.5,29.6,24,open_meteo_era5_reanalysis,2026-09-11T14:25:48.483833+00:00
EPWA,52.163,20.961,2026-08-07,17.5,23.2,24,open_meteo_era5_reanalysis,2026-09-11T14:25:48.483835+00:00
EPWA,52.163,20.961,2026-08-08,14.5,21.1,24,open_meteo_era5_reanalysis,2026-09-11T14:25:48.483838+00:00
EPWA,52.163,20.961,2026-08-09,12.4,24.2,24,open_meteo_era5_reanalysis,2026-09-11T14:25:48.483841+00:00
EPWA,52.163,20.961,2026-08-10,14.3,32.0,24,open_meteo_era5_reanalysis,2026-09-11T14:25:48.483843+00:00
EPWA,52.163,20.961,2026-08-11,15.3,21.5,24,open_meteo_era5_reanalysis,2026-09-11T14:26:16.685110+00:00
EPWA,52.163,20.961,2026-08-12,10.9,22.3,24,open_meteo_era5_reanalysis,2026-09-11T14:26:16.685128+00:00
EPWA,52.163,20.961,2026-08-13,12.4,22.4,24,open_meteo_era5_reanalysis,2026-09-11T14:26:16.685131+00:00
EPWA,52.163,20.961,2026-08-14,12.3,25.5,24,open_meteo_era5_reanalysis,2026-09-11T14:26:16.685134+00:00
EPWA,52.163,20.961,2026-08-15,14.4,29.8,24,open_meteo_era5_reanalysis,2026-09-11T14:26:16.685137+00:00
EPWA,52.163,20.961,2026-08-16,17.4,29.8,24,open_meteo_era5_reanalysis,2026-09-11T14:26:16.685140+00:00
EPWA,52.163,20.961,2026-08-17,14.2,23.0,24,open_meteo_era5_reanalysis,2026-09-11T14:26:16.685143+00:00
EPWA,52.163,20.961,2026-08-18,13.8,19.1,24,open_meteo_era5_reanalysis,2026-09-11T14:26:16.685145+00:00
EPWA,52.163,20.961,2026-08-19,12.0,22.4,24,open_meteo_era5_reanalysis,2026-09-11T14:26:16.685148+00:00
EPWA,52.163,20.961,2026-08-20,17.3,23.6,24,open_meteo_era5_reanalysis,2026-09-11T14:26:16.685151+00:00
EPWA,52.163,20.961,2026-08-21,16.6,25.6,24,open_meteo_era5_reanalysis,2026-09-11T14:26:16.685154+00:00
EPWA,52.163,20.961,2026-08-22,14.7,20.6,24,open_meteo_era5_reanalysis,2026-09-11T14:26:16.685156+00:00
EPWA,52.163,20.961,2026-08-23,13.1,18.7,24,open_meteo_era5_reanalysis,2026-09-11T14:26:16.685159+00:00
EPWA,52.163,20.961,2026-08-24,11.3,17.0,24,open_meteo_era5_reanalysis,2026-09-11T14:26:16.685162+00:00
EPWA,52.163,20.961,2026-08-25,9.5,21.1,24,open_meteo_era5_reanalysis,2026-09-11T14:26:16.685164+00:00
EPWA,52.163,20.961,2026-08-26,11.1,21.6,24,open_meteo_era5_reanalysis,2026-09-11T14:26:16.685167+00:00
EPWA,52.163,20.961,2026-08-27,11.8,22.9,24,open_meteo_era5_reanalysis,2026-09-11T14:26:16.685170+00:00
EPWA,52.163,20.961,2026-08-28,12.8,23.4,24,open_meteo_era5_reanalysis,2026-09-11T14:26:16.685172+00:00
EPWA,52.163,20.961,2026-08-29,15.8,22.3,24,open_meteo_era5_reanalysis,2026-09-11T14:26:16.685175+00:00
EPWA,52.163,20.961,2026-08-30,14.0,25.3,24,open_meteo_era5_reanalysis,2026-09-11T14:26:16.685178+00:00
EPWA,52.163,20.961,2026-08-31,15.9,25.8,24,open_meteo_era5_reanalysis,2026-09-11T14:26:16.685181+00:00
EPWA,52.163,20.961,2026-09-01,16.2,19.8,24,open_meteo_era5_reanalysis,2026-09-11T14:26:16.685183+00:00
EPWA,52.163,20.961,2026-09-02,13.4,21.0,24,open_meteo_era5_reanalysis,2026-09-11T14:26:16.685186+00:00
EPWA,52.163,20.961,2026-09-03,11.8,21.6,24,open_meteo_era5_reanalysis,2026-09-11T14:26:16.685189+00:00
EPWA,52.163,20.961,2026-09-04,15.6,22.1,24,open_meteo_era5_reanalysis,2026-09-11T14:26:16.685191+00:00
EPWA,52.163,20.961,2026-09-05,13.6,19.5,24,open_meteo_era5_reanalysis,2026-09-11T14:26:16.685194+00:00
EPWA,52.163,20.961,2026-09-06,11.7,18.2,24,open_meteo_era5_reanalysis,2026-09-11T14:26:16.685197+00:00
EPWA,52.163,20.961,2026-09-07,9.7,19.8,24,open_meteo_era5_reanalysis,2026-09-11T14:26:16.685199+00:00
EPWA,52.163,20.961,2026-09-08,13.0,26.2,24,open_meteo_era5_reanalysis,2026-09-11T14:26:16.685202+00:00
EPWA,52.163,20.961,2026-09-09,17.9,28.1,24,open_meteo_era5_reanalysis,2026-09-11T14:26:16.685205+00:00
FACT,-33.965,18.602,2026-06-12,9.6,16.2,24,open_meteo_era5_reanalysis,2026-09-11T14:25:20.282109+00:00
FACT,-33.965,18.602,2026-06-13,7.3,17.0,24,open_meteo_era5_reanalysis,2026-09-11T14:25:20.282112+00:00
FACT,-33.965,18.602,2026-06-14,6.5,14.5,24,open_meteo_era5_reanalysis,2026-09-11T14:25:20.282115+00:00
FACT,-33.965,18.602,2026-06-15,5.5,15.2,24,open_meteo_era5_reanalysis,2026-09-11T14:25:20.282118+00:00
FACT,-33.965,18.602,2026-06-16,6.3,19.0,24,open_meteo_era5_reanalysis,2026-09-11T14:25:20.282121+00:00
FACT,-33.965,18.602,2026-06-17,7.8,19.0,24,open_meteo_era5_reanalysis,2026-09-11T14:25:20.282124+00:00
FACT,-33.965,18.602,2026-06-18,13.0,18.6,24,open_meteo_era5_reanalysis,2026-09-11T14:25:20.282126+00:00
FACT,-33.965,18.602,2026-06-19,9.1,21.8,24,open_meteo_era5_reanalysis,2026-09-11T14:25:20.282129+00:00
FACT,-33.965,18.602,2026-06-20,8.2,25.6,24,open_meteo_era5_reanalysis,2026-09-11T14:25:20.282132+00:00
FACT,-33.965,18.602,2026-06-21,12.9,22.4,24,open_meteo_era5_reanalysis,2026-09-11T14:25:20.282135+00:00
FACT,-33.965,18.602,2026-06-22,12.0,18.1,24,open_meteo_era5_reanalysis,2026-09-11T14:25:20.282138+00:00
FACT,-33.965,18.602,2026-06-23,12.7,16.9,24,open_meteo_era5_reanalysis,2026-09-11T14:25:20.282141+00:00
FACT,-33.965,18.602,2026-06-24,11.7,16.5,24,open_meteo_era5_reanalysis,2026-09-11T14:25:20.282143+00:00
FACT,-33.965,18.602,2026-06-25,9.0,21.6,24,open_meteo_era5_reanalysis,2026-09-11T14:25:20.282146+00:00
FACT,-33.965,18.602,2026-06-26,8.7,20.4,24,open_meteo_era5_reanalysis,2026-09-11T14:25:20.282149+00:00
FACT,-33.965,18.602,2026-06-27,11.6,17.2,24,open_meteo_era5_reanalysis,2026-09-11T14:25:20.282152+00:00
FACT,-33.965,18.602,2026-06-28,9.6,14.4,24,open_meteo_era5_reanalysis,2026-09-11T14:25:20.282154+00:00
FACT,-33.965,18.602,2026-06-29,5.0,13.1,24,open_meteo_era5_reanalysis,2026-09-11T14:25:20.282157+00:00
FACT,-33.965,18.602,2026-06-30,0.4,15.1,24,open_meteo_era5_reanalysis,2026-09-11T14:25:20.282160+00:00
FACT,-33.965,18.602,2026-07-01,7.6,14.4,24,open_meteo_era5_reanalysis,2026-09-11T14:25:20.282163+00:00
FACT,-33.965,18.602,2026-07-02,6.4,15.0,24,open_meteo_era5_reanalysis,2026-09-11T14:25:20.282165+00:00
FACT,-33.965,18.602,2026-07-03,8.9,16.5,24,open_meteo_era5_reanalysis,2026-09-11T14:25:20.282168+00:00
FACT,-33.965,18.602,2026-07-04,8.1,17.1,24,open_meteo_era5_reanalysis,2026-09-11T14:25:20.282171+00:00
FACT,-33.965,18.602,2026-07-05,8.3,18.6,24,open_meteo_era5_reanalysis,2026-09-11T14:25:20.282174+00:00
FACT,-33.965,18.602,2026-07-06,6.9,19.8,24,open_meteo_era5_reanalysis,2026-09-11T14:25:20.282176+00:00
FACT,-33.965,18.602,2026-07-07,9.7,18.8,24,open_meteo_era5_reanalysis,2026-09-11T14:25:20.282179+00:00
FACT,-33.965,18.602,2026-07-08,9.6,18.3,24,open_meteo_era5_reanalysis,2026-09-11T14:25:20.282182+00:00
FACT,-33.965,18.602,2026-07-09,9.7,15.7,24,open_meteo_era5_reanalysis,2026-09-11T14:25:20.282185+00:00
FACT,-33.965,18.602,2026-07-10,8.9,17.2,24,open_meteo_era5_reanalysis,2026-09-11T14:25:20.282188+00:00
FACT,-33.965,18.602,2026-07-11,5.2,18.9,24,open_meteo_era5_reanalysis,2026-09-11T14:25:20.282190+00:00
FACT,-33.965,18.602,2026-07-12,5.6,19.7,24,open_meteo_era5_reanalysis,2026-09-11T14:25:48.484056+00:00
FACT,-33.965,18.602,2026-07-13,6.2,15.2,24,open_meteo_era5_reanalysis,2026-09-11T14:25:48.484059+00:00
FACT,-33.965,18.602,2026-07-14,5.7,15.9,24,open_meteo_era5_reanalysis,2026-09-11T14:25:48.484062+00:00
FACT,-33.965,18.602,2026-07-15,10.9,16.9,24,open_meteo_era5_reanalysis,2026-09-11T14:25:48.484065+00:00
FACT,-33.965,18.602,2026-07-16,8.7,19.6,24,open_meteo_era5_reanalysis,2026-09-11T14:25:48.484068+00:00
FACT,-33.965,18.602,2026-07-17,10.8,19.5,24,open_meteo_era5_reanalysis,2026-09-11T14:25:48.484070+00:00
FACT,-33.965,18.602,2026-07-18,10.1,16.4,24,open_meteo_era5_reanalysis,2026-09-11T14:25:48.484073+00:00
FACT,-33.965,18.602,2026-07-19,9.6,14.6,24,open_meteo_era5_reanalysis,2026-09-11T14:25:48.484076+00:00
FACT,-33.965,18.602,2026-07-20,9.0,16.4,24,open_meteo_era5_reanalysis,2026-09-11T14:25:48.484078+00:00
FACT,-33.965,18.602,2026-07-21,6.5,17.2,24,open_meteo_era5_reanalysis,2026-09-11T14:25:48.484081+00:00
FACT,-33.965,18.602,2026-07-22,6.1,15.7,24,open_meteo_era5_reanalysis,2026-09-11T14:25:48.484084+00:00
FACT,-33.965,18.602,2026-07-23,9.6,15.2,24,open_meteo_era5_reanalysis,2026-09-11T14:25:48.484086+00:00
FACT,-33.965,18.602,2026-07-24,3.9,17.6,24,open_meteo_era5_reanalysis,2026-09-11T14:25:48.484089+00:00
FACT,-33.965,18.602,2026-07-25,11.0,20.1,24,open_meteo_era5_reanalysis,2026-09-11T14:25:48.484092+00:00
FACT,-33.965,18.602,2026-07-26,7.3,24.1,24,open_meteo_era5_reanalysis,2026-09-11T14:25:48.484094+00:00
FACT,-33.965,18.602,2026-07-27,11.6,16.0,24,open_meteo_era5_reanalysis,2026-09-11T14:25:48.484097+00:00
FACT,-33.965,18.602,2026-07-28,10.4,18.8,24,open_meteo_era5_reanalysis,2026-09-11T14:25:48.484099+00:00
FACT,-33.965,18.602,2026-07-29,4.4,20.5,24,open_meteo_era5_reanalysis,2026-09-11T14:25:48.484102+00:00
FACT,-33.965,18.602,2026-07-30,5.1,21.2,24,open_meteo_era5_reanalysis,2026-09-11T14:25:48.484104+00:00
FACT,-33.965,18.602,2026-07-31,7.5,23.0,24,open_meteo_era5_reanalysis,2026-09-11T14:25:48.484107+00:00
FACT,-33.965,18.602,2026-08-01,7.5,25.7,24,open_meteo_era5_reanalysis,2026-09-11T14:25:48.484109+00:00
FACT,-33.965,18.602,2026-08-02,9.4,24.2,24,open_meteo_era5_reanalysis,2026-09-11T14:25:48.484112+00:00
FACT,-33.965,18.602,2026-08-03,8.5,26.4,24,open_meteo_era5_reanalysis,2026-09-11T14:25:48.484115+00:00
FACT,-33.965,18.602,2026-08-04,8.4,20.6,24,open_meteo_era5_reanalysis,2026-09-11T14:25:48.484117+00:00
FACT,-33.965,18.602,2026-08-05,10.5,16.4,24,open_meteo_era5_reanalysis,2026-09-11T14:25:48.484120+00:00
FACT,-33.965,18.602,2026-08-06,9.5,14.3,24,open_meteo_era5_reanalysis,2026-09-11T14:25:48.484122+00:00
FACT,-33.965,18.602,2026-08-07,3.9,19.3,24,open_meteo_era5_reanalysis,2026-09-11T14:25:48.484125+00:00
FACT,-33.965,18.602,2026-08-08,5.7,17.2,24,open_meteo_era5_reanalysis,2026-09-11T14:25:48.484128+00:00
FACT,-33.965,18.602,2026-08-09,7.8,13.3,24,open_meteo_era5_reanalysis,2026-09-11T14:25:48.484131+00:00
FACT,-33.965,18.602,2026-08-10,7.3,14.5,24,open_meteo_era5_reanalysis,2026-09-11T14:25:48.484133+00:00
FACT,-33.965,18.602,2026-08-11,7.9,19.4,24,open_meteo_era5_reanalysis,2026-09-11T14:26:16.685445+00:00
FACT,-33.965,18.602,2026-08-12,6.3,22.4,24,open_meteo_era5_reanalysis,2026-09-11T14:26:16.685449+00:00
FACT,-33.965,18.602,2026-08-13,9.5,28.9,24,open_meteo_era5_reanalysis,2026-09-11T14:26:16.685452+00:00
FACT,-33.965,18.602,2026-08-14,10.8,17.4,24,open_meteo_era5_reanalysis,2026-09-11T14:26:16.685455+00:00
FACT,-33.965,18.602,2026-08-15,6.3,20.0,24,open_meteo_era5_reanalysis,2026-09-11T14:26:16.685458+00:00
FACT,-33.965,18.602,2026-08-16,9.7,18.2,24,open_meteo_era5_reanalysis,2026-09-11T14:26:16.685460+00:00
FACT,-33.965,18.602,2026-08-17,9.5,17.9,24,open_meteo_era5_reanalysis,2026-09-11T14:26:16.685463+00:00
FACT,-33.965,18.602,2026-08-18,9.1,18.3,24,open_meteo_era5_reanalysis,2026-09-11T14:26:16.685466+00:00
FACT,-33.965,18.602,2026-08-19,9.8,18.6,24,open_meteo_era5_reanalysis,2026-09-11T14:26:16.685469+00:00
FACT,-33.965,18.602,2026-08-20,11.3,17.9,24,open_meteo_era5_reanalysis,2026-09-11T14:26:16.685472+00:00
FACT,-33.965,18.602,2026-08-21,8.6,23.1,24,open_meteo_era5_reanalysis,2026-09-11T14:26:16.685477+00:00
FACT,-33.965,18.602,2026-08-22,10.5,17.9,24,open_meteo_era5_reanalysis,2026-09-11T14:26:16.685481+00:00
FACT,-33.965,18.602,2026-08-23,10.6,18.9,24,open_meteo_era5_reanalysis,2026-09-11T14:26:16.685484+00:00
FACT,-33.965,18.602,2026-08-24,11.7,18.8,24,open_meteo_era5_reanalysis,2026-09-11T14:26:16.685486+00:00
FACT,-33.965,18.602,2026-08-25,9.9,22.1,24,open_meteo_era5_reanalysis,2026-09-11T14:26:16.685489+00:00
FACT,-33.965,18.602,2026-08-26,8.5,25.7,24,open_meteo_era5_reanalysis,2026-09-11T14:26:16.685492+00:00
FACT,-33.965,18.602,2026-08-27,12.0,26.5,24,open_meteo_era5_reanalysis,2026-09-11T14:26:16.685494+00:00
FACT,-33.965,18.602,2026-08-28,10.5,26.7,24,open_meteo_era5_reanalysis,2026-09-11T14:26:16.685497+00:00
FACT,-33.965,18.602,2026-08-29,11.0,17.5,24,open_meteo_era5_reanalysis,2026-09-11T14:26:16.685500+00:00
FACT,-33.965,18.602,2026-08-30,10.4,16.6,24,open_meteo_era5_reanalysis,2026-09-11T14:26:16.685502+00:00
FACT,-33.965,18.602,2026-08-31,8.9,16.9,24,open_meteo_era5_reanalysis,2026-09-11T14:26:16.685505+00:00
FACT,-33.965,18.602,2026-09-01,9.0,20.9,24,open_meteo_era5_reanalysis,2026-09-11T14:26:16.685508+00:00
FACT,-33.965,18.602,2026-09-02,9.8,18.7,24,open_meteo_era5_reanalysis,2026-09-11T14:26:16.685510+00:00
FACT,-33.965,18.602,2026-09-03,9.4,17.8,24,open_meteo_era5_reanalysis,2026-09-11T14:26:16.685513+00:00
FACT,-33.965,18.602,2026-09-04,12.5,21.2,24,open_meteo_era5_reanalysis,2026-09-11T14:26:16.685516+00:00
FACT,-33.965,18.602,2026-09-05,9.8,25.3,24,open_meteo_era5_reanalysis,2026-09-11T14:26:16.685519+00:00
FACT,-33.965,18.602,2026-09-06,12.9,28.2,24,open_meteo_era5_reanalysis,2026-09-11T14:26:16.685521+00:00
FACT,-33.965,18.602,2026-09-07,14.8,31.3,24,open_meteo_era5_reanalysis,2026-09-11T14:26:16.685524+00:00
FACT,-33.965,18.602,2026-09-08,15.5,32.0,24,open_meteo_era5_reanalysis,2026-09-11T14:26:16.685527+00:00
FACT,-33.965,18.602,2026-09-09,13.9,21.6,24,open_meteo_era5_reanalysis,2026-09-11T14:26:16.685529+00:00
KATL,33.62972,-84.44223,2026-06-12,22.9,32.3,24,open_meteo_era5_reanalysis,2026-09-11T14:25:20.282412+00:00
KATL,33.62972,-84.44223,2026-06-13,22.7,33.5,24,open_meteo_era5_reanalysis,2026-09-11T14:25:20.282415+00:00
KATL,33.62972,-84.44223,2026-06-14,23.4,31.3,24,open_meteo_era5_reanalysis,2026-09-11T14:25:20.282418+00:00
KATL,33.62972,-84.44223,2026-06-15,21.1,28.1,24,open_meteo_era5_reanalysis,2026-09-11T14:25:20.282420+00:00
KATL,33.62972,-84.44223,2026-06-16,19.7,23.1,24,open_meteo_era5_reanalysis,2026-09-11T14:25:20.282423+00:00
KATL,33.62972,-84.44223,2026-06-17,19.6,28.8,24,open_meteo_era5_reanalysis,2026-09-11T14:25:20.282426+00:00
KATL,33.62972,-84.44223,2026-06-18,21.7,29.4,24,open_meteo_era5_reanalysis,2026-09-11T14:25:20.282429+00:00
KATL,33.62972,-84.44223,2026-06-19,21.6,30.4,24,open_meteo_era5_reanalysis,2026-09-11T14:25:20.282431+00:00
KATL,33.62972,-84.44223,2026-06-20,21.5,28.1,24,open_meteo_era5_reanalysis,2026-09-11T14:25:20.282434+00:00
KATL,33.62972,-84.44223,2026-06-21,20.9,28.6,24,open_meteo_era5_reanalysis,2026-09-11T14:25:20.282437+00:00
KATL,33.62972,-84.44223,2026-06-22,21.1,30.0,24,open_meteo_era5_reanalysis,2026-09-11T14:25:20.282439+00:00
KATL,33.62972,-84.44223,2026-06-23,20.5,27.3,24,open_meteo_era5_reanalysis,2026-09-11T14:25:20.282442+00:00
KATL,33.62972,-84.44223,2026-06-24,17.8,28.6,24,open_meteo_era5_reanalysis,2026-09-11T14:25:20.282444+00:00
KATL,33.62972,-84.44223,2026-06-25,19.6,28.5,24,open_meteo_era5_reanalysis,2026-09-11T14:25:20.282447+00:00
KATL,33.62972,-84.44223,2026-06-26,20.0,31.1,24,open_meteo_era5_reanalysis,2026-09-11T14:25:20.282449+00:00
KATL,33.62972,-84.44223,2026-06-27,23.0,31.4,24,open_meteo_era5_reanalysis,2026-09-11T14:25:20.282452+00:00
KATL,33.62972,-84.44223,2026-06-28,22.8,33.1,24,open_meteo_era5_reanalysis,2026-09-11T14:25:20.282454+00:00
KATL,33.62972,-84.44223,2026-06-29,23.3,34.7,24,open_meteo_era5_reanalysis,2026-09-11T14:25:20.282457+00:00
KATL,33.62972,-84.44223,2026-06-30,24.4,34.7,24,open_meteo_era5_reanalysis,2026-09-11T14:25:20.282459+00:00
KATL,33.62972,-84.44223,2026-07-01,24.6,32.5,24,open_meteo_era5_reanalysis,2026-09-11T14:25:20.282462+00:00
KATL,33.62972,-84.44223,2026-07-02,23.6,35.5,24,open_meteo_era5_reanalysis,2026-09-11T14:25:20.282464+00:00
KATL,33.62972,-84.44223,2026-07-03,24.9,33.6,24,open_meteo_era5_reanalysis,2026-09-11T14:25:20.282467+00:00
KATL,33.62972,-84.44223,2026-07-04,22.3,32.7,24,open_meteo_era5_reanalysis,2026-09-11T14:25:20.282470+00:00
KATL,33.62972,-84.44223,2026-07-05,22.4,34.6,24,open_meteo_era5_reanalysis,2026-09-11T14:25:20.282472+00:00
KATL,33.62972,-84.44223,2026-07-06,21.9,31.6,24,open_meteo_era5_reanalysis,2026-09-11T14:25:20.282475+00:00
KATL,33.62972,-84.44223,2026-07-07,21.4,32.6,24,open_meteo_era5_reanalysis,2026-09-11T14:25:20.282477+00:00
KATL,33.62972,-84.44223,2026-07-08,22.5,33.3,24,open_meteo_era5_reanalysis,2026-09-11T14:25:20.282480+00:00
KATL,33.62972,-84.44223,2026-07-09,23.2,33.4,24,open_meteo_era5_reanalysis,2026-09-11T14:25:20.282482+00:00
KATL,33.62972,-84.44223,2026-07-10,22.0,32.1,24,open_meteo_era5_reanalysis,2026-09-11T14:25:20.282485+00:00
KATL,33.62972,-84.44223,2026-07-11,22.8,31.6,24,open_meteo_era5_reanalysis,2026-09-11T14:25:20.282487+00:00
KATL,33.62972,-84.44223,2026-07-12,22.3,30.9,24,open_meteo_era5_reanalysis,2026-09-11T14:25:48.484349+00:00
KATL,33.62972,-84.44223,2026-07-13,21.3,27.1,24,open_meteo_era5_reanalysis,2026-09-11T14:25:48.484352+00:00
KATL,33.62972,-84.44223,2026-07-14,20.6,28.4,24,open_meteo_era5_reanalysis,2026-09-11T14:25:48.484355+00:00
KATL,33.62972,-84.44223,2026-07-15,22.2,29.8,24,open_meteo_era5_reanalysis,2026-09-11T14:25:48.484357+00:00
KATL,33.62972,-84.44223,2026-07-16,22.6,30.2,24,open_meteo_era5_reanalysis,2026-09-11T14:25:48.484360+00:00
KATL,33.62972,-84.44223,2026-07-17,23.7,30.3,24,open_meteo_era5_reanalysis,2026-09-11T14:25:48.484363+00:00
KATL,33.62972,-84.44223,2026-07-18,22.6,32.6,24,open_meteo_era5_reanalysis,2026-09-11T14:25:48.484365+00:00
KATL,33.62972,-84.44223,2026-07-19,22.2,29.9,24,open_meteo_era5_reanalysis,2026-09-11T14:25:48.484368+00:00
KATL,33.62972,-84.44223,2026-07-20,21.7,33.0,24,open_meteo_era5_reanalysis,2026-09-11T14:25:48.484371+00:00
KATL,33.62972,-84.44223,2026-07-21,22.2,31.3,24,open_meteo_era5_reanalysis,2026-09-11T14:25:48.484373+00:00
KATL,33.62972,-84.44223,2026-07-22,22.2,31.6,24,open_meteo_era5_reanalysis,2026-09-11T14:25:48.484376+00:00
KATL,33.62972,-84.44223,2026-07-23,23.1,31.4,24,open_meteo_era5_reanalysis,2026-09-11T14:25:48.484379+00:00
KATL,33.62972,-84.44223,2026-07-24,23.0,30.4,24,open_meteo_era5_reanalysis,2026-09-11T14:25:48.484381+00:00
KATL,33.62972,-84.44223,2026-07-25,22.9,30.3,24,open_meteo_era5_reanalysis,2026-09-11T14:25:48.484384+00:00
KATL,33.62972,-84.44223,2026-07-26,22.5,32.2,24,open_meteo_era5_reanalysis,2026-09-11T14:25:48.484387+00:00
KATL,33.62972,-84.44223,2026-07-27,22.5,32.0,24,open_meteo_era5_reanalysis,2026-09-11T14:25:48.484389+00:00
KATL,33.62972,-84.44223,2026-07-28,24.2,34.6,24,open_meteo_era5_reanalysis,2026-09-11T14:25:48.484392+00:00
KATL,33.62972,-84.44223,2026-07-29,24.9,32.8,24,open_meteo_era5_reanalysis,2026-09-11T14:25:48.484395+00:00
KATL,33.62972,-84.44223,2026-07-30,21.9,32.5,24,open_meteo_era5_reanalysis,2026-09-11T14:25:48.484398+00:00
KATL,33.62972,-84.44223,2026-07-31,19.8,32.6,24,open_meteo_era5_reanalysis,2026-09-11T14:25:48.484400+00:00
KATL,33.62972,-84.44223,2026-08-01,21.1,29.6,24,open_meteo_era5_reanalysis,2026-09-11T14:25:48.484403+00:00
KATL,33.62972,-84.44223,2026-08-02,22.9,32.2,24,open_meteo_era5_reanalysis,2026-09-11T14:25:48.484406+00:00
KATL,33.62972,-84.44223,2026-08-03,20.5,29.1,24,open_meteo_era5_reanalysis,2026-09-11T14:25:48.484408+00:00
KATL,33.62972,-84.44223,2026-08-04,21.3,31.2,24,open_meteo_era5_reanalysis,2026-09-11T14:25:48.484411+00:00
KATL,33.62972,-84.44223,2026-08-05,20.8,30.9,24,open_meteo_era5_reanalysis,2026-09-11T14:25:48.484414+00:00
KATL,33.62972,-84.44223,2026-08-06,21.0,30.2,24,open_meteo_era5_reanalysis,2026-09-11T14:25:48.484416+00:00
KATL,33.62972,-84.44223,2026-08-07,20.9,28.9,24,open_meteo_era5_reanalysis,2026-09-11T14:25:48.484419+00:00
KATL,33.62972,-84.44223,2026-08-08,21.7,33.1,24,open_meteo_era5_reanalysis,2026-09-11T14:25:48.484421+00:00
KATL,33.62972,-84.44223,2026-08-09,22.1,33.0,24,open_meteo_era5_reanalysis,2026-09-11T14:25:48.484424+00:00
KATL,33.62972,-84.44223,2026-08-10,21.8,31.9,24,open_meteo_era5_reanalysis,2026-09-11T14:25:48.484427+00:00
KATL,33.62972,-84.44223,2026-08-11,22.9,30.8,24,open_meteo_era5_reanalysis,2026-09-11T14:26:16.685795+00:00
KATL,33.62972,-84.44223,2026-08-12,21.4,31.0,24,open_meteo_era5_reanalysis,2026-09-11T14:26:16.685800+00:00
KATL,33.62972,-84.44223,2026-08-13,22.7,32.7,24,open_meteo_era5_reanalysis,2026-09-11T14:26:16.685803+00:00
KATL,33.62972,-84.44223,2026-08-14,23.9,32.7,24,open_meteo_era5_reanalysis,2026-09-11T14:26:16.685806+00:00
KATL,33.62972,-84.44223,2026-08-15,22.7,33.1,24,open_meteo_era5_reanalysis,2026-09-11T14:26:16.685809+00:00
KATL,33.62972,-84.44223,2026-08-16,24.1,34.7,24,open_meteo_era5_reanalysis,2026-09-11T14:26:16.685811+00:00
KATL,33.62972,-84.44223,2026-08-17,24.0,35.7,24,open_meteo_era5_reanalysis,2026-09-11T14:26:16.685814+00:00
KATL,33.62972,-84.44223,2026-08-18,23.1,33.1,24,open_meteo_era5_reanalysis,2026-09-11T14:26:16.685816+00:00
KATL,33.62972,-84.44223,2026-08-19,22.0,35.1,24,open_meteo_era5_reanalysis,2026-09-11T14:26:16.685819+00:00
KATL,33.62972,-84.44223,2026-08-20,22.7,34.1,24,open_meteo_era5_reanalysis,2026-09-11T14:26:16.685821+00:00
KATL,33.62972,-84.44223,2026-08-21,22.5,33.6,24,open_meteo_era5_reanalysis,2026-09-11T14:26:16.685824+00:00
KATL,33.62972,-84.44223,2026-08-22,22.5,33.9,24,open_meteo_era5_reanalysis,2026-09-11T14:26:16.685826+00:00
KATL,33.62972,-84.44223,2026-08-23,22.6,32.4,24,open_meteo_era5_reanalysis,2026-09-11T14:26:16.685829+00:00
KATL,33.62972,-84.44223,2026-08-24,20.5,32.8,24,open_meteo_era5_reanalysis,2026-09-11T14:26:16.685831+00:00
KATL,33.62972,-84.44223,2026-08-25,20.4,32.6,24,open_meteo_era5_reanalysis,2026-09-11T14:26:16.685834+00:00
KATL,33.62972,-84.44223,2026-08-26,21.3,32.0,24,open_meteo_era5_reanalysis,2026-09-11T14:26:16.685837+00:00
KATL,33.62972,-84.44223,2026-08-27,21.4,29.9,24,open_meteo_era5_reanalysis,2026-09-11T14:26:16.685839+00:00
KATL,33.62972,-84.44223,2026-08-28,20.9,32.6,24,open_meteo_era5_reanalysis,2026-09-11T14:26:16.685842+00:00
KATL,33.62972,-84.44223,2026-08-29,21.0,30.3,24,open_meteo_era5_reanalysis,2026-09-11T14:26:16.685845+00:00
KATL,33.62972,-84.44223,2026-08-30,21.5,31.4,24,open_meteo_era5_reanalysis,2026-09-11T14:26:16.685848+00:00
KATL,33.62972,-84.44223,2026-08-31,22.1,33.3,24,open_meteo_era5_reanalysis,2026-09-11T14:26:16.685850+00:00
KATL,33.62972,-84.44223,2026-09-01,22.3,34.4,24,open_meteo_era5_reanalysis,2026-09-11T14:26:16.685853+00:00
KATL,33.62972,-84.44223,2026-09-02,23.6,35.1,24,open_meteo_era5_reanalysis,2026-09-11T14:26:16.685855+00:00
KATL,33.62972,-84.44223,2026-09-03,24.1,36.0,24,open_meteo_era5_reanalysis,2026-09-11T14:26:16.685858+00:00
KATL,33.62972,-84.44223,2026-09-04,23.8,34.1,24,open_meteo_era5_reanalysis,2026-09-11T14:26:16.685860+00:00
KATL,33.62972,-84.44223,2026-09-05,23.4,37.2,24,open_meteo_era5_reanalysis,2026-09-11T14:26:16.685863+00:00
KATL,33.62972,-84.44223,2026-09-06,22.2,35.2,24,open_meteo_era5_reanalysis,2026-09-11T14:26:16.685866+00:00
KATL,33.62972,-84.44223,2026-09-07,22.1,28.3,24,open_meteo_era5_reanalysis,2026-09-11T14:26:16.685868+00:00
KATL,33.62972,-84.44223,2026-09-08,20.6,31.0,24,open_meteo_era5_reanalysis,2026-09-11T14:26:16.685871+00:00
KATL,33.62972,-84.44223,2026-09-09,20.1,32.8,24,open_meteo_era5_reanalysis,2026-09-11T14:26:16.685873+00:00
KAUS,30.1831,-97.68063,2026-06-12,24.4,33.4,24,open_meteo_era5_reanalysis,2026-09-11T14:25:20.282713+00:00
KAUS,30.1831,-97.68063,2026-06-13,24.2,34.1,24,open_meteo_era5_reanalysis,2026-09-11T14:25:20.282717+00:00
KAUS,30.1831,-97.68063,2026-06-14,24.6,33.1,24,open_meteo_era5_reanalysis,2026-09-11T14:25:20.282719+00:00
KAUS,30.1831,-97.68063,2026-06-15,22.2,28.5,24,open_meteo_era5_reanalysis,2026-09-11T14:25:20.282722+00:00
KAUS,30.1831,-97.68063,2026-06-16,23.3,30.2,24,open_meteo_era5_reanalysis,2026-09-11T14:25:20.282725+00:00
KAUS,30.1831,-97.68063,2026-06-17,23.1,31.5,24,open_meteo_era5_reanalysis,2026-09-11T14:25:20.282728+00:00
KAUS,30.1831,-97.68063,2026-06-18,24.5,35.7,24,open_meteo_era5_reanalysis,2026-09-11T14:25:20.282730+00:00
KAUS,30.1831,-97.68063,2026-06-19,23.6,30.8,24,open_meteo_era5_reanalysis,2026-09-11T14:25:20.282733+00:00
KAUS,30.1831,-97.68063,2026-06-20,23.3,30.1,24,open_meteo_era5_reanalysis,2026-09-11T14:25:20.282736+00:00
KAUS,30.1831,-97.68063,2026-06-21,23.4,32.2,24,open_meteo_era5_reanalysis,2026-09-11T14:25:20.282738+00:00
KAUS,30.1831,-97.68063,2026-06-22,25.9,34.6,24,open_meteo_era5_reanalysis,2026-09-11T14:25:20.282741+00:00
KAUS,30.1831,-97.68063,2026-06-23,26.5,34.4,24,open_meteo_era5_reanalysis,2026-09-11T14:25:20.282743+00:00
KAUS,30.1831,-97.68063,2026-06-24,25.1,35.1,24,open_meteo_era5_reanalysis,2026-09-11T14:25:20.282746+00:00
KAUS,30.1831,-97.68063,2026-06-25,23.4,34.6,24,open_meteo_era5_reanalysis,2026-09-11T14:25:20.282748+00:00
KAUS,30.1831,-97.68063,2026-06-26,24.7,36.1,24,open_meteo_era5_reanalysis,2026-09-11T14:25:20.282751+00:00
KAUS,30.1831,-97.68063,2026-06-27,25.6,35.9,24,open_meteo_era5_reanalysis,2026-09-11T14:25:20.282753+00:00
KAUS,30.1831,-97.68063,2026-06-28,25.8,35.0,24,open_meteo_era5_reanalysis,2026-09-11T14:25:20.282756+00:00
KAUS,30.1831,-97.68063,2026-06-29,26.5,36.4,24,open_meteo_era5_reanalysis,2026-09-11T14:25:20.282758+00:00
KAUS,30.1831,-97.68063,2026-06-30,25.8,34.7,24,open_meteo_era5_reanalysis,2026-09-11T14:25:20.282761+00:00
KAUS,30.1831,-97.68063,2026-07-01,24.7,34.5,24,open_meteo_era5_reanalysis,2026-09-11T14:25:20.282763+00:00
KAUS,30.1831,-97.68063,2026-07-02,24.5,34.8,24,open_meteo_era5_reanalysis,2026-09-11T14:25:20.282766+00:00
KAUS,30.1831,-97.68063,2026-07-03,25.1,35.3,24,open_meteo_era5_reanalysis,2026-09-11T14:25:20.282769+00:00
KAUS,30.1831,-97.68063,2026-07-04,24.8,35.2,24,open_meteo_era5_reanalysis,2026-09-11T14:25:20.282771+00:00
KAUS,30.1831,-97.68063,2026-07-05,24.8,35.6,24,open_meteo_era5_reanalysis,2026-09-11T14:25:20.282774+00:00
KAUS,30.1831,-97.68063,2026-07-06,24.7,35.6,24,open_meteo_era5_reanalysis,2026-09-11T14:25:20.282776+00:00
KAUS,30.1831,-97.68063,2026-07-07,25.0,35.6,24,open_meteo_era5_reanalysis,2026-09-11T14:25:20.282779+00:00
KAUS,30.1831,-97.68063,2026-07-08,24.9,36.7,24,open_meteo_era5_reanalysis,2026-09-11T14:25:20.282781+00:00
KAUS,30.1831,-97.68063,2026-07-09,24.8,35.9,24,open_meteo_era5_reanalysis,2026-09-11T14:25:20.282784+00:00
KAUS,30.1831,-97.68063,2026-07-10,24.0,34.1,24,open_meteo_era5_reanalysis,2026-09-11T14:25:20.282786+00:00
KAUS,30.1831,-97.68063,2026-07-11,23.2,30.3,24,open_meteo_era5_reanalysis,2026-09-11T14:25:20.282789+00:00
KAUS,30.1831,-97.68063,2026-07-12,24.4,33.2,24,open_meteo_era5_reanalysis,2026-09-11T14:25:48.484655+00:00
KAUS,30.1831,-97.68063,2026-07-13,24.6,34.4,24,open_meteo_era5_reanalysis,2026-09-11T14:25:48.484658+00:00
KAUS,30.1831,-97.68063,2026-07-14,23.6,25.9,24,open_meteo_era5_reanalysis,2026-09-11T14:25:48.484661+00:00
KAUS,30.1831,-97.68063,2026-07-15,21.8,25.7,24,open_meteo_era5_reanalysis,2026-09-11T14:25:48.484664+00:00
KAUS,30.1831,-97.68063,2026-07-16,21.1,29.8,24,open_meteo_era5_reanalysis,2026-09-11T14:25:48.484666+00:00
KAUS,30.1831,-97.68063,2026-07-17,23.6,32.0,24,open_meteo_era5_reanalysis,2026-09-11T14:25:48.484669+00:00
KAUS,30.1831,-97.68063,2026-07-18,25.3,32.8,24,open_meteo_era5_reanalysis,2026-09-11T14:25:48.484672+00:00
KAUS,30.1831,-97.68063,2026-07-19,24.4,33.4,24,open_meteo_era5_reanalysis,2026-09-11T14:25:48.484674+00:00
KAUS,30.1831,-97.68063,2026-07-20,24.1,34.8,24,open_meteo_era5_reanalysis,2026-09-11T14:25:48.484677+00:00
KAUS,30.1831,-97.68063,2026-07-21,23.1,36.5,24,open_meteo_era5_reanalysis,2026-09-11T14:25:48.484679+00:00
KAUS,30.1831,-97.68063,2026-07-22,24.7,38.5,24,open_meteo_era5_reanalysis,2026-09-11T14:25:48.484682+00:00
KAUS,30.1831,-97.68063,2026-07-23,26.8,37.5,24,open_meteo_era5_reanalysis,2026-09-11T14:25:48.484684+00:00
KAUS,30.1831,-97.68063,2026-07-24,25.0,34.8,24,open_meteo_era5_reanalysis,2026-09-11T14:25:48.484687+00:00
KAUS,30.1831,-97.68063,2026-07-25,24.5,35.2,24,open_meteo_era5_reanalysis,2026-09-11T14:25:48.484690+00:00
KAUS,30.1831,-97.68063,2026-07-26,24.4,35.6,24,open_meteo_era5_reanalysis,2026-09-11T14:25:48.484692+00:00
KAUS,30.1831,-97.68063,2026-07-27,24.4,35.9,24,open_meteo_era5_reanalysis,2026-09-11T14:25:48.484695+00:00
KAUS,30.1831,-97.68063,2026-07-28,25.0,35.5,24,open_meteo_era5_reanalysis,2026-09-11T14:25:48.484697+00:00
KAUS,30.1831,-97.68063,2026-07-29,25.4,35.1,24,open_meteo_era5_reanalysis,2026-09-11T14:25:48.484700+00:00
KAUS,30.1831,-97.68063,2026-07-30,25.7,37.0,24,open_meteo_era5_reanalysis,2026-09-11T14:25:48.484702+00:00
KAUS,30.1831,-97.68063,2026-07-31,24.6,36.7,24,open_meteo_era5_reanalysis,2026-09-11T14:25:48.484705+00:00
KAUS,30.1831,-97.68063,2026-08-01,24.9,36.3,24,open_meteo_era5_reanalysis,2026-09-11T14:25:48.484707+00:00
KAUS,30.1831,-97.68063,2026-08-02,24.2,35.5,24,open_meteo_era5_reanalysis,2026-09-11T14:25:48.484710+00:00
KAUS,30.1831,-97.68063,2026-08-03,22.8,36.6,24,open_meteo_era5_reanalysis,2026-09-11T14:25:48.484712+00:00
KAUS,30.1831,-97.68063,2026-08-04,24.7,35.8,24,open_meteo_era5_reanalysis,2026-09-11T14:25:48.484715+00:00
KAUS,30.1831,-97.68063,2026-08-05,24.9,36.1,24,open_meteo_era5_reanalysis,2026-09-11T14:25:48.484718+00:00
KAUS,30.1831,-97.68063,2026-08-06,25.5,36.4,24,open_meteo_era5_reanalysis,2026-09-11T14:25:48.484720+00:00
KAUS,30.1831,-97.68063,2026-08-07,25.8,36.3,24,open_meteo_era5_reanalysis,2026-09-11T14:25:48.484723+00:00
KAUS,30.1831,-97.68063,2026-08-08,23.7,35.9,24,open_meteo_era5_reanalysis,2026-09-11T14:25:48.484725+00:00
KAUS,30.1831,-97.68063,2026-08-09,24.2,36.2,24,open_meteo_era5_reanalysis,2026-09-11T14:25:48.484728+00:00
KAUS,30.1831,-97.68063,2026-08-10,24.4,35.5,24,open_meteo_era5_reanalysis,2026-09-11T14:25:48.484730+00:00
KAUS,30.1831,-97.68063,2026-08-11,25.8,36.7,24,open_meteo_era5_reanalysis,2026-09-11T14:26:16.686090+00:00
KAUS,30.1831,-97.68063,2026-08-12,26.1,37.1,24,open_meteo_era5_reanalysis,2026-09-11T14:26:16.686093+00:00
KAUS,30.1831,-97.68063,2026-08-13,25.5,37.4,24,open_meteo_era5_reanalysis,2026-09-11T14:26:16.686095+00:00
KAUS,30.1831,-97.68063,2026-08-14,25.8,35.5,24,open_meteo_era5_reanalysis,2026-09-11T14:26:16.686098+00:00
KAUS,30.1831,-97.68063,2026-08-15,25.8,37.1,24,open_meteo_era5_reanalysis,2026-09-11T14:26:16.686101+00:00
KAUS,30.1831,-97.68063,2026-08-16,23.9,37.6,24,open_meteo_era5_reanalysis,2026-09-11T14:26:16.686103+00:00
KAUS,30.1831,-97.68063,2026-08-17,24.2,38.1,24,open_meteo_era5_reanalysis,2026-09-11T14:26:16.686105+00:00
KAUS,30.1831,-97.68063,2026-08-18,23.9,37.2,24,open_meteo_era5_reanalysis,2026-09-11T14:26:16.686108+00:00
KAUS,30.1831,-97.68063,2026-08-19,25.5,38.2,24,open_meteo_era5_reanalysis,2026-09-11T14:26:16.686110+00:00
KAUS,30.1831,-97.68063,2026-08-20,24.5,38.8,24,open_meteo_era5_reanalysis,2026-09-11T14:26:16.686113+00:00
KAUS,30.1831,-97.68063,2026-08-21,25.7,39.1,24,open_meteo_era5_reanalysis,2026-09-11T14:26:16.686115+00:00
KAUS,30.1831,-97.68063,2026-08-22,25.3,40.2,24,open_meteo_era5_reanalysis,2026-09-11T14:26:16.686118+00:00
KAUS,30.1831,-97.68063,2026-08-23,26.0,40.5,24,open_meteo_era5_reanalysis,2026-09-11T14:26:16.686120+00:00
KAUS,30.1831,-97.68063,2026-08-24,24.5,39.6,24,open_meteo_era5_reanalysis,2026-09-11T14:26:16.686123+00:00
KAUS,30.1831,-97.68063,2026-08-25,24.2,38.6,24,open_meteo_era5_reanalysis,2026-09-11T14:26:16.686125+00:00
KAUS,30.1831,-97.68063,2026-08-26,25.3,39.5,24,open_meteo_era5_reanalysis,2026-09-11T14:26:16.686128+00:00
KAUS,30.1831,-97.68063,2026-08-27,24.2,38.4,24,open_meteo_era5_reanalysis,2026-09-11T14:26:16.686130+00:00
KAUS,30.1831,-97.68063,2026-08-28,23.4,35.6,24,open_meteo_era5_reanalysis,2026-09-11T14:26:16.686133+00:00
KAUS,30.1831,-97.68063,2026-08-29,22.4,37.0,24,open_meteo_era5_reanalysis,2026-09-11T14:26:16.686135+00:00
KAUS,30.1831,-97.68063,2026-08-30,24.1,37.0,24,open_meteo_era5_reanalysis,2026-09-11T14:26:16.686138+00:00
KAUS,30.1831,-97.68063,2026-08-31,25.1,36.8,24,open_meteo_era5_reanalysis,2026-09-11T14:26:16.686141+00:00
KAUS,30.1831,-97.68063,2026-09-01,24.7,36.3,24,open_meteo_era5_reanalysis,2026-09-11T14:26:16.686143+00:00
KAUS,30.1831,-97.68063,2026-09-02,25.2,38.3,24,open_meteo_era5_reanalysis,2026-09-11T14:26:16.686146+00:00
KAUS,30.1831,-97.68063,2026-09-03,26.7,35.4,24,open_meteo_era5_reanalysis,2026-09-11T14:26:16.686148+00:00
KAUS,30.1831,-97.68063,2026-09-04,25.3,32.6,24,open_meteo_era5_reanalysis,2026-09-11T14:26:16.686151+00:00
KAUS,30.1831,-97.68063,2026-09-05,24.4,36.1,24,open_meteo_era5_reanalysis,2026-09-11T14:26:16.686153+00:00
KAUS,30.1831,-97.68063,2026-09-06,25.6,35.6,24,open_meteo_era5_reanalysis,2026-09-11T14:26:16.686156+00:00
KAUS,30.1831,-97.68063,2026-09-07,24.7,35.9,24,open_meteo_era5_reanalysis,2026-09-11T14:26:16.686158+00:00
KAUS,30.1831,-97.68063,2026-09-08,25.6,37.5,24,open_meteo_era5_reanalysis,2026-09-11T14:26:16.686161+00:00
KAUS,30.1831,-97.68063,2026-09-09,25.1,37.0,24,open_meteo_era5_reanalysis,2026-09-11T14:26:16.686163+00:00
KBKF,39.713,-104.758,2026-06-12,14.6,32.1,24,open_meteo_era5_reanalysis,2026-09-11T14:25:20.283000+00:00
KBKF,39.713,-104.758,2026-06-13,14.6,25.6,24,open_meteo_era5_reanalysis,2026-09-11T14:25:20.283003+00:00
KBKF,39.713,-104.758,2026-06-14,10.5,22.7,24,open_meteo_era5_reanalysis,2026-09-11T14:25:20.283006+00:00
KBKF,39.713,-104.758,2026-06-15,10.0,26.0,24,open_meteo_era5_reanalysis,2026-09-11T14:25:20.283008+00:00
KBKF,39.713,-104.758,2026-06-16,11.6,33.1,24,open_meteo_era5_reanalysis,2026-09-11T14:25:20.283011+00:00
KBKF,39.713,-104.758,2026-06-17,19.3,32.3,24,open_meteo_era5_reanalysis,2026-09-11T14:25:20.283013+00:00
KBKF,39.713,-104.758,2026-06-18,13.3,30.3,24,open_meteo_era5_reanalysis,2026-09-11T14:25:20.283016+00:00
KBKF,39.713,-104.758,2026-06-19,15.6,27.2,24,open_meteo_era5_reanalysis,2026-09-11T14:25:20.283018+00:00
KBKF,39.713,-104.758,2026-06-20,12.3,30.9,24,open_meteo_era5_reanalysis,2026-09-11T14:25:20.283021+00:00
KBKF,39.713,-104.758,2026-06-21,15.8,32.1,24,open_meteo_era5_reanalysis,2026-09-11T14:25:20.283024+00:00
KBKF,39.713,-104.758,2026-06-22,14.2,29.7,24,open_meteo_era5_reanalysis,2026-09-11T14:25:20.283026+00:00
KBKF,39.713,-104.758,2026-06-23,15.2,26.7,24,open_meteo_era5_reanalysis,2026-09-11T14:25:20.283029+00:00
KBKF,39.713,-104.758,2026-06-24,15.3,30.0,24,open_meteo_era5_reanalysis,2026-09-11T14:25:20.283031+00:00
KBKF,39.713,-104.758,2026-06-25,14.8,23.3,24,open_meteo_era5_reanalysis,2026-09-11T14:25:20.283034+00:00
KBKF,39.713,-104.758,2026-06-26,12.9,30.8,24,open_meteo_era5_reanalysis,2026-09-11T14:25:20.283036+00:00
KBKF,39.713,-104.758,2026-06-27,18.9,35.3,24,open_meteo_era5_reanalysis,2026-09-11T14:25:20.283039+00:00
KBKF,39.713,-104.758,2026-06-28,16.0,32.5,24,open_meteo_era5_reanalysis,2026-09-11T14:25:20.283041+00:00
KBKF,39.713,-104.758,2026-06-29,15.0,32.0,24,open_meteo_era5_reanalysis,2026-09-11T14:25:20.283044+00:00
KBKF,39.713,-104.758,2026-06-30,15.7,32.6,24,open_meteo_era5_reanalysis,2026-09-11T14:25:20.283046+00:00
KBKF,39.713,-104.758,2026-07-01,14.8,30.9,24,open_meteo_era5_reanalysis,2026-09-11T14:25:20.283049+00:00
KBKF,39.713,-104.758,2026-07-02,13.2,30.3,24,open_meteo_era5_reanalysis,2026-09-11T14:25:20.283051+00:00
KBKF,39.713,-104.758,2026-07-03,15.0,31.1,24,open_meteo_era5_reanalysis,2026-09-11T14:25:20.283054+00:00
KBKF,39.713,-104.758,2026-07-04,16.3,31.9,24,open_meteo_era5_reanalysis,2026-09-11T14:25:20.283056+00:00
KBKF,39.713,-104.758,2026-07-05,18.1,34.4,24,open_meteo_era5_reanalysis,2026-09-11T14:25:20.283059+00:00
KBKF,39.713,-104.758,2026-07-06,21.3,35.8,24,open_meteo_era5_reanalysis,2026-09-11T14:25:20.283062+00:00
KBKF,39.713,-104.758,2026-07-07,20.3,35.8,24,open_meteo_era5_reanalysis,2026-09-11T14:25:20.283064+00:00
KBKF,39.713,-104.758,2026-07-08,18.3,33.4,24,open_meteo_era5_reanalysis,2026-09-11T14:25:20.283067+00:00
KBKF,39.713,-104.758,2026-07-09,17.4,32.5,24,open_meteo_era5_reanalysis,2026-09-11T14:25:20.283069+00:00
KBKF,39.713,-104.758,2026-07-10,14.7,31.5,24,open_meteo_era5_reanalysis,2026-09-11T14:25:20.283072+00:00
KBKF,39.713,-104.758,2026-07-11,17.8,34.6,24,open_meteo_era5_reanalysis,2026-09-11T14:25:20.283074+00:00
KBKF,39.713,-104.758,2026-07-12,18.9,35.0,24,open_meteo_era5_reanalysis,2026-09-11T14:25:48.484942+00:00
KBKF,39.713,-104.758,2026-07-13,20.1,35.0,24,open_meteo_era5_reanalysis,2026-09-11T14:25:48.484945+00:00
KBKF,39.713,-104.758,2026-07-14,18.4,34.7,24,open_meteo_era5_reanalysis,2026-09-11T14:25:48.484948+00:00
KBKF,39.713,-104.758,2026-07-15,18.6,33.5,24,open_meteo_era5_reanalysis,2026-09-11T14:25:48.484950+00:00
KBKF,39.713,-104.758,2026-07-16,20.0,32.5,24,open_meteo_era5_reanalysis,2026-09-11T14:25:48.484953+00:00
KBKF,39.713,-104.758,2026-07-17,19.0,32.7,24,open_meteo_era5_reanalysis,2026-09-11T14:25:48.484955+00:00
KBKF,39.713,-104.758,2026-07-18,19.2,32.9,24,open_meteo_era5_reanalysis,2026-09-11T14:25:48.484958+00:00
KBKF,39.713,-104.758,2026-07-19,19.4,36.2,24,open_meteo_era5_reanalysis,2026-09-11T14:25:48.484960+00:00
KBKF,39.713,-104.758,2026-07-20,21.6,37.4,24,open_meteo_era5_reanalysis,2026-09-11T14:25:48.484963+00:00
KBKF,39.713,-104.758,2026-07-21,19.4,34.0,24,open_meteo_era5_reanalysis,2026-09-11T14:25:48.484966+00:00
KBKF,39.713,-104.758,2026-07-22,19.4,32.3,24,open_meteo_era5_reanalysis,2026-09-11T14:25:48.484968+00:00
KBKF,39.713,-104.758,2026-07-23,18.0,27.9,24,open_meteo_era5_reanalysis,2026-09-11T14:25:48.484971+00:00
KBKF,39.713,-104.758,2026-07-24,17.9,34.6,24,open_meteo_era5_reanalysis,2026-09-11T14:25:48.484973+00:00
KBKF,39.713,-104.758,2026-07-25,20.9,37.6,24,open_meteo_era5_reanalysis,2026-09-11T14:25:48.484976+00:00
KBKF,39.713,-104.758,2026-07-26,21.3,37.5,24,open_meteo_era5_reanalysis,2026-09-11T14:25:48.484978+00:00
KBKF,39.713,-104.758,2026-07-27,23.4,31.4,24,open_meteo_era5_reanalysis,2026-09-11T14:25:48.484981+00:00
KBKF,39.713,-104.758,2026-07-28,20.1,32.6,24,open_meteo_era5_reanalysis,2026-09-11T14:25:48.484984+00:00
KBKF,39.713,-104.758,2026-07-29,19.0,32.8,24,open_meteo_era5_reanalysis,2026-09-11T14:25:48.484986+00:00
KBKF,39.713,-104.758,2026-07-30,18.6,34.9,24,open_meteo_era5_reanalysis,2026-09-11T14:25:48.484989+00:00
KBKF,39.713,-104.758,2026-07-31,18.1,30.8,24,open_meteo_era5_reanalysis,2026-09-11T14:25:48.484991+00:00
KBKF,39.713,-104.758,2026-08-01,16.8,33.1,24,open_meteo_era5_reanalysis,2026-09-11T14:25:48.484994+00:00
KBKF,39.713,-104.758,2026-08-02,20.6,37.4,24,open_meteo_era5_reanalysis,2026-09-11T14:25:48.484996+00:00
KBKF,39.713,-104.758,2026-08-03,22.1,37.7,24,open_meteo_era5_reanalysis,2026-09-11T14:25:48.484999+00:00
KBKF,39.713,-104.758,2026-08-04,11.8,23.6,24,open_meteo_era5_reanalysis,2026-09-11T14:25:48.485001+00:00
KBKF,39.713,-104.758,2026-08-05,11.6,28.1,24,open_meteo_era5_reanalysis,2026-09-11T14:25:48.485004+00:00
KBKF,39.713,-104.758,2026-08-06,15.9,35.3,24,open_meteo_era5_reanalysis,2026-09-11T14:25:48.485006+00:00
KBKF,39.713,-104.758,2026-08-07,17.1,34.9,24,open_meteo_era5_reanalysis,2026-09-11T14:25:48.485009+00:00
KBKF,39.713,-104.758,2026-08-08,20.9,36.8,24,open_meteo_era5_reanalysis,2026-09-11T14:25:48.485012+00:00
KBKF,39.713,-104.758,2026-08-09,19.7,36.5,24,open_meteo_era5_reanalysis,2026-09-11T14:25:48.485014+00:00
KBKF,39.713,-104.758,2026-08-10,19.6,34.4,24,open_meteo_era5_reanalysis,2026-09-11T14:25:48.485017+00:00
KBKF,39.713,-104.758,2026-08-11,19.5,35.8,24,open_meteo_era5_reanalysis,2026-09-11T14:26:16.686371+00:00
KBKF,39.713,-104.758,2026-08-12,20.1,34.4,24,open_meteo_era5_reanalysis,2026-09-11T14:26:16.686374+00:00
KBKF,39.713,-104.758,2026-08-13,16.9,26.8,24,open_meteo_era5_reanalysis,2026-09-11T14:26:16.686377+00:00
KBKF,39.713,-104.758,2026-08-14,16.6,30.0,24,open_meteo_era5_reanalysis,2026-09-11T14:26:16.686379+00:00
KBKF,39.713,-104.758,2026-08-15,14.8,26.2,24,open_meteo_era5_reanalysis,2026-09-11T14:26:16.686382+00:00
KBKF,39.713,-104.758,2026-08-16,15.3,27.1,24,open_meteo_era5_reanalysis,2026-09-11T14:26:16.686384+00:00
KBKF,39.713,-104.758,2026-08-17,14.8,32.3,24,open_meteo_era5_reanalysis,2026-09-11T14:26:16.686387+00:00
KBKF,39.713,-104.758,2026-08-18,16.6,30.1,24,open_meteo_era5_reanalysis,2026-09-11T14:26:16.686389+00:00
KBKF,39.713,-104.758,2026-08-19,16.0,31.4,24,open_meteo_era5_reanalysis,2026-09-11T14:26:16.686392+00:00
KBKF,39.713,-104.758,2026-08-20,15.7,32.9,24,open_meteo_era5_reanalysis,2026-09-11T14:26:16.686394+00:00
KBKF,39.713,-104.758,2026-08-21,17.1,36.3,24,open_meteo_era5_reanalysis,2026-09-11T14:26:16.686397+00:00
KBKF,39.713,-104.758,2026-08-22,18.6,33.5,24,open_meteo_era5_reanalysis,2026-09-11T14:26:16.686400+00:00
KBKF,39.713,-104.758,2026-08-23,18.4,33.1,24,open_meteo_era5_reanalysis,2026-09-11T14:26:16.686402+00:00
KBKF,39.713,-104.758,2026-08-24,16.7,32.5,24,open_meteo_era5_reanalysis,2026-09-11T14:26:16.686405+00:00
KBKF,39.713,-104.758,2026-08-25,15.1,27.7,24,open_meteo_era5_reanalysis,2026-09-11T14:26:16.686407+00:00
KBKF,39.713,-104.758,2026-08-26,14.6,28.3,24,open_meteo_era5_reanalysis,2026-09-11T14:26:16.686410+00:00
KBKF,39.713,-104.758,2026-08-27,14.9,31.1,24,open_meteo_era5_reanalysis,2026-09-11T14:26:16.686412+00:00
KBKF,39.713,-104.758,2026-08-28,17.2,35.0,24,open_meteo_era5_reanalysis,2026-09-11T14:26:16.686415+00:00
KBKF,39.713,-104.758,2026-08-29,18.6,33.8,24,open_meteo_era5_reanalysis,2026-09-11T14:26:16.686417+00:00
KBKF,39.713,-104.758,2026-08-30,17.1,29.7,24,open_meteo_era5_reanalysis,2026-09-11T14:26:16.686420+00:00
KBKF,39.713,-104.758,2026-08-31,16.0,28.9,24,open_meteo_era5_reanalysis,2026-09-11T14:26:16.686422+00:00
KBKF,39.713,-104.758,2026-09-01,16.0,28.1,24,open_meteo_era5_reanalysis,2026-09-11T14:26:16.686425+00:00
KBKF,39.713,-104.758,2026-09-02,14.5,30.2,24,open_meteo_era5_reanalysis,2026-09-11T14:26:16.686428+00:00
KBKF,39.713,-104.758,2026-09-03,14.6,33.3,24,open_meteo_era5_reanalysis,2026-09-11T14:26:16.686430+00:00
KBKF,39.713,-104.758,2026-09-04,16.6,34.2,24,open_meteo_era5_reanalysis,2026-09-11T14:26:16.686433+00:00
KBKF,39.713,-104.758,2026-09-05,18.1,33.2,24,open_meteo_era5_reanalysis,2026-09-11T14:26:16.686435+00:00
KBKF,39.713,-104.758,2026-09-06,16.4,31.9,24,open_meteo_era5_reanalysis,2026-09-11T14:26:16.686438+00:00
KBKF,39.713,-104.758,2026-09-07,18.1,31.9,24,open_meteo_era5_reanalysis,2026-09-11T14:26:16.686440+00:00
KBKF,39.713,-104.758,2026-09-08,16.9,28.5,24,open_meteo_era5_reanalysis,2026-09-11T14:26:16.686443+00:00
KBKF,39.713,-104.758,2026-09-09,15.0,26.7,24,open_meteo_era5_reanalysis,2026-09-11T14:26:16.686445+00:00
KDAL,32.83836,-96.83584,2026-06-12,24.4,31.7,24,open_meteo_era5_reanalysis,2026-09-11T14:25:23.412626+00:00
KDAL,32.83836,-96.83584,2026-06-13,25.1,33.1,24,open_meteo_era5_reanalysis,2026-09-11T14:25:23.412638+00:00
KDAL,32.83836,-96.83584,2026-06-14,24.0,28.3,24,open_meteo_era5_reanalysis,2026-09-11T14:25:23.412642+00:00
KDAL,32.83836,-96.83584,2026-06-15,22.2,28.1,24,open_meteo_era5_reanalysis,2026-09-11T14:25:23.412645+00:00
KDAL,32.83836,-96.83584,2026-06-16,22.0,30.8,24,open_meteo_era5_reanalysis,2026-09-11T14:25:23.412648+00:00
KDAL,32.83836,-96.83584,2026-06-17,23.6,33.0,24,open_meteo_era5_reanalysis,2026-09-11T14:25:23.412651+00:00
KDAL,32.83836,-96.83584,2026-06-18,24.0,33.8,24,open_meteo_era5_reanalysis,2026-09-11T14:25:23.412654+00:00
KDAL,32.83836,-96.83584,2026-06-19,22.6,27.5,24,open_meteo_era5_reanalysis,2026-09-11T14:25:23.412657+00:00
KDAL,32.83836,-96.83584,2026-06-20,22.6,31.0,24,open_meteo_era5_reanalysis,2026-09-11T14:25:23.412660+00:00
KDAL,32.83836,-96.83584,2026-06-21,23.3,32.2,24,open_meteo_era5_reanalysis,2026-09-11T14:25:23.412663+00:00
KDAL,32.83836,-96.83584,2026-06-22,23.4,34.0,24,open_meteo_era5_reanalysis,2026-09-11T14:25:23.412666+00:00
KDAL,32.83836,-96.83584,2026-06-23,22.3,33.0,24,open_meteo_era5_reanalysis,2026-09-11T14:25:23.412669+00:00
KDAL,32.83836,-96.83584,2026-06-24,25.3,33.7,24,open_meteo_era5_reanalysis,2026-09-11T14:25:23.412672+00:00
KDAL,32.83836,-96.83584,2026-06-25,24.3,32.6,24,open_meteo_era5_reanalysis,2026-09-11T14:25:23.412675+00:00
KDAL,32.83836,-96.83584,2026-06-26,24.8,34.7,24,open_meteo_era5_reanalysis,2026-09-11T14:25:23.412677+00:00
KDAL,32.83836,-96.83584,2026-06-27,25.9,35.8,24,open_meteo_era5_reanalysis,2026-09-11T14:25:23.412680+00:00
KDAL,32.83836,-96.83584,2026-06-28,26.2,36.3,24,open_meteo_era5_reanalysis,2026-09-11T14:25:23.412683+00:00
KDAL,32.83836,-96.83584,2026-06-29,27.0,36.8,24,open_meteo_era5_reanalysis,2026-09-11T14:25:23.412686+00:00
KDAL,32.83836,-96.83584,2026-06-30,25.5,36.1,24,open_meteo_era5_reanalysis,2026-09-11T14:25:23.412688+00:00
KDAL,32.83836,-96.83584,2026-07-01,26.1,36.8,24,open_meteo_era5_reanalysis,2026-09-11T14:25:23.412691+00:00
KDAL,32.83836,-96.83584,2026-07-02,26.6,36.9,24,open_meteo_era5_reanalysis,2026-09-11T14:25:23.412694+00:00
KDAL,32.83836,-96.83584,2026-07-03,26.3,37.1,24,open_meteo_era5_reanalysis,2026-09-11T14:25:23.412697+00:00
KDAL,32.83836,-96.83584,2026-07-04,27.3,37.6,24,open_meteo_era5_reanalysis,2026-09-11T14:25:23.412700+00:00
KDAL,32.83836,-96.83584,2026-07-05,24.6,35.9,24,open_meteo_era5_reanalysis,2026-09-11T14:25:23.412702+00:00
KDAL,32.83836,-96.83584,2026-07-06,24.4,36.8,24,open_meteo_era5_reanalysis,2026-09-11T14:25:23.412705+00:00
KDAL,32.83836,-96.83584,2026-07-07,24.3,38.3,24,open_meteo_era5_reanalysis,2026-09-11T14:25:23.412708+00:00
KDAL,32.83836,-96.83584,2026-07-08,25.8,37.7,24,open_meteo_era5_reanalysis,2026-09-11T14:25:23.412711+00:00
KDAL,32.83836,-96.83584,2026-07-09,27.4,38.0,24,open_meteo_era5_reanalysis,2026-09-11T14:25:23.412714+00:00
KDAL,32.83836,-96.83584,2026-07-10,26.7,37.2,24,open_meteo_era5_reanalysis,2026-09-11T14:25:23.412716+00:00
KDAL,32.83836,-96.83584,2026-07-11,26.0,36.2,24,open_meteo_era5_reanalysis,2026-09-11T14:25:23.412719+00:00
KDAL,32.83836,-96.83584,2026-07-12,24.3,36.1,24,open_meteo_era5_reanalysis,2026-09-11T14:25:51.615409+00:00
KDAL,32.83836,-96.83584,2026-07-13,22.7,29.7,24,open_meteo_era5_reanalysis,2026-09-11T14:25:51.615422+00:00
KDAL,32.83836,-96.83584,2026-07-14,23.0,31.5,24,open_meteo_era5_reanalysis,2026-09-11T14:25:51.615426+00:00
KDAL,32.83836,-96.83584,2026-07-15,22.1,30.9,24,open_meteo_era5_reanalysis,2026-09-11T14:25:51.615429+00:00
KDAL,32.83836,-96.83584,2026-07-16,22.8,30.6,24,open_meteo_era5_reanalysis,2026-09-11T14:25:51.615431+00:00
KDAL,32.83836,-96.83584,2026-07-17,24.1,33.6,24,open_meteo_era5_reanalysis,2026-09-11T14:25:51.615434+00:00
KDAL,32.83836,-96.83584,2026-07-18,25.3,36.1,24,open_meteo_era5_reanalysis,2026-09-11T14:25:51.615437+00:00
KDAL,32.83836,-96.83584,2026-07-19,26.1,34.8,24,open_meteo_era5_reanalysis,2026-09-11T14:25:51.615439+00:00
KDAL,32.83836,-96.83584,2026-07-20,25.8,36.8,24,open_meteo_era5_reanalysis,2026-09-11T14:25:51.615442+00:00
KDAL,32.83836,-96.83584,2026-07-21,26.4,40.4,24,open_meteo_era5_reanalysis,2026-09-11T14:25:51.615444+00:00
KDAL,32.83836,-96.83584,2026-07-22,29.4,41.3,24,open_meteo_era5_reanalysis,2026-09-11T14:25:51.615447+00:00
KDAL,32.83836,-96.83584,2026-07-23,26.2,35.8,24,open_meteo_era5_reanalysis,2026-09-11T14:25:51.615450+00:00
KDAL,32.83836,-96.83584,2026-07-24,26.9,36.2,24,open_meteo_era5_reanalysis,2026-09-11T14:25:51.615452+00:00
KDAL,32.83836,-96.83584,2026-07-25,27.3,38.2,24,open_meteo_era5_reanalysis,2026-09-11T14:25:51.615455+00:00
KDAL,32.83836,-96.83584,2026-07-26,26.7,38.4,24,open_meteo_era5_reanalysis,2026-09-11T14:25:51.615458+00:00
KDAL,32.83836,-96.83584,2026-07-27,27.2,38.8,24,open_meteo_era5_reanalysis,2026-09-11T14:25:51.615460+00:00
KDAL,32.83836,-96.83584,2026-07-28,26.9,39.1,24,open_meteo_era5_reanalysis,2026-09-11T14:25:51.615463+00:00
KDAL,32.83836,-96.83584,2026-07-29,27.7,37.3,24,open_meteo_era5_reanalysis,2026-09-11T14:25:51.615465+00:00
KDAL,32.83836,-96.83584,2026-07-30,27.5,38.9,24,open_meteo_era5_reanalysis,2026-09-11T14:25:51.615468+00:00
KDAL,32.83836,-96.83584,2026-07-31,28.0,39.9,24,open_meteo_era5_reanalysis,2026-09-11T14:25:51.615470+00:00
KDAL,32.83836,-96.83584,2026-08-01,29.4,36.3,24,open_meteo_era5_reanalysis,2026-09-11T14:25:51.615473+00:00
KDAL,32.83836,-96.83584,2026-08-02,23.6,36.0,24,open_meteo_era5_reanalysis,2026-09-11T14:25:51.615475+00:00
KDAL,32.83836,-96.83584,2026-08-03,23.8,38.9,24,open_meteo_era5_reanalysis,2026-09-11T14:25:51.615478+00:00
KDAL,32.83836,-96.83584,2026-08-04,26.4,38.7,24,open_meteo_era5_reanalysis,2026-09-11T14:25:51.615480+00:00
KDAL,32.83836,-96.83584,2026-08-05,27.2,39.3,24,open_meteo_era5_reanalysis,2026-09-11T14:25:51.615483+00:00
KDAL,32.83836,-96.83584,2026-08-06,27.0,38.6,24,open_meteo_era5_reanalysis,2026-09-11T14:25:51.615486+00:00
KDAL,32.83836,-96.83584,2026-08-07,26.9,39.2,24,open_meteo_era5_reanalysis,2026-09-11T14:25:51.615488+00:00
KDAL,32.83836,-96.83584,2026-08-08,26.1,38.4,24,open_meteo_era5_reanalysis,2026-09-11T14:25:51.615491+00:00
KDAL,32.83836,-96.83584,2026-08-09,25.1,36.0,24,open_meteo_era5_reanalysis,2026-09-11T14:25:51.615493+00:00
KDAL,32.83836,-96.83584,2026-08-10,25.7,37.7,24,open_meteo_era5_reanalysis,2026-09-11T14:25:51.615496+00:00
KDAL,32.83836,-96.83584,2026-08-11,25.4,37.9,24,open_meteo_era5_reanalysis,2026-09-11T14:26:19.816784+00:00
KDAL,32.83836,-96.83584,2026-08-12,27.1,38.9,24,open_meteo_era5_reanalysis,2026-09-11T14:26:19.816797+00:00
KDAL,32.83836,-96.83584,2026-08-13,27.5,39.2,24,open_meteo_era5_reanalysis,2026-09-11T14:26:19.816801+00:00
KDAL,32.83836,-96.83584,2026-08-14,26.9,38.9,24,open_meteo_era5_reanalysis,2026-09-11T14:26:19.816804+00:00
KDAL,32.83836,-96.83584,2026-08-15,27.2,38.7,24,open_meteo_era5_reanalysis,2026-09-11T14:26:19.816806+00:00
KDAL,32.83836,-96.83584,2026-08-16,27.7,39.9,24,open_meteo_era5_reanalysis,2026-09-11T14:26:19.816809+00:00
KDAL,32.83836,-96.83584,2026-08-17,27.3,41.2,24,open_meteo_era5_reanalysis,2026-09-11T14:26:19.816812+00:00
KDAL,32.83836,-96.83584,2026-08-18,28.3,41.7,24,open_meteo_era5_reanalysis,2026-09-11T14:26:19.816814+00:00
KDAL,32.83836,-96.83584,2026-08-19,28.2,40.7,24,open_meteo_era5_reanalysis,2026-09-11T14:26:19.816817+00:00
KDAL,32.83836,-96.83584,2026-08-20,27.8,40.9,24,open_meteo_era5_reanalysis,2026-09-11T14:26:19.816820+00:00
KDAL,32.83836,-96.83584,2026-08-21,28.6,39.0,24,open_meteo_era5_reanalysis,2026-09-11T14:26:19.816822+00:00
KDAL,32.83836,-96.83584,2026-08-22,28.8,40.7,24,open_meteo_era5_reanalysis,2026-09-11T14:26:19.816825+00:00
KDAL,32.83836,-96.83584,2026-08-23,28.4,42.6,24,open_meteo_era5_reanalysis,2026-09-11T14:26:19.816827+00:00
KDAL,32.83836,-96.83584,2026-08-24,30.0,42.5,24,open_meteo_era5_reanalysis,2026-09-11T14:26:19.816830+00:00
KDAL,32.83836,-96.83584,2026-08-25,28.6,40.1,24,open_meteo_era5_reanalysis,2026-09-11T14:26:19.816833+00:00
KDAL,32.83836,-96.83584,2026-08-26,28.6,37.8,24,open_meteo_era5_reanalysis,2026-09-11T14:26:19.816835+00:00
KDAL,32.83836,-96.83584,2026-08-27,26.2,37.7,24,open_meteo_era5_reanalysis,2026-09-11T14:26:19.816838+00:00
KDAL,32.83836,-96.83584,2026-08-28,25.7,38.9,24,open_meteo_era5_reanalysis,2026-09-11T14:26:19.816840+00:00
KDAL,32.83836,-96.83584,2026-08-29,26.0,39.3,24,open_meteo_era5_reanalysis,2026-09-11T14:26:19.816843+00:00
KDAL,32.83836,-96.83584,2026-08-30,26.7,39.2,24,open_meteo_era5_reanalysis,2026-09-11T14:26:19.816846+00:00
KDAL,32.83836,-96.83584,2026-08-31,26.9,38.7,24,open_meteo_era5_reanalysis,2026-09-11T14:26:19.816848+00:00
KDAL,32.83836,-96.83584,2026-09-01,27.0,37.8,24,open_meteo_era5_reanalysis,2026-09-11T14:26:19.816851+00:00
KDAL,32.83836,-96.83584,2026-09-02,26.0,37.0,24,open_meteo_era5_reanalysis,2026-09-11T14:26:19.816853+00:00
KDAL,32.83836,-96.83584,2026-09-03,24.4,33.5,24,open_meteo_era5_reanalysis,2026-09-11T14:26:19.816856+00:00
KDAL,32.83836,-96.83584,2026-09-04,24.7,35.5,24,open_meteo_era5_reanalysis,2026-09-11T14:26:19.816858+00:00
KDAL,32.83836,-96.83584,2026-09-05,25.1,37.5,24,open_meteo_era5_reanalysis,2026-09-11T14:26:19.816861+00:00
KDAL,32.83836,-96.83584,2026-09-06,24.9,36.6,24,open_meteo_era5_reanalysis,2026-09-11T14:26:19.816864+00:00
KDAL,32.83836,-96.83584,2026-09-07,25.1,37.9,24,open_meteo_era5_reanalysis,2026-09-11T14:26:19.816866+00:00
KDAL,32.83836,-96.83584,2026-09-08,27.2,38.2,24,open_meteo_era5_reanalysis,2026-09-11T14:26:19.816869+00:00
KDAL,32.83836,-96.83584,2026-09-09,27.4,37.6,24,open_meteo_era5_reanalysis,2026-09-11T14:26:19.816871+00:00
KHOU,29.64582,-95.28214,2026-06-12,25.0,31.0,24,open_meteo_era5_reanalysis,2026-09-11T14:25:23.412968+00:00
KHOU,29.64582,-95.28214,2026-06-13,24.8,31.0,24,open_meteo_era5_reanalysis,2026-09-11T14:25:23.412971+00:00
KHOU,29.64582,-95.28214,2026-06-14,25.5,30.2,24,open_meteo_era5_reanalysis,2026-09-11T14:25:23.412974+00:00
KHOU,29.64582,-95.28214,2026-06-15,23.8,26.6,24,open_meteo_era5_reanalysis,2026-09-11T14:25:23.412977+00:00
KHOU,29.64582,-95.28214,2026-06-16,23.6,27.0,24,open_meteo_era5_reanalysis,2026-09-11T14:25:23.412979+00:00
KHOU,29.64582,-95.28214,2026-06-17,23.4,29.8,24,open_meteo_era5_reanalysis,2026-09-11T14:25:23.412982+00:00
KHOU,29.64582,-95.28214,2026-06-18,25.4,33.4,24,open_meteo_era5_reanalysis,2026-09-11T14:25:23.412985+00:00
KHOU,29.64582,-95.28214,2026-06-19,25.1,32.3,24,open_meteo_era5_reanalysis,2026-09-11T14:25:23.412988+00:00
KHOU,29.64582,-95.28214,2026-06-20,22.3,28.3,24,open_meteo_era5_reanalysis,2026-09-11T14:25:23.412991+00:00
KHOU,29.64582,-95.28214,2026-06-21,23.3,30.2,24,open_meteo_era5_reanalysis,2026-09-11T14:25:23.412994+00:00
KHOU,29.64582,-95.28214,2026-06-22,26.4,32.5,24,open_meteo_era5_reanalysis,2026-09-11T14:25:23.412996+00:00
KHOU,29.64582,-95.28214,2026-06-23,26.3,32.6,24,open_meteo_era5_reanalysis,2026-09-11T14:25:23.412999+00:00
KHOU,29.64582,-95.28214,2026-06-24,25.5,32.9,24,open_meteo_era5_reanalysis,2026-09-11T14:25:23.413002+00:00
KHOU,29.64582,-95.28214,2026-06-25,24.1,32.4,24,open_meteo_era5_reanalysis,2026-09-11T14:25:23.413005+00:00
KHOU,29.64582,-95.28214,2026-06-26,26.4,32.3,24,open_meteo_era5_reanalysis,2026-09-11T14:25:23.413008+00:00
KHOU,29.64582,-95.28214,2026-06-27,25.2,33.1,24,open_meteo_era5_reanalysis,2026-09-11T14:25:23.413011+00:00
KHOU,29.64582,-95.28214,2026-06-28,26.6,33.1,24,open_meteo_era5_reanalysis,2026-09-11T14:25:23.413013+00:00
KHOU,29.64582,-95.28214,2026-06-29,26.8,33.7,24,open_meteo_era5_reanalysis,2026-09-11T14:25:23.413016+00:00
KHOU,29.64582,-95.28214,2026-06-30,25.1,32.8,24,open_meteo_era5_reanalysis,2026-09-11T14:25:23.413019+00:00
KHOU,29.64582,-95.28214,2026-07-01,25.2,33.8,24,open_meteo_era5_reanalysis,2026-09-11T14:25:23.413022+00:00
KHOU,29.64582,-95.28214,2026-07-02,24.8,32.4,24,open_meteo_era5_reanalysis,2026-09-11T14:25:23.413024+00:00
KHOU,29.64582,-95.28214,2026-07-03,24.6,32.6,24,open_meteo_era5_reanalysis,2026-09-11T14:25:23.413027+00:00
KHOU,29.64582,-95.28214,2026-07-04,24.7,34.3,24,open_meteo_era5_reanalysis,2026-09-11T14:25:23.413030+00:00
KHOU,29.64582,-95.28214,2026-07-05,24.9,34.2,24,open_meteo_era5_reanalysis,2026-09-11T14:25:23.413033+00:00
KHOU,29.64582,-95.28214,2026-07-06,25.5,33.7,24,open_meteo_era5_reanalysis,2026-09-11T14:25:23.413036+00:00
KHOU,29.64582,-95.28214,2026-07-07,25.2,32.3,24,open_meteo_era5_reanalysis,2026-09-11T14:25:23.413038+00:00
KHOU,29.64582,-95.28214,2026-07-08,24.2,33.2,24,open_meteo_era5_reanalysis,2026-09-11T14:25:23.413041+00:00
KHOU,29.64582,-95.28214,2026-07-09,24.6,33.8,24,open_meteo_era5_reanalysis,2026-09-11T14:25:23.413044+00:00
KHOU,29.64582,-95.28214,2026-07-10,24.7,31.5,24,open_meteo_era5_reanalysis,2026-09-11T14:25:23.413047+00:00
KHOU,29.64582,-95.28214,2026-07-11,24.2,31.2,24,open_meteo_era5_reanalysis,2026-09-11T14:25:23.413050+00:00
KHOU,29.64582,-95.28214,2026-07-12,25.4,31.4,24,open_meteo_era5_reanalysis,2026-09-11T14:25:51.615721+00:00
KHOU,29.64582,-95.28214,2026-07-13,24.9,30.0,24,open_meteo_era5_reanalysis,2026-09-11T14:25:51.615725+00:00
KHOU,29.64582,-95.28214,2026-07-14,22.2,26.7,24,open_meteo_era5_reanalysis,2026-09-11T14:25:51.615728+00:00
KHOU,29.64582,-95.28214,2026-07-15,22.9,27.6,24,open_meteo_era5_reanalysis,2026-09-11T14:25:51.615731+00:00
KHOU,29.64582,-95.28214,2026-07-16,24.4,32.4,24,open_meteo_era5_reanalysis,2026-09-11T14:25:51.615733+00:00
KHOU,29.64582,-95.28214,2026-07-17,25.5,33.2,24,open_meteo_era5_reanalysis,2026-09-11T14:25:51.615736+00:00
KHOU,29.64582,-95.28214,2026-07-18,25.3,33.3,24,open_meteo_era5_reanalysis,2026-09-11T14:25:51.615738+00:00
KHOU,29.64582,-95.28214,2026-07-19,24.3,33.6,24,open_meteo_era5_reanalysis,2026-09-11T14:25:51.615741+00:00
KHOU,29.64582,-95.28214,2026-07-20,24.0,33.9,24,open_meteo_era5_reanalysis,2026-09-11T14:25:51.615744+00:00
KHOU,29.64582,-95.28214,2026-07-21,23.7,34.8,24,open_meteo_era5_reanalysis,2026-09-11T14:25:51.615746+00:00
KHOU,29.64582,-95.28214,2026-07-22,25.5,37.7,24,open_meteo_era5_reanalysis,2026-09-11T14:25:51.615749+00:00
KHOU,29.64582,-95.28214,2026-07-23,25.2,31.5,24,open_meteo_era5_reanalysis,2026-09-11T14:25:51.615751+00:00
KHOU,29.64582,-95.28214,2026-07-24,25.3,33.2,24,open_meteo_era5_reanalysis,2026-09-11T14:25:51.615754+00:00
KHOU,29.64582,-95.28214,2026-07-25,24.3,32.7,24,open_meteo_era5_reanalysis,2026-09-11T14:25:51.615757+00:00
KHOU,29.64582,-95.28214,2026-07-26,24.8,32.5,24,open_meteo_era5_reanalysis,2026-09-11T14:25:51.615759+00:00
KHOU,29.64582,-95.28214,2026-07-27,25.1,33.6,24,open_meteo_era5_reanalysis,2026-09-11T14:25:51.615762+00:00
KHOU,29.64582,-95.28214,2026-07-28,24.4,33.6,24,open_meteo_era5_reanalysis,2026-09-11T14:25:51.615764+00:00
KHOU,29.64582,-95.28214,2026-07-29,24.6,34.4,24,open_meteo_era5_reanalysis,2026-09-11T14:25:51.615767+00:00
KHOU,29.64582,-95.28214,2026-07-30,25.3,35.4,24,open_meteo_era5_reanalysis,2026-09-11T14:25:51.615770+00:00
KHOU,29.64582,-95.28214,2026-07-31,24.8,35.3,24,open_meteo_era5_reanalysis,2026-09-11T14:25:51.615772+00:00
KHOU,29.64582,-95.28214,2026-08-01,25.3,35.0,24,open_meteo_era5_reanalysis,2026-09-11T14:25:51.615775+00:00
KHOU,29.64582,-95.28214,2026-08-02,26.9,36.5,24,open_meteo_era5_reanalysis,2026-09-11T14:25:51.615777+00:00
KHOU,29.64582,-95.28214,2026-08-03,24.8,35.2,24,open_meteo_era5_reanalysis,2026-09-11T14:25:51.615780+00:00
KHOU,29.64582,-95.28214,2026-08-04,24.7,34.9,24,open_meteo_era5_reanalysis,2026-09-11T14:25:51.615782+00:00
KHOU,29.64582,-95.28214,2026-08-05,24.9,34.9,24,open_meteo_era5_reanalysis,2026-09-11T14:25:51.615785+00:00
KHOU,29.64582,-95.28214,2026-08-06,25.6,32.7,24,open_meteo_era5_reanalysis,2026-09-11T14:25:51.615788+00:00
KHOU,29.64582,-95.28214,2026-08-07,25.4,32.4,24,open_meteo_era5_reanalysis,2026-09-11T14:25:51.615790+00:00
KHOU,29.64582,-95.28214,2026-08-08,24.9,32.7,24,open_meteo_era5_reanalysis,2026-09-11T14:25:51.615793+00:00
KHOU,29.64582,-95.28214,2026-08-09,25.0,31.7,24,open_meteo_era5_reanalysis,2026-09-11T14:25:51.615795+00:00
KHOU,29.64582,-95.28214,2026-08-10,24.7,30.6,24,open_meteo_era5_reanalysis,2026-09-11T14:25:51.615798+00:00
KHOU,29.64582,-95.28214,2026-08-11,24.8,31.8,24,open_meteo_era5_reanalysis,2026-09-11T14:26:19.817085+00:00
KHOU,29.64582,-95.28214,2026-08-12,25.2,33.8,24,open_meteo_era5_reanalysis,2026-09-11T14:26:19.817089+00:00
KHOU,29.64582,-95.28214,2026-08-13,25.5,34.5,24,open_meteo_era5_reanalysis,2026-09-11T14:26:19.817091+00:00
KHOU,29.64582,-95.28214,2026-08-14,25.5,33.4,24,open_meteo_era5_reanalysis,2026-09-11T14:26:19.817094+00:00
KHOU,29.64582,-95.28214,2026-08-15,25.7,34.7,24,open_meteo_era5_reanalysis,2026-09-11T14:26:19.817097+00:00
KHOU,29.64582,-95.28214,2026-08-16,23.8,34.7,24,open_meteo_era5_reanalysis,2026-09-11T14:26:19.817099+00:00
KHOU,29.64582,-95.28214,2026-08-17,22.5,35.1,24,open_meteo_era5_reanalysis,2026-09-11T14:26:19.817102+00:00
KHOU,29.64582,-95.28214,2026-08-18,25.0,34.5,24,open_meteo_era5_reanalysis,2026-09-11T14:26:19.817104+00:00
KHOU,29.64582,-95.28214,2026-08-19,25.0,35.1,24,open_meteo_era5_reanalysis,2026-09-11T14:26:19.817107+00:00
KHOU,29.64582,-95.28214,2026-08-20,24.6,36.7,24,open_meteo_era5_reanalysis,2026-09-11T14:26:19.817110+00:00
KHOU,29.64582,-95.28214,2026-08-21,25.5,37.0,24,open_meteo_era5_reanalysis,2026-09-11T14:26:19.817112+00:00
KHOU,29.64582,-95.28214,2026-08-22,26.3,38.3,24,open_meteo_era5_reanalysis,2026-09-11T14:26:19.817115+00:00
KHOU,29.64582,-95.28214,2026-08-23,25.8,37.4,24,open_meteo_era5_reanalysis,2026-09-11T14:26:19.817118+00:00
KHOU,29.64582,-95.28214,2026-08-24,25.0,37.4,24,open_meteo_era5_reanalysis,2026-09-11T14:26:19.817120+00:00
KHOU,29.64582,-95.28214,2026-08-25,26.3,36.1,24,open_meteo_era5_reanalysis,2026-09-11T14:26:19.817123+00:00
KHOU,29.64582,-95.28214,2026-08-26,26.1,36.8,24,open_meteo_era5_reanalysis,2026-09-11T14:26:19.817125+00:00
KHOU,29.64582,-95.28214,2026-08-27,26.5,32.9,24,open_meteo_era5_reanalysis,2026-09-11T14:26:19.817128+00:00
KHOU,29.64582,-95.28214,2026-08-28,23.3,33.7,24,open_meteo_era5_reanalysis,2026-09-11T14:26:19.817131+00:00
KHOU,29.64582,-95.28214,2026-08-29,23.7,35.4,24,open_meteo_era5_reanalysis,2026-09-11T14:26:19.817133+00:00
KHOU,29.64582,-95.28214,2026-08-30,24.3,35.5,24,open_meteo_era5_reanalysis,2026-09-11T14:26:19.817136+00:00
KHOU,29.64582,-95.28214,2026-08-31,24.7,32.9,24,open_meteo_era5_reanalysis,2026-09-11T14:26:19.817138+00:00
KHOU,29.64582,-95.28214,2026-09-01,25.1,29.9,24,open_meteo_era5_reanalysis,2026-09-11T14:26:19.817141+00:00
KHOU,29.64582,-95.28214,2026-09-02,22.9,31.6,24,open_meteo_era5_reanalysis,2026-09-11T14:26:19.817144+00:00
KHOU,29.64582,-95.28214,2026-09-03,24.0,32.3,24,open_meteo_era5_reanalysis,2026-09-11T14:26:19.817146+00:00
KHOU,29.64582,-95.28214,2026-09-04,23.9,31.4,24,open_meteo_era5_reanalysis,2026-09-11T14:26:19.817149+00:00
KHOU,29.64582,-95.28214,2026-09-05,24.4,32.6,24,open_meteo_era5_reanalysis,2026-09-11T14:26:19.817152+00:00
KHOU,29.64582,-95.28214,2026-09-06,24.0,29.7,24,open_meteo_era5_reanalysis,2026-09-11T14:26:19.817154+00:00
KHOU,29.64582,-95.28214,2026-09-07,24.5,33.1,24,open_meteo_era5_reanalysis,2026-09-11T14:26:19.817157+00:00
KHOU,29.64582,-95.28214,2026-09-08,24.1,32.0,24,open_meteo_era5_reanalysis,2026-09-11T14:26:19.817160+00:00
KHOU,29.64582,-95.28214,2026-09-09,23.4,30.9,24,open_meteo_era5_reanalysis,2026-09-11T14:26:19.817163+00:00
KLAX,33.93817,-118.3866,2026-06-12,17.8,23.1,24,open_meteo_era5_reanalysis,2026-09-11T14:25:23.413269+00:00
KLAX,33.93817,-118.3866,2026-06-13,17.7,22.1,24,open_meteo_era5_reanalysis,2026-09-11T14:25:23.413272+00:00
KLAX,33.93817,-118.3866,2026-06-14,16.6,21.7,24,open_meteo_era5_reanalysis,2026-09-11T14:25:23.413275+00:00
KLAX,33.93817,-118.3866,2026-06-15,17.5,20.6,24,open_meteo_era5_reanalysis,2026-09-11T14:25:23.413277+00:00
KLAX,33.93817,-118.3866,2026-06-16,16.4,20.6,24,open_meteo_era5_reanalysis,2026-09-11T14:25:23.413280+00:00
KLAX,33.93817,-118.3866,2026-06-17,16.7,20.5,24,open_meteo_era5_reanalysis,2026-09-11T14:25:23.413283+00:00
KLAX,33.93817,-118.3866,2026-06-18,16.9,19.5,24,open_meteo_era5_reanalysis,2026-09-11T14:25:23.413285+00:00
KLAX,33.93817,-118.3866,2026-06-19,16.7,19.5,24,open_meteo_era5_reanalysis,2026-09-11T14:25:23.413288+00:00
KLAX,33.93817,-118.3866,2026-06-20,14.5,19.2,24,open_meteo_era5_reanalysis,2026-09-11T14:25:23.413291+00:00
KLAX,33.93817,-118.3866,2026-06-21,14.6,20.0,24,open_meteo_era5_reanalysis,2026-09-11T14:25:23.413293+00:00
KLAX,33.93817,-118.3866,2026-06-22,15.2,21.1,24,open_meteo_era5_reanalysis,2026-09-11T14:25:23.413296+00:00
KLAX,33.93817,-118.3866,2026-06-23,17.0,21.1,24,open_meteo_era5_reanalysis,2026-09-11T14:25:23.413298+00:00
KLAX,33.93817,-118.3866,2026-06-24,17.2,20.5,24,open_meteo_era5_reanalysis,2026-09-11T14:25:23.413301+00:00
KLAX,33.93817,-118.3866,2026-06-25,15.5,20.1,24,open_meteo_era5_reanalysis,2026-09-11T14:25:23.413303+00:00
KLAX,33.93817,-118.3866,2026-06-26,16.1,21.1,24,open_meteo_era5_reanalysis,2026-09-11T14:25:23.413306+00:00
KLAX,33.93817,-118.3866,2026-06-27,16.4,21.4,24,open_meteo_era5_reanalysis,2026-09-11T14:25:23.413308+00:00
KLAX,33.93817,-118.3866,2026-06-28,16.0,22.6,24,open_meteo_era5_reanalysis,2026-09-11T14:25:23.413311+00:00
KLAX,33.93817,-118.3866,2026-06-29,16.2,21.0,24,open_meteo_era5_reanalysis,2026-09-11T14:25:23.413313+00:00
KLAX,33.93817,-118.3866,2026-06-30,16.8,19.2,24,open_meteo_era5_reanalysis,2026-09-11T14:25:23.413316+00:00
KLAX,33.93817,-118.3866,2026-07-01,16.3,19.0,24,open_meteo_era5_reanalysis,2026-09-11T14:25:23.413318+00:00
KLAX,33.93817,-118.3866,2026-07-02,15.9,20.4,24,open_meteo_era5_reanalysis,2026-09-11T14:25:23.413321+00:00
KLAX,33.93817,-118.3866,2026-07-03,15.1,21.2,24,open_meteo_era5_reanalysis,2026-09-11T14:25:23.413323+00:00
KLAX,33.93817,-118.3866,2026-07-04,16.2,22.7,24,open_meteo_era5_reanalysis,2026-09-11T14:25:23.413326+00:00
KLAX,33.93817,-118.3866,2026-07-05,17.6,21.2,24,open_meteo_era5_reanalysis,2026-09-11T14:25:23.413329+00:00
KLAX,33.93817,-118.3866,2026-07-06,16.8,21.7,24,open_meteo_era5_reanalysis,2026-09-11T14:25:23.413331+00:00
KLAX,33.93817,-118.3866,2026-07-07,15.9,22.3,24,open_meteo_era5_reanalysis,2026-09-11T14:25:23.413334+00:00
KLAX,33.93817,-118.3866,2026-07-08,15.7,22.6,24,open_meteo_era5_reanalysis,2026-09-11T14:25:23.413336+00:00
KLAX,33.93817,-118.3866,2026-07-09,17.3,23.5,24,open_meteo_era5_reanalysis,2026-09-11T14:25:23.413339+00:00
KLAX,33.93817,-118.3866,2026-07-10,17.4,24.4,24,open_meteo_era5_reanalysis,2026-09-11T14:25:23.413341+00:00
KLAX,33.93817,-118.3866,2026-07-11,17.8,24.3,24,open_meteo_era5_reanalysis,2026-09-11T14:25:23.413344+00:00
KLAX,33.93817,-118.3866,2026-07-12,18.0,25.4,24,open_meteo_era5_reanalysis,2026-09-11T14:25:51.616011+00:00
KLAX,33.93817,-118.3866,2026-07-13,18.8,24.5,24,open_meteo_era5_reanalysis,2026-09-11T14:25:51.616014+00:00
KLAX,33.93817,-118.3866,2026-07-14,18.9,23.0,24,open_meteo_era5_reanalysis,2026-09-11T14:25:51.616016+00:00
KLAX,33.93817,-118.3866,2026-07-15,19.6,28.3,24,open_meteo_era5_reanalysis,2026-09-11T14:25:51.616019+00:00
KLAX,33.93817,-118.3866,2026-07-16,20.7,28.7,24,open_meteo_era5_reanalysis,2026-09-11T14:25:51.616022+00:00
KLAX,33.93817,-118.3866,2026-07-17,20.6,27.6,24,open_meteo_era5_reanalysis,2026-09-11T14:25:51.616024+00:00
KLAX,33.93817,-118.3866,2026-07-18,20.6,25.2,24,open_meteo_era5_reanalysis,2026-09-11T14:25:51.616027+00:00
KLAX,33.93817,-118.3866,2026-07-19,19.7,24.6,24,open_meteo_era5_reanalysis,2026-09-11T14:25:51.616030+00:00
KLAX,33.93817,-118.3866,2026-07-20,19.2,27.1,24,open_meteo_era5_reanalysis,2026-09-11T14:25:51.616032+00:00
KLAX,33.93817,-118.3866,2026-07-21,20.3,26.6,24,open_meteo_era5_reanalysis,2026-09-11T14:25:51.616035+00:00
KLAX,33.93817,-118.3866,2026-07-22,20.5,23.8,24,open_meteo_era5_reanalysis,2026-09-11T14:25:51.616037+00:00
KLAX,33.93817,-118.3866,2026-07-23,19.8,26.2,24,open_meteo_era5_reanalysis,2026-09-11T14:25:51.616040+00:00
KLAX,33.93817,-118.3866,2026-07-24,19.6,27.0,24,open_meteo_era5_reanalysis,2026-09-11T14:25:51.616042+00:00
KLAX,33.93817,-118.3866,2026-07-25,20.5,27.5,24,open_meteo_era5_reanalysis,2026-09-11T14:25:51.616045+00:00
KLAX,33.93817,-118.3866,2026-07-26,19.7,26.9,24,open_meteo_era5_reanalysis,2026-09-11T14:25:51.616047+00:00
KLAX,33.93817,-118.3866,2026-07-27,20.0,26.1,24,open_meteo_era5_reanalysis,2026-09-11T14:25:51.616050+00:00
KLAX,33.93817,-118.3866,2026-07-28,19.5,26.5,24,open_meteo_era5_reanalysis,2026-09-11T14:25:51.616052+00:00
KLAX,33.93817,-118.3866,2026-07-29,19.7,25.4,24,open_meteo_era5_reanalysis,2026-09-11T14:25:51.616055+00:00
KLAX,33.93817,-118.3866,2026-07-30,19.7,24.9,24,open_meteo_era5_reanalysis,2026-09-11T14:25:51.616058+00:00
KLAX,33.93817,-118.3866,2026-07-31,18.6,26.2,24,open_meteo_era5_reanalysis,2026-09-11T14:25:51.616061+00:00
KLAX,33.93817,-118.3866,2026-08-01,19.2,26.7,24,open_meteo_era5_reanalysis,2026-09-11T14:25:51.616063+00:00
KLAX,33.93817,-118.3866,2026-08-02,19.3,25.9,24,open_meteo_era5_reanalysis,2026-09-11T14:25:51.616066+00:00
KLAX,33.93817,-118.3866,2026-08-03,19.6,24.4,24,open_meteo_era5_reanalysis,2026-09-11T14:25:51.616068+00:00
KLAX,33.93817,-118.3866,2026-08-04,18.6,24.9,24,open_meteo_era5_reanalysis,2026-09-11T14:25:51.616071+00:00
KLAX,33.93817,-118.3866,2026-08-05,18.8,23.9,24,open_meteo_era5_reanalysis,2026-09-11T14:25:51.616073+00:00
KLAX,33.93817,-118.3866,2026-08-06,18.9,25.5,24,open_meteo_era5_reanalysis,2026-09-11T14:25:51.616076+00:00
KLAX,33.93817,-118.3866,2026-08-07,19.4,25.9,24,open_meteo_era5_reanalysis,2026-09-11T14:25:51.616078+00:00
KLAX,33.93817,-118.3866,2026-08-08,19.6,25.8,24,open_meteo_era5_reanalysis,2026-09-11T14:25:51.616081+00:00
KLAX,33.93817,-118.3866,2026-08-09,19.9,25.8,24,open_meteo_era5_reanalysis,2026-09-11T14:25:51.616083+00:00
KLAX,33.93817,-118.3866,2026-08-10,20.4,25.7,24,open_meteo_era5_reanalysis,2026-09-11T14:25:51.616086+00:00
KLAX,33.93817,-118.3866,2026-08-11,20.4,26.6,24,open_meteo_era5_reanalysis,2026-09-11T14:26:19.817383+00:00
KLAX,33.93817,-118.3866,2026-08-12,20.0,24.7,24,open_meteo_era5_reanalysis,2026-09-11T14:26:19.817386+00:00
KLAX,33.93817,-118.3866,2026-08-13,19.8,25.4,24,open_meteo_era5_reanalysis,2026-09-11T14:26:19.817389+00:00
KLAX,33.93817,-118.3866,2026-08-14,20.3,23.5,24,open_meteo_era5_reanalysis,2026-09-11T14:26:19.817392+00:00
KLAX,33.93817,-118.3866,2026-08-15,18.9,23.6,24,open_meteo_era5_reanalysis,2026-09-11T14:26:19.817394+00:00
KLAX,33.93817,-118.3866,2026-08-16,18.8,24.0,24,open_meteo_era5_reanalysis,2026-09-11T14:26:19.817397+00:00
KLAX,33.93817,-118.3866,2026-08-17,19.2,25.2,24,open_meteo_era5_reanalysis,2026-09-11T14:26:19.817400+00:00
KLAX,33.93817,-118.3866,2026-08-18,19.1,25.6,24,open_meteo_era5_reanalysis,2026-09-11T14:26:19.817402+00:00
KLAX,33.93817,-118.3866,2026-08-19,19.0,27.2,24,open_meteo_era5_reanalysis,2026-09-11T14:26:19.817405+00:00
KLAX,33.93817,-118.3866,2026-08-20,19.0,26.4,24,open_meteo_era5_reanalysis,2026-09-11T14:26:19.817407+00:00
KLAX,33.93817,-118.3866,2026-08-21,20.5,27.9,24,open_meteo_era5_reanalysis,2026-09-11T14:26:19.817410+00:00
KLAX,33.93817,-118.3866,2026-08-22,20.3,27.9,24,open_meteo_era5_reanalysis,2026-09-11T14:26:19.817413+00:00
KLAX,33.93817,-118.3866,2026-08-23,20.4,28.4,24,open_meteo_era5_reanalysis,2026-09-11T14:26:19.817415+00:00
KLAX,33.93817,-118.3866,2026-08-24,20.3,28.7,24,open_meteo_era5_reanalysis,2026-09-11T14:26:19.817418+00:00
KLAX,33.93817,-118.3866,2026-08-25,21.3,28.7,24,open_meteo_era5_reanalysis,2026-09-11T14:26:19.817421+00:00
KLAX,33.93817,-118.3866,2026-08-26,22.0,30.1,24,open_meteo_era5_reanalysis,2026-09-11T14:26:19.817423+00:00
KLAX,33.93817,-118.3866,2026-08-27,23.5,30.9,24,open_meteo_era5_reanalysis,2026-09-11T14:26:19.817426+00:00
KLAX,33.93817,-118.3866,2026-08-28,23.5,30.1,24,open_meteo_era5_reanalysis,2026-09-11T14:26:19.817429+00:00
KLAX,33.93817,-118.3866,2026-08-29,23.0,29.4,24,open_meteo_era5_reanalysis,2026-09-11T14:26:19.817432+00:00
KLAX,33.93817,-118.3866,2026-08-30,21.4,28.4,24,open_meteo_era5_reanalysis,2026-09-11T14:26:19.817434+00:00
KLAX,33.93817,-118.3866,2026-08-31,19.6,24.4,24,open_meteo_era5_reanalysis,2026-09-11T14:26:19.817437+00:00
KLAX,33.93817,-118.3866,2026-09-01,17.6,23.0,24,open_meteo_era5_reanalysis,2026-09-11T14:26:19.817440+00:00
KLAX,33.93817,-118.3866,2026-09-02,17.0,24.2,24,open_meteo_era5_reanalysis,2026-09-11T14:26:19.817442+00:00
KLAX,33.93817,-118.3866,2026-09-03,17.6,24.9,24,open_meteo_era5_reanalysis,2026-09-11T14:26:19.817445+00:00
KLAX,33.93817,-118.3866,2026-09-04,17.8,24.8,24,open_meteo_era5_reanalysis,2026-09-11T14:26:19.817447+00:00
KLAX,33.93817,-118.3866,2026-09-05,17.8,26.1,24,open_meteo_era5_reanalysis,2026-09-11T14:26:19.817450+00:00
KLAX,33.93817,-118.3866,2026-09-06,20.8,23.6,24,open_meteo_era5_reanalysis,2026-09-11T14:26:19.817452+00:00
KLAX,33.93817,-118.3866,2026-09-07,21.1,27.3,24,open_meteo_era5_reanalysis,2026-09-11T14:26:19.817455+00:00
KLAX,33.93817,-118.3866,2026-09-08,22.6,29.3,24,open_meteo_era5_reanalysis,2026-09-11T14:26:19.817458+00:00
KLAX,33.93817,-118.3866,2026-09-09,23.3,31.1,24,open_meteo_era5_reanalysis,2026-09-11T14:26:19.817460+00:00
KLGA,40.77945,-73.88027,2026-06-12,24.0,34.7,24,open_meteo_era5_reanalysis,2026-09-11T14:25:23.413575+00:00
KLGA,40.77945,-73.88027,2026-06-13,21.9,32.1,24,open_meteo_era5_reanalysis,2026-09-11T14:25:23.413586+00:00
KLGA,40.77945,-73.88027,2026-06-14,22.2,31.8,24,open_meteo_era5_reanalysis,2026-09-11T14:25:23.413588+00:00
KLGA,40.77945,-73.88027,2026-06-15,17.6,23.9,24,open_meteo_era5_reanalysis,2026-09-11T14:25:23.413602+00:00
KLGA,40.77945,-73.88027,2026-06-16,14.1,26.1,24,open_meteo_era5_reanalysis,2026-09-11T14:25:23.413605+00:00
KLGA,40.77945,-73.88027,2026-06-17,16.8,25.7,24,open_meteo_era5_reanalysis,2026-09-11T14:25:23.413608+00:00
KLGA,40.77945,-73.88027,2026-06-18,19.9,32.3,24,open_meteo_era5_reanalysis,2026-09-11T14:25:23.413610+00:00
KLGA,40.77945,-73.88027,2026-06-19,21.9,29.1,24,open_meteo_era5_reanalysis,2026-09-11T14:25:23.413613+00:00
KLGA,40.77945,-73.88027,2026-06-20,19.7,28.9,24,open_meteo_era5_reanalysis,2026-09-11T14:25:23.413615+00:00
KLGA,40.77945,-73.88027,2026-06-21,19.2,29.1,24,open_meteo_era5_reanalysis,2026-09-11T14:25:23.413618+00:00
KLGA,40.77945,-73.88027,2026-06-22,20.2,24.7,24,open_meteo_era5_reanalysis,2026-09-11T14:25:23.413620+00:00
KLGA,40.77945,-73.88027,2026-06-23,19.8,21.5,24,open_meteo_era5_reanalysis,2026-09-11T14:25:23.413623+00:00
KLGA,40.77945,-73.88027,2026-06-24,17.6,27.5,24,open_meteo_era5_reanalysis,2026-09-11T14:25:23.413625+00:00
KLGA,40.77945,-73.88027,2026-06-25,17.4,28.1,24,open_meteo_era5_reanalysis,2026-09-11T14:25:23.413628+00:00
KLGA,40.77945,-73.88027,2026-06-26,19.2,27.4,24,open_meteo_era5_reanalysis,2026-09-11T14:25:23.413630+00:00
KLGA,40.77945,-73.88027,2026-06-27,21.2,25.7,24,open_meteo_era5_reanalysis,2026-09-11T14:25:23.413633+00:00
KLGA,40.77945,-73.88027,2026-06-28,19.9,26.8,24,open_meteo_era5_reanalysis,2026-09-11T14:25:23.413636+00:00
KLGA,40.77945,-73.88027,2026-06-29,19.4,31.1,24,open_meteo_era5_reanalysis,2026-09-11T14:25:23.413638+00:00
KLGA,40.77945,-73.88027,2026-06-30,22.2,33.4,24,open_meteo_era5_reanalysis,2026-09-11T14:25:23.413641+00:00
KLGA,40.77945,-73.88027,2026-07-01,22.6,33.5,24,open_meteo_era5_reanalysis,2026-09-11T14:25:23.413644+00:00
KLGA,40.77945,-73.88027,2026-07-02,26.8,39.0,24,open_meteo_era5_reanalysis,2026-09-11T14:25:23.413646+00:00
KLGA,40.77945,-73.88027,2026-07-03,28.5,39.2,24,open_meteo_era5_reanalysis,2026-09-11T14:25:23.413649+00:00
KLGA,40.77945,-73.88027,2026-07-04,25.1,36.1,24,open_meteo_era5_reanalysis,2026-09-11T14:25:23.413652+00:00
KLGA,40.77945,-73.88027,2026-07-05,22.0,28.0,24,open_meteo_era5_reanalysis,2026-09-11T14:25:23.413656+00:00
KLGA,40.77945,-73.88027,2026-07-06,19.2,22.0,24,open_meteo_era5_reanalysis,2026-09-11T14:25:23.413659+00:00
KLGA,40.77945,-73.88027,2026-07-07,18.1,22.5,24,open_meteo_era5_reanalysis,2026-09-11T14:25:23.413661+00:00
KLGA,40.77945,-73.88027,2026-07-08,17.9,29.5,24,open_meteo_era5_reanalysis,2026-09-11T14:25:23.413664+00:00
KLGA,40.77945,-73.88027,2026-07-09,20.9,29.1,24,open_meteo_era5_reanalysis,2026-09-11T14:25:23.413666+00:00
KLGA,40.77945,-73.88027,2026-07-10,22.9,29.4,24,open_meteo_era5_reanalysis,2026-09-11T14:25:23.413669+00:00
KLGA,40.77945,-73.88027,2026-07-11,21.6,27.1,24,open_meteo_era5_reanalysis,2026-09-11T14:25:23.413671+00:00
KLGA,40.77945,-73.88027,2026-07-12,19.7,28.8,24,open_meteo_era5_reanalysis,2026-09-11T14:25:51.616296+00:00
KLGA,40.77945,-73.88027,2026-07-13,19.9,29.3,24,open_meteo_era5_reanalysis,2026-09-11T14:25:51.616299+00:00
KLGA,40.77945,-73.88027,2026-07-14,21.7,34.1,24,open_meteo_era5_reanalysis,2026-09-11T14:25:51.616302+00:00
KLGA,40.77945,-73.88027,2026-07-15,25.6,36.3,24,open_meteo_era5_reanalysis,2026-09-11T14:25:51.616305+00:00
KLGA,40.77945,-73.88027,2026-07-16,23.2,32.9,24,open_meteo_era5_reanalysis,2026-09-11T14:25:51.616307+00:00
KLGA,40.77945,-73.88027,2026-07-17,21.4,30.8,24,open_meteo_era5_reanalysis,2026-09-11T14:25:51.616310+00:00
KLGA,40.77945,-73.88027,2026-07-18,21.9,26.9,24,open_meteo_era5_reanalysis,2026-09-11T14:25:51.616312+00:00
KLGA,40.77945,-73.88027,2026-07-19,21.8,26.7,24,open_meteo_era5_reanalysis,2026-09-11T14:25:51.616315+00:00
KLGA,40.77945,-73.88027,2026-07-20,16.9,28.8,24,open_meteo_era5_reanalysis,2026-09-11T14:25:51.616317+00:00
KLGA,40.77945,-73.88027,2026-07-21,22.2,28.1,24,open_meteo_era5_reanalysis,2026-09-11T14:25:51.616320+00:00
KLGA,40.77945,-73.88027,2026-07-22,22.2,29.9,24,open_meteo_era5_reanalysis,2026-09-11T14:25:51.616323+00:00
KLGA,40.77945,-73.88027,2026-07-23,18.1,28.2,24,open_meteo_era5_reanalysis,2026-09-11T14:25:51.616325+00:00
KLGA,40.77945,-73.88027,2026-07-24,18.4,29.0,24,open_meteo_era5_reanalysis,2026-09-11T14:25:51.616328+00:00
KLGA,40.77945,-73.88027,2026-07-25,18.4,28.5,24,open_meteo_era5_reanalysis,2026-09-11T14:25:51.616330+00:00
KLGA,40.77945,-73.88027,2026-07-26,18.1,29.9,24,open_meteo_era5_reanalysis,2026-09-11T14:25:51.616333+00:00
KLGA,40.77945,-73.88027,2026-07-27,21.0,30.8,24,open_meteo_era5_reanalysis,2026-09-11T14:25:51.616335+00:00
KLGA,40.77945,-73.88027,2026-07-28,20.9,27.4,24,open_meteo_era5_reanalysis,2026-09-11T14:25:51.616338+00:00
KLGA,40.77945,-73.88027,2026-07-29,20.7,27.7,24,open_meteo_era5_reanalysis,2026-09-11T14:25:51.616340+00:00
KLGA,40.77945,-73.88027,2026-07-30,19.5,24.8,24,open_meteo_era5_reanalysis,2026-09-11T14:25:51.616343+00:00
KLGA,40.77945,-73.88027,2026-07-31,19.5,28.5,24,open_meteo_era5_reanalysis,2026-09-11T14:25:51.616346+00:00
KLGA,40.77945,-73.88027,2026-08-01,21.2,29.2,24,open_meteo_era5_reanalysis,2026-09-11T14:25:51.616348+00:00
KLGA,40.77945,-73.88027,2026-08-02,23.2,27.8,24,open_meteo_era5_reanalysis,2026-09-11T14:25:51.616351+00:00
KLGA,40.77945,-73.88027,2026-08-03,22.5,28.2,24,open_meteo_era5_reanalysis,2026-09-11T14:25:51.616353+00:00
KLGA,40.77945,-73.88027,2026-08-04,18.5,28.7,24,open_meteo_era5_reanalysis,2026-09-11T14:25:51.616356+00:00
KLGA,40.77945,-73.88027,2026-08-05,19.9,28.3,24,open_meteo_era5_reanalysis,2026-09-11T14:25:51.616358+00:00
KLGA,40.77945,-73.88027,2026-08-06,23.6,32.3,24,open_meteo_era5_reanalysis,2026-09-11T14:25:51.616361+00:00
KLGA,40.77945,-73.88027,2026-08-07,25.0,35.0,24,open_meteo_era5_reanalysis,2026-09-11T14:25:51.616363+00:00
KLGA,40.77945,-73.88027,2026-08-08,23.0,31.6,24,open_meteo_era5_reanalysis,2026-09-11T14:25:51.616366+00:00
KLGA,40.77945,-73.88027,2026-08-09,24.0,33.7,24,open_meteo_era5_reanalysis,2026-09-11T14:25:51.616368+00:00
KLGA,40.77945,-73.88027,2026-08-10,22.5,33.0,24,open_meteo_era5_reanalysis,2026-09-11T14:25:51.616371+00:00
KLGA,40.77945,-73.88027,2026-08-11,22.5,31.6,24,open_meteo_era5_reanalysis,2026-09-11T14:26:19.817685+00:00
KLGA,40.77945,-73.88027,2026-08-12,22.5,31.9,24,open_meteo_era5_reanalysis,2026-09-11T14:26:19.817688+00:00
KLGA,40.77945,-73.88027,2026-08-13,19.9,29.7,24,open_meteo_era5_reanalysis,2026-09-11T14:26:19.817691+00:00
KLGA,40.77945,-73.88027,2026-08-14,20.9,29.2,24,open_meteo_era5_reanalysis,2026-09-11T14:26:19.817693+00:00
KLGA,40.77945,-73.88027,2026-08-15,18.8,29.3,24,open_meteo_era5_reanalysis,2026-09-11T14:26:19.817696+00:00
KLGA,40.77945,-73.88027,2026-08-16,20.5,27.6,24,open_meteo_era5_reanalysis,2026-09-11T14:26:19.817699+00:00
KLGA,40.77945,-73.88027,2026-08-17,20.4,26.8,24,open_meteo_era5_reanalysis,2026-09-11T14:26:19.817701+00:00
KLGA,40.77945,-73.88027,2026-08-18,22.1,29.1,24,open_meteo_era5_reanalysis,2026-09-11T14:26:19.817704+00:00
KLGA,40.77945,-73.88027,2026-08-19,20.1,30.1,24,open_meteo_era5_reanalysis,2026-09-11T14:26:19.817707+00:00
KLGA,40.77945,-73.88027,2026-08-20,18.6,28.8,24,open_meteo_era5_reanalysis,2026-09-11T14:26:19.817709+00:00
KLGA,40.77945,-73.88027,2026-08-21,18.3,25.2,24,open_meteo_era5_reanalysis,2026-09-11T14:26:19.817712+00:00
KLGA,40.77945,-73.88027,2026-08-22,20.0,24.1,24,open_meteo_era5_reanalysis,2026-09-11T14:26:19.817714+00:00
KLGA,40.77945,-73.88027,2026-08-23,20.1,26.8,24,open_meteo_era5_reanalysis,2026-09-11T14:26:19.817717+00:00
KLGA,40.77945,-73.88027,2026-08-24,17.5,25.7,24,open_meteo_era5_reanalysis,2026-09-11T14:26:19.817719+00:00
KLGA,40.77945,-73.88027,2026-08-25,17.3,25.3,24,open_meteo_era5_reanalysis,2026-09-11T14:26:19.817722+00:00
KLGA,40.77945,-73.88027,2026-08-26,17.3,27.2,24,open_meteo_era5_reanalysis,2026-09-11T14:26:19.817725+00:00
KLGA,40.77945,-73.88027,2026-08-27,21.1,26.2,24,open_meteo_era5_reanalysis,2026-09-11T14:26:19.817727+00:00
KLGA,40.77945,-73.88027,2026-08-28,21.3,28.3,24,open_meteo_era5_reanalysis,2026-09-11T14:26:19.817730+00:00
KLGA,40.77945,-73.88027,2026-08-29,16.8,25.4,24,open_meteo_era5_reanalysis,2026-09-11T14:26:19.817732+00:00
KLGA,40.77945,-73.88027,2026-08-30,17.5,28.0,24,open_meteo_era5_reanalysis,2026-09-11T14:26:19.817735+00:00
KLGA,40.77945,-73.88027,2026-08-31,20.5,25.8,24,open_meteo_era5_reanalysis,2026-09-11T14:26:19.817738+00:00
KLGA,40.77945,-73.88027,2026-09-01,20.5,27.0,24,open_meteo_era5_reanalysis,2026-09-11T14:26:19.817740+00:00
KLGA,40.77945,-73.88027,2026-09-02,19.7,21.7,24,open_meteo_era5_reanalysis,2026-09-11T14:26:19.817743+00:00
KLGA,40.77945,-73.88027,2026-09-03,20.0,29.6,24,open_meteo_era5_reanalysis,2026-09-11T14:26:19.817745+00:00
KLGA,40.77945,-73.88027,2026-09-04,21.8,28.8,24,open_meteo_era5_reanalysis,2026-09-11T14:26:19.817748+00:00
KLGA,40.77945,-73.88027,2026-09-05,19.5,26.1,24,open_meteo_era5_reanalysis,2026-09-11T14:26:19.817751+00:00
KLGA,40.77945,-73.88027,2026-09-06,17.6,24.0,24,open_meteo_era5_reanalysis,2026-09-11T14:26:19.817753+00:00
KLGA,40.77945,-73.88027,2026-09-07,15.3,25.8,24,open_meteo_era5_reanalysis,2026-09-11T14:26:19.817756+00:00
KLGA,40.77945,-73.88027,2026-09-08,16.4,27.0,24,open_meteo_era5_reanalysis,2026-09-11T14:26:19.817758+00:00
KLGA,40.77945,-73.88027,2026-09-09,18.4,29.2,24,open_meteo_era5_reanalysis,2026-09-11T14:26:19.817761+00:00
KMIA,25.78806,-80.31692,2026-06-12,25.0,32.5,24,open_meteo_era5_reanalysis,2026-09-11T14:25:23.413884+00:00
KMIA,25.78806,-80.31692,2026-06-13,24.5,32.0,24,open_meteo_era5_reanalysis,2026-09-11T14:25:23.413887+00:00
KMIA,25.78806,-80.31692,2026-06-14,24.5,32.9,24,open_meteo_era5_reanalysis,2026-09-11T14:25:23.413890+00:00
KMIA,25.78806,-80.31692,2026-06-15,24.9,33.7,24,open_meteo_era5_reanalysis,2026-09-11T14:25:23.413892+00:00
KMIA,25.78806,-80.31692,2026-06-16,25.4,33.8,24,open_meteo_era5_reanalysis,2026-09-11T14:25:23.413895+00:00
KMIA,25.78806,-80.31692,2026-06-17,25.6,34.2,24,open_meteo_era5_reanalysis,2026-09-11T14:25:23.413897+00:00
KMIA,25.78806,-80.31692,2026-06-18,27.1,32.3,24,open_meteo_era5_reanalysis,2026-09-11T14:25:23.413900+00:00
KMIA,25.78806,-80.31692,2026-06-19,25.7,32.9,24,open_meteo_era5_reanalysis,2026-09-11T14:25:23.413903+00:00
KMIA,25.78806,-80.31692,2026-06-20,24.8,34.5,24,open_meteo_era5_reanalysis,2026-09-11T14:25:23.413905+00:00
KMIA,25.78806,-80.31692,2026-06-21,24.3,33.3,24,open_meteo_era5_reanalysis,2026-09-11T14:25:23.413908+00:00
KMIA,25.78806,-80.31692,2026-06-22,25.4,33.4,24,open_meteo_era5_reanalysis,2026-09-11T14:25:23.413910+00:00
KMIA,25.78806,-80.31692,2026-06-23,26.9,32.0,24,open_meteo_era5_reanalysis,2026-09-11T14:25:23.413913+00:00
KMIA,25.78806,-80.31692,2026-06-24,25.4,34.2,24,open_meteo_era5_reanalysis,2026-09-11T14:25:23.413916+00:00
KMIA,25.78806,-80.31692,2026-06-25,23.6,32.0,24,open_meteo_era5_reanalysis,2026-09-11T14:25:23.413918+00:00
KMIA,25.78806,-80.31692,2026-06-26,26.0,31.7,24,open_meteo_era5_reanalysis,2026-09-11T14:25:23.413921+00:00
KMIA,25.78806,-80.31692,2026-06-27,26.8,32.3,24,open_meteo_era5_reanalysis,2026-09-11T14:25:23.413923+00:00
KMIA,25.78806,-80.31692,2026-06-28,26.8,32.4,24,open_meteo_era5_reanalysis,2026-09-11T14:25:23.413926+00:00
KMIA,25.78806,-80.31692,2026-06-29,26.5,32.8,24,open_meteo_era5_reanalysis,2026-09-11T14:25:23.413928+00:00
KMIA,25.78806,-80.31692,2026-06-30,23.6,34.1,24,open_meteo_era5_reanalysis,2026-09-11T14:25:23.413931+00:00
KMIA,25.78806,-80.31692,2026-07-01,24.2,32.3,24,open_meteo_era5_reanalysis,2026-09-11T14:25:23.413933+00:00
KMIA,25.78806,-80.31692,2026-07-02,23.8,33.2,24,open_meteo_era5_reanalysis,2026-09-11T14:25:23.413936+00:00
KMIA,25.78806,-80.31692,2026-07-03,26.0,32.3,24,open_meteo_era5_reanalysis,2026-09-11T14:25:23.413952+00:00
KMIA,25.78806,-80.31692,2026-07-04,26.0,32.8,24,open_meteo_era5_reanalysis,2026-09-11T14:25:23.413959+00:00
KMIA,25.78806,-80.31692,2026-07-05,26.3,31.9,24,open_meteo_era5_reanalysis,2026-09-11T14:25:23.413965+00:00
KMIA,25.78806,-80.31692,2026-07-06,24.7,30.0,24,open_meteo_era5_reanalysis,2026-09-11T14:25:23.413970+00:00
KMIA,25.78806,-80.31692,2026-07-07,25.9,32.5,24,open_meteo_era5_reanalysis,2026-09-11T14:25:23.413976+00:00
KMIA,25.78806,-80.31692,2026-07-08,27.9,32.7,24,open_meteo_era5_reanalysis,2026-09-11T14:25:23.413981+00:00
KMIA,25.78806,-80.31692,2026-07-09,27.0,32.7,24,open_meteo_era5_reanalysis,2026-09-11T14:25:23.413986+00:00
KMIA,25.78806,-80.31692,2026-07-10,26.5,32.6,24,open_meteo_era5_reanalysis,2026-09-11T14:25:23.413991+00:00
KMIA,25.78806,-80.31692,2026-07-11,22.5,32.4,24,open_meteo_era5_reanalysis,2026-09-11T14:25:23.413998+00:00
KMIA,25.78806,-80.31692,2026-07-12,27.4,33.3,24,open_meteo_era5_reanalysis,2026-09-11T14:25:51.616581+00:00
KMIA,25.78806,-80.31692,2026-07-13,24.5,33.0,24,open_meteo_era5_reanalysis,2026-09-11T14:25:51.616583+00:00
KMIA,25.78806,-80.31692,2026-07-14,24.2,33.9,24,open_meteo_era5_reanalysis,2026-09-11T14:25:51.616586+00:00
KMIA,25.78806,-80.31692,2026-07-15,24.9,34.9,24,open_meteo_era5_reanalysis,2026-09-11T14:25:51.616589+00:00
KMIA,25.78806,-80.31692,2026-07-16,25.5,34.5,24,open_meteo_era5_reanalysis,2026-09-11T14:25:51.616603+00:00
KMIA,25.78806,-80.31692,2026-07-17,22.7,34.2,24,open_meteo_era5_reanalysis,2026-09-11T14:25:51.616606+00:00
KMIA,25.78806,-80.31692,2026-07-18,24.5,32.0,24,open_meteo_era5_reanalysis,2026-09-11T14:25:51.616608+00:00
KMIA,25.78806,-80.31692,2026-07-19,26.4,33.3,24,open_meteo_era5_reanalysis,2026-09-11T14:25:51.616611+00:00
KMIA,25.78806,-80.31692,2026-07-20,26.7,32.9,24,open_meteo_era5_reanalysis,2026-09-11T14:25:51.616613+00:00
KMIA,25.78806,-80.31692,2026-07-21,27.4,32.2,24,open_meteo_era5_reanalysis,2026-09-11T14:25:51.616616+00:00
KMIA,25.78806,-80.31692,2026-07-22,26.7,32.3,24,open_meteo_era5_reanalysis,2026-09-11T14:25:51.616618+00:00
KMIA,25.78806,-80.31692,2026-07-23,26.4,33.2,24,open_meteo_era5_reanalysis,2026-09-11T14:25:51.616621+00:00
KMIA,25.78806,-80.31692,2026-07-24,26.3,32.6,24,open_meteo_era5_reanalysis,2026-09-11T14:25:51.616623+00:00
KMIA,25.78806,-80.31692,2026-07-25,26.1,31.5,24,open_meteo_era5_reanalysis,2026-09-11T14:25:51.616626+00:00
KMIA,25.78806,-80.31692,2026-07-26,25.8,32.5,24,open_meteo_era5_reanalysis,2026-09-11T14:25:51.616628+00:00
KMIA,25.78806,-80.31692,2026-07-27,24.6,31.8,24,open_meteo_era5_reanalysis,2026-09-11T14:25:51.616631+00:00
KMIA,25.78806,-80.31692,2026-07-28,25.1,32.9,24,open_meteo_era5_reanalysis,2026-09-11T14:25:51.616634+00:00
KMIA,25.78806,-80.31692,2026-07-29,25.5,32.8,24,open_meteo_era5_reanalysis,2026-09-11T14:25:51.616636+00:00
KMIA,25.78806,-80.31692,2026-07-30,25.7,35.3,24,open_meteo_era5_reanalysis,2026-09-11T14:25:51.616639+00:00
KMIA,25.78806,-80.31692,2026-07-31,25.2,35.3,24,open_meteo_era5_reanalysis,2026-09-11T14:25:51.616641+00:00
KMIA,25.78806,-80.31692,2026-08-01,25.9,35.9,24,open_meteo_era5_reanalysis,2026-09-11T14:25:51.616644+00:00
KMIA,25.78806,-80.31692,2026-08-02,25.6,32.6,24,open_meteo_era5_reanalysis,2026-09-11T14:25:51.616646+00:00
KMIA,25.78806,-80.31692,2026-08-03,23.4,32.8,24,open_meteo_era5_reanalysis,2026-09-11T14:25:51.616649+00:00
KMIA,25.78806,-80.31692,2026-08-04,25.5,31.8,24,open_meteo_era5_reanalysis,2026-09-11T14:25:51.616651+00:00
KMIA,25.78806,-80.31692,2026-08-05,24.7,30.6,24,open_meteo_era5_reanalysis,2026-09-11T14:25:51.616654+00:00
KMIA,25.78806,-80.31692,2026-08-06,24.7,30.1,24,open_meteo_era5_reanalysis,2026-09-11T14:25:51.616656+00:00
KMIA,25.78806,-80.31692,2026-08-07,23.7,31.4,24,open_meteo_era5_reanalysis,2026-09-11T14:25:51.616659+00:00
KMIA,25.78806,-80.31692,2026-08-08,25.8,32.2,24,open_meteo_era5_reanalysis,2026-09-11T14:25:51.616661+00:00
KMIA,25.78806,-80.31692,2026-08-09,26.8,32.2,24,open_meteo_era5_reanalysis,2026-09-11T14:25:51.616664+00:00
KMIA,25.78806,-80.31692,2026-08-10,27.4,32.3,24,open_meteo_era5_reanalysis,2026-09-11T14:25:51.616667+00:00
KMIA,25.78806,-80.31692,2026-08-11,27.0,33.1,24,open_meteo_era5_reanalysis,2026-09-11T14:26:19.817973+00:00
KMIA,25.78806,-80.31692,2026-08-12,24.1,34.4,24,open_meteo_era5_reanalysis,2026-09-11T14:26:19.817975+00:00
KMIA,25.78806,-80.31692,2026-08-13,24.7,33.4,24,open_meteo_era5_reanalysis,2026-09-11T14:26:19.817978+00:00
KMIA,25.78806,-80.31692,2026-08-14,27.0,33.2,24,open_meteo_era5_reanalysis,2026-09-11T14:26:19.817980+00:00
KMIA,25.78806,-80.31692,2026-08-15,26.1,33.8,24,open_meteo_era5_reanalysis,2026-09-11T14:26:19.817983+00:00
KMIA,25.78806,-80.31692,2026-08-16,26.9,34.1,24,open_meteo_era5_reanalysis,2026-09-11T14:26:19.817986+00:00
KMIA,25.78806,-80.31692,2026-08-17,25.3,36.6,24,open_meteo_era5_reanalysis,2026-09-11T14:26:19.817988+00:00
KMIA,25.78806,-80.31692,2026-08-18,25.8,37.7,24,open_meteo_era5_reanalysis,2026-09-11T14:26:19.817991+00:00
KMIA,25.78806,-80.31692,2026-08-19,24.7,36.1,24,open_meteo_era5_reanalysis,2026-09-11T14:26:19.817994+00:00
KMIA,25.78806,-80.31692,2026-08-20,24.6,34.7,24,open_meteo_era5_reanalysis,2026-09-11T14:26:19.817996+00:00
KMIA,25.78806,-80.31692,2026-08-21,23.9,34.3,24,open_meteo_era5_reanalysis,2026-09-11T14:26:19.817999+00:00
KMIA,25.78806,-80.31692,2026-08-22,25.4,34.1,24,open_meteo_era5_reanalysis,2026-09-11T14:26:19.818002+00:00
KMIA,25.78806,-80.31692,2026-08-23,25.2,32.9,24,open_meteo_era5_reanalysis,2026-09-11T14:26:19.818004+00:00
KMIA,25.78806,-80.31692,2026-08-24,25.4,31.9,24,open_meteo_era5_reanalysis,2026-09-11T14:26:19.818007+00:00
KMIA,25.78806,-80.31692,2026-08-25,24.7,33.0,24,open_meteo_era5_reanalysis,2026-09-11T14:26:19.818009+00:00
KMIA,25.78806,-80.31692,2026-08-26,26.9,30.9,24,open_meteo_era5_reanalysis,2026-09-11T14:26:19.818012+00:00
KMIA,25.78806,-80.31692,2026-08-27,27.1,33.4,24,open_meteo_era5_reanalysis,2026-09-11T14:26:19.818015+00:00
KMIA,25.78806,-80.31692,2026-08-28,24.6,32.8,24,open_meteo_era5_reanalysis,2026-09-11T14:26:19.818017+00:00
KMIA,25.78806,-80.31692,2026-08-29,23.6,28.7,24,open_meteo_era5_reanalysis,2026-09-11T14:26:19.818020+00:00
KMIA,25.78806,-80.31692,2026-08-30,25.9,31.3,24,open_meteo_era5_reanalysis,2026-09-11T14:26:19.818023+00:00
KMIA,25.78806,-80.31692,2026-08-31,25.1,31.3,24,open_meteo_era5_reanalysis,2026-09-11T14:26:19.818025+00:00
KMIA,25.78806,-80.31692,2026-09-01,24.0,30.1,24,open_meteo_era5_reanalysis,2026-09-11T14:26:19.818028+00:00
KMIA,25.78806,-80.31692,2026-09-02,25.3,31.7,24,open_meteo_era5_reanalysis,2026-09-11T14:26:19.818030+00:00
KMIA,25.78806,-80.31692,2026-09-03,24.8,32.1,24,open_meteo_era5_reanalysis,2026-09-11T14:26:19.818033+00:00
KMIA,25.78806,-80.31692,2026-09-04,26.3,30.5,24,open_meteo_era5_reanalysis,2026-09-11T14:26:19.818036+00:00
KMIA,25.78806,-80.31692,2026-09-05,24.6,31.4,24,open_meteo_era5_reanalysis,2026-09-11T14:26:19.818038+00:00
KMIA,25.78806,-80.31692,2026-09-06,24.3,29.9,24,open_meteo_era5_reanalysis,2026-09-11T14:26:19.818041+00:00
KMIA,25.78806,-80.31692,2026-09-07,24.9,31.2,24,open_meteo_era5_reanalysis,2026-09-11T14:26:19.818044+00:00
KMIA,25.78806,-80.31692,2026-09-08,24.2,32.4,24,open_meteo_era5_reanalysis,2026-09-11T14:26:19.818046+00:00
KMIA,25.78806,-80.31692,2026-09-09,24.0,30.2,24,open_meteo_era5_reanalysis,2026-09-11T14:26:19.818049+00:00
KORD,41.96017,-87.93161,2026-06-12,15.6,26.1,24,open_meteo_era5_reanalysis,2026-09-11T14:25:26.547062+00:00
KORD,41.96017,-87.93161,2026-06-13,17.4,28.0,24,open_meteo_era5_reanalysis,2026-09-11T14:25:26.547074+00:00
KORD,41.96017,-87.93161,2026-06-14,13.9,20.6,24,open_meteo_era5_reanalysis,2026-09-11T14:25:26.547078+00:00
KORD,41.96017,-87.93161,2026-06-15,10.9,23.7,24,open_meteo_era5_reanalysis,2026-09-11T14:25:26.547081+00:00
KORD,41.96017,-87.93161,2026-06-16,15.5,23.0,24,open_meteo_era5_reanalysis,2026-09-11T14:25:26.547084+00:00
KORD,41.96017,-87.93161,2026-06-17,13.8,20.5,24,open_meteo_era5_reanalysis,2026-09-11T14:25:26.547086+00:00
KORD,41.96017,-87.93161,2026-06-18,16.3,21.9,24,open_meteo_era5_reanalysis,2026-09-11T14:25:26.547089+00:00
KORD,41.96017,-87.93161,2026-06-19,14.1,24.2,24,open_meteo_era5_reanalysis,2026-09-11T14:25:26.547092+00:00
KORD,41.96017,-87.93161,2026-06-20,15.5,24.9,24,open_meteo_era5_reanalysis,2026-09-11T14:25:26.547094+00:00
KORD,41.96017,-87.93161,2026-06-21,15.3,24.1,24,open_meteo_era5_reanalysis,2026-09-11T14:25:26.547097+00:00
KORD,41.96017,-87.93161,2026-06-22,14.6,22.0,24,open_meteo_era5_reanalysis,2026-09-11T14:25:26.547099+00:00
KORD,41.96017,-87.93161,2026-06-23,13.0,22.8,24,open_meteo_era5_reanalysis,2026-09-11T14:25:26.547102+00:00
KORD,41.96017,-87.93161,2026-06-24,14.3,23.2,24,open_meteo_era5_reanalysis,2026-09-11T14:25:26.547105+00:00
KORD,41.96017,-87.93161,2026-06-25,16.4,25.3,24,open_meteo_era5_reanalysis,2026-09-11T14:25:26.547107+00:00
KORD,41.96017,-87.93161,2026-06-26,15.2,19.0,24,open_meteo_era5_reanalysis,2026-09-11T14:25:26.547110+00:00
KORD,41.96017,-87.93161,2026-06-27,16.4,24.7,24,open_meteo_era5_reanalysis,2026-09-11T14:25:26.547112+00:00
KORD,41.96017,-87.93161,2026-06-28,17.1,27.2,24,open_meteo_era5_reanalysis,2026-09-11T14:25:26.547115+00:00
KORD,41.96017,-87.93161,2026-06-29,21.7,33.2,24,open_meteo_era5_reanalysis,2026-09-11T14:25:26.547118+00:00
KORD,41.96017,-87.93161,2026-06-30,25.4,33.7,24,open_meteo_era5_reanalysis,2026-09-11T14:25:26.547120+00:00
KORD,41.96017,-87.93161,2026-07-01,26.2,35.7,24,open_meteo_era5_reanalysis,2026-09-11T14:25:26.547123+00:00
KORD,41.96017,-87.93161,2026-07-02,24.4,35.0,24,open_meteo_era5_reanalysis,2026-09-11T14:25:26.547125+00:00
KORD,41.96017,-87.93161,2026-07-03,22.7,31.5,24,open_meteo_era5_reanalysis,2026-09-11T14:25:26.547128+00:00
KORD,41.96017,-87.93161,2026-07-04,20.4,31.4,24,open_meteo_era5_reanalysis,2026-09-11T14:25:26.547131+00:00
KORD,41.96017,-87.93161,2026-07-05,19.0,24.1,24,open_meteo_era5_reanalysis,2026-09-11T14:25:26.547133+00:00
KORD,41.96017,-87.93161,2026-07-06,19.1,26.2,24,open_meteo_era5_reanalysis,2026-09-11T14:25:26.547136+00:00
KORD,41.96017,-87.93161,2026-07-07,17.6,29.9,24,open_meteo_era5_reanalysis,2026-09-11T14:25:26.547138+00:00
KORD,41.96017,-87.93161,2026-07-08,19.1,30.8,24,open_meteo_era5_reanalysis,2026-09-11T14:25:26.547141+00:00
KORD,41.96017,-87.93161,2026-07-09,21.8,29.0,24,open_meteo_era5_reanalysis,2026-09-11T14:25:26.547144+00:00
KORD,41.96017,-87.93161,2026-07-10,20.3,28.3,24,open_meteo_era5_reanalysis,2026-09-11T14:25:26.547146+00:00
KORD,41.96017,-87.93161,2026-07-11,19.3,28.9,24,open_meteo_era5_reanalysis,2026-09-11T14:25:26.547149+00:00
KORD,41.96017,-87.93161,2026-07-12,19.9,31.0,24,open_meteo_era5_reanalysis,2026-09-11T14:25:54.742947+00:00
KORD,41.96017,-87.93161,2026-07-13,19.4,34.0,24,open_meteo_era5_reanalysis,2026-09-11T14:25:54.742960+00:00
KORD,41.96017,-87.93161,2026-07-14,21.9,37.1,24,open_meteo_era5_reanalysis,2026-09-11T14:25:54.742964+00:00
KORD,41.96017,-87.93161,2026-07-15,23.6,36.1,24,open_meteo_era5_reanalysis,2026-09-11T14:25:54.742967+00:00
KORD,41.96017,-87.93161,2026-07-16,23.4,33.9,24,open_meteo_era5_reanalysis,2026-09-11T14:25:54.742970+00:00
KORD,41.96017,-87.93161,2026-07-17,21.5,31.7,24,open_meteo_era5_reanalysis,2026-09-11T14:25:54.742973+00:00
KORD,41.96017,-87.93161,2026-07-18,21.4,31.2,24,open_meteo_era5_reanalysis,2026-09-11T14:25:54.742975+00:00
KORD,41.96017,-87.93161,2026-07-19,19.0,24.9,24,open_meteo_era5_reanalysis,2026-09-11T14:25:54.742978+00:00
KORD,41.96017,-87.93161,2026-07-20,16.0,26.6,24,open_meteo_era5_reanalysis,2026-09-11T14:25:54.742981+00:00
KORD,41.96017,-87.93161,2026-07-21,19.0,29.1,24,open_meteo_era5_reanalysis,2026-09-11T14:25:54.742984+00:00
KORD,41.96017,-87.93161,2026-07-22,15.1,22.3,24,open_meteo_era5_reanalysis,2026-09-11T14:25:54.742987+00:00
KORD,41.96017,-87.93161,2026-07-23,13.1,25.6,24,open_meteo_era5_reanalysis,2026-09-11T14:25:54.742990+00:00
KORD,41.96017,-87.93161,2026-07-24,16.7,26.4,24,open_meteo_era5_reanalysis,2026-09-11T14:25:54.742993+00:00
KORD,41.96017,-87.93161,2026-07-25,16.3,26.9,24,open_meteo_era5_reanalysis,2026-09-11T14:25:54.742996+00:00
KORD,41.96017,-87.93161,2026-07-26,21.5,34.9,24,open_meteo_era5_reanalysis,2026-09-11T14:25:54.742999+00:00
KORD,41.96017,-87.93161,2026-07-27,22.2,26.8,24,open_meteo_era5_reanalysis,2026-09-11T14:25:54.743002+00:00
KORD,41.96017,-87.93161,2026-07-28,20.1,26.2,24,open_meteo_era5_reanalysis,2026-09-11T14:25:54.743005+00:00
KORD,41.96017,-87.93161,2026-07-29,17.0,26.9,24,open_meteo_era5_reanalysis,2026-09-11T14:25:54.743007+00:00
KORD,41.96017,-87.93161,2026-07-30,16.2,30.8,24,open_meteo_era5_reanalysis,2026-09-11T14:25:54.743010+00:00
KORD,41.96017,-87.93161,2026-07-31,19.7,27.7,24,open_meteo_era5_reanalysis,2026-09-11T14:25:54.743013+00:00
KORD,41.96017,-87.93161,2026-08-01,20.0,21.3,24,open_meteo_era5_reanalysis,2026-09-11T14:25:54.743016+00:00
KORD,41.96017,-87.93161,2026-08-02,18.9,24.0,24,open_meteo_era5_reanalysis,2026-09-11T14:25:54.743019+00:00
KORD,41.96017,-87.93161,2026-08-03,16.6,28.3,24,open_meteo_era5_reanalysis,2026-09-11T14:25:54.743021+00:00
KORD,41.96017,-87.93161,2026-08-04,19.3,29.9,24,open_meteo_era5_reanalysis,2026-09-11T14:25:54.743024+00:00
KORD,41.96017,-87.93161,2026-08-05,20.8,29.6,24,open_meteo_era5_reanalysis,2026-09-11T14:25:54.743027+00:00
KORD,41.96017,-87.93161,2026-08-06,19.7,27.0,24,open_meteo_era5_reanalysis,2026-09-11T14:25:54.743030+00:00
KORD,41.96017,-87.93161,2026-08-07,20.2,29.3,24,open_meteo_era5_reanalysis,2026-09-11T14:25:54.743033+00:00
KORD,41.96017,-87.93161,2026-08-08,21.0,30.3,24,open_meteo_era5_reanalysis,2026-09-11T14:25:54.743036+00:00
KORD,41.96017,-87.93161,2026-08-09,17.8,27.1,24,open_meteo_era5_reanalysis,2026-09-11T14:25:54.743038+00:00
KORD,41.96017,-87.93161,2026-08-10,20.0,29.7,24,open_meteo_era5_reanalysis,2026-09-11T14:25:54.743041+00:00
KORD,41.96017,-87.93161,2026-08-11,20.3,26.3,24,open_meteo_era5_reanalysis,2026-09-11T14:26:22.949614+00:00
KORD,41.96017,-87.93161,2026-08-12,19.4,28.8,24,open_meteo_era5_reanalysis,2026-09-11T14:26:22.949627+00:00
KORD,41.96017,-87.93161,2026-08-13,20.9,27.1,24,open_meteo_era5_reanalysis,2026-09-11T14:26:22.949631+00:00
KORD,41.96017,-87.93161,2026-08-14,20.4,26.6,24,open_meteo_era5_reanalysis,2026-09-11T14:26:22.949633+00:00
KORD,41.96017,-87.93161,2026-08-15,21.3,27.0,24,open_meteo_era5_reanalysis,2026-09-11T14:26:22.949636+00:00
KORD,41.96017,-87.93161,2026-08-16,21.6,29.5,24,open_meteo_era5_reanalysis,2026-09-11T14:26:22.949639+00:00
KORD,41.96017,-87.93161,2026-08-17,18.6,25.6,24,open_meteo_era5_reanalysis,2026-09-11T14:26:22.949642+00:00
KORD,41.96017,-87.93161,2026-08-18,17.8,27.2,24,open_meteo_era5_reanalysis,2026-09-11T14:26:22.949644+00:00
KORD,41.96017,-87.93161,2026-08-19,17.7,26.6,24,open_meteo_era5_reanalysis,2026-09-11T14:26:22.949647+00:00
KORD,41.96017,-87.93161,2026-08-20,17.1,25.2,24,open_meteo_era5_reanalysis,2026-09-11T14:26:22.949650+00:00
KORD,41.96017,-87.93161,2026-08-21,15.4,26.2,24,open_meteo_era5_reanalysis,2026-09-11T14:26:22.949652+00:00
KORD,41.96017,-87.93161,2026-08-22,18.2,26.5,24,open_meteo_era5_reanalysis,2026-09-11T14:26:22.949655+00:00
KORD,41.96017,-87.93161,2026-08-23,15.5,24.0,24,open_meteo_era5_reanalysis,2026-09-11T14:26:22.949657+00:00
KORD,41.96017,-87.93161,2026-08-24,13.2,25.5,24,open_meteo_era5_reanalysis,2026-09-11T14:26:22.949660+00:00
KORD,41.96017,-87.93161,2026-08-25,13.9,26.6,24,open_meteo_era5_reanalysis,2026-09-11T14:26:22.949662+00:00
KORD,41.96017,-87.93161,2026-08-26,18.3,28.5,24,open_meteo_era5_reanalysis,2026-09-11T14:26:22.949665+00:00
KORD,41.96017,-87.93161,2026-08-27,17.5,26.9,24,open_meteo_era5_reanalysis,2026-09-11T14:26:22.949668+00:00
KORD,41.96017,-87.93161,2026-08-28,17.7,27.8,24,open_meteo_era5_reanalysis,2026-09-11T14:26:22.949670+00:00
KORD,41.96017,-87.93161,2026-08-29,16.7,27.2,24,open_meteo_era5_reanalysis,2026-09-11T14:26:22.949673+00:00
KORD,41.96017,-87.93161,2026-08-30,20.5,26.8,24,open_meteo_era5_reanalysis,2026-09-11T14:26:22.949675+00:00
KORD,41.96017,-87.93161,2026-08-31,21.2,29.8,24,open_meteo_era5_reanalysis,2026-09-11T14:26:22.949679+00:00
KORD,41.96017,-87.93161,2026-09-01,23.7,32.2,24,open_meteo_era5_reanalysis,2026-09-11T14:26:22.949683+00:00
KORD,41.96017,-87.93161,2026-09-02,24.7,34.1,24,open_meteo_era5_reanalysis,2026-09-11T14:26:22.949686+00:00
KORD,41.96017,-87.93161,2026-09-03,22.3,31.8,24,open_meteo_era5_reanalysis,2026-09-11T14:26:22.949689+00:00
KORD,41.96017,-87.93161,2026-09-04,22.9,31.7,24,open_meteo_era5_reanalysis,2026-09-11T14:26:22.949692+00:00
KORD,41.96017,-87.93161,2026-09-05,21.6,26.7,24,open_meteo_era5_reanalysis,2026-09-11T14:26:22.949694+00:00
KORD,41.96017,-87.93161,2026-09-06,19.9,25.2,24,open_meteo_era5_reanalysis,2026-09-11T14:26:22.949697+00:00
KORD,41.96017,-87.93161,2026-09-07,16.6,25.7,24,open_meteo_era5_reanalysis,2026-09-11T14:26:22.949700+00:00
KORD,41.96017,-87.93161,2026-09-08,16.1,27.9,24,open_meteo_era5_reanalysis,2026-09-11T14:26:22.949702+00:00
KORD,41.96017,-87.93161,2026-09-09,20.9,25.5,24,open_meteo_era5_reanalysis,2026-09-11T14:26:22.949705+00:00
KSEA,47.44467,-122.31442,2026-06-12,11.1,22.3,24,open_meteo_era5_reanalysis,2026-09-11T14:25:26.547358+00:00
KSEA,47.44467,-122.31442,2026-06-13,13.6,27.0,24,open_meteo_era5_reanalysis,2026-09-11T14:25:26.547361+00:00
KSEA,47.44467,-122.31442,2026-06-14,15.6,31.2,24,open_meteo_era5_reanalysis,2026-09-11T14:25:26.547363+00:00
KSEA,47.44467,-122.31442,2026-06-15,16.6,34.1,24,open_meteo_era5_reanalysis,2026-09-11T14:25:26.547366+00:00
KSEA,47.44467,-122.31442,2026-06-16,14.6,25.4,24,open_meteo_era5_reanalysis,2026-09-11T14:25:26.547369+00:00
KSEA,47.44467,-122.31442,2026-06-17,11.5,24.2,24,open_meteo_era5_reanalysis,2026-09-11T14:25:26.547371+00:00
KSEA,47.44467,-122.31442,2026-06-18,13.1,25.7,24,open_meteo_era5_reanalysis,2026-09-11T14:25:26.547374+00:00
KSEA,47.44467,-122.31442,2026-06-19,15.3,28.7,24,open_meteo_era5_reanalysis,2026-09-11T14:25:26.547376+00:00
KSEA,47.44467,-122.31442,2026-06-20,12.3,22.1,24,open_meteo_era5_reanalysis,2026-09-11T14:25:26.547379+00:00
KSEA,47.44467,-122.31442,2026-06-21,11.0,24.9,24,open_meteo_era5_reanalysis,2026-09-11T14:25:26.547381+00:00
KSEA,47.44467,-122.31442,2026-06-22,14.7,29.1,24,open_meteo_era5_reanalysis,2026-09-11T14:25:26.547384+00:00
KSEA,47.44467,-122.31442,2026-06-23,17.6,32.4,24,open_meteo_era5_reanalysis,2026-09-11T14:25:26.547391+00:00
KSEA,47.44467,-122.31442,2026-06-24,16.5,32.2,24,open_meteo_era5_reanalysis,2026-09-11T14:25:26.547393+00:00
KSEA,47.44467,-122.31442,2026-06-25,12.5,20.0,24,open_meteo_era5_reanalysis,2026-09-11T14:25:26.547396+00:00
KSEA,47.44467,-122.31442,2026-06-26,13.2,18.2,24,open_meteo_era5_reanalysis,2026-09-11T14:25:26.547399+00:00
KSEA,47.44467,-122.31442,2026-06-27,11.1,19.3,24,open_meteo_era5_reanalysis,2026-09-11T14:25:26.547401+00:00
KSEA,47.44467,-122.31442,2026-06-28,11.7,19.8,24,open_meteo_era5_reanalysis,2026-09-11T14:25:26.547404+00:00
KSEA,47.44467,-122.31442,2026-06-29,11.7,19.2,24,open_meteo_era5_reanalysis,2026-09-11T14:25:26.547406+00:00
KSEA,47.44467,-122.31442,2026-06-30,11.7,17.6,24,open_meteo_era5_reanalysis,2026-09-11T14:25:26.547409+00:00
KSEA,47.44467,-122.31442,2026-07-01,10.3,19.0,24,open_meteo_era5_reanalysis,2026-09-11T14:25:26.547411+00:00
KSEA,47.44467,-122.31442,2026-07-02,11.3,20.2,24,open_meteo_era5_reanalysis,2026-09-11T14:25:26.547414+00:00
KSEA,47.44467,-122.31442,2026-07-03,14.5,23.7,24,open_meteo_era5_reanalysis,2026-09-11T14:25:26.547416+00:00
KSEA,47.44467,-122.31442,2026-07-04,12.9,23.7,24,open_meteo_era5_reanalysis,2026-09-11T14:25:26.547419+00:00
KSEA,47.44467,-122.31442,2026-07-05,12.2,23.7,24,open_meteo_era5_reanalysis,2026-09-11T14:25:26.547422+00:00
KSEA,47.44467,-122.31442,2026-07-06,13.4,28.6,24,open_meteo_era5_reanalysis,2026-09-11T14:25:26.547424+00:00
KSEA,47.44467,-122.31442,2026-07-07,12.0,25.9,24,open_meteo_era5_reanalysis,2026-09-11T14:25:26.547427+00:00
KSEA,47.44467,-122.31442,2026-07-08,13.9,23.3,24,open_meteo_era5_reanalysis,2026-09-11T14:25:26.547429+00:00
KSEA,47.44467,-122.31442,2026-07-09,12.0,26.2,24,open_meteo_era5_reanalysis,2026-09-11T14:25:26.547432+00:00
KSEA,47.44467,-122.31442,2026-07-10,14.1,27.3,24,open_meteo_era5_reanalysis,2026-09-11T14:25:26.547434+00:00
KSEA,47.44467,-122.31442,2026-07-11,14.3,25.1,24,open_meteo_era5_reanalysis,2026-09-11T14:25:26.547437+00:00
KSEA,47.44467,-122.31442,2026-07-12,12.5,22.0,24,open_meteo_era5_reanalysis,2026-09-11T14:25:54.743287+00:00
KSEA,47.44467,-122.31442,2026-07-13,12.3,26.2,24,open_meteo_era5_reanalysis,2026-09-11T14:25:54.743290+00:00
KSEA,47.44467,-122.31442,2026-07-14,13.8,29.5,24,open_meteo_era5_reanalysis,2026-09-11T14:25:54.743293+00:00
KSEA,47.44467,-122.31442,2026-07-15,13.8,28.9,24,open_meteo_era5_reanalysis,2026-09-11T14:25:54.743295+00:00
KSEA,47.44467,-122.31442,2026-07-16,13.6,20.5,24,open_meteo_era5_reanalysis,2026-09-11T14:25:54.743298+00:00
KSEA,47.44467,-122.31442,2026-07-17,14.0,22.0,24,open_meteo_era5_reanalysis,2026-09-11T14:25:54.743301+00:00
KSEA,47.44467,-122.31442,2026-07-18,13.8,23.5,24,open_meteo_era5_reanalysis,2026-09-11T14:25:54.743303+00:00
KSEA,47.44467,-122.31442,2026-07-19,13.7,24.7,24,open_meteo_era5_reanalysis,2026-09-11T14:25:54.743306+00:00
KSEA,47.44467,-122.31442,2026-07-20,15.1,28.4,24,open_meteo_era5_reanalysis,2026-09-11T14:25:54.743308+00:00
KSEA,47.44467,-122.31442,2026-07-21,17.1,33.9,24,open_meteo_era5_reanalysis,2026-09-11T14:25:54.743311+00:00
KSEA,47.44467,-122.31442,2026-07-22,18.0,33.4,24,open_meteo_era5_reanalysis,2026-09-11T14:25:54.743313+00:00
KSEA,47.44467,-122.31442,2026-07-23,16.0,23.9,24,open_meteo_era5_reanalysis,2026-09-11T14:25:54.743316+00:00
KSEA,47.44467,-122.31442,2026-07-24,13.9,27.9,24,open_meteo_era5_reanalysis,2026-09-11T14:25:54.743319+00:00
KSEA,47.44467,-122.31442,2026-07-25,14.3,22.3,24,open_meteo_era5_reanalysis,2026-09-11T14:25:54.743321+00:00
KSEA,47.44467,-122.31442,2026-07-26,15.3,22.6,24,open_meteo_era5_reanalysis,2026-09-11T14:25:54.743324+00:00
KSEA,47.44467,-122.31442,2026-07-27,13.8,26.2,24,open_meteo_era5_reanalysis,2026-09-11T14:25:54.743326+00:00
KSEA,47.44467,-122.31442,2026-07-28,15.7,22.4,24,open_meteo_era5_reanalysis,2026-09-11T14:25:54.743329+00:00
KSEA,47.44467,-122.31442,2026-07-29,13.1,24.3,24,open_meteo_era5_reanalysis,2026-09-11T14:25:54.743331+00:00
KSEA,47.44467,-122.31442,2026-07-30,11.7,26.2,24,open_meteo_era5_reanalysis,2026-09-11T14:25:54.743334+00:00
KSEA,47.44467,-122.31442,2026-07-31,12.9,29.5,24,open_meteo_era5_reanalysis,2026-09-11T14:25:54.743337+00:00
KSEA,47.44467,-122.31442,2026-08-01,15.2,22.2,24,open_meteo_era5_reanalysis,2026-09-11T14:25:54.743339+00:00
KSEA,47.44467,-122.31442,2026-08-02,12.6,21.8,24,open_meteo_era5_reanalysis,2026-09-11T14:25:54.743342+00:00
KSEA,47.44467,-122.31442,2026-08-03,12.1,24.4,24,open_meteo_era5_reanalysis,2026-09-11T14:25:54.743344+00:00
KSEA,47.44467,-122.31442,2026-08-04,14.6,27.9,24,open_meteo_era5_reanalysis,2026-09-11T14:25:54.743347+00:00
KSEA,47.44467,-122.31442,2026-08-05,15.0,30.5,24,open_meteo_era5_reanalysis,2026-09-11T14:25:54.743350+00:00
KSEA,47.44467,-122.31442,2026-08-06,13.7,31.3,24,open_meteo_era5_reanalysis,2026-09-11T14:25:54.743352+00:00
KSEA,47.44467,-122.31442,2026-08-07,13.5,31.2,24,open_meteo_era5_reanalysis,2026-09-11T14:25:54.743355+00:00
KSEA,47.44467,-122.31442,2026-08-08,14.1,29.1,24,open_meteo_era5_reanalysis,2026-09-11T14:25:54.743357+00:00
KSEA,47.44467,-122.31442,2026-08-09,13.7,26.3,24,open_meteo_era5_reanalysis,2026-09-11T14:25:54.743360+00:00
KSEA,47.44467,-122.31442,2026-08-10,12.3,25.1,24,open_meteo_era5_reanalysis,2026-09-11T14:25:54.743362+00:00
KSEA,47.44467,-122.31442,2026-08-11,14.1,26.5,24,open_meteo_era5_reanalysis,2026-09-11T14:26:22.949914+00:00
KSEA,47.44467,-122.31442,2026-08-12,14.7,26.0,24,open_meteo_era5_reanalysis,2026-09-11T14:26:22.949917+00:00
KSEA,47.44467,-122.31442,2026-08-13,14.0,27.8,24,open_meteo_era5_reanalysis,2026-09-11T14:26:22.949920+00:00
KSEA,47.44467,-122.31442,2026-08-14,13.5,27.3,24,open_meteo_era5_reanalysis,2026-09-11T14:26:22.949923+00:00
KSEA,47.44467,-122.31442,2026-08-15,14.3,25.1,24,open_meteo_era5_reanalysis,2026-09-11T14:26:22.949925+00:00
KSEA,47.44467,-122.31442,2026-08-16,15.4,24.2,24,open_meteo_era5_reanalysis,2026-09-11T14:26:22.949928+00:00
KSEA,47.44467,-122.31442,2026-08-17,13.8,25.2,24,open_meteo_era5_reanalysis,2026-09-11T14:26:22.949931+00:00
KSEA,47.44467,-122.31442,2026-08-18,14.3,27.6,24,open_meteo_era5_reanalysis,2026-09-11T14:26:22.949933+00:00
KSEA,47.44467,-122.31442,2026-08-19,13.3,28.3,24,open_meteo_era5_reanalysis,2026-09-11T14:26:22.949936+00:00
KSEA,47.44467,-122.31442,2026-08-20,14.7,28.9,24,open_meteo_era5_reanalysis,2026-09-11T14:26:22.949938+00:00
KSEA,47.44467,-122.31442,2026-08-21,14.7,29.0,24,open_meteo_era5_reanalysis,2026-09-11T14:26:22.949941+00:00
KSEA,47.44467,-122.31442,2026-08-22,15.1,23.7,24,open_meteo_era5_reanalysis,2026-09-11T14:26:22.949943+00:00
KSEA,47.44467,-122.31442,2026-08-23,15.0,23.9,24,open_meteo_era5_reanalysis,2026-09-11T14:26:22.949946+00:00
KSEA,47.44467,-122.31442,2026-08-24,13.5,25.1,24,open_meteo_era5_reanalysis,2026-09-11T14:26:22.949948+00:00
KSEA,47.44467,-122.31442,2026-08-25,14.4,30.0,24,open_meteo_era5_reanalysis,2026-09-11T14:26:22.949951+00:00
KSEA,47.44467,-122.31442,2026-08-26,15.1,26.2,24,open_meteo_era5_reanalysis,2026-09-11T14:26:22.949953+00:00
KSEA,47.44467,-122.31442,2026-08-27,14.9,22.9,24,open_meteo_era5_reanalysis,2026-09-11T14:26:22.949956+00:00
KSEA,47.44467,-122.31442,2026-08-28,14.1,22.4,24,open_meteo_era5_reanalysis,2026-09-11T14:26:22.949958+00:00
KSEA,47.44467,-122.31442,2026-08-29,12.4,21.5,24,open_meteo_era5_reanalysis,2026-09-11T14:26:22.949961+00:00
KSEA,47.44467,-122.31442,2026-08-30,11.4,21.7,24,open_meteo_era5_reanalysis,2026-09-11T14:26:22.949963+00:00
KSEA,47.44467,-122.31442,2026-08-31,12.9,23.3,24,open_meteo_era5_reanalysis,2026-09-11T14:26:22.949966+00:00
KSEA,47.44467,-122.31442,2026-09-01,12.2,20.6,24,open_meteo_era5_reanalysis,2026-09-11T14:26:22.949969+00:00
KSEA,47.44467,-122.31442,2026-09-02,12.7,20.2,24,open_meteo_era5_reanalysis,2026-09-11T14:26:22.949971+00:00
KSEA,47.44467,-122.31442,2026-09-03,10.5,18.6,24,open_meteo_era5_reanalysis,2026-09-11T14:26:22.949974+00:00
KSEA,47.44467,-122.31442,2026-09-04,11.0,19.6,24,open_meteo_era5_reanalysis,2026-09-11T14:26:22.949976+00:00
KSEA,47.44467,-122.31442,2026-09-05,9.7,20.0,24,open_meteo_era5_reanalysis,2026-09-11T14:26:22.949979+00:00
KSEA,47.44467,-122.31442,2026-09-06,11.7,21.7,24,open_meteo_era5_reanalysis,2026-09-11T14:26:22.949981+00:00
KSEA,47.44467,-122.31442,2026-09-07,13.3,20.8,24,open_meteo_era5_reanalysis,2026-09-11T14:26:22.949984+00:00
KSEA,47.44467,-122.31442,2026-09-08,12.7,21.9,24,open_meteo_era5_reanalysis,2026-09-11T14:26:22.949986+00:00
KSEA,47.44467,-122.31442,2026-09-09,12.9,25.0,24,open_meteo_era5_reanalysis,2026-09-11T14:26:22.949989+00:00
KSFO,37.61961,-122.36561,2026-06-12,15.5,27.3,24,open_meteo_era5_reanalysis,2026-09-11T14:25:26.547659+00:00
KSFO,37.61961,-122.36561,2026-06-13,13.8,24.5,24,open_meteo_era5_reanalysis,2026-09-11T14:25:26.547662+00:00
KSFO,37.61961,-122.36561,2026-06-14,14.1,21.8,24,open_meteo_era5_reanalysis,2026-09-11T14:25:26.547665+00:00
KSFO,37.61961,-122.36561,2026-06-15,13.2,21.4,24,open_meteo_era5_reanalysis,2026-09-11T14:25:26.547668+00:00
KSFO,37.61961,-122.36561,2026-06-16,14.1,19.6,24,open_meteo_era5_reanalysis,2026-09-11T14:25:26.547670+00:00
KSFO,37.61961,-122.36561,2026-06-17,14.4,21.3,24,open_meteo_era5_reanalysis,2026-09-11T14:25:26.547673+00:00
KSFO,37.61961,-122.36561,2026-06-18,14.1,20.5,24,open_meteo_era5_reanalysis,2026-09-11T14:25:26.547676+00:00
KSFO,37.61961,-122.36561,2026-06-19,15.0,20.0,24,open_meteo_era5_reanalysis,2026-09-11T14:25:26.547679+00:00
KSFO,37.61961,-122.36561,2026-06-20,13.4,21.1,24,open_meteo_era5_reanalysis,2026-09-11T14:25:26.547681+00:00
KSFO,37.61961,-122.36561,2026-06-21,12.7,19.8,24,open_meteo_era5_reanalysis,2026-09-11T14:25:26.547684+00:00
KSFO,37.61961,-122.36561,2026-06-22,11.9,18.1,24,open_meteo_era5_reanalysis,2026-09-11T14:25:26.547687+00:00
KSFO,37.61961,-122.36561,2026-06-23,12.2,19.0,24,open_meteo_era5_reanalysis,2026-09-11T14:25:26.547689+00:00
KSFO,37.61961,-122.36561,2026-06-24,11.4,18.4,24,open_meteo_era5_reanalysis,2026-09-11T14:25:26.547692+00:00
KSFO,37.61961,-122.36561,2026-06-25,12.0,18.7,24,open_meteo_era5_reanalysis,2026-09-11T14:25:26.547694+00:00
KSFO,37.61961,-122.36561,2026-06-26,12.6,18.8,24,open_meteo_era5_reanalysis,2026-09-11T14:25:26.547697+00:00
KSFO,37.61961,-122.36561,2026-06-27,12.9,18.3,24,open_meteo_era5_reanalysis,2026-09-11T14:25:26.547699+00:00
KSFO,37.61961,-122.36561,2026-06-28,10.1,23.4,24,open_meteo_era5_reanalysis,2026-09-11T14:25:26.547702+00:00
KSFO,37.61961,-122.36561,2026-06-29,11.3,22.8,24,open_meteo_era5_reanalysis,2026-09-11T14:25:26.547705+00:00
KSFO,37.61961,-122.36561,2026-06-30,11.3,18.3,24,open_meteo_era5_reanalysis,2026-09-11T14:25:26.547707+00:00
KSFO,37.61961,-122.36561,2026-07-01,11.1,18.1,24,open_meteo_era5_reanalysis,2026-09-11T14:25:26.547710+00:00
KSFO,37.61961,-122.36561,2026-07-02,11.6,19.6,24,open_meteo_era5_reanalysis,2026-09-11T14:25:26.547712+00:00
KSFO,37.61961,-122.36561,2026-07-03,12.2,21.6,24,open_meteo_era5_reanalysis,2026-09-11T14:25:26.547715+00:00
KSFO,37.61961,-122.36561,2026-07-04,12.5,19.4,24,open_meteo_era5_reanalysis,2026-09-11T14:25:26.547717+00:00
KSFO,37.61961,-122.36561,2026-07-05,12.6,19.6,24,open_meteo_era5_reanalysis,2026-09-11T14:25:26.547720+00:00
KSFO,37.61961,-122.36561,2026-07-06,12.9,18.6,24,open_meteo_era5_reanalysis,2026-09-11T14:25:26.547722+00:00
KSFO,37.61961,-122.36561,2026-07-07,12.7,16.1,24,open_meteo_era5_reanalysis,2026-09-11T14:25:26.547725+00:00
KSFO,37.61961,-122.36561,2026-07-08,11.9,17.4,24,open_meteo_era5_reanalysis,2026-09-11T14:25:26.547727+00:00
KSFO,37.61961,-122.36561,2026-07-09,12.0,19.9,24,open_meteo_era5_reanalysis,2026-09-11T14:25:26.547730+00:00
KSFO,37.61961,-122.36561,2026-07-10,11.5,17.4,24,open_meteo_era5_reanalysis,2026-09-11T14:25:26.547733+00:00
KSFO,37.61961,-122.36561,2026-07-11,11.4,21.0,24,open_meteo_era5_reanalysis,2026-09-11T14:25:26.547735+00:00
KSFO,37.61961,-122.36561,2026-07-12,13.0,25.3,24,open_meteo_era5_reanalysis,2026-09-11T14:25:54.743576+00:00
KSFO,37.61961,-122.36561,2026-07-13,14.3,28.2,24,open_meteo_era5_reanalysis,2026-09-11T14:25:54.743580+00:00
KSFO,37.61961,-122.36561,2026-07-14,13.9,28.6,24,open_meteo_era5_reanalysis,2026-09-11T14:25:54.743582+00:00
KSFO,37.61961,-122.36561,2026-07-15,13.6,22.1,24,open_meteo_era5_reanalysis,2026-09-11T14:25:54.743585+00:00
KSFO,37.61961,-122.36561,2026-07-16,12.4,18.5,24,open_meteo_era5_reanalysis,2026-09-11T14:25:54.743588+00:00
KSFO,37.61961,-122.36561,2026-07-17,11.9,18.2,24,open_meteo_era5_reanalysis,2026-09-11T14:25:54.743590+00:00
KSFO,37.61961,-122.36561,2026-07-18,13.1,19.0,24,open_meteo_era5_reanalysis,2026-09-11T14:25:54.743606+00:00
KSFO,37.61961,-122.36561,2026-07-19,12.9,20.8,24,open_meteo_era5_reanalysis,2026-09-11T14:25:54.743608+00:00
KSFO,37.61961,-122.36561,2026-07-20,14.4,22.2,24,open_meteo_era5_reanalysis,2026-09-11T14:25:54.743611+00:00
KSFO,37.61961,-122.36561,2026-07-21,15.3,32.0,24,open_meteo_era5_reanalysis,2026-09-11T14:25:54.743614+00:00
KSFO,37.61961,-122.36561,2026-07-22,15.7,21.9,24,open_meteo_era5_reanalysis,2026-09-11T14:25:54.743617+00:00
KSFO,37.61961,-122.36561,2026-07-23,14.7,19.0,24,open_meteo_era5_reanalysis,2026-09-11T14:25:54.743619+00:00
KSFO,37.61961,-122.36561,2026-07-24,13.6,19.4,24,open_meteo_era5_reanalysis,2026-09-11T14:25:54.743622+00:00
KSFO,37.61961,-122.36561,2026-07-25,13.3,20.9,24,open_meteo_era5_reanalysis,2026-09-11T14:25:54.743624+00:00
KSFO,37.61961,-122.36561,2026-07-26,14.0,19.4,24,open_meteo_era5_reanalysis,2026-09-11T14:25:54.743627+00:00
KSFO,37.61961,-122.36561,2026-07-27,13.3,19.7,24,open_meteo_era5_reanalysis,2026-09-11T14:25:54.743629+00:00
KSFO,37.61961,-122.36561,2026-07-28,13.7,20.5,24,open_meteo_era5_reanalysis,2026-09-11T14:25:54.743632+00:00
KSFO,37.61961,-122.36561,2026-07-29,13.3,19.4,24,open_meteo_era5_reanalysis,2026-09-11T14:25:54.743635+00:00
KSFO,37.61961,-122.36561,2026-07-30,12.8,21.9,24,open_meteo_era5_reanalysis,2026-09-11T14:25:54.743638+00:00
KSFO,37.61961,-122.36561,2026-07-31,12.3,21.6,24,open_meteo_era5_reanalysis,2026-09-11T14:25:54.743640+00:00
KSFO,37.61961,-122.36561,2026-08-01,12.8,22.8,24,open_meteo_era5_reanalysis,2026-09-11T14:25:54.743643+00:00
KSFO,37.61961,-122.36561,2026-08-02,12.4,25.2,24,open_meteo_era5_reanalysis,2026-09-11T14:25:54.743645+00:00
KSFO,37.61961,-122.36561,2026-08-03,12.3,26.3,24,open_meteo_era5_reanalysis,2026-09-11T14:25:54.743648+00:00
KSFO,37.61961,-122.36561,2026-08-04,14.2,23.4,24,open_meteo_era5_reanalysis,2026-09-11T14:25:54.743650+00:00
KSFO,37.61961,-122.36561,2026-08-05,13.9,22.2,24,open_meteo_era5_reanalysis,2026-09-11T14:25:54.743653+00:00
KSFO,37.61961,-122.36561,2026-08-06,14.2,21.9,24,open_meteo_era5_reanalysis,2026-09-11T14:25:54.743655+00:00
KSFO,37.61961,-122.36561,2026-08-07,13.9,21.6,24,open_meteo_era5_reanalysis,2026-09-11T14:25:54.743658+00:00
KSFO,37.61961,-122.36561,2026-08-08,14.1,20.8,24,open_meteo_era5_reanalysis,2026-09-11T14:25:54.743661+00:00
KSFO,37.61961,-122.36561,2026-08-09,13.8,25.1,24,open_meteo_era5_reanalysis,2026-09-11T14:25:54.743663+00:00
KSFO,37.61961,-122.36561,2026-08-10,13.1,21.1,24,open_meteo_era5_reanalysis,2026-09-11T14:25:54.743666+00:00
KSFO,37.61961,-122.36561,2026-08-11,13.4,20.6,24,open_meteo_era5_reanalysis,2026-09-11T14:26:22.950195+00:00
KSFO,37.61961,-122.36561,2026-08-12,13.8,21.8,24,open_meteo_era5_reanalysis,2026-09-11T14:26:22.950198+00:00
KSFO,37.61961,-122.36561,2026-08-13,14.6,19.6,24,open_meteo_era5_reanalysis,2026-09-11T14:26:22.950201+00:00
KSFO,37.61961,-122.36561,2026-08-14,15.3,19.7,24,open_meteo_era5_reanalysis,2026-09-11T14:26:22.950203+00:00
KSFO,37.61961,-122.36561,2026-08-15,14.7,19.9,24,open_meteo_era5_reanalysis,2026-09-11T14:26:22.950206+00:00
KSFO,37.61961,-122.36561,2026-08-16,14.6,21.9,24,open_meteo_era5_reanalysis,2026-09-11T14:26:22.950209+00:00
KSFO,37.61961,-122.36561,2026-08-17,13.8,21.0,24,open_meteo_era5_reanalysis,2026-09-11T14:26:22.950211+00:00
KSFO,37.61961,-122.36561,2026-08-18,14.0,21.1,24,open_meteo_era5_reanalysis,2026-09-11T14:26:22.950214+00:00
KSFO,37.61961,-122.36561,2026-08-19,14.2,22.0,24,open_meteo_era5_reanalysis,2026-09-11T14:26:22.950216+00:00
KSFO,37.61961,-122.36561,2026-08-20,13.9,20.5,24,open_meteo_era5_reanalysis,2026-09-11T14:26:22.950219+00:00
KSFO,37.61961,-122.36561,2026-08-21,14.5,20.1,24,open_meteo_era5_reanalysis,2026-09-11T14:26:22.950221+00:00
KSFO,37.61961,-122.36561,2026-08-22,13.9,20.9,24,open_meteo_era5_reanalysis,2026-09-11T14:26:22.950224+00:00
KSFO,37.61961,-122.36561,2026-08-23,13.6,25.5,24,open_meteo_era5_reanalysis,2026-09-11T14:26:22.950226+00:00
KSFO,37.61961,-122.36561,2026-08-24,14.4,21.1,24,open_meteo_era5_reanalysis,2026-09-11T14:26:22.950229+00:00
KSFO,37.61961,-122.36561,2026-08-25,14.2,21.5,24,open_meteo_era5_reanalysis,2026-09-11T14:26:22.950231+00:00
KSFO,37.61961,-122.36561,2026-08-26,13.2,23.5,24,open_meteo_era5_reanalysis,2026-09-11T14:26:22.950234+00:00
KSFO,37.61961,-122.36561,2026-08-27,15.1,23.0,24,open_meteo_era5_reanalysis,2026-09-11T14:26:22.950236+00:00
KSFO,37.61961,-122.36561,2026-08-28,13.9,20.0,24,open_meteo_era5_reanalysis,2026-09-11T14:26:22.950239+00:00
KSFO,37.61961,-122.36561,2026-08-29,13.7,20.3,24,open_meteo_era5_reanalysis,2026-09-11T14:26:22.950242+00:00
KSFO,37.61961,-122.36561,2026-08-30,13.0,19.9,24,open_meteo_era5_reanalysis,2026-09-11T14:26:22.950244+00:00
KSFO,37.61961,-122.36561,2026-08-31,13.1,18.3,24,open_meteo_era5_reanalysis,2026-09-11T14:26:22.950247+00:00
KSFO,37.61961,-122.36561,2026-09-01,15.1,21.0,24,open_meteo_era5_reanalysis,2026-09-11T14:26:22.950249+00:00
KSFO,37.61961,-122.36561,2026-09-02,14.4,21.2,24,open_meteo_era5_reanalysis,2026-09-11T14:26:22.950252+00:00
KSFO,37.61961,-122.36561,2026-09-03,14.0,22.3,24,open_meteo_era5_reanalysis,2026-09-11T14:26:22.950254+00:00
KSFO,37.61961,-122.36561,2026-09-04,13.2,21.2,24,open_meteo_era5_reanalysis,2026-09-11T14:26:22.950257+00:00
KSFO,37.61961,-122.36561,2026-09-05,13.0,22.4,24,open_meteo_era5_reanalysis,2026-09-11T14:26:22.950259+00:00
KSFO,37.61961,-122.36561,2026-09-06,13.4,20.8,24,open_meteo_era5_reanalysis,2026-09-11T14:26:22.950262+00:00
KSFO,37.61961,-122.36561,2026-09-07,11.7,27.7,24,open_meteo_era5_reanalysis,2026-09-11T14:26:22.950264+00:00
KSFO,37.61961,-122.36561,2026-09-08,12.6,30.7,24,open_meteo_era5_reanalysis,2026-09-11T14:26:22.950267+00:00
KSFO,37.61961,-122.36561,2026-09-09,18.0,36.5,24,open_meteo_era5_reanalysis,2026-09-11T14:26:22.950269+00:00
LEMD,40.466,-3.555,2026-06-12,18.3,33.8,24,open_meteo_era5_reanalysis,2026-09-11T14:25:26.547943+00:00
LEMD,40.466,-3.555,2026-06-13,20.3,33.7,24,open_meteo_era5_reanalysis,2026-09-11T14:25:26.547946+00:00
LEMD,40.466,-3.555,2026-06-14,20.6,34.3,24,open_meteo_era5_reanalysis,2026-09-11T14:25:26.547948+00:00
LEMD,40.466,-3.555,2026-06-15,17.8,29.9,24,open_meteo_era5_reanalysis,2026-09-11T14:25:26.547951+00:00
LEMD,40.466,-3.555,2026-06-16,18.0,33.0,24,open_meteo_era5_reanalysis,2026-09-11T14:25:26.547954+00:00
LEMD,40.466,-3.555,2026-06-17,20.2,35.0,24,open_meteo_era5_reanalysis,2026-09-11T14:25:26.548021+00:00
LEMD,40.466,-3.555,2026-06-18,21.0,34.9,24,open_meteo_era5_reanalysis,2026-09-11T14:25:26.548024+00:00
LEMD,40.466,-3.555,2026-06-19,21.9,35.9,24,open_meteo_era5_reanalysis,2026-09-11T14:25:26.548027+00:00
LEMD,40.466,-3.555,2026-06-20,20.5,36.0,24,open_meteo_era5_reanalysis,2026-09-11T14:25:26.548029+00:00
LEMD,40.466,-3.555,2026-06-21,21.2,38.9,24,open_meteo_era5_reanalysis,2026-09-11T14:25:26.548032+00:00
LEMD,40.466,-3.555,2026-06-22,23.4,39.5,24,open_meteo_era5_reanalysis,2026-09-11T14:25:26.548034+00:00
LEMD,40.466,-3.555,2026-06-23,23.0,40.0,24,open_meteo_era5_reanalysis,2026-09-11T14:25:26.548037+00:00
LEMD,40.466,-3.555,2026-06-24,23.6,38.5,24,open_meteo_era5_reanalysis,2026-09-11T14:25:26.548039+00:00
LEMD,40.466,-3.555,2026-06-25,24.2,32.4,24,open_meteo_era5_reanalysis,2026-09-11T14:25:26.548042+00:00
LEMD,40.466,-3.555,2026-06-26,20.3,32.9,24,open_meteo_era5_reanalysis,2026-09-11T14:25:26.548045+00:00
LEMD,40.466,-3.555,2026-06-27,20.9,35.0,24,open_meteo_era5_reanalysis,2026-09-11T14:25:26.548047+00:00
LEMD,40.466,-3.555,2026-06-28,22.5,34.6,24,open_meteo_era5_reanalysis,2026-09-11T14:25:26.548050+00:00
LEMD,40.466,-3.555,2026-06-29,18.9,33.4,24,open_meteo_era5_reanalysis,2026-09-11T14:25:26.548052+00:00
LEMD,40.466,-3.555,2026-06-30,20.7,36.6,24,open_meteo_era5_reanalysis,2026-09-11T14:25:26.548055+00:00
LEMD,40.466,-3.555,2026-07-01,21.5,36.7,24,open_meteo_era5_reanalysis,2026-09-11T14:25:26.548058+00:00
LEMD,40.466,-3.555,2026-07-02,18.0,35.1,24,open_meteo_era5_reanalysis,2026-09-11T14:25:26.548060+00:00
LEMD,40.466,-3.555,2026-07-03,19.9,36.7,24,open_meteo_era5_reanalysis,2026-09-11T14:25:26.548063+00:00
LEMD,40.466,-3.555,2026-07-04,21.4,38.4,24,open_meteo_era5_reanalysis,2026-09-11T14:25:26.548065+00:00
LEMD,40.466,-3.555,2026-07-05,23.0,37.5,24,open_meteo_era5_reanalysis,2026-09-11T14:25:26.548068+00:00
LEMD,40.466,-3.555,2026-07-06,23.7,38.4,24,open_meteo_era5_reanalysis,2026-09-11T14:25:26.548070+00:00
LEMD,40.466,-3.555,2026-07-07,23.2,39.5,24,open_meteo_era5_reanalysis,2026-09-11T14:25:26.548073+00:00
LEMD,40.466,-3.555,2026-07-08,20.1,38.7,24,open_meteo_era5_reanalysis,2026-09-11T14:25:26.548075+00:00
LEMD,40.466,-3.555,2026-07-09,21.5,38.2,24,open_meteo_era5_reanalysis,2026-09-11T14:25:26.548078+00:00
LEMD,40.466,-3.555,2026-07-10,23.4,35.7,24,open_meteo_era5_reanalysis,2026-09-11T14:25:26.548080+00:00
LEMD,40.466,-3.555,2026-07-11,20.1,37.5,24,open_meteo_era5_reanalysis,2026-09-11T14:25:26.548083+00:00
LEMD,40.466,-3.555,2026-07-12,22.0,33.3,24,open_meteo_era5_reanalysis,2026-09-11T14:25:54.743881+00:00
LEMD,40.466,-3.555,2026-07-13,21.4,32.6,24,open_meteo_era5_reanalysis,2026-09-11T14:25:54.743884+00:00
LEMD,40.466,-3.555,2026-07-14,19.9,37.1,24,open_meteo_era5_reanalysis,2026-09-11T14:25:54.743887+00:00
LEMD,40.466,-3.555,2026-07-15,22.1,35.8,24,open_meteo_era5_reanalysis,2026-09-11T14:25:54.743889+00:00
LEMD,40.466,-3.555,2026-07-16,22.8,34.5,24,open_meteo_era5_reanalysis,2026-09-11T14:25:54.743892+00:00
LEMD,40.466,-3.555,2026-07-17,20.6,34.4,24,open_meteo_era5_reanalysis,2026-09-11T14:25:54.743894+00:00
LEMD,40.466,-3.555,2026-07-18,19.7,35.8,24,open_meteo_era5_reanalysis,2026-09-11T14:25:54.743897+00:00
LEMD,40.466,-3.555,2026-07-19,21.1,35.9,24,open_meteo_era5_reanalysis,2026-09-11T14:25:54.743899+00:00
LEMD,40.466,-3.555,2026-07-20,20.9,35.7,24,open_meteo_era5_reanalysis,2026-09-11T14:25:54.743902+00:00
LEMD,40.466,-3.555,2026-07-21,20.2,37.3,24,open_meteo_era5_reanalysis,2026-09-11T14:25:54.743904+00:00
LEMD,40.466,-3.555,2026-07-22,23.2,38.7,24,open_meteo_era5_reanalysis,2026-09-11T14:25:54.743907+00:00
LEMD,40.466,-3.555,2026-07-23,23.0,37.7,24,open_meteo_era5_reanalysis,2026-09-11T14:25:54.743910+00:00
LEMD,40.466,-3.555,2026-07-24,22.7,32.6,24,open_meteo_era5_reanalysis,2026-09-11T14:25:54.743960+00:00
LEMD,40.466,-3.555,2026-07-25,19.0,29.5,24,open_meteo_era5_reanalysis,2026-09-11T14:25:54.743963+00:00
LEMD,40.466,-3.555,2026-07-26,16.3,31.1,24,open_meteo_era5_reanalysis,2026-09-11T14:25:54.743966+00:00
LEMD,40.466,-3.555,2026-07-27,18.7,34.3,24,open_meteo_era5_reanalysis,2026-09-11T14:25:54.743968+00:00
LEMD,40.466,-3.555,2026-07-28,20.3,37.5,24,open_meteo_era5_reanalysis,2026-09-11T14:25:54.743971+00:00
LEMD,40.466,-3.555,2026-07-29,22.6,38.6,24,open_meteo_era5_reanalysis,2026-09-11T14:25:54.743973+00:00
LEMD,40.466,-3.555,2026-07-30,23.5,38.8,24,open_meteo_era5_reanalysis,2026-09-11T14:25:54.743976+00:00
LEMD,40.466,-3.555,2026-07-31,24.7,37.6,24,open_meteo_era5_reanalysis,2026-09-11T14:25:54.743979+00:00
LEMD,40.466,-3.555,2026-08-01,21.6,38.2,24,open_meteo_era5_reanalysis,2026-09-11T14:25:54.743982+00:00
LEMD,40.466,-3.555,2026-08-02,21.8,36.2,24,open_meteo_era5_reanalysis,2026-09-11T14:25:54.743984+00:00
LEMD,40.466,-3.555,2026-08-03,23.2,32.9,24,open_meteo_era5_reanalysis,2026-09-11T14:25:54.743987+00:00
LEMD,40.466,-3.555,2026-08-04,22.1,34.0,24,open_meteo_era5_reanalysis,2026-09-11T14:25:54.743989+00:00
LEMD,40.466,-3.555,2026-08-05,21.8,35.9,24,open_meteo_era5_reanalysis,2026-09-11T14:25:54.743992+00:00
LEMD,40.466,-3.555,2026-08-06,22.9,38.0,24,open_meteo_era5_reanalysis,2026-09-11T14:25:54.743995+00:00
LEMD,40.466,-3.555,2026-08-07,23.2,38.6,24,open_meteo_era5_reanalysis,2026-09-11T14:25:54.743997+00:00
LEMD,40.466,-3.555,2026-08-08,23.9,38.1,24,open_meteo_era5_reanalysis,2026-09-11T14:25:54.744000+00:00
LEMD,40.466,-3.555,2026-08-09,22.9,36.0,24,open_meteo_era5_reanalysis,2026-09-11T14:25:54.744003+00:00
LEMD,40.466,-3.555,2026-08-10,20.2,36.8,24,open_meteo_era5_reanalysis,2026-09-11T14:25:54.744006+00:00
LEMD,40.466,-3.555,2026-08-11,21.3,35.6,24,open_meteo_era5_reanalysis,2026-09-11T14:26:22.950477+00:00
LEMD,40.466,-3.555,2026-08-12,20.6,37.8,24,open_meteo_era5_reanalysis,2026-09-11T14:26:22.950480+00:00
LEMD,40.466,-3.555,2026-08-13,23.5,39.2,24,open_meteo_era5_reanalysis,2026-09-11T14:26:22.950482+00:00
LEMD,40.466,-3.555,2026-08-14,23.5,36.8,24,open_meteo_era5_reanalysis,2026-09-11T14:26:22.950485+00:00
LEMD,40.466,-3.555,2026-08-15,20.9,31.3,24,open_meteo_era5_reanalysis,2026-09-11T14:26:22.950488+00:00
LEMD,40.466,-3.555,2026-08-16,17.8,33.0,24,open_meteo_era5_reanalysis,2026-09-11T14:26:22.950490+00:00
LEMD,40.466,-3.555,2026-08-17,20.1,37.2,24,open_meteo_era5_reanalysis,2026-09-11T14:26:22.950493+00:00
LEMD,40.466,-3.555,2026-08-18,22.1,38.5,24,open_meteo_era5_reanalysis,2026-09-11T14:26:22.950495+00:00
LEMD,40.466,-3.555,2026-08-19,22.5,35.6,24,open_meteo_era5_reanalysis,2026-09-11T14:26:22.950498+00:00
LEMD,40.466,-3.555,2026-08-20,21.9,30.7,24,open_meteo_era5_reanalysis,2026-09-11T14:26:22.950500+00:00
LEMD,40.466,-3.555,2026-08-21,19.4,31.2,24,open_meteo_era5_reanalysis,2026-09-11T14:26:22.950503+00:00
LEMD,40.466,-3.555,2026-08-22,18.8,32.7,24,open_meteo_era5_reanalysis,2026-09-11T14:26:22.950505+00:00
LEMD,40.466,-3.555,2026-08-23,20.2,33.7,24,open_meteo_era5_reanalysis,2026-09-11T14:26:22.950508+00:00
LEMD,40.466,-3.555,2026-08-24,20.4,28.9,24,open_meteo_era5_reanalysis,2026-09-11T14:26:22.950510+00:00
LEMD,40.466,-3.555,2026-08-25,18.0,28.4,24,open_meteo_era5_reanalysis,2026-09-11T14:26:22.950566+00:00
LEMD,40.466,-3.555,2026-08-26,17.8,29.8,24,open_meteo_era5_reanalysis,2026-09-11T14:26:22.950569+00:00
LEMD,40.466,-3.555,2026-08-27,16.3,22.2,24,open_meteo_era5_reanalysis,2026-09-11T14:26:22.950571+00:00
LEMD,40.466,-3.555,2026-08-28,12.1,25.7,24,open_meteo_era5_reanalysis,2026-09-11T14:26:22.950574+00:00
LEMD,40.466,-3.555,2026-08-29,13.5,29.8,24,open_meteo_era5_reanalysis,2026-09-11T14:26:22.950577+00:00
LEMD,40.466,-3.555,2026-08-30,15.2,32.7,24,open_meteo_era5_reanalysis,2026-09-11T14:26:22.950580+00:00
LEMD,40.466,-3.555,2026-08-31,18.2,33.6,24,open_meteo_era5_reanalysis,2026-09-11T14:26:22.950582+00:00
LEMD,40.466,-3.555,2026-09-01,18.5,34.6,24,open_meteo_era5_reanalysis,2026-09-11T14:26:22.950585+00:00
LEMD,40.466,-3.555,2026-09-02,17.0,35.7,24,open_meteo_era5_reanalysis,2026-09-11T14:26:22.950587+00:00
LEMD,40.466,-3.555,2026-09-03,18.9,38.0,24,open_meteo_era5_reanalysis,2026-09-11T14:26:22.950590+00:00
LEMD,40.466,-3.555,2026-09-04,19.3,39.0,24,open_meteo_era5_reanalysis,2026-09-11T14:26:22.950605+00:00
LEMD,40.466,-3.555,2026-09-05,22.6,37.0,24,open_meteo_era5_reanalysis,2026-09-11T14:26:22.950607+00:00
LEMD,40.466,-3.555,2026-09-06,23.6,36.8,24,open_meteo_era5_reanalysis,2026-09-11T14:26:22.950610+00:00
LEMD,40.466,-3.555,2026-09-07,20.1,37.2,24,open_meteo_era5_reanalysis,2026-09-11T14:26:22.950612+00:00
LEMD,40.466,-3.555,2026-09-08,20.9,35.1,24,open_meteo_era5_reanalysis,2026-09-11T14:26:22.950615+00:00
LEMD,40.466,-3.555,2026-09-09,19.5,27.1,24,open_meteo_era5_reanalysis,2026-09-11T14:26:22.950617+00:00
LFPB,48.967,2.428,2026-06-12,16.0,24.7,24,open_meteo_era5_reanalysis,2026-09-11T14:25:26.548292+00:00
LFPB,48.967,2.428,2026-06-13,15.5,27.0,24,open_meteo_era5_reanalysis,2026-09-11T14:25:26.548295+00:00
LFPB,48.967,2.428,2026-06-14,12.7,25.1,24,open_meteo_era5_reanalysis,2026-09-11T14:25:26.548297+00:00
LFPB,48.967,2.428,2026-06-15,13.7,28.7,24,open_meteo_era5_reanalysis,2026-09-11T14:25:26.548300+00:00
LFPB,48.967,2.428,2026-06-16,20.2,26.2,24,open_meteo_era5_reanalysis,2026-09-11T14:25:26.548303+00:00
LFPB,48.967,2.428,2026-06-17,16.7,32.3,24,open_meteo_era5_reanalysis,2026-09-11T14:25:26.548305+00:00
LFPB,48.967,2.428,2026-06-18,17.5,36.2,24,open_meteo_era5_reanalysis,2026-09-11T14:25:26.548308+00:00
LFPB,48.967,2.428,2026-06-19,21.0,34.2,24,open_meteo_era5_reanalysis,2026-09-11T14:25:26.548310+00:00
LFPB,48.967,2.428,2026-06-20,18.3,31.4,24,open_meteo_era5_reanalysis,2026-09-11T14:25:26.548313+00:00
LFPB,48.967,2.428,2026-06-21,19.7,36.1,24,open_meteo_era5_reanalysis,2026-09-11T14:25:26.548316+00:00
LFPB,48.967,2.428,2026-06-22,23.1,35.3,24,open_meteo_era5_reanalysis,2026-09-11T14:25:26.548318+00:00
LFPB,48.967,2.428,2026-06-23,23.0,34.5,24,open_meteo_era5_reanalysis,2026-09-11T14:25:26.548321+00:00
LFPB,48.967,2.428,2026-06-24,24.6,40.1,24,open_meteo_era5_reanalysis,2026-09-11T14:25:26.548323+00:00
LFPB,48.967,2.428,2026-06-25,25.7,39.2,24,open_meteo_era5_reanalysis,2026-09-11T14:25:26.548326+00:00
LFPB,48.967,2.428,2026-06-26,26.4,36.2,24,open_meteo_era5_reanalysis,2026-09-11T14:25:26.548328+00:00
LFPB,48.967,2.428,2026-06-27,20.8,35.4,24,open_meteo_era5_reanalysis,2026-09-11T14:25:26.548331+00:00
LFPB,48.967,2.428,2026-06-28,20.6,29.3,24,open_meteo_era5_reanalysis,2026-09-11T14:25:26.548333+00:00
LFPB,48.967,2.428,2026-06-29,15.9,26.5,24,open_meteo_era5_reanalysis,2026-09-11T14:25:26.548336+00:00
LFPB,48.967,2.428,2026-06-30,14.6,27.0,24,open_meteo_era5_reanalysis,2026-09-11T14:25:26.548339+00:00
LFPB,48.967,2.428,2026-07-01,14.9,24.0,24,open_meteo_era5_reanalysis,2026-09-11T14:25:26.548341+00:00
LFPB,48.967,2.428,2026-07-02,14.9,24.9,24,open_meteo_era5_reanalysis,2026-09-11T14:25:26.548344+00:00
LFPB,48.967,2.428,2026-07-03,14.3,27.6,24,open_meteo_era5_reanalysis,2026-09-11T14:25:26.548346+00:00
LFPB,48.967,2.428,2026-07-04,13.6,29.6,24,open_meteo_era5_reanalysis,2026-09-11T14:25:26.548349+00:00
LFPB,48.967,2.428,2026-07-05,16.5,28.7,24,open_meteo_era5_reanalysis,2026-09-11T14:25:26.548351+00:00
LFPB,48.967,2.428,2026-07-06,17.0,33.2,24,open_meteo_era5_reanalysis,2026-09-11T14:25:26.548354+00:00
LFPB,48.967,2.428,2026-07-07,20.5,33.0,24,open_meteo_era5_reanalysis,2026-09-11T14:25:26.548356+00:00
LFPB,48.967,2.428,2026-07-08,18.0,34.0,24,open_meteo_era5_reanalysis,2026-09-11T14:25:26.548359+00:00
LFPB,48.967,2.428,2026-07-09,20.9,32.3,24,open_meteo_era5_reanalysis,2026-09-11T14:25:26.548361+00:00
LFPB,48.967,2.428,2026-07-10,20.9,33.2,24,open_meteo_era5_reanalysis,2026-09-11T14:25:26.548364+00:00
LFPB,48.967,2.428,2026-07-11,22.2,34.6,24,open_meteo_era5_reanalysis,2026-09-11T14:25:26.548367+00:00
LFPB,48.967,2.428,2026-07-12,22.2,34.4,24,open_meteo_era5_reanalysis,2026-09-11T14:25:54.744223+00:00
LFPB,48.967,2.428,2026-07-13,23.3,34.1,24,open_meteo_era5_reanalysis,2026-09-11T14:25:54.744225+00:00
LFPB,48.967,2.428,2026-07-14,21.1,33.6,24,open_meteo_era5_reanalysis,2026-09-11T14:25:54.744228+00:00
LFPB,48.967,2.428,2026-07-15,23.2,31.7,24,open_meteo_era5_reanalysis,2026-09-11T14:25:54.744231+00:00
LFPB,48.967,2.428,2026-07-16,20.9,32.4,24,open_meteo_era5_reanalysis,2026-09-11T14:25:54.744233+00:00
LFPB,48.967,2.428,2026-07-17,17.8,24.1,24,open_meteo_era5_reanalysis,2026-09-11T14:25:54.744236+00:00
LFPB,48.967,2.428,2026-07-18,16.2,27.1,24,open_meteo_era5_reanalysis,2026-09-11T14:25:54.744238+00:00
LFPB,48.967,2.428,2026-07-19,13.2,23.1,24,open_meteo_era5_reanalysis,2026-09-11T14:25:54.744241+00:00
LFPB,48.967,2.428,2026-07-20,12.2,23.1,24,open_meteo_era5_reanalysis,2026-09-11T14:25:54.744244+00:00
LFPB,48.967,2.428,2026-07-21,12.9,24.8,24,open_meteo_era5_reanalysis,2026-09-11T14:25:54.744246+00:00
LFPB,48.967,2.428,2026-07-22,13.9,24.6,24,open_meteo_era5_reanalysis,2026-09-11T14:25:54.744249+00:00
LFPB,48.967,2.428,2026-07-23,14.6,23.8,24,open_meteo_era5_reanalysis,2026-09-11T14:25:54.744251+00:00
LFPB,48.967,2.428,2026-07-24,14.6,27.2,24,open_meteo_era5_reanalysis,2026-09-11T14:25:54.744254+00:00
LFPB,48.967,2.428,2026-07-25,16.4,30.1,24,open_meteo_era5_reanalysis,2026-09-11T14:25:54.744256+00:00
LFPB,48.967,2.428,2026-07-26,16.7,24.7,24,open_meteo_era5_reanalysis,2026-09-11T14:25:54.744259+00:00
LFPB,48.967,2.428,2026-07-27,16.0,26.5,24,open_meteo_era5_reanalysis,2026-09-11T14:25:54.744262+00:00
LFPB,48.967,2.428,2026-07-28,15.6,31.5,24,open_meteo_era5_reanalysis,2026-09-11T14:25:54.744264+00:00
LFPB,48.967,2.428,2026-07-29,19.7,37.9,24,open_meteo_era5_reanalysis,2026-09-11T14:25:54.744267+00:00
LFPB,48.967,2.428,2026-07-30,20.2,29.6,24,open_meteo_era5_reanalysis,2026-09-11T14:25:54.744269+00:00
LFPB,48.967,2.428,2026-07-31,18.1,27.5,24,open_meteo_era5_reanalysis,2026-09-11T14:25:54.744272+00:00
LFPB,48.967,2.428,2026-08-01,17.1,27.6,24,open_meteo_era5_reanalysis,2026-09-11T14:25:54.744274+00:00
LFPB,48.967,2.428,2026-08-02,15.9,31.3,24,open_meteo_era5_reanalysis,2026-09-11T14:25:54.744277+00:00
LFPB,48.967,2.428,2026-08-03,20.2,34.2,24,open_meteo_era5_reanalysis,2026-09-11T14:25:54.744279+00:00
LFPB,48.967,2.428,2026-08-04,21.0,31.1,24,open_meteo_era5_reanalysis,2026-09-11T14:25:54.744282+00:00
LFPB,48.967,2.428,2026-08-05,20.2,27.3,24,open_meteo_era5_reanalysis,2026-09-11T14:25:54.744284+00:00
LFPB,48.967,2.428,2026-08-06,16.2,25.0,24,open_meteo_era5_reanalysis,2026-09-11T14:25:54.744287+00:00
LFPB,48.967,2.428,2026-08-07,12.5,26.5,24,open_meteo_era5_reanalysis,2026-09-11T14:25:54.744289+00:00
LFPB,48.967,2.428,2026-08-08,14.7,30.7,24,open_meteo_era5_reanalysis,2026-09-11T14:25:54.744292+00:00
LFPB,48.967,2.428,2026-08-09,19.2,32.9,24,open_meteo_era5_reanalysis,2026-09-11T14:25:54.744294+00:00
LFPB,48.967,2.428,2026-08-10,19.0,31.2,24,open_meteo_era5_reanalysis,2026-09-11T14:25:54.744297+00:00
LFPB,48.967,2.428,2026-08-11,17.9,31.7,24,open_meteo_era5_reanalysis,2026-09-11T14:26:22.950827+00:00
LFPB,48.967,2.428,2026-08-12,20.1,34.5,24,open_meteo_era5_reanalysis,2026-09-11T14:26:22.950830+00:00
LFPB,48.967,2.428,2026-08-13,21.1,37.1,24,open_meteo_era5_reanalysis,2026-09-11T14:26:22.950832+00:00
LFPB,48.967,2.428,2026-08-14,22.6,38.7,24,open_meteo_era5_reanalysis,2026-09-11T14:26:22.950835+00:00
LFPB,48.967,2.428,2026-08-15,21.0,30.5,24,open_meteo_era5_reanalysis,2026-09-11T14:26:22.950837+00:00
LFPB,48.967,2.428,2026-08-16,19.5,30.3,24,open_meteo_era5_reanalysis,2026-09-11T14:26:22.950840+00:00
LFPB,48.967,2.428,2026-08-17,20.2,29.1,24,open_meteo_era5_reanalysis,2026-09-11T14:26:22.950843+00:00
LFPB,48.967,2.428,2026-08-18,19.2,27.3,24,open_meteo_era5_reanalysis,2026-09-11T14:26:22.950845+00:00
LFPB,48.967,2.428,2026-08-19,17.9,27.8,24,open_meteo_era5_reanalysis,2026-09-11T14:26:22.950848+00:00
LFPB,48.967,2.428,2026-08-20,15.0,24.1,24,open_meteo_era5_reanalysis,2026-09-11T14:26:22.950850+00:00
LFPB,48.967,2.428,2026-08-21,15.0,21.9,24,open_meteo_era5_reanalysis,2026-09-11T14:26:22.950853+00:00
LFPB,48.967,2.428,2026-08-22,12.0,22.0,24,open_meteo_era5_reanalysis,2026-09-11T14:26:22.950855+00:00
LFPB,48.967,2.428,2026-08-23,12.4,23.0,24,open_meteo_era5_reanalysis,2026-09-11T14:26:22.950858+00:00
LFPB,48.967,2.428,2026-08-24,15.3,26.1,24,open_meteo_era5_reanalysis,2026-09-11T14:26:22.950860+00:00
LFPB,48.967,2.428,2026-08-25,16.0,28.6,24,open_meteo_era5_reanalysis,2026-09-11T14:26:22.950863+00:00
LFPB,48.967,2.428,2026-08-26,18.0,29.8,24,open_meteo_era5_reanalysis,2026-09-11T14:26:22.950865+00:00
LFPB,48.967,2.428,2026-08-27,19.1,26.0,24,open_meteo_era5_reanalysis,2026-09-11T14:26:22.950868+00:00
LFPB,48.967,2.428,2026-08-28,16.1,21.6,24,open_meteo_era5_reanalysis,2026-09-11T14:26:22.950870+00:00
LFPB,48.967,2.428,2026-08-29,15.8,22.4,24,open_meteo_era5_reanalysis,2026-09-11T14:26:22.950873+00:00
LFPB,48.967,2.428,2026-08-30,16.6,22.9,24,open_meteo_era5_reanalysis,2026-09-11T14:26:22.950875+00:00
LFPB,48.967,2.428,2026-08-31,16.5,22.1,24,open_meteo_era5_reanalysis,2026-09-11T14:26:22.950878+00:00
LFPB,48.967,2.428,2026-09-01,15.0,23.1,24,open_meteo_era5_reanalysis,2026-09-11T14:26:22.950881+00:00
LFPB,48.967,2.428,2026-09-02,12.8,24.0,24,open_meteo_era5_reanalysis,2026-09-11T14:26:22.950883+00:00
LFPB,48.967,2.428,2026-09-03,16.6,26.5,24,open_meteo_era5_reanalysis,2026-09-11T14:26:22.950886+00:00
LFPB,48.967,2.428,2026-09-04,19.2,28.3,24,open_meteo_era5_reanalysis,2026-09-11T14:26:22.950888+00:00
LFPB,48.967,2.428,2026-09-05,15.4,23.7,24,open_meteo_era5_reanalysis,2026-09-11T14:26:22.950891+00:00
LFPB,48.967,2.428,2026-09-06,13.8,27.7,24,open_meteo_era5_reanalysis,2026-09-11T14:26:22.950893+00:00
LFPB,48.967,2.428,2026-09-07,19.2,28.2,24,open_meteo_era5_reanalysis,2026-09-11T14:26:22.950896+00:00
LFPB,48.967,2.428,2026-09-08,15.4,26.5,24,open_meteo_era5_reanalysis,2026-09-11T14:26:22.950898+00:00
LFPB,48.967,2.428,2026-09-09,12.5,20.9,24,open_meteo_era5_reanalysis,2026-09-11T14:26:22.950901+00:00
LIMC,45.631,8.728,2026-06-12,15.4,27.8,24,open_meteo_era5_reanalysis,2026-09-11T14:25:29.683304+00:00
LIMC,45.631,8.728,2026-06-13,17.1,31.6,24,open_meteo_era5_reanalysis,2026-09-11T14:25:29.683316+00:00
LIMC,45.631,8.728,2026-06-14,18.0,30.7,24,open_meteo_era5_reanalysis,2026-09-11T14:25:29.683320+00:00
LIMC,45.631,8.728,2026-06-15,17.1,31.9,24,open_meteo_era5_reanalysis,2026-09-11T14:25:29.683323+00:00
LIMC,45.631,8.728,2026-06-16,19.8,29.5,24,open_meteo_era5_reanalysis,2026-09-11T14:25:29.683326+00:00
LIMC,45.631,8.728,2026-06-17,20.1,32.6,24,open_meteo_era5_reanalysis,2026-09-11T14:25:29.683328+00:00
LIMC,45.631,8.728,2026-06-18,21.0,33.9,24,open_meteo_era5_reanalysis,2026-09-11T14:25:29.683331+00:00
LIMC,45.631,8.728,2026-06-19,23.1,33.6,24,open_meteo_era5_reanalysis,2026-09-11T14:25:29.683334+00:00
LIMC,45.631,8.728,2026-06-20,21.4,33.6,24,open_meteo_era5_reanalysis,2026-09-11T14:25:29.683336+00:00
LIMC,45.631,8.728,2026-06-21,23.8,34.4,24,open_meteo_era5_reanalysis,2026-09-11T14:25:29.683339+00:00
LIMC,45.631,8.728,2026-06-22,24.2,35.1,24,open_meteo_era5_reanalysis,2026-09-11T14:25:29.683342+00:00
LIMC,45.631,8.728,2026-06-23,22.1,34.8,24,open_meteo_era5_reanalysis,2026-09-11T14:25:29.683344+00:00
LIMC,45.631,8.728,2026-06-24,24.2,33.2,24,open_meteo_era5_reanalysis,2026-09-11T14:25:29.683347+00:00
LIMC,45.631,8.728,2026-06-25,23.0,31.6,24,open_meteo_era5_reanalysis,2026-09-11T14:25:29.683349+00:00
LIMC,45.631,8.728,2026-06-26,21.9,34.3,24,open_meteo_era5_reanalysis,2026-09-11T14:25:29.683352+00:00
LIMC,45.631,8.728,2026-06-27,22.8,35.4,24,open_meteo_era5_reanalysis,2026-09-11T14:25:29.683355+00:00
LIMC,45.631,8.728,2026-06-28,24.7,35.3,24,open_meteo_era5_reanalysis,2026-09-11T14:25:29.683357+00:00
LIMC,45.631,8.728,2026-06-29,22.7,34.2,24,open_meteo_era5_reanalysis,2026-09-11T14:25:29.683360+00:00
LIMC,45.631,8.728,2026-06-30,22.8,31.5,24,open_meteo_era5_reanalysis,2026-09-11T14:25:29.683362+00:00
LIMC,45.631,8.728,2026-07-01,23.5,30.0,24,open_meteo_era5_reanalysis,2026-09-11T14:25:29.683365+00:00
LIMC,45.631,8.728,2026-07-02,22.1,31.0,24,open_meteo_era5_reanalysis,2026-09-11T14:25:29.683367+00:00
LIMC,45.631,8.728,2026-07-03,20.5,33.0,24,open_meteo_era5_reanalysis,2026-09-11T14:25:29.683370+00:00
LIMC,45.631,8.728,2026-07-04,22.9,32.6,24,open_meteo_era5_reanalysis,2026-09-11T14:25:29.683372+00:00
LIMC,45.631,8.728,2026-07-05,22.5,33.9,24,open_meteo_era5_reanalysis,2026-09-11T14:25:29.683375+00:00
LIMC,45.631,8.728,2026-07-06,23.5,33.1,24,open_meteo_era5_reanalysis,2026-09-11T14:25:29.683378+00:00
LIMC,45.631,8.728,2026-07-07,22.5,33.8,24,open_meteo_era5_reanalysis,2026-09-11T14:25:29.683381+00:00
LIMC,45.631,8.728,2026-07-08,21.7,36.3,24,open_meteo_era5_reanalysis,2026-09-11T14:25:29.683383+00:00
LIMC,45.631,8.728,2026-07-09,23.8,33.6,24,open_meteo_era5_reanalysis,2026-09-11T14:25:29.683386+00:00
LIMC,45.631,8.728,2026-07-10,21.4,34.1,24,open_meteo_era5_reanalysis,2026-09-11T14:25:29.683388+00:00
LIMC,45.631,8.728,2026-07-11,21.0,31.2,24,open_meteo_era5_reanalysis,2026-09-11T14:25:29.683391+00:00
LIMC,45.631,8.728,2026-07-12,20.9,32.1,24,open_meteo_era5_reanalysis,2026-09-11T14:25:57.874355+00:00
LIMC,45.631,8.728,2026-07-13,23.3,31.9,24,open_meteo_era5_reanalysis,2026-09-11T14:25:57.874371+00:00
LIMC,45.631,8.728,2026-07-14,21.3,33.3,24,open_meteo_era5_reanalysis,2026-09-11T14:25:57.874375+00:00
LIMC,45.631,8.728,2026-07-15,23.8,31.7,24,open_meteo_era5_reanalysis,2026-09-11T14:25:57.874378+00:00
LIMC,45.631,8.728,2026-07-16,20.8,32.3,24,open_meteo_era5_reanalysis,2026-09-11T14:25:57.874380+00:00
LIMC,45.631,8.728,2026-07-17,19.8,31.2,24,open_meteo_era5_reanalysis,2026-09-11T14:25:57.874383+00:00
LIMC,45.631,8.728,2026-07-18,20.7,33.5,24,open_meteo_era5_reanalysis,2026-09-11T14:25:57.874386+00:00
LIMC,45.631,8.728,2026-07-19,18.8,32.2,24,open_meteo_era5_reanalysis,2026-09-11T14:25:57.874389+00:00
LIMC,45.631,8.728,2026-07-20,20.5,30.9,24,open_meteo_era5_reanalysis,2026-09-11T14:25:57.874391+00:00
LIMC,45.631,8.728,2026-07-21,19.2,30.5,24,open_meteo_era5_reanalysis,2026-09-11T14:25:57.874394+00:00
LIMC,45.631,8.728,2026-07-22,20.6,29.9,24,open_meteo_era5_reanalysis,2026-09-11T14:25:57.874397+00:00
LIMC,45.631,8.728,2026-07-23,21.2,30.9,24,open_meteo_era5_reanalysis,2026-09-11T14:25:57.874399+00:00
LIMC,45.631,8.728,2026-07-24,20.2,30.9,24,open_meteo_era5_reanalysis,2026-09-11T14:25:57.874402+00:00
LIMC,45.631,8.728,2026-07-25,20.6,30.0,24,open_meteo_era5_reanalysis,2026-09-11T14:25:57.874404+00:00
LIMC,45.631,8.728,2026-07-26,19.6,29.1,24,open_meteo_era5_reanalysis,2026-09-11T14:25:57.874407+00:00
LIMC,45.631,8.728,2026-07-27,20.6,34.3,24,open_meteo_era5_reanalysis,2026-09-11T14:25:57.874409+00:00
LIMC,45.631,8.728,2026-07-28,22.6,33.9,24,open_meteo_era5_reanalysis,2026-09-11T14:25:57.874412+00:00
LIMC,45.631,8.728,2026-07-29,24.6,34.4,24,open_meteo_era5_reanalysis,2026-09-11T14:25:57.874415+00:00
LIMC,45.631,8.728,2026-07-30,25.2,36.2,24,open_meteo_era5_reanalysis,2026-09-11T14:25:57.874417+00:00
LIMC,45.631,8.728,2026-07-31,25.4,35.9,24,open_meteo_era5_reanalysis,2026-09-11T14:25:57.874420+00:00
LIMC,45.631,8.728,2026-08-01,23.7,35.6,24,open_meteo_era5_reanalysis,2026-09-11T14:25:57.874423+00:00
LIMC,45.631,8.728,2026-08-02,23.1,33.6,24,open_meteo_era5_reanalysis,2026-09-11T14:25:57.874425+00:00
LIMC,45.631,8.728,2026-08-03,22.5,34.5,24,open_meteo_era5_reanalysis,2026-09-11T14:25:57.874428+00:00
LIMC,45.631,8.728,2026-08-04,23.4,34.0,24,open_meteo_era5_reanalysis,2026-09-11T14:25:57.874430+00:00
LIMC,45.631,8.728,2026-08-05,23.4,35.8,24,open_meteo_era5_reanalysis,2026-09-11T14:25:57.874433+00:00
LIMC,45.631,8.728,2026-08-06,23.8,36.1,24,open_meteo_era5_reanalysis,2026-09-11T14:25:57.874436+00:00
LIMC,45.631,8.728,2026-08-07,22.9,32.1,24,open_meteo_era5_reanalysis,2026-09-11T14:25:57.874438+00:00
LIMC,45.631,8.728,2026-08-08,22.4,32.3,24,open_meteo_era5_reanalysis,2026-09-11T14:25:57.874441+00:00
LIMC,45.631,8.728,2026-08-09,23.6,34.0,24,open_meteo_era5_reanalysis,2026-09-11T14:25:57.874443+00:00
LIMC,45.631,8.728,2026-08-10,20.8,33.8,24,open_meteo_era5_reanalysis,2026-09-11T14:25:57.874446+00:00
LIMC,45.631,8.728,2026-08-11,21.2,35.5,24,open_meteo_era5_reanalysis,2026-09-11T14:26:26.087635+00:00
LIMC,45.631,8.728,2026-08-12,24.1,34.1,24,open_meteo_era5_reanalysis,2026-09-11T14:26:26.087650+00:00
LIMC,45.631,8.728,2026-08-13,24.6,35.4,24,open_meteo_era5_reanalysis,2026-09-11T14:26:26.087654+00:00
LIMC,45.631,8.728,2026-08-14,25.5,35.3,24,open_meteo_era5_reanalysis,2026-09-11T14:26:26.087657+00:00
LIMC,45.631,8.728,2026-08-15,24.6,34.4,24,open_meteo_era5_reanalysis,2026-09-11T14:26:26.087659+00:00
LIMC,45.631,8.728,2026-08-16,22.7,34.5,24,open_meteo_era5_reanalysis,2026-09-11T14:26:26.087662+00:00
LIMC,45.631,8.728,2026-08-17,20.7,30.7,24,open_meteo_era5_reanalysis,2026-09-11T14:26:26.087665+00:00
LIMC,45.631,8.728,2026-08-18,22.6,32.4,24,open_meteo_era5_reanalysis,2026-09-11T14:26:26.087667+00:00
LIMC,45.631,8.728,2026-08-19,22.0,32.3,24,open_meteo_era5_reanalysis,2026-09-11T14:26:26.087670+00:00
LIMC,45.631,8.728,2026-08-20,18.8,22.7,24,open_meteo_era5_reanalysis,2026-09-11T14:26:26.087673+00:00
LIMC,45.631,8.728,2026-08-21,18.0,21.1,24,open_meteo_era5_reanalysis,2026-09-11T14:26:26.087675+00:00
LIMC,45.631,8.728,2026-08-22,16.5,28.3,24,open_meteo_era5_reanalysis,2026-09-11T14:26:26.087678+00:00
LIMC,45.631,8.728,2026-08-23,17.7,27.0,24,open_meteo_era5_reanalysis,2026-09-11T14:26:26.087681+00:00
LIMC,45.631,8.728,2026-08-24,18.5,28.3,24,open_meteo_era5_reanalysis,2026-09-11T14:26:26.087683+00:00
LIMC,45.631,8.728,2026-08-25,18.0,26.1,24,open_meteo_era5_reanalysis,2026-09-11T14:26:26.087686+00:00
LIMC,45.631,8.728,2026-08-26,20.2,27.8,24,open_meteo_era5_reanalysis,2026-09-11T14:26:26.087688+00:00
LIMC,45.631,8.728,2026-08-27,20.9,29.2,24,open_meteo_era5_reanalysis,2026-09-11T14:26:26.087691+00:00
LIMC,45.631,8.728,2026-08-28,20.8,28.0,24,open_meteo_era5_reanalysis,2026-09-11T14:26:26.087694+00:00
LIMC,45.631,8.728,2026-08-29,16.9,28.8,24,open_meteo_era5_reanalysis,2026-09-11T14:26:26.087696+00:00
LIMC,45.631,8.728,2026-08-30,16.9,29.1,24,open_meteo_era5_reanalysis,2026-09-11T14:26:26.087699+00:00
LIMC,45.631,8.728,2026-08-31,20.5,30.5,24,open_meteo_era5_reanalysis,2026-09-11T14:26:26.087702+00:00
LIMC,45.631,8.728,2026-09-01,20.8,28.1,24,open_meteo_era5_reanalysis,2026-09-11T14:26:26.087704+00:00
LIMC,45.631,8.728,2026-09-02,20.3,28.7,24,open_meteo_era5_reanalysis,2026-09-11T14:26:26.087707+00:00
LIMC,45.631,8.728,2026-09-03,19.1,30.9,24,open_meteo_era5_reanalysis,2026-09-11T14:26:26.087709+00:00
LIMC,45.631,8.728,2026-09-04,19.2,31.7,24,open_meteo_era5_reanalysis,2026-09-11T14:26:26.087712+00:00
LIMC,45.631,8.728,2026-09-05,19.2,32.7,24,open_meteo_era5_reanalysis,2026-09-11T14:26:26.087715+00:00
LIMC,45.631,8.728,2026-09-06,21.6,31.2,24,open_meteo_era5_reanalysis,2026-09-11T14:26:26.087718+00:00
LIMC,45.631,8.728,2026-09-07,21.1,30.7,24,open_meteo_era5_reanalysis,2026-09-11T14:26:26.087720+00:00
LIMC,45.631,8.728,2026-09-08,21.0,30.2,24,open_meteo_era5_reanalysis,2026-09-11T14:26:26.087723+00:00
LIMC,45.631,8.728,2026-09-09,17.8,23.8,24,open_meteo_era5_reanalysis,2026-09-11T14:26:26.087726+00:00
LTAC,40.128,32.995,2026-06-12,13.8,27.3,24,open_meteo_era5_reanalysis,2026-09-11T14:25:29.683619+00:00
LTAC,40.128,32.995,2026-06-13,14.2,20.7,24,open_meteo_era5_reanalysis,2026-09-11T14:25:29.683623+00:00
LTAC,40.128,32.995,2026-06-14,11.4,20.8,24,open_meteo_era5_reanalysis,2026-09-11T14:25:29.683626+00:00
LTAC,40.128,32.995,2026-06-15,10.0,24.4,24,open_meteo_era5_reanalysis,2026-09-11T14:25:29.683629+00:00
LTAC,40.128,32.995,2026-06-16,13.5,27.1,24,open_meteo_era5_reanalysis,2026-09-11T14:25:29.683631+00:00
LTAC,40.128,32.995,2026-06-17,15.1,28.1,24,open_meteo_era5_reanalysis,2026-09-11T14:25:29.683634+00:00
LTAC,40.128,32.995,2026-06-18,15.6,28.4,24,open_meteo_era5_reanalysis,2026-09-11T14:25:29.683636+00:00
LTAC,40.128,32.995,2026-06-19,14.2,19.3,24,open_meteo_era5_reanalysis,2026-09-11T14:25:29.683639+00:00
LTAC,40.128,32.995,2026-06-20,12.0,22.4,24,open_meteo_era5_reanalysis,2026-09-11T14:25:29.683642+00:00
LTAC,40.128,32.995,2026-06-21,13.0,24.9,24,open_meteo_era5_reanalysis,2026-09-11T14:25:29.683644+00:00
LTAC,40.128,32.995,2026-06-22,11.7,25.9,24,open_meteo_era5_reanalysis,2026-09-11T14:25:29.683647+00:00
LTAC,40.128,32.995,2026-06-23,10.8,26.2,24,open_meteo_era5_reanalysis,2026-09-11T14:25:29.683650+00:00
LTAC,40.128,32.995,2026-06-24,13.3,27.8,24,open_meteo_era5_reanalysis,2026-09-11T14:25:29.683652+00:00
LTAC,40.128,32.995,2026-06-25,14.9,28.6,24,open_meteo_era5_reanalysis,2026-09-11T14:25:29.683655+00:00
LTAC,40.128,32.995,2026-06-26,15.6,28.6,24,open_meteo_era5_reanalysis,2026-09-11T14:25:29.683657+00:00
LTAC,40.128,32.995,2026-06-27,14.7,27.9,24,open_meteo_era5_reanalysis,2026-09-11T14:25:29.683660+00:00
LTAC,40.128,32.995,2026-06-28,13.6,27.0,24,open_meteo_era5_reanalysis,2026-09-11T14:25:29.683662+00:00
LTAC,40.128,32.995,2026-06-29,14.1,29.0,24,open_meteo_era5_reanalysis,2026-09-11T14:25:29.683665+00:00
LTAC,40.128,32.995,2026-06-30,16.6,30.9,24,open_meteo_era5_reanalysis,2026-09-11T14:25:29.683667+00:00
LTAC,40.128,32.995,2026-07-01,17.5,31.4,24,open_meteo_era5_reanalysis,2026-09-11T14:25:29.683670+00:00
LTAC,40.128,32.995,2026-07-02,16.6,32.0,24,open_meteo_era5_reanalysis,2026-09-11T14:25:29.683673+00:00
LTAC,40.128,32.995,2026-07-03,18.1,30.9,24,open_meteo_era5_reanalysis,2026-09-11T14:25:29.683675+00:00
LTAC,40.128,32.995,2026-07-04,16.1,29.7,24,open_meteo_era5_reanalysis,2026-09-11T14:25:29.683678+00:00
LTAC,40.128,32.995,2026-07-05,16.6,25.5,24,open_meteo_era5_reanalysis,2026-09-11T14:25:29.683680+00:00
LTAC,40.128,32.995,2026-07-06,15.4,26.3,24,open_meteo_era5_reanalysis,2026-09-11T14:25:29.683683+00:00
LTAC,40.128,32.995,2026-07-07,14.9,26.6,24,open_meteo_era5_reanalysis,2026-09-11T14:25:29.683686+00:00
LTAC,40.128,32.995,2026-07-08,14.1,28.5,24,open_meteo_era5_reanalysis,2026-09-11T14:25:29.683688+00:00
LTAC,40.128,32.995,2026-07-09,15.0,30.6,24,open_meteo_era5_reanalysis,2026-09-11T14:25:29.683691+00:00
LTAC,40.128,32.995,2026-07-10,18.1,28.5,24,open_meteo_era5_reanalysis,2026-09-11T14:25:29.683693+00:00
LTAC,40.128,32.995,2026-07-11,14.5,29.2,24,open_meteo_era5_reanalysis,2026-09-11T14:25:29.683696+00:00
LTAC,40.128,32.995,2026-07-12,15.2,30.9,24,open_meteo_era5_reanalysis,2026-09-11T14:25:57.874671+00:00
LTAC,40.128,32.995,2026-07-13,16.3,31.4,24,open_meteo_era5_reanalysis,2026-09-11T14:25:57.874675+00:00
LTAC,40.128,32.995,2026-07-14,17.4,27.6,24,open_meteo_era5_reanalysis,2026-09-11T14:25:57.874677+00:00
LTAC,40.128,32.995,2026-07-15,14.1,28.9,24,open_meteo_era5_reanalysis,2026-09-11T14:25:57.874680+00:00
LTAC,40.128,32.995,2026-07-16,16.2,29.4,24,open_meteo_era5_reanalysis,2026-09-11T14:25:57.874683+00:00
LTAC,40.128,32.995,2026-07-17,16.6,29.6,24,open_meteo_era5_reanalysis,2026-09-11T14:25:57.874685+00:00
LTAC,40.128,32.995,2026-07-18,16.7,29.8,24,open_meteo_era5_reanalysis,2026-09-11T14:25:57.874688+00:00
LTAC,40.128,32.995,2026-07-19,16.7,31.6,24,open_meteo_era5_reanalysis,2026-09-11T14:25:57.874690+00:00
LTAC,40.128,32.995,2026-07-20,18.2,33.2,24,open_meteo_era5_reanalysis,2026-09-11T14:25:57.874693+00:00
LTAC,40.128,32.995,2026-07-21,18.1,33.3,24,open_meteo_era5_reanalysis,2026-09-11T14:25:57.874695+00:00
LTAC,40.128,32.995,2026-07-22,16.8,31.2,24,open_meteo_era5_reanalysis,2026-09-11T14:25:57.874698+00:00
LTAC,40.128,32.995,2026-07-23,18.3,28.8,24,open_meteo_era5_reanalysis,2026-09-11T14:25:57.874701+00:00
LTAC,40.128,32.995,2026-07-24,13.5,27.4,24,open_meteo_era5_reanalysis,2026-09-11T14:25:57.874703+00:00
LTAC,40.128,32.995,2026-07-25,14.1,18.8,24,open_meteo_era5_reanalysis,2026-09-11T14:25:57.874706+00:00
LTAC,40.128,32.995,2026-07-26,12.9,23.4,24,open_meteo_era5_reanalysis,2026-09-11T14:25:57.874709+00:00
LTAC,40.128,32.995,2026-07-27,11.1,26.6,24,open_meteo_era5_reanalysis,2026-09-11T14:25:57.874711+00:00
LTAC,40.128,32.995,2026-07-28,16.2,28.8,24,open_meteo_era5_reanalysis,2026-09-11T14:25:57.874714+00:00
LTAC,40.128,32.995,2026-07-29,16.3,27.2,24,open_meteo_era5_reanalysis,2026-09-11T14:25:57.874716+00:00
LTAC,40.128,32.995,2026-07-30,11.6,25.7,24,open_meteo_era5_reanalysis,2026-09-11T14:25:57.874719+00:00
LTAC,40.128,32.995,2026-07-31,11.9,25.3,24,open_meteo_era5_reanalysis,2026-09-11T14:25:57.874721+00:00
LTAC,40.128,32.995,2026-08-01,13.3,27.4,24,open_meteo_era5_reanalysis,2026-09-11T14:25:57.874724+00:00
LTAC,40.128,32.995,2026-08-02,15.0,30.9,24,open_meteo_era5_reanalysis,2026-09-11T14:25:57.874726+00:00
LTAC,40.128,32.995,2026-08-03,17.7,32.5,24,open_meteo_era5_reanalysis,2026-09-11T14:25:57.874729+00:00
LTAC,40.128,32.995,2026-08-04,16.4,32.2,24,open_meteo_era5_reanalysis,2026-09-11T14:25:57.874731+00:00
LTAC,40.128,32.995,2026-08-05,16.2,31.9,24,open_meteo_era5_reanalysis,2026-09-11T14:25:57.874734+00:00
LTAC,40.128,32.995,2026-08-06,18.1,32.3,24,open_meteo_era5_reanalysis,2026-09-11T14:25:57.874737+00:00
LTAC,40.128,32.995,2026-08-07,17.4,32.6,24,open_meteo_era5_reanalysis,2026-09-11T14:25:57.874739+00:00
LTAC,40.128,32.995,2026-08-08,18.5,32.9,24,open_meteo_era5_reanalysis,2026-09-11T14:25:57.874742+00:00
LTAC,40.128,32.995,2026-08-09,16.9,31.3,24,open_meteo_era5_reanalysis,2026-09-11T14:25:57.874744+00:00
LTAC,40.128,32.995,2026-08-10,18.5,30.9,24,open_meteo_era5_reanalysis,2026-09-11T14:25:57.874747+00:00
LTAC,40.128,32.995,2026-08-11,17.5,32.1,24,open_meteo_era5_reanalysis,2026-09-11T14:26:26.087942+00:00
LTAC,40.128,32.995,2026-08-12,17.7,31.9,24,open_meteo_era5_reanalysis,2026-09-11T14:26:26.087946+00:00
LTAC,40.128,32.995,2026-08-13,17.3,30.1,24,open_meteo_era5_reanalysis,2026-09-11T14:26:26.087948+00:00
LTAC,40.128,32.995,2026-08-14,16.5,28.3,24,open_meteo_era5_reanalysis,2026-09-11T14:26:26.087951+00:00
LTAC,40.128,32.995,2026-08-15,13.5,25.6,24,open_meteo_era5_reanalysis,2026-09-11T14:26:26.087953+00:00
LTAC,40.128,32.995,2026-08-16,13.3,26.6,24,open_meteo_era5_reanalysis,2026-09-11T14:26:26.087956+00:00
LTAC,40.128,32.995,2026-08-17,14.5,27.0,24,open_meteo_era5_reanalysis,2026-09-11T14:26:26.087959+00:00
LTAC,40.128,32.995,2026-08-18,14.0,29.7,24,open_meteo_era5_reanalysis,2026-09-11T14:26:26.087961+00:00
LTAC,40.128,32.995,2026-08-19,16.4,31.0,24,open_meteo_era5_reanalysis,2026-09-11T14:26:26.087964+00:00
LTAC,40.128,32.995,2026-08-20,15.9,30.5,24,open_meteo_era5_reanalysis,2026-09-11T14:26:26.087967+00:00
LTAC,40.128,32.995,2026-08-21,16.2,33.0,24,open_meteo_era5_reanalysis,2026-09-11T14:26:26.087969+00:00
LTAC,40.128,32.995,2026-08-22,16.9,34.7,24,open_meteo_era5_reanalysis,2026-09-11T14:26:26.087972+00:00
LTAC,40.128,32.995,2026-08-23,19.6,34.0,24,open_meteo_era5_reanalysis,2026-09-11T14:26:26.087974+00:00
LTAC,40.128,32.995,2026-08-24,17.8,32.2,24,open_meteo_era5_reanalysis,2026-09-11T14:26:26.087977+00:00
LTAC,40.128,32.995,2026-08-25,17.4,30.2,24,open_meteo_era5_reanalysis,2026-09-11T14:26:26.087979+00:00
LTAC,40.128,32.995,2026-08-26,16.1,31.7,24,open_meteo_era5_reanalysis,2026-09-11T14:26:26.087982+00:00
LTAC,40.128,32.995,2026-08-27,18.2,32.0,24,open_meteo_era5_reanalysis,2026-09-11T14:26:26.087984+00:00
LTAC,40.128,32.995,2026-08-28,15.9,26.4,24,open_meteo_era5_reanalysis,2026-09-11T14:26:26.087987+00:00
LTAC,40.128,32.995,2026-08-29,13.4,23.0,24,open_meteo_era5_reanalysis,2026-09-11T14:26:26.087989+00:00
LTAC,40.128,32.995,2026-08-30,15.0,25.5,24,open_meteo_era5_reanalysis,2026-09-11T14:26:26.087992+00:00
LTAC,40.128,32.995,2026-08-31,13.8,27.7,24,open_meteo_era5_reanalysis,2026-09-11T14:26:26.087995+00:00
LTAC,40.128,32.995,2026-09-01,14.4,30.3,24,open_meteo_era5_reanalysis,2026-09-11T14:26:26.087997+00:00
LTAC,40.128,32.995,2026-09-02,15.7,31.1,24,open_meteo_era5_reanalysis,2026-09-11T14:26:26.088000+00:00
LTAC,40.128,32.995,2026-09-03,15.7,30.4,24,open_meteo_era5_reanalysis,2026-09-11T14:26:26.088002+00:00
LTAC,40.128,32.995,2026-09-04,15.6,29.2,24,open_meteo_era5_reanalysis,2026-09-11T14:26:26.088005+00:00
LTAC,40.128,32.995,2026-09-05,15.0,28.7,24,open_meteo_era5_reanalysis,2026-09-11T14:26:26.088008+00:00
LTAC,40.128,32.995,2026-09-06,14.8,31.7,24,open_meteo_era5_reanalysis,2026-09-11T14:26:26.088010+00:00
LTAC,40.128,32.995,2026-09-07,14.1,24.3,24,open_meteo_era5_reanalysis,2026-09-11T14:26:26.088013+00:00
LTAC,40.128,32.995,2026-09-08,10.7,23.7,24,open_meteo_era5_reanalysis,2026-09-11T14:26:26.088015+00:00
LTAC,40.128,32.995,2026-09-09,10.1,27.3,24,open_meteo_era5_reanalysis,2026-09-11T14:26:26.088018+00:00
MMMX,19.436,-99.072,2026-06-12,14.6,24.2,24,open_meteo_era5_reanalysis,2026-09-11T14:25:29.683910+00:00
MMMX,19.436,-99.072,2026-06-13,13.7,21.7,24,open_meteo_era5_reanalysis,2026-09-11T14:25:29.683913+00:00
MMMX,19.436,-99.072,2026-06-14,12.0,24.3,24,open_meteo_era5_reanalysis,2026-09-11T14:25:29.683915+00:00
MMMX,19.436,-99.072,2026-06-15,13.8,24.4,24,open_meteo_era5_reanalysis,2026-09-11T14:25:29.683918+00:00
MMMX,19.436,-99.072,2026-06-16,14.5,24.7,24,open_meteo_era5_reanalysis,2026-09-11T14:25:29.683920+00:00
MMMX,19.436,-99.072,2026-06-17,14.4,23.5,24,open_meteo_era5_reanalysis,2026-09-11T14:25:29.683923+00:00
MMMX,19.436,-99.072,2026-06-18,13.2,25.1,24,open_meteo_era5_reanalysis,2026-09-11T14:25:29.683926+00:00
MMMX,19.436,-99.072,2026-06-19,14.6,24.6,24,open_meteo_era5_reanalysis,2026-09-11T14:25:29.683929+00:00
MMMX,19.436,-99.072,2026-06-20,14.3,24.1,24,open_meteo_era5_reanalysis,2026-09-11T14:25:29.683931+00:00
MMMX,19.436,-99.072,2026-06-21,13.7,24.0,24,open_meteo_era5_reanalysis,2026-09-11T14:25:29.683934+00:00
MMMX,19.436,-99.072,2026-06-22,13.6,26.2,24,open_meteo_era5_reanalysis,2026-09-11T14:25:29.683936+00:00
MMMX,19.436,-99.072,2026-06-23,14.1,23.9,24,open_meteo_era5_reanalysis,2026-09-11T14:25:29.683939+00:00
MMMX,19.436,-99.072,2026-06-24,13.9,21.7,24,open_meteo_era5_reanalysis,2026-09-11T14:25:29.683941+00:00
MMMX,19.436,-99.072,2026-06-25,13.1,23.4,24,open_meteo_era5_reanalysis,2026-09-11T14:25:29.683944+00:00
MMMX,19.436,-99.072,2026-06-26,12.6,23.5,24,open_meteo_era5_reanalysis,2026-09-11T14:25:29.683947+00:00
MMMX,19.436,-99.072,2026-06-27,13.5,21.8,24,open_meteo_era5_reanalysis,2026-09-11T14:25:29.683949+00:00
MMMX,19.436,-99.072,2026-06-28,12.4,23.7,24,open_meteo_era5_reanalysis,2026-09-11T14:25:29.683952+00:00
MMMX,19.436,-99.072,2026-06-29,13.5,22.2,24,open_meteo_era5_reanalysis,2026-09-11T14:25:29.683955+00:00
MMMX,19.436,-99.072,2026-06-30,13.7,22.1,24,open_meteo_era5_reanalysis,2026-09-11T14:25:29.683958+00:00
MMMX,19.436,-99.072,2026-07-01,13.6,20.5,24,open_meteo_era5_reanalysis,2026-09-11T14:25:29.683960+00:00
MMMX,19.436,-99.072,2026-07-02,12.0,21.7,24,open_meteo_era5_reanalysis,2026-09-11T14:25:29.683963+00:00
MMMX,19.436,-99.072,2026-07-03,13.1,22.9,24,open_meteo_era5_reanalysis,2026-09-11T14:25:29.683965+00:00
MMMX,19.436,-99.072,2026-07-04,14.1,24.0,24,open_meteo_era5_reanalysis,2026-09-11T14:25:29.683968+00:00
MMMX,19.436,-99.072,2026-07-05,14.1,23.6,24,open_meteo_era5_reanalysis,2026-09-11T14:25:29.683970+00:00
MMMX,19.436,-99.072,2026-07-06,13.6,23.1,24,open_meteo_era5_reanalysis,2026-09-11T14:25:29.683973+00:00
MMMX,19.436,-99.072,2026-07-07,13.4,23.1,24,open_meteo_era5_reanalysis,2026-09-11T14:25:29.683975+00:00
MMMX,19.436,-99.072,2026-07-08,13.0,22.7,24,open_meteo_era5_reanalysis,2026-09-11T14:25:29.683978+00:00
MMMX,19.436,-99.072,2026-07-09,13.0,23.6,24,open_meteo_era5_reanalysis,2026-09-11T14:25:29.683980+00:00
MMMX,19.436,-99.072,2026-07-10,12.6,24.9,24,open_meteo_era5_reanalysis,2026-09-11T14:25:29.683983+00:00
MMMX,19.436,-99.072,2026-07-11,13.3,24.1,24,open_meteo_era5_reanalysis,2026-09-11T14:25:29.683985+00:00
MMMX,19.436,-99.072,2026-07-12,13.0,23.7,24,open_meteo_era5_reanalysis,2026-09-11T14:25:57.874958+00:00
MMMX,19.436,-99.072,2026-07-13,13.8,23.3,24,open_meteo_era5_reanalysis,2026-09-11T14:25:57.874961+00:00
MMMX,19.436,-99.072,2026-07-14,13.2,24.5,24,open_meteo_era5_reanalysis,2026-09-11T14:25:57.874963+00:00
MMMX,19.436,-99.072,2026-07-15,13.4,23.7,24,open_meteo_era5_reanalysis,2026-09-11T14:25:57.874966+00:00
MMMX,19.436,-99.072,2026-07-16,13.1,24.9,24,open_meteo_era5_reanalysis,2026-09-11T14:25:57.874969+00:00
MMMX,19.436,-99.072,2026-07-17,13.4,22.5,24,open_meteo_era5_reanalysis,2026-09-11T14:25:57.874971+00:00
MMMX,19.436,-99.072,2026-07-18,13.3,23.7,24,open_meteo_era5_reanalysis,2026-09-11T14:25:57.874974+00:00
MMMX,19.436,-99.072,2026-07-19,12.9,24.9,24,open_meteo_era5_reanalysis,2026-09-11T14:25:57.874976+00:00
MMMX,19.436,-99.072,2026-07-20,13.2,25.7,24,open_meteo_era5_reanalysis,2026-09-11T14:25:57.874979+00:00
MMMX,19.436,-99.072,2026-07-21,13.0,26.3,24,open_meteo_era5_reanalysis,2026-09-11T14:25:57.874981+00:00
MMMX,19.436,-99.072,2026-07-22,12.5,25.8,24,open_meteo_era5_reanalysis,2026-09-11T14:25:57.874984+00:00
MMMX,19.436,-99.072,2026-07-23,13.5,27.4,24,open_meteo_era5_reanalysis,2026-09-11T14:25:57.874986+00:00
MMMX,19.436,-99.072,2026-07-24,14.4,28.7,24,open_meteo_era5_reanalysis,2026-09-11T14:25:57.874989+00:00
MMMX,19.436,-99.072,2026-07-25,14.8,27.3,24,open_meteo_era5_reanalysis,2026-09-11T14:25:57.874992+00:00
MMMX,19.436,-99.072,2026-07-26,13.7,24.6,24,open_meteo_era5_reanalysis,2026-09-11T14:25:57.874994+00:00
MMMX,19.436,-99.072,2026-07-27,14.0,23.5,24,open_meteo_era5_reanalysis,2026-09-11T14:25:57.874997+00:00
MMMX,19.436,-99.072,2026-07-28,13.4,24.1,24,open_meteo_era5_reanalysis,2026-09-11T14:25:57.875000+00:00
MMMX,19.436,-99.072,2026-07-29,13.3,23.5,24,open_meteo_era5_reanalysis,2026-09-11T14:25:57.875003+00:00
MMMX,19.436,-99.072,2026-07-30,13.5,25.8,24,open_meteo_era5_reanalysis,2026-09-11T14:25:57.875006+00:00
MMMX,19.436,-99.072,2026-07-31,13.1,25.5,24,open_meteo_era5_reanalysis,2026-09-11T14:25:57.875008+00:00
MMMX,19.436,-99.072,2026-08-01,12.8,24.3,24,open_meteo_era5_reanalysis,2026-09-11T14:25:57.875011+00:00
MMMX,19.436,-99.072,2026-08-02,13.6,27.6,24,open_meteo_era5_reanalysis,2026-09-11T14:25:57.875013+00:00
MMMX,19.436,-99.072,2026-08-03,14.7,27.8,24,open_meteo_era5_reanalysis,2026-09-11T14:25:57.875016+00:00
MMMX,19.436,-99.072,2026-08-04,14.7,26.8,24,open_meteo_era5_reanalysis,2026-09-11T14:25:57.875018+00:00
MMMX,19.436,-99.072,2026-08-05,14.8,26.3,24,open_meteo_era5_reanalysis,2026-09-11T14:25:57.875021+00:00
MMMX,19.436,-99.072,2026-08-06,12.9,25.8,24,open_meteo_era5_reanalysis,2026-09-11T14:25:57.875023+00:00
MMMX,19.436,-99.072,2026-08-07,13.2,23.0,24,open_meteo_era5_reanalysis,2026-09-11T14:25:57.875026+00:00
MMMX,19.436,-99.072,2026-08-08,13.0,23.7,24,open_meteo_era5_reanalysis,2026-09-11T14:25:57.875029+00:00
MMMX,19.436,-99.072,2026-08-09,13.5,23.1,24,open_meteo_era5_reanalysis,2026-09-11T14:25:57.875032+00:00
MMMX,19.436,-99.072,2026-08-10,12.9,23.6,24,open_meteo_era5_reanalysis,2026-09-11T14:25:57.875034+00:00
MMMX,19.436,-99.072,2026-08-11,13.9,23.7,24,open_meteo_era5_reanalysis,2026-09-11T14:26:26.088228+00:00
MMMX,19.436,-99.072,2026-08-12,12.9,23.9,24,open_meteo_era5_reanalysis,2026-09-11T14:26:26.088231+00:00
MMMX,19.436,-99.072,2026-08-13,13.0,24.0,24,open_meteo_era5_reanalysis,2026-09-11T14:26:26.088234+00:00
MMMX,19.436,-99.072,2026-08-14,13.3,25.0,24,open_meteo_era5_reanalysis,2026-09-11T14:26:26.088236+00:00
MMMX,19.436,-99.072,2026-08-15,14.1,24.7,24,open_meteo_era5_reanalysis,2026-09-11T14:26:26.088239+00:00
MMMX,19.436,-99.072,2026-08-16,14.4,25.7,24,open_meteo_era5_reanalysis,2026-09-11T14:26:26.088242+00:00
MMMX,19.436,-99.072,2026-08-17,13.3,23.8,24,open_meteo_era5_reanalysis,2026-09-11T14:26:26.088244+00:00
MMMX,19.436,-99.072,2026-08-18,12.2,24.8,24,open_meteo_era5_reanalysis,2026-09-11T14:26:26.088247+00:00
MMMX,19.436,-99.072,2026-08-19,12.5,24.7,24,open_meteo_era5_reanalysis,2026-09-11T14:26:26.088249+00:00
MMMX,19.436,-99.072,2026-08-20,13.8,24.9,24,open_meteo_era5_reanalysis,2026-09-11T14:26:26.088252+00:00
MMMX,19.436,-99.072,2026-08-21,13.3,25.0,24,open_meteo_era5_reanalysis,2026-09-11T14:26:26.088255+00:00
MMMX,19.436,-99.072,2026-08-22,14.0,23.2,24,open_meteo_era5_reanalysis,2026-09-11T14:26:26.088257+00:00
MMMX,19.436,-99.072,2026-08-23,13.6,21.1,24,open_meteo_era5_reanalysis,2026-09-11T14:26:26.088260+00:00
MMMX,19.436,-99.072,2026-08-24,13.5,20.4,24,open_meteo_era5_reanalysis,2026-09-11T14:26:26.088262+00:00
MMMX,19.436,-99.072,2026-08-25,13.5,21.4,24,open_meteo_era5_reanalysis,2026-09-11T14:26:26.088265+00:00
MMMX,19.436,-99.072,2026-08-26,13.2,23.9,24,open_meteo_era5_reanalysis,2026-09-11T14:26:26.088268+00:00
MMMX,19.436,-99.072,2026-08-27,12.4,23.3,24,open_meteo_era5_reanalysis,2026-09-11T14:26:26.088270+00:00
MMMX,19.436,-99.072,2026-08-28,13.9,24.0,24,open_meteo_era5_reanalysis,2026-09-11T14:26:26.088273+00:00
MMMX,19.436,-99.072,2026-08-29,13.8,20.8,24,open_meteo_era5_reanalysis,2026-09-11T14:26:26.088276+00:00
MMMX,19.436,-99.072,2026-08-30,12.1,23.8,24,open_meteo_era5_reanalysis,2026-09-11T14:26:26.088279+00:00
MMMX,19.436,-99.072,2026-08-31,13.5,21.3,24,open_meteo_era5_reanalysis,2026-09-11T14:26:26.088281+00:00
MMMX,19.436,-99.072,2026-09-01,13.3,22.3,24,open_meteo_era5_reanalysis,2026-09-11T14:26:26.088284+00:00
MMMX,19.436,-99.072,2026-09-02,13.2,24.0,24,open_meteo_era5_reanalysis,2026-09-11T14:26:26.088286+00:00
MMMX,19.436,-99.072,2026-09-03,13.6,24.3,24,open_meteo_era5_reanalysis,2026-09-11T14:26:26.088289+00:00
MMMX,19.436,-99.072,2026-09-04,12.9,24.9,24,open_meteo_era5_reanalysis,2026-09-11T14:26:26.088291+00:00
MMMX,19.436,-99.072,2026-09-05,14.2,24.1,24,open_meteo_era5_reanalysis,2026-09-11T14:26:26.088294+00:00
MMMX,19.436,-99.072,2026-09-06,13.2,20.7,24,open_meteo_era5_reanalysis,2026-09-11T14:26:26.088296+00:00
MMMX,19.436,-99.072,2026-09-07,13.5,21.1,24,open_meteo_era5_reanalysis,2026-09-11T14:26:26.088299+00:00
MMMX,19.436,-99.072,2026-09-08,13.3,23.1,24,open_meteo_era5_reanalysis,2026-09-11T14:26:26.088302+00:00
MMMX,19.436,-99.072,2026-09-09,13.6,22.7,24,open_meteo_era5_reanalysis,2026-09-11T14:26:26.088304+00:00
MPMG,8.967,-79.555,2026-06-12,25.8,32.9,24,open_meteo_era5_reanalysis,2026-09-11T14:25:29.684202+00:00
MPMG,8.967,-79.555,2026-06-13,24.9,32.0,24,open_meteo_era5_reanalysis,2026-09-11T14:25:29.684205+00:00
MPMG,8.967,-79.555,2026-06-14,24.0,31.3,24,open_meteo_era5_reanalysis,2026-09-11T14:25:29.684208+00:00
MPMG,8.967,-79.555,2026-06-15,23.1,29.2,24,open_meteo_era5_reanalysis,2026-09-11T14:25:29.684210+00:00
MPMG,8.967,-79.555,2026-06-16,23.5,30.9,24,open_meteo_era5_reanalysis,2026-09-11T14:25:29.684213+00:00
MPMG,8.967,-79.555,2026-06-17,24.2,26.0,24,open_meteo_era5_reanalysis,2026-09-11T14:25:29.684215+00:00
MPMG,8.967,-79.555,2026-06-18,23.3,30.3,24,open_meteo_era5_reanalysis,2026-09-11T14:25:29.684218+00:00
MPMG,8.967,-79.555,2026-06-19,24.3,31.4,24,open_meteo_era5_reanalysis,2026-09-11T14:25:29.684220+00:00
MPMG,8.967,-79.555,2026-06-20,24.7,30.7,24,open_meteo_era5_reanalysis,2026-09-11T14:25:29.684223+00:00
MPMG,8.967,-79.555,2026-06-21,24.4,30.7,24,open_meteo_era5_reanalysis,2026-09-11T14:25:29.684226+00:00
MPMG,8.967,-79.555,2026-06-22,23.8,28.8,24,open_meteo_era5_reanalysis,2026-09-11T14:25:29.684229+00:00
MPMG,8.967,-79.555,2026-06-23,23.9,29.8,24,open_meteo_era5_reanalysis,2026-09-11T14:25:29.684232+00:00
MPMG,8.967,-79.555,2026-06-24,25.4,31.1,24,open_meteo_era5_reanalysis,2026-09-11T14:25:29.684234+00:00
MPMG,8.967,-79.555,2026-06-25,25.1,32.4,24,open_meteo_era5_reanalysis,2026-09-11T14:25:29.684237+00:00
MPMG,8.967,-79.555,2026-06-26,24.2,29.8,24,open_meteo_era5_reanalysis,2026-09-11T14:25:29.684239+00:00
MPMG,8.967,-79.555,2026-06-27,25.8,34.3,24,open_meteo_era5_reanalysis,2026-09-11T14:25:29.684242+00:00
MPMG,8.967,-79.555,2026-06-28,25.7,32.4,24,open_meteo_era5_reanalysis,2026-09-11T14:25:29.684245+00:00
MPMG,8.967,-79.555,2026-06-29,26.2,32.9,24,open_meteo_era5_reanalysis,2026-09-11T14:25:29.684247+00:00
MPMG,8.967,-79.555,2026-06-30,26.0,33.2,24,open_meteo_era5_reanalysis,2026-09-11T14:25:29.684250+00:00
MPMG,8.967,-79.555,2026-07-01,25.8,32.3,24,open_meteo_era5_reanalysis,2026-09-11T14:25:29.684252+00:00
MPMG,8.967,-79.555,2026-07-02,23.8,32.0,24,open_meteo_era5_reanalysis,2026-09-11T14:25:29.684255+00:00
MPMG,8.967,-79.555,2026-07-03,24.9,29.1,24,open_meteo_era5_reanalysis,2026-09-11T14:25:29.684257+00:00
MPMG,8.967,-79.555,2026-07-04,24.4,26.6,24,open_meteo_era5_reanalysis,2026-09-11T14:25:29.684260+00:00
MPMG,8.967,-79.555,2026-07-05,24.4,30.8,24,open_meteo_era5_reanalysis,2026-09-11T14:25:29.684262+00:00
MPMG,8.967,-79.555,2026-07-06,25.1,31.6,24,open_meteo_era5_reanalysis,2026-09-11T14:25:29.684265+00:00
MPMG,8.967,-79.555,2026-07-07,25.7,33.2,24,open_meteo_era5_reanalysis,2026-09-11T14:25:29.684267+00:00
MPMG,8.967,-79.555,2026-07-08,25.8,32.8,24,open_meteo_era5_reanalysis,2026-09-11T14:25:29.684270+00:00
MPMG,8.967,-79.555,2026-07-09,25.3,31.8,24,open_meteo_era5_reanalysis,2026-09-11T14:25:29.684273+00:00
MPMG,8.967,-79.555,2026-07-10,25.2,30.9,24,open_meteo_era5_reanalysis,2026-09-11T14:25:29.684276+00:00
MPMG,8.967,-79.555,2026-07-11,24.5,30.1,24,open_meteo_era5_reanalysis,2026-09-11T14:25:29.684278+00:00
MPMG,8.967,-79.555,2026-07-12,23.7,31.4,24,open_meteo_era5_reanalysis,2026-09-11T14:25:57.875246+00:00
MPMG,8.967,-79.555,2026-07-13,24.0,28.3,24,open_meteo_era5_reanalysis,2026-09-11T14:25:57.875249+00:00
MPMG,8.967,-79.555,2026-07-14,25.3,33.1,24,open_meteo_era5_reanalysis,2026-09-11T14:25:57.875251+00:00
MPMG,8.967,-79.555,2026-07-15,25.5,32.4,24,open_meteo_era5_reanalysis,2026-09-11T14:25:57.875254+00:00
MPMG,8.967,-79.555,2026-07-16,25.9,33.0,24,open_meteo_era5_reanalysis,2026-09-11T14:25:57.875257+00:00
MPMG,8.967,-79.555,2026-07-17,25.9,33.7,24,open_meteo_era5_reanalysis,2026-09-11T14:25:57.875259+00:00
MPMG,8.967,-79.555,2026-07-18,25.8,33.4,24,open_meteo_era5_reanalysis,2026-09-11T14:25:57.875262+00:00
MPMG,8.967,-79.555,2026-07-19,24.2,30.3,24,open_meteo_era5_reanalysis,2026-09-11T14:25:57.875264+00:00
MPMG,8.967,-79.555,2026-07-20,23.7,27.9,24,open_meteo_era5_reanalysis,2026-09-11T14:25:57.875267+00:00
MPMG,8.967,-79.555,2026-07-21,24.2,31.3,24,open_meteo_era5_reanalysis,2026-09-11T14:25:57.875269+00:00
MPMG,8.967,-79.555,2026-07-22,24.7,29.6,24,open_meteo_era5_reanalysis,2026-09-11T14:25:57.875272+00:00
MPMG,8.967,-79.555,2026-07-23,23.3,25.3,24,open_meteo_era5_reanalysis,2026-09-11T14:25:57.875275+00:00
MPMG,8.967,-79.555,2026-07-24,23.6,29.5,24,open_meteo_era5_reanalysis,2026-09-11T14:25:57.875277+00:00
MPMG,8.967,-79.555,2026-07-25,24.7,30.6,24,open_meteo_era5_reanalysis,2026-09-11T14:25:57.875280+00:00
MPMG,8.967,-79.555,2026-07-26,25.3,32.0,24,open_meteo_era5_reanalysis,2026-09-11T14:25:57.875282+00:00
MPMG,8.967,-79.555,2026-07-27,24.9,29.8,24,open_meteo_era5_reanalysis,2026-09-11T14:25:57.875285+00:00
MPMG,8.967,-79.555,2026-07-28,24.6,32.2,24,open_meteo_era5_reanalysis,2026-09-11T14:25:57.875287+00:00
MPMG,8.967,-79.555,2026-07-29,25.5,32.4,24,open_meteo_era5_reanalysis,2026-09-11T14:25:57.875290+00:00
MPMG,8.967,-79.555,2026-07-30,26.0,33.4,24,open_meteo_era5_reanalysis,2026-09-11T14:25:57.875292+00:00
MPMG,8.967,-79.555,2026-07-31,25.9,33.7,24,open_meteo_era5_reanalysis,2026-09-11T14:25:57.875295+00:00
MPMG,8.967,-79.555,2026-08-01,25.3,30.0,24,open_meteo_era5_reanalysis,2026-09-11T14:25:57.875298+00:00
MPMG,8.967,-79.555,2026-08-02,24.9,29.9,24,open_meteo_era5_reanalysis,2026-09-11T14:25:57.875300+00:00
MPMG,8.967,-79.555,2026-08-03,25.1,32.0,24,open_meteo_era5_reanalysis,2026-09-11T14:25:57.875303+00:00
MPMG,8.967,-79.555,2026-08-04,24.7,32.3,24,open_meteo_era5_reanalysis,2026-09-11T14:25:57.875305+00:00
MPMG,8.967,-79.555,2026-08-05,23.6,32.4,24,open_meteo_era5_reanalysis,2026-09-11T14:25:57.875308+00:00
MPMG,8.967,-79.555,2026-08-06,23.4,29.2,24,open_meteo_era5_reanalysis,2026-09-11T14:25:57.875310+00:00
MPMG,8.967,-79.555,2026-08-07,24.3,33.0,24,open_meteo_era5_reanalysis,2026-09-11T14:25:57.875313+00:00
MPMG,8.967,-79.555,2026-08-08,25.6,31.8,24,open_meteo_era5_reanalysis,2026-09-11T14:25:57.875316+00:00
MPMG,8.967,-79.555,2026-08-09,25.5,32.6,24,open_meteo_era5_reanalysis,2026-09-11T14:25:57.875318+00:00
MPMG,8.967,-79.555,2026-08-10,25.5,33.0,24,open_meteo_era5_reanalysis,2026-09-11T14:25:57.875321+00:00
MPMG,8.967,-79.555,2026-08-11,25.8,32.7,24,open_meteo_era5_reanalysis,2026-09-11T14:26:26.088514+00:00
MPMG,8.967,-79.555,2026-08-12,25.1,32.2,24,open_meteo_era5_reanalysis,2026-09-11T14:26:26.088517+00:00
MPMG,8.967,-79.555,2026-08-13,25.6,32.7,24,open_meteo_era5_reanalysis,2026-09-11T14:26:26.088520+00:00
MPMG,8.967,-79.555,2026-08-14,25.3,31.6,24,open_meteo_era5_reanalysis,2026-09-11T14:26:26.088522+00:00
MPMG,8.967,-79.555,2026-08-15,23.8,31.4,24,open_meteo_era5_reanalysis,2026-09-11T14:26:26.088525+00:00
MPMG,8.967,-79.555,2026-08-16,23.8,30.1,24,open_meteo_era5_reanalysis,2026-09-11T14:26:26.088528+00:00
MPMG,8.967,-79.555,2026-08-17,24.5,27.3,24,open_meteo_era5_reanalysis,2026-09-11T14:26:26.088530+00:00
MPMG,8.967,-79.555,2026-08-18,24.8,30.1,24,open_meteo_era5_reanalysis,2026-09-11T14:26:26.088533+00:00
MPMG,8.967,-79.555,2026-08-19,25.1,32.6,24,open_meteo_era5_reanalysis,2026-09-11T14:26:26.088535+00:00
MPMG,8.967,-79.555,2026-08-20,25.2,33.4,24,open_meteo_era5_reanalysis,2026-09-11T14:26:26.088538+00:00
MPMG,8.967,-79.555,2026-08-21,25.1,33.1,24,open_meteo_era5_reanalysis,2026-09-11T14:26:26.088540+00:00
MPMG,8.967,-79.555,2026-08-22,25.2,33.1,24,open_meteo_era5_reanalysis,2026-09-11T14:26:26.088543+00:00
MPMG,8.967,-79.555,2026-08-23,24.8,29.9,24,open_meteo_era5_reanalysis,2026-09-11T14:26:26.088545+00:00
MPMG,8.967,-79.555,2026-08-24,25.5,31.6,24,open_meteo_era5_reanalysis,2026-09-11T14:26:26.088548+00:00
MPMG,8.967,-79.555,2026-08-25,24.6,32.4,24,open_meteo_era5_reanalysis,2026-09-11T14:26:26.088550+00:00
MPMG,8.967,-79.555,2026-08-26,24.5,31.2,24,open_meteo_era5_reanalysis,2026-09-11T14:26:26.088553+00:00
MPMG,8.967,-79.555,2026-08-27,24.7,31.6,24,open_meteo_era5_reanalysis,2026-09-11T14:26:26.088556+00:00
MPMG,8.967,-79.555,2026-08-28,24.6,31.6,24,open_meteo_era5_reanalysis,2026-09-11T14:26:26.088558+00:00
MPMG,8.967,-79.555,2026-08-29,24.0,30.6,24,open_meteo_era5_reanalysis,2026-09-11T14:26:26.088561+00:00
MPMG,8.967,-79.555,2026-08-30,24.7,31.1,24,open_meteo_era5_reanalysis,2026-09-11T14:26:26.088564+00:00
MPMG,8.967,-79.555,2026-08-31,24.8,29.3,24,open_meteo_era5_reanalysis,2026-09-11T14:26:26.088566+00:00
MPMG,8.967,-79.555,2026-09-01,24.4,31.2,24,open_meteo_era5_reanalysis,2026-09-11T14:26:26.088569+00:00
MPMG,8.967,-79.555,2026-09-02,25.1,32.6,24,open_meteo_era5_reanalysis,2026-09-11T14:26:26.088571+00:00
MPMG,8.967,-79.555,2026-09-03,25.5,30.8,24,open_meteo_era5_reanalysis,2026-09-11T14:26:26.088574+00:00
MPMG,8.967,-79.555,2026-09-04,25.0,30.6,24,open_meteo_era5_reanalysis,2026-09-11T14:26:26.088576+00:00
MPMG,8.967,-79.555,2026-09-05,25.2,31.4,24,open_meteo_era5_reanalysis,2026-09-11T14:26:26.088579+00:00
MPMG,8.967,-79.555,2026-09-06,23.9,29.7,24,open_meteo_era5_reanalysis,2026-09-11T14:26:26.088582+00:00
MPMG,8.967,-79.555,2026-09-07,24.4,31.0,24,open_meteo_era5_reanalysis,2026-09-11T14:26:26.088584+00:00
MPMG,8.967,-79.555,2026-09-08,25.6,30.7,24,open_meteo_era5_reanalysis,2026-09-11T14:26:26.088587+00:00
MPMG,8.967,-79.555,2026-09-09,25.0,29.3,24,open_meteo_era5_reanalysis,2026-09-11T14:26:26.088589+00:00
NZWN,-41.331,174.806,2026-06-12,9.6,13.4,24,open_meteo_era5_reanalysis,2026-09-11T14:25:29.684491+00:00
NZWN,-41.331,174.806,2026-06-13,8.6,14.6,24,open_meteo_era5_reanalysis,2026-09-11T14:25:29.684493+00:00
NZWN,-41.331,174.806,2026-06-14,12.4,16.7,24,open_meteo_era5_reanalysis,2026-09-11T14:25:29.684496+00:00
NZWN,-41.331,174.806,2026-06-15,10.6,16.5,24,open_meteo_era5_reanalysis,2026-09-11T14:25:29.684499+00:00
NZWN,-41.331,174.806,2026-06-16,9.3,12.2,24,open_meteo_era5_reanalysis,2026-09-11T14:25:29.684501+00:00
NZWN,-41.331,174.806,2026-06-17,10.2,14.1,24,open_meteo_era5_reanalysis,2026-09-11T14:25:29.684504+00:00
NZWN,-41.331,174.806,2026-06-18,8.9,13.9,24,open_meteo_era5_reanalysis,2026-09-11T14:25:29.684506+00:00
NZWN,-41.331,174.806,2026-06-19,8.2,14.2,24,open_meteo_era5_reanalysis,2026-09-11T14:25:29.684509+00:00
NZWN,-41.331,174.806,2026-06-20,14.2,16.0,24,open_meteo_era5_reanalysis,2026-09-11T14:25:29.684512+00:00
NZWN,-41.331,174.806,2026-06-21,11.2,15.6,24,open_meteo_era5_reanalysis,2026-09-11T14:25:29.684514+00:00
NZWN,-41.331,174.806,2026-06-22,8.9,12.6,24,open_meteo_era5_reanalysis,2026-09-11T14:25:29.684517+00:00
NZWN,-41.331,174.806,2026-06-23,7.6,13.7,24,open_meteo_era5_reanalysis,2026-09-11T14:25:29.684519+00:00
NZWN,-41.331,174.806,2026-06-24,11.4,16.2,24,open_meteo_era5_reanalysis,2026-09-11T14:25:29.684522+00:00
NZWN,-41.331,174.806,2026-06-25,8.3,12.4,24,open_meteo_era5_reanalysis,2026-09-11T14:25:29.684525+00:00
NZWN,-41.331,174.806,2026-06-26,8.3,10.1,24,open_meteo_era5_reanalysis,2026-09-11T14:25:29.684527+00:00
NZWN,-41.331,174.806,2026-06-27,9.2,10.5,24,open_meteo_era5_reanalysis,2026-09-11T14:25:29.684530+00:00
NZWN,-41.331,174.806,2026-06-28,9.2,10.5,24,open_meteo_era5_reanalysis,2026-09-11T14:25:29.684532+00:00
NZWN,-41.331,174.806,2026-06-29,9.6,11.0,24,open_meteo_era5_reanalysis,2026-09-11T14:25:29.684535+00:00
NZWN,-41.331,174.806,2026-06-30,5.0,10.9,24,open_meteo_era5_reanalysis,2026-09-11T14:25:29.684538+00:00
NZWN,-41.331,174.806,2026-07-01,4.6,11.3,24,open_meteo_era5_reanalysis,2026-09-11T14:25:29.684540+00:00
NZWN,-41.331,174.806,2026-07-02,8.4,12.0,24,open_meteo_era5_reanalysis,2026-09-11T14:25:29.684543+00:00
NZWN,-41.331,174.806,2026-07-03,11.2,13.4,24,open_meteo_era5_reanalysis,2026-09-11T14:25:29.684545+00:00
NZWN,-41.331,174.806,2026-07-04,10.1,12.9,24,open_meteo_era5_reanalysis,2026-09-11T14:25:29.684548+00:00
NZWN,-41.331,174.806,2026-07-05,9.0,13.5,24,open_meteo_era5_reanalysis,2026-09-11T14:25:29.684551+00:00
NZWN,-41.331,174.806,2026-07-06,9.5,12.3,24,open_meteo_era5_reanalysis,2026-09-11T14:25:29.684553+00:00
NZWN,-41.331,174.806,2026-07-07,11.6,12.5,24,open_meteo_era5_reanalysis,2026-09-11T14:25:29.684556+00:00
NZWN,-41.331,174.806,2026-07-08,9.9,11.9,24,open_meteo_era5_reanalysis,2026-09-11T14:25:29.684558+00:00
NZWN,-41.331,174.806,2026-07-09,8.5,10.4,24,open_meteo_era5_reanalysis,2026-09-11T14:25:29.684561+00:00
NZWN,-41.331,174.806,2026-07-10,8.3,9.7,24,open_meteo_era5_reanalysis,2026-09-11T14:25:29.684563+00:00
NZWN,-41.331,174.806,2026-07-11,8.7,9.7,24,open_meteo_era5_reanalysis,2026-09-11T14:25:29.684566+00:00
NZWN,-41.331,174.806,2026-07-12,5.3,10.3,24,open_meteo_era5_reanalysis,2026-09-11T14:25:57.875538+00:00
NZWN,-41.331,174.806,2026-07-13,7.5,12.6,24,open_meteo_era5_reanalysis,2026-09-11T14:25:57.875541+00:00
NZWN,-41.331,174.806,2026-07-14,11.4,14.5,24,open_meteo_era5_reanalysis,2026-09-11T14:25:57.875544+00:00
NZWN,-41.331,174.806,2026-07-15,12.7,15.0,24,open_meteo_era5_reanalysis,2026-09-11T14:25:57.875547+00:00
NZWN,-41.331,174.806,2026-07-16,8.2,15.5,24,open_meteo_era5_reanalysis,2026-09-11T14:25:57.875549+00:00
NZWN,-41.331,174.806,2026-07-17,8.5,13.6,24,open_meteo_era5_reanalysis,2026-09-11T14:25:57.875552+00:00
NZWN,-41.331,174.806,2026-07-18,10.8,14.1,24,open_meteo_era5_reanalysis,2026-09-11T14:25:57.875555+00:00
NZWN,-41.331,174.806,2026-07-19,9.4,13.1,24,open_meteo_era5_reanalysis,2026-09-11T14:25:57.875557+00:00
NZWN,-41.331,174.806,2026-07-20,7.0,10.7,24,open_meteo_era5_reanalysis,2026-09-11T14:25:57.875560+00:00
NZWN,-41.331,174.806,2026-07-21,4.6,11.1,24,open_meteo_era5_reanalysis,2026-09-11T14:25:57.875562+00:00
NZWN,-41.331,174.806,2026-07-22,8.2,12.7,24,open_meteo_era5_reanalysis,2026-09-11T14:25:57.875565+00:00
NZWN,-41.331,174.806,2026-07-23,7.6,13.4,24,open_meteo_era5_reanalysis,2026-09-11T14:25:57.875568+00:00
NZWN,-41.331,174.806,2026-07-24,11.4,13.4,24,open_meteo_era5_reanalysis,2026-09-11T14:25:57.875570+00:00
NZWN,-41.331,174.806,2026-07-25,7.9,11.8,24,open_meteo_era5_reanalysis,2026-09-11T14:25:57.875573+00:00
NZWN,-41.331,174.806,2026-07-26,7.5,9.6,24,open_meteo_era5_reanalysis,2026-09-11T14:25:57.875576+00:00
NZWN,-41.331,174.806,2026-07-27,5.6,10.0,24,open_meteo_era5_reanalysis,2026-09-11T14:25:57.875578+00:00
NZWN,-41.331,174.806,2026-07-28,5.3,11.0,24,open_meteo_era5_reanalysis,2026-09-11T14:25:57.875581+00:00
NZWN,-41.331,174.806,2026-07-29,6.9,12.5,24,open_meteo_era5_reanalysis,2026-09-11T14:25:57.875583+00:00
NZWN,-41.331,174.806,2026-07-30,11.2,12.9,24,open_meteo_era5_reanalysis,2026-09-11T14:25:57.875586+00:00
NZWN,-41.331,174.806,2026-07-31,9.4,13.1,24,open_meteo_era5_reanalysis,2026-09-11T14:25:57.875589+00:00
NZWN,-41.331,174.806,2026-08-01,6.9,10.0,24,open_meteo_era5_reanalysis,2026-09-11T14:25:57.875603+00:00
NZWN,-41.331,174.806,2026-08-02,6.0,11.4,24,open_meteo_era5_reanalysis,2026-09-11T14:25:57.875606+00:00
NZWN,-41.331,174.806,2026-08-03,8.7,14.6,24,open_meteo_era5_reanalysis,2026-09-11T14:25:57.875608+00:00
NZWN,-41.331,174.806,2026-08-04,5.2,9.3,24,open_meteo_era5_reanalysis,2026-09-11T14:25:57.875611+00:00
NZWN,-41.331,174.806,2026-08-05,5.7,8.4,24,open_meteo_era5_reanalysis,2026-09-11T14:25:57.875613+00:00
NZWN,-41.331,174.806,2026-08-06,7.0,9.7,24,open_meteo_era5_reanalysis,2026-09-11T14:25:57.875616+00:00
NZWN,-41.331,174.806,2026-08-07,7.8,11.9,24,open_meteo_era5_reanalysis,2026-09-11T14:25:57.875619+00:00
NZWN,-41.331,174.806,2026-08-08,10.8,13.6,24,open_meteo_era5_reanalysis,2026-09-11T14:25:57.875621+00:00
NZWN,-41.331,174.806,2026-08-09,9.8,13.2,24,open_meteo_era5_reanalysis,2026-09-11T14:25:57.875624+00:00
NZWN,-41.331,174.806,2026-08-10,10.3,14.1,24,open_meteo_era5_reanalysis,2026-09-11T14:25:57.875627+00:00
NZWN,-41.331,174.806,2026-08-11,8.6,11.4,24,open_meteo_era5_reanalysis,2026-09-11T14:26:26.088809+00:00
NZWN,-41.331,174.806,2026-08-12,8.4,13.6,24,open_meteo_era5_reanalysis,2026-09-11T14:26:26.088812+00:00
NZWN,-41.331,174.806,2026-08-13,10.5,14.2,24,open_meteo_era5_reanalysis,2026-09-11T14:26:26.088814+00:00
NZWN,-41.331,174.806,2026-08-14,10.8,12.5,24,open_meteo_era5_reanalysis,2026-09-11T14:26:26.088817+00:00
NZWN,-41.331,174.806,2026-08-15,9.8,13.1,24,open_meteo_era5_reanalysis,2026-09-11T14:26:26.088820+00:00
NZWN,-41.331,174.806,2026-08-16,8.1,10.0,24,open_meteo_era5_reanalysis,2026-09-11T14:26:26.088822+00:00
NZWN,-41.331,174.806,2026-08-17,7.8,9.3,24,open_meteo_era5_reanalysis,2026-09-11T14:26:26.088825+00:00
NZWN,-41.331,174.806,2026-08-18,8.1,12.0,24,open_meteo_era5_reanalysis,2026-09-11T14:26:26.088827+00:00
NZWN,-41.331,174.806,2026-08-19,8.6,10.5,24,open_meteo_era5_reanalysis,2026-09-11T14:26:26.088830+00:00
NZWN,-41.331,174.806,2026-08-20,9.0,11.5,24,open_meteo_era5_reanalysis,2026-09-11T14:26:26.088833+00:00
NZWN,-41.331,174.806,2026-08-21,7.8,13.0,24,open_meteo_era5_reanalysis,2026-09-11T14:26:26.088835+00:00
NZWN,-41.331,174.806,2026-08-22,10.6,14.3,24,open_meteo_era5_reanalysis,2026-09-11T14:26:26.088838+00:00
NZWN,-41.331,174.806,2026-08-23,10.9,14.9,24,open_meteo_era5_reanalysis,2026-09-11T14:26:26.088841+00:00
NZWN,-41.331,174.806,2026-08-24,9.6,14.2,24,open_meteo_era5_reanalysis,2026-09-11T14:26:26.088843+00:00
NZWN,-41.331,174.806,2026-08-25,12.6,15.3,24,open_meteo_era5_reanalysis,2026-09-11T14:26:26.088846+00:00
NZWN,-41.331,174.806,2026-08-26,11.1,15.0,24,open_meteo_era5_reanalysis,2026-09-11T14:26:26.088848+00:00
NZWN,-41.331,174.806,2026-08-27,9.8,14.0,24,open_meteo_era5_reanalysis,2026-09-11T14:26:26.088851+00:00
NZWN,-41.331,174.806,2026-08-28,12.1,14.8,24,open_meteo_era5_reanalysis,2026-09-11T14:26:26.088854+00:00
NZWN,-41.331,174.806,2026-08-29,11.5,14.0,24,open_meteo_era5_reanalysis,2026-09-11T14:26:26.088856+00:00
NZWN,-41.331,174.806,2026-08-30,10.5,16.1,24,open_meteo_era5_reanalysis,2026-09-11T14:26:26.088859+00:00
NZWN,-41.331,174.806,2026-08-31,7.3,15.9,24,open_meteo_era5_reanalysis,2026-09-11T14:26:26.088862+00:00
NZWN,-41.331,174.806,2026-09-01,6.6,13.1,24,open_meteo_era5_reanalysis,2026-09-11T14:26:26.088864+00:00
NZWN,-41.331,174.806,2026-09-02,11.5,14.8,24,open_meteo_era5_reanalysis,2026-09-11T14:26:26.088867+00:00
NZWN,-41.331,174.806,2026-09-03,13.1,16.1,24,open_meteo_era5_reanalysis,2026-09-11T14:26:26.088869+00:00
NZWN,-41.331,174.806,2026-09-04,12.3,17.1,24,open_meteo_era5_reanalysis,2026-09-11T14:26:26.088872+00:00
NZWN,-41.331,174.806,2026-09-05,12.2,14.9,24,open_meteo_era5_reanalysis,2026-09-11T14:26:26.088874+00:00
NZWN,-41.331,174.806,2026-09-06,10.5,14.1,24,open_meteo_era5_reanalysis,2026-09-11T14:26:26.088877+00:00
NZWN,-41.331,174.806,2026-09-07,7.1,9.8,24,open_meteo_era5_reanalysis,2026-09-11T14:26:26.088880+00:00
NZWN,-41.331,174.806,2026-09-08,6.9,12.5,24,open_meteo_era5_reanalysis,2026-09-11T14:26:26.088882+00:00
NZWN,-41.331,174.806,2026-09-09,6.7,13.3,24,open_meteo_era5_reanalysis,2026-09-11T14:26:26.088885+00:00
OEJN,21.685,39.166,2026-06-12,25.9,37.5,24,open_meteo_era5_reanalysis,2026-09-11T14:25:32.817583+00:00
OEJN,21.685,39.166,2026-06-13,26.5,38.8,24,open_meteo_era5_reanalysis,2026-09-11T14:25:32.817610+00:00
OEJN,21.685,39.166,2026-06-14,27.6,37.7,24,open_meteo_era5_reanalysis,2026-09-11T14:25:32.817615+00:00
OEJN,21.685,39.166,2026-06-15,26.2,36.9,24,open_meteo_era5_reanalysis,2026-09-11T14:25:32.817618+00:00
OEJN,21.685,39.166,2026-06-16,27.4,37.5,24,open_meteo_era5_reanalysis,2026-09-11T14:25:32.817621+00:00
OEJN,21.685,39.166,2026-06-17,29.7,39.3,24,open_meteo_era5_reanalysis,2026-09-11T14:25:32.817625+00:00
OEJN,21.685,39.166,2026-06-18,29.9,39.2,24,open_meteo_era5_reanalysis,2026-09-11T14:25:32.817628+00:00
OEJN,21.685,39.166,2026-06-19,29.1,38.1,24,open_meteo_era5_reanalysis,2026-09-11T14:25:32.817631+00:00
OEJN,21.685,39.166,2026-06-20,27.1,37.2,24,open_meteo_era5_reanalysis,2026-09-11T14:25:32.817634+00:00
OEJN,21.685,39.166,2026-06-21,26.4,37.0,24,open_meteo_era5_reanalysis,2026-09-11T14:25:32.817637+00:00
OEJN,21.685,39.166,2026-06-22,25.7,36.9,24,open_meteo_era5_reanalysis,2026-09-11T14:25:32.817640+00:00
OEJN,21.685,39.166,2026-06-23,26.5,36.3,24,open_meteo_era5_reanalysis,2026-09-11T14:25:32.817643+00:00
OEJN,21.685,39.166,2026-06-24,28.5,35.0,24,open_meteo_era5_reanalysis,2026-09-11T14:25:32.817646+00:00
OEJN,21.685,39.166,2026-06-25,28.0,38.5,24,open_meteo_era5_reanalysis,2026-09-11T14:25:32.817649+00:00
OEJN,21.685,39.166,2026-06-26,28.9,38.2,24,open_meteo_era5_reanalysis,2026-09-11T14:25:32.817652+00:00
OEJN,21.685,39.166,2026-06-27,26.8,38.8,24,open_meteo_era5_reanalysis,2026-09-11T14:25:32.817655+00:00
OEJN,21.685,39.166,2026-06-28,26.9,37.4,24,open_meteo_era5_reanalysis,2026-09-11T14:25:32.817659+00:00
OEJN,21.685,39.166,2026-06-29,28.6,39.0,24,open_meteo_era5_reanalysis,2026-09-11T14:25:32.817662+00:00
OEJN,21.685,39.166,2026-06-30,28.7,39.9,24,open_meteo_era5_reanalysis,2026-09-11T14:25:32.817665+00:00
OEJN,21.685,39.166,2026-07-01,27.3,38.6,24,open_meteo_era5_reanalysis,2026-09-11T14:25:32.817668+00:00
OEJN,21.685,39.166,2026-07-02,27.8,37.4,24,open_meteo_era5_reanalysis,2026-09-11T14:25:32.817671+00:00
OEJN,21.685,39.166,2026-07-03,27.4,38.0,24,open_meteo_era5_reanalysis,2026-09-11T14:25:32.817674+00:00
OEJN,21.685,39.166,2026-07-04,28.1,38.8,24,open_meteo_era5_reanalysis,2026-09-11T14:25:32.817677+00:00
OEJN,21.685,39.166,2026-07-05,27.5,39.2,24,open_meteo_era5_reanalysis,2026-09-11T14:25:32.817680+00:00
OEJN,21.685,39.166,2026-07-06,28.9,40.0,24,open_meteo_era5_reanalysis,2026-09-11T14:25:32.817683+00:00
OEJN,21.685,39.166,2026-07-07,29.1,39.3,24,open_meteo_era5_reanalysis,2026-09-11T14:25:32.817686+00:00
OEJN,21.685,39.166,2026-07-08,28.8,38.0,24,open_meteo_era5_reanalysis,2026-09-11T14:25:32.817689+00:00
OEJN,21.685,39.166,2026-07-09,29.5,39.4,24,open_meteo_era5_reanalysis,2026-09-11T14:25:32.817692+00:00
OEJN,21.685,39.166,2026-07-10,30.5,37.4,24,open_meteo_era5_reanalysis,2026-09-11T14:25:32.817696+00:00
OEJN,21.685,39.166,2026-07-11,28.5,36.2,24,open_meteo_era5_reanalysis,2026-09-11T14:25:32.817699+00:00
OEJN,21.685,39.166,2026-07-12,27.1,37.5,24,open_meteo_era5_reanalysis,2026-09-11T14:26:01.004975+00:00
OEJN,21.685,39.166,2026-07-13,26.9,37.7,24,open_meteo_era5_reanalysis,2026-09-11T14:26:01.004991+00:00
OEJN,21.685,39.166,2026-07-14,26.7,37.9,24,open_meteo_era5_reanalysis,2026-09-11T14:26:01.004995+00:00
OEJN,21.685,39.166,2026-07-15,27.8,39.6,24,open_meteo_era5_reanalysis,2026-09-11T14:26:01.004998+00:00
OEJN,21.685,39.166,2026-07-16,27.5,37.7,24,open_meteo_era5_reanalysis,2026-09-11T14:26:01.005002+00:00
OEJN,21.685,39.166,2026-07-17,30.8,37.7,24,open_meteo_era5_reanalysis,2026-09-11T14:26:01.005005+00:00
OEJN,21.685,39.166,2026-07-18,28.9,39.0,24,open_meteo_era5_reanalysis,2026-09-11T14:26:01.005008+00:00
OEJN,21.685,39.166,2026-07-19,27.8,38.8,24,open_meteo_era5_reanalysis,2026-09-11T14:26:01.005011+00:00
OEJN,21.685,39.166,2026-07-20,31.7,41.8,24,open_meteo_era5_reanalysis,2026-09-11T14:26:01.005014+00:00
OEJN,21.685,39.166,2026-07-21,32.5,44.1,24,open_meteo_era5_reanalysis,2026-09-11T14:26:01.005018+00:00
OEJN,21.685,39.166,2026-07-22,30.2,38.3,24,open_meteo_era5_reanalysis,2026-09-11T14:26:01.005021+00:00
OEJN,21.685,39.166,2026-07-23,27.0,40.2,24,open_meteo_era5_reanalysis,2026-09-11T14:26:01.005024+00:00
OEJN,21.685,39.166,2026-07-24,28.7,40.5,24,open_meteo_era5_reanalysis,2026-09-11T14:26:01.005027+00:00
OEJN,21.685,39.166,2026-07-25,29.6,41.0,24,open_meteo_era5_reanalysis,2026-09-11T14:26:01.005030+00:00
OEJN,21.685,39.166,2026-07-26,28.2,41.4,24,open_meteo_era5_reanalysis,2026-09-11T14:26:01.005033+00:00
OEJN,21.685,39.166,2026-07-27,26.4,39.7,24,open_meteo_era5_reanalysis,2026-09-11T14:26:01.005036+00:00
OEJN,21.685,39.166,2026-07-28,26.9,39.9,24,open_meteo_era5_reanalysis,2026-09-11T14:26:01.005040+00:00
OEJN,21.685,39.166,2026-07-29,30.6,40.1,24,open_meteo_era5_reanalysis,2026-09-11T14:26:01.005043+00:00
OEJN,21.685,39.166,2026-07-30,28.5,41.4,24,open_meteo_era5_reanalysis,2026-09-11T14:26:01.005046+00:00
OEJN,21.685,39.166,2026-07-31,28.0,40.8,24,open_meteo_era5_reanalysis,2026-09-11T14:26:01.005049+00:00
OEJN,21.685,39.166,2026-08-01,30.9,44.3,24,open_meteo_era5_reanalysis,2026-09-11T14:26:01.005052+00:00
OEJN,21.685,39.166,2026-08-02,29.9,42.1,24,open_meteo_era5_reanalysis,2026-09-11T14:26:01.005055+00:00
OEJN,21.685,39.166,2026-08-03,31.3,40.7,24,open_meteo_era5_reanalysis,2026-09-11T14:26:01.005058+00:00
OEJN,21.685,39.166,2026-08-04,31.0,39.3,24,open_meteo_era5_reanalysis,2026-09-11T14:26:01.005061+00:00
OEJN,21.685,39.166,2026-08-05,31.7,38.4,24,open_meteo_era5_reanalysis,2026-09-11T14:26:01.005064+00:00
OEJN,21.685,39.166,2026-08-06,31.5,40.6,24,open_meteo_era5_reanalysis,2026-09-11T14:26:01.005067+00:00
OEJN,21.685,39.166,2026-08-07,31.2,37.0,24,open_meteo_era5_reanalysis,2026-09-11T14:26:01.005069+00:00
OEJN,21.685,39.166,2026-08-08,28.1,38.1,24,open_meteo_era5_reanalysis,2026-09-11T14:26:01.005072+00:00
OEJN,21.685,39.166,2026-08-09,27.0,37.7,24,open_meteo_era5_reanalysis,2026-09-11T14:26:01.005074+00:00
OEJN,21.685,39.166,2026-08-10,28.1,40.6,24,open_meteo_era5_reanalysis,2026-09-11T14:26:01.005077+00:00
OEJN,21.685,39.166,2026-08-11,28.9,39.4,24,open_meteo_era5_reanalysis,2026-09-11T14:26:29.223342+00:00
OEJN,21.685,39.166,2026-08-12,32.6,39.0,24,open_meteo_era5_reanalysis,2026-09-11T14:26:29.223357+00:00
OEJN,21.685,39.166,2026-08-13,31.6,39.4,24,open_meteo_era5_reanalysis,2026-09-11T14:26:29.223361+00:00
OEJN,21.685,39.166,2026-08-14,30.2,38.4,24,open_meteo_era5_reanalysis,2026-09-11T14:26:29.223364+00:00
OEJN,21.685,39.166,2026-08-15,29.0,41.0,24,open_meteo_era5_reanalysis,2026-09-11T14:26:29.223367+00:00
OEJN,21.685,39.166,2026-08-16,32.3,39.3,24,open_meteo_era5_reanalysis,2026-09-11T14:26:29.223369+00:00
OEJN,21.685,39.166,2026-08-17,28.4,40.3,24,open_meteo_era5_reanalysis,2026-09-11T14:26:29.223372+00:00
OEJN,21.685,39.166,2026-08-18,29.5,38.7,24,open_meteo_era5_reanalysis,2026-09-11T14:26:29.223375+00:00
OEJN,21.685,39.166,2026-08-19,28.3,37.0,24,open_meteo_era5_reanalysis,2026-09-11T14:26:29.223377+00:00
OEJN,21.685,39.166,2026-08-20,29.8,37.7,24,open_meteo_era5_reanalysis,2026-09-11T14:26:29.223380+00:00
OEJN,21.685,39.166,2026-08-21,30.0,37.4,24,open_meteo_era5_reanalysis,2026-09-11T14:26:29.223383+00:00
OEJN,21.685,39.166,2026-08-22,29.0,39.0,24,open_meteo_era5_reanalysis,2026-09-11T14:26:29.223386+00:00
OEJN,21.685,39.166,2026-08-23,29.1,40.0,24,open_meteo_era5_reanalysis,2026-09-11T14:26:29.223388+00:00
OEJN,21.685,39.166,2026-08-24,29.0,38.0,24,open_meteo_era5_reanalysis,2026-09-11T14:26:29.223391+00:00
OEJN,21.685,39.166,2026-08-25,29.3,37.3,24,open_meteo_era5_reanalysis,2026-09-11T14:26:29.223394+00:00
OEJN,21.685,39.166,2026-08-26,30.4,38.5,24,open_meteo_era5_reanalysis,2026-09-11T14:26:29.223396+00:00
OEJN,21.685,39.166,2026-08-27,31.1,38.9,24,open_meteo_era5_reanalysis,2026-09-11T14:26:29.223399+00:00
OEJN,21.685,39.166,2026-08-28,29.6,37.4,24,open_meteo_era5_reanalysis,2026-09-11T14:26:29.223401+00:00
OEJN,21.685,39.166,2026-08-29,28.4,38.9,24,open_meteo_era5_reanalysis,2026-09-11T14:26:29.223404+00:00
OEJN,21.685,39.166,2026-08-30,30.5,39.1,24,open_meteo_era5_reanalysis,2026-09-11T14:26:29.223407+00:00
OEJN,21.685,39.166,2026-08-31,30.7,40.5,24,open_meteo_era5_reanalysis,2026-09-11T14:26:29.223409+00:00
OEJN,21.685,39.166,2026-09-01,28.9,37.8,24,open_meteo_era5_reanalysis,2026-09-11T14:26:29.223412+00:00
OEJN,21.685,39.166,2026-09-02,29.4,38.3,24,open_meteo_era5_reanalysis,2026-09-11T14:26:29.223414+00:00
OEJN,21.685,39.166,2026-09-03,28.4,38.2,24,open_meteo_era5_reanalysis,2026-09-11T14:26:29.223417+00:00
OEJN,21.685,39.166,2026-09-04,29.2,37.1,24,open_meteo_era5_reanalysis,2026-09-11T14:26:29.223419+00:00
OEJN,21.685,39.166,2026-09-05,29.3,38.2,24,open_meteo_era5_reanalysis,2026-09-11T14:26:29.223422+00:00
OEJN,21.685,39.166,2026-09-06,29.2,37.7,24,open_meteo_era5_reanalysis,2026-09-11T14:26:29.223425+00:00
OEJN,21.685,39.166,2026-09-07,29.0,37.4,24,open_meteo_era5_reanalysis,2026-09-11T14:26:29.223427+00:00
OEJN,21.685,39.166,2026-09-08,28.2,38.3,24,open_meteo_era5_reanalysis,2026-09-11T14:26:29.223433+00:00
OEJN,21.685,39.166,2026-09-09,27.9,37.7,24,open_meteo_era5_reanalysis,2026-09-11T14:26:29.223439+00:00
OPKC,24.902,67.139,2026-06-12,29.0,37.2,24,open_meteo_era5_reanalysis,2026-09-11T14:25:32.817955+00:00
OPKC,24.902,67.139,2026-06-13,29.0,35.5,24,open_meteo_era5_reanalysis,2026-09-11T14:25:32.817958+00:00
OPKC,24.902,67.139,2026-06-14,28.7,34.7,24,open_meteo_era5_reanalysis,2026-09-11T14:25:32.817961+00:00
OPKC,24.902,67.139,2026-06-15,28.5,33.9,24,open_meteo_era5_reanalysis,2026-09-11T14:25:32.817963+00:00
OPKC,24.902,67.139,2026-06-16,28.4,34.1,24,open_meteo_era5_reanalysis,2026-09-11T14:25:32.817966+00:00
OPKC,24.902,67.139,2026-06-17,29.1,34.7,24,open_meteo_era5_reanalysis,2026-09-11T14:25:32.817969+00:00
OPKC,24.902,67.139,2026-06-18,28.9,34.6,24,open_meteo_era5_reanalysis,2026-09-11T14:25:32.817971+00:00
OPKC,24.902,67.139,2026-06-19,28.2,34.5,24,open_meteo_era5_reanalysis,2026-09-11T14:25:32.817973+00:00
OPKC,24.902,67.139,2026-06-20,28.6,34.0,24,open_meteo_era5_reanalysis,2026-09-11T14:25:32.817976+00:00
OPKC,24.902,67.139,2026-06-21,28.2,34.0,24,open_meteo_era5_reanalysis,2026-09-11T14:25:32.817978+00:00
OPKC,24.902,67.139,2026-06-22,28.4,34.1,24,open_meteo_era5_reanalysis,2026-09-11T14:25:32.817981+00:00
OPKC,24.902,67.139,2026-06-23,28.5,34.8,24,open_meteo_era5_reanalysis,2026-09-11T14:25:32.817984+00:00
OPKC,24.902,67.139,2026-06-24,28.5,33.8,24,open_meteo_era5_reanalysis,2026-09-11T14:25:32.817986+00:00
OPKC,24.902,67.139,2026-06-25,28.5,33.9,24,open_meteo_era5_reanalysis,2026-09-11T14:25:32.817989+00:00
OPKC,24.902,67.139,2026-06-26,28.2,34.5,24,open_meteo_era5_reanalysis,2026-09-11T14:25:32.817991+00:00
OPKC,24.902,67.139,2026-06-27,28.4,34.4,24,open_meteo_era5_reanalysis,2026-09-11T14:25:32.817994+00:00
OPKC,24.902,67.139,2026-06-28,28.0,33.9,24,open_meteo_era5_reanalysis,2026-09-11T14:25:32.817996+00:00
OPKC,24.902,67.139,2026-06-29,27.9,34.0,24,open_meteo_era5_reanalysis,2026-09-11T14:25:32.817999+00:00
OPKC,24.902,67.139,2026-06-30,28.2,33.4,24,open_meteo_era5_reanalysis,2026-09-11T14:25:32.818001+00:00
OPKC,24.902,67.139,2026-07-01,28.2,32.9,24,open_meteo_era5_reanalysis,2026-09-11T14:25:32.818004+00:00
OPKC,24.902,67.139,2026-07-02,28.2,34.3,24,open_meteo_era5_reanalysis,2026-09-11T14:25:32.818006+00:00
OPKC,24.902,67.139,2026-07-03,28.4,35.2,24,open_meteo_era5_reanalysis,2026-09-11T14:25:32.818009+00:00
OPKC,24.902,67.139,2026-07-04,28.5,34.6,24,open_meteo_era5_reanalysis,2026-09-11T14:25:32.818012+00:00
OPKC,24.902,67.139,2026-07-05,28.1,35.3,24,open_meteo_era5_reanalysis,2026-09-11T14:25:32.818014+00:00
OPKC,24.902,67.139,2026-07-06,28.8,36.3,24,open_meteo_era5_reanalysis,2026-09-11T14:25:32.818017+00:00
OPKC,24.902,67.139,2026-07-07,28.2,36.4,24,open_meteo_era5_reanalysis,2026-09-11T14:25:32.818019+00:00
OPKC,24.902,67.139,2026-07-08,28.5,34.2,24,open_meteo_era5_reanalysis,2026-09-11T14:25:32.818022+00:00
OPKC,24.902,67.139,2026-07-09,28.3,34.1,24,open_meteo_era5_reanalysis,2026-09-11T14:25:32.818024+00:00
OPKC,24.902,67.139,2026-07-10,28.0,33.4,24,open_meteo_era5_reanalysis,2026-09-11T14:25:32.818027+00:00
OPKC,24.902,67.139,2026-07-11,27.7,32.7,24,open_meteo_era5_reanalysis,2026-09-11T14:25:32.818029+00:00
OPKC,24.902,67.139,2026-07-12,27.9,34.4,24,open_meteo_era5_reanalysis,2026-09-11T14:26:01.005290+00:00
OPKC,24.902,67.139,2026-07-13,28.2,33.7,24,open_meteo_era5_reanalysis,2026-09-11T14:26:01.005293+00:00
OPKC,24.902,67.139,2026-07-14,27.4,32.6,24,open_meteo_era5_reanalysis,2026-09-11T14:26:01.005296+00:00
OPKC,24.902,67.139,2026-07-15,27.1,33.0,24,open_meteo_era5_reanalysis,2026-09-11T14:26:01.005298+00:00
OPKC,24.902,67.139,2026-07-16,27.0,33.0,24,open_meteo_era5_reanalysis,2026-09-11T14:26:01.005301+00:00
OPKC,24.902,67.139,2026-07-17,27.2,33.1,24,open_meteo_era5_reanalysis,2026-09-11T14:26:01.005303+00:00
OPKC,24.902,67.139,2026-07-18,27.2,32.9,24,open_meteo_era5_reanalysis,2026-09-11T14:26:01.005306+00:00
OPKC,24.902,67.139,2026-07-19,27.4,31.2,24,open_meteo_era5_reanalysis,2026-09-11T14:26:01.005308+00:00
OPKC,24.902,67.139,2026-07-20,27.0,32.6,24,open_meteo_era5_reanalysis,2026-09-11T14:26:01.005311+00:00
OPKC,24.902,67.139,2026-07-21,27.6,31.4,24,open_meteo_era5_reanalysis,2026-09-11T14:26:01.005313+00:00
OPKC,24.902,67.139,2026-07-22,27.4,32.9,24,open_meteo_era5_reanalysis,2026-09-11T14:26:01.005316+00:00
OPKC,24.902,67.139,2026-07-23,28.1,36.0,24,open_meteo_era5_reanalysis,2026-09-11T14:26:01.005318+00:00
OPKC,24.902,67.139,2026-07-24,28.8,35.3,24,open_meteo_era5_reanalysis,2026-09-11T14:26:01.005321+00:00
OPKC,24.902,67.139,2026-07-25,28.2,34.2,24,open_meteo_era5_reanalysis,2026-09-11T14:26:01.005324+00:00
OPKC,24.902,67.139,2026-07-26,28.0,35.0,24,open_meteo_era5_reanalysis,2026-09-11T14:26:01.005326+00:00
OPKC,24.902,67.139,2026-07-27,28.2,34.7,24,open_meteo_era5_reanalysis,2026-09-11T14:26:01.005329+00:00
OPKC,24.902,67.139,2026-07-28,27.8,33.2,24,open_meteo_era5_reanalysis,2026-09-11T14:26:01.005331+00:00
OPKC,24.902,67.139,2026-07-29,27.8,35.6,24,open_meteo_era5_reanalysis,2026-09-11T14:26:01.005334+00:00
OPKC,24.902,67.139,2026-07-30,27.8,35.6,24,open_meteo_era5_reanalysis,2026-09-11T14:26:01.005337+00:00
OPKC,24.902,67.139,2026-07-31,27.9,36.1,24,open_meteo_era5_reanalysis,2026-09-11T14:26:01.005339+00:00
OPKC,24.902,67.139,2026-08-01,29.0,35.1,24,open_meteo_era5_reanalysis,2026-09-11T14:26:01.005342+00:00
OPKC,24.902,67.139,2026-08-02,28.2,30.3,24,open_meteo_era5_reanalysis,2026-09-11T14:26:01.005344+00:00
OPKC,24.902,67.139,2026-08-03,27.0,32.4,24,open_meteo_era5_reanalysis,2026-09-11T14:26:01.005347+00:00
OPKC,24.902,67.139,2026-08-04,27.0,33.7,24,open_meteo_era5_reanalysis,2026-09-11T14:26:01.005350+00:00
OPKC,24.902,67.139,2026-08-05,27.4,33.4,24,open_meteo_era5_reanalysis,2026-09-11T14:26:01.005352+00:00
OPKC,24.902,67.139,2026-08-06,27.1,33.1,24,open_meteo_era5_reanalysis,2026-09-11T14:26:01.005355+00:00
OPKC,24.902,67.139,2026-08-07,26.9,33.7,24,open_meteo_era5_reanalysis,2026-09-11T14:26:01.005357+00:00
OPKC,24.902,67.139,2026-08-08,27.0,33.5,24,open_meteo_era5_reanalysis,2026-09-11T14:26:01.005360+00:00
OPKC,24.902,67.139,2026-08-09,26.8,33.8,24,open_meteo_era5_reanalysis,2026-09-11T14:26:01.005362+00:00
OPKC,24.902,67.139,2026-08-10,26.9,33.2,24,open_meteo_era5_reanalysis,2026-09-11T14:26:01.005365+00:00
OPKC,24.902,67.139,2026-08-11,26.9,32.5,24,open_meteo_era5_reanalysis,2026-09-11T14:26:29.223681+00:00
OPKC,24.902,67.139,2026-08-12,26.2,32.9,24,open_meteo_era5_reanalysis,2026-09-11T14:26:29.223686+00:00
OPKC,24.902,67.139,2026-08-13,26.7,33.1,24,open_meteo_era5_reanalysis,2026-09-11T14:26:29.223689+00:00
OPKC,24.902,67.139,2026-08-14,26.4,31.9,24,open_meteo_era5_reanalysis,2026-09-11T14:26:29.223691+00:00
OPKC,24.902,67.139,2026-08-15,26.6,31.7,24,open_meteo_era5_reanalysis,2026-09-11T14:26:29.223694+00:00
OPKC,24.902,67.139,2026-08-16,26.3,31.6,24,open_meteo_era5_reanalysis,2026-09-11T14:26:29.223697+00:00
OPKC,24.902,67.139,2026-08-17,26.4,31.7,24,open_meteo_era5_reanalysis,2026-09-11T14:26:29.223699+00:00
OPKC,24.902,67.139,2026-08-18,26.4,32.6,24,open_meteo_era5_reanalysis,2026-09-11T14:26:29.223702+00:00
OPKC,24.902,67.139,2026-08-19,26.3,32.2,24,open_meteo_era5_reanalysis,2026-09-11T14:26:29.223704+00:00
OPKC,24.902,67.139,2026-08-20,26.3,31.7,24,open_meteo_era5_reanalysis,2026-09-11T14:26:29.223707+00:00
OPKC,24.902,67.139,2026-08-21,26.4,31.7,24,open_meteo_era5_reanalysis,2026-09-11T14:26:29.223710+00:00
OPKC,24.902,67.139,2026-08-22,26.2,31.8,24,open_meteo_era5_reanalysis,2026-09-11T14:26:29.223712+00:00
OPKC,24.902,67.139,2026-08-23,26.0,30.7,24,open_meteo_era5_reanalysis,2026-09-11T14:26:29.223715+00:00
OPKC,24.902,67.139,2026-08-24,25.7,33.2,24,open_meteo_era5_reanalysis,2026-09-11T14:26:29.223718+00:00
OPKC,24.902,67.139,2026-08-25,25.8,32.6,24,open_meteo_era5_reanalysis,2026-09-11T14:26:29.223720+00:00
OPKC,24.902,67.139,2026-08-26,26.1,32.5,24,open_meteo_era5_reanalysis,2026-09-11T14:26:29.223723+00:00
OPKC,24.902,67.139,2026-08-27,26.0,31.6,24,open_meteo_era5_reanalysis,2026-09-11T14:26:29.223725+00:00
OPKC,24.902,67.139,2026-08-28,25.4,32.1,24,open_meteo_era5_reanalysis,2026-09-11T14:26:29.223728+00:00
OPKC,24.902,67.139,2026-08-29,25.4,31.4,24,open_meteo_era5_reanalysis,2026-09-11T14:26:29.223730+00:00
OPKC,24.902,67.139,2026-08-30,25.5,30.1,24,open_meteo_era5_reanalysis,2026-09-11T14:26:29.223733+00:00
OPKC,24.902,67.139,2026-08-31,25.3,30.2,24,open_meteo_era5_reanalysis,2026-09-11T14:26:29.223736+00:00
OPKC,24.902,67.139,2026-09-01,25.0,31.1,24,open_meteo_era5_reanalysis,2026-09-11T14:26:29.223738+00:00
OPKC,24.902,67.139,2026-09-02,25.1,31.7,24,open_meteo_era5_reanalysis,2026-09-11T14:26:29.223741+00:00
OPKC,24.902,67.139,2026-09-03,25.4,30.7,24,open_meteo_era5_reanalysis,2026-09-11T14:26:29.223743+00:00
OPKC,24.902,67.139,2026-09-04,25.7,31.0,24,open_meteo_era5_reanalysis,2026-09-11T14:26:29.223746+00:00
OPKC,24.902,67.139,2026-09-05,25.6,31.6,24,open_meteo_era5_reanalysis,2026-09-11T14:26:29.223748+00:00
OPKC,24.902,67.139,2026-09-06,25.5,31.8,24,open_meteo_era5_reanalysis,2026-09-11T14:26:29.223751+00:00
OPKC,24.902,67.139,2026-09-07,25.4,31.7,24,open_meteo_era5_reanalysis,2026-09-11T14:26:29.223753+00:00
OPKC,24.902,67.139,2026-09-08,25.4,31.6,24,open_meteo_era5_reanalysis,2026-09-11T14:26:29.223756+00:00
OPKC,24.902,67.139,2026-09-09,24.9,32.5,24,open_meteo_era5_reanalysis,2026-09-11T14:26:29.223759+00:00
RJTT,35.553,139.781,2026-06-12,17.4,23.5,24,open_meteo_era5_reanalysis,2026-09-11T14:25:32.818239+00:00
RJTT,35.553,139.781,2026-06-13,17.6,25.5,24,open_meteo_era5_reanalysis,2026-09-11T14:25:32.818242+00:00
RJTT,35.553,139.781,2026-06-14,18.8,24.3,24,open_meteo_era5_reanalysis,2026-09-11T14:25:32.818245+00:00
RJTT,35.553,139.781,2026-06-15,17.2,21.8,24,open_meteo_era5_reanalysis,2026-09-11T14:25:32.818247+00:00
RJTT,35.553,139.781,2026-06-16,16.5,24.9,24,open_meteo_era5_reanalysis,2026-09-11T14:25:32.818250+00:00
RJTT,35.553,139.781,2026-06-17,19.0,25.5,24,open_meteo_era5_reanalysis,2026-09-11T14:25:32.818252+00:00
RJTT,35.553,139.781,2026-06-18,20.1,26.7,24,open_meteo_era5_reanalysis,2026-09-11T14:25:32.818255+00:00
RJTT,35.553,139.781,2026-06-19,19.9,25.9,24,open_meteo_era5_reanalysis,2026-09-11T14:25:32.818258+00:00
RJTT,35.553,139.781,2026-06-20,21.1,23.9,24,open_meteo_era5_reanalysis,2026-09-11T14:25:32.818260+00:00
RJTT,35.553,139.781,2026-06-21,21.5,26.2,24,open_meteo_era5_reanalysis,2026-09-11T14:25:32.818263+00:00
RJTT,35.553,139.781,2026-06-22,20.3,25.7,24,open_meteo_era5_reanalysis,2026-09-11T14:25:32.818266+00:00
RJTT,35.553,139.781,2026-06-23,18.4,23.4,24,open_meteo_era5_reanalysis,2026-09-11T14:25:32.818268+00:00
RJTT,35.553,139.781,2026-06-24,17.7,24.8,24,open_meteo_era5_reanalysis,2026-09-11T14:25:32.818271+00:00
RJTT,35.553,139.781,2026-06-25,20.1,22.7,24,open_meteo_era5_reanalysis,2026-09-11T14:25:32.818273+00:00
RJTT,35.553,139.781,2026-06-26,20.2,25.9,24,open_meteo_era5_reanalysis,2026-09-11T14:25:32.818276+00:00
RJTT,35.553,139.781,2026-06-27,21.1,23.6,24,open_meteo_era5_reanalysis,2026-09-11T14:25:32.818278+00:00
RJTT,35.553,139.781,2026-06-28,21.6,23.6,24,open_meteo_era5_reanalysis,2026-09-11T14:25:32.818281+00:00
RJTT,35.553,139.781,2026-06-29,20.5,25.8,24,open_meteo_era5_reanalysis,2026-09-11T14:25:32.818284+00:00
RJTT,35.553,139.781,2026-06-30,20.8,27.1,24,open_meteo_era5_reanalysis,2026-09-11T14:25:32.818287+00:00
RJTT,35.553,139.781,2026-07-01,20.5,26.3,24,open_meteo_era5_reanalysis,2026-09-11T14:25:32.818289+00:00
RJTT,35.553,139.781,2026-07-02,21.4,23.7,24,open_meteo_era5_reanalysis,2026-09-11T14:25:32.818292+00:00
RJTT,35.553,139.781,2026-07-03,20.9,25.2,24,open_meteo_era5_reanalysis,2026-09-11T14:25:32.818294+00:00
RJTT,35.553,139.781,2026-07-04,20.6,25.2,24,open_meteo_era5_reanalysis,2026-09-11T14:25:32.818297+00:00
RJTT,35.553,139.781,2026-07-05,21.6,26.1,24,open_meteo_era5_reanalysis,2026-09-11T14:25:32.818300+00:00
RJTT,35.553,139.781,2026-07-06,20.7,25.0,24,open_meteo_era5_reanalysis,2026-09-11T14:25:32.818302+00:00
RJTT,35.553,139.781,2026-07-07,20.1,25.1,24,open_meteo_era5_reanalysis,2026-09-11T14:25:32.818305+00:00
RJTT,35.553,139.781,2026-07-08,20.8,27.4,24,open_meteo_era5_reanalysis,2026-09-11T14:25:32.818307+00:00
RJTT,35.553,139.781,2026-07-09,22.5,28.4,24,open_meteo_era5_reanalysis,2026-09-11T14:25:32.818310+00:00
RJTT,35.553,139.781,2026-07-10,23.9,30.0,24,open_meteo_era5_reanalysis,2026-09-11T14:25:32.818312+00:00
RJTT,35.553,139.781,2026-07-11,24.1,29.6,24,open_meteo_era5_reanalysis,2026-09-11T14:25:32.818315+00:00
RJTT,35.553,139.781,2026-07-12,25.1,29.5,24,open_meteo_era5_reanalysis,2026-09-11T14:26:01.005575+00:00
RJTT,35.553,139.781,2026-07-13,25.2,29.5,24,open_meteo_era5_reanalysis,2026-09-11T14:26:01.005578+00:00
RJTT,35.553,139.781,2026-07-14,24.4,32.5,24,open_meteo_era5_reanalysis,2026-09-11T14:26:01.005581+00:00
RJTT,35.553,139.781,2026-07-15,26.4,32.1,24,open_meteo_era5_reanalysis,2026-09-11T14:26:01.005584+00:00
RJTT,35.553,139.781,2026-07-16,27.1,32.2,24,open_meteo_era5_reanalysis,2026-09-11T14:26:01.005586+00:00
RJTT,35.553,139.781,2026-07-17,25.9,29.6,24,open_meteo_era5_reanalysis,2026-09-11T14:26:01.005589+00:00
RJTT,35.553,139.781,2026-07-18,25.4,27.9,24,open_meteo_era5_reanalysis,2026-09-11T14:26:01.005604+00:00
RJTT,35.553,139.781,2026-07-19,25.3,30.6,24,open_meteo_era5_reanalysis,2026-09-11T14:26:01.005608+00:00
RJTT,35.553,139.781,2026-07-20,25.7,33.4,24,open_meteo_era5_reanalysis,2026-09-11T14:26:01.005610+00:00
RJTT,35.553,139.781,2026-07-21,26.7,34.5,24,open_meteo_era5_reanalysis,2026-09-11T14:26:01.005613+00:00
RJTT,35.553,139.781,2026-07-22,28.0,33.5,24,open_meteo_era5_reanalysis,2026-09-11T14:26:01.005615+00:00
RJTT,35.553,139.781,2026-07-23,28.6,34.0,24,open_meteo_era5_reanalysis,2026-09-11T14:26:01.005618+00:00
RJTT,35.553,139.781,2026-07-24,26.0,32.2,24,open_meteo_era5_reanalysis,2026-09-11T14:26:01.005621+00:00
RJTT,35.553,139.781,2026-07-25,26.3,32.4,24,open_meteo_era5_reanalysis,2026-09-11T14:26:01.005623+00:00
RJTT,35.553,139.781,2026-07-26,24.6,31.0,24,open_meteo_era5_reanalysis,2026-09-11T14:26:01.005626+00:00
RJTT,35.553,139.781,2026-07-27,23.9,30.3,24,open_meteo_era5_reanalysis,2026-09-11T14:26:01.005629+00:00
RJTT,35.553,139.781,2026-07-28,22.6,29.8,24,open_meteo_era5_reanalysis,2026-09-11T14:26:01.005631+00:00
RJTT,35.553,139.781,2026-07-29,23.9,35.9,24,open_meteo_era5_reanalysis,2026-09-11T14:26:01.005634+00:00
RJTT,35.553,139.781,2026-07-30,27.9,34.4,24,open_meteo_era5_reanalysis,2026-09-11T14:26:01.005637+00:00
RJTT,35.553,139.781,2026-07-31,27.0,34.0,24,open_meteo_era5_reanalysis,2026-09-11T14:26:01.005640+00:00
RJTT,35.553,139.781,2026-08-01,27.2,34.8,24,open_meteo_era5_reanalysis,2026-09-11T14:26:01.005642+00:00
RJTT,35.553,139.781,2026-08-02,24.7,33.8,24,open_meteo_era5_reanalysis,2026-09-11T14:26:01.005645+00:00
RJTT,35.553,139.781,2026-08-03,23.8,27.0,24,open_meteo_era5_reanalysis,2026-09-11T14:26:01.005647+00:00
RJTT,35.553,139.781,2026-08-04,22.0,29.7,24,open_meteo_era5_reanalysis,2026-09-11T14:26:01.005650+00:00
RJTT,35.553,139.781,2026-08-05,22.8,31.5,24,open_meteo_era5_reanalysis,2026-09-11T14:26:01.005653+00:00
RJTT,35.553,139.781,2026-08-06,24.7,31.6,24,open_meteo_era5_reanalysis,2026-09-11T14:26:01.005655+00:00
RJTT,35.553,139.781,2026-08-07,26.6,31.5,24,open_meteo_era5_reanalysis,2026-09-11T14:26:01.005658+00:00
RJTT,35.553,139.781,2026-08-08,26.6,32.5,24,open_meteo_era5_reanalysis,2026-09-11T14:26:01.005660+00:00
RJTT,35.553,139.781,2026-08-09,25.5,31.6,24,open_meteo_era5_reanalysis,2026-09-11T14:26:01.005663+00:00
RJTT,35.553,139.781,2026-08-10,23.7,30.6,24,open_meteo_era5_reanalysis,2026-09-11T14:26:01.005666+00:00
RJTT,35.553,139.781,2026-08-11,22.4,30.5,24,open_meteo_era5_reanalysis,2026-09-11T14:26:29.223965+00:00
RJTT,35.553,139.781,2026-08-12,22.3,28.7,24,open_meteo_era5_reanalysis,2026-09-11T14:26:29.223968+00:00
RJTT,35.553,139.781,2026-08-13,22.1,27.9,24,open_meteo_era5_reanalysis,2026-09-11T14:26:29.223971+00:00
RJTT,35.553,139.781,2026-08-14,23.2,28.5,24,open_meteo_era5_reanalysis,2026-09-11T14:26:29.223973+00:00
RJTT,35.553,139.781,2026-08-15,22.8,28.3,24,open_meteo_era5_reanalysis,2026-09-11T14:26:29.223976+00:00
RJTT,35.553,139.781,2026-08-16,22.6,26.4,24,open_meteo_era5_reanalysis,2026-09-11T14:26:29.223978+00:00
RJTT,35.553,139.781,2026-08-17,22.4,28.9,24,open_meteo_era5_reanalysis,2026-09-11T14:26:29.223981+00:00
RJTT,35.553,139.781,2026-08-18,24.0,29.2,24,open_meteo_era5_reanalysis,2026-09-11T14:26:29.223984+00:00
RJTT,35.553,139.781,2026-08-19,24.7,30.3,24,open_meteo_era5_reanalysis,2026-09-11T14:26:29.223986+00:00
RJTT,35.553,139.781,2026-08-20,25.1,30.6,24,open_meteo_era5_reanalysis,2026-09-11T14:26:29.223989+00:00
RJTT,35.553,139.781,2026-08-21,25.7,30.1,24,open_meteo_era5_reanalysis,2026-09-11T14:26:29.223991+00:00
RJTT,35.553,139.781,2026-08-22,24.1,30.8,24,open_meteo_era5_reanalysis,2026-09-11T14:26:29.223994+00:00
RJTT,35.553,139.781,2026-08-23,23.7,30.4,24,open_meteo_era5_reanalysis,2026-09-11T14:26:29.223996+00:00
RJTT,35.553,139.781,2026-08-24,24.3,30.8,24,open_meteo_era5_reanalysis,2026-09-11T14:26:29.223999+00:00
RJTT,35.553,139.781,2026-08-25,26.3,32.4,24,open_meteo_era5_reanalysis,2026-09-11T14:26:29.224001+00:00
RJTT,35.553,139.781,2026-08-26,27.5,32.8,24,open_meteo_era5_reanalysis,2026-09-11T14:26:29.224004+00:00
RJTT,35.553,139.781,2026-08-27,26.1,30.3,24,open_meteo_era5_reanalysis,2026-09-11T14:26:29.224007+00:00
RJTT,35.553,139.781,2026-08-28,25.6,32.1,24,open_meteo_era5_reanalysis,2026-09-11T14:26:29.224010+00:00
RJTT,35.553,139.781,2026-08-29,20.4,26.3,24,open_meteo_era5_reanalysis,2026-09-11T14:26:29.224013+00:00
RJTT,35.553,139.781,2026-08-30,20.1,26.4,24,open_meteo_era5_reanalysis,2026-09-11T14:26:29.224015+00:00
RJTT,35.553,139.781,2026-08-31,22.6,26.8,24,open_meteo_era5_reanalysis,2026-09-11T14:26:29.224018+00:00
RJTT,35.553,139.781,2026-09-01,22.3,29.3,24,open_meteo_era5_reanalysis,2026-09-11T14:26:29.224020+00:00
RJTT,35.553,139.781,2026-09-02,23.8,29.8,24,open_meteo_era5_reanalysis,2026-09-11T14:26:29.224023+00:00
RJTT,35.553,139.781,2026-09-03,25.0,30.9,24,open_meteo_era5_reanalysis,2026-09-11T14:26:29.224025+00:00
RJTT,35.553,139.781,2026-09-04,22.1,25.7,24,open_meteo_era5_reanalysis,2026-09-11T14:26:29.224028+00:00
RJTT,35.553,139.781,2026-09-05,20.9,25.6,24,open_meteo_era5_reanalysis,2026-09-11T14:26:29.224031+00:00
RJTT,35.553,139.781,2026-09-06,20.0,22.6,24,open_meteo_era5_reanalysis,2026-09-11T14:26:29.224033+00:00
RJTT,35.553,139.781,2026-09-07,22.3,23.9,24,open_meteo_era5_reanalysis,2026-09-11T14:26:29.224036+00:00
RJTT,35.553,139.781,2026-09-08,22.3,28.5,24,open_meteo_era5_reanalysis,2026-09-11T14:26:29.224038+00:00
RJTT,35.553,139.781,2026-09-09,21.3,30.1,24,open_meteo_era5_reanalysis,2026-09-11T14:26:29.224041+00:00
RKPK,35.179,128.938,2026-06-12,16.5,28.5,24,open_meteo_era5_reanalysis,2026-09-11T14:25:32.818527+00:00
RKPK,35.179,128.938,2026-06-13,17.1,29.0,24,open_meteo_era5_reanalysis,2026-09-11T14:25:32.818530+00:00
RKPK,35.179,128.938,2026-06-14,17.7,28.8,24,open_meteo_era5_reanalysis,2026-09-11T14:25:32.818533+00:00
RKPK,35.179,128.938,2026-06-15,18.0,28.0,24,open_meteo_era5_reanalysis,2026-09-11T14:25:32.818535+00:00
RKPK,35.179,128.938,2026-06-16,17.7,28.8,24,open_meteo_era5_reanalysis,2026-09-11T14:25:32.818538+00:00
RKPK,35.179,128.938,2026-06-17,20.0,30.0,24,open_meteo_era5_reanalysis,2026-09-11T14:25:32.818540+00:00
RKPK,35.179,128.938,2026-06-18,21.9,29.7,24,open_meteo_era5_reanalysis,2026-09-11T14:25:32.818543+00:00
RKPK,35.179,128.938,2026-06-19,22.6,27.8,24,open_meteo_era5_reanalysis,2026-09-11T14:25:32.818545+00:00
RKPK,35.179,128.938,2026-06-20,22.2,27.1,24,open_meteo_era5_reanalysis,2026-09-11T14:25:32.818548+00:00
RKPK,35.179,128.938,2026-06-21,20.3,26.0,24,open_meteo_era5_reanalysis,2026-09-11T14:25:32.818551+00:00
RKPK,35.179,128.938,2026-06-22,18.8,23.6,24,open_meteo_era5_reanalysis,2026-09-11T14:25:32.818553+00:00
RKPK,35.179,128.938,2026-06-23,18.0,23.2,24,open_meteo_era5_reanalysis,2026-09-11T14:25:32.818556+00:00
RKPK,35.179,128.938,2026-06-24,18.6,21.9,24,open_meteo_era5_reanalysis,2026-09-11T14:25:32.818558+00:00
RKPK,35.179,128.938,2026-06-25,19.3,26.3,24,open_meteo_era5_reanalysis,2026-09-11T14:25:32.818561+00:00
RKPK,35.179,128.938,2026-06-26,19.2,25.0,24,open_meteo_era5_reanalysis,2026-09-11T14:25:32.818563+00:00
RKPK,35.179,128.938,2026-06-27,17.0,26.2,24,open_meteo_era5_reanalysis,2026-09-11T14:25:32.818566+00:00
RKPK,35.179,128.938,2026-06-28,16.3,26.5,24,open_meteo_era5_reanalysis,2026-09-11T14:25:32.818569+00:00
RKPK,35.179,128.938,2026-06-29,16.6,27.2,24,open_meteo_era5_reanalysis,2026-09-11T14:25:32.818571+00:00
RKPK,35.179,128.938,2026-06-30,18.6,27.9,24,open_meteo_era5_reanalysis,2026-09-11T14:25:32.818574+00:00
RKPK,35.179,128.938,2026-07-01,19.3,21.8,24,open_meteo_era5_reanalysis,2026-09-11T14:25:32.818576+00:00
RKPK,35.179,128.938,2026-07-02,18.4,25.7,24,open_meteo_era5_reanalysis,2026-09-11T14:25:32.818579+00:00
RKPK,35.179,128.938,2026-07-03,18.9,25.7,24,open_meteo_era5_reanalysis,2026-09-11T14:25:32.818581+00:00
RKPK,35.179,128.938,2026-07-04,21.3,27.4,24,open_meteo_era5_reanalysis,2026-09-11T14:25:32.818584+00:00
RKPK,35.179,128.938,2026-07-05,21.8,24.6,24,open_meteo_era5_reanalysis,2026-09-11T14:25:32.818586+00:00
RKPK,35.179,128.938,2026-07-06,22.7,28.6,24,open_meteo_era5_reanalysis,2026-09-11T14:25:32.818589+00:00
RKPK,35.179,128.938,2026-07-07,23.5,28.2,24,open_meteo_era5_reanalysis,2026-09-11T14:25:32.818606+00:00
RKPK,35.179,128.938,2026-07-08,23.3,28.4,24,open_meteo_era5_reanalysis,2026-09-11T14:25:32.818609+00:00
RKPK,35.179,128.938,2026-07-09,23.9,29.0,24,open_meteo_era5_reanalysis,2026-09-11T14:25:32.818612+00:00
RKPK,35.179,128.938,2026-07-10,23.2,30.2,24,open_meteo_era5_reanalysis,2026-09-11T14:25:32.818614+00:00
RKPK,35.179,128.938,2026-07-11,23.5,33.3,24,open_meteo_era5_reanalysis,2026-09-11T14:25:32.818617+00:00
RKPK,35.179,128.938,2026-07-12,24.9,30.9,24,open_meteo_era5_reanalysis,2026-09-11T14:26:01.005880+00:00
RKPK,35.179,128.938,2026-07-13,25.4,30.6,24,open_meteo_era5_reanalysis,2026-09-11T14:26:01.005883+00:00
RKPK,35.179,128.938,2026-07-14,25.7,30.0,24,open_meteo_era5_reanalysis,2026-09-11T14:26:01.005886+00:00
RKPK,35.179,128.938,2026-07-15,24.9,31.6,24,open_meteo_era5_reanalysis,2026-09-11T14:26:01.005889+00:00
RKPK,35.179,128.938,2026-07-16,23.6,34.2,24,open_meteo_era5_reanalysis,2026-09-11T14:26:01.005891+00:00
RKPK,35.179,128.938,2026-07-17,25.3,32.3,24,open_meteo_era5_reanalysis,2026-09-11T14:26:01.005894+00:00
RKPK,35.179,128.938,2026-07-18,25.5,32.1,24,open_meteo_era5_reanalysis,2026-09-11T14:26:01.005896+00:00
RKPK,35.179,128.938,2026-07-19,25.2,31.3,24,open_meteo_era5_reanalysis,2026-09-11T14:26:01.005899+00:00
RKPK,35.179,128.938,2026-07-20,24.2,31.8,24,open_meteo_era5_reanalysis,2026-09-11T14:26:01.005902+00:00
RKPK,35.179,128.938,2026-07-21,24.8,31.8,24,open_meteo_era5_reanalysis,2026-09-11T14:26:01.005904+00:00
RKPK,35.179,128.938,2026-07-22,25.9,33.6,24,open_meteo_era5_reanalysis,2026-09-11T14:26:01.005907+00:00
RKPK,35.179,128.938,2026-07-23,26.0,34.0,24,open_meteo_era5_reanalysis,2026-09-11T14:26:01.005909+00:00
RKPK,35.179,128.938,2026-07-24,25.0,35.3,24,open_meteo_era5_reanalysis,2026-09-11T14:26:01.005912+00:00
RKPK,35.179,128.938,2026-07-25,25.1,35.7,24,open_meteo_era5_reanalysis,2026-09-11T14:26:01.005915+00:00
RKPK,35.179,128.938,2026-07-26,26.5,35.8,24,open_meteo_era5_reanalysis,2026-09-11T14:26:01.005917+00:00
RKPK,35.179,128.938,2026-07-27,25.7,35.9,24,open_meteo_era5_reanalysis,2026-09-11T14:26:01.005920+00:00
RKPK,35.179,128.938,2026-07-28,27.1,37.7,24,open_meteo_era5_reanalysis,2026-09-11T14:26:01.005922+00:00
RKPK,35.179,128.938,2026-07-29,28.4,38.4,24,open_meteo_era5_reanalysis,2026-09-11T14:26:01.005925+00:00
RKPK,35.179,128.938,2026-07-30,26.5,38.9,24,open_meteo_era5_reanalysis,2026-09-11T14:26:01.005928+00:00
RKPK,35.179,128.938,2026-07-31,26.2,38.9,24,open_meteo_era5_reanalysis,2026-09-11T14:26:01.005931+00:00
RKPK,35.179,128.938,2026-08-01,27.8,39.5,24,open_meteo_era5_reanalysis,2026-09-11T14:26:01.005933+00:00
RKPK,35.179,128.938,2026-08-02,27.9,40.2,24,open_meteo_era5_reanalysis,2026-09-11T14:26:01.005936+00:00
RKPK,35.179,128.938,2026-08-03,27.7,36.8,24,open_meteo_era5_reanalysis,2026-09-11T14:26:01.005938+00:00
RKPK,35.179,128.938,2026-08-04,27.5,35.2,24,open_meteo_era5_reanalysis,2026-09-11T14:26:01.005941+00:00
RKPK,35.179,128.938,2026-08-05,26.3,34.4,24,open_meteo_era5_reanalysis,2026-09-11T14:26:01.005943+00:00
RKPK,35.179,128.938,2026-08-06,25.0,35.6,24,open_meteo_era5_reanalysis,2026-09-11T14:26:01.005946+00:00
RKPK,35.179,128.938,2026-08-07,25.7,35.7,24,open_meteo_era5_reanalysis,2026-09-11T14:26:01.005948+00:00
RKPK,35.179,128.938,2026-08-08,27.0,34.1,24,open_meteo_era5_reanalysis,2026-09-11T14:26:01.005951+00:00
RKPK,35.179,128.938,2026-08-09,25.2,31.1,24,open_meteo_era5_reanalysis,2026-09-11T14:26:01.005953+00:00
RKPK,35.179,128.938,2026-08-10,24.1,30.3,24,open_meteo_era5_reanalysis,2026-09-11T14:26:01.005956+00:00
RKPK,35.179,128.938,2026-08-11,22.5,30.2,24,open_meteo_era5_reanalysis,2026-09-11T14:26:29.224248+00:00
RKPK,35.179,128.938,2026-08-12,20.6,29.9,24,open_meteo_era5_reanalysis,2026-09-11T14:26:29.224251+00:00
RKPK,35.179,128.938,2026-08-13,22.3,30.3,24,open_meteo_era5_reanalysis,2026-09-11T14:26:29.224253+00:00
RKPK,35.179,128.938,2026-08-14,21.6,30.9,24,open_meteo_era5_reanalysis,2026-09-11T14:26:29.224256+00:00
RKPK,35.179,128.938,2026-08-15,22.7,30.7,24,open_meteo_era5_reanalysis,2026-09-11T14:26:29.224259+00:00
RKPK,35.179,128.938,2026-08-16,23.0,24.6,24,open_meteo_era5_reanalysis,2026-09-11T14:26:29.224261+00:00
RKPK,35.179,128.938,2026-08-17,23.5,25.9,24,open_meteo_era5_reanalysis,2026-09-11T14:26:29.224264+00:00
RKPK,35.179,128.938,2026-08-18,23.6,28.9,24,open_meteo_era5_reanalysis,2026-09-11T14:26:29.224267+00:00
RKPK,35.179,128.938,2026-08-19,24.3,30.4,24,open_meteo_era5_reanalysis,2026-09-11T14:26:29.224269+00:00
RKPK,35.179,128.938,2026-08-20,23.1,31.3,24,open_meteo_era5_reanalysis,2026-09-11T14:26:29.224272+00:00
RKPK,35.179,128.938,2026-08-21,24.2,30.9,24,open_meteo_era5_reanalysis,2026-09-11T14:26:29.224274+00:00
RKPK,35.179,128.938,2026-08-22,24.9,31.0,24,open_meteo_era5_reanalysis,2026-09-11T14:26:29.224277+00:00
RKPK,35.179,128.938,2026-08-23,24.8,32.8,24,open_meteo_era5_reanalysis,2026-09-11T14:26:29.224280+00:00
RKPK,35.179,128.938,2026-08-24,24.1,32.7,24,open_meteo_era5_reanalysis,2026-09-11T14:26:29.224282+00:00
RKPK,35.179,128.938,2026-08-25,24.7,32.2,24,open_meteo_era5_reanalysis,2026-09-11T14:26:29.224285+00:00
RKPK,35.179,128.938,2026-08-26,23.6,33.2,24,open_meteo_era5_reanalysis,2026-09-11T14:26:29.224287+00:00
RKPK,35.179,128.938,2026-08-27,24.7,32.1,24,open_meteo_era5_reanalysis,2026-09-11T14:26:29.224290+00:00
RKPK,35.179,128.938,2026-08-28,24.0,26.9,24,open_meteo_era5_reanalysis,2026-09-11T14:26:29.224292+00:00
RKPK,35.179,128.938,2026-08-29,25.1,29.2,24,open_meteo_era5_reanalysis,2026-09-11T14:26:29.224295+00:00
RKPK,35.179,128.938,2026-08-30,23.6,30.8,24,open_meteo_era5_reanalysis,2026-09-11T14:26:29.224298+00:00
RKPK,35.179,128.938,2026-08-31,23.9,30.2,24,open_meteo_era5_reanalysis,2026-09-11T14:26:29.224301+00:00
RKPK,35.179,128.938,2026-09-01,23.8,29.6,24,open_meteo_era5_reanalysis,2026-09-11T14:26:29.224303+00:00
RKPK,35.179,128.938,2026-09-02,23.7,30.1,24,open_meteo_era5_reanalysis,2026-09-11T14:26:29.224306+00:00
RKPK,35.179,128.938,2026-09-03,23.5,28.6,24,open_meteo_era5_reanalysis,2026-09-11T14:26:29.224308+00:00
RKPK,35.179,128.938,2026-09-04,22.4,27.5,24,open_meteo_era5_reanalysis,2026-09-11T14:26:29.224311+00:00
RKPK,35.179,128.938,2026-09-05,21.5,28.2,24,open_meteo_era5_reanalysis,2026-09-11T14:26:29.224314+00:00
RKPK,35.179,128.938,2026-09-06,21.6,28.3,24,open_meteo_era5_reanalysis,2026-09-11T14:26:29.224316+00:00
RKPK,35.179,128.938,2026-09-07,20.4,28.9,24,open_meteo_era5_reanalysis,2026-09-11T14:26:29.224319+00:00
RKPK,35.179,128.938,2026-09-08,17.5,28.5,24,open_meteo_era5_reanalysis,2026-09-11T14:26:29.224321+00:00
RKPK,35.179,128.938,2026-09-09,19.1,26.2,24,open_meteo_era5_reanalysis,2026-09-11T14:26:29.224324+00:00
RKSI,37.469,126.451,2026-06-12,17.3,21.9,24,open_meteo_era5_reanalysis,2026-09-11T14:25:32.818828+00:00
RKSI,37.469,126.451,2026-06-13,15.8,24.7,24,open_meteo_era5_reanalysis,2026-09-11T14:25:32.818831+00:00
RKSI,37.469,126.451,2026-06-14,19.5,26.0,24,open_meteo_era5_reanalysis,2026-09-11T14:25:32.818834+00:00
RKSI,37.469,126.451,2026-06-15,17.5,27.0,24,open_meteo_era5_reanalysis,2026-09-11T14:25:32.818836+00:00
RKSI,37.469,126.451,2026-06-16,18.8,28.7,24,open_meteo_era5_reanalysis,2026-09-11T14:25:32.818839+00:00
RKSI,37.469,126.451,2026-06-17,19.8,27.8,24,open_meteo_era5_reanalysis,2026-09-11T14:25:32.818841+00:00
RKSI,37.469,126.451,2026-06-18,20.6,27.0,24,open_meteo_era5_reanalysis,2026-09-11T14:25:32.818844+00:00
RKSI,37.469,126.451,2026-06-19,20.6,29.5,24,open_meteo_era5_reanalysis,2026-09-11T14:25:32.818846+00:00
RKSI,37.469,126.451,2026-06-20,20.7,23.6,24,open_meteo_era5_reanalysis,2026-09-11T14:25:32.818849+00:00
RKSI,37.469,126.451,2026-06-21,20.0,23.7,24,open_meteo_era5_reanalysis,2026-09-11T14:25:32.818852+00:00
RKSI,37.469,126.451,2026-06-22,19.7,24.4,24,open_meteo_era5_reanalysis,2026-09-11T14:25:32.818854+00:00
RKSI,37.469,126.451,2026-06-23,19.1,27.4,24,open_meteo_era5_reanalysis,2026-09-11T14:25:32.818857+00:00
RKSI,37.469,126.451,2026-06-24,18.8,26.3,24,open_meteo_era5_reanalysis,2026-09-11T14:25:32.818859+00:00
RKSI,37.469,126.451,2026-06-25,20.1,25.9,24,open_meteo_era5_reanalysis,2026-09-11T14:25:32.818862+00:00
RKSI,37.469,126.451,2026-06-26,17.3,23.7,24,open_meteo_era5_reanalysis,2026-09-11T14:25:32.818864+00:00
RKSI,37.469,126.451,2026-06-27,19.6,26.6,24,open_meteo_era5_reanalysis,2026-09-11T14:25:32.818867+00:00
RKSI,37.469,126.451,2026-06-28,20.8,24.7,24,open_meteo_era5_reanalysis,2026-09-11T14:25:32.818869+00:00
RKSI,37.469,126.451,2026-06-29,20.4,25.4,24,open_meteo_era5_reanalysis,2026-09-11T14:25:32.818872+00:00
RKSI,37.469,126.451,2026-06-30,21.6,25.9,24,open_meteo_era5_reanalysis,2026-09-11T14:25:32.818875+00:00
RKSI,37.469,126.451,2026-07-01,21.7,28.6,24,open_meteo_era5_reanalysis,2026-09-11T14:25:32.818877+00:00
RKSI,37.469,126.451,2026-07-02,22.2,26.2,24,open_meteo_era5_reanalysis,2026-09-11T14:25:32.818880+00:00
RKSI,37.469,126.451,2026-07-03,21.2,26.0,24,open_meteo_era5_reanalysis,2026-09-11T14:25:32.818882+00:00
RKSI,37.469,126.451,2026-07-04,22.3,26.4,24,open_meteo_era5_reanalysis,2026-09-11T14:25:32.818885+00:00
RKSI,37.469,126.451,2026-07-05,21.7,26.7,24,open_meteo_era5_reanalysis,2026-09-11T14:25:32.818887+00:00
RKSI,37.469,126.451,2026-07-06,22.0,24.8,24,open_meteo_era5_reanalysis,2026-09-11T14:25:32.818890+00:00
RKSI,37.469,126.451,2026-07-07,22.3,26.6,24,open_meteo_era5_reanalysis,2026-09-11T14:25:32.818893+00:00
RKSI,37.469,126.451,2026-07-08,22.6,26.5,24,open_meteo_era5_reanalysis,2026-09-11T14:25:32.818895+00:00
RKSI,37.469,126.451,2026-07-09,22.5,24.9,24,open_meteo_era5_reanalysis,2026-09-11T14:25:32.818898+00:00
RKSI,37.469,126.451,2026-07-10,22.1,25.5,24,open_meteo_era5_reanalysis,2026-09-11T14:25:32.818900+00:00
RKSI,37.469,126.451,2026-07-11,23.8,28.8,24,open_meteo_era5_reanalysis,2026-09-11T14:25:32.818903+00:00
RKSI,37.469,126.451,2026-07-12,24.5,31.5,24,open_meteo_era5_reanalysis,2026-09-11T14:26:01.006166+00:00
RKSI,37.469,126.451,2026-07-13,25.8,29.7,24,open_meteo_era5_reanalysis,2026-09-11T14:26:01.006168+00:00
RKSI,37.469,126.451,2026-07-14,24.9,29.6,24,open_meteo_era5_reanalysis,2026-09-11T14:26:01.006171+00:00
RKSI,37.469,126.451,2026-07-15,23.7,25.6,24,open_meteo_era5_reanalysis,2026-09-11T14:26:01.006174+00:00
RKSI,37.469,126.451,2026-07-16,22.9,26.4,24,open_meteo_era5_reanalysis,2026-09-11T14:26:01.006176+00:00
RKSI,37.469,126.451,2026-07-17,23.7,29.3,24,open_meteo_era5_reanalysis,2026-09-11T14:26:01.006179+00:00
RKSI,37.469,126.451,2026-07-18,18.1,26.7,24,open_meteo_era5_reanalysis,2026-09-11T14:26:01.006182+00:00
RKSI,37.469,126.451,2026-07-19,22.6,25.3,24,open_meteo_era5_reanalysis,2026-09-11T14:26:01.006184+00:00
RKSI,37.469,126.451,2026-07-20,23.3,25.6,24,open_meteo_era5_reanalysis,2026-09-11T14:26:01.006187+00:00
RKSI,37.469,126.451,2026-07-21,23.6,25.3,24,open_meteo_era5_reanalysis,2026-09-11T14:26:01.006189+00:00
RKSI,37.469,126.451,2026-07-22,23.0,26.5,24,open_meteo_era5_reanalysis,2026-09-11T14:26:01.006192+00:00
RKSI,37.469,126.451,2026-07-23,23.9,26.7,24,open_meteo_era5_reanalysis,2026-09-11T14:26:01.006195+00:00
RKSI,37.469,126.451,2026-07-24,24.9,28.0,24,open_meteo_era5_reanalysis,2026-09-11T14:26:01.006197+00:00
RKSI,37.469,126.451,2026-07-25,25.3,27.6,24,open_meteo_era5_reanalysis,2026-09-11T14:26:01.006200+00:00
RKSI,37.469,126.451,2026-07-26,25.3,28.0,24,open_meteo_era5_reanalysis,2026-09-11T14:26:01.006202+00:00
RKSI,37.469,126.451,2026-07-27,24.5,27.1,24,open_meteo_era5_reanalysis,2026-09-11T14:26:01.006205+00:00
RKSI,37.469,126.451,2026-07-28,25.9,28.2,24,open_meteo_era5_reanalysis,2026-09-11T14:26:01.006208+00:00
RKSI,37.469,126.451,2026-07-29,26.2,28.4,24,open_meteo_era5_reanalysis,2026-09-11T14:26:01.006210+00:00
RKSI,37.469,126.451,2026-07-30,25.5,28.4,24,open_meteo_era5_reanalysis,2026-09-11T14:26:01.006213+00:00
RKSI,37.469,126.451,2026-07-31,25.8,29.4,24,open_meteo_era5_reanalysis,2026-09-11T14:26:01.006215+00:00
RKSI,37.469,126.451,2026-08-01,27.2,30.0,24,open_meteo_era5_reanalysis,2026-09-11T14:26:01.006218+00:00
RKSI,37.469,126.451,2026-08-02,27.0,30.4,24,open_meteo_era5_reanalysis,2026-09-11T14:26:01.006221+00:00
RKSI,37.469,126.451,2026-08-03,25.6,31.1,24,open_meteo_era5_reanalysis,2026-09-11T14:26:01.006223+00:00
RKSI,37.469,126.451,2026-08-04,27.1,32.7,24,open_meteo_era5_reanalysis,2026-09-11T14:26:01.006226+00:00
RKSI,37.469,126.451,2026-08-05,27.2,32.4,24,open_meteo_era5_reanalysis,2026-09-11T14:26:01.006228+00:00
RKSI,37.469,126.451,2026-08-06,27.8,32.6,24,open_meteo_era5_reanalysis,2026-09-11T14:26:01.006231+00:00
RKSI,37.469,126.451,2026-08-07,27.5,33.9,24,open_meteo_era5_reanalysis,2026-09-11T14:26:01.006233+00:00
RKSI,37.469,126.451,2026-08-08,26.3,35.0,24,open_meteo_era5_reanalysis,2026-09-11T14:26:01.006236+00:00
RKSI,37.469,126.451,2026-08-09,23.6,32.7,24,open_meteo_era5_reanalysis,2026-09-11T14:26:01.006238+00:00
RKSI,37.469,126.451,2026-08-10,24.0,32.7,24,open_meteo_era5_reanalysis,2026-09-11T14:26:01.006241+00:00
RKSI,37.469,126.451,2026-08-11,24.8,31.5,24,open_meteo_era5_reanalysis,2026-09-11T14:26:29.224529+00:00
RKSI,37.469,126.451,2026-08-12,21.1,31.9,24,open_meteo_era5_reanalysis,2026-09-11T14:26:29.224532+00:00
RKSI,37.469,126.451,2026-08-13,22.5,30.3,24,open_meteo_era5_reanalysis,2026-09-11T14:26:29.224535+00:00
RKSI,37.469,126.451,2026-08-14,23.6,29.5,24,open_meteo_era5_reanalysis,2026-09-11T14:26:29.224538+00:00
RKSI,37.469,126.451,2026-08-15,24.3,28.1,24,open_meteo_era5_reanalysis,2026-09-11T14:26:29.224540+00:00
RKSI,37.469,126.451,2026-08-16,23.5,27.8,24,open_meteo_era5_reanalysis,2026-09-11T14:26:29.224543+00:00
RKSI,37.469,126.451,2026-08-17,23.2,26.2,24,open_meteo_era5_reanalysis,2026-09-11T14:26:29.224546+00:00
RKSI,37.469,126.451,2026-08-18,23.9,29.4,24,open_meteo_era5_reanalysis,2026-09-11T14:26:29.224548+00:00
RKSI,37.469,126.451,2026-08-19,24.3,29.6,24,open_meteo_era5_reanalysis,2026-09-11T14:26:29.224551+00:00
RKSI,37.469,126.451,2026-08-20,24.7,28.0,24,open_meteo_era5_reanalysis,2026-09-11T14:26:29.224553+00:00
RKSI,37.469,126.451,2026-08-21,23.6,27.2,24,open_meteo_era5_reanalysis,2026-09-11T14:26:29.224556+00:00
RKSI,37.469,126.451,2026-08-22,22.8,27.6,24,open_meteo_era5_reanalysis,2026-09-11T14:26:29.224558+00:00
RKSI,37.469,126.451,2026-08-23,23.0,29.4,24,open_meteo_era5_reanalysis,2026-09-11T14:26:29.224561+00:00
RKSI,37.469,126.451,2026-08-24,25.7,28.9,24,open_meteo_era5_reanalysis,2026-09-11T14:26:29.224563+00:00
RKSI,37.469,126.451,2026-08-25,25.3,28.8,24,open_meteo_era5_reanalysis,2026-09-11T14:26:29.224566+00:00
RKSI,37.469,126.451,2026-08-26,25.1,28.7,24,open_meteo_era5_reanalysis,2026-09-11T14:26:29.224568+00:00
RKSI,37.469,126.451,2026-08-27,24.6,28.4,24,open_meteo_era5_reanalysis,2026-09-11T14:26:29.224571+00:00
RKSI,37.469,126.451,2026-08-28,25.1,29.7,24,open_meteo_era5_reanalysis,2026-09-11T14:26:29.224573+00:00
RKSI,37.469,126.451,2026-08-29,24.0,28.2,24,open_meteo_era5_reanalysis,2026-09-11T14:26:29.224576+00:00
RKSI,37.469,126.451,2026-08-30,22.8,26.7,24,open_meteo_era5_reanalysis,2026-09-11T14:26:29.224579+00:00
RKSI,37.469,126.451,2026-08-31,22.6,25.1,24,open_meteo_era5_reanalysis,2026-09-11T14:26:29.224581+00:00
RKSI,37.469,126.451,2026-09-01,22.9,24.8,24,open_meteo_era5_reanalysis,2026-09-11T14:26:29.224584+00:00
RKSI,37.469,126.451,2026-09-02,22.4,26.5,24,open_meteo_era5_reanalysis,2026-09-11T14:26:29.224586+00:00
RKSI,37.469,126.451,2026-09-03,21.9,29.2,24,open_meteo_era5_reanalysis,2026-09-11T14:26:29.224589+00:00
RKSI,37.469,126.451,2026-09-04,20.7,28.9,24,open_meteo_era5_reanalysis,2026-09-11T14:26:29.224603+00:00
RKSI,37.469,126.451,2026-09-05,19.2,27.8,24,open_meteo_era5_reanalysis,2026-09-11T14:26:29.224606+00:00
RKSI,37.469,126.451,2026-09-06,19.3,28.4,24,open_meteo_era5_reanalysis,2026-09-11T14:26:29.224608+00:00
RKSI,37.469,126.451,2026-09-07,18.6,27.4,24,open_meteo_era5_reanalysis,2026-09-11T14:26:29.224611+00:00
RKSI,37.469,126.451,2026-09-08,19.3,26.7,24,open_meteo_era5_reanalysis,2026-09-11T14:26:29.224613+00:00
RKSI,37.469,126.451,2026-09-09,19.3,25.5,24,open_meteo_era5_reanalysis,2026-09-11T14:26:29.224616+00:00
RPLL,14.507,121.004,2026-06-12,27.3,35.6,24,open_meteo_era5_reanalysis,2026-09-11T14:25:35.953882+00:00
RPLL,14.507,121.004,2026-06-13,26.8,35.2,24,open_meteo_era5_reanalysis,2026-09-11T14:25:35.953899+00:00
RPLL,14.507,121.004,2026-06-14,26.2,32.5,24,open_meteo_era5_reanalysis,2026-09-11T14:25:35.953902+00:00
RPLL,14.507,121.004,2026-06-15,27.8,33.8,24,open_meteo_era5_reanalysis,2026-09-11T14:25:35.953905+00:00
RPLL,14.507,121.004,2026-06-16,27.8,35.8,24,open_meteo_era5_reanalysis,2026-09-11T14:25:35.953908+00:00
RPLL,14.507,121.004,2026-06-17,27.6,35.4,24,open_meteo_era5_reanalysis,2026-09-11T14:25:35.953911+00:00
RPLL,14.507,121.004,2026-06-18,27.3,36.2,24,open_meteo_era5_reanalysis,2026-09-11T14:25:35.953913+00:00
RPLL,14.507,121.004,2026-06-19,25.7,33.1,24,open_meteo_era5_reanalysis,2026-09-11T14:25:35.953916+00:00
RPLL,14.507,121.004,2026-06-20,25.8,35.1,24,open_meteo_era5_reanalysis,2026-09-11T14:25:35.953919+00:00
RPLL,14.507,121.004,2026-06-21,28.6,36.1,24,open_meteo_era5_reanalysis,2026-09-11T14:25:35.953921+00:00
RPLL,14.507,121.004,2026-06-22,27.9,33.8,24,open_meteo_era5_reanalysis,2026-09-11T14:25:35.953924+00:00
RPLL,14.507,121.004,2026-06-23,27.7,31.7,24,open_meteo_era5_reanalysis,2026-09-11T14:25:35.953926+00:00
RPLL,14.507,121.004,2026-06-24,26.8,30.6,24,open_meteo_era5_reanalysis,2026-09-11T14:25:35.953929+00:00
RPLL,14.507,121.004,2026-06-25,27.0,31.9,24,open_meteo_era5_reanalysis,2026-09-11T14:25:35.953931+00:00
RPLL,14.507,121.004,2026-06-26,26.9,30.1,24,open_meteo_era5_reanalysis,2026-09-11T14:25:35.953934+00:00
RPLL,14.507,121.004,2026-06-27,26.3,31.7,24,open_meteo_era5_reanalysis,2026-09-11T14:25:35.953937+00:00
RPLL,14.507,121.004,2026-06-28,26.7,32.3,24,open_meteo_era5_reanalysis,2026-09-11T14:25:35.953939+00:00
RPLL,14.507,121.004,2026-06-29,26.0,34.4,24,open_meteo_era5_reanalysis,2026-09-11T14:25:35.953942+00:00
RPLL,14.507,121.004,2026-06-30,25.5,28.3,24,open_meteo_era5_reanalysis,2026-09-11T14:25:35.953944+00:00
RPLL,14.507,121.004,2026-07-01,26.3,32.0,24,open_meteo_era5_reanalysis,2026-09-11T14:25:35.953947+00:00
RPLL,14.507,121.004,2026-07-02,25.5,31.3,24,open_meteo_era5_reanalysis,2026-09-11T14:25:35.953950+00:00
RPLL,14.507,121.004,2026-07-03,27.4,32.9,24,open_meteo_era5_reanalysis,2026-09-11T14:25:35.953952+00:00
RPLL,14.507,121.004,2026-07-04,25.3,32.8,24,open_meteo_era5_reanalysis,2026-09-11T14:25:35.953955+00:00
RPLL,14.507,121.004,2026-07-05,26.7,34.0,24,open_meteo_era5_reanalysis,2026-09-11T14:25:35.953957+00:00
RPLL,14.507,121.004,2026-07-06,26.5,34.3,24,open_meteo_era5_reanalysis,2026-09-11T14:25:35.953960+00:00
RPLL,14.507,121.004,2026-07-07,26.3,34.3,24,open_meteo_era5_reanalysis,2026-09-11T14:25:35.953963+00:00
RPLL,14.507,121.004,2026-07-08,26.4,32.3,24,open_meteo_era5_reanalysis,2026-09-11T14:25:35.953966+00:00
RPLL,14.507,121.004,2026-07-09,28.2,32.3,24,open_meteo_era5_reanalysis,2026-09-11T14:25:35.953968+00:00
RPLL,14.507,121.004,2026-07-10,25.8,30.8,24,open_meteo_era5_reanalysis,2026-09-11T14:25:35.953971+00:00
RPLL,14.507,121.004,2026-07-11,25.4,28.5,24,open_meteo_era5_reanalysis,2026-09-11T14:25:35.953973+00:00
RPLL,14.507,121.004,2026-07-12,24.5,29.1,24,open_meteo_era5_reanalysis,2026-09-11T14:26:04.146301+00:00
RPLL,14.507,121.004,2026-07-13,25.3,31.1,24,open_meteo_era5_reanalysis,2026-09-11T14:26:04.146315+00:00
RPLL,14.507,121.004,2026-07-14,25.5,32.1,24,open_meteo_era5_reanalysis,2026-09-11T14:26:04.146319+00:00
RPLL,14.507,121.004,2026-07-15,26.3,32.5,24,open_meteo_era5_reanalysis,2026-09-11T14:26:04.146322+00:00
RPLL,14.507,121.004,2026-07-16,26.5,32.3,24,open_meteo_era5_reanalysis,2026-09-11T14:26:04.146324+00:00
RPLL,14.507,121.004,2026-07-17,27.3,32.9,24,open_meteo_era5_reanalysis,2026-09-11T14:26:04.146327+00:00
RPLL,14.507,121.004,2026-07-18,27.2,33.2,24,open_meteo_era5_reanalysis,2026-09-11T14:26:04.146330+00:00
RPLL,14.507,121.004,2026-07-19,26.9,32.2,24,open_meteo_era5_reanalysis,2026-09-11T14:26:04.146332+00:00
RPLL,14.507,121.004,2026-07-20,25.8,33.0,24,open_meteo_era5_reanalysis,2026-09-11T14:26:04.146335+00:00
RPLL,14.507,121.004,2026-07-21,27.1,33.5,24,open_meteo_era5_reanalysis,2026-09-11T14:26:04.146338+00:00
RPLL,14.507,121.004,2026-07-22,25.2,33.7,24,open_meteo_era5_reanalysis,2026-09-11T14:26:04.146341+00:00
RPLL,14.507,121.004,2026-07-23,25.2,32.0,24,open_meteo_era5_reanalysis,2026-09-11T14:26:04.146343+00:00
RPLL,14.507,121.004,2026-07-24,24.9,29.4,24,open_meteo_era5_reanalysis,2026-09-11T14:26:04.146346+00:00
RPLL,14.507,121.004,2026-07-25,26.3,31.0,24,open_meteo_era5_reanalysis,2026-09-11T14:26:04.146349+00:00
RPLL,14.507,121.004,2026-07-26,26.0,30.1,24,open_meteo_era5_reanalysis,2026-09-11T14:26:04.146351+00:00
RPLL,14.507,121.004,2026-07-27,25.6,32.1,24,open_meteo_era5_reanalysis,2026-09-11T14:26:04.146354+00:00
RPLL,14.507,121.004,2026-07-28,25.0,33.1,24,open_meteo_era5_reanalysis,2026-09-11T14:26:04.146356+00:00
RPLL,14.507,121.004,2026-07-29,24.5,26.7,24,open_meteo_era5_reanalysis,2026-09-11T14:26:04.146359+00:00
RPLL,14.507,121.004,2026-07-30,24.6,32.1,24,open_meteo_era5_reanalysis,2026-09-11T14:26:04.146362+00:00
RPLL,14.507,121.004,2026-07-31,26.4,31.6,24,open_meteo_era5_reanalysis,2026-09-11T14:26:04.146364+00:00
RPLL,14.507,121.004,2026-08-01,25.8,31.8,24,open_meteo_era5_reanalysis,2026-09-11T14:26:04.146367+00:00
RPLL,14.507,121.004,2026-08-02,25.6,28.2,24,open_meteo_era5_reanalysis,2026-09-11T14:26:04.146369+00:00
RPLL,14.507,121.004,2026-08-03,24.5,28.2,24,open_meteo_era5_reanalysis,2026-09-11T14:26:04.146372+00:00
RPLL,14.507,121.004,2026-08-04,25.9,28.9,24,open_meteo_era5_reanalysis,2026-09-11T14:26:04.146375+00:00
RPLL,14.507,121.004,2026-08-05,25.3,28.4,24,open_meteo_era5_reanalysis,2026-09-11T14:26:04.146377+00:00
RPLL,14.507,121.004,2026-08-06,25.4,29.0,24,open_meteo_era5_reanalysis,2026-09-11T14:26:04.146380+00:00
RPLL,14.507,121.004,2026-08-07,24.7,28.4,24,open_meteo_era5_reanalysis,2026-09-11T14:26:04.146382+00:00
RPLL,14.507,121.004,2026-08-08,25.3,27.8,24,open_meteo_era5_reanalysis,2026-09-11T14:26:04.146385+00:00
RPLL,14.507,121.004,2026-08-09,25.3,28.6,24,open_meteo_era5_reanalysis,2026-09-11T14:26:04.146388+00:00
RPLL,14.507,121.004,2026-08-10,25.4,29.7,24,open_meteo_era5_reanalysis,2026-09-11T14:26:04.146390+00:00
RPLL,14.507,121.004,2026-08-11,26.6,29.9,24,open_meteo_era5_reanalysis,2026-09-11T14:26:32.365054+00:00
RPLL,14.507,121.004,2026-08-12,25.6,28.5,24,open_meteo_era5_reanalysis,2026-09-11T14:26:32.365069+00:00
RPLL,14.507,121.004,2026-08-13,25.7,27.7,24,open_meteo_era5_reanalysis,2026-09-11T14:26:32.365073+00:00
RPLL,14.507,121.004,2026-08-14,25.1,28.8,24,open_meteo_era5_reanalysis,2026-09-11T14:26:32.365076+00:00
RPLL,14.507,121.004,2026-08-15,26.2,30.7,24,open_meteo_era5_reanalysis,2026-09-11T14:26:32.365079+00:00
RPLL,14.507,121.004,2026-08-16,25.4,30.0,24,open_meteo_era5_reanalysis,2026-09-11T14:26:32.365082+00:00
RPLL,14.507,121.004,2026-08-17,25.4,27.1,24,open_meteo_era5_reanalysis,2026-09-11T14:26:32.365086+00:00
RPLL,14.507,121.004,2026-08-18,24.7,28.0,24,open_meteo_era5_reanalysis,2026-09-11T14:26:32.365089+00:00
RPLL,14.507,121.004,2026-08-19,24.8,29.0,24,open_meteo_era5_reanalysis,2026-09-11T14:26:32.365092+00:00
RPLL,14.507,121.004,2026-08-20,26.0,30.7,24,open_meteo_era5_reanalysis,2026-09-11T14:26:32.365095+00:00
RPLL,14.507,121.004,2026-08-21,27.7,31.0,24,open_meteo_era5_reanalysis,2026-09-11T14:26:32.365098+00:00
RPLL,14.507,121.004,2026-08-22,27.5,30.8,24,open_meteo_era5_reanalysis,2026-09-11T14:26:32.365101+00:00
RPLL,14.507,121.004,2026-08-23,27.1,31.0,24,open_meteo_era5_reanalysis,2026-09-11T14:26:32.365105+00:00
RPLL,14.507,121.004,2026-08-24,26.6,30.3,24,open_meteo_era5_reanalysis,2026-09-11T14:26:32.365108+00:00
RPLL,14.507,121.004,2026-08-25,26.7,30.1,24,open_meteo_era5_reanalysis,2026-09-11T14:26:32.365111+00:00
RPLL,14.507,121.004,2026-08-26,26.9,31.1,24,open_meteo_era5_reanalysis,2026-09-11T14:26:32.365114+00:00
RPLL,14.507,121.004,2026-08-27,26.1,30.9,24,open_meteo_era5_reanalysis,2026-09-11T14:26:32.365117+00:00
RPLL,14.507,121.004,2026-08-28,24.7,27.0,24,open_meteo_era5_reanalysis,2026-09-11T14:26:32.365120+00:00
RPLL,14.507,121.004,2026-08-29,25.1,26.8,24,open_meteo_era5_reanalysis,2026-09-11T14:26:32.365123+00:00
RPLL,14.507,121.004,2026-08-30,25.6,29.3,24,open_meteo_era5_reanalysis,2026-09-11T14:26:32.365126+00:00
RPLL,14.507,121.004,2026-08-31,26.0,31.5,24,open_meteo_era5_reanalysis,2026-09-11T14:26:32.365129+00:00
RPLL,14.507,121.004,2026-09-01,27.6,31.6,24,open_meteo_era5_reanalysis,2026-09-11T14:26:32.365132+00:00
RPLL,14.507,121.004,2026-09-02,26.0,30.8,24,open_meteo_era5_reanalysis,2026-09-11T14:26:32.365136+00:00
RPLL,14.507,121.004,2026-09-03,25.6,30.5,24,open_meteo_era5_reanalysis,2026-09-11T14:26:32.365139+00:00
RPLL,14.507,121.004,2026-09-04,25.5,29.0,24,open_meteo_era5_reanalysis,2026-09-11T14:26:32.365142+00:00
RPLL,14.507,121.004,2026-09-05,25.2,27.3,24,open_meteo_era5_reanalysis,2026-09-11T14:26:32.365145+00:00
RPLL,14.507,121.004,2026-09-06,25.5,28.2,24,open_meteo_era5_reanalysis,2026-09-11T14:26:32.365148+00:00
RPLL,14.507,121.004,2026-09-07,25.3,27.6,24,open_meteo_era5_reanalysis,2026-09-11T14:26:32.365152+00:00
RPLL,14.507,121.004,2026-09-08,25.2,28.4,24,open_meteo_era5_reanalysis,2026-09-11T14:26:32.365155+00:00
RPLL,14.507,121.004,2026-09-09,24.4,28.3,24,open_meteo_era5_reanalysis,2026-09-11T14:26:32.365158+00:00
SAEZ,-34.822,-58.536,2026-06-12,5.5,16.4,24,open_meteo_era5_reanalysis,2026-09-11T14:25:35.954181+00:00
SAEZ,-34.822,-58.536,2026-06-13,7.2,14.1,24,open_meteo_era5_reanalysis,2026-09-11T14:25:35.954184+00:00
SAEZ,-34.822,-58.536,2026-06-14,1.6,9.9,24,open_meteo_era5_reanalysis,2026-09-11T14:25:35.954187+00:00
SAEZ,-34.822,-58.536,2026-06-15,1.1,13.7,24,open_meteo_era5_reanalysis,2026-09-11T14:25:35.954189+00:00
SAEZ,-34.822,-58.536,2026-06-16,7.0,17.9,24,open_meteo_era5_reanalysis,2026-09-11T14:25:35.954192+00:00
SAEZ,-34.822,-58.536,2026-06-17,4.6,14.4,24,open_meteo_era5_reanalysis,2026-09-11T14:25:35.954195+00:00
SAEZ,-34.822,-58.536,2026-06-18,8.5,12.9,24,open_meteo_era5_reanalysis,2026-09-11T14:25:35.954197+00:00
SAEZ,-34.822,-58.536,2026-06-19,5.7,14.4,24,open_meteo_era5_reanalysis,2026-09-11T14:25:35.954200+00:00
SAEZ,-34.822,-58.536,2026-06-20,4.0,15.1,24,open_meteo_era5_reanalysis,2026-09-11T14:25:35.954202+00:00
SAEZ,-34.822,-58.536,2026-06-21,7.8,15.1,24,open_meteo_era5_reanalysis,2026-09-11T14:25:35.954205+00:00
SAEZ,-34.822,-58.536,2026-06-22,5.1,11.3,24,open_meteo_era5_reanalysis,2026-09-11T14:25:35.954207+00:00
SAEZ,-34.822,-58.536,2026-06-23,3.2,11.9,24,open_meteo_era5_reanalysis,2026-09-11T14:25:35.954210+00:00
SAEZ,-34.822,-58.536,2026-06-24,1.7,10.6,24,open_meteo_era5_reanalysis,2026-09-11T14:25:35.954213+00:00
SAEZ,-34.822,-58.536,2026-06-25,4.8,11.6,24,open_meteo_era5_reanalysis,2026-09-11T14:25:35.954215+00:00
SAEZ,-34.822,-58.536,2026-06-26,1.6,13.5,24,open_meteo_era5_reanalysis,2026-09-11T14:25:35.954218+00:00
SAEZ,-34.822,-58.536,2026-06-27,6.3,16.8,24,open_meteo_era5_reanalysis,2026-09-11T14:25:35.954220+00:00
SAEZ,-34.822,-58.536,2026-06-28,5.5,13.8,24,open_meteo_era5_reanalysis,2026-09-11T14:25:35.954223+00:00
SAEZ,-34.822,-58.536,2026-06-29,4.0,14.4,24,open_meteo_era5_reanalysis,2026-09-11T14:25:35.954225+00:00
SAEZ,-34.822,-58.536,2026-06-30,1.6,14.0,24,open_meteo_era5_reanalysis,2026-09-11T14:25:35.954228+00:00
SAEZ,-34.822,-58.536,2026-07-01,2.4,13.1,24,open_meteo_era5_reanalysis,2026-09-11T14:25:35.954230+00:00
SAEZ,-34.822,-58.536,2026-07-02,-0.1,8.0,24,open_meteo_era5_reanalysis,2026-09-11T14:25:35.954233+00:00
SAEZ,-34.822,-58.536,2026-07-03,-2.0,9.2,24,open_meteo_era5_reanalysis,2026-09-11T14:25:35.954235+00:00
SAEZ,-34.822,-58.536,2026-07-04,-0.6,9.7,24,open_meteo_era5_reanalysis,2026-09-11T14:25:35.954238+00:00
SAEZ,-34.822,-58.536,2026-07-05,1.1,9.0,24,open_meteo_era5_reanalysis,2026-09-11T14:25:35.954241+00:00
SAEZ,-34.822,-58.536,2026-07-06,1.8,10.7,24,open_meteo_era5_reanalysis,2026-09-11T14:25:35.954243+00:00
SAEZ,-34.822,-58.536,2026-07-07,0.8,16.1,24,open_meteo_era5_reanalysis,2026-09-11T14:25:35.954246+00:00
SAEZ,-34.822,-58.536,2026-07-08,8.2,17.3,24,open_meteo_era5_reanalysis,2026-09-11T14:25:35.954249+00:00
SAEZ,-34.822,-58.536,2026-07-09,9.2,16.6,24,open_meteo_era5_reanalysis,2026-09-11T14:25:35.954252+00:00
SAEZ,-34.822,-58.536,2026-07-10,8.3,11.9,24,open_meteo_era5_reanalysis,2026-09-11T14:25:35.954254+00:00
SAEZ,-34.822,-58.536,2026-07-11,8.1,11.7,24,open_meteo_era5_reanalysis,2026-09-11T14:25:35.954257+00:00
SAEZ,-34.822,-58.536,2026-07-12,4.0,11.1,24,open_meteo_era5_reanalysis,2026-09-11T14:26:04.146625+00:00
SAEZ,-34.822,-58.536,2026-07-13,1.6,10.2,24,open_meteo_era5_reanalysis,2026-09-11T14:26:04.146629+00:00
SAEZ,-34.822,-58.536,2026-07-14,6.4,15.0,24,open_meteo_era5_reanalysis,2026-09-11T14:26:04.146632+00:00
SAEZ,-34.822,-58.536,2026-07-15,10.8,17.7,24,open_meteo_era5_reanalysis,2026-09-11T14:26:04.146635+00:00
SAEZ,-34.822,-58.536,2026-07-16,15.2,22.7,24,open_meteo_era5_reanalysis,2026-09-11T14:26:04.146638+00:00
SAEZ,-34.822,-58.536,2026-07-17,17.7,23.6,24,open_meteo_era5_reanalysis,2026-09-11T14:26:04.146640+00:00
SAEZ,-34.822,-58.536,2026-07-18,13.4,17.9,24,open_meteo_era5_reanalysis,2026-09-11T14:26:04.146643+00:00
SAEZ,-34.822,-58.536,2026-07-19,8.5,12.9,24,open_meteo_era5_reanalysis,2026-09-11T14:26:04.146646+00:00
SAEZ,-34.822,-58.536,2026-07-20,9.1,13.8,24,open_meteo_era5_reanalysis,2026-09-11T14:26:04.146648+00:00
SAEZ,-34.822,-58.536,2026-07-21,9.9,12.7,24,open_meteo_era5_reanalysis,2026-09-11T14:26:04.146651+00:00
SAEZ,-34.822,-58.536,2026-07-22,7.6,13.9,24,open_meteo_era5_reanalysis,2026-09-11T14:26:04.146653+00:00
SAEZ,-34.822,-58.536,2026-07-23,6.4,14.9,24,open_meteo_era5_reanalysis,2026-09-11T14:26:04.146656+00:00
SAEZ,-34.822,-58.536,2026-07-24,10.6,16.9,24,open_meteo_era5_reanalysis,2026-09-11T14:26:04.146659+00:00
SAEZ,-34.822,-58.536,2026-07-25,9.9,17.3,24,open_meteo_era5_reanalysis,2026-09-11T14:26:04.146661+00:00
SAEZ,-34.822,-58.536,2026-07-26,10.0,19.6,24,open_meteo_era5_reanalysis,2026-09-11T14:26:04.146664+00:00
SAEZ,-34.822,-58.536,2026-07-27,11.2,18.5,24,open_meteo_era5_reanalysis,2026-09-11T14:26:04.146667+00:00
SAEZ,-34.822,-58.536,2026-07-28,10.3,17.4,24,open_meteo_era5_reanalysis,2026-09-11T14:26:04.146669+00:00
SAEZ,-34.822,-58.536,2026-07-29,6.8,17.0,24,open_meteo_era5_reanalysis,2026-09-11T14:26:04.146672+00:00
SAEZ,-34.822,-58.536,2026-07-30,8.8,16.1,24,open_meteo_era5_reanalysis,2026-09-11T14:26:04.146674+00:00
SAEZ,-34.822,-58.536,2026-07-31,13.9,21.0,24,open_meteo_era5_reanalysis,2026-09-11T14:26:04.146677+00:00
SAEZ,-34.822,-58.536,2026-08-01,10.8,18.1,24,open_meteo_era5_reanalysis,2026-09-11T14:26:04.146680+00:00
SAEZ,-34.822,-58.536,2026-08-02,9.7,17.2,24,open_meteo_era5_reanalysis,2026-09-11T14:26:04.146682+00:00
SAEZ,-34.822,-58.536,2026-08-03,12.1,16.1,24,open_meteo_era5_reanalysis,2026-09-11T14:26:04.146685+00:00
SAEZ,-34.822,-58.536,2026-08-04,11.4,16.3,24,open_meteo_era5_reanalysis,2026-09-11T14:26:04.146688+00:00
SAEZ,-34.822,-58.536,2026-08-05,12.6,16.7,24,open_meteo_era5_reanalysis,2026-09-11T14:26:04.146690+00:00
SAEZ,-34.822,-58.536,2026-08-06,8.0,13.8,24,open_meteo_era5_reanalysis,2026-09-11T14:26:04.146693+00:00
SAEZ,-34.822,-58.536,2026-08-07,3.9,13.0,24,open_meteo_era5_reanalysis,2026-09-11T14:26:04.146696+00:00
SAEZ,-34.822,-58.536,2026-08-08,5.8,12.8,24,open_meteo_era5_reanalysis,2026-09-11T14:26:04.146698+00:00
SAEZ,-34.822,-58.536,2026-08-09,3.5,13.1,24,open_meteo_era5_reanalysis,2026-09-11T14:26:04.146701+00:00
SAEZ,-34.822,-58.536,2026-08-10,2.0,11.8,24,open_meteo_era5_reanalysis,2026-09-11T14:26:04.146703+00:00
SAEZ,-34.822,-58.536,2026-08-11,4.1,11.4,24,open_meteo_era5_reanalysis,2026-09-11T14:26:32.365392+00:00
SAEZ,-34.822,-58.536,2026-08-12,6.4,11.9,24,open_meteo_era5_reanalysis,2026-09-11T14:26:32.365395+00:00
SAEZ,-34.822,-58.536,2026-08-13,6.0,10.3,24,open_meteo_era5_reanalysis,2026-09-11T14:26:32.365398+00:00
SAEZ,-34.822,-58.536,2026-08-14,8.7,13.6,24,open_meteo_era5_reanalysis,2026-09-11T14:26:32.365401+00:00
SAEZ,-34.822,-58.536,2026-08-15,11.9,16.4,24,open_meteo_era5_reanalysis,2026-09-11T14:26:32.365403+00:00
SAEZ,-34.822,-58.536,2026-08-16,12.6,17.5,24,open_meteo_era5_reanalysis,2026-09-11T14:26:32.365406+00:00
SAEZ,-34.822,-58.536,2026-08-17,10.4,14.2,24,open_meteo_era5_reanalysis,2026-09-11T14:26:32.365409+00:00
SAEZ,-34.822,-58.536,2026-08-18,7.8,12.5,24,open_meteo_era5_reanalysis,2026-09-11T14:26:32.365411+00:00
SAEZ,-34.822,-58.536,2026-08-19,3.3,16.2,24,open_meteo_era5_reanalysis,2026-09-11T14:26:32.365414+00:00
SAEZ,-34.822,-58.536,2026-08-20,5.2,18.2,24,open_meteo_era5_reanalysis,2026-09-11T14:26:32.365416+00:00
SAEZ,-34.822,-58.536,2026-08-21,4.2,11.1,24,open_meteo_era5_reanalysis,2026-09-11T14:26:32.365419+00:00
SAEZ,-34.822,-58.536,2026-08-22,1.4,13.3,24,open_meteo_era5_reanalysis,2026-09-11T14:26:32.365422+00:00
SAEZ,-34.822,-58.536,2026-08-23,2.7,12.6,24,open_meteo_era5_reanalysis,2026-09-11T14:26:32.365424+00:00
SAEZ,-34.822,-58.536,2026-08-24,3.3,12.7,24,open_meteo_era5_reanalysis,2026-09-11T14:26:32.365427+00:00
SAEZ,-34.822,-58.536,2026-08-25,6.5,14.4,24,open_meteo_era5_reanalysis,2026-09-11T14:26:32.365429+00:00
SAEZ,-34.822,-58.536,2026-08-26,8.8,16.7,24,open_meteo_era5_reanalysis,2026-09-11T14:26:32.365432+00:00
SAEZ,-34.822,-58.536,2026-08-27,10.7,16.6,24,open_meteo_era5_reanalysis,2026-09-11T14:26:32.365435+00:00
SAEZ,-34.822,-58.536,2026-08-28,7.6,19.8,24,open_meteo_era5_reanalysis,2026-09-11T14:26:32.365437+00:00
SAEZ,-34.822,-58.536,2026-08-29,7.6,20.5,24,open_meteo_era5_reanalysis,2026-09-11T14:26:32.365440+00:00
SAEZ,-34.822,-58.536,2026-08-30,7.8,20.7,24,open_meteo_era5_reanalysis,2026-09-11T14:26:32.365442+00:00
SAEZ,-34.822,-58.536,2026-08-31,10.9,18.5,24,open_meteo_era5_reanalysis,2026-09-11T14:26:32.365445+00:00
SAEZ,-34.822,-58.536,2026-09-01,9.6,19.6,24,open_meteo_era5_reanalysis,2026-09-11T14:26:32.365447+00:00
SAEZ,-34.822,-58.536,2026-09-02,10.2,23.0,24,open_meteo_era5_reanalysis,2026-09-11T14:26:32.365450+00:00
SAEZ,-34.822,-58.536,2026-09-03,10.8,18.3,24,open_meteo_era5_reanalysis,2026-09-11T14:26:32.365452+00:00
SAEZ,-34.822,-58.536,2026-09-04,5.3,16.9,24,open_meteo_era5_reanalysis,2026-09-11T14:26:32.365455+00:00
SAEZ,-34.822,-58.536,2026-09-05,5.0,12.0,24,open_meteo_era5_reanalysis,2026-09-11T14:26:32.365457+00:00
SAEZ,-34.822,-58.536,2026-09-06,1.0,10.6,24,open_meteo_era5_reanalysis,2026-09-11T14:26:32.365460+00:00
SAEZ,-34.822,-58.536,2026-09-07,2.7,12.6,24,open_meteo_era5_reanalysis,2026-09-11T14:26:32.365463+00:00
SAEZ,-34.822,-58.536,2026-09-08,6.8,18.4,24,open_meteo_era5_reanalysis,2026-09-11T14:26:32.365465+00:00
SAEZ,-34.822,-58.536,2026-09-09,8.2,19.8,24,open_meteo_era5_reanalysis,2026-09-11T14:26:32.365468+00:00
SBGR,-23.432,-46.469,2026-06-12,12.9,20.3,24,open_meteo_era5_reanalysis,2026-09-11T14:25:35.954465+00:00
SBGR,-23.432,-46.469,2026-06-13,15.7,21.8,24,open_meteo_era5_reanalysis,2026-09-11T14:25:35.954468+00:00
SBGR,-23.432,-46.469,2026-06-14,16.4,22.1,24,open_meteo_era5_reanalysis,2026-09-11T14:25:35.954471+00:00
SBGR,-23.432,-46.469,2026-06-15,14.4,16.9,24,open_meteo_era5_reanalysis,2026-09-11T14:25:35.954474+00:00
SBGR,-23.432,-46.469,2026-06-16,13.6,18.3,24,open_meteo_era5_reanalysis,2026-09-11T14:25:35.954476+00:00
SBGR,-23.432,-46.469,2026-06-17,9.6,19.2,24,open_meteo_era5_reanalysis,2026-09-11T14:25:35.954479+00:00
SBGR,-23.432,-46.469,2026-06-18,8.4,18.2,24,open_meteo_era5_reanalysis,2026-09-11T14:25:35.954481+00:00
SBGR,-23.432,-46.469,2026-06-19,9.6,23.7,24,open_meteo_era5_reanalysis,2026-09-11T14:25:35.954484+00:00
SBGR,-23.432,-46.469,2026-06-20,12.0,23.5,24,open_meteo_era5_reanalysis,2026-09-11T14:25:35.954486+00:00
SBGR,-23.432,-46.469,2026-06-21,11.1,21.0,24,open_meteo_era5_reanalysis,2026-09-11T14:25:35.954489+00:00
SBGR,-23.432,-46.469,2026-06-22,10.3,25.3,24,open_meteo_era5_reanalysis,2026-09-11T14:25:35.954491+00:00
SBGR,-23.432,-46.469,2026-06-23,13.6,21.1,24,open_meteo_era5_reanalysis,2026-09-11T14:25:35.954494+00:00
SBGR,-23.432,-46.469,2026-06-24,11.8,15.2,24,open_meteo_era5_reanalysis,2026-09-11T14:25:35.954497+00:00
SBGR,-23.432,-46.469,2026-06-25,11.0,13.5,24,open_meteo_era5_reanalysis,2026-09-11T14:25:35.954500+00:00
SBGR,-23.432,-46.469,2026-06-26,11.8,19.4,24,open_meteo_era5_reanalysis,2026-09-11T14:25:35.954502+00:00
SBGR,-23.432,-46.469,2026-06-27,14.2,23.4,24,open_meteo_era5_reanalysis,2026-09-11T14:25:35.954505+00:00
SBGR,-23.432,-46.469,2026-06-28,14.5,25.4,24,open_meteo_era5_reanalysis,2026-09-11T14:25:35.954507+00:00
SBGR,-23.432,-46.469,2026-06-29,15.2,25.8,24,open_meteo_era5_reanalysis,2026-09-11T14:25:35.954511+00:00
SBGR,-23.432,-46.469,2026-06-30,15.2,25.8,24,open_meteo_era5_reanalysis,2026-09-11T14:25:35.954513+00:00
SBGR,-23.432,-46.469,2026-07-01,16.0,25.9,24,open_meteo_era5_reanalysis,2026-09-11T14:25:35.954516+00:00
SBGR,-23.432,-46.469,2026-07-02,12.7,25.3,24,open_meteo_era5_reanalysis,2026-09-11T14:25:35.954518+00:00
SBGR,-23.432,-46.469,2026-07-03,12.2,25.1,24,open_meteo_era5_reanalysis,2026-09-11T14:25:35.954521+00:00
SBGR,-23.432,-46.469,2026-07-04,12.5,18.3,24,open_meteo_era5_reanalysis,2026-09-11T14:25:35.954523+00:00
SBGR,-23.432,-46.469,2026-07-05,12.4,21.1,24,open_meteo_era5_reanalysis,2026-09-11T14:25:35.954526+00:00
SBGR,-23.432,-46.469,2026-07-06,12.8,23.7,24,open_meteo_era5_reanalysis,2026-09-11T14:25:35.954529+00:00
SBGR,-23.432,-46.469,2026-07-07,11.8,19.9,24,open_meteo_era5_reanalysis,2026-09-11T14:25:35.954531+00:00
SBGR,-23.432,-46.469,2026-07-08,11.9,21.5,24,open_meteo_era5_reanalysis,2026-09-11T14:25:35.954534+00:00
SBGR,-23.432,-46.469,2026-07-09,11.3,21.4,24,open_meteo_era5_reanalysis,2026-09-11T14:25:35.954536+00:00
SBGR,-23.432,-46.469,2026-07-10,9.4,24.9,24,open_meteo_era5_reanalysis,2026-09-11T14:25:35.954539+00:00
SBGR,-23.432,-46.469,2026-07-11,11.5,26.4,24,open_meteo_era5_reanalysis,2026-09-11T14:25:35.954541+00:00
SBGR,-23.432,-46.469,2026-07-12,13.0,22.2,24,open_meteo_era5_reanalysis,2026-09-11T14:26:04.146924+00:00
SBGR,-23.432,-46.469,2026-07-13,8.9,16.9,24,open_meteo_era5_reanalysis,2026-09-11T14:26:04.146927+00:00
SBGR,-23.432,-46.469,2026-07-14,8.1,18.0,24,open_meteo_era5_reanalysis,2026-09-11T14:26:04.146929+00:00
SBGR,-23.432,-46.469,2026-07-15,9.3,21.0,24,open_meteo_era5_reanalysis,2026-09-11T14:26:04.146932+00:00
SBGR,-23.432,-46.469,2026-07-16,8.2,24.7,24,open_meteo_era5_reanalysis,2026-09-11T14:26:04.146935+00:00
SBGR,-23.432,-46.469,2026-07-17,11.0,23.6,24,open_meteo_era5_reanalysis,2026-09-11T14:26:04.146937+00:00
SBGR,-23.432,-46.469,2026-07-18,12.3,23.7,24,open_meteo_era5_reanalysis,2026-09-11T14:26:04.146940+00:00
SBGR,-23.432,-46.469,2026-07-19,13.1,24.8,24,open_meteo_era5_reanalysis,2026-09-11T14:26:04.146943+00:00
SBGR,-23.432,-46.469,2026-07-20,14.5,25.8,24,open_meteo_era5_reanalysis,2026-09-11T14:26:04.146945+00:00
SBGR,-23.432,-46.469,2026-07-21,14.4,26.7,24,open_meteo_era5_reanalysis,2026-09-11T14:26:04.146948+00:00
SBGR,-23.432,-46.469,2026-07-22,15.8,26.9,24,open_meteo_era5_reanalysis,2026-09-11T14:26:04.146950+00:00
SBGR,-23.432,-46.469,2026-07-23,14.6,24.2,24,open_meteo_era5_reanalysis,2026-09-11T14:26:04.146953+00:00
SBGR,-23.432,-46.469,2026-07-24,13.3,16.8,24,open_meteo_era5_reanalysis,2026-09-11T14:26:04.146955+00:00
SBGR,-23.432,-46.469,2026-07-25,13.2,20.0,24,open_meteo_era5_reanalysis,2026-09-11T14:26:04.146958+00:00
SBGR,-23.432,-46.469,2026-07-26,12.5,23.6,24,open_meteo_era5_reanalysis,2026-09-11T14:26:04.146960+00:00
SBGR,-23.432,-46.469,2026-07-27,9.9,26.5,24,open_meteo_era5_reanalysis,2026-09-11T14:26:04.146963+00:00
SBGR,-23.432,-46.469,2026-07-28,12.8,26.6,24,open_meteo_era5_reanalysis,2026-09-11T14:26:04.146966+00:00
SBGR,-23.432,-46.469,2026-07-29,14.9,28.8,24,open_meteo_era5_reanalysis,2026-09-11T14:26:04.146969+00:00
SBGR,-23.432,-46.469,2026-07-30,13.3,21.1,24,open_meteo_era5_reanalysis,2026-09-11T14:26:04.146971+00:00
SBGR,-23.432,-46.469,2026-07-31,12.9,22.8,24,open_meteo_era5_reanalysis,2026-09-11T14:26:04.146974+00:00
SBGR,-23.432,-46.469,2026-08-01,11.7,26.2,24,open_meteo_era5_reanalysis,2026-09-11T14:26:04.146977+00:00
SBGR,-23.432,-46.469,2026-08-02,13.6,26.8,24,open_meteo_era5_reanalysis,2026-09-11T14:26:04.146979+00:00
SBGR,-23.432,-46.469,2026-08-03,13.6,24.5,24,open_meteo_era5_reanalysis,2026-09-11T14:26:04.146982+00:00
SBGR,-23.432,-46.469,2026-08-04,13.3,26.3,24,open_meteo_era5_reanalysis,2026-09-11T14:26:04.146985+00:00
SBGR,-23.432,-46.469,2026-08-05,13.5,26.9,24,open_meteo_era5_reanalysis,2026-09-11T14:26:04.146987+00:00
SBGR,-23.432,-46.469,2026-08-06,15.4,27.1,24,open_meteo_era5_reanalysis,2026-09-11T14:26:04.146990+00:00
SBGR,-23.432,-46.469,2026-08-07,17.1,24.9,24,open_meteo_era5_reanalysis,2026-09-11T14:26:04.146992+00:00
SBGR,-23.432,-46.469,2026-08-08,16.1,26.8,24,open_meteo_era5_reanalysis,2026-09-11T14:26:04.146995+00:00
SBGR,-23.432,-46.469,2026-08-09,15.3,25.5,24,open_meteo_era5_reanalysis,2026-09-11T14:26:04.146998+00:00
SBGR,-23.432,-46.469,2026-08-10,13.5,18.6,24,open_meteo_era5_reanalysis,2026-09-11T14:26:04.147000+00:00
SBGR,-23.432,-46.469,2026-08-11,12.8,17.1,24,open_meteo_era5_reanalysis,2026-09-11T14:26:32.365691+00:00
SBGR,-23.432,-46.469,2026-08-12,13.8,25.3,24,open_meteo_era5_reanalysis,2026-09-11T14:26:32.365695+00:00
SBGR,-23.432,-46.469,2026-08-13,15.8,28.7,24,open_meteo_era5_reanalysis,2026-09-11T14:26:32.365698+00:00
SBGR,-23.432,-46.469,2026-08-14,16.6,25.1,24,open_meteo_era5_reanalysis,2026-09-11T14:26:32.365701+00:00
SBGR,-23.432,-46.469,2026-08-15,16.2,21.9,24,open_meteo_era5_reanalysis,2026-09-11T14:26:32.365704+00:00
SBGR,-23.432,-46.469,2026-08-16,14.8,25.1,24,open_meteo_era5_reanalysis,2026-09-11T14:26:32.365707+00:00
SBGR,-23.432,-46.469,2026-08-17,14.9,27.7,24,open_meteo_era5_reanalysis,2026-09-11T14:26:32.365709+00:00
SBGR,-23.432,-46.469,2026-08-18,14.4,29.7,24,open_meteo_era5_reanalysis,2026-09-11T14:26:32.365712+00:00
SBGR,-23.432,-46.469,2026-08-19,14.4,29.9,24,open_meteo_era5_reanalysis,2026-09-11T14:26:32.365714+00:00
SBGR,-23.432,-46.469,2026-08-20,15.3,30.9,24,open_meteo_era5_reanalysis,2026-09-11T14:26:32.365717+00:00
SBGR,-23.432,-46.469,2026-08-21,14.0,25.9,24,open_meteo_era5_reanalysis,2026-09-11T14:26:32.365720+00:00
SBGR,-23.432,-46.469,2026-08-22,12.5,22.7,24,open_meteo_era5_reanalysis,2026-09-11T14:26:32.365722+00:00
SBGR,-23.432,-46.469,2026-08-23,13.0,24.8,24,open_meteo_era5_reanalysis,2026-09-11T14:26:32.365725+00:00
SBGR,-23.432,-46.469,2026-08-24,13.1,20.0,24,open_meteo_era5_reanalysis,2026-09-11T14:26:32.365727+00:00
SBGR,-23.432,-46.469,2026-08-25,13.5,20.3,24,open_meteo_era5_reanalysis,2026-09-11T14:26:32.365730+00:00
SBGR,-23.432,-46.469,2026-08-26,14.8,24.3,24,open_meteo_era5_reanalysis,2026-09-11T14:26:32.365732+00:00
SBGR,-23.432,-46.469,2026-08-27,15.4,26.4,24,open_meteo_era5_reanalysis,2026-09-11T14:26:32.365735+00:00
SBGR,-23.432,-46.469,2026-08-28,15.0,29.7,24,open_meteo_era5_reanalysis,2026-09-11T14:26:32.365738+00:00
SBGR,-23.432,-46.469,2026-08-29,21.4,31.2,24,open_meteo_era5_reanalysis,2026-09-11T14:26:32.365741+00:00
SBGR,-23.432,-46.469,2026-08-30,18.0,28.3,24,open_meteo_era5_reanalysis,2026-09-11T14:26:32.365743+00:00
SBGR,-23.432,-46.469,2026-08-31,17.2,25.3,24,open_meteo_era5_reanalysis,2026-09-11T14:26:32.365746+00:00
SBGR,-23.432,-46.469,2026-09-01,14.6,20.9,24,open_meteo_era5_reanalysis,2026-09-11T14:26:32.365748+00:00
SBGR,-23.432,-46.469,2026-09-02,12.1,21.6,24,open_meteo_era5_reanalysis,2026-09-11T14:26:32.365751+00:00
SBGR,-23.432,-46.469,2026-09-03,11.9,26.3,24,open_meteo_era5_reanalysis,2026-09-11T14:26:32.365754+00:00
SBGR,-23.432,-46.469,2026-09-04,15.6,28.6,24,open_meteo_era5_reanalysis,2026-09-11T14:26:32.365756+00:00
SBGR,-23.432,-46.469,2026-09-05,15.3,22.7,24,open_meteo_era5_reanalysis,2026-09-11T14:26:32.365759+00:00
SBGR,-23.432,-46.469,2026-09-06,10.8,15.0,24,open_meteo_era5_reanalysis,2026-09-11T14:26:32.365761+00:00
SBGR,-23.432,-46.469,2026-09-07,10.2,14.2,24,open_meteo_era5_reanalysis,2026-09-11T14:26:32.365764+00:00
SBGR,-23.432,-46.469,2026-09-08,11.5,20.5,24,open_meteo_era5_reanalysis,2026-09-11T14:26:32.365766+00:00
SBGR,-23.432,-46.469,2026-09-09,15.1,23.6,24,open_meteo_era5_reanalysis,2026-09-11T14:26:32.365769+00:00
VILK,26.761,80.889,2026-06-12,25.0,34.2,24,open_meteo_era5_reanalysis,2026-09-11T14:25:35.954762+00:00
VILK,26.761,80.889,2026-06-13,23.8,32.7,24,open_meteo_era5_reanalysis,2026-09-11T14:25:35.954766+00:00
VILK,26.761,80.889,2026-06-14,27.0,36.5,24,open_meteo_era5_reanalysis,2026-09-11T14:25:35.954769+00:00
VILK,26.761,80.889,2026-06-15,28.5,37.7,24,open_meteo_era5_reanalysis,2026-09-11T14:25:35.954771+00:00
VILK,26.761,80.889,2026-06-16,27.2,37.6,24,open_meteo_era5_reanalysis,2026-09-11T14:25:35.954774+00:00
VILK,26.761,80.889,2026-06-17,28.3,37.0,24,open_meteo_era5_reanalysis,2026-09-11T14:25:35.954777+00:00
VILK,26.761,80.889,2026-06-18,29.1,38.3,24,open_meteo_era5_reanalysis,2026-09-11T14:25:35.954779+00:00
VILK,26.761,80.889,2026-06-19,29.3,38.5,24,open_meteo_era5_reanalysis,2026-09-11T14:25:35.954782+00:00
VILK,26.761,80.889,2026-06-20,30.2,39.3,24,open_meteo_era5_reanalysis,2026-09-11T14:25:35.954784+00:00
VILK,26.761,80.889,2026-06-21,31.0,38.7,24,open_meteo_era5_reanalysis,2026-09-11T14:25:35.954787+00:00
VILK,26.761,80.889,2026-06-22,30.4,39.1,24,open_meteo_era5_reanalysis,2026-09-11T14:25:35.954789+00:00
VILK,26.761,80.889,2026-06-23,30.0,39.0,24,open_meteo_era5_reanalysis,2026-09-11T14:25:35.954792+00:00
VILK,26.761,80.889,2026-06-24,29.0,38.0,24,open_meteo_era5_reanalysis,2026-09-11T14:25:35.954794+00:00
VILK,26.761,80.889,2026-06-25,29.9,38.8,24,open_meteo_era5_reanalysis,2026-09-11T14:25:35.954797+00:00
VILK,26.761,80.889,2026-06-26,29.6,39.5,24,open_meteo_era5_reanalysis,2026-09-11T14:25:35.954800+00:00
VILK,26.761,80.889,2026-06-27,28.9,39.1,24,open_meteo_era5_reanalysis,2026-09-11T14:25:35.954802+00:00
VILK,26.761,80.889,2026-06-28,28.2,39.4,24,open_meteo_era5_reanalysis,2026-09-11T14:25:35.954805+00:00
VILK,26.761,80.889,2026-06-29,28.7,36.6,24,open_meteo_era5_reanalysis,2026-09-11T14:25:35.954807+00:00
VILK,26.761,80.889,2026-06-30,29.3,32.7,24,open_meteo_era5_reanalysis,2026-09-11T14:25:35.954810+00:00
VILK,26.761,80.889,2026-07-01,26.6,32.6,24,open_meteo_era5_reanalysis,2026-09-11T14:25:35.954813+00:00
VILK,26.761,80.889,2026-07-02,26.7,33.0,24,open_meteo_era5_reanalysis,2026-09-11T14:25:35.954815+00:00
VILK,26.761,80.889,2026-07-03,26.8,35.2,24,open_meteo_era5_reanalysis,2026-09-11T14:25:35.954818+00:00
VILK,26.761,80.889,2026-07-04,27.8,35.8,24,open_meteo_era5_reanalysis,2026-09-11T14:25:35.954820+00:00
VILK,26.761,80.889,2026-07-05,27.6,36.1,24,open_meteo_era5_reanalysis,2026-09-11T14:25:35.954823+00:00
VILK,26.761,80.889,2026-07-06,29.1,34.4,24,open_meteo_era5_reanalysis,2026-09-11T14:25:35.954826+00:00
VILK,26.761,80.889,2026-07-07,26.6,33.5,24,open_meteo_era5_reanalysis,2026-09-11T14:25:35.954828+00:00
VILK,26.761,80.889,2026-07-08,26.4,31.4,24,open_meteo_era5_reanalysis,2026-09-11T14:25:35.954831+00:00
VILK,26.761,80.889,2026-07-09,26.2,31.1,24,open_meteo_era5_reanalysis,2026-09-11T14:25:35.954834+00:00
VILK,26.761,80.889,2026-07-10,26.3,31.6,24,open_meteo_era5_reanalysis,2026-09-11T14:25:35.954836+00:00
VILK,26.761,80.889,2026-07-11,25.6,34.1,24,open_meteo_era5_reanalysis,2026-09-11T14:25:35.954839+00:00
VILK,26.761,80.889,2026-07-12,27.6,35.1,24,open_meteo_era5_reanalysis,2026-09-11T14:26:04.147219+00:00
VILK,26.761,80.889,2026-07-13,29.3,35.7,24,open_meteo_era5_reanalysis,2026-09-11T14:26:04.147222+00:00
VILK,26.761,80.889,2026-07-14,29.4,35.9,24,open_meteo_era5_reanalysis,2026-09-11T14:26:04.147224+00:00
VILK,26.761,80.889,2026-07-15,28.2,34.2,24,open_meteo_era5_reanalysis,2026-09-11T14:26:04.147227+00:00
VILK,26.761,80.889,2026-07-16,26.5,33.3,24,open_meteo_era5_reanalysis,2026-09-11T14:26:04.147230+00:00
VILK,26.761,80.889,2026-07-17,27.3,34.2,24,open_meteo_era5_reanalysis,2026-09-11T14:26:04.147232+00:00
VILK,26.761,80.889,2026-07-18,28.0,33.0,24,open_meteo_era5_reanalysis,2026-09-11T14:26:04.147235+00:00
VILK,26.761,80.889,2026-07-19,26.3,30.2,24,open_meteo_era5_reanalysis,2026-09-11T14:26:04.147237+00:00
VILK,26.761,80.889,2026-07-20,26.1,29.5,24,open_meteo_era5_reanalysis,2026-09-11T14:26:04.147240+00:00
VILK,26.761,80.889,2026-07-21,25.3,31.0,24,open_meteo_era5_reanalysis,2026-09-11T14:26:04.147242+00:00
VILK,26.761,80.889,2026-07-22,26.0,32.2,24,open_meteo_era5_reanalysis,2026-09-11T14:26:04.147245+00:00
VILK,26.761,80.889,2026-07-23,25.7,31.8,24,open_meteo_era5_reanalysis,2026-09-11T14:26:04.147247+00:00
VILK,26.761,80.889,2026-07-24,25.4,31.9,24,open_meteo_era5_reanalysis,2026-09-11T14:26:04.147250+00:00
VILK,26.761,80.889,2026-07-25,26.2,31.8,24,open_meteo_era5_reanalysis,2026-09-11T14:26:04.147253+00:00
VILK,26.761,80.889,2026-07-26,27.8,34.4,24,open_meteo_era5_reanalysis,2026-09-11T14:26:04.147255+00:00
VILK,26.761,80.889,2026-07-27,27.4,32.4,24,open_meteo_era5_reanalysis,2026-09-11T14:26:04.147258+00:00
VILK,26.761,80.889,2026-07-28,27.4,33.4,24,open_meteo_era5_reanalysis,2026-09-11T14:26:04.147260+00:00
VILK,26.761,80.889,2026-07-29,27.9,33.8,24,open_meteo_era5_reanalysis,2026-09-11T14:26:04.147263+00:00
VILK,26.761,80.889,2026-07-30,28.3,32.8,24,open_meteo_era5_reanalysis,2026-09-11T14:26:04.147265+00:00
VILK,26.761,80.889,2026-07-31,27.9,32.5,24,open_meteo_era5_reanalysis,2026-09-11T14:26:04.147268+00:00
VILK,26.761,80.889,2026-08-01,27.4,32.3,24,open_meteo_era5_reanalysis,2026-09-11T14:26:04.147271+00:00
VILK,26.761,80.889,2026-08-02,26.4,32.5,24,open_meteo_era5_reanalysis,2026-09-11T14:26:04.147273+00:00
VILK,26.761,80.889,2026-08-03,26.7,32.7,24,open_meteo_era5_reanalysis,2026-09-11T14:26:04.147276+00:00
VILK,26.761,80.889,2026-08-04,25.8,30.4,24,open_meteo_era5_reanalysis,2026-09-11T14:26:04.147279+00:00
VILK,26.761,80.889,2026-08-05,26.4,30.7,24,open_meteo_era5_reanalysis,2026-09-11T14:26:04.147281+00:00
VILK,26.761,80.889,2026-08-06,25.7,28.0,24,open_meteo_era5_reanalysis,2026-09-11T14:26:04.147284+00:00
VILK,26.761,80.889,2026-08-07,25.6,32.4,24,open_meteo_era5_reanalysis,2026-09-11T14:26:04.147286+00:00
VILK,26.761,80.889,2026-08-08,26.3,32.9,24,open_meteo_era5_reanalysis,2026-09-11T14:26:04.147289+00:00
VILK,26.761,80.889,2026-08-09,27.9,32.8,24,open_meteo_era5_reanalysis,2026-09-11T14:26:04.147291+00:00
VILK,26.761,80.889,2026-08-10,27.6,32.3,24,open_meteo_era5_reanalysis,2026-09-11T14:26:04.147294+00:00
VILK,26.761,80.889,2026-08-11,26.9,33.1,24,open_meteo_era5_reanalysis,2026-09-11T14:26:32.365980+00:00
VILK,26.761,80.889,2026-08-12,27.3,34.3,24,open_meteo_era5_reanalysis,2026-09-11T14:26:32.365983+00:00
VILK,26.761,80.889,2026-08-13,28.5,33.2,24,open_meteo_era5_reanalysis,2026-09-11T14:26:32.365986+00:00
VILK,26.761,80.889,2026-08-14,26.7,32.5,24,open_meteo_era5_reanalysis,2026-09-11T14:26:32.365988+00:00
VILK,26.761,80.889,2026-08-15,27.0,33.3,24,open_meteo_era5_reanalysis,2026-09-11T14:26:32.365991+00:00
VILK,26.761,80.889,2026-08-16,27.2,30.0,24,open_meteo_era5_reanalysis,2026-09-11T14:26:32.365994+00:00
VILK,26.761,80.889,2026-08-17,25.1,29.0,24,open_meteo_era5_reanalysis,2026-09-11T14:26:32.365996+00:00
VILK,26.761,80.889,2026-08-18,25.8,30.9,24,open_meteo_era5_reanalysis,2026-09-11T14:26:32.365999+00:00
VILK,26.761,80.889,2026-08-19,25.4,32.4,24,open_meteo_era5_reanalysis,2026-09-11T14:26:32.366001+00:00
VILK,26.761,80.889,2026-08-20,25.9,32.4,24,open_meteo_era5_reanalysis,2026-09-11T14:26:32.366004+00:00
VILK,26.761,80.889,2026-08-21,26.4,32.8,24,open_meteo_era5_reanalysis,2026-09-11T14:26:32.366007+00:00
VILK,26.761,80.889,2026-08-22,26.4,32.4,24,open_meteo_era5_reanalysis,2026-09-11T14:26:32.366009+00:00
VILK,26.761,80.889,2026-08-23,27.2,32.5,24,open_meteo_era5_reanalysis,2026-09-11T14:26:32.366012+00:00
VILK,26.761,80.889,2026-08-24,26.8,31.5,24,open_meteo_era5_reanalysis,2026-09-11T14:26:32.366014+00:00
VILK,26.761,80.889,2026-08-25,26.4,30.0,24,open_meteo_era5_reanalysis,2026-09-11T14:26:32.366017+00:00
VILK,26.761,80.889,2026-08-26,25.6,31.1,24,open_meteo_era5_reanalysis,2026-09-11T14:26:32.366019+00:00
VILK,26.761,80.889,2026-08-27,26.2,31.2,24,open_meteo_era5_reanalysis,2026-09-11T14:26:32.366022+00:00
VILK,26.761,80.889,2026-08-28,26.2,31.6,24,open_meteo_era5_reanalysis,2026-09-11T14:26:32.366025+00:00
VILK,26.761,80.889,2026-08-29,26.3,32.4,24,open_meteo_era5_reanalysis,2026-09-11T14:26:32.366027+00:00
VILK,26.761,80.889,2026-08-30,27.0,32.0,24,open_meteo_era5_reanalysis,2026-09-11T14:26:32.366030+00:00
VILK,26.761,80.889,2026-08-31,26.4,31.4,24,open_meteo_era5_reanalysis,2026-09-11T14:26:32.366033+00:00
VILK,26.761,80.889,2026-09-01,25.3,30.4,24,open_meteo_era5_reanalysis,2026-09-11T14:26:32.366035+00:00
VILK,26.761,80.889,2026-09-02,25.5,29.0,24,open_meteo_era5_reanalysis,2026-09-11T14:26:32.366038+00:00
VILK,26.761,80.889,2026-09-03,25.4,29.7,24,open_meteo_era5_reanalysis,2026-09-11T14:26:32.366041+00:00
VILK,26.761,80.889,2026-09-04,25.3,31.1,24,open_meteo_era5_reanalysis,2026-09-11T14:26:32.366043+00:00
VILK,26.761,80.889,2026-09-05,25.6,31.1,24,open_meteo_era5_reanalysis,2026-09-11T14:26:32.366046+00:00
VILK,26.761,80.889,2026-09-06,25.7,30.3,24,open_meteo_era5_reanalysis,2026-09-11T14:26:32.366048+00:00
VILK,26.761,80.889,2026-09-07,24.6,30.8,24,open_meteo_era5_reanalysis,2026-09-11T14:26:32.366051+00:00
VILK,26.761,80.889,2026-09-08,25.0,31.5,24,open_meteo_era5_reanalysis,2026-09-11T14:26:32.366053+00:00
VILK,26.761,80.889,2026-09-09,24.9,32.8,24,open_meteo_era5_reanalysis,2026-09-11T14:26:32.366056+00:00
WMKK,2.747,101.714,2026-06-12,22.8,32.6,24,open_meteo_era5_reanalysis,2026-09-11T14:25:35.955047+00:00
WMKK,2.747,101.714,2026-06-13,24.1,33.1,24,open_meteo_era5_reanalysis,2026-09-11T14:25:35.955050+00:00
WMKK,2.747,101.714,2026-06-14,25.4,31.4,24,open_meteo_era5_reanalysis,2026-09-11T14:25:35.955053+00:00
WMKK,2.747,101.714,2026-06-15,23.5,31.8,24,open_meteo_era5_reanalysis,2026-09-11T14:25:35.955055+00:00
WMKK,2.747,101.714,2026-06-16,24.3,32.4,24,open_meteo_era5_reanalysis,2026-09-11T14:25:35.955058+00:00
WMKK,2.747,101.714,2026-06-17,23.5,30.5,24,open_meteo_era5_reanalysis,2026-09-11T14:25:35.955060+00:00
WMKK,2.747,101.714,2026-06-18,23.8,32.0,24,open_meteo_era5_reanalysis,2026-09-11T14:25:35.955063+00:00
WMKK,2.747,101.714,2026-06-19,24.4,30.4,24,open_meteo_era5_reanalysis,2026-09-11T14:25:35.955066+00:00
WMKK,2.747,101.714,2026-06-20,23.6,32.4,24,open_meteo_era5_reanalysis,2026-09-11T14:25:35.955068+00:00
WMKK,2.747,101.714,2026-06-21,23.1,30.6,24,open_meteo_era5_reanalysis,2026-09-11T14:25:35.955071+00:00
WMKK,2.747,101.714,2026-06-22,23.2,31.9,24,open_meteo_era5_reanalysis,2026-09-11T14:25:35.955073+00:00
WMKK,2.747,101.714,2026-06-23,24.3,31.9,24,open_meteo_era5_reanalysis,2026-09-11T14:25:35.955076+00:00
WMKK,2.747,101.714,2026-06-24,24.0,29.4,24,open_meteo_era5_reanalysis,2026-09-11T14:25:35.955079+00:00
WMKK,2.747,101.714,2026-06-25,22.7,29.5,24,open_meteo_era5_reanalysis,2026-09-11T14:25:35.955081+00:00
WMKK,2.747,101.714,2026-06-26,24.1,32.1,24,open_meteo_era5_reanalysis,2026-09-11T14:25:35.955084+00:00
WMKK,2.747,101.714,2026-06-27,25.0,32.7,24,open_meteo_era5_reanalysis,2026-09-11T14:25:35.955086+00:00
WMKK,2.747,101.714,2026-06-28,24.3,31.6,24,open_meteo_era5_reanalysis,2026-09-11T14:25:35.955089+00:00
WMKK,2.747,101.714,2026-06-29,23.4,30.0,24,open_meteo_era5_reanalysis,2026-09-11T14:25:35.955091+00:00
WMKK,2.747,101.714,2026-06-30,23.6,30.9,24,open_meteo_era5_reanalysis,2026-09-11T14:25:35.955094+00:00
WMKK,2.747,101.714,2026-07-01,23.6,30.5,24,open_meteo_era5_reanalysis,2026-09-11T14:25:35.955096+00:00
WMKK,2.747,101.714,2026-07-02,24.6,31.6,24,open_meteo_era5_reanalysis,2026-09-11T14:25:35.955099+00:00
WMKK,2.747,101.714,2026-07-03,24.5,31.8,24,open_meteo_era5_reanalysis,2026-09-11T14:25:35.955101+00:00
WMKK,2.747,101.714,2026-07-04,25.4,32.3,24,open_meteo_era5_reanalysis,2026-09-11T14:25:35.955104+00:00
WMKK,2.747,101.714,2026-07-05,24.3,30.2,24,open_meteo_era5_reanalysis,2026-09-11T14:25:35.955107+00:00
WMKK,2.747,101.714,2026-07-06,24.0,32.2,24,open_meteo_era5_reanalysis,2026-09-11T14:25:35.955109+00:00
WMKK,2.747,101.714,2026-07-07,23.5,30.6,24,open_meteo_era5_reanalysis,2026-09-11T14:25:35.955112+00:00
WMKK,2.747,101.714,2026-07-08,24.4,31.6,24,open_meteo_era5_reanalysis,2026-09-11T14:25:35.955114+00:00
WMKK,2.747,101.714,2026-07-09,24.6,32.3,24,open_meteo_era5_reanalysis,2026-09-11T14:25:35.955117+00:00
WMKK,2.747,101.714,2026-07-10,24.5,32.1,24,open_meteo_era5_reanalysis,2026-09-11T14:25:35.955119+00:00
WMKK,2.747,101.714,2026-07-11,23.6,29.0,24,open_meteo_era5_reanalysis,2026-09-11T14:25:35.955122+00:00
WMKK,2.747,101.714,2026-07-12,24.1,31.7,24,open_meteo_era5_reanalysis,2026-09-11T14:26:04.147512+00:00
WMKK,2.747,101.714,2026-07-13,25.6,32.0,24,open_meteo_era5_reanalysis,2026-09-11T14:26:04.147515+00:00
WMKK,2.747,101.714,2026-07-14,25.9,32.5,24,open_meteo_era5_reanalysis,2026-09-11T14:26:04.147517+00:00
WMKK,2.747,101.714,2026-07-15,25.9,32.7,24,open_meteo_era5_reanalysis,2026-09-11T14:26:04.147520+00:00
WMKK,2.747,101.714,2026-07-16,25.7,32.6,24,open_meteo_era5_reanalysis,2026-09-11T14:26:04.147522+00:00
WMKK,2.747,101.714,2026-07-17,24.3,32.1,24,open_meteo_era5_reanalysis,2026-09-11T14:26:04.147525+00:00
WMKK,2.747,101.714,2026-07-18,23.6,31.8,24,open_meteo_era5_reanalysis,2026-09-11T14:26:04.147528+00:00
WMKK,2.747,101.714,2026-07-19,23.8,30.5,24,open_meteo_era5_reanalysis,2026-09-11T14:26:04.147530+00:00
WMKK,2.747,101.714,2026-07-20,24.2,28.2,24,open_meteo_era5_reanalysis,2026-09-11T14:26:04.147533+00:00
WMKK,2.747,101.714,2026-07-21,23.8,32.7,24,open_meteo_era5_reanalysis,2026-09-11T14:26:04.147535+00:00
WMKK,2.747,101.714,2026-07-22,23.3,29.9,24,open_meteo_era5_reanalysis,2026-09-11T14:26:04.147538+00:00
WMKK,2.747,101.714,2026-07-23,23.6,31.0,24,open_meteo_era5_reanalysis,2026-09-11T14:26:04.147541+00:00
WMKK,2.747,101.714,2026-07-24,24.4,30.3,24,open_meteo_era5_reanalysis,2026-09-11T14:26:04.147543+00:00
WMKK,2.747,101.714,2026-07-25,23.8,30.0,24,open_meteo_era5_reanalysis,2026-09-11T14:26:04.147546+00:00
WMKK,2.747,101.714,2026-07-26,23.8,31.5,24,open_meteo_era5_reanalysis,2026-09-11T14:26:04.147548+00:00
WMKK,2.747,101.714,2026-07-27,24.7,31.9,24,open_meteo_era5_reanalysis,2026-09-11T14:26:04.147551+00:00
WMKK,2.747,101.714,2026-07-28,25.3,30.2,24,open_meteo_era5_reanalysis,2026-09-11T14:26:04.147553+00:00
WMKK,2.747,101.714,2026-07-29,24.8,31.5,24,open_meteo_era5_reanalysis,2026-09-11T14:26:04.147556+00:00
WMKK,2.747,101.714,2026-07-30,24.5,30.6,24,open_meteo_era5_reanalysis,2026-09-11T14:26:04.147558+00:00
WMKK,2.747,101.714,2026-07-31,24.7,31.7,24,open_meteo_era5_reanalysis,2026-09-11T14:26:04.147561+00:00
WMKK,2.747,101.714,2026-08-01,24.2,30.5,24,open_meteo_era5_reanalysis,2026-09-11T14:26:04.147563+00:00
WMKK,2.747,101.714,2026-08-02,24.1,32.8,24,open_meteo_era5_reanalysis,2026-09-11T14:26:04.147566+00:00
WMKK,2.747,101.714,2026-08-03,24.8,33.6,24,open_meteo_era5_reanalysis,2026-09-11T14:26:04.147568+00:00
WMKK,2.747,101.714,2026-08-04,24.1,32.6,24,open_meteo_era5_reanalysis,2026-09-11T14:26:04.147571+00:00
WMKK,2.747,101.714,2026-08-05,25.0,31.9,24,open_meteo_era5_reanalysis,2026-09-11T14:26:04.147573+00:00
WMKK,2.747,101.714,2026-08-06,25.2,33.4,24,open_meteo_era5_reanalysis,2026-09-11T14:26:04.147576+00:00
WMKK,2.747,101.714,2026-08-07,25.0,34.2,24,open_meteo_era5_reanalysis,2026-09-11T14:26:04.147578+00:00
WMKK,2.747,101.714,2026-08-08,25.7,32.6,24,open_meteo_era5_reanalysis,2026-09-11T14:26:04.147581+00:00
WMKK,2.747,101.714,2026-08-09,24.9,33.2,24,open_meteo_era5_reanalysis,2026-09-11T14:26:04.147583+00:00
WMKK,2.747,101.714,2026-08-10,25.4,33.0,24,open_meteo_era5_reanalysis,2026-09-11T14:26:04.147586+00:00
WMKK,2.747,101.714,2026-08-11,24.1,32.2,24,open_meteo_era5_reanalysis,2026-09-11T14:26:32.366265+00:00
WMKK,2.747,101.714,2026-08-12,25.2,33.4,24,open_meteo_era5_reanalysis,2026-09-11T14:26:32.366267+00:00
WMKK,2.747,101.714,2026-08-13,25.8,32.5,24,open_meteo_era5_reanalysis,2026-09-11T14:26:32.366270+00:00
WMKK,2.747,101.714,2026-08-14,24.1,33.5,24,open_meteo_era5_reanalysis,2026-09-11T14:26:32.366272+00:00
WMKK,2.747,101.714,2026-08-15,24.2,34.3,24,open_meteo_era5_reanalysis,2026-09-11T14:26:32.366275+00:00
WMKK,2.747,101.714,2026-08-16,23.9,31.7,24,open_meteo_era5_reanalysis,2026-09-11T14:26:32.366278+00:00
WMKK,2.747,101.714,2026-08-17,25.9,33.8,24,open_meteo_era5_reanalysis,2026-09-11T14:26:32.366280+00:00
WMKK,2.747,101.714,2026-08-18,26.8,33.0,24,open_meteo_era5_reanalysis,2026-09-11T14:26:32.366283+00:00
WMKK,2.747,101.714,2026-08-19,23.5,32.6,24,open_meteo_era5_reanalysis,2026-09-11T14:26:32.366285+00:00
WMKK,2.747,101.714,2026-08-20,23.6,32.6,24,open_meteo_era5_reanalysis,2026-09-11T14:26:32.366288+00:00
WMKK,2.747,101.714,2026-08-21,25.7,33.2,24,open_meteo_era5_reanalysis,2026-09-11T14:26:32.366291+00:00
WMKK,2.747,101.714,2026-08-22,25.7,33.7,24,open_meteo_era5_reanalysis,2026-09-11T14:26:32.366293+00:00
WMKK,2.747,101.714,2026-08-23,24.7,33.3,24,open_meteo_era5_reanalysis,2026-09-11T14:26:32.366296+00:00
WMKK,2.747,101.714,2026-08-24,25.2,34.3,24,open_meteo_era5_reanalysis,2026-09-11T14:26:32.366298+00:00
WMKK,2.747,101.714,2026-08-25,23.4,32.2,24,open_meteo_era5_reanalysis,2026-09-11T14:26:32.366301+00:00
WMKK,2.747,101.714,2026-08-26,24.2,31.5,24,open_meteo_era5_reanalysis,2026-09-11T14:26:32.366303+00:00
WMKK,2.747,101.714,2026-08-27,23.7,33.3,24,open_meteo_era5_reanalysis,2026-09-11T14:26:32.366306+00:00
WMKK,2.747,101.714,2026-08-28,23.9,33.8,24,open_meteo_era5_reanalysis,2026-09-11T14:26:32.366308+00:00
WMKK,2.747,101.714,2026-08-29,25.9,34.3,24,open_meteo_era5_reanalysis,2026-09-11T14:26:32.366311+00:00
WMKK,2.747,101.714,2026-08-30,24.2,34.5,24,open_meteo_era5_reanalysis,2026-09-11T14:26:32.366313+00:00
WMKK,2.747,101.714,2026-08-31,24.1,34.4,24,open_meteo_era5_reanalysis,2026-09-11T14:26:32.366316+00:00
WMKK,2.747,101.714,2026-09-01,25.1,33.5,24,open_meteo_era5_reanalysis,2026-09-11T14:26:32.366319+00:00
WMKK,2.747,101.714,2026-09-02,23.4,34.2,24,open_meteo_era5_reanalysis,2026-09-11T14:26:32.366321+00:00
WMKK,2.747,101.714,2026-09-03,23.8,33.7,24,open_meteo_era5_reanalysis,2026-09-11T14:26:32.366324+00:00
WMKK,2.747,101.714,2026-09-04,23.8,35.2,24,open_meteo_era5_reanalysis,2026-09-11T14:26:32.366326+00:00
WMKK,2.747,101.714,2026-09-05,25.7,33.5,24,open_meteo_era5_reanalysis,2026-09-11T14:26:32.366329+00:00
WMKK,2.747,101.714,2026-09-06,26.0,35.0,24,open_meteo_era5_reanalysis,2026-09-11T14:26:32.366331+00:00
WMKK,2.747,101.714,2026-09-07,25.4,34.6,24,open_meteo_era5_reanalysis,2026-09-11T14:26:32.366334+00:00
WMKK,2.747,101.714,2026-09-08,25.1,33.8,24,open_meteo_era5_reanalysis,2026-09-11T14:26:32.366336+00:00
WMKK,2.747,101.714,2026-09-09,24.5,32.8,24,open_meteo_era5_reanalysis,2026-09-11T14:26:32.366339+00:00
WSSS,1.368,103.982,2026-06-12,25.0,28.0,24,open_meteo_era5_reanalysis,2026-09-11T14:25:39.088784+00:00
WSSS,1.368,103.982,2026-06-13,25.0,31.4,24,open_meteo_era5_reanalysis,2026-09-11T14:25:39.088799+00:00
WSSS,1.368,103.982,2026-06-14,27.6,31.8,24,open_meteo_era5_reanalysis,2026-09-11T14:25:39.088803+00:00
WSSS,1.368,103.982,2026-06-15,23.9,31.4,24,open_meteo_era5_reanalysis,2026-09-11T14:25:39.088806+00:00
WSSS,1.368,103.982,2026-06-16,25.6,30.7,24,open_meteo_era5_reanalysis,2026-09-11T14:25:39.088809+00:00
WSSS,1.368,103.982,2026-06-17,26.5,30.2,24,open_meteo_era5_reanalysis,2026-09-11T14:25:39.088812+00:00
WSSS,1.368,103.982,2026-06-18,24.9,31.6,24,open_meteo_era5_reanalysis,2026-09-11T14:25:39.088814+00:00
WSSS,1.368,103.982,2026-06-19,27.0,32.3,24,open_meteo_era5_reanalysis,2026-09-11T14:25:39.088817+00:00
WSSS,1.368,103.982,2026-06-20,25.7,30.8,24,open_meteo_era5_reanalysis,2026-09-11T14:25:39.088820+00:00
WSSS,1.368,103.982,2026-06-21,25.8,31.8,24,open_meteo_era5_reanalysis,2026-09-11T14:25:39.088822+00:00
WSSS,1.368,103.982,2026-06-22,24.2,29.4,24,open_meteo_era5_reanalysis,2026-09-11T14:25:39.088825+00:00
WSSS,1.368,103.982,2026-06-23,25.4,31.6,24,open_meteo_era5_reanalysis,2026-09-11T14:25:39.088828+00:00
WSSS,1.368,103.982,2026-06-24,24.9,29.7,24,open_meteo_era5_reanalysis,2026-09-11T14:25:39.088830+00:00
WSSS,1.368,103.982,2026-06-25,24.7,30.7,24,open_meteo_era5_reanalysis,2026-09-11T14:25:39.088833+00:00
WSSS,1.368,103.982,2026-06-26,25.7,31.5,24,open_meteo_era5_reanalysis,2026-09-11T14:25:39.088835+00:00
WSSS,1.368,103.982,2026-06-27,26.8,32.3,24,open_meteo_era5_reanalysis,2026-09-11T14:25:39.088838+00:00
WSSS,1.368,103.982,2026-06-28,26.5,31.6,24,open_meteo_era5_reanalysis,2026-09-11T14:25:39.088841+00:00
WSSS,1.368,103.982,2026-06-29,27.5,31.3,24,open_meteo_era5_reanalysis,2026-09-11T14:25:39.088843+00:00
WSSS,1.368,103.982,2026-06-30,24.1,29.4,24,open_meteo_era5_reanalysis,2026-09-11T14:25:39.088846+00:00
WSSS,1.368,103.982,2026-07-01,26.0,31.4,24,open_meteo_era5_reanalysis,2026-09-11T14:25:39.088848+00:00
WSSS,1.368,103.982,2026-07-02,24.8,29.6,24,open_meteo_era5_reanalysis,2026-09-11T14:25:39.088851+00:00
WSSS,1.368,103.982,2026-07-03,26.9,30.0,24,open_meteo_era5_reanalysis,2026-09-11T14:25:39.088854+00:00
WSSS,1.368,103.982,2026-07-04,28.0,31.9,24,open_meteo_era5_reanalysis,2026-09-11T14:25:39.088856+00:00
WSSS,1.368,103.982,2026-07-05,27.7,31.8,24,open_meteo_era5_reanalysis,2026-09-11T14:25:39.088859+00:00
WSSS,1.368,103.982,2026-07-06,24.6,31.4,24,open_meteo_era5_reanalysis,2026-09-11T14:25:39.088861+00:00
WSSS,1.368,103.982,2026-07-07,26.8,31.7,24,open_meteo_era5_reanalysis,2026-09-11T14:25:39.088864+00:00
WSSS,1.368,103.982,2026-07-08,25.1,30.7,24,open_meteo_era5_reanalysis,2026-09-11T14:25:39.088867+00:00
WSSS,1.368,103.982,2026-07-09,26.2,29.8,24,open_meteo_era5_reanalysis,2026-09-11T14:25:39.088869+00:00
WSSS,1.368,103.982,2026-07-10,26.5,31.7,24,open_meteo_era5_reanalysis,2026-09-11T14:25:39.088872+00:00
WSSS,1.368,103.982,2026-07-11,26.0,31.4,24,open_meteo_era5_reanalysis,2026-09-11T14:25:39.088875+00:00
WSSS,1.368,103.982,2026-07-12,27.2,30.5,24,open_meteo_era5_reanalysis,2026-09-11T14:26:07.281976+00:00
WSSS,1.368,103.982,2026-07-13,27.8,31.6,24,open_meteo_era5_reanalysis,2026-09-11T14:26:07.281988+00:00
WSSS,1.368,103.982,2026-07-14,27.8,32.2,24,open_meteo_era5_reanalysis,2026-09-11T14:26:07.281992+00:00
WSSS,1.368,103.982,2026-07-15,28.2,32.5,24,open_meteo_era5_reanalysis,2026-09-11T14:26:07.281995+00:00
WSSS,1.368,103.982,2026-07-16,27.4,32.7,24,open_meteo_era5_reanalysis,2026-09-11T14:26:07.281998+00:00
WSSS,1.368,103.982,2026-07-17,26.3,29.9,24,open_meteo_era5_reanalysis,2026-09-11T14:26:07.282000+00:00
WSSS,1.368,103.982,2026-07-18,26.8,32.8,24,open_meteo_era5_reanalysis,2026-09-11T14:26:07.282003+00:00
WSSS,1.368,103.982,2026-07-19,26.2,33.9,24,open_meteo_era5_reanalysis,2026-09-11T14:26:07.282006+00:00
WSSS,1.368,103.982,2026-07-20,27.4,32.4,24,open_meteo_era5_reanalysis,2026-09-11T14:26:07.282008+00:00
WSSS,1.368,103.982,2026-07-21,25.1,32.3,24,open_meteo_era5_reanalysis,2026-09-11T14:26:07.282011+00:00
WSSS,1.368,103.982,2026-07-22,26.6,31.2,24,open_meteo_era5_reanalysis,2026-09-11T14:26:07.282014+00:00
WSSS,1.368,103.982,2026-07-23,24.9,29.6,24,open_meteo_era5_reanalysis,2026-09-11T14:26:07.282017+00:00
WSSS,1.368,103.982,2026-07-24,26.9,31.6,24,open_meteo_era5_reanalysis,2026-09-11T14:26:07.282019+00:00
WSSS,1.368,103.982,2026-07-25,26.0,30.3,24,open_meteo_era5_reanalysis,2026-09-11T14:26:07.282022+00:00
WSSS,1.368,103.982,2026-07-26,24.9,29.0,24,open_meteo_era5_reanalysis,2026-09-11T14:26:07.282024+00:00
WSSS,1.368,103.982,2026-07-27,27.4,31.5,24,open_meteo_era5_reanalysis,2026-09-11T14:26:07.282027+00:00
WSSS,1.368,103.982,2026-07-28,26.9,31.3,24,open_meteo_era5_reanalysis,2026-09-11T14:26:07.282030+00:00
WSSS,1.368,103.982,2026-07-29,27.0,31.2,24,open_meteo_era5_reanalysis,2026-09-11T14:26:07.282032+00:00
WSSS,1.368,103.982,2026-07-30,26.8,31.0,24,open_meteo_era5_reanalysis,2026-09-11T14:26:07.282035+00:00
WSSS,1.368,103.982,2026-07-31,26.4,31.6,24,open_meteo_era5_reanalysis,2026-09-11T14:26:07.282037+00:00
WSSS,1.368,103.982,2026-08-01,25.1,31.5,24,open_meteo_era5_reanalysis,2026-09-11T14:26:07.282040+00:00
WSSS,1.368,103.982,2026-08-02,26.6,32.5,24,open_meteo_era5_reanalysis,2026-09-11T14:26:07.282042+00:00
WSSS,1.368,103.982,2026-08-03,27.4,32.9,24,open_meteo_era5_reanalysis,2026-09-11T14:26:07.282045+00:00
WSSS,1.368,103.982,2026-08-04,25.8,32.3,24,open_meteo_era5_reanalysis,2026-09-11T14:26:07.282047+00:00
WSSS,1.368,103.982,2026-08-05,27.6,33.6,24,open_meteo_era5_reanalysis,2026-09-11T14:26:07.282050+00:00
WSSS,1.368,103.982,2026-08-06,24.4,32.5,24,open_meteo_era5_reanalysis,2026-09-11T14:26:07.282053+00:00
WSSS,1.368,103.982,2026-08-07,25.8,32.8,24,open_meteo_era5_reanalysis,2026-09-11T14:26:07.282055+00:00
WSSS,1.368,103.982,2026-08-08,28.1,33.5,24,open_meteo_era5_reanalysis,2026-09-11T14:26:07.282058+00:00
WSSS,1.368,103.982,2026-08-09,28.0,33.1,24,open_meteo_era5_reanalysis,2026-09-11T14:26:07.282060+00:00
WSSS,1.368,103.982,2026-08-10,27.7,33.6,24,open_meteo_era5_reanalysis,2026-09-11T14:26:07.282063+00:00
WSSS,1.368,103.982,2026-08-11,27.7,33.0,24,open_meteo_era5_reanalysis,2026-09-11T14:26:35.496307+00:00
WSSS,1.368,103.982,2026-08-12,26.8,33.5,24,open_meteo_era5_reanalysis,2026-09-11T14:26:35.496323+00:00
WSSS,1.368,103.982,2026-08-13,27.5,32.3,24,open_meteo_era5_reanalysis,2026-09-11T14:26:35.496327+00:00
WSSS,1.368,103.982,2026-08-14,27.6,33.8,24,open_meteo_era5_reanalysis,2026-09-11T14:26:35.496330+00:00
WSSS,1.368,103.982,2026-08-15,26.4,33.3,24,open_meteo_era5_reanalysis,2026-09-11T14:26:35.496333+00:00
WSSS,1.368,103.982,2026-08-16,26.8,33.7,24,open_meteo_era5_reanalysis,2026-09-11T14:26:35.496336+00:00
WSSS,1.368,103.982,2026-08-17,25.0,33.2,24,open_meteo_era5_reanalysis,2026-09-11T14:26:35.496338+00:00
WSSS,1.368,103.982,2026-08-18,28.1,32.1,24,open_meteo_era5_reanalysis,2026-09-11T14:26:35.496341+00:00
WSSS,1.368,103.982,2026-08-19,24.5,32.9,24,open_meteo_era5_reanalysis,2026-09-11T14:26:35.496344+00:00
WSSS,1.368,103.982,2026-08-20,23.2,33.5,24,open_meteo_era5_reanalysis,2026-09-11T14:26:35.496346+00:00
WSSS,1.368,103.982,2026-08-21,27.6,33.6,24,open_meteo_era5_reanalysis,2026-09-11T14:26:35.496349+00:00
WSSS,1.368,103.982,2026-08-22,27.4,34.4,24,open_meteo_era5_reanalysis,2026-09-11T14:26:35.496352+00:00
WSSS,1.368,103.982,2026-08-23,27.4,33.8,24,open_meteo_era5_reanalysis,2026-09-11T14:26:35.496355+00:00
WSSS,1.368,103.982,2026-08-24,27.5,33.3,24,open_meteo_era5_reanalysis,2026-09-11T14:26:35.496357+00:00
WSSS,1.368,103.982,2026-08-25,27.7,33.6,24,open_meteo_era5_reanalysis,2026-09-11T14:26:35.496360+00:00
WSSS,1.368,103.982,2026-08-26,25.3,30.5,24,open_meteo_era5_reanalysis,2026-09-11T14:26:35.496363+00:00
WSSS,1.368,103.982,2026-08-27,24.9,32.4,24,open_meteo_era5_reanalysis,2026-09-11T14:26:35.496365+00:00
WSSS,1.368,103.982,2026-08-28,27.7,32.5,24,open_meteo_era5_reanalysis,2026-09-11T14:26:35.496368+00:00
WSSS,1.368,103.982,2026-08-29,27.5,32.8,24,open_meteo_era5_reanalysis,2026-09-11T14:26:35.496371+00:00
WSSS,1.368,103.982,2026-08-30,26.7,32.2,24,open_meteo_era5_reanalysis,2026-09-11T14:26:35.496373+00:00
WSSS,1.368,103.982,2026-08-31,24.5,30.5,24,open_meteo_era5_reanalysis,2026-09-11T14:26:35.496376+00:00
WSSS,1.368,103.982,2026-09-01,26.8,33.0,24,open_meteo_era5_reanalysis,2026-09-11T14:26:35.496379+00:00
WSSS,1.368,103.982,2026-09-02,27.8,33.1,24,open_meteo_era5_reanalysis,2026-09-11T14:26:35.496381+00:00
WSSS,1.368,103.982,2026-09-03,26.8,33.2,24,open_meteo_era5_reanalysis,2026-09-11T14:26:35.496384+00:00
WSSS,1.368,103.982,2026-09-04,27.1,32.7,24,open_meteo_era5_reanalysis,2026-09-11T14:26:35.496387+00:00
WSSS,1.368,103.982,2026-09-05,27.5,33.0,24,open_meteo_era5_reanalysis,2026-09-11T14:26:35.496390+00:00
WSSS,1.368,103.982,2026-09-06,27.4,32.9,24,open_meteo_era5_reanalysis,2026-09-11T14:26:35.496392+00:00
WSSS,1.368,103.982,2026-09-07,27.4,33.1,24,open_meteo_era5_reanalysis,2026-09-11T14:26:35.496395+00:00
WSSS,1.368,103.982,2026-09-08,27.1,33.2,24,open_meteo_era5_reanalysis,2026-09-11T14:26:35.496398+00:00
WSSS,1.368,103.982,2026-09-09,27.9,32.9,24,open_meteo_era5_reanalysis,2026-09-11T14:26:35.496400+00:00
ZBAA,40.082,116.603,2026-06-12,19.4,34.2,24,open_meteo_era5_reanalysis,2026-09-11T14:25:39.089090+00:00
ZBAA,40.082,116.603,2026-06-13,18.7,28.1,24,open_meteo_era5_reanalysis,2026-09-11T14:25:39.089093+00:00
ZBAA,40.082,116.603,2026-06-14,16.8,27.0,24,open_meteo_era5_reanalysis,2026-09-11T14:25:39.089095+00:00
ZBAA,40.082,116.603,2026-06-15,19.8,28.4,24,open_meteo_era5_reanalysis,2026-09-11T14:25:39.089098+00:00
ZBAA,40.082,116.603,2026-06-16,20.2,26.7,24,open_meteo_era5_reanalysis,2026-09-11T14:25:39.089101+00:00
ZBAA,40.082,116.603,2026-06-17,19.1,29.7,24,open_meteo_era5_reanalysis,2026-09-11T14:25:39.089103+00:00
ZBAA,40.082,116.603,2026-06-18,20.7,29.2,24,open_meteo_era5_reanalysis,2026-09-11T14:25:39.089106+00:00
ZBAA,40.082,116.603,2026-06-19,20.7,28.1,24,open_meteo_era5_reanalysis,2026-09-11T14:25:39.089109+00:00
ZBAA,40.082,116.603,2026-06-20,18.3,27.9,24,open_meteo_era5_reanalysis,2026-09-11T14:25:39.089111+00:00
ZBAA,40.082,116.603,2026-06-21,14.4,29.7,24,open_meteo_era5_reanalysis,2026-09-11T14:25:39.089114+00:00
ZBAA,40.082,116.603,2026-06-22,17.2,31.0,24,open_meteo_era5_reanalysis,2026-09-11T14:25:39.089116+00:00
ZBAA,40.082,116.603,2026-06-23,18.6,27.3,24,open_meteo_era5_reanalysis,2026-09-11T14:25:39.089119+00:00
ZBAA,40.082,116.603,2026-06-24,18.8,28.2,24,open_meteo_era5_reanalysis,2026-09-11T14:25:39.089122+00:00
ZBAA,40.082,116.603,2026-06-25,17.6,30.5,24,open_meteo_era5_reanalysis,2026-09-11T14:25:39.089124+00:00
ZBAA,40.082,116.603,2026-06-26,17.6,32.1,24,open_meteo_era5_reanalysis,2026-09-11T14:25:39.089127+00:00
ZBAA,40.082,116.603,2026-06-27,20.8,35.5,24,open_meteo_era5_reanalysis,2026-09-11T14:25:39.089129+00:00
ZBAA,40.082,116.603,2026-06-28,21.9,32.6,24,open_meteo_era5_reanalysis,2026-09-11T14:25:39.089132+00:00
ZBAA,40.082,116.603,2026-06-29,21.1,27.7,24,open_meteo_era5_reanalysis,2026-09-11T14:25:39.089135+00:00
ZBAA,40.082,116.603,2026-06-30,20.5,27.8,24,open_meteo_era5_reanalysis,2026-09-11T14:25:39.089137+00:00
ZBAA,40.082,116.603,2026-07-01,20.4,29.8,24,open_meteo_era5_reanalysis,2026-09-11T14:25:39.089140+00:00
ZBAA,40.082,116.603,2026-07-02,22.0,33.6,24,open_meteo_era5_reanalysis,2026-09-11T14:25:39.089142+00:00
ZBAA,40.082,116.603,2026-07-03,22.5,37.0,24,open_meteo_era5_reanalysis,2026-09-11T14:25:39.089145+00:00
ZBAA,40.082,116.603,2026-07-04,22.7,34.0,24,open_meteo_era5_reanalysis,2026-09-11T14:25:39.089147+00:00
ZBAA,40.082,116.603,2026-07-05,22.0,32.5,24,open_meteo_era5_reanalysis,2026-09-11T14:25:39.089150+00:00
ZBAA,40.082,116.603,2026-07-06,19.1,33.3,24,open_meteo_era5_reanalysis,2026-09-11T14:25:39.089153+00:00
ZBAA,40.082,116.603,2026-07-07,21.4,31.1,24,open_meteo_era5_reanalysis,2026-09-11T14:25:39.089155+00:00
ZBAA,40.082,116.603,2026-07-08,20.7,31.1,24,open_meteo_era5_reanalysis,2026-09-11T14:25:39.089158+00:00
ZBAA,40.082,116.603,2026-07-09,22.7,33.9,24,open_meteo_era5_reanalysis,2026-09-11T14:25:39.089160+00:00
ZBAA,40.082,116.603,2026-07-10,23.3,28.2,24,open_meteo_era5_reanalysis,2026-09-11T14:25:39.089163+00:00
ZBAA,40.082,116.603,2026-07-11,23.5,29.0,24,open_meteo_era5_reanalysis,2026-09-11T14:25:39.089166+00:00
ZBAA,40.082,116.603,2026-07-12,24.5,29.1,24,open_meteo_era5_reanalysis,2026-09-11T14:26:07.282279+00:00
ZBAA,40.082,116.603,2026-07-13,24.5,33.2,24,open_meteo_era5_reanalysis,2026-09-11T14:26:07.282282+00:00
ZBAA,40.082,116.603,2026-07-14,24.2,32.5,24,open_meteo_era5_reanalysis,2026-09-11T14:26:07.282285+00:00
ZBAA,40.082,116.603,2026-07-15,23.0,35.0,24,open_meteo_era5_reanalysis,2026-09-11T14:26:07.282288+00:00
ZBAA,40.082,116.603,2026-07-16,24.6,32.6,24,open_meteo_era5_reanalysis,2026-09-11T14:26:07.282291+00:00
ZBAA,40.082,116.603,2026-07-17,22.4,30.3,24,open_meteo_era5_reanalysis,2026-09-11T14:26:07.282293+00:00
ZBAA,40.082,116.603,2026-07-18,22.1,29.8,24,open_meteo_era5_reanalysis,2026-09-11T14:26:07.282296+00:00
ZBAA,40.082,116.603,2026-07-19,22.1,31.6,24,open_meteo_era5_reanalysis,2026-09-11T14:26:07.282299+00:00
ZBAA,40.082,116.603,2026-07-20,21.6,29.2,24,open_meteo_era5_reanalysis,2026-09-11T14:26:07.282301+00:00
ZBAA,40.082,116.603,2026-07-21,21.2,30.2,24,open_meteo_era5_reanalysis,2026-09-11T14:26:07.282304+00:00
ZBAA,40.082,116.603,2026-07-22,21.9,28.4,24,open_meteo_era5_reanalysis,2026-09-11T14:26:07.282306+00:00
ZBAA,40.082,116.603,2026-07-23,21.8,27.2,24,open_meteo_era5_reanalysis,2026-09-11T14:26:07.282309+00:00
ZBAA,40.082,116.603,2026-07-24,22.1,29.9,24,open_meteo_era5_reanalysis,2026-09-11T14:26:07.282312+00:00
ZBAA,40.082,116.603,2026-07-25,23.1,30.9,24,open_meteo_era5_reanalysis,2026-09-11T14:26:07.282314+00:00
ZBAA,40.082,116.603,2026-07-26,23.3,31.3,24,open_meteo_era5_reanalysis,2026-09-11T14:26:07.282317+00:00
ZBAA,40.082,116.603,2026-07-27,23.7,32.3,24,open_meteo_era5_reanalysis,2026-09-11T14:26:07.282319+00:00
ZBAA,40.082,116.603,2026-07-28,24.9,34.1,24,open_meteo_era5_reanalysis,2026-09-11T14:26:07.282322+00:00
ZBAA,40.082,116.603,2026-07-29,25.2,34.0,24,open_meteo_era5_reanalysis,2026-09-11T14:26:07.282325+00:00
ZBAA,40.082,116.603,2026-07-30,25.9,34.1,24,open_meteo_era5_reanalysis,2026-09-11T14:26:07.282327+00:00
ZBAA,40.082,116.603,2026-07-31,25.1,34.4,24,open_meteo_era5_reanalysis,2026-09-11T14:26:07.282330+00:00
ZBAA,40.082,116.603,2026-08-01,24.9,34.3,24,open_meteo_era5_reanalysis,2026-09-11T14:26:07.282332+00:00
ZBAA,40.082,116.603,2026-08-02,24.3,34.3,24,open_meteo_era5_reanalysis,2026-09-11T14:26:07.282335+00:00
ZBAA,40.082,116.603,2026-08-03,24.9,35.5,24,open_meteo_era5_reanalysis,2026-09-11T14:26:07.282337+00:00
ZBAA,40.082,116.603,2026-08-04,24.3,33.7,24,open_meteo_era5_reanalysis,2026-09-11T14:26:07.282340+00:00
ZBAA,40.082,116.603,2026-08-05,24.7,35.7,24,open_meteo_era5_reanalysis,2026-09-11T14:26:07.282342+00:00
ZBAA,40.082,116.603,2026-08-06,26.5,35.3,24,open_meteo_era5_reanalysis,2026-09-11T14:26:07.282345+00:00
ZBAA,40.082,116.603,2026-08-07,26.1,35.4,24,open_meteo_era5_reanalysis,2026-09-11T14:26:07.282348+00:00
ZBAA,40.082,116.603,2026-08-08,24.3,30.5,24,open_meteo_era5_reanalysis,2026-09-11T14:26:07.282350+00:00
ZBAA,40.082,116.603,2026-08-09,21.4,30.2,24,open_meteo_era5_reanalysis,2026-09-11T14:26:07.282353+00:00
ZBAA,40.082,116.603,2026-08-10,23.1,33.4,24,open_meteo_era5_reanalysis,2026-09-11T14:26:07.282355+00:00
ZBAA,40.082,116.603,2026-08-11,23.1,33.2,24,open_meteo_era5_reanalysis,2026-09-11T14:26:35.496637+00:00
ZBAA,40.082,116.603,2026-08-12,22.6,25.2,24,open_meteo_era5_reanalysis,2026-09-11T14:26:35.496641+00:00
ZBAA,40.082,116.603,2026-08-13,22.0,28.6,24,open_meteo_era5_reanalysis,2026-09-11T14:26:35.496644+00:00
ZBAA,40.082,116.603,2026-08-14,21.2,29.7,24,open_meteo_era5_reanalysis,2026-09-11T14:26:35.496647+00:00
ZBAA,40.082,116.603,2026-08-15,20.9,29.3,24,open_meteo_era5_reanalysis,2026-09-11T14:26:35.496650+00:00
ZBAA,40.082,116.603,2026-08-16,21.3,26.8,24,open_meteo_era5_reanalysis,2026-09-11T14:26:35.496652+00:00
ZBAA,40.082,116.603,2026-08-17,19.2,30.5,24,open_meteo_era5_reanalysis,2026-09-11T14:26:35.496655+00:00
ZBAA,40.082,116.603,2026-08-18,22.0,30.2,24,open_meteo_era5_reanalysis,2026-09-11T14:26:35.496658+00:00
ZBAA,40.082,116.603,2026-08-19,21.4,31.1,24,open_meteo_era5_reanalysis,2026-09-11T14:26:35.496660+00:00
ZBAA,40.082,116.603,2026-08-20,22.1,31.2,24,open_meteo_era5_reanalysis,2026-09-11T14:26:35.496663+00:00
ZBAA,40.082,116.603,2026-08-21,21.9,31.4,24,open_meteo_era5_reanalysis,2026-09-11T14:26:35.496666+00:00
ZBAA,40.082,116.603,2026-08-22,21.4,29.6,24,open_meteo_era5_reanalysis,2026-09-11T14:26:35.496669+00:00
ZBAA,40.082,116.603,2026-08-23,24.0,30.7,24,open_meteo_era5_reanalysis,2026-09-11T14:26:35.496671+00:00
ZBAA,40.082,116.603,2026-08-24,23.5,31.1,24,open_meteo_era5_reanalysis,2026-09-11T14:26:35.496674+00:00
ZBAA,40.082,116.603,2026-08-25,23.0,30.2,24,open_meteo_era5_reanalysis,2026-09-11T14:26:35.496677+00:00
ZBAA,40.082,116.603,2026-08-26,21.1,28.0,24,open_meteo_era5_reanalysis,2026-09-11T14:26:35.496679+00:00
ZBAA,40.082,116.603,2026-08-27,21.9,29.1,24,open_meteo_era5_reanalysis,2026-09-11T14:26:35.496682+00:00
ZBAA,40.082,116.603,2026-08-28,18.2,21.7,24,open_meteo_era5_reanalysis,2026-09-11T14:26:35.496685+00:00
ZBAA,40.082,116.603,2026-08-29,17.9,29.1,24,open_meteo_era5_reanalysis,2026-09-11T14:26:35.496688+00:00
ZBAA,40.082,116.603,2026-08-30,16.5,31.0,24,open_meteo_era5_reanalysis,2026-09-11T14:26:35.496690+00:00
ZBAA,40.082,116.603,2026-08-31,18.6,28.9,24,open_meteo_era5_reanalysis,2026-09-11T14:26:35.496693+00:00
ZBAA,40.082,116.603,2026-09-01,18.4,28.1,24,open_meteo_era5_reanalysis,2026-09-11T14:26:35.496696+00:00
ZBAA,40.082,116.603,2026-09-02,17.3,28.8,24,open_meteo_era5_reanalysis,2026-09-11T14:26:35.496698+00:00
ZBAA,40.082,116.603,2026-09-03,17.7,29.9,24,open_meteo_era5_reanalysis,2026-09-11T14:26:35.496701+00:00
ZBAA,40.082,116.603,2026-09-04,18.1,30.4,24,open_meteo_era5_reanalysis,2026-09-11T14:26:35.496704+00:00
ZBAA,40.082,116.603,2026-09-05,18.3,31.7,24,open_meteo_era5_reanalysis,2026-09-11T14:26:35.496706+00:00
ZBAA,40.082,116.603,2026-09-06,19.0,30.6,24,open_meteo_era5_reanalysis,2026-09-11T14:26:35.496709+00:00
ZBAA,40.082,116.603,2026-09-07,17.6,29.7,24,open_meteo_era5_reanalysis,2026-09-11T14:26:35.496712+00:00
ZBAA,40.082,116.603,2026-09-08,17.2,23.5,24,open_meteo_era5_reanalysis,2026-09-11T14:26:35.496714+00:00
ZBAA,40.082,116.603,2026-09-09,15.1,24.8,24,open_meteo_era5_reanalysis,2026-09-11T14:26:35.496717+00:00
ZGGG,23.392,113.307,2026-06-12,24.5,31.6,24,open_meteo_era5_reanalysis,2026-09-11T14:25:39.089377+00:00
ZGGG,23.392,113.307,2026-06-13,24.5,31.3,24,open_meteo_era5_reanalysis,2026-09-11T14:25:39.089380+00:00
ZGGG,23.392,113.307,2026-06-14,24.3,27.6,24,open_meteo_era5_reanalysis,2026-09-11T14:25:39.089383+00:00
ZGGG,23.392,113.307,2026-06-15,24.8,28.5,24,open_meteo_era5_reanalysis,2026-09-11T14:25:39.089385+00:00
ZGGG,23.392,113.307,2026-06-16,24.7,28.8,24,open_meteo_era5_reanalysis,2026-09-11T14:25:39.089388+00:00
ZGGG,23.392,113.307,2026-06-17,24.5,31.0,24,open_meteo_era5_reanalysis,2026-09-11T14:25:39.089390+00:00
ZGGG,23.392,113.307,2026-06-18,23.7,26.8,24,open_meteo_era5_reanalysis,2026-09-11T14:25:39.089393+00:00
ZGGG,23.392,113.307,2026-06-19,23.7,31.0,24,open_meteo_era5_reanalysis,2026-09-11T14:25:39.089396+00:00
ZGGG,23.392,113.307,2026-06-20,25.6,33.9,24,open_meteo_era5_reanalysis,2026-09-11T14:25:39.089398+00:00
ZGGG,23.392,113.307,2026-06-21,26.1,33.5,24,open_meteo_era5_reanalysis,2026-09-11T14:25:39.089401+00:00
ZGGG,23.392,113.307,2026-06-22,26.4,34.1,24,open_meteo_era5_reanalysis,2026-09-11T14:25:39.089403+00:00
ZGGG,23.392,113.307,2026-06-23,26.8,33.7,24,open_meteo_era5_reanalysis,2026-09-11T14:25:39.089406+00:00
ZGGG,23.392,113.307,2026-06-24,27.0,33.9,24,open_meteo_era5_reanalysis,2026-09-11T14:25:39.089408+00:00
ZGGG,23.392,113.307,2026-06-25,25.7,33.4,24,open_meteo_era5_reanalysis,2026-09-11T14:25:39.089411+00:00
ZGGG,23.392,113.307,2026-06-26,25.2,31.6,24,open_meteo_era5_reanalysis,2026-09-11T14:25:39.089414+00:00
ZGGG,23.392,113.307,2026-06-27,25.6,32.3,24,open_meteo_era5_reanalysis,2026-09-11T14:25:39.089416+00:00
ZGGG,23.392,113.307,2026-06-28,25.1,29.0,24,open_meteo_era5_reanalysis,2026-09-11T14:25:39.089419+00:00
ZGGG,23.392,113.307,2026-06-29,24.8,32.5,24,open_meteo_era5_reanalysis,2026-09-11T14:25:39.089422+00:00
ZGGG,23.392,113.307,2026-06-30,25.7,32.0,24,open_meteo_era5_reanalysis,2026-09-11T14:25:39.089425+00:00
ZGGG,23.392,113.307,2026-07-01,25.4,33.3,24,open_meteo_era5_reanalysis,2026-09-11T14:25:39.089427+00:00
ZGGG,23.392,113.307,2026-07-02,25.8,34.1,24,open_meteo_era5_reanalysis,2026-09-11T14:25:39.089430+00:00
ZGGG,23.392,113.307,2026-07-03,25.9,32.8,24,open_meteo_era5_reanalysis,2026-09-11T14:25:39.089432+00:00
ZGGG,23.392,113.307,2026-07-04,24.9,28.0,24,open_meteo_era5_reanalysis,2026-09-11T14:25:39.089435+00:00
ZGGG,23.392,113.307,2026-07-05,24.9,32.1,24,open_meteo_era5_reanalysis,2026-09-11T14:25:39.089437+00:00
ZGGG,23.392,113.307,2026-07-06,24.8,29.4,24,open_meteo_era5_reanalysis,2026-09-11T14:25:39.089440+00:00
ZGGG,23.392,113.307,2026-07-07,24.1,28.6,24,open_meteo_era5_reanalysis,2026-09-11T14:25:39.089443+00:00
ZGGG,23.392,113.307,2026-07-08,24.3,30.8,24,open_meteo_era5_reanalysis,2026-09-11T14:25:39.089445+00:00
ZGGG,23.392,113.307,2026-07-09,25.4,31.6,24,open_meteo_era5_reanalysis,2026-09-11T14:25:39.089448+00:00
ZGGG,23.392,113.307,2026-07-10,26.0,33.4,24,open_meteo_era5_reanalysis,2026-09-11T14:25:39.089450+00:00
ZGGG,23.392,113.307,2026-07-11,26.1,35.1,24,open_meteo_era5_reanalysis,2026-09-11T14:25:39.089453+00:00
ZGGG,23.392,113.307,2026-07-12,27.6,36.4,24,open_meteo_era5_reanalysis,2026-09-11T14:26:07.282566+00:00
ZGGG,23.392,113.307,2026-07-13,27.7,35.3,24,open_meteo_era5_reanalysis,2026-09-11T14:26:07.282569+00:00
ZGGG,23.392,113.307,2026-07-14,26.1,31.5,24,open_meteo_era5_reanalysis,2026-09-11T14:26:07.282571+00:00
ZGGG,23.392,113.307,2026-07-15,25.7,29.8,24,open_meteo_era5_reanalysis,2026-09-11T14:26:07.282574+00:00
ZGGG,23.392,113.307,2026-07-16,25.2,29.8,24,open_meteo_era5_reanalysis,2026-09-11T14:26:07.282576+00:00
ZGGG,23.392,113.307,2026-07-17,25.4,32.6,24,open_meteo_era5_reanalysis,2026-09-11T14:26:07.282579+00:00
ZGGG,23.392,113.307,2026-07-18,24.3,31.8,24,open_meteo_era5_reanalysis,2026-09-11T14:26:07.282581+00:00
ZGGG,23.392,113.307,2026-07-19,26.5,32.8,24,open_meteo_era5_reanalysis,2026-09-11T14:26:07.282584+00:00
ZGGG,23.392,113.307,2026-07-20,25.2,31.4,24,open_meteo_era5_reanalysis,2026-09-11T14:26:07.282587+00:00
ZGGG,23.392,113.307,2026-07-21,24.5,29.6,24,open_meteo_era5_reanalysis,2026-09-11T14:26:07.282589+00:00
ZGGG,23.392,113.307,2026-07-22,25.1,32.6,24,open_meteo_era5_reanalysis,2026-09-11T14:26:07.282604+00:00
ZGGG,23.392,113.307,2026-07-23,24.9,34.0,24,open_meteo_era5_reanalysis,2026-09-11T14:26:07.282608+00:00
ZGGG,23.392,113.307,2026-07-24,25.4,34.0,24,open_meteo_era5_reanalysis,2026-09-11T14:26:07.282610+00:00
ZGGG,23.392,113.307,2026-07-25,26.3,35.8,24,open_meteo_era5_reanalysis,2026-09-11T14:26:07.282613+00:00
ZGGG,23.392,113.307,2026-07-26,24.6,27.7,24,open_meteo_era5_reanalysis,2026-09-11T14:26:07.282615+00:00
ZGGG,23.392,113.307,2026-07-27,24.5,32.1,24,open_meteo_era5_reanalysis,2026-09-11T14:26:07.282618+00:00
ZGGG,23.392,113.307,2026-07-28,25.2,30.2,24,open_meteo_era5_reanalysis,2026-09-11T14:26:07.282621+00:00
ZGGG,23.392,113.307,2026-07-29,24.3,27.9,24,open_meteo_era5_reanalysis,2026-09-11T14:26:07.282624+00:00
ZGGG,23.392,113.307,2026-07-30,24.3,30.4,24,open_meteo_era5_reanalysis,2026-09-11T14:26:07.282626+00:00
ZGGG,23.392,113.307,2026-07-31,24.3,30.0,24,open_meteo_era5_reanalysis,2026-09-11T14:26:07.282629+00:00
ZGGG,23.392,113.307,2026-08-01,24.2,30.0,24,open_meteo_era5_reanalysis,2026-09-11T14:26:07.282632+00:00
ZGGG,23.392,113.307,2026-08-02,23.9,31.0,24,open_meteo_era5_reanalysis,2026-09-11T14:26:07.282634+00:00
ZGGG,23.392,113.307,2026-08-03,24.4,30.1,24,open_meteo_era5_reanalysis,2026-09-11T14:26:07.282637+00:00
ZGGG,23.392,113.307,2026-08-04,24.6,31.2,24,open_meteo_era5_reanalysis,2026-09-11T14:26:07.282640+00:00
ZGGG,23.392,113.307,2026-08-05,25.7,32.6,24,open_meteo_era5_reanalysis,2026-09-11T14:26:07.282642+00:00
ZGGG,23.392,113.307,2026-08-06,26.0,33.4,24,open_meteo_era5_reanalysis,2026-09-11T14:26:07.282645+00:00
ZGGG,23.392,113.307,2026-08-07,25.8,34.0,24,open_meteo_era5_reanalysis,2026-09-11T14:26:07.282648+00:00
ZGGG,23.392,113.307,2026-08-08,27.0,36.0,24,open_meteo_era5_reanalysis,2026-09-11T14:26:07.282650+00:00
ZGGG,23.392,113.307,2026-08-09,27.3,36.0,24,open_meteo_era5_reanalysis,2026-09-11T14:26:07.282653+00:00
ZGGG,23.392,113.307,2026-08-10,27.9,34.5,24,open_meteo_era5_reanalysis,2026-09-11T14:26:07.282655+00:00
ZGGG,23.392,113.307,2026-08-11,27.1,34.9,24,open_meteo_era5_reanalysis,2026-09-11T14:26:35.496944+00:00
ZGGG,23.392,113.307,2026-08-12,27.6,35.8,24,open_meteo_era5_reanalysis,2026-09-11T14:26:35.496948+00:00
ZGGG,23.392,113.307,2026-08-13,27.1,31.2,24,open_meteo_era5_reanalysis,2026-09-11T14:26:35.496950+00:00
ZGGG,23.392,113.307,2026-08-14,25.3,31.6,24,open_meteo_era5_reanalysis,2026-09-11T14:26:35.496953+00:00
ZGGG,23.392,113.307,2026-08-15,25.0,33.1,24,open_meteo_era5_reanalysis,2026-09-11T14:26:35.496956+00:00
ZGGG,23.392,113.307,2026-08-16,26.7,34.2,24,open_meteo_era5_reanalysis,2026-09-11T14:26:35.496958+00:00
ZGGG,23.392,113.307,2026-08-17,26.3,32.9,24,open_meteo_era5_reanalysis,2026-09-11T14:26:35.496961+00:00
ZGGG,23.392,113.307,2026-08-18,25.9,32.5,24,open_meteo_era5_reanalysis,2026-09-11T14:26:35.496964+00:00
ZGGG,23.392,113.307,2026-08-19,26.8,34.5,24,open_meteo_era5_reanalysis,2026-09-11T14:26:35.496967+00:00
ZGGG,23.392,113.307,2026-08-20,26.4,33.3,24,open_meteo_era5_reanalysis,2026-09-11T14:26:35.496969+00:00
ZGGG,23.392,113.307,2026-08-21,25.7,31.9,24,open_meteo_era5_reanalysis,2026-09-11T14:26:35.496972+00:00
ZGGG,23.392,113.307,2026-08-22,25.4,32.8,24,open_meteo_era5_reanalysis,2026-09-11T14:26:35.496975+00:00
ZGGG,23.392,113.307,2026-08-23,25.8,31.7,24,open_meteo_era5_reanalysis,2026-09-11T14:26:35.496977+00:00
ZGGG,23.392,113.307,2026-08-24,26.3,30.7,24,open_meteo_era5_reanalysis,2026-09-11T14:26:35.496980+00:00
ZGGG,23.392,113.307,2026-08-25,26.3,32.6,24,open_meteo_era5_reanalysis,2026-09-11T14:26:35.496983+00:00
ZGGG,23.392,113.307,2026-08-26,25.6,30.4,24,open_meteo_era5_reanalysis,2026-09-11T14:26:35.496985+00:00
ZGGG,23.392,113.307,2026-08-27,25.6,30.8,24,open_meteo_era5_reanalysis,2026-09-11T14:26:35.496988+00:00
ZGGG,23.392,113.307,2026-08-28,25.5,32.5,24,open_meteo_era5_reanalysis,2026-09-11T14:26:35.496991+00:00
ZGGG,23.392,113.307,2026-08-29,26.1,34.7,24,open_meteo_era5_reanalysis,2026-09-11T14:26:35.496994+00:00
ZGGG,23.392,113.307,2026-08-30,25.4,27.6,24,open_meteo_era5_reanalysis,2026-09-11T14:26:35.496997+00:00
ZGGG,23.392,113.307,2026-08-31,25.5,30.4,24,open_meteo_era5_reanalysis,2026-09-11T14:26:35.496999+00:00
ZGGG,23.392,113.307,2026-09-01,24.6,30.7,24,open_meteo_era5_reanalysis,2026-09-11T14:26:35.497002+00:00
ZGGG,23.392,113.307,2026-09-02,22.8,30.9,24,open_meteo_era5_reanalysis,2026-09-11T14:26:35.497005+00:00
ZGGG,23.392,113.307,2026-09-03,23.8,30.9,24,open_meteo_era5_reanalysis,2026-09-11T14:26:35.497007+00:00
ZGGG,23.392,113.307,2026-09-04,24.2,28.8,24,open_meteo_era5_reanalysis,2026-09-11T14:26:35.497010+00:00
ZGGG,23.392,113.307,2026-09-05,23.7,32.2,24,open_meteo_era5_reanalysis,2026-09-11T14:26:35.497013+00:00
ZGGG,23.392,113.307,2026-09-06,25.4,30.1,24,open_meteo_era5_reanalysis,2026-09-11T14:26:35.497015+00:00
ZGGG,23.392,113.307,2026-09-07,23.6,33.2,24,open_meteo_era5_reanalysis,2026-09-11T14:26:35.497018+00:00
ZGGG,23.392,113.307,2026-09-08,24.4,33.5,24,open_meteo_era5_reanalysis,2026-09-11T14:26:35.497020+00:00
ZGGG,23.392,113.307,2026-09-09,24.7,33.1,24,open_meteo_era5_reanalysis,2026-09-11T14:26:35.497023+00:00
ZGSZ,22.639,113.803,2026-06-12,24.1,30.9,24,open_meteo_era5_reanalysis,2026-09-11T14:25:39.089678+00:00
ZGSZ,22.639,113.803,2026-06-13,24.9,29.5,24,open_meteo_era5_reanalysis,2026-09-11T14:25:39.089681+00:00
ZGSZ,22.639,113.803,2026-06-14,24.8,28.1,24,open_meteo_era5_reanalysis,2026-09-11T14:25:39.089684+00:00
ZGSZ,22.639,113.803,2026-06-15,25.7,29.1,24,open_meteo_era5_reanalysis,2026-09-11T14:25:39.089687+00:00
ZGSZ,22.639,113.803,2026-06-16,25.5,26.6,24,open_meteo_era5_reanalysis,2026-09-11T14:25:39.089689+00:00
ZGSZ,22.639,113.803,2026-06-17,24.6,30.2,24,open_meteo_era5_reanalysis,2026-09-11T14:25:39.089692+00:00
ZGSZ,22.639,113.803,2026-06-18,23.7,27.0,24,open_meteo_era5_reanalysis,2026-09-11T14:25:39.089695+00:00
ZGSZ,22.639,113.803,2026-06-19,24.0,30.9,24,open_meteo_era5_reanalysis,2026-09-11T14:25:39.089697+00:00
ZGSZ,22.639,113.803,2026-06-20,27.2,32.1,24,open_meteo_era5_reanalysis,2026-09-11T14:25:39.089700+00:00
ZGSZ,22.639,113.803,2026-06-21,27.1,32.1,24,open_meteo_era5_reanalysis,2026-09-11T14:25:39.089703+00:00
ZGSZ,22.639,113.803,2026-06-22,27.2,32.7,24,open_meteo_era5_reanalysis,2026-09-11T14:25:39.089705+00:00
ZGSZ,22.639,113.803,2026-06-23,27.8,32.2,24,open_meteo_era5_reanalysis,2026-09-11T14:25:39.089708+00:00
ZGSZ,22.639,113.803,2026-06-24,28.1,32.3,24,open_meteo_era5_reanalysis,2026-09-11T14:25:39.089710+00:00
ZGSZ,22.639,113.803,2026-06-25,26.4,31.8,24,open_meteo_era5_reanalysis,2026-09-11T14:25:39.089713+00:00
ZGSZ,22.639,113.803,2026-06-26,26.2,30.9,24,open_meteo_era5_reanalysis,2026-09-11T14:25:39.089715+00:00
ZGSZ,22.639,113.803,2026-06-27,26.4,30.4,24,open_meteo_era5_reanalysis,2026-09-11T14:25:39.089718+00:00
ZGSZ,22.639,113.803,2026-06-28,25.1,29.8,24,open_meteo_era5_reanalysis,2026-09-11T14:25:39.089721+00:00
ZGSZ,22.639,113.803,2026-06-29,24.8,32.2,24,open_meteo_era5_reanalysis,2026-09-11T14:25:39.089723+00:00
ZGSZ,22.639,113.803,2026-06-30,26.1,32.4,24,open_meteo_era5_reanalysis,2026-09-11T14:25:39.089726+00:00
ZGSZ,22.639,113.803,2026-07-01,26.0,33.0,24,open_meteo_era5_reanalysis,2026-09-11T14:25:39.089729+00:00
ZGSZ,22.639,113.803,2026-07-02,26.7,33.3,24,open_meteo_era5_reanalysis,2026-09-11T14:25:39.089732+00:00
ZGSZ,22.639,113.803,2026-07-03,25.5,32.2,24,open_meteo_era5_reanalysis,2026-09-11T14:25:39.089734+00:00
ZGSZ,22.639,113.803,2026-07-04,25.2,28.6,24,open_meteo_era5_reanalysis,2026-09-11T14:25:39.089737+00:00
ZGSZ,22.639,113.803,2026-07-05,26.4,32.2,24,open_meteo_era5_reanalysis,2026-09-11T14:25:39.089739+00:00
ZGSZ,22.639,113.803,2026-07-06,25.4,31.5,24,open_meteo_era5_reanalysis,2026-09-11T14:25:39.089742+00:00
ZGSZ,22.639,113.803,2026-07-07,25.3,28.3,24,open_meteo_era5_reanalysis,2026-09-11T14:25:39.089745+00:00
ZGSZ,22.639,113.803,2026-07-08,25.1,31.3,24,open_meteo_era5_reanalysis,2026-09-11T14:25:39.089747+00:00
ZGSZ,22.639,113.803,2026-07-09,25.6,32.2,24,open_meteo_era5_reanalysis,2026-09-11T14:25:39.089750+00:00
ZGSZ,22.639,113.803,2026-07-10,26.1,32.7,24,open_meteo_era5_reanalysis,2026-09-11T14:25:39.089752+00:00
ZGSZ,22.639,113.803,2026-07-11,26.5,34.3,24,open_meteo_era5_reanalysis,2026-09-11T14:25:39.089755+00:00
ZGSZ,22.639,113.803,2026-07-12,28.0,34.7,24,open_meteo_era5_reanalysis,2026-09-11T14:26:07.282865+00:00
ZGSZ,22.639,113.803,2026-07-13,27.7,34.5,24,open_meteo_era5_reanalysis,2026-09-11T14:26:07.282868+00:00
ZGSZ,22.639,113.803,2026-07-14,25.9,30.1,24,open_meteo_era5_reanalysis,2026-09-11T14:26:07.282871+00:00
ZGSZ,22.639,113.803,2026-07-15,25.5,29.1,24,open_meteo_era5_reanalysis,2026-09-11T14:26:07.282874+00:00
ZGSZ,22.639,113.803,2026-07-16,24.7,28.2,24,open_meteo_era5_reanalysis,2026-09-11T14:26:07.282877+00:00
ZGSZ,22.639,113.803,2026-07-17,25.2,30.3,24,open_meteo_era5_reanalysis,2026-09-11T14:26:07.282880+00:00
ZGSZ,22.639,113.803,2026-07-18,25.1,31.3,24,open_meteo_era5_reanalysis,2026-09-11T14:26:07.282883+00:00
ZGSZ,22.639,113.803,2026-07-19,27.0,31.6,24,open_meteo_era5_reanalysis,2026-09-11T14:26:07.282885+00:00
ZGSZ,22.639,113.803,2026-07-20,26.0,29.7,24,open_meteo_era5_reanalysis,2026-09-11T14:26:07.282888+00:00
ZGSZ,22.639,113.803,2026-07-21,24.5,29.9,24,open_meteo_era5_reanalysis,2026-09-11T14:26:07.282891+00:00
ZGSZ,22.639,113.803,2026-07-22,25.8,32.0,24,open_meteo_era5_reanalysis,2026-09-11T14:26:07.282893+00:00
ZGSZ,22.639,113.803,2026-07-23,25.2,32.6,24,open_meteo_era5_reanalysis,2026-09-11T14:26:07.282896+00:00
ZGSZ,22.639,113.803,2026-07-24,26.5,33.6,24,open_meteo_era5_reanalysis,2026-09-11T14:26:07.282899+00:00
ZGSZ,22.639,113.803,2026-07-25,24.8,34.6,24,open_meteo_era5_reanalysis,2026-09-11T14:26:07.282901+00:00
ZGSZ,22.639,113.803,2026-07-26,25.1,27.7,24,open_meteo_era5_reanalysis,2026-09-11T14:26:07.282904+00:00
ZGSZ,22.639,113.803,2026-07-27,24.4,30.2,24,open_meteo_era5_reanalysis,2026-09-11T14:26:07.282906+00:00
ZGSZ,22.639,113.803,2026-07-28,25.4,29.4,24,open_meteo_era5_reanalysis,2026-09-11T14:26:07.282909+00:00
ZGSZ,22.639,113.803,2026-07-29,23.8,28.5,24,open_meteo_era5_reanalysis,2026-09-11T14:26:07.282911+00:00
ZGSZ,22.639,113.803,2026-07-30,24.8,30.0,24,open_meteo_era5_reanalysis,2026-09-11T14:26:07.282914+00:00
ZGSZ,22.639,113.803,2026-07-31,24.7,30.3,24,open_meteo_era5_reanalysis,2026-09-11T14:26:07.282917+00:00
ZGSZ,22.639,113.803,2026-08-01,23.7,29.4,24,open_meteo_era5_reanalysis,2026-09-11T14:26:07.282919+00:00
ZGSZ,22.639,113.803,2026-08-02,23.9,27.9,24,open_meteo_era5_reanalysis,2026-09-11T14:26:07.282922+00:00
ZGSZ,22.639,113.803,2026-08-03,24.1,29.0,24,open_meteo_era5_reanalysis,2026-09-11T14:26:07.282925+00:00
ZGSZ,22.639,113.803,2026-08-04,24.8,30.9,24,open_meteo_era5_reanalysis,2026-09-11T14:26:07.282927+00:00
ZGSZ,22.639,113.803,2026-08-05,25.4,31.8,24,open_meteo_era5_reanalysis,2026-09-11T14:26:07.282930+00:00
ZGSZ,22.639,113.803,2026-08-06,25.2,33.2,24,open_meteo_era5_reanalysis,2026-09-11T14:26:07.282932+00:00
ZGSZ,22.639,113.803,2026-08-07,26.4,34.0,24,open_meteo_era5_reanalysis,2026-09-11T14:26:07.282935+00:00
ZGSZ,22.639,113.803,2026-08-08,27.6,35.6,24,open_meteo_era5_reanalysis,2026-09-11T14:26:07.282937+00:00
ZGSZ,22.639,113.803,2026-08-09,27.9,36.0,24,open_meteo_era5_reanalysis,2026-09-11T14:26:07.282940+00:00
ZGSZ,22.639,113.803,2026-08-10,28.4,34.8,24,open_meteo_era5_reanalysis,2026-09-11T14:26:07.282942+00:00
ZGSZ,22.639,113.803,2026-08-11,28.1,34.8,24,open_meteo_era5_reanalysis,2026-09-11T14:26:35.497240+00:00
ZGSZ,22.639,113.803,2026-08-12,28.0,34.4,24,open_meteo_era5_reanalysis,2026-09-11T14:26:35.497243+00:00
ZGSZ,22.639,113.803,2026-08-13,28.1,34.6,24,open_meteo_era5_reanalysis,2026-09-11T14:26:35.497246+00:00
ZGSZ,22.639,113.803,2026-08-14,26.6,28.9,24,open_meteo_era5_reanalysis,2026-09-11T14:26:35.497249+00:00
ZGSZ,22.639,113.803,2026-08-15,25.5,31.5,24,open_meteo_era5_reanalysis,2026-09-11T14:26:35.497252+00:00
ZGSZ,22.639,113.803,2026-08-16,27.0,34.0,24,open_meteo_era5_reanalysis,2026-09-11T14:26:35.497254+00:00
ZGSZ,22.639,113.803,2026-08-17,27.9,34.1,24,open_meteo_era5_reanalysis,2026-09-11T14:26:35.497257+00:00
ZGSZ,22.639,113.803,2026-08-18,26.6,33.5,24,open_meteo_era5_reanalysis,2026-09-11T14:26:35.497260+00:00
ZGSZ,22.639,113.803,2026-08-19,26.5,34.0,24,open_meteo_era5_reanalysis,2026-09-11T14:26:35.497262+00:00
ZGSZ,22.639,113.803,2026-08-20,26.4,31.7,24,open_meteo_era5_reanalysis,2026-09-11T14:26:35.497265+00:00
ZGSZ,22.639,113.803,2026-08-21,25.4,31.6,24,open_meteo_era5_reanalysis,2026-09-11T14:26:35.497267+00:00
ZGSZ,22.639,113.803,2026-08-22,26.7,33.6,24,open_meteo_era5_reanalysis,2026-09-11T14:26:35.497270+00:00
ZGSZ,22.639,113.803,2026-08-23,27.3,32.3,24,open_meteo_era5_reanalysis,2026-09-11T14:26:35.497273+00:00
ZGSZ,22.639,113.803,2026-08-24,27.3,31.5,24,open_meteo_era5_reanalysis,2026-09-11T14:26:35.497275+00:00
ZGSZ,22.639,113.803,2026-08-25,26.9,32.1,24,open_meteo_era5_reanalysis,2026-09-11T14:26:35.497278+00:00
ZGSZ,22.639,113.803,2026-08-26,25.6,31.5,24,open_meteo_era5_reanalysis,2026-09-11T14:26:35.497281+00:00
ZGSZ,22.639,113.803,2026-08-27,25.9,29.4,24,open_meteo_era5_reanalysis,2026-09-11T14:26:35.497283+00:00
ZGSZ,22.639,113.803,2026-08-28,26.7,31.1,24,open_meteo_era5_reanalysis,2026-09-11T14:26:35.497286+00:00
ZGSZ,22.639,113.803,2026-08-29,26.5,33.2,24,open_meteo_era5_reanalysis,2026-09-11T14:26:35.497288+00:00
ZGSZ,22.639,113.803,2026-08-30,25.8,28.4,24,open_meteo_era5_reanalysis,2026-09-11T14:26:35.497291+00:00
ZGSZ,22.639,113.803,2026-08-31,25.4,30.9,24,open_meteo_era5_reanalysis,2026-09-11T14:26:35.497294+00:00
ZGSZ,22.639,113.803,2026-09-01,24.1,30.2,24,open_meteo_era5_reanalysis,2026-09-11T14:26:35.497297+00:00
ZGSZ,22.639,113.803,2026-09-02,23.4,29.1,24,open_meteo_era5_reanalysis,2026-09-11T14:26:35.497299+00:00
ZGSZ,22.639,113.803,2026-09-03,23.8,30.6,24,open_meteo_era5_reanalysis,2026-09-11T14:26:35.497302+00:00
ZGSZ,22.639,113.803,2026-09-04,24.9,29.8,24,open_meteo_era5_reanalysis,2026-09-11T14:26:35.497304+00:00
ZGSZ,22.639,113.803,2026-09-05,24.8,32.1,24,open_meteo_era5_reanalysis,2026-09-11T14:26:35.497307+00:00
ZGSZ,22.639,113.803,2026-09-06,25.1,30.0,24,open_meteo_era5_reanalysis,2026-09-11T14:26:35.497310+00:00
ZGSZ,22.639,113.803,2026-09-07,25.8,31.8,24,open_meteo_era5_reanalysis,2026-09-11T14:26:35.497312+00:00
ZGSZ,22.639,113.803,2026-09-08,24.9,34.2,24,open_meteo_era5_reanalysis,2026-09-11T14:26:35.497315+00:00
ZGSZ,22.639,113.803,2026-09-09,23.9,32.4,24,open_meteo_era5_reanalysis,2026-09-11T14:26:35.497317+00:00
ZHCC,34.52,113.834,2026-06-12,24.0,32.8,24,open_meteo_era5_reanalysis,2026-09-11T14:25:39.089968+00:00
ZHCC,34.52,113.834,2026-06-13,20.4,31.7,24,open_meteo_era5_reanalysis,2026-09-11T14:25:39.089971+00:00
ZHCC,34.52,113.834,2026-06-14,22.0,32.6,24,open_meteo_era5_reanalysis,2026-09-11T14:25:39.089973+00:00
ZHCC,34.52,113.834,2026-06-15,23.8,32.5,24,open_meteo_era5_reanalysis,2026-09-11T14:25:39.089976+00:00
ZHCC,34.52,113.834,2026-06-16,22.7,31.2,24,open_meteo_era5_reanalysis,2026-09-11T14:25:39.089978+00:00
ZHCC,34.52,113.834,2026-06-17,23.2,33.5,24,open_meteo_era5_reanalysis,2026-09-11T14:25:39.089981+00:00
ZHCC,34.52,113.834,2026-06-18,22.7,30.2,24,open_meteo_era5_reanalysis,2026-09-11T14:25:39.089983+00:00
ZHCC,34.52,113.834,2026-06-19,19.8,22.7,24,open_meteo_era5_reanalysis,2026-09-11T14:25:39.089986+00:00
ZHCC,34.52,113.834,2026-06-20,18.6,30.1,24,open_meteo_era5_reanalysis,2026-09-11T14:25:39.089989+00:00
ZHCC,34.52,113.834,2026-06-21,17.8,24.0,24,open_meteo_era5_reanalysis,2026-09-11T14:25:39.089991+00:00
ZHCC,34.52,113.834,2026-06-22,17.4,25.4,24,open_meteo_era5_reanalysis,2026-09-11T14:25:39.089994+00:00
ZHCC,34.52,113.834,2026-06-23,20.5,27.1,24,open_meteo_era5_reanalysis,2026-09-11T14:25:39.089997+00:00
ZHCC,34.52,113.834,2026-06-24,21.2,28.1,24,open_meteo_era5_reanalysis,2026-09-11T14:25:39.089999+00:00
ZHCC,34.52,113.834,2026-06-25,20.1,30.9,24,open_meteo_era5_reanalysis,2026-09-11T14:25:39.090002+00:00
ZHCC,34.52,113.834,2026-06-26,21.4,28.2,24,open_meteo_era5_reanalysis,2026-09-11T14:25:39.090004+00:00
ZHCC,34.52,113.834,2026-06-27,20.3,32.2,24,open_meteo_era5_reanalysis,2026-09-11T14:25:39.090007+00:00
ZHCC,34.52,113.834,2026-06-28,21.2,33.7,24,open_meteo_era5_reanalysis,2026-09-11T14:25:39.090009+00:00
ZHCC,34.52,113.834,2026-06-29,24.5,34.2,24,open_meteo_era5_reanalysis,2026-09-11T14:25:39.090012+00:00
ZHCC,34.52,113.834,2026-06-30,25.0,32.3,24,open_meteo_era5_reanalysis,2026-09-11T14:25:39.090014+00:00
ZHCC,34.52,113.834,2026-07-01,21.9,32.9,24,open_meteo_era5_reanalysis,2026-09-11T14:25:39.090017+00:00
ZHCC,34.52,113.834,2026-07-02,25.3,33.2,24,open_meteo_era5_reanalysis,2026-09-11T14:25:39.090020+00:00
ZHCC,34.52,113.834,2026-07-03,24.4,33.0,24,open_meteo_era5_reanalysis,2026-09-11T14:25:39.090022+00:00
ZHCC,34.52,113.834,2026-07-04,23.1,34.3,24,open_meteo_era5_reanalysis,2026-09-11T14:25:39.090025+00:00
ZHCC,34.52,113.834,2026-07-05,24.3,34.7,24,open_meteo_era5_reanalysis,2026-09-11T14:25:39.090027+00:00
ZHCC,34.52,113.834,2026-07-06,24.5,32.5,24,open_meteo_era5_reanalysis,2026-09-11T14:25:39.090030+00:00
ZHCC,34.52,113.834,2026-07-07,23.2,32.4,24,open_meteo_era5_reanalysis,2026-09-11T14:25:39.090032+00:00
ZHCC,34.52,113.834,2026-07-08,25.7,35.6,24,open_meteo_era5_reanalysis,2026-09-11T14:25:39.090035+00:00
ZHCC,34.52,113.834,2026-07-09,27.4,35.0,24,open_meteo_era5_reanalysis,2026-09-11T14:25:39.090037+00:00
ZHCC,34.52,113.834,2026-07-10,28.2,35.4,24,open_meteo_era5_reanalysis,2026-09-11T14:25:39.090040+00:00
ZHCC,34.52,113.834,2026-07-11,29.0,36.9,24,open_meteo_era5_reanalysis,2026-09-11T14:25:39.090043+00:00
ZHCC,34.52,113.834,2026-07-12,27.0,35.5,24,open_meteo_era5_reanalysis,2026-09-11T14:26:07.283151+00:00
ZHCC,34.52,113.834,2026-07-13,27.8,34.3,24,open_meteo_era5_reanalysis,2026-09-11T14:26:07.283154+00:00
ZHCC,34.52,113.834,2026-07-14,26.9,34.5,24,open_meteo_era5_reanalysis,2026-09-11T14:26:07.283156+00:00
ZHCC,34.52,113.834,2026-07-15,25.8,31.5,24,open_meteo_era5_reanalysis,2026-09-11T14:26:07.283159+00:00
ZHCC,34.52,113.834,2026-07-16,25.4,32.6,24,open_meteo_era5_reanalysis,2026-09-11T14:26:07.283161+00:00
ZHCC,34.52,113.834,2026-07-17,21.3,26.1,24,open_meteo_era5_reanalysis,2026-09-11T14:26:07.283164+00:00
ZHCC,34.52,113.834,2026-07-18,20.7,30.9,24,open_meteo_era5_reanalysis,2026-09-11T14:26:07.283166+00:00
ZHCC,34.52,113.834,2026-07-19,22.5,31.6,24,open_meteo_era5_reanalysis,2026-09-11T14:26:07.283169+00:00
ZHCC,34.52,113.834,2026-07-20,23.9,32.5,24,open_meteo_era5_reanalysis,2026-09-11T14:26:07.283172+00:00
ZHCC,34.52,113.834,2026-07-21,24.1,33.4,24,open_meteo_era5_reanalysis,2026-09-11T14:26:07.283174+00:00
ZHCC,34.52,113.834,2026-07-22,25.2,32.5,24,open_meteo_era5_reanalysis,2026-09-11T14:26:07.283177+00:00
ZHCC,34.52,113.834,2026-07-23,23.0,31.1,24,open_meteo_era5_reanalysis,2026-09-11T14:26:07.283180+00:00
ZHCC,34.52,113.834,2026-07-24,22.3,30.4,24,open_meteo_era5_reanalysis,2026-09-11T14:26:07.283182+00:00
ZHCC,34.52,113.834,2026-07-25,22.0,29.2,24,open_meteo_era5_reanalysis,2026-09-11T14:26:07.283185+00:00
ZHCC,34.52,113.834,2026-07-26,23.0,30.0,24,open_meteo_era5_reanalysis,2026-09-11T14:26:07.283187+00:00
ZHCC,34.52,113.834,2026-07-27,24.0,30.1,24,open_meteo_era5_reanalysis,2026-09-11T14:26:07.283190+00:00
ZHCC,34.52,113.834,2026-07-28,23.7,29.9,24,open_meteo_era5_reanalysis,2026-09-11T14:26:07.283192+00:00
ZHCC,34.52,113.834,2026-07-29,23.7,28.6,24,open_meteo_era5_reanalysis,2026-09-11T14:26:07.283195+00:00
ZHCC,34.52,113.834,2026-07-30,23.6,29.5,24,open_meteo_era5_reanalysis,2026-09-11T14:26:07.283198+00:00
ZHCC,34.52,113.834,2026-07-31,25.9,31.4,24,open_meteo_era5_reanalysis,2026-09-11T14:26:07.283200+00:00
ZHCC,34.52,113.834,2026-08-01,26.5,32.5,24,open_meteo_era5_reanalysis,2026-09-11T14:26:07.283203+00:00
ZHCC,34.52,113.834,2026-08-02,25.3,32.8,24,open_meteo_era5_reanalysis,2026-09-11T14:26:07.283205+00:00
ZHCC,34.52,113.834,2026-08-03,24.2,33.0,24,open_meteo_era5_reanalysis,2026-09-11T14:26:07.283208+00:00
ZHCC,34.52,113.834,2026-08-04,24.8,33.3,24,open_meteo_era5_reanalysis,2026-09-11T14:26:07.283210+00:00
ZHCC,34.52,113.834,2026-08-05,24.5,31.7,24,open_meteo_era5_reanalysis,2026-09-11T14:26:07.283213+00:00
ZHCC,34.52,113.834,2026-08-06,23.2,31.4,24,open_meteo_era5_reanalysis,2026-09-11T14:26:07.283215+00:00
ZHCC,34.52,113.834,2026-08-07,25.7,33.0,24,open_meteo_era5_reanalysis,2026-09-11T14:26:07.283218+00:00
ZHCC,34.52,113.834,2026-08-08,25.1,29.7,24,open_meteo_era5_reanalysis,2026-09-11T14:26:07.283220+00:00
ZHCC,34.52,113.834,2026-08-09,21.3,28.1,24,open_meteo_era5_reanalysis,2026-09-11T14:26:07.283223+00:00
ZHCC,34.52,113.834,2026-08-10,22.2,29.5,24,open_meteo_era5_reanalysis,2026-09-11T14:26:07.283225+00:00
ZHCC,34.52,113.834,2026-08-11,22.6,25.2,24,open_meteo_era5_reanalysis,2026-09-11T14:26:35.497527+00:00
ZHCC,34.52,113.834,2026-08-12,20.5,24.0,24,open_meteo_era5_reanalysis,2026-09-11T14:26:35.497530+00:00
ZHCC,34.52,113.834,2026-08-13,20.5,27.4,24,open_meteo_era5_reanalysis,2026-09-11T14:26:35.497533+00:00
ZHCC,34.52,113.834,2026-08-14,22.0,26.4,24,open_meteo_era5_reanalysis,2026-09-11T14:26:35.497536+00:00
ZHCC,34.52,113.834,2026-08-15,22.1,29.8,24,open_meteo_era5_reanalysis,2026-09-11T14:26:35.497538+00:00
ZHCC,34.52,113.834,2026-08-16,22.3,30.6,24,open_meteo_era5_reanalysis,2026-09-11T14:26:35.497541+00:00
ZHCC,34.52,113.834,2026-08-17,23.3,30.5,24,open_meteo_era5_reanalysis,2026-09-11T14:26:35.497543+00:00
ZHCC,34.52,113.834,2026-08-18,24.5,31.1,24,open_meteo_era5_reanalysis,2026-09-11T14:26:35.497546+00:00
ZHCC,34.52,113.834,2026-08-19,23.7,27.5,24,open_meteo_era5_reanalysis,2026-09-11T14:26:35.497549+00:00
ZHCC,34.52,113.834,2026-08-20,23.5,30.8,24,open_meteo_era5_reanalysis,2026-09-11T14:26:35.497551+00:00
ZHCC,34.52,113.834,2026-08-21,23.4,30.1,24,open_meteo_era5_reanalysis,2026-09-11T14:26:35.497554+00:00
ZHCC,34.52,113.834,2026-08-22,24.6,31.4,24,open_meteo_era5_reanalysis,2026-09-11T14:26:35.497557+00:00
ZHCC,34.52,113.834,2026-08-23,25.2,31.7,24,open_meteo_era5_reanalysis,2026-09-11T14:26:35.497559+00:00
ZHCC,34.52,113.834,2026-08-24,25.7,31.3,24,open_meteo_era5_reanalysis,2026-09-11T14:26:35.497562+00:00
ZHCC,34.52,113.834,2026-08-25,24.7,32.2,24,open_meteo_era5_reanalysis,2026-09-11T14:26:35.497564+00:00
ZHCC,34.52,113.834,2026-08-26,25.1,32.4,24,open_meteo_era5_reanalysis,2026-09-11T14:26:35.497567+00:00
ZHCC,34.52,113.834,2026-08-27,23.2,28.2,24,open_meteo_era5_reanalysis,2026-09-11T14:26:35.497569+00:00
ZHCC,34.52,113.834,2026-08-28,20.2,24.9,24,open_meteo_era5_reanalysis,2026-09-11T14:26:35.497572+00:00
ZHCC,34.52,113.834,2026-08-29,18.8,28.7,24,open_meteo_era5_reanalysis,2026-09-11T14:26:35.497575+00:00
ZHCC,34.52,113.834,2026-08-30,23.1,29.8,24,open_meteo_era5_reanalysis,2026-09-11T14:26:35.497577+00:00
ZHCC,34.52,113.834,2026-08-31,21.3,31.5,24,open_meteo_era5_reanalysis,2026-09-11T14:26:35.497580+00:00
ZHCC,34.52,113.834,2026-09-01,21.2,28.9,24,open_meteo_era5_reanalysis,2026-09-11T14:26:35.497582+00:00
ZHCC,34.52,113.834,2026-09-02,19.6,27.9,24,open_meteo_era5_reanalysis,2026-09-11T14:26:35.497585+00:00
ZHCC,34.52,113.834,2026-09-03,18.3,27.0,24,open_meteo_era5_reanalysis,2026-09-11T14:26:35.497587+00:00
ZHCC,34.52,113.834,2026-09-04,18.6,28.1,24,open_meteo_era5_reanalysis,2026-09-11T14:26:35.497590+00:00
ZHCC,34.52,113.834,2026-09-05,18.9,29.3,24,open_meteo_era5_reanalysis,2026-09-11T14:26:35.497604+00:00
ZHCC,34.52,113.834,2026-09-06,19.1,29.6,24,open_meteo_era5_reanalysis,2026-09-11T14:26:35.497607+00:00
ZHCC,34.52,113.834,2026-09-07,20.3,30.1,24,open_meteo_era5_reanalysis,2026-09-11T14:26:35.497610+00:00
ZHCC,34.52,113.834,2026-09-08,15.2,24.8,24,open_meteo_era5_reanalysis,2026-09-11T14:26:35.497612+00:00
ZHCC,34.52,113.834,2026-09-09,14.2,18.3,24,open_meteo_era5_reanalysis,2026-09-11T14:26:35.497615+00:00
ZHHH,30.783,114.205,2026-06-12,22.9,28.2,24,open_meteo_era5_reanalysis,2026-09-11T14:25:42.227274+00:00
ZHHH,30.783,114.205,2026-06-13,20.4,24.7,24,open_meteo_era5_reanalysis,2026-09-11T14:25:42.227288+00:00
ZHHH,30.783,114.205,2026-06-14,19.3,29.4,24,open_meteo_era5_reanalysis,2026-09-11T14:25:42.227292+00:00
ZHHH,30.783,114.205,2026-06-15,21.7,30.8,24,open_meteo_era5_reanalysis,2026-09-11T14:25:42.227295+00:00
ZHHH,30.783,114.205,2026-06-16,23.0,30.3,24,open_meteo_era5_reanalysis,2026-09-11T14:25:42.227298+00:00
ZHHH,30.783,114.205,2026-06-17,23.6,32.3,24,open_meteo_era5_reanalysis,2026-09-11T14:25:42.227301+00:00
ZHHH,30.783,114.205,2026-06-18,24.7,29.4,24,open_meteo_era5_reanalysis,2026-09-11T14:25:42.227305+00:00
ZHHH,30.783,114.205,2026-06-19,24.1,28.6,24,open_meteo_era5_reanalysis,2026-09-11T14:25:42.227308+00:00
ZHHH,30.783,114.205,2026-06-20,21.6,30.3,24,open_meteo_era5_reanalysis,2026-09-11T14:25:42.227311+00:00
ZHHH,30.783,114.205,2026-06-21,23.8,28.5,24,open_meteo_era5_reanalysis,2026-09-11T14:25:42.227314+00:00
ZHHH,30.783,114.205,2026-06-22,21.5,24.9,24,open_meteo_era5_reanalysis,2026-09-11T14:25:42.227317+00:00
ZHHH,30.783,114.205,2026-06-23,21.3,24.3,24,open_meteo_era5_reanalysis,2026-09-11T14:25:42.227320+00:00
ZHHH,30.783,114.205,2026-06-24,21.9,27.3,24,open_meteo_era5_reanalysis,2026-09-11T14:25:42.227323+00:00
ZHHH,30.783,114.205,2026-06-25,22.4,29.2,24,open_meteo_era5_reanalysis,2026-09-11T14:25:42.227326+00:00
ZHHH,30.783,114.205,2026-06-26,21.8,30.4,24,open_meteo_era5_reanalysis,2026-09-11T14:25:42.227329+00:00
ZHHH,30.783,114.205,2026-06-27,22.7,32.0,24,open_meteo_era5_reanalysis,2026-09-11T14:25:42.227333+00:00
ZHHH,30.783,114.205,2026-06-28,24.4,32.7,24,open_meteo_era5_reanalysis,2026-09-11T14:25:42.227336+00:00
ZHHH,30.783,114.205,2026-06-29,26.2,29.8,24,open_meteo_era5_reanalysis,2026-09-11T14:25:42.227339+00:00
ZHHH,30.783,114.205,2026-06-30,23.4,28.8,24,open_meteo_era5_reanalysis,2026-09-11T14:25:42.227342+00:00
ZHHH,30.783,114.205,2026-07-01,22.6,30.2,24,open_meteo_era5_reanalysis,2026-09-11T14:25:42.227345+00:00
ZHHH,30.783,114.205,2026-07-02,24.2,30.7,24,open_meteo_era5_reanalysis,2026-09-11T14:25:42.227348+00:00
ZHHH,30.783,114.205,2026-07-03,24.0,26.7,24,open_meteo_era5_reanalysis,2026-09-11T14:25:42.227351+00:00
ZHHH,30.783,114.205,2026-07-04,23.7,27.2,24,open_meteo_era5_reanalysis,2026-09-11T14:25:42.227354+00:00
ZHHH,30.783,114.205,2026-07-05,24.6,29.9,24,open_meteo_era5_reanalysis,2026-09-11T14:25:42.227357+00:00
ZHHH,30.783,114.205,2026-07-06,25.5,29.2,24,open_meteo_era5_reanalysis,2026-09-11T14:25:42.227360+00:00
ZHHH,30.783,114.205,2026-07-07,24.4,30.7,24,open_meteo_era5_reanalysis,2026-09-11T14:25:42.227364+00:00
ZHHH,30.783,114.205,2026-07-08,24.9,32.5,24,open_meteo_era5_reanalysis,2026-09-11T14:25:42.227367+00:00
ZHHH,30.783,114.205,2026-07-09,26.3,33.1,24,open_meteo_era5_reanalysis,2026-09-11T14:25:42.227370+00:00
ZHHH,30.783,114.205,2026-07-10,27.8,34.4,24,open_meteo_era5_reanalysis,2026-09-11T14:25:42.227373+00:00
ZHHH,30.783,114.205,2026-07-11,28.4,35.7,24,open_meteo_era5_reanalysis,2026-09-11T14:25:42.227376+00:00
ZHHH,30.783,114.205,2026-07-12,27.7,33.3,24,open_meteo_era5_reanalysis,2026-09-11T14:26:10.416080+00:00
ZHHH,30.783,114.205,2026-07-13,28.5,35.4,24,open_meteo_era5_reanalysis,2026-09-11T14:26:10.416093+00:00
ZHHH,30.783,114.205,2026-07-14,29.4,37.2,24,open_meteo_era5_reanalysis,2026-09-11T14:26:10.416097+00:00
ZHHH,30.783,114.205,2026-07-15,30.1,35.4,24,open_meteo_era5_reanalysis,2026-09-11T14:26:10.416100+00:00
ZHHH,30.783,114.205,2026-07-16,29.4,35.6,24,open_meteo_era5_reanalysis,2026-09-11T14:26:10.416102+00:00
ZHHH,30.783,114.205,2026-07-17,27.7,34.3,24,open_meteo_era5_reanalysis,2026-09-11T14:26:10.416105+00:00
ZHHH,30.783,114.205,2026-07-18,25.1,31.5,24,open_meteo_era5_reanalysis,2026-09-11T14:26:10.416108+00:00
ZHHH,30.783,114.205,2026-07-19,26.1,31.1,24,open_meteo_era5_reanalysis,2026-09-11T14:26:10.416110+00:00
ZHHH,30.783,114.205,2026-07-20,25.8,32.3,24,open_meteo_era5_reanalysis,2026-09-11T14:26:10.416113+00:00
ZHHH,30.783,114.205,2026-07-21,26.6,33.3,24,open_meteo_era5_reanalysis,2026-09-11T14:26:10.416116+00:00
ZHHH,30.783,114.205,2026-07-22,25.9,27.9,24,open_meteo_era5_reanalysis,2026-09-11T14:26:10.416118+00:00
ZHHH,30.783,114.205,2026-07-23,25.4,31.3,24,open_meteo_era5_reanalysis,2026-09-11T14:26:10.416121+00:00
ZHHH,30.783,114.205,2026-07-24,26.2,33.6,24,open_meteo_era5_reanalysis,2026-09-11T14:26:10.416124+00:00
ZHHH,30.783,114.205,2026-07-25,26.8,34.5,24,open_meteo_era5_reanalysis,2026-09-11T14:26:10.416126+00:00
ZHHH,30.783,114.205,2026-07-26,25.8,34.6,24,open_meteo_era5_reanalysis,2026-09-11T14:26:10.416129+00:00
ZHHH,30.783,114.205,2026-07-27,25.1,31.8,24,open_meteo_era5_reanalysis,2026-09-11T14:26:10.416131+00:00
ZHHH,30.783,114.205,2026-07-28,25.6,30.7,24,open_meteo_era5_reanalysis,2026-09-11T14:26:10.416134+00:00
ZHHH,30.783,114.205,2026-07-29,25.5,31.8,24,open_meteo_era5_reanalysis,2026-09-11T14:26:10.416137+00:00
ZHHH,30.783,114.205,2026-07-30,26.5,32.0,24,open_meteo_era5_reanalysis,2026-09-11T14:26:10.416139+00:00
ZHHH,30.783,114.205,2026-07-31,27.1,33.5,24,open_meteo_era5_reanalysis,2026-09-11T14:26:10.416142+00:00
ZHHH,30.783,114.205,2026-08-01,27.3,33.7,24,open_meteo_era5_reanalysis,2026-09-11T14:26:10.416145+00:00
ZHHH,30.783,114.205,2026-08-02,26.6,34.7,24,open_meteo_era5_reanalysis,2026-09-11T14:26:10.416147+00:00
ZHHH,30.783,114.205,2026-08-03,28.0,36.4,24,open_meteo_era5_reanalysis,2026-09-11T14:26:10.416150+00:00
ZHHH,30.783,114.205,2026-08-04,28.6,35.6,24,open_meteo_era5_reanalysis,2026-09-11T14:26:10.416153+00:00
ZHHH,30.783,114.205,2026-08-05,26.0,34.8,24,open_meteo_era5_reanalysis,2026-09-11T14:26:10.416156+00:00
ZHHH,30.783,114.205,2026-08-06,26.2,33.6,24,open_meteo_era5_reanalysis,2026-09-11T14:26:10.416158+00:00
ZHHH,30.783,114.205,2026-08-07,26.9,34.5,24,open_meteo_era5_reanalysis,2026-09-11T14:26:10.416161+00:00
ZHHH,30.783,114.205,2026-08-08,27.8,34.8,24,open_meteo_era5_reanalysis,2026-09-11T14:26:10.416163+00:00
ZHHH,30.783,114.205,2026-08-09,27.0,32.6,24,open_meteo_era5_reanalysis,2026-09-11T14:26:10.416166+00:00
ZHHH,30.783,114.205,2026-08-10,24.6,28.3,24,open_meteo_era5_reanalysis,2026-09-11T14:26:10.416169+00:00
ZHHH,30.783,114.205,2026-08-11,24.4,30.6,24,open_meteo_era5_reanalysis,2026-09-11T14:26:38.629908+00:00
ZHHH,30.783,114.205,2026-08-12,25.5,29.5,24,open_meteo_era5_reanalysis,2026-09-11T14:26:38.629924+00:00
ZHHH,30.783,114.205,2026-08-13,24.1,29.4,24,open_meteo_era5_reanalysis,2026-09-11T14:26:38.629928+00:00
ZHHH,30.783,114.205,2026-08-14,23.8,29.5,24,open_meteo_era5_reanalysis,2026-09-11T14:26:38.629932+00:00
ZHHH,30.783,114.205,2026-08-15,23.1,29.3,24,open_meteo_era5_reanalysis,2026-09-11T14:26:38.629935+00:00
ZHHH,30.783,114.205,2026-08-16,23.1,30.9,24,open_meteo_era5_reanalysis,2026-09-11T14:26:38.629938+00:00
ZHHH,30.783,114.205,2026-08-17,25.0,31.6,24,open_meteo_era5_reanalysis,2026-09-11T14:26:38.629941+00:00
ZHHH,30.783,114.205,2026-08-18,25.7,33.2,24,open_meteo_era5_reanalysis,2026-09-11T14:26:38.629944+00:00
ZHHH,30.783,114.205,2026-08-19,26.3,33.8,24,open_meteo_era5_reanalysis,2026-09-11T14:26:38.629947+00:00
ZHHH,30.783,114.205,2026-08-20,26.8,33.4,24,open_meteo_era5_reanalysis,2026-09-11T14:26:38.629950+00:00
ZHHH,30.783,114.205,2026-08-21,26.6,33.8,24,open_meteo_era5_reanalysis,2026-09-11T14:26:38.629954+00:00
ZHHH,30.783,114.205,2026-08-22,26.8,33.6,24,open_meteo_era5_reanalysis,2026-09-11T14:26:38.629957+00:00
ZHHH,30.783,114.205,2026-08-23,27.3,33.6,24,open_meteo_era5_reanalysis,2026-09-11T14:26:38.629960+00:00
ZHHH,30.783,114.205,2026-08-24,27.4,34.8,24,open_meteo_era5_reanalysis,2026-09-11T14:26:38.629963+00:00
ZHHH,30.783,114.205,2026-08-25,28.2,35.8,24,open_meteo_era5_reanalysis,2026-09-11T14:26:38.629966+00:00
ZHHH,30.783,114.205,2026-08-26,27.5,36.4,24,open_meteo_era5_reanalysis,2026-09-11T14:26:38.629969+00:00
ZHHH,30.783,114.205,2026-08-27,28.6,36.2,24,open_meteo_era5_reanalysis,2026-09-11T14:26:38.629973+00:00
ZHHH,30.783,114.205,2026-08-28,27.7,34.8,24,open_meteo_era5_reanalysis,2026-09-11T14:26:38.629976+00:00
ZHHH,30.783,114.205,2026-08-29,23.1,30.0,24,open_meteo_era5_reanalysis,2026-09-11T14:26:38.629979+00:00
ZHHH,30.783,114.205,2026-08-30,25.4,31.9,24,open_meteo_era5_reanalysis,2026-09-11T14:26:38.629982+00:00
ZHHH,30.783,114.205,2026-08-31,24.3,31.0,24,open_meteo_era5_reanalysis,2026-09-11T14:26:38.629985+00:00
ZHHH,30.783,114.205,2026-09-01,24.4,28.7,24,open_meteo_era5_reanalysis,2026-09-11T14:26:38.629988+00:00
ZHHH,30.783,114.205,2026-09-02,23.7,31.1,24,open_meteo_era5_reanalysis,2026-09-11T14:26:38.629991+00:00
ZHHH,30.783,114.205,2026-09-03,23.8,28.9,24,open_meteo_era5_reanalysis,2026-09-11T14:26:38.629994+00:00
ZHHH,30.783,114.205,2026-09-04,23.8,28.8,24,open_meteo_era5_reanalysis,2026-09-11T14:26:38.629997+00:00
ZHHH,30.783,114.205,2026-09-05,21.9,30.6,24,open_meteo_era5_reanalysis,2026-09-11T14:26:38.630001+00:00
ZHHH,30.783,114.205,2026-09-06,20.3,31.3,24,open_meteo_era5_reanalysis,2026-09-11T14:26:38.630004+00:00
ZHHH,30.783,114.205,2026-09-07,20.6,33.2,24,open_meteo_era5_reanalysis,2026-09-11T14:26:38.630007+00:00
ZHHH,30.783,114.205,2026-09-08,24.0,33.4,24,open_meteo_era5_reanalysis,2026-09-11T14:26:38.630010+00:00
ZHHH,30.783,114.205,2026-09-09,21.2,25.2,24,open_meteo_era5_reanalysis,2026-09-11T14:26:38.630013+00:00
ZSPD,31.146,121.8,2026-06-12,21.0,31.7,24,open_meteo_era5_reanalysis,2026-09-11T14:25:42.227652+00:00
ZSPD,31.146,121.8,2026-06-13,20.7,26.3,24,open_meteo_era5_reanalysis,2026-09-11T14:25:42.227656+00:00
ZSPD,31.146,121.8,2026-06-14,20.7,23.5,24,open_meteo_era5_reanalysis,2026-09-11T14:25:42.227659+00:00
ZSPD,31.146,121.8,2026-06-15,22.1,24.3,24,open_meteo_era5_reanalysis,2026-09-11T14:25:42.227661+00:00
ZSPD,31.146,121.8,2026-06-16,22.6,26.1,24,open_meteo_era5_reanalysis,2026-09-11T14:25:42.227664+00:00
ZSPD,31.146,121.8,2026-06-17,21.4,27.9,24,open_meteo_era5_reanalysis,2026-09-11T14:25:42.227666+00:00
ZSPD,31.146,121.8,2026-06-18,23.3,27.4,24,open_meteo_era5_reanalysis,2026-09-11T14:25:42.227669+00:00
ZSPD,31.146,121.8,2026-06-19,23.7,30.4,24,open_meteo_era5_reanalysis,2026-09-11T14:25:42.227672+00:00
ZSPD,31.146,121.8,2026-06-20,24.1,28.4,24,open_meteo_era5_reanalysis,2026-09-11T14:25:42.227674+00:00
ZSPD,31.146,121.8,2026-06-21,22.9,26.4,24,open_meteo_era5_reanalysis,2026-09-11T14:25:42.227677+00:00
ZSPD,31.146,121.8,2026-06-22,22.8,24.9,24,open_meteo_era5_reanalysis,2026-09-11T14:25:42.227679+00:00
ZSPD,31.146,121.8,2026-06-23,22.2,24.1,24,open_meteo_era5_reanalysis,2026-09-11T14:25:42.227682+00:00
ZSPD,31.146,121.8,2026-06-24,22.0,24.6,24,open_meteo_era5_reanalysis,2026-09-11T14:25:42.227684+00:00
ZSPD,31.146,121.8,2026-06-25,21.3,24.9,24,open_meteo_era5_reanalysis,2026-09-11T14:25:42.227687+00:00
ZSPD,31.146,121.8,2026-06-26,20.4,26.2,24,open_meteo_era5_reanalysis,2026-09-11T14:25:42.227689+00:00
ZSPD,31.146,121.8,2026-06-27,20.7,25.9,24,open_meteo_era5_reanalysis,2026-09-11T14:25:42.227692+00:00
ZSPD,31.146,121.8,2026-06-28,22.3,28.4,24,open_meteo_era5_reanalysis,2026-09-11T14:25:42.227695+00:00
ZSPD,31.146,121.8,2026-06-29,23.8,27.6,24,open_meteo_era5_reanalysis,2026-09-11T14:25:42.227697+00:00
ZSPD,31.146,121.8,2026-06-30,24.1,26.8,24,open_meteo_era5_reanalysis,2026-09-11T14:25:42.227700+00:00
ZSPD,31.146,121.8,2026-07-01,23.3,25.8,24,open_meteo_era5_reanalysis,2026-09-11T14:25:42.227703+00:00
ZSPD,31.146,121.8,2026-07-02,22.7,27.8,24,open_meteo_era5_reanalysis,2026-09-11T14:25:42.227705+00:00
ZSPD,31.146,121.8,2026-07-03,24.5,32.1,24,open_meteo_era5_reanalysis,2026-09-11T14:25:42.227708+00:00
ZSPD,31.146,121.8,2026-07-04,24.8,32.4,24,open_meteo_era5_reanalysis,2026-09-11T14:25:42.227710+00:00
ZSPD,31.146,121.8,2026-07-05,24.3,29.9,24,open_meteo_era5_reanalysis,2026-09-11T14:25:42.227713+00:00
ZSPD,31.146,121.8,2026-07-06,26.2,33.6,24,open_meteo_era5_reanalysis,2026-09-11T14:25:42.227716+00:00
ZSPD,31.146,121.8,2026-07-07,26.7,33.5,24,open_meteo_era5_reanalysis,2026-09-11T14:25:42.227718+00:00
ZSPD,31.146,121.8,2026-07-08,26.6,34.4,24,open_meteo_era5_reanalysis,2026-09-11T14:25:42.227721+00:00
ZSPD,31.146,121.8,2026-07-09,26.4,29.9,24,open_meteo_era5_reanalysis,2026-09-11T14:25:42.227724+00:00
ZSPD,31.146,121.8,2026-07-10,26.0,30.6,24,open_meteo_era5_reanalysis,2026-09-11T14:25:42.227726+00:00
ZSPD,31.146,121.8,2026-07-11,27.1,30.3,24,open_meteo_era5_reanalysis,2026-09-11T14:25:42.227729+00:00
ZSPD,31.146,121.8,2026-07-12,26.9,30.3,24,open_meteo_era5_reanalysis,2026-09-11T14:26:10.416386+00:00
ZSPD,31.146,121.8,2026-07-13,28.0,32.7,24,open_meteo_era5_reanalysis,2026-09-11T14:26:10.416389+00:00
ZSPD,31.146,121.8,2026-07-14,27.6,35.0,24,open_meteo_era5_reanalysis,2026-09-11T14:26:10.416392+00:00
ZSPD,31.146,121.8,2026-07-15,29.1,37.6,24,open_meteo_era5_reanalysis,2026-09-11T14:26:10.416395+00:00
ZSPD,31.146,121.8,2026-07-16,29.4,38.0,24,open_meteo_era5_reanalysis,2026-09-11T14:26:10.416397+00:00
ZSPD,31.146,121.8,2026-07-17,29.0,37.6,24,open_meteo_era5_reanalysis,2026-09-11T14:26:10.416400+00:00
ZSPD,31.146,121.8,2026-07-18,26.2,36.2,24,open_meteo_era5_reanalysis,2026-09-11T14:26:10.416402+00:00
ZSPD,31.146,121.8,2026-07-19,26.2,32.1,24,open_meteo_era5_reanalysis,2026-09-11T14:26:10.416405+00:00
ZSPD,31.146,121.8,2026-07-20,26.9,32.7,24,open_meteo_era5_reanalysis,2026-09-11T14:26:10.416408+00:00
ZSPD,31.146,121.8,2026-07-21,26.2,33.3,24,open_meteo_era5_reanalysis,2026-09-11T14:26:10.416410+00:00
ZSPD,31.146,121.8,2026-07-22,25.8,33.7,24,open_meteo_era5_reanalysis,2026-09-11T14:26:10.416413+00:00
ZSPD,31.146,121.8,2026-07-23,27.0,35.8,24,open_meteo_era5_reanalysis,2026-09-11T14:26:10.416415+00:00
ZSPD,31.146,121.8,2026-07-24,28.4,37.5,24,open_meteo_era5_reanalysis,2026-09-11T14:26:10.416418+00:00
ZSPD,31.146,121.8,2026-07-25,28.7,35.9,24,open_meteo_era5_reanalysis,2026-09-11T14:26:10.416421+00:00
ZSPD,31.146,121.8,2026-07-26,28.8,36.0,24,open_meteo_era5_reanalysis,2026-09-11T14:26:10.416423+00:00
ZSPD,31.146,121.8,2026-07-27,28.5,34.2,24,open_meteo_era5_reanalysis,2026-09-11T14:26:10.416426+00:00
ZSPD,31.146,121.8,2026-07-28,28.3,34.0,24,open_meteo_era5_reanalysis,2026-09-11T14:26:10.416429+00:00
ZSPD,31.146,121.8,2026-07-29,28.4,37.1,24,open_meteo_era5_reanalysis,2026-09-11T14:26:10.416431+00:00
ZSPD,31.146,121.8,2026-07-30,28.4,36.6,24,open_meteo_era5_reanalysis,2026-09-11T14:26:10.416434+00:00
ZSPD,31.146,121.8,2026-07-31,28.2,36.1,24,open_meteo_era5_reanalysis,2026-09-11T14:26:10.416436+00:00
ZSPD,31.146,121.8,2026-08-01,27.4,36.5,24,open_meteo_era5_reanalysis,2026-09-11T14:26:10.416439+00:00
ZSPD,31.146,121.8,2026-08-02,27.9,36.1,24,open_meteo_era5_reanalysis,2026-09-11T14:26:10.416441+00:00
ZSPD,31.146,121.8,2026-08-03,28.0,33.9,24,open_meteo_era5_reanalysis,2026-09-11T14:26:10.416444+00:00
ZSPD,31.146,121.8,2026-08-04,26.5,33.4,24,open_meteo_era5_reanalysis,2026-09-11T14:26:10.416447+00:00
ZSPD,31.146,121.8,2026-08-05,28.4,33.8,24,open_meteo_era5_reanalysis,2026-09-11T14:26:10.416449+00:00
ZSPD,31.146,121.8,2026-08-06,27.9,32.7,24,open_meteo_era5_reanalysis,2026-09-11T14:26:10.416452+00:00
ZSPD,31.146,121.8,2026-08-07,28.4,33.7,24,open_meteo_era5_reanalysis,2026-09-11T14:26:10.416454+00:00
ZSPD,31.146,121.8,2026-08-08,27.2,32.5,24,open_meteo_era5_reanalysis,2026-09-11T14:26:10.416457+00:00
ZSPD,31.146,121.8,2026-08-09,26.2,27.4,24,open_meteo_era5_reanalysis,2026-09-11T14:26:10.416459+00:00
ZSPD,31.146,121.8,2026-08-10,26.7,28.3,24,open_meteo_era5_reanalysis,2026-09-11T14:26:10.416462+00:00
ZSPD,31.146,121.8,2026-08-11,26.6,27.9,24,open_meteo_era5_reanalysis,2026-09-11T14:26:38.630247+00:00
ZSPD,31.146,121.8,2026-08-12,26.3,27.4,24,open_meteo_era5_reanalysis,2026-09-11T14:26:38.630250+00:00
ZSPD,31.146,121.8,2026-08-13,25.9,28.3,24,open_meteo_era5_reanalysis,2026-09-11T14:26:38.630253+00:00
ZSPD,31.146,121.8,2026-08-14,25.7,28.5,24,open_meteo_era5_reanalysis,2026-09-11T14:26:38.630256+00:00
ZSPD,31.146,121.8,2026-08-15,25.5,29.4,24,open_meteo_era5_reanalysis,2026-09-11T14:26:38.630258+00:00
ZSPD,31.146,121.8,2026-08-16,25.2,29.2,24,open_meteo_era5_reanalysis,2026-09-11T14:26:38.630261+00:00
ZSPD,31.146,121.8,2026-08-17,25.3,30.0,24,open_meteo_era5_reanalysis,2026-09-11T14:26:38.630264+00:00
ZSPD,31.146,121.8,2026-08-18,25.6,30.3,24,open_meteo_era5_reanalysis,2026-09-11T14:26:38.630266+00:00
ZSPD,31.146,121.8,2026-08-19,26.8,30.2,24,open_meteo_era5_reanalysis,2026-09-11T14:26:38.630269+00:00
ZSPD,31.146,121.8,2026-08-20,27.3,29.7,24,open_meteo_era5_reanalysis,2026-09-11T14:26:38.630271+00:00
ZSPD,31.146,121.8,2026-08-21,27.4,30.1,24,open_meteo_era5_reanalysis,2026-09-11T14:26:38.630274+00:00
ZSPD,31.146,121.8,2026-08-22,27.0,30.2,24,open_meteo_era5_reanalysis,2026-09-11T14:26:38.630277+00:00
ZSPD,31.146,121.8,2026-08-23,27.2,30.0,24,open_meteo_era5_reanalysis,2026-09-11T14:26:38.630279+00:00
ZSPD,31.146,121.8,2026-08-24,27.3,30.3,24,open_meteo_era5_reanalysis,2026-09-11T14:26:38.630282+00:00
ZSPD,31.146,121.8,2026-08-25,26.9,30.2,24,open_meteo_era5_reanalysis,2026-09-11T14:26:38.630285+00:00
ZSPD,31.146,121.8,2026-08-26,26.7,31.3,24,open_meteo_era5_reanalysis,2026-09-11T14:26:38.630287+00:00
ZSPD,31.146,121.8,2026-08-27,28.1,31.0,24,open_meteo_era5_reanalysis,2026-09-11T14:26:38.630290+00:00
ZSPD,31.146,121.8,2026-08-28,27.2,30.1,24,open_meteo_era5_reanalysis,2026-09-11T14:26:38.630292+00:00
ZSPD,31.146,121.8,2026-08-29,27.0,30.7,24,open_meteo_era5_reanalysis,2026-09-11T14:26:38.630295+00:00
ZSPD,31.146,121.8,2026-08-30,27.3,31.3,24,open_meteo_era5_reanalysis,2026-09-11T14:26:38.630297+00:00
ZSPD,31.146,121.8,2026-08-31,27.5,32.9,24,open_meteo_era5_reanalysis,2026-09-11T14:26:38.630300+00:00
ZSPD,31.146,121.8,2026-09-01,26.1,30.0,24,open_meteo_era5_reanalysis,2026-09-11T14:26:38.630303+00:00
ZSPD,31.146,121.8,2026-09-02,25.1,28.6,24,open_meteo_era5_reanalysis,2026-09-11T14:26:38.630305+00:00
ZSPD,31.146,121.8,2026-09-03,26.5,30.0,24,open_meteo_era5_reanalysis,2026-09-11T14:26:38.630308+00:00
ZSPD,31.146,121.8,2026-09-04,26.6,31.0,24,open_meteo_era5_reanalysis,2026-09-11T14:26:38.630311+00:00
ZSPD,31.146,121.8,2026-09-05,25.6,30.6,24,open_meteo_era5_reanalysis,2026-09-11T14:26:38.630313+00:00
ZSPD,31.146,121.8,2026-09-06,25.7,30.5,24,open_meteo_era5_reanalysis,2026-09-11T14:26:38.630316+00:00
ZSPD,31.146,121.8,2026-09-07,24.0,31.0,24,open_meteo_era5_reanalysis,2026-09-11T14:26:38.630319+00:00
ZSPD,31.146,121.8,2026-09-08,23.9,30.3,24,open_meteo_era5_reanalysis,2026-09-11T14:26:38.630321+00:00
ZSPD,31.146,121.8,2026-09-09,23.7,28.9,24,open_meteo_era5_reanalysis,2026-09-11T14:26:38.630324+00:00
ZSQD,36.362,120.087,2026-06-12,18.5,33.1,24,open_meteo_era5_reanalysis,2026-09-11T14:25:42.227936+00:00
ZSQD,36.362,120.087,2026-06-13,19.9,31.3,24,open_meteo_era5_reanalysis,2026-09-11T14:25:42.227939+00:00
ZSQD,36.362,120.087,2026-06-14,19.3,27.3,24,open_meteo_era5_reanalysis,2026-09-11T14:25:42.227942+00:00
ZSQD,36.362,120.087,2026-06-15,18.1,28.2,24,open_meteo_era5_reanalysis,2026-09-11T14:25:42.227944+00:00
ZSQD,36.362,120.087,2026-06-16,18.3,28.7,24,open_meteo_era5_reanalysis,2026-09-11T14:25:42.227947+00:00
ZSQD,36.362,120.087,2026-06-17,19.6,30.7,24,open_meteo_era5_reanalysis,2026-09-11T14:25:42.227950+00:00
ZSQD,36.362,120.087,2026-06-18,20.9,31.7,24,open_meteo_era5_reanalysis,2026-09-11T14:25:42.227952+00:00
ZSQD,36.362,120.087,2026-06-19,21.5,26.1,24,open_meteo_era5_reanalysis,2026-09-11T14:25:42.227955+00:00
ZSQD,36.362,120.087,2026-06-20,19.9,32.7,24,open_meteo_era5_reanalysis,2026-09-11T14:25:42.227957+00:00
ZSQD,36.362,120.087,2026-06-21,22.6,29.6,24,open_meteo_era5_reanalysis,2026-09-11T14:25:42.227960+00:00
ZSQD,36.362,120.087,2026-06-22,20.6,28.7,24,open_meteo_era5_reanalysis,2026-09-11T14:25:42.227962+00:00
ZSQD,36.362,120.087,2026-06-23,19.0,29.2,24,open_meteo_era5_reanalysis,2026-09-11T14:25:42.227965+00:00
ZSQD,36.362,120.087,2026-06-24,19.5,31.5,24,open_meteo_era5_reanalysis,2026-09-11T14:25:42.227967+00:00
ZSQD,36.362,120.087,2026-06-25,20.0,30.9,24,open_meteo_era5_reanalysis,2026-09-11T14:25:42.227970+00:00
ZSQD,36.362,120.087,2026-06-26,17.5,32.5,24,open_meteo_era5_reanalysis,2026-09-11T14:25:42.227972+00:00
ZSQD,36.362,120.087,2026-06-27,19.3,35.4,24,open_meteo_era5_reanalysis,2026-09-11T14:25:42.227975+00:00
ZSQD,36.362,120.087,2026-06-28,21.3,31.9,24,open_meteo_era5_reanalysis,2026-09-11T14:25:42.227977+00:00
ZSQD,36.362,120.087,2026-06-29,21.5,30.2,24,open_meteo_era5_reanalysis,2026-09-11T14:25:42.227981+00:00
ZSQD,36.362,120.087,2026-06-30,21.8,28.5,24,open_meteo_era5_reanalysis,2026-09-11T14:25:42.227983+00:00
ZSQD,36.362,120.087,2026-07-01,20.2,30.6,24,open_meteo_era5_reanalysis,2026-09-11T14:25:42.227986+00:00
ZSQD,36.362,120.087,2026-07-02,21.5,32.7,24,open_meteo_era5_reanalysis,2026-09-11T14:25:42.227988+00:00
ZSQD,36.362,120.087,2026-07-03,24.5,34.2,24,open_meteo_era5_reanalysis,2026-09-11T14:25:42.227991+00:00
ZSQD,36.362,120.087,2026-07-04,22.8,33.3,24,open_meteo_era5_reanalysis,2026-09-11T14:25:42.227993+00:00
ZSQD,36.362,120.087,2026-07-05,23.5,36.9,24,open_meteo_era5_reanalysis,2026-09-11T14:25:42.227996+00:00
ZSQD,36.362,120.087,2026-07-06,24.0,36.4,24,open_meteo_era5_reanalysis,2026-09-11T14:25:42.227998+00:00
ZSQD,36.362,120.087,2026-07-07,20.4,24.2,24,open_meteo_era5_reanalysis,2026-09-11T14:25:42.228001+00:00
ZSQD,36.362,120.087,2026-07-08,20.1,31.6,24,open_meteo_era5_reanalysis,2026-09-11T14:25:42.228004+00:00
ZSQD,36.362,120.087,2026-07-09,23.3,31.2,24,open_meteo_era5_reanalysis,2026-09-11T14:25:42.228006+00:00
ZSQD,36.362,120.087,2026-07-10,25.7,32.8,24,open_meteo_era5_reanalysis,2026-09-11T14:25:42.228009+00:00
ZSQD,36.362,120.087,2026-07-11,25.3,31.2,24,open_meteo_era5_reanalysis,2026-09-11T14:25:42.228011+00:00
ZSQD,36.362,120.087,2026-07-12,25.1,32.3,24,open_meteo_era5_reanalysis,2026-09-11T14:26:10.416686+00:00
ZSQD,36.362,120.087,2026-07-13,25.4,28.5,24,open_meteo_era5_reanalysis,2026-09-11T14:26:10.416689+00:00
ZSQD,36.362,120.087,2026-07-14,23.5,31.2,24,open_meteo_era5_reanalysis,2026-09-11T14:26:10.416692+00:00
ZSQD,36.362,120.087,2026-07-15,22.0,31.3,24,open_meteo_era5_reanalysis,2026-09-11T14:26:10.416695+00:00
ZSQD,36.362,120.087,2026-07-16,21.5,30.4,24,open_meteo_era5_reanalysis,2026-09-11T14:26:10.416698+00:00
ZSQD,36.362,120.087,2026-07-17,22.5,26.4,24,open_meteo_era5_reanalysis,2026-09-11T14:26:10.416700+00:00
ZSQD,36.362,120.087,2026-07-18,21.7,30.1,24,open_meteo_era5_reanalysis,2026-09-11T14:26:10.416703+00:00
ZSQD,36.362,120.087,2026-07-19,22.4,29.6,24,open_meteo_era5_reanalysis,2026-09-11T14:26:10.416705+00:00
ZSQD,36.362,120.087,2026-07-20,21.3,30.1,24,open_meteo_era5_reanalysis,2026-09-11T14:26:10.416708+00:00
ZSQD,36.362,120.087,2026-07-21,20.6,32.1,24,open_meteo_era5_reanalysis,2026-09-11T14:26:10.416710+00:00
ZSQD,36.362,120.087,2026-07-22,22.8,28.8,24,open_meteo_era5_reanalysis,2026-09-11T14:26:10.416713+00:00
ZSQD,36.362,120.087,2026-07-23,23.1,31.6,24,open_meteo_era5_reanalysis,2026-09-11T14:26:10.416716+00:00
ZSQD,36.362,120.087,2026-07-24,23.8,31.4,24,open_meteo_era5_reanalysis,2026-09-11T14:26:10.416718+00:00
ZSQD,36.362,120.087,2026-07-25,24.0,32.4,24,open_meteo_era5_reanalysis,2026-09-11T14:26:10.416721+00:00
ZSQD,36.362,120.087,2026-07-26,23.9,32.7,24,open_meteo_era5_reanalysis,2026-09-11T14:26:10.416723+00:00
ZSQD,36.362,120.087,2026-07-27,24.9,32.5,24,open_meteo_era5_reanalysis,2026-09-11T14:26:10.416726+00:00
ZSQD,36.362,120.087,2026-07-28,25.7,33.1,24,open_meteo_era5_reanalysis,2026-09-11T14:26:10.416728+00:00
ZSQD,36.362,120.087,2026-07-29,25.8,32.9,24,open_meteo_era5_reanalysis,2026-09-11T14:26:10.416731+00:00
ZSQD,36.362,120.087,2026-07-30,26.3,34.1,24,open_meteo_era5_reanalysis,2026-09-11T14:26:10.416734+00:00
ZSQD,36.362,120.087,2026-07-31,27.5,36.0,24,open_meteo_era5_reanalysis,2026-09-11T14:26:10.416736+00:00
ZSQD,36.362,120.087,2026-08-01,28.0,36.6,24,open_meteo_era5_reanalysis,2026-09-11T14:26:10.416739+00:00
ZSQD,36.362,120.087,2026-08-02,27.9,36.9,24,open_meteo_era5_reanalysis,2026-09-11T14:26:10.416741+00:00
ZSQD,36.362,120.087,2026-08-03,27.6,35.8,24,open_meteo_era5_reanalysis,2026-09-11T14:26:10.416744+00:00
ZSQD,36.362,120.087,2026-08-04,25.3,36.1,24,open_meteo_era5_reanalysis,2026-09-11T14:26:10.416746+00:00
ZSQD,36.362,120.087,2026-08-05,23.0,36.3,24,open_meteo_era5_reanalysis,2026-09-11T14:26:10.416749+00:00
ZSQD,36.362,120.087,2026-08-06,24.8,37.9,24,open_meteo_era5_reanalysis,2026-09-11T14:26:10.416751+00:00
ZSQD,36.362,120.087,2026-08-07,25.7,38.2,24,open_meteo_era5_reanalysis,2026-09-11T14:26:10.416754+00:00
ZSQD,36.362,120.087,2026-08-08,25.7,35.1,24,open_meteo_era5_reanalysis,2026-09-11T14:26:10.416756+00:00
ZSQD,36.362,120.087,2026-08-09,24.5,34.1,24,open_meteo_era5_reanalysis,2026-09-11T14:26:10.416759+00:00
ZSQD,36.362,120.087,2026-08-10,25.1,32.3,24,open_meteo_era5_reanalysis,2026-09-11T14:26:10.416761+00:00
ZSQD,36.362,120.087,2026-08-11,25.7,31.7,24,open_meteo_era5_reanalysis,2026-09-11T14:26:38.630540+00:00
ZSQD,36.362,120.087,2026-08-12,24.8,30.4,24,open_meteo_era5_reanalysis,2026-09-11T14:26:38.630543+00:00
ZSQD,36.362,120.087,2026-08-13,23.4,29.4,24,open_meteo_era5_reanalysis,2026-09-11T14:26:38.630546+00:00
ZSQD,36.362,120.087,2026-08-14,22.9,31.9,24,open_meteo_era5_reanalysis,2026-09-11T14:26:38.630549+00:00
ZSQD,36.362,120.087,2026-08-15,23.2,30.6,24,open_meteo_era5_reanalysis,2026-09-11T14:26:38.630551+00:00
ZSQD,36.362,120.087,2026-08-16,22.8,32.3,24,open_meteo_era5_reanalysis,2026-09-11T14:26:38.630554+00:00
ZSQD,36.362,120.087,2026-08-17,23.1,31.5,24,open_meteo_era5_reanalysis,2026-09-11T14:26:38.630557+00:00
ZSQD,36.362,120.087,2026-08-18,21.8,32.6,24,open_meteo_era5_reanalysis,2026-09-11T14:26:38.630559+00:00
ZSQD,36.362,120.087,2026-08-19,24.0,31.6,24,open_meteo_era5_reanalysis,2026-09-11T14:26:38.630562+00:00
ZSQD,36.362,120.087,2026-08-20,24.4,31.6,24,open_meteo_era5_reanalysis,2026-09-11T14:26:38.630565+00:00
ZSQD,36.362,120.087,2026-08-21,23.9,29.7,24,open_meteo_era5_reanalysis,2026-09-11T14:26:38.630567+00:00
ZSQD,36.362,120.087,2026-08-22,23.4,32.0,24,open_meteo_era5_reanalysis,2026-09-11T14:26:38.630570+00:00
ZSQD,36.362,120.087,2026-08-23,24.3,30.5,24,open_meteo_era5_reanalysis,2026-09-11T14:26:38.630572+00:00
ZSQD,36.362,120.087,2026-08-24,26.4,31.2,24,open_meteo_era5_reanalysis,2026-09-11T14:26:38.630575+00:00
ZSQD,36.362,120.087,2026-08-25,26.0,32.3,24,open_meteo_era5_reanalysis,2026-09-11T14:26:38.630578+00:00
ZSQD,36.362,120.087,2026-08-26,25.1,33.2,24,open_meteo_era5_reanalysis,2026-09-11T14:26:38.630581+00:00
ZSQD,36.362,120.087,2026-08-27,24.5,27.8,24,open_meteo_era5_reanalysis,2026-09-11T14:26:38.630583+00:00
ZSQD,36.362,120.087,2026-08-28,23.0,26.8,24,open_meteo_era5_reanalysis,2026-09-11T14:26:38.630586+00:00
ZSQD,36.362,120.087,2026-08-29,22.3,27.8,24,open_meteo_era5_reanalysis,2026-09-11T14:26:38.630589+00:00
ZSQD,36.362,120.087,2026-08-30,21.7,26.3,24,open_meteo_era5_reanalysis,2026-09-11T14:26:38.630604+00:00
ZSQD,36.362,120.087,2026-08-31,20.7,29.6,24,open_meteo_era5_reanalysis,2026-09-11T14:26:38.630607+00:00
ZSQD,36.362,120.087,2026-09-01,19.1,28.7,24,open_meteo_era5_reanalysis,2026-09-11T14:26:38.630610+00:00
ZSQD,36.362,120.087,2026-09-02,17.5,28.5,24,open_meteo_era5_reanalysis,2026-09-11T14:26:38.630613+00:00
ZSQD,36.362,120.087,2026-09-03,17.5,29.4,24,open_meteo_era5_reanalysis,2026-09-11T14:26:38.630615+00:00
ZSQD,36.362,120.087,2026-09-04,17.5,30.4,24,open_meteo_era5_reanalysis,2026-09-11T14:26:38.630618+00:00
ZSQD,36.362,120.087,2026-09-05,18.2,30.7,24,open_meteo_era5_reanalysis,2026-09-11T14:26:38.630621+00:00
ZSQD,36.362,120.087,2026-09-06,18.2,29.4,24,open_meteo_era5_reanalysis,2026-09-11T14:26:38.630624+00:00
ZSQD,36.362,120.087,2026-09-07,18.3,29.7,24,open_meteo_era5_reanalysis,2026-09-11T14:26:38.630626+00:00
ZSQD,36.362,120.087,2026-09-08,19.3,27.1,24,open_meteo_era5_reanalysis,2026-09-11T14:26:38.630629+00:00
ZSQD,36.362,120.087,2026-09-09,17.5,25.5,24,open_meteo_era5_reanalysis,2026-09-11T14:26:38.630631+00:00
ZUCK,29.718,106.639,2026-06-12,19.0,23.0,24,open_meteo_era5_reanalysis,2026-09-11T14:25:42.228218+00:00
ZUCK,29.718,106.639,2026-06-13,18.4,26.5,24,open_meteo_era5_reanalysis,2026-09-11T14:25:42.228220+00:00
ZUCK,29.718,106.639,2026-06-14,18.3,29.3,24,open_meteo_era5_reanalysis,2026-09-11T14:25:42.228223+00:00
ZUCK,29.718,106.639,2026-06-15,22.8,28.6,24,open_meteo_era5_reanalysis,2026-09-11T14:25:42.228226+00:00
ZUCK,29.718,106.639,2026-06-16,23.0,28.3,24,open_meteo_era5_reanalysis,2026-09-11T14:25:42.228228+00:00
ZUCK,29.718,106.639,2026-06-17,21.9,24.8,24,open_meteo_era5_reanalysis,2026-09-11T14:25:42.228231+00:00
ZUCK,29.718,106.639,2026-06-18,21.4,24.8,24,open_meteo_era5_reanalysis,2026-09-11T14:25:42.228234+00:00
ZUCK,29.718,106.639,2026-06-19,19.6,28.8,24,open_meteo_era5_reanalysis,2026-09-11T14:25:42.228236+00:00
ZUCK,29.718,106.639,2026-06-20,22.3,31.3,24,open_meteo_era5_reanalysis,2026-09-11T14:25:42.228239+00:00
ZUCK,29.718,106.639,2026-06-21,23.2,28.0,24,open_meteo_era5_reanalysis,2026-09-11T14:25:42.228241+00:00
ZUCK,29.718,106.639,2026-06-22,22.0,24.7,24,open_meteo_era5_reanalysis,2026-09-11T14:25:42.228244+00:00
ZUCK,29.718,106.639,2026-06-23,21.9,26.0,24,open_meteo_era5_reanalysis,2026-09-11T14:25:42.228246+00:00
ZUCK,29.718,106.639,2026-06-24,22.4,27.3,24,open_meteo_era5_reanalysis,2026-09-11T14:25:42.228249+00:00
ZUCK,29.718,106.639,2026-06-25,22.5,25.1,24,open_meteo_era5_reanalysis,2026-09-11T14:25:42.228252+00:00
ZUCK,29.718,106.639,2026-06-26,20.7,24.7,24,open_meteo_era5_reanalysis,2026-09-11T14:25:42.228254+00:00
ZUCK,29.718,106.639,2026-06-27,19.2,26.9,24,open_meteo_era5_reanalysis,2026-09-11T14:25:42.228257+00:00
ZUCK,29.718,106.639,2026-06-28,22.4,24.2,24,open_meteo_era5_reanalysis,2026-09-11T14:25:42.228259+00:00
ZUCK,29.718,106.639,2026-06-29,20.9,22.8,24,open_meteo_era5_reanalysis,2026-09-11T14:25:42.228262+00:00
ZUCK,29.718,106.639,2026-06-30,20.8,25.3,24,open_meteo_era5_reanalysis,2026-09-11T14:25:42.228264+00:00
ZUCK,29.718,106.639,2026-07-01,21.9,29.9,24,open_meteo_era5_reanalysis,2026-09-11T14:25:42.228267+00:00
ZUCK,29.718,106.639,2026-07-02,21.7,25.6,24,open_meteo_era5_reanalysis,2026-09-11T14:25:42.228269+00:00
ZUCK,29.718,106.639,2026-07-03,21.9,26.8,24,open_meteo_era5_reanalysis,2026-09-11T14:25:42.228272+00:00
ZUCK,29.718,106.639,2026-07-04,21.9,29.6,24,open_meteo_era5_reanalysis,2026-09-11T14:25:42.228274+00:00
ZUCK,29.718,106.639,2026-07-05,23.9,32.3,24,open_meteo_era5_reanalysis,2026-09-11T14:25:42.228277+00:00
ZUCK,29.718,106.639,2026-07-06,24.8,32.9,24,open_meteo_era5_reanalysis,2026-09-11T14:25:42.228280+00:00
ZUCK,29.718,106.639,2026-07-07,25.8,35.3,24,open_meteo_era5_reanalysis,2026-09-11T14:25:42.228282+00:00
ZUCK,29.718,106.639,2026-07-08,25.2,34.4,24,open_meteo_era5_reanalysis,2026-09-11T14:25:42.228285+00:00
ZUCK,29.718,106.639,2026-07-09,26.1,35.0,24,open_meteo_era5_reanalysis,2026-09-11T14:25:42.228287+00:00
ZUCK,29.718,106.639,2026-07-10,27.7,35.8,24,open_meteo_era5_reanalysis,2026-09-11T14:25:42.228290+00:00
ZUCK,29.718,106.639,2026-07-11,28.5,35.6,24,open_meteo_era5_reanalysis,2026-09-11T14:25:42.228292+00:00
ZUCK,29.718,106.639,2026-07-12,26.9,34.4,24,open_meteo_era5_reanalysis,2026-09-11T14:26:10.416974+00:00
ZUCK,29.718,106.639,2026-07-13,25.4,36.1,24,open_meteo_era5_reanalysis,2026-09-11T14:26:10.416977+00:00
ZUCK,29.718,106.639,2026-07-14,29.2,39.4,24,open_meteo_era5_reanalysis,2026-09-11T14:26:10.416980+00:00
ZUCK,29.718,106.639,2026-07-15,29.4,39.0,24,open_meteo_era5_reanalysis,2026-09-11T14:26:10.416982+00:00
ZUCK,29.718,106.639,2026-07-16,30.0,38.2,24,open_meteo_era5_reanalysis,2026-09-11T14:26:10.416985+00:00
ZUCK,29.718,106.639,2026-07-17,26.0,34.8,24,open_meteo_era5_reanalysis,2026-09-11T14:26:10.416987+00:00
ZUCK,29.718,106.639,2026-07-18,25.2,33.2,24,open_meteo_era5_reanalysis,2026-09-11T14:26:10.416990+00:00
ZUCK,29.718,106.639,2026-07-19,25.5,33.6,24,open_meteo_era5_reanalysis,2026-09-11T14:26:10.416993+00:00
ZUCK,29.718,106.639,2026-07-20,24.1,35.8,24,open_meteo_era5_reanalysis,2026-09-11T14:26:10.416995+00:00
ZUCK,29.718,106.639,2026-07-21,26.4,36.6,24,open_meteo_era5_reanalysis,2026-09-11T14:26:10.416998+00:00
ZUCK,29.718,106.639,2026-07-22,27.0,36.9,24,open_meteo_era5_reanalysis,2026-09-11T14:26:10.417000+00:00
ZUCK,29.718,106.639,2026-07-23,26.1,37.8,24,open_meteo_era5_reanalysis,2026-09-11T14:26:10.417003+00:00
ZUCK,29.718,106.639,2026-07-24,28.6,38.1,24,open_meteo_era5_reanalysis,2026-09-11T14:26:10.417005+00:00
ZUCK,29.718,106.639,2026-07-25,27.4,37.8,24,open_meteo_era5_reanalysis,2026-09-11T14:26:10.417008+00:00
ZUCK,29.718,106.639,2026-07-26,28.6,38.5,24,open_meteo_era5_reanalysis,2026-09-11T14:26:10.417010+00:00
ZUCK,29.718,106.639,2026-07-27,29.1,37.7,24,open_meteo_era5_reanalysis,2026-09-11T14:26:10.417013+00:00
ZUCK,29.718,106.639,2026-07-28,25.5,34.6,24,open_meteo_era5_reanalysis,2026-09-11T14:26:10.417015+00:00
ZUCK,29.718,106.639,2026-07-29,26.0,36.1,24,open_meteo_era5_reanalysis,2026-09-11T14:26:10.417018+00:00
ZUCK,29.718,106.639,2026-07-30,29.1,37.8,24,open_meteo_era5_reanalysis,2026-09-11T14:26:10.417020+00:00
ZUCK,29.718,106.639,2026-07-31,29.7,38.7,24,open_meteo_era5_reanalysis,2026-09-11T14:26:10.417023+00:00
ZUCK,29.718,106.639,2026-08-01,27.0,37.0,24,open_meteo_era5_reanalysis,2026-09-11T14:26:10.417026+00:00
ZUCK,29.718,106.639,2026-08-02,24.4,30.3,24,open_meteo_era5_reanalysis,2026-09-11T14:26:10.417029+00:00
ZUCK,29.718,106.639,2026-08-03,22.0,25.4,24,open_meteo_era5_reanalysis,2026-09-11T14:26:10.417031+00:00
ZUCK,29.718,106.639,2026-08-04,21.9,30.4,24,open_meteo_era5_reanalysis,2026-09-11T14:26:10.417034+00:00
ZUCK,29.718,106.639,2026-08-05,23.8,32.5,24,open_meteo_era5_reanalysis,2026-09-11T14:26:10.417036+00:00
ZUCK,29.718,106.639,2026-08-06,23.0,32.7,24,open_meteo_era5_reanalysis,2026-09-11T14:26:10.417039+00:00
ZUCK,29.718,106.639,2026-08-07,23.1,30.0,24,open_meteo_era5_reanalysis,2026-09-11T14:26:10.417041+00:00
ZUCK,29.718,106.639,2026-08-08,23.0,28.0,24,open_meteo_era5_reanalysis,2026-09-11T14:26:10.417044+00:00
ZUCK,29.718,106.639,2026-08-09,23.3,30.3,24,open_meteo_era5_reanalysis,2026-09-11T14:26:10.417047+00:00
ZUCK,29.718,106.639,2026-08-10,24.5,32.7,24,open_meteo_era5_reanalysis,2026-09-11T14:26:10.417049+00:00
ZUCK,29.718,106.639,2026-08-11,24.4,33.6,24,open_meteo_era5_reanalysis,2026-09-11T14:26:38.630847+00:00
ZUCK,29.718,106.639,2026-08-12,25.2,35.4,24,open_meteo_era5_reanalysis,2026-09-11T14:26:38.630850+00:00
ZUCK,29.718,106.639,2026-08-13,24.5,35.1,24,open_meteo_era5_reanalysis,2026-09-11T14:26:38.630852+00:00
ZUCK,29.718,106.639,2026-08-14,24.8,34.9,24,open_meteo_era5_reanalysis,2026-09-11T14:26:38.630855+00:00
ZUCK,29.718,106.639,2026-08-15,26.2,35.4,24,open_meteo_era5_reanalysis,2026-09-11T14:26:38.630858+00:00
ZUCK,29.718,106.639,2026-08-16,26.7,37.1,24,open_meteo_era5_reanalysis,2026-09-11T14:26:38.630860+00:00
ZUCK,29.718,106.639,2026-08-17,28.1,35.9,24,open_meteo_era5_reanalysis,2026-09-11T14:26:38.630863+00:00
ZUCK,29.718,106.639,2026-08-18,25.6,33.5,24,open_meteo_era5_reanalysis,2026-09-11T14:26:38.630866+00:00
ZUCK,29.718,106.639,2026-08-19,24.4,31.2,24,open_meteo_era5_reanalysis,2026-09-11T14:26:38.630868+00:00
ZUCK,29.718,106.639,2026-08-20,24.6,31.7,24,open_meteo_era5_reanalysis,2026-09-11T14:26:38.630871+00:00
ZUCK,29.718,106.639,2026-08-21,24.3,32.4,24,open_meteo_era5_reanalysis,2026-09-11T14:26:38.630873+00:00
ZUCK,29.718,106.639,2026-08-22,25.7,35.6,24,open_meteo_era5_reanalysis,2026-09-11T14:26:38.630876+00:00
ZUCK,29.718,106.639,2026-08-23,24.8,36.9,24,open_meteo_era5_reanalysis,2026-09-11T14:26:38.630879+00:00
ZUCK,29.718,106.639,2026-08-24,26.8,36.5,24,open_meteo_era5_reanalysis,2026-09-11T14:26:38.630881+00:00
ZUCK,29.718,106.639,2026-08-25,26.0,37.7,24,open_meteo_era5_reanalysis,2026-09-11T14:26:38.630884+00:00
ZUCK,29.718,106.639,2026-08-26,26.4,36.9,24,open_meteo_era5_reanalysis,2026-09-11T14:26:38.630886+00:00
ZUCK,29.718,106.639,2026-08-27,27.7,36.4,24,open_meteo_era5_reanalysis,2026-09-11T14:26:38.630889+00:00
ZUCK,29.718,106.639,2026-08-28,24.6,36.4,24,open_meteo_era5_reanalysis,2026-09-11T14:26:38.630892+00:00
ZUCK,29.718,106.639,2026-08-29,23.5,26.8,24,open_meteo_era5_reanalysis,2026-09-11T14:26:38.630894+00:00
ZUCK,29.718,106.639,2026-08-30,22.3,29.8,24,open_meteo_era5_reanalysis,2026-09-11T14:26:38.630897+00:00
ZUCK,29.718,106.639,2026-08-31,23.1,32.6,24,open_meteo_era5_reanalysis,2026-09-11T14:26:38.630900+00:00
ZUCK,29.718,106.639,2026-09-01,22.0,32.6,24,open_meteo_era5_reanalysis,2026-09-11T14:26:38.630902+00:00
ZUCK,29.718,106.639,2026-09-02,20.7,32.4,24,open_meteo_era5_reanalysis,2026-09-11T14:26:38.630905+00:00
ZUCK,29.718,106.639,2026-09-03,21.6,32.7,24,open_meteo_era5_reanalysis,2026-09-11T14:26:38.630907+00:00
ZUCK,29.718,106.639,2026-09-04,24.8,33.0,24,open_meteo_era5_reanalysis,2026-09-11T14:26:38.630910+00:00
ZUCK,29.718,106.639,2026-09-05,25.0,34.2,24,open_meteo_era5_reanalysis,2026-09-11T14:26:38.630912+00:00
ZUCK,29.718,106.639,2026-09-06,25.8,35.8,24,open_meteo_era5_reanalysis,2026-09-11T14:26:38.630915+00:00
ZUCK,29.718,106.639,2026-09-07,26.2,36.4,24,open_meteo_era5_reanalysis,2026-09-11T14:26:38.630917+00:00
ZUCK,29.718,106.639,2026-09-08,26.1,36.8,24,open_meteo_era5_reanalysis,2026-09-11T14:26:38.630920+00:00
ZUCK,29.718,106.639,2026-09-09,24.0,34.9,24,open_meteo_era5_reanalysis,2026-09-11T14:26:38.630923+00:00
ZUUU,30.576,103.95,2026-06-12,20.3,29.6,24,open_meteo_era5_reanalysis,2026-09-11T14:25:42.228506+00:00
ZUUU,30.576,103.95,2026-06-13,20.6,31.0,24,open_meteo_era5_reanalysis,2026-09-11T14:25:42.228509+00:00
ZUUU,30.576,103.95,2026-06-14,22.5,33.0,24,open_meteo_era5_reanalysis,2026-09-11T14:25:42.228511+00:00
ZUUU,30.576,103.95,2026-06-15,24.3,29.3,24,open_meteo_era5_reanalysis,2026-09-11T14:25:42.228514+00:00
ZUUU,30.576,103.95,2026-06-16,22.1,27.3,24,open_meteo_era5_reanalysis,2026-09-11T14:25:42.228517+00:00
ZUUU,30.576,103.95,2026-06-17,21.1,25.9,24,open_meteo_era5_reanalysis,2026-09-11T14:25:42.228519+00:00
ZUUU,30.576,103.95,2026-06-18,20.5,29.0,24,open_meteo_era5_reanalysis,2026-09-11T14:25:42.228522+00:00
ZUUU,30.576,103.95,2026-06-19,20.6,30.7,24,open_meteo_era5_reanalysis,2026-09-11T14:25:42.228524+00:00
ZUUU,30.576,103.95,2026-06-20,21.9,25.9,24,open_meteo_era5_reanalysis,2026-09-11T14:25:42.228527+00:00
ZUUU,30.576,103.95,2026-06-21,20.3,24.6,24,open_meteo_era5_reanalysis,2026-09-11T14:25:42.228530+00:00
ZUUU,30.576,103.95,2026-06-22,21.1,29.8,24,open_meteo_era5_reanalysis,2026-09-11T14:25:42.228532+00:00
ZUUU,30.576,103.95,2026-06-23,22.4,27.6,24,open_meteo_era5_reanalysis,2026-09-11T14:25:42.228535+00:00
ZUUU,30.576,103.95,2026-06-24,22.0,26.4,24,open_meteo_era5_reanalysis,2026-09-11T14:25:42.228537+00:00
ZUUU,30.576,103.95,2026-06-25,21.4,24.9,24,open_meteo_era5_reanalysis,2026-09-11T14:25:42.228540+00:00
ZUUU,30.576,103.95,2026-06-26,21.9,29.4,24,open_meteo_era5_reanalysis,2026-09-11T14:25:42.228543+00:00
ZUUU,30.576,103.95,2026-06-27,20.6,28.0,24,open_meteo_era5_reanalysis,2026-09-11T14:25:42.228545+00:00
ZUUU,30.576,103.95,2026-06-28,20.5,29.2,24,open_meteo_era5_reanalysis,2026-09-11T14:25:42.228548+00:00
ZUUU,30.576,103.95,2026-06-29,21.7,30.6,24,open_meteo_era5_reanalysis,2026-09-11T14:25:42.228550+00:00
ZUUU,30.576,103.95,2026-06-30,22.3,29.6,24,open_meteo_era5_reanalysis,2026-09-11T14:25:42.228553+00:00
ZUUU,30.576,103.95,2026-07-01,22.3,30.2,24,open_meteo_era5_reanalysis,2026-09-11T14:25:42.228555+00:00
ZUUU,30.576,103.95,2026-07-02,22.7,31.3,24,open_meteo_era5_reanalysis,2026-09-11T14:25:42.228558+00:00
ZUUU,30.576,103.95,2026-07-03,21.5,29.5,24,open_meteo_era5_reanalysis,2026-09-11T14:25:42.228560+00:00
ZUUU,30.576,103.95,2026-07-04,22.4,33.1,24,open_meteo_era5_reanalysis,2026-09-11T14:25:42.228563+00:00
ZUUU,30.576,103.95,2026-07-05,24.2,37.5,24,open_meteo_era5_reanalysis,2026-09-11T14:25:42.228566+00:00
ZUUU,30.576,103.95,2026-07-06,27.3,37.5,24,open_meteo_era5_reanalysis,2026-09-11T14:25:42.228568+00:00
ZUUU,30.576,103.95,2026-07-07,27.3,37.9,24,open_meteo_era5_reanalysis,2026-09-11T14:25:42.228571+00:00
ZUUU,30.576,103.95,2026-07-08,24.8,37.9,24,open_meteo_era5_reanalysis,2026-09-11T14:25:42.228573+00:00
ZUUU,30.576,103.95,2026-07-09,27.0,38.7,24,open_meteo_era5_reanalysis,2026-09-11T14:25:42.228576+00:00
ZUUU,30.576,103.95,2026-07-10,25.7,37.9,24,open_meteo_era5_reanalysis,2026-09-11T14:25:42.228578+00:00
ZUUU,30.576,103.95,2026-07-11,24.5,31.6,24,open_meteo_era5_reanalysis,2026-09-11T14:25:42.228581+00:00
ZUUU,30.576,103.95,2026-07-12,24.9,33.0,24,open_meteo_era5_reanalysis,2026-09-11T14:26:10.417259+00:00
ZUUU,30.576,103.95,2026-07-13,24.4,35.8,24,open_meteo_era5_reanalysis,2026-09-11T14:26:10.417262+00:00
ZUUU,30.576,103.95,2026-07-14,26.0,37.7,24,open_meteo_era5_reanalysis,2026-09-11T14:26:10.417265+00:00
ZUUU,30.576,103.95,2026-07-15,25.6,37.0,24,open_meteo_era5_reanalysis,2026-09-11T14:26:10.417268+00:00
ZUUU,30.576,103.95,2026-07-16,25.9,38.6,24,open_meteo_era5_reanalysis,2026-09-11T14:26:10.417270+00:00
ZUUU,30.576,103.95,2026-07-17,25.6,30.9,24,open_meteo_era5_reanalysis,2026-09-11T14:26:10.417273+00:00
ZUUU,30.576,103.95,2026-07-18,24.6,34.8,24,open_meteo_era5_reanalysis,2026-09-11T14:26:10.417275+00:00
ZUUU,30.576,103.95,2026-07-19,22.1,37.2,24,open_meteo_era5_reanalysis,2026-09-11T14:26:10.417278+00:00
ZUUU,30.576,103.95,2026-07-20,23.5,38.9,24,open_meteo_era5_reanalysis,2026-09-11T14:26:10.417281+00:00
ZUUU,30.576,103.95,2026-07-21,25.4,39.6,24,open_meteo_era5_reanalysis,2026-09-11T14:26:10.417283+00:00
ZUUU,30.576,103.95,2026-07-22,26.0,40.2,24,open_meteo_era5_reanalysis,2026-09-11T14:26:10.417286+00:00
ZUUU,30.576,103.95,2026-07-23,28.1,39.3,24,open_meteo_era5_reanalysis,2026-09-11T14:26:10.417289+00:00
ZUUU,30.576,103.95,2026-07-24,27.8,39.5,24,open_meteo_era5_reanalysis,2026-09-11T14:26:10.417291+00:00
ZUUU,30.576,103.95,2026-07-25,28.3,40.7,24,open_meteo_era5_reanalysis,2026-09-11T14:26:10.417294+00:00
ZUUU,30.576,103.95,2026-07-26,29.0,38.9,24,open_meteo_era5_reanalysis,2026-09-11T14:26:10.417296+00:00
ZUUU,30.576,103.95,2026-07-27,23.6,30.5,24,open_meteo_era5_reanalysis,2026-09-11T14:26:10.417299+00:00
ZUUU,30.576,103.95,2026-07-28,22.9,30.2,24,open_meteo_era5_reanalysis,2026-09-11T14:26:10.417302+00:00
ZUUU,30.576,103.95,2026-07-29,23.5,31.6,24,open_meteo_era5_reanalysis,2026-09-11T14:26:10.417304+00:00
ZUUU,30.576,103.95,2026-07-30,23.2,27.6,24,open_meteo_era5_reanalysis,2026-09-11T14:26:10.417307+00:00
ZUUU,30.576,103.95,2026-07-31,22.9,28.0,24,open_meteo_era5_reanalysis,2026-09-11T14:26:10.417310+00:00
ZUUU,30.576,103.95,2026-08-01,23.0,27.3,24,open_meteo_era5_reanalysis,2026-09-11T14:26:10.417312+00:00
ZUUU,30.576,103.95,2026-08-02,22.4,27.9,24,open_meteo_era5_reanalysis,2026-09-11T14:26:10.417315+00:00
ZUUU,30.576,103.95,2026-08-03,21.1,31.0,24,open_meteo_era5_reanalysis,2026-09-11T14:26:10.417317+00:00
ZUUU,30.576,103.95,2026-08-04,22.8,30.6,24,open_meteo_era5_reanalysis,2026-09-11T14:26:10.417320+00:00
ZUUU,30.576,103.95,2026-08-05,23.3,31.2,24,open_meteo_era5_reanalysis,2026-09-11T14:26:10.417322+00:00
ZUUU,30.576,103.95,2026-08-06,22.7,28.9,24,open_meteo_era5_reanalysis,2026-09-11T14:26:10.417325+00:00
ZUUU,30.576,103.95,2026-08-07,21.3,30.4,24,open_meteo_era5_reanalysis,2026-09-11T14:26:10.417328+00:00
ZUUU,30.576,103.95,2026-08-08,23.8,30.3,24,open_meteo_era5_reanalysis,2026-09-11T14:26:10.417330+00:00
ZUUU,30.576,103.95,2026-08-09,23.0,31.6,24,open_meteo_era5_reanalysis,2026-09-11T14:26:10.417333+00:00
ZUUU,30.576,103.95,2026-08-10,24.2,33.5,24,open_meteo_era5_reanalysis,2026-09-11T14:26:10.417335+00:00
ZUUU,30.576,103.95,2026-08-11,25.8,33.6,24,open_meteo_era5_reanalysis,2026-09-11T14:26:38.631139+00:00
ZUUU,30.576,103.95,2026-08-12,24.5,34.1,24,open_meteo_era5_reanalysis,2026-09-11T14:26:38.631142+00:00
ZUUU,30.576,103.95,2026-08-13,23.4,35.3,24,open_meteo_era5_reanalysis,2026-09-11T14:26:38.631145+00:00
ZUUU,30.576,103.95,2026-08-14,25.1,35.4,24,open_meteo_era5_reanalysis,2026-09-11T14:26:38.631147+00:00
ZUUU,30.576,103.95,2026-08-15,25.9,35.2,24,open_meteo_era5_reanalysis,2026-09-11T14:26:38.631150+00:00
ZUUU,30.576,103.95,2026-08-16,25.7,33.2,24,open_meteo_era5_reanalysis,2026-09-11T14:26:38.631152+00:00
ZUUU,30.576,103.95,2026-08-17,21.6,24.8,24,open_meteo_era5_reanalysis,2026-09-11T14:26:38.631155+00:00
ZUUU,30.576,103.95,2026-08-18,21.3,23.3,24,open_meteo_era5_reanalysis,2026-09-11T14:26:38.631157+00:00
ZUUU,30.576,103.95,2026-08-19,21.0,26.8,24,open_meteo_era5_reanalysis,2026-09-11T14:26:38.631160+00:00
ZUUU,30.576,103.95,2026-08-20,21.7,27.3,24,open_meteo_era5_reanalysis,2026-09-11T14:26:38.631163+00:00
ZUUU,30.576,103.95,2026-08-21,22.1,29.9,24,open_meteo_era5_reanalysis,2026-09-11T14:26:38.631165+00:00
ZUUU,30.576,103.95,2026-08-22,23.0,30.6,24,open_meteo_era5_reanalysis,2026-09-11T14:26:38.631168+00:00
ZUUU,30.576,103.95,2026-08-23,23.6,31.6,24,open_meteo_era5_reanalysis,2026-09-11T14:26:38.631171+00:00
ZUUU,30.576,103.95,2026-08-24,24.6,33.1,24,open_meteo_era5_reanalysis,2026-09-11T14:26:38.631173+00:00
ZUUU,30.576,103.95,2026-08-25,24.6,34.1,24,open_meteo_era5_reanalysis,2026-09-11T14:26:38.631176+00:00
ZUUU,30.576,103.95,2026-08-26,24.1,32.0,24,open_meteo_era5_reanalysis,2026-09-11T14:26:38.631178+00:00
ZUUU,30.576,103.95,2026-08-27,24.4,32.1,24,open_meteo_era5_reanalysis,2026-09-11T14:26:38.631181+00:00
ZUUU,30.576,103.95,2026-08-28,24.3,31.7,24,open_meteo_era5_reanalysis,2026-09-11T14:26:38.631184+00:00
ZUUU,30.576,103.95,2026-08-29,24.4,29.5,24,open_meteo_era5_reanalysis,2026-09-11T14:26:38.631186+00:00
ZUUU,30.576,103.95,2026-08-30,23.4,31.3,24,open_meteo_era5_reanalysis,2026-09-11T14:26:38.631189+00:00
ZUUU,30.576,103.95,2026-08-31,21.0,32.0,24,open_meteo_era5_reanalysis,2026-09-11T14:26:38.631191+00:00
ZUUU,30.576,103.95,2026-09-01,22.3,31.0,24,open_meteo_era5_reanalysis,2026-09-11T14:26:38.631194+00:00
ZUUU,30.576,103.95,2026-09-02,19.8,31.5,24,open_meteo_era5_reanalysis,2026-09-11T14:26:38.631196+00:00
ZUUU,30.576,103.95,2026-09-03,22.5,29.6,24,open_meteo_era5_reanalysis,2026-09-11T14:26:38.631199+00:00
ZUUU,30.576,103.95,2026-09-04,21.2,30.7,24,open_meteo_era5_reanalysis,2026-09-11T14:26:38.631201+00:00
ZUUU,30.576,103.95,2026-09-05,21.3,31.7,24,open_meteo_era5_reanalysis,2026-09-11T14:26:38.631204+00:00
ZUUU,30.576,103.95,2026-09-06,22.5,33.1,24,open_meteo_era5_reanalysis,2026-09-11T14:26:38.631206+00:00
ZUUU,30.576,103.95,2026-09-07,24.5,33.1,24,open_meteo_era5_reanalysis,2026-09-11T14:26:38.631209+00:00
ZUUU,30.576,103.95,2026-09-08,22.9,28.2,24,open_meteo_era5_reanalysis,2026-09-11T14:26:38.631212+00:00
ZUUU,30.576,103.95,2026-09-09,19.1,24.3,24,open_meteo_era5_reanalysis,2026-09-11T14:26:38.631214+00:00
