station,date,min_c,max_c,sample_count,latitude,longitude,source
CYYZ,2026-06-18,15.0,21.0,34,43.679,-79.629,iem_asos_metar
CYYZ,2026-07-04,23.000000000000004,25.0,24,43.679,-79.629,iem_asos_metar
CYYZ,2026-07-21,19.0,24.0,25,43.679,-79.629,iem_asos_metar
CYYZ,2026-08-02,20.0,25.0,25,43.679,-79.629,iem_asos_metar
CYYZ,2026-08-23,16.0,19.0,24,43.679,-79.629,iem_asos_metar
CYYZ,2026-09-02,20.0,28.000000000000004,38,43.679,-79.629,iem_asos_metar
EDDM,2026-06-13,15.0,26.0,24,48.348,11.813,iem_asos_metar
EDDM,2026-06-14,13.0,21.0,24,48.348,11.813,iem_asos_metar
EDDM,2026-06-15,9.000000000000002,21.999999999999996,24,48.348,11.813,iem_asos_metar
EDDM,2026-06-16,5.999999999999998,21.0,24,48.348,11.813,iem_asos_metar
EDDM,2026-06-17,14.000000000000002,26.999999999999996,24,48.348,11.813,iem_asos_metar
EDDM,2026-06-18,13.0,30.0,24,48.348,11.813,iem_asos_metar
EDDM,2026-06-19,14.000000000000002,33.0,24,48.348,11.813,iem_asos_metar
EDDM,2026-06-20,17.0,33.0,24,48.348,11.813,iem_asos_metar
EDDM,2026-06-21,15.0,33.0,24,48.348,11.813,iem_asos_metar
EDDM,2026-06-22,16.0,33.0,24,48.348,11.813,iem_asos_metar
EDDM,2026-06-23,16.0,33.0,24,48.348,11.813,iem_asos_metar
EDDM,2026-06-24,17.0,34.0,24,48.348,11.813,iem_asos_metar
EDDM,2026-06-25,16.0,33.0,24,48.348,11.813,iem_asos_metar
EDDM,2026-06-26,16.0,34.0,24,48.348,11.813,iem_asos_metar
EDDM,2026-06-27,14.000000000000002,36.0,24,48.348,11.813,iem_asos_metar
EDDM,2026-06-28,17.0,35.0,24,48.348,11.813,iem_asos_metar
EDDM,2026-06-29,16.0,30.0,24,48.348,11.813,iem_asos_metar
EDDM,2026-06-30,18.000000000000004,28.000000000000004,24,48.348,11.813,iem_asos_metar
EDDM,2026-07-01,14.000000000000002,21.999999999999996,24,48.348,11.813,iem_asos_metar
EDDM,2026-07-02,12.0,26.999999999999996,24,48.348,11.813,iem_asos_metar
EDDM,2026-07-03,12.0,25.0,24,48.348,11.813,iem_asos_metar
EDDM,2026-07-04,9.000000000000002,26.999999999999996,24,48.348,11.813,iem_asos_metar
EDDM,2026-07-05,15.0,25.0,24,48.348,11.813,iem_asos_metar
EDDM,2026-07-06,16.0,25.0,24,48.348,11.813,iem_asos_metar
EDDM,2026-07-07,17.0,30.0,24,48.348,11.813,iem_asos_metar
EDDM,2026-07-08,13.0,23.000000000000004,24,48.348,11.813,iem_asos_metar
EDDM,2026-07-09,13.0,26.0,24,48.348,11.813,iem_asos_metar
EDDM,2026-07-10,10.999999999999998,29.0,24,48.348,11.813,iem_asos_metar
EDDM,2026-07-11,13.0,30.0,24,48.348,11.813,iem_asos_metar
EDDM,2026-07-12,14.000000000000002,28.000000000000004,24,48.348,11.813,iem_asos_metar
EDDM,2026-07-13,10.999999999999998,31.0,24,48.348,11.813,iem_asos_metar
EDDM,2026-07-14,14.000000000000002,28.000000000000004,24,48.348,11.813,iem_asos_metar
EDDM,2026-07-15,15.0,26.0,24,48.348,11.813,iem_asos_metar
EDDM,2026-07-16,15.0,31.0,24,48.348,11.813,iem_asos_metar
EDDM,2026-07-17,15.0,29.0,24,48.348,11.813,iem_asos_metar
EDDM,2026-07-18,14.000000000000002,26.0,24,48.348,11.813,iem_asos_metar
EDDM,2026-07-19,10.999999999999998,23.000000000000004,24,48.348,11.813,iem_asos_metar
EDDM,2026-07-20,9.000000000000002,23.000000000000004,24,48.348,11.813,iem_asos_metar
EDDM,2026-07-21,7.000000000000001,21.999999999999996,24,48.348,11.813,iem_asos_metar
EDDM,2026-07-22,7.000000000000001,25.0,24,48.348,11.813,iem_asos_metar
EDDM,2026-07-23,9.000000000000002,21.999999999999996,24,48.348,11.813,iem_asos_metar
EDDM,2026-07-24,5.0,25.0,24,48.348,11.813,iem_asos_metar
EDDM,2026-07-25,7.000000000000001,31.0,24,48.348,11.813,iem_asos_metar
EDDM,2026-07-26,18.000000000000004,26.999999999999996,24,48.348,11.813,iem_asos_metar
EDDM,2026-07-27,15.0,25.0,24,48.348,11.813,iem_asos_metar
EDDM,2026-07-28,14.000000000000002,29.0,24,48.348,11.813,iem_asos_metar
EDDM,2026-07-29,10.999999999999998,34.0,24,48.348,11.813,iem_asos_metar
EDDM,2026-07-30,16.0,37.0,24,48.348,11.813,iem_asos_metar
EDDM,2026-07-31,15.0,36.0,24,48.348,11.813,iem_asos_metar
EDDM,2026-08-01,15.0,30.0,24,48.348,11.813,iem_asos_metar
EDDM,2026-08-02,17.0,31.0,24,48.348,11.813,iem_asos_metar
EDDM,2026-08-03,14.000000000000002,36.0,24,48.348,11.813,iem_asos_metar
EDDM,2026-08-04,17.0,36.0,24,48.348,11.813,iem_asos_metar
EDDM,2026-08-05,20.0,34.0,24,48.348,11.813,iem_asos_metar
EDDM,2026-08-06,19.0,24.0,24,48.348,11.813,iem_asos_metar
EDDM,2026-08-07,13.0,28.000000000000004,24,48.348,11.813,iem_asos_metar
EDDM,2026-08-08,12.0,30.0,24,48.348,11.813,iem_asos_metar
EDDM,2026-08-09,10.999999999999998,34.0,24,48.348,11.813,iem_asos_metar
EDDM,2026-08-10,16.0,34.0,24,48.348,11.813,iem_asos_metar
EDDM,2026-08-11,18.000000000000004,30.0,24,48.348,11.813,iem_asos_metar
EDDM,2026-08-12,13.0,30.0,24,48.348,11.813,iem_asos_metar
EDDM,2026-08-13,10.999999999999998,31.0,24,48.348,11.813,iem_asos_metar
EDDM,2026-08-14,9.000000000000002,33.0,24,48.348,11.813,iem_asos_metar
EDDM,2026-08-15,8.0,34.0,24,48.348,11.813,iem_asos_metar
EDDM,2026-08-16,18.000000000000004,32.0,24,48.348,11.813,iem_asos_metar
EDDM,2026-08-17,16.0,26.0,24,48.348,11.813,iem_asos_metar
EDDM,2026-08-18,15.0,19.0,24,48.348,11.813,iem_asos_metar
EDDM,2026-08-19,17.0,31.0,24,48.348,11.813,iem_asos_metar
EDDM,2026-08-20,17.0,25.0,24,48.348,11.813,iem_asos_metar
EDDM,2026-08-21,13.0,21.999999999999996,24,48.348,11.813,iem_asos_metar
EDDM,2026-08-22,10.0,21.0,24,48.348,11.813,iem_asos_metar
EDDM,2026-08-23,8.0,23.000000000000004,24,48.348,11.813,iem_asos_metar
EDDM,2026-08-24,7.000000000000001,24.0,24,48.348,11.813,iem_asos_metar
EDDM,2026-08-25,12.0,17.0,24,48.348,11.813,iem_asos_metar
EDDM,2026-08-26,13.0,26.999999999999996,24,48.348,11.813,iem_asos_metar
EDDM,2026-08-27,14.000000000000002,29.0,24,48.348,11.813,iem_asos_metar
EDDM,2026-08-28,16.0,29.0,24,48.348,11.813,iem_asos_metar
EDDM,2026-08-29,10.999999999999998,25.0,24,48.348,11.813,iem_asos_metar
EDDM,2026-08-30,14.000000000000002,26.999999999999996,24,48.348,11.813,iem_asos_metar
EDDM,2026-08-31,14.000000000000002,25.0,24,48.348,11.813,iem_asos_metar
EDDM,2026-09-01,13.0,24.0,24,48.348,11.813,iem_asos_metar
EDDM,2026-09-02,10.0,25.0,24,48.348,11.813,iem_asos_metar
EDDM,2026-09-03,14.000000000000002,25.0,24,48.348,11.813,iem_asos_metar
EDDM,2026-09-04,18.000000000000004,30.0,24,48.348,11.813,iem_asos_metar
EDDM,2026-09-05,10.999999999999998,24.0,24,48.348,11.813,iem_asos_metar
EDDM,2026-09-06,8.0,24.0,24,48.348,11.813,iem_asos_metar
EDDM,2026-09-07,7.000000000000001,28.000000000000004,24,48.348,11.813,iem_asos_metar
EDDM,2026-09-08,12.0,32.0,24,48.348,11.813,iem_asos_metar
EDDM,2026-09-09,12.0,19.0,24,48.348,11.813,iem_asos_metar
EFHK,2026-06-13,10.0,15.0,24,60.327,24.957,iem_asos_metar
EFHK,2026-06-14,10.0,15.0,24,60.327,24.957,iem_asos_metar
EFHK,2026-06-15,8.0,17.0,24,60.327,24.957,iem_asos_metar
EFHK,2026-06-16,7.000000000000001,21.0,24,60.327,24.957,iem_asos_metar
EFHK,2026-06-17,12.0,16.0,24,60.327,24.957,iem_asos_metar
EFHK,2026-06-18,10.999999999999998,21.999999999999996,24,60.327,24.957,iem_asos_metar
EFHK,2026-06-19,13.0,24.0,24,60.327,24.957,iem_asos_metar
EFHK,2026-06-20,13.0,24.0,24,60.327,24.957,iem_asos_metar
EFHK,2026-06-21,15.0,26.999999999999996,24,60.327,24.957,iem_asos_metar
EFHK,2026-06-22,10.999999999999998,21.999999999999996,24,60.327,24.957,iem_asos_metar
EFHK,2026-06-23,9.000000000000002,20.0,24,60.327,24.957,iem_asos_metar
EFHK,2026-06-24,10.0,18.000000000000004,24,60.327,24.957,iem_asos_metar
EFHK,2026-06-25,10.0,21.0,24,60.327,24.957,iem_asos_metar
EFHK,2026-06-26,12.0,23.000000000000004,24,60.327,24.957,iem_asos_metar
EFHK,2026-06-27,13.0,25.0,24,60.327,24.957,iem_asos_metar
EFHK,2026-06-28,12.0,24.0,24,60.327,24.957,iem_asos_metar
EFHK,2026-06-29,16.0,26.999999999999996,24,60.327,24.957,iem_asos_metar
EFHK,2026-06-30,15.0,26.0,24,60.327,24.957,iem_asos_metar
EFHK,2026-07-01,16.0,24.0,24,60.327,24.957,iem_asos_metar
EFHK,2026-07-02,13.0,20.0,24,60.327,24.957,iem_asos_metar
EFHK,2026-07-03,13.0,19.0,24,60.327,24.957,iem_asos_metar
EFHK,2026-07-04,10.999999999999998,19.0,24,60.327,24.957,iem_asos_metar
EFHK,2026-07-05,14.000000000000002,17.0,24,60.327,24.957,iem_asos_metar
EFHK,2026-07-06,9.000000000000002,17.0,24,60.327,24.957,iem_asos_metar
EFHK,2026-07-07,8.0,17.0,24,60.327,24.957,iem_asos_metar
EFHK,2026-07-08,9.000000000000002,19.0,24,60.327,24.957,iem_asos_metar
EFHK,2026-07-09,14.000000000000002,19.0,24,60.327,24.957,iem_asos_metar
EFHK,2026-07-10,13.0,21.999999999999996,24,60.327,24.957,iem_asos_metar
EFHK,2026-07-11,15.0,28.000000000000004,24,60.327,24.957,iem_asos_metar
EFHK,2026-07-12,17.0,26.999999999999996,24,60.327,24.957,iem_asos_metar
EFHK,2026-07-13,16.0,19.0,23,60.327,24.957,iem_asos_metar
EFHK,2026-07-14,13.0,23.000000000000004,24,60.327,24.957,iem_asos_metar
EFHK,2026-07-15,13.0,26.0,24,60.327,24.957,iem_asos_metar
EFHK,2026-07-16,12.0,21.999999999999996,24,60.327,24.957,iem_asos_metar
EFHK,2026-07-17,10.999999999999998,24.0,24,60.327,24.957,iem_asos_metar
EFHK,2026-07-18,17.0,25.0,24,60.327,24.957,iem_asos_metar
EFHK,2026-07-19,14.000000000000002,19.0,24,60.327,24.957,iem_asos_metar
EFHK,2026-07-20,12.0,21.0,24,60.327,24.957,iem_asos_metar
EFHK,2026-07-21,10.999999999999998,13.0,24,60.327,24.957,iem_asos_metar
EFHK,2026-07-22,10.0,19.0,24,60.327,24.957,iem_asos_metar
EFHK,2026-07-23,10.0,19.0,24,60.327,24.957,iem_asos_metar
EFHK,2026-07-24,8.0,20.0,24,60.327,24.957,iem_asos_metar
EFHK,2026-07-25,14.000000000000002,20.0,24,60.327,24.957,iem_asos_metar
EFHK,2026-07-26,16.0,19.0,24,60.327,24.957,iem_asos_metar
EFHK,2026-07-27,15.0,21.0,24,60.327,24.957,iem_asos_metar
EFHK,2026-07-28,12.0,20.0,24,60.327,24.957,iem_asos_metar
EFHK,2026-07-29,13.0,24.0,24,60.327,24.957,iem_asos_metar
EFHK,2026-07-30,12.0,23.000000000000004,24,60.327,24.957,iem_asos_metar
EFHK,2026-07-31,16.0,26.0,24,60.327,24.957,iem_asos_metar
EFHK,2026-08-01,14.000000000000002,23.000000000000004,24,60.327,24.957,iem_asos_metar
EFHK,2026-08-02,14.000000000000002,21.999999999999996,24,60.327,24.957,iem_asos_metar
EFHK,2026-08-03,12.0,21.0,24,60.327,24.957,iem_asos_metar
EFHK,2026-08-04,8.0,21.0,24,60.327,24.957,iem_asos_metar
EFHK,2026-08-05,9.000000000000002,21.0,24,60.327,24.957,iem_asos_metar
EFHK,2026-08-06,17.0,25.0,24,60.327,24.957,iem_asos_metar
EFHK,2026-08-07,12.0,21.999999999999996,24,60.327,24.957,iem_asos_metar
EFHK,2026-08-08,10.0,20.0,24,60.327,24.957,iem_asos_metar
EFHK,2026-08-09,14.000000000000002,21.999999999999996,24,60.327,24.957,iem_asos_metar
EFHK,2026-08-10,14.000000000000002,23.000000000000004,24,60.327,24.957,iem_asos_metar
EFHK,2026-08-11,10.0,18.000000000000004,24,60.327,24.957,iem_asos_metar
EFHK,2026-08-12,9.000000000000002,17.0,24,60.327,24.957,iem_asos_metar
EFHK,2026-08-13,8.0,19.0,24,60.327,24.957,iem_asos_metar
EFHK,2026-08-14,10.0,20.0,23,60.327,24.957,iem_asos_metar
EFHK,2026-08-15,15.0,23.000000000000004,24,60.327,24.957,iem_asos_metar
EFHK,2026-08-16,15.0,21.0,24,60.327,24.957,iem_asos_metar
EFHK,2026-08-17,12.0,21.0,24,60.327,24.957,iem_asos_metar
EFHK,2026-08-18,9.000000000000002,19.0,24,60.327,24.957,iem_asos_metar
EFHK,2026-08-19,8.0,20.0,24,60.327,24.957,iem_asos_metar
EFHK,2026-08-20,5.999999999999998,18.000000000000004,24,60.327,24.957,iem_asos_metar
EFHK,2026-08-21,12.0,21.0,24,60.327,24.957,iem_asos_metar
EFHK,2026-08-22,12.0,18.000000000000004,24,60.327,24.957,iem_asos_metar
EFHK,2026-08-23,13.0,15.0,24,60.327,24.957,iem_asos_metar
EFHK,2026-08-24,10.999999999999998,18.000000000000004,24,60.327,24.957,iem_asos_metar
EFHK,2026-08-25,10.0,19.0,24,60.327,24.957,iem_asos_metar
EFHK,2026-08-26,10.0,21.0,24,60.327,24.957,iem_asos_metar
EFHK,2026-08-27,8.0,21.999999999999996,24,60.327,24.957,iem_asos_metar
EFHK,2026-08-28,9.000000000000002,20.0,24,60.327,24.957,iem_asos_metar
EFHK,2026-08-29,15.0,19.0,24,60.327,24.957,iem_asos_metar
EFHK,2026-08-30,15.0,20.0,24,60.327,24.957,iem_asos_metar
EFHK,2026-08-31,15.0,19.0,24,60.327,24.957,iem_asos_metar
EFHK,2026-09-01,13.0,20.0,24,60.327,24.957,iem_asos_metar
EFHK,2026-09-02,10.999999999999998,20.0,24,60.327,24.957,iem_asos_metar
EFHK,2026-09-03,7.000000000000001,19.0,24,60.327,24.957,iem_asos_metar
EFHK,2026-09-04,5.999999999999998,18.000000000000004,24,60.327,24.957,iem_asos_metar
EFHK,2026-09-05,5.0,18.000000000000004,24,60.327,24.957,iem_asos_metar
EFHK,2026-09-06,4.000000000000002,15.0,24,60.327,24.957,iem_asos_metar
EFHK,2026-09-07,2.000000000000001,17.0,24,60.327,24.957,iem_asos_metar
EFHK,2026-09-08,15.0,17.0,24,60.327,24.957,iem_asos_metar
EFHK,2026-09-09,14.000000000000002,18.000000000000004,24,60.327,24.957,iem_asos_metar
EGLC,2026-06-13,13.0,21.999999999999996,24,51.505,0.055,iem_asos_metar
EGLC,2026-06-14,13.0,21.0,24,51.505,0.055,iem_asos_metar
EGLC,2026-06-15,13.0,21.0,24,51.505,0.055,iem_asos_metar
EGLC,2026-06-16,15.0,26.999999999999996,24,51.505,0.055,iem_asos_metar
EGLC,2026-06-17,17.0,26.0,24,51.505,0.055,iem_asos_metar
EGLC,2026-06-18,17.0,26.0,23,51.505,0.055,iem_asos_metar
EGLC,2026-06-19,19.0,30.0,24,51.505,0.055,iem_asos_metar
EGLC,2026-06-20,18.000000000000004,25.0,24,51.505,0.055,iem_asos_metar
EGLC,2026-06-21,19.0,28.000000000000004,24,51.505,0.055,iem_asos_metar
EGLC,2026-06-22,17.0,26.999999999999996,24,51.505,0.055,iem_asos_metar
EGLC,2026-06-23,19.0,31.0,24,51.505,0.055,iem_asos_metar
EGLC,2026-06-24,21.0,34.0,24,51.505,0.055,iem_asos_metar
EGLC,2026-06-25,20.0,29.0,24,51.505,0.055,iem_asos_metar
EGLC,2026-06-26,21.999999999999996,36.0,24,51.505,0.055,iem_asos_metar
EGLC,2026-06-27,21.0,30.0,24,51.505,0.055,iem_asos_metar
EGLC,2026-06-28,19.0,26.0,24,51.505,0.055,iem_asos_metar
EGLC,2026-06-29,15.0,24.0,24,51.505,0.055,iem_asos_metar
EGLC,2026-06-30,18.000000000000004,24.0,24,51.505,0.055,iem_asos_metar
EGLC,2026-07-01,18.000000000000004,25.0,24,51.505,0.055,iem_asos_metar
EGLC,2026-07-02,17.0,25.0,24,51.505,0.055,iem_asos_metar
EGLC,2026-07-03,15.0,26.999999999999996,24,51.505,0.055,iem_asos_metar
EGLC,2026-07-04,17.0,28.000000000000004,24,51.505,0.055,iem_asos_metar
EGLC,2026-07-05,18.000000000000004,28.000000000000004,24,51.505,0.055,iem_asos_metar
EGLC,2026-07-06,19.0,32.0,24,51.505,0.055,iem_asos_metar
EGLC,2026-07-07,20.0,32.0,24,51.505,0.055,iem_asos_metar
EGLC,2026-07-08,21.0,32.0,24,51.505,0.055,iem_asos_metar
EGLC,2026-07-09,21.999999999999996,34.0,24,51.505,0.055,iem_asos_metar
EGLC,2026-07-10,21.0,29.0,24,51.505,0.055,iem_asos_metar
EGLC,2026-07-11,18.000000000000004,26.999999999999996,24,51.505,0.055,iem_asos_metar
EGLC,2026-07-12,17.0,28.000000000000004,24,51.505,0.055,iem_asos_metar
EGLC,2026-07-13,16.0,26.0,24,51.505,0.055,iem_asos_metar
EGLC,2026-07-14,17.0,29.0,24,51.505,0.055,iem_asos_metar
EGLC,2026-07-15,18.000000000000004,28.000000000000004,24,51.505,0.055,iem_asos_metar
EGLC,2026-07-16,16.0,26.999999999999996,24,51.505,0.055,iem_asos_metar
EGLC,2026-07-17,15.0,26.999999999999996,24,51.505,0.055,iem_asos_metar
EGLC,2026-07-18,16.0,21.0,24,51.505,0.055,iem_asos_metar
EGLC,2026-07-19,14.000000000000002,21.0,24,51.505,0.055,iem_asos_metar
EGLC,2026-07-20,13.0,25.0,24,51.505,0.055,iem_asos_metar
EGLC,2026-07-21,15.0,21.999999999999996,24,51.505,0.055,iem_asos_metar
EGLC,2026-07-22,16.0,25.0,24,51.505,0.055,iem_asos_metar
EGLC,2026-07-23,17.0,26.0,24,51.505,0.055,iem_asos_metar
EGLC,2026-07-24,18.000000000000004,28.000000000000004,24,51.505,0.055,iem_asos_metar
EGLC,2026-07-25,18.000000000000004,28.000000000000004,24,51.505,0.055,iem_asos_metar
EGLC,2026-07-26,19.0,26.999999999999996,24,51.505,0.055,iem_asos_metar
EGLC,2026-07-27,17.0,26.999999999999996,24,51.505,0.055,iem_asos_metar
EGLC,2026-07-28,19.0,29.0,24,51.505,0.055,iem_asos_metar
EGLC,2026-07-29,20.0,34.0,24,51.505,0.055,iem_asos_metar
EGLC,2026-07-30,20.0,26.999999999999996,24,51.505,0.055,iem_asos_metar
EGLC,2026-07-31,17.0,25.0,24,51.505,0.055,iem_asos_metar
EGLC,2026-08-01,16.0,26.0,24,51.505,0.055,iem_asos_metar
EGLC,2026-08-02,16.0,26.999999999999996,24,51.505,0.055,iem_asos_metar
EGLC,2026-08-03,18.000000000000004,29.0,24,51.505,0.055,iem_asos_metar
EGLC,2026-08-04,19.0,30.0,24,51.505,0.055,iem_asos_metar
EGLC,2026-08-05,18.000000000000004,25.0,24,51.505,0.055,iem_asos_metar
EGLC,2026-08-06,15.0,23.000000000000004,24,51.505,0.055,iem_asos_metar
EGLC,2026-08-07,14.000000000000002,26.0,24,51.505,0.055,iem_asos_metar
EGLC,2026-08-08,14.000000000000002,28.000000000000004,24,51.505,0.055,iem_asos_metar
EGLC,2026-08-09,18.000000000000004,31.0,24,51.505,0.055,iem_asos_metar
EGLC,2026-08-10,18.000000000000004,26.0,24,51.505,0.055,iem_asos_metar
EGLC,2026-08-11,16.0,24.0,24,51.505,0.055,iem_asos_metar
EGLC,2026-08-12,18.000000000000004,30.0,24,51.505,0.055,iem_asos_metar
EGLC,2026-08-13,18.000000000000004,34.0,24,51.505,0.055,iem_asos_metar
EGLC,2026-08-14,21.999999999999996,34.0,24,51.505,0.055,iem_asos_metar
EGLC,2026-08-15,19.0,26.0,24,51.505,0.055,iem_asos_metar
EGLC,2026-08-16,18.000000000000004,26.0,24,51.505,0.055,iem_asos_metar
EGLC,2026-08-17,19.0,26.999999999999996,24,51.505,0.055,iem_asos_metar
EGLC,2026-08-18,18.000000000000004,26.0,24,51.505,0.055,iem_asos_metar
EGLC,2026-08-19,17.0,24.0,24,51.505,0.055,iem_asos_metar
EGLC,2026-08-20,16.0,24.0,24,51.505,0.055,iem_asos_metar
EGLC,2026-08-21,14.000000000000002,21.0,24,51.505,0.055,iem_asos_metar
EGLC,2026-08-22,13.0,21.999999999999996,24,51.505,0.055,iem_asos_metar
EGLC,2026-08-23,14.000000000000002,24.0,24,51.505,0.055,iem_asos_metar
EGLC,2026-08-24,13.0,21.0,24,51.505,0.055,iem_asos_metar
EGLC,2026-08-25,16.0,24.0,24,51.505,0.055,iem_asos_metar
EGLC,2026-08-26,18.000000000000004,26.0,24,51.505,0.055,iem_asos_metar
EGLC,2026-08-27,19.0,25.0,24,51.505,0.055,iem_asos_metar
EGLC,2026-08-28,16.0,25.0,24,51.505,0.055,iem_asos_metar
EGLC,2026-08-29,18.000000000000004,20.0,24,51.505,0.055,iem_asos_metar
EGLC,2026-08-30,17.0,23.000000000000004,24,51.505,0.055,iem_asos_metar
EGLC,2026-08-31,15.0,24.0,24,51.505,0.055,iem_asos_metar
EGLC,2026-09-01,14.000000000000002,23.000000000000004,24,51.505,0.055,iem_asos_metar
EGLC,2026-09-02,17.0,21.0,24,51.505,0.055,iem_asos_metar
EGLC,2026-09-03,19.0,26.0,24,51.505,0.055,iem_asos_metar
EGLC,2026-09-04,16.0,21.999999999999996,24,51.505,0.055,iem_asos_metar
EGLC,2026-09-05,14.000000000000002,23.000000000000004,24,51.505,0.055,iem_asos_metar
EGLC,2026-09-06,16.0,26.999999999999996,24,51.505,0.055,iem_asos_metar
EGLC,2026-09-07,18.000000000000004,25.0,24,51.505,0.055,iem_asos_metar
EGLC,2026-09-08,14.000000000000002,18.000000000000004,24,51.505,0.055,iem_asos_metar
EGLC,2026-09-09,12.0,19.0,24,51.505,0.055,iem_asos_metar
EHAM,2026-06-13,14.000000000000002,17.0,24,52.315,4.79,iem_asos_metar
EHAM,2026-06-14,13.0,16.0,24,52.315,4.79,iem_asos_metar
EHAM,2026-06-15,13.0,18.000000000000004,24,52.315,4.79,iem_asos_metar
EHAM,2026-06-16,13.0,21.999999999999996,23,52.315,4.79,iem_asos_metar
EHAM,2026-06-17,15.0,23.000000000000004,24,52.315,4.79,iem_asos_metar
EHAM,2026-06-18,16.0,26.999999999999996,24,52.315,4.79,iem_asos_metar
EHAM,2026-06-19,19.0,33.0,24,52.315,4.79,iem_asos_metar
EHAM,2026-06-20,19.0,25.0,24,52.315,4.79,iem_asos_metar
EHAM,2026-06-21,19.0,26.0,22,52.315,4.79,iem_asos_metar
EHAM,2026-06-22,17.0,25.0,24,52.315,4.79,iem_asos_metar
EHAM,2026-06-23,17.0,28.000000000000004,24,52.315,4.79,iem_asos_metar
EHAM,2026-06-24,21.0,34.0,24,52.315,4.79,iem_asos_metar
EHAM,2026-06-25,21.0,29.0,24,52.315,4.79,iem_asos_metar
EHAM,2026-06-26,21.999999999999996,36.0,24,52.315,4.79,iem_asos_metar
EHAM,2026-06-27,20.0,28.000000000000004,24,52.315,4.79,iem_asos_metar
EHAM,2026-06-28,20.0,26.0,24,52.315,4.79,iem_asos_metar
EHAM,2026-06-29,15.0,21.999999999999996,24,52.315,4.79,iem_asos_metar
EHAM,2026-06-30,14.000000000000002,21.0,24,52.315,4.79,iem_asos_metar
EHAM,2026-07-01,14.000000000000002,23.000000000000004,23,52.315,4.79,iem_asos_metar
EHAM,2026-07-02,14.000000000000002,20.0,24,52.315,4.79,iem_asos_metar
EHAM,2026-07-03,13.0,20.0,23,52.315,4.79,iem_asos_metar
EHAM,2026-07-04,16.0,21.999999999999996,23,52.315,4.79,iem_asos_metar
EHAM,2026-07-05,17.0,20.0,23,52.315,4.79,iem_asos_metar
EHAM,2026-07-06,17.0,26.0,24,52.315,4.79,iem_asos_metar
EHAM,2026-07-07,18.000000000000004,23.000000000000004,24,52.315,4.79,iem_asos_metar
EHAM,2026-07-08,15.0,21.0,24,52.315,4.79,iem_asos_metar
EHAM,2026-07-09,14.000000000000002,24.0,24,52.315,4.79,iem_asos_metar
EHAM,2026-07-10,16.0,26.0,23,52.315,4.79,iem_asos_metar
EHAM,2026-07-11,17.0,25.0,24,52.315,4.79,iem_asos_metar
EHAM,2026-07-12,16.0,25.0,23,52.315,4.79,iem_asos_metar
EHAM,2026-07-13,15.0,25.0,22,52.315,4.79,iem_asos_metar
EHAM,2026-07-14,19.0,28.000000000000004,24,52.315,4.79,iem_asos_metar
EHAM,2026-07-15,19.0,26.999999999999996,24,52.315,4.79,iem_asos_metar
EHAM,2026-07-16,17.0,24.0,24,52.315,4.79,iem_asos_metar
EHAM,2026-07-17,15.0,21.999999999999996,24,52.315,4.79,iem_asos_metar
EHAM,2026-07-18,13.0,19.0,24,52.315,4.79,iem_asos_metar
EHAM,2026-07-19,14.000000000000002,20.0,24,52.315,4.79,iem_asos_metar
EHAM,2026-07-20,13.0,20.0,24,52.315,4.79,iem_asos_metar
EHAM,2026-07-21,10.999999999999998,21.999999999999996,24,52.315,4.79,iem_asos_metar
EHAM,2026-07-22,15.0,19.0,24,52.315,4.79,iem_asos_metar
EHAM,2026-07-23,14.000000000000002,21.0,24,52.315,4.79,iem_asos_metar
EHAM,2026-07-24,16.0,24.0,24,52.315,4.79,iem_asos_metar
EHAM,2026-07-25,15.0,25.0,24,52.315,4.79,iem_asos_metar
EHAM,2026-07-26,18.000000000000004,21.0,24,52.315,4.79,iem_asos_metar
EHAM,2026-07-27,15.0,21.0,24,52.315,4.79,iem_asos_metar
EHAM,2026-07-28,14.000000000000002,26.999999999999996,24,52.315,4.79,iem_asos_metar
EHAM,2026-07-29,18.000000000000004,32.0,24,52.315,4.79,iem_asos_metar
EHAM,2026-07-30,19.0,26.0,24,52.315,4.79,iem_asos_metar
EHAM,2026-07-31,16.0,24.0,24,52.315,4.79,iem_asos_metar
EHAM,2026-08-01,13.0,23.000000000000004,24,52.315,4.79,iem_asos_metar
EHAM,2026-08-02,15.0,26.0,24,52.315,4.79,iem_asos_metar
EHAM,2026-08-03,18.000000000000004,31.0,24,52.315,4.79,iem_asos_metar
EHAM,2026-08-04,19.0,33.0,24,52.315,4.79,iem_asos_metar
EHAM,2026-08-05,20.0,25.0,24,52.315,4.79,iem_asos_metar
EHAM,2026-08-06,16.0,21.0,24,52.315,4.79,iem_asos_metar
EHAM,2026-08-07,13.0,21.999999999999996,24,52.315,4.79,iem_asos_metar
EHAM,2026-08-08,12.0,25.0,24,52.315,4.79,iem_asos_metar
EHAM,2026-08-09,14.000000000000002,29.0,24,52.315,4.79,iem_asos_metar
EHAM,2026-08-10,15.0,23.000000000000004,24,52.315,4.79,iem_asos_metar
EHAM,2026-08-11,10.999999999999998,21.999999999999996,24,52.315,4.79,iem_asos_metar
EHAM,2026-08-12,13.0,28.000000000000004,24,52.315,4.79,iem_asos_metar
EHAM,2026-08-13,16.0,32.0,24,52.315,4.79,iem_asos_metar
EHAM,2026-08-14,18.000000000000004,34.0,24,52.315,4.79,iem_asos_metar
EHAM,2026-08-15,18.000000000000004,23.000000000000004,24,52.315,4.79,iem_asos_metar
EHAM,2026-08-16,16.0,23.000000000000004,24,52.315,4.79,iem_asos_metar
EHAM,2026-08-17,14.000000000000002,20.0,24,52.315,4.79,iem_asos_metar
EHAM,2026-08-18,15.0,21.0,24,52.315,4.79,iem_asos_metar
EHAM,2026-08-19,15.0,21.0,24,52.315,4.79,iem_asos_metar
EHAM,2026-08-20,14.000000000000002,21.999999999999996,24,52.315,4.79,iem_asos_metar
EHAM,2026-08-21,13.0,20.0,24,52.315,4.79,iem_asos_metar
EHAM,2026-08-22,13.0,19.0,24,52.315,4.79,iem_asos_metar
EHAM,2026-08-23,12.0,20.0,24,52.315,4.79,iem_asos_metar
EHAM,2026-08-24,10.0,21.0,24,52.315,4.79,iem_asos_metar
EHAM,2026-08-25,13.0,25.0,24,52.315,4.79,iem_asos_metar
EHAM,2026-08-26,13.0,25.0,24,52.315,4.79,iem_asos_metar
EHAM,2026-08-27,16.0,26.999999999999996,24,52.315,4.79,iem_asos_metar
EHAM,2026-08-28,17.0,23.000000000000004,24,52.315,4.79,iem_asos_metar
EHAM,2026-08-29,17.0,21.999999999999996,24,52.315,4.79,iem_asos_metar
EHAM,2026-08-30,17.0,21.0,24,52.315,4.79,iem_asos_metar
EHAM,2026-08-31,16.0,20.0,24,52.315,4.79,iem_asos_metar
EHAM,2026-09-01,14.000000000000002,20.0,24,52.315,4.79,iem_asos_metar
EHAM,2026-09-02,15.0,21.0,24,52.315,4.79,iem_asos_metar
EHAM,2026-09-03,18.000000000000004,21.999999999999996,23,52.315,4.79,iem_asos_metar
EHAM,2026-09-04,16.0,21.999999999999996,24,52.315,4.79,iem_asos_metar
EHAM,2026-09-05,12.0,20.0,24,52.315,4.79,iem_asos_metar
EHAM,2026-09-06,10.999999999999998,21.999999999999996,24,52.315,4.79,iem_asos_metar
EHAM,2026-09-07,17.0,26.0,24,52.315,4.79,iem_asos_metar
EHAM,2026-09-08,13.0,19.0,24,52.315,4.79,iem_asos_metar
EHAM,2026-09-09,10.0,18.000000000000004,23,52.315,4.79,iem_asos_metar
EPWA,2026-06-13,12.0,20.0,24,52.163,20.961,iem_asos_metar
EPWA,2026-06-14,9.000000000000002,17.0,24,52.163,20.961,iem_asos_metar
EPWA,2026-06-15,12.0,17.0,24,52.163,20.961,iem_asos_metar
EPWA,2026-06-16,10.0,18.000000000000004,24,52.163,20.961,iem_asos_metar
EPWA,2026-06-17,9.000000000000002,21.999999999999996,24,52.163,20.961,iem_asos_metar
EPWA,2026-06-18,10.0,24.0,24,52.163,20.961,iem_asos_metar
EPWA,2026-06-19,15.0,26.999999999999996,24,52.163,20.961,iem_asos_metar
EPWA,2026-06-20,17.0,30.0,24,52.163,20.961,iem_asos_metar
EPWA,2026-06-21,18.000000000000004,30.0,24,52.163,20.961,iem_asos_metar
EPWA,2026-06-22,20.0,28.000000000000004,24,52.163,20.961,iem_asos_metar
EPWA,2026-06-23,13.0,26.999999999999996,24,52.163,20.961,iem_asos_metar
EPWA,2026-06-24,13.0,26.999999999999996,24,52.163,20.961,iem_asos_metar
EPWA,2026-06-25,14.000000000000002,31.0,24,52.163,20.961,iem_asos_metar
EPWA,2026-06-26,17.0,32.0,24,52.163,20.961,iem_asos_metar
EPWA,2026-06-27,18.000000000000004,35.0,24,52.163,20.961,iem_asos_metar
EPWA,2026-06-28,21.0,38.0,24,52.163,20.961,iem_asos_metar
EPWA,2026-06-29,24.0,36.0,24,52.163,20.961,iem_asos_metar
EPWA,2026-06-30,21.999999999999996,32.0,24,52.163,20.961,iem_asos_metar
EPWA,2026-07-01,18.000000000000004,32.0,24,52.163,20.961,iem_asos_metar
EPWA,2026-07-02,17.0,26.0,24,52.163,20.961,iem_asos_metar
EPWA,2026-07-03,16.0,23.000000000000004,24,52.163,20.961,iem_asos_metar
EPWA,2026-07-04,14.000000000000002,20.0,24,52.163,20.961,iem_asos_metar
EPWA,2026-07-05,12.0,21.0,24,52.163,20.961,iem_asos_metar
EPWA,2026-07-06,12.0,21.999999999999996,24,52.163,20.961,iem_asos_metar
EPWA,2026-07-07,14.000000000000002,19.0,24,52.163,20.961,iem_asos_metar
EPWA,2026-07-08,13.0,19.0,24,52.163,20.961,iem_asos_metar
EPWA,2026-07-09,13.0,18.000000000000004,24,52.163,20.961,iem_asos_metar
EPWA,2026-07-10,13.0,18.000000000000004,24,52.163,20.961,iem_asos_metar
EPWA,2026-07-11,13.0,21.999999999999996,24,52.163,20.961,iem_asos_metar
EPWA,2026-07-12,14.000000000000002,19.0,24,52.163,20.961,iem_asos_metar
EPWA,2026-07-13,16.0,25.0,24,52.163,20.961,iem_asos_metar
EPWA,2026-07-14,16.0,26.999999999999996,24,52.163,20.961,iem_asos_metar
EPWA,2026-07-15,17.0,28.000000000000004,24,52.163,20.961,iem_asos_metar
EPWA,2026-07-16,19.0,30.0,24,52.163,20.961,iem_asos_metar
EPWA,2026-07-17,17.0,31.0,24,52.163,20.961,iem_asos_metar
EPWA,2026-07-18,18.000000000000004,25.0,24,52.163,20.961,iem_asos_metar
EPWA,2026-07-19,15.0,26.999999999999996,24,52.163,20.961,iem_asos_metar
EPWA,2026-07-20,13.0,20.0,24,52.163,20.961,iem_asos_metar
EPWA,2026-07-21,10.999999999999998,17.0,24,52.163,20.961,iem_asos_metar
EPWA,2026-07-22,10.0,21.999999999999996,24,52.163,20.961,iem_asos_metar
EPWA,2026-07-23,15.0,19.0,24,52.163,20.961,iem_asos_metar
EPWA,2026-07-24,13.0,20.0,24,52.163,20.961,iem_asos_metar
EPWA,2026-07-25,12.0,24.0,24,52.163,20.961,iem_asos_metar
EPWA,2026-07-26,13.0,28.000000000000004,24,52.163,20.961,iem_asos_metar
EPWA,2026-07-27,12.0,23.000000000000004,24,52.163,20.961,iem_asos_metar
EPWA,2026-07-28,12.0,21.0,24,52.163,20.961,iem_asos_metar
EPWA,2026-07-29,10.999999999999998,25.0,24,52.163,20.961,iem_asos_metar
EPWA,2026-07-30,15.0,31.0,24,52.163,20.961,iem_asos_metar
EPWA,2026-07-31,18.000000000000004,33.0,24,52.163,20.961,iem_asos_metar
EPWA,2026-08-01,19.0,31.0,24,52.163,20.961,iem_asos_metar
EPWA,2026-08-02,17.0,24.0,24,52.163,20.961,iem_asos_metar
EPWA,2026-08-03,19.0,29.0,24,52.163,20.961,iem_asos_metar
EPWA,2026-08-04,21.0,31.0,24,52.163,20.961,iem_asos_metar
EPWA,2026-08-05,23.000000000000004,36.0,24,52.163,20.961,iem_asos_metar
EPWA,2026-08-06,21.999999999999996,32.0,24,52.163,20.961,iem_asos_metar
EPWA,2026-08-07,18.000000000000004,24.0,24,52.163,20.961,iem_asos_metar
EPWA,2026-08-08,13.0,21.0,24,52.163,20.961,iem_asos_metar
EPWA,2026-08-09,13.0,25.0,24,52.163,20.961,iem_asos_metar
EPWA,2026-08-10,13.0,32.0,24,52.163,20.961,iem_asos_metar
EPWA,2026-08-11,13.0,21.999999999999996,24,52.163,20.961,iem_asos_metar
EPWA,2026-08-12,10.999999999999998,21.999999999999996,24,52.163,20.961,iem_asos_metar
EPWA,2026-08-13,12.0,23.000000000000004,24,52.163,20.961,iem_asos_metar
EPWA,2026-08-14,12.0,26.0,24,52.163,20.961,iem_asos_metar
EPWA,2026-08-15,13.0,30.0,24,52.163,20.961,iem_asos_metar
EPWA,2026-08-16,15.0,29.0,24,52.163,20.961,iem_asos_metar
EPWA,2026-08-17,13.0,24.0,24,52.163,20.961,iem_asos_metar
EPWA,2026-08-18,12.0,20.0,24,52.163,20.961,iem_asos_metar
EPWA,2026-08-19,10.0,23.000000000000004,24,52.163,20.961,iem_asos_metar
EPWA,2026-08-20,17.0,25.0,24,52.163,20.961,iem_asos_metar
EPWA,2026-08-21,16.0,26.999999999999996,24,52.163,20.961,iem_asos_metar
EPWA,2026-08-22,14.000000000000002,23.000000000000004,24,52.163,20.961,iem_asos_metar
EPWA,2026-08-23,12.0,19.0,24,52.163,20.961,iem_asos_metar
EPWA,2026-08-24,10.999999999999998,18.000000000000004,24,52.163,20.961,iem_asos_metar
EPWA,2026-08-25,8.0,21.999999999999996,24,52.163,20.961,iem_asos_metar
EPWA,2026-08-26,10.999999999999998,23.000000000000004,24,52.163,20.961,iem_asos_metar
EPWA,2026-08-27,13.0,24.0,24,52.163,20.961,iem_asos_metar
EPWA,2026-08-28,13.0,24.0,24,52.163,20.961,iem_asos_metar
EPWA,2026-08-29,14.000000000000002,23.000000000000004,24,52.163,20.961,iem_asos_metar
EPWA,2026-08-30,10.999999999999998,26.0,24,52.163,20.961,iem_asos_metar
EPWA,2026-08-31,16.0,26.0,24,52.163,20.961,iem_asos_metar
EPWA,2026-09-01,15.0,21.0,24,52.163,20.961,iem_asos_metar
EPWA,2026-09-02,12.0,21.999999999999996,24,52.163,20.961,iem_asos_metar
EPWA,2026-09-03,13.0,23.000000000000004,24,52.163,20.961,iem_asos_metar
EPWA,2026-09-04,15.0,21.999999999999996,24,52.163,20.961,iem_asos_metar
EPWA,2026-09-05,13.0,21.0,23,52.163,20.961,iem_asos_metar
EPWA,2026-09-06,10.999999999999998,18.000000000000004,24,52.163,20.961,iem_asos_metar
EPWA,2026-09-07,8.0,21.0,24,52.163,20.961,iem_asos_metar
EPWA,2026-09-08,12.0,26.999999999999996,24,52.163,20.961,iem_asos_metar
EPWA,2026-09-09,15.0,29.0,24,52.163,20.961,iem_asos_metar
FACT,2026-06-22,12.0,14.000000000000002,20,-33.965,18.602,iem_asos_metar
FACT,2026-06-26,10.0,16.0,28,-33.965,18.602,iem_asos_metar
FACT,2026-06-28,12.0,14.000000000000002,18,-33.965,18.602,iem_asos_metar
FACT,2026-07-13,7.000000000000001,10.999999999999998,23,-33.965,18.602,iem_asos_metar
FACT,2026-07-17,13.0,17.0,18,-33.965,18.602,iem_asos_metar
FACT,2026-08-04,9.000000000000002,15.0,21,-33.965,18.602,iem_asos_metar
KDAL,2026-06-19,21.11111111111111,28.333333333333332,21,32.83836,-96.83584,iem_asos_metar
KHOU,2026-06-15,24.0,29.444444444444443,20,29.64582,-95.28214,iem_asos_metar
KHOU,2026-06-16,25.555555555555557,26.666666666666668,18,29.64582,-95.28214,iem_asos_metar
KLGA,2026-07-06,19.444444444444443,25.0,21,40.77945,-73.88027,iem_asos_metar
KLGA,2026-09-01,22.22222222222222,26.11111111111111,18,40.77945,-73.88027,iem_asos_metar
KORD,2026-07-03,21.666666666666668,32.77777777777778,26,41.96017,-87.93161,iem_asos_metar
KORD,2026-07-05,20.0,23.88888888888889,20,41.96017,-87.93161,iem_asos_metar
KORD,2026-07-27,21.666666666666668,28.88888888888889,30,41.96017,-87.93161,iem_asos_metar
KORD,2026-08-11,20.555555555555557,26.666666666666668,18,41.96017,-87.93161,iem_asos_metar
KORD,2026-08-16,22.22222222222222,28.88888888888889,20,41.96017,-87.93161,iem_asos_metar
KSEA,2026-07-16,13.0,17.77777777777778,21,47.44467,-122.31442,iem_asos_metar
LEMD,2026-06-13,17.0,34.0,24,40.466,-3.555,iem_asos_metar
LEMD,2026-06-14,18.000000000000004,35.0,28,40.466,-3.555,iem_asos_metar
LEMD,2026-06-15,16.0,32.0,24,40.466,-3.555,iem_asos_metar
LEMD,2026-06-16,18.000000000000004,33.0,24,40.466,-3.555,iem_asos_metar
LEMD,2026-06-17,19.0,35.0,24,40.466,-3.555,iem_asos_metar
LEMD,2026-06-18,19.0,35.0,24,40.466,-3.555,iem_asos_metar
LEMD,2026-06-19,20.0,36.0,25,40.466,-3.555,iem_asos_metar
LEMD,2026-06-20,21.0,38.0,24,40.466,-3.555,iem_asos_metar
LEMD,2026-06-21,21.999999999999996,39.0,24,40.466,-3.555,iem_asos_metar
LEMD,2026-06-22,23.000000000000004,39.0,24,40.466,-3.555,iem_asos_metar
LEMD,2026-06-23,21.0,41.0,24,40.466,-3.555,iem_asos_metar
LEMD,2026-06-24,21.999999999999996,39.0,24,40.466,-3.555,iem_asos_metar
LEMD,2026-06-25,24.0,32.0,25,40.466,-3.555,iem_asos_metar
LEMD,2026-06-26,19.0,33.0,24,40.466,-3.555,iem_asos_metar
LEMD,2026-06-27,20.0,36.0,24,40.466,-3.555,iem_asos_metar
LEMD,2026-06-28,18.000000000000004,36.0,26,40.466,-3.555,iem_asos_metar
LEMD,2026-06-29,19.0,34.0,23,40.466,-3.555,iem_asos_metar
LEMD,2026-06-30,20.0,37.0,24,40.466,-3.555,iem_asos_metar
LEMD,2026-07-01,21.999999999999996,38.0,24,40.466,-3.555,iem_asos_metar
LEMD,2026-07-02,17.0,35.0,24,40.466,-3.555,iem_asos_metar
LEMD,2026-07-03,19.0,36.0,24,40.466,-3.555,iem_asos_metar
LEMD,2026-07-04,20.0,39.0,24,40.466,-3.555,iem_asos_metar
LEMD,2026-07-05,21.0,38.0,24,40.466,-3.555,iem_asos_metar
LEMD,2026-07-06,23.000000000000004,39.0,24,40.466,-3.555,iem_asos_metar
LEMD,2026-07-07,21.999999999999996,39.0,25,40.466,-3.555,iem_asos_metar
LEMD,2026-07-08,18.000000000000004,39.0,24,40.466,-3.555,iem_asos_metar
LEMD,2026-07-09,18.000000000000004,38.0,24,40.466,-3.555,iem_asos_metar
LEMD,2026-07-10,23.000000000000004,36.0,24,40.466,-3.555,iem_asos_metar
LEMD,2026-07-11,18.000000000000004,38.0,24,40.466,-3.555,iem_asos_metar
LEMD,2026-07-12,21.999999999999996,34.0,27,40.466,-3.555,iem_asos_metar
LEMD,2026-07-13,21.0,33.0,24,40.466,-3.555,iem_asos_metar
LEMD,2026-07-14,18.000000000000004,37.0,24,40.466,-3.555,iem_asos_metar
LEMD,2026-07-15,20.0,36.0,24,40.466,-3.555,iem_asos_metar
LEMD,2026-07-16,21.0,35.0,24,40.466,-3.555,iem_asos_metar
LEMD,2026-07-17,17.0,34.0,24,40.466,-3.555,iem_asos_metar
LEMD,2026-07-18,17.0,35.0,24,40.466,-3.555,iem_asos_metar
LEMD,2026-07-19,17.0,36.0,24,40.466,-3.555,iem_asos_metar
LEMD,2026-07-20,17.0,36.0,24,40.466,-3.555,iem_asos_metar
LEMD,2026-07-21,18.000000000000004,37.0,24,40.466,-3.555,iem_asos_metar
LEMD,2026-07-22,21.999999999999996,39.0,24,40.466,-3.555,iem_asos_metar
LEMD,2026-07-23,20.0,38.0,24,40.466,-3.555,iem_asos_metar
LEMD,2026-07-24,19.0,33.0,24,40.466,-3.555,iem_asos_metar
LEMD,2026-07-25,19.0,29.0,24,40.466,-3.555,iem_asos_metar
LEMD,2026-07-26,15.0,31.0,24,40.466,-3.555,iem_asos_metar
LEMD,2026-07-27,18.000000000000004,35.0,24,40.466,-3.555,iem_asos_metar
LEMD,2026-07-28,19.0,38.0,24,40.466,-3.555,iem_asos_metar
LEMD,2026-07-29,21.0,39.0,24,40.466,-3.555,iem_asos_metar
LEMD,2026-07-30,21.0,39.0,24,40.466,-3.555,iem_asos_metar
LEMD,2026-07-31,26.0,38.0,24,40.466,-3.555,iem_asos_metar
LEMD,2026-08-01,19.0,39.0,24,40.466,-3.555,iem_asos_metar
LEMD,2026-08-02,19.0,36.0,24,40.466,-3.555,iem_asos_metar
LEMD,2026-08-03,24.0,33.0,24,40.466,-3.555,iem_asos_metar
LEMD,2026-08-04,20.0,34.0,24,40.466,-3.555,iem_asos_metar
LEMD,2026-08-05,19.0,36.0,24,40.466,-3.555,iem_asos_metar
LEMD,2026-08-06,21.999999999999996,37.0,24,40.466,-3.555,iem_asos_metar
LEMD,2026-08-07,23.000000000000004,39.0,24,40.466,-3.555,iem_asos_metar
LEMD,2026-08-08,21.999999999999996,38.0,24,40.466,-3.555,iem_asos_metar
LEMD,2026-08-09,21.0,37.0,24,40.466,-3.555,iem_asos_metar
LEMD,2026-08-10,19.0,37.0,24,40.466,-3.555,iem_asos_metar
LEMD,2026-08-11,20.0,36.0,24,40.466,-3.555,iem_asos_metar
LEMD,2026-08-12,19.0,38.0,24,40.466,-3.555,iem_asos_metar
LEMD,2026-08-13,21.999999999999996,40.0,24,40.466,-3.555,iem_asos_metar
LEMD,2026-08-14,21.999999999999996,39.0,25,40.466,-3.555,iem_asos_metar
LEMD,2026-08-15,19.0,29.0,26,40.466,-3.555,iem_asos_metar
LEMD,2026-08-16,17.0,34.0,24,40.466,-3.555,iem_asos_metar
LEMD,2026-08-17,19.0,38.0,24,40.466,-3.555,iem_asos_metar
LEMD,2026-08-18,21.0,39.0,24,40.466,-3.555,iem_asos_metar
LEMD,2026-08-19,21.0,36.0,24,40.466,-3.555,iem_asos_metar
LEMD,2026-08-20,21.999999999999996,32.0,24,40.466,-3.555,iem_asos_metar
LEMD,2026-08-21,19.0,31.0,24,40.466,-3.555,iem_asos_metar
LEMD,2026-08-22,19.0,33.0,24,40.466,-3.555,iem_asos_metar
LEMD,2026-08-23,21.0,34.0,24,40.466,-3.555,iem_asos_metar
LEMD,2026-08-24,21.0,29.0,24,40.466,-3.555,iem_asos_metar
LEMD,2026-08-25,18.000000000000004,28.000000000000004,24,40.466,-3.555,iem_asos_metar
LEMD,2026-08-26,16.0,30.0,24,40.466,-3.555,iem_asos_metar
LEMD,2026-08-27,16.0,23.000000000000004,26,40.466,-3.555,iem_asos_metar
LEMD,2026-08-28,10.0,26.0,24,40.466,-3.555,iem_asos_metar
LEMD,2026-08-29,12.0,30.0,24,40.466,-3.555,iem_asos_metar
LEMD,2026-08-30,14.000000000000002,33.0,24,40.466,-3.555,iem_asos_metar
LEMD,2026-08-31,16.0,33.0,24,40.466,-3.555,iem_asos_metar
LEMD,2026-09-01,18.000000000000004,34.0,24,40.466,-3.555,iem_asos_metar
LEMD,2026-09-02,16.0,36.0,24,40.466,-3.555,iem_asos_metar
LEMD,2026-09-03,17.0,38.0,24,40.466,-3.555,iem_asos_metar
LEMD,2026-09-04,17.0,38.0,24,40.466,-3.555,iem_asos_metar
LEMD,2026-09-05,23.000000000000004,36.0,23,40.466,-3.555,iem_asos_metar
LEMD,2026-09-06,21.999999999999996,37.0,24,40.466,-3.555,iem_asos_metar
LEMD,2026-09-07,20.0,38.0,24,40.466,-3.555,iem_asos_metar
LEMD,2026-09-08,20.0,36.0,24,40.466,-3.555,iem_asos_metar
LEMD,2026-09-09,15.0,26.999999999999996,24,40.466,-3.555,iem_asos_metar
LFPB,2026-06-13,16.0,26.999999999999996,24,48.967,2.428,iem_asos_metar
LFPB,2026-06-14,13.0,25.0,24,48.967,2.428,iem_asos_metar
LFPB,2026-06-15,14.000000000000002,26.999999999999996,24,48.967,2.428,iem_asos_metar
LFPB,2026-06-16,19.0,28.000000000000004,24,48.967,2.428,iem_asos_metar
LFPB,2026-06-17,16.0,32.0,24,48.967,2.428,iem_asos_metar
LFPB,2026-06-18,17.0,36.0,24,48.967,2.428,iem_asos_metar
LFPB,2026-06-19,19.0,36.0,24,48.967,2.428,iem_asos_metar
LFPB,2026-06-20,19.0,35.0,24,48.967,2.428,iem_asos_metar
LFPB,2026-06-21,20.0,37.0,24,48.967,2.428,iem_asos_metar
LFPB,2026-06-22,23.000000000000004,37.0,24,48.967,2.428,iem_asos_metar
LFPB,2026-06-23,23.000000000000004,35.0,24,48.967,2.428,iem_asos_metar
LFPB,2026-06-24,24.0,41.0,24,48.967,2.428,iem_asos_metar
LFPB,2026-06-25,25.0,40.0,24,48.967,2.428,iem_asos_metar
LFPB,2026-06-26,24.0,37.0,24,48.967,2.428,iem_asos_metar
LFPB,2026-06-27,21.0,36.0,24,48.967,2.428,iem_asos_metar
LFPB,2026-06-28,20.0,30.0,24,48.967,2.428,iem_asos_metar
LFPB,2026-06-29,17.0,28.000000000000004,24,48.967,2.428,iem_asos_metar
LFPB,2026-06-30,15.0,29.0,24,48.967,2.428,iem_asos_metar
LFPB,2026-07-01,16.0,25.0,24,48.967,2.428,iem_asos_metar
LFPB,2026-07-02,15.0,25.0,24,48.967,2.428,iem_asos_metar
LFPB,2026-07-03,15.0,28.000000000000004,24,48.967,2.428,iem_asos_metar
LFPB,2026-07-04,14.000000000000002,30.0,24,48.967,2.428,iem_asos_metar
LFPB,2026-07-05,17.0,29.0,24,48.967,2.428,iem_asos_metar
LFPB,2026-07-06,16.0,34.0,24,48.967,2.428,iem_asos_metar
LFPB,2026-07-07,17.0,33.0,24,48.967,2.428,iem_asos_metar
LFPB,2026-07-08,18.000000000000004,34.0,24,48.967,2.428,iem_asos_metar
LFPB,2026-07-09,21.0,33.0,24,48.967,2.428,iem_asos_metar
LFPB,2026-07-10,21.0,35.0,24,48.967,2.428,iem_asos_metar
LFPB,2026-07-11,21.0,35.0,24,48.967,2.428,iem_asos_metar
LFPB,2026-07-12,21.0,35.0,24,48.967,2.428,iem_asos_metar
LFPB,2026-07-13,21.999999999999996,35.0,24,48.967,2.428,iem_asos_metar
LFPB,2026-07-14,20.0,35.0,24,48.967,2.428,iem_asos_metar
LFPB,2026-07-15,23.000000000000004,31.0,24,48.967,2.428,iem_asos_metar
LFPB,2026-07-16,20.0,33.0,24,48.967,2.428,iem_asos_metar
LFPB,2026-07-17,18.000000000000004,26.0,24,48.967,2.428,iem_asos_metar
LFPB,2026-07-18,17.0,29.0,24,48.967,2.428,iem_asos_metar
LFPB,2026-07-19,14.000000000000002,24.0,24,48.967,2.428,iem_asos_metar
LFPB,2026-07-20,12.0,24.0,24,48.967,2.428,iem_asos_metar
LFPB,2026-07-21,13.0,26.0,24,48.967,2.428,iem_asos_metar
LFPB,2026-07-22,14.000000000000002,26.0,24,48.967,2.428,iem_asos_metar
LFPB,2026-07-23,14.000000000000002,25.0,24,48.967,2.428,iem_asos_metar
LFPB,2026-07-24,14.000000000000002,28.000000000000004,24,48.967,2.428,iem_asos_metar
LFPB,2026-07-25,16.0,30.0,24,48.967,2.428,iem_asos_metar
LFPB,2026-07-26,16.0,26.0,24,48.967,2.428,iem_asos_metar
LFPB,2026-07-27,16.0,26.999999999999996,24,48.967,2.428,iem_asos_metar
LFPB,2026-07-28,15.0,32.0,24,48.967,2.428,iem_asos_metar
LFPB,2026-07-29,17.0,38.0,24,48.967,2.428,iem_asos_metar
LFPB,2026-07-30,20.0,30.0,24,48.967,2.428,iem_asos_metar
LFPB,2026-07-31,19.0,29.0,24,48.967,2.428,iem_asos_metar
LFPB,2026-08-01,17.0,29.0,24,48.967,2.428,iem_asos_metar
LFPB,2026-08-02,15.0,32.0,24,48.967,2.428,iem_asos_metar
LFPB,2026-08-03,20.0,36.0,24,48.967,2.428,iem_asos_metar
LFPB,2026-08-04,21.0,33.0,24,48.967,2.428,iem_asos_metar
LFPB,2026-08-05,20.0,26.999999999999996,24,48.967,2.428,iem_asos_metar
LFPB,2026-08-06,16.0,25.0,24,48.967,2.428,iem_asos_metar
LFPB,2026-08-07,10.999999999999998,26.999999999999996,24,48.967,2.428,iem_asos_metar
LFPB,2026-08-08,14.000000000000002,31.0,24,48.967,2.428,iem_asos_metar
LFPB,2026-08-09,18.000000000000004,33.0,24,48.967,2.428,iem_asos_metar
LFPB,2026-08-10,18.000000000000004,32.0,24,48.967,2.428,iem_asos_metar
LFPB,2026-08-11,17.0,32.0,24,48.967,2.428,iem_asos_metar
LFPB,2026-08-12,18.000000000000004,35.0,24,48.967,2.428,iem_asos_metar
LFPB,2026-08-13,19.0,38.0,24,48.967,2.428,iem_asos_metar
LFPB,2026-08-14,20.0,39.0,24,48.967,2.428,iem_asos_metar
LFPB,2026-08-15,21.999999999999996,31.0,24,48.967,2.428,iem_asos_metar
LFPB,2026-08-16,20.0,31.0,24,48.967,2.428,iem_asos_metar
LFPB,2026-08-17,21.0,29.0,24,48.967,2.428,iem_asos_metar
LFPB,2026-08-18,20.0,26.999999999999996,24,48.967,2.428,iem_asos_metar
LFPB,2026-08-19,17.0,29.0,24,48.967,2.428,iem_asos_metar
LFPB,2026-08-20,16.0,26.0,24,48.967,2.428,iem_asos_metar
LFPB,2026-08-21,15.0,23.000000000000004,24,48.967,2.428,iem_asos_metar
LFPB,2026-08-22,12.0,24.0,24,48.967,2.428,iem_asos_metar
LFPB,2026-08-23,13.0,24.0,24,48.967,2.428,iem_asos_metar
LFPB,2026-08-24,16.0,26.999999999999996,24,48.967,2.428,iem_asos_metar
LFPB,2026-08-25,17.0,29.0,24,48.967,2.428,iem_asos_metar
LFPB,2026-08-26,20.0,29.0,24,48.967,2.428,iem_asos_metar
LFPB,2026-08-27,18.000000000000004,26.999999999999996,24,48.967,2.428,iem_asos_metar
LFPB,2026-08-28,17.0,24.0,24,48.967,2.428,iem_asos_metar
LFPB,2026-08-29,17.0,21.999999999999996,24,48.967,2.428,iem_asos_metar
LFPB,2026-08-30,17.0,24.0,24,48.967,2.428,iem_asos_metar
LFPB,2026-08-31,16.0,23.000000000000004,24,48.967,2.428,iem_asos_metar
LFPB,2026-09-01,14.000000000000002,25.0,24,48.967,2.428,iem_asos_metar
LFPB,2026-09-02,13.0,25.0,24,48.967,2.428,iem_asos_metar
LFPB,2026-09-03,17.0,26.999999999999996,24,48.967,2.428,iem_asos_metar
LFPB,2026-09-04,19.0,28.000000000000004,24,48.967,2.428,iem_asos_metar
LFPB,2026-09-05,15.0,25.0,23,48.967,2.428,iem_asos_metar
LFPB,2026-09-06,12.0,28.000000000000004,24,48.967,2.428,iem_asos_metar
LFPB,2026-09-07,18.000000000000004,29.0,24,48.967,2.428,iem_asos_metar
LFPB,2026-09-08,14.000000000000002,26.999999999999996,24,48.967,2.428,iem_asos_metar
LFPB,2026-09-09,12.0,21.999999999999996,24,48.967,2.428,iem_asos_metar
LIMC,2026-06-13,16.0,30.0,24,45.631,8.728,iem_asos_metar
LIMC,2026-06-14,16.0,29.0,24,45.631,8.728,iem_asos_metar
LIMC,2026-06-15,15.0,31.0,24,45.631,8.728,iem_asos_metar
LIMC,2026-06-16,18.000000000000004,30.0,24,45.631,8.728,iem_asos_metar
LIMC,2026-06-17,17.0,32.0,23,45.631,8.728,iem_asos_metar
LIMC,2026-06-18,20.0,33.0,24,45.631,8.728,iem_asos_metar
LIMC,2026-06-19,21.0,33.0,24,45.631,8.728,iem_asos_metar
LIMC,2026-06-20,21.0,34.0,24,45.631,8.728,iem_asos_metar
LIMC,2026-06-21,23.000000000000004,34.0,24,45.631,8.728,iem_asos_metar
LIMC,2026-06-22,23.000000000000004,35.0,24,45.631,8.728,iem_asos_metar
LIMC,2026-06-23,24.0,34.0,24,45.631,8.728,iem_asos_metar
LIMC,2026-06-24,24.0,35.0,24,45.631,8.728,iem_asos_metar
LIMC,2026-06-25,25.0,35.0,24,45.631,8.728,iem_asos_metar
LIMC,2026-06-26,23.000000000000004,34.0,24,45.631,8.728,iem_asos_metar
LIMC,2026-06-27,25.0,36.0,24,45.631,8.728,iem_asos_metar
LIMC,2026-06-28,25.0,36.0,24,45.631,8.728,iem_asos_metar
LIMC,2026-06-29,21.999999999999996,35.0,24,45.631,8.728,iem_asos_metar
LIMC,2026-06-30,23.000000000000004,34.0,24,45.631,8.728,iem_asos_metar
LIMC,2026-07-01,18.000000000000004,30.0,24,45.631,8.728,iem_asos_metar
LIMC,2026-07-02,18.000000000000004,31.0,24,45.631,8.728,iem_asos_metar
LIMC,2026-07-03,17.0,32.0,24,45.631,8.728,iem_asos_metar
LIMC,2026-07-04,20.0,32.0,24,45.631,8.728,iem_asos_metar
LIMC,2026-07-05,18.000000000000004,33.0,24,45.631,8.728,iem_asos_metar
LIMC,2026-07-06,18.000000000000004,33.0,24,45.631,8.728,iem_asos_metar
LIMC,2026-07-07,20.0,33.0,24,45.631,8.728,iem_asos_metar
LIMC,2026-07-08,19.0,36.0,24,45.631,8.728,iem_asos_metar
LIMC,2026-07-09,21.0,34.0,24,45.631,8.728,iem_asos_metar
LIMC,2026-07-10,23.000000000000004,34.0,23,45.631,8.728,iem_asos_metar
LIMC,2026-07-11,21.0,33.0,24,45.631,8.728,iem_asos_metar
LIMC,2026-07-12,20.0,33.0,24,45.631,8.728,iem_asos_metar
LIMC,2026-07-13,23.000000000000004,32.0,24,45.631,8.728,iem_asos_metar
LIMC,2026-07-14,24.0,34.0,24,45.631,8.728,iem_asos_metar
LIMC,2026-07-15,21.999999999999996,32.0,24,45.631,8.728,iem_asos_metar
LIMC,2026-07-16,20.0,33.0,24,45.631,8.728,iem_asos_metar
LIMC,2026-07-17,19.0,32.0,24,45.631,8.728,iem_asos_metar
LIMC,2026-07-18,21.0,34.0,24,45.631,8.728,iem_asos_metar
LIMC,2026-07-19,21.999999999999996,32.0,22,45.631,8.728,iem_asos_metar
LIMC,2026-07-20,21.999999999999996,31.0,23,45.631,8.728,iem_asos_metar
LIMC,2026-07-21,23.000000000000004,30.0,24,45.631,8.728,iem_asos_metar
LIMC,2026-07-22,18.000000000000004,29.0,24,45.631,8.728,iem_asos_metar
LIMC,2026-07-23,18.000000000000004,30.0,24,45.631,8.728,iem_asos_metar
LIMC,2026-07-24,17.0,30.0,24,45.631,8.728,iem_asos_metar
LIMC,2026-07-25,17.0,30.0,23,45.631,8.728,iem_asos_metar
LIMC,2026-07-26,20.0,30.0,23,45.631,8.728,iem_asos_metar
LIMC,2026-07-27,19.0,33.0,24,45.631,8.728,iem_asos_metar
LIMC,2026-07-28,20.0,33.0,24,45.631,8.728,iem_asos_metar
LIMC,2026-07-29,24.0,34.0,24,45.631,8.728,iem_asos_metar
LIMC,2026-07-30,23.000000000000004,36.0,24,45.631,8.728,iem_asos_metar
LIMC,2026-07-31,25.0,35.0,24,45.631,8.728,iem_asos_metar
LIMC,2026-08-01,23.000000000000004,36.0,24,45.631,8.728,iem_asos_metar
LIMC,2026-08-02,21.0,34.0,24,45.631,8.728,iem_asos_metar
LIMC,2026-08-03,23.000000000000004,35.0,24,45.631,8.728,iem_asos_metar
LIMC,2026-08-04,23.000000000000004,36.0,24,45.631,8.728,iem_asos_metar
LIMC,2026-08-05,21.999999999999996,36.0,24,45.631,8.728,iem_asos_metar
LIMC,2026-08-06,24.0,36.0,24,45.631,8.728,iem_asos_metar
LIMC,2026-08-07,23.000000000000004,33.0,24,45.631,8.728,iem_asos_metar
LIMC,2026-08-08,21.999999999999996,34.0,24,45.631,8.728,iem_asos_metar
LIMC,2026-08-09,21.999999999999996,34.0,24,45.631,8.728,iem_asos_metar
LIMC,2026-08-10,21.0,34.0,24,45.631,8.728,iem_asos_metar
LIMC,2026-08-11,21.999999999999996,36.0,24,45.631,8.728,iem_asos_metar
LIMC,2026-08-12,23.000000000000004,35.0,24,45.631,8.728,iem_asos_metar
LIMC,2026-08-13,24.0,35.0,24,45.631,8.728,iem_asos_metar
LIMC,2026-08-14,24.0,34.0,24,45.631,8.728,iem_asos_metar
LIMC,2026-08-15,23.000000000000004,34.0,24,45.631,8.728,iem_asos_metar
LIMC,2026-08-16,20.0,35.0,23,45.631,8.728,iem_asos_metar
LIMC,2026-08-17,19.0,31.0,24,45.631,8.728,iem_asos_metar
LIMC,2026-08-18,19.0,32.0,23,45.631,8.728,iem_asos_metar
LIMC,2026-08-19,19.0,32.0,24,45.631,8.728,iem_asos_metar
LIMC,2026-08-20,19.0,30.0,18,45.631,8.728,iem_asos_metar
LIMC,2026-08-21,16.0,24.0,24,45.631,8.728,iem_asos_metar
LIMC,2026-08-22,14.000000000000002,29.0,23,45.631,8.728,iem_asos_metar
LIMC,2026-08-23,16.0,28.000000000000004,23,45.631,8.728,iem_asos_metar
LIMC,2026-08-24,17.0,29.0,24,45.631,8.728,iem_asos_metar
LIMC,2026-08-25,18.000000000000004,28.000000000000004,23,45.631,8.728,iem_asos_metar
LIMC,2026-08-26,20.0,29.0,23,45.631,8.728,iem_asos_metar
LIMC,2026-08-27,21.999999999999996,30.0,23,45.631,8.728,iem_asos_metar
LIMC,2026-08-28,21.0,30.0,24,45.631,8.728,iem_asos_metar
LIMC,2026-08-29,19.0,30.0,24,45.631,8.728,iem_asos_metar
LIMC,2026-08-30,18.000000000000004,31.0,24,45.631,8.728,iem_asos_metar
LIMC,2026-09-01,17.0,29.0,24,45.631,8.728,iem_asos_metar
LIMC,2026-09-02,20.0,30.0,24,45.631,8.728,iem_asos_metar
LIMC,2026-09-03,17.0,31.0,24,45.631,8.728,iem_asos_metar
LIMC,2026-09-04,18.000000000000004,33.0,23,45.631,8.728,iem_asos_metar
LIMC,2026-09-05,17.0,32.0,22,45.631,8.728,iem_asos_metar
LIMC,2026-09-06,21.0,32.0,24,45.631,8.728,iem_asos_metar
LIMC,2026-09-07,21.0,31.0,24,45.631,8.728,iem_asos_metar
LIMC,2026-09-08,21.999999999999996,32.0,24,45.631,8.728,iem_asos_metar
LIMC,2026-09-09,17.0,24.0,24,45.631,8.728,iem_asos_metar
LTAC,2026-06-13,12.0,23.000000000000004,28,40.128,32.995,iem_asos_metar
LTAC,2026-06-14,10.999999999999998,21.0,24,40.128,32.995,iem_asos_metar
LTAC,2026-06-15,10.0,26.0,24,40.128,32.995,iem_asos_metar
LTAC,2026-06-16,9.000000000000002,29.0,24,40.128,32.995,iem_asos_metar
LTAC,2026-06-17,12.0,30.0,24,40.128,32.995,iem_asos_metar
LTAC,2026-06-18,15.0,29.0,25,40.128,32.995,iem_asos_metar
LTAC,2026-06-19,14.000000000000002,19.0,25,40.128,32.995,iem_asos_metar
LTAC,2026-06-20,14.000000000000002,24.0,24,40.128,32.995,iem_asos_metar
LTAC,2026-06-21,13.0,26.0,24,40.128,32.995,iem_asos_metar
LTAC,2026-06-22,10.999999999999998,26.0,24,40.128,32.995,iem_asos_metar
LTAC,2026-06-23,9.000000000000002,26.999999999999996,24,40.128,32.995,iem_asos_metar
LTAC,2026-06-24,12.0,28.000000000000004,24,40.128,32.995,iem_asos_metar
LTAC,2026-06-25,14.000000000000002,29.0,24,40.128,32.995,iem_asos_metar
LTAC,2026-06-26,15.0,29.0,24,40.128,32.995,iem_asos_metar
LTAC,2026-06-27,13.0,26.999999999999996,24,40.128,32.995,iem_asos_metar
LTAC,2026-06-28,13.0,26.0,24,40.128,32.995,iem_asos_metar
LTAC,2026-06-29,13.0,29.0,24,40.128,32.995,iem_asos_metar
LTAC,2026-06-30,15.0,31.0,24,40.128,32.995,iem_asos_metar
LTAC,2026-07-01,15.0,31.0,24,40.128,32.995,iem_asos_metar
LTAC,2026-07-02,15.0,34.0,24,40.128,32.995,iem_asos_metar
LTAC,2026-07-03,17.0,31.0,24,40.128,32.995,iem_asos_metar
LTAC,2026-07-04,14.000000000000002,30.0,24,40.128,32.995,iem_asos_metar
LTAC,2026-07-05,16.0,24.0,24,40.128,32.995,iem_asos_metar
LTAC,2026-07-06,15.0,26.999999999999996,24,40.128,32.995,iem_asos_metar
LTAC,2026-07-07,15.0,28.000000000000004,24,40.128,32.995,iem_asos_metar
LTAC,2026-07-08,14.000000000000002,29.0,24,40.128,32.995,iem_asos_metar
LTAC,2026-07-09,12.0,31.0,25,40.128,32.995,iem_asos_metar
LTAC,2026-07-10,15.0,29.0,24,40.128,32.995,iem_asos_metar
LTAC,2026-07-11,14.000000000000002,30.0,24,40.128,32.995,iem_asos_metar
LTAC,2026-07-12,15.0,32.0,24,40.128,32.995,iem_asos_metar
LTAC,2026-07-13,15.0,32.0,24,40.128,32.995,iem_asos_metar
LTAC,2026-07-14,15.0,29.0,24,40.128,32.995,iem_asos_metar
LTAC,2026-07-15,12.0,29.0,22,40.128,32.995,iem_asos_metar
LTAC,2026-07-16,15.0,30.0,22,40.128,32.995,iem_asos_metar
LTAC,2026-07-17,16.0,29.0,23,40.128,32.995,iem_asos_metar
LTAC,2026-07-18,17.0,29.0,23,40.128,32.995,iem_asos_metar
LTAC,2026-07-19,17.0,32.0,23,40.128,32.995,iem_asos_metar
LTAC,2026-07-20,17.0,33.0,24,40.128,32.995,iem_asos_metar
LTAC,2026-07-21,17.0,33.0,24,40.128,32.995,iem_asos_metar
LTAC,2026-07-22,14.000000000000002,31.0,24,40.128,32.995,iem_asos_metar
LTAC,2026-07-23,14.000000000000002,29.0,27,40.128,32.995,iem_asos_metar
LTAC,2026-07-24,10.999999999999998,26.0,25,40.128,32.995,iem_asos_metar
LTAC,2026-07-25,13.0,17.0,29,40.128,32.995,iem_asos_metar
LTAC,2026-07-26,13.0,24.0,24,40.128,32.995,iem_asos_metar
LTAC,2026-07-27,10.999999999999998,28.000000000000004,24,40.128,32.995,iem_asos_metar
LTAC,2026-07-28,13.0,30.0,24,40.128,32.995,iem_asos_metar
LTAC,2026-07-29,13.0,28.000000000000004,24,40.128,32.995,iem_asos_metar
LTAC,2026-07-30,10.999999999999998,26.999999999999996,24,40.128,32.995,iem_asos_metar
LTAC,2026-07-31,12.0,26.0,24,40.128,32.995,iem_asos_metar
LTAC,2026-08-01,13.0,28.000000000000004,24,40.128,32.995,iem_asos_metar
LTAC,2026-08-02,15.0,32.0,24,40.128,32.995,iem_asos_metar
LTAC,2026-08-03,17.0,33.0,24,40.128,32.995,iem_asos_metar
LTAC,2026-08-04,16.0,32.0,24,40.128,32.995,iem_asos_metar
LTAC,2026-08-05,14.000000000000002,32.0,24,40.128,32.995,iem_asos_metar
LTAC,2026-08-06,18.000000000000004,32.0,24,40.128,32.995,iem_asos_metar
LTAC,2026-08-07,17.0,33.0,24,40.128,32.995,iem_asos_metar
LTAC,2026-08-08,17.0,33.0,24,40.128,32.995,iem_asos_metar
LTAC,2026-08-09,16.0,31.0,24,40.128,32.995,iem_asos_metar
LTAC,2026-08-10,17.0,31.0,24,40.128,32.995,iem_asos_metar
LTAC,2026-08-11,15.0,32.0,24,40.128,32.995,iem_asos_metar
LTAC,2026-08-12,17.0,32.0,24,40.128,32.995,iem_asos_metar
LTAC,2026-08-13,16.0,30.0,24,40.128,32.995,iem_asos_metar
LTAC,2026-08-14,15.0,26.999999999999996,24,40.128,32.995,iem_asos_metar
LTAC,2026-08-15,12.0,26.0,24,40.128,32.995,iem_asos_metar
LTAC,2026-08-16,13.0,26.999999999999996,24,40.128,32.995,iem_asos_metar
LTAC,2026-08-17,14.000000000000002,26.0,24,40.128,32.995,iem_asos_metar
LTAC,2026-08-18,14.000000000000002,30.0,24,40.128,32.995,iem_asos_metar
LTAC,2026-08-19,14.000000000000002,31.0,24,40.128,32.995,iem_asos_metar
LTAC,2026-08-20,14.000000000000002,31.0,24,40.128,32.995,iem_asos_metar
LTAC,2026-08-21,16.0,32.0,24,40.128,32.995,iem_asos_metar
LTAC,2026-08-22,14.000000000000002,35.0,24,40.128,32.995,iem_asos_metar
LTAC,2026-08-23,17.0,35.0,24,40.128,32.995,iem_asos_metar
LTAC,2026-08-24,16.0,32.0,24,40.128,32.995,iem_asos_metar
LTAC,2026-08-25,17.0,30.0,24,40.128,32.995,iem_asos_metar
LTAC,2026-08-26,15.0,33.0,25,40.128,32.995,iem_asos_metar
LTAC,2026-08-27,17.0,33.0,24,40.128,32.995,iem_asos_metar
LTAC,2026-08-28,14.000000000000002,26.0,27,40.128,32.995,iem_asos_metar
LTAC,2026-08-29,14.000000000000002,23.000000000000004,24,40.128,32.995,iem_asos_metar
LTAC,2026-08-30,15.0,25.0,25,40.128,32.995,iem_asos_metar
LTAC,2026-08-31,12.0,29.0,24,40.128,32.995,iem_asos_metar
LTAC,2026-09-01,14.000000000000002,30.0,24,40.128,32.995,iem_asos_metar
LTAC,2026-09-02,14.000000000000002,31.0,24,40.128,32.995,iem_asos_metar
LTAC,2026-09-03,15.0,30.0,24,40.128,32.995,iem_asos_metar
LTAC,2026-09-04,15.0,29.0,24,40.128,32.995,iem_asos_metar
LTAC,2026-09-05,15.0,29.0,24,40.128,32.995,iem_asos_metar
LTAC,2026-09-06,13.0,32.0,24,40.128,32.995,iem_asos_metar
LTAC,2026-09-07,10.999999999999998,24.0,24,40.128,32.995,iem_asos_metar
LTAC,2026-09-08,10.0,23.000000000000004,24,40.128,32.995,iem_asos_metar
LTAC,2026-09-09,10.0,26.0,24,40.128,32.995,iem_asos_metar
MMMX,2026-06-27,15.0,26.0,24,19.436,-99.072,iem_asos_metar
MMMX,2026-06-28,14.000000000000002,24.0,20,19.436,-99.072,iem_asos_metar
MMMX,2026-06-30,13.0,24.0,25,19.436,-99.072,iem_asos_metar
MMMX,2026-07-09,14.000000000000002,21.999999999999996,26,19.436,-99.072,iem_asos_metar
MMMX,2026-07-18,15.0,25.0,20,19.436,-99.072,iem_asos_metar
MMMX,2026-07-29,14.000000000000002,26.0,19,19.436,-99.072,iem_asos_metar
MMMX,2026-08-17,13.0,26.0,18,19.436,-99.072,iem_asos_metar
MMMX,2026-08-18,13.0,26.0,25,19.436,-99.072,iem_asos_metar
MMMX,2026-08-19,13.0,24.0,20,19.436,-99.072,iem_asos_metar
MMMX,2026-08-20,15.0,25.0,19,19.436,-99.072,iem_asos_metar
MMMX,2026-08-22,15.0,23.000000000000004,20,19.436,-99.072,iem_asos_metar
MMMX,2026-09-03,14.000000000000002,25.0,18,19.436,-99.072,iem_asos_metar
MMMX,2026-09-06,15.0,24.0,21,19.436,-99.072,iem_asos_metar
MMMX,2026-09-07,14.000000000000002,21.0,21,19.436,-99.072,iem_asos_metar
NZWN,2026-06-13,13.0,17.0,24,-41.331,174.806,iem_asos_metar
NZWN,2026-06-14,15.0,17.0,24,-41.331,174.806,iem_asos_metar
NZWN,2026-06-15,10.0,17.0,24,-41.331,174.806,iem_asos_metar
NZWN,2026-06-16,8.0,15.0,24,-41.331,174.806,iem_asos_metar
NZWN,2026-06-17,8.0,15.0,24,-41.331,174.806,iem_asos_metar
NZWN,2026-06-18,7.000000000000001,14.000000000000002,24,-41.331,174.806,iem_asos_metar
NZWN,2026-06-19,13.0,16.0,24,-41.331,174.806,iem_asos_metar
NZWN,2026-06-20,13.0,17.0,24,-41.331,174.806,iem_asos_metar
NZWN,2026-06-21,8.0,14.000000000000002,24,-41.331,174.806,iem_asos_metar
NZWN,2026-06-22,5.999999999999998,13.0,24,-41.331,174.806,iem_asos_metar
NZWN,2026-06-23,10.999999999999998,14.000000000000002,24,-41.331,174.806,iem_asos_metar
NZWN,2026-06-24,9.000000000000002,16.0,24,-41.331,174.806,iem_asos_metar
NZWN,2026-06-25,8.0,10.999999999999998,24,-41.331,174.806,iem_asos_metar
NZWN,2026-06-26,8.0,10.999999999999998,24,-41.331,174.806,iem_asos_metar
NZWN,2026-06-27,9.000000000000002,10.999999999999998,24,-41.331,174.806,iem_asos_metar
NZWN,2026-06-28,10.0,12.0,24,-41.331,174.806,iem_asos_metar
NZWN,2026-06-29,5.0,12.0,24,-41.331,174.806,iem_asos_metar
NZWN,2026-06-30,5.0,12.0,21,-41.331,174.806,iem_asos_metar
NZWN,2026-07-01,8.0,12.0,23,-41.331,174.806,iem_asos_metar
NZWN,2026-07-02,10.999999999999998,13.0,24,-41.331,174.806,iem_asos_metar
NZWN,2026-07-03,10.0,13.0,24,-41.331,174.806,iem_asos_metar
NZWN,2026-07-04,12.0,13.0,24,-41.331,174.806,iem_asos_metar
NZWN,2026-07-05,10.0,13.0,23,-41.331,174.806,iem_asos_metar
NZWN,2026-07-06,10.0,13.0,24,-41.331,174.806,iem_asos_metar
NZWN,2026-07-07,10.999999999999998,13.0,24,-41.331,174.806,iem_asos_metar
NZWN,2026-07-08,9.000000000000002,13.0,24,-41.331,174.806,iem_asos_metar
NZWN,2026-07-09,8.0,10.999999999999998,24,-41.331,174.806,iem_asos_metar
NZWN,2026-07-10,9.000000000000002,10.0,24,-41.331,174.806,iem_asos_metar
NZWN,2026-07-11,5.999999999999998,10.0,24,-41.331,174.806,iem_asos_metar
NZWN,2026-07-12,7.000000000000001,13.0,24,-41.331,174.806,iem_asos_metar
NZWN,2026-07-13,10.999999999999998,15.0,24,-41.331,174.806,iem_asos_metar
NZWN,2026-07-14,14.000000000000002,15.0,24,-41.331,174.806,iem_asos_metar
NZWN,2026-07-15,14.000000000000002,16.0,24,-41.331,174.806,iem_asos_metar
NZWN,2026-07-16,5.0,16.0,24,-41.331,174.806,iem_asos_metar
NZWN,2026-07-17,10.999999999999998,15.0,24,-41.331,174.806,iem_asos_metar
NZWN,2026-07-18,10.0,15.0,24,-41.331,174.806,iem_asos_metar
NZWN,2026-07-19,10.0,13.0,24,-41.331,174.806,iem_asos_metar
NZWN,2026-07-20,4.000000000000002,12.0,24,-41.331,174.806,iem_asos_metar
NZWN,2026-07-21,7.000000000000001,13.0,24,-41.331,174.806,iem_asos_metar
NZWN,2026-07-22,8.0,14.000000000000002,24,-41.331,174.806,iem_asos_metar
NZWN,2026-07-23,10.999999999999998,14.000000000000002,24,-41.331,174.806,iem_asos_metar
NZWN,2026-07-24,10.0,14.000000000000002,24,-41.331,174.806,iem_asos_metar
NZWN,2026-07-25,7.000000000000001,9.000000000000002,24,-41.331,174.806,iem_asos_metar
NZWN,2026-07-26,2.000000000000001,10.0,24,-41.331,174.806,iem_asos_metar
NZWN,2026-07-27,4.000000000000002,10.999999999999998,24,-41.331,174.806,iem_asos_metar
NZWN,2026-07-28,4.000000000000002,12.0,24,-41.331,174.806,iem_asos_metar
NZWN,2026-07-29,10.0,12.0,24,-41.331,174.806,iem_asos_metar
NZWN,2026-07-30,12.0,14.000000000000002,24,-41.331,174.806,iem_asos_metar
NZWN,2026-07-31,8.0,15.0,24,-41.331,174.806,iem_asos_metar
NZWN,2026-08-01,4.000000000000002,10.999999999999998,24,-41.331,174.806,iem_asos_metar
NZWN,2026-08-02,9.000000000000002,15.0,24,-41.331,174.806,iem_asos_metar
NZWN,2026-08-03,8.0,16.0,24,-41.331,174.806,iem_asos_metar
NZWN,2026-08-04,5.0,9.000000000000002,24,-41.331,174.806,iem_asos_metar
NZWN,2026-08-05,5.0,9.000000000000002,24,-41.331,174.806,iem_asos_metar
NZWN,2026-08-06,5.999999999999998,10.999999999999998,24,-41.331,174.806,iem_asos_metar
NZWN,2026-08-07,10.0,12.0,24,-41.331,174.806,iem_asos_metar
NZWN,2026-08-08,10.0,13.0,24,-41.331,174.806,iem_asos_metar
NZWN,2026-08-09,10.999999999999998,14.000000000000002,24,-41.331,174.806,iem_asos_metar
NZWN,2026-08-10,10.0,14.000000000000002,24,-41.331,174.806,iem_asos_metar
NZWN,2026-08-11,5.999999999999998,12.0,24,-41.331,174.806,iem_asos_metar
NZWN,2026-08-12,9.000000000000002,14.000000000000002,24,-41.331,174.806,iem_asos_metar
NZWN,2026-08-13,10.999999999999998,15.0,24,-41.331,174.806,iem_asos_metar
NZWN,2026-08-14,10.0,12.0,24,-41.331,174.806,iem_asos_metar
NZWN,2026-08-15,8.0,12.0,24,-41.331,174.806,iem_asos_metar
NZWN,2026-08-16,7.000000000000001,9.000000000000002,24,-41.331,174.806,iem_asos_metar
NZWN,2026-08-17,9.000000000000002,12.0,24,-41.331,174.806,iem_asos_metar
NZWN,2026-08-18,8.0,12.0,24,-41.331,174.806,iem_asos_metar
NZWN,2026-08-19,9.000000000000002,10.999999999999998,24,-41.331,174.806,iem_asos_metar
NZWN,2026-08-20,8.0,13.0,24,-41.331,174.806,iem_asos_metar
NZWN,2026-08-21,12.0,15.0,24,-41.331,174.806,iem_asos_metar
NZWN,2026-08-22,13.0,16.0,24,-41.331,174.806,iem_asos_metar
NZWN,2026-08-23,8.0,17.0,24,-41.331,174.806,iem_asos_metar
NZWN,2026-08-24,12.0,15.0,24,-41.331,174.806,iem_asos_metar
NZWN,2026-08-25,13.0,17.0,21,-41.331,174.806,iem_asos_metar
NZWN,2026-08-26,10.0,16.0,24,-41.331,174.806,iem_asos_metar
NZWN,2026-08-27,10.999999999999998,15.0,24,-41.331,174.806,iem_asos_metar
NZWN,2026-08-28,10.999999999999998,15.0,24,-41.331,174.806,iem_asos_metar
NZWN,2026-08-29,10.999999999999998,16.0,24,-41.331,174.806,iem_asos_metar
NZWN,2026-08-30,9.000000000000002,18.000000000000004,24,-41.331,174.806,iem_asos_metar
NZWN,2026-08-31,5.0,17.0,24,-41.331,174.806,iem_asos_metar
NZWN,2026-09-01,10.999999999999998,15.0,24,-41.331,174.806,iem_asos_metar
NZWN,2026-09-02,13.0,16.0,24,-41.331,174.806,iem_asos_metar
NZWN,2026-09-03,14.000000000000002,17.0,24,-41.331,174.806,iem_asos_metar
NZWN,2026-09-04,12.0,18.000000000000004,24,-41.331,174.806,iem_asos_metar
NZWN,2026-09-05,14.000000000000002,15.0,23,-41.331,174.806,iem_asos_metar
NZWN,2026-09-06,8.0,15.0,24,-41.331,174.806,iem_asos_metar
NZWN,2026-09-07,4.000000000000002,12.0,24,-41.331,174.806,iem_asos_metar
NZWN,2026-09-08,5.0,14.000000000000002,24,-41.331,174.806,iem_asos_metar
NZWN,2026-09-09,12.0,14.000000000000002,24,-41.331,174.806,iem_asos_metar
OPKC,2026-06-13,30.0,36.0,24,24.902,67.139,iem_asos_metar
OPKC,2026-06-14,30.0,35.0,24,24.902,67.139,iem_asos_metar
OPKC,2026-06-15,29.0,35.0,24,24.902,67.139,iem_asos_metar
OPKC,2026-06-16,30.0,34.0,24,24.902,67.139,iem_asos_metar
OPKC,2026-06-17,30.0,35.0,24,24.902,67.139,iem_asos_metar
OPKC,2026-06-18,29.0,34.0,24,24.902,67.139,iem_asos_metar
OPKC,2026-06-19,29.0,35.0,24,24.902,67.139,iem_asos_metar
OPKC,2026-06-20,29.0,34.0,24,24.902,67.139,iem_asos_metar
OPKC,2026-06-21,29.0,35.0,24,24.902,67.139,iem_asos_metar
OPKC,2026-06-22,29.0,35.0,24,24.902,67.139,iem_asos_metar
OPKC,2026-06-23,29.0,34.0,24,24.902,67.139,iem_asos_metar
OPKC,2026-06-24,29.0,35.0,24,24.902,67.139,iem_asos_metar
OPKC,2026-06-25,29.0,33.0,24,24.902,67.139,iem_asos_metar
OPKC,2026-06-26,29.0,35.0,24,24.902,67.139,iem_asos_metar
OPKC,2026-06-27,29.0,35.0,24,24.902,67.139,iem_asos_metar
OPKC,2026-06-28,29.0,34.0,23,24.902,67.139,iem_asos_metar
OPKC,2026-06-29,29.0,34.0,24,24.902,67.139,iem_asos_metar
OPKC,2026-06-30,29.0,34.0,24,24.902,67.139,iem_asos_metar
OPKC,2026-07-01,29.0,33.0,24,24.902,67.139,iem_asos_metar
OPKC,2026-07-02,29.0,34.0,24,24.902,67.139,iem_asos_metar
OPKC,2026-07-03,29.0,36.0,24,24.902,67.139,iem_asos_metar
OPKC,2026-07-04,29.0,34.0,24,24.902,67.139,iem_asos_metar
OPKC,2026-07-05,30.0,34.0,24,24.902,67.139,iem_asos_metar
OPKC,2026-07-06,30.0,35.0,24,24.902,67.139,iem_asos_metar
OPKC,2026-07-07,30.0,34.0,24,24.902,67.139,iem_asos_metar
OPKC,2026-07-08,30.0,34.0,24,24.902,67.139,iem_asos_metar
OPKC,2026-07-09,29.0,34.0,24,24.902,67.139,iem_asos_metar
OPKC,2026-07-10,29.0,33.0,24,24.902,67.139,iem_asos_metar
OPKC,2026-07-11,29.0,33.0,24,24.902,67.139,iem_asos_metar
OPKC,2026-07-12,29.0,33.0,23,24.902,67.139,iem_asos_metar
OPKC,2026-07-13,29.0,33.0,24,24.902,67.139,iem_asos_metar
OPKC,2026-07-14,29.0,33.0,22,24.902,67.139,iem_asos_metar
OPKC,2026-07-15,28.000000000000004,34.0,24,24.902,67.139,iem_asos_metar
OPKC,2026-07-16,29.0,33.0,23,24.902,67.139,iem_asos_metar
OPKC,2026-07-17,28.000000000000004,34.0,22,24.902,67.139,iem_asos_metar
OPKC,2026-07-18,28.000000000000004,33.0,23,24.902,67.139,iem_asos_metar
OPKC,2026-07-19,28.000000000000004,32.0,24,24.902,67.139,iem_asos_metar
OPKC,2026-07-20,28.000000000000004,33.0,24,24.902,67.139,iem_asos_metar
OPKC,2026-07-21,29.0,32.0,24,24.902,67.139,iem_asos_metar
OPKC,2026-07-22,29.0,34.0,24,24.902,67.139,iem_asos_metar
OPKC,2026-07-23,29.0,35.0,24,24.902,67.139,iem_asos_metar
OPKC,2026-07-24,28.000000000000004,35.0,23,24.902,67.139,iem_asos_metar
OPKC,2026-07-25,26.0,33.0,24,24.902,67.139,iem_asos_metar
OPKC,2026-07-26,28.000000000000004,35.0,24,24.902,67.139,iem_asos_metar
OPKC,2026-07-27,29.0,34.0,22,24.902,67.139,iem_asos_metar
OPKC,2026-07-28,28.000000000000004,33.0,24,24.902,67.139,iem_asos_metar
OPKC,2026-07-29,29.0,34.0,24,24.902,67.139,iem_asos_metar
OPKC,2026-07-30,29.0,35.0,24,24.902,67.139,iem_asos_metar
OPKC,2026-07-31,29.0,36.0,24,24.902,67.139,iem_asos_metar
OPKC,2026-08-01,29.0,35.0,24,24.902,67.139,iem_asos_metar
OPKC,2026-08-02,28.000000000000004,30.0,24,24.902,67.139,iem_asos_metar
OPKC,2026-08-03,28.000000000000004,33.0,23,24.902,67.139,iem_asos_metar
OPKC,2026-08-04,28.000000000000004,33.0,24,24.902,67.139,iem_asos_metar
OPKC,2026-08-05,28.000000000000004,32.0,23,24.902,67.139,iem_asos_metar
OPKC,2026-08-06,28.000000000000004,33.0,24,24.902,67.139,iem_asos_metar
OPKC,2026-08-07,28.000000000000004,33.0,24,24.902,67.139,iem_asos_metar
OPKC,2026-08-08,28.000000000000004,33.0,24,24.902,67.139,iem_asos_metar
OPKC,2026-08-09,28.000000000000004,33.0,24,24.902,67.139,iem_asos_metar
OPKC,2026-08-10,28.000000000000004,33.0,24,24.902,67.139,iem_asos_metar
OPKC,2026-08-11,28.000000000000004,32.0,24,24.902,67.139,iem_asos_metar
OPKC,2026-08-12,28.000000000000004,33.0,24,24.902,67.139,iem_asos_metar
OPKC,2026-08-13,28.000000000000004,33.0,24,24.902,67.139,iem_asos_metar
OPKC,2026-08-14,26.999999999999996,32.0,24,24.902,67.139,iem_asos_metar
OPKC,2026-08-15,28.000000000000004,32.0,24,24.902,67.139,iem_asos_metar
OPKC,2026-08-16,26.999999999999996,32.0,24,24.902,67.139,iem_asos_metar
OPKC,2026-08-17,26.999999999999996,31.0,24,24.902,67.139,iem_asos_metar
OPKC,2026-08-18,26.999999999999996,32.0,22,24.902,67.139,iem_asos_metar
OPKC,2026-08-19,28.000000000000004,31.0,24,24.902,67.139,iem_asos_metar
OPKC,2026-08-20,26.999999999999996,32.0,22,24.902,67.139,iem_asos_metar
OPKC,2026-08-21,26.999999999999996,32.0,22,24.902,67.139,iem_asos_metar
OPKC,2026-08-22,26.999999999999996,30.0,24,24.902,67.139,iem_asos_metar
OPKC,2026-08-23,26.999999999999996,29.0,23,24.902,67.139,iem_asos_metar
OPKC,2026-08-24,26.999999999999996,33.0,24,24.902,67.139,iem_asos_metar
OPKC,2026-08-25,26.999999999999996,33.0,24,24.902,67.139,iem_asos_metar
OPKC,2026-08-26,28.000000000000004,33.0,24,24.902,67.139,iem_asos_metar
OPKC,2026-08-27,26.999999999999996,32.0,24,24.902,67.139,iem_asos_metar
OPKC,2026-08-28,26.999999999999996,30.0,24,24.902,67.139,iem_asos_metar
OPKC,2026-08-29,26.999999999999996,30.0,23,24.902,67.139,iem_asos_metar
OPKC,2026-08-30,26.999999999999996,30.0,23,24.902,67.139,iem_asos_metar
OPKC,2026-08-31,26.999999999999996,30.0,23,24.902,67.139,iem_asos_metar
OPKC,2026-09-01,26.0,30.0,24,24.902,67.139,iem_asos_metar
OPKC,2026-09-02,26.0,32.0,23,24.902,67.139,iem_asos_metar
OPKC,2026-09-03,26.0,32.0,24,24.902,67.139,iem_asos_metar
OPKC,2026-09-04,26.999999999999996,31.0,24,24.902,67.139,iem_asos_metar
OPKC,2026-09-05,26.999999999999996,33.0,23,24.902,67.139,iem_asos_metar
OPKC,2026-09-06,26.0,31.0,24,24.902,67.139,iem_asos_metar
OPKC,2026-09-07,26.999999999999996,32.0,24,24.902,67.139,iem_asos_metar
OPKC,2026-09-08,26.999999999999996,32.0,24,24.902,67.139,iem_asos_metar
OPKC,2026-09-09,26.0,33.0,24,24.902,67.139,iem_asos_metar
RJTT,2026-06-13,21.999999999999996,26.999999999999996,24,35.553,139.781,iem_asos_metar
RJTT,2026-06-14,18.000000000000004,26.0,24,35.553,139.781,iem_asos_metar
RJTT,2026-06-15,18.000000000000004,21.999999999999996,24,35.553,139.781,iem_asos_metar
RJTT,2026-06-16,19.0,26.0,24,35.553,139.781,iem_asos_metar
RJTT,2026-06-17,20.0,28.000000000000004,24,35.553,139.781,iem_asos_metar
RJTT,2026-06-18,21.0,26.0,24,35.553,139.781,iem_asos_metar
RJTT,2026-06-19,21.0,29.0,24,35.553,139.781,iem_asos_metar
RJTT,2026-06-20,21.0,24.0,24,35.553,139.781,iem_asos_metar
RJTT,2026-06-21,21.0,26.0,24,35.553,139.781,iem_asos_metar
RJTT,2026-06-22,19.0,26.999999999999996,24,35.553,139.781,iem_asos_metar
RJTT,2026-06-23,19.0,23.000000000000004,24,35.553,139.781,iem_asos_metar
RJTT,2026-06-24,21.0,25.0,24,35.553,139.781,iem_asos_metar
RJTT,2026-06-25,20.0,23.000000000000004,24,35.553,139.781,iem_asos_metar
RJTT,2026-06-26,21.999999999999996,26.999999999999996,24,35.553,139.781,iem_asos_metar
RJTT,2026-06-27,21.999999999999996,24.0,24,35.553,139.781,iem_asos_metar
RJTT,2026-06-28,20.0,23.000000000000004,24,35.553,139.781,iem_asos_metar
RJTT,2026-06-29,21.999999999999996,25.0,24,35.553,139.781,iem_asos_metar
RJTT,2026-06-30,23.000000000000004,26.999999999999996,24,35.553,139.781,iem_asos_metar
RJTT,2026-07-01,20.0,26.999999999999996,24,35.553,139.781,iem_asos_metar
RJTT,2026-07-02,21.0,23.000000000000004,24,35.553,139.781,iem_asos_metar
RJTT,2026-07-03,21.0,25.0,24,35.553,139.781,iem_asos_metar
RJTT,2026-07-04,21.999999999999996,28.000000000000004,24,35.553,139.781,iem_asos_metar
RJTT,2026-07-05,21.999999999999996,26.0,24,35.553,139.781,iem_asos_metar
RJTT,2026-07-06,21.0,26.0,24,35.553,139.781,iem_asos_metar
RJTT,2026-07-07,21.999999999999996,24.0,24,35.553,139.781,iem_asos_metar
RJTT,2026-07-08,23.000000000000004,28.000000000000004,24,35.553,139.781,iem_asos_metar
RJTT,2026-07-09,24.0,30.0,24,35.553,139.781,iem_asos_metar
RJTT,2026-07-10,25.0,30.0,24,35.553,139.781,iem_asos_metar
RJTT,2026-07-11,25.0,29.0,24,35.553,139.781,iem_asos_metar
RJTT,2026-07-12,26.0,29.0,24,35.553,139.781,iem_asos_metar
RJTT,2026-07-13,25.0,30.0,24,35.553,139.781,iem_asos_metar
RJTT,2026-07-14,26.999999999999996,34.0,24,35.553,139.781,iem_asos_metar
RJTT,2026-07-15,26.999999999999996,33.0,24,35.553,139.781,iem_asos_metar
RJTT,2026-07-16,28.000000000000004,33.0,24,35.553,139.781,iem_asos_metar
RJTT,2026-07-17,26.0,31.0,24,35.553,139.781,iem_asos_metar
RJTT,2026-07-18,26.0,30.0,24,35.553,139.781,iem_asos_metar
RJTT,2026-07-19,26.999999999999996,32.0,24,35.553,139.781,iem_asos_metar
RJTT,2026-07-20,26.999999999999996,35.0,24,35.553,139.781,iem_asos_metar
RJTT,2026-07-21,28.000000000000004,34.0,24,35.553,139.781,iem_asos_metar
RJTT,2026-07-22,26.999999999999996,34.0,24,35.553,139.781,iem_asos_metar
RJTT,2026-07-23,26.999999999999996,35.0,24,35.553,139.781,iem_asos_metar
RJTT,2026-07-24,26.999999999999996,34.0,24,35.553,139.781,iem_asos_metar
RJTT,2026-07-25,25.0,35.0,24,35.553,139.781,iem_asos_metar
RJTT,2026-07-26,25.0,32.0,24,35.553,139.781,iem_asos_metar
RJTT,2026-07-27,23.000000000000004,30.0,24,35.553,139.781,iem_asos_metar
RJTT,2026-07-28,25.0,31.0,24,35.553,139.781,iem_asos_metar
RJTT,2026-07-29,28.000000000000004,34.0,24,35.553,139.781,iem_asos_metar
RJTT,2026-07-30,26.999999999999996,35.0,24,35.553,139.781,iem_asos_metar
RJTT,2026-07-31,26.999999999999996,35.0,24,35.553,139.781,iem_asos_metar
RJTT,2026-08-01,29.0,35.0,24,35.553,139.781,iem_asos_metar
RJTT,2026-08-02,24.0,32.0,24,35.553,139.781,iem_asos_metar
RJTT,2026-08-03,23.000000000000004,26.999999999999996,24,35.553,139.781,iem_asos_metar
RJTT,2026-08-04,24.0,29.0,24,35.553,139.781,iem_asos_metar
RJTT,2026-08-05,24.0,30.0,24,35.553,139.781,iem_asos_metar
RJTT,2026-08-06,26.999999999999996,30.0,24,35.553,139.781,iem_asos_metar
RJTT,2026-08-07,26.999999999999996,33.0,24,35.553,139.781,iem_asos_metar
RJTT,2026-08-08,25.0,34.0,24,35.553,139.781,iem_asos_metar
RJTT,2026-08-09,26.0,33.0,24,35.553,139.781,iem_asos_metar
RJTT,2026-08-10,23.000000000000004,30.0,24,35.553,139.781,iem_asos_metar
RJTT,2026-08-11,23.000000000000004,32.0,24,35.553,139.781,iem_asos_metar
RJTT,2026-08-12,25.0,29.0,24,35.553,139.781,iem_asos_metar
RJTT,2026-08-13,23.000000000000004,28.000000000000004,24,35.553,139.781,iem_asos_metar
RJTT,2026-08-14,25.0,30.0,24,35.553,139.781,iem_asos_metar
RJTT,2026-08-15,24.0,29.0,24,35.553,139.781,iem_asos_metar
RJTT,2026-08-16,24.0,26.0,24,35.553,139.781,iem_asos_metar
RJTT,2026-08-17,25.0,29.0,24,35.553,139.781,iem_asos_metar
RJTT,2026-08-18,25.0,30.0,24,35.553,139.781,iem_asos_metar
RJTT,2026-08-19,25.0,31.0,24,35.553,139.781,iem_asos_metar
RJTT,2026-08-20,26.999999999999996,33.0,24,35.553,139.781,iem_asos_metar
RJTT,2026-08-21,26.999999999999996,32.0,24,35.553,139.781,iem_asos_metar
RJTT,2026-08-22,25.0,31.0,24,35.553,139.781,iem_asos_metar
RJTT,2026-08-23,26.0,31.0,24,35.553,139.781,iem_asos_metar
RJTT,2026-08-24,28.000000000000004,32.0,24,35.553,139.781,iem_asos_metar
RJTT,2026-08-25,28.000000000000004,33.0,24,35.553,139.781,iem_asos_metar
RJTT,2026-08-26,26.0,33.0,24,35.553,139.781,iem_asos_metar
RJTT,2026-08-27,24.0,29.0,24,35.553,139.781,iem_asos_metar
RJTT,2026-08-28,24.0,32.0,24,35.553,139.781,iem_asos_metar
RJTT,2026-08-29,20.0,23.000000000000004,24,35.553,139.781,iem_asos_metar
RJTT,2026-08-30,23.000000000000004,26.0,24,35.553,139.781,iem_asos_metar
RJTT,2026-08-31,24.0,26.999999999999996,24,35.553,139.781,iem_asos_metar
RJTT,2026-09-01,25.0,28.000000000000004,24,35.553,139.781,iem_asos_metar
RJTT,2026-09-02,26.0,31.0,24,35.553,139.781,iem_asos_metar
RJTT,2026-09-03,25.0,31.0,24,35.553,139.781,iem_asos_metar
RJTT,2026-09-04,21.0,26.0,24,35.553,139.781,iem_asos_metar
RJTT,2026-09-05,21.0,25.0,24,35.553,139.781,iem_asos_metar
RJTT,2026-09-06,21.0,24.0,24,35.553,139.781,iem_asos_metar
RJTT,2026-09-07,23.000000000000004,24.0,24,35.553,139.781,iem_asos_metar
RJTT,2026-09-08,24.0,30.0,24,35.553,139.781,iem_asos_metar
RJTT,2026-09-09,19.0,31.0,24,35.553,139.781,iem_asos_metar
RKPK,2026-06-23,20.0,24.0,23,35.179,128.938,iem_asos_metar
RKPK,2026-07-14,26.0,30.0,18,35.179,128.938,iem_asos_metar
RKPK,2026-08-17,24.0,26.999999999999996,25,35.179,128.938,iem_asos_metar
RKPK,2026-08-28,26.0,26.999999999999996,35,35.179,128.938,iem_asos_metar
RKSI,2026-06-13,20.0,26.0,24,37.469,126.451,iem_asos_metar
RKSI,2026-06-14,19.0,26.0,24,37.469,126.451,iem_asos_metar
RKSI,2026-06-15,19.0,28.000000000000004,24,37.469,126.451,iem_asos_metar
RKSI,2026-06-16,20.0,29.0,24,37.469,126.451,iem_asos_metar
RKSI,2026-06-17,21.0,30.0,24,37.469,126.451,iem_asos_metar
RKSI,2026-06-18,21.0,28.000000000000004,24,37.469,126.451,iem_asos_metar
RKSI,2026-06-19,21.999999999999996,31.0,24,37.469,126.451,iem_asos_metar
RKSI,2026-06-20,21.0,23.000000000000004,24,37.469,126.451,iem_asos_metar
RKSI,2026-06-21,21.0,26.999999999999996,24,37.469,126.451,iem_asos_metar
RKSI,2026-06-22,19.0,26.999999999999996,24,37.469,126.451,iem_asos_metar
RKSI,2026-06-23,20.0,29.0,24,37.469,126.451,iem_asos_metar
RKSI,2026-06-24,20.0,29.0,24,37.469,126.451,iem_asos_metar
RKSI,2026-06-25,19.0,26.0,24,37.469,126.451,iem_asos_metar
RKSI,2026-06-26,20.0,25.0,24,37.469,126.451,iem_asos_metar
RKSI,2026-06-27,21.0,28.000000000000004,24,37.469,126.451,iem_asos_metar
RKSI,2026-06-28,20.0,26.999999999999996,24,37.469,126.451,iem_asos_metar
RKSI,2026-06-29,21.999999999999996,26.0,24,37.469,126.451,iem_asos_metar
RKSI,2026-06-30,21.999999999999996,28.000000000000004,24,37.469,126.451,iem_asos_metar
RKSI,2026-07-01,23.000000000000004,30.0,24,37.469,126.451,iem_asos_metar
RKSI,2026-07-02,21.999999999999996,28.000000000000004,24,37.469,126.451,iem_asos_metar
RKSI,2026-07-03,23.000000000000004,26.999999999999996,24,37.469,126.451,iem_asos_metar
RKSI,2026-07-04,24.0,26.999999999999996,24,37.469,126.451,iem_asos_metar
RKSI,2026-07-05,23.000000000000004,26.999999999999996,24,37.469,126.451,iem_asos_metar
RKSI,2026-07-06,21.999999999999996,28.000000000000004,24,37.469,126.451,iem_asos_metar
RKSI,2026-07-07,23.000000000000004,30.0,24,37.469,126.451,iem_asos_metar
RKSI,2026-07-08,24.0,26.999999999999996,24,37.469,126.451,iem_asos_metar
RKSI,2026-07-09,23.000000000000004,26.999999999999996,24,37.469,126.451,iem_asos_metar
RKSI,2026-07-10,24.0,28.000000000000004,24,37.469,126.451,iem_asos_metar
RKSI,2026-07-11,25.0,32.0,24,37.469,126.451,iem_asos_metar
RKSI,2026-07-12,26.999999999999996,34.0,24,37.469,126.451,iem_asos_metar
RKSI,2026-07-13,25.0,32.0,24,37.469,126.451,iem_asos_metar
RKSI,2026-07-14,24.0,32.0,26,37.469,126.451,iem_asos_metar
RKSI,2026-07-15,23.000000000000004,26.999999999999996,24,37.469,126.451,iem_asos_metar
RKSI,2026-07-16,23.000000000000004,28.000000000000004,24,37.469,126.451,iem_asos_metar
RKSI,2026-07-17,20.0,31.0,24,37.469,126.451,iem_asos_metar
RKSI,2026-07-18,21.0,26.0,24,37.469,126.451,iem_asos_metar
RKSI,2026-07-19,23.000000000000004,26.0,24,37.469,126.451,iem_asos_metar
RKSI,2026-07-20,23.000000000000004,26.999999999999996,24,37.469,126.451,iem_asos_metar
RKSI,2026-07-21,23.000000000000004,26.0,24,37.469,126.451,iem_asos_metar
RKSI,2026-07-22,25.0,26.999999999999996,24,37.469,126.451,iem_asos_metar
RKSI,2026-07-23,26.0,30.0,24,37.469,126.451,iem_asos_metar
RKSI,2026-07-24,26.999999999999996,31.0,24,37.469,126.451,iem_asos_metar
RKSI,2026-07-25,26.0,31.0,24,37.469,126.451,iem_asos_metar
RKSI,2026-07-26,26.0,31.0,24,37.469,126.451,iem_asos_metar
RKSI,2026-07-27,26.0,30.0,24,37.469,126.451,iem_asos_metar
RKSI,2026-07-28,26.0,30.0,24,37.469,126.451,iem_asos_metar
RKSI,2026-07-29,26.0,30.0,24,37.469,126.451,iem_asos_metar
RKSI,2026-07-30,26.0,30.0,24,37.469,126.451,iem_asos_metar
RKSI,2026-07-31,26.0,31.0,24,37.469,126.451,iem_asos_metar
RKSI,2026-08-01,26.999999999999996,32.0,24,37.469,126.451,iem_asos_metar
RKSI,2026-08-02,26.0,33.0,24,37.469,126.451,iem_asos_metar
RKSI,2026-08-03,26.999999999999996,32.0,24,37.469,126.451,iem_asos_metar
RKSI,2026-08-04,28.000000000000004,33.0,24,37.469,126.451,iem_asos_metar
RKSI,2026-08-05,28.000000000000004,34.0,24,37.469,126.451,iem_asos_metar
RKSI,2026-08-06,28.000000000000004,34.0,24,37.469,126.451,iem_asos_metar
RKSI,2026-08-07,28.000000000000004,35.0,24,37.469,126.451,iem_asos_metar
RKSI,2026-08-08,23.000000000000004,36.0,24,37.469,126.451,iem_asos_metar
RKSI,2026-08-09,24.0,33.0,24,37.469,126.451,iem_asos_metar
RKSI,2026-08-10,26.0,32.0,24,37.469,126.451,iem_asos_metar
RKSI,2026-08-11,21.999999999999996,32.0,24,37.469,126.451,iem_asos_metar
RKSI,2026-08-12,23.000000000000004,32.0,24,37.469,126.451,iem_asos_metar
RKSI,2026-08-13,25.0,31.0,24,37.469,126.451,iem_asos_metar
RKSI,2026-08-14,26.0,30.0,24,37.469,126.451,iem_asos_metar
RKSI,2026-08-15,24.0,28.000000000000004,24,37.469,126.451,iem_asos_metar
RKSI,2026-08-16,24.0,26.999999999999996,24,37.469,126.451,iem_asos_metar
RKSI,2026-08-17,24.0,28.000000000000004,24,37.469,126.451,iem_asos_metar
RKSI,2026-08-18,26.0,31.0,24,37.469,126.451,iem_asos_metar
RKSI,2026-08-19,25.0,29.0,24,37.469,126.451,iem_asos_metar
RKSI,2026-08-20,25.0,28.000000000000004,24,37.469,126.451,iem_asos_metar
RKSI,2026-08-21,25.0,26.999999999999996,24,37.469,126.451,iem_asos_metar
RKSI,2026-08-22,21.999999999999996,26.999999999999996,24,37.469,126.451,iem_asos_metar
RKSI,2026-08-23,26.0,31.0,24,37.469,126.451,iem_asos_metar
RKSI,2026-08-24,26.0,31.0,24,37.469,126.451,iem_asos_metar
RKSI,2026-08-25,26.0,31.0,24,37.469,126.451,iem_asos_metar
RKSI,2026-08-26,25.0,30.0,24,37.469,126.451,iem_asos_metar
RKSI,2026-08-27,26.0,30.0,24,37.469,126.451,iem_asos_metar
RKSI,2026-08-28,26.0,31.0,24,37.469,126.451,iem_asos_metar
RKSI,2026-08-29,24.0,29.0,24,37.469,126.451,iem_asos_metar
RKSI,2026-08-30,25.0,26.999999999999996,24,37.469,126.451,iem_asos_metar
RKSI,2026-08-31,21.0,25.0,24,37.469,126.451,iem_asos_metar
RKSI,2026-09-01,21.999999999999996,25.0,24,37.469,126.451,iem_asos_metar
RKSI,2026-09-02,21.999999999999996,28.000000000000004,24,37.469,126.451,iem_asos_metar
RKSI,2026-09-03,21.0,30.0,24,37.469,126.451,iem_asos_metar
RKSI,2026-09-04,20.0,30.0,24,37.469,126.451,iem_asos_metar
RKSI,2026-09-05,20.0,29.0,23,37.469,126.451,iem_asos_metar
RKSI,2026-09-06,20.0,29.0,24,37.469,126.451,iem_asos_metar
RKSI,2026-09-07,19.0,28.000000000000004,24,37.469,126.451,iem_asos_metar
RKSI,2026-09-08,20.0,26.999999999999996,24,37.469,126.451,iem_asos_metar
RKSI,2026-09-09,17.0,26.0,24,37.469,126.451,iem_asos_metar
SAEZ,2026-07-01,0.0,8.0,19,-34.822,-58.536,iem_asos_metar
SAEZ,2026-07-18,14.000000000000002,19.0,23,-34.822,-58.536,iem_asos_metar
SAEZ,2026-07-21,10.0,12.0,22,-34.822,-58.536,iem_asos_metar
VILK,2026-06-13,24.0,34.0,23,26.761,80.889,iem_asos_metar
VILK,2026-06-14,26.999999999999996,37.0,24,26.761,80.889,iem_asos_metar
VILK,2026-06-15,28.000000000000004,39.0,24,26.761,80.889,iem_asos_metar
VILK,2026-06-16,28.000000000000004,40.0,24,26.761,80.889,iem_asos_metar
VILK,2026-06-17,31.0,39.0,24,26.761,80.889,iem_asos_metar
VILK,2026-06-18,30.0,40.0,24,26.761,80.889,iem_asos_metar
VILK,2026-06-19,30.0,41.0,24,26.761,80.889,iem_asos_metar
VILK,2026-06-20,30.0,41.0,23,26.761,80.889,iem_asos_metar
VILK,2026-06-21,30.0,40.0,24,26.761,80.889,iem_asos_metar
VILK,2026-06-22,30.0,40.0,24,26.761,80.889,iem_asos_metar
VILK,2026-06-23,26.999999999999996,40.0,24,26.761,80.889,iem_asos_metar
VILK,2026-06-24,26.999999999999996,39.0,24,26.761,80.889,iem_asos_metar
VILK,2026-06-25,31.0,39.0,24,26.761,80.889,iem_asos_metar
VILK,2026-06-26,30.0,41.0,24,26.761,80.889,iem_asos_metar
VILK,2026-06-27,30.0,41.0,23,26.761,80.889,iem_asos_metar
VILK,2026-06-28,28.000000000000004,38.0,24,26.761,80.889,iem_asos_metar
VILK,2026-06-29,29.0,39.0,24,26.761,80.889,iem_asos_metar
VILK,2026-06-30,26.999999999999996,31.0,23,26.761,80.889,iem_asos_metar
VILK,2026-07-01,28.000000000000004,32.0,23,26.761,80.889,iem_asos_metar
VILK,2026-07-02,28.000000000000004,34.0,24,26.761,80.889,iem_asos_metar
VILK,2026-07-03,26.999999999999996,36.0,24,26.761,80.889,iem_asos_metar
VILK,2026-07-04,30.0,36.0,24,26.761,80.889,iem_asos_metar
VILK,2026-07-05,29.0,38.0,23,26.761,80.889,iem_asos_metar
VILK,2026-07-06,30.0,36.0,24,26.761,80.889,iem_asos_metar
VILK,2026-07-07,28.000000000000004,34.0,24,26.761,80.889,iem_asos_metar
VILK,2026-07-08,26.999999999999996,33.0,24,26.761,80.889,iem_asos_metar
VILK,2026-07-09,26.0,31.0,24,26.761,80.889,iem_asos_metar
VILK,2026-07-10,25.0,32.0,25,26.761,80.889,iem_asos_metar
VILK,2026-07-11,26.999999999999996,33.0,24,26.761,80.889,iem_asos_metar
VILK,2026-07-12,28.000000000000004,35.0,24,26.761,80.889,iem_asos_metar
VILK,2026-07-13,29.0,36.0,24,26.761,80.889,iem_asos_metar
VILK,2026-07-14,28.000000000000004,37.0,24,26.761,80.889,iem_asos_metar
VILK,2026-07-15,28.000000000000004,35.0,24,26.761,80.889,iem_asos_metar
VILK,2026-07-16,26.0,33.0,24,26.761,80.889,iem_asos_metar
VILK,2026-07-17,28.000000000000004,35.0,24,26.761,80.889,iem_asos_metar
VILK,2026-07-18,28.000000000000004,31.0,24,26.761,80.889,iem_asos_metar
VILK,2026-07-19,26.0,29.0,24,26.761,80.889,iem_asos_metar
VILK,2026-07-20,25.0,26.999999999999996,24,26.761,80.889,iem_asos_metar
VILK,2026-07-21,25.0,31.0,24,26.761,80.889,iem_asos_metar
VILK,2026-07-22,26.999999999999996,33.0,24,26.761,80.889,iem_asos_metar
VILK,2026-07-23,26.0,31.0,24,26.761,80.889,iem_asos_metar
VILK,2026-07-24,26.0,32.0,24,26.761,80.889,iem_asos_metar
VILK,2026-07-25,28.000000000000004,34.0,25,26.761,80.889,iem_asos_metar
VILK,2026-07-26,28.000000000000004,35.0,25,26.761,80.889,iem_asos_metar
VILK,2026-07-27,26.999999999999996,32.0,24,26.761,80.889,iem_asos_metar
VILK,2026-07-28,26.999999999999996,34.0,24,26.761,80.889,iem_asos_metar
VILK,2026-07-29,28.000000000000004,34.0,23,26.761,80.889,iem_asos_metar
VILK,2026-07-30,28.000000000000004,34.0,24,26.761,80.889,iem_asos_metar
VILK,2026-07-31,28.000000000000004,33.0,23,26.761,80.889,iem_asos_metar
VILK,2026-08-01,28.000000000000004,34.0,24,26.761,80.889,iem_asos_metar
VILK,2026-08-02,26.999999999999996,34.0,24,26.761,80.889,iem_asos_metar
VILK,2026-08-03,25.0,33.0,25,26.761,80.889,iem_asos_metar
VILK,2026-08-04,25.0,29.0,24,26.761,80.889,iem_asos_metar
VILK,2026-08-05,26.999999999999996,31.0,24,26.761,80.889,iem_asos_metar
VILK,2026-08-06,26.999999999999996,29.0,24,26.761,80.889,iem_asos_metar
VILK,2026-08-07,26.999999999999996,32.0,23,26.761,80.889,iem_asos_metar
VILK,2026-08-08,28.000000000000004,32.0,24,26.761,80.889,iem_asos_metar
VILK,2026-08-09,28.000000000000004,33.0,23,26.761,80.889,iem_asos_metar
VILK,2026-08-10,29.0,32.0,25,26.761,80.889,iem_asos_metar
VILK,2026-08-11,28.000000000000004,34.0,24,26.761,80.889,iem_asos_metar
VILK,2026-08-12,26.999999999999996,35.0,23,26.761,80.889,iem_asos_metar
VILK,2026-08-13,26.0,35.0,24,26.761,80.889,iem_asos_metar
VILK,2026-08-14,26.0,34.0,24,26.761,80.889,iem_asos_metar
VILK,2026-08-15,26.999999999999996,35.0,24,26.761,80.889,iem_asos_metar
VILK,2026-08-16,26.999999999999996,31.0,24,26.761,80.889,iem_asos_metar
VILK,2026-08-17,25.0,26.999999999999996,24,26.761,80.889,iem_asos_metar
VILK,2026-08-18,26.0,31.0,24,26.761,80.889,iem_asos_metar
VILK,2026-08-19,26.0,32.0,24,26.761,80.889,iem_asos_metar
VILK,2026-08-20,26.999999999999996,33.0,24,26.761,80.889,iem_asos_metar
VILK,2026-08-21,26.0,35.0,26,26.761,80.889,iem_asos_metar
VILK,2026-08-22,26.0,31.0,23,26.761,80.889,iem_asos_metar
VILK,2026-08-23,26.999999999999996,33.0,25,26.761,80.889,iem_asos_metar
VILK,2026-08-24,26.999999999999996,33.0,24,26.761,80.889,iem_asos_metar
VILK,2026-08-25,26.999999999999996,30.0,24,26.761,80.889,iem_asos_metar
VILK,2026-08-26,26.999999999999996,32.0,25,26.761,80.889,iem_asos_metar
VILK,2026-08-27,26.999999999999996,32.0,24,26.761,80.889,iem_asos_metar
VILK,2026-08-28,26.999999999999996,32.0,24,26.761,80.889,iem_asos_metar
VILK,2026-08-29,28.000000000000004,32.0,23,26.761,80.889,iem_asos_metar
VILK,2026-08-30,26.999999999999996,32.0,24,26.761,80.889,iem_asos_metar
VILK,2026-08-31,26.0,31.0,25,26.761,80.889,iem_asos_metar
VILK,2026-09-01,26.0,30.0,24,26.761,80.889,iem_asos_metar
VILK,2026-09-02,26.0,30.0,25,26.761,80.889,iem_asos_metar
VILK,2026-09-03,26.0,29.0,24,26.761,80.889,iem_asos_metar
VILK,2026-09-04,26.0,31.0,24,26.761,80.889,iem_asos_metar
VILK,2026-09-05,26.0,32.0,23,26.761,80.889,iem_asos_metar
VILK,2026-09-06,26.0,31.0,24,26.761,80.889,iem_asos_metar
VILK,2026-09-07,26.0,31.0,24,26.761,80.889,iem_asos_metar
VILK,2026-09-08,26.999999999999996,32.0,24,26.761,80.889,iem_asos_metar
VILK,2026-09-09,26.999999999999996,34.0,24,26.761,80.889,iem_asos_metar
WMKK,2026-06-13,26.0,34.0,25,2.747,101.714,iem_asos_metar
WMKK,2026-06-14,25.0,32.0,30,2.747,101.714,iem_asos_metar
WMKK,2026-06-15,26.0,33.0,24,2.747,101.714,iem_asos_metar
WMKK,2026-06-16,26.0,33.0,26,2.747,101.714,iem_asos_metar
WMKK,2026-06-17,24.0,29.0,26,2.747,101.714,iem_asos_metar
WMKK,2026-06-18,26.0,32.0,24,2.747,101.714,iem_asos_metar
WMKK,2026-06-19,26.0,31.0,26,2.747,101.714,iem_asos_metar
WMKK,2026-06-20,26.0,32.0,24,2.747,101.714,iem_asos_metar
WMKK,2026-06-21,26.0,33.0,25,2.747,101.714,iem_asos_metar
WMKK,2026-06-22,26.0,33.0,24,2.747,101.714,iem_asos_metar
WMKK,2026-06-23,25.0,34.0,25,2.747,101.714,iem_asos_metar
WMKK,2026-06-24,24.0,31.0,26,2.747,101.714,iem_asos_metar
WMKK,2026-06-25,25.0,31.0,24,2.747,101.714,iem_asos_metar
WMKK,2026-06-26,25.0,33.0,24,2.747,101.714,iem_asos_metar
WMKK,2026-06-27,26.0,33.0,24,2.747,101.714,iem_asos_metar
WMKK,2026-06-28,26.0,33.0,24,2.747,101.714,iem_asos_metar
WMKK,2026-06-29,26.0,31.0,24,2.747,101.714,iem_asos_metar
WMKK,2026-06-30,26.0,32.0,25,2.747,101.714,iem_asos_metar
WMKK,2026-07-01,26.0,32.0,24,2.747,101.714,iem_asos_metar
WMKK,2026-07-02,25.0,32.0,25,2.747,101.714,iem_asos_metar
WMKK,2026-07-03,25.0,32.0,24,2.747,101.714,iem_asos_metar
WMKK,2026-07-04,26.0,33.0,24,2.747,101.714,iem_asos_metar
WMKK,2026-07-05,25.0,33.0,25,2.747,101.714,iem_asos_metar
WMKK,2026-07-06,26.0,33.0,24,2.747,101.714,iem_asos_metar
WMKK,2026-07-07,24.0,32.0,25,2.747,101.714,iem_asos_metar
WMKK,2026-07-08,26.0,33.0,24,2.747,101.714,iem_asos_metar
WMKK,2026-07-09,26.999999999999996,33.0,24,2.747,101.714,iem_asos_metar
WMKK,2026-07-10,26.0,33.0,24,2.747,101.714,iem_asos_metar
WMKK,2026-07-11,26.0,29.0,26,2.747,101.714,iem_asos_metar
WMKK,2026-07-12,26.999999999999996,33.0,24,2.747,101.714,iem_asos_metar
WMKK,2026-07-13,28.000000000000004,32.0,24,2.747,101.714,iem_asos_metar
WMKK,2026-07-14,26.999999999999996,33.0,24,2.747,101.714,iem_asos_metar
WMKK,2026-07-15,26.0,33.0,24,2.747,101.714,iem_asos_metar
WMKK,2026-07-16,26.999999999999996,34.0,24,2.747,101.714,iem_asos_metar
WMKK,2026-07-17,26.0,34.0,27,2.747,101.714,iem_asos_metar
WMKK,2026-07-18,25.0,32.0,25,2.747,101.714,iem_asos_metar
WMKK,2026-07-19,26.0,32.0,26,2.747,101.714,iem_asos_metar
WMKK,2026-07-20,25.0,29.0,26,2.747,101.714,iem_asos_metar
WMKK,2026-07-21,23.000000000000004,33.0,26,2.747,101.714,iem_asos_metar
WMKK,2026-07-22,25.0,31.0,24,2.747,101.714,iem_asos_metar
WMKK,2026-07-23,25.0,31.0,24,2.747,101.714,iem_asos_metar
WMKK,2026-07-24,26.0,31.0,25,2.747,101.714,iem_asos_metar
WMKK,2026-07-25,24.0,30.0,27,2.747,101.714,iem_asos_metar
WMKK,2026-07-26,26.999999999999996,33.0,22,2.747,101.714,iem_asos_metar
WMKK,2026-07-27,26.999999999999996,33.0,24,2.747,101.714,iem_asos_metar
WMKK,2026-07-28,25.0,31.0,24,2.747,101.714,iem_asos_metar
WMKK,2026-07-29,25.0,31.0,25,2.747,101.714,iem_asos_metar
WMKK,2026-07-30,25.0,32.0,27,2.747,101.714,iem_asos_metar
WMKK,2026-07-31,26.999999999999996,32.0,25,2.747,101.714,iem_asos_metar
WMKK,2026-08-01,25.0,34.0,24,2.747,101.714,iem_asos_metar
WMKK,2026-08-02,25.0,34.0,24,2.747,101.714,iem_asos_metar
WMKK,2026-08-03,26.0,34.0,24,2.747,101.714,iem_asos_metar
WMKK,2026-08-04,26.0,34.0,24,2.747,101.714,iem_asos_metar
WMKK,2026-08-05,26.0,33.0,24,2.747,101.714,iem_asos_metar
WMKK,2026-08-06,26.999999999999996,34.0,24,2.747,101.714,iem_asos_metar
WMKK,2026-08-07,26.999999999999996,35.0,24,2.747,101.714,iem_asos_metar
WMKK,2026-08-08,28.000000000000004,33.0,24,2.747,101.714,iem_asos_metar
WMKK,2026-08-09,25.0,33.0,25,2.747,101.714,iem_asos_metar
WMKK,2026-08-10,23.000000000000004,34.0,27,2.747,101.714,iem_asos_metar
WMKK,2026-08-11,24.0,32.0,24,2.747,101.714,iem_asos_metar
WMKK,2026-08-12,26.999999999999996,34.0,24,2.747,101.714,iem_asos_metar
WMKK,2026-08-13,26.999999999999996,33.0,24,2.747,101.714,iem_asos_metar
WMKK,2026-08-14,26.0,33.0,24,2.747,101.714,iem_asos_metar
WMKK,2026-08-15,26.999999999999996,34.0,24,2.747,101.714,iem_asos_metar
WMKK,2026-08-16,25.0,32.0,24,2.747,101.714,iem_asos_metar
WMKK,2026-08-17,26.999999999999996,34.0,24,2.747,101.714,iem_asos_metar
WMKK,2026-08-18,25.0,33.0,26,2.747,101.714,iem_asos_metar
WMKK,2026-08-19,24.0,33.0,26,2.747,101.714,iem_asos_metar
WMKK,2026-08-20,26.0,33.0,24,2.747,101.714,iem_asos_metar
WMKK,2026-08-21,26.0,33.0,24,2.747,101.714,iem_asos_metar
WMKK,2026-08-22,25.0,34.0,24,2.747,101.714,iem_asos_metar
WMKK,2026-08-23,25.0,34.0,24,2.747,101.714,iem_asos_metar
WMKK,2026-08-24,26.0,33.0,25,2.747,101.714,iem_asos_metar
WMKK,2026-08-25,25.0,32.0,26,2.747,101.714,iem_asos_metar
WMKK,2026-08-26,26.0,32.0,24,2.747,101.714,iem_asos_metar
WMKK,2026-08-27,26.0,33.0,24,2.747,101.714,iem_asos_metar
WMKK,2026-08-28,26.0,33.0,24,2.747,101.714,iem_asos_metar
WMKK,2026-08-29,25.0,34.0,25,2.747,101.714,iem_asos_metar
WMKK,2026-08-30,25.0,34.0,24,2.747,101.714,iem_asos_metar
WMKK,2026-08-31,26.0,33.0,24,2.747,101.714,iem_asos_metar
WMKK,2026-09-01,26.0,32.0,26,2.747,101.714,iem_asos_metar
WMKK,2026-09-02,26.0,34.0,24,2.747,101.714,iem_asos_metar
WMKK,2026-09-03,21.999999999999996,33.0,29,2.747,101.714,iem_asos_metar
WMKK,2026-09-04,24.0,34.0,24,2.747,101.714,iem_asos_metar
WMKK,2026-09-05,26.0,32.0,24,2.747,101.714,iem_asos_metar
WMKK,2026-09-06,25.0,33.0,24,2.747,101.714,iem_asos_metar
WMKK,2026-09-07,26.0,34.0,24,2.747,101.714,iem_asos_metar
WMKK,2026-09-08,26.999999999999996,33.0,26,2.747,101.714,iem_asos_metar
WMKK,2026-09-09,26.0,33.0,25,2.747,101.714,iem_asos_metar
WSSS,2026-06-13,28.000000000000004,32.0,24,1.368,103.982,iem_asos_metar
WSSS,2026-06-14,26.0,32.0,29,1.368,103.982,iem_asos_metar
WSSS,2026-06-15,26.999999999999996,31.0,24,1.368,103.982,iem_asos_metar
WSSS,2026-06-16,28.000000000000004,32.0,24,1.368,103.982,iem_asos_metar
WSSS,2026-06-17,24.0,31.0,28,1.368,103.982,iem_asos_metar
WSSS,2026-06-18,26.999999999999996,31.0,25,1.368,103.982,iem_asos_metar
WSSS,2026-06-19,26.0,32.0,24,1.368,103.982,iem_asos_metar
WSSS,2026-06-20,26.999999999999996,31.0,24,1.368,103.982,iem_asos_metar
WSSS,2026-06-21,26.999999999999996,32.0,24,1.368,103.982,iem_asos_metar
WSSS,2026-06-22,25.0,28.000000000000004,28,1.368,103.982,iem_asos_metar
WSSS,2026-06-23,26.999999999999996,32.0,26,1.368,103.982,iem_asos_metar
WSSS,2026-06-24,24.0,30.0,28,1.368,103.982,iem_asos_metar
WSSS,2026-06-25,26.0,31.0,25,1.368,103.982,iem_asos_metar
WSSS,2026-06-26,26.999999999999996,32.0,25,1.368,103.982,iem_asos_metar
WSSS,2026-06-27,26.999999999999996,32.0,24,1.368,103.982,iem_asos_metar
WSSS,2026-06-28,26.999999999999996,32.0,24,1.368,103.982,iem_asos_metar
WSSS,2026-06-29,24.0,32.0,25,1.368,103.982,iem_asos_metar
WSSS,2026-06-30,26.0,28.000000000000004,24,1.368,103.982,iem_asos_metar
WSSS,2026-07-01,26.0,31.0,26,1.368,103.982,iem_asos_metar
WSSS,2026-07-02,26.999999999999996,30.0,24,1.368,103.982,iem_asos_metar
WSSS,2026-07-03,28.000000000000004,31.0,24,1.368,103.982,iem_asos_metar
WSSS,2026-07-04,26.0,32.0,28,1.368,103.982,iem_asos_metar
WSSS,2026-07-05,26.0,33.0,26,1.368,103.982,iem_asos_metar
WSSS,2026-07-06,26.0,32.0,24,1.368,103.982,iem_asos_metar
WSSS,2026-07-07,28.000000000000004,32.0,26,1.368,103.982,iem_asos_metar
WSSS,2026-07-08,24.0,31.0,26,1.368,103.982,iem_asos_metar
WSSS,2026-07-09,26.0,31.0,24,1.368,103.982,iem_asos_metar
WSSS,2026-07-10,28.000000000000004,32.0,24,1.368,103.982,iem_asos_metar
WSSS,2026-07-11,26.999999999999996,31.0,25,1.368,103.982,iem_asos_metar
WSSS,2026-07-12,26.999999999999996,30.0,26,1.368,103.982,iem_asos_metar
WSSS,2026-07-13,26.999999999999996,32.0,26,1.368,103.982,iem_asos_metar
WSSS,2026-07-14,28.000000000000004,32.0,24,1.368,103.982,iem_asos_metar
WSSS,2026-07-15,26.999999999999996,32.0,24,1.368,103.982,iem_asos_metar
WSSS,2026-07-16,26.999999999999996,32.0,24,1.368,103.982,iem_asos_metar
WSSS,2026-07-17,24.0,30.0,29,1.368,103.982,iem_asos_metar
WSSS,2026-07-18,26.0,32.0,24,1.368,103.982,iem_asos_metar
WSSS,2026-07-19,28.000000000000004,32.0,24,1.368,103.982,iem_asos_metar
WSSS,2026-07-20,26.0,32.0,24,1.368,103.982,iem_asos_metar
WSSS,2026-07-21,28.000000000000004,31.0,27,1.368,103.982,iem_asos_metar
WSSS,2026-07-22,25.0,30.0,25,1.368,103.982,iem_asos_metar
WSSS,2026-07-23,26.999999999999996,30.0,24,1.368,103.982,iem_asos_metar
WSSS,2026-07-24,28.000000000000004,32.0,24,1.368,103.982,iem_asos_metar
WSSS,2026-07-25,26.999999999999996,30.0,24,1.368,103.982,iem_asos_metar
WSSS,2026-07-26,25.0,30.0,30,1.368,103.982,iem_asos_metar
WSSS,2026-07-27,28.000000000000004,32.0,24,1.368,103.982,iem_asos_metar
WSSS,2026-07-28,26.999999999999996,31.0,25,1.368,103.982,iem_asos_metar
WSSS,2026-07-29,28.000000000000004,32.0,24,1.368,103.982,iem_asos_metar
WSSS,2026-07-30,26.999999999999996,31.0,26,1.368,103.982,iem_asos_metar
WSSS,2026-07-31,28.000000000000004,32.0,24,1.368,103.982,iem_asos_metar
WSSS,2026-08-01,28.000000000000004,33.0,24,1.368,103.982,iem_asos_metar
WSSS,2026-08-02,28.000000000000004,32.0,24,1.368,103.982,iem_asos_metar
WSSS,2026-08-03,26.999999999999996,33.0,24,1.368,103.982,iem_asos_metar
WSSS,2026-08-04,28.000000000000004,31.0,25,1.368,103.982,iem_asos_metar
WSSS,2026-08-05,28.000000000000004,32.0,24,1.368,103.982,iem_asos_metar
WSSS,2026-08-06,28.000000000000004,32.0,27,1.368,103.982,iem_asos_metar
WSSS,2026-08-07,28.000000000000004,33.0,25,1.368,103.982,iem_asos_metar
WSSS,2026-08-08,28.000000000000004,32.0,24,1.368,103.982,iem_asos_metar
WSSS,2026-08-09,28.000000000000004,32.0,24,1.368,103.982,iem_asos_metar
WSSS,2026-08-10,28.000000000000004,32.0,24,1.368,103.982,iem_asos_metar
WSSS,2026-08-11,26.999999999999996,33.0,24,1.368,103.982,iem_asos_metar
WSSS,2026-08-12,25.0,32.0,25,1.368,103.982,iem_asos_metar
WSSS,2026-08-13,28.000000000000004,32.0,24,1.368,103.982,iem_asos_metar
WSSS,2026-08-14,26.999999999999996,33.0,24,1.368,103.982,iem_asos_metar
WSSS,2026-08-15,28.000000000000004,33.0,24,1.368,103.982,iem_asos_metar
WSSS,2026-08-16,25.0,32.0,27,1.368,103.982,iem_asos_metar
WSSS,2026-08-17,28.000000000000004,33.0,24,1.368,103.982,iem_asos_metar
WSSS,2026-08-18,26.999999999999996,33.0,25,1.368,103.982,iem_asos_metar
WSSS,2026-08-19,26.999999999999996,32.0,24,1.368,103.982,iem_asos_metar
WSSS,2026-08-20,26.999999999999996,33.0,25,1.368,103.982,iem_asos_metar
WSSS,2026-08-21,28.000000000000004,33.0,24,1.368,103.982,iem_asos_metar
WSSS,2026-08-22,28.000000000000004,33.0,24,1.368,103.982,iem_asos_metar
WSSS,2026-08-23,28.000000000000004,33.0,24,1.368,103.982,iem_asos_metar
WSSS,2026-08-24,28.000000000000004,33.0,24,1.368,103.982,iem_asos_metar
WSSS,2026-08-25,28.000000000000004,33.0,24,1.368,103.982,iem_asos_metar
WSSS,2026-08-26,25.0,31.0,24,1.368,103.982,iem_asos_metar
WSSS,2026-08-27,28.000000000000004,33.0,25,1.368,103.982,iem_asos_metar
WSSS,2026-08-28,28.000000000000004,33.0,24,1.368,103.982,iem_asos_metar
WSSS,2026-08-29,24.0,33.0,26,1.368,103.982,iem_asos_metar
WSSS,2026-08-30,25.0,32.0,25,1.368,103.982,iem_asos_metar
WSSS,2026-08-31,25.0,30.0,24,1.368,103.982,iem_asos_metar
WSSS,2026-09-01,28.000000000000004,32.0,24,1.368,103.982,iem_asos_metar
WSSS,2026-09-02,26.999999999999996,33.0,24,1.368,103.982,iem_asos_metar
WSSS,2026-09-03,28.000000000000004,33.0,24,1.368,103.982,iem_asos_metar
WSSS,2026-09-04,28.000000000000004,32.0,24,1.368,103.982,iem_asos_metar
WSSS,2026-09-05,28.000000000000004,33.0,23,1.368,103.982,iem_asos_metar
WSSS,2026-09-06,28.000000000000004,33.0,24,1.368,103.982,iem_asos_metar
WSSS,2026-09-07,28.000000000000004,33.0,24,1.368,103.982,iem_asos_metar
WSSS,2026-09-08,28.000000000000004,33.0,24,1.368,103.982,iem_asos_metar
WSSS,2026-09-09,28.000000000000004,33.0,24,1.368,103.982,iem_asos_metar
ZBAA,2026-06-13,17.0,28.000000000000004,28,40.082,116.603,iem_asos_metar
ZBAA,2026-06-14,20.0,28.000000000000004,24,40.082,116.603,iem_asos_metar
ZBAA,2026-06-15,21.0,26.999999999999996,25,40.082,116.603,iem_asos_metar
ZBAA,2026-06-16,19.0,25.0,30,40.082,116.603,iem_asos_metar
ZBAA,2026-06-17,21.999999999999996,32.0,24,40.082,116.603,iem_asos_metar
ZBAA,2026-06-18,23.000000000000004,29.0,24,40.082,116.603,iem_asos_metar
ZBAA,2026-06-19,21.0,29.0,28,40.082,116.603,iem_asos_metar
ZBAA,2026-06-20,13.0,30.0,24,40.082,116.603,iem_asos_metar
ZBAA,2026-06-21,17.0,31.0,24,40.082,116.603,iem_asos_metar
ZBAA,2026-06-22,18.000000000000004,31.0,31,40.082,116.603,iem_asos_metar
ZBAA,2026-06-23,19.0,26.999999999999996,26,40.082,116.603,iem_asos_metar
ZBAA,2026-06-24,19.0,30.0,24,40.082,116.603,iem_asos_metar
ZBAA,2026-06-25,18.000000000000004,32.0,24,40.082,116.603,iem_asos_metar
ZBAA,2026-06-26,20.0,33.0,24,40.082,116.603,iem_asos_metar
ZBAA,2026-06-27,21.0,34.0,25,40.082,116.603,iem_asos_metar
ZBAA,2026-06-28,21.0,34.0,29,40.082,116.603,iem_asos_metar
ZBAA,2026-06-29,20.0,26.999999999999996,30,40.082,116.603,iem_asos_metar
ZBAA,2026-06-30,21.0,29.0,24,40.082,116.603,iem_asos_metar
ZBAA,2026-07-01,24.0,31.0,24,40.082,116.603,iem_asos_metar
ZBAA,2026-07-02,21.999999999999996,34.0,24,40.082,116.603,iem_asos_metar
ZBAA,2026-07-03,23.000000000000004,35.0,29,40.082,116.603,iem_asos_metar
ZBAA,2026-07-04,21.999999999999996,33.0,27,40.082,116.603,iem_asos_metar
ZBAA,2026-07-05,19.0,33.0,24,40.082,116.603,iem_asos_metar
ZBAA,2026-07-06,21.0,33.0,26,40.082,116.603,iem_asos_metar
ZBAA,2026-07-07,20.0,32.0,27,40.082,116.603,iem_asos_metar
ZBAA,2026-07-08,25.0,32.0,24,40.082,116.603,iem_asos_metar
ZBAA,2026-07-09,24.0,35.0,27,40.082,116.603,iem_asos_metar
ZBAA,2026-07-10,24.0,26.0,34,40.082,116.603,iem_asos_metar
ZBAA,2026-07-11,24.0,29.0,28,40.082,116.603,iem_asos_metar
ZBAA,2026-07-12,24.0,31.0,24,40.082,116.603,iem_asos_metar
ZBAA,2026-07-13,25.0,34.0,24,40.082,116.603,iem_asos_metar
ZBAA,2026-07-14,21.999999999999996,33.0,24,40.082,116.603,iem_asos_metar
ZBAA,2026-07-15,25.0,38.0,25,40.082,116.603,iem_asos_metar
ZBAA,2026-07-16,24.0,34.0,24,40.082,116.603,iem_asos_metar
ZBAA,2026-07-17,21.999999999999996,31.0,25,40.082,116.603,iem_asos_metar
ZBAA,2026-07-18,21.0,31.0,25,40.082,116.603,iem_asos_metar
ZBAA,2026-07-19,21.999999999999996,33.0,29,40.082,116.603,iem_asos_metar
ZBAA,2026-07-20,21.999999999999996,30.0,26,40.082,116.603,iem_asos_metar
ZBAA,2026-07-21,24.0,31.0,25,40.082,116.603,iem_asos_metar
ZBAA,2026-07-22,21.999999999999996,26.0,24,40.082,116.603,iem_asos_metar
ZBAA,2026-07-23,21.999999999999996,28.000000000000004,24,40.082,116.603,iem_asos_metar
ZBAA,2026-07-24,23.000000000000004,31.0,24,40.082,116.603,iem_asos_metar
ZBAA,2026-07-25,24.0,31.0,24,40.082,116.603,iem_asos_metar
ZBAA,2026-07-26,26.0,34.0,24,40.082,116.603,iem_asos_metar
ZBAA,2026-07-27,26.0,34.0,24,40.082,116.603,iem_asos_metar
ZBAA,2026-07-28,25.0,35.0,24,40.082,116.603,iem_asos_metar
ZBAA,2026-07-29,28.000000000000004,35.0,24,40.082,116.603,iem_asos_metar
ZBAA,2026-07-30,26.999999999999996,35.0,24,40.082,116.603,iem_asos_metar
ZBAA,2026-07-31,26.999999999999996,35.0,25,40.082,116.603,iem_asos_metar
ZBAA,2026-08-01,28.000000000000004,36.0,24,40.082,116.603,iem_asos_metar
ZBAA,2026-08-02,24.0,35.0,35,40.082,116.603,iem_asos_metar
ZBAA,2026-08-03,25.0,36.0,37,40.082,116.603,iem_asos_metar
ZBAA,2026-08-04,25.0,35.0,24,40.082,116.603,iem_asos_metar
ZBAA,2026-08-05,26.999999999999996,36.0,24,40.082,116.603,iem_asos_metar
ZBAA,2026-08-06,26.999999999999996,36.0,25,40.082,116.603,iem_asos_metar
ZBAA,2026-08-07,24.0,36.0,27,40.082,116.603,iem_asos_metar
ZBAA,2026-08-08,24.0,32.0,24,40.082,116.603,iem_asos_metar
ZBAA,2026-08-09,24.0,30.0,24,40.082,116.603,iem_asos_metar
ZBAA,2026-08-10,24.0,32.0,24,40.082,116.603,iem_asos_metar
ZBAA,2026-08-11,24.0,33.0,26,40.082,116.603,iem_asos_metar
ZBAA,2026-08-12,23.000000000000004,26.999999999999996,24,40.082,116.603,iem_asos_metar
ZBAA,2026-08-13,21.0,29.0,25,40.082,116.603,iem_asos_metar
ZBAA,2026-08-14,21.0,32.0,28,40.082,116.603,iem_asos_metar
ZBAA,2026-08-15,21.0,29.0,26,40.082,116.603,iem_asos_metar
ZBAA,2026-08-16,20.0,28.000000000000004,24,40.082,116.603,iem_asos_metar
ZBAA,2026-08-17,23.000000000000004,33.0,24,40.082,116.603,iem_asos_metar
ZBAA,2026-08-18,21.999999999999996,32.0,24,40.082,116.603,iem_asos_metar
ZBAA,2026-08-19,24.0,31.0,24,40.082,116.603,iem_asos_metar
ZBAA,2026-08-20,24.0,31.0,25,40.082,116.603,iem_asos_metar
ZBAA,2026-08-21,25.0,34.0,24,40.082,116.603,iem_asos_metar
ZBAA,2026-08-22,25.0,30.0,27,40.082,116.603,iem_asos_metar
ZBAA,2026-08-23,23.000000000000004,32.0,26,40.082,116.603,iem_asos_metar
ZBAA,2026-08-24,24.0,32.0,24,40.082,116.603,iem_asos_metar
ZBAA,2026-08-25,21.0,31.0,24,40.082,116.603,iem_asos_metar
ZBAA,2026-08-26,21.0,28.000000000000004,24,40.082,116.603,iem_asos_metar
ZBAA,2026-08-27,20.0,29.0,26,40.082,116.603,iem_asos_metar
ZBAA,2026-08-28,19.0,20.0,24,40.082,116.603,iem_asos_metar
ZBAA,2026-08-29,16.0,31.0,24,40.082,116.603,iem_asos_metar
ZBAA,2026-08-30,18.000000000000004,34.0,24,40.082,116.603,iem_asos_metar
ZBAA,2026-08-31,18.000000000000004,31.0,24,40.082,116.603,iem_asos_metar
ZBAA,2026-09-01,16.0,30.0,24,40.082,116.603,iem_asos_metar
ZBAA,2026-09-02,18.000000000000004,31.0,24,40.082,116.603,iem_asos_metar
ZBAA,2026-09-03,17.0,32.0,24,40.082,116.603,iem_asos_metar
ZBAA,2026-09-04,18.000000000000004,33.0,24,40.082,116.603,iem_asos_metar
ZBAA,2026-09-05,20.0,33.0,24,40.082,116.603,iem_asos_metar
ZBAA,2026-09-06,21.999999999999996,31.0,24,40.082,116.603,iem_asos_metar
ZBAA,2026-09-07,17.0,29.0,24,40.082,116.603,iem_asos_metar
ZBAA,2026-09-08,14.000000000000002,25.0,24,40.082,116.603,iem_asos_metar
ZBAA,2026-09-09,12.0,26.0,24,40.082,116.603,iem_asos_metar
ZGGG,2026-06-13,26.0,31.0,31,23.392,113.307,iem_asos_metar
ZGGG,2026-06-14,25.0,32.0,29,23.392,113.307,iem_asos_metar
ZGGG,2026-06-15,25.0,32.0,27,23.392,113.307,iem_asos_metar
ZGGG,2026-06-16,26.0,30.0,27,23.392,113.307,iem_asos_metar
ZGGG,2026-06-17,26.0,31.0,34,23.392,113.307,iem_asos_metar
ZGGG,2026-06-18,26.0,29.0,28,23.392,113.307,iem_asos_metar
ZGGG,2026-06-19,26.999999999999996,32.0,29,23.392,113.307,iem_asos_metar
ZGGG,2026-06-20,28.000000000000004,35.0,24,23.392,113.307,iem_asos_metar
ZGGG,2026-06-21,29.0,36.0,24,23.392,113.307,iem_asos_metar
ZGGG,2026-06-22,29.0,37.0,24,23.392,113.307,iem_asos_metar
ZGGG,2026-06-23,29.0,36.0,25,23.392,113.307,iem_asos_metar
ZGGG,2026-06-24,28.000000000000004,36.0,29,23.392,113.307,iem_asos_metar
ZGGG,2026-06-25,25.0,35.0,27,23.392,113.307,iem_asos_metar
ZGGG,2026-06-26,26.0,33.0,27,23.392,113.307,iem_asos_metar
ZGGG,2026-06-27,26.0,34.0,28,23.392,113.307,iem_asos_metar
ZGGG,2026-06-28,26.0,29.0,29,23.392,113.307,iem_asos_metar
ZGGG,2026-06-29,26.999999999999996,34.0,25,23.392,113.307,iem_asos_metar
ZGGG,2026-06-30,26.999999999999996,34.0,28,23.392,113.307,iem_asos_metar
ZGGG,2026-07-01,26.0,32.0,28,23.392,113.307,iem_asos_metar
ZGGG,2026-07-02,26.999999999999996,36.0,27,23.392,113.307,iem_asos_metar
ZGGG,2026-07-03,26.0,34.0,32,23.392,113.307,iem_asos_metar
ZGGG,2026-07-04,26.0,30.0,43,23.392,113.307,iem_asos_metar
ZGGG,2026-07-05,26.0,32.0,32,23.392,113.307,iem_asos_metar
ZGGG,2026-07-06,26.0,32.0,37,23.392,113.307,iem_asos_metar
ZGGG,2026-07-07,25.0,31.0,27,23.392,113.307,iem_asos_metar
ZGGG,2026-07-08,26.0,31.0,29,23.392,113.307,iem_asos_metar
ZGGG,2026-07-09,26.0,31.0,27,23.392,113.307,iem_asos_metar
ZGGG,2026-07-10,26.999999999999996,35.0,24,23.392,113.307,iem_asos_metar
ZGGG,2026-07-11,30.0,37.0,24,23.392,113.307,iem_asos_metar
ZGGG,2026-07-12,30.0,39.0,25,23.392,113.307,iem_asos_metar
ZGGG,2026-07-13,26.999999999999996,37.0,30,23.392,113.307,iem_asos_metar
ZGGG,2026-07-14,25.0,33.0,32,23.392,113.307,iem_asos_metar
ZGGG,2026-07-15,25.0,30.0,26,23.392,113.307,iem_asos_metar
ZGGG,2026-07-16,26.999999999999996,32.0,24,23.392,113.307,iem_asos_metar
ZGGG,2026-07-17,26.0,34.0,29,23.392,113.307,iem_asos_metar
ZGGG,2026-07-18,25.0,31.0,32,23.392,113.307,iem_asos_metar
ZGGG,2026-07-19,26.0,32.0,28,23.392,113.307,iem_asos_metar
ZGGG,2026-07-20,26.999999999999996,33.0,26,23.392,113.307,iem_asos_metar
ZGGG,2026-07-21,25.0,31.0,29,23.392,113.307,iem_asos_metar
ZGGG,2026-07-22,26.999999999999996,34.0,26,23.392,113.307,iem_asos_metar
ZGGG,2026-07-23,28.000000000000004,35.0,24,23.392,113.307,iem_asos_metar
ZGGG,2026-07-24,28.000000000000004,36.0,24,23.392,113.307,iem_asos_metar
ZGGG,2026-07-25,25.0,37.0,34,23.392,113.307,iem_asos_metar
ZGGG,2026-07-26,25.0,26.999999999999996,26,23.392,113.307,iem_asos_metar
ZGGG,2026-07-27,26.0,30.0,27,23.392,113.307,iem_asos_metar
ZGGG,2026-07-28,26.0,30.0,24,23.392,113.307,iem_asos_metar
ZGGG,2026-07-29,26.0,31.0,30,23.392,113.307,iem_asos_metar
ZGGG,2026-07-30,25.0,32.0,29,23.392,113.307,iem_asos_metar
ZGGG,2026-07-31,25.0,33.0,27,23.392,113.307,iem_asos_metar
ZGGG,2026-08-01,25.0,31.0,27,23.392,113.307,iem_asos_metar
ZGGG,2026-08-02,25.0,30.0,32,23.392,113.307,iem_asos_metar
ZGGG,2026-08-03,25.0,31.0,25,23.392,113.307,iem_asos_metar
ZGGG,2026-08-04,26.0,32.0,29,23.392,113.307,iem_asos_metar
ZGGG,2026-08-05,26.999999999999996,34.0,24,23.392,113.307,iem_asos_metar
ZGGG,2026-08-06,29.0,36.0,24,23.392,113.307,iem_asos_metar
ZGGG,2026-08-07,28.000000000000004,37.0,29,23.392,113.307,iem_asos_metar
ZGGG,2026-08-08,29.0,37.0,25,23.392,113.307,iem_asos_metar
ZGGG,2026-08-09,30.0,38.0,24,23.392,113.307,iem_asos_metar
ZGGG,2026-08-10,28.000000000000004,37.0,24,23.392,113.307,iem_asos_metar
ZGGG,2026-08-11,29.0,37.0,24,23.392,113.307,iem_asos_metar
ZGGG,2026-08-12,29.0,39.0,29,23.392,113.307,iem_asos_metar
ZGGG,2026-08-13,26.999999999999996,35.0,32,23.392,113.307,iem_asos_metar
ZGGG,2026-08-14,26.0,34.0,40,23.392,113.307,iem_asos_metar
ZGGG,2026-08-15,26.999999999999996,35.0,24,23.392,113.307,iem_asos_metar
ZGGG,2026-08-16,26.0,37.0,28,23.392,113.307,iem_asos_metar
ZGGG,2026-08-17,26.999999999999996,33.0,26,23.392,113.307,iem_asos_metar
ZGGG,2026-08-18,29.0,34.0,25,23.392,113.307,iem_asos_metar
ZGGG,2026-08-19,28.000000000000004,35.0,24,23.392,113.307,iem_asos_metar
ZGGG,2026-08-20,26.999999999999996,34.0,24,23.392,113.307,iem_asos_metar
ZGGG,2026-08-21,28.000000000000004,34.0,26,23.392,113.307,iem_asos_metar
ZGGG,2026-08-22,26.999999999999996,36.0,32,23.392,113.307,iem_asos_metar
ZGGG,2026-08-23,26.999999999999996,33.0,26,23.392,113.307,iem_asos_metar
ZGGG,2026-08-24,26.999999999999996,34.0,31,23.392,113.307,iem_asos_metar
ZGGG,2026-08-25,26.0,33.0,26,23.392,113.307,iem_asos_metar
ZGGG,2026-08-26,26.999999999999996,31.0,26,23.392,113.307,iem_asos_metar
ZGGG,2026-08-27,26.0,30.0,32,23.392,113.307,iem_asos_metar
ZGGG,2026-08-28,26.999999999999996,32.0,24,23.392,113.307,iem_asos_metar
ZGGG,2026-08-29,26.0,36.0,25,23.392,113.307,iem_asos_metar
ZGGG,2026-08-30,25.0,26.999999999999996,26,23.392,113.307,iem_asos_metar
ZGGG,2026-08-31,25.0,33.0,36,23.392,113.307,iem_asos_metar
ZGGG,2026-09-01,24.0,31.0,24,23.392,113.307,iem_asos_metar
ZGGG,2026-09-02,25.0,30.0,24,23.392,113.307,iem_asos_metar
ZGGG,2026-09-03,24.0,32.0,24,23.392,113.307,iem_asos_metar
ZGGG,2026-09-04,25.0,28.000000000000004,24,23.392,113.307,iem_asos_metar
ZGGG,2026-09-05,25.0,34.0,26,23.392,113.307,iem_asos_metar
ZGGG,2026-09-06,26.0,30.0,27,23.392,113.307,iem_asos_metar
ZGGG,2026-09-07,26.0,35.0,24,23.392,113.307,iem_asos_metar
ZGGG,2026-09-08,26.999999999999996,35.0,24,23.392,113.307,iem_asos_metar
ZGGG,2026-09-09,24.0,35.0,25,23.392,113.307,iem_asos_metar
ZSPD,2026-06-13,20.0,28.000000000000004,25,31.146,121.8,iem_asos_metar
ZSPD,2026-06-14,21.0,23.000000000000004,25,31.146,121.8,iem_asos_metar
ZSPD,2026-06-15,21.999999999999996,24.0,24,31.146,121.8,iem_asos_metar
ZSPD,2026-06-16,23.000000000000004,25.0,24,31.146,121.8,iem_asos_metar
ZSPD,2026-06-17,24.0,29.0,24,31.146,121.8,iem_asos_metar
ZSPD,2026-06-18,24.0,28.000000000000004,28,31.146,121.8,iem_asos_metar
ZSPD,2026-06-19,25.0,31.0,24,31.146,121.8,iem_asos_metar
ZSPD,2026-06-20,24.0,29.0,25,31.146,121.8,iem_asos_metar
ZSPD,2026-06-21,23.000000000000004,26.999999999999996,26,31.146,121.8,iem_asos_metar
ZSPD,2026-06-22,21.999999999999996,23.000000000000004,28,31.146,121.8,iem_asos_metar
ZSPD,2026-06-23,21.999999999999996,24.0,30,31.146,121.8,iem_asos_metar
ZSPD,2026-06-24,21.999999999999996,24.0,24,31.146,121.8,iem_asos_metar
ZSPD,2026-06-25,21.0,25.0,24,31.146,121.8,iem_asos_metar
ZSPD,2026-06-26,21.0,26.999999999999996,24,31.146,121.8,iem_asos_metar
ZSPD,2026-06-27,21.999999999999996,26.999999999999996,24,31.146,121.8,iem_asos_metar
ZSPD,2026-06-28,24.0,30.0,24,31.146,121.8,iem_asos_metar
ZSPD,2026-06-29,24.0,26.999999999999996,26,31.146,121.8,iem_asos_metar
ZSPD,2026-06-30,24.0,28.000000000000004,29,31.146,121.8,iem_asos_metar
ZSPD,2026-07-01,23.000000000000004,26.0,26,31.146,121.8,iem_asos_metar
ZSPD,2026-07-02,25.0,29.0,29,31.146,121.8,iem_asos_metar
ZSPD,2026-07-03,25.0,33.0,31,31.146,121.8,iem_asos_metar
ZSPD,2026-07-04,24.0,33.0,25,31.146,121.8,iem_asos_metar
ZSPD,2026-07-05,26.0,30.0,24,31.146,121.8,iem_asos_metar
ZSPD,2026-07-06,26.999999999999996,36.0,24,31.146,121.8,iem_asos_metar
ZSPD,2026-07-07,28.000000000000004,34.0,24,31.146,121.8,iem_asos_metar
ZSPD,2026-07-08,24.0,36.0,28,31.146,121.8,iem_asos_metar
ZSPD,2026-07-09,25.0,29.0,28,31.146,121.8,iem_asos_metar
ZSPD,2026-07-10,26.999999999999996,32.0,24,31.146,121.8,iem_asos_metar
ZSPD,2026-07-11,26.0,31.0,24,31.146,121.8,iem_asos_metar
ZSPD,2026-07-12,26.999999999999996,30.0,25,31.146,121.8,iem_asos_metar
ZSPD,2026-07-13,28.000000000000004,33.0,24,31.146,121.8,iem_asos_metar
ZSPD,2026-07-14,29.0,36.0,24,31.146,121.8,iem_asos_metar
ZSPD,2026-07-15,30.0,38.0,24,31.146,121.8,iem_asos_metar
ZSPD,2026-07-16,29.0,37.0,25,31.146,121.8,iem_asos_metar
ZSPD,2026-07-17,31.0,39.0,25,31.146,121.8,iem_asos_metar
ZSPD,2026-07-18,24.0,37.0,29,31.146,121.8,iem_asos_metar
ZSPD,2026-07-19,26.0,33.0,26,31.146,121.8,iem_asos_metar
ZSPD,2026-07-20,29.0,35.0,24,31.146,121.8,iem_asos_metar
ZSPD,2026-07-21,25.0,33.0,29,31.146,121.8,iem_asos_metar
ZSPD,2026-07-22,25.0,35.0,27,31.146,121.8,iem_asos_metar
ZSPD,2026-07-23,28.000000000000004,35.0,24,31.146,121.8,iem_asos_metar
ZSPD,2026-07-24,29.0,36.0,24,31.146,121.8,iem_asos_metar
ZSPD,2026-07-25,28.000000000000004,35.0,24,31.146,121.8,iem_asos_metar
ZSPD,2026-07-26,28.000000000000004,35.0,24,31.146,121.8,iem_asos_metar
ZSPD,2026-07-27,26.999999999999996,34.0,24,31.146,121.8,iem_asos_metar
ZSPD,2026-07-28,28.000000000000004,33.0,24,31.146,121.8,iem_asos_metar
ZSPD,2026-07-29,28.000000000000004,35.0,24,31.146,121.8,iem_asos_metar
ZSPD,2026-07-30,28.000000000000004,36.0,24,31.146,121.8,iem_asos_metar
ZSPD,2026-07-31,26.999999999999996,37.0,25,31.146,121.8,iem_asos_metar
ZSPD,2026-08-01,29.0,37.0,25,31.146,121.8,iem_asos_metar
ZSPD,2026-08-02,28.000000000000004,36.0,24,31.146,121.8,iem_asos_metar
ZSPD,2026-08-03,26.999999999999996,34.0,24,31.146,121.8,iem_asos_metar
ZSPD,2026-08-04,26.999999999999996,33.0,30,31.146,121.8,iem_asos_metar
ZSPD,2026-08-05,29.0,33.0,24,31.146,121.8,iem_asos_metar
ZSPD,2026-08-06,29.0,33.0,24,31.146,121.8,iem_asos_metar
ZSPD,2026-08-07,29.0,34.0,24,31.146,121.8,iem_asos_metar
ZSPD,2026-08-08,26.999999999999996,33.0,28,31.146,121.8,iem_asos_metar
ZSPD,2026-08-09,25.0,28.000000000000004,35,31.146,121.8,iem_asos_metar
ZSPD,2026-08-10,26.999999999999996,28.000000000000004,30,31.146,121.8,iem_asos_metar
ZSPD,2026-08-11,26.0,28.000000000000004,25,31.146,121.8,iem_asos_metar
ZSPD,2026-08-12,26.0,26.999999999999996,24,31.146,121.8,iem_asos_metar
ZSPD,2026-08-13,26.0,29.0,24,31.146,121.8,iem_asos_metar
ZSPD,2026-08-14,26.0,28.000000000000004,25,31.146,121.8,iem_asos_metar
ZSPD,2026-08-15,26.0,31.0,24,31.146,121.8,iem_asos_metar
ZSPD,2026-08-16,25.0,28.000000000000004,24,31.146,121.8,iem_asos_metar
ZSPD,2026-08-17,26.0,31.0,24,31.146,121.8,iem_asos_metar
ZSPD,2026-08-18,26.999999999999996,31.0,24,31.146,121.8,iem_asos_metar
ZSPD,2026-08-19,26.999999999999996,31.0,24,31.146,121.8,iem_asos_metar
ZSPD,2026-08-20,26.999999999999996,31.0,26,31.146,121.8,iem_asos_metar
ZSPD,2026-08-21,26.999999999999996,31.0,29,31.146,121.8,iem_asos_metar
ZSPD,2026-08-22,26.999999999999996,30.0,26,31.146,121.8,iem_asos_metar
ZSPD,2026-08-23,26.999999999999996,30.0,24,31.146,121.8,iem_asos_metar
ZSPD,2026-08-24,26.999999999999996,32.0,24,31.146,121.8,iem_asos_metar
ZSPD,2026-08-25,26.999999999999996,31.0,24,31.146,121.8,iem_asos_metar
ZSPD,2026-08-26,29.0,32.0,24,31.146,121.8,iem_asos_metar
ZSPD,2026-08-27,26.999999999999996,32.0,27,31.146,121.8,iem_asos_metar
ZSPD,2026-08-28,26.999999999999996,30.0,26,31.146,121.8,iem_asos_metar
ZSPD,2026-08-29,26.999999999999996,31.0,25,31.146,121.8,iem_asos_metar
ZSPD,2026-08-30,28.000000000000004,31.0,24,31.146,121.8,iem_asos_metar
ZSPD,2026-08-31,26.0,33.0,24,31.146,121.8,iem_asos_metar
ZSPD,2026-09-01,26.999999999999996,29.0,24,31.146,121.8,iem_asos_metar
ZSPD,2026-09-02,25.0,30.0,26,31.146,121.8,iem_asos_metar
ZSPD,2026-09-03,26.999999999999996,31.0,24,31.146,121.8,iem_asos_metar
ZSPD,2026-09-04,26.999999999999996,31.0,24,31.146,121.8,iem_asos_metar
ZSPD,2026-09-05,26.0,30.0,24,31.146,121.8,iem_asos_metar
ZSPD,2026-09-06,24.0,30.0,24,31.146,121.8,iem_asos_metar
ZSPD,2026-09-07,25.0,30.0,24,31.146,121.8,iem_asos_metar
ZSPD,2026-09-08,24.0,30.0,24,31.146,121.8,iem_asos_metar
ZSPD,2026-09-09,23.000000000000004,28.000000000000004,24,31.146,121.8,iem_asos_metar
