trade_id,opened_at,market_id,event_key,city,station,market_date,market_type,bucket_type,bucket_value,bucket_low,bucket_high,entry_price,shares,stake,model_probability,gross_edge,net_ev_per_share,fee_rate,fee_per_share,signal,status,resolved_at,result,payout,pnl,roi,resolution_source,resolution_note
paper-000001,2026-09-11T16:03:48.658698+00:00,4399261,madrid|2026_09_11|lowest_temperature|c|lemd,Madrid,LEMD,2026-09-11,lowest_temperature,or_lower,11.0,,11.0,0.009,1111.111111111111,10.0,0.600322,0.591322,0.590877,0.05,0.00044595,PAPER_BUY,CLOSED,2026-09-12T00:03:28.838591+00:00,LOSS,0.0,-10.0,-1.0,Polymarket Gamma market endpoint,no_resolved
paper-000002,2026-09-11T16:03:48.662406+00:00,4400023,munich|2026_09_11|highest_temperature|c|eddm,Munich,EDDM,2026-09-11,highest_temperature,or_higher,21.0,21.0,,0.01,1000.0,10.0,0.589362,0.579362,0.578867,0.05,0.000495,PAPER_BUY,CLOSED,2026-09-12T00:03:28.975519+00:00,LOSS,0.0,-10.0,-1.0,Polymarket Gamma market endpoint,no_resolved
paper-000003,2026-09-11T16:03:48.665087+00:00,4400238,helsinki|2026_09_11|highest_temperature|c|efhk,Helsinki,EFHK,2026-09-11,highest_temperature,exact,18.0,18.0,18.0,0.003,3333.3333333333335,10.0,0.357257,0.354257,0.354107,0.05,0.00014955,PAPER_BUY,CLOSED,2026-09-11T21:57:29.006267+00:00,LOSS,0.0,-10.0,-1.0,Polymarket Gamma market endpoint,no_resolved
paper-000004,2026-09-11T16:03:48.656918+00:00,4399131,paris|2026_09_11|lowest_temperature|c|lfpb,Paris,LFPB,2026-09-11,lowest_temperature,exact,12.0,12.0,12.0,0.04,250.0,10.0,0.341917,0.301917,0.299997,0.05,0.00192,PAPER_BUY,CLOSED,2026-09-12T00:03:29.128095+00:00,LOSS,0.0,-10.0,-1.0,Polymarket Gamma market endpoint,no_resolved
paper-000005,2026-09-11T16:03:48.663476+00:00,4400095,milan|2026_09_11|highest_temperature|c|limc,Milan,LIMC,2026-09-11,highest_temperature,exact,26.0,26.0,26.0,0.03,333.33333333333337,10.0,0.293328,0.263328,0.261873,0.05,0.001455,PAPER_BUY,CLOSED,2026-09-12T00:03:29.192060+00:00,LOSS,0.0,-10.0,-1.0,Polymarket Gamma market endpoint,no_resolved
paper-000006,2026-09-11T16:03:48.660730+00:00,4399442,guangzhou|2026_09_11|lowest_temperature|c|zggg,Guangzhou,ZGGG,2026-09-11,lowest_temperature,exact,24.0,24.0,24.0,0.02,500.0,10.0,0.279672,0.259672,0.258692,0.05,0.00098,PAPER_BUY,CLOSED,2026-09-11T16:58:04.718149+00:00,LOSS,0.0,-10.0,-1.0,Polymarket Gamma market endpoint,no_resolved
paper-000007,2026-09-11T16:03:48.693344+00:00,4461913,helsinki|2026_09_13|highest_temperature|c|efhk,Helsinki,EFHK,2026-09-13,highest_temperature,exact,18.0,18.0,18.0,0.07,142.85714285714283,10.0,0.286441,0.216441,0.213186,0.05,0.003255,PAPER_BUY,CLOSED,2026-09-13T22:11:07.462242+00:00,LOSS,0.0,-10.0,-1.0,Polymarket Gamma market endpoint,no_resolved
paper-000008,2026-09-11T16:03:48.675766+00:00,4431221,ankara|2026_09_12|highest_temperature|c|ltac,Ankara,LTAC,2026-09-12,highest_temperature,exact,33.0,33.0,33.0,0.02,500.0,10.0,0.234104,0.214104,0.213124,0.05,0.00098,PAPER_BUY,CLOSED,2026-09-12T22:34:00.953730+00:00,LOSS,0.0,-10.0,-1.0,Polymarket Gamma market endpoint,no_resolved
paper-000009,2026-09-11T16:03:48.657957+00:00,4399231,shanghai|2026_09_11|lowest_temperature|c|zspd,Shanghai,ZSPD,2026-09-11,lowest_temperature,exact,22.0,22.0,22.0,0.009,1111.111111111111,10.0,0.221753,0.212753,0.212307,0.05,0.00044595,PAPER_BUY,CLOSED,2026-09-11T16:58:05.020014+00:00,LOSS,0.0,-10.0,-1.0,Polymarket Gamma market endpoint,no_resolved
paper-000010,2026-09-11T16:03:48.675197+00:00,4431195,paris|2026_09_12|highest_temperature|c|lfpb,Paris,LFPB,2026-09-12,highest_temperature,exact,24.0,24.0,24.0,0.11,90.9090909090909,10.0,0.321911,0.211911,0.207016,0.05,0.004895,PAPER_BUY,CLOSED,2026-09-13T00:23:41.808575+00:00,LOSS,0.0,-10.0,-1.0,Polymarket Gamma market endpoint,no_resolved
paper-000011,2026-09-11T16:03:48.656907+00:00,4399130,paris|2026_09_11|lowest_temperature|c|lfpb,Paris,LFPB,2026-09-11,lowest_temperature,exact,11.0,11.0,11.0,0.025,400.0,10.0,0.230493,0.205493,0.204274,0.05,0.00121875,PAPER_BUY,CLOSED,2026-09-12T00:03:29.508523+00:00,LOSS,0.0,-10.0,-1.0,Polymarket Gamma market endpoint,no_resolved
paper-000012,2026-09-11T16:03:48.676246+00:00,4431241,lucknow|2026_09_12|highest_temperature|c|vilk,Lucknow,VILK,2026-09-12,highest_temperature,exact,32.0,32.0,32.0,0.09,111.11111111111111,10.0,0.292574,0.202574,0.198479,0.05,0.004095,PAPER_BUY,CLOSED,2026-09-12T20:34:16.594091+00:00,LOSS,0.0,-10.0,-1.0,Polymarket Gamma market endpoint,no_resolved
paper-000013,2026-09-11T16:03:48.694333+00:00,4461980,karachi|2026_09_13|highest_temperature|c|opkc,Karachi,OPKC,2026-09-13,highest_temperature,exact,39.0,39.0,39.0,0.14,71.42857142857142,10.0,0.342422,0.202422,0.196402,0.05,0.00602,PAPER_BUY,CLOSED,2026-09-13T19:50:26.982912+00:00,LOSS,0.0,-10.0,-1.0,Polymarket Gamma market endpoint,no_resolved
paper-000014,2026-09-11T16:03:48.690097+00:00,4461671,wellington|2026_09_13|highest_temperature|c|nzwn,Wellington,NZWN,2026-09-13,highest_temperature,exact,14.0,14.0,14.0,0.16,62.5,10.0,0.357618,0.197618,0.190898,0.05,0.00672,PAPER_BUY,CLOSED,2026-09-13T14:33:58.567661+00:00,LOSS,0.0,-10.0,-1.0,Polymarket Gamma market endpoint,no_resolved
paper-000015,2026-09-11T16:03:48.694342+00:00,4461981,karachi|2026_09_13|highest_temperature|c|opkc,Karachi,OPKC,2026-09-13,highest_temperature,exact,40.0,40.0,40.0,0.02,500.0,10.0,0.211037,0.191037,0.190057,0.05,0.00098,PAPER_BUY,CLOSED,2026-09-13T19:50:27.275599+00:00,WIN,500.0,490.0,49.0,Polymarket Gamma market endpoint,yes_resolved
paper-000016,2026-09-11T16:03:48.669179+00:00,4430344,london|2026_09_12|lowest_temperature|c|eglc,London,EGLC,2026-09-12,lowest_temperature,exact,12.0,12.0,12.0,0.08,125.0,10.0,0.25752,0.17752,0.17384,0.05,0.00368,PAPER_BUY,CLOSED,2026-09-13T00:23:42.186319+00:00,LOSS,0.0,-10.0,-1.0,Polymarket Gamma market endpoint,no_resolved
paper-000017,2026-09-11T16:03:48.664856+00:00,4400227,amsterdam|2026_09_11|highest_temperature|c|eham,Amsterdam,EHAM,2026-09-11,highest_temperature,exact,22.0,22.0,22.0,0.004,2500.0,10.0,0.176083,0.172083,0.171884,0.05,0.0001992,PAPER_BUY,CLOSED,2026-09-12T00:03:30.134909+00:00,LOSS,0.0,-10.0,-1.0,Polymarket Gamma market endpoint,no_resolved
paper-000018,2026-09-11T16:03:48.679001+00:00,4431459,amsterdam|2026_09_12|highest_temperature|c|eham,Amsterdam,EHAM,2026-09-12,highest_temperature,exact,20.0,20.0,20.0,0.07,142.85714285714283,10.0,0.245091,0.175091,0.171836,0.05,0.003255,PAPER_BUY,CLOSED,2026-09-13T00:23:42.358042+00:00,LOSS,0.0,-10.0,-1.0,Polymarket Gamma market endpoint,no_resolved
paper-000019,2026-09-11T16:03:48.675460+00:00,4431206,seoul_incheon|2026_09_12|highest_temperature|c|rksi,Seoul (Incheon),RKSI,2026-09-12,highest_temperature,exact,23.0,23.0,23.0,0.07,142.85714285714283,10.0,0.241753,0.171753,0.168498,0.05,0.003255,PAPER_BUY,CLOSED,2026-09-12T15:50:47.802384+00:00,WIN,142.85714286,132.85714286,13.28571429,Polymarket Gamma market endpoint,yes_resolved
paper-000020,2026-09-11T16:03:48.677528+00:00,4431326,milan|2026_09_12|highest_temperature|c|limc,Milan,LIMC,2026-09-12,highest_temperature,exact,24.0,24.0,24.0,0.07,142.85714285714283,10.0,0.23908,0.16908,0.165825,0.05,0.003255,PAPER_BUY,CLOSED,2026-09-13T00:23:42.479869+00:00,LOSS,0.0,-10.0,-1.0,Polymarket Gamma market endpoint,no_resolved
paper-000021,2026-09-11T16:03:48.671246+00:00,4430455,shanghai|2026_09_12|lowest_temperature|c|zspd,Shanghai,ZSPD,2026-09-12,lowest_temperature,exact,23.0,23.0,23.0,0.15,66.66666666666667,10.0,0.321565,0.171565,0.16519,0.05,0.006375,PAPER_BUY,CLOSED,2026-09-12T18:10:25.051507+00:00,LOSS,0.0,-10.0,-1.0,Polymarket Gamma market endpoint,no_resolved
paper-000022,2026-09-11T16:03:48.693353+00:00,4461914,helsinki|2026_09_13|highest_temperature|c|efhk,Helsinki,EFHK,2026-09-13,highest_temperature,exact,19.0,19.0,19.0,0.04,250.0,10.0,0.202537,0.162537,0.160617,0.05,0.00192,PAPER_BUY,CLOSED,2026-09-13T22:11:07.620690+00:00,LOSS,0.0,-10.0,-1.0,Polymarket Gamma market endpoint,no_resolved
paper-000023,2026-09-11T16:03:48.670177+00:00,4430390,wellington|2026_09_12|lowest_temperature|c|nzwn,Wellington,NZWN,2026-09-12,lowest_temperature,exact,10.0,10.0,10.0,0.12,83.33333333333334,10.0,0.284441,0.164441,0.159161,0.05,0.00528,PAPER_BUY,CLOSED,2026-09-12T12:40:56.924619+00:00,LOSS,0.0,-10.0,-1.0,Polymarket Gamma market endpoint,no_resolved
paper-000024,2026-09-11T16:03:48.692134+00:00,4461782,warsaw|2026_09_13|highest_temperature|c|epwa,Warsaw,EPWA,2026-09-13,highest_temperature,exact,19.0,19.0,19.0,0.18,55.55555555555556,10.0,0.342243,0.162243,0.154863,0.05,0.00738,PAPER_BUY,CLOSED,2026-09-14T00:13:37.414979+00:00,LOSS,0.0,-10.0,-1.0,Polymarket Gamma market endpoint,no_resolved
paper-000025,2026-09-11T16:03:48.676236+00:00,4431240,lucknow|2026_09_12|highest_temperature|c|vilk,Lucknow,VILK,2026-09-12,highest_temperature,exact,31.0,31.0,31.0,0.03,333.33333333333337,10.0,0.185259,0.155259,0.153804,0.05,0.001455,PAPER_BUY,CLOSED,2026-09-12T20:34:17.633558+00:00,LOSS,0.0,-10.0,-1.0,Polymarket Gamma market endpoint,no_resolved
paper-000026,2026-09-11T16:03:48.679286+00:00,4431473,helsinki|2026_09_12|highest_temperature|c|efhk,Helsinki,EFHK,2026-09-12,highest_temperature,exact,18.0,18.0,18.0,0.04,250.0,10.0,0.193613,0.153613,0.151693,0.05,0.00192,PAPER_BUY,CLOSED,2026-09-12T22:34:02.499546+00:00,LOSS,0.0,-10.0,-1.0,Polymarket Gamma market endpoint,no_resolved
paper-000027,2026-09-11T16:03:48.676485+00:00,4431251,munich|2026_09_12|highest_temperature|c|eddm,Munich,EDDM,2026-09-12,highest_temperature,exact,24.0,24.0,24.0,0.07,142.85714285714283,10.0,0.223352,0.153352,0.150097,0.05,0.003255,PAPER_BUY,CLOSED,2026-09-13T00:23:42.853471+00:00,LOSS,0.0,-10.0,-1.0,Polymarket Gamma market endpoint,no_resolved
paper-000028,2026-09-11T16:03:48.690620+00:00,4461694,munich|2026_09_13|highest_temperature|c|eddm,Munich,EDDM,2026-09-13,highest_temperature,exact,26.0,26.0,26.0,0.03,333.33333333333337,10.0,0.181486,0.151486,0.150031,0.05,0.001455,PAPER_BUY,CLOSED,2026-09-14T00:13:37.685786+00:00,LOSS,0.0,-10.0,-1.0,Polymarket Gamma market endpoint,no_resolved
paper-000029,2026-09-11T16:03:48.689870+00:00,4461663,ankara|2026_09_13|highest_temperature|c|ltac,Ankara,LTAC,2026-09-13,highest_temperature,exact,34.0,34.0,34.0,0.04,250.0,10.0,0.188271,0.148271,0.146351,0.05,0.00192,PAPER_BUY,CLOSED,2026-09-13T22:11:08.060562+00:00,LOSS,0.0,-10.0,-1.0,Polymarket Gamma market endpoint,no_resolved
paper-000030,2026-09-11T16:03:48.676008+00:00,4431231,wellington|2026_09_12|highest_temperature|c|nzwn,Wellington,NZWN,2026-09-12,highest_temperature,exact,15.0,15.0,15.0,0.07,142.85714285714283,10.0,0.212738,0.142738,0.139483,0.05,0.003255,PAPER_BUY,CLOSED,2026-09-12T12:40:57.547210+00:00,LOSS,0.0,-10.0,-1.0,Polymarket Gamma market endpoint,no_resolved
paper-000031,2026-09-11T16:03:48.663486+00:00,4400096,milan|2026_09_11|highest_temperature|c|limc,Milan,LIMC,2026-09-11,highest_temperature,exact,27.0,27.0,27.0,0.005,2000.0,10.0,0.14417,0.13917,0.138921,0.05,0.00024875,PAPER_BUY,CLOSED,2026-09-12T00:03:31.257479+00:00,LOSS,0.0,-10.0,-1.0,Polymarket Gamma market endpoint,no_resolved
paper-000032,2026-09-11T16:03:48.677008+00:00,4431295,shanghai|2026_09_12|highest_temperature|c|zspd,Shanghai,ZSPD,2026-09-12,highest_temperature,exact,30.0,30.0,30.0,0.15,66.66666666666667,10.0,0.293909,0.143909,0.137534,0.05,0.006375,PAPER_BUY,CLOSED,2026-09-12T18:10:25.968185+00:00,LOSS,0.0,-10.0,-1.0,Polymarket Gamma market endpoint,no_resolved
paper-000033,2026-09-11T16:03:48.677018+00:00,4431296,shanghai|2026_09_12|highest_temperature|c|zspd,Shanghai,ZSPD,2026-09-12,highest_temperature,exact,31.0,31.0,31.0,0.03,333.33333333333337,10.0,0.164822,0.134822,0.133367,0.05,0.001455,PAPER_BUY,CLOSED,2026-09-12T18:10:26.150863+00:00,LOSS,0.0,-10.0,-1.0,Polymarket Gamma market endpoint,no_resolved
paper-000034,2026-09-11T16:03:48.691625+00:00,4461760,milan|2026_09_13|highest_temperature|c|limc,Milan,LIMC,2026-09-13,highest_temperature,exact,24.0,24.0,24.0,0.03,333.33333333333337,10.0,0.164581,0.134581,0.133126,0.05,0.001455,PAPER_BUY,CLOSED,2026-09-14T00:13:37.934797+00:00,LOSS,0.0,-10.0,-1.0,Polymarket Gamma market endpoint,no_resolved
paper-000035,2026-09-11T16:03:48.692124+00:00,4461781,warsaw|2026_09_13|highest_temperature|c|epwa,Warsaw,EPWA,2026-09-13,highest_temperature,exact,18.0,18.0,18.0,0.08,125.0,10.0,0.214449,0.134449,0.130769,0.05,0.00368,PAPER_BUY,CLOSED,2026-09-14T00:13:38.041421+00:00,LOSS,0.0,-10.0,-1.0,Polymarket Gamma market endpoint,no_resolved
paper-000036,2026-09-11T16:03:48.663987+00:00,4400113,warsaw|2026_09_11|highest_temperature|c|epwa,Warsaw,EPWA,2026-09-11,highest_temperature,exact,18.0,18.0,18.0,0.005,2000.0,10.0,0.13438,0.12938,0.129132,0.05,0.00024875,PAPER_BUY,CLOSED,2026-09-12T00:03:31.774686+00:00,LOSS,0.0,-10.0,-1.0,Polymarket Gamma market endpoint,no_resolved
paper-000037,2026-09-11T16:03:48.691120+00:00,4461738,shanghai|2026_09_13|highest_temperature|c|zspd,Shanghai,ZSPD,2026-09-13,highest_temperature,exact,31.0,31.0,31.0,0.14,71.42857142857142,10.0,0.27399,0.13399,0.12797,0.05,0.00602,PAPER_BUY,CLOSED,2026-09-13T17:41:13.795765+00:00,LOSS,0.0,-10.0,-1.0,Polymarket Gamma market endpoint,no_resolved
paper-000038,2026-09-11T16:03:48.660018+00:00,4399393,helsinki|2026_09_11|lowest_temperature|c|efhk,Helsinki,EFHK,2026-09-11,lowest_temperature,or_lower,6.0,,6.0,0.02,500.0,10.0,0.143435,0.123435,0.122455,0.05,0.00098,PAPER_BUY,CLOSED,2026-09-11T21:57:32.685684+00:00,LOSS,0.0,-10.0,-1.0,Polymarket Gamma market endpoint,no_resolved
paper-000039,2026-09-11T16:03:48.678004+00:00,4431344,warsaw|2026_09_12|highest_temperature|c|epwa,Warsaw,EPWA,2026-09-12,highest_temperature,exact,17.0,17.0,17.0,0.04,250.0,10.0,0.157344,0.117344,0.115424,0.05,0.00192,PAPER_BUY,CLOSED,2026-09-12T22:34:03.360019+00:00,LOSS,0.0,-10.0,-1.0,Polymarket Gamma market endpoint,no_resolved
paper-000040,2026-09-11T16:03:48.656627+00:00,4399123,london|2026_09_11|lowest_temperature|c|eglc,London,EGLC,2026-09-11,lowest_temperature,exact,15.0,15.0,15.0,0.02,500.0,10.0,0.134033,0.114033,0.113053,0.05,0.00098,PAPER_BUY,CLOSED,2026-09-12T00:03:32.072979+00:00,LOSS,0.0,-10.0,-1.0,Polymarket Gamma market endpoint,no_resolved
paper-000041,2026-09-11T16:03:48.675187+00:00,4431194,paris|2026_09_12|highest_temperature|c|lfpb,Paris,LFPB,2026-09-12,highest_temperature,exact,23.0,23.0,23.0,0.03,333.33333333333337,10.0,0.140335,0.110335,0.10888,0.05,0.001455,PAPER_BUY,CLOSED,2026-09-13T00:23:43.174359+00:00,LOSS,0.0,-10.0,-1.0,Polymarket Gamma market endpoint,no_resolved
paper-000042,2026-09-11T16:03:48.690087+00:00,4461670,wellington|2026_09_13|highest_temperature|c|nzwn,Wellington,NZWN,2026-09-13,highest_temperature,exact,13.0,13.0,13.0,0.04,250.0,10.0,0.148918,0.108918,0.106998,0.05,0.00192,PAPER_BUY,CLOSED,2026-09-13T14:33:59.669056+00:00,LOSS,0.0,-10.0,-1.0,Polymarket Gamma market endpoint,no_resolved
paper-000043,2026-09-11T16:03:48.675450+00:00,4431205,seoul_incheon|2026_09_12|highest_temperature|c|rksi,Seoul (Incheon),RKSI,2026-09-12,highest_temperature,exact,22.0,22.0,22.0,0.009,1111.111111111111,10.0,0.113983,0.104983,0.104537,0.05,0.00044595,PAPER_BUY,CLOSED,2026-09-12T15:50:49.605807+00:00,LOSS,0.0,-10.0,-1.0,Polymarket Gamma market endpoint,no_resolved
paper-000044,2026-09-11T16:03:48.676783+00:00,4431276,tokyo|2026_09_12|highest_temperature|c|rjtt,Tokyo,RJTT,2026-09-12,highest_temperature,exact,26.0,26.0,26.0,0.06,166.66666666666669,10.0,0.164439,0.104439,0.101619,0.05,0.00282,PAPER_BUY,CLOSED,2026-09-12T15:50:49.640642+00:00,LOSS,0.0,-10.0,-1.0,Polymarket Gamma market endpoint,no_resolved
paper-000045,2026-09-11T16:03:48.693600+00:00,4461924,kuala_lumpur|2026_09_13|highest_temperature|c|wmkk,Kuala Lumpur,WMKK,2026-09-13,highest_temperature,exact,34.0,34.0,34.0,0.15,66.66666666666667,10.0,0.256285,0.106285,0.09991,0.05,0.006375,PAPER_BUY,CLOSED,2026-09-13T17:41:13.944401+00:00,LOSS,0.0,-10.0,-1.0,Polymarket Gamma market endpoint,no_resolved
paper-000046,2026-09-11T16:03:48.676494+00:00,4431252,munich|2026_09_12|highest_temperature|c|eddm,Munich,EDDM,2026-09-12,highest_temperature,exact,25.0,25.0,25.0,0.004,2500.0,10.0,0.103583,0.099583,0.099384,0.05,0.0001992,PAPER_BUY,CLOSED,2026-09-13T00:23:43.423013+00:00,LOSS,0.0,-10.0,-1.0,Polymarket Gamma market endpoint,no_resolved
paper-000047,2026-09-11T16:03:48.683594+00:00,4461045,paris|2026_09_13|lowest_temperature|c|lfpb,Paris,LFPB,2026-09-13,lowest_temperature,exact,12.0,12.0,12.0,0.04,250.0,10.0,0.140792,0.100792,0.098872,0.05,0.00192,PAPER_BUY,CLOSED,2026-09-14T00:13:38.290683+00:00,LOSS,0.0,-10.0,-1.0,Polymarket Gamma market endpoint,no_resolved
paper-000048,2026-09-11T16:03:48.661381+00:00,4399953,london|2026_09_11|highest_temperature|c|eglc,London,EGLC,2026-09-11,highest_temperature,exact,22.0,22.0,22.0,0.12,83.33333333333334,10.0,0.223036,0.103036,0.097756,0.05,0.00528,PAPER_BUY,CLOSED,2026-09-12T00:03:32.835624+00:00,LOSS,0.0,-10.0,-1.0,Polymarket Gamma market endpoint,no_resolved
paper-000049,2026-09-11T16:03:48.669912+00:00,4430376,ankara|2026_09_12|lowest_temperature|c|ltac,Ankara,LTAC,2026-09-12,lowest_temperature,exact,15.0,15.0,15.0,0.13,76.92307692307692,10.0,0.23273,0.10273,0.097075,0.05,0.005655,PAPER_BUY,CLOSED,2026-09-12T22:34:04.178394+00:00,LOSS,0.0,-10.0,-1.0,Polymarket Gamma market endpoint,no_resolved
paper-000050,2026-09-11T16:03:48.680287+00:00,4431541,karachi|2026_09_12|highest_temperature|c|opkc,Karachi,OPKC,2026-09-12,highest_temperature,or_higher,36.0,36.0,,0.25,40.0,10.0,0.356198,0.106198,0.096823,0.05,0.009375,PAPER_BUY,CLOSED,2026-09-12T20:34:20.245065+00:00,WIN,40.0,30.0,3.0,Polymarket Gamma market endpoint,yes_resolved
paper-000051,2026-09-11T16:58:03.753121+00:00,4430466,singapore|2026_09_12|lowest_temperature|c|wsss,Singapore,WSSS,2026-09-12,lowest_temperature,exact,27.0,27.0,27.0,0.009,1111.111111111111,10.0,0.254579,0.245579,0.245133,0.05,0.00044595,PAPER_BUY,CLOSED,2026-09-12T20:34:20.283134+00:00,LOSS,0.0,-10.0,-1.0,Polymarket Gamma market endpoint,no_resolved
paper-000052,2026-09-11T16:58:03.751148+00:00,4430368,seoul_incheon|2026_09_12|lowest_temperature|c|rksi,Seoul (Incheon),RKSI,2026-09-12,lowest_temperature,exact,19.0,19.0,19.0,0.13,76.92307692307692,10.0,0.307404,0.177404,0.171749,0.05,0.005655,PAPER_BUY,CLOSED,2026-09-12T15:50:50.299796+00:00,LOSS,0.0,-10.0,-1.0,Polymarket Gamma market endpoint,no_resolved
paper-000053,2026-09-11T21:57:28.491239+00:00,4431484,kuala_lumpur|2026_09_12|highest_temperature|c|wmkk,Kuala Lumpur,WMKK,2026-09-12,highest_temperature,exact,34.0,34.0,34.0,0.06,166.66666666666669,10.0,0.3162,0.2562,0.25338,0.05,0.00282,PAPER_BUY,CLOSED,2026-09-12T18:10:27.537715+00:00,LOSS,0.0,-10.0,-1.0,Polymarket Gamma market endpoint,no_resolved
paper-000054,2026-09-11T21:57:28.505283+00:00,4461674,wellington|2026_09_13|highest_temperature|c|nzwn,Wellington,NZWN,2026-09-13,highest_temperature,exact,17.0,17.0,17.0,0.025,400.0,10.0,0.247002,0.222002,0.220783,0.05,0.00121875,PAPER_BUY,CLOSED,2026-09-13T14:34:00.015192+00:00,LOSS,0.0,-10.0,-1.0,Polymarket Gamma market endpoint,no_resolved
paper-000055,2026-09-12T00:03:28.536488+00:00,4431335,madrid|2026_09_12|highest_temperature|c|lemd,Madrid,LEMD,2026-09-12,highest_temperature,exact,31.0,31.0,31.0,0.11,90.9090909090909,10.0,0.38152,0.27152,0.266625,0.05,0.004895,PAPER_BUY,CLOSED,2026-09-13T00:23:43.790833+00:00,LOSS,0.0,-10.0,-1.0,Polymarket Gamma market endpoint,no_resolved
paper-000056,2026-09-12T00:03:28.550631+00:00,4461673,wellington|2026_09_13|highest_temperature|c|nzwn,Wellington,NZWN,2026-09-13,highest_temperature,exact,16.0,16.0,16.0,0.19,52.63157894736842,10.0,0.463678,0.273678,0.265983,0.05,0.007695,PAPER_BUY,CLOSED,2026-09-13T14:34:00.183546+00:00,WIN,52.63157895,42.63157895,4.26315789,Polymarket Gamma market endpoint,yes_resolved
paper-000057,2026-09-12T00:03:28.533475+00:00,4431185,london|2026_09_12|highest_temperature|c|eglc,London,EGLC,2026-09-12,highest_temperature,exact,22.0,22.0,22.0,0.07,142.85714285714283,10.0,0.29595,0.22595,0.222695,0.05,0.003255,PAPER_BUY,CLOSED,2026-09-13T00:23:43.991039+00:00,LOSS,0.0,-10.0,-1.0,Polymarket Gamma market endpoint,no_resolved
paper-000058,2026-09-12T00:03:28.538419+00:00,4431483,kuala_lumpur|2026_09_12|highest_temperature|c|wmkk,Kuala Lumpur,WMKK,2026-09-12,highest_temperature,exact,33.0,33.0,33.0,0.13,76.92307692307692,10.0,0.341835,0.211835,0.20618,0.05,0.005655,PAPER_BUY,CLOSED,2026-09-12T18:10:28.069684+00:00,LOSS,0.0,-10.0,-1.0,Polymarket Gamma market endpoint,no_resolved
paper-000059,2026-09-12T00:03:28.537847+00:00,4431458,amsterdam|2026_09_12|highest_temperature|c|eham,Amsterdam,EHAM,2026-09-12,highest_temperature,exact,19.0,19.0,19.0,0.009,1111.111111111111,10.0,0.195134,0.186134,0.185689,0.05,0.00044595,PAPER_BUY,CLOSED,2026-09-13T00:23:44.167365+00:00,LOSS,0.0,-10.0,-1.0,Polymarket Gamma market endpoint,no_resolved
paper-000060,2026-09-12T00:03:28.527581+00:00,4430366,seoul_incheon|2026_09_12|lowest_temperature|c|rksi,Seoul (Incheon),RKSI,2026-09-12,lowest_temperature,exact,17.0,17.0,17.0,0.05,200.0,10.0,0.230529,0.180529,0.178154,0.05,0.002375,PAPER_BUY,CLOSED,2026-09-12T15:50:51.218815+00:00,LOSS,0.0,-10.0,-1.0,Polymarket Gamma market endpoint,no_resolved
paper-000061,2026-09-12T00:03:28.552260+00:00,4461761,milan|2026_09_13|highest_temperature|c|limc,Milan,LIMC,2026-09-13,highest_temperature,exact,25.0,25.0,25.0,0.1,100.0,10.0,0.277358,0.177358,0.172858,0.05,0.0045,PAPER_BUY,CLOSED,2026-09-14T00:13:38.503344+00:00,LOSS,0.0,-10.0,-1.0,Polymarket Gamma market endpoint,no_resolved
paper-000062,2026-09-12T00:03:28.549527+00:00,4461628,london|2026_09_13|highest_temperature|c|eglc,London,EGLC,2026-09-13,highest_temperature,exact,21.0,21.0,21.0,0.081,123.45679012345678,10.0,0.25218,0.17118,0.167458,0.05,0.00372195,PAPER_BUY,CLOSED,2026-09-14T00:13:38.718896+00:00,LOSS,0.0,-10.0,-1.0,Polymarket Gamma market endpoint,no_resolved
paper-000063,2026-09-12T00:03:28.553180+00:00,4461823,beijing|2026_09_13|highest_temperature|c|zbaa,Beijing,ZBAA,2026-09-13,highest_temperature,exact,29.0,29.0,29.0,0.05,200.0,10.0,0.206352,0.156352,0.153977,0.05,0.002375,PAPER_BUY,CLOSED,2026-09-13T17:41:14.388657+00:00,LOSS,0.0,-10.0,-1.0,Polymarket Gamma market endpoint,no_resolved
paper-000064,2026-09-12T00:03:28.551983+00:00,4461750,singapore|2026_09_13|highest_temperature|c|wsss,Singapore,WSSS,2026-09-13,highest_temperature,exact,34.0,34.0,34.0,0.024,416.6666666666667,10.0,0.164679,0.140679,0.139508,0.05,0.0011712,PAPER_BUY,CLOSED,2026-09-13T17:41:14.571712+00:00,LOSS,0.0,-10.0,-1.0,Polymarket Gamma market endpoint,no_resolved
paper-000065,2026-09-12T12:40:55.055067+00:00,4430345,london|2026_09_12|lowest_temperature|c|eglc,London,EGLC,2026-09-12,lowest_temperature,exact,13.0,13.0,13.0,0.007,1428.5714285714284,10.0,0.434213,0.427213,0.426866,0.05,0.00034755,PAPER_BUY,CLOSED,2026-09-13T00:23:44.553109+00:00,LOSS,0.0,-10.0,-1.0,Polymarket Gamma market endpoint,no_resolved
paper-000066,2026-09-12T12:40:55.059170+00:00,4430637,amsterdam|2026_09_12|lowest_temperature|c|eham,Amsterdam,EHAM,2026-09-12,lowest_temperature,exact,11.0,11.0,11.0,0.004,2500.0,10.0,0.352594,0.348594,0.348395,0.05,0.0001992,PAPER_BUY,CLOSED,2026-09-13T00:23:44.698443+00:00,LOSS,0.0,-10.0,-1.0,Polymarket Gamma market endpoint,no_resolved
paper-000067,2026-09-12T15:50:46.777145+00:00,4490629,singapore|2026_09_14|highest_temperature|c|wsss,Singapore,WSSS,2026-09-14,highest_temperature,exact,30.0,30.0,30.0,0.01,1000.0,10.0,0.314518,0.304518,0.304023,0.05,0.000495,PAPER_BUY,CLOSED,2026-09-14T16:35:25.758470+00:00,LOSS,0.0,-10.0,-1.0,Polymarket Gamma market endpoint,no_resolved
paper-000068,2026-09-12T15:50:46.736772+00:00,4431328,milan|2026_09_12|highest_temperature|c|limc,Milan,LIMC,2026-09-12,highest_temperature,exact,26.0,26.0,26.0,0.005,2000.0,10.0,0.30661,0.30161,0.301361,0.05,0.00024875,PAPER_BUY,CLOSED,2026-09-13T00:23:44.908770+00:00,WIN,2000.0,1990.0,199.0,Polymarket Gamma market endpoint,yes_resolved
paper-000069,2026-09-12T15:50:46.727639+00:00,4430354,paris|2026_09_12|lowest_temperature|c|lfpb,Paris,LFPB,2026-09-12,lowest_temperature,exact,11.0,11.0,11.0,0.005,2000.0,10.0,0.264573,0.259573,0.259324,0.05,0.00024875,PAPER_BUY,CLOSED,2026-09-12T22:34:05.626069+00:00,LOSS,0.0,-10.0,-1.0,Polymarket Gamma market endpoint,no_resolved
paper-000070,2026-09-12T15:50:46.774381+00:00,4490519,paris|2026_09_14|highest_temperature|c|lfpb,Paris,LFPB,2026-09-14,highest_temperature,exact,24.0,24.0,24.0,0.03,333.33333333333337,10.0,0.28115,0.25115,0.249695,0.05,0.001455,PAPER_BUY,CLOSED,2026-09-14T23:29:57.950054+00:00,LOSS,0.0,-10.0,-1.0,Polymarket Gamma market endpoint,no_resolved
paper-000071,2026-09-12T15:50:46.730161+00:00,4430488,madrid|2026_09_12|lowest_temperature|c|lemd,Madrid,LEMD,2026-09-12,lowest_temperature,exact,13.0,13.0,13.0,0.008,1250.0,10.0,0.246832,0.238832,0.238435,0.05,0.0003968,PAPER_BUY,CLOSED,2026-09-13T00:23:45.209640+00:00,LOSS,0.0,-10.0,-1.0,Polymarket Gamma market endpoint,no_resolved
paper-000072,2026-09-12T18:10:23.808159+00:00,4490622,shanghai|2026_09_14|highest_temperature|c|zspd,Shanghai,ZSPD,2026-09-14,highest_temperature,exact,30.0,30.0,30.0,0.05,200.0,10.0,0.283084,0.233084,0.230709,0.05,0.002375,PAPER_BUY,CLOSED,2026-09-14T16:35:26.116057+00:00,LOSS,0.0,-10.0,-1.0,Polymarket Gamma market endpoint,no_resolved
paper-000073,2026-09-12T18:10:23.777302+00:00,4461055,seoul_incheon|2026_09_13|lowest_temperature|c|rksi,Seoul (Incheon),RKSI,2026-09-13,lowest_temperature,exact,18.0,18.0,18.0,0.14,71.42857142857142,10.0,0.371349,0.231349,0.225329,0.05,0.00602,PAPER_BUY,CLOSED,2026-09-13T17:41:14.781724+00:00,LOSS,0.0,-10.0,-1.0,Polymarket Gamma market endpoint,no_resolved
paper-000074,2026-09-12T18:10:23.790283+00:00,4461900,amsterdam|2026_09_13|highest_temperature|c|eham,Amsterdam,EHAM,2026-09-13,highest_temperature,exact,19.0,19.0,19.0,0.04,250.0,10.0,0.260631,0.220631,0.218711,0.05,0.00192,PAPER_BUY,CLOSED,2026-09-14T00:13:39.402560+00:00,LOSS,0.0,-10.0,-1.0,Polymarket Gamma market endpoint,no_resolved
paper-000075,2026-09-12T18:10:23.808887+00:00,4490644,milan|2026_09_14|highest_temperature|c|limc,Milan,LIMC,2026-09-14,highest_temperature,exact,27.0,27.0,27.0,0.07,142.85714285714283,10.0,0.287991,0.217991,0.214736,0.05,0.003255,PAPER_BUY,CLOSED,2026-09-14T23:29:58.172530+00:00,LOSS,0.0,-10.0,-1.0,Polymarket Gamma market endpoint,no_resolved
paper-000076,2026-09-12T18:10:23.808468+00:00,4490630,singapore|2026_09_14|highest_temperature|c|wsss,Singapore,WSSS,2026-09-14,highest_temperature,exact,31.0,31.0,31.0,0.11,90.9090909090909,10.0,0.328288,0.218288,0.213393,0.05,0.004895,PAPER_BUY,CLOSED,2026-09-14T16:35:26.325862+00:00,LOSS,0.0,-10.0,-1.0,Polymarket Gamma market endpoint,no_resolved
paper-000077,2026-09-12T20:34:15.737253+00:00,4461036,london|2026_09_13|lowest_temperature|c|eglc,London,EGLC,2026-09-13,lowest_temperature,exact,17.0,17.0,17.0,0.06,166.66666666666669,10.0,0.391937,0.331937,0.329117,0.05,0.00282,PAPER_BUY,CLOSED,2026-09-14T00:13:39.957224+00:00,LOSS,0.0,-10.0,-1.0,Polymarket Gamma market endpoint,no_resolved
paper-000078,2026-09-12T20:34:15.767229+00:00,4490555,wellington|2026_09_14|highest_temperature|c|nzwn,Wellington,NZWN,2026-09-14,highest_temperature,exact,14.0,14.0,14.0,0.05,200.0,10.0,0.303889,0.253889,0.251514,0.05,0.002375,PAPER_BUY,CLOSED,2026-09-14T16:35:26.508387+00:00,LOSS,0.0,-10.0,-1.0,Polymarket Gamma market endpoint,no_resolved
paper-000079,2026-09-12T20:34:15.767996+00:00,4490582,munich|2026_09_14|highest_temperature|c|eddm,Munich,EDDM,2026-09-14,highest_temperature,or_higher,24.0,24.0,,0.03,333.33333333333337,10.0,0.272644,0.242644,0.241189,0.05,0.001455,PAPER_BUY,CLOSED,2026-09-14T23:29:58.412737+00:00,LOSS,0.0,-10.0,-1.0,Polymarket Gamma market endpoint,no_resolved
paper-000080,2026-09-12T20:34:15.747373+00:00,4461693,munich|2026_09_13|highest_temperature|c|eddm,Munich,EDDM,2026-09-13,highest_temperature,exact,25.0,25.0,25.0,0.04,250.0,10.0,0.258169,0.218169,0.216249,0.05,0.00192,PAPER_BUY,CLOSED,2026-09-14T00:13:40.415157+00:00,LOSS,0.0,-10.0,-1.0,Polymarket Gamma market endpoint,no_resolved
paper-000081,2026-09-12T22:34:00.584063+00:00,4461056,seoul_incheon|2026_09_13|lowest_temperature|c|rksi,Seoul (Incheon),RKSI,2026-09-13,lowest_temperature,exact,19.0,19.0,19.0,0.07,142.85714285714283,10.0,0.43631,0.36631,0.363055,0.05,0.003255,PAPER_BUY,CLOSED,2026-09-13T17:41:15.528807+00:00,LOSS,0.0,-10.0,-1.0,Polymarket Gamma market endpoint,no_resolved
paper-000082,2026-09-12T22:34:00.585239+00:00,4461145,shanghai|2026_09_13|lowest_temperature|c|zspd,Shanghai,ZSPD,2026-09-13,lowest_temperature,exact,23.0,23.0,23.0,0.06,166.66666666666669,10.0,0.408923,0.348923,0.346103,0.05,0.00282,PAPER_BUY,CLOSED,2026-09-13T17:41:15.699424+00:00,LOSS,0.0,-10.0,-1.0,Polymarket Gamma market endpoint,no_resolved
paper-000083,2026-09-12T22:34:00.591357+00:00,4461912,helsinki|2026_09_13|highest_temperature|c|efhk,Helsinki,EFHK,2026-09-13,highest_temperature,exact,17.0,17.0,17.0,0.09,111.11111111111111,10.0,0.298569,0.208569,0.204474,0.05,0.004095,PAPER_BUY,CLOSED,2026-09-13T22:11:09.726476+00:00,LOSS,0.0,-10.0,-1.0,Polymarket Gamma market endpoint,no_resolved
paper-000084,2026-09-12T22:34:00.605778+00:00,4490782,amsterdam|2026_09_14|highest_temperature|c|eham,Amsterdam,EHAM,2026-09-14,highest_temperature,exact,20.0,20.0,20.0,0.08,125.0,10.0,0.279606,0.199606,0.195926,0.05,0.00368,PAPER_BUY,CLOSED,2026-09-14T23:29:58.636791+00:00,LOSS,0.0,-10.0,-1.0,Polymarket Gamma market endpoint,no_resolved
paper-000085,2026-09-12T22:34:00.589203+00:00,4461692,munich|2026_09_13|highest_temperature|c|eddm,Munich,EDDM,2026-09-13,highest_temperature,exact,24.0,24.0,24.0,0.09,111.11111111111111,10.0,0.285004,0.195004,0.190909,0.05,0.004095,PAPER_BUY,CLOSED,2026-09-14T00:13:40.959013+00:00,LOSS,0.0,-10.0,-1.0,Polymarket Gamma market endpoint,no_resolved
paper-000086,2026-09-13T00:23:41.468518+00:00,4490511,london|2026_09_14|highest_temperature|c|eglc,London,EGLC,2026-09-14,highest_temperature,exact,22.0,22.0,22.0,0.05,200.0,10.0,0.314582,0.264582,0.262207,0.05,0.002375,PAPER_BUY,CLOSED,2026-09-15T01:50:46.691572+00:00,LOSS,0.0,-10.0,-1.0,Polymarket Gamma market endpoint,no_resolved
paper-000087,2026-09-13T00:23:41.452024+00:00,4461772,madrid|2026_09_13|highest_temperature|c|lemd,Madrid,LEMD,2026-09-13,highest_temperature,exact,32.0,32.0,32.0,0.11,90.9090909090909,10.0,0.346231,0.236231,0.231336,0.05,0.004895,PAPER_BUY,CLOSED,2026-09-14T00:13:41.258993+00:00,LOSS,0.0,-10.0,-1.0,Polymarket Gamma market endpoint,no_resolved
paper-000088,2026-09-13T00:23:41.468505+00:00,4490510,london|2026_09_14|highest_temperature|c|eglc,London,EGLC,2026-09-14,highest_temperature,exact,21.0,21.0,21.0,0.01,1000.0,10.0,0.238186,0.228186,0.227691,0.05,0.000495,PAPER_BUY,CLOSED,2026-09-15T01:50:46.862870+00:00,LOSS,0.0,-10.0,-1.0,Polymarket Gamma market endpoint,no_resolved
paper-000089,2026-09-13T00:23:41.468839+00:00,4490520,paris|2026_09_14|highest_temperature|c|lfpb,Paris,LFPB,2026-09-14,highest_temperature,exact,25.0,25.0,25.0,0.08,125.0,10.0,0.307819,0.227819,0.224139,0.05,0.00368,PAPER_BUY,CLOSED,2026-09-14T23:29:59.150324+00:00,LOSS,0.0,-10.0,-1.0,Polymarket Gamma market endpoint,no_resolved
paper-000090,2026-09-13T00:23:41.475964+00:00,4490862,karachi|2026_09_14|highest_temperature|c|opkc,Karachi,OPKC,2026-09-14,highest_temperature,exact,36.0,36.0,36.0,0.12,83.33333333333334,10.0,0.33782,0.21782,0.21254,0.05,0.00528,PAPER_BUY,CLOSED,2026-09-14T20:36:50.421263+00:00,LOSS,0.0,-10.0,-1.0,Polymarket Gamma market endpoint,no_resolved
paper-000091,2026-09-13T00:23:41.474511+00:00,4490796,helsinki|2026_09_14|highest_temperature|c|efhk,Helsinki,EFHK,2026-09-14,highest_temperature,exact,18.0,18.0,18.0,0.05,200.0,10.0,0.25803,0.20803,0.205655,0.05,0.002375,PAPER_BUY,CLOSED,2026-09-14T23:29:59.391197+00:00,LOSS,0.0,-10.0,-1.0,Polymarket Gamma market endpoint,no_resolved
paper-000092,2026-09-13T00:23:41.442889+00:00,4461144,shanghai|2026_09_13|lowest_temperature|c|zspd,Shanghai,ZSPD,2026-09-13,lowest_temperature,exact,22.0,22.0,22.0,0.02,500.0,10.0,0.221753,0.201753,0.200773,0.05,0.00098,PAPER_BUY,CLOSED,2026-09-13T17:41:16.566419+00:00,LOSS,0.0,-10.0,-1.0,Polymarket Gamma market endpoint,no_resolved
paper-000093,2026-09-13T00:23:41.460428+00:00,4489894,london|2026_09_14|lowest_temperature|c|eglc,London,EGLC,2026-09-14,lowest_temperature,exact,15.0,15.0,15.0,0.23,43.47826086956522,10.0,0.419915,0.189915,0.18106,0.05,0.008855,PAPER_BUY,CLOSED,2026-09-15T01:50:46.907894+00:00,LOSS,0.0,-10.0,-1.0,Polymarket Gamma market endpoint,no_resolved
paper-000094,2026-09-13T00:23:41.448451+00:00,4461636,paris|2026_09_13|highest_temperature|c|lfpb,Paris,LFPB,2026-09-13,highest_temperature,exact,24.0,24.0,24.0,0.06,166.66666666666669,10.0,0.237462,0.177462,0.174642,0.05,0.00282,PAPER_BUY,CLOSED,2026-09-14T00:13:42.008880+00:00,LOSS,0.0,-10.0,-1.0,Polymarket Gamma market endpoint,no_resolved
paper-000095,2026-09-13T00:23:41.474108+00:00,4490781,amsterdam|2026_09_14|highest_temperature|c|eham,Amsterdam,EHAM,2026-09-14,highest_temperature,exact,19.0,19.0,19.0,0.02,500.0,10.0,0.178476,0.158476,0.157496,0.05,0.00098,PAPER_BUY,CLOSED,2026-09-14T23:29:59.851606+00:00,LOSS,0.0,-10.0,-1.0,Polymarket Gamma market endpoint,no_resolved
paper-000096,2026-09-13T00:23:41.448876+00:00,4461652,seoul_incheon|2026_09_13|highest_temperature|c|rksi,Seoul (Incheon),RKSI,2026-09-13,highest_temperature,exact,26.0,26.0,26.0,0.08,125.0,10.0,0.23353,0.15353,0.14985,0.05,0.00368,PAPER_BUY,CLOSED,2026-09-13T17:41:17.180105+00:00,LOSS,0.0,-10.0,-1.0,Polymarket Gamma market endpoint,no_resolved
paper-000097,2026-09-13T00:23:41.448464+00:00,4461637,paris|2026_09_13|highest_temperature|c|lfpb,Paris,LFPB,2026-09-13,highest_temperature,exact,25.0,25.0,25.0,0.21,47.61904761904762,10.0,0.36284,0.15284,0.144545,0.05,0.008295,PAPER_BUY,CLOSED,2026-09-14T00:13:42.448739+00:00,LOSS,0.0,-10.0,-1.0,Polymarket Gamma market endpoint,no_resolved
paper-000098,2026-09-13T00:23:41.455615+00:00,4461979,karachi|2026_09_13|highest_temperature|c|opkc,Karachi,OPKC,2026-09-13,highest_temperature,exact,38.0,38.0,38.0,0.18,55.55555555555556,10.0,0.32446,0.14446,0.13708,0.05,0.00738,PAPER_BUY,CLOSED,2026-09-13T19:50:34.175313+00:00,LOSS,0.0,-10.0,-1.0,Polymarket Gamma market endpoint,no_resolved
paper-000099,2026-09-13T00:23:41.470257+00:00,4490566,lucknow|2026_09_14|highest_temperature|c|vilk,Lucknow,VILK,2026-09-14,highest_temperature,exact,30.0,30.0,30.0,0.06,166.66666666666669,10.0,0.198592,0.138592,0.135772,0.05,0.00282,PAPER_BUY,CLOSED,2026-09-14T20:36:51.309786+00:00,LOSS,0.0,-10.0,-1.0,Polymarket Gamma market endpoint,no_resolved
paper-000100,2026-09-13T14:33:58.038762+00:00,4461174,madrid|2026_09_13|lowest_temperature|c|lemd,Madrid,LEMD,2026-09-13,lowest_temperature,or_lower,15.0,,15.0,0.01,1000.0,10.0,0.624722,0.614722,0.614227,0.05,0.000495,PAPER_BUY,CLOSED,2026-09-14T00:13:42.772674+00:00,LOSS,0.0,-10.0,-1.0,Polymarket Gamma market endpoint,no_resolved
paper-000101,2026-09-13T14:33:58.043159+00:00,4461638,paris|2026_09_13|highest_temperature|c|lfpb,Paris,LFPB,2026-09-13,highest_temperature,exact,26.0,26.0,26.0,0.01,1000.0,10.0,0.348964,0.338964,0.338469,0.05,0.000495,PAPER_BUY,CLOSED,2026-09-14T00:13:42.998639+00:00,LOSS,0.0,-10.0,-1.0,Polymarket Gamma market endpoint,no_resolved
paper-000102,2026-09-13T14:33:58.070158+00:00,4490860,karachi|2026_09_14|highest_temperature|c|opkc,Karachi,OPKC,2026-09-14,highest_temperature,exact,34.0,34.0,34.0,0.027,370.3703703703704,10.0,0.328023,0.301023,0.299709,0.05,0.00131355,PAPER_BUY,CLOSED,2026-09-14T20:36:51.628916+00:00,LOSS,0.0,-10.0,-1.0,Polymarket Gamma market endpoint,no_resolved
paper-000103,2026-09-13T14:33:58.035659+00:00,4461047,paris|2026_09_13|lowest_temperature|c|lfpb,Paris,LFPB,2026-09-13,lowest_temperature,exact,14.0,14.0,14.0,0.02,500.0,10.0,0.293903,0.273903,0.272923,0.05,0.00098,PAPER_BUY,CLOSED,2026-09-14T00:13:43.495796+00:00,LOSS,0.0,-10.0,-1.0,Polymarket Gamma market endpoint,no_resolved
paper-000104,2026-09-13T17:41:12.477504+00:00,4489981,tokyo|2026_09_14|lowest_temperature|c|rjtt,Tokyo,RJTT,2026-09-14,lowest_temperature,exact,22.0,22.0,22.0,0.018,555.5555555555555,10.0,0.2882,0.2702,0.269316,0.05,0.0008838,PAPER_BUY,CLOSED,2026-09-14T16:35:27.984420+00:00,LOSS,0.0,-10.0,-1.0,Polymarket Gamma market endpoint,no_resolved
paper-000105,2026-09-13T17:41:12.475201+00:00,4489896,london|2026_09_14|lowest_temperature|c|eglc,London,EGLC,2026-09-14,lowest_temperature,exact,17.0,17.0,17.0,0.12,83.33333333333334,10.0,0.391937,0.271937,0.266657,0.05,0.00528,PAPER_BUY,CLOSED,2026-09-15T01:50:46.951622+00:00,LOSS,0.0,-10.0,-1.0,Polymarket Gamma market endpoint,no_resolved
paper-000106,2026-09-13T17:41:12.462420+00:00,4461048,paris|2026_09_13|lowest_temperature|c|lfpb,Paris,LFPB,2026-09-13,lowest_temperature,exact,15.0,15.0,15.0,0.03,333.33333333333337,10.0,0.284174,0.254174,0.252719,0.05,0.001455,PAPER_BUY,CLOSED,2026-09-14T00:13:44.020045+00:00,LOSS,0.0,-10.0,-1.0,Polymarket Gamma market endpoint,no_resolved
paper-000107,2026-09-13T17:41:12.466131+00:00,4461631,london|2026_09_13|highest_temperature|c|eglc,London,EGLC,2026-09-13,highest_temperature,exact,24.0,24.0,24.0,0.005,2000.0,10.0,0.243014,0.238014,0.237766,0.05,0.00024875,PAPER_BUY,CLOSED,2026-09-14T00:13:44.080502+00:00,LOSS,0.0,-10.0,-1.0,Polymarket Gamma market endpoint,no_resolved
paper-000108,2026-09-13T17:41:12.489986+00:00,4490861,karachi|2026_09_14|highest_temperature|c|opkc,Karachi,OPKC,2026-09-14,highest_temperature,exact,35.0,35.0,35.0,0.12,83.33333333333334,10.0,0.331772,0.211772,0.206492,0.05,0.00528,PAPER_BUY,CLOSED,2026-09-14T20:36:52.085869+00:00,LOSS,0.0,-10.0,-1.0,Polymarket Gamma market endpoint,no_resolved
paper-000109,2026-09-13T17:41:12.500722+00:00,4529996,warsaw|2026_09_15|highest_temperature|c|epwa,Warsaw,EPWA,2026-09-15,highest_temperature,exact,17.0,17.0,17.0,0.12,83.33333333333334,10.0,0.32173,0.20173,0.19645,0.05,0.00528,PAPER_BUY,CLOSED,2026-09-15T23:04:32.157697+00:00,LOSS,0.0,-10.0,-1.0,Polymarket Gamma market endpoint,no_resolved
paper-000110,2026-09-13T17:41:12.463429+00:00,4461100,munich|2026_09_13|lowest_temperature|c|eddm,Munich,EDDM,2026-09-13,lowest_temperature,exact,10.0,10.0,10.0,0.005,2000.0,10.0,0.188658,0.183658,0.183409,0.05,0.00024875,PAPER_BUY,CLOSED,2026-09-14T00:13:44.396730+00:00,LOSS,0.0,-10.0,-1.0,Polymarket Gamma market endpoint,no_resolved
paper-000111,2026-09-13T17:41:12.475534+00:00,4489904,paris|2026_09_14|lowest_temperature|c|lfpb,Paris,LFPB,2026-09-14,lowest_temperature,exact,14.0,14.0,14.0,0.06,166.66666666666669,10.0,0.24354,0.18354,0.18072,0.05,0.00282,PAPER_BUY,CLOSED,2026-09-14T23:30:00.399887+00:00,LOSS,0.0,-10.0,-1.0,Polymarket Gamma market endpoint,no_resolved
paper-000112,2026-09-13T17:41:12.498154+00:00,4529878,wellington|2026_09_15|highest_temperature|c|nzwn,Wellington,NZWN,2026-09-15,highest_temperature,exact,14.0,14.0,14.0,0.08,125.0,10.0,0.260016,0.180016,0.176336,0.05,0.00368,PAPER_BUY,CLOSED,2026-09-15T12:48:18.877044+00:00,LOSS,0.0,-10.0,-1.0,Polymarket Gamma market endpoint,no_resolved
paper-000113,2026-09-13T19:50:26.320616+00:00,4532415,karachi|2026_09_15|highest_temperature|c|opkc,Karachi,OPKC,2026-09-15,highest_temperature,exact,38.0,38.0,38.0,0.04,250.0,10.0,0.321245,0.281245,0.279325,0.05,0.00192,PAPER_BUY,CLOSED,2026-09-15T20:25:08.679839+00:00,LOSS,0.0,-10.0,-1.0,Polymarket Gamma market endpoint,no_resolved
paper-000114,2026-09-13T19:50:26.294860+00:00,4490806,kuala_lumpur|2026_09_14|highest_temperature|c|wmkk,Kuala Lumpur,WMKK,2026-09-14,highest_temperature,exact,35.0,35.0,35.0,0.06,166.66666666666669,10.0,0.29241,0.23241,0.22959,0.05,0.00282,PAPER_BUY,CLOSED,2026-09-14T16:35:29.212144+00:00,LOSS,0.0,-10.0,-1.0,Polymarket Gamma market endpoint,no_resolved
paper-000115,2026-09-13T19:50:26.283567+00:00,4489982,tokyo|2026_09_14|lowest_temperature|c|rjtt,Tokyo,RJTT,2026-09-14,lowest_temperature,exact,23.0,23.0,23.0,0.13,76.92307692307692,10.0,0.342817,0.212817,0.207162,0.05,0.005655,PAPER_BUY,CLOSED,2026-09-14T16:35:29.395574+00:00,LOSS,0.0,-10.0,-1.0,Polymarket Gamma market endpoint,no_resolved
paper-000116,2026-09-13T22:11:07.259792+00:00,4490005,shanghai|2026_09_14|lowest_temperature|c|zspd,Shanghai,ZSPD,2026-09-14,lowest_temperature,exact,23.0,23.0,23.0,0.09,111.11111111111111,10.0,0.32156,0.23156,0.227465,0.05,0.004095,PAPER_BUY,CLOSED,2026-09-14T16:35:29.574447+00:00,LOSS,0.0,-10.0,-1.0,Polymarket Gamma market endpoint,no_resolved
paper-000117,2026-09-13T22:11:07.262929+00:00,4490512,london|2026_09_14|highest_temperature|c|eglc,London,EGLC,2026-09-14,highest_temperature,exact,23.0,23.0,23.0,0.08,125.0,10.0,0.310143,0.230143,0.226463,0.05,0.00368,PAPER_BUY,CLOSED,2026-09-15T01:50:47.336656+00:00,LOSS,0.0,-10.0,-1.0,Polymarket Gamma market endpoint,no_resolved
paper-000118,2026-09-13T22:11:07.270661+00:00,4529734,london|2026_09_15|highest_temperature|c|eglc,London,EGLC,2026-09-15,highest_temperature,exact,20.0,20.0,20.0,0.04,250.0,10.0,0.242541,0.202541,0.200621,0.05,0.00192,PAPER_BUY,CLOSED,2026-09-16T01:26:03.491170+00:00,LOSS,0.0,-10.0,-1.0,Polymarket Gamma market endpoint,no_resolved
paper-000119,2026-09-13T22:11:07.263365+00:00,4490536,seoul_incheon|2026_09_14|highest_temperature|c|rksi,Seoul (Incheon),RKSI,2026-09-14,highest_temperature,exact,28.0,28.0,28.0,0.01,1000.0,10.0,0.197799,0.187799,0.187304,0.05,0.000495,PAPER_BUY,CLOSED,2026-09-14T16:35:30.041526+00:00,LOSS,0.0,-10.0,-1.0,Polymarket Gamma market endpoint,no_resolved
paper-000120,2026-09-14T00:13:37.187477+00:00,4489918,seoul_incheon|2026_09_14|lowest_temperature|c|rksi,Seoul (Incheon),RKSI,2026-09-14,lowest_temperature,exact,19.0,19.0,19.0,0.15,66.66666666666667,10.0,0.431219,0.281219,0.274844,0.05,0.006375,PAPER_BUY,CLOSED,2026-09-14T16:35:30.220290+00:00,LOSS,0.0,-10.0,-1.0,Polymarket Gamma market endpoint,no_resolved
paper-000121,2026-09-14T00:13:37.206491+00:00,4529959,singapore|2026_09_15|highest_temperature|c|wsss,Singapore,WSSS,2026-09-15,highest_temperature,exact,34.0,34.0,34.0,0.07,142.85714285714283,10.0,0.314277,0.244277,0.241022,0.05,0.003255,PAPER_BUY,CLOSED,2026-09-15T17:30:20.734913+00:00,LOSS,0.0,-10.0,-1.0,Polymarket Gamma market endpoint,no_resolved
paper-000122,2026-09-14T00:13:37.193335+00:00,4490522,paris|2026_09_14|highest_temperature|c|lfpb,Paris,LFPB,2026-09-14,highest_temperature,exact,27.0,27.0,27.0,0.09,111.11111111111111,10.0,0.321915,0.231915,0.22782,0.05,0.004095,PAPER_BUY,CLOSED,2026-09-14T23:30:01.492398+00:00,LOSS,0.0,-10.0,-1.0,Polymarket Gamma market endpoint,no_resolved
paper-000123,2026-09-14T00:13:37.209068+00:00,4530207,amsterdam|2026_09_15|highest_temperature|c|eham,Amsterdam,EHAM,2026-09-15,highest_temperature,exact,22.0,22.0,22.0,0.12,83.33333333333334,10.0,0.329068,0.209068,0.203788,0.05,0.00528,PAPER_BUY,CLOSED,2026-09-15T23:04:32.319677+00:00,LOSS,0.0,-10.0,-1.0,Polymarket Gamma market endpoint,no_resolved
paper-000124,2026-09-14T00:13:37.218114+00:00,4532416,karachi|2026_09_15|highest_temperature|c|opkc,Karachi,OPKC,2026-09-15,highest_temperature,exact,39.0,39.0,39.0,0.09,111.11111111111111,10.0,0.282658,0.192658,0.188563,0.05,0.004095,PAPER_BUY,CLOSED,2026-09-15T20:25:09.177444+00:00,LOSS,0.0,-10.0,-1.0,Polymarket Gamma market endpoint,no_resolved
paper-000125,2026-09-14T00:13:37.203037+00:00,4529733,london|2026_09_15|highest_temperature|c|eglc,London,EGLC,2026-09-15,highest_temperature,exact,19.0,19.0,19.0,0.009,1111.111111111111,10.0,0.194252,0.185252,0.184806,0.05,0.00044595,PAPER_BUY,CLOSED,2026-09-16T01:26:03.578578+00:00,LOSS,0.0,-10.0,-1.0,Polymarket Gamma market endpoint,no_resolved
paper-000126,2026-09-14T00:13:37.196165+00:00,4490665,warsaw|2026_09_14|highest_temperature|c|epwa,Warsaw,EPWA,2026-09-14,highest_temperature,exact,18.0,18.0,18.0,0.04,250.0,10.0,0.218701,0.178701,0.176781,0.05,0.00192,PAPER_BUY,CLOSED,2026-09-14T23:30:02.225069+00:00,LOSS,0.0,-10.0,-1.0,Polymarket Gamma market endpoint,no_resolved
paper-000127,2026-09-14T00:13:37.205388+00:00,4529890,lucknow|2026_09_15|highest_temperature|c|vilk,Lucknow,VILK,2026-09-15,highest_temperature,exact,31.0,31.0,31.0,0.07,142.85714285714283,10.0,0.248039,0.178039,0.174784,0.05,0.003255,PAPER_BUY,CLOSED,2026-09-15T20:25:09.511191+00:00,LOSS,0.0,-10.0,-1.0,Polymarket Gamma market endpoint,no_resolved
paper-000128,2026-09-14T00:13:37.194124+00:00,4490556,wellington|2026_09_14|highest_temperature|c|nzwn,Wellington,NZWN,2026-09-14,highest_temperature,exact,15.0,15.0,15.0,0.27,37.03703703703704,10.0,0.45441,0.18441,0.174555,0.05,0.009855,PAPER_BUY,CLOSED,2026-09-14T16:35:31.336799+00:00,LOSS,0.0,-10.0,-1.0,Polymarket Gamma market endpoint,no_resolved
paper-000129,2026-09-14T00:13:37.195157+00:00,4490623,shanghai|2026_09_14|highest_temperature|c|zspd,Shanghai,ZSPD,2026-09-14,highest_temperature,exact,31.0,31.0,31.0,0.006,1666.6666666666667,10.0,0.179591,0.173591,0.173293,0.05,0.0002982,PAPER_BUY,CLOSED,2026-09-14T16:35:31.419295+00:00,LOSS,0.0,-10.0,-1.0,Polymarket Gamma market endpoint,no_resolved
paper-000130,2026-09-14T00:13:37.198354+00:00,4490843,guangzhou|2026_09_14|highest_temperature|c|zggg,Guangzhou,ZGGG,2026-09-14,highest_temperature,or_higher,36.0,36.0,,0.08,125.0,10.0,0.245626,0.165626,0.161946,0.05,0.00368,PAPER_BUY,CLOSED,2026-09-14T16:35:31.514716+00:00,LOSS,0.0,-10.0,-1.0,Polymarket Gamma market endpoint,no_resolved
paper-000131,2026-09-14T00:13:37.187168+00:00,4489905,paris|2026_09_14|lowest_temperature|c|lfpb,Paris,LFPB,2026-09-14,lowest_temperature,exact,15.0,15.0,15.0,0.16,62.5,10.0,0.319282,0.159282,0.152562,0.05,0.00672,PAPER_BUY,CLOSED,2026-09-14T23:30:02.729467+00:00,LOSS,0.0,-10.0,-1.0,Polymarket Gamma market endpoint,no_resolved
paper-000132,2026-09-14T00:13:37.209060+00:00,4530206,amsterdam|2026_09_15|highest_temperature|c|eham,Amsterdam,EHAM,2026-09-15,highest_temperature,exact,21.0,21.0,21.0,0.05,200.0,10.0,0.196934,0.146934,0.144559,0.05,0.002375,PAPER_BUY,CLOSED,2026-09-15T23:04:32.698953+00:00,LOSS,0.0,-10.0,-1.0,Polymarket Gamma market endpoint,no_resolved
paper-000133,2026-09-14T00:13:37.206750+00:00,4529969,milan|2026_09_15|highest_temperature|c|limc,Milan,LIMC,2026-09-15,highest_temperature,exact,26.0,26.0,26.0,0.05,200.0,10.0,0.189893,0.139893,0.137518,0.05,0.002375,PAPER_BUY,CLOSED,2026-09-15T23:04:32.890980+00:00,LOSS,0.0,-10.0,-1.0,Polymarket Gamma market endpoint,no_resolved
paper-000134,2026-09-14T00:13:37.193327+00:00,4490521,paris|2026_09_14|highest_temperature|c|lfpb,Paris,LFPB,2026-09-14,highest_temperature,exact,26.0,26.0,26.0,0.009,1111.111111111111,10.0,0.140337,0.131337,0.130891,0.05,0.00044595,PAPER_BUY,CLOSED,2026-09-14T23:30:03.262853+00:00,LOSS,0.0,-10.0,-1.0,Polymarket Gamma market endpoint,no_resolved
paper-000135,2026-09-14T00:13:37.210455+00:00,4531203,seoul_incheon|2026_09_15|lowest_temperature|c|rksi,Seoul (Incheon),RKSI,2026-09-15,lowest_temperature,exact,15.0,15.0,15.0,0.16,62.5,10.0,0.288076,0.128076,0.121356,0.05,0.00672,PAPER_BUY,CLOSED,2026-09-15T17:30:21.608464+00:00,LOSS,0.0,-10.0,-1.0,Polymarket Gamma market endpoint,no_resolved
paper-000136,2026-09-14T00:13:37.188816+00:00,4489980,tokyo|2026_09_14|lowest_temperature|c|rjtt,Tokyo,RJTT,2026-09-14,lowest_temperature,exact,21.0,21.0,21.0,0.005,2000.0,10.0,0.126065,0.121065,0.120817,0.05,0.00024875,PAPER_BUY,CLOSED,2026-09-14T16:35:32.326213+00:00,LOSS,0.0,-10.0,-1.0,Polymarket Gamma market endpoint,no_resolved
paper-000137,2026-09-14T00:13:37.197299+00:00,4490783,amsterdam|2026_09_14|highest_temperature|c|eham,Amsterdam,EHAM,2026-09-14,highest_temperature,exact,21.0,21.0,21.0,0.12,83.33333333333334,10.0,0.245091,0.125091,0.119811,0.05,0.00528,PAPER_BUY,CLOSED,2026-09-14T23:30:03.669498+00:00,LOSS,0.0,-10.0,-1.0,Polymarket Gamma market endpoint,no_resolved
paper-000138,2026-09-14T00:13:37.193869+00:00,4490545,ankara|2026_09_14|highest_temperature|c|ltac,Ankara,LTAC,2026-09-14,highest_temperature,exact,28.0,28.0,28.0,0.019,526.3157894736843,10.0,0.136845,0.117845,0.116913,0.05,0.00093195,PAPER_BUY,CLOSED,2026-09-14T23:30:03.914504+00:00,LOSS,0.0,-10.0,-1.0,Polymarket Gamma market endpoint,no_resolved
paper-000139,2026-09-14T00:13:37.203837+00:00,4529784,seoul_incheon|2026_09_15|highest_temperature|c|rksi,Seoul (Incheon),RKSI,2026-09-15,highest_temperature,exact,27.0,27.0,27.0,0.08,125.0,10.0,0.197799,0.117799,0.114119,0.05,0.00368,PAPER_BUY,CLOSED,2026-09-15T17:30:21.790617+00:00,LOSS,0.0,-10.0,-1.0,Polymarket Gamma market endpoint,no_resolved
paper-000140,2026-09-14T16:35:25.451656+00:00,4529879,wellington|2026_09_15|highest_temperature|c|nzwn,Wellington,NZWN,2026-09-15,highest_temperature,exact,15.0,15.0,15.0,0.18,55.55555555555556,10.0,0.463677,0.283677,0.276297,0.05,0.00738,PAPER_BUY,CLOSED,2026-09-15T12:48:20.222193+00:00,WIN,55.55555556,45.55555556,4.55555556,Polymarket Gamma market endpoint,yes_resolved
paper-000141,2026-09-14T16:35:25.456358+00:00,4531160,london|2026_09_15|lowest_temperature|c|eglc,London,EGLC,2026-09-15,lowest_temperature,exact,15.0,15.0,15.0,0.21,47.61904761904762,10.0,0.477536,0.267536,0.259241,0.05,0.008295,PAPER_BUY,CLOSED,2026-09-16T01:26:03.806948+00:00,LOSS,0.0,-10.0,-1.0,Polymarket Gamma market endpoint,no_resolved
paper-000142,2026-09-14T16:35:25.464840+00:00,4532414,karachi|2026_09_15|highest_temperature|c|opkc,Karachi,OPKC,2026-09-15,highest_temperature,exact,37.0,37.0,37.0,0.08,125.0,10.0,0.341084,0.261084,0.257404,0.05,0.00368,PAPER_BUY,CLOSED,2026-09-15T20:25:09.897376+00:00,LOSS,0.0,-10.0,-1.0,Polymarket Gamma market endpoint,no_resolved
paper-000143,2026-09-14T16:35:25.473654+00:00,4547163,singapore|2026_09_16|highest_temperature|c|wsss,Singapore,WSSS,2026-09-16,highest_temperature,exact,34.0,34.0,34.0,0.06,166.66666666666669,10.0,0.316863,0.256863,0.254043,0.05,0.00282,PAPER_BUY,CLOSED,2026-09-16T16:43:12.160806+00:00,WIN,166.66666667,156.66666667,15.66666667,Polymarket Gamma market endpoint,yes_resolved
paper-000144,2026-09-14T16:35:25.474419+00:00,4547194,warsaw|2026_09_16|highest_temperature|c|epwa,Warsaw,EPWA,2026-09-16,highest_temperature,exact,23.0,23.0,23.0,0.06,166.66666666666669,10.0,0.297354,0.237354,0.234534,0.05,0.00282,PAPER_BUY,CLOSED,2026-09-17T00:47:43.835370+00:00,LOSS,0.0,-10.0,-1.0,Polymarket Gamma market endpoint,no_resolved
paper-000145,2026-09-14T16:35:25.465838+00:00,4546141,seoul_incheon|2026_09_16|lowest_temperature|c|rksi,Seoul (Incheon),RKSI,2026-09-16,lowest_temperature,exact,14.0,14.0,14.0,0.08,125.0,10.0,0.316872,0.236872,0.233192,0.05,0.00368,PAPER_BUY,CLOSED,2026-09-16T16:43:12.469173+00:00,LOSS,0.0,-10.0,-1.0,Polymarket Gamma market endpoint,no_resolved
paper-000146,2026-09-14T16:35:25.449628+00:00,4529735,london|2026_09_15|highest_temperature|c|eglc,London,EGLC,2026-09-15,highest_temperature,exact,21.0,21.0,21.0,0.07,142.85714285714283,10.0,0.303317,0.233317,0.230062,0.05,0.003255,PAPER_BUY,CLOSED,2026-09-16T01:26:04.268268+00:00,LOSS,0.0,-10.0,-1.0,Polymarket Gamma market endpoint,no_resolved
paper-000147,2026-09-14T16:35:25.472364+00:00,4547085,wellington|2026_09_16|highest_temperature|c|nzwn,Wellington,NZWN,2026-09-16,highest_temperature,exact,14.0,14.0,14.0,0.1,100.0,10.0,0.323897,0.223897,0.219397,0.05,0.0045,PAPER_BUY,CLOSED,2026-09-16T16:43:12.651248+00:00,LOSS,0.0,-10.0,-1.0,Polymarket Gamma market endpoint,no_resolved
paper-000148,2026-09-14T16:35:25.453453+00:00,4529987,madrid|2026_09_15|highest_temperature|c|lemd,Madrid,LEMD,2026-09-15,highest_temperature,exact,35.0,35.0,35.0,0.17,58.8235294117647,10.0,0.38152,0.21152,0.204465,0.05,0.007055,PAPER_BUY,CLOSED,2026-09-15T23:04:33.646775+00:00,LOSS,0.0,-10.0,-1.0,Polymarket Gamma market endpoint,no_resolved
paper-000149,2026-09-14T16:35:25.459780+00:00,4531499,singapore|2026_09_15|lowest_temperature|c|wsss,Singapore,WSSS,2026-09-15,lowest_temperature,exact,29.0,29.0,29.0,0.05,200.0,10.0,0.239345,0.189345,0.18697,0.05,0.002375,PAPER_BUY,CLOSED,2026-09-15T17:30:22.541128+00:00,LOSS,0.0,-10.0,-1.0,Polymarket Gamma market endpoint,no_resolved
paper-000150,2026-09-14T16:35:25.456350+00:00,4531159,london|2026_09_15|lowest_temperature|c|eglc,London,EGLC,2026-09-15,lowest_temperature,exact,14.0,14.0,14.0,0.07,142.85714285714283,10.0,0.257521,0.187521,0.184266,0.05,0.003255,PAPER_BUY,CLOSED,2026-09-16T01:26:04.786560+00:00,LOSS,0.0,-10.0,-1.0,Polymarket Gamma market endpoint,no_resolved
paper-000151,2026-09-14T16:35:25.443321+00:00,4490525,paris|2026_09_14|highest_temperature|c|lfpb,Paris,LFPB,2026-09-14,highest_temperature,exact,30.0,30.0,30.0,0.007,1428.5714285714284,10.0,0.186289,0.179289,0.178941,0.05,0.00034755,PAPER_BUY,CLOSED,2026-09-14T23:30:06.342259+00:00,LOSS,0.0,-10.0,-1.0,Polymarket Gamma market endpoint,no_resolved
paper-000152,2026-09-14T16:35:25.455713+00:00,4530219,helsinki|2026_09_15|highest_temperature|c|efhk,Helsinki,EFHK,2026-09-15,highest_temperature,exact,15.0,15.0,15.0,0.12,83.33333333333334,10.0,0.300502,0.180502,0.175222,0.05,0.00528,PAPER_BUY,CLOSED,2026-09-15T23:04:33.832601+00:00,LOSS,0.0,-10.0,-1.0,Polymarket Gamma market endpoint,no_resolved
paper-000153,2026-09-14T16:35:25.450389+00:00,4529783,seoul_incheon|2026_09_15|highest_temperature|c|rksi,Seoul (Incheon),RKSI,2026-09-15,highest_temperature,exact,26.0,26.0,26.0,0.11,90.9090909090909,10.0,0.284768,0.174768,0.169873,0.05,0.004895,PAPER_BUY,CLOSED,2026-09-15T17:30:23.007557+00:00,LOSS,0.0,-10.0,-1.0,Polymarket Gamma market endpoint,no_resolved
paper-000154,2026-09-14T20:36:48.270177+00:00,4547180,madrid|2026_09_16|highest_temperature|c|lemd,Madrid,LEMD,2026-09-16,highest_temperature,exact,27.0,27.0,27.0,0.08,125.0,10.0,0.415061,0.335061,0.331381,0.05,0.00368,PAPER_BUY,CLOSED,2026-09-17T00:47:43.890327+00:00,LOSS,0.0,-10.0,-1.0,Polymarket Gamma market endpoint,no_resolved
paper-000155,2026-09-14T20:36:48.231834+00:00,4490163,amsterdam|2026_09_14|lowest_temperature|c|eham,Amsterdam,EHAM,2026-09-14,lowest_temperature,exact,12.0,12.0,12.0,0.008,1250.0,10.0,0.305373,0.297373,0.296976,0.05,0.0003968,PAPER_BUY,CLOSED,2026-09-14T23:30:06.992384+00:00,LOSS,0.0,-10.0,-1.0,Polymarket Gamma market endpoint,no_resolved
paper-000156,2026-09-14T20:36:48.272946+00:00,4547336,kuala_lumpur|2026_09_16|highest_temperature|c|wmkk,Kuala Lumpur,WMKK,2026-09-16,highest_temperature,exact,35.0,35.0,35.0,0.06,166.66666666666669,10.0,0.278772,0.218772,0.215952,0.05,0.00282,PAPER_BUY,CLOSED,2026-09-16T16:43:12.950036+00:00,LOSS,0.0,-10.0,-1.0,Polymarket Gamma market endpoint,no_resolved
paper-000157,2026-09-14T20:36:48.269351+00:00,4547153,shanghai|2026_09_16|highest_temperature|c|zspd,Shanghai,ZSPD,2026-09-16,highest_temperature,exact,30.0,30.0,30.0,0.02,500.0,10.0,0.226879,0.206879,0.205899,0.05,0.00098,PAPER_BUY,CLOSED,2026-09-16T16:43:13.117412+00:00,LOSS,0.0,-10.0,-1.0,Polymarket Gamma market endpoint,no_resolved
paper-000158,2026-09-14T23:29:57.551117+00:00,4546304,madrid|2026_09_16|lowest_temperature|c|lemd,Madrid,LEMD,2026-09-16,lowest_temperature,or_lower,16.0,,16.0,0.12,83.33333333333334,10.0,0.470351,0.350351,0.345071,0.05,0.00528,PAPER_BUY,CLOSED,2026-09-17T00:47:44.059790+00:00,LOSS,0.0,-10.0,-1.0,Polymarket Gamma market endpoint,no_resolved
paper-000159,2026-09-14T23:29:57.527403+00:00,4529957,singapore|2026_09_15|highest_temperature|c|wsss,Singapore,WSSS,2026-09-15,highest_temperature,exact,32.0,32.0,32.0,0.16,62.5,10.0,0.362202,0.202202,0.195482,0.05,0.00672,PAPER_BUY,CLOSED,2026-09-15T17:30:23.494262+00:00,LOSS,0.0,-10.0,-1.0,Polymarket Gamma market endpoint,no_resolved
paper-000160,2026-09-14T23:29:57.562741+00:00,4547312,amsterdam|2026_09_16|highest_temperature|c|eham,Amsterdam,EHAM,2026-09-16,highest_temperature,exact,17.0,17.0,17.0,0.05,200.0,10.0,0.225467,0.175467,0.173092,0.05,0.002375,PAPER_BUY,CLOSED,2026-09-17T00:47:44.246720+00:00,LOSS,0.0,-10.0,-1.0,Polymarket Gamma market endpoint,no_resolved
paper-000161,2026-09-14T23:29:57.537653+00:00,4531486,shanghai|2026_09_15|lowest_temperature|c|zspd,Shanghai,ZSPD,2026-09-15,lowest_temperature,exact,23.0,23.0,23.0,0.12,83.33333333333334,10.0,0.297729,0.177729,0.172449,0.05,0.00528,PAPER_BUY,CLOSED,2026-09-15T17:30:23.678113+00:00,LOSS,0.0,-10.0,-1.0,Polymarket Gamma market endpoint,no_resolved
paper-000162,2026-09-14T23:29:57.522592+00:00,4529749,paris|2026_09_15|highest_temperature|c|lfpb,Paris,LFPB,2026-09-15,highest_temperature,exact,34.0,34.0,34.0,0.1,100.0,10.0,0.266605,0.166605,0.162105,0.05,0.0045,PAPER_BUY,CLOSED,2026-09-15T23:04:34.501581+00:00,LOSS,0.0,-10.0,-1.0,Polymarket Gamma market endpoint,no_resolved
paper-000163,2026-09-14T23:29:57.527037+00:00,4529948,shanghai|2026_09_15|highest_temperature|c|zspd,Shanghai,ZSPD,2026-09-15,highest_temperature,exact,30.0,30.0,30.0,0.017,588.2352941176471,10.0,0.179493,0.162493,0.161657,0.05,0.00083555,PAPER_BUY,CLOSED,2026-09-15T17:30:23.885727+00:00,LOSS,0.0,-10.0,-1.0,Polymarket Gamma market endpoint,no_resolved
paper-000164,2026-09-14T23:29:57.559037+00:00,4547127,tokyo|2026_09_16|highest_temperature|c|rjtt,Tokyo,RJTT,2026-09-16,highest_temperature,exact,22.0,22.0,22.0,0.05,200.0,10.0,0.210454,0.160454,0.158079,0.05,0.002375,PAPER_BUY,CLOSED,2026-09-16T16:43:13.508190+00:00,LOSS,0.0,-10.0,-1.0,Polymarket Gamma market endpoint,no_resolved
paper-000165,2026-09-14T23:29:57.552193+00:00,4546456,beijing|2026_09_16|lowest_temperature|c|zbaa,Beijing,ZBAA,2026-09-16,lowest_temperature,exact,18.0,18.0,18.0,0.11,90.9090909090909,10.0,0.267045,0.157045,0.15215,0.05,0.004895,PAPER_BUY,CLOSED,2026-09-16T16:43:13.584313+00:00,LOSS,0.0,-10.0,-1.0,Polymarket Gamma market endpoint,no_resolved
paper-000166,2026-09-14T23:29:57.557055+00:00,4547065,seoul_incheon|2026_09_16|highest_temperature|c|rksi,Seoul (Incheon),RKSI,2026-09-16,highest_temperature,exact,29.0,29.0,29.0,0.03,333.33333333333337,10.0,0.182998,0.152998,0.151543,0.05,0.001455,PAPER_BUY,CLOSED,2026-09-16T16:43:13.751427+00:00,LOSS,0.0,-10.0,-1.0,Polymarket Gamma market endpoint,no_resolved
paper-000167,2026-09-14T23:29:57.556205+00:00,4547039,london|2026_09_16|highest_temperature|c|eglc,London,EGLC,2026-09-16,highest_temperature,exact,18.0,18.0,18.0,0.05,200.0,10.0,0.203917,0.153917,0.151542,0.05,0.002375,PAPER_BUY,CLOSED,2026-09-17T00:47:44.412373+00:00,LOSS,0.0,-10.0,-1.0,Polymarket Gamma market endpoint,no_resolved
paper-000168,2026-09-14T23:29:57.525060+00:00,4529872,ankara|2026_09_15|highest_temperature|c|ltac,Ankara,LTAC,2026-09-15,highest_temperature,exact,27.0,27.0,27.0,0.016,625.0,10.0,0.168208,0.152208,0.151421,0.05,0.0007872,PAPER_BUY,CLOSED,2026-09-15T23:04:34.910798+00:00,LOSS,0.0,-10.0,-1.0,Polymarket Gamma market endpoint,no_resolved
paper-000169,2026-09-14T23:29:57.559876+00:00,4547164,singapore|2026_09_16|highest_temperature|c|wsss,Singapore,WSSS,2026-09-16,highest_temperature,exact,35.0,35.0,35.0,0.01,1000.0,10.0,0.160096,0.150096,0.149601,0.05,0.000495,PAPER_BUY,CLOSED,2026-09-16T16:43:13.945230+00:00,LOSS,0.0,-10.0,-1.0,Polymarket Gamma market endpoint,no_resolved
paper-000170,2026-09-14T23:29:57.560225+00:00,4547172,milan|2026_09_16|highest_temperature|c|limc,Milan,LIMC,2026-09-16,highest_temperature,exact,26.0,26.0,26.0,0.13,76.92307692307692,10.0,0.28147,0.15147,0.145815,0.05,0.005655,PAPER_BUY,CLOSED,2026-09-17T00:47:44.558564+00:00,LOSS,0.0,-10.0,-1.0,Polymarket Gamma market endpoint,no_resolved
paper-000171,2026-09-14T23:29:57.546690+00:00,4546120,london|2026_09_16|lowest_temperature|c|eglc,London,EGLC,2026-09-16,lowest_temperature,exact,12.0,12.0,12.0,0.2,50.0,10.0,0.351301,0.151301,0.143301,0.05,0.008,PAPER_BUY,CLOSED,2026-09-17T00:47:44.690345+00:00,LOSS,0.0,-10.0,-1.0,Polymarket Gamma market endpoint,no_resolved
paper-000172,2026-09-14T23:29:57.557405+00:00,4547073,ankara|2026_09_16|highest_temperature|c|ltac,Ankara,LTAC,2026-09-16,highest_temperature,exact,23.0,23.0,23.0,0.08,125.0,10.0,0.219605,0.139605,0.135925,0.05,0.00368,PAPER_BUY,CLOSED,2026-09-16T22:24:15.704613+00:00,WIN,125.0,115.0,11.5,Polymarket Gamma market endpoint,yes_resolved
paper-000173,2026-09-14T23:29:57.527024+00:00,4529947,shanghai|2026_09_15|highest_temperature|c|zspd,Shanghai,ZSPD,2026-09-15,highest_temperature,exact,29.0,29.0,29.0,0.16,62.5,10.0,0.301066,0.141066,0.134346,0.05,0.00672,PAPER_BUY,CLOSED,2026-09-15T17:30:24.946822+00:00,LOSS,0.0,-10.0,-1.0,Polymarket Gamma market endpoint,no_resolved
paper-000174,2026-09-15T01:50:46.395119+00:00,4530242,kuala_lumpur|2026_09_15|highest_temperature|c|wmkk,Kuala Lumpur,WMKK,2026-09-15,highest_temperature,exact,35.0,35.0,35.0,0.05,200.0,10.0,0.349013,0.299013,0.296638,0.05,0.002375,PAPER_BUY,CLOSED,2026-09-15T17:30:25.126070+00:00,LOSS,0.0,-10.0,-1.0,Polymarket Gamma market endpoint,no_resolved
paper-000175,2026-09-15T01:50:46.420722+00:00,4547098,lucknow|2026_09_16|highest_temperature|c|vilk,Lucknow,VILK,2026-09-16,highest_temperature,exact,30.0,30.0,30.0,0.04,250.0,10.0,0.290099,0.250099,0.248179,0.05,0.00192,PAPER_BUY,CLOSED,2026-09-16T19:44:25.272957+00:00,LOSS,0.0,-10.0,-1.0,Polymarket Gamma market endpoint,no_resolved
paper-000176,2026-09-15T01:50:46.391321+00:00,4529997,warsaw|2026_09_15|highest_temperature|c|epwa,Warsaw,EPWA,2026-09-15,highest_temperature,exact,18.0,18.0,18.0,0.03,333.33333333333337,10.0,0.248595,0.218595,0.21714,0.05,0.001455,PAPER_BUY,CLOSED,2026-09-15T23:04:35.701904+00:00,LOSS,0.0,-10.0,-1.0,Polymarket Gamma market endpoint,no_resolved
paper-000177,2026-09-15T01:50:46.408015+00:00,4532391,guangzhou|2026_09_15|highest_temperature|c|zggg,Guangzhou,ZGGG,2026-09-15,highest_temperature,exact,31.0,31.0,31.0,0.02,500.0,10.0,0.213852,0.193852,0.192872,0.05,0.00098,PAPER_BUY,CLOSED,2026-09-15T17:30:25.532907+00:00,LOSS,0.0,-10.0,-1.0,Polymarket Gamma market endpoint,no_resolved
paper-000178,2026-09-15T01:50:46.408027+00:00,4532392,guangzhou|2026_09_15|highest_temperature|c|zggg,Guangzhou,ZGGG,2026-09-15,highest_temperature,exact,32.0,32.0,32.0,0.08,125.0,10.0,0.258265,0.178265,0.174585,0.05,0.00368,PAPER_BUY,CLOSED,2026-09-15T17:30:25.668959+00:00,LOSS,0.0,-10.0,-1.0,Polymarket Gamma market endpoint,no_resolved
paper-000179,2026-09-15T12:48:18.401204+00:00,4576237,ankara|2026_09_17|highest_temperature|c|ltac,Ankara,LTAC,2026-09-17,highest_temperature,or_higher,24.0,24.0,,0.09,111.11111111111111,10.0,0.505606,0.415606,0.411511,0.05,0.004095,PAPER_BUY,CLOSED,2026-09-17T22:21:24.132930+00:00,LOSS,0.0,-10.0,-1.0,Polymarket Gamma market endpoint,no_resolved
paper-000180,2026-09-15T12:48:18.360416+00:00,4532412,karachi|2026_09_15|highest_temperature|c|opkc,Karachi,OPKC,2026-09-15,highest_temperature,exact,35.0,35.0,35.0,0.008,1250.0,10.0,0.352964,0.344964,0.344567,0.05,0.0003968,PAPER_BUY,CLOSED,2026-09-15T20:25:12.369974+00:00,LOSS,0.0,-10.0,-1.0,Polymarket Gamma market endpoint,no_resolved
paper-000181,2026-09-15T17:30:20.018738+00:00,4547076,ankara|2026_09_16|highest_temperature|c|ltac,Ankara,LTAC,2026-09-16,highest_temperature,exact,26.0,26.0,26.0,0.06,166.66666666666669,10.0,0.329759,0.269759,0.266939,0.05,0.00282,PAPER_BUY,CLOSED,2026-09-16T22:24:16.161860+00:00,LOSS,0.0,-10.0,-1.0,Polymarket Gamma market endpoint,no_resolved
paper-000182,2026-09-15T17:30:20.013028+00:00,4546234,shanghai|2026_09_16|lowest_temperature|c|zspd,Shanghai,ZSPD,2026-09-16,lowest_temperature,exact,21.0,21.0,21.0,0.05,200.0,10.0,0.29772,0.24772,0.245345,0.05,0.002375,PAPER_BUY,CLOSED,2026-09-16T16:43:14.657993+00:00,WIN,200.0,190.0,19.0,Polymarket Gamma market endpoint,yes_resolved
paper-000183,2026-09-15T17:30:20.037388+00:00,4576223,seoul_incheon|2026_09_17|highest_temperature|c|rksi,Seoul (Incheon),RKSI,2026-09-17,highest_temperature,exact,29.0,29.0,29.0,0.04,250.0,10.0,0.264207,0.224207,0.222287,0.05,0.00192,PAPER_BUY,CLOSED,2026-09-17T15:33:07.980410+00:00,LOSS,0.0,-10.0,-1.0,Polymarket Gamma market endpoint,no_resolved
paper-000184,2026-09-15T17:30:20.018151+00:00,4547053,paris|2026_09_16|highest_temperature|c|lfpb,Paris,LFPB,2026-09-16,highest_temperature,exact,24.0,24.0,24.0,0.04,250.0,10.0,0.263101,0.223101,0.221181,0.05,0.00192,PAPER_BUY,CLOSED,2026-09-17T00:47:44.916034+00:00,LOSS,0.0,-10.0,-1.0,Polymarket Gamma market endpoint,no_resolved
paper-000185,2026-09-15T17:30:20.006090+00:00,4531293,ankara|2026_09_15|lowest_temperature|c|ltac,Ankara,LTAC,2026-09-15,lowest_temperature,exact,7.0,7.0,7.0,0.008,1250.0,10.0,0.223362,0.215362,0.214965,0.05,0.0003968,PAPER_BUY,CLOSED,2026-09-15T23:04:36.506101+00:00,LOSS,0.0,-10.0,-1.0,Polymarket Gamma market endpoint,no_resolved
paper-000186,2026-09-15T17:30:20.018746+00:00,4547077,ankara|2026_09_16|highest_temperature|c|ltac,Ankara,LTAC,2026-09-16,highest_temperature,exact,27.0,27.0,27.0,0.04,250.0,10.0,0.250494,0.210494,0.208574,0.05,0.00192,PAPER_BUY,CLOSED,2026-09-16T22:24:16.449450+00:00,LOSS,0.0,-10.0,-1.0,Polymarket Gamma market endpoint,no_resolved
paper-000187,2026-09-15T17:30:20.042242+00:00,4576525,kuala_lumpur|2026_09_17|highest_temperature|c|wmkk,Kuala Lumpur,WMKK,2026-09-17,highest_temperature,exact,35.0,35.0,35.0,0.04,250.0,10.0,0.248626,0.208626,0.206706,0.05,0.00192,PAPER_BUY,CLOSED,2026-09-17T19:17:36.660606+00:00,LOSS,0.0,-10.0,-1.0,Polymarket Gamma market endpoint,no_resolved
paper-000188,2026-09-15T17:30:20.029735+00:00,4575634,london|2026_09_17|lowest_temperature|c|eglc,London,EGLC,2026-09-17,lowest_temperature,exact,13.0,13.0,13.0,0.14,71.42857142857142,10.0,0.331394,0.191394,0.185374,0.05,0.00602,PAPER_BUY,CLOSED,2026-09-18T00:39:06.655861+00:00,LOSS,0.0,-10.0,-1.0,Polymarket Gamma market endpoint,no_resolved
paper-000189,2026-09-15T17:30:20.011291+00:00,4546142,seoul_incheon|2026_09_16|lowest_temperature|c|rksi,Seoul (Incheon),RKSI,2026-09-16,lowest_temperature,exact,15.0,15.0,15.0,0.23,43.47826086956522,10.0,0.421883,0.191883,0.183028,0.05,0.008855,PAPER_BUY,CLOSED,2026-09-16T16:43:15.375838+00:00,LOSS,0.0,-10.0,-1.0,Polymarket Gamma market endpoint,no_resolved
paper-000190,2026-09-15T17:30:20.042234+00:00,4576524,kuala_lumpur|2026_09_17|highest_temperature|c|wmkk,Kuala Lumpur,WMKK,2026-09-17,highest_temperature,exact,34.0,34.0,34.0,0.14,71.42857142857142,10.0,0.320238,0.180238,0.174218,0.05,0.00602,PAPER_BUY,CLOSED,2026-09-17T19:17:36.860161+00:00,LOSS,0.0,-10.0,-1.0,Polymarket Gamma market endpoint,no_resolved
paper-000191,2026-09-15T17:30:20.039110+00:00,4576310,shanghai|2026_09_17|highest_temperature|c|zspd,Shanghai,ZSPD,2026-09-17,highest_temperature,exact,30.0,30.0,30.0,0.04,250.0,10.0,0.213397,0.173397,0.171477,0.05,0.00192,PAPER_BUY,CLOSED,2026-09-17T19:17:37.060912+00:00,LOSS,0.0,-10.0,-1.0,Polymarket Gamma market endpoint,no_resolved
paper-000192,2026-09-15T17:30:20.038535+00:00,4576266,munich|2026_09_17|highest_temperature|c|eddm,Munich,EDDM,2026-09-17,highest_temperature,exact,22.0,22.0,22.0,0.07,142.85714285714283,10.0,0.236642,0.166642,0.163387,0.05,0.003255,PAPER_BUY,CLOSED,2026-09-18T00:39:06.843831+00:00,LOSS,0.0,-10.0,-1.0,Polymarket Gamma market endpoint,no_resolved
paper-000193,2026-09-15T20:25:08.228439+00:00,4547387,karachi|2026_09_16|highest_temperature|c|opkc,Karachi,OPKC,2026-09-16,highest_temperature,exact,31.0,31.0,31.0,0.04,250.0,10.0,0.353073,0.313073,0.311153,0.05,0.00192,PAPER_BUY,CLOSED,2026-09-16T19:44:26.590712+00:00,LOSS,0.0,-10.0,-1.0,Polymarket Gamma market endpoint,no_resolved
paper-000194,2026-09-15T20:25:08.242262+00:00,4576242,wellington|2026_09_17|highest_temperature|c|nzwn,Wellington,NZWN,2026-09-17,highest_temperature,exact,13.0,13.0,13.0,0.07,142.85714285714283,10.0,0.370464,0.300464,0.297209,0.05,0.003255,PAPER_BUY,CLOSED,2026-09-17T15:33:08.749226+00:00,LOSS,0.0,-10.0,-1.0,Polymarket Gamma market endpoint,no_resolved
paper-000195,2026-09-15T20:25:08.228448+00:00,4547388,karachi|2026_09_16|highest_temperature|c|opkc,Karachi,OPKC,2026-09-16,highest_temperature,exact,32.0,32.0,32.0,0.04,250.0,10.0,0.328238,0.288238,0.286318,0.05,0.00192,PAPER_BUY,CLOSED,2026-09-16T19:44:26.776152+00:00,LOSS,0.0,-10.0,-1.0,Polymarket Gamma market endpoint,no_resolved
paper-000196,2026-09-15T20:25:08.234954+00:00,4575664,ankara|2026_09_17|lowest_temperature|c|ltac,Ankara,LTAC,2026-09-17,lowest_temperature,or_lower,11.0,,11.0,0.09,111.11111111111111,10.0,0.359265,0.269265,0.26517,0.05,0.004095,PAPER_BUY,CLOSED,2026-09-17T22:21:24.500439+00:00,LOSS,0.0,-10.0,-1.0,Polymarket Gamma market endpoint,no_resolved
paper-000197,2026-09-15T20:25:08.227161+00:00,4547326,helsinki|2026_09_16|highest_temperature|c|efhk,Helsinki,EFHK,2026-09-16,highest_temperature,exact,18.0,18.0,18.0,0.03,333.33333333333337,10.0,0.273099,0.243099,0.241644,0.05,0.001455,PAPER_BUY,CLOSED,2026-09-16T22:24:17.423218+00:00,LOSS,0.0,-10.0,-1.0,Polymarket Gamma market endpoint,no_resolved
paper-000198,2026-09-15T23:04:31.821385+00:00,4575748,shanghai|2026_09_17|lowest_temperature|c|zspd,Shanghai,ZSPD,2026-09-17,lowest_temperature,exact,24.0,24.0,24.0,0.07,142.85714285714283,10.0,0.269366,0.199366,0.196111,0.05,0.003255,PAPER_BUY,CLOSED,2026-09-17T19:17:37.439502+00:00,LOSS,0.0,-10.0,-1.0,Polymarket Gamma market endpoint,no_resolved
paper-000199,2026-09-15T23:04:31.812811+00:00,4547075,ankara|2026_09_16|highest_temperature|c|ltac,Ankara,LTAC,2026-09-16,highest_temperature,exact,25.0,25.0,25.0,0.14,71.42857142857142,10.0,0.318508,0.178508,0.172488,0.05,0.00602,PAPER_BUY,CLOSED,2026-09-16T22:24:17.762318+00:00,LOSS,0.0,-10.0,-1.0,Polymarket Gamma market endpoint,no_resolved
paper-000200,2026-09-15T23:04:31.826253+00:00,4576329,singapore|2026_09_17|highest_temperature|c|wsss,Singapore,WSSS,2026-09-17,highest_temperature,exact,31.0,31.0,31.0,0.04,250.0,10.0,0.191359,0.151359,0.149439,0.05,0.00192,PAPER_BUY,CLOSED,2026-09-17T19:17:37.577332+00:00,LOSS,0.0,-10.0,-1.0,Polymarket Gamma market endpoint,no_resolved
paper-000201,2026-09-15T23:04:31.816519+00:00,4547386,karachi|2026_09_16|highest_temperature|c|opkc,Karachi,OPKC,2026-09-16,highest_temperature,exact,30.0,30.0,30.0,0.018,555.5555555555555,10.0,0.163368,0.145368,0.144484,0.05,0.0008838,PAPER_BUY,CLOSED,2026-09-16T19:44:27.523655+00:00,LOSS,0.0,-10.0,-1.0,Polymarket Gamma market endpoint,no_resolved
paper-000202,2026-09-15T23:04:31.825287+00:00,4576241,wellington|2026_09_17|highest_temperature|c|nzwn,Wellington,NZWN,2026-09-17,highest_temperature,exact,12.0,12.0,12.0,0.03,333.33333333333337,10.0,0.169685,0.139685,0.13823,0.05,0.001455,PAPER_BUY,CLOSED,2026-09-17T15:33:09.050981+00:00,LOSS,0.0,-10.0,-1.0,Polymarket Gamma market endpoint,no_resolved
paper-000203,2026-09-15T23:04:31.825695+00:00,4576267,munich|2026_09_17|highest_temperature|c|eddm,Munich,EDDM,2026-09-17,highest_temperature,exact,23.0,23.0,23.0,0.03,333.33333333333337,10.0,0.159078,0.129078,0.127623,0.05,0.001455,PAPER_BUY,CLOSED,2026-09-18T00:39:07.013960+00:00,LOSS,0.0,-10.0,-1.0,Polymarket Gamma market endpoint,no_resolved
paper-000204,2026-09-15T23:04:31.822452+00:00,4575823,beijing|2026_09_17|lowest_temperature|c|zbaa,Beijing,ZBAA,2026-09-17,lowest_temperature,exact,19.0,19.0,19.0,0.15,66.66666666666667,10.0,0.282397,0.132397,0.126022,0.05,0.006375,PAPER_BUY,CLOSED,2026-09-17T19:17:37.908333+00:00,LOSS,0.0,-10.0,-1.0,Polymarket Gamma market endpoint,no_resolved
paper-000205,2026-09-15T23:04:31.824494+00:00,4576198,london|2026_09_17|highest_temperature|c|eglc,London,EGLC,2026-09-17,highest_temperature,exact,19.0,19.0,19.0,0.08,125.0,10.0,0.209021,0.129021,0.125341,0.05,0.00368,PAPER_BUY,CLOSED,2026-09-18T00:39:07.189264+00:00,LOSS,0.0,-10.0,-1.0,Polymarket Gamma market endpoint,no_resolved
paper-000206,2026-09-15T23:04:31.812507+00:00,4547064,seoul_incheon|2026_09_16|highest_temperature|c|rksi,Seoul (Incheon),RKSI,2026-09-16,highest_temperature,exact,28.0,28.0,28.0,0.15,66.66666666666667,10.0,0.281565,0.131565,0.12519,0.05,0.006375,PAPER_BUY,CLOSED,2026-09-16T16:43:17.493627+00:00,LOSS,0.0,-10.0,-1.0,Polymarket Gamma market endpoint,no_resolved
paper-000207,2026-09-15T23:04:31.816257+00:00,4547368,guangzhou|2026_09_16|highest_temperature|c|zggg,Guangzhou,ZGGG,2026-09-16,highest_temperature,exact,30.0,30.0,30.0,0.07,142.85714285714283,10.0,0.198048,0.128048,0.124793,0.05,0.003255,PAPER_BUY,CLOSED,2026-09-16T16:43:17.549945+00:00,LOSS,0.0,-10.0,-1.0,Polymarket Gamma market endpoint,no_resolved
paper-000208,2026-09-16T01:26:03.049644+00:00,4547337,kuala_lumpur|2026_09_16|highest_temperature|c|wmkk,Kuala Lumpur,WMKK,2026-09-16,highest_temperature,exact,36.0,36.0,36.0,0.008,1250.0,10.0,0.343941,0.335941,0.335544,0.05,0.0003968,PAPER_BUY,CLOSED,2026-09-16T16:43:17.609220+00:00,LOSS,0.0,-10.0,-1.0,Polymarket Gamma market endpoint,no_resolved
paper-000209,2026-09-16T01:26:03.078126+00:00,4576577,karachi|2026_09_17|highest_temperature|c|opkc,Karachi,OPKC,2026-09-17,highest_temperature,exact,32.0,32.0,32.0,0.07,142.85714285714283,10.0,0.328023,0.258023,0.254768,0.05,0.003255,PAPER_BUY,CLOSED,2026-09-17T22:21:24.980498+00:00,LOSS,0.0,-10.0,-1.0,Polymarket Gamma market endpoint,no_resolved
paper-000210,2026-09-16T01:26:03.076690+00:00,4576526,kuala_lumpur|2026_09_17|highest_temperature|c|wmkk,Kuala Lumpur,WMKK,2026-09-17,highest_temperature,exact,36.0,36.0,36.0,0.02,500.0,10.0,0.213713,0.193713,0.192733,0.05,0.00098,PAPER_BUY,CLOSED,2026-09-17T19:17:38.308093+00:00,LOSS,0.0,-10.0,-1.0,Polymarket Gamma market endpoint,no_resolved
paper-000211,2026-09-16T01:26:03.049656+00:00,4547338,kuala_lumpur|2026_09_16|highest_temperature|c|wmkk,Kuala Lumpur,WMKK,2026-09-16,highest_temperature,exact,37.0,37.0,37.0,0.006,1666.6666666666667,10.0,0.183136,0.177136,0.176838,0.05,0.0002982,PAPER_BUY,CLOSED,2026-09-16T16:43:17.968874+00:00,LOSS,0.0,-10.0,-1.0,Polymarket Gamma market endpoint,no_resolved
paper-000212,2026-09-16T01:26:03.051076+00:00,4547389,karachi|2026_09_16|highest_temperature|c|opkc,Karachi,OPKC,2026-09-16,highest_temperature,exact,33.0,33.0,33.0,0.19,52.63157894736842,10.0,0.365599,0.175599,0.167904,0.05,0.007695,PAPER_BUY,CLOSED,2026-09-16T19:44:28.617926+00:00,LOSS,0.0,-10.0,-1.0,Polymarket Gamma market endpoint,no_resolved
paper-000213,2026-09-16T16:43:11.778079+00:00,4546121,london|2026_09_16|lowest_temperature|c|eglc,London,EGLC,2026-09-16,lowest_temperature,exact,13.0,13.0,13.0,0.02,500.0,10.0,0.454684,0.434684,0.433704,0.05,0.00098,PAPER_BUY,CLOSED,2026-09-17T00:47:46.281051+00:00,LOSS,0.0,-10.0,-1.0,Polymarket Gamma market endpoint,no_resolved
paper-000214,2026-09-16T16:43:11.835167+00:00,4606315,singapore|2026_09_18|highest_temperature|c|wsss,Singapore,WSSS,2026-09-18,highest_temperature,exact,34.0,34.0,34.0,0.04,250.0,10.0,0.335502,0.295502,0.293582,0.05,0.00192,PAPER_BUY,CLOSED,2026-09-18T17:42:03.802922+00:00,LOSS,0.0,-10.0,-1.0,Polymarket Gamma market endpoint,no_resolved
paper-000215,2026-09-16T16:43:11.778584+00:00,4546129,paris|2026_09_16|lowest_temperature|c|lfpb,Paris,LFPB,2026-09-16,lowest_temperature,exact,13.0,13.0,13.0,0.05,200.0,10.0,0.341917,0.291917,0.289542,0.05,0.002375,PAPER_BUY,CLOSED,2026-09-17T00:47:46.497757+00:00,LOSS,0.0,-10.0,-1.0,Polymarket Gamma market endpoint,no_resolved
paper-000216,2026-09-16T16:43:11.834780+00:00,4606305,shanghai|2026_09_18|highest_temperature|c|zspd,Shanghai,ZSPD,2026-09-18,highest_temperature,exact,32.0,32.0,32.0,0.03,333.33333333333337,10.0,0.299932,0.269932,0.268477,0.05,0.001455,PAPER_BUY,CLOSED,2026-09-18T17:42:03.861230+00:00,LOSS,0.0,-10.0,-1.0,Polymarket Gamma market endpoint,no_resolved
paper-000217,2026-09-16T16:43:11.834770+00:00,4606304,shanghai|2026_09_18|highest_temperature|c|zspd,Shanghai,ZSPD,2026-09-18,highest_temperature,exact,31.0,31.0,31.0,0.06,166.66666666666669,10.0,0.302136,0.242136,0.239316,0.05,0.00282,PAPER_BUY,CLOSED,2026-09-18T17:42:03.931918+00:00,LOSS,0.0,-10.0,-1.0,Polymarket Gamma market endpoint,no_resolved
paper-000218,2026-09-16T16:43:11.832793+00:00,4606224,ankara|2026_09_18|highest_temperature|c|ltac,Ankara,LTAC,2026-09-18,highest_temperature,exact,21.0,21.0,21.0,0.05,200.0,10.0,0.2867,0.2367,0.234325,0.05,0.002375,PAPER_BUY,CLOSED,2026-09-18T22:28:40.250354+00:00,LOSS,0.0,-10.0,-1.0,Polymarket Gamma market endpoint,no_resolved
paper-000219,2026-09-16T16:43:11.812357+00:00,4576513,helsinki|2026_09_17|highest_temperature|c|efhk,Helsinki,EFHK,2026-09-17,highest_temperature,exact,18.0,18.0,18.0,0.04,250.0,10.0,0.25803,0.21803,0.21611,0.05,0.00192,PAPER_BUY,CLOSED,2026-09-17T22:21:25.862594+00:00,LOSS,0.0,-10.0,-1.0,Polymarket Gamma market endpoint,no_resolved
paper-000220,2026-09-16T16:43:11.833181+00:00,4606235,wellington|2026_09_18|highest_temperature|c|nzwn,Wellington,NZWN,2026-09-18,highest_temperature,exact,13.0,13.0,13.0,0.09,111.11111111111111,10.0,0.303874,0.213874,0.209779,0.05,0.004095,PAPER_BUY,CLOSED,2026-09-18T14:09:32.736541+00:00,LOSS,0.0,-10.0,-1.0,Polymarket Gamma market endpoint,no_resolved
paper-000221,2026-09-16T16:43:11.832437+00:00,4606216,seoul_incheon|2026_09_18|highest_temperature|c|rksi,Seoul (Incheon),RKSI,2026-09-18,highest_temperature,exact,31.0,31.0,31.0,0.006,1666.6666666666667,10.0,0.212925,0.206925,0.206627,0.05,0.0002982,PAPER_BUY,CLOSED,2026-09-18T17:42:04.205553+00:00,LOSS,0.0,-10.0,-1.0,Polymarket Gamma market endpoint,no_resolved
paper-000222,2026-09-16T16:43:11.807074+00:00,4576254,lucknow|2026_09_17|highest_temperature|c|vilk,Lucknow,VILK,2026-09-17,highest_temperature,exact,32.0,32.0,32.0,0.07,142.85714285714283,10.0,0.277551,0.207551,0.204296,0.05,0.003255,PAPER_BUY,CLOSED,2026-09-17T19:17:39.300487+00:00,LOSS,0.0,-10.0,-1.0,Polymarket Gamma market endpoint,no_resolved
paper-000223,2026-09-16T16:43:11.832427+00:00,4606215,seoul_incheon|2026_09_18|highest_temperature|c|rksi,Seoul (Incheon),RKSI,2026-09-18,highest_temperature,exact,30.0,30.0,30.0,0.06,166.66666666666669,10.0,0.263549,0.203549,0.200729,0.05,0.00282,PAPER_BUY,CLOSED,2026-09-18T17:42:04.271891+00:00,LOSS,0.0,-10.0,-1.0,Polymarket Gamma market endpoint,no_resolved
paper-000224,2026-09-16T16:43:11.778571+00:00,4546128,paris|2026_09_16|lowest_temperature|c|lfpb,Paris,LFPB,2026-09-16,lowest_temperature,exact,12.0,12.0,12.0,0.03,333.33333333333337,10.0,0.230493,0.200493,0.199038,0.05,0.001455,PAPER_BUY,CLOSED,2026-09-17T00:47:47.495749+00:00,LOSS,0.0,-10.0,-1.0,Polymarket Gamma market endpoint,no_resolved
paper-000225,2026-09-16T16:43:11.785924+00:00,4547196,warsaw|2026_09_16|highest_temperature|c|epwa,Warsaw,EPWA,2026-09-16,highest_temperature,exact,25.0,25.0,25.0,0.003,3333.3333333333335,10.0,0.200262,0.197262,0.197113,0.05,0.00014955,PAPER_BUY,CLOSED,2026-09-17T00:47:47.546575+00:00,LOSS,0.0,-10.0,-1.0,Polymarket Gamma market endpoint,no_resolved
paper-000226,2026-09-16T16:43:11.835178+00:00,4606316,singapore|2026_09_18|highest_temperature|c|wsss,Singapore,WSSS,2026-09-18,highest_temperature,exact,35.0,35.0,35.0,0.009,1111.111111111111,10.0,0.196009,0.187009,0.186563,0.05,0.00044595,PAPER_BUY,CLOSED,2026-09-18T17:42:04.342632+00:00,LOSS,0.0,-10.0,-1.0,Polymarket Gamma market endpoint,no_resolved
paper-000227,2026-09-16T16:43:11.838985+00:00,4606488,kuala_lumpur|2026_09_18|highest_temperature|c|wmkk,Kuala Lumpur,WMKK,2026-09-18,highest_temperature,exact,35.0,35.0,35.0,0.13,76.92307692307692,10.0,0.320238,0.190238,0.184583,0.05,0.005655,PAPER_BUY,CLOSED,2026-09-18T17:42:04.404833+00:00,LOSS,0.0,-10.0,-1.0,Polymarket Gamma market endpoint,no_resolved
paper-000228,2026-09-16T19:44:24.279065+00:00,4605606,madrid|2026_09_18|lowest_temperature|c|lemd,Madrid,LEMD,2026-09-18,lowest_temperature,or_lower,12.0,,12.0,0.14,71.42857142857142,10.0,0.329178,0.189178,0.183158,0.05,0.00602,PAPER_BUY,CLOSED,2026-09-19T00:33:13.761179+00:00,LOSS,0.0,-10.0,-1.0,Polymarket Gamma market endpoint,no_resolved
paper-000229,2026-09-16T19:44:24.288911+00:00,4606306,shanghai|2026_09_18|highest_temperature|c|zspd,Shanghai,ZSPD,2026-09-18,highest_temperature,exact,33.0,33.0,33.0,0.005,2000.0,10.0,0.165703,0.160703,0.160454,0.05,0.00024875,PAPER_BUY,CLOSED,2026-09-18T17:42:04.651007+00:00,LOSS,0.0,-10.0,-1.0,Polymarket Gamma market endpoint,no_resolved
paper-000230,2026-09-16T19:44:24.265923+00:00,4576578,karachi|2026_09_17|highest_temperature|c|opkc,Karachi,OPKC,2026-09-17,highest_temperature,exact,33.0,33.0,33.0,0.2,50.0,10.0,0.364789,0.164789,0.156789,0.05,0.008,PAPER_BUY,CLOSED,2026-09-17T22:21:27.572389+00:00,LOSS,0.0,-10.0,-1.0,Polymarket Gamma market endpoint,no_resolved
paper-000231,2026-09-16T19:44:24.293202+00:00,4606475,helsinki|2026_09_18|highest_temperature|c|efhk,Helsinki,EFHK,2026-09-18,highest_temperature,exact,14.0,14.0,14.0,0.04,250.0,10.0,0.197962,0.157962,0.156042,0.05,0.00192,PAPER_BUY,CLOSED,2026-09-18T22:28:40.562034+00:00,LOSS,0.0,-10.0,-1.0,Polymarket Gamma market endpoint,no_resolved
paper-000232,2026-09-16T19:44:24.293712+00:00,4606489,kuala_lumpur|2026_09_18|highest_temperature|c|wmkk,Kuala Lumpur,WMKK,2026-09-18,highest_temperature,exact,36.0,36.0,36.0,0.09,111.11111111111111,10.0,0.248626,0.158626,0.154531,0.05,0.004095,PAPER_BUY,CLOSED,2026-09-18T17:42:04.890389+00:00,LOSS,0.0,-10.0,-1.0,Polymarket Gamma market endpoint,no_resolved
paper-000233,2026-09-16T22:24:14.780137+00:00,4576339,singapore|2026_09_17|highest_temperature|c|wsss,Singapore,WSSS,2026-09-17,highest_temperature,exact,34.0,34.0,34.0,0.03,333.33333333333337,10.0,0.314277,0.284277,0.282822,0.05,0.001455,PAPER_BUY,CLOSED,2026-09-17T19:17:40.333650+00:00,LOSS,0.0,-10.0,-1.0,Polymarket Gamma market endpoint,no_resolved
paper-000234,2026-09-16T22:24:14.797450+00:00,4605555,tokyo|2026_09_18|lowest_temperature|c|rjtt,Tokyo,RJTT,2026-09-18,lowest_temperature,exact,18.0,18.0,18.0,0.12,83.33333333333334,10.0,0.35321,0.23321,0.22793,0.05,0.00528,PAPER_BUY,CLOSED,2026-09-18T17:42:04.940349+00:00,LOSS,0.0,-10.0,-1.0,Polymarket Gamma market endpoint,no_resolved
paper-000235,2026-09-16T22:24:14.769287+00:00,4575746,shanghai|2026_09_17|lowest_temperature|c|zspd,Shanghai,ZSPD,2026-09-17,lowest_temperature,exact,22.0,22.0,22.0,0.02,500.0,10.0,0.24725,0.22725,0.22627,0.05,0.00098,PAPER_BUY,CLOSED,2026-09-17T19:17:40.650408+00:00,LOSS,0.0,-10.0,-1.0,Polymarket Gamma market endpoint,no_resolved
paper-000236,2026-09-16T22:24:14.777515+00:00,4576235,ankara|2026_09_17|highest_temperature|c|ltac,Ankara,LTAC,2026-09-17,highest_temperature,exact,22.0,22.0,22.0,0.04,250.0,10.0,0.266481,0.226481,0.224561,0.05,0.00192,PAPER_BUY,CLOSED,2026-09-17T22:21:28.509233+00:00,LOSS,0.0,-10.0,-1.0,Polymarket Gamma market endpoint,no_resolved
paper-000237,2026-09-16T22:24:14.809953+00:00,4606334,madrid|2026_09_18|highest_temperature|c|lemd,Madrid,LEMD,2026-09-18,highest_temperature,exact,26.0,26.0,26.0,0.06,166.66666666666669,10.0,0.25103,0.19103,0.18821,0.05,0.00282,PAPER_BUY,CLOSED,2026-09-19T00:33:13.989578+00:00,LOSS,0.0,-10.0,-1.0,Polymarket Gamma market endpoint,no_resolved
paper-000238,2026-09-17T00:47:43.629216+00:00,4606259,munich|2026_09_18|highest_temperature|c|eddm,Munich,EDDM,2026-09-18,highest_temperature,exact,23.0,23.0,23.0,0.05,200.0,10.0,0.269483,0.219483,0.217108,0.05,0.002375,PAPER_BUY,CLOSED,2026-09-19T00:33:14.202979+00:00,LOSS,0.0,-10.0,-1.0,Polymarket Gamma market endpoint,no_resolved
paper-000239,2026-09-17T00:47:43.599284+00:00,4576234,ankara|2026_09_17|highest_temperature|c|ltac,Ankara,LTAC,2026-09-17,highest_temperature,exact,21.0,21.0,21.0,0.11,90.9090909090909,10.0,0.328529,0.218529,0.213634,0.05,0.004895,PAPER_BUY,CLOSED,2026-09-17T22:21:29.049639+00:00,LOSS,0.0,-10.0,-1.0,Polymarket Gamma market endpoint,no_resolved
paper-000240,2026-09-17T00:47:43.631386+00:00,4606335,madrid|2026_09_18|highest_temperature|c|lemd,Madrid,LEMD,2026-09-18,highest_temperature,exact,27.0,27.0,27.0,0.29,34.48275862068966,10.0,0.492404,0.202404,0.192109,0.05,0.010295,PAPER_BUY,CLOSED,2026-09-19T00:33:14.433876+00:00,LOSS,0.0,-10.0,-1.0,Polymarket Gamma market endpoint,no_resolved
paper-000241,2026-09-17T00:47:43.602738+00:00,4576370,madrid|2026_09_17|highest_temperature|c|lemd,Madrid,LEMD,2026-09-17,highest_temperature,exact,25.0,25.0,25.0,0.09,111.11111111111111,10.0,0.272145,0.182145,0.17805,0.05,0.004095,PAPER_BUY,CLOSED,2026-09-18T00:39:08.897824+00:00,LOSS,0.0,-10.0,-1.0,Polymarket Gamma market endpoint,no_resolved
paper-000242,2026-09-17T00:47:43.628332+00:00,4606236,wellington|2026_09_18|highest_temperature|c|nzwn,Wellington,NZWN,2026-09-18,highest_temperature,exact,14.0,14.0,14.0,0.25,40.0,10.0,0.432043,0.182043,0.172668,0.05,0.009375,PAPER_BUY,CLOSED,2026-09-18T14:09:33.643690+00:00,WIN,40.0,30.0,3.0,Polymarket Gamma market endpoint,yes_resolved
paper-000243,2026-09-17T00:47:43.633814+00:00,4606463,amsterdam|2026_09_18|highest_temperature|c|eham,Amsterdam,EHAM,2026-09-18,highest_temperature,exact,17.0,17.0,17.0,0.04,250.0,10.0,0.211935,0.171935,0.170015,0.05,0.00192,PAPER_BUY,CLOSED,2026-09-19T00:33:14.650802+00:00,LOSS,0.0,-10.0,-1.0,Polymarket Gamma market endpoint,no_resolved
paper-000244,2026-09-17T00:47:43.628746+00:00,4606246,lucknow|2026_09_18|highest_temperature|c|vilk,Lucknow,VILK,2026-09-18,highest_temperature,exact,31.0,31.0,31.0,0.05,200.0,10.0,0.210871,0.160871,0.158496,0.05,0.002375,PAPER_BUY,CLOSED,2026-09-18T22:28:40.856206+00:00,WIN,200.0,190.0,19.0,Polymarket Gamma market endpoint,yes_resolved
paper-000245,2026-09-17T00:47:43.590403+00:00,4575722,tokyo|2026_09_17|lowest_temperature|c|rjtt,Tokyo,RJTT,2026-09-17,lowest_temperature,exact,18.0,18.0,18.0,0.07,142.85714285714283,10.0,0.229467,0.159467,0.156212,0.05,0.003255,PAPER_BUY,CLOSED,2026-09-17T15:33:12.042612+00:00,LOSS,0.0,-10.0,-1.0,Polymarket Gamma market endpoint,no_resolved
paper-000246,2026-09-17T00:47:43.630982+00:00,4606326,milan|2026_09_18|highest_temperature|c|limc,Milan,LIMC,2026-09-18,highest_temperature,exact,22.0,22.0,22.0,0.15,66.66666666666667,10.0,0.310608,0.160608,0.154233,0.05,0.006375,PAPER_BUY,CLOSED,2026-09-19T00:33:14.890396+00:00,LOSS,0.0,-10.0,-1.0,Polymarket Gamma market endpoint,no_resolved
paper-000247,2026-09-17T00:47:43.616569+00:00,4605442,seoul_incheon|2026_09_18|lowest_temperature|c|rksi,Seoul (Incheon),RKSI,2026-09-18,lowest_temperature,exact,21.0,21.0,21.0,0.18,55.55555555555556,10.0,0.334769,0.154769,0.147389,0.05,0.00738,PAPER_BUY,CLOSED,2026-09-18T17:42:05.487996+00:00,LOSS,0.0,-10.0,-1.0,Polymarket Gamma market endpoint,no_resolved
paper-000248,2026-09-17T00:47:43.629228+00:00,4606260,munich|2026_09_18|highest_temperature|c|eddm,Munich,EDDM,2026-09-18,highest_temperature,exact,24.0,24.0,24.0,0.02,500.0,10.0,0.1617,0.1417,0.14072,0.05,0.00098,PAPER_BUY,CLOSED,2026-09-19T00:33:15.134949+00:00,LOSS,0.0,-10.0,-1.0,Polymarket Gamma market endpoint,no_resolved
paper-000249,2026-09-17T00:47:43.636240+00:00,4606541,karachi|2026_09_18|highest_temperature|c|opkc,Karachi,OPKC,2026-09-18,highest_temperature,exact,33.0,33.0,33.0,0.18,55.55555555555556,10.0,0.328023,0.148023,0.140643,0.05,0.00738,PAPER_BUY,CLOSED,2026-09-18T19:59:09.374522+00:00,LOSS,0.0,-10.0,-1.0,Polymarket Gamma market endpoint,no_resolved
paper-000250,2026-09-17T15:33:07.475204+00:00,4575646,paris|2026_09_17|lowest_temperature|c|lfpb,Paris,LFPB,2026-09-17,lowest_temperature,exact,12.0,12.0,12.0,0.007,1428.5714285714284,10.0,0.310585,0.303585,0.303238,0.05,0.00034755,PAPER_BUY,CLOSED,2026-09-18T00:39:09.747797+00:00,LOSS,0.0,-10.0,-1.0,Polymarket Gamma market endpoint,no_resolved
paper-000251,2026-09-17T15:33:07.484686+00:00,4576212,paris|2026_09_17|highest_temperature|c|lfpb,Paris,LFPB,2026-09-17,highest_temperature,exact,23.0,23.0,23.0,0.03,333.33333333333337,10.0,0.298928,0.268928,0.267473,0.05,0.001455,PAPER_BUY,CLOSED,2026-09-18T00:39:09.819973+00:00,LOSS,0.0,-10.0,-1.0,Polymarket Gamma market endpoint,no_resolved
paper-000252,2026-09-17T15:33:07.490263+00:00,4576501,amsterdam|2026_09_17|highest_temperature|c|eham,Amsterdam,EHAM,2026-09-17,highest_temperature,exact,18.0,18.0,18.0,0.009,1111.111111111111,10.0,0.272086,0.263086,0.26264,0.05,0.00044595,PAPER_BUY,CLOSED,2026-09-18T00:39:10.011877+00:00,LOSS,0.0,-10.0,-1.0,Polymarket Gamma market endpoint,no_resolved
paper-000253,2026-09-17T15:33:07.488335+00:00,4576384,warsaw|2026_09_17|highest_temperature|c|epwa,Warsaw,EPWA,2026-09-17,highest_temperature,exact,19.0,19.0,19.0,0.019,526.3157894736843,10.0,0.273802,0.254802,0.25387,0.05,0.00093195,PAPER_BUY,CLOSED,2026-09-18T00:39:10.083578+00:00,LOSS,0.0,-10.0,-1.0,Polymarket Gamma market endpoint,no_resolved
paper-000254,2026-09-17T19:17:35.656141+00:00,4632036,ankara|2026_09_19|lowest_temperature|c|ltac,Ankara,LTAC,2026-09-19,lowest_temperature,exact,11.0,11.0,11.0,0.07,142.85714285714283,10.0,0.290501,0.220501,0.217246,0.05,0.003255,PAPER_BUY,CLOSED,2026-09-19T23:21:53.027776+00:00,LOSS,0.0,-10.0,-1.0,Polymarket Gamma market endpoint,no_resolved
paper-000255,2026-09-17T19:17:35.666014+00:00,4632763,seoul_incheon|2026_09_19|highest_temperature|c|rksi,Seoul (Incheon),RKSI,2026-09-19,highest_temperature,exact,30.0,30.0,30.0,0.03,333.33333333333337,10.0,0.246471,0.216471,0.215016,0.05,0.001455,PAPER_BUY,CLOSED,2026-09-19T16:41:46.457253+00:00,LOSS,0.0,-10.0,-1.0,Polymarket Gamma market endpoint,no_resolved
paper-000256,2026-09-17T19:17:35.668471+00:00,4632849,shanghai|2026_09_19|highest_temperature|c|zspd,Shanghai,ZSPD,2026-09-19,highest_temperature,exact,30.0,30.0,30.0,0.08,125.0,10.0,0.290819,0.210819,0.207139,0.05,0.00368,PAPER_BUY,CLOSED,2026-09-19T16:41:46.499658+00:00,LOSS,0.0,-10.0,-1.0,Polymarket Gamma market endpoint,no_resolved
paper-000257,2026-09-17T19:17:35.609858+00:00,4575645,paris|2026_09_17|lowest_temperature|c|lfpb,Paris,LFPB,2026-09-17,lowest_temperature,exact,11.0,11.0,11.0,0.005,2000.0,10.0,0.209372,0.204372,0.204123,0.05,0.00024875,PAPER_BUY,CLOSED,2026-09-18T00:39:10.460934+00:00,LOSS,0.0,-10.0,-1.0,Polymarket Gamma market endpoint,no_resolved
paper-000258,2026-09-17T19:17:35.629535+00:00,4605556,tokyo|2026_09_18|lowest_temperature|c|rjtt,Tokyo,RJTT,2026-09-18,lowest_temperature,exact,19.0,19.0,19.0,0.14,71.42857142857142,10.0,0.350026,0.210026,0.204006,0.05,0.00602,PAPER_BUY,CLOSED,2026-09-18T17:42:06.070654+00:00,LOSS,0.0,-10.0,-1.0,Polymarket Gamma market endpoint,no_resolved
paper-000259,2026-09-17T19:17:35.656152+00:00,4632037,ankara|2026_09_19|lowest_temperature|c|ltac,Ankara,LTAC,2026-09-19,lowest_temperature,exact,12.0,12.0,12.0,0.11,90.9090909090909,10.0,0.317518,0.207518,0.202623,0.05,0.004895,PAPER_BUY,CLOSED,2026-09-19T23:21:53.246672+00:00,WIN,90.90909091,80.90909091,8.09090909,Polymarket Gamma market endpoint,yes_resolved
paper-000260,2026-09-17T19:17:35.636697+00:00,4606190,london|2026_09_18|highest_temperature|c|eglc,London,EGLC,2026-09-18,highest_temperature,exact,18.0,18.0,18.0,0.02,500.0,10.0,0.209353,0.189353,0.188373,0.05,0.00098,PAPER_BUY,CLOSED,2026-09-19T00:33:16.218827+00:00,LOSS,0.0,-10.0,-1.0,Polymarket Gamma market endpoint,no_resolved
paper-000261,2026-09-17T19:17:35.639701+00:00,4606278,tokyo|2026_09_18|highest_temperature|c|rjtt,Tokyo,RJTT,2026-09-18,highest_temperature,exact,22.0,22.0,22.0,0.02,500.0,10.0,0.207855,0.187855,0.186875,0.05,0.00098,PAPER_BUY,CLOSED,2026-09-18T17:42:06.364474+00:00,LOSS,0.0,-10.0,-1.0,Polymarket Gamma market endpoint,no_resolved
paper-000262,2026-09-17T19:17:35.644271+00:00,4606478,helsinki|2026_09_18|highest_temperature|c|efhk,Helsinki,EFHK,2026-09-18,highest_temperature,exact,17.0,17.0,17.0,0.03,333.33333333333337,10.0,0.211061,0.181061,0.179606,0.05,0.001455,PAPER_BUY,CLOSED,2026-09-18T22:28:41.516596+00:00,WIN,333.33333333,323.33333333,32.33333333,Polymarket Gamma market endpoint,yes_resolved
paper-000263,2026-09-17T19:17:35.640147+00:00,4606303,shanghai|2026_09_18|highest_temperature|c|zspd,Shanghai,ZSPD,2026-09-18,highest_temperature,exact,30.0,30.0,30.0,0.07,142.85714285714283,10.0,0.250911,0.180911,0.177656,0.05,0.003255,PAPER_BUY,CLOSED,2026-09-18T17:42:06.714530+00:00,LOSS,0.0,-10.0,-1.0,Polymarket Gamma market endpoint,no_resolved
paper-000264,2026-09-17T22:21:23.082047+00:00,4605578,shanghai|2026_09_18|lowest_temperature|c|zspd,Shanghai,ZSPD,2026-09-18,lowest_temperature,exact,24.0,24.0,24.0,0.04,250.0,10.0,0.343657,0.303657,0.301737,0.05,0.00192,PAPER_BUY,CLOSED,2026-09-18T17:42:06.770939+00:00,LOSS,0.0,-10.0,-1.0,Polymarket Gamma market endpoint,no_resolved
paper-000265,2026-09-17T22:21:23.110240+00:00,4632027,seoul_incheon|2026_09_19|lowest_temperature|c|rksi,Seoul (Incheon),RKSI,2026-09-19,lowest_temperature,exact,18.0,18.0,18.0,0.05,200.0,10.0,0.316398,0.266398,0.264023,0.05,0.002375,PAPER_BUY,CLOSED,2026-09-19T16:41:46.878837+00:00,LOSS,0.0,-10.0,-1.0,Polymarket Gamma market endpoint,no_resolved
paper-000266,2026-09-17T22:21:23.110656+00:00,4632034,ankara|2026_09_19|lowest_temperature|c|ltac,Ankara,LTAC,2026-09-19,lowest_temperature,or_lower,9.0,,9.0,0.02,500.0,10.0,0.245805,0.225805,0.224825,0.05,0.00098,PAPER_BUY,CLOSED,2026-09-19T23:21:53.457882+00:00,LOSS,0.0,-10.0,-1.0,Polymarket Gamma market endpoint,no_resolved
paper-000267,2026-09-17T22:21:23.113080+00:00,4632118,shanghai|2026_09_19|lowest_temperature|c|zspd,Shanghai,ZSPD,2026-09-19,lowest_temperature,exact,26.0,26.0,26.0,0.02,500.0,10.0,0.225914,0.205914,0.204934,0.05,0.00098,PAPER_BUY,CLOSED,2026-09-19T16:41:47.093146+00:00,LOSS,0.0,-10.0,-1.0,Polymarket Gamma market endpoint,no_resolved
paper-000268,2026-09-17T22:21:23.078238+00:00,4605387,london|2026_09_18|lowest_temperature|c|eglc,London,EGLC,2026-09-18,lowest_temperature,exact,11.0,11.0,11.0,0.23,43.47826086956522,10.0,0.443384,0.213384,0.204529,0.05,0.008855,PAPER_BUY,CLOSED,2026-09-19T00:33:16.967877+00:00,LOSS,0.0,-10.0,-1.0,Polymarket Gamma market endpoint,no_resolved
paper-000269,2026-09-17T22:21:23.126259+00:00,4632892,warsaw|2026_09_19|highest_temperature|c|epwa,Warsaw,EPWA,2026-09-19,highest_temperature,exact,20.0,20.0,20.0,0.05,200.0,10.0,0.250184,0.200184,0.197809,0.05,0.002375,PAPER_BUY,CLOSED,2026-09-19T23:21:53.728562+00:00,LOSS,0.0,-10.0,-1.0,Polymarket Gamma market endpoint,no_resolved
paper-000270,2026-09-17T22:21:23.131124+00:00,4633087,karachi|2026_09_19|highest_temperature|c|opkc,Karachi,OPKC,2026-09-19,highest_temperature,exact,33.0,33.0,33.0,0.08,125.0,10.0,0.28001,0.20001,0.19633,0.05,0.00368,PAPER_BUY,CLOSED,2026-09-19T21:23:14.468905+00:00,WIN,125.0,115.0,11.5,Polymarket Gamma market endpoint,yes_resolved
paper-000271,2026-09-18T00:39:05.799817+00:00,4632738,london|2026_09_19|highest_temperature|c|eglc,London,EGLC,2026-09-19,highest_temperature,exact,20.0,20.0,20.0,0.04,250.0,10.0,0.296,0.256,0.25408,0.05,0.00192,PAPER_BUY,CLOSED,2026-09-20T01:25:47.955357+00:00,LOSS,0.0,-10.0,-1.0,Polymarket Gamma market endpoint,no_resolved
paper-000272,2026-09-18T00:39:05.808241+00:00,4633024,helsinki|2026_09_19|highest_temperature|c|efhk,Helsinki,EFHK,2026-09-19,highest_temperature,exact,18.0,18.0,18.0,0.08,125.0,10.0,0.327914,0.247914,0.244234,0.05,0.00368,PAPER_BUY,CLOSED,2026-09-19T23:21:53.986375+00:00,LOSS,0.0,-10.0,-1.0,Polymarket Gamma market endpoint,no_resolved
paper-000273,2026-09-18T00:39:05.793545+00:00,4632144,madrid|2026_09_19|lowest_temperature|c|lemd,Madrid,LEMD,2026-09-19,lowest_temperature,or_lower,12.0,,12.0,0.08,125.0,10.0,0.304849,0.224849,0.221169,0.05,0.00368,PAPER_BUY,CLOSED,2026-09-19T23:21:54.226612+00:00,LOSS,0.0,-10.0,-1.0,Polymarket Gamma market endpoint,no_resolved
paper-000274,2026-09-18T00:39:05.773812+00:00,4606325,milan|2026_09_18|highest_temperature|c|limc,Milan,LIMC,2026-09-18,highest_temperature,exact,21.0,21.0,21.0,0.1,100.0,10.0,0.297363,0.197363,0.192863,0.05,0.0045,PAPER_BUY,CLOSED,2026-09-19T00:33:17.747403+00:00,LOSS,0.0,-10.0,-1.0,Polymarket Gamma market endpoint,no_resolved
paper-000275,2026-09-18T00:39:05.808254+00:00,4633025,helsinki|2026_09_19|highest_temperature|c|efhk,Helsinki,EFHK,2026-09-19,highest_temperature,exact,19.0,19.0,19.0,0.003,3333.3333333333335,10.0,0.193613,0.190613,0.190463,0.05,0.00014955,PAPER_BUY,CLOSED,2026-09-19T23:21:54.406458+00:00,LOSS,0.0,-10.0,-1.0,Polymarket Gamma market endpoint,no_resolved
paper-000276,2026-09-18T00:39:05.800770+00:00,4632762,seoul_incheon|2026_09_19|highest_temperature|c|rksi,Seoul (Incheon),RKSI,2026-09-19,highest_temperature,exact,29.0,29.0,29.0,0.11,90.9090909090909,10.0,0.292971,0.182971,0.178076,0.05,0.004895,PAPER_BUY,CLOSED,2026-09-19T16:41:47.979675+00:00,LOSS,0.0,-10.0,-1.0,Polymarket Gamma market endpoint,no_resolved
paper-000277,2026-09-18T00:39:05.801189+00:00,4632770,ankara|2026_09_19|highest_temperature|c|ltac,Ankara,LTAC,2026-09-19,highest_temperature,exact,22.0,22.0,22.0,0.04,250.0,10.0,0.204801,0.164801,0.162881,0.05,0.00192,PAPER_BUY,CLOSED,2026-09-19T23:21:54.627844+00:00,LOSS,0.0,-10.0,-1.0,Polymarket Gamma market endpoint,no_resolved
paper-000278,2026-09-18T00:39:05.770514+00:00,4606227,ankara|2026_09_18|highest_temperature|c|ltac,Ankara,LTAC,2026-09-18,highest_temperature,exact,24.0,24.0,24.0,0.08,125.0,10.0,0.245557,0.165557,0.161877,0.05,0.00368,PAPER_BUY,CLOSED,2026-09-18T22:28:57.546237+00:00,WIN,125.0,115.0,11.5,Polymarket Gamma market endpoint,yes_resolved
paper-000279,2026-09-18T00:39:05.809645+00:00,4633066,guangzhou|2026_09_19|highest_temperature|c|zggg,Guangzhou,ZGGG,2026-09-19,highest_temperature,exact,34.0,34.0,34.0,0.06,166.66666666666669,10.0,0.223252,0.163252,0.160432,0.05,0.00282,PAPER_BUY,CLOSED,2026-09-19T16:41:48.280250+00:00,LOSS,0.0,-10.0,-1.0,Polymarket Gamma market endpoint,no_resolved
paper-000280,2026-09-18T00:39:05.774751+00:00,4606346,warsaw|2026_09_18|highest_temperature|c|epwa,Warsaw,EPWA,2026-09-18,highest_temperature,exact,20.0,20.0,20.0,0.06,166.66666666666669,10.0,0.218701,0.158701,0.155881,0.05,0.00282,PAPER_BUY,CLOSED,2026-09-18T22:28:57.789777+00:00,LOSS,0.0,-10.0,-1.0,Polymarket Gamma market endpoint,no_resolved
paper-000281,2026-09-18T14:09:31.863448+00:00,4667888,madrid|2026_09_20|highest_temperature|c|lemd,Madrid,LEMD,2026-09-20,highest_temperature,exact,30.0,30.0,30.0,0.06,166.66666666666669,10.0,0.374207,0.314207,0.311387,0.05,0.00282,PAPER_BUY,CLOSED,2026-09-21T01:06:41.983739+00:00,LOSS,0.0,-10.0,-1.0,Polymarket Gamma market endpoint,no_resolved
paper-000282,2026-09-18T14:09:31.839002+00:00,4632862,singapore|2026_09_19|highest_temperature|c|wsss,Singapore,WSSS,2026-09-19,highest_temperature,exact,34.0,34.0,34.0,0.055,181.8181818181818,10.0,0.361909,0.306909,0.304311,0.05,0.00259875,PAPER_BUY,CLOSED,2026-09-19T21:23:15.207178+00:00,WIN,181.81818182,171.81818182,17.18181818,Polymarket Gamma market endpoint,yes_resolved
paper-000283,2026-09-18T17:42:02.786409+00:00,4633036,kuala_lumpur|2026_09_19|highest_temperature|c|wmkk,Kuala Lumpur,WMKK,2026-09-19,highest_temperature,exact,34.0,34.0,34.0,0.02,500.0,10.0,0.298829,0.278829,0.277849,0.05,0.00098,PAPER_BUY,CLOSED,2026-09-19T18:57:32.629659+00:00,LOSS,0.0,-10.0,-1.0,Polymarket Gamma market endpoint,no_resolved
paper-000284,2026-09-18T17:42:02.782528+00:00,4632881,madrid|2026_09_19|highest_temperature|c|lemd,Madrid,LEMD,2026-09-19,highest_temperature,exact,28.0,28.0,28.0,0.08,125.0,10.0,0.346202,0.266202,0.262522,0.05,0.00368,PAPER_BUY,CLOSED,2026-09-19T23:21:55.082843+00:00,LOSS,0.0,-10.0,-1.0,Polymarket Gamma market endpoint,no_resolved
paper-000285,2026-09-18T17:42:02.819172+00:00,4668034,kuala_lumpur|2026_09_20|highest_temperature|c|wmkk,Kuala Lumpur,WMKK,2026-09-20,highest_temperature,exact,35.0,35.0,35.0,0.05,200.0,10.0,0.263567,0.213567,0.211192,0.05,0.002375,PAPER_BUY,CLOSED,2026-09-21T01:06:42.048758+00:00,LOSS,0.0,-10.0,-1.0,Polymarket Gamma market endpoint,no_resolved
paper-000286,2026-09-18T17:42:02.813921+00:00,4667847,shanghai|2026_09_20|highest_temperature|c|zspd,Shanghai,ZSPD,2026-09-20,highest_temperature,exact,30.0,30.0,30.0,0.09,111.11111111111111,10.0,0.290819,0.200819,0.196724,0.05,0.004095,PAPER_BUY,CLOSED,2026-09-21T01:06:42.100538+00:00,LOSS,0.0,-10.0,-1.0,Polymarket Gamma market endpoint,no_resolved
paper-000287,2026-09-18T17:42:02.815840+00:00,4667897,warsaw|2026_09_20|highest_temperature|c|epwa,Warsaw,EPWA,2026-09-20,highest_temperature,exact,19.0,19.0,19.0,0.12,83.33333333333334,10.0,0.298105,0.178105,0.172825,0.05,0.00528,PAPER_BUY,CLOSED,2026-09-21T01:06:42.155739+00:00,LOSS,0.0,-10.0,-1.0,Polymarket Gamma market endpoint,no_resolved
paper-000288,2026-09-18T17:42:02.743400+00:00,4605522,lucknow|2026_09_18|lowest_temperature|c|vilk,Lucknow,VILK,2026-09-18,lowest_temperature,exact,25.0,25.0,25.0,0.02,500.0,10.0,0.188812,0.168812,0.167832,0.05,0.00098,PAPER_BUY,CLOSED,2026-09-18T19:59:13.064911+00:00,LOSS,0.0,-10.0,-1.0,Polymarket Gamma market endpoint,no_resolved
paper-000289,2026-09-18T17:42:02.814898+00:00,4667878,milan|2026_09_20|highest_temperature|c|limc,Milan,LIMC,2026-09-20,highest_temperature,exact,25.0,25.0,25.0,0.03,333.33333333333337,10.0,0.197542,0.167542,0.166087,0.05,0.001455,PAPER_BUY,CLOSED,2026-09-21T01:06:42.302817+00:00,LOSS,0.0,-10.0,-1.0,Polymarket Gamma market endpoint,no_resolved
paper-000290,2026-09-18T17:42:02.742255+00:00,4605405,paris|2026_09_18|lowest_temperature|c|lfpb,Paris,LFPB,2026-09-18,lowest_temperature,exact,10.0,10.0,10.0,0.003,3333.3333333333335,10.0,0.164936,0.161936,0.161787,0.05,0.00014955,PAPER_BUY,CLOSED,2026-09-19T00:33:19.925443+00:00,LOSS,0.0,-10.0,-1.0,Polymarket Gamma market endpoint,no_resolved
paper-000291,2026-09-18T17:42:02.814386+00:00,4667864,singapore|2026_09_20|highest_temperature|c|wsss,Singapore,WSSS,2026-09-20,highest_temperature,exact,31.0,31.0,31.0,0.08,125.0,10.0,0.243785,0.163785,0.160105,0.05,0.00368,PAPER_BUY,CLOSED,2026-09-21T01:06:42.360616+00:00,WIN,125.0,115.0,11.5,Polymarket Gamma market endpoint,yes_resolved
paper-000292,2026-09-18T17:42:02.781544+00:00,4632863,singapore|2026_09_19|highest_temperature|c|wsss,Singapore,WSSS,2026-09-19,highest_temperature,exact,35.0,35.0,35.0,0.005,2000.0,10.0,0.165035,0.160035,0.159786,0.05,0.00024875,PAPER_BUY,CLOSED,2026-09-19T21:23:15.686100+00:00,LOSS,0.0,-10.0,-1.0,Polymarket Gamma market endpoint,no_resolved
paper-000293,2026-09-18T17:42:02.778943+00:00,4632783,wellington|2026_09_19|highest_temperature|c|nzwn,Wellington,NZWN,2026-09-19,highest_temperature,exact,15.0,15.0,15.0,0.13,76.92307692307692,10.0,0.293236,0.163236,0.157581,0.05,0.005655,PAPER_BUY,CLOSED,2026-09-19T13:26:14.218689+00:00,WIN,76.92307692,66.92307692,6.69230769,Polymarket Gamma market endpoint,yes_resolved
paper-000294,2026-09-18T17:42:02.799103+00:00,4667101,seoul_incheon|2026_09_20|lowest_temperature|c|rksi,Seoul (Incheon),RKSI,2026-09-20,lowest_temperature,exact,17.0,17.0,17.0,0.11,90.9090909090909,10.0,0.26192,0.15192,0.147025,0.05,0.004895,PAPER_BUY,CLOSED,2026-09-21T01:06:42.537525+00:00,LOSS,0.0,-10.0,-1.0,Polymarket Gamma market endpoint,no_resolved
paper-000295,2026-09-18T17:42:02.746324+00:00,4605742,helsinki|2026_09_18|lowest_temperature|c|efhk,Helsinki,EFHK,2026-09-18,lowest_temperature,exact,9.0,9.0,9.0,0.05,200.0,10.0,0.195682,0.145682,0.143307,0.05,0.002375,PAPER_BUY,CLOSED,2026-09-18T22:28:58.899864+00:00,LOSS,0.0,-10.0,-1.0,Polymarket Gamma market endpoint,no_resolved
paper-000296,2026-09-18T17:42:02.813933+00:00,4667848,shanghai|2026_09_20|highest_temperature|c|zspd,Shanghai,ZSPD,2026-09-20,highest_temperature,exact,31.0,31.0,31.0,0.03,333.33333333333337,10.0,0.170371,0.140371,0.138916,0.05,0.001455,PAPER_BUY,CLOSED,2026-09-21T01:06:42.596303+00:00,LOSS,0.0,-10.0,-1.0,Polymarket Gamma market endpoint,no_resolved
paper-000297,2026-09-18T17:42:02.810023+00:00,4667734,london|2026_09_20|highest_temperature|c|eglc,London,EGLC,2026-09-20,highest_temperature,exact,18.0,18.0,18.0,0.04,250.0,10.0,0.174642,0.134642,0.132722,0.05,0.00192,PAPER_BUY,CLOSED,2026-09-21T01:06:42.734727+00:00,LOSS,0.0,-10.0,-1.0,Polymarket Gamma market endpoint,no_resolved
paper-000298,2026-09-18T19:59:07.502815+00:00,4606204,paris|2026_09_18|highest_temperature|c|lfpb,Paris,LFPB,2026-09-18,highest_temperature,exact,23.0,23.0,23.0,0.004,2500.0,10.0,0.339422,0.335422,0.335222,0.05,0.0001992,PAPER_BUY,CLOSED,2026-09-18T22:28:59.200726+00:00,LOSS,0.0,-10.0,-1.0,Polymarket Gamma market endpoint,no_resolved
paper-000299,2026-09-18T19:59:07.505545+00:00,4606348,warsaw|2026_09_18|highest_temperature|c|epwa,Warsaw,EPWA,2026-09-18,highest_temperature,exact,22.0,22.0,22.0,0.005,2000.0,10.0,0.200433,0.195433,0.195184,0.05,0.00024875,PAPER_BUY,CLOSED,2026-09-18T22:28:59.249360+00:00,LOSS,0.0,-10.0,-1.0,Polymarket Gamma market endpoint,no_resolved
paper-000300,2026-09-18T22:28:39.301738+00:00,4667896,warsaw|2026_09_20|highest_temperature|c|epwa,Warsaw,EPWA,2026-09-20,highest_temperature,exact,18.0,18.0,18.0,0.049,204.0816326530612,10.0,0.335997,0.286997,0.284667,0.05,0.00232995,PAPER_BUY,CLOSED,2026-09-21T01:06:42.889912+00:00,LOSS,0.0,-10.0,-1.0,Polymarket Gamma market endpoint,no_resolved
paper-000301,2026-09-18T22:28:39.252682+00:00,4632028,seoul_incheon|2026_09_19|lowest_temperature|c|rksi,Seoul (Incheon),RKSI,2026-09-19,lowest_temperature,exact,19.0,19.0,19.0,0.04,250.0,10.0,0.259248,0.219248,0.217328,0.05,0.00192,PAPER_BUY,CLOSED,2026-09-19T16:41:49.436054+00:00,LOSS,0.0,-10.0,-1.0,Polymarket Gamma market endpoint,no_resolved
paper-000302,2026-09-18T22:28:39.287572+00:00,4667169,tokyo|2026_09_20|lowest_temperature|c|rjtt,Tokyo,RJTT,2026-09-20,lowest_temperature,exact,23.0,23.0,23.0,0.14,71.42857142857142,10.0,0.326111,0.186111,0.180091,0.05,0.00602,PAPER_BUY,CLOSED,2026-09-21T01:06:43.024432+00:00,LOSS,0.0,-10.0,-1.0,Polymarket Gamma market endpoint,no_resolved
paper-000303,2026-09-18T22:28:39.297457+00:00,4667768,ankara|2026_09_20|highest_temperature|c|ltac,Ankara,LTAC,2026-09-20,highest_temperature,exact,23.0,23.0,23.0,0.05,200.0,10.0,0.232066,0.182066,0.179691,0.05,0.002375,PAPER_BUY,CLOSED,2026-09-21T01:06:43.073980+00:00,LOSS,0.0,-10.0,-1.0,Polymarket Gamma market endpoint,no_resolved
paper-000304,2026-09-18T22:28:39.306770+00:00,4668084,karachi|2026_09_20|highest_temperature|c|opkc,Karachi,OPKC,2026-09-20,highest_temperature,exact,35.0,35.0,35.0,0.13,76.92307692307692,10.0,0.312234,0.182234,0.176579,0.05,0.005655,PAPER_BUY,CLOSED,2026-09-21T01:06:43.123456+00:00,LOSS,0.0,-10.0,-1.0,Polymarket Gamma market endpoint,no_resolved
paper-000305,2026-09-18T22:28:39.267470+00:00,4632850,shanghai|2026_09_19|highest_temperature|c|zspd,Shanghai,ZSPD,2026-09-19,highest_temperature,exact,31.0,31.0,31.0,0.003,3333.3333333333335,10.0,0.179493,0.176493,0.176343,0.05,0.00014955,PAPER_BUY,CLOSED,2026-09-19T16:41:49.862984+00:00,LOSS,0.0,-10.0,-1.0,Polymarket Gamma market endpoint,no_resolved
paper-000306,2026-09-18T22:28:39.255590+00:00,4632116,shanghai|2026_09_19|lowest_temperature|c|zspd,Shanghai,ZSPD,2026-09-19,lowest_temperature,exact,24.0,24.0,24.0,0.14,71.42857142857142,10.0,0.321565,0.181565,0.175545,0.05,0.00602,PAPER_BUY,CLOSED,2026-09-19T16:41:49.898514+00:00,WIN,71.42857143,61.42857143,6.14285714,Polymarket Gamma market endpoint,yes_resolved
paper-000307,2026-09-18T22:28:39.288030+00:00,4667190,shanghai|2026_09_20|lowest_temperature|c|zspd,Shanghai,ZSPD,2026-09-20,lowest_temperature,exact,25.0,25.0,25.0,0.08,125.0,10.0,0.247731,0.167731,0.164051,0.05,0.00368,PAPER_BUY,CLOSED,2026-09-21T01:06:43.257187+00:00,LOSS,0.0,-10.0,-1.0,Polymarket Gamma market endpoint,no_resolved
paper-000308,2026-09-18T22:28:39.255088+00:00,4632093,tokyo|2026_09_19|lowest_temperature|c|rjtt,Tokyo,RJTT,2026-09-19,lowest_temperature,exact,20.0,20.0,20.0,0.13,76.92307692307692,10.0,0.297923,0.167923,0.162268,0.05,0.005655,PAPER_BUY,CLOSED,2026-09-19T16:41:50.323014+00:00,LOSS,0.0,-10.0,-1.0,Polymarket Gamma market endpoint,no_resolved
paper-000309,2026-09-19T00:33:12.822166+00:00,4668030,kuala_lumpur|2026_09_20|highest_temperature|c|wmkk,Kuala Lumpur,WMKK,2026-09-20,highest_temperature,exact,31.0,31.0,31.0,0.08,125.0,10.0,0.275239,0.195239,0.191559,0.05,0.00368,PAPER_BUY,CLOSED,2026-09-21T01:06:43.308801+00:00,LOSS,0.0,-10.0,-1.0,Polymarket Gamma market endpoint,no_resolved
paper-000310,2026-09-19T00:33:12.787603+00:00,4632848,shanghai|2026_09_19|highest_temperature|c|zspd,Shanghai,ZSPD,2026-09-19,highest_temperature,exact,29.0,29.0,29.0,0.1,100.0,10.0,0.273912,0.173912,0.169412,0.05,0.0045,PAPER_BUY,CLOSED,2026-09-19T16:41:50.413858+00:00,LOSS,0.0,-10.0,-1.0,Polymarket Gamma market endpoint,no_resolved
paper-000311,2026-09-19T00:33:12.819151+00:00,4667895,warsaw|2026_09_20|highest_temperature|c|epwa,Warsaw,EPWA,2026-09-20,highest_temperature,exact,17.0,17.0,17.0,0.009,1111.111111111111,10.0,0.164489,0.155489,0.155044,0.05,0.00044595,PAPER_BUY,CLOSED,2026-09-21T01:06:43.459094+00:00,LOSS,0.0,-10.0,-1.0,Polymarket Gamma market endpoint,no_resolved
paper-000312,2026-09-19T00:33:12.821766+00:00,4668022,helsinki|2026_09_20|highest_temperature|c|efhk,Helsinki,EFHK,2026-09-20,highest_temperature,exact,18.0,18.0,18.0,0.12,83.33333333333334,10.0,0.273099,0.153099,0.147819,0.05,0.00528,PAPER_BUY,CLOSED,2026-09-21T01:06:43.594582+00:00,LOSS,0.0,-10.0,-1.0,Polymarket Gamma market endpoint,no_resolved
paper-000313,2026-09-19T00:33:12.813624+00:00,4667735,london|2026_09_20|highest_temperature|c|eglc,London,EGLC,2026-09-20,highest_temperature,exact,19.0,19.0,19.0,0.16,62.5,10.0,0.312904,0.152904,0.146184,0.05,0.00672,PAPER_BUY,CLOSED,2026-09-21T01:06:43.778972+00:00,LOSS,0.0,-10.0,-1.0,Polymarket Gamma market endpoint,no_resolved
paper-000314,2026-09-19T00:33:12.815920+00:00,4667791,lucknow|2026_09_20|highest_temperature|c|vilk,Lucknow,VILK,2026-09-20,highest_temperature,exact,32.0,32.0,32.0,0.05,200.0,10.0,0.197553,0.147553,0.145178,0.05,0.002375,PAPER_BUY,CLOSED,2026-09-21T01:06:43.955913+00:00,LOSS,0.0,-10.0,-1.0,Polymarket Gamma market endpoint,no_resolved
paper-000315,2026-09-19T00:33:12.821290+00:00,4668008,amsterdam|2026_09_20|highest_temperature|c|eham,Amsterdam,EHAM,2026-09-20,highest_temperature,exact,18.0,18.0,18.0,0.06,166.66666666666669,10.0,0.195134,0.135134,0.132314,0.05,0.00282,PAPER_BUY,CLOSED,2026-09-21T01:06:44.092509+00:00,LOSS,0.0,-10.0,-1.0,Polymarket Gamma market endpoint,no_resolved
paper-000316,2026-09-19T00:33:12.814094+00:00,4667748,paris|2026_09_20|highest_temperature|c|lfpb,Paris,LFPB,2026-09-20,highest_temperature,exact,25.0,25.0,25.0,0.19,52.63157894736842,10.0,0.327832,0.137832,0.130137,0.05,0.007695,PAPER_BUY,CLOSED,2026-09-21T01:06:44.291925+00:00,LOSS,0.0,-10.0,-1.0,Polymarket Gamma market endpoint,no_resolved
paper-000317,2026-09-19T00:33:12.786716+00:00,4632805,munich|2026_09_19|highest_temperature|c|eddm,Munich,EDDM,2026-09-19,highest_temperature,exact,24.0,24.0,24.0,0.07,142.85714285714283,10.0,0.200113,0.130113,0.126858,0.05,0.003255,PAPER_BUY,CLOSED,2026-09-19T23:21:58.140910+00:00,LOSS,0.0,-10.0,-1.0,Polymarket Gamma market endpoint,no_resolved
paper-000318,2026-09-19T00:33:12.814579+00:00,4667761,seoul_incheon|2026_09_20|highest_temperature|c|rksi,Seoul (Incheon),RKSI,2026-09-20,highest_temperature,exact,28.0,28.0,28.0,0.13,76.92307692307692,10.0,0.25681,0.12681,0.121155,0.05,0.005655,PAPER_BUY,CLOSED,2026-09-21T01:06:44.431176+00:00,LOSS,0.0,-10.0,-1.0,Polymarket Gamma market endpoint,no_resolved
paper-000319,2026-09-19T00:33:12.785352+00:00,4632771,ankara|2026_09_19|highest_temperature|c|ltac,Ankara,LTAC,2026-09-19,highest_temperature,exact,23.0,23.0,23.0,0.08,125.0,10.0,0.204623,0.124623,0.120943,0.05,0.00368,PAPER_BUY,CLOSED,2026-09-19T23:21:58.413183+00:00,LOSS,0.0,-10.0,-1.0,Polymarket Gamma market endpoint,no_resolved
paper-000320,2026-09-19T13:26:10.830742+00:00,4632774,ankara|2026_09_19|highest_temperature|c|ltac,Ankara,LTAC,2026-09-19,highest_temperature,exact,26.0,26.0,26.0,0.007,1428.5714285714284,10.0,0.31559,0.30859,0.308243,0.05,0.00034755,PAPER_BUY,CLOSED,2026-09-19T23:21:58.627004+00:00,LOSS,0.0,-10.0,-1.0,Polymarket Gamma market endpoint,no_resolved
paper-000321,2026-09-19T16:41:45.068519+00:00,4633011,amsterdam|2026_09_19|highest_temperature|c|eham,Amsterdam,EHAM,2026-09-19,highest_temperature,exact,21.0,21.0,21.0,0.011,909.0909090909091,10.0,0.33217,0.32117,0.320626,0.05,0.00054395,PAPER_BUY,CLOSED,2026-09-19T23:21:58.715141+00:00,LOSS,0.0,-10.0,-1.0,Polymarket Gamma market endpoint,no_resolved
paper-000322,2026-09-19T16:41:45.052720+00:00,4632014,paris|2026_09_19|lowest_temperature|c|lfpb,Paris,LFPB,2026-09-19,lowest_temperature,exact,12.0,12.0,12.0,0.009,1111.111111111111,10.0,0.286974,0.277974,0.277528,0.05,0.00044595,PAPER_BUY,CLOSED,2026-09-19T23:21:58.923433+00:00,LOSS,0.0,-10.0,-1.0,Polymarket Gamma market endpoint,no_resolved
paper-000323,2026-09-19T16:41:45.064176+00:00,4632804,munich|2026_09_19|highest_temperature|c|eddm,Munich,EDDM,2026-09-19,highest_temperature,exact,23.0,23.0,23.0,0.003,3333.3333333333335,10.0,0.278329,0.275329,0.27518,0.05,0.00014955,PAPER_BUY,CLOSED,2026-09-19T23:21:58.964590+00:00,LOSS,0.0,-10.0,-1.0,Polymarket Gamma market endpoint,no_resolved
paper-000324,2026-09-19T16:41:45.082135+00:00,4667080,london|2026_09_20|lowest_temperature|c|eglc,London,EGLC,2026-09-20,lowest_temperature,exact,15.0,15.0,15.0,0.21,47.61904761904762,10.0,0.454684,0.244684,0.236389,0.05,0.008295,PAPER_BUY,CLOSED,2026-09-21T01:06:44.600248+00:00,LOSS,0.0,-10.0,-1.0,Polymarket Gamma market endpoint,no_resolved
paper-000325,2026-09-19T16:41:45.083199+00:00,4667102,seoul_incheon|2026_09_20|lowest_temperature|c|rksi,Seoul (Incheon),RKSI,2026-09-20,lowest_temperature,exact,18.0,18.0,18.0,0.11,90.9090909090909,10.0,0.34328,0.23328,0.228385,0.05,0.004895,PAPER_BUY,CLOSED,2026-09-21T01:06:44.733377+00:00,LOSS,0.0,-10.0,-1.0,Polymarket Gamma market endpoint,no_resolved
paper-000326,2026-09-19T16:41:45.068532+00:00,4633012,amsterdam|2026_09_19|highest_temperature|c|eham,Amsterdam,EHAM,2026-09-19,highest_temperature,exact,22.0,22.0,22.0,0.003,3333.3333333333335,10.0,0.22506,0.22206,0.22191,0.05,0.00014955,PAPER_BUY,CLOSED,2026-09-19T23:21:59.254790+00:00,LOSS,0.0,-10.0,-1.0,Polymarket Gamma market endpoint,no_resolved
paper-000327,2026-09-19T16:41:45.130530+00:00,4717916,london|2026_09_21|highest_temperature|c|eglc,London,EGLC,2026-09-21,highest_temperature,exact,21.0,21.0,21.0,0.03,333.33333333333337,10.0,0.251771,0.221771,0.220316,0.05,0.001455,PAPER_BUY,CLOSED,2026-09-22T01:02:20.966543+00:00,LOSS,0.0,-10.0,-1.0,Polymarket Gamma market endpoint,no_resolved
paper-000328,2026-09-19T16:41:45.060512+00:00,4632327,guangzhou|2026_09_19|lowest_temperature|c|zggg,Guangzhou,ZGGG,2026-09-19,lowest_temperature,exact,27.0,27.0,27.0,0.2,50.0,10.0,0.403392,0.203392,0.195392,0.05,0.008,PAPER_BUY,CLOSED,2026-09-19T18:57:37.153167+00:00,LOSS,0.0,-10.0,-1.0,Polymarket Gamma market endpoint,no_resolved
paper-000329,2026-09-19T16:41:45.134712+00:00,4718028,shanghai|2026_09_21|highest_temperature|c|zspd,Shanghai,ZSPD,2026-09-21,highest_temperature,exact,31.0,31.0,31.0,0.06,166.66666666666669,10.0,0.252231,0.192231,0.189411,0.05,0.00282,PAPER_BUY,CLOSED,2026-09-21T18:44:04.178487+00:00,LOSS,0.0,-10.0,-1.0,Polymarket Gamma market endpoint,no_resolved
paper-000330,2026-09-19T16:41:45.136268+00:00,4718061,madrid|2026_09_21|highest_temperature|c|lemd,Madrid,LEMD,2026-09-21,highest_temperature,exact,31.0,31.0,31.0,0.06,166.66666666666669,10.0,0.251032,0.191032,0.188212,0.05,0.00282,PAPER_BUY,CLOSED,2026-09-22T01:02:21.040135+00:00,LOSS,0.0,-10.0,-1.0,Polymarket Gamma market endpoint,no_resolved
paper-000331,2026-09-19T16:41:45.142258+00:00,4718265,karachi|2026_09_21|highest_temperature|c|opkc,Karachi,OPKC,2026-09-21,highest_temperature,exact,37.0,37.0,37.0,0.12,83.33333333333334,10.0,0.312234,0.192234,0.186954,0.05,0.00528,PAPER_BUY,CLOSED,2026-09-21T22:18:26.307647+00:00,LOSS,0.0,-10.0,-1.0,Polymarket Gamma market endpoint,no_resolved
paper-000332,2026-09-19T18:57:29.817056+00:00,4633023,helsinki|2026_09_19|highest_temperature|c|efhk,Helsinki,EFHK,2026-09-19,highest_temperature,exact,17.0,17.0,17.0,0.005,2000.0,10.0,0.325207,0.320207,0.319959,0.05,0.00024875,PAPER_BUY,CLOSED,2026-09-19T23:22:00.044976+00:00,LOSS,0.0,-10.0,-1.0,Polymarket Gamma market endpoint,no_resolved
paper-000333,2026-09-19T18:57:29.824093+00:00,4667123,wellington|2026_09_20|lowest_temperature|c|nzwn,Wellington,NZWN,2026-09-20,lowest_temperature,exact,10.0,10.0,10.0,0.01,1000.0,10.0,0.227689,0.217689,0.217194,0.05,0.000495,PAPER_BUY,CLOSED,2026-09-21T01:06:45.284318+00:00,LOSS,0.0,-10.0,-1.0,Polymarket Gamma market endpoint,no_resolved
paper-000334,2026-09-19T21:23:12.951152+00:00,4667188,shanghai|2026_09_20|lowest_temperature|c|zspd,Shanghai,ZSPD,2026-09-20,lowest_temperature,exact,23.0,23.0,23.0,0.14,71.42857142857142,10.0,0.403366,0.263366,0.257346,0.05,0.00602,PAPER_BUY,CLOSED,2026-09-21T01:06:45.422142+00:00,WIN,71.42857143,61.42857143,6.14285714,Polymarket Gamma market endpoint,yes_resolved
paper-000335,2026-09-19T21:23:12.995758+00:00,4717949,ankara|2026_09_21|highest_temperature|c|ltac,Ankara,LTAC,2026-09-21,highest_temperature,exact,24.0,24.0,24.0,0.06,166.66666666666669,10.0,0.253353,0.193353,0.190533,0.05,0.00282,PAPER_BUY,CLOSED,2026-09-21T22:18:26.636648+00:00,LOSS,0.0,-10.0,-1.0,Polymarket Gamma market endpoint,no_resolved
paper-000336,2026-09-19T21:23:12.995291+00:00,4717942,seoul_incheon|2026_09_21|highest_temperature|c|rksi,Seoul (Incheon),RKSI,2026-09-21,highest_temperature,exact,30.0,30.0,30.0,0.03,333.33333333333337,10.0,0.193254,0.163254,0.161799,0.05,0.001455,PAPER_BUY,CLOSED,2026-09-21T18:44:04.598460+00:00,LOSS,0.0,-10.0,-1.0,Polymarket Gamma market endpoint,no_resolved
paper-000337,2026-09-19T23:21:52.009964+00:00,4718027,shanghai|2026_09_21|highest_temperature|c|zspd,Shanghai,ZSPD,2026-09-21,highest_temperature,exact,30.0,30.0,30.0,0.07,142.85714285714283,10.0,0.306393,0.236393,0.233138,0.05,0.003255,PAPER_BUY,CLOSED,2026-09-21T18:44:04.819396+00:00,LOSS,0.0,-10.0,-1.0,Polymarket Gamma market endpoint,no_resolved
paper-000338,2026-09-19T23:21:52.015535+00:00,4718215,kuala_lumpur|2026_09_21|highest_temperature|c|wmkk,Kuala Lumpur,WMKK,2026-09-21,highest_temperature,exact,35.0,35.0,35.0,0.03,333.33333333333337,10.0,0.202046,0.172046,0.170591,0.05,0.001455,PAPER_BUY,CLOSED,2026-09-21T18:44:05.168426+00:00,LOSS,0.0,-10.0,-1.0,Polymarket Gamma market endpoint,no_resolved
paper-000339,2026-09-19T23:21:51.972278+00:00,4667762,seoul_incheon|2026_09_20|highest_temperature|c|rksi,Seoul (Incheon),RKSI,2026-09-20,highest_temperature,exact,29.0,29.0,29.0,0.029,344.8275862068965,10.0,0.197799,0.168799,0.167391,0.05,0.00140795,PAPER_BUY,CLOSED,2026-09-21T01:06:45.800727+00:00,LOSS,0.0,-10.0,-1.0,Polymarket Gamma market endpoint,no_resolved
paper-000340,2026-09-19T23:21:52.006116+00:00,4717927,paris|2026_09_21|highest_temperature|c|lfpb,Paris,LFPB,2026-09-21,highest_temperature,exact,21.0,21.0,21.0,0.05,200.0,10.0,0.214439,0.164439,0.162064,0.05,0.002375,PAPER_BUY,CLOSED,2026-09-22T01:02:21.083683+00:00,LOSS,0.0,-10.0,-1.0,Polymarket Gamma market endpoint,no_resolved
paper-000341,2026-09-19T23:21:51.977236+00:00,4667898,warsaw|2026_09_20|highest_temperature|c|epwa,Warsaw,EPWA,2026-09-20,highest_temperature,exact,20.0,20.0,20.0,0.16,62.5,10.0,0.3171,0.1571,0.15038,0.05,0.00672,PAPER_BUY,CLOSED,2026-09-21T01:06:45.985240+00:00,LOSS,0.0,-10.0,-1.0,Polymarket Gamma market endpoint,no_resolved
paper-000342,2026-09-19T23:21:52.010494+00:00,4718039,singapore|2026_09_21|highest_temperature|c|wsss,Singapore,WSSS,2026-09-21,highest_temperature,exact,34.0,34.0,34.0,0.11,90.9090909090909,10.0,0.2632,0.1532,0.148305,0.05,0.004895,PAPER_BUY,CLOSED,2026-09-21T18:44:05.486990+00:00,LOSS,0.0,-10.0,-1.0,Polymarket Gamma market endpoint,no_resolved
paper-000343,2026-09-19T23:21:52.017359+00:00,4718264,karachi|2026_09_21|highest_temperature|c|opkc,Karachi,OPKC,2026-09-21,highest_temperature,exact,36.0,36.0,36.0,0.08,125.0,10.0,0.227016,0.147016,0.143336,0.05,0.00368,PAPER_BUY,CLOSED,2026-09-21T22:18:26.977262+00:00,LOSS,0.0,-10.0,-1.0,Polymarket Gamma market endpoint,no_resolved
paper-000344,2026-09-19T23:21:52.011014+00:00,4718052,milan|2026_09_21|highest_temperature|c|limc,Milan,LIMC,2026-09-21,highest_temperature,exact,28.0,28.0,28.0,0.15,66.66666666666667,10.0,0.293521,0.143521,0.137146,0.05,0.006375,PAPER_BUY,CLOSED,2026-09-22T01:02:21.128871+00:00,LOSS,0.0,-10.0,-1.0,Polymarket Gamma market endpoint,no_resolved
paper-000345,2026-09-19T23:21:51.973266+00:00,4667783,wellington|2026_09_20|highest_temperature|c|nzwn,Wellington,NZWN,2026-09-20,highest_temperature,exact,16.0,16.0,16.0,0.021,476.19047619047615,10.0,0.154758,0.133758,0.13273,0.05,0.00102795,PAPER_BUY,CLOSED,2026-09-21T01:06:46.358682+00:00,LOSS,0.0,-10.0,-1.0,Polymarket Gamma market endpoint,no_resolved
paper-000346,2026-09-19T23:21:51.947434+00:00,4632005,london|2026_09_19|lowest_temperature|c|eglc,London,EGLC,2026-09-19,lowest_temperature,exact,16.0,16.0,16.0,0.03,333.33333333333337,10.0,0.161309,0.131309,0.129854,0.05,0.001455,PAPER_BUY,CLOSED,2026-09-20T01:25:54.948702+00:00,LOSS,0.0,-10.0,-1.0,Polymarket Gamma market endpoint,no_resolved
paper-000347,2026-09-19T23:21:51.981822+00:00,4668064,guangzhou|2026_09_20|highest_temperature|c|zggg,Guangzhou,ZGGG,2026-09-20,highest_temperature,exact,34.0,34.0,34.0,0.03,333.33333333333337,10.0,0.160072,0.130072,0.128617,0.05,0.001455,PAPER_BUY,CLOSED,2026-09-21T01:06:46.501253+00:00,LOSS,0.0,-10.0,-1.0,Polymarket Gamma market endpoint,no_resolved
paper-000348,2026-09-19T23:21:52.014479+00:00,4718189,amsterdam|2026_09_21|highest_temperature|c|eham,Amsterdam,EHAM,2026-09-21,highest_temperature,exact,17.0,17.0,17.0,0.04,250.0,10.0,0.16659,0.12659,0.12467,0.05,0.00192,PAPER_BUY,CLOSED,2026-09-22T01:02:21.182052+00:00,LOSS,0.0,-10.0,-1.0,Polymarket Gamma market endpoint,no_resolved
paper-000349,2026-09-19T23:21:51.963107+00:00,4667187,shanghai|2026_09_20|lowest_temperature|c|zspd,Shanghai,ZSPD,2026-09-20,lowest_temperature,exact,22.0,22.0,22.0,0.07,142.85714285714283,10.0,0.196783,0.126783,0.123528,0.05,0.003255,PAPER_BUY,CLOSED,2026-09-21T01:06:46.849515+00:00,LOSS,0.0,-10.0,-1.0,Polymarket Gamma market endpoint,no_resolved
paper-000350,2026-09-19T23:21:52.011002+00:00,4718051,milan|2026_09_21|highest_temperature|c|limc,Milan,LIMC,2026-09-21,highest_temperature,exact,27.0,27.0,27.0,0.06,166.66666666666669,10.0,0.186025,0.126025,0.123205,0.05,0.00282,PAPER_BUY,CLOSED,2026-09-22T01:02:21.250013+00:00,LOSS,0.0,-10.0,-1.0,Polymarket Gamma market endpoint,no_resolved
paper-000351,2026-09-19T23:21:52.016622+00:00,4718246,guangzhou|2026_09_21|highest_temperature|c|zggg,Guangzhou,ZGGG,2026-09-21,highest_temperature,exact,33.0,33.0,33.0,0.07,142.85714285714283,10.0,0.194936,0.124936,0.121681,0.05,0.003255,PAPER_BUY,CLOSED,2026-09-21T18:44:06.207940+00:00,LOSS,0.0,-10.0,-1.0,Polymarket Gamma market endpoint,no_resolved
paper-000352,2026-09-19T23:21:51.976270+00:00,4667879,milan|2026_09_20|highest_temperature|c|limc,Milan,LIMC,2026-09-20,highest_temperature,exact,26.0,26.0,26.0,0.17,58.8235294117647,10.0,0.294501,0.124501,0.117446,0.05,0.007055,PAPER_BUY,CLOSED,2026-09-21T01:06:47.131082+00:00,LOSS,0.0,-10.0,-1.0,Polymarket Gamma market endpoint,no_resolved
paper-000353,2026-09-19T23:21:52.006664+00:00,4717941,seoul_incheon|2026_09_21|highest_temperature|c|rksi,Seoul (Incheon),RKSI,2026-09-21,highest_temperature,exact,29.0,29.0,29.0,0.14,71.42857142857142,10.0,0.260559,0.120559,0.114539,0.05,0.00602,PAPER_BUY,CLOSED,2026-09-21T18:44:06.443420+00:00,LOSS,0.0,-10.0,-1.0,Polymarket Gamma market endpoint,no_resolved
paper-000354,2026-09-20T01:25:47.087932+00:00,4718040,singapore|2026_09_21|highest_temperature|c|wsss,Singapore,WSSS,2026-09-21,highest_temperature,exact,35.0,35.0,35.0,0.006,1666.6666666666667,10.0,0.2736,0.2676,0.267302,0.05,0.0002982,PAPER_BUY,CLOSED,2026-09-21T18:44:06.690425+00:00,LOSS,0.0,-10.0,-1.0,Polymarket Gamma market endpoint,no_resolved
paper-000355,2026-09-20T01:25:47.084674+00:00,4717915,london|2026_09_21|highest_temperature|c|eglc,London,EGLC,2026-09-21,highest_temperature,exact,20.0,20.0,20.0,0.01,1000.0,10.0,0.273978,0.263978,0.263483,0.05,0.000495,PAPER_BUY,CLOSED,2026-09-22T01:02:21.321871+00:00,LOSS,0.0,-10.0,-1.0,Polymarket Gamma market endpoint,no_resolved
paper-000356,2026-09-21T01:06:32.158642+00:00,4746110,paris|2026_09_22|highest_temperature|c|lfpb,Paris,LFPB,2026-09-22,highest_temperature,exact,23.0,23.0,23.0,0.03,333.33333333333337,10.0,0.307293,0.277293,0.275838,0.05,0.001455,PAPER_BUY,OPEN,,,,,,,
paper-000357,2026-09-21T01:06:32.133990+00:00,4718266,karachi|2026_09_21|highest_temperature|c|opkc,Karachi,OPKC,2026-09-21,highest_temperature,exact,38.0,38.0,38.0,0.07,142.85714285714283,10.0,0.3411,0.2711,0.267845,0.05,0.003255,PAPER_BUY,CLOSED,2026-09-21T22:18:28.058744+00:00,LOSS,0.0,-10.0,-1.0,Polymarket Gamma market endpoint,no_resolved
paper-000358,2026-09-21T01:06:32.163351+00:00,4746240,milan|2026_09_22|highest_temperature|c|limc,Milan,LIMC,2026-09-22,highest_temperature,exact,24.0,24.0,24.0,0.09,111.11111111111111,10.0,0.317129,0.227129,0.223034,0.05,0.004095,PAPER_BUY,OPEN,,,,,,,
paper-000359,2026-09-21T01:06:32.162308+00:00,4746211,shanghai|2026_09_22|highest_temperature|c|zspd,Shanghai,ZSPD,2026-09-22,highest_temperature,exact,30.0,30.0,30.0,0.03,333.33333333333337,10.0,0.23753,0.20753,0.206075,0.05,0.001455,PAPER_BUY,OPEN,,,,,,,
paper-000360,2026-09-21T01:06:32.147152+00:00,4745184,wellington|2026_09_22|lowest_temperature|c|nzwn,Wellington,NZWN,2026-09-22,lowest_temperature,exact,10.0,10.0,10.0,0.11,90.9090909090909,10.0,0.295878,0.185878,0.180983,0.05,0.004895,PAPER_BUY,OPEN,,,,,,,
paper-000361,2026-09-21T01:06:32.124630+00:00,4717971,lucknow|2026_09_21|highest_temperature|c|vilk,Lucknow,VILK,2026-09-21,highest_temperature,exact,32.0,32.0,32.0,0.019,526.3157894736843,10.0,0.19786,0.17886,0.177928,0.05,0.00093195,PAPER_BUY,CLOSED,2026-09-21T22:18:28.954232+00:00,LOSS,0.0,-10.0,-1.0,Polymarket Gamma market endpoint,no_resolved
paper-000362,2026-09-21T01:06:32.163339+00:00,4746239,milan|2026_09_22|highest_temperature|c|limc,Milan,LIMC,2026-09-22,highest_temperature,exact,23.0,23.0,23.0,0.04,250.0,10.0,0.219652,0.179652,0.177732,0.05,0.00192,PAPER_BUY,OPEN,,,,,,,
paper-000363,2026-09-21T01:06:32.149291+00:00,4745251,shanghai|2026_09_22|lowest_temperature|c|zspd,Shanghai,ZSPD,2026-09-22,lowest_temperature,exact,25.0,25.0,25.0,0.07,142.85714285714283,10.0,0.23679,0.16679,0.163535,0.05,0.003255,PAPER_BUY,OPEN,,,,,,,
paper-000364,2026-09-21T01:06:32.110261+00:00,4717410,seoul_incheon|2026_09_21|lowest_temperature|c|rksi,Seoul (Incheon),RKSI,2026-09-21,lowest_temperature,exact,18.0,18.0,18.0,0.02,500.0,10.0,0.175838,0.155838,0.154858,0.05,0.00098,PAPER_BUY,CLOSED,2026-09-21T18:44:08.076705+00:00,LOSS,0.0,-10.0,-1.0,Polymarket Gamma market endpoint,no_resolved
paper-000365,2026-09-21T01:06:32.125190+00:00,4717984,munich|2026_09_21|highest_temperature|c|eddm,Munich,EDDM,2026-09-21,highest_temperature,exact,19.0,19.0,19.0,0.02,500.0,10.0,0.175834,0.155834,0.154854,0.05,0.00098,PAPER_BUY,CLOSED,2026-09-22T01:02:21.932952+00:00,LOSS,0.0,-10.0,-1.0,Polymarket Gamma market endpoint,no_resolved
paper-000366,2026-09-21T01:06:32.167559+00:00,4746386,helsinki|2026_09_22|highest_temperature|c|efhk,Helsinki,EFHK,2026-09-22,highest_temperature,exact,17.0,17.0,17.0,0.06,166.66666666666669,10.0,0.211061,0.151061,0.148241,0.05,0.00282,PAPER_BUY,OPEN,,,,,,,
paper-000367,2026-09-21T01:06:32.160716+00:00,4746154,lucknow|2026_09_22|highest_temperature|c|vilk,Lucknow,VILK,2026-09-22,highest_temperature,exact,32.0,32.0,32.0,0.04,250.0,10.0,0.18405,0.14405,0.14213,0.05,0.00192,PAPER_BUY,OPEN,,,,,,,
paper-000368,2026-09-21T01:06:32.130914+00:00,4718190,amsterdam|2026_09_21|highest_temperature|c|eham,Amsterdam,EHAM,2026-09-21,highest_temperature,exact,18.0,18.0,18.0,0.13,76.92307692307692,10.0,0.275256,0.145256,0.139601,0.05,0.005655,PAPER_BUY,CLOSED,2026-09-22T01:02:22.152014+00:00,LOSS,0.0,-10.0,-1.0,Polymarket Gamma market endpoint,no_resolved
paper-000369,2026-09-21T01:06:32.159220+00:00,4746125,seoul_incheon|2026_09_22|highest_temperature|c|rksi,Seoul (Incheon),RKSI,2026-09-22,highest_temperature,exact,30.0,30.0,30.0,0.02,500.0,10.0,0.155846,0.135846,0.134866,0.05,0.00098,PAPER_BUY,OPEN,,,,,,,
paper-000370,2026-09-21T01:06:32.159208+00:00,4746124,seoul_incheon|2026_09_22|highest_temperature|c|rksi,Seoul (Incheon),RKSI,2026-09-22,highest_temperature,exact,29.0,29.0,29.0,0.14,71.42857142857142,10.0,0.27655,0.13655,0.13053,0.05,0.00602,PAPER_BUY,OPEN,,,,,,,
paper-000371,2026-09-21T01:06:32.158629+00:00,4746109,paris|2026_09_22|highest_temperature|c|lfpb,Paris,LFPB,2026-09-22,highest_temperature,exact,22.0,22.0,22.0,0.003,3333.3333333333335,10.0,0.123494,0.120494,0.120344,0.05,0.00014955,PAPER_BUY,OPEN,,,,,,,
paper-000372,2026-09-21T01:06:32.162789+00:00,4746227,singapore|2026_09_22|highest_temperature|c|wsss,Singapore,WSSS,2026-09-22,highest_temperature,exact,31.0,31.0,31.0,0.17,58.8235294117647,10.0,0.29661,0.12661,0.119555,0.05,0.007055,PAPER_BUY,OPEN,,,,,,,
paper-000373,2026-09-21T01:06:32.148704+00:00,4745226,tokyo|2026_09_22|lowest_temperature|c|rjtt,Tokyo,RJTT,2026-09-22,lowest_temperature,exact,22.0,22.0,22.0,0.14,71.42857142857142,10.0,0.265447,0.125447,0.119427,0.05,0.00602,PAPER_BUY,OPEN,,,,,,,
paper-000374,2026-09-21T01:06:32.150273+00:00,4745268,milan|2026_09_22|lowest_temperature|c|limc,Milan,LIMC,2026-09-22,lowest_temperature,exact,14.0,14.0,14.0,0.09,111.11111111111111,10.0,0.204083,0.114083,0.109988,0.05,0.004095,PAPER_BUY,OPEN,,,,,,,
paper-000375,2026-09-21T01:06:32.129206+00:00,4718116,beijing|2026_09_21|highest_temperature|c|zbaa,Beijing,ZBAA,2026-09-21,highest_temperature,exact,32.0,32.0,32.0,0.08,125.0,10.0,0.186268,0.106268,0.102588,0.05,0.00368,PAPER_BUY,CLOSED,2026-09-21T18:44:09.344910+00:00,LOSS,0.0,-10.0,-1.0,Polymarket Gamma market endpoint,no_resolved
paper-000376,2026-09-21T01:06:32.165211+00:00,4746293,beijing|2026_09_22|highest_temperature|c|zbaa,Beijing,ZBAA,2026-09-22,highest_temperature,exact,28.0,28.0,28.0,0.03,333.33333333333337,10.0,0.132935,0.102935,0.10148,0.05,0.001455,PAPER_BUY,OPEN,,,,,,,
paper-000377,2026-09-21T01:06:32.163886+00:00,4746253,madrid|2026_09_22|highest_temperature|c|lemd,Madrid,LEMD,2026-09-22,highest_temperature,exact,35.0,35.0,35.0,0.12,83.33333333333334,10.0,0.223806,0.103806,0.098526,0.05,0.00528,PAPER_BUY,OPEN,,,,,,,
paper-000378,2026-09-21T01:06:32.145029+00:00,4745138,london|2026_09_22|lowest_temperature|c|eglc,London,EGLC,2026-09-22,lowest_temperature,exact,14.0,14.0,14.0,0.37,27.027027027027028,10.0,0.478961,0.108961,0.097306,0.05,0.011655,PAPER_BUY,OPEN,,,,,,,
paper-000379,2026-09-21T01:06:32.131536+00:00,4718204,helsinki|2026_09_21|highest_temperature|c|efhk,Helsinki,EFHK,2026-09-21,highest_temperature,exact,18.0,18.0,18.0,0.03,333.33333333333337,10.0,0.128342,0.098342,0.096887,0.05,0.001455,PAPER_BUY,CLOSED,2026-09-21T22:18:31.783458+00:00,LOSS,0.0,-10.0,-1.0,Polymarket Gamma market endpoint,no_resolved
paper-000380,2026-09-21T01:06:32.161221+00:00,4746163,munich|2026_09_22|highest_temperature|c|eddm,Munich,EDDM,2026-09-22,highest_temperature,exact,15.0,15.0,15.0,0.05,200.0,10.0,0.148845,0.098845,0.09647,0.05,0.002375,PAPER_BUY,OPEN,,,,,,,
paper-000381,2026-09-21T01:06:32.126696+00:00,4718036,singapore|2026_09_21|highest_temperature|c|wsss,Singapore,WSSS,2026-09-21,highest_temperature,exact,31.0,31.0,31.0,0.05,200.0,10.0,0.14672,0.09672,0.094345,0.05,0.002375,PAPER_BUY,CLOSED,2026-09-21T18:44:09.884819+00:00,LOSS,0.0,-10.0,-1.0,Polymarket Gamma market endpoint,no_resolved
paper-000382,2026-09-21T01:06:32.109083+00:00,4717386,london|2026_09_21|lowest_temperature|c|eglc,London,EGLC,2026-09-21,lowest_temperature,exact,10.0,10.0,10.0,0.16,62.5,10.0,0.257753,0.097753,0.091033,0.05,0.00672,PAPER_BUY,CLOSED,2026-09-22T01:02:23.151414+00:00,LOSS,0.0,-10.0,-1.0,Polymarket Gamma market endpoint,no_resolved
paper-000383,2026-09-21T01:06:32.162321+00:00,4746212,shanghai|2026_09_22|highest_temperature|c|zspd,Shanghai,ZSPD,2026-09-22,highest_temperature,exact,31.0,31.0,31.0,0.007,1428.5714285714284,10.0,0.098064,0.091064,0.090717,0.05,0.00034755,PAPER_BUY,OPEN,,,,,,,
paper-000384,2026-09-21T01:06:32.113418+00:00,4717498,shanghai|2026_09_21|lowest_temperature|c|zspd,Shanghai,ZSPD,2026-09-21,lowest_temperature,exact,21.0,21.0,21.0,0.02,500.0,10.0,0.109707,0.089707,0.088727,0.05,0.00098,PAPER_BUY,CLOSED,2026-09-21T18:44:10.399107+00:00,LOSS,0.0,-10.0,-1.0,Polymarket Gamma market endpoint,no_resolved
paper-000385,2026-09-21T01:06:32.145016+00:00,4745137,london|2026_09_22|lowest_temperature|c|eglc,London,EGLC,2026-09-22,lowest_temperature,exact,13.0,13.0,13.0,0.13,76.92307692307692,10.0,0.223585,0.093585,0.08793,0.05,0.005655,PAPER_BUY,OPEN,,,,,,,
paper-000386,2026-09-21T01:06:32.169189+00:00,4746427,guangzhou|2026_09_22|highest_temperature|c|zggg,Guangzhou,ZGGG,2026-09-22,highest_temperature,exact,32.0,32.0,32.0,0.06,166.66666666666669,10.0,0.150386,0.090386,0.087566,0.05,0.00282,PAPER_BUY,OPEN,,,,,,,
paper-000387,2026-09-21T01:06:32.161701+00:00,4746183,tokyo|2026_09_22|highest_temperature|c|rjtt,Tokyo,RJTT,2026-09-22,highest_temperature,or_lower,25.0,,25.0,0.02,500.0,10.0,0.104115,0.084115,0.083135,0.05,0.00098,PAPER_BUY,OPEN,,,,,,,
paper-000388,2026-09-21T18:43:54.324948+00:00,4717395,paris|2026_09_21|lowest_temperature|c|lfpb,Paris,LFPB,2026-09-21,lowest_temperature,or_lower,9.0,,9.0,0.029,344.8275862068965,10.0,0.360392,0.331392,0.329984,0.05,0.00140795,PAPER_BUY,CLOSED,2026-09-22T01:02:23.665509+00:00,LOSS,0.0,-10.0,-1.0,Polymarket Gamma market endpoint,no_resolved
paper-000389,2026-09-21T18:43:54.399618+00:00,4781931,karachi|2026_09_23|lowest_temperature|c|opkc,Karachi,OPKC,2026-09-23,lowest_temperature,exact,26.0,26.0,26.0,0.19,52.63157894736842,10.0,0.445867,0.255867,0.248172,0.05,0.007695,PAPER_BUY,OPEN,,,,,,,
paper-000390,2026-09-21T18:43:54.406834+00:00,4782232,madrid|2026_09_23|highest_temperature|c|lemd,Madrid,LEMD,2026-09-23,highest_temperature,exact,32.0,32.0,32.0,0.042,238.09523809523807,10.0,0.282955,0.240955,0.238943,0.05,0.0020118,PAPER_BUY,OPEN,,,,,,,
paper-000391,2026-09-21T18:43:54.410759+00:00,4782368,helsinki|2026_09_23|highest_temperature|c|efhk,Helsinki,EFHK,2026-09-23,highest_temperature,exact,15.0,15.0,15.0,0.05,200.0,10.0,0.286454,0.236454,0.234079,0.05,0.002375,PAPER_BUY,OPEN,,,,,,,
paper-000392,2026-09-21T18:43:54.394606+00:00,4781780,beijing|2026_09_23|lowest_temperature|c|zbaa,Beijing,ZBAA,2026-09-23,lowest_temperature,exact,20.0,20.0,20.0,0.04,250.0,10.0,0.267045,0.227045,0.225125,0.05,0.00192,PAPER_BUY,OPEN,,,,,,,
paper-000393,2026-09-21T18:43:54.401356+00:00,4782091,paris|2026_09_23|highest_temperature|c|lfpb,Paris,LFPB,2026-09-23,highest_temperature,exact,24.0,24.0,24.0,0.1,100.0,10.0,0.327595,0.227595,0.223095,0.05,0.0045,PAPER_BUY,OPEN,,,,,,,
paper-000394,2026-09-21T18:43:54.401343+00:00,4782090,paris|2026_09_23|highest_temperature|c|lfpb,Paris,LFPB,2026-09-23,highest_temperature,exact,23.0,23.0,23.0,0.02,500.0,10.0,0.233842,0.213842,0.212862,0.05,0.00098,PAPER_BUY,OPEN,,,,,,,
paper-000395,2026-09-21T18:43:54.406296+00:00,4782213,milan|2026_09_23|highest_temperature|c|limc,Milan,LIMC,2026-09-23,highest_temperature,exact,22.0,22.0,22.0,0.06,166.66666666666669,10.0,0.262848,0.202848,0.200028,0.05,0.00282,PAPER_BUY,OPEN,,,,,,,
paper-000396,2026-09-21T18:43:54.365001+00:00,4746145,wellington|2026_09_22|highest_temperature|c|nzwn,Wellington,NZWN,2026-09-22,highest_temperature,exact,15.0,15.0,15.0,0.14,71.42857142857142,10.0,0.341296,0.201296,0.195276,0.05,0.00602,PAPER_BUY,OPEN,,,,,,,
paper-000397,2026-09-21T18:43:54.368868+00:00,4746251,madrid|2026_09_22|highest_temperature|c|lemd,Madrid,LEMD,2026-09-22,highest_temperature,exact,33.0,33.0,33.0,0.29,34.48275862068966,10.0,0.482475,0.192475,0.18218,0.05,0.010295,PAPER_BUY,OPEN,,,,,,,
paper-000398,2026-09-21T18:43:54.402530+00:00,4782120,ankara|2026_09_23|highest_temperature|c|ltac,Ankara,LTAC,2026-09-23,highest_temperature,or_higher,23.0,23.0,,0.01,1000.0,10.0,0.192476,0.182476,0.181981,0.05,0.000495,PAPER_BUY,OPEN,,,,,,,
paper-000399,2026-09-21T18:43:54.407417+00:00,4782244,warsaw|2026_09_23|highest_temperature|c|epwa,Warsaw,EPWA,2026-09-23,highest_temperature,exact,15.0,15.0,15.0,0.15,66.66666666666667,10.0,0.330837,0.180837,0.174462,0.05,0.006375,PAPER_BUY,OPEN,,,,,,,
paper-000400,2026-09-21T22:18:16.734965+00:00,4746105,london|2026_09_22|highest_temperature|c|eglc,London,EGLC,2026-09-22,highest_temperature,or_higher,26.0,26.0,,0.12,83.33333333333334,10.0,0.387434,0.267434,0.262154,0.05,0.00528,PAPER_BUY,OPEN,,,,,,,
paper-000401,2026-09-21T22:18:16.771803+00:00,4782378,kuala_lumpur|2026_09_23|highest_temperature|c|wmkk,Kuala Lumpur,WMKK,2026-09-23,highest_temperature,exact,34.0,34.0,34.0,0.08,125.0,10.0,0.312857,0.232857,0.229177,0.05,0.00368,PAPER_BUY,OPEN,,,,,,,
paper-000402,2026-09-21T22:18:16.739892+00:00,4746260,warsaw|2026_09_22|highest_temperature|c|epwa,Warsaw,EPWA,2026-09-22,highest_temperature,exact,14.0,14.0,14.0,0.03,333.33333333333337,10.0,0.2338,0.2038,0.202345,0.05,0.001455,PAPER_BUY,OPEN,,,,,,,
paper-000403,2026-09-21T22:18:16.736122+00:00,4746130,ankara|2026_09_22|highest_temperature|c|ltac,Ankara,LTAC,2026-09-22,highest_temperature,exact,22.0,22.0,22.0,0.03,333.33333333333337,10.0,0.223856,0.193856,0.192401,0.05,0.001455,PAPER_BUY,OPEN,,,,,,,
paper-000404,2026-09-21T22:18:16.736133+00:00,4746131,ankara|2026_09_22|highest_temperature|c|ltac,Ankara,LTAC,2026-09-22,highest_temperature,exact,23.0,23.0,23.0,0.15,66.66666666666667,10.0,0.3277,0.1777,0.171325,0.05,0.006375,PAPER_BUY,OPEN,,,,,,,
paper-000405,2026-09-21T22:18:16.764905+00:00,4782107,seoul_incheon|2026_09_23|highest_temperature|c|rksi,Seoul (Incheon),RKSI,2026-09-23,highest_temperature,exact,28.0,28.0,28.0,0.04,250.0,10.0,0.210323,0.170323,0.168403,0.05,0.00192,PAPER_BUY,OPEN,,,,,,,
paper-000406,2026-09-22T01:02:11.596802+00:00,4782367,helsinki|2026_09_23|highest_temperature|c|efhk,Helsinki,EFHK,2026-09-23,highest_temperature,exact,14.0,14.0,14.0,0.14,71.42857142857142,10.0,0.336932,0.196932,0.190912,0.05,0.00602,PAPER_BUY,OPEN,,,,,,,
paper-000407,2026-09-22T01:02:11.589438+00:00,4782081,london|2026_09_23|highest_temperature|c|eglc,London,EGLC,2026-09-23,highest_temperature,exact,22.0,22.0,22.0,0.04,250.0,10.0,0.209087,0.169087,0.167167,0.05,0.00192,PAPER_BUY,OPEN,,,,,,,
paper-000408,2026-09-22T01:02:11.562931+00:00,4746167,munich|2026_09_22|highest_temperature|c|eddm,Munich,EDDM,2026-09-22,highest_temperature,exact,19.0,19.0,19.0,0.003,3333.3333333333335,10.0,0.161691,0.158691,0.158541,0.05,0.00014955,PAPER_BUY,OPEN,,,,,,,
paper-000409,2026-09-22T01:02:11.559802+00:00,4745479,karachi|2026_09_22|lowest_temperature|c|opkc,Karachi,OPKC,2026-09-22,lowest_temperature,exact,27.0,27.0,27.0,0.29,34.48275862068966,10.0,0.457913,0.167913,0.157618,0.05,0.010295,PAPER_BUY,OPEN,,,,,,,
paper-000410,2026-09-22T01:02:11.598766+00:00,4782431,karachi|2026_09_23|highest_temperature|c|opkc,Karachi,OPKC,2026-09-23,highest_temperature,exact,35.0,35.0,35.0,0.19,52.63157894736842,10.0,0.35169,0.16169,0.153995,0.05,0.007695,PAPER_BUY,OPEN,,,,,,,
paper-000411,2026-09-22T01:02:11.597216+00:00,4782379,kuala_lumpur|2026_09_23|highest_temperature|c|wmkk,Kuala Lumpur,WMKK,2026-09-23,highest_temperature,exact,35.0,35.0,35.0,0.03,333.33333333333337,10.0,0.183136,0.153136,0.151681,0.05,0.001455,PAPER_BUY,OPEN,,,,,,,
paper-000412,2026-09-22T01:02:11.569201+00:00,4746428,guangzhou|2026_09_22|highest_temperature|c|zggg,Guangzhou,ZGGG,2026-09-22,highest_temperature,exact,33.0,33.0,33.0,0.1,100.0,10.0,0.252525,0.152525,0.148025,0.05,0.0045,PAPER_BUY,OPEN,,,,,,,
paper-000413,2026-09-22T01:02:11.562909+00:00,4746166,munich|2026_09_22|highest_temperature|c|eddm,Munich,EDDM,2026-09-22,highest_temperature,exact,18.0,18.0,18.0,0.12,83.33333333333334,10.0,0.269468,0.149468,0.144188,0.05,0.00528,PAPER_BUY,OPEN,,,,,,,
paper-000414,2026-09-22T01:02:11.564927+00:00,4746250,madrid|2026_09_22|highest_temperature|c|lemd,Madrid,LEMD,2026-09-22,highest_temperature,exact,32.0,32.0,32.0,0.03,333.33333333333337,10.0,0.168773,0.138773,0.137318,0.05,0.001455,PAPER_BUY,OPEN,,,,,,,
paper-000415,2026-09-22T01:02:11.564107+00:00,4746226,singapore|2026_09_22|highest_temperature|c|wsss,Singapore,WSSS,2026-09-22,highest_temperature,exact,30.0,30.0,30.0,0.07,142.85714285714283,10.0,0.210284,0.140284,0.137029,0.05,0.003255,PAPER_BUY,OPEN,,,,,,,
paper-000416,2026-09-22T01:02:11.591438+00:00,4782136,lucknow|2026_09_23|highest_temperature|c|vilk,Lucknow,VILK,2026-09-23,highest_temperature,exact,32.0,32.0,32.0,0.15,66.66666666666667,10.0,0.290947,0.140947,0.134572,0.05,0.006375,PAPER_BUY,OPEN,,,,,,,
