collected_at,event_id,market_id,city,market_date,market_type,question,group_title,group_threshold,yes_price,no_price,best_bid,best_ask,spread,volume,volume_24h,liquidity,active,closed,accepting_orders,enable_order_book,condition_id
2026-08-28T14:38:06.335824+00:00,914143,3896492,London be 11°C or below,2026-08-28,lowest_temperature,Will the lowest temperature in London be 11°C or below on August 28?,11°C or below,0.0,0.0005,0.9995,,0.001,,186.67,31.259999999999998,1703.09931,True,False,True,True,0xa7908bf5a0d9ce5b928f1f24cbb220af1fde2d6c12ddc9a9361c0ef668f4297e
2026-08-28T14:38:06.335896+00:00,914143,3896493,London be 12°C,2026-08-28,lowest_temperature,Will the lowest temperature in London be 12°C on August 28?,12°C,1.0,0.0005,0.9995,,0.001,,227.61,130.0,989.71451,True,False,True,True,0xf19306ea2f40edb7042c904f4e13618967e089362aa4f2925e2d65711b8056e4
2026-08-28T14:38:06.335912+00:00,914143,3896494,London be 13°C,2026-08-28,lowest_temperature,Will the lowest temperature in London be 13°C on August 28?,13°C,2.0,0.0015,0.9985,,0.003,,1012.173418,564.644,966.89485,True,False,True,True,0x9167fd67b5fc7ee2432f99bdd371ba108a719f100683ea4fe3151028b3a6c7c4
2026-08-28T14:38:06.335926+00:00,914143,3896495,London be 14°C,2026-08-28,lowest_temperature,Will the lowest temperature in London be 14°C on August 28?,14°C,3.0,0.0015,0.9985,,0.003,,591.044531,297.672604,751.95837,True,False,True,True,0x99c3ce9bb6da5adb1c133efca69a5bc20015841a3ce328d7cdd30fa007af42e3
2026-08-28T14:38:06.335941+00:00,914143,3896496,London be 15°C,2026-08-28,lowest_temperature,Will the lowest temperature in London be 15°C on August 28?,15°C,4.0,0.0055,0.9945,0.001,0.01,0.009000000000000001,1650.249002,880.902882,175.60159,True,False,True,True,0xf81bc3c84f3f1cea5222a00062ff83337797ba1773e0a1828181908083e69901
2026-08-28T14:38:06.335955+00:00,914143,3896497,London be 16°C,2026-08-28,lowest_temperature,Will the lowest temperature in London be 16°C on August 28?,16°C,5.0,0.9655,0.0345,0.933,0.998,0.06499999999999995,1402.3332090000004,442.74341300000003,108.5331,True,False,True,True,0x3d418ee99284533ecd5ed1dccbc92ff8fb7510141296f480b15179fc664bf5fc
2026-08-28T14:38:06.335970+00:00,914143,3896498,London be 17°C,2026-08-28,lowest_temperature,Will the lowest temperature in London be 17°C on August 28?,17°C,6.0,0.0005,0.9995,,0.001,,1228.7665279999999,546.1656220000001,4618.9147,True,False,True,True,0x2473344487d01cb7e6dd824cfd500b5afadb49a1f8d6ec091fa80029d89ccf54
2026-08-28T14:38:06.335985+00:00,914143,3896499,London be 18°C,2026-08-28,lowest_temperature,Will the lowest temperature in London be 18°C on August 28?,18°C,7.0,0.0005,0.9995,,0.001,,702.515074,399.12935,4617.89247,True,False,True,True,0x34613784597a448419ada4b87b7e57e8a59d7298e732a21a97b1897fd62b5437
2026-08-28T14:38:06.335999+00:00,914143,3896500,London be 19°C,2026-08-28,lowest_temperature,Will the lowest temperature in London be 19°C on August 28?,19°C,8.0,0.0005,0.9995,,0.001,,1301.415141,643.487141,4504.78395,True,False,True,True,0x04bde77701d62fb35706d9fda86eaa9b97cb88ee2ba7a91ef319a5a75b38d5ad
2026-08-28T14:38:06.336015+00:00,914143,3896501,London be 20°C,2026-08-28,lowest_temperature,Will the lowest temperature in London be 20°C on August 28?,20°C,9.0,0.0005,0.9995,,0.001,,960.7618319999999,815.7233319999999,4535.02373,True,False,True,True,0x5ba4c149c656826a0c6d7eb16cb9a24323cc3e3b427501003b6d2a82e5074cb7
2026-08-28T14:38:06.336031+00:00,914143,3896502,London be 21°C or higher,2026-08-28,lowest_temperature,Will the lowest temperature in London be 21°C or higher on August 28?,21°C or higher,10.0,0.0005,0.9995,,0.001,,301.291333,141.7,5162.57823,True,False,True,True,0x1c8e6d2d394c82c8fdc13bfb8d3696c41b3ab6caf922f055fc72bef11780ecf1
2026-08-28T14:38:06.336048+00:00,914144,3896503,Paris be 12°C or below,2026-08-28,lowest_temperature,Will the lowest temperature in Paris be 12°C or below on August 28?,12°C or below,0.0,0.001,0.999,,0.002,,285.98443299999997,207.99433299999998,1466.00823,True,False,True,True,0xcda69e6ae47aabbcb8640e8082395ab5f5a1adcfb641bcd738b228af744a1619
2026-08-28T14:38:06.336065+00:00,914144,3896504,Paris be 13°C,2026-08-28,lowest_temperature,Will the lowest temperature in Paris be 13°C on August 28?,13°C,1.0,0.005,0.995,0.001,0.009,0.008,229.845,166.845,824.32603,True,False,True,True,0x5d9b33197697e34f916fcc1f79977a9719e40d60a8e221bf62a05b4533eb602c
2026-08-28T14:38:06.336080+00:00,914144,3896505,Paris be 14°C,2026-08-28,lowest_temperature,Will the lowest temperature in Paris be 14°C on August 28?,14°C,2.0,0.0055,0.9945,0.001,0.01,0.009000000000000001,257.1915,221.19150000000002,81.84571,True,False,True,True,0xdf5db97ac887436db16d7bcc08c0a9e97d47acbc25a4f361a5dd14f0065cbc6e
2026-08-28T14:38:06.336095+00:00,914144,3896506,Paris be 15°C,2026-08-28,lowest_temperature,Will the lowest temperature in Paris be 15°C on August 28?,15°C,3.0,0.01,0.99,0.003,0.017,0.014000000000000002,247.91378099999997,138.913781,75.20977,True,False,True,True,0xbe1d040576caf3947a9e4f05fe1b2b52f25670e65fadcd4081512784f3ffa85b
2026-08-28T14:38:06.336109+00:00,914144,3896507,Paris be 16°C,2026-08-28,lowest_temperature,Will the lowest temperature in Paris be 16°C on August 28?,16°C,4.0,0.045,0.955,0.03,0.06,0.03,818.381179,539.156743,42.3355,True,False,True,True,0x6c94959700cfe1390aada7a9cf1f978bb9c477374e3a1aaf109832318ec368dc
2026-08-28T14:38:06.336126+00:00,914144,3896508,Paris be 17°C,2026-08-28,lowest_temperature,Will the lowest temperature in Paris be 17°C on August 28?,17°C,5.0,0.94,0.06,0.92,0.96,0.039999999999999925,858.278071,404.78768900000006,113.9785,True,False,True,True,0x0ab17b79ddb02926eb1cecb55050c398da85d4e66006b31901aa5bb79ba0f72d
2026-08-28T14:38:06.336140+00:00,914144,3896509,Paris be 18°C,2026-08-28,lowest_temperature,Will the lowest temperature in Paris be 18°C on August 28?,18°C,6.0,0.0005,0.9995,,0.001,,1115.735258,915.1856930000001,3754.85716,True,False,True,True,0xda2075041aa0ee68ce0bc990557102e84e751c96aaa962b58f5eefdac187a7e7
2026-08-28T14:38:06.336155+00:00,914144,3896510,Paris be 19°C,2026-08-28,lowest_temperature,Will the lowest temperature in Paris be 19°C on August 28?,19°C,7.0,0.0005,0.9995,,0.001,,729.787282,599.6133699999999,4592.20645,True,False,True,True,0x4f5767028953d11b3f2879863b214acfcad444e9edce73d94482172268c38be8
2026-08-28T14:38:06.336169+00:00,914144,3896511,Paris be 20°C,2026-08-28,lowest_temperature,Will the lowest temperature in Paris be 20°C on August 28?,20°C,8.0,0.0005,0.9995,,0.001,,296.86310000000003,222.873,4550.59538,True,False,True,True,0x629999d6d934aaff8f33e95c57d63f96046a5a19bb3091c688cda886293f0df0
2026-08-28T14:38:06.336184+00:00,914144,3896512,Paris be 21°C,2026-08-28,lowest_temperature,Will the lowest temperature in Paris be 21°C on August 28?,21°C,9.0,0.0005,0.9995,,0.001,,306.988255,227.98825499999998,4707.27711,True,False,True,True,0x5518297a6950942c3ef74ead48a8516331f5501dc9e45c2a3c26ae04c7a6ccbe
2026-08-28T14:38:06.336198+00:00,914144,3896513,Paris be 22°C or higher,2026-08-28,lowest_temperature,Will the lowest temperature in Paris be 22°C or higher on August 28?,22°C or higher,10.0,0.0005,0.9995,,0.001,,217.98399999999998,202.98399999999998,5363.9993,True,False,True,True,0xa1ffa3c02e71984177b0a0da44351153ff47458f64bbc0cf003a871b7207f289
2026-08-28T14:38:06.336214+00:00,914145,3896514,Seoul (Incheon) be 19°C or below,2026-08-28,lowest_temperature,Will the lowest temperature in Seoul (Incheon) be 19°C or below on August 28?,19°C or below,0.0,0.0005,0.9995,,0.001,,515.643663,227.15,1024.50402,True,False,True,True,0xb9d99e9a04180eb519b87b547016b52a7a2cc59d33d5c928a48074696de2031a
2026-08-28T14:38:06.336229+00:00,914145,3896515,Seoul (Incheon) be 20°C,2026-08-28,lowest_temperature,Will the lowest temperature in Seoul (Incheon) be 20°C on August 28?,20°C,1.0,0.0005,0.9995,,0.001,,719.1075999999999,485.35499999999996,406.78087,True,False,True,True,0xbfc800be47d4cbeec1e4835bd95a6983ec2cf06c5256dc419e6196a41a48e8c8
2026-08-28T14:38:06.336244+00:00,914145,3896516,Seoul (Incheon) be 21°C,2026-08-28,lowest_temperature,Will the lowest temperature in Seoul (Incheon) be 21°C on August 28?,21°C,2.0,0.0005,0.9995,,0.001,,543.6456000000001,239.58499999999998,1121.70249,True,False,True,True,0x5dd49229fc3e35e4df3875a24fa9985adff0aa586b5c3097af5690afc1ff5807
2026-08-28T14:38:06.336259+00:00,914145,3896517,Seoul (Incheon) be 22°C,2026-08-28,lowest_temperature,Will the lowest temperature in Seoul (Incheon) be 22°C on August 28?,22°C,3.0,0.0005,0.9995,,0.001,,1328.733822,923.5089219999999,346.91304,True,False,True,True,0x1bf184cf9cab12a698bd0ea8acf3bf5d8aa36dbde3f5225f11d26d6241237405
2026-08-28T14:38:06.336273+00:00,914145,3896518,Seoul (Incheon) be 23°C,2026-08-28,lowest_temperature,Will the lowest temperature in Seoul (Incheon) be 23°C on August 28?,23°C,4.0,0.004,0.996,,0.008,,1143.0856999999999,1027.0856999999999,681.14667,True,False,True,True,0xf2d2433795957a95d0fbfc29d87dd4f59837505952630c90b3db2cbd26fd76f2
2026-08-28T14:38:06.336290+00:00,914145,3896519,Seoul (Incheon) be 24°C,2026-08-28,lowest_temperature,Will the lowest temperature in Seoul (Incheon) be 24°C on August 28?,24°C,5.0,0.0005,0.9995,,0.001,,1236.4447989999999,1042.088603,404.81764,True,False,True,True,0xc59fc09a52ed4cb3b802be530375c91d1fed18e23df69cf446a5b01a1bd8cc18
2026-08-28T14:38:06.336306+00:00,914145,3896520,Seoul (Incheon) be 25°C,2026-08-28,lowest_temperature,Will the lowest temperature in Seoul (Incheon) be 25°C on August 28?,25°C,6.0,0.07,0.93,,0.14,,2144.0316569999995,1841.3722919999998,222.6676,True,False,True,True,0x2a46e0889fa22e332ec7ddb9cf44dda9fd5710260f055bd12e54d62ba1091eef
2026-08-28T14:38:06.336321+00:00,914145,3896521,Seoul (Incheon) be 26°C,2026-08-28,lowest_temperature,Will the lowest temperature in Seoul (Incheon) be 26°C on August 28?,26°C,7.0,0.98,0.02,0.96,1.0,0.040000000000000036,3307.738103,2493.728332999999,110.8598,True,False,True,True,0xa4b476fa58f1a9e2f234535ae3795c798b8e827861e6a7ddd107379914dbadd5
2026-08-28T14:38:06.336335+00:00,914145,3896522,Seoul (Incheon) be 27°C,2026-08-28,lowest_temperature,Will the lowest temperature in Seoul (Incheon) be 27°C on August 28?,27°C,8.0,0.0005,0.9995,,0.001,,169.994,45.0,12628.14275,True,False,True,True,0x509b523fb6b97bb2112f8c08b64069d8b9707049fa3a1d0e3f8207304450fd35
2026-08-28T14:38:06.336350+00:00,914145,3896523,Seoul (Incheon) be 28°C,2026-08-28,lowest_temperature,Will the lowest temperature in Seoul (Incheon) be 28°C on August 28?,28°C,9.0,0.0005,0.9995,,0.001,,392.59009999999995,315.78999999999996,12869.58485,True,False,True,True,0xf9350ecb1eeff3acca18dcb4c4283dc7153d256b56972f36b11124d8a69a64ef
2026-08-28T14:38:06.336368+00:00,914145,3896524,Seoul (Incheon) be 29°C or higher,2026-08-28,lowest_temperature,Will the lowest temperature in Seoul (Incheon) be 29°C or higher on August 28?,29°C or higher,10.0,0.0005,0.9995,,0.001,,473.355,79.0,12767.98529,True,False,True,True,0xd096377119c37e7450d20669160857a09c6d4e77627fc19ca22b7848b858fa63
2026-08-28T14:38:06.336384+00:00,914146,3896525,Ankara be 10°C or below,2026-08-28,lowest_temperature,Will the lowest temperature in Ankara be 10°C or below on August 28?,10°C or below,0.0,0.0105,0.9895,0.001,0.02,0.019,146.32999999999998,,179.21859,True,False,True,True,0xda97020ed5b655251dda19aebc9a5198d2fdaa34d4eede828e097311bc7c8aec
2026-08-28T14:38:06.336399+00:00,914146,3896526,Ankara be 11°C,2026-08-28,lowest_temperature,Will the lowest temperature in Ankara be 11°C on August 28?,11°C,1.0,0.025,0.975,,0.05,,306.1918,170.0,204.3292,True,False,True,True,0x57ccc123dadc69d3d99418dfbe77873e7e3cdc978e0423624be945bc03630aad
2026-08-28T14:38:06.336412+00:00,914146,3896527,Ankara be 12°C,2026-08-28,lowest_temperature,Will the lowest temperature in Ankara be 12°C on August 28?,12°C,2.0,0.44,0.56,,0.88,,77.0,71.0,9.24,True,False,True,True,0x7e014195670e201e96aef976a28ed01e5733526f9ddbc9e04df995ed97c78f2d
2026-08-28T14:38:06.336428+00:00,914146,3896528,Ankara be 13°C,2026-08-28,lowest_temperature,Will the lowest temperature in Ankara be 13°C on August 28?,13°C,3.0,0.475,0.525,0.02,0.93,0.91,2.061833,2.061833,4.263,True,False,True,True,0x33b528271d74511452aad61570a7f4831e5092ad3c8b78019f195fb613699d73
2026-08-28T14:38:06.336442+00:00,914146,3896529,Ankara be 14°C,2026-08-28,lowest_temperature,Will the lowest temperature in Ankara be 14°C on August 28?,14°C,4.0,0.475,0.525,0.02,0.93,0.91,,,4.4132,True,False,True,True,0xf6f0c1b3e9bf6cef0b64a608727092b51856a572c0074f09cbbd7364a888fc2f
2026-08-28T14:38:06.339230+00:00,914146,3896530,Ankara be 15°C,2026-08-28,lowest_temperature,Will the lowest temperature in Ankara be 15°C on August 28?,15°C,5.0,0.47,0.53,0.02,0.92,0.9,,,4.413,True,False,True,True,0xea728a2fda258a572014a6602a10c74617025106e74bb0e2b472d670c6b639e1
2026-08-28T14:38:06.339248+00:00,914146,3896531,Ankara be 16°C,2026-08-28,lowest_temperature,Will the lowest temperature in Ankara be 16°C on August 28?,16°C,6.0,0.485,0.515,0.03,0.94,0.9099999999999999,5.01,,5.5134,True,False,True,True,0x0bd40d60a192240a18e073c4d3d3b9ea306b505546817929c735f35d4817624b
2026-08-28T14:38:06.339262+00:00,914146,3896532,Ankara be 17°C,2026-08-28,lowest_temperature,Will the lowest temperature in Ankara be 17°C on August 28?,17°C,7.0,0.475,0.525,0.02,0.93,0.91,20.0,,5.9635,True,False,True,True,0xd294d2aaa2cf14e7a397bfac47d9b8838100c81b96339692b6643d5ed2759125
2026-08-28T14:38:06.339275+00:00,914146,3896533,Ankara be 18°C,2026-08-28,lowest_temperature,Will the lowest temperature in Ankara be 18°C on August 28?,18°C,8.0,0.0005,0.9995,,0.001,,120.78,105.77999999999999,3619.33353,True,False,True,True,0x3dc4b94ae0c8941699d4a495c0ab35b017a4cfa15d404dd09ef62acab4b2ae60
2026-08-28T14:38:06.339293+00:00,914146,3896534,Ankara be 19°C,2026-08-28,lowest_temperature,Will the lowest temperature in Ankara be 19°C on August 28?,19°C,9.0,0.0005,0.9995,,0.001,,30.0,15.0,3456.0846,True,False,True,True,0x4d6a85c8e262e5d147d26b5ec8893227a9738197396fe3bc8e458e108e95dccc
2026-08-28T14:38:06.339307+00:00,914146,3896535,Ankara be 20°C or higher,2026-08-28,lowest_temperature,Will the lowest temperature in Ankara be 20°C or higher on August 28?,20°C or higher,10.0,0.0005,0.9995,,0.001,,98.18,64.09,3611.82229,True,False,True,True,0x9dbc6bffb32e558a01dc746b4b7be2a33a62c8550effc93390b17ea9dbb5a54a
2026-08-28T14:38:06.339322+00:00,914148,3896547,Lucknow be 22°C or below,2026-08-28,lowest_temperature,Will the lowest temperature in Lucknow be 22°C or below on August 28?,22°C or below,0.0,0.0045,0.9955,,0.009,,96.8,29.38,292.50922,True,False,True,True,0x835baeee8480eb722f014cd11869d5c17cd1270610491238b666be3687e27b43
2026-08-28T14:38:06.339339+00:00,914148,3896548,Lucknow be 23°C,2026-08-28,lowest_temperature,Will the lowest temperature in Lucknow be 23°C on August 28?,23°C,1.0,0.0045,0.9955,0.001,0.008,0.007,246.72445,18.0,677.38287,True,False,True,True,0xd22b402eeb771ab47f88716e7cb31ff6c8f0f743992c714769fd8bb49db74992
2026-08-28T14:38:06.339354+00:00,914148,3896549,Lucknow be 24°C,2026-08-28,lowest_temperature,Will the lowest temperature in Lucknow be 24°C on August 28?,24°C,2.0,0.47,0.53,0.02,0.92,0.9,6.18305,6.18305,3.0054,True,False,True,True,0x3b9be1542f5bf9b4e7b9dbb74448be8aea12054675e82f237b73ad03f34f38c2
2026-08-28T14:38:06.339370+00:00,914148,3896550,Lucknow be 25°C,2026-08-28,lowest_temperature,Will the lowest temperature in Lucknow be 25°C on August 28?,25°C,3.0,0.25,0.75,0.02,0.48,0.45999999999999996,,,6.7146,True,False,True,True,0x95bf958b658d3eee1cbce2c7e5fc917af51c83054e8a06f088290cfaf033c2e4
2026-08-28T14:38:06.339385+00:00,914148,3896551,Lucknow be 26°C,2026-08-28,lowest_temperature,Will the lowest temperature in Lucknow be 26°C on August 28?,26°C,4.0,0.505,0.495,0.04,0.97,0.9299999999999999,5.208325,5.208325,2.7551,True,False,True,True,0xa7bab98e31af8d8825b467318ed1acd8bf48e281fde1a6f258c210846f38fce4
2026-08-28T14:38:06.339399+00:00,914148,3896552,Lucknow be 27°C,2026-08-28,lowest_temperature,Will the lowest temperature in Lucknow be 27°C on August 28?,27°C,5.0,0.0695,0.9305,,0.139,,1170.452028,1170.452028,70.89842,True,False,True,True,0x3dbe503866a35f4060fa8dcaf1fdc217352c557451dc0c292a95139cfb87ad6d
2026-08-28T14:38:06.339414+00:00,914148,3896553,Lucknow be 28°C,2026-08-28,lowest_temperature,Will the lowest temperature in Lucknow be 28°C on August 28?,28°C,6.0,0.0005,0.9995,,0.001,,180.34304999999998,180.34304999999998,12220.33887,True,False,True,True,0xc2af3152542b39ddc5616e58659090157f55e41665c4d05ff2bb69e9c8cd7e20
2026-08-28T14:38:06.339429+00:00,914148,3896554,Lucknow be 29°C,2026-08-28,lowest_temperature,Will the lowest temperature in Lucknow be 29°C on August 28?,29°C,7.0,0.0005,0.9995,,0.001,,103.62,81.81,12215.04557,True,False,True,True,0x6bc212e16a2cca77be17c15b64cb544d17159e9b1e43836ec26dc785dc9924ac
2026-08-28T14:38:06.339442+00:00,914148,3896555,Lucknow be 30°C,2026-08-28,lowest_temperature,Will the lowest temperature in Lucknow be 30°C on August 28?,30°C,8.0,0.0005,0.9995,,0.001,,1348.6055,1311.7955,11648.86067,True,False,True,True,0xc975b7b0a32a603358cdd97be1ee37f0e488e5bdb1372e2f547ff7d3ae7aa1bf
2026-08-28T14:38:06.339456+00:00,914148,3896556,Lucknow be 31°C,2026-08-28,lowest_temperature,Will the lowest temperature in Lucknow be 31°C on August 28?,31°C,9.0,0.0005,0.9995,,0.001,,260.23,223.37,12703.19015,True,False,True,True,0x4f6d6a0a3e48830777b325b4f194ecffe0cd3b82f22fbc341c6337139e1b10d8
2026-08-28T14:38:06.339471+00:00,914148,3896557,Lucknow be 32°C or higher,2026-08-28,lowest_temperature,Will the lowest temperature in Lucknow be 32°C or higher on August 28?,32°C or higher,10.0,0.0005,0.9995,,0.001,,224.461,177.05,12527.98005,True,False,True,True,0x501948162ed3aabb8e90a74fd89682fc5f5eb5c90f7a38a3c711daf08b4da020
2026-08-28T14:38:06.339487+00:00,914149,3896558,Munich be 12°C or below,2026-08-28,lowest_temperature,Will the lowest temperature in Munich be 12°C or below on August 28?,12°C or below,0.0,0.0055,0.9945,0.001,0.01,0.009000000000000001,42.269999999999996,,164.46579,True,False,True,True,0x40139583b85389eacc31e65235723d52a43ef968e0725b31f8ed083ca2016af4
2026-08-28T14:38:06.339511+00:00,914149,3896559,Munich be 13°C,2026-08-28,lowest_temperature,Will the lowest temperature in Munich be 13°C on August 28?,13°C,1.0,0.0605,0.9395,0.002,0.119,0.11699999999999999,211.17325,45.17325,189.37756,True,False,True,True,0xaf7c12d00232b1e2cc7a72303f1bfbaf90b6ad9c85abb27a5b609cf8d31bb336
2026-08-28T14:38:06.339525+00:00,914149,3896560,Munich be 14°C,2026-08-28,lowest_temperature,Will the lowest temperature in Munich be 14°C on August 28?,14°C,2.0,0.08,0.92,0.01,0.15,0.13999999999999999,155.22587,135.22587000000001,19.1425,True,False,True,True,0xbebc3a315e7627a0241a71cb4186ebde6afa2ba8b77b237fd3b0c3a3531eb114
2026-08-28T14:38:06.339541+00:00,914149,3896561,Munich be 15°C,2026-08-28,lowest_temperature,Will the lowest temperature in Munich be 15°C on August 28?,15°C,3.0,0.245,0.755,0.02,0.47,0.44999999999999996,,,7.8591,True,False,True,True,0x419bb9f4130357fbc7388789cb646f433d7d277ce5c366bf496651c02f93c9e6
2026-08-28T14:38:06.339555+00:00,914149,3896562,Munich be 16°C,2026-08-28,lowest_temperature,Will the lowest temperature in Munich be 16°C on August 28?,16°C,4.0,0.49,0.51,0.03,0.95,0.9199999999999999,,,3.9135,True,False,True,True,0x32edf554b4bdb062699922a2447f0a7f8f1c9650a25346ecd839e7dd03e793c6
2026-08-28T14:38:06.339567+00:00,914149,3896563,Munich be 17°C,2026-08-28,lowest_temperature,Will the lowest temperature in Munich be 17°C on August 28?,17°C,5.0,0.495,0.505,0.04,0.95,0.9099999999999999,3.33333,3.33333,4.2035,True,False,True,True,0x0b54e0499cf8a8faf1c73223c79084e86bdb15962ea88c0ae7717f819508782c
2026-08-28T14:38:06.339581+00:00,914149,3896564,Munich be 18°C,2026-08-28,lowest_temperature,Will the lowest temperature in Munich be 18°C on August 28?,18°C,6.0,0.0005,0.9995,,0.001,,117.36540000000001,117.36540000000001,4005.11358,True,False,True,True,0xaa9ec1ca9fb7988709a80b321d245e63de8ababfe05bf33e95fb84bb30601caf
2026-08-28T14:38:06.339595+00:00,914149,3896565,Munich be 19°C,2026-08-28,lowest_temperature,Will the lowest temperature in Munich be 19°C on August 28?,19°C,7.0,0.0005,0.9995,,0.001,,64.21209999999999,43.0,3968.16946,True,False,True,True,0x862b6267db73517012a73dbf847a32a29b14ac6216a0b70e60fc363df3d94e23
2026-08-28T14:38:06.339610+00:00,914149,3896566,Munich be 20°C,2026-08-28,lowest_temperature,Will the lowest temperature in Munich be 20°C on August 28?,20°C,8.0,0.0005,0.9995,,0.001,,95.0,15.0,4763.17949,True,False,True,True,0xc93cc6df454f669bef5df6fffc695ceb09b827d7639fd6ca8e20a3dd05b37e7c
2026-08-28T14:38:06.339623+00:00,914149,3896567,Munich be 21°C,2026-08-28,lowest_temperature,Will the lowest temperature in Munich be 21°C on August 28?,21°C,9.0,0.0005,0.9995,,0.001,,104.53999999999999,62.269999999999996,5086.94066,True,False,True,True,0xd714dbe71a6d64d15db50ed5835ea94e3b5227da27032675a90e3f16b802af3e
2026-08-28T14:38:06.339638+00:00,914149,3896568,Munich be 22°C or higher,2026-08-28,lowest_temperature,Will the lowest temperature in Munich be 22°C or higher on August 28?,22°C or higher,10.0,0.0005,0.9995,,0.001,,1409.54,1367.27,4912.27656,True,False,True,True,0x238b9c1adae4a4d04df0b00998383ff2135c85cf37addd57a9e80f2f5656aad2
2026-08-28T14:38:06.339654+00:00,914150,3896569,Tel Aviv be 19°C or below,2026-08-28,lowest_temperature,Will the lowest temperature in Tel Aviv be 19°C or below on August 28?,19°C or below,0.0,0.0025,0.9975,0.001,0.004,0.003,1107.4737,1020.664,644.53503,True,False,True,True,0x470aedf35c3eadf396b5846fd503e517192245eaf25d6e503c6e460fcf5d75ed
2026-08-28T14:38:06.339670+00:00,914150,3896570,Tel Aviv be 20°C,2026-08-28,lowest_temperature,Will the lowest temperature in Tel Aviv be 20°C on August 28?,20°C,1.0,0.003,0.997,0.001,0.005,0.004,414.5055,199.75849999999997,861.61146,True,False,True,True,0xf9bb064cb9615e7805dc070c0102d94fa9c72b07085c92849a6034ce59e3b880
2026-08-28T14:38:06.339684+00:00,914150,3896571,Tel Aviv be 21°C,2026-08-28,lowest_temperature,Will the lowest temperature in Tel Aviv be 21°C on August 28?,21°C,2.0,0.03,0.97,,0.06,,81.101,18.101,124.5374,True,False,True,True,0xb100daef5811627796be778131725ceeb4104bbbaf639b6279d7a2eeb9dc6754
2026-08-28T14:38:06.339708+00:00,914150,3896572,Tel Aviv be 22°C,2026-08-28,lowest_temperature,Will the lowest temperature in Tel Aviv be 22°C on August 28?,22°C,3.0,0.045,0.955,,0.09,,76.97363299999999,75.942733,106.5267,True,False,True,True,0x7a4650d1ab87edefafcf903b35a4874cd0245084d27a6d2bb13b129272040890
2026-08-28T14:38:06.339722+00:00,914150,3896573,Tel Aviv be 23°C,2026-08-28,lowest_temperature,Will the lowest temperature in Tel Aviv be 23°C on August 28?,23°C,4.0,0.045,0.955,,0.09,,43.166199999999996,43.1662,41.4755,True,False,True,True,0xffd991553fca4cda3559fb9ad08c794f8e2a3148743a9bf41647d3ccd58eb74c
2026-08-28T14:38:06.339737+00:00,914150,3896574,Tel Aviv be 24°C,2026-08-28,lowest_temperature,Will the lowest temperature in Tel Aviv be 24°C on August 28?,24°C,5.0,0.395,0.605,,0.79,,213.48829099999998,212.351933,18.8001,True,False,True,True,0xe01bbfd29a8f1fab057c59bd0d05e25975a01c06e0b23a2ea5967ff314dba75e
2026-08-28T14:38:06.339751+00:00,914150,3896575,Tel Aviv be 25°C,2026-08-28,lowest_temperature,Will the lowest temperature in Tel Aviv be 25°C on August 28?,25°C,6.0,0.6,0.4,0.2,1.0,0.8,290.073,290.073,19.7744,True,False,True,True,0x006b9f51b32b2f1de410d52e084e0842a21745a9c43e2daf718a741487d07662
2026-08-28T14:38:06.339765+00:00,914150,3896576,Tel Aviv be 26°C,2026-08-28,lowest_temperature,Will the lowest temperature in Tel Aviv be 26°C on August 28?,26°C,7.0,0.0005,0.9995,,0.001,,105.91910000000001,75.5555,5914.79532,True,False,True,True,0x75ce1c6f32f370ffef4081a58e66456b54072eb5d18662415275a073e3a9b2fc
2026-08-28T14:38:06.339781+00:00,914150,3896577,Tel Aviv be 27°C,2026-08-28,lowest_temperature,Will the lowest temperature in Tel Aviv be 27°C on August 28?,27°C,8.0,0.0005,0.9995,,0.001,,99.92620000000001,15.0,6885.78395,True,False,True,True,0xf89695bb6ca6b5ac4c2cee2efc3d26390e04d4e5951dee6d2002e458ad599a56
2026-08-28T14:38:06.339797+00:00,914150,3896578,Tel Aviv be 28°C,2026-08-28,lowest_temperature,Will the lowest temperature in Tel Aviv be 28°C on August 28?,28°C,9.0,0.0005,0.9995,,0.001,,277.68,61.81,6857.10173,True,False,True,True,0xf8bf804e5aa7484ba2c106aab38e754d6ae7c0fd9849fdf8c48e0b026f6d6bb1
2026-08-28T14:38:06.339812+00:00,914150,3896579,Tel Aviv be 29°C or higher,2026-08-28,lowest_temperature,Will the lowest temperature in Tel Aviv be 29°C or higher on August 28?,29°C or higher,10.0,0.0005,0.9995,,0.001,,265.43,118.62,6863.29189,True,False,True,True,0xafdae2c415baafe269f4ccbfedd8a2a2fe5c1137a6b50dc9e6f59bef0f61a2e6
2026-08-28T14:38:06.339828+00:00,914151,3896580,Tokyo be 22°C or below,2026-08-28,lowest_temperature,Will the lowest temperature in Tokyo be 22°C or below on August 28?,22°C or below,0.0,0.003,0.997,,0.006,,1548.842526,1138.8864599999997,210.18877,True,False,True,True,0xb902a1fe26f12dd596b9425dd3833448ad056e374047464d141f6312fdf19ef7
2026-08-28T14:38:06.339843+00:00,914151,3896581,Tokyo be 23°C,2026-08-28,lowest_temperature,Will the lowest temperature in Tokyo be 23°C on August 28?,23°C,1.0,0.003,0.997,,0.006,,1584.0745560000003,1276.3724009999999,137.78415,True,False,True,True,0x36455618e91f364b734532423bba7c1b78f211fe15230106e62a931b12845946
2026-08-28T14:38:06.339857+00:00,914151,3896582,Tokyo be 24°C,2026-08-28,lowest_temperature,Will the lowest temperature in Tokyo be 24°C on August 28?,24°C,2.0,0.0045,0.9955,0.001,0.008,0.007,1045.812336,709.831513,83.26695,True,False,True,True,0x255408ad21d3559bab3c32b15466a2654cd6010358ba20c11fafcea5ce9374ab
2026-08-28T14:38:06.339872+00:00,914151,3896583,Tokyo be 25°C,2026-08-28,lowest_temperature,Will the lowest temperature in Tokyo be 25°C on August 28?,25°C,3.0,0.04,0.96,,0.08,,1195.036586,635.7815609999999,105.0165,True,False,True,True,0x48c7a6987fc49aa97cf9447615b23bfffe000085e396417a9646310332b02e43
2026-08-28T14:38:06.339885+00:00,914151,3896584,Tokyo be 26°C,2026-08-28,lowest_temperature,Will the lowest temperature in Tokyo be 26°C on August 28?,26°C,4.0,0.965,0.035,0.93,1.0,0.06999999999999995,2899.532256,1536.412277,123.7682,True,False,True,True,0x6f16900d6ea18dbb1c4bbb8e99d4107fa69176e132b632a7aec6de0df67e324e
2026-08-28T14:38:06.339900+00:00,914151,3896585,Tokyo be 27°C,2026-08-28,lowest_temperature,Will the lowest temperature in Tokyo be 27°C on August 28?,27°C,5.0,0.0005,0.9995,,0.001,,430.33959400000003,61.0,14050.55787,True,False,True,True,0x24d483e662292f1927e2595c55a83c4f2eeefb6be02a698aacce3a7ed880d358
2026-08-28T14:38:06.339915+00:00,914151,3896586,Tokyo be 28°C,2026-08-28,lowest_temperature,Will the lowest temperature in Tokyo be 28°C on August 28?,28°C,6.0,0.0005,0.9995,,0.001,,267.8,220.0,14054.50898,True,False,True,True,0x250464d010300ef0ad0e3c8e1f3ab0d81572e913e1abcfff32ce5892186cd1ba
2026-08-28T14:38:06.339929+00:00,914151,3896587,Tokyo be 29°C,2026-08-28,lowest_temperature,Will the lowest temperature in Tokyo be 29°C on August 28?,29°C,7.0,0.0005,0.9995,,0.001,,925.4299999999998,243.62,14382.27353,True,False,True,True,0xf1dfaaa9f2731ab1a2cc59b68e55cdb4d01eb3af5075e7fa7c2c018b910a87f8
2026-08-28T14:38:06.339942+00:00,914151,3896588,Tokyo be 30°C,2026-08-28,lowest_temperature,Will the lowest temperature in Tokyo be 30°C on August 28?,30°C,8.0,0.0005,0.9995,,0.001,,328.33,153.62,14672.01924,True,False,True,True,0xbb54d8161255d22a2285d5bd44a82eba5062bb1a17886b521b66e108ca6a63ba
2026-08-28T14:38:06.339957+00:00,914151,3896589,Tokyo be 31°C,2026-08-28,lowest_temperature,Will the lowest temperature in Tokyo be 31°C on August 28?,31°C,9.0,0.0005,0.9995,,0.001,,201.51999999999998,21.81,15238.56821,True,False,True,True,0xc03291d72740086ab7b13a70ca723a14b65ee5cf6134a12905abf2e6ffc770d8
2026-08-28T14:38:06.339971+00:00,914151,3896590,Tokyo be 32°C or higher,2026-08-28,lowest_temperature,Will the lowest temperature in Tokyo be 32°C or higher on August 28?,32°C or higher,10.0,0.0005,0.9995,,0.001,,352.09000000000003,26.950000000000003,13224.98438,True,False,True,True,0xb36aecc92a48d63abc9d393e70196015580c54899e50d4ab17655d08f6ffa802
2026-08-28T14:38:06.339987+00:00,914152,3896591,Hong Kong be 22°C or below,2026-08-28,lowest_temperature,Will the lowest temperature in Hong Kong be 22°C or below on August 28?,22°C or below,0.0,0.0005,0.9995,,0.001,,272.98,21.81,1369.04188,True,False,True,True,0xfdebafb33db573031832119db3fb6064a7bbdc0e9073dd046bf05c411bee8f24
2026-08-28T14:38:06.340001+00:00,914152,3896592,Hong Kong be 23°C,2026-08-28,lowest_temperature,Will the lowest temperature in Hong Kong be 23°C on August 28?,23°C,1.0,0.0005,0.9995,,0.001,,396.92499999999995,246.373,1042.24756,True,False,True,True,0x6bc6ad2ec1e87f32dce81e4917fd1cecde1a0aa8569909884db50b0a08af22c7
2026-08-28T14:38:06.340016+00:00,914152,3896593,Hong Kong be 24°C,2026-08-28,lowest_temperature,Will the lowest temperature in Hong Kong be 24°C on August 28?,24°C,2.0,0.0015,0.9985,,0.003,,734.1564999999998,338.2125,206.82207,True,False,True,True,0x7121966907a762e1c07035af72caf4e57256c71107f9155a4fc7e6ffdacb793e
2026-08-28T14:38:06.340030+00:00,914152,3896594,Hong Kong be 25°C,2026-08-28,lowest_temperature,Will the lowest temperature in Hong Kong be 25°C on August 28?,25°C,3.0,0.002,0.998,,0.004,,1191.1918779999999,977.693597,249.21026,True,False,True,True,0x827b6d315c20f2fc35548954573c53532f4cdbe637f98bc7179ceac39fc8145f
2026-08-28T14:38:06.340045+00:00,914152,3896595,Hong Kong be 26°C,2026-08-28,lowest_temperature,Will the lowest temperature in Hong Kong be 26°C on August 28?,26°C,4.0,0.003,0.997,0.001,0.005,0.004,2981.5100009999996,2507.81701,5264.12919,True,False,True,True,0x772b295ad859d0f2b31e55b69408ff4a0ba965492fd32d29d7366d627943c770
2026-08-28T14:38:06.340060+00:00,914152,3896596,Hong Kong be 27°C,2026-08-28,lowest_temperature,Will the lowest temperature in Hong Kong be 27°C on August 28?,27°C,5.0,0.003,0.997,0.001,0.005,0.004,2145.66543,1872.091493,5824.8418,True,False,True,True,0xf55a3d6638a2a6b8e59de392b514766f1eb71c86867c72afd4d4edb31b5955c5
2026-08-28T14:38:06.340074+00:00,914152,3896597,Hong Kong be 28°C,2026-08-28,lowest_temperature,Will the lowest temperature in Hong Kong be 28°C on August 28?,28°C,6.0,0.997,0.003,0.995,0.999,0.0040000000000000036,4969.383733999999,3964.800837999999,5336.18294,True,False,True,True,0x0b226625e064d1a12b39e109a6184e475f05af08bfeb3416f8a0db7deb2ac695
2026-08-28T14:38:06.340093+00:00,914152,3896598,Hong Kong be 29°C,2026-08-28,lowest_temperature,Will the lowest temperature in Hong Kong be 29°C on August 28?,29°C,7.0,0.001,0.999,,0.002,,4348.559513,3807.6669879999995,13909.49745,True,False,True,True,0xc02aebb9c6e33b4811086eae6b723fef8d75db18bb4baa4057b5738da039fd66
2026-08-28T14:38:06.340107+00:00,914152,3896599,Hong Kong be 30°C,2026-08-28,lowest_temperature,Will the lowest temperature in Hong Kong be 30°C on August 28?,30°C,8.0,0.0005,0.9995,,0.001,,290.29499999999996,141.91299999999998,11524.55921,True,False,True,True,0x8f057ebe6c56f5b27e8fef85da1a5a67861b993c3cf1b0b8bffd3fefc04acacb
2026-08-28T14:38:06.340121+00:00,914152,3896600,Hong Kong be 31°C,2026-08-28,lowest_temperature,Will the lowest temperature in Hong Kong be 31°C on August 28?,31°C,9.0,0.0005,0.9995,,0.001,,376.56500000000005,270.373,11642.31578,True,False,True,True,0x652f319e295cc0fda50c390c0146986b5f1b50e87462b93dad836eb154421519
2026-08-28T14:38:06.340136+00:00,914152,3896601,Hong Kong be 32°C or higher,2026-08-28,lowest_temperature,Will the lowest temperature in Hong Kong be 32°C or higher on August 28?,32°C or higher,10.0,0.0005,0.9995,,0.001,,388.035,244.793,8520.34997,True,False,True,True,0x06dea6fa35d44962bf4911e9bca9500a8ead8e255628cff809d2eb730bac3d40
2026-08-28T14:38:06.340152+00:00,914153,3896602,Shanghai be 23°C or below,2026-08-28,lowest_temperature,Will the lowest temperature in Shanghai be 23°C or below on August 28?,23°C or below,0.0,0.0005,0.9995,,0.001,,2534.024143,2315.0441429999996,1719.79953,True,False,True,True,0x85a43133f6f39cfd267e7922538acd63f0ba0c7206ed18c2f5078180846816a1
2026-08-28T14:38:06.340169+00:00,914153,3896603,Shanghai be 24°C,2026-08-28,lowest_temperature,Will the lowest temperature in Shanghai be 24°C on August 28?,24°C,1.0,0.0005,0.9995,,0.001,,4630.09707,3784.206313,1730.43451,True,False,True,True,0x949104206fb5f1407a9d641338c9a1744ca7bf83b47b0294dbb6cdc800538b1f
2026-08-28T14:38:06.340184+00:00,914153,3896604,Shanghai be 25°C,2026-08-28,lowest_temperature,Will the lowest temperature in Shanghai be 25°C on August 28?,25°C,2.0,0.002,0.998,0.001,0.003,0.002,2825.0551780000005,1570.012967,691.06388,True,False,True,True,0xff172585d3a2c462720460889fb586794072b67834410c286abc2546634f9d26
2026-08-28T14:38:06.340198+00:00,914153,3896605,Shanghai be 26°C,2026-08-28,lowest_temperature,Will the lowest temperature in Shanghai be 26°C on August 28?,26°C,3.0,0.004,0.996,0.001,0.007,0.006,1362.171268,681.6480789999999,101.56674,True,False,True,True,0x74e64c9148e7b498c9083d3ffc2b121a8d24e7e2d7a605a1d6b08b2e35006154
2026-08-28T14:38:06.340212+00:00,914153,3896606,Shanghai be 27°C,2026-08-28,lowest_temperature,Will the lowest temperature in Shanghai be 27°C on August 28?,27°C,4.0,0.995,0.005,0.991,0.999,0.008000000000000007,3640.762165000001,2342.8841370000005,205.29324,True,False,True,True,0xbcaa1e50c321f4d568f7004e4fd9773419232650d96e83a839ff4a498f6958a7
2026-08-28T14:38:06.340225+00:00,914153,3896607,Shanghai be 28°C,2026-08-28,lowest_temperature,Will the lowest temperature in Shanghai be 28°C on August 28?,28°C,5.0,0.0005,0.9995,,0.001,,2297.0712719999997,831.376643,14006.61524,True,False,True,True,0x7dbe69916adf1b6bb1b78142ddedd0e856e4bd9c50e01edbffe4231a5ef2136d
2026-08-28T14:38:06.340240+00:00,914153,3896608,Shanghai be 29°C,2026-08-28,lowest_temperature,Will the lowest temperature in Shanghai be 29°C on August 28?,29°C,6.0,0.0005,0.9995,,0.001,,898.9856110000001,476.03561099999996,13421.30621,True,False,True,True,0x4477691a00f91d0616a779b9bf0e3e65cb120330eea21e4b17b8a3eedaa9be1b
2026-08-28T14:38:06.340256+00:00,914153,3896609,Shanghai be 30°C,2026-08-28,lowest_temperature,Will the lowest temperature in Shanghai be 30°C on August 28?,30°C,7.0,0.0005,0.9995,,0.001,,352.62,21.81,14176.73435,True,False,True,True,0x7c14854f0ff9ce272a54831bf640333d7acace00eb71eab20fe3d718aa497936
2026-08-28T14:38:06.340270+00:00,914153,3896610,Shanghai be 31°C,2026-08-28,lowest_temperature,Will the lowest temperature in Shanghai be 31°C on August 28?,31°C,8.0,0.0005,0.9995,,0.001,,230.79,11.81,14397.04888,True,False,True,True,0x36615a9ff34de978a6f9724d689fb58064f94439a7aaf19fcdb986d021cdbd78
2026-08-28T14:38:06.340283+00:00,914153,3896611,Shanghai be 32°C,2026-08-28,lowest_temperature,Will the lowest temperature in Shanghai be 32°C on August 28?,32°C,9.0,0.0005,0.9995,,0.001,,201.905,,15110.29075,True,False,True,True,0xbdfbc0cbea0ff214f50b3b01c765589619d7b0c13631839e1689ca621e1d7431
2026-08-28T14:38:06.340296+00:00,914153,3896612,Shanghai be 33°C or higher,2026-08-28,lowest_temperature,Will the lowest temperature in Shanghai be 33°C or higher on August 28?,33°C or higher,10.0,0.0005,0.9995,,0.001,,270.475,,15183.49762,True,False,True,True,0x7b0912c5d5cf4be2ce7f5e4e0e7b27ebe2cb6a78db4063b51c136fa61db8f979
2026-08-28T14:38:06.340310+00:00,914154,3896613,Singapore be 22°C or below,2026-08-28,lowest_temperature,Will the lowest temperature in Singapore be 22°C or below on August 28?,22°C or below,0.0,0.003,0.997,0.001,0.005,0.004,699.052,680.4169999999976,591.31827,True,False,True,True,0x1ec602d3b398ceba598a61788206202514be7c43897dc855fb0c1b3a6a68461a
2026-08-28T14:38:06.340328+00:00,914154,3896614,Singapore be 23°C,2026-08-28,lowest_temperature,Will the lowest temperature in Singapore be 23°C on August 28?,23°C,1.0,0.005,0.995,0.001,0.009,0.008,57.72,36.72,422.20175,True,False,True,True,0x8bd0a69fc8767d2bc05ce96dbd92c5a8d831308f7d536d99deb9adfb1cc8fa52
2026-08-28T14:38:06.340341+00:00,914154,3896615,Singapore be 24°C,2026-08-28,lowest_temperature,Will the lowest temperature in Singapore be 24°C on August 28?,24°C,2.0,0.01,0.99,,0.02,,66.0,8.0,152.1699,True,False,True,True,0x0fa3c61658f92e908854852896ab7ca199d3e439d72e66e58ba0272be1e66954
2026-08-28T14:38:06.340355+00:00,914154,3896616,Singapore be 25°C,2026-08-28,lowest_temperature,Will the lowest temperature in Singapore be 25°C on August 28?,25°C,3.0,0.485,0.515,,0.97,,20.0,20.0,2.9257,True,False,True,True,0x180aa543143e9d3502148d0f3fa0cfc07e0de76d155942df97455787fa3d2291
2026-08-28T14:38:06.340369+00:00,914154,3896617,Singapore be 26°C,2026-08-28,lowest_temperature,Will the lowest temperature in Singapore be 26°C on August 28?,26°C,4.0,0.01,0.99,,0.02,,80.0,80.0,15.3078,True,False,True,True,0x635b23581986d0ac93befa91e83bae9db4ea92bd84f2e1034bff051d1ef38ed7
2026-08-28T14:38:06.340384+00:00,914154,3896618,Singapore be 27°C,2026-08-28,lowest_temperature,Will the lowest temperature in Singapore be 27°C on August 28?,27°C,5.0,0.42,0.58,0.03,0.81,0.78,5.1545,5.1545,3.3496,True,False,True,True,0x9d0b6e5ffa96d13e97a70fccfaf8b9d5c4f15688844133bceaa3ce7e26a10c7d
2026-08-28T14:38:06.340399+00:00,914154,3896619,Singapore be 28°C,2026-08-28,lowest_temperature,Will the lowest temperature in Singapore be 28°C on August 28?,28°C,6.0,0.57,0.43,0.15,0.99,0.84,6.28354,6.28354,3.3462,True,False,True,True,0xcafcb628a1fc44a287d11e65dd681ff6b307b2fa56b3db580fa3f93f46396718
2026-08-28T14:38:06.340414+00:00,914154,3896620,Singapore be 29°C,2026-08-28,lowest_temperature,Will the lowest temperature in Singapore be 29°C on August 28?,29°C,7.0,0.0005,0.9995,,0.001,,410.75435,408.69255,11458.59953,True,False,True,True,0x126769fccc4a5780c591926e79ce5690664e6cb4b252ef9f8a660937306404ca
2026-08-28T14:38:06.340427+00:00,914154,3896621,Singapore be 30°C,2026-08-28,lowest_temperature,Will the lowest temperature in Singapore be 30°C on August 28?,30°C,8.0,0.0005,0.9995,,0.001,,109.3401,25.0,11152.10749,True,False,True,True,0xc81c9e53215daa8cc2ecd8f4f7959a83a154280e991eca863f2a1a67238ea4a9
2026-08-28T14:38:06.340440+00:00,914154,3896622,Singapore be 31°C,2026-08-28,lowest_temperature,Will the lowest temperature in Singapore be 31°C on August 28?,31°C,9.0,0.0005,0.9995,,0.001,,15.0,10.0,11022.93153,True,False,True,True,0xd9fffb3f802c3f27c330055ecec0f5340381797af9c6a675013b9902c8de6afa
2026-08-28T14:38:06.340453+00:00,914154,3896623,Singapore be 32°C or higher,2026-08-28,lowest_temperature,Will the lowest temperature in Singapore be 32°C or higher on August 28?,32°C or higher,10.0,0.0005,0.9995,,0.001,,739.9,459.9,11534.35718,True,False,True,True,0xca6c2e8736751b7b0208ac54da08fd9bb6b4ab80840bf8179305341126a6cd3e
2026-08-28T14:38:06.340469+00:00,914155,3896624,Milan be 16°C or below,2026-08-28,lowest_temperature,Will the lowest temperature in Milan be 16°C or below on August 28?,16°C or below,0.0,0.002,0.998,,0.004,,151.99,37.99,731.115,True,False,True,True,0x2a543528702ffee3a151096621e549eb29ca715a71f26e7ce0f340b095190725
2026-08-28T14:38:06.340486+00:00,914155,3896625,Milan be 17°C,2026-08-28,lowest_temperature,Will the lowest temperature in Milan be 17°C on August 28?,17°C,1.0,0.14,0.86,,0.28,,180.1,44.0,78.3076,True,False,True,True,0x4e9aadb35b3b176aaf661325d04d27bf3d0172fbfe1df76753cacd61a0f1ceb8
2026-08-28T14:38:06.340502+00:00,914155,3896626,Milan be 18°C,2026-08-28,lowest_temperature,Will the lowest temperature in Milan be 18°C on August 28?,18°C,2.0,0.265,0.735,,0.53,,79.22305,79.22305,18.0768,True,False,True,True,0xb8f681a23d5ebcb8432ddd87dd2d0c6734f38a8eee57341cb0bb57df3fcbb378
2026-08-28T14:38:06.340516+00:00,914155,3896627,Milan be 19°C,2026-08-28,lowest_temperature,Will the lowest temperature in Milan be 19°C on August 28?,19°C,3.0,0.01,0.99,,0.02,,67.2154,67.2154,23.3228,True,False,True,True,0x0b1b56069776fb22a514caa1e16b3a838207d4fc2a9d864a94a66e2ab8db92e4
2026-08-28T14:38:06.340529+00:00,914155,3896628,Milan be 20°C,2026-08-28,lowest_temperature,Will the lowest temperature in Milan be 20°C on August 28?,20°C,4.0,0.255,0.745,0.01,0.5,0.49,81.2524,81.2524,18.8951,True,False,True,True,0xe868678b5487c7bf42062a87ddfc38d347e892c5b23027275b40d70509546f19
2026-08-28T14:38:06.340543+00:00,914155,3896629,Milan be 21°C,2026-08-28,lowest_temperature,Will the lowest temperature in Milan be 21°C on August 28?,21°C,5.0,0.515,0.485,0.04,0.99,0.95,135.8038,120.59975,1.8987,True,False,True,True,0xbb9003a3a461138e38b841dec42b8f18c746b934577121c801e4b84884d6273a
2026-08-28T14:38:06.340556+00:00,914155,3896630,Milan be 22°C,2026-08-28,lowest_temperature,Will the lowest temperature in Milan be 22°C on August 28?,22°C,6.0,0.0005,0.9995,,0.001,,310.409829,310.409829,4038.69896,True,False,True,True,0xd39099b25296c1359cb9587519e25bda4be735b50f7bcac2cdc2a8f038247923
2026-08-28T14:38:06.340570+00:00,914155,3896631,Milan be 23°C,2026-08-28,lowest_temperature,Will the lowest temperature in Milan be 23°C on August 28?,23°C,7.0,0.0005,0.9995,,0.001,,116.14925099999999,116.149251,4023.69879,True,False,True,True,0x0bcf48f2595b5731e7af62ef9f78b67b93d8e78dffab6b03c61740876ab81569
2026-08-28T14:38:06.340583+00:00,914155,3896632,Milan be 24°C,2026-08-28,lowest_temperature,Will the lowest temperature in Milan be 24°C on August 28?,24°C,8.0,0.0005,0.9995,,0.001,,295.3411,248.5311,3684.35097,True,False,True,True,0x80c94d3abfdc1bdadb6e1512a688967369eaad9653ece9ec56c9c0884ef5632d
2026-08-28T14:38:06.340596+00:00,914155,3896633,Milan be 25°C,2026-08-28,lowest_temperature,Will the lowest temperature in Milan be 25°C on August 28?,25°C,9.0,0.0005,0.9995,,0.001,,113.606,76.796,3923.62268,True,False,True,True,0x5e1aa556f49629ac3dafe8a86f87d948bf43fad205d25f3050154f73c054c652
2026-08-28T14:38:06.340610+00:00,914155,3896634,Milan be 26°C or higher,2026-08-28,lowest_temperature,Will the lowest temperature in Milan be 26°C or higher on August 28?,26°C or higher,10.0,0.0005,0.9995,,0.001,,158.62,121.81,4277.1104,True,False,True,True,0xf52ba30fb50f73548c3d30a6ae4db11527c338591ddc6d047010cae7a9870dcc
2026-08-28T14:38:06.340625+00:00,914156,3896635,Madrid be 9°C or below,2026-08-28,lowest_temperature,Will the lowest temperature in Madrid be 9°C or below on August 28?,9°C or below,0.0,0.01,0.99,,0.02,,154.40285599999999,73.0,270.4609,True,False,True,True,0x2ecb3ae3bb3a4727447a257237e24176d37fc97620aeb2232ec4fff180cb7837
2026-08-28T14:38:06.340640+00:00,914156,3896636,Madrid be 10°C,2026-08-28,lowest_temperature,Will the lowest temperature in Madrid be 10°C on August 28?,10°C,1.0,0.9945,0.0055,0.99,0.999,0.009000000000000008,374.9374,362.9374,352.21707,True,False,True,True,0xa98bbc5b5e24de60638ec26255a357d3bce41ad474edc59efaf51eb008d76dea
2026-08-28T14:38:06.340655+00:00,914156,3896637,Madrid be 11°C,2026-08-28,lowest_temperature,Will the lowest temperature in Madrid be 11°C on August 28?,11°C,2.0,0.0005,0.9995,,0.001,,522.59165,522.59165,4028.19204,True,False,True,True,0x946c8a2fd47733977a1b391ac386f4ab0a02bc8b75cf4aa9d41ccf772b7964fe
2026-08-28T14:38:06.340671+00:00,914156,3896638,Madrid be 12°C,2026-08-28,lowest_temperature,Will the lowest temperature in Madrid be 12°C on August 28?,12°C,3.0,0.0005,0.9995,,0.001,,180.152454,180.15245400000003,4142.68471,True,False,True,True,0x3b532dbe0f40dde9a5a11528e42d8e0ec9b548d9f9b71442fe86d1495475343e
2026-08-28T14:38:06.340686+00:00,914156,3896639,Madrid be 13°C,2026-08-28,lowest_temperature,Will the lowest temperature in Madrid be 13°C on August 28?,13°C,4.0,0.0005,0.9995,,0.001,,195.743332,190.243332,3897.092,True,False,True,True,0x6d0112098099e415fb47e577829a9205a42ab592e4a2fc7249335d191e504673
2026-08-28T14:38:06.340708+00:00,914156,3896640,Madrid be 14°C,2026-08-28,lowest_temperature,Will the lowest temperature in Madrid be 14°C on August 28?,14°C,5.0,0.0005,0.9995,,0.001,,285.00485,285.00485000000003,3854.6603,True,False,True,True,0xf302d52756aa0e4522e627f1cbe3893d74506cf7eadda7a04ec1bee607c6733c
2026-08-28T14:38:06.340725+00:00,914156,3896641,Madrid be 15°C,2026-08-28,lowest_temperature,Will the lowest temperature in Madrid be 15°C on August 28?,15°C,6.0,0.0005,0.9995,,0.001,,112.99325,112.99325,4495.67199,True,False,True,True,0x6f05d09670f7165705d63674c265f6775cff285af2ad2ce837808daeee4f6ff2
2026-08-28T14:38:06.340740+00:00,914156,3896642,Madrid be 16°C,2026-08-28,lowest_temperature,Will the lowest temperature in Madrid be 16°C on August 28?,16°C,7.0,0.0005,0.9995,,0.001,,107.99719999999999,27.9972,4456.3209,True,False,True,True,0xe4170c63ca3d770d9235acbfb9ba80783cef99d5a68b0e624d5b1d6da43cea5a
2026-08-28T14:38:06.340754+00:00,914156,3896643,Madrid be 17°C,2026-08-28,lowest_temperature,Will the lowest temperature in Madrid be 17°C on August 28?,17°C,8.0,0.0005,0.9995,,0.001,,100.0,80.0,4335.8266,True,False,True,True,0xa92ce8da8ba7ec2ad8fc3ac9e2f53fb7986d461f115242627091d7f96ff15051
2026-08-28T14:38:06.340767+00:00,914156,3896644,Madrid be 18°C,2026-08-28,lowest_temperature,Will the lowest temperature in Madrid be 18°C on August 28?,18°C,9.0,0.0005,0.9995,,0.001,,80.0,75.0,4017.13557,True,False,True,True,0xe77c1a537bf08705bb448d1eac8e9e8d2db44d3e484323d4a8bc82c949f59da8
2026-08-28T14:38:06.340781+00:00,914156,3896645,Madrid be 19°C or higher,2026-08-28,lowest_temperature,Will the lowest temperature in Madrid be 19°C or higher on August 28?,19°C or higher,10.0,0.0005,0.9995,,0.001,,55.0,40.0,3930.99685,True,False,True,True,0x0ba89214b87125316f2d5a37fb4345d115dd9c2a2a4753b1a1dd797e11e568cc
2026-08-28T14:38:06.340796+00:00,914157,3896646,Warsaw be 9°C or below,2026-08-28,lowest_temperature,Will the lowest temperature in Warsaw be 9°C or below on August 28?,9°C or below,0.0,0.004,0.996,,0.008,,88.99,25.0,375.87398,True,False,True,True,0x3f61f525255daa6e3794e2ebad6025b5e30239b8b299cfd59c6c5048037bb035
2026-08-28T14:38:06.340810+00:00,914157,3896647,Warsaw be 10°C,2026-08-28,lowest_temperature,Will the lowest temperature in Warsaw be 10°C on August 28?,10°C,1.0,0.03,0.97,,0.06,,143.37,37.27,93.4859,True,False,True,True,0x9a7b91354a500372e0626b271c628d74ed3e74a46bb208c6c7b61f690a7f9346
2026-08-28T14:38:06.340825+00:00,914157,3896648,Warsaw be 11°C,2026-08-28,lowest_temperature,Will the lowest temperature in Warsaw be 11°C on August 28?,11°C,2.0,0.07,0.93,,0.14,,69.8861,69.8861,79.7592,True,False,True,True,0x921b37e71dc34a093ebfc4d8a45ee0f29f3855be741c67664f96523e1f4c5433
2026-08-28T14:38:06.340840+00:00,914157,3896649,Warsaw be 12°C,2026-08-28,lowest_temperature,Will the lowest temperature in Warsaw be 12°C on August 28?,12°C,3.0,0.065,0.935,,0.13,,75.12682000000001,75.12682,49.9599,True,False,True,True,0xa7f4b1528d2a6f998302e13f4f03a04bc6edbae6e1c9e51db841bd12a5eecc6b
2026-08-28T14:38:06.340854+00:00,914157,3896650,Warsaw be 13°C,2026-08-28,lowest_temperature,Will the lowest temperature in Warsaw be 13°C on August 28?,13°C,4.0,0.985,0.015,0.97,1.0,0.030000000000000027,143.9546,143.9546,55.1111,True,False,True,True,0xe9097ccd1d1beec804cae9e19bcac9adbf81234acccc7c6b281843cfb5882eeb
2026-08-28T14:38:06.340867+00:00,914157,3896651,Warsaw be 14°C,2026-08-28,lowest_temperature,Will the lowest temperature in Warsaw be 14°C on August 28?,14°C,5.0,0.0005,0.9995,,0.001,,220.0,220.0,3924.03948,True,False,True,True,0x83187a03f8a317f944af38cc5348ba622e2763fd157f70b1ae4a992814e5c8c7
2026-08-28T14:38:06.340881+00:00,914157,3896652,Warsaw be 15°C,2026-08-28,lowest_temperature,Will the lowest temperature in Warsaw be 15°C on August 28?,15°C,6.0,0.0005,0.9995,,0.001,,199.54,199.54,4057.54493,True,False,True,True,0xc93c0e4a2601ea890763a3c1484606803cbfca8cb94bf1cf7b5815996142f693
2026-08-28T14:38:06.340895+00:00,914157,3896653,Warsaw be 16°C,2026-08-28,lowest_temperature,Will the lowest temperature in Warsaw be 16°C on August 28?,16°C,7.0,0.0005,0.9995,,0.001,,45.0,30.0,3776.87799,True,False,True,True,0xd1cb9ed5471beb026553d4a5df54e243d93f4bb5e894b9cac7223bb1ceb788d3
2026-08-28T14:38:06.340908+00:00,914157,3896654,Warsaw be 17°C,2026-08-28,lowest_temperature,Will the lowest temperature in Warsaw be 17°C on August 28?,17°C,8.0,0.0005,0.9995,,0.001,,468.62,301.81,3038.44604,True,False,True,True,0x60ca98548ba95bc104d13d7b6f8cd4fbb70677189cb7df723d059f76208e45ed
2026-08-28T14:38:06.340922+00:00,914157,3896655,Warsaw be 18°C,2026-08-28,lowest_temperature,Will the lowest temperature in Warsaw be 18°C on August 28?,18°C,9.0,0.0005,0.9995,,0.001,,128.62,91.81,4290.5712,True,False,True,True,0x5621ff7532b2eaf62c20201b491693d33768b61299378a258af4dda88ffc82a7
2026-08-28T14:38:06.340935+00:00,914157,3896656,Warsaw be 19°C or higher,2026-08-28,lowest_temperature,Will the lowest temperature in Warsaw be 19°C or higher on August 28?,19°C or higher,10.0,0.0005,0.9995,,0.001,,100.43,63.620000000000005,3214.55693,True,False,True,True,0xe84f502a70450798db32207132a47f9ec7c5d937c5332c5b17388c5ba097ae25
2026-08-28T14:38:06.340952+00:00,914158,3896657,Taipei be 22°C or below,2026-08-28,lowest_temperature,Will the lowest temperature in Taipei be 22°C or below on August 28?,22°C or below,0.0,0.0045,0.9955,,0.009,,209.64839999999998,138.0,386.65544,True,False,True,True,0xb91c86d5281c42131b0f6f3e33c115a6c2d8c0239a6df50cf26971d911653629
2026-08-28T14:38:06.340969+00:00,914158,3896658,Taipei be 23°C,2026-08-28,lowest_temperature,Will the lowest temperature in Taipei be 23°C on August 28?,23°C,1.0,0.005,0.995,0.001,0.009,0.008,112.0,8.0,338.25994,True,False,True,True,0x41cbc9d1ac60ab10e52e2b456fca0e36ca27b57bcb6f5dfc2cc8894c4f0098b0
2026-08-28T14:38:06.340982+00:00,914158,3896659,Taipei be 24°C,2026-08-28,lowest_temperature,Will the lowest temperature in Taipei be 24°C on August 28?,24°C,2.0,0.455,0.545,0.01,0.9,0.89,66.627888,56.627888,12.1593,True,False,True,True,0x23be6e22fdfeb068cdf629cd01e612c79c07db19c34fbeb6dc96343a9f7d03c1
2026-08-28T14:38:06.340996+00:00,914158,3896660,Taipei be 25°C,2026-08-28,lowest_temperature,Will the lowest temperature in Taipei be 25°C on August 28?,25°C,3.0,0.475,0.525,0.02,0.93,0.91,,,3.1749,True,False,True,True,0x81f0b9922c1148b2ec2eb5943492f613749bb3f234b953cd2b71e27c827ebbb8
2026-08-28T14:38:06.341010+00:00,914158,3896661,Taipei be 26°C,2026-08-28,lowest_temperature,Will the lowest temperature in Taipei be 26°C on August 28?,26°C,4.0,0.46,0.54,0.02,0.9,0.88,20.5306,20.5306,4.9477,True,False,True,True,0xa1e17d7802b1dcf7eeb4b9fa22c46e666353acde6be25ed1123f53085f447ae9
2026-08-28T14:38:06.341023+00:00,914158,3896662,Taipei be 27°C,2026-08-28,lowest_temperature,Will the lowest temperature in Taipei be 27°C on August 28?,27°C,5.0,0.465,0.535,0.02,0.91,0.89,20.5714,20.5714,2.8849,True,False,True,True,0x9a2df8b686873d5fa1b4c7c68a526aed4de46a223a10138d98faf952ad3d12ea
2026-08-28T14:38:06.341036+00:00,914158,3896663,Taipei be 28°C,2026-08-28,lowest_temperature,Will the lowest temperature in Taipei be 28°C on August 28?,28°C,6.0,0.235,0.765,0.02,0.45,0.43,20.46935,20.46935,9.1727,True,False,True,True,0xedf5025ce69b179a499d6a32c9b3627aa7ffa20afc09f9f60f6169adb290b0c4
2026-08-28T14:38:06.341050+00:00,914158,3896664,Taipei be 29°C,2026-08-28,lowest_temperature,Will the lowest temperature in Taipei be 29°C on August 28?,29°C,7.0,0.47,0.53,0.03,0.91,0.88,12.366,12.365999999999996,4.0706,True,False,True,True,0x45f8c6ffe01eec8d51d9f032b71a52e081c355a9392a8d30299bbac1550dfa65
2026-08-28T14:38:06.341063+00:00,914158,3896665,Taipei be 30°C,2026-08-28,lowest_temperature,Will the lowest temperature in Taipei be 30°C on August 28?,30°C,8.0,0.0005,0.9995,,0.001,,308.303,136.5,4027.41774,True,False,True,True,0x840b26fcafccf822243f1bbb25a1e172d41c812a93a58c7d06f0752ecf2a9fdf
2026-08-28T14:38:06.341077+00:00,914158,3896666,Taipei be 31°C,2026-08-28,lowest_temperature,Will the lowest temperature in Taipei be 31°C on August 28?,31°C,9.0,0.001,0.999,,0.002,,1495.835,1448.7199999999998,3326.1121,True,False,True,True,0x1ae58c6b30367ac3c3ab5e5d6087f402c8c49ab70614270b341344bb658e1dc6
2026-08-28T14:38:06.341090+00:00,914158,3896667,Taipei be 32°C or higher,2026-08-28,lowest_temperature,Will the lowest temperature in Taipei be 32°C or higher on August 28?,32°C or higher,10.0,0.001,0.999,,0.002,,179.04,137.23000000000002,3916.29726,True,False,True,True,0x193b11032cf1e95c00295f2d0724ef5dc1c6864990d7f5c53aa9ee8cad8147a9
2026-08-28T14:38:06.341105+00:00,914159,3896668,Chongqing be 21°C or below,2026-08-28,lowest_temperature,Will the lowest temperature in Chongqing be 21°C or below on August 28?,21°C or below,0.0,0.0005,0.9995,,0.001,,157.43,45.01,923.56794,True,False,True,True,0x5de7b839c42434d64e7c43388956e88ef0d9d04910763f8e7ce84fe31a3f757c
2026-08-28T14:38:06.341120+00:00,914159,3896669,Chongqing be 22°C,2026-08-28,lowest_temperature,Will the lowest temperature in Chongqing be 22°C on August 28?,22°C,1.0,0.0045,0.9955,,0.009,,141.81,40.0,647.53657,True,False,True,True,0xd0da1e572c0fe83ca9494d81a441b29b956ab519d6c21fc65ab107b0b02dd83b
2026-08-28T14:38:06.341135+00:00,914159,3896670,Chongqing be 23°C,2026-08-28,lowest_temperature,Will the lowest temperature in Chongqing be 23°C on August 28?,23°C,2.0,0.007,0.993,,0.014,,209.14166600000001,172.331666,128.81917,True,False,True,True,0x2b38c12e843098e2ad816b6dece299e1fe0051dc286bfa6c1f9ea5ab6665a051
2026-08-28T14:38:06.341149+00:00,914159,3896671,Chongqing be 24°C,2026-08-28,lowest_temperature,Will the lowest temperature in Chongqing be 24°C on August 28?,24°C,3.0,0.0075,0.9925,0.001,0.014,0.013000000000000001,110.39952,68.28362,93.44578,True,False,True,True,0x813f68fc597a4ae2f037d0c23e22c32405ee3b7d985cd33b3d0d51420a4d567f
2026-08-28T14:38:06.341164+00:00,914159,3896672,Chongqing be 25°C,2026-08-28,lowest_temperature,Will the lowest temperature in Chongqing be 25°C on August 28?,25°C,4.0,0.45,0.55,,0.9,,2.0408,2.0408,10.2655,True,False,True,True,0x177cac77294f2284178e79a5569b08554788f2ecf3882d52b125d4bb511b54a8
2026-08-28T14:38:06.341178+00:00,914159,3896673,Chongqing be 26°C,2026-08-28,lowest_temperature,Will the lowest temperature in Chongqing be 26°C on August 28?,26°C,5.0,0.545,0.455,0.09,1.0,0.91,6.6262,6.6262,22.1254,True,False,True,True,0x73565527087270e26c4a7b76313aadb971e0da03dae489e4764ee48f52beb5f6
2026-08-28T14:38:06.341191+00:00,914159,3896674,Chongqing be 27°C,2026-08-28,lowest_temperature,Will the lowest temperature in Chongqing be 27°C on August 28?,27°C,6.0,0.0005,0.9995,,0.001,,1378.0295990000002,1378.029599,4423.48405,True,False,True,True,0x90a67946e319b9b80fa5a65bffc0d4ab4388a79f618c2b68a44d18a596a334ef
2026-08-28T14:38:06.341205+00:00,914159,3896675,Chongqing be 28°C,2026-08-28,lowest_temperature,Will the lowest temperature in Chongqing be 28°C on August 28?,28°C,7.0,0.0005,0.9995,,0.001,,212.845516,212.845516,5908.06052,True,False,True,True,0x8618a2a512d705747d1d87ff726b08e943f1324fa2367107fcb1873b2b2dfd94
2026-08-28T14:38:06.341219+00:00,914159,3896676,Chongqing be 29°C,2026-08-28,lowest_temperature,Will the lowest temperature in Chongqing be 29°C on August 28?,29°C,8.0,0.0005,0.9995,,0.001,,18351.763989,18351.763989,5599.04944,True,False,True,True,0xa94653b03fdfa9b83308c81a1d1541057702bd8df8ca96f07e7202ab2c4f3e30
2026-08-28T14:38:06.341234+00:00,914159,3896677,Chongqing be 30°C,2026-08-28,lowest_temperature,Will the lowest temperature in Chongqing be 30°C on August 28?,30°C,9.0,0.0005,0.9995,,0.001,,3101.742,35.01,9307.02717,True,False,True,True,0xec8cc0df1a4612ce65490df3161a84a5c1bc499e6dd561f55d68d4cf7ba4fbb1
2026-08-28T14:38:06.341248+00:00,914159,3896678,Chongqing be 31°C or higher,2026-08-28,lowest_temperature,Will the lowest temperature in Chongqing be 31°C or higher on August 28?,31°C or higher,10.0,0.0005,0.9995,,0.001,,66.7926,25.0,9728.05738,True,False,True,True,0x970acdc6139f41c245bfe9d1b8bf8b4bce551f5ee8c6a035b47b09a8d778c088
2026-08-28T14:38:06.341263+00:00,914160,3896679,Beijing be 15°C or below,2026-08-28,lowest_temperature,Will the lowest temperature in Beijing be 15°C or below on August 28?,15°C or below,0.0,0.0045,0.9955,0.001,0.008,0.007,36.81,,302.03359,True,False,True,True,0x2787feae7363613e6dfc193f4dbe71f097e79cb6c2cd0aa0f8cdf3122f888cde
2026-08-28T14:38:06.341278+00:00,914160,3896680,Beijing be 16°C,2026-08-28,lowest_temperature,Will the lowest temperature in Beijing be 16°C on August 28?,16°C,1.0,0.01,0.99,,0.02,,160.2642,105.26419999999999,64.7976,True,False,True,True,0x7a86d0387df1159b82d31fdad290690a5c41ff323d3fed8da4935f41bcaaeda3
2026-08-28T14:38:06.341292+00:00,914160,3896681,Beijing be 17°C,2026-08-28,lowest_temperature,Will the lowest temperature in Beijing be 17°C on August 28?,17°C,2.0,0.245,0.755,0.01,0.48,0.47,20.02,5.01,2.8715,True,False,True,True,0x9020a4be0c0f0003d2b90a4eff9b5aa0671509d64f07c1d81ba846a20ceda3c4
2026-08-28T14:38:06.341305+00:00,914160,3896682,Beijing be 18°C,2026-08-28,lowest_temperature,Will the lowest temperature in Beijing be 18°C on August 28?,18°C,3.0,0.455,0.545,0.01,0.9,0.89,102.7074,102.7074,6.1395,True,False,True,True,0xcb13e995d5620181c8f3e7f14830faa255a25e1deed65cb09b8fb54da9213c24
2026-08-28T14:38:06.341319+00:00,914160,3896683,Beijing be 19°C,2026-08-28,lowest_temperature,Will the lowest temperature in Beijing be 19°C on August 28?,19°C,4.0,0.515,0.485,0.04,0.99,0.95,5.0,5.0,2.7854,True,False,True,True,0x0f720be31b01ad385bd79ec680e5f70e6f2fa5a84f8333a62aa8677f63d69856
2026-08-28T14:38:06.341332+00:00,914160,3896684,Beijing be 20°C,2026-08-28,lowest_temperature,Will the lowest temperature in Beijing be 20°C on August 28?,20°C,5.0,0.0005,0.9995,,0.001,,184.56,184.56,5794.91089,True,False,True,True,0xc70f31b36140180501ccac8e9f20dad2b68e10e3dcb73909e59bb98e66b0978c
2026-08-28T14:38:06.341346+00:00,914160,3896685,Beijing be 21°C,2026-08-28,lowest_temperature,Will the lowest temperature in Beijing be 21°C on August 28?,21°C,6.0,0.0005,0.9995,,0.001,,226.3645,226.3645,9744.79841,True,False,True,True,0xe1f8e6bbdc3563b34c3117d908dfcca06e7db5980b020e53e448171e8bb6a11c
2026-08-28T14:38:06.341359+00:00,914160,3896686,Beijing be 22°C,2026-08-28,lowest_temperature,Will the lowest temperature in Beijing be 22°C on August 28?,22°C,7.0,0.0005,0.9995,,0.001,,366.3645,366.36449999999996,9555.75218,True,False,True,True,0x76594458c5c43fe5b36e5adf283c0ec809f7b00f217c34706a9c7f0b801a6257
2026-08-28T14:38:06.341372+00:00,914160,3896687,Beijing be 23°C,2026-08-28,lowest_temperature,Will the lowest temperature in Beijing be 23°C on August 28?,23°C,8.0,0.0005,0.9995,,0.001,,134.0,,9636.12257,True,False,True,True,0x51b7373513a05290ea8333d6a626e63f7bfd0a2a6af6d87072cbde8bac3fe5b4
2026-08-28T14:38:06.341389+00:00,914160,3896688,Beijing be 24°C,2026-08-28,lowest_temperature,Will the lowest temperature in Beijing be 24°C on August 28?,24°C,9.0,0.0005,0.9995,,0.001,,617.5029999999999,123.63,10311.0528,True,False,True,True,0x70c11584536c87b8c7fb3f6de425b0e866b8f0ccfe4bdbea2e4df990677e2a55
2026-08-28T14:38:06.341403+00:00,914160,3896689,Beijing be 25°C or higher,2026-08-28,lowest_temperature,Will the lowest temperature in Beijing be 25°C or higher on August 28?,25°C or higher,10.0,0.0005,0.9995,,0.001,,163.593,133.78,10295.56988,True,False,True,True,0x8423c7756f9371d0889be753cc620846c8be9ff877ed078b8a05a381a776ca33
2026-08-28T14:38:06.341417+00:00,914161,3896690,Wuhan be 22°C or below,2026-08-28,lowest_temperature,Will the lowest temperature in Wuhan be 22°C or below on August 28?,22°C or below,0.0,0.0025,0.9975,,0.005,,731.7909999999999,684.371,866.35807,True,False,True,True,0xc11fa46580018f5236ced7009b23f24784eebf214fa041e6992d5cd6797f1b4b
2026-08-28T14:38:06.341432+00:00,914161,3896691,Wuhan be 23°C,2026-08-28,lowest_temperature,Will the lowest temperature in Wuhan be 23°C on August 28?,23°C,1.0,0.004,0.996,,0.008,,81.801,44.991,482.58965,True,False,True,True,0x924a1aa672bf3044c021c6413479ad4c2c3a6fb17727c5a755b54a07cbd8be08
2026-08-28T14:38:06.341445+00:00,914161,3896692,Wuhan be 24°C,2026-08-28,lowest_temperature,Will the lowest temperature in Wuhan be 24°C on August 28?,24°C,2.0,0.06,0.94,,0.12,,103.81,8.0,112.2515,True,False,True,True,0x31c998c41809179710bd7fd55ef847b7356bbf53358ce01bf8457b9866d340e3
2026-08-28T14:38:06.341460+00:00,914161,3896693,Wuhan be 25°C,2026-08-28,lowest_temperature,Will the lowest temperature in Wuhan be 25°C on August 28?,25°C,3.0,0.0755,0.9245,0.005,0.146,0.141,423.21585,173.16485,69.78928,True,False,True,True,0x10a076b602d17365b79fe1abfa9994fef4153993ba91d152652948450a30cc6c
2026-08-28T14:38:06.341474+00:00,914161,3896694,Wuhan be 26°C,2026-08-28,lowest_temperature,Will the lowest temperature in Wuhan be 26°C on August 28?,26°C,4.0,0.11,0.89,,0.22,,150.257458,150.25745799999996,50.5882,True,False,True,True,0x2664c83d03e4440df1c54a3c643f2f24eb62a68a962875d8a452912ed044f511
2026-08-28T14:38:06.341488+00:00,914161,3896695,Wuhan be 27°C,2026-08-28,lowest_temperature,Will the lowest temperature in Wuhan be 27°C on August 28?,27°C,5.0,0.625,0.375,0.25,1.0,0.75,140.2159,140.2159,18.333,True,False,True,True,0x02a92ca383a35685af0706902716bf4469ce3dcfd5158f666679fe7849b02aac
2026-08-28T14:38:06.341501+00:00,914161,3896696,Wuhan be 28°C,2026-08-28,lowest_temperature,Will the lowest temperature in Wuhan be 28°C on August 28?,28°C,6.0,0.0005,0.9995,,0.001,,271.3417,271.3417,4445.17675,True,False,True,True,0x06ff33b710f30bc9453c74cbfcb229eefd228d620435d54513182ee292ac9d23
2026-08-28T14:38:06.341516+00:00,914161,3896697,Wuhan be 29°C,2026-08-28,lowest_temperature,Will the lowest temperature in Wuhan be 29°C on August 28?,29°C,7.0,0.0005,0.9995,,0.001,,164.82160000000002,164.82160000000002,9569.0606,True,False,True,True,0x63982af2c57d58aba993fd90c7fa335cfa2f038bd48645e82f86e6d1a5695931
2026-08-28T14:38:06.341529+00:00,914161,3896698,Wuhan be 30°C,2026-08-28,lowest_temperature,Will the lowest temperature in Wuhan be 30°C on August 28?,30°C,8.0,0.0005,0.9995,,0.001,,1711.596,1650.5900000000001,9012.01665,True,False,True,True,0x5ba3b1143f7bf9f77a407b0ba379e9ef076967ee106717ebbab840df8fc64d23
2026-08-28T14:38:06.341542+00:00,914161,3896699,Wuhan be 31°C,2026-08-28,lowest_temperature,Will the lowest temperature in Wuhan be 31°C on August 28?,31°C,9.0,0.0005,0.9995,,0.001,,183.62,146.81,9478.79785,True,False,True,True,0x28875ae516dcf4e57c1b83aedb03385a80fd7e7317c360147484ad5f2beb47fe
2026-08-28T14:38:06.341556+00:00,914161,3896700,Wuhan be 32°C or higher,2026-08-28,lowest_temperature,Will the lowest temperature in Wuhan be 32°C or higher on August 28?,32°C or higher,10.0,0.0005,0.9995,,0.001,,1505.13,1457.71,10782.66456,True,False,True,True,0x951a90c8437547de755918cf047048353f755ca0fb4f9b6f045dca80c81e8317
2026-08-28T14:38:06.341572+00:00,914162,3896701,Chengdu be 19°C or below,2026-08-28,lowest_temperature,Will the lowest temperature in Chengdu be 19°C or below on August 28?,19°C or below,0.0,0.005,0.995,,0.01,,185.18499999999997,33.67,251.56113,True,False,True,True,0xd828c9dfc87663bc490328916d6e27efc0e60637f375e847e15a91fa23736e14
2026-08-28T14:38:06.341589+00:00,914162,3896702,Chengdu be 20°C,2026-08-28,lowest_temperature,Will the lowest temperature in Chengdu be 20°C on August 28?,20°C,1.0,0.0035,0.9965,0.001,0.006,0.005,67.6,,232.44453,True,False,True,True,0x43409b576b35b021b0b38c56dbf1af6e52451c58d8120bbd692d476cdd5901a2
2026-08-28T14:38:06.341602+00:00,914162,3896703,Chengdu be 21°C,2026-08-28,lowest_temperature,Will the lowest temperature in Chengdu be 21°C on August 28?,21°C,2.0,0.0055,0.9945,0.001,0.01,0.009000000000000001,171.9635,10.0,234.52921,True,False,True,True,0x9752126a647d9fde002caba2ce8e09629aa4c27a962a9f2b4c56336debf215c5
2026-08-28T14:38:06.341617+00:00,914162,3896704,Chengdu be 22°C,2026-08-28,lowest_temperature,Will the lowest temperature in Chengdu be 22°C on August 28?,22°C,3.0,0.0055,0.9945,0.003,0.008,0.005,78.902972,31.610666000000002,61.93299,True,False,True,True,0xfbaff9cf1e3683218c25d477e7afd721e215544796b94e2b269556f73c68d3bf
2026-08-28T14:38:06.341630+00:00,914162,3896705,Chengdu be 23°C,2026-08-28,lowest_temperature,Will the lowest temperature in Chengdu be 23°C on August 28?,23°C,4.0,0.47,0.53,0.01,0.93,0.92,4.3708,2.0408,3.0771,True,False,True,True,0x2db29a81a7af8e449966daf2e4a8338a56da1426a23294dbfface29bee226631
2026-08-28T14:38:06.341644+00:00,914162,3896706,Chengdu be 24°C,2026-08-28,lowest_temperature,Will the lowest temperature in Chengdu be 24°C on August 28?,24°C,5.0,0.485,0.515,0.02,0.95,0.9299999999999999,3.3504,1.0204,5.043,True,False,True,True,0x25ec952a8f393264c70ddf1a232c8778b64f310f2dd6eaf10b3dd45f01959e98
2026-08-28T14:38:06.341657+00:00,914162,3896707,Chengdu be 25°C,2026-08-28,lowest_temperature,Will the lowest temperature in Chengdu be 25°C on August 28?,25°C,6.0,0.49,0.51,0.03,0.95,0.9199999999999999,2.33,,4.0135,True,False,True,True,0x3049b81e0974d25b3396ee2164fcf4f24dc7fa47bf478cbcfaaf03485d0332b8
2026-08-28T14:38:06.341671+00:00,914162,3896708,Chengdu be 26°C,2026-08-28,lowest_temperature,Will the lowest temperature in Chengdu be 26°C on August 28?,26°C,7.0,0.475,0.525,0.03,0.92,0.89,15.891454999999999,13.561455,4.5804,True,False,True,True,0xc3d22bbd2c6a897db9a013a671dc8887f300cd1b8a8d35b04a0dd06a72d8a6b3
2026-08-28T14:38:06.341685+00:00,914162,3896709,Chengdu be 27°C,2026-08-28,lowest_temperature,Will the lowest temperature in Chengdu be 27°C on August 28?,27°C,8.0,0.0005,0.9995,,0.001,,188.80839999999998,186.47840000000002,8135.24053,True,False,True,True,0x98504e162972544c57c4e04b9463cc89803d05553b490f4f0a33f67f80a81ad9
2026-08-28T14:38:06.341706+00:00,914162,3896710,Chengdu be 28°C,2026-08-28,lowest_temperature,Will the lowest temperature in Chengdu be 28°C on August 28?,28°C,9.0,0.0005,0.9995,,0.001,,171.0,168.67,9178.39474,True,False,True,True,0x8eb713a3612305f6a2e3f5be7aa3ec3b85502006666d31acb29febba857a4b63
2026-08-28T14:38:06.341720+00:00,914162,3896711,Chengdu be 29°C or higher,2026-08-28,lowest_temperature,Will the lowest temperature in Chengdu be 29°C or higher on August 28?,29°C or higher,10.0,0.0005,0.9995,,0.001,,206.70350000000002,76.70349999999999,10215.52484,True,False,True,True,0x3155eea4e5b45f79f55f8544c836689c4074853b4022838353d78a222f66e8af
2026-08-28T14:38:06.341736+00:00,914163,3896712,Shenzhen be 22°C or below,2026-08-28,lowest_temperature,Will the lowest temperature in Shenzhen be 22°C or below on August 28?,22°C or below,0.0,0.0045,0.9955,,0.009,,168.804,40.994,516.48714,True,False,True,True,0x6719d385bbf9ad619c3b838b89cdfe98b62a287c068c8550c7a4c5d24b4b40f8
2026-08-28T14:38:06.341750+00:00,914163,3896713,Shenzhen be 23°C,2026-08-28,lowest_temperature,Will the lowest temperature in Shenzhen be 23°C on August 28?,23°C,1.0,0.0045,0.9955,,0.009,,79.80199999999999,42.992,307.45584,True,False,True,True,0x992708afedfb8a99773ae66774f2a23f910a5e6f7e1c7ca4f797f5bbe729e169
2026-08-28T14:38:06.341765+00:00,914163,3896714,Shenzhen be 24°C,2026-08-28,lowest_temperature,Will the lowest temperature in Shenzhen be 24°C on August 28?,24°C,2.0,0.01,0.99,,0.02,,23.9911,7.991099999999999,51.468,True,False,True,True,0xcde22c8c2ee4a8b75db84c2d80717fb04ea33010f3fbc041940d510ede6f52e4
2026-08-28T14:38:06.341779+00:00,914163,3896715,Shenzhen be 25°C,2026-08-28,lowest_temperature,Will the lowest temperature in Shenzhen be 25°C on August 28?,25°C,3.0,0.135,0.865,0.01,0.26,0.25,92.1617,92.1617,55.8235,True,False,True,True,0xdf951b26792159735f30175c508cff0b273ced42d7a0e9532fb231e9b229b9d7
2026-08-28T14:38:06.341796+00:00,914163,3896716,Shenzhen be 26°C,2026-08-28,lowest_temperature,Will the lowest temperature in Shenzhen be 26°C on August 28?,26°C,4.0,0.98,0.02,0.96,1.0,0.040000000000000036,340.83,224.62,72.066,True,False,True,True,0xf542d2d2b3c2ddb99fc150fd8ef95cf6cde132f228c800f203b40b1bdc5abd3e
2026-08-28T14:38:06.341810+00:00,914163,3896717,Shenzhen be 27°C,2026-08-28,lowest_temperature,Will the lowest temperature in Shenzhen be 27°C on August 28?,27°C,5.0,0.0005,0.9995,,0.001,,85.03,85.03,7969.2233,True,False,True,True,0x96abaefbf5a3b672a16eef9895e101fc06a00ca4bf6791df5be721e2fd91e411
2026-08-28T14:38:06.341823+00:00,914163,3896718,Shenzhen be 28°C,2026-08-28,lowest_temperature,Will the lowest temperature in Shenzhen be 28°C on August 28?,28°C,6.0,0.0005,0.9995,,0.001,,276.25113999999996,226.95114,9413.54725,True,False,True,True,0x9a411a0fdfa2dde7b356d20018a30e5657fec4b463516cb8f437086457241fb9
2026-08-28T14:38:06.341839+00:00,914163,3896719,Shenzhen be 29°C,2026-08-28,lowest_temperature,Will the lowest temperature in Shenzhen be 29°C on August 28?,29°C,7.0,0.0005,0.9995,,0.001,,501.641,501.64099999999996,9157.4886,True,False,True,True,0xf607364da736ba79afaa042fc9fdefe35c3bc13ee1227e813bc74e1786e95caa
2026-08-28T14:38:06.341854+00:00,914163,3896720,Shenzhen be 30°C,2026-08-28,lowest_temperature,Will the lowest temperature in Shenzhen be 30°C on August 28?,30°C,8.0,0.0005,0.9995,,0.001,,83.62,51.81,9585.95918,True,False,True,True,0xacb46a3cf323cd4400dd6d15961bdaf41dd754197fc15bb711110ad30a052739
2026-08-28T14:38:06.341868+00:00,914163,3896721,Shenzhen be 31°C,2026-08-28,lowest_temperature,Will the lowest temperature in Shenzhen be 31°C on August 28?,31°C,9.0,0.0005,0.9995,,0.001,,243.62,206.66,10191.59355,True,False,True,True,0xe5f855ba558e6b86af287fa64ff6100dccdaeeac5d50abea195063e65c27567c
2026-08-28T14:38:06.341882+00:00,914163,3896722,Shenzhen be 32°C or higher,2026-08-28,lowest_temperature,Will the lowest temperature in Shenzhen be 32°C or higher on August 28?,32°C or higher,10.0,0.0005,0.9995,,0.001,,93.62,56.81,10260.17249,True,False,True,True,0x2b9cd642ada72e45a0143c41cf38c83014c7429d172ceaafd6a4c5059bb9ba3d
2026-08-28T14:38:06.341897+00:00,914164,3896723,Moscow be 6°C or below,2026-08-28,lowest_temperature,Will the lowest temperature in Moscow be 6°C or below on August 28?,6°C or below,0.0,0.055,0.945,,0.11,,177.0,8.0,184.0776,True,False,True,True,0x2c1339c0e0796713c3995e1d9e7d4aa42427d699e83546ea7a51af7fa38a4d04
2026-08-28T14:38:06.341911+00:00,914164,3896724,Moscow be 7°C,2026-08-28,lowest_temperature,Will the lowest temperature in Moscow be 7°C on August 28?,7°C,1.0,0.045,0.955,,0.09,,115.33,109.33,221.4081,True,False,True,True,0x38c597b71457b7870d41945da605c872f45443e7e407762af4ecf6ca21507be0
2026-08-28T14:38:06.341925+00:00,914164,3896725,Moscow be 8°C,2026-08-28,lowest_temperature,Will the lowest temperature in Moscow be 8°C on August 28?,8°C,2.0,0.0075,0.9925,0.001,0.014,0.013000000000000001,911.0,911.0,156.75402,True,False,True,True,0x42acacef4395aed31153451c3c43ccddc31653d8cc45add5982c36451c743c4c
2026-08-28T14:38:06.341938+00:00,914164,3896726,Moscow be 9°C,2026-08-28,lowest_temperature,Will the lowest temperature in Moscow be 9°C on August 28?,9°C,3.0,0.955,0.045,0.91,1.0,0.08999999999999997,236.29265,236.29265,83.8872,True,False,True,True,0xfe792a8bbf7bfe9f1c7785b4305f6b456eb5d67849a0ea0f2c8268090f164034
2026-08-28T14:38:06.341952+00:00,914164,3896727,Moscow be 10°C,2026-08-28,lowest_temperature,Will the lowest temperature in Moscow be 10°C on August 28?,10°C,4.0,0.0005,0.9995,,0.001,,189.72,189.72,4053.85986,True,False,True,True,0x311db98916fe3522cb26e7828286cce144f45a0bf1bd526bb6481cc700b23dd7
2026-08-28T14:38:06.341966+00:00,914164,3896728,Moscow be 11°C,2026-08-28,lowest_temperature,Will the lowest temperature in Moscow be 11°C on August 28?,11°C,5.0,0.0005,0.9995,,0.001,,182.8588,182.8588,4055.05466,True,False,True,True,0x15c659308ebbcc349cdbdeef2820d45ca3defcbb8480be8f182de57b2e906a39
2026-08-28T14:38:06.341980+00:00,914164,3896729,Moscow be 12°C,2026-08-28,lowest_temperature,Will the lowest temperature in Moscow be 12°C on August 28?,12°C,6.0,0.0005,0.9995,,0.001,,228.0,198.0,6849.83129,True,False,True,True,0xd3518e63dedd2765ce6be557fe23ac22bbc4f9d71a4551f98941a6e4041d448f
2026-08-28T14:38:06.341994+00:00,914164,3896730,Moscow be 13°C,2026-08-28,lowest_temperature,Will the lowest temperature in Moscow be 13°C on August 28?,13°C,7.0,0.0005,0.9995,,0.001,,30.0,20.0,6588.92173,True,False,True,True,0xe3d72c986187b1a47bfda48973e58a06f04cf34eac06a575f515b4f2b40231b7
2026-08-28T14:38:06.342007+00:00,914164,3896731,Moscow be 14°C,2026-08-28,lowest_temperature,Will the lowest temperature in Moscow be 14°C on August 28?,14°C,8.0,0.0005,0.9995,,0.001,,116.81,74.54,7478.74971,True,False,True,True,0x0627e34adcba06b2e668e8c383426e718b80b194504317b0773c36dd12d09713
2026-08-28T14:38:06.342021+00:00,914164,3896732,Moscow be 15°C,2026-08-28,lowest_temperature,Will the lowest temperature in Moscow be 15°C on August 28?,15°C,9.0,0.0005,0.9995,,0.001,,114.53999999999999,72.27,7389.50918,True,False,True,True,0x2978a3dd4abf68ebf3ba852b2de0428706343a9a7ca2adb285738bb7a34d7279
2026-08-28T14:38:06.342035+00:00,914164,3896733,Moscow be 16°C or higher,2026-08-28,lowest_temperature,Will the lowest temperature in Moscow be 16°C or higher on August 28?,16°C or higher,10.0,0.0005,0.9995,,0.001,,896.8,254.52999999999997,7442.22918,True,False,True,True,0x0bb4b32dfed365ab0155e5ccd22b7f441fbdee71457f2e0102c58f7b6f292662
2026-08-28T14:38:06.342050+00:00,914165,3896734,Istanbul be 16°C or below,2026-08-28,lowest_temperature,Will the lowest temperature in Istanbul be 16°C or below on August 28?,16°C or below,0.0,0.0055,0.9945,0.001,0.01,0.009000000000000001,544.0937349999999,199.26729,133.40411,True,False,True,True,0x166b249bb4ff01f6eb175d5a7ce6e2be8ec22803808816b0c8f3e297cf7afae1
2026-08-28T14:38:06.342066+00:00,914165,3896735,Istanbul be 17°C,2026-08-28,lowest_temperature,Will the lowest temperature in Istanbul be 17°C on August 28?,17°C,1.0,0.0325,0.9675,0.004,0.061,0.056999999999999995,270.57421,184.76421,362.23124,True,False,True,True,0xabe07113b22b2c64d17338b92b6124a59f1da4bfb95a23a042e077998b53fdd9
2026-08-28T14:38:06.342083+00:00,914165,3896736,Istanbul be 18°C,2026-08-28,lowest_temperature,Will the lowest temperature in Istanbul be 18°C on August 28?,18°C,2.0,0.64,0.36,0.29,0.99,0.7,147.0408,72.0408,38.9874,True,False,True,True,0x2bb7ec45982dea55753d84ee783f2565273ad4fbfdcb7f343ced9e8aa2f6cde8
2026-08-28T14:38:06.342096+00:00,914165,3896737,Istanbul be 19°C,2026-08-28,lowest_temperature,Will the lowest temperature in Istanbul be 19°C on August 28?,19°C,3.0,0.0005,0.9995,,0.001,,124.02037499999999,124.02037499999999,2082.48767,True,False,True,True,0x2d1af507eabb0de4e010d75c74cc163d2997ae74272bd83d56cf3ee8629f693d
2026-08-28T14:38:06.342110+00:00,914165,3896738,Istanbul be 20°C,2026-08-28,lowest_temperature,Will the lowest temperature in Istanbul be 20°C on August 28?,20°C,4.0,0.0005,0.9995,,0.001,,333.29037500000004,333.2903750000001,4079.65807,True,False,True,True,0x76563df36b8ff2a6eb1299c916a815d3befe33e2d0de45c668e19fabf7983c53
2026-08-28T14:38:06.342125+00:00,914165,3896739,Istanbul be 21°C,2026-08-28,lowest_temperature,Will the lowest temperature in Istanbul be 21°C on August 28?,21°C,5.0,0.0005,0.9995,,0.001,,370.25,370.25000000000006,4077.39183,True,False,True,True,0xd465120f3420fc6241c058c2eb9d40d2af4d9aa557edeb95ef6ed55355fd7ca6
2026-08-28T14:38:06.342140+00:00,914165,3896740,Istanbul be 22°C,2026-08-28,lowest_temperature,Will the lowest temperature in Istanbul be 22°C on August 28?,22°C,6.0,0.0005,0.9995,,0.001,,267.431375,267.431375,4025.75856,True,False,True,True,0x434bc527365a639f9291be1c29d1ea2bb58f42c9377806ef10046ccb476a7d8b
2026-08-28T14:38:06.342153+00:00,914165,3896741,Istanbul be 23°C,2026-08-28,lowest_temperature,Will the lowest temperature in Istanbul be 23°C on August 28?,23°C,7.0,0.0005,0.9995,,0.001,,311.74305000000004,311.7430500000001,4425.16826,True,False,True,True,0x06667c902766b59422bd9add0cf4750af52d1fe2c36cbeb5b38f41730c744f4b
2026-08-28T14:38:06.342166+00:00,914165,3896742,Istanbul be 24°C,2026-08-28,lowest_temperature,Will the lowest temperature in Istanbul be 24°C on August 28?,24°C,8.0,0.0005,0.9995,,0.001,,143.642,43.44,4592.00991,True,False,True,True,0x53854a194d47ed04a65deb77cfb68d32efbd7dc0684c344bbaa8e4dd0699639a
2026-08-28T14:38:06.342180+00:00,914165,3896743,Istanbul be 25°C,2026-08-28,lowest_temperature,Will the lowest temperature in Istanbul be 25°C on August 28?,25°C,9.0,0.0005,0.9995,,0.001,,889.6099999999999,812.72,4016.5299,True,False,True,True,0x2f46564c5c5bed4bd243871a979eaf4082b4da2ef150aaf41b98300fb2c9f678
2026-08-28T14:38:06.342194+00:00,914165,3896744,Istanbul be 26°C or higher,2026-08-28,lowest_temperature,Will the lowest temperature in Istanbul be 26°C or higher on August 28?,26°C or higher,10.0,0.0005,0.9995,,0.001,,1066.037468,953.6174679999999,3905.98263,True,False,True,True,0x8268855c151748451285d0dacb96401a35c729d527e3c86a87c2191ed6b03b94
2026-08-28T14:38:06.342209+00:00,914166,3896745,Busan be 21°C or below,2026-08-28,lowest_temperature,Will the lowest temperature in Busan be 21°C or below on August 28?,21°C or below,0.0,0.0005,0.9995,,0.001,,114.14305,50.15,508.37169,True,False,True,True,0x7bcbdd8b34d13d8f7b68b4c1d0585dd55f6afa1bdaba0c98a79198eb4130b7f4
2026-08-28T14:38:06.342224+00:00,914166,3896746,Busan be 22°C,2026-08-28,lowest_temperature,Will the lowest temperature in Busan be 22°C on August 28?,22°C,1.0,0.006,0.994,0.002,0.01,0.008,276.55060299999997,13.61122,241.3712,True,False,True,True,0xf3b966b6edc8cd2dd3a66b4055302221fbf8cd323c759ff5b9e995fa0b6ca8b6
2026-08-28T14:38:06.342239+00:00,914166,3896747,Busan be 23°C,2026-08-28,lowest_temperature,Will the lowest temperature in Busan be 23°C on August 28?,23°C,2.0,0.006,0.994,0.002,0.01,0.008,65.61122,44.0,61.16475,True,False,True,True,0xeb14c9dacc86cf796c8d0146effec0259b4951489a9dd5bf3589b9f66cb08f6a
2026-08-28T14:38:06.342252+00:00,914166,3896748,Busan be 24°C,2026-08-28,lowest_temperature,Will the lowest temperature in Busan be 24°C on August 28?,24°C,3.0,0.445,0.555,,0.89,,92.44185,92.44184999999999,8.3395,True,False,True,True,0xfb6e642e8c37285c651fe10e734e9363d925eddca378474f9cbcc5a45d886563
2026-08-28T14:38:06.342265+00:00,914166,3896749,Busan be 25°C,2026-08-28,lowest_temperature,Will the lowest temperature in Busan be 25°C on August 28?,25°C,4.0,0.495,0.505,0.04,0.95,0.9099999999999999,,,5.3635,True,False,True,True,0xa5c883488f0548c6294669f00be1f1d7f62c695c1d97e338c9cc12c6af48481e
2026-08-28T14:38:06.342279+00:00,914166,3896750,Busan be 26°C,2026-08-28,lowest_temperature,Will the lowest temperature in Busan be 26°C on August 28?,26°C,5.0,0.515,0.485,0.06,0.97,0.9099999999999999,26.21,26.21,4.7919,True,False,True,True,0xff3a46d0a8f3155ebd493db08862d8c93a08705cdead3a659388833ca7984542
2026-08-28T14:38:06.342292+00:00,914166,3896751,Busan be 27°C,2026-08-28,lowest_temperature,Will the lowest temperature in Busan be 27°C on August 28?,27°C,6.0,0.0005,0.9995,,0.001,,378.54,378.54,3919.16449,True,False,True,True,0x3ca992a3a11aea37c6c0a58b1285779840b5e4aeb915c08967bb058ad6921738
2026-08-28T14:38:06.342311+00:00,914166,3896752,Busan be 28°C,2026-08-28,lowest_temperature,Will the lowest temperature in Busan be 28°C on August 28?,28°C,7.0,0.0005,0.9995,,0.001,,245.0,235.0,7782.28906,True,False,True,True,0x51d000969ab02c44e872c6eb91e9cdb4931381551b84f05aabce1c7387c9ddaf
2026-08-28T14:38:06.342324+00:00,914166,3896753,Busan be 29°C,2026-08-28,lowest_temperature,Will the lowest temperature in Busan be 29°C on August 28?,29°C,8.0,0.0005,0.9995,,0.001,,63.686899999999994,48.69,7581.28999,True,False,True,True,0xb8e9acc75e9b3f2395ce1f9c660e37958cf3e2a90d43e0fa0c61dec6deba479c
2026-08-28T14:38:06.342338+00:00,914166,3896754,Busan be 30°C,2026-08-28,lowest_temperature,Will the lowest temperature in Busan be 30°C on August 28?,30°C,9.0,0.0005,0.9995,,0.001,,40.0,35.0,7584.56452,True,False,True,True,0x0892f10762287611e48c70143e7ca59e483f60dfb9fb3638d3d6f426cda91607
2026-08-28T14:38:06.342351+00:00,914166,3896755,Busan be 31°C or higher,2026-08-28,lowest_temperature,Will the lowest temperature in Busan be 31°C or higher on August 28?,31°C or higher,10.0,0.0005,0.9995,,0.001,,159.2424,35.0,8288.88307,True,False,True,True,0x064ed4dad23c8f4cb889d8817937ff40dc1bb43430aff913ca0a3a0c9b6cc5ec
2026-08-28T14:38:06.342368+00:00,914167,3896756,Amsterdam be 12°C or below,2026-08-28,lowest_temperature,Will the lowest temperature in Amsterdam be 12°C or below on August 28?,12°C or below,0.0,0.0035,0.9965,0.002,0.005,0.003,105.6095,73.3395,214.82718,True,False,True,True,0x8605b4d9dbadad297f330a889bbaa46110d36a7121adcdde5eef6ff2f515e1ea
2026-08-28T14:38:06.342383+00:00,914167,3896757,Amsterdam be 13°C,2026-08-28,lowest_temperature,Will the lowest temperature in Amsterdam be 13°C on August 28?,13°C,1.0,0.0065,0.9935,0.003,0.01,0.007,23.0,8.0,181.37475,True,False,True,True,0xafca0674e170b94daf888d88286c76a8ff2704da90f7545c2f66d32f55edb317
2026-08-28T14:38:06.342397+00:00,914167,3896758,Amsterdam be 14°C,2026-08-28,lowest_temperature,Will the lowest temperature in Amsterdam be 14°C on August 28?,14°C,2.0,0.435,0.565,0.03,0.84,0.8099999999999999,26.0,,12.3521,True,False,True,True,0x9c720cb43680291f1fee0d8b6e457fa7a153679d0833fdc9ede97923ebda20dc
2026-08-28T14:38:06.342411+00:00,914167,3896759,Amsterdam be 15°C,2026-08-28,lowest_temperature,Will the lowest temperature in Amsterdam be 15°C on August 28?,15°C,3.0,0.465,0.535,0.02,0.91,0.89,11.3399,11.339899999999997,4.2421,True,False,True,True,0x103cf3cc61f3129714349d653e90cf794c2f15f0046508b76e8e650f38f1fed6
2026-08-28T14:38:06.342424+00:00,914167,3896760,Amsterdam be 16°C,2026-08-28,lowest_temperature,Will the lowest temperature in Amsterdam be 16°C on August 28?,16°C,4.0,0.495,0.505,0.03,0.96,0.9299999999999999,,,3.9021,True,False,True,True,0x8cdcd2bd441a2fb18b348e9fdbcc71f052fe1810b9755de52063a4432d712dad
2026-08-28T14:38:06.342439+00:00,914167,3896761,Amsterdam be 17°C,2026-08-28,lowest_temperature,Will the lowest temperature in Amsterdam be 17°C on August 28?,17°C,5.0,0.001,0.999,,0.002,,131.36,131.36,2911.64366,True,False,True,True,0x5737b9034c48e1dcc1d77c904970182ff619288dae96a8ee6ada175b4e262b40
2026-08-28T14:38:06.342454+00:00,914167,3896762,Amsterdam be 18°C,2026-08-28,lowest_temperature,Will the lowest temperature in Amsterdam be 18°C on August 28?,18°C,6.0,0.001,0.999,,0.002,,131.18,131.18,2929.13059,True,False,True,True,0x97b9ccf492abbc7185c06d1f34db88590aca3b9066405a49d0763329ba3f86a8
2026-08-28T14:38:06.342467+00:00,914167,3896763,Amsterdam be 19°C,2026-08-28,lowest_temperature,Will the lowest temperature in Amsterdam be 19°C on August 28?,19°C,7.0,0.0005,0.9995,,0.001,,87.72,72.72,4661.96227,True,False,True,True,0x59e5e97b118169bafe67632b53f201337cc3048ae3cca003fe1035816b3336ab
2026-08-28T14:38:06.342480+00:00,914167,3896764,Amsterdam be 20°C,2026-08-28,lowest_temperature,Will the lowest temperature in Amsterdam be 20°C on August 28?,20°C,8.0,0.0005,0.9995,,0.001,,25.0,15.0,4228.09176,True,False,True,True,0x80cf084c7fc198e8c341f0a844365a0dc3cac9749de22711d0a8729df11aa79c
2026-08-28T14:38:06.342495+00:00,914167,3896765,Amsterdam be 21°C,2026-08-28,lowest_temperature,Will the lowest temperature in Amsterdam be 21°C on August 28?,21°C,9.0,0.0005,0.9995,,0.001,,40.0,25.0,3930.54366,True,False,True,True,0x940de189e1bb60d5c5b8f5803850df9750662309a25ce4f59b006090e7d95ae0
2026-08-28T14:38:06.342509+00:00,914167,3896766,Amsterdam be 22°C or higher,2026-08-28,lowest_temperature,Will the lowest temperature in Amsterdam be 22°C or higher on August 28?,22°C or higher,10.0,0.0005,0.9995,,0.001,,134.535,91.96,4226.10755,True,False,True,True,0x90e5497bbd63cba18e31e6511f716cf55f2e5a9396aa1ca9f6f0f374b1a41ad3
2026-08-28T14:38:06.342524+00:00,914168,3896767,Helsinki be 6°C or below,2026-08-28,lowest_temperature,Will the lowest temperature in Helsinki be 6°C or below on August 28?,6°C or below,0.0,0.0015,0.9985,0.001,0.002,0.001,79.58699999999999,47.317,543.54717,True,False,True,True,0xcd6657d09d20db0f4f584dc3d64335432ddecf73ed50173a187312768db734f2
2026-08-28T14:38:06.342544+00:00,914168,3896768,Helsinki be 7°C,2026-08-28,lowest_temperature,Will the lowest temperature in Helsinki be 7°C on August 28?,7°C,1.0,0.005,0.995,0.001,0.009,0.008,140.01,18.009999999999998,700.90346,True,False,True,True,0x496372a595b08c68e48b8880a2d860bc2d82b803ff51c015935a747162a969a4
2026-08-28T14:38:06.342559+00:00,914168,3896769,Helsinki be 8°C,2026-08-28,lowest_temperature,Will the lowest temperature in Helsinki be 8°C on August 28?,8°C,2.0,0.01,0.99,,0.02,,106.0,8.0,158.2487,True,False,True,True,0x88cd0399c6b6e62e48b02fe798803ec644e4e3610de93b0d89b86190da134545
2026-08-28T14:38:06.342573+00:00,914168,3896770,Helsinki be 9°C,2026-08-28,lowest_temperature,Will the lowest temperature in Helsinki be 9°C on August 28?,9°C,3.0,0.9945,0.0055,0.99,0.999,0.009000000000000008,148.9917,143.5175,301.134,True,False,True,True,0x7f6eaed050ca9dcafeb5cb21238e6796416531c73f2cce5f96f7e890f1b27563
2026-08-28T14:38:06.342587+00:00,914168,3896771,Helsinki be 10°C,2026-08-28,lowest_temperature,Will the lowest temperature in Helsinki be 10°C on August 28?,10°C,4.0,0.0005,0.9995,,0.001,,280.726066,275.6436,4159.62486,True,False,True,True,0x48a605969f579cc3d3920dbe873e7ca9631e1e44639c473baaa7d935b4ce2360
2026-08-28T14:38:06.342600+00:00,914168,3896772,Helsinki be 11°C,2026-08-28,lowest_temperature,Will the lowest temperature in Helsinki be 11°C on August 28?,11°C,5.0,0.0005,0.9995,,0.001,,189.72,189.72,4164.21564,True,False,True,True,0x3db0b9c690f3441c50dec3a07bd11d4bbccb7444b4ddcab13f217e7b379ff8f1
2026-08-28T14:38:06.342614+00:00,914168,3896773,Helsinki be 12°C,2026-08-28,lowest_temperature,Will the lowest temperature in Helsinki be 12°C on August 28?,12°C,6.0,0.0005,0.9995,,0.001,,215.36,215.36,4262.50391,True,False,True,True,0x4b90602d855aa6a16a12d421dd135a5f2538616c90a9addcf1c8fe3227f5f05b
2026-08-28T14:38:06.342627+00:00,914168,3896774,Helsinki be 13°C,2026-08-28,lowest_temperature,Will the lowest temperature in Helsinki be 13°C on August 28?,13°C,7.0,0.0005,0.9995,,0.001,,94.0,88.0,4416.04146,True,False,True,True,0x3cac76798a806d1d1b3d408312a128e58b88974b5e23662f69f23b3f8529a9a6
2026-08-28T14:38:06.342643+00:00,914168,3896775,Helsinki be 14°C,2026-08-28,lowest_temperature,Will the lowest temperature in Helsinki be 14°C on August 28?,14°C,8.0,0.0005,0.9995,,0.001,,30.0,15.0,4829.10638,True,False,True,True,0x29bba6d5da06da6dce264f87760c2de75bc0bc0481254c08d74c2589c0aa2c9b
2026-08-28T14:38:06.342655+00:00,914168,3896776,Helsinki be 15°C,2026-08-28,lowest_temperature,Will the lowest temperature in Helsinki be 15°C on August 28?,15°C,9.0,0.0005,0.9995,,0.001,,207.17000000000002,79.9,5057.65271,True,False,True,True,0xf9bb030221da4eac4b4edc557a8e37ba53afe08a7dc0291fb2a9233fd609c04c
2026-08-28T14:38:06.342669+00:00,914168,3896777,Helsinki be 16°C or higher,2026-08-28,lowest_temperature,Will the lowest temperature in Helsinki be 16°C or higher on August 28?,16°C or higher,10.0,0.0005,0.9995,,0.001,,154.54,122.27,5083.66184,True,False,True,True,0x4d7e42b6070e44cf87f0faa06dd07e0c58adf121c4316f8111f0f11e2b7dcd10
2026-08-28T14:38:06.342685+00:00,914169,3896778,Kuala Lumpur be 21°C or below,2026-08-28,lowest_temperature,Will the lowest temperature in Kuala Lumpur be 21°C or below on August 28?,21°C or below,0.0,0.003,0.997,0.001,0.005,0.004,82.27,50.0,747.32366,True,False,True,True,0x85cbd7a85d9fa20be35293522559c3a748459ffff7e3cd05f72f4f4f4ad1f200
2026-08-28T14:38:06.342724+00:00,914169,3896779,Kuala Lumpur be 22°C,2026-08-28,lowest_temperature,Will the lowest temperature in Kuala Lumpur be 22°C on August 28?,22°C,1.0,0.0055,0.9945,0.001,0.01,0.009000000000000001,78.809969,20.809969000000002,206.65355,True,False,True,True,0x045d9b65447d183c6e6af9c203dccbedb1365f59f0320ecb67237a38d4c1db83
2026-08-28T14:38:06.342739+00:00,914169,3896780,Kuala Lumpur be 23°C,2026-08-28,lowest_temperature,Will the lowest temperature in Kuala Lumpur be 23°C on August 28?,23°C,2.0,0.025,0.975,,0.05,,63.992000000000004,17.992,90.5685,True,False,True,True,0x0668d2c2fae5c26190422ed977ec9422258ef2a28d67b12cc4ea171118072e8a
2026-08-28T14:38:06.342754+00:00,914169,3896781,Kuala Lumpur be 24°C,2026-08-28,lowest_temperature,Will the lowest temperature in Kuala Lumpur be 24°C on August 28?,24°C,3.0,0.005,0.995,0.001,0.009,0.008,23.986466,23.986466,164.26856,True,False,True,True,0x086001b8fe6400a4535167be97a3be2c5ccf79f4d9c94af12b61d17d7d0523c8
2026-08-28T14:38:06.342768+00:00,914169,3896782,Kuala Lumpur be 25°C,2026-08-28,lowest_temperature,Will the lowest temperature in Kuala Lumpur be 25°C on August 28?,25°C,4.0,0.0055,0.9945,0.001,0.01,0.009000000000000001,28.0,28.0,65.45856,True,False,True,True,0x5fdb004131cd553951cf699af1c0883561ac55bca4b0113aa155c17787bb1e1e
2026-08-28T14:38:06.342782+00:00,914169,3896783,Kuala Lumpur be 26°C,2026-08-28,lowest_temperature,Will the lowest temperature in Kuala Lumpur be 26°C on August 28?,26°C,5.0,0.995,0.005,0.99,1.0,0.010000000000000009,165.52474999999998,160.52474999999998,18.29383,True,False,True,True,0xbcba2eb6c0dbffb52c343e08a5b33a96a116ef08f3936da14505d3cffc56f34a
2026-08-28T14:38:06.342800+00:00,914169,3896784,Kuala Lumpur be 27°C,2026-08-28,lowest_temperature,Will the lowest temperature in Kuala Lumpur be 27°C on August 28?,27°C,6.0,0.0005,0.9995,,0.001,,215.36,215.36,3954.24821,True,False,True,True,0x004794d973a6abe941720fde8b484f69e357ee391e309552573c9bdd5b17f53f
2026-08-28T14:38:06.342815+00:00,914169,3896785,Kuala Lumpur be 28°C,2026-08-28,lowest_temperature,Will the lowest temperature in Kuala Lumpur be 28°C on August 28?,28°C,7.0,0.0005,0.9995,,0.001,,49.981,44.981,3767.98407,True,False,True,True,0x1d1899278778c7eda60ac3eb0be46da1732abbb09b9b65809ecff44174a4ff27
2026-08-28T14:38:06.342829+00:00,914169,3896786,Kuala Lumpur be 29°C,2026-08-28,lowest_temperature,Will the lowest temperature in Kuala Lumpur be 29°C on August 28?,29°C,8.0,0.0005,0.9995,,0.001,,244.3802,67.27,11039.16822,True,False,True,True,0x2fde1b0b0b4292eed866c300c89e951dce1e9e0f635f4d2d6603969c3d5f961e
2026-08-28T14:38:06.342844+00:00,914169,3896787,Kuala Lumpur be 30°C,2026-08-28,lowest_temperature,Will the lowest temperature in Kuala Lumpur be 30°C on August 28?,30°C,9.0,0.0005,0.9995,,0.001,,274.53,231.65,11441.50983,True,False,True,True,0x9c8dbe45278ba58b1923755eecc4d59ee1a1f05c3ea5713d0d8b5d2292b78dc9
2026-08-28T14:38:06.342859+00:00,914169,3896788,Kuala Lumpur be 31°C or higher,2026-08-28,lowest_temperature,Will the lowest temperature in Kuala Lumpur be 31°C or higher on August 28?,31°C or higher,10.0,0.0005,0.9995,,0.001,,235.45499999999998,122.27,11950.40777,True,False,True,True,0x67ef7042c5f1ddacd26b5e4a4cf680dc3995d6872bbda03a55d3318bf0948259
2026-08-28T14:38:06.342875+00:00,914170,3896789,Jeddah be 25°C or below,2026-08-28,lowest_temperature,Will the lowest temperature in Jeddah be 25°C or below on August 28?,25°C or below,0.0,0.003,0.997,0.001,0.005,0.004,307.03000000000003,280.22,834.411,True,False,True,True,0x41c326f62973d2a8f0048525060a3491e6df1f2bee80cb25d3186a6be31bb77e
2026-08-28T14:38:06.342891+00:00,914170,3896790,Jeddah be 26°C,2026-08-28,lowest_temperature,Will the lowest temperature in Jeddah be 26°C on August 28?,26°C,1.0,0.003,0.997,0.001,0.005,0.004,294.81,138.0,1037.95561,True,False,True,True,0x616d810e1aa73a09dcdf71f9876281edd74c32d6bbb2fe9835d249be0b61015c
2026-08-28T14:38:06.342905+00:00,914170,3896791,Jeddah be 27°C,2026-08-28,lowest_temperature,Will the lowest temperature in Jeddah be 27°C on August 28?,27°C,2.0,0.005,0.995,0.001,0.009,0.008,228.216541,201.406541,122.05504,True,False,True,True,0x4d0174bf24ffabeb4e9385e9503731b861335760b7393816c6f292bc4956a83b
2026-08-28T14:38:06.342919+00:00,914170,3896792,Jeddah be 28°C,2026-08-28,lowest_temperature,Will the lowest temperature in Jeddah be 28°C on August 28?,28°C,3.0,0.008,0.992,0.002,0.014,0.012,511.37759,451.72108999999995,109.79057,True,False,True,True,0x2d03e37d4763deb319b44785926ca5bfd265ddd56189e0b5bf5cab40101c5d71
2026-08-28T14:38:06.342933+00:00,914170,3896793,Jeddah be 29°C,2026-08-28,lowest_temperature,Will the lowest temperature in Jeddah be 29°C on August 28?,29°C,4.0,0.07,0.93,,0.14,,92.0102,81.9902,46.3293,True,False,True,True,0xe3cf7e3c6d14971a1d84e2befd12f09c99be6684f0da5b2b93a2c6e0264d2f46
2026-08-28T14:38:06.342949+00:00,914170,3896794,Jeddah be 30°C,2026-08-28,lowest_temperature,Will the lowest temperature in Jeddah be 30°C on August 28?,30°C,5.0,0.165,0.835,,0.33,,101.1757,101.1757,29.0338,True,False,True,True,0x0812bf888e8ea7f923b9259e80c70bca16b6384832ea2de1bff3ce310e9623c8
2026-08-28T14:38:06.342963+00:00,914170,3896795,Jeddah be 31°C,2026-08-28,lowest_temperature,Will the lowest temperature in Jeddah be 31°C on August 28?,31°C,6.0,0.63,0.37,0.26,1.0,0.74,164.20935,164.20934999999997,15.6908,True,False,True,True,0xae9866b8e99d1d2104dddba7eee01f8c39c52cec8e656ac2da4e7f34b3377325
2026-08-28T14:38:06.342977+00:00,914170,3896796,Jeddah be 32°C,2026-08-28,lowest_temperature,Will the lowest temperature in Jeddah be 32°C on August 28?,32°C,7.0,0.0005,0.9995,,0.001,,5200.53305,5590.53305,1371.99107,True,False,True,True,0x706869319b9de5059a44f7d5d222ae54f3bd602d2fe6e22fa6e778a6aa423ebb
2026-08-28T14:38:06.342990+00:00,914170,3896797,Jeddah be 33°C,2026-08-28,lowest_temperature,Will the lowest temperature in Jeddah be 33°C on August 28?,33°C,8.0,0.0005,0.9995,,0.001,,108.81293199999999,108.812932,3948.4034,True,False,True,True,0x201031b2267d75b0f6c4a3192155acadab381c159cec2147ea254e7297dac76d
2026-08-28T14:38:06.343004+00:00,914170,3896798,Jeddah be 34°C,2026-08-28,lowest_temperature,Will the lowest temperature in Jeddah be 34°C on August 28?,34°C,9.0,0.0005,0.9995,,0.001,,72.2121,31.0,3887.28354,True,False,True,True,0x46ce444ecd00809af72ce1856e67c5e5ce3c4e7260e28b443fe75f4c5cc770fa
2026-08-28T14:38:06.343019+00:00,914170,3896799,Jeddah be 35°C or higher,2026-08-28,lowest_temperature,Will the lowest temperature in Jeddah be 35°C or higher on August 28?,35°C or higher,10.0,0.0005,0.9995,,0.001,,103.62,66.81,4996.69259,True,False,True,True,0x25cf8aedd7fa75edcd7e2ded6ad8664c364b7a6184369234092cebcc5a234b0d
2026-08-28T14:38:06.343034+00:00,914171,3896800,Cape Town be 7°C or below,2026-08-28,lowest_temperature,Will the lowest temperature in Cape Town be 7°C or below on August 28?,7°C or below,0.0,0.003,0.997,0.001,0.005,0.004,84.81,,652.98799,True,False,True,True,0xd448f033477fb736d526bb499e5ce9a8fae229ad09e47365bfc16bc28943f38e
2026-08-28T14:38:06.343049+00:00,914171,3896801,Cape Town be 8°C,2026-08-28,lowest_temperature,Will the lowest temperature in Cape Town be 8°C on August 28?,8°C,1.0,0.008,0.992,0.001,0.015,0.013999999999999999,154.102,98.9,189.61435,True,False,True,True,0x851adb57c18d485fce14a79373ab26def93679fa6d5d649cf511b27a548105b6
2026-08-28T14:38:06.343063+00:00,914171,3896802,Cape Town be 9°C,2026-08-28,lowest_temperature,Will the lowest temperature in Cape Town be 9°C on August 28?,9°C,2.0,0.405,0.595,,0.81,,86.578946,86.578946,22.6598,True,False,True,True,0xf0e36fec15e6658735c706acf286a535d272ea46eb5db3c961297ac654aeabdc
2026-08-28T14:38:06.343077+00:00,914171,3896803,Cape Town be 10°C,2026-08-28,lowest_temperature,Will the lowest temperature in Cape Town be 10°C on August 28?,10°C,3.0,0.06,0.94,,0.12,,76.99445,76.99445,81.401,True,False,True,True,0xf97275742cd01bb31c4ee5319e9854ce16233d6bde29bc2ad0cea45c5442dcab
2026-08-28T14:38:06.343093+00:00,914171,3896804,Cape Town be 11°C,2026-08-28,lowest_temperature,Will the lowest temperature in Cape Town be 11°C on August 28?,11°C,4.0,0.42,0.58,0.01,0.83,0.82,42.75,42.75,33.8937,True,False,True,True,0x4967d64e7d8295456cb72a68e2b8442ef2f54b0a2d21632a8bd2ed5d62040ca7
2026-08-28T14:38:06.343107+00:00,914171,3896805,Cape Town be 12°C,2026-08-28,lowest_temperature,Will the lowest temperature in Cape Town be 12°C on August 28?,12°C,5.0,0.575,0.425,0.16,0.99,0.83,61.628938000000005,61.628938000000005,28.8311,True,False,True,True,0x7ac1f7d8092f946edff1b55b518dca2929918909e33bebd5c1db75ff352348fb
2026-08-28T14:38:06.343121+00:00,914171,3896806,Cape Town be 13°C,2026-08-28,lowest_temperature,Will the lowest temperature in Cape Town be 13°C on August 28?,13°C,6.0,0.0005,0.9995,,0.001,,294.31089999999995,294.31089999999995,4146.43142,True,False,True,True,0x02d7b9cefd11ab415a7b84a4879ac7e29f65a8ab8ba27c746a99430c772b06fb
2026-08-28T14:38:06.343137+00:00,914171,3896807,Cape Town be 14°C,2026-08-28,lowest_temperature,Will the lowest temperature in Cape Town be 14°C on August 28?,14°C,7.0,0.0005,0.9995,,0.001,,475.54,475.54,4448.37309,True,False,True,True,0x2f5d35bd769b6c8e70f2643335d147bda4cdb88f226607a3ab266685fd62a73e
2026-08-28T14:38:06.343150+00:00,914171,3896808,Cape Town be 15°C,2026-08-28,lowest_temperature,Will the lowest temperature in Cape Town be 15°C on August 28?,15°C,8.0,0.0005,0.9995,,0.001,,163.62,41.81,3839.56299,True,False,True,True,0x9de445f7ee2c3de6d898edd438aada2ac03533ade09e484624eeeb683feb7823
2026-08-28T14:38:06.343164+00:00,914171,3896809,Cape Town be 16°C,2026-08-28,lowest_temperature,Will the lowest temperature in Cape Town be 16°C on August 28?,16°C,9.0,0.0005,0.9995,,0.001,,998.4259999999999,771.6159999999999,3861.30134,True,False,True,True,0x9f4e2c1787a5b2e8fc06e94b2e73d07d3ce5ea4e764bedecbca134cb5494f884
2026-08-28T14:38:06.343179+00:00,914171,3896810,Cape Town be 17°C or higher,2026-08-28,lowest_temperature,Will the lowest temperature in Cape Town be 17°C or higher on August 28?,17°C or higher,10.0,0.0005,0.9995,,0.001,,237.90500000000003,195.79000000000002,4320.9125,True,False,True,True,0x02138231f73fdd1b90b8f4b529d6976c77970d42324ea1d8f158437c8667d086
2026-08-28T14:38:06.343195+00:00,914172,3896811,Guangzhou be 21°C or below,2026-08-28,lowest_temperature,Will the lowest temperature in Guangzhou be 21°C or below on August 28?,21°C or below,0.0,0.0025,0.9975,,0.005,,301.015,126.01499999999999,1005.81476,True,False,True,True,0x603adff560630ae1c5875d5df62ecbe46a76133238bc51ede80fdd600ed1ae1b
2026-08-28T14:38:06.343211+00:00,914172,3896812,Guangzhou be 22°C,2026-08-28,lowest_temperature,Will the lowest temperature in Guangzhou be 22°C on August 28?,22°C,1.0,0.004,0.996,,0.008,,102.0,33.0,726.54438,True,False,True,True,0x6313a1f9a63c24e1e122fa38011969536d47168304489cab0afc83e2f589a6a7
2026-08-28T14:38:06.343225+00:00,914172,3896813,Guangzhou be 23°C,2026-08-28,lowest_temperature,Will the lowest temperature in Guangzhou be 23°C on August 28?,23°C,2.0,0.0045,0.9955,0.001,0.008,0.007,97.3467,27.3467,542.10739,True,False,True,True,0x94d732ec5f635027c37e26283ce63e649d68af3fb25443207793707f2acfa0d1
2026-08-28T14:38:06.343241+00:00,914172,3896814,Guangzhou be 24°C,2026-08-28,lowest_temperature,Will the lowest temperature in Guangzhou be 24°C on August 28?,24°C,3.0,0.12,0.88,,0.24,,72.0,72.0,66.9897,True,False,True,True,0xfe9033a5c73f0894c9591ee8a9d583af39fc90e0959b7c440d1040b6ec56304a
2026-08-28T14:38:06.343258+00:00,914172,3896815,Guangzhou be 25°C,2026-08-28,lowest_temperature,Will the lowest temperature in Guangzhou be 25°C on August 28?,25°C,4.0,0.055,0.945,,0.11,,101.07070399999999,101.07070399999999,67.3589,True,False,True,True,0xc23a66fc96af21a19b4ce33177990c93885cbeeb3ba955b037a0163a99d3efc9
2026-08-28T14:38:06.343273+00:00,914172,3896816,Guangzhou be 26°C,2026-08-28,lowest_temperature,Will the lowest temperature in Guangzhou be 26°C on August 28?,26°C,5.0,0.59,0.41,0.18,1.0,0.8200000000000001,149.08999999999997,149.08999999999997,22.1359,True,False,True,True,0x7803e715b8e9b9eca42db7a7e34ea010abbce67b1dccb82a8670ffa24a52e1ae
2026-08-28T14:38:06.343288+00:00,914172,3896817,Guangzhou be 27°C,2026-08-28,lowest_temperature,Will the lowest temperature in Guangzhou be 27°C on August 28?,27°C,6.0,0.0005,0.9995,,0.001,,73.2535,73.2535,12522.35588,True,False,True,True,0x1fa42648fc1aeba2017bf804d32460f6d27af337bf1c1d77bb27433fafcaddab
2026-08-28T14:38:06.343303+00:00,914172,3896818,Guangzhou be 28°C,2026-08-28,lowest_temperature,Will the lowest temperature in Guangzhou be 28°C on August 28?,28°C,7.0,0.0005,0.9995,,0.001,,69.18,69.18,13968.53444,True,False,True,True,0x8976b9057b04ba21315769292d491791e99e642459156bd448e727ec51896fcb
2026-08-28T14:38:06.343315+00:00,914172,3896819,Guangzhou be 29°C,2026-08-28,lowest_temperature,Will the lowest temperature in Guangzhou be 29°C on August 28?,29°C,8.0,0.0005,0.9995,,0.001,,85.0,75.0,14100.99422,True,False,True,True,0x5d34eee25c2512367b2a2b220b618176822641d6e7a23bf82fcd69abffbdea33
2026-08-28T14:38:06.343328+00:00,914172,3896820,Guangzhou be 30°C,2026-08-28,lowest_temperature,Will the lowest temperature in Guangzhou be 30°C on August 28?,30°C,9.0,0.0005,0.9995,,0.001,,299.9021,30.0,15044.28404,True,False,True,True,0x390abd3ed54e89ad35a4462d203519f592bc78024de98d665248a6d93f8e2715
2026-08-28T14:38:06.343342+00:00,914172,3896821,Guangzhou be 31°C or higher,2026-08-28,lowest_temperature,Will the lowest temperature in Guangzhou be 31°C or higher on August 28?,31°C or higher,10.0,0.0005,0.9995,,0.001,,137.27,113.18,14776.40641,True,False,True,True,0x30f6295ba17d7867687b95187bf3789d3448bd98ae9dc8c2cff372bc0f7fa935
2026-08-28T14:38:06.343357+00:00,914173,3896822,Qingdao be 20°C or below,2026-08-28,lowest_temperature,Will the lowest temperature in Qingdao be 20°C or below on August 28?,20°C or below,0.0,0.0055,0.9945,0.002,0.009,0.006999999999999999,181.7318,96.33050000000001,391.54791,True,False,True,True,0x14a1a707ff8613883c979cad552d39c68dd1320b0944ae1e6a4d72d56254d52d
2026-08-28T14:38:06.343373+00:00,914173,3896823,Qingdao be 21°C,2026-08-28,lowest_temperature,Will the lowest temperature in Qingdao be 21°C on August 28?,21°C,1.0,0.995,0.005,0.991,0.999,0.008000000000000007,205.8773,205.87730000000002,141.05182,True,False,True,True,0x382f9c0b08f9b406a0711574eadcf313633d6b658e52881817676bf34c6bd5a3
2026-08-28T14:38:06.343387+00:00,914173,3896824,Qingdao be 22°C,2026-08-28,lowest_temperature,Will the lowest temperature in Qingdao be 22°C on August 28?,22°C,2.0,0.0005,0.9995,,0.001,,321.51284999999996,321.51285,4522.10601,True,False,True,True,0x6e39162afb711df6cc4cbff86bb52d0b76ec96a54ccd6eac8f4469bcd41cda1c
2026-08-28T14:38:06.343401+00:00,914173,3896825,Qingdao be 23°C,2026-08-28,lowest_temperature,Will the lowest temperature in Qingdao be 23°C on August 28?,23°C,3.0,0.0005,0.9995,,0.001,,276.451,276.451,5916.93371,True,False,True,True,0x9407abeee816b8f72605f3306e19306ac3fa8960835d5177e662dccceb948974
2026-08-28T14:38:06.343415+00:00,914173,3896826,Qingdao be 24°C,2026-08-28,lowest_temperature,Will the lowest temperature in Qingdao be 24°C on August 28?,24°C,4.0,0.0005,0.9995,,0.001,,11744.683971999999,11744.683972,3267.78272,True,False,True,True,0xe3f460e5aa2d28ff5d21ffd27a05e4635029de8d496f9da1b6f0144b00d34028
2026-08-28T14:38:06.343430+00:00,914173,3896827,Qingdao be 25°C,2026-08-28,lowest_temperature,Will the lowest temperature in Qingdao be 25°C on August 28?,25°C,5.0,0.0005,0.9995,,0.001,,11451.919783000001,11451.919783,4543.20628,True,False,True,True,0x2a25dddda85706886acaa0ea5928953a17b78a4366ba3a43b805e59da6f44871
2026-08-28T14:38:06.343444+00:00,914173,3896828,Qingdao be 26°C,2026-08-28,lowest_temperature,Will the lowest temperature in Qingdao be 26°C on August 28?,26°C,6.0,0.0005,0.9995,,0.001,,117.53999999999999,117.53999999999999,9765.0006,True,False,True,True,0xb21601d50f7068d198bed90a0960b834d35287e71c758c6abd6464d5c655c468
2026-08-28T14:38:06.343457+00:00,914173,3896829,Qingdao be 27°C,2026-08-28,lowest_temperature,Will the lowest temperature in Qingdao be 27°C on August 28?,27°C,7.0,0.0005,0.9995,,0.001,,90.0,75.0,8962.95053,True,False,True,True,0x0a5d02fa8a4af103b1af378be58f61484ad76a4887f70b64975331fe9a7deb0c
2026-08-28T14:38:06.343473+00:00,914173,3896830,Qingdao be 28°C,2026-08-28,lowest_temperature,Will the lowest temperature in Qingdao be 28°C on August 28?,28°C,8.0,0.0005,0.9995,,0.001,,144.54,102.27,9055.79949,True,False,True,True,0x3400b3cbb683430e6e5312fee7408124c31973df4b1119ac090d1e39d7d70c10
2026-08-28T14:38:06.343489+00:00,914173,3896831,Qingdao be 29°C,2026-08-28,lowest_temperature,Will the lowest temperature in Qingdao be 29°C on August 28?,29°C,9.0,0.0005,0.9995,,0.001,,110.0,95.0,9488.11807,True,False,True,True,0x5359d5dedc09e1162c50a15ebc7b863c3441f427a8fa7a01bd5e1fb4e59ffd8d
2026-08-28T14:38:06.343502+00:00,914173,3896832,Qingdao be 30°C or higher,2026-08-28,lowest_temperature,Will the lowest temperature in Qingdao be 30°C or higher on August 28?,30°C or higher,10.0,0.0005,0.9995,,0.001,,118.9192,103.92,9412.39605,True,False,True,True,0xee7a5814610fed81c53f9b665de8aec77eab7ec854d7b60f8d6b710235d9270a
2026-08-28T14:38:06.343518+00:00,914174,3896833,Karachi be 21°C or below,2026-08-28,lowest_temperature,Will the lowest temperature in Karachi be 21°C or below on August 28?,21°C or below,0.0,0.0025,0.9975,,0.005,,295.99,92.99000000000001,1051.13045,True,False,True,True,0x5c311b95d9048a82b2920d4afec8b91d274e13160e33f6aa39a1a49e80e5377d
2026-08-28T14:38:06.343535+00:00,914174,3896834,Karachi be 22°C,2026-08-28,lowest_temperature,Will the lowest temperature in Karachi be 22°C on August 28?,22°C,1.0,0.0025,0.9975,,0.005,,184.0,33.0,906.21656,True,False,True,True,0xf740d3e19ac7ab03f65d5319a43f0d810dd7190163b1a74218282ce9abea2aee
2026-08-28T14:38:06.343548+00:00,914174,3896835,Karachi be 23°C,2026-08-28,lowest_temperature,Will the lowest temperature in Karachi be 23°C on August 28?,23°C,2.0,0.02,0.98,,0.04,,40.269999999999996,8.0,171.2779,True,False,True,True,0x6506d742df60aee43a737053cb387672437bd75c2e0886a2fb29190516044a10
2026-08-28T14:38:06.343563+00:00,914174,3896836,Karachi be 24°C,2026-08-28,lowest_temperature,Will the lowest temperature in Karachi be 24°C on August 28?,24°C,3.0,0.035,0.965,,0.07,,135.82502200000002,94.57745000000001,144.8583,True,False,True,True,0x8e414d73aba8e2e5c53e0a922864a7a488ccf72af0795a903819e88684d94bd4
2026-08-28T14:38:06.343576+00:00,914174,3896837,Karachi be 25°C,2026-08-28,lowest_temperature,Will the lowest temperature in Karachi be 25°C on August 28?,25°C,4.0,0.15,0.85,,0.3,,84.9862,83.8522,101.0779,True,False,True,True,0xc14120425b5dae42e6f8dd43835993c9cebc5b46f199e91f94135ccf97d55883
2026-08-28T14:38:06.343590+00:00,914174,3896838,Karachi be 26°C,2026-08-28,lowest_temperature,Will the lowest temperature in Karachi be 26°C on August 28?,26°C,5.0,0.155,0.845,0.01,0.3,0.29,71.25019999999999,71.2502,49.5272,True,False,True,True,0xa49be77e0d6c6bb3a67deb9c24773b879433d7478d1ab8ab85f934b6055fcb60
2026-08-28T14:38:06.343604+00:00,914174,3896839,Karachi be 27°C,2026-08-28,lowest_temperature,Will the lowest temperature in Karachi be 27°C on August 28?,27°C,6.0,0.955,0.045,0.91,1.0,0.08999999999999997,244.44710000000003,244.44710000000003,49.3035,True,False,True,True,0x32ac24150f8d5a9c6c4dc44f75e35da97ff09c956805559641d87abe99d617fa
2026-08-28T14:38:06.343620+00:00,914174,3896840,Karachi be 28°C,2026-08-28,lowest_temperature,Will the lowest temperature in Karachi be 28°C on August 28?,28°C,7.0,0.0005,0.9995,,0.001,,73.46929999999999,73.4693,12120.41019,True,False,True,True,0xfcf738ec68fb25f437c3a28e7818e1c88d4b3f2f309f3e8353828a3c35cfb380
2026-08-28T14:38:06.343634+00:00,914174,3896841,Karachi be 29°C,2026-08-28,lowest_temperature,Will the lowest temperature in Karachi be 29°C on August 28?,29°C,8.0,0.0005,0.9995,,0.001,,58.36,43.36,12122.09336,True,False,True,True,0xf23861052fe38c206f980e83ac0b51d82b79fb1622d4fa0b3eb2f4fad9ebed37
2026-08-28T14:38:06.343647+00:00,914174,3896842,Karachi be 30°C,2026-08-28,lowest_temperature,Will the lowest temperature in Karachi be 30°C on August 28?,30°C,9.0,0.0005,0.9995,,0.001,,131.9648,68.47999999999999,12329.62676,True,False,True,True,0x3231fca57abf5976697c6b02eab824c0047b1e14fe81d2ecb6d1b8fc3b549ec4
2026-08-28T14:38:06.343661+00:00,914174,3896843,Karachi be 31°C or higher,2026-08-28,lowest_temperature,Will the lowest temperature in Karachi be 31°C or higher on August 28?,31°C or higher,10.0,0.0005,0.9995,,0.001,,171.81,139.54,12636.55525,True,False,True,True,0x6bc06ae6369fdd2d74ebd0ca43505db1deae3dfb6691184c41b4110b01841f99
2026-08-28T14:38:06.343676+00:00,914175,3896844,Manila be 21°C or below,2026-08-28,lowest_temperature,Will the lowest temperature in Manila be 21°C or below on August 28?,21°C or below,0.0,0.003,0.997,,0.006,,81.791,54.980999999999995,225.20729,True,False,True,True,0x906bd7ab3226f213bab1ab123c53798ff7571603ed05d80e4e46204fe3617096
2026-08-28T14:38:06.343703+00:00,914175,3896845,Manila be 22°C,2026-08-28,lowest_temperature,Will the lowest temperature in Manila be 22°C on August 28?,22°C,1.0,0.015,0.985,,0.03,,34.8023,7.9923,45.4357,True,False,True,True,0xa8ab363b4ffddc7a4a7fc6ced7af396e08c83fc0f9dab7337fe7f652e4948eea
2026-08-28T14:38:06.343717+00:00,914175,3896846,Manila be 23°C,2026-08-28,lowest_temperature,Will the lowest temperature in Manila be 23°C on August 28?,23°C,2.0,0.025,0.975,,0.05,,72.0,8.0,44.0198,True,False,True,True,0x264c10f216e25be5eeb7e36dad734191e0a7794d861a109337f93ffc2e4bd6d4
2026-08-28T14:38:06.343733+00:00,914175,3896847,Manila be 24°C,2026-08-28,lowest_temperature,Will the lowest temperature in Manila be 24°C on August 28?,24°C,3.0,0.465,0.535,0.01,0.92,0.91,6.0,6.0,1.9208,True,False,True,True,0x9254bcfd13b7a73addc585656d852f4dd337ef2f2a1fb863667a60e96b921fb5
2026-08-28T14:38:06.343746+00:00,914175,3896848,Manila be 25°C,2026-08-28,lowest_temperature,Will the lowest temperature in Manila be 25°C on August 28?,25°C,4.0,0.51,0.49,0.03,0.99,0.96,,,2.3054,True,False,True,True,0xbcc3be3d6e8993be68765d7cd24247bb66d88e4d537d0c05a12e9b9ec5781ae6
2026-08-28T14:38:06.343759+00:00,914175,3896849,Manila be 26°C,2026-08-28,lowest_temperature,Will the lowest temperature in Manila be 26°C on August 28?,26°C,5.0,0.001,0.999,,0.002,,87.98646600000001,87.986466,5150.06518,True,False,True,True,0x3ff9c43082f58222b0a0a1fdaed76ebc2352bd8b1be5d312cafb599bcdb8053e
2026-08-28T14:38:06.343773+00:00,914175,3896850,Manila be 27°C,2026-08-28,lowest_temperature,Will the lowest temperature in Manila be 27°C on August 28?,27°C,6.0,0.0005,0.9995,,0.001,,362.0,362.0,3750.25693,True,False,True,True,0xbedd716899d5c0df252527e3f98e50c5be8d8133d43724a2e21bf604132bb872
2026-08-28T14:38:06.343787+00:00,914175,3896851,Manila be 28°C,2026-08-28,lowest_temperature,Will the lowest temperature in Manila be 28°C on August 28?,28°C,7.0,0.0005,0.9995,,0.001,,280.9193,280.9193,3858.1759,True,False,True,True,0x344da72934c3f68d22db52a4d50229aa8002a1e489f7a1e40f1e06d6c347f6e0
2026-08-28T14:38:06.343801+00:00,914175,3896852,Manila be 29°C,2026-08-28,lowest_temperature,Will the lowest temperature in Manila be 29°C on August 28?,29°C,8.0,0.0005,0.9995,,0.001,,108.62,71.81,4139.4538,True,False,True,True,0x35657a519efa17d13a496211059bea3560f9c77958b585e430c5c1f44f7bb5d4
2026-08-28T14:38:06.343819+00:00,914175,3896853,Manila be 30°C,2026-08-28,lowest_temperature,Will the lowest temperature in Manila be 30°C on August 28?,30°C,9.0,0.0005,0.9995,,0.001,,253.62,226.81,4973.16206,True,False,True,True,0xf98cd57fb62178a3eae2e86cf262513573ef4fbb7177142a66720e6451ee1fbe
2026-08-28T14:38:06.343833+00:00,914175,3896854,Manila be 31°C or higher,2026-08-28,lowest_temperature,Will the lowest temperature in Manila be 31°C or higher on August 28?,31°C or higher,10.0,0.0005,0.9995,,0.001,,153.62,126.81,4717.10454,True,False,True,True,0x0ff5ce23d9b41e6d1e70c9bc1c1357d0a3b8eb3278c27063893beaa6d4c26343
2026-08-28T14:38:06.343849+00:00,914251,3897446,London be 15°C or below,2026-08-28,highest_temperature,Will the highest temperature in London be 15°C or below on August 28?,15°C or below,0.0,0.0005,0.9995,,0.001,,288.995,,13978.17469,True,False,True,True,0x001e71e4d7ed07e1f43e63e336a35e22dc0dd0fbaaef0316d7d11345a25c15c0
2026-08-28T14:38:06.343863+00:00,914251,3897447,London be 16°C,2026-08-28,highest_temperature,Will the highest temperature in London be 16°C on August 28?,16°C,1.0,0.0005,0.9995,,0.001,,214.99099999999999,,14010.43976,True,False,True,True,0x5b8d6c89690a2abc22c8202a42f10b67659a73198049dcde14c29bd3c30a767a
2026-08-28T14:38:06.343876+00:00,914251,3897448,London be 17°C,2026-08-28,highest_temperature,Will the highest temperature in London be 17°C on August 28?,17°C,2.0,0.0005,0.9995,,0.001,,204.99699999999999,,14441.45292,True,False,True,True,0xc75e264f7c6b372a21accec9856a6e63af8c7f823d1818203561ff5f436c8505
2026-08-28T14:38:06.343890+00:00,914251,3897449,London be 18°C,2026-08-28,highest_temperature,Will the highest temperature in London be 18°C on August 28?,18°C,3.0,0.0005,0.9995,,0.001,,990.280665,633.692665,14001.41641,True,False,True,True,0xad68c6a335c74a861dcf149b813998de4ea6c1535fa2643bf11c9b3ef6fe8d6d
2026-08-28T14:38:06.343904+00:00,914251,3897450,London be 19°C,2026-08-28,highest_temperature,Will the highest temperature in London be 19°C on August 28?,19°C,4.0,0.0005,0.9995,,0.001,,1242.804471,705.264471,13580.8624,True,False,True,True,0x39f8975202461729014988c246326776eee69b2fc377b4dde4b3ca6b2f7328ca
2026-08-28T14:38:06.343917+00:00,914251,3897451,London be 20°C,2026-08-28,highest_temperature,Will the highest temperature in London be 20°C on August 28?,20°C,5.0,0.0005,0.9995,,0.001,,2325.1535870000002,1363.6404609999997,12905.72421,True,False,True,True,0xf55e56b07dadd41467ebce38ea794786e6c838d7096741cd166dd4806c750b9b
2026-08-28T14:38:06.343931+00:00,914251,3897452,London be 21°C,2026-08-28,highest_temperature,Will the highest temperature in London be 21°C on August 28?,21°C,6.0,0.0005,0.9995,,0.001,,3074.7381459999997,1930.8235890000003,12686.70269,True,False,True,True,0x73137cf2caef76f02d4bf2aabf9494371955f855f6ecb426ea8bf549943a7bd2
2026-08-28T14:38:06.343945+00:00,914251,3897453,London be 22°C,2026-08-28,highest_temperature,Will the highest temperature in London be 22°C on August 28?,22°C,7.0,0.0005,0.9995,,0.001,,7864.450081999999,6050.817622,12909.53232,True,False,True,True,0x9839339a9f6475c8f27ecf7f4f40c388ed23e38f341e23ed829a466f2249f520
2026-08-28T14:38:06.343961+00:00,914251,3897454,London be 23°C,2026-08-28,highest_temperature,Will the highest temperature in London be 23°C on August 28?,23°C,8.0,0.0005,0.9995,,0.001,,12367.551441,9904.800830999997,12499.35341,True,False,True,True,0xdd6bc075b0cc87b03a84ce5887cb1c4fcc13e76d83e1fcfd169f5a01a21266cf
2026-08-28T14:38:06.343975+00:00,914251,3897455,London be 24°C,2026-08-28,highest_temperature,Will the highest temperature in London be 24°C on August 28?,24°C,9.0,0.0005,0.9995,,0.001,,23170.974005000004,19620.090321,9787.68953,True,False,True,True,0x96e6c6a676cf47c5897d2ee36cb564b35b205aa1d83944b2d358aca6278639c2
2026-08-28T14:38:06.343989+00:00,914251,3897456,London be 25°C or higher,2026-08-28,highest_temperature,Will the highest temperature in London be 25°C or higher on August 28?,25°C or higher,10.0,0.9995,0.0005,0.999,1.0,0.0010000000000000009,13839.074298999996,12139.960962,6521.75702,True,False,True,True,0xc920567c333879d560764d0382b04116187865a475a6615fae7db11e3d538034
2026-08-28T14:38:06.344002+00:00,914252,3897457,Paris be 16°C or below,2026-08-28,highest_temperature,Will the highest temperature in Paris be 16°C or below on August 28?,16°C or below,0.0,0.0005,0.9995,,0.001,,1379.354,,13558.81675,True,False,True,True,0x70f23e697c7e1e17a99fd4adff8bee509e5b695de892a3f72f983e9355391928
2026-08-28T14:38:06.344016+00:00,914252,3897458,Paris be 17°C,2026-08-28,highest_temperature,Will the highest temperature in Paris be 17°C on August 28?,17°C,1.0,0.0005,0.9995,,0.001,,1302.273,,13560.52064,True,False,True,True,0x184b757f855d309badba069a79baff5ac44f3f289479acf3847469aced888713
2026-08-28T14:38:06.344029+00:00,914252,3897459,Paris be 18°C,2026-08-28,highest_temperature,Will the highest temperature in Paris be 18°C on August 28?,18°C,2.0,0.0005,0.9995,,0.001,,2619.615,1356.896,13834.83831,True,False,True,True,0xc83b76829ecee2be90dc668c06a6b482c8db67dfbf31207ba9ff3f756d4be048
2026-08-28T14:38:06.344042+00:00,914252,3897460,Paris be 19°C,2026-08-28,highest_temperature,Will the highest temperature in Paris be 19°C on August 28?,19°C,3.0,0.0005,0.9995,,0.001,,6352.612326,6091.331326,10956.56116,True,False,True,True,0xa07eb8471715cd10d6764022eac913f89f82067e7355fee8956ec80938393619
2026-08-28T14:38:06.344054+00:00,914252,3897461,Paris be 20°C,2026-08-28,highest_temperature,Will the highest temperature in Paris be 20°C on August 28?,20°C,4.0,0.0005,0.9995,,0.001,,12665.324519000002,12310.787154000001,8928.60645,True,False,True,True,0x54eb8e49a76492b80112919dedcde81d4089c9b9f54c82f90a30439d2a8860ac
2026-08-28T14:38:06.344068+00:00,914252,3897462,Paris be 21°C,2026-08-28,highest_temperature,Will the highest temperature in Paris be 21°C on August 28?,21°C,5.0,0.0005,0.9995,,0.001,,10490.166710000001,8231.655261,11200.90635,True,False,True,True,0x03db04c7dfbb1f582c5334469a011edb791329ecd93d3f2d0e93c02d63a31ad1
2026-08-28T14:38:06.344082+00:00,914252,3897463,Paris be 22°C,2026-08-28,highest_temperature,Will the highest temperature in Paris be 22°C on August 28?,22°C,6.0,0.005,0.995,,0.01,,16891.6323,14331.433365000006,6446.7805,True,False,True,True,0x831167ac7bc8f162a3e2078335f7106af16cee21688ba9be2dad4ba6e1772132
2026-08-28T14:38:06.344095+00:00,914252,3897464,Paris be 23°C,2026-08-28,highest_temperature,Will the highest temperature in Paris be 23°C on August 28?,23°C,7.0,0.855,0.145,0.85,0.86,0.010000000000000009,11789.568740000002,10033.454665000001,312.4741,True,False,True,True,0xab1fc1549b41266e88c199bf2380e4a8e5f496d72a63d1e62293b20419782dbe
2026-08-28T14:38:06.344111+00:00,914252,3897465,Paris be 24°C,2026-08-28,highest_temperature,Will the highest temperature in Paris be 24°C on August 28?,24°C,8.0,0.253,0.747,0.152,0.354,0.20199999999999999,12596.028674000001,10418.120340000001,222.66622,True,False,True,True,0x7d42ffe8a3ccf17cbee5d26dbf135e2ec4af71ec45093e24d7520dbfd7022685
2026-08-28T14:38:06.344127+00:00,914252,3897466,Paris be 25°C,2026-08-28,highest_temperature,Will the highest temperature in Paris be 25°C on August 28?,25°C,9.0,0.0125,0.9875,0.002,0.023,0.020999999999999998,9001.110802,8081.535787999999,262.99606,True,False,True,True,0xf40fbbca4638162fdfd0a7ac56368d094bb729e51e2c23f4035475770c448673
2026-08-28T14:38:06.344141+00:00,914252,3897467,Paris be 26°C or higher,2026-08-28,highest_temperature,Will the highest temperature in Paris be 26°C or higher on August 28?,26°C or higher,10.0,0.0005,0.9995,,0.001,,2327.495395,1989.6109130000004,1865.72118,True,False,True,True,0x8c1178aa5222d5345b7aab3c097c9488fb5e01a57dbeaf1b12399a1dad01d2ed
2026-08-28T14:38:06.344156+00:00,914253,3897468,Seoul (Incheon) be 23°C or below,2026-08-28,highest_temperature,Will the highest temperature in Seoul (Incheon) be 23°C or below on August 28?,23°C or below,0.0,0.0005,0.9995,,0.001,,180.29000000000002,31.0,15103.19069,True,False,True,True,0x20b88fd3ca1daefb63ae0119210ae95046f1ae1c09e1021cbe254b4432762d94
2026-08-28T14:38:06.344171+00:00,914253,3897469,Seoul (Incheon) be 24°C,2026-08-28,highest_temperature,Will the highest temperature in Seoul (Incheon) be 24°C on August 28?,24°C,1.0,0.0005,0.9995,,0.001,,161.0,31.0,17089.87393,True,False,True,True,0xe77d5731a973f483029ad55257fd0eb0282aeb47ab77726f9890ffb9aeb89c46
2026-08-28T14:38:06.344187+00:00,914253,3897470,Seoul (Incheon) be 25°C,2026-08-28,highest_temperature,Will the highest temperature in Seoul (Incheon) be 25°C on August 28?,25°C,2.0,0.0005,0.9995,,0.001,,235.53699999999998,31.0,17191.37124,True,False,True,True,0xf014766b99be4c5670a80415a16e0e6361c2e2b9c38285126b26aebdd83190a0
2026-08-28T14:38:06.344201+00:00,914253,3897471,Seoul (Incheon) be 26°C,2026-08-28,highest_temperature,Will the highest temperature in Seoul (Incheon) be 26°C on August 28?,26°C,3.0,0.0005,0.9995,,0.001,,577.261,274.13,18184.56185,True,False,True,True,0x55a536b59a368429e05e60507d547b346c6828a5e2dc1efc46d5218f07a551d2
2026-08-28T14:38:06.344214+00:00,914253,3897472,Seoul (Incheon) be 27°C,2026-08-28,highest_temperature,Will the highest temperature in Seoul (Incheon) be 27°C on August 28?,27°C,4.0,0.0005,0.9995,,0.001,,5452.9955,3599.4496,9639.24317,True,False,True,True,0x38f8e14fbd0bde89c7c8cd5d824676aff6d4d7c46b9d3c7f630d6fee99e1b0e8
2026-08-28T14:38:06.344228+00:00,914253,3897473,Seoul (Incheon) be 28°C,2026-08-28,highest_temperature,Will the highest temperature in Seoul (Incheon) be 28°C on August 28?,28°C,5.0,0.0005,0.9995,,0.001,,8109.394490000001,6433.256066999999,9350.09306,True,False,True,True,0x3864ebaf1018430ef8d691f2aa0181e10d61121c3a061f9c3897600d63d0f617
2026-08-28T14:38:06.344241+00:00,914253,3897474,Seoul (Incheon) be 29°C,2026-08-28,highest_temperature,Will the highest temperature in Seoul (Incheon) be 29°C on August 28?,29°C,6.0,0.0005,0.9995,,0.001,,12534.310844999996,9823.843096999997,9029.18625,True,False,True,True,0xec3bd2cc3ccdf0a59ca92b91ae7139a438dd6608bfa60e4e71faa068c752f833
2026-08-28T14:38:06.344254+00:00,914253,3897475,Seoul (Incheon) be 30°C,2026-08-28,highest_temperature,Will the highest temperature in Seoul (Incheon) be 30°C on August 28?,30°C,7.0,0.0005,0.9995,,0.001,,20149.695510000005,18551.759561,13013.78671,True,False,True,True,0x4ade506afbd9ad14def93df14b89008f033987b6b66632930a7764fea9c973d2
2026-08-28T14:38:06.344268+00:00,914253,3897476,Seoul (Incheon) be 31°C,2026-08-28,highest_temperature,Will the highest temperature in Seoul (Incheon) be 31°C on August 28?,31°C,8.0,0.9995,0.0005,0.999,1.0,0.0010000000000000009,12138.273257999996,10220.262765000001,6833.99615,True,False,True,True,0xaa958652872cc2883ce7a834231d80a214a087d3f7ddf6c704a8bdfcbdaf574e
2026-08-28T14:38:06.344281+00:00,914253,3897477,Seoul (Incheon) be 32°C,2026-08-28,highest_temperature,Will the highest temperature in Seoul (Incheon) be 32°C on August 28?,32°C,9.0,0.0005,0.9995,,0.001,,7082.463886999999,5465.559303,5755.74028,True,False,True,True,0x6a0e590929ee953c845700acc2c42a069cff583ea32c4b5851288f7d27cf8c1a
2026-08-28T14:38:06.344295+00:00,914253,3897478,Seoul (Incheon) be 33°C or higher,2026-08-28,highest_temperature,Will the highest temperature in Seoul (Incheon) be 33°C or higher on August 28?,33°C or higher,10.0,0.0005,0.9995,,0.001,,7283.333664999999,5387.684100000001,7176.6881,True,False,True,True,0xb8e6e7b5ee2d52a632d11d5e99f1a715ccbd5019b92c427bf2dd269b6b55080e
2026-08-28T14:38:06.344310+00:00,914254,3897479,Ankara be 23°C or below,2026-08-28,highest_temperature,Will the highest temperature in Ankara be 23°C or below on August 28?,23°C or below,0.0,0.0005,0.9995,,0.001,,186.4202,168.32,12366.04994,True,False,True,True,0xe27f02b57b1571502ae433237c516965915b9b5137153b2740970d21378174c6
2026-08-28T14:38:06.344324+00:00,914254,3897480,Ankara be 24°C,2026-08-28,highest_temperature,Will the highest temperature in Ankara be 24°C on August 28?,24°C,1.0,0.0005,0.9995,,0.001,,2148.6926340000005,1570.887434,12183.20212,True,False,True,True,0x80b152d761a4b440113c286be386b8884b42ccd68b74d9217e1aecad850caeb8
2026-08-28T14:38:06.344337+00:00,914254,3897481,Ankara be 25°C,2026-08-28,highest_temperature,Will the highest temperature in Ankara be 25°C on August 28?,25°C,2.0,0.0005,0.9995,,0.001,,6790.884322000001,4258.643149,11963.54295,True,False,True,True,0x7991e22ae8836c3455c7dc1556a6cc96e2b888e4007a50250e4db417f5b87500
2026-08-28T14:38:06.344352+00:00,914254,3897482,Ankara be 26°C,2026-08-28,highest_temperature,Will the highest temperature in Ankara be 26°C on August 28?,26°C,3.0,0.0005,0.9995,,0.001,,10455.094259,6406.644407000002,9948.32665,True,False,True,True,0x6ad2159a0752ab9688b000d5ae21e6de406b95fe546fdd277154dd30087cfcbf
2026-08-28T14:38:06.344365+00:00,914254,3897483,Ankara be 27°C,2026-08-28,highest_temperature,Will the highest temperature in Ankara be 27°C on August 28?,27°C,4.0,0.9995,0.0005,0.999,1.0,0.0010000000000000009,7969.335316000001,4118.910146,1253.86959,True,False,True,True,0x9822b0d2be062dc13ed3b812606ed3c85dcaf43e24240cc8c9e47e74717c0b06
2026-08-28T14:38:06.344380+00:00,914254,3897484,Ankara be 28°C,2026-08-28,highest_temperature,Will the highest temperature in Ankara be 28°C on August 28?,28°C,5.0,0.0005,0.9995,,0.001,,5595.241832,3990.596586000002,930.57462,True,False,True,True,0xfc3b29704f574562e9d2dbae2cac2086bd37f4653323376f2b369eb148c25822
2026-08-28T14:38:06.344394+00:00,914254,3897485,Ankara be 29°C,2026-08-28,highest_temperature,Will the highest temperature in Ankara be 29°C on August 28?,29°C,6.0,0.0005,0.9995,,0.001,,2186.2523679999995,1836.758203,1323.67988,True,False,True,True,0x0a6ccbff938d605d6dd23843bf5d27d8de660318432cd308267d32737ff31863
2026-08-28T14:38:06.344409+00:00,914254,3897486,Ankara be 30°C,2026-08-28,highest_temperature,Will the highest temperature in Ankara be 30°C on August 28?,30°C,7.0,0.0005,0.9995,,0.001,,2081.1748380000004,1790.2712110000002,1259.5916,True,False,True,True,0xb1f7ba6cf5d91439ca3c1eeb04be37ed241f0048a7df05d722cb134da2122425
2026-08-28T14:38:06.344421+00:00,914254,3897487,Ankara be 31°C,2026-08-28,highest_temperature,Will the highest temperature in Ankara be 31°C on August 28?,31°C,8.0,0.0005,0.9995,,0.001,,535.0690000000001,265.1,1466.70132,True,False,True,True,0xa820eece9dc4e418bfbc053800321ef0d30a644625706ddc78dfc2022ab1aebe
2026-08-28T14:38:06.344434+00:00,914254,3897488,Ankara be 32°C,2026-08-28,highest_temperature,Will the highest temperature in Ankara be 32°C on August 28?,32°C,9.0,0.0005,0.9995,,0.001,,274.956,4.992,2319.05895,True,False,True,True,0x2bdb037448ee554458359b6b754e9f42a51f1ef9b22b2f26d03d38414aeccd7f
2026-08-28T14:38:06.344450+00:00,914254,3897489,Ankara be 33°C or higher,2026-08-28,highest_temperature,Will the highest temperature in Ankara be 33°C or higher on August 28?,33°C or higher,10.0,0.0005,0.9995,,0.001,,122.1404,,2264.08487,True,False,True,True,0x3a6d6836d17fa1a367ef71091dec84840cc32a742978067bb173b2b8ac6e7905
2026-08-28T14:38:06.344464+00:00,914256,3897501,Lucknow be 26°C or below,2026-08-28,highest_temperature,Will the highest temperature in Lucknow be 26°C or below on August 28?,26°C or below,0.0,0.0005,0.9995,,0.001,,104.991,,16537.42531,True,False,True,True,0xacf65b21c67078f443271879420623bc3f31443ed013f8eb9f36b0680d4b06fe
2026-08-28T14:38:06.344480+00:00,914256,3897502,Lucknow be 27°C,2026-08-28,highest_temperature,Will the highest temperature in Lucknow be 27°C on August 28?,27°C,1.0,0.0005,0.9995,,0.001,,370.96599999999995,53.0,16368.19431,True,False,True,True,0x4c8dd290622ed212f88f49e94f46f3e70342358668b3ce42cdd49325a233f717
2026-08-28T14:38:06.344494+00:00,914256,3897503,Lucknow be 28°C,2026-08-28,highest_temperature,Will the highest temperature in Lucknow be 28°C on August 28?,28°C,2.0,0.0005,0.9995,,0.001,,644.119666,348.6347,8572.63896,True,False,True,True,0xaaa9ce9ad7e384074fcf8d153a86b37afe7f277f7400cb13a2f599241bafee43
2026-08-28T14:38:06.344507+00:00,914256,3897504,Lucknow be 29°C,2026-08-28,highest_temperature,Will the highest temperature in Lucknow be 29°C on August 28?,29°C,3.0,0.0005,0.9995,,0.001,,225.2914,165.04,8149.03866,True,False,True,True,0x2b213271a3157cefc561f3bdf85829dfbc8d21c84a43bcbdfdfa0abaa84407fc
2026-08-28T14:38:06.344520+00:00,914256,3897505,Lucknow be 30°C,2026-08-28,highest_temperature,Will the highest temperature in Lucknow be 30°C on August 28?,30°C,4.0,0.0005,0.9995,,0.001,,1722.6881459999997,1460.863544,8637.05272,True,False,True,True,0x51c6f8be5cbf7ce349d51a731c908aad8cd28bd523390292ef2edffb164de672
2026-08-28T14:38:06.344533+00:00,914256,3897506,Lucknow be 31°C,2026-08-28,highest_temperature,Will the highest temperature in Lucknow be 31°C on August 28?,31°C,5.0,0.0005,0.9995,,0.001,,2861.1699999999996,2492.625706,6434.97887,True,False,True,True,0xa6327e85521eda4368f54de653265eaeb5a189f80f7f43b18cac2f049132258c
2026-08-28T14:38:06.344546+00:00,914256,3897507,Lucknow be 32°C,2026-08-28,highest_temperature,Will the highest temperature in Lucknow be 32°C on August 28?,32°C,6.0,0.9995,0.0005,0.999,1.0,0.0010000000000000009,4137.574366,3691.1097460000005,1209.34636,True,False,True,True,0x3d15779fc9ebc8604c610b81bc9eb05f29febb960228ff2c216eea96fa1fc4a9
2026-08-28T14:38:06.344558+00:00,914256,3897508,Lucknow be 33°C,2026-08-28,highest_temperature,Will the highest temperature in Lucknow be 33°C on August 28?,33°C,7.0,0.0015,0.9985,0.001,0.002,0.001,3951.737496,3048.679198,1345.6191,True,False,True,True,0x50ce1818d31bd8ea36c7d36f3b92a6e4a2cc8bc679c5e16cebbbd9beb7c996e1
2026-08-28T14:38:06.344571+00:00,914256,3897509,Lucknow be 34°C,2026-08-28,highest_temperature,Will the highest temperature in Lucknow be 34°C on August 28?,34°C,8.0,0.0005,0.9995,,0.001,,2797.948065,2067.906448,1258.77141,True,False,True,True,0x9928060f33f0094a9367bf1b318ab582dc0f8888ef6f9894cca9866a3bc65dea
2026-08-28T14:38:06.344584+00:00,914256,3897510,Lucknow be 35°C,2026-08-28,highest_temperature,Will the highest temperature in Lucknow be 35°C on August 28?,35°C,9.0,0.0005,0.9995,,0.001,,773.6628280000001,672.032846,1146.58113,True,False,True,True,0xa9a7bb6a7bf0e844b2964458f7fa237f1a00b35218a0371916a2b5f589edd904
2026-08-28T14:38:06.344597+00:00,914256,3897511,Lucknow be 36°C or higher,2026-08-28,highest_temperature,Will the highest temperature in Lucknow be 36°C or higher on August 28?,36°C or higher,10.0,0.0005,0.9995,,0.001,,354.5624,151.94899999999998,1469.85488,True,False,True,True,0x738c32bf4459e0db79510ac3f6c437420cf9320e8ed0dbeced915f8ef2882039
2026-08-28T14:38:06.344611+00:00,914257,3897512,Munich be 23°C or below,2026-08-28,highest_temperature,Will the highest temperature in Munich be 23°C or below on August 28?,23°C or below,0.0,0.0005,0.9995,,0.001,,6804.979666,6576.137665999999,13549.10773,True,False,True,True,0x2c967f2fdd0b915948959f27d09baaf0db9030db98ffa6c9570e2cf4d7652b39
2026-08-28T14:38:06.344627+00:00,914257,3897513,Munich be 24°C,2026-08-28,highest_temperature,Will the highest temperature in Munich be 24°C on August 28?,24°C,1.0,0.0005,0.9995,,0.001,,4783.780443,4364.257992999999,13426.64118,True,False,True,True,0xf1d0db8f5717afb3a82e2725faa5fac7e3943fb6759e6ad6a57e5a7aae8516de
2026-08-28T14:38:06.344640+00:00,914257,3897514,Munich be 25°C,2026-08-28,highest_temperature,Will the highest temperature in Munich be 25°C on August 28?,25°C,2.0,0.0005,0.9995,,0.001,,5315.569612,4796.951729,12729.70967,True,False,True,True,0xb94b0d0cabb52dfa807db18f47dc8170c1ffc923315a67049fc97788d088acb8
2026-08-28T14:38:06.344654+00:00,914257,3897515,Munich be 26°C,2026-08-28,highest_temperature,Will the highest temperature in Munich be 26°C on August 28?,26°C,3.0,0.0005,0.9995,,0.001,,4764.9281489999985,3830.230465999999,12743.62076,True,False,True,True,0xbad879799637d4964a36932205f0be8c39cc4dda906b2263a75f5791d2f2563f
2026-08-28T14:38:06.344669+00:00,914257,3897516,Munich be 27°C,2026-08-28,highest_temperature,Will the highest temperature in Munich be 27°C on August 28?,27°C,4.0,0.0005,0.9995,,0.001,,8677.335287999998,6994.217202,12086.00909,True,False,True,True,0x2b081e663ee6cb68ba09cf8eaec49e43853b0e2d84aa34329866dd8d35e8e3d1
2026-08-28T14:38:06.344683+00:00,914257,3897517,Munich be 28°C,2026-08-28,highest_temperature,Will the highest temperature in Munich be 28°C on August 28?,28°C,5.0,0.0005,0.9995,,0.001,,14866.928616999998,12346.752143999998,9928.8987,True,False,True,True,0x880d476a388cba3c868f963fe5990d75eedb846f51ff5c1f6ab1962d5efaa2d2
2026-08-28T14:38:06.344705+00:00,914257,3897518,Munich be 29°C,2026-08-28,highest_temperature,Will the highest temperature in Munich be 29°C on August 28?,29°C,6.0,0.998,0.002,0.997,0.999,0.0020000000000000018,14895.635141,10462.485798000007,1921.76932,True,False,True,True,0x50ae3f8ac48cfcd675e1a2facf1e101c6b8ea8ad7c4e003aad00f63ab33b7f8a
2026-08-28T14:38:06.344720+00:00,914257,3897519,Munich be 30°C,2026-08-28,highest_temperature,Will the highest temperature in Munich be 30°C on August 28?,30°C,7.0,0.001,0.999,,0.002,,16191.250593999994,11123.534537999998,2435.2366,True,False,True,True,0xf0591d4c19404cf3a3d964cc28b7df162fbbe2c2ef33f10bfd26502691bf421f
2026-08-28T14:38:06.344734+00:00,914257,3897520,Munich be 31°C,2026-08-28,highest_temperature,Will the highest temperature in Munich be 31°C on August 28?,31°C,8.0,0.004,0.996,0.003,0.005,0.002,10451.236048,7632.460680000002,3240.03182,True,False,True,True,0x44e913c0539f4dec437a1924d63645367cd6ef6db8cbe98706ddf4ae3d6c1184
2026-08-28T14:38:06.344747+00:00,914257,3897521,Munich be 32°C,2026-08-28,highest_temperature,Will the highest temperature in Munich be 32°C on August 28?,32°C,9.0,0.0015,0.9985,,0.003,,9438.883346999999,8263.555305,1609.88759,True,False,True,True,0xab21ecba0ef75334f7624975a2ba6a2f9e8a59e05fea4556844db8ef448de438
2026-08-28T14:38:06.344762+00:00,914257,3897522,Munich be 33°C or higher,2026-08-28,highest_temperature,Will the highest temperature in Munich be 33°C or higher on August 28?,33°C or higher,10.0,0.0005,0.9995,,0.001,,7901.187035,7188.343535,1783.74119,True,False,True,True,0x22bd20dd0e9613e143f6e49983ec2c3d1098116a5aa324c7e257d87ce8565aca
2026-08-28T14:38:06.344777+00:00,914258,3897523,Tel Aviv be 29°C or below,2026-08-28,highest_temperature,Will the highest temperature in Tel Aviv be 29°C or below on August 28?,29°C or below,0.0,0.0005,0.9995,,0.001,,506.6112,56.434,12077.0658,True,False,True,True,0x3b680d2e8a521c3e948e780793c67f085641e2ab9d5ca9f4bc1d01b9acdf0333
2026-08-28T14:38:06.344791+00:00,914258,3897524,Tel Aviv be 30°C,2026-08-28,highest_temperature,Will the highest temperature in Tel Aviv be 30°C on August 28?,30°C,1.0,0.0005,0.9995,,0.001,,375.891121,74.332,11635.09734,True,False,True,True,0xf59a4a2165c38d20af1aa523ffdd021d39c4928ef6d3d028f594c4851747f960
2026-08-28T14:38:06.344805+00:00,914258,3897525,Tel Aviv be 31°C,2026-08-28,highest_temperature,Will the highest temperature in Tel Aviv be 31°C on August 28?,31°C,2.0,0.0005,0.9995,,0.001,,1321.279082,1030.4511319999997,11556.38391,True,False,True,True,0x8dcc36dae797edd62294c12b8adfb379c79ce568c7c9be903aa87c57d5360a3b
2026-08-28T14:38:06.344818+00:00,914258,3897526,Tel Aviv be 32°C,2026-08-28,highest_temperature,Will the highest temperature in Tel Aviv be 32°C on August 28?,32°C,3.0,0.0005,0.9995,,0.001,,6452.425498,5272.278956,10014.56818,True,False,True,True,0xa44a12fd6335e99753f391098a02dcb9e771428ea29f48a1e55a08da4d0570e4
2026-08-28T14:38:06.344831+00:00,914258,3897527,Tel Aviv be 33°C,2026-08-28,highest_temperature,Will the highest temperature in Tel Aviv be 33°C on August 28?,33°C,4.0,0.997,0.003,0.995,0.999,0.0040000000000000036,8058.118286999999,6431.687631999998,1504.94665,True,False,True,True,0x65ee4ada3bc5dd131f1019108ba2a87930f0233e7c30b1afbe35c5ff431a16aa
2026-08-28T14:38:06.344847+00:00,914258,3897528,Tel Aviv be 34°C,2026-08-28,highest_temperature,Will the highest temperature in Tel Aviv be 34°C on August 28?,34°C,5.0,0.003,0.997,0.001,0.005,0.004,3845.0090969999997,2658.324007000001,1816.45163,True,False,True,True,0x8a8853a41c5f6ec4bde9d39f0cab54fafc3513a385b5a7f539aeaa84c7a636e1
2026-08-28T14:38:06.344861+00:00,914258,3897529,Tel Aviv be 35°C,2026-08-28,highest_temperature,Will the highest temperature in Tel Aviv be 35°C on August 28?,35°C,6.0,0.0005,0.9995,,0.001,,2875.4993009999994,2342.600501,1411.06028,True,False,True,True,0x07e2059a4afd0902fcf159b68f4199cf822a4e3d7872927e5ccb1e53264c9ffe
2026-08-28T14:38:06.344875+00:00,914258,3897530,Tel Aviv be 36°C,2026-08-28,highest_temperature,Will the highest temperature in Tel Aviv be 36°C on August 28?,36°C,7.0,0.0005,0.9995,,0.001,,461.325606,129.13199999999998,832.74141,True,False,True,True,0xbeb609a05dd5b74c092a06dc22dd6d88b9f740ce8139ef39566a4e2dc42d3c1d
2026-08-28T14:38:06.344888+00:00,914258,3897531,Tel Aviv be 37°C,2026-08-28,highest_temperature,Will the highest temperature in Tel Aviv be 37°C on August 28?,37°C,8.0,0.0005,0.9995,,0.001,,231.05700000000002,8.44,955.38342,True,False,True,True,0x936a308fd0418c787de5ce2e3c51277c3e7538a9e1687c1b1f8b8323a73e8ad0
2026-08-28T14:38:06.344902+00:00,914258,3897532,Tel Aviv be 38°C,2026-08-28,highest_temperature,Will the highest temperature in Tel Aviv be 38°C on August 28?,38°C,9.0,0.0005,0.9995,,0.001,,147.051,8.44,1363.51134,True,False,True,True,0x16b81a76a382c09cab5322c6391ed584148aaa0bd0f8cc96c87c1295f118af87
2026-08-28T14:38:06.344915+00:00,914258,3897533,Tel Aviv be 39°C or higher,2026-08-28,highest_temperature,Will the highest temperature in Tel Aviv be 39°C or higher on August 28?,39°C or higher,10.0,0.0005,0.9995,,0.001,,147.055,8.44,1646.6637,True,False,True,True,0x9c2383c98070a6c11358bbc68310d2bdc5ec884620fc9ecb88b42b7f2f599925
2026-08-28T14:38:06.344929+00:00,914259,3897534,Tokyo be 26°C or below,2026-08-28,highest_temperature,Will the highest temperature in Tokyo be 26°C or below on August 28?,26°C or below,0.0,0.0005,0.9995,,0.001,,3519.642133,86.5205,23080.98394,True,False,True,True,0xad9be9e3512af189b658714e2718c7f646a15f5d07f3a876e4f2698b5d834a60
2026-08-28T14:38:06.344943+00:00,914259,3897535,Tokyo be 27°C,2026-08-28,highest_temperature,Will the highest temperature in Tokyo be 27°C on August 28?,27°C,1.0,0.0005,0.9995,,0.001,,5557.0261,5424.46,24695.85104,True,False,True,True,0xe639b9dd8455f911b907906d490789630141568c3759bbe06aedae7cc7160e51
2026-08-28T14:38:06.344956+00:00,914259,3897536,Tokyo be 28°C,2026-08-28,highest_temperature,Will the highest temperature in Tokyo be 28°C on August 28?,28°C,2.0,0.0005,0.9995,,0.001,,2468.4735710000004,1781.6025209999998,17067.39226,True,False,True,True,0x5ffa05c7044bf236b76356e14ba38a513369815abf0bf7d08b2d6582a25d8646
2026-08-28T14:38:06.344971+00:00,914259,3897537,Tokyo be 29°C,2026-08-28,highest_temperature,Will the highest temperature in Tokyo be 29°C on August 28?,29°C,3.0,0.0005,0.9995,,0.001,,3271.8848049999992,2555.499331999999,16604.45705,True,False,True,True,0xf25795d172f80aa323cf66e17555ef7f8c086812404816ceeb8489a1a68f77d7
2026-08-28T14:38:06.344985+00:00,914259,3897538,Tokyo be 30°C,2026-08-28,highest_temperature,Will the highest temperature in Tokyo be 30°C on August 28?,30°C,4.0,0.0005,0.9995,,0.001,,12122.141071,9950.089778999998,16222.49635,True,False,True,True,0xc24a1670d0f62c38fc3b45ef4344c66e3205da8e10d5a36838dde17a494fa107
2026-08-28T14:38:06.344999+00:00,914259,3897539,Tokyo be 31°C,2026-08-28,highest_temperature,Will the highest temperature in Tokyo be 31°C on August 28?,31°C,5.0,0.0005,0.9995,,0.001,,8648.276741999998,8070.373343999998,15843.74655,True,False,True,True,0xe3f3f317d5696d62ab31870f5a96b516ecf4324e78314fe11943b6418c6eba1b
2026-08-28T14:38:06.345012+00:00,914259,3897540,Tokyo be 32°C,2026-08-28,highest_temperature,Will the highest temperature in Tokyo be 32°C on August 28?,32°C,6.0,0.9995,0.0005,0.999,1.0,0.0010000000000000009,17789.313290000006,14300.440653999998,1273.47397,True,False,True,True,0xd9a821e465932621af7ae5395e2d8ab74b57135031b3c8e27810b5f7c2126af6
2026-08-28T14:38:06.345026+00:00,914259,3897541,Tokyo be 33°C,2026-08-28,highest_temperature,Will the highest temperature in Tokyo be 33°C on August 28?,33°C,7.0,0.0005,0.9995,,0.001,,18500.708164999996,16087.934319999993,1222.39424,True,False,True,True,0xd2c99651f5b3a827bdf8fb8d9ab687a3f8f8aea2b4d99afbfc0e8818713ecd03
2026-08-28T14:38:06.345039+00:00,914259,3897542,Tokyo be 34°C,2026-08-28,highest_temperature,Will the highest temperature in Tokyo be 34°C on August 28?,34°C,8.0,0.0005,0.9995,,0.001,,15953.031206000003,15721.485391000004,1095.31032,True,False,True,True,0x295de040275a8ab736ddb5f1f60f0c2db75fadc580c0ee670da72b4132423b54
2026-08-28T14:38:06.345053+00:00,914259,3897543,Tokyo be 35°C,2026-08-28,highest_temperature,Will the highest temperature in Tokyo be 35°C on August 28?,35°C,9.0,0.0005,0.9995,,0.001,,7584.008369999999,7204.697999999999,1876.84124,True,False,True,True,0xd8e11825719ba0b7109bd0556ab06520145034bbc00f6350cd6ff1bd4bef30a9
2026-08-28T14:38:06.345069+00:00,914259,3897544,Tokyo be 36°C or higher,2026-08-28,highest_temperature,Will the highest temperature in Tokyo be 36°C or higher on August 28?,36°C or higher,10.0,0.0005,0.9995,,0.001,,7426.343047000001,6075.554,2400.17206,True,False,True,True,0xd28bccd8ffcca86193c024d7eefedff465ce52844e29c2cc3cd096555f23623a
2026-08-28T14:38:06.345089+00:00,914260,3897545,Hong Kong be 25°C or below,2026-08-28,highest_temperature,Will the highest temperature in Hong Kong be 25°C or below on August 28?,25°C or below,0.0,0.0005,0.9995,,0.001,,227.915,13.45,14357.56007,True,False,True,True,0xc8898f84aa7d0d51639616f5f68d39e792112426a0a4abb805496cef4c782cc2
2026-08-28T14:38:06.345102+00:00,914260,3897546,Hong Kong be 26°C,2026-08-28,highest_temperature,Will the highest temperature in Hong Kong be 26°C on August 28?,26°C,1.0,0.0005,0.9995,,0.001,,222.98099999999997,13.45,17785.23408,True,False,True,True,0x4a25c382df211906651bb42dfdad45d2e41ca8f103145cc84c928d016edeaabb
2026-08-28T14:38:06.345116+00:00,914260,3897547,Hong Kong be 27°C,2026-08-28,highest_temperature,Will the highest temperature in Hong Kong be 27°C on August 28?,27°C,2.0,0.0005,0.9995,,0.001,,286.98699999999997,13.45,17596.06565,True,False,True,True,0xec73af347a43bcb1e7f92b4145fbc2aa0acafc999686e17112dcd76c8fe4527e
2026-08-28T14:38:06.345130+00:00,914260,3897548,Hong Kong be 28°C,2026-08-28,highest_temperature,Will the highest temperature in Hong Kong be 28°C on August 28?,28°C,3.0,0.0005,0.9995,,0.001,,1377.261486,236.93454499999999,29051.97104,True,False,True,True,0xde0134b2ee57fa676e97fb6fcdc92a304202aa093fa6e19d766794bf600c6672
2026-08-28T14:38:06.345142+00:00,914260,3897549,Hong Kong be 29°C,2026-08-28,highest_temperature,Will the highest temperature in Hong Kong be 29°C on August 28?,29°C,4.0,0.0005,0.9995,,0.001,,13251.939302,10751.733632000001,22321.0267,True,False,True,True,0xda87ad07ec8e730533f6a061318f602d62f6c166945a242f4a68527532a62356
2026-08-28T14:38:06.345155+00:00,914260,3897550,Hong Kong be 30°C,2026-08-28,highest_temperature,Will the highest temperature in Hong Kong be 30°C on August 28?,30°C,5.0,0.0005,0.9995,,0.001,,20150.50356,19304.921584000003,22770.72101,True,False,True,True,0xae2fcc3113be9a0c6a1cb48243ff3d0a678df126017254475f97db40b7bb468e
2026-08-28T14:38:06.345168+00:00,914260,3897551,Hong Kong be 31°C,2026-08-28,highest_temperature,Will the highest temperature in Hong Kong be 31°C on August 28?,31°C,6.0,0.0005,0.9995,,0.001,,34427.210158,33397.523531000006,26946.31316,True,False,True,True,0x9e92a2bb623f815b981869322816f7ffedb782851399adda5c28b8851240d01f
2026-08-28T14:38:06.345181+00:00,914260,3897552,Hong Kong be 32°C,2026-08-28,highest_temperature,Will the highest temperature in Hong Kong be 32°C on August 28?,32°C,7.0,0.999,0.001,0.998,1.0,0.0020000000000000018,39340.43173699999,36877.053463,25483.06048,True,False,True,True,0x611dddee1faf72e9a3157e7ee94e54a6d90d6511188e5304ea6df407ba277d8f
2026-08-28T14:38:06.345194+00:00,914260,3897553,Hong Kong be 33°C,2026-08-28,highest_temperature,Will the highest temperature in Hong Kong be 33°C on August 28?,33°C,8.0,0.0005,0.9995,,0.001,,20121.397000000004,18907.73677,22267.66762,True,False,True,True,0xda080eddd78b79826b51742e78c4de095b541a72ee54f50cb3ac546aff9465f3
2026-08-28T14:38:06.345207+00:00,914260,3897554,Hong Kong be 34°C,2026-08-28,highest_temperature,Will the highest temperature in Hong Kong be 34°C on August 28?,34°C,9.0,0.0005,0.9995,,0.001,,5903.299756999999,4848.997300999999,18188.63101,True,False,True,True,0xeb6fa85302d0669e503321c65349f8a9ce0886d5eebf1f952187a2517abd0dd9
2026-08-28T14:38:06.345220+00:00,914260,3897555,Hong Kong be 35°C or higher,2026-08-28,highest_temperature,Will the highest temperature in Hong Kong be 35°C or higher on August 28?,35°C or higher,10.0,0.0005,0.9995,,0.001,,2356.893754,591.8550399999998,10050.73128,True,False,True,True,0xf87777bedad936f8fa32580be9841f8a9cff4bad4dbec24f11c628865d5ba9ae
2026-08-28T14:38:06.345235+00:00,914261,3897556,Shanghai be 25°C or below,2026-08-28,highest_temperature,Will the highest temperature in Shanghai be 25°C or below on August 28?,25°C or below,0.0,0.0005,0.9995,,0.001,,228.346,43.88,21187.98038,True,False,True,True,0x04dac6eb7671bff3400f3e6333fa72d93967ba49d2c3832d95a6fa7d4c623bd9
2026-08-28T14:38:06.345249+00:00,914261,3897557,Shanghai be 26°C,2026-08-28,highest_temperature,Will the highest temperature in Shanghai be 26°C on August 28?,26°C,1.0,0.0005,0.9995,,0.001,,229.227,43.88,22286.79443,True,False,True,True,0x119efa729927213775c99d49931f4ac47ce69256a54e87e3ed22ac0fbde26fca
2026-08-28T14:38:06.345264+00:00,914261,3897558,Shanghai be 27°C,2026-08-28,highest_temperature,Will the highest temperature in Shanghai be 27°C on August 28?,27°C,2.0,0.0005,0.9995,,0.001,,238.394,43.88,28454.99254,True,False,True,True,0x68571973e10a24013d4fff1ce013fe7a928970f5e88bc5b6e2ea1697dd2e8089
2026-08-28T14:38:06.345277+00:00,914261,3897559,Shanghai be 28°C,2026-08-28,highest_temperature,Will the highest temperature in Shanghai be 28°C on August 28?,28°C,3.0,0.0005,0.9995,,0.001,,3232.493857,978.1149360000001,28081.46338,True,False,True,True,0xdbb3ccd8b71cded6c0f8852f7ec77db670b201d94882301662101eefef2ec975
2026-08-28T14:38:06.345292+00:00,914261,3897560,Shanghai be 29°C,2026-08-28,highest_temperature,Will the highest temperature in Shanghai be 29°C on August 28?,29°C,4.0,0.0005,0.9995,,0.001,,8895.091181,5728.569687000001,19699.50418,True,False,True,True,0xb35aef8f58e6575fa8c8d33cd861d8120aaabd0cc8962ce7dc04f268f81171f3
2026-08-28T14:38:06.345305+00:00,914261,3897561,Shanghai be 30°C,2026-08-28,highest_temperature,Will the highest temperature in Shanghai be 30°C on August 28?,30°C,5.0,0.9995,0.0005,0.999,1.0,0.0010000000000000009,30104.131402,23519.971409000005,1011.02643,True,False,True,True,0x6f2d69aa56dbe8a91ce723dc533b6e369cfad82cb1e0ecc768bf630d74dcd03e
2026-08-28T14:38:06.345318+00:00,914261,3897562,Shanghai be 31°C,2026-08-28,highest_temperature,Will the highest temperature in Shanghai be 31°C on August 28?,31°C,6.0,0.0005,0.9995,,0.001,,14500.444712,10539.436883000002,1524.44744,True,False,True,True,0x59641d7c96c3115160078a49a285b1bf6560ec3d48d731565361a7d18d4b737a
2026-08-28T14:38:06.345331+00:00,914261,3897563,Shanghai be 32°C,2026-08-28,highest_temperature,Will the highest temperature in Shanghai be 32°C on August 28?,32°C,7.0,0.0005,0.9995,,0.001,,14111.177352000004,9396.698525,2475.21624,True,False,True,True,0x176e252038663822f3fc6d4c70fb39b6f02467fb049c73fb478cb2a8276ee8d6
2026-08-28T14:38:06.345344+00:00,914261,3897564,Shanghai be 33°C,2026-08-28,highest_temperature,Will the highest temperature in Shanghai be 33°C on August 28?,33°C,8.0,0.0005,0.9995,,0.001,,5951.430574,3927.5910220000005,2984.37038,True,False,True,True,0xdfe4cc52081cfb888dc66f340364d9fc84d7ebd67327b1d00307d16759e34f22
2026-08-28T14:38:06.345357+00:00,914261,3897565,Shanghai be 34°C,2026-08-28,highest_temperature,Will the highest temperature in Shanghai be 34°C on August 28?,34°C,9.0,0.0005,0.9995,,0.001,,669.246241,107.79627500000001,2987.77348,True,False,True,True,0x68a38af9ac5f03843b8624a3e5cdb91f46cd827a740bf7d688ead302a242e34a
2026-08-28T14:38:06.345369+00:00,914261,3897566,Shanghai be 35°C or higher,2026-08-28,highest_temperature,Will the highest temperature in Shanghai be 35°C or higher on August 28?,35°C or higher,10.0,0.0005,0.9995,,0.001,,304.92639999999994,43.88,3961.36803,True,False,True,True,0x09d5bb47e0719787470e3f92f56b598a8a780b649024eae1287eebe9fc7efd63
2026-08-28T14:38:06.345383+00:00,914262,3897567,Singapore be 28°C or below,2026-08-28,highest_temperature,Will the highest temperature in Singapore be 28°C or below on August 28?,28°C or below,0.0,0.0005,0.9995,,0.001,,1050.4250000000002,6.24,21313.82239,True,False,True,True,0x29aefdadcd01185cd5fc7869c3f5db458aef92e7e716658f80422153d7fc5f6c
2026-08-28T14:38:06.345398+00:00,914262,3897568,Singapore be 29°C,2026-08-28,highest_temperature,Will the highest temperature in Singapore be 29°C on August 28?,29°C,1.0,0.0005,0.9995,,0.001,,2487.779593,,13155.53044,True,False,True,True,0x2a9e63cf72e565329a01e81f8f32231c280325d1326f06946e277ab2cc4f326b
2026-08-28T14:38:06.345413+00:00,914262,3897569,Singapore be 30°C,2026-08-28,highest_temperature,Will the highest temperature in Singapore be 30°C on August 28?,30°C,2.0,0.0005,0.9995,,0.001,,1769.2451430000003,259.63,12994.65621,True,False,True,True,0x39b2aef4987fd0befa8658afb4902399421a13625db65fd358ba906388560e25
2026-08-28T14:38:06.345427+00:00,914262,3897570,Singapore be 31°C,2026-08-28,highest_temperature,Will the highest temperature in Singapore be 31°C on August 28?,31°C,3.0,0.0005,0.9995,,0.001,,5582.787926,4122.5511,12064.01205,True,False,True,True,0x52cb100de813cd12d053a31f23f17848b297aeb6f3d70f39310aadbfae9d4f75
2026-08-28T14:38:06.345440+00:00,914262,3897571,Singapore be 32°C,2026-08-28,highest_temperature,Will the highest temperature in Singapore be 32°C on August 28?,32°C,4.0,0.0005,0.9995,,0.001,,11239.017681,7442.76356,12701.62809,True,False,True,True,0x819e794bad2cebf0309e1e13245b57d4b9ef5365ab2af97e0446f5cde8602c56
2026-08-28T14:38:06.345453+00:00,914262,3897572,Singapore be 33°C,2026-08-28,highest_temperature,Will the highest temperature in Singapore be 33°C on August 28?,33°C,5.0,0.9995,0.0005,0.999,1.0,0.0010000000000000009,11053.826890999999,8162.607307999997,2305.02809,True,False,True,True,0xd02182544b9156854ccc23440582ac25b4eb3933d60a08f732224913bc647b3f
2026-08-28T14:38:06.345466+00:00,914262,3897573,Singapore be 34°C,2026-08-28,highest_temperature,Will the highest temperature in Singapore be 34°C on August 28?,34°C,6.0,0.0005,0.9995,,0.001,,10325.622463,5568.716268,2360.61266,True,False,True,True,0x6ed883e202161c1a525e01aa013c874404ffdd236f3ebc2287a73db9e1d98c19
2026-08-28T14:38:06.345480+00:00,914262,3897574,Singapore be 35°C,2026-08-28,highest_temperature,Will the highest temperature in Singapore be 35°C on August 28?,35°C,7.0,0.0005,0.9995,,0.001,,2326.7266659999996,636.0830000000001,3144.43082,True,False,True,True,0x975ea2d2dec98e10830b0ebee7d9d90370b106cdae7d5323e0f9362658672c70
2026-08-28T14:38:06.345494+00:00,914262,3897575,Singapore be 36°C,2026-08-28,highest_temperature,Will the highest temperature in Singapore be 36°C on August 28?,36°C,8.0,0.0005,0.9995,,0.001,,564.7914000000001,,2024.70794,True,False,True,True,0x8942cd2052dce9aa6ce03b318fb175acc6ec8d0c33974ada5effacc047d466f9
2026-08-28T14:38:06.345508+00:00,914262,3897576,Singapore be 37°C,2026-08-28,highest_temperature,Will the highest temperature in Singapore be 37°C on August 28?,37°C,9.0,0.0005,0.9995,,0.001,,756.1990079999999,86.205,2769.55548,True,False,True,True,0x62892a18a37ef5cb4c0ab554a53d761e408fef9f66e4752221390b1c7115d089
2026-08-28T14:38:06.345523+00:00,914262,3897577,Singapore be 38°C or higher,2026-08-28,highest_temperature,Will the highest temperature in Singapore be 38°C or higher on August 28?,38°C or higher,10.0,0.0005,0.9995,,0.001,,158.615,,3424.81977,True,False,True,True,0x0f39b3660cc4e1fb4a377fff518a09b0125d7d8b40a8f035639500bd3df2c281
2026-08-28T14:38:06.345538+00:00,914263,3897578,Milan be 22°C or below,2026-08-28,highest_temperature,Will the highest temperature in Milan be 22°C or below on August 28?,22°C or below,0.0,0.0005,0.9995,,0.001,,1197.587,9.1,13444.17057,True,False,True,True,0xe082fd65cd6cb9ce6997eaea8e4faceaf6e64d94015579ec7ab3b1bb2b570abc
2026-08-28T14:38:06.345552+00:00,914263,3897579,Milan be 23°C,2026-08-28,highest_temperature,Will the highest temperature in Milan be 23°C on August 28?,23°C,1.0,0.0005,0.9995,,0.001,,1396.5878000000002,665.261,13081.70506,True,False,True,True,0x93f42339b8d391c95ff6bb0faedbc205a627d268ea1b2dabeb9cb18f49debb1a
2026-08-28T14:38:06.345565+00:00,914263,3897580,Milan be 24°C,2026-08-28,highest_temperature,Will the highest temperature in Milan be 24°C on August 28?,24°C,2.0,0.0005,0.9995,,0.001,,1179.5517,1125.27,13307.92877,True,False,True,True,0xb09d5c9c55ee7f7dc7cd5c1de05ef5b49af26f483cb98df34ecec5dbcb5046f1
2026-08-28T14:38:06.345579+00:00,914263,3897581,Milan be 25°C,2026-08-28,highest_temperature,Will the highest temperature in Milan be 25°C on August 28?,25°C,3.0,0.0005,0.9995,,0.001,,474.08590000000004,427.54525,12615.91036,True,False,True,True,0x269ab935800b37b82707d9ce32126d72689f0fa5712c8f0223fd6e260394409c
2026-08-28T14:38:06.345594+00:00,914263,3897582,Milan be 26°C,2026-08-28,highest_temperature,Will the highest temperature in Milan be 26°C on August 28?,26°C,4.0,0.0005,0.9995,,0.001,,1424.864893,961.726954,12472.1672,True,False,True,True,0x5ae23df2cbb79e019251ade1925fcdc94170556bde12a2caa94e1239ac580189
2026-08-28T14:38:06.345606+00:00,914263,3897583,Milan be 27°C,2026-08-28,highest_temperature,Will the highest temperature in Milan be 27°C on August 28?,27°C,5.0,0.0005,0.9995,,0.001,,5028.647326,4133.776154,11900.62471,True,False,True,True,0xbde0f5e520aede8c6a5a252fd4453e6cc079d09c8aa786fddeabbb28e4ff5f60
2026-08-28T14:38:06.345620+00:00,914263,3897584,Milan be 28°C,2026-08-28,highest_temperature,Will the highest temperature in Milan be 28°C on August 28?,28°C,6.0,0.0005,0.9995,,0.001,,8180.593779000002,7420.509907000001,12494.12265,True,False,True,True,0xf8b66bd58e91942f8bd58c6f35c1802e355a6106174f0482bc0d42670aa5ca32
2026-08-28T14:38:06.345633+00:00,914263,3897585,Milan be 29°C,2026-08-28,highest_temperature,Will the highest temperature in Milan be 29°C on August 28?,29°C,7.0,0.0005,0.9995,,0.001,,7893.098613,5222.173732000001,11801.90111,True,False,True,True,0xb522a373cab3acb391f5b38075261edfc13f995c2e3eeeea2a52b6f6a786af68
2026-08-28T14:38:06.345646+00:00,914263,3897586,Milan be 30°C,2026-08-28,highest_temperature,Will the highest temperature in Milan be 30°C on August 28?,30°C,8.0,0.9935,0.0065,0.99,0.997,0.007000000000000006,7868.998780000002,6472.692536999998,828.09108,True,False,True,True,0x146034f4722409149c387a11655c52c00fc006491623ddc0316598a60ef4d093
2026-08-28T14:38:06.345660+00:00,914263,3897587,Milan be 31°C,2026-08-28,highest_temperature,Will the highest temperature in Milan be 31°C on August 28?,31°C,9.0,0.0035,0.9965,0.002,0.005,0.003,4399.138346999999,3095.1156139999994,1197.45872,True,False,True,True,0x545c67042556328e5cb75e433ee117fc04dbe4aba27a62607610cf2d931db3a5
2026-08-28T14:38:06.345673+00:00,914263,3897588,Milan be 32°C or higher,2026-08-28,highest_temperature,Will the highest temperature in Milan be 32°C or higher on August 28?,32°C or higher,10.0,0.004,0.996,0.001,0.007,0.006,2682.411431,2266.953401,1754.85905,True,False,True,True,0x228d46735461f8efd4699a79db35454cedda4a88f128573617ee45479811b23a
2026-08-28T14:38:06.345688+00:00,914264,3897589,Madrid be 22°C or below,2026-08-28,highest_temperature,Will the highest temperature in Madrid be 22°C or below on August 28?,22°C or below,0.0,0.0005,0.9995,,0.001,,2633.9915800000003,2015.5430000000001,14153.59044,True,False,True,True,0x8bc8bca149115e00897f13288683ca5a3ca0ec9832c84363062111fba0db0202
2026-08-28T14:38:06.345711+00:00,914264,3897590,Madrid be 23°C,2026-08-28,highest_temperature,Will the highest temperature in Madrid be 23°C on August 28?,23°C,1.0,0.0005,0.9995,,0.001,,2714.411,2287.9230000000002,14025.58931,True,False,True,True,0xda9f99561fdae3716bb980895a1d4a5a00cf4f3b2e88d558e72113a98ef04aef
2026-08-28T14:38:06.345726+00:00,914264,3897591,Madrid be 24°C,2026-08-28,highest_temperature,Will the highest temperature in Madrid be 24°C on August 28?,24°C,2.0,0.005,0.995,,0.01,,4319.817315,3566.6313450000007,1574.6888,True,False,True,True,0x5813daf435a47523d31440b62a30eebae05429e36125c5050e1021ad0e4268a3
2026-08-28T14:38:06.345742+00:00,914264,3897592,Madrid be 25°C,2026-08-28,highest_temperature,Will the highest temperature in Madrid be 25°C on August 28?,25°C,3.0,0.085,0.915,0.06,0.11,0.05,8665.668121,5922.658711000002,573.3871,True,False,True,True,0x789863ae248bc55f73191a5bb28d0cc0935db802a4d5123657cb9152816ea7ab
2026-08-28T14:38:06.345756+00:00,914264,3897593,Madrid be 26°C,2026-08-28,highest_temperature,Will the highest temperature in Madrid be 26°C on August 28?,26°C,4.0,0.615,0.385,0.56,0.67,0.10999999999999999,9483.405348000002,5487.942059,236.3865,True,False,True,True,0xf8fe832c99d2fc26d3cc857d7a3d0c17ad7ddb81b6229898e4b994b61e71b6a4
2026-08-28T14:38:06.345769+00:00,914264,3897594,Madrid be 27°C,2026-08-28,highest_temperature,Will the highest temperature in Madrid be 27°C on August 28?,27°C,5.0,0.36,0.64,0.32,0.4,0.08000000000000002,8850.951837000002,5182.352790000001,253.9146,True,False,True,True,0xebf55b7e4f810ee33cea0450eefd9000228a68e67c3d679f9705e0020ebd7d73
2026-08-28T14:38:06.345782+00:00,914264,3897595,Madrid be 28°C,2026-08-28,highest_temperature,Will the highest temperature in Madrid be 28°C on August 28?,28°C,6.0,0.012,0.988,0.005,0.019,0.013999999999999999,7177.532026999999,4915.35961,1360.3115,True,False,True,True,0xaf91d613cc4f309fcec3921b5f96a770489a10af4a4adbd3a4b8747c5f82d0c1
2026-08-28T14:38:06.345795+00:00,914264,3897596,Madrid be 29°C,2026-08-28,highest_temperature,Will the highest temperature in Madrid be 29°C on August 28?,29°C,7.0,0.0025,0.9975,0.001,0.004,0.003,3433.0564,2693.028,1099.08876,True,False,True,True,0x29c54316eee1911f964bb40f9fcb3f6188af8d79316898f8829c8f60518729aa
2026-08-28T14:38:06.345808+00:00,914264,3897597,Madrid be 30°C,2026-08-28,highest_temperature,Will the highest temperature in Madrid be 30°C on August 28?,30°C,8.0,0.0005,0.9995,,0.001,,1877.75737,1142.50625,1711.74397,True,False,True,True,0x8c1aef14231a8f01d81dc423965e6cd4ce2df3c73df0058474eee630f7021753
2026-08-28T14:38:06.345823+00:00,914264,3897598,Madrid be 31°C,2026-08-28,highest_temperature,Will the highest temperature in Madrid be 31°C on August 28?,31°C,9.0,0.0005,0.9995,,0.001,,1252.789,543.28,2775.55549,True,False,True,True,0x3d4884d8b2c33708fcd16587b2a99faf1a8d6a51bb1ea866a16196090265374f
2026-08-28T14:38:06.345836+00:00,914264,3897599,Madrid be 32°C or higher,2026-08-28,highest_temperature,Will the highest temperature in Madrid be 32°C or higher on August 28?,32°C or higher,10.0,0.0005,0.9995,,0.001,,869.0289379999999,10.0,2881.89637,True,False,True,True,0x7fdc83f1f28ad88925ba3b57553e59ab5559667ff51a3f11a0660163642edfbf
2026-08-28T14:38:06.345850+00:00,914265,3897600,Warsaw be 21°C or below,2026-08-28,highest_temperature,Will the highest temperature in Warsaw be 21°C or below on August 28?,21°C or below,0.0,0.0005,0.9995,,0.001,,195.829,180.82899999999998,12445.27294,True,False,True,True,0xbeb549a575a9ef56e4fa8bf1169bd5e8381b55ac54e7bed63bc278214dd3cf7b
2026-08-28T14:38:06.345864+00:00,914265,3897601,Warsaw be 22°C,2026-08-28,highest_temperature,Will the highest temperature in Warsaw be 22°C on August 28?,22°C,1.0,0.0005,0.9995,,0.001,,501.7826,,12134.06678,True,False,True,True,0x983ee2393fc10e66451264134c255a340b1a4ec4f9e3b7deb8bb8c7b3810d4fa
2026-08-28T14:38:06.345877+00:00,914265,3897602,Warsaw be 23°C,2026-08-28,highest_temperature,Will the highest temperature in Warsaw be 23°C on August 28?,23°C,2.0,0.0005,0.9995,,0.001,,1635.1274089999997,1322.8585090000001,11612.19518,True,False,True,True,0xc81002cbdc6845ea548f166330696c3ef00ef357b1fc54ff25b860874774e0d3
2026-08-28T14:38:06.345890+00:00,914265,3897603,Warsaw be 24°C,2026-08-28,highest_temperature,Will the highest temperature in Warsaw be 24°C on August 28?,24°C,3.0,0.0005,0.9995,,0.001,,3705.9611389999995,2295.1009719999997,11939.80916,True,False,True,True,0xe6bdeaf31b01ac66bde384d63667e531696b38c57bc82bec3478408c0d89372b
2026-08-28T14:38:06.345904+00:00,914265,3897604,Warsaw be 25°C,2026-08-28,highest_temperature,Will the highest temperature in Warsaw be 25°C on August 28?,25°C,4.0,0.987,0.013,0.975,0.999,0.02400000000000002,5765.093218,4435.125913999999,768.45469,True,False,True,True,0x221ca63a5e6b4a065e047b43442d6eb4848cbbaffc7c4e765d78a777add5627f
2026-08-28T14:38:06.345917+00:00,914265,3897605,Warsaw be 26°C,2026-08-28,highest_temperature,Will the highest temperature in Warsaw be 26°C on August 28?,26°C,5.0,0.0085,0.9915,0.001,0.016,0.015,6310.684042000003,4188.6951370000015,354.02521,True,False,True,True,0x48eb04575a442a166fe6c885870156221897855b0146263a16c04e4a64313c58
2026-08-28T14:38:06.345931+00:00,914265,3897606,Warsaw be 27°C,2026-08-28,highest_temperature,Will the highest temperature in Warsaw be 27°C on August 28?,27°C,6.0,0.0015,0.9985,0.001,0.002,0.001,2651.1385889999997,2148.91916,1329.94023,True,False,True,True,0x9c7eeb2cf420363b09b94b09f5e87520081b05eb82e8f1001a99bf4e556d3d97
2026-08-28T14:38:06.345944+00:00,914265,3897607,Warsaw be 28°C,2026-08-28,highest_temperature,Will the highest temperature in Warsaw be 28°C on August 28?,28°C,7.0,0.0005,0.9995,,0.001,,2694.836341,2092.6192099999994,1665.67399,True,False,True,True,0xe4b0f57695ac2febf4e25dd74543f65776182b451510ccfbe2429e30a2f8011e
2026-08-28T14:38:06.345959+00:00,914265,3897608,Warsaw be 29°C,2026-08-28,highest_temperature,Will the highest temperature in Warsaw be 29°C on August 28?,29°C,8.0,0.001,0.999,,0.002,,1036.2744,663.5400000000001,1359.14758,True,False,True,True,0xb53cc6fa307314faabe28704db523771aa52769cbce92ea9e11191a63c2cb1b0
2026-08-28T14:38:06.345974+00:00,914265,3897609,Warsaw be 30°C,2026-08-28,highest_temperature,Will the highest temperature in Warsaw be 30°C on August 28?,30°C,9.0,0.0005,0.9995,,0.001,,278.11,,2304.77574,True,False,True,True,0x72cb832cc3f2d157bf9b2637389bbafb02619c8dea6dea00ee8f1faeb64225d8
2026-08-28T14:38:06.345987+00:00,914265,3897610,Warsaw be 31°C or higher,2026-08-28,highest_temperature,Will the highest temperature in Warsaw be 31°C or higher on August 28?,31°C or higher,10.0,0.0005,0.9995,,0.001,,688.2740149999998,31.81,2292.20074,True,False,True,True,0x95b87ec8ab0b9bbd7665f8dfeb6a4e865f7f1a51b68d15510ff4e60ad19930d3
2026-08-28T14:38:06.346003+00:00,914266,3897611,Taipei be 29°C or below,2026-08-28,highest_temperature,Will the highest temperature in Taipei be 29°C or below on August 28?,29°C or below,0.0,0.0005,0.9995,,0.001,,384.39399999999995,20.71,9946.53131,True,False,True,True,0xacf55d3d54704fec02e9eb6dc2e460e345edfeb09b3f1428c809ef201c900bfe
2026-08-28T14:38:06.346018+00:00,914266,3897612,Taipei be 30°C,2026-08-28,highest_temperature,Will the highest temperature in Taipei be 30°C on August 28?,30°C,1.0,0.0005,0.9995,,0.001,,1204.1109999999999,848.14,11970.59241,True,False,True,True,0xe80e2b48175c348b7f96b331d59695c6d554a445167ab55f6531ac81bfe5a9d5
2026-08-28T14:38:06.346032+00:00,914266,3897613,Taipei be 31°C,2026-08-28,highest_temperature,Will the highest temperature in Taipei be 31°C on August 28?,31°C,2.0,0.0005,0.9995,,0.001,,2510.7014,1128.09,12135.19155,True,False,True,True,0x9a9a11bd8db36ff18714c5a535f536ab7d2b1a26bc5b8e0874510df6756b49e0
2026-08-28T14:38:06.346046+00:00,914266,3897614,Taipei be 32°C,2026-08-28,highest_temperature,Will the highest temperature in Taipei be 32°C on August 28?,32°C,3.0,0.0005,0.9995,,0.001,,4836.550800000001,2587.4497340000003,10552.98232,True,False,True,True,0x9c51c889d2961325a91ea6aa14ca9453a10dfe7837fa57a0184bf337b6fd2d06
2026-08-28T14:38:06.346060+00:00,914266,3897615,Taipei be 33°C,2026-08-28,highest_temperature,Will the highest temperature in Taipei be 33°C on August 28?,33°C,4.0,0.0005,0.9995,,0.001,,5444.337501,2802.508298,10259.21246,True,False,True,True,0x914b173744180a7265ca345bfc9f34bf46a6f4b108a7584abc69d82f689a1bff
2026-08-28T14:38:06.346073+00:00,914266,3897616,Taipei be 34°C,2026-08-28,highest_temperature,Will the highest temperature in Taipei be 34°C on August 28?,34°C,5.0,0.0005,0.9995,,0.001,,7283.384235000002,5854.448971000001,9301.83433,True,False,True,True,0x94154dbcdaf7d3f54ccb96f75482a4a6392a61c66e9fa7b99ee54ac663f76bac
2026-08-28T14:38:06.346086+00:00,914266,3897617,Taipei be 35°C,2026-08-28,highest_temperature,Will the highest temperature in Taipei be 35°C on August 28?,35°C,6.0,0.0005,0.9995,,0.001,,6573.671215,5287.298959,8773.40429,True,False,True,True,0x0a610ca1159f0fdbd40437aee3bcc2c1c94b53a334c5b9afb1fb0d704438d602
2026-08-28T14:38:06.346099+00:00,914266,3897618,Taipei be 36°C,2026-08-28,highest_temperature,Will the highest temperature in Taipei be 36°C on August 28?,36°C,7.0,0.0005,0.9995,,0.001,,8513.243919999999,7276.939063000002,10536.86895,True,False,True,True,0x0dbeeccd12b64b444448b1565442bf58c58e144047f94b42fbaccc90b9c33b40
2026-08-28T14:38:06.346114+00:00,914266,3897619,Taipei be 37°C,2026-08-28,highest_temperature,Will the highest temperature in Taipei be 37°C on August 28?,37°C,8.0,0.9995,0.0005,0.999,1.0,0.0010000000000000009,6282.526249999997,5017.038323999996,1110.74303,True,False,True,True,0x3eaea481a9828acdb9d10e8ee690c85e2990b2206b3032b5a78df73192ffe96f
2026-08-28T14:38:06.346128+00:00,914266,3897620,Taipei be 38°C,2026-08-28,highest_temperature,Will the highest temperature in Taipei be 38°C on August 28?,38°C,9.0,0.0005,0.9995,,0.001,,4683.5694459999995,4088.587481,1235.41432,True,False,True,True,0x6910fd8e5649cb53fc66f20d7d9d3bc38444ace44c6a4efb4af4197a64fd4d9b
2026-08-28T14:38:06.346141+00:00,914266,3897621,Taipei be 39°C or higher,2026-08-28,highest_temperature,Will the highest temperature in Taipei be 39°C or higher on August 28?,39°C or higher,10.0,0.0005,0.9995,,0.001,,619.7373379999999,532.319454,1293.79647,True,False,True,True,0x8f58863ba0b4ccf55a32f083ade0c012bf376728f3c1f8cfad1e692173e754d1
2026-08-28T14:38:06.346156+00:00,914267,3897622,Chongqing be 30°C or below,2026-08-28,highest_temperature,Will the highest temperature in Chongqing be 30°C or below on August 28?,30°C or below,0.0,0.0005,0.9995,,0.001,,1923.8149999999996,1378.84,16765.55118,True,False,True,True,0xd06f0332d34fb20b7fe212418cea8015bfad91feab7a10d8ac13ffb9a93b144e
2026-08-28T14:38:06.346171+00:00,914267,3897623,Chongqing be 31°C,2026-08-28,highest_temperature,Will the highest temperature in Chongqing be 31°C on August 28?,31°C,1.0,0.0005,0.9995,,0.001,,652.6078,408.546,20701.46879,True,False,True,True,0xef91f0b434c624f5e784aaffc7a8e60afd272361c34b66a5d7143274feeb6e8d
2026-08-28T14:38:06.346186+00:00,914267,3897624,Chongqing be 32°C,2026-08-28,highest_temperature,Will the highest temperature in Chongqing be 32°C on August 28?,32°C,2.0,0.0005,0.9995,,0.001,,1405.1146,1372.1285,20640.64419,True,False,True,True,0xbf4f3a7c950dc9d18fea086bb72e1701a15d84ca38f0a5e510f980dd63a568e2
2026-08-28T14:38:06.346199+00:00,914267,3897625,Chongqing be 33°C,2026-08-28,highest_temperature,Will the highest temperature in Chongqing be 33°C on August 28?,33°C,3.0,0.0005,0.9995,,0.001,,2747.166925,2212.5343249999996,20119.98155,True,False,True,True,0x73488cea14485d345bd0d4eb2781d1fc5150f2badb0f43603169cc037e5bf16f
2026-08-28T14:38:06.346212+00:00,914267,3897626,Chongqing be 34°C,2026-08-28,highest_temperature,Will the highest temperature in Chongqing be 34°C on August 28?,34°C,4.0,0.0005,0.9995,,0.001,,2982.5970610000004,1432.880064,19922.38914,True,False,True,True,0xc21c7c329cff34e21e028d2aff999e79cbbd06359ace195bdcaa0a7dda165e16
2026-08-28T14:38:06.346226+00:00,914267,3897627,Chongqing be 35°C,2026-08-28,highest_temperature,Will the highest temperature in Chongqing be 35°C on August 28?,35°C,5.0,0.0005,0.9995,,0.001,,6247.494578,3780.872739,19237.11856,True,False,True,True,0xd706f5801f42cd6bf2692c18410eee14ef9e0828d3cf908089944213551609b0
2026-08-28T14:38:06.346239+00:00,914267,3897628,Chongqing be 36°C,2026-08-28,highest_temperature,Will the highest temperature in Chongqing be 36°C on August 28?,36°C,6.0,0.0005,0.9995,,0.001,,8155.053515,5273.097168999999,15920.34954,True,False,True,True,0xa7634f9225609d73ec677fb8b435584eb13f1cbcdb3c5d75bc1cbe2e32eeec8d
2026-08-28T14:38:06.346253+00:00,914267,3897629,Chongqing be 37°C,2026-08-28,highest_temperature,Will the highest temperature in Chongqing be 37°C on August 28?,37°C,7.0,0.9995,0.0005,0.999,1.0,0.0010000000000000009,6535.421254,5872.681385000001,5687.63809,True,False,True,True,0x691f1e64f33b78e7c25f0c8bf57a3a4d2db896f9e2e2ebe0e1ba326b97fc9029
2026-08-28T14:38:06.346266+00:00,914267,3897630,Chongqing be 38°C,2026-08-28,highest_temperature,Will the highest temperature in Chongqing be 38°C on August 28?,38°C,8.0,0.0005,0.9995,,0.001,,6351.838533,5539.957974999999,7478.51758,True,False,True,True,0x259c341f5d5629c113e3dc29ad2a7fa67cc9609b3e45c296a4ef28de7bd6e29d
2026-08-28T14:38:06.346278+00:00,914267,3897631,Chongqing be 39°C,2026-08-28,highest_temperature,Will the highest temperature in Chongqing be 39°C on August 28?,39°C,9.0,0.0005,0.9995,,0.001,,3433.9040339999997,2543.8284079999994,3887.91889,True,False,True,True,0x19ad3e70fa4999de5e42f8a7eb26ba8c3ecaf1b4b6d916e37d1e9ee11dbae8c6
2026-08-28T14:38:06.346291+00:00,914267,3897632,Chongqing be 40°C or higher,2026-08-28,highest_temperature,Will the highest temperature in Chongqing be 40°C or higher on August 28?,40°C or higher,10.0,0.0005,0.9995,,0.001,,754.0755,572.972,2932.96663,True,False,True,True,0x1398cc838370e9c096aafb88de64b1435cba4cfb582f6af0f3e57067bab0f893
2026-08-28T14:38:06.346306+00:00,914268,3897633,Beijing be 20°C or below,2026-08-28,highest_temperature,Will the highest temperature in Beijing be 20°C or below on August 28?,20°C or below,0.0,0.0005,0.9995,,0.001,,5400.5998660000005,4557.83,11591.69899,True,False,True,True,0x31210afb533f22cf7a566c66e561b9175fcca623743bba8294c047e57d0affa1
2026-08-28T14:38:06.346320+00:00,914268,3897634,Beijing be 21°C,2026-08-28,highest_temperature,Will the highest temperature in Beijing be 21°C on August 28?,21°C,1.0,0.0005,0.9995,,0.001,,1371.1913,1019.09,17241.31223,True,False,True,True,0xa6a459fac5c99d3cac4605d51d03fe26e9aab096941f5e483ca6a3e3fad08a35
2026-08-28T14:38:06.346334+00:00,914268,3897635,Beijing be 22°C,2026-08-28,highest_temperature,Will the highest temperature in Beijing be 22°C on August 28?,22°C,2.0,0.0005,0.9995,,0.001,,5958.249593,5093.782,20734.92447,True,False,True,True,0x538af9fbaa46ab399712bfb3ce3fa5719a22883cbd2e417c8bdfe97dfaa891ef
2026-08-28T14:38:06.346349+00:00,914268,3897636,Beijing be 23°C,2026-08-28,highest_temperature,Will the highest temperature in Beijing be 23°C on August 28?,23°C,3.0,0.0005,0.9995,,0.001,,22018.158814,18334.722981999996,18537.14913,True,False,True,True,0xac8169ffe27fa5d825ec8409de26807be869e34d1c487f4a51b62c83335a1dee
2026-08-28T14:38:06.346363+00:00,914268,3897637,Beijing be 24°C,2026-08-28,highest_temperature,Will the highest temperature in Beijing be 24°C on August 28?,24°C,4.0,0.9995,0.0005,0.999,1.0,0.0010000000000000009,19200.150676000012,17020.216583000005,3063.60922,True,False,True,True,0x9286577d091f608fd83b53ddcbfdc151b11d50fe92ad29251f53efd0f8f286d7
2026-08-28T14:38:06.346377+00:00,914268,3897638,Beijing be 25°C,2026-08-28,highest_temperature,Will the highest temperature in Beijing be 25°C on August 28?,25°C,5.0,0.0005,0.9995,,0.001,,9409.010149999996,7382.121342,8828.35327,True,False,True,True,0x64a071f4f938a8f4c9b8df26fd63c05968c65b7619a69741de1b687ffd444cb1
2026-08-28T14:38:06.346393+00:00,914268,3897639,Beijing be 26°C,2026-08-28,highest_temperature,Will the highest temperature in Beijing be 26°C on August 28?,26°C,6.0,0.0005,0.9995,,0.001,,7070.476277000001,6086.708155,7473.78175,True,False,True,True,0x810c17768d1e6426c83a594934636ff3aa16c2296e8929ffffcb9e62890218be
2026-08-28T14:38:06.346409+00:00,914268,3897640,Beijing be 27°C,2026-08-28,highest_temperature,Will the highest temperature in Beijing be 27°C on August 28?,27°C,7.0,0.0005,0.9995,,0.001,,6597.908068000001,5134.139628999999,7313.39773,True,False,True,True,0x714f48dddf1991bae663cb69f81bb3ca4c821c4f7125bff9cc75056494b7195c
2026-08-28T14:38:06.346423+00:00,914268,3897641,Beijing be 28°C,2026-08-28,highest_temperature,Will the highest temperature in Beijing be 28°C on August 28?,28°C,8.0,0.001,0.999,,0.002,,3172.1842229999993,2642.807386,2239.01221,True,False,True,True,0xfd39693146963e323f16707c0e65d56733690956eafb62603d6fcaf5d6987c2c
2026-08-28T14:38:06.346436+00:00,914268,3897642,Beijing be 29°C,2026-08-28,highest_temperature,Will the highest temperature in Beijing be 29°C on August 28?,29°C,9.0,0.001,0.999,,0.002,,10610.991091000002,9593.823491,2752.4678,True,False,True,True,0x14b7d68ce05c0970d7f13ca5463f37b4e09cf069e30dd6d63242225180789f37
2026-08-28T14:38:06.346451+00:00,914268,3897643,Beijing be 30°C or higher,2026-08-28,highest_temperature,Will the highest temperature in Beijing be 30°C or higher on August 28?,30°C or higher,10.0,0.0005,0.9995,,0.001,,13802.976065,12054.030665,2772.57643,True,False,True,True,0xdbe830e45e5c93b357f6152d5153e30c780aff70e7e00fc4e6fa7138d41246e6
2026-08-28T14:38:06.346464+00:00,914269,3897644,Wuhan be 31°C or below,2026-08-28,highest_temperature,Will the highest temperature in Wuhan be 31°C or below on August 28?,31°C or below,0.0,0.0005,0.9995,,0.001,,554.254,5.0,20104.67192,True,False,True,True,0x02d546c909956a156cabe78f5e194a3a83b7712b3dc361ae06152f05f869c78d
2026-08-28T14:38:06.346479+00:00,914269,3897645,Wuhan be 32°C,2026-08-28,highest_temperature,Will the highest temperature in Wuhan be 32°C on August 28?,32°C,1.0,0.0005,0.9995,,0.001,,653.317998,1.34,21363.96388,True,False,True,True,0xe389a7611d27b76f423653f96e354eba27b4d08a2e891f161e424f13ca5293f6
2026-08-28T14:38:06.346492+00:00,914269,3897646,Wuhan be 33°C,2026-08-28,highest_temperature,Will the highest temperature in Wuhan be 33°C on August 28?,33°C,2.0,0.0005,0.9995,,0.001,,538.3364,184.25,20939.97594,True,False,True,True,0xaea0ee83739be9ae1d076d0ce31c15d6789e97e21a2175ad060eaed5f053b894
2026-08-28T14:38:06.346505+00:00,914269,3897647,Wuhan be 34°C,2026-08-28,highest_temperature,Will the highest temperature in Wuhan be 34°C on August 28?,34°C,3.0,0.0005,0.9995,,0.001,,1950.069,1589.069,20364.21954,True,False,True,True,0xe7c6a98ecdd56e988497dbda0c4bafe9fdc98e8b2f2427d06251bf89bfdf37ab
2026-08-28T14:38:06.346518+00:00,914269,3897648,Wuhan be 35°C,2026-08-28,highest_temperature,Will the highest temperature in Wuhan be 35°C on August 28?,35°C,4.0,0.0005,0.9995,,0.001,,3738.076419,2414.924213,19442.90696,True,False,True,True,0xaaeb22188f0e5f179c19b9671ac476f996e33042f4a901ad3f1457ab91be70cd
2026-08-28T14:38:06.346531+00:00,914269,3897649,Wuhan be 36°C,2026-08-28,highest_temperature,Will the highest temperature in Wuhan be 36°C on August 28?,36°C,5.0,0.9995,0.0005,0.999,1.0,0.0010000000000000009,19970.087369999997,9045.601954999998,5565.35348,True,False,True,True,0xa8827b4e0fdbc5fffdaca02d37ee45deeef7d180f499fd591641472bd29dff0c
2026-08-28T14:38:06.346544+00:00,914269,3897650,Wuhan be 37°C,2026-08-28,highest_temperature,Will the highest temperature in Wuhan be 37°C on August 28?,37°C,6.0,0.0005,0.9995,,0.001,,6328.860481000001,1783.2480749999997,5610.10412,True,False,True,True,0x304b1c620b1d36adeec531561cdf2088051de14fef258a4fdb377d3e4b16b402
2026-08-28T14:38:06.346557+00:00,914269,3897651,Wuhan be 38°C,2026-08-28,highest_temperature,Will the highest temperature in Wuhan be 38°C on August 28?,38°C,7.0,0.0005,0.9995,,0.001,,4690.642025,3830.0497139999998,4408.20288,True,False,True,True,0xd10548afa9a46c2017c8a409ff427c74338ba708fc47aecf0496e093f2e92d0f
2026-08-28T14:38:06.346570+00:00,914269,3897652,Wuhan be 39°C,2026-08-28,highest_temperature,Will the highest temperature in Wuhan be 39°C on August 28?,39°C,8.0,0.0005,0.9995,,0.001,,4856.844435000001,4413.98294,11783.03786,True,False,True,True,0xc76e036ae205255689e43521cf58e726d98018a077b8792d36037df9766b5e7c
2026-08-28T14:38:06.346583+00:00,914269,3897653,Wuhan be 40°C,2026-08-28,highest_temperature,Will the highest temperature in Wuhan be 40°C on August 28?,40°C,9.0,0.0005,0.9995,,0.001,,1871.1977330000002,1243.0810000000001,5381.49438,True,False,True,True,0x26ca6d070a85f7f8f98340a9988fd9c05b5ce85bed5b155e811d410dee756934
2026-08-28T14:38:06.346596+00:00,914269,3897654,Wuhan be 41°C or higher,2026-08-28,highest_temperature,Will the highest temperature in Wuhan be 41°C or higher on August 28?,41°C or higher,10.0,0.0005,0.9995,,0.001,,1011.3695,301.57,2406.91083,True,False,True,True,0x402039d02ebde358bc13a1316a348ee58fc4d82e186652f72bb5071c5b0defca
2026-08-28T14:38:06.346611+00:00,914270,3897655,Chengdu be 25°C or below,2026-08-28,highest_temperature,Will the highest temperature in Chengdu be 25°C or below on August 28?,25°C or below,0.0,0.0005,0.9995,,0.001,,272.615,,15992.23645,True,False,True,True,0x537d75a32501bebfbdc2549f846207769983a1450b14d155c88a74b56643b362
2026-08-28T14:38:06.346624+00:00,914270,3897656,Chengdu be 26°C,2026-08-28,highest_temperature,Will the highest temperature in Chengdu be 26°C on August 28?,26°C,1.0,0.0005,0.9995,,0.001,,110.0,,17826.73681,True,False,True,True,0xcfef48706e95f014181e805d8205c2a58c7bd14c436db667dbfe8701f4f8eafa
2026-08-28T14:38:06.346637+00:00,914270,3897658,Chengdu be 27°C,2026-08-28,highest_temperature,Will the highest temperature in Chengdu be 27°C on August 28?,27°C,2.0,0.0005,0.9995,,0.001,,526.3796,,24191.67306,True,False,True,True,0x7aa77b3add08ae05acb90ba5eba6d8a76b3b31ff40ebe0c9d6f29a894add0078
2026-08-28T14:38:06.346651+00:00,914270,3897660,Chengdu be 28°C,2026-08-28,highest_temperature,Will the highest temperature in Chengdu be 28°C on August 28?,28°C,3.0,0.0005,0.9995,,0.001,,4972.623717,4549.898917,21746.56338,True,False,True,True,0xd2cdd7959460b47b4f56981f5f67648074ca0fd8077d6e68b96d71e29e72ced3
2026-08-28T14:38:06.346663+00:00,914270,3897661,Chengdu be 29°C,2026-08-28,highest_temperature,Will the highest temperature in Chengdu be 29°C on August 28?,29°C,4.0,0.0005,0.9995,,0.001,,3953.5699609999997,3451.5047609999997,19095.11074,True,False,True,True,0xc78f0bbdfead32d962401ac9804b43222a27be8c43136e33d9f87b19434de0ea
2026-08-28T14:38:06.346678+00:00,914270,3897662,Chengdu be 30°C,2026-08-28,highest_temperature,Will the highest temperature in Chengdu be 30°C on August 28?,30°C,5.0,0.0005,0.9995,,0.001,,5861.726593000001,3970.8437200000003,19296.88581,True,False,True,True,0x096716c5fa6d8ab87d65cf888537273a1af2a295929b7443c47239e4adedaa3b
2026-08-28T14:38:06.346703+00:00,914270,3897666,Chengdu be 31°C,2026-08-28,highest_temperature,Will the highest temperature in Chengdu be 31°C on August 28?,31°C,6.0,0.0005,0.9995,,0.001,,6009.45644,3631.0036630000004,19610.64895,True,False,True,True,0x1f783d4ac8a95902f3f8d0e061b9a9d82a51ec741adfa2126fd32f65adf7289f
2026-08-28T14:38:06.346717+00:00,914270,3897668,Chengdu be 32°C,2026-08-28,highest_temperature,Will the highest temperature in Chengdu be 32°C on August 28?,32°C,7.0,0.0005,0.9995,,0.001,,9735.550905,6661.599185,18061.37795,True,False,True,True,0x3f586ed1849cbcbe1f59cecb6565aaf69bdefd23a1b69c5051632e68ec82296e
2026-08-28T14:38:06.346730+00:00,914270,3897669,Chengdu be 33°C,2026-08-28,highest_temperature,Will the highest temperature in Chengdu be 33°C on August 28?,33°C,8.0,0.0005,0.9995,,0.001,,12386.591431,10474.871548,17602.96114,True,False,True,True,0x59336aadd61e4d83fb1b63f82bb758c2d4640e6e01aa50b42b2fa00e5df07747
2026-08-28T14:38:06.346743+00:00,914270,3897670,Chengdu be 34°C,2026-08-28,highest_temperature,Will the highest temperature in Chengdu be 34°C on August 28?,34°C,9.0,0.0005,0.9995,,0.001,,13152.097964,8585.115206999999,17019.88701,True,False,True,True,0xc88f21ecce0424d50f7e510b33cd8404bc11934d5583bec264282c9109637597
2026-08-28T14:38:06.346757+00:00,914270,3897671,Chengdu be 35°C or higher,2026-08-28,highest_temperature,Will the highest temperature in Chengdu be 35°C or higher on August 28?,35°C or higher,10.0,0.9995,0.0005,0.999,1.0,0.0010000000000000009,14511.055921000003,12064.563432,4813.47049,True,False,True,True,0x5d45005d66ffe99994b9ceb59095285388700088e46c2336b282e05d4518107b
2026-08-28T14:38:06.346773+00:00,914279,3897674,Shenzhen be 26°C or below,2026-08-28,highest_temperature,Will the highest temperature in Shenzhen be 26°C or below on August 28?,26°C or below,0.0,0.0005,0.9995,,0.001,,712.529,,12535.83017,True,False,True,True,0x6bacc6b91df082a21a0af3373e60c9dacd64a0252f31959a616c1b96dda0c342
2026-08-28T14:38:06.346786+00:00,914279,3897675,Shenzhen be 27°C,2026-08-28,highest_temperature,Will the highest temperature in Shenzhen be 27°C on August 28?,27°C,1.0,0.0005,0.9995,,0.001,,543.531,,13975.63505,True,False,True,True,0xdc20000fe90ed43048594c504a20704e1be09a690b7347f5b859649a253eb807
2026-08-28T14:38:06.346799+00:00,914279,3897676,Shenzhen be 28°C,2026-08-28,highest_temperature,Will the highest temperature in Shenzhen be 28°C on August 28?,28°C,2.0,0.0005,0.9995,,0.001,,2765.5728,2570.25,17872.50381,True,False,True,True,0x2fa59f77315032d8860b9e2b47bd375815ebc3c6f74e430e8cffcdab367a948b
2026-08-28T14:38:06.346813+00:00,914279,3897677,Shenzhen be 29°C,2026-08-28,highest_temperature,Will the highest temperature in Shenzhen be 29°C on August 28?,29°C,3.0,0.0005,0.9995,,0.001,,4397.972082,3880.651282,9339.21613,True,False,True,True,0x18f5b9cb2d87834323997577c86dbd2cf2e912d37f370edb9436a953fa992b00
2026-08-28T14:38:06.346826+00:00,914279,3897678,Shenzhen be 30°C,2026-08-28,highest_temperature,Will the highest temperature in Shenzhen be 30°C on August 28?,30°C,4.0,0.0005,0.9995,,0.001,,5215.972751999999,4954.050599000001,9951.59463,True,False,True,True,0x0667199ca60562cd045002bfe7daea84b4ec6644e454d76b7fd760886de23485
2026-08-28T14:38:06.346841+00:00,914279,3897679,Shenzhen be 31°C,2026-08-28,highest_temperature,Will the highest temperature in Shenzhen be 31°C on August 28?,31°C,5.0,0.9985,0.0015,0.998,0.999,0.0010000000000000009,10468.773700999998,9723.079140000003,1319.41559,True,False,True,True,0x55b18185faf81fc9bbb30814e62024ddcdda5cd0c629a805b45aac81c61fcc19
2026-08-28T14:38:06.346856+00:00,914279,3897680,Shenzhen be 32°C,2026-08-28,highest_temperature,Will the highest temperature in Shenzhen be 32°C on August 28?,32°C,6.0,0.0005,0.9995,,0.001,,6278.903103999997,5663.0689390000025,886.76589,True,False,True,True,0x0b57018e70c15e32a0655489e6d849cfda41865445cd542ef91eff4ab68190ac
2026-08-28T14:38:06.346870+00:00,914279,3897681,Shenzhen be 33°C,2026-08-28,highest_temperature,Will the highest temperature in Shenzhen be 33°C on August 28?,33°C,7.0,0.0005,0.9995,,0.001,,5991.491297999999,5296.446059000001,921.48699,True,False,True,True,0x2b7115e4ad478186c76c5407d74b332fcdb3f9ee53c4130b47bb4c8ec8796985
2026-08-28T14:38:06.346884+00:00,914279,3897682,Shenzhen be 34°C,2026-08-28,highest_temperature,Will the highest temperature in Shenzhen be 34°C on August 28?,34°C,8.0,0.0005,0.9995,,0.001,,4032.655187,3757.17904,1539.85509,True,False,True,True,0x9e3f9fdc45a132a61c73b5d536fb78899de08a0e1aca2703ae6428b4cbb58011
2026-08-28T14:38:06.346897+00:00,914279,3897683,Shenzhen be 35°C,2026-08-28,highest_temperature,Will the highest temperature in Shenzhen be 35°C on August 28?,35°C,9.0,0.0005,0.9995,,0.001,,2995.768533,2302.311533,1888.13187,True,False,True,True,0x4e7bd93e5d18c8e2094ca4f89a7a85d48640c5d652e7651c4f640e551364e693
2026-08-28T14:38:06.346911+00:00,914279,3897684,Shenzhen be 36°C or higher,2026-08-28,highest_temperature,Will the highest temperature in Shenzhen be 36°C or higher on August 28?,36°C or higher,10.0,0.0005,0.9995,,0.001,,1109.5242,761.2640000000001,2457.35295,True,False,True,True,0x1293b7d57927e29128cbb83cf538ec5d435d552763da44a30ad994e24e132be3
2026-08-28T14:38:06.346924+00:00,914280,3897685,Moscow be 13°C or below,2026-08-28,highest_temperature,Will the highest temperature in Moscow be 13°C or below on August 28?,13°C or below,0.0,0.0005,0.9995,,0.001,,208.41099999999997,29.88,9583.7495,True,False,True,True,0x62d4bc3f00288a2ace0960ad3edf75fe68321df892c7dd329a243a044ffb41dd
2026-08-28T14:38:06.346938+00:00,914280,3897686,Moscow be 14°C,2026-08-28,highest_temperature,Will the highest temperature in Moscow be 14°C on August 28?,14°C,1.0,0.0005,0.9995,,0.001,,343.02920000000006,38.5,9523.73025,True,False,True,True,0xfdba52c39272aa59f52d88a9a784536ecd8f23792ac6312a28eb258c6d12585a
2026-08-28T14:38:06.346950+00:00,914280,3897687,Moscow be 15°C,2026-08-28,highest_temperature,Will the highest temperature in Moscow be 15°C on August 28?,15°C,2.0,0.0005,0.9995,,0.001,,689.555049,290.46557599999994,9281.90573,True,False,True,True,0xe60730c8f8a8792b46f6a3870085c9137336f906c4a873745e22cb39dc8167a2
2026-08-28T14:38:06.346965+00:00,914280,3897688,Moscow be 16°C,2026-08-28,highest_temperature,Will the highest temperature in Moscow be 16°C on August 28?,16°C,3.0,0.0005,0.9995,,0.001,,381.91140000000007,161.72500000000002,9036.03412,True,False,True,True,0xba99e882e886da34855ea58517b699e54ce8dd4ae75eb0e98355d47ecb18fe20
2026-08-28T14:38:06.346979+00:00,914280,3897689,Moscow be 17°C,2026-08-28,highest_temperature,Will the highest temperature in Moscow be 17°C on August 28?,17°C,4.0,0.0005,0.9995,,0.001,,2914.260941,2763.020441,8202.25666,True,False,True,True,0x1f6aeed2b1da1d4f47f750e22637afe22acd465cd282af54c158740060f7840e
2026-08-28T14:38:06.346992+00:00,914280,3897690,Moscow be 18°C,2026-08-28,highest_temperature,Will the highest temperature in Moscow be 18°C on August 28?,18°C,5.0,0.0005,0.9995,,0.001,,2391.5765739999997,1931.332209,8792.11914,True,False,True,True,0x164c5090b61aef266381dd11fe13992c387c3c3c128adca153e73ca22510da65
2026-08-28T14:38:06.347004+00:00,914280,3897691,Moscow be 19°C,2026-08-28,highest_temperature,Will the highest temperature in Moscow be 19°C on August 28?,19°C,6.0,0.0005,0.9995,,0.001,,5636.157054,4323.775860000001,7664.69816,True,False,True,True,0x852f91d27c4952d43342e70971be87c7cdf5ca3b7e7ffa0b2a9dc01631b4cf8e
2026-08-28T14:38:06.347016+00:00,914280,3897692,Moscow be 20°C,2026-08-28,highest_temperature,Will the highest temperature in Moscow be 20°C on August 28?,20°C,7.0,0.004,0.996,,0.008,,36841.372008000006,36462.44859499999,4411.2604,True,False,True,True,0xfef8cb61831edcee0fc27dfe394455afe0f4dd3577bf05a6432c6efe88dee3bd
2026-08-28T14:38:06.347028+00:00,914280,3897693,Moscow be 21°C,2026-08-28,highest_temperature,Will the highest temperature in Moscow be 21°C on August 28?,21°C,8.0,0.9985,0.0015,0.998,0.999,0.0010000000000000009,4402.1847659999985,4255.144758999999,919.14902,True,False,True,True,0x31f8c80c47121427016778765b7a92fd636485b17870a8142a9e9c4141fd730a
2026-08-28T14:38:06.347040+00:00,914280,3897694,Moscow be 22°C,2026-08-28,highest_temperature,Will the highest temperature in Moscow be 22°C on August 28?,22°C,9.0,0.003,0.997,0.001,0.005,0.004,4743.589964000002,4614.939813999999,1230.19642,True,False,True,True,0xa297e6c64b5c58ea5b91edb63998f5243989b8d7332abea927c0301fcfd142e2
2026-08-28T14:38:06.347055+00:00,914280,3897695,Moscow be 23°C or higher,2026-08-28,highest_temperature,Will the highest temperature in Moscow be 23°C or higher on August 28?,23°C or higher,10.0,0.0005,0.9995,,0.001,,1386.916479,1235.9010789999998,1433.37719,True,False,True,True,0xd7e835572f38379bbaef2a8287140f072a545fe117fe1e43fcca72965d8d4390
2026-08-28T14:38:06.347069+00:00,914281,3897696,Istanbul be 19°C or below,2026-08-28,highest_temperature,Will the highest temperature in Istanbul be 19°C or below on August 28?,19°C or below,0.0,0.0005,0.9995,,0.001,,537.064097,10.0,8894.91921,True,False,True,True,0x9b255e26cfb0ddf6d87953edcd3509b0853e7f9781e4bc707ca242fba49ec5f1
2026-08-28T14:38:06.347081+00:00,914281,3897697,Istanbul be 20°C,2026-08-28,highest_temperature,Will the highest temperature in Istanbul be 20°C on August 28?,20°C,1.0,0.0005,0.9995,,0.001,,139.97310000000002,,7059.02966,True,False,True,True,0xf8028bad88711dbc47eb5d92b4d403100e32352dc9d74a20d1a8d81bb7bf4c52
2026-08-28T14:38:06.347093+00:00,914281,3897698,Istanbul be 21°C,2026-08-28,highest_temperature,Will the highest temperature in Istanbul be 21°C on August 28?,21°C,2.0,0.0005,0.9995,,0.001,,666.226528,411.72,6851.60527,True,False,True,True,0xc8581ba646c8be9b1d3434e65836d3b947c76fa17ecd7e6eece4339a576a3a69
2026-08-28T14:38:06.347106+00:00,914281,3897699,Istanbul be 22°C,2026-08-28,highest_temperature,Will the highest temperature in Istanbul be 22°C on August 28?,22°C,3.0,0.0005,0.9995,,0.001,,1282.4837310000003,888.716066,6454.681,True,False,True,True,0xb99a15e831c92faf10a9fabe391963eeaf91ea8025221d58d86376f80ebb3844
2026-08-28T14:38:06.347120+00:00,914281,3897700,Istanbul be 23°C,2026-08-28,highest_temperature,Will the highest temperature in Istanbul be 23°C on August 28?,23°C,4.0,0.0005,0.9995,,0.001,,6028.278827,4134.368156999999,6825.69586,True,False,True,True,0x1d0b55f7245ac0b79751ed1d7fea2a7841703a7ac80f67d6f74a0c954bf216d0
2026-08-28T14:38:06.347132+00:00,914281,3897701,Istanbul be 24°C,2026-08-28,highest_temperature,Will the highest temperature in Istanbul be 24°C on August 28?,24°C,5.0,0.9955,0.0045,0.992,0.999,0.007000000000000006,5572.400031999999,4585.237264,376.00549,True,False,True,True,0xec24352427c800fc5ca6a4539f4a1ed51aa2c1d0f73174066be1ddbc91b02f7f
2026-08-28T14:38:06.347145+00:00,914281,3897702,Istanbul be 25°C,2026-08-28,highest_temperature,Will the highest temperature in Istanbul be 25°C on August 28?,25°C,6.0,0.0055,0.9945,0.002,0.009,0.006999999999999999,5346.388305,3035.647382999999,882.19888,True,False,True,True,0xa269d7d3bb74dfd094c9490280aa2393c312418681940897663d37f05bbfdcc8
2026-08-28T14:38:06.347159+00:00,914281,3897703,Istanbul be 26°C,2026-08-28,highest_temperature,Will the highest temperature in Istanbul be 26°C on August 28?,26°C,7.0,0.001,0.999,,0.002,,2624.31822,2070.772921,858.64543,True,False,True,True,0xbfe9f38ff4ccfc82c4a478247039d452e8aeb4e4608598e5d5bed7147af76e07
2026-08-28T14:38:06.347172+00:00,914281,3897704,Istanbul be 27°C,2026-08-28,highest_temperature,Will the highest temperature in Istanbul be 27°C on August 28?,27°C,8.0,0.0005,0.9995,,0.001,,2009.0793660000002,1320.4451839999997,932.21429,True,False,True,True,0xefbab043329501355bd0ec8016186cc5cd2dd828c05541da4b3c18a38e6d95cd
2026-08-28T14:38:06.347185+00:00,914281,3897705,Istanbul be 28°C,2026-08-28,highest_temperature,Will the highest temperature in Istanbul be 28°C on August 28?,28°C,9.0,0.0005,0.9995,,0.001,,349.698889,,1173.48292,True,False,True,True,0x6cbd4773fbd9b8a6e479385ed00092f058b36f794c64712bb152f4cfc05736c5
2026-08-28T14:38:06.347197+00:00,914281,3897706,Istanbul be 29°C or higher,2026-08-28,highest_temperature,Will the highest temperature in Istanbul be 29°C or higher on August 28?,29°C or higher,10.0,0.0005,0.9995,,0.001,,453.96184200000005,,1890.71675,True,False,True,True,0x644f75a447b6f67adc8a4544f9c07fc2f6454c709547c9a2459b79ecee07396f
2026-08-28T14:38:06.347210+00:00,914282,3897707,Busan be 24°C or below,2026-08-28,highest_temperature,Will the highest temperature in Busan be 24°C or below on August 28?,24°C or below,0.0,0.0005,0.9995,,0.001,,226.708,,15972.2987,True,False,True,True,0xf221b8001897dae08bb130df38be4c8d9300720992733eece99691980211403d
2026-08-28T14:38:06.347223+00:00,914282,3897708,Busan be 25°C,2026-08-28,highest_temperature,Will the highest temperature in Busan be 25°C on August 28?,25°C,1.0,0.0005,0.9995,,0.001,,858.9737499999999,400.28,15729.32039,True,False,True,True,0xcda37287cf81d1bfae7778912ef0f42d2f6b91861c087a215058ba9cadc1af29
2026-08-28T14:38:06.347238+00:00,914282,3897709,Busan be 26°C,2026-08-28,highest_temperature,Will the highest temperature in Busan be 26°C on August 28?,26°C,2.0,0.0005,0.9995,,0.001,,894.133233,743.24,14922.78766,True,False,True,True,0x765967cb7c73de3fa6da5a650a582a9ad0068a2a56e49a547e8cca3d8d454587
2026-08-28T14:38:06.347251+00:00,914282,3897710,Busan be 27°C,2026-08-28,highest_temperature,Will the highest temperature in Busan be 27°C on August 28?,27°C,3.0,0.9985,0.0015,0.998,0.999,0.0010000000000000009,8619.503472,7329.484944000001,1161.44648,True,False,True,True,0x2c6f923c8d7199b512dc487ffe52894d97b74ee4d3fd349203ad5b673b257825
2026-08-28T14:38:06.347265+00:00,914282,3897711,Busan be 28°C,2026-08-28,highest_temperature,Will the highest temperature in Busan be 28°C on August 28?,28°C,4.0,0.0085,0.9915,,0.017,,4930.649909,3759.5011799999997,625.07735,True,False,True,True,0xace5e2034469d42585fba82ef8a3241123a8b652e260a5de24dab33e1457780c
2026-08-28T14:38:06.347280+00:00,914282,3897712,Busan be 29°C,2026-08-28,highest_temperature,Will the highest temperature in Busan be 29°C on August 28?,29°C,5.0,0.0005,0.9995,,0.001,,6529.5562469999995,5766.788914000001,3344.87771,True,False,True,True,0xd6185f91b8df831691cec0dd5de39386c7abaa0ad58d35b91c137ebd09a0de93
2026-08-28T14:38:06.347293+00:00,914282,3897713,Busan be 30°C,2026-08-28,highest_temperature,Will the highest temperature in Busan be 30°C on August 28?,30°C,6.0,0.0005,0.9995,,0.001,,5959.587153999999,4365.084978999999,4821.02656,True,False,True,True,0x92661b9cdcf8378956fa524f517e80da4097324935d79ae3ea274fd26d3d13cb
2026-08-28T14:38:06.347306+00:00,914282,3897714,Busan be 31°C,2026-08-28,highest_temperature,Will the highest temperature in Busan be 31°C on August 28?,31°C,7.0,0.0005,0.9995,,0.001,,2864.3548220000002,2460.864105,4485.36995,True,False,True,True,0x916c944576ae6a5fe65b5ee40bbf7f750974db525e2913f69d77678841c500ee
2026-08-28T14:38:06.347320+00:00,914282,3897715,Busan be 32°C,2026-08-28,highest_temperature,Will the highest temperature in Busan be 32°C on August 28?,32°C,8.0,0.0005,0.9995,,0.001,,1952.9786809999996,1581.76995,1971.71123,True,False,True,True,0x429d7aff939b707a5cf57c1e9aae4222164df207bfdc08bfb402bc59edfb1a71
2026-08-28T14:38:06.347332+00:00,914282,3897716,Busan be 33°C,2026-08-28,highest_temperature,Will the highest temperature in Busan be 33°C on August 28?,33°C,9.0,0.0005,0.9995,,0.001,,1170.839215,894.217815,2661.9556,True,False,True,True,0xc9eec4fdef6c249bbe167398f20a642789b360bfcc06e8be2526c821476a50a4
2026-08-28T14:38:06.347345+00:00,914282,3897717,Busan be 34°C or higher,2026-08-28,highest_temperature,Will the highest temperature in Busan be 34°C or higher on August 28?,34°C or higher,10.0,0.0005,0.9995,,0.001,,562.931427,335.42699899999997,2815.17505,True,False,True,True,0x9893a6f2d362340d14f0ea3436855f37992f898664cc1250701a1c6f32436f9f
2026-08-28T14:38:06.347360+00:00,914283,3897718,Amsterdam be 16°C or below,2026-08-28,highest_temperature,Will the highest temperature in Amsterdam be 16°C or below on August 28?,16°C or below,0.0,0.0005,0.9995,,0.001,,274.222,246.217,12720.2308,True,False,True,True,0x1c22fac4687627e67030a4abf54915412b691f366a709c629f5f528711617176
2026-08-28T14:38:06.347374+00:00,914283,3897719,Amsterdam be 17°C,2026-08-28,highest_temperature,Will the highest temperature in Amsterdam be 17°C on August 28?,17°C,1.0,0.0005,0.9995,,0.001,,223.41899999999998,195.414,12885.46426,True,False,True,True,0x66c477e695449e3273ea0aa61939b57033f9897cddfc67baf1256fe9e7e97fee
2026-08-28T14:38:06.347388+00:00,914283,3897720,Amsterdam be 18°C,2026-08-28,highest_temperature,Will the highest temperature in Amsterdam be 18°C on August 28?,18°C,2.0,0.0005,0.9995,,0.001,,637.069012,461.864,12453.9194,True,False,True,True,0x50cf28b21ca11e1e079b95438309ed709cfcefc0136aa241feca454195c23cd3
2026-08-28T14:38:06.347400+00:00,914283,3897721,Amsterdam be 19°C,2026-08-28,highest_temperature,Will the highest temperature in Amsterdam be 19°C on August 28?,19°C,3.0,0.0005,0.9995,,0.001,,775.542428,507.724278,12572.83303,True,False,True,True,0x1cceed2991f84ed5ce166c8e9279c91e62535359495b51889dc8671f3893750c
2026-08-28T14:38:06.347414+00:00,914283,3897722,Amsterdam be 20°C,2026-08-28,highest_temperature,Will the highest temperature in Amsterdam be 20°C on August 28?,20°C,4.0,0.0005,0.9995,,0.001,,15098.476690999996,14702.212240999996,9078.41176,True,False,True,True,0x231926c4b587719ebcd64581de6d11bd251d80e2517a6736bd6b4444413a9d94
2026-08-28T14:38:06.347428+00:00,914283,3897723,Amsterdam be 21°C,2026-08-28,highest_temperature,Will the highest temperature in Amsterdam be 21°C on August 28?,21°C,5.0,0.0005,0.9995,,0.001,,18131.291865000003,16580.873551,12182.72215,True,False,True,True,0xf6081a930d73f5fcd3b0641d3a9be305962a995c999b7127ebee35bba14af7e9
2026-08-28T14:38:06.347442+00:00,914283,3897724,Amsterdam be 22°C,2026-08-28,highest_temperature,Will the highest temperature in Amsterdam be 22°C on August 28?,22°C,6.0,0.0005,0.9995,,0.001,,8290.531587000001,7126.663108999999,11877.55815,True,False,True,True,0xa5d595a6110f2c18f72070bdb594f5c4844479c49abe9fe9c0deeeaac4d2ecf4
2026-08-28T14:38:06.347456+00:00,914283,3897725,Amsterdam be 23°C,2026-08-28,highest_temperature,Will the highest temperature in Amsterdam be 23°C on August 28?,23°C,7.0,0.9995,0.0005,0.999,1.0,0.0010000000000000009,16036.418643,12444.196188000004,2400.92837,True,False,True,True,0xaa8ddaba1a341e83acc56ef901c19d3b136a646d290a5ca6783105f3900d38d7
2026-08-28T14:38:06.347467+00:00,914283,3897726,Amsterdam be 24°C,2026-08-28,highest_temperature,Will the highest temperature in Amsterdam be 24°C on August 28?,24°C,8.0,0.001,0.999,,0.002,,11625.706775999999,6667.972883,2957.89262,True,False,True,True,0xe685f9c130370bc2d51902e7b3887557bd45778a0806c63be05f2a69b6fd8de3
2026-08-28T14:38:06.347482+00:00,914283,3897727,Amsterdam be 25°C,2026-08-28,highest_temperature,Will the highest temperature in Amsterdam be 25°C on August 28?,25°C,9.0,0.0005,0.9995,,0.001,,3130.935769,2740.766384,2640.76626,True,False,True,True,0x6f51d5b2d142dd0c19dca402884ceac367d877c163139b776d1ea0b969ef6f92
2026-08-28T14:38:06.347495+00:00,914283,3897728,Amsterdam be 26°C or higher,2026-08-28,highest_temperature,Will the highest temperature in Amsterdam be 26°C or higher on August 28?,26°C or higher,10.0,0.0015,0.9985,,0.003,,1895.5994160000002,1611.6264159999998,1818.53058,True,False,True,True,0x1d00e8c479bf034f5f181ed7e49b28cccf166a23631dd13c27be59318e91540e
2026-08-28T14:38:06.347509+00:00,914284,3897729,Helsinki be 15°C or below,2026-08-28,highest_temperature,Will the highest temperature in Helsinki be 15°C or below on August 28?,15°C or below,0.0,0.0005,0.9995,,0.001,,202.974,36.11,13336.91259,True,False,True,True,0xcd955e0b164e96ca597bdf300569c163f986832974499c4b6b71a424452b4fd9
2026-08-28T14:38:06.347525+00:00,914284,3897730,Helsinki be 16°C,2026-08-28,highest_temperature,Will the highest temperature in Helsinki be 16°C on August 28?,16°C,1.0,0.0005,0.9995,,0.001,,497.66819999999996,,12649.62164,True,False,True,True,0x27cfa76a424c78a0523705defcd8773d82984e7eae566a9a9adc00aa517e323f
2026-08-28T14:38:06.347538+00:00,914284,3897731,Helsinki be 17°C,2026-08-28,highest_temperature,Will the highest temperature in Helsinki be 17°C on August 28?,17°C,2.0,0.0005,0.9995,,0.001,,296.04605000000004,115.16300000000001,12133.68611,True,False,True,True,0x2b74f2435a57af60f9dfcb1b5e8e9a6890ded3ecd7fa4a301a0c260df7ddb441
2026-08-28T14:38:06.347551+00:00,914284,3897732,Helsinki be 18°C,2026-08-28,highest_temperature,Will the highest temperature in Helsinki be 18°C on August 28?,18°C,3.0,0.0005,0.9995,,0.001,,1201.9703000000002,816.2398,12317.55398,True,False,True,True,0xcfef81983813e0cfe21a8f7745d64d90e555bd7d4f08d8c167860987a6929b39
2026-08-28T14:38:06.347564+00:00,914284,3897733,Helsinki be 19°C,2026-08-28,highest_temperature,Will the highest temperature in Helsinki be 19°C on August 28?,19°C,4.0,0.0005,0.9995,,0.001,,4809.215904,3342.075681,11848.5735,True,False,True,True,0xbd125891ef215afc6561c5612434da6727a3416af5a3b92298b948a2f8cbd6d3
2026-08-28T14:38:06.347582+00:00,914284,3897734,Helsinki be 20°C,2026-08-28,highest_temperature,Will the highest temperature in Helsinki be 20°C on August 28?,20°C,5.0,0.994,0.006,0.991,0.997,0.006000000000000005,6994.443131999999,5436.8133689999995,837.00704,True,False,True,True,0x7fb3661b3996bccdc62f0c5d19e910dcc59a6a53d135c4cd39a5d0e15f5cef3c
2026-08-28T14:38:06.347595+00:00,914284,3897735,Helsinki be 21°C,2026-08-28,highest_temperature,Will the highest temperature in Helsinki be 21°C on August 28?,21°C,6.0,0.0075,0.9925,0.005,0.01,0.005,9595.592616000002,5224.354261000001,1005.40153,True,False,True,True,0xd3f6bb93c7222d937f06b601f2df9fcde53129c9d81228606081263a83ed7650
2026-08-28T14:38:06.347608+00:00,914284,3897736,Helsinki be 22°C,2026-08-28,highest_temperature,Will the highest temperature in Helsinki be 22°C on August 28?,22°C,7.0,0.001,0.999,,0.002,,3742.115531999999,3141.536801,1016.62176,True,False,True,True,0xba9fe78f50cebb60fb90249d831552f5e6dc7fbae41c5f872095207c721ae3a0
2026-08-28T14:38:06.347621+00:00,914284,3897737,Helsinki be 23°C,2026-08-28,highest_temperature,Will the highest temperature in Helsinki be 23°C on August 28?,23°C,8.0,0.0005,0.9995,,0.001,,1303.976621,1144.965609,1091.65694,True,False,True,True,0x2411ad2792e7dda01a969caddfb71ea0c3b125f065aed559db6a84ddb34e06f0
2026-08-28T14:38:06.347633+00:00,914284,3897738,Helsinki be 24°C,2026-08-28,highest_temperature,Will the highest temperature in Helsinki be 24°C on August 28?,24°C,9.0,0.0005,0.9995,,0.001,,389.13811200000004,125.71,1857.21261,True,False,True,True,0x497eb3b6e51860f9a6542ce60dcf2bb7e5be13ad8bb0a95b6d5d03a34b47c6e8
2026-08-28T14:38:06.347646+00:00,914284,3897739,Helsinki be 25°C or higher,2026-08-28,highest_temperature,Will the highest temperature in Helsinki be 25°C or higher on August 28?,25°C or higher,10.0,0.0005,0.9995,,0.001,,731.617438,118.029028,2255.99392,True,False,True,True,0xb3da983a09f11095afed007da395e0c9b2e71e4e0ad88ec4bb478df1667c12a4
2026-08-28T14:38:06.347660+00:00,914285,3897740,Kuala Lumpur be 28°C or below,2026-08-28,highest_temperature,Will the highest temperature in Kuala Lumpur be 28°C or below on August 28?,28°C or below,0.0,0.0005,0.9995,,0.001,,2508.609944,419.124512,21696.29178,True,False,True,True,0x49efb61c47bf2005c7c8969a4dc06622205250051d86f92d6879fe7b94b85a39
2026-08-28T14:38:06.347674+00:00,914285,3897741,Kuala Lumpur be 29°C,2026-08-28,highest_temperature,Will the highest temperature in Kuala Lumpur be 29°C on August 28?,29°C,1.0,0.0005,0.9995,,0.001,,1853.673202,755.718,13659.04079,True,False,True,True,0xfceda50ad61786bea9a72dd24d8eb5c63b544c5a7a7d34dc1b7e1ee0d9404a84
2026-08-28T14:38:06.347688+00:00,914285,3897742,Kuala Lumpur be 30°C,2026-08-28,highest_temperature,Will the highest temperature in Kuala Lumpur be 30°C on August 28?,30°C,2.0,0.0005,0.9995,,0.001,,2002.4677010000003,928.2064,13279.11385,True,False,True,True,0x016ac4cfbcf03f8180018b242c578eb623715ca46082fefab766be3520f365d6
2026-08-28T14:38:06.347713+00:00,914285,3897743,Kuala Lumpur be 31°C,2026-08-28,highest_temperature,Will the highest temperature in Kuala Lumpur be 31°C on August 28?,31°C,3.0,0.0005,0.9995,,0.001,,3131.785497,965.749997,12202.39266,True,False,True,True,0x03bbe0d1889eddae6efa194baa8e11fd7d84f777d594f47ebd815d5b794209f3
2026-08-28T14:38:06.347729+00:00,914285,3897744,Kuala Lumpur be 32°C,2026-08-28,highest_temperature,Will the highest temperature in Kuala Lumpur be 32°C on August 28?,32°C,4.0,0.0005,0.9995,,0.001,,34142.209181000006,12955.765192,12527.79707,True,False,True,True,0x11691e076c1f6d60b527d7c7fc71d078cf7ae4f81346c24b54c6de3ae2d6a956
2026-08-28T14:38:06.347743+00:00,914285,3897745,Kuala Lumpur be 33°C,2026-08-28,highest_temperature,Will the highest temperature in Kuala Lumpur be 33°C on August 28?,33°C,5.0,0.9995,0.0005,0.999,1.0,0.0010000000000000009,10339.140432000004,8213.396031000004,1700.54583,True,False,True,True,0xfa44ba5a7366ee95a7a57b0efdb3d9a1cce4df29f828d2072e6fc501b0d6b448
2026-08-28T14:38:06.347756+00:00,914285,3897746,Kuala Lumpur be 34°C,2026-08-28,highest_temperature,Will the highest temperature in Kuala Lumpur be 34°C on August 28?,34°C,6.0,0.0005,0.9995,,0.001,,11013.946807000002,7807.639544000001,1303.49767,True,False,True,True,0x54696652fabe7b775b2e6d28505a46ab4c330a846bb3d1008b64d5ffef23b3d9
2026-08-28T14:38:06.347770+00:00,914285,3897747,Kuala Lumpur be 35°C,2026-08-28,highest_temperature,Will the highest temperature in Kuala Lumpur be 35°C on August 28?,35°C,7.0,0.0005,0.9995,,0.001,,5991.481472,3282.6221060000003,2265.93764,True,False,True,True,0xbfbca7a77cb5216d5cbb55b704a658ac31f33b65b0fef687026e70f74ede20cb
2026-08-28T14:38:06.347783+00:00,914285,3897748,Kuala Lumpur be 36°C,2026-08-28,highest_temperature,Will the highest temperature in Kuala Lumpur be 36°C on August 28?,36°C,8.0,0.0005,0.9995,,0.001,,1703.3609149999997,803.048665,2234.92961,True,False,True,True,0xeee0f85bb790dcda3f08a6ba9078b974514894640e89147b37fb4fa82bf3ed3d
2026-08-28T14:38:06.347797+00:00,914285,3897749,Kuala Lumpur be 37°C,2026-08-28,highest_temperature,Will the highest temperature in Kuala Lumpur be 37°C on August 28?,37°C,9.0,0.0005,0.9995,,0.001,,675.990337,266.09100399999994,2521.32536,True,False,True,True,0xa439fb90820f6bb5a851d24a028bf3ffce1e3d30fbfd2ec656fc8118e86f2a45
2026-08-28T14:38:06.347812+00:00,914285,3897750,Kuala Lumpur be 38°C or higher,2026-08-28,highest_temperature,Will the highest temperature in Kuala Lumpur be 38°C or higher on August 28?,38°C or higher,10.0,0.0005,0.9995,,0.001,,684.72,236.117,3418.78207,True,False,True,True,0xd1f6fbc52181ecccf764e260f8929a2b3aef469ca73319eaae0736cb4869ff9e
2026-08-28T14:38:06.347827+00:00,914286,3897751,Jeddah be 28°C or below,2026-08-28,highest_temperature,Will the highest temperature in Jeddah be 28°C or below on August 28?,28°C or below,0.0,0.0005,0.9995,,0.001,,178.444817,8.0,21400.24934,True,False,True,True,0xa028d838e4bc534f2abb2f65e32c7b050eb52083043fd98962b06fd6ca48a527
2026-08-28T14:38:06.347841+00:00,914286,3897752,Jeddah be 29°C,2026-08-28,highest_temperature,Will the highest temperature in Jeddah be 29°C on August 28?,29°C,1.0,0.0005,0.9995,,0.001,,1222.008,15.32,22054.14845,True,False,True,True,0x709e1f785d6c2474820488360dd44d1e8cddf8240ee26e69cd3ddaf089855ef6
2026-08-28T14:38:06.347854+00:00,914286,3897753,Jeddah be 30°C,2026-08-28,highest_temperature,Will the highest temperature in Jeddah be 30°C on August 28?,30°C,2.0,0.0005,0.9995,,0.001,,1011.2586099999999,16.28,21382.60742,True,False,True,True,0x21f275ded8b23a432bef930041a946e8ae90d307692da018f33618fcfd76dee2
2026-08-28T14:38:06.347867+00:00,914286,3897754,Jeddah be 31°C,2026-08-28,highest_temperature,Will the highest temperature in Jeddah be 31°C on August 28?,31°C,3.0,0.0005,0.9995,,0.001,,530.16,18.0,21475.96669,True,False,True,True,0xb596335b70c2873970253e2e1ebf370bf1b12816336eba9e16a7b9fb943b9762
2026-08-28T14:38:06.347880+00:00,914286,3897755,Jeddah be 32°C,2026-08-28,highest_temperature,Will the highest temperature in Jeddah be 32°C on August 28?,32°C,4.0,0.0005,0.9995,,0.001,,291.0,8.0,20039.30354,True,False,True,True,0x4a48675428ff30525c47952ade8c3ce7ca050a65ea91cbc755ba4948992f3dac
2026-08-28T14:38:06.347893+00:00,914286,3897756,Jeddah be 33°C,2026-08-28,highest_temperature,Will the highest temperature in Jeddah be 33°C on August 28?,33°C,5.0,0.0005,0.9995,,0.001,,290.9915,8.0,20752.78848,True,False,True,True,0x0b3bf403d17d540d620675a1b6e892662443f4b21233583f1ddfc52bfaa43e6b
2026-08-28T14:38:06.347908+00:00,914286,3897757,Jeddah be 34°C,2026-08-28,highest_temperature,Will the highest temperature in Jeddah be 34°C on August 28?,34°C,6.0,0.0005,0.9995,,0.001,,282.0,8.0,19568.23126,True,False,True,True,0xb2f929ceb2f9309f68edb47eb492fb4f30c7517ceeea7f0342d0f47d162f816f
2026-08-28T14:38:06.347920+00:00,914286,3897758,Jeddah be 35°C,2026-08-28,highest_temperature,Will the highest temperature in Jeddah be 35°C on August 28?,35°C,7.0,0.0005,0.9995,,0.001,,608.910513,351.910513,19770.21319,True,False,True,True,0x5000447bb8b89fd9811744117ae3a546a52e73a250f558965f7b10eedeb33183
2026-08-28T14:38:06.347936+00:00,914286,3897759,Jeddah be 36°C,2026-08-28,highest_temperature,Will the highest temperature in Jeddah be 36°C on August 28?,36°C,8.0,0.0005,0.9995,,0.001,,2285.139693,1765.120473,11436.05729,True,False,True,True,0xadc69a15d51ecb48c39ea312344809f4da34de9d60c3f1fa5a72a11444ada55f
2026-08-28T14:38:06.347949+00:00,914286,3897760,Jeddah be 37°C,2026-08-28,highest_temperature,Will the highest temperature in Jeddah be 37°C on August 28?,37°C,9.0,0.0005,0.9995,,0.001,,5386.012312,4589.331190000002,11832.70911,True,False,True,True,0xda4174957d26bbc06904a5a1ab040590ab223611e581bb77043ea1fac8f8bca8
2026-08-28T14:38:06.347963+00:00,914286,3897761,Jeddah be 38°C or higher,2026-08-28,highest_temperature,Will the highest temperature in Jeddah be 38°C or higher on August 28?,38°C or higher,10.0,0.9995,0.0005,0.999,1.0,0.0010000000000000009,5574.706119000001,4067.4001710000002,2934.08167,True,False,True,True,0x8c97c2d8411d459bcd78e19e571abdce6ce5b7b4db44aaad3da59679b1dd478d
2026-08-28T14:38:06.347977+00:00,914287,3897762,Cape Town be 15°C or below,2026-08-28,highest_temperature,Will the highest temperature in Cape Town be 15°C or below on August 28?,15°C or below,0.0,0.0005,0.9995,,0.001,,1683.6243479999998,390.902348,12930.02167,True,False,True,True,0x0ae5c824bf848b5ed0c09674891dd2fe373c694dbf30dfdc79755408fe4e306d
2026-08-28T14:38:06.347991+00:00,914287,3897763,Cape Town be 16°C,2026-08-28,highest_temperature,Will the highest temperature in Cape Town be 16°C on August 28?,16°C,1.0,0.0005,0.9995,,0.001,,1134.8955999999998,1095.102,12646.24063,True,False,True,True,0x2eb74bcaa16908bb7f07d2936caf59748c0a7a27dd460818725d919ca49caaa8
2026-08-28T14:38:06.348005+00:00,914287,3897764,Cape Town be 17°C,2026-08-28,highest_temperature,Will the highest temperature in Cape Town be 17°C on August 28?,17°C,2.0,0.0005,0.9995,,0.001,,190.99259999999998,140.1,11856.09308,True,False,True,True,0xaabcf6fc0c38637f4eeb515480c26c840ecd51fdc70b87f8955f2df594bfa127
2026-08-28T14:38:06.348019+00:00,914287,3897765,Cape Town be 18°C,2026-08-28,highest_temperature,Will the highest temperature in Cape Town be 18°C on August 28?,18°C,3.0,0.0005,0.9995,,0.001,,2535.650326,1936.574114,11146.03849,True,False,True,True,0xa5245456adbc94d056b9b794e0d73b34c995658137425ee65d2ff865e853d5af
2026-08-28T14:38:06.348033+00:00,914287,3897766,Cape Town be 19°C,2026-08-28,highest_temperature,Will the highest temperature in Cape Town be 19°C on August 28?,19°C,4.0,0.0005,0.9995,,0.001,,3034.988055,2499.361581,11035.98538,True,False,True,True,0x40a83e58973a3f5da0e1700638bd9642c49accbbda74bf9efbe05b5deec1abdb
2026-08-28T14:38:06.348046+00:00,914287,3897767,Cape Town be 20°C,2026-08-28,highest_temperature,Will the highest temperature in Cape Town be 20°C on August 28?,20°C,5.0,0.0005,0.9995,,0.001,,3657.425169,2652.352514,11098.97912,True,False,True,True,0x38960d1952cd70baecebf5c9a2d03e2c1b008c4d465fb8ea2a18d36ccce52baa
2026-08-28T14:38:06.348059+00:00,914287,3897768,Cape Town be 21°C,2026-08-28,highest_temperature,Will the highest temperature in Cape Town be 21°C on August 28?,21°C,6.0,0.0005,0.9995,,0.001,,13988.800168000002,5678.503766999999,10427.3495,True,False,True,True,0x707b7493ae8ace57da67cebcf6022a156b90593193300a96d169112dd49ccb97
2026-08-28T14:38:06.348073+00:00,914287,3897769,Cape Town be 22°C,2026-08-28,highest_temperature,Will the highest temperature in Cape Town be 22°C on August 28?,22°C,7.0,0.995,0.005,0.992,0.998,0.006000000000000005,6276.613547999999,5260.103023,1151.42387,True,False,True,True,0x87e6fad3bc6779cc2a0b2ea4f759034715f233b8aa05027ed9882bc3a5c39032
2026-08-28T14:38:06.348089+00:00,914287,3897770,Cape Town be 23°C,2026-08-28,highest_temperature,Will the highest temperature in Cape Town be 23°C on August 28?,23°C,8.0,0.006,0.994,0.002,0.01,0.008,5868.304388999999,4138.237799,160.93251,True,False,True,True,0x545ad588abe2b545306bd69802d2a456bc5a0deb03285371900ad0b1bb52a1bc
2026-08-28T14:38:06.348103+00:00,914287,3897771,Cape Town be 24°C,2026-08-28,highest_temperature,Will the highest temperature in Cape Town be 24°C on August 28?,24°C,9.0,0.002,0.998,,0.004,,3133.3534340000006,2196.5276190000004,1160.52145,True,False,True,True,0xf086c6f1e94e36ac17df3cd487475b49f72b497ac233cdc9604afb1871191eaf
2026-08-28T14:38:06.348117+00:00,914287,3897772,Cape Town be 25°C or higher,2026-08-28,highest_temperature,Will the highest temperature in Cape Town be 25°C or higher on August 28?,25°C or higher,10.0,0.001,0.999,,0.002,,2824.2254820000007,1810.7944439999997,843.45074,True,False,True,True,0xadb20d5851c954f666cb32fbd2bd12bc76561aee9b641c44ada80c983314ad56
2026-08-28T14:38:06.348132+00:00,914288,3897773,Guangzhou be 27°C or below,2026-08-28,highest_temperature,Will the highest temperature in Guangzhou be 27°C or below on August 28?,27°C or below,0.0,0.0005,0.9995,,0.001,,156.185,3.19,27738.68796,True,False,True,True,0xd052df2ee1364e997e108a7b146743edf44325d2816b9792823c0302a364403a
2026-08-28T14:38:06.348145+00:00,914288,3897774,Guangzhou be 28°C,2026-08-28,highest_temperature,Will the highest temperature in Guangzhou be 28°C on August 28?,28°C,1.0,0.0005,0.9995,,0.001,,1354.8740049999997,816.595,21732.36511,True,False,True,True,0x943409c91ca1be4a105ae7edaa8ef248d4c1c86daa95531c6976ada5765ba278
2026-08-28T14:38:06.348160+00:00,914288,3897775,Guangzhou be 29°C,2026-08-28,highest_temperature,Will the highest temperature in Guangzhou be 29°C on August 28?,29°C,2.0,0.0005,0.9995,,0.001,,3532.8593539999997,2442.304454,22048.3414,True,False,True,True,0xbfa197b39ba453bdb97d0efb0f492610ca198e1e30ef210da87b06e28a995134
2026-08-28T14:38:06.348174+00:00,914288,3897776,Guangzhou be 30°C,2026-08-28,highest_temperature,Will the highest temperature in Guangzhou be 30°C on August 28?,30°C,3.0,0.0005,0.9995,,0.001,,10255.723513999998,8718.778482,19072.45617,True,False,True,True,0xd1dff06ab2f697be1d6bf60eee23bb64f33c70b1e755ee4fb4420aae27d4957e
2026-08-28T14:38:06.348188+00:00,914288,3897777,Guangzhou be 31°C,2026-08-28,highest_temperature,Will the highest temperature in Guangzhou be 31°C on August 28?,31°C,4.0,0.0005,0.9995,,0.001,,14573.991219999998,13216.164739000002,19170.38387,True,False,True,True,0xf96378a2fc275d0dfbc5d09d472b4fd085b929431e8fc953f1a7fcaff352af77
2026-08-28T14:38:06.348202+00:00,914288,3897778,Guangzhou be 32°C,2026-08-28,highest_temperature,Will the highest temperature in Guangzhou be 32°C on August 28?,32°C,5.0,0.0005,0.9995,,0.001,,11691.672791999998,9954.077385999999,14088.28666,True,False,True,True,0x658c3d91a11cd0985711543dbda9db39949970ce29588c2c90d570418913c125
2026-08-28T14:38:06.348215+00:00,914288,3897779,Guangzhou be 33°C,2026-08-28,highest_temperature,Will the highest temperature in Guangzhou be 33°C on August 28?,33°C,6.0,0.9995,0.0005,0.999,1.0,0.0010000000000000009,14563.766039,13311.117220999999,1473.6708,True,False,True,True,0x51cbaa3c150c2add3ef23e391fd7f04857ea5382a7256d5d1abfa7a9e680737d
2026-08-28T14:38:06.348229+00:00,914288,3897780,Guangzhou be 34°C,2026-08-28,highest_temperature,Will the highest temperature in Guangzhou be 34°C on August 28?,34°C,7.0,0.0005,0.9995,,0.001,,10271.471323999998,8950.507226999998,1903.80776,True,False,True,True,0x9c7d4c871763e253c8bd6d80bc0ebad6ec0c9ae05b4237c32be0c72353cc96e4
2026-08-28T14:38:06.348245+00:00,914288,3897781,Guangzhou be 35°C,2026-08-28,highest_temperature,Will the highest temperature in Guangzhou be 35°C on August 28?,35°C,8.0,0.0005,0.9995,,0.001,,16211.993921000001,6846.007112000001,2816.44697,True,False,True,True,0xbcb68c9bfd0f58e34eb137100e8f89b3744736f62debbc8eb18187b8ce2b035a
2026-08-28T14:38:06.348258+00:00,914288,3897782,Guangzhou be 36°C,2026-08-28,highest_temperature,Will the highest temperature in Guangzhou be 36°C on August 28?,36°C,9.0,0.0005,0.9995,,0.001,,5810.486803,4137.855532,2769.72155,True,False,True,True,0x5ade3f7b882bb8c10f83b28f95e6e6a9f807c71dfb9bc0b7347464d4e6f725c4
2026-08-28T14:38:06.348271+00:00,914288,3897783,Guangzhou be 37°C or higher,2026-08-28,highest_temperature,Will the highest temperature in Guangzhou be 37°C or higher on August 28?,37°C or higher,10.0,0.0005,0.9995,,0.001,,11330.093800999999,5484.887635,2517.03758,True,False,True,True,0xd7638109f42e58c1c6ec3829556cf62450aab8f57db2c76e2153076b3ca53b7c
2026-08-28T14:38:06.348286+00:00,914289,3897784,Qingdao be 25°C or below,2026-08-28,highest_temperature,Will the highest temperature in Qingdao be 25°C or below on August 28?,25°C or below,0.0,0.0005,0.9995,,0.001,,17084.47,17079.47,16831.79692,True,False,True,True,0xdb77f26e57bf83684afa9a8658fd4b640c8d934ad6b1db6b92be1ce765e888a7
2026-08-28T14:38:06.348300+00:00,914289,3897785,Qingdao be 26°C,2026-08-28,highest_temperature,Will the highest temperature in Qingdao be 26°C on August 28?,26°C,1.0,0.0005,0.9995,,0.001,,7229.533685000002,6592.4480920000005,19263.61566,True,False,True,True,0x4e20845d30cd39b1601369d4160b8a6af9bf5a2da91852919c347daf1799ad26
2026-08-28T14:38:06.348313+00:00,914289,3897786,Qingdao be 27°C,2026-08-28,highest_temperature,Will the highest temperature in Qingdao be 27°C on August 28?,27°C,2.0,0.9995,0.0005,0.999,1.0,0.0010000000000000009,4184.681589000001,3909.4015889999996,1213.00633,True,False,True,True,0x11c95cda1227b02ff64812a4618c68af4f56ff0c32debccfb8a0c854f1202631
2026-08-28T14:38:06.348325+00:00,914289,3897787,Qingdao be 28°C,2026-08-28,highest_temperature,Will the highest temperature in Qingdao be 28°C on August 28?,28°C,3.0,0.0005,0.9995,,0.001,,3217.5102389999993,2778.176224,1219.09778,True,False,True,True,0x82ad93c2298462ad5e1027a487ea192c9f83d875a5d23ace510839827d920913
2026-08-28T14:38:06.348338+00:00,914289,3897788,Qingdao be 29°C,2026-08-28,highest_temperature,Will the highest temperature in Qingdao be 29°C on August 28?,29°C,4.0,0.0005,0.9995,,0.001,,5714.672795,4537.762327999999,732.89184,True,False,True,True,0x63a4c8536cc61b479e13e8f31f4f389476e691fd578cd366045b320d91a3a84d
2026-08-28T14:38:06.348351+00:00,914289,3897789,Qingdao be 30°C,2026-08-28,highest_temperature,Will the highest temperature in Qingdao be 30°C on August 28?,30°C,5.0,0.0005,0.9995,,0.001,,5215.625319,4081.253474,733.67329,True,False,True,True,0x965e823853aea6d0a836837177f57b49d509bb7d581123b4033c453bacf9edf4
2026-08-28T14:38:06.348366+00:00,914289,3897790,Qingdao be 31°C,2026-08-28,highest_temperature,Will the highest temperature in Qingdao be 31°C on August 28?,31°C,6.0,0.0005,0.9995,,0.001,,3930.1684900000005,2816.19115,1515.5001,True,False,True,True,0x21c55bc96dec2aaeb26c114e84e47a51494b6072ba5487455feb89e7eef5fcf1
2026-08-28T14:38:06.348381+00:00,914289,3897791,Qingdao be 32°C,2026-08-28,highest_temperature,Will the highest temperature in Qingdao be 32°C on August 28?,32°C,7.0,0.0005,0.9995,,0.001,,2876.543869,2233.23767,1589.37965,True,False,True,True,0x6a5028ef55e2a288e7e95426d88a918b49b3eb06caba9a4e04346baa87a89d27
2026-08-28T14:38:06.348394+00:00,914289,3897792,Qingdao be 33°C,2026-08-28,highest_temperature,Will the highest temperature in Qingdao be 33°C on August 28?,33°C,8.0,0.0005,0.9995,,0.001,,887.9215479999999,803.9884569999999,1917.31828,True,False,True,True,0xd778669c5235fe1da9dedd867e9e288df8c95f0a4fdad91e0e82c6b16bd73031
2026-08-28T14:38:06.348407+00:00,914289,3897793,Qingdao be 34°C,2026-08-28,highest_temperature,Will the highest temperature in Qingdao be 34°C on August 28?,34°C,9.0,0.0005,0.9995,,0.001,,374.3153,300.075,1831.04075,True,False,True,True,0x15c6dec10ea7bd3fb9f792c5a4494c0f0767d6218ffb130f36bb89cc2c017bd1
2026-08-28T14:38:06.348419+00:00,914289,3897794,Qingdao be 35°C or higher,2026-08-28,highest_temperature,Will the highest temperature in Qingdao be 35°C or higher on August 28?,35°C or higher,10.0,0.0005,0.9995,,0.001,,288.977,,1971.28032,True,False,True,True,0x9e69f7a7efc254b27ab7c843428e17975e9efe9f8dfa7b9d2cdfc08f8b051861
2026-08-28T14:38:06.348433+00:00,914290,3897795,Karachi be 26°C or below,2026-08-28,highest_temperature,Will the highest temperature in Karachi be 26°C or below on August 28?,26°C or below,0.0,0.0005,0.9995,,0.001,,453.6182,33.43,21992.48123,True,False,True,True,0xa86552596c98dead38d0a01086bb383e5444349d90fecfc9bdf783397ed35de7
2026-08-28T14:38:06.348445+00:00,914290,3897796,Karachi be 27°C,2026-08-28,highest_temperature,Will the highest temperature in Karachi be 27°C on August 28?,27°C,1.0,0.0005,0.9995,,0.001,,327.1748,48.43,13027.71553,True,False,True,True,0x6b97ed141adff8bd816b0c03e32f7b0e2f9c889765335b4b9bef1a0cb7f8b288
2026-08-28T14:38:06.348458+00:00,914290,3897797,Karachi be 28°C,2026-08-28,highest_temperature,Will the highest temperature in Karachi be 28°C on August 28?,28°C,2.0,0.0005,0.9995,,0.001,,392.10260000000005,110.924,12567.40764,True,False,True,True,0x15d0a4fd2553e0d81f7baede4c606470085b9125a01760c14079af62d21b1327
2026-08-28T14:38:06.348471+00:00,914290,3897798,Karachi be 29°C,2026-08-28,highest_temperature,Will the highest temperature in Karachi be 29°C on August 28?,29°C,3.0,0.0005,0.9995,,0.001,,625.1324159999999,462.796,12757.58081,True,False,True,True,0xe8c51eda8a733e49c8e8c8c0d851dfbb320e0760364059752a81dc7e54846afa
2026-08-28T14:38:06.348484+00:00,914290,3897799,Karachi be 30°C,2026-08-28,highest_temperature,Will the highest temperature in Karachi be 30°C on August 28?,30°C,4.0,0.0005,0.9995,,0.001,,4246.666202,3831.884457,8882.02546,True,False,True,True,0x163c0be88ec636b126a9cc04a6662db73837b017139be99954260d9657df3819
2026-08-28T14:38:06.348497+00:00,914290,3897800,Karachi be 31°C,2026-08-28,highest_temperature,Will the highest temperature in Karachi be 31°C on August 28?,31°C,5.0,0.9995,0.0005,0.999,1.0,0.0010000000000000009,6539.708202,3617.6961969999993,1795.46232,True,False,True,True,0xc8c2dc784cdd6356099855c04246da8097c7d31ca38182afe151f2bc57b168d3
2026-08-28T14:38:06.348509+00:00,914290,3897801,Karachi be 32°C,2026-08-28,highest_temperature,Will the highest temperature in Karachi be 32°C on August 28?,32°C,6.0,0.0005,0.9995,,0.001,,3255.405174,2543.5813009999997,1932.07325,True,False,True,True,0xe6dcfb68c7eed9c9003bf60a1a9d06bda9030e5949954e41f4e541f3198ad3e5
2026-08-28T14:38:06.348522+00:00,914290,3897802,Karachi be 33°C,2026-08-28,highest_temperature,Will the highest temperature in Karachi be 33°C on August 28?,33°C,7.0,0.0005,0.9995,,0.001,,1931.150749,1271.723838,2063.78126,True,False,True,True,0x387e5d30550007439a194cf45783b0cb78426e80c0c4760454d1868e453211bf
2026-08-28T14:38:06.348533+00:00,914290,3897803,Karachi be 34°C,2026-08-28,highest_temperature,Will the highest temperature in Karachi be 34°C on August 28?,34°C,8.0,0.0005,0.9995,,0.001,,980.400354,624.166755,1820.60001,True,False,True,True,0x4f8844db4795d6bb322c0160986365202998927430cd12da37524c84d37fec53
2026-08-28T14:38:06.348548+00:00,914290,3897804,Karachi be 35°C,2026-08-28,highest_temperature,Will the highest temperature in Karachi be 35°C on August 28?,35°C,9.0,0.0005,0.9995,,0.001,,890.2347,757.8235,2216.35769,True,False,True,True,0xb542f5069c03f6bd250e1683803ff530679fcbab24acf2b0c6f0451035bdd86b
2026-08-28T14:38:06.348561+00:00,914290,3897805,Karachi be 36°C or higher,2026-08-28,highest_temperature,Will the highest temperature in Karachi be 36°C or higher on August 28?,36°C or higher,10.0,0.0005,0.9995,,0.001,,295.49359999999996,129.24,3094.17607,True,False,True,True,0xf4eb8fd586b43e6436d22a0b80a1734f7bea29d0df97bd7164910c2a5aec3633
2026-08-28T14:38:06.348577+00:00,914291,3897806,Manila be 23°C or below,2026-08-28,highest_temperature,Will the highest temperature in Manila be 23°C or below on August 28?,23°C or below,0.0,0.0005,0.9995,,0.001,,586.2277,,20872.44171,True,False,True,True,0x8ad012c9d35e58756e0dbe5bae62a48ff3fdca22ff241fc81477c360ee57d31a
2026-08-28T14:38:06.348590+00:00,914291,3897807,Manila be 24°C,2026-08-28,highest_temperature,Will the highest temperature in Manila be 24°C on August 28?,24°C,1.0,0.0005,0.9995,,0.001,,216.897,,20146.39326,True,False,True,True,0xdeeba6d0041d9ad19d070d9e23a79028d86d044c02780fad041df8498bc2bb63
2026-08-28T14:38:06.348605+00:00,914291,3897808,Manila be 25°C,2026-08-28,highest_temperature,Will the highest temperature in Manila be 25°C on August 28?,25°C,2.0,0.0005,0.9995,,0.001,,520.8201,28.549999999999997,19605.91217,True,False,True,True,0x429f15a0fa1d902b061d34b6b2a33ee94d36795c782ac1b1fb9920693952644a
2026-08-28T14:38:06.348618+00:00,914291,3897809,Manila be 26°C,2026-08-28,highest_temperature,Will the highest temperature in Manila be 26°C on August 28?,26°C,3.0,0.0005,0.9995,,0.001,,670.8527000000001,582.735,19467.72495,True,False,True,True,0xacc82d5d4ec284d98822ec1b3cb5900a19918f0203a3952158afc0ed9d70cb74
2026-08-28T14:38:06.348630+00:00,914291,3897810,Manila be 27°C,2026-08-28,highest_temperature,Will the highest temperature in Manila be 27°C on August 28?,27°C,4.0,0.0005,0.9995,,0.001,,2311.8015539999997,2059.869921,8610.3518,True,False,True,True,0x0b0a822cf5ecc8ae3a3e25fc6aff900b94482bfb8b2f526b98960f9badd5b81b
2026-08-28T14:38:06.348645+00:00,914291,3897811,Manila be 28°C,2026-08-28,highest_temperature,Will the highest temperature in Manila be 28°C on August 28?,28°C,5.0,0.9995,0.0005,0.999,1.0,0.0010000000000000009,8241.733763000002,6776.67692700001,791.82826,True,False,True,True,0x41bcabec2f1947179273d09e8aa7edad246c50fd484d0e1f1525e8253286e9b7
2026-08-28T14:38:06.348658+00:00,914291,3897812,Manila be 29°C,2026-08-28,highest_temperature,Will the highest temperature in Manila be 29°C on August 28?,29°C,6.0,0.0005,0.9995,,0.001,,5049.075653,2907.4545949999997,1332.23825,True,False,True,True,0x6c2b8a9764723025e1e9344ec3b72380e9e8a42fbd1cccb970f9f50954ffe931
2026-08-28T14:38:06.348671+00:00,914291,3897813,Manila be 30°C,2026-08-28,highest_temperature,Will the highest temperature in Manila be 30°C on August 28?,30°C,7.0,0.0005,0.9995,,0.001,,2262.4431910000003,1981.4171289999997,790.47531,True,False,True,True,0xf28a5ae6c0390548ce4b36deec1385db4b241a20e5910a3cf1825f1db35e887e
2026-08-28T14:38:06.348683+00:00,914291,3897814,Manila be 31°C,2026-08-28,highest_temperature,Will the highest temperature in Manila be 31°C on August 28?,31°C,8.0,0.0005,0.9995,,0.001,,2018.9238590000002,1368.540401,1234.46392,True,False,True,True,0x2b411298cd211e8862d64f54338b16eff7d3df11c6555575eb782fbc2ceb3bff
2026-08-28T14:38:06.348702+00:00,914291,3897815,Manila be 32°C,2026-08-28,highest_temperature,Will the highest temperature in Manila be 32°C on August 28?,32°C,9.0,0.0005,0.9995,,0.001,,1301.165329,196.25000000000003,1586.34718,True,False,True,True,0x73a8e73b0d5e214709390ca52b102a916f41f3e4ff2fb4276c4bf2d5aa3d1dbf
2026-08-28T14:38:06.348715+00:00,914291,3897816,Manila be 33°C or higher,2026-08-28,highest_temperature,Will the highest temperature in Manila be 33°C or higher on August 28?,33°C or higher,10.0,0.0005,0.9995,,0.001,,789.277249,443.498249,2099.27303,True,False,True,True,0xaa1c3ee835a4f1db32f6b3aef5e1daf75e252dbd8fc8d6d23bf71a5bffe7fad6
2026-08-28T14:38:06.348907+00:00,918582,3922294,Sao Paulo be 24°C or below,2026-08-28,highest_temperature,Will the highest temperature in Sao Paulo be 24°C or below on August 28?,24°C or below,0.0,0.0025,0.9975,,0.005,,3158.678499,2987.7883999999995,2071.25775,True,False,True,True,0x4b1374909944f96460ef4b2e3452e86b36883f7078a11598dc666ac8a6356a5c
2026-08-28T14:38:06.348922+00:00,918582,3922295,Sao Paulo be 25°C,2026-08-28,highest_temperature,Will the highest temperature in Sao Paulo be 25°C on August 28?,25°C,1.0,0.0015,0.9985,0.001,0.002,0.001,2063.889083,1469.897,2612.92159,True,False,True,True,0x54ac8dda197dbb75a25a5a16c6d5039bd8638a09da94605c559fb83cf6ffaeb4
2026-08-28T14:38:06.348936+00:00,918582,3922296,Sao Paulo be 26°C,2026-08-28,highest_temperature,Will the highest temperature in Sao Paulo be 26°C on August 28?,26°C,2.0,0.0025,0.9975,0.001,0.004,0.003,886.7164399999999,675.8469999999999,1212.0976,True,False,True,True,0x9f7f6b9ee4926072082795b5738d1d86fa795e080128243e70a57d11a17ab5bb
2026-08-28T14:38:06.348950+00:00,918582,3922297,Sao Paulo be 27°C,2026-08-28,highest_temperature,Will the highest temperature in Sao Paulo be 27°C on August 28?,27°C,3.0,0.0035,0.9965,0.002,0.005,0.003,2308.6571300000005,2301.6571299999996,1257.79861,True,False,True,True,0x4ef397326c49e65a70469b42bef8eaf16db181332adf8b89c88d1aa2fcded2ab
2026-08-28T14:38:06.348963+00:00,918582,3922298,Sao Paulo be 28°C,2026-08-28,highest_temperature,Will the highest temperature in Sao Paulo be 28°C on August 28?,28°C,4.0,0.0055,0.9945,0.002,0.009,0.006999999999999999,286.98429999999996,251.99449999999996,841.44088,True,False,True,True,0x07eaa67ca098b0945143033d861d9594b13b8ec3e6a0e32e00a87860dc5ff2d0
2026-08-28T14:38:06.348976+00:00,918582,3922299,Sao Paulo be 29°C,2026-08-28,highest_temperature,Will the highest temperature in Sao Paulo be 29°C on August 28?,29°C,5.0,0.0185,0.9815,0.009,0.028,0.019000000000000003,613.541354,528.2175379999999,912.11115,True,False,True,True,0x6cef074fc6a1e4683e3a0c7e3ade5fb191bf691e63948a45944019ce423be157
2026-08-28T14:38:06.348994+00:00,918582,3922300,Sao Paulo be 30°C,2026-08-28,highest_temperature,Will the highest temperature in Sao Paulo be 30°C on August 28?,30°C,6.0,0.115,0.885,0.07,0.16,0.09,1270.1861370000001,896.899005,229.8787,True,False,True,True,0xa8794ad03ac1c8bbf59178939f2e186bd636e53d5d566cd0d5a5a0ab507e3409
2026-08-28T14:38:06.349009+00:00,918582,3922301,Sao Paulo be 31°C,2026-08-28,highest_temperature,Will the highest temperature in Sao Paulo be 31°C on August 28?,31°C,7.0,0.285,0.715,0.28,0.29,0.009999999999999953,2194.665881,1460.034353,163.7518,True,False,True,True,0x7f37ce4564d8a8444d798cbf653841a77787e4d17ca33ac1a33e6714c4ac99ac
2026-08-28T14:38:06.349023+00:00,918582,3922302,Sao Paulo be 32°C,2026-08-28,highest_temperature,Will the highest temperature in Sao Paulo be 32°C on August 28?,32°C,8.0,0.495,0.505,0.48,0.51,0.030000000000000027,1896.1713290000007,1297.207439,151.4502,True,False,True,True,0x797819ec34140cf12c87573b0416597896c4517e1fb3f693ffaac621b28f353a
2026-08-28T14:38:06.349037+00:00,918582,3922303,Sao Paulo be 33°C,2026-08-28,highest_temperature,Will the highest temperature in Sao Paulo be 33°C on August 28?,33°C,9.0,0.125,0.875,0.09,0.16,0.07,2510.671089,1591.6965389999998,243.2304,True,False,True,True,0x2c3f9c92e593e2c16656d6b8b34c5360bc0669754e35892da680d0cee7a35b4e
2026-08-28T14:38:06.349051+00:00,918582,3922304,Sao Paulo be 34°C or higher,2026-08-28,highest_temperature,Will the highest temperature in Sao Paulo be 34°C or higher on August 28?,34°C or higher,10.0,0.015,0.985,0.01,0.02,0.01,751.1139350000001,476.517897,474.0726,True,False,True,True,0x089334a46766e2cb4e650109e5104dd2efe3894fd5ae1c47c41b72200d3c3a87
2026-08-28T14:38:06.349065+00:00,918583,3922305,Buenos Aires be 14°C or below,2026-08-28,highest_temperature,Will the highest temperature in Buenos Aires be 14°C or below on August 28?,14°C or below,0.0,0.0005,0.9995,,0.001,,215.933,210.93300000000002,7524.88412,True,False,True,True,0x2f0fe70a3385dea4cd3215dcdcd8b2db8b7502be270ad6af3d3a8092c5f708cb
2026-08-28T14:38:06.349080+00:00,918583,3922306,Buenos Aires be 15°C,2026-08-28,highest_temperature,Will the highest temperature in Buenos Aires be 15°C on August 28?,15°C,1.0,0.0005,0.9995,,0.001,,476.95867999999996,471.95868,5720.95873,True,False,True,True,0x2515ede977a57d714f5f03fbcd800740ee7aace7313930e073195aae29fb157b
2026-08-28T14:38:06.349094+00:00,918583,3922307,Buenos Aires be 16°C,2026-08-28,highest_temperature,Will the highest temperature in Buenos Aires be 16°C on August 28?,16°C,2.0,0.005,0.995,0.001,0.009,0.008,921.722658,881.312658,424.20509,True,False,True,True,0x3c861e9c3c5048e4e33fb796d5ffff28a94970ab4e25610b082fc814e135c23b
2026-08-28T14:38:06.349111+00:00,918583,3922308,Buenos Aires be 17°C,2026-08-28,highest_temperature,Will the highest temperature in Buenos Aires be 17°C on August 28?,17°C,3.0,0.04,0.96,0.03,0.05,0.020000000000000004,1037.4823,1037.4823000000001,288.705,True,False,True,True,0xeb19c4c990042dd35c5943eabab7bfb9fd4a62b5405572f0c6706aff4cf33386
2026-08-28T14:38:06.349126+00:00,918583,3922309,Buenos Aires be 18°C,2026-08-28,highest_temperature,Will the highest temperature in Buenos Aires be 18°C on August 28?,18°C,4.0,0.14,0.86,0.12,0.16,0.04000000000000001,1857.0373169999998,1167.190193,220.1386,True,False,True,True,0x2677aa31ec70c9fb3e0d47132bc107c83a130a33d3b396956d0d697cf16b242d
2026-08-28T14:38:06.349140+00:00,918583,3922310,Buenos Aires be 19°C,2026-08-28,highest_temperature,Will the highest temperature in Buenos Aires be 19°C on August 28?,19°C,5.0,0.515,0.485,0.5,0.53,0.030000000000000027,3991.5929560000004,3088.1565209999994,212.9405,True,False,True,True,0x2fa7719a9a732b6b316dd3e9fd0849bbcfc4c18c0e8b892ede47d36e32bf84e4
2026-08-28T14:38:06.349153+00:00,918583,3922311,Buenos Aires be 20°C,2026-08-28,highest_temperature,Will the highest temperature in Buenos Aires be 20°C on August 28?,20°C,6.0,0.26,0.74,0.25,0.27,0.020000000000000018,4364.0628369999995,2865.221714999999,196.4066,True,False,True,True,0x814f3a9a124d3eb7a98728f9aca04c7396d18dffe755574e4d1db4736ea6bc22
2026-08-28T14:38:06.349167+00:00,918583,3922312,Buenos Aires be 21°C,2026-08-28,highest_temperature,Will the highest temperature in Buenos Aires be 21°C on August 28?,21°C,7.0,0.07,0.93,0.06,0.08,0.020000000000000004,2746.9988399999997,2216.095167000001,255.3783,True,False,True,True,0x58449e073fd6938fe3acbfe4d4f441b7fbff7e4039947dfe20cf11b47133040a
2026-08-28T14:38:06.349180+00:00,918583,3922313,Buenos Aires be 22°C,2026-08-28,highest_temperature,Will the highest temperature in Buenos Aires be 22°C on August 28?,22°C,8.0,0.006,0.994,0.002,0.01,0.008,1396.066043,1206.0341930000002,870.72901,True,False,True,True,0x7d7a95497b1410bd440aadaab788a0ceb8d1b3305289debf6c0ff3242e2c2581
2026-08-28T14:38:06.349192+00:00,918583,3922314,Buenos Aires be 23°C,2026-08-28,highest_temperature,Will the highest temperature in Buenos Aires be 23°C on August 28?,23°C,9.0,0.0025,0.9975,,0.005,,424.345,424.345,1461.03814,True,False,True,True,0x47ca5252047003607f9a04a13eaa1fdc558d6e93efa833d5b27a3d4122dd037f
2026-08-28T14:38:06.349205+00:00,918583,3922315,Buenos Aires be 24°C or higher,2026-08-28,highest_temperature,Will the highest temperature in Buenos Aires be 24°C or higher on August 28?,24°C or higher,10.0,0.0005,0.9995,,0.001,,405.28399999999993,233.567,2111.06762,True,False,True,True,0x485f6f75ace22ad66edfaa7e0813147b7d2d13cd367905ed7252cdddd0b37329
2026-08-28T14:38:06.349219+00:00,918584,3922316,Toronto be 20°C or below,2026-08-28,highest_temperature,Will the highest temperature in Toronto be 20°C or below on August 28?,20°C or below,0.0,0.003,0.997,,0.006,,310.85560000000004,218.59,619.05311,True,False,True,True,0x47ac5034109bfd3cae446350e86bf5c76ef8a97e465a70eed026932a1328a37f
2026-08-28T14:38:06.349233+00:00,918584,3922317,Toronto be 21°C,2026-08-28,highest_temperature,Will the highest temperature in Toronto be 21°C on August 28?,21°C,1.0,0.01,0.99,,0.02,,690.3895499999999,579.2027,479.1629,True,False,True,True,0xc955ec35e66ff77ee3247537eab934b71365695dcd2fb0b2fd53a39c9fb4ad7d
2026-08-28T14:38:06.349247+00:00,918584,3922318,Toronto be 22°C,2026-08-28,highest_temperature,Will the highest temperature in Toronto be 22°C on August 28?,22°C,2.0,0.26,0.74,0.24,0.28,0.040000000000000036,2601.5545169999996,2030.4511709999997,648.9729,True,False,True,True,0x77553bebbe100356fb4cb0abc3d2c29ecfbc858c3316ddd22ee106194767db71
2026-08-28T14:38:06.349263+00:00,918584,3922319,Toronto be 23°C,2026-08-28,highest_temperature,Will the highest temperature in Toronto be 23°C on August 28?,23°C,3.0,0.655,0.345,0.64,0.67,0.030000000000000027,3361.7326309999994,2151.2032389999995,1075.1623,True,False,True,True,0x25a0b01d323f6094c91390d20a20c07b7a7c274884961ee4941985d1041f773f
2026-08-28T14:38:06.349276+00:00,918584,3922320,Toronto be 24°C,2026-08-28,highest_temperature,Will the highest temperature in Toronto be 24°C on August 28?,24°C,4.0,0.09,0.91,0.08,0.1,0.020000000000000004,2330.823216,1912.121596,801.778,True,False,True,True,0x0de66b8147a52492df956f23c3ec03fb525b013c2e38bcac923ee4183aad6b87
2026-08-28T14:38:06.349289+00:00,918584,3922321,Toronto be 25°C,2026-08-28,highest_temperature,Will the highest temperature in Toronto be 25°C on August 28?,25°C,5.0,0.015,0.985,0.01,0.02,0.01,1517.923706,1438.274292,868.8992,True,False,True,True,0x9cff6af8db70ce138523b2e0ccae117349b170e383a91a3f04c7a42e1afe4c33
2026-08-28T14:38:06.349301+00:00,918584,3922322,Toronto be 26°C,2026-08-28,highest_temperature,Will the highest temperature in Toronto be 26°C on August 28?,26°C,6.0,0.01,0.99,,0.02,,1596.53653,1394.2100799999992,527.3539,True,False,True,True,0x07156e05ee8346e5a26c31ffdbbee365daf4c60bc7419a7e431a6786ad542e93
2026-08-28T14:38:06.349316+00:00,918584,3922323,Toronto be 27°C,2026-08-28,highest_temperature,Will the highest temperature in Toronto be 27°C on August 28?,27°C,7.0,0.0005,0.9995,,0.001,,253.13000000000002,205.848,943.77519,True,False,True,True,0x3d3d0efc9f434880aeaa15f32cf7f5750232f078fbe7c0932aec3502c05e8915
2026-08-28T14:38:06.349331+00:00,918584,3922324,Toronto be 28°C,2026-08-28,highest_temperature,Will the highest temperature in Toronto be 28°C on August 28?,28°C,8.0,0.0005,0.9995,,0.001,,340.975,204.092,1539.46299,True,False,True,True,0xb439916b581359d7241a6689a6f8f0e282cea8237ee071b670ce24cf374105f6
2026-08-28T14:38:06.349344+00:00,918584,3922325,Toronto be 29°C,2026-08-28,highest_temperature,Will the highest temperature in Toronto be 29°C on August 28?,29°C,9.0,0.0005,0.9995,,0.001,,238.995,,2181.8136,True,False,True,True,0x3d2cd37c76a41f491297bd5c192b571493a7f89ca8808f657d2f0a110d2e0114
2026-08-28T14:38:06.349357+00:00,918584,3922326,Toronto be 30°C or higher,2026-08-28,highest_temperature,Will the highest temperature in Toronto be 30°C or higher on August 28?,30°C or higher,10.0,0.0005,0.9995,,0.001,,288.999,,2406.69702,True,False,True,True,0x8ee3da603a4b26dc592b2fcd24b2b22233c660507892e487ab742530ce48356b
2026-08-28T14:38:06.349370+00:00,918585,3922327,Seattle be 63°F or below,2026-08-28,highest_temperature,Will the highest temperature in Seattle be 63°F or below on August 28?,63°F or below,0.0,0.0005,0.9995,,0.001,,364.9862,119.892,1232.11329,True,False,True,True,0x8eafdc8d3aa1b6017248dfcfb1fe67d7dcbb4f4758a1e3b9dbb655ef4805e7c1
2026-08-28T14:38:06.349385+00:00,918585,3922328,Seattle be between 64-65°F,2026-08-28,highest_temperature,Will the highest temperature in Seattle be between 64-65°F on August 28?,64-65°F,1.0,0.004,0.996,0.001,0.007,0.006,353.1325,253.134,1094.38506,True,False,True,True,0x898ba4a0de538bbc7186be72ed5d9bae798c45004e1d32b4d0565802e3efdb29
2026-08-28T14:38:06.349398+00:00,918585,3922329,Seattle be between 66-67°F,2026-08-28,highest_temperature,Will the highest temperature in Seattle be between 66-67°F on August 28?,66-67°F,2.0,0.0065,0.9935,0.003,0.01,0.007,515.824876,384.67045,805.61882,True,False,True,True,0x56de0ff7b749e4c9e91ee63c4aa5c204972736513d502e733f969f26f8175fc7
2026-08-28T14:38:06.349412+00:00,918585,3922330,Seattle be between 68-69°F,2026-08-28,highest_temperature,Will the highest temperature in Seattle be between 68-69°F on August 28?,68-69°F,3.0,0.035,0.965,0.03,0.04,0.010000000000000002,690.179591,517.333357,590.72,True,False,True,True,0x2692b0a775a8d07628febfce32f39747f6700c261d2f3d8d3b10d3dbf9e31f54
2026-08-28T14:38:06.349425+00:00,918585,3922331,Seattle be between 70-71°F,2026-08-28,highest_temperature,Will the highest temperature in Seattle be between 70-71°F on August 28?,70-71°F,4.0,0.185,0.815,0.17,0.2,0.03,1359.0643799999998,1140.471042,587.8696,True,False,True,True,0x992dd90f55c62b3b35c083443b28752c0abd87b1221dfa471ad72f579f0e732f
2026-08-28T14:38:06.349439+00:00,918585,3922332,Seattle be between 72-73°F,2026-08-28,highest_temperature,Will the highest temperature in Seattle be between 72-73°F on August 28?,72-73°F,5.0,0.585,0.415,0.57,0.6,0.030000000000000027,3606.0168889999995,2037.928577,1013.2516,True,False,True,True,0x613ef1e090c620ef3f50ed2a7a3d8e0f20a79a2f9a433fc00e82f301f874416b
2026-08-28T14:38:06.349452+00:00,918585,3922333,Seattle be between 74-75°F,2026-08-28,highest_temperature,Will the highest temperature in Seattle be between 74-75°F on August 28?,74-75°F,6.0,0.2,0.8,0.18,0.22,0.04000000000000001,1631.0780960000002,1399.5444810000004,523.8112,True,False,True,True,0x77693c4012f4bc433e20e79999eaa931367c829e06c36246e234fbb092992ac7
2026-08-28T14:38:06.349466+00:00,918585,3922334,Seattle be between 76-77°F,2026-08-28,highest_temperature,Will the highest temperature in Seattle be between 76-77°F on August 28?,76-77°F,7.0,0.025,0.975,0.01,0.04,0.03,487.21080900000004,345.519996,369.3557,True,False,True,True,0x908e6d34db8762a9b4c4798b6db274ae54badfc55aac01a8b36dde16c1e7bf98
2026-08-28T14:38:06.349480+00:00,918585,3922335,Seattle be between 78-79°F,2026-08-28,highest_temperature,Will the highest temperature in Seattle be between 78-79°F on August 28?,78-79°F,8.0,0.0025,0.9975,0.002,0.003,0.001,122.226031,62.226031,1250.49489,True,False,True,True,0x40e7456791c0be207213ba65bdcc4e15c701196ebcfe2f99e9d6032f0ecd68dd
2026-08-28T14:38:06.349494+00:00,918585,3922336,Seattle be between 80-81°F,2026-08-28,highest_temperature,Will the highest temperature in Seattle be between 80-81°F on August 28?,80-81°F,9.0,0.0005,0.9995,,0.001,,318.014047,258.014047,1245.25074,True,False,True,True,0x6dd77732cb3da497fcaab0906b47bd04b3edd459db02a51726903a259cab8111
2026-08-28T14:38:06.349508+00:00,918585,3922337,Seattle be 82°F or higher,2026-08-28,highest_temperature,Will the highest temperature in Seattle be 82°F or higher on August 28?,82°F or higher,10.0,0.0005,0.9995,,0.001,,489.54240000000004,195.99599999999998,1678.25742,True,False,True,True,0x9ddfda3e0920ed653372fbd4d142ea65d21275a0d1c579e5a9d607c9e57e2e87
2026-08-28T14:38:06.349522+00:00,918586,3922338,New York City be 71°F or below,2026-08-28,highest_temperature,Will the highest temperature in New York City be 71°F or below on August 28?,71°F or below,0.0,0.0005,0.9995,,0.001,,223.091,,13232.61819,True,False,True,True,0x2a48bd224f061134e4e06cf52c69529e73ef6a924f9f57f637e520fc449868db
2026-08-28T14:38:06.349538+00:00,918586,3922339,New York City be between 72-73°F,2026-08-28,highest_temperature,Will the highest temperature in New York City be between 72-73°F on August 28?,72-73°F,1.0,0.0005,0.9995,,0.001,,267.9954,,14804.97341,True,False,True,True,0xf19a2c518fb5584759a69656979164b275ab3ae7c041a123b648313e015c17cd
2026-08-28T14:38:06.349553+00:00,918586,3922340,New York City be between 74-75°F,2026-08-28,highest_temperature,Will the highest temperature in New York City be between 74-75°F on August 28?,74-75°F,2.0,0.0045,0.9955,,0.009,,342.88320000000004,262.88800000000003,1092.07526,True,False,True,True,0x604f0392828382e1707ec8df7431f14e77a3542382d139ec1f9d766db2188f7a
2026-08-28T14:38:06.349567+00:00,918586,3922341,New York City be between 76-77°F,2026-08-28,highest_temperature,Will the highest temperature in New York City be between 76-77°F on August 28?,76-77°F,3.0,0.0055,0.9945,0.002,0.009,0.006999999999999999,850.14545,677.9474,758.33323,True,False,True,True,0xefb34c9500b8dcb1c9030eb96d58afe9542ba100bb1faf13569b71ceba941e7d
2026-08-28T14:38:06.349582+00:00,918586,3922342,New York City be between 78-79°F,2026-08-28,highest_temperature,Will the highest temperature in New York City be between 78-79°F on August 28?,78-79°F,4.0,0.055,0.945,0.05,0.06,0.009999999999999995,5510.84886,5299.044793999999,345.2904,True,False,True,True,0xdd3d8e7cb56966c87fe9a36c0621ed4f106b3f19ed4b305294defa305b2b5b7c
2026-08-28T14:38:06.349596+00:00,918586,3922343,New York City be between 80-81°F,2026-08-28,highest_temperature,Will the highest temperature in New York City be between 80-81°F on August 28?,80-81°F,5.0,0.16,0.84,0.14,0.18,0.03999999999999998,7464.078264000002,6564.524484999998,265.589,True,False,True,True,0x763c2ab503b92af4df89b1e8352d983a559053b5406ecf24061aa1f448624c84
2026-08-28T14:38:06.349609+00:00,918586,3922344,New York City be between 82-83°F,2026-08-28,highest_temperature,Will the highest temperature in New York City be between 82-83°F on August 28?,82-83°F,6.0,0.505,0.495,0.47,0.54,0.07000000000000006,3783.4502129999996,2956.4124499999994,258.524,True,False,True,True,0x0c385836e8b2a580dc137707c287ee3b5358d6612cfbdea3f0a0cb579a082360
2026-08-28T14:38:06.349623+00:00,918586,3922345,New York City be between 84-85°F,2026-08-28,highest_temperature,Will the highest temperature in New York City be between 84-85°F on August 28?,84-85°F,7.0,0.27,0.73,0.25,0.29,0.03999999999999998,3180.2837980000004,2494.358384,247.9367,True,False,True,True,0xfa7c83f4fe7a8874ddd94a7f1311c458715226e5fa7613b3766ce5f864de4fbb
2026-08-28T14:38:06.349637+00:00,918586,3922346,New York City be between 86-87°F,2026-08-28,highest_temperature,Will the highest temperature in New York City be between 86-87°F on August 28?,86-87°F,8.0,0.04,0.96,0.03,0.05,0.020000000000000004,3614.6935679999997,2575.1573089999997,459.3927,True,False,True,True,0xb589fe990657b43813d6d61dee2e9586da9eccc4e1c8462d634694d8abfaf512
2026-08-28T14:38:06.349652+00:00,918586,3922347,New York City be between 88-89°F,2026-08-28,highest_temperature,Will the highest temperature in New York City be between 88-89°F on August 28?,88-89°F,9.0,0.0065,0.9935,0.003,0.01,0.007,893.7748320000002,794.8148319999999,974.55212,True,False,True,True,0xce7d1b290899fa69c3908aadc42695435b8f616e739ee8317491f57eeeeb0d77
2026-08-28T14:38:06.349667+00:00,918586,3922348,New York City be 90°F or higher,2026-08-28,highest_temperature,Will the highest temperature in New York City be 90°F or higher on August 28?,90°F or higher,10.0,0.004,0.996,0.001,0.007,0.006,465.52649999999994,356.47799999999995,1018.56496,True,False,True,True,0x987b90fef6bfbd424e1fd61e5eabb8be30b93ca0a9f3209de5d21d3a803c5184
2026-08-28T14:38:06.349681+00:00,918587,3922349,Dallas be 91°F or below,2026-08-28,highest_temperature,Will the highest temperature in Dallas be 91°F or below on August 28?,91°F or below,0.0,0.0005,0.9995,,0.001,,354.9638,177.498,2673.43446,True,False,True,True,0xef9288681831f6c06590b91ce56c84aca1ff9c576e09af7055d7bd3bd4a77f58
2026-08-28T14:38:06.349704+00:00,918587,3922350,Dallas be between 92-93°F,2026-08-28,highest_temperature,Will the highest temperature in Dallas be between 92-93°F on August 28?,92-93°F,1.0,0.0005,0.9995,,0.001,,664.7354,257.34999999999997,1688.96674,True,False,True,True,0x6073d04b46e535b2076528c376543bf2b7b15ac8e7d4b9c202e87ff6bef8c3d7
2026-08-28T14:38:06.349717+00:00,918587,3922351,Dallas be between 94-95°F,2026-08-28,highest_temperature,Will the highest temperature in Dallas be between 94-95°F on August 28?,94-95°F,2.0,0.005,0.995,0.003,0.007,0.004,1411.2626,1015.4566,1459.98999,True,False,True,True,0xc2c57c601e93633fdcdf3739c851bbb134388fcb344e64fab6563743eb527de4
2026-08-28T14:38:06.349731+00:00,918587,3922352,Dallas be between 96-97°F,2026-08-28,highest_temperature,Will the highest temperature in Dallas be between 96-97°F on August 28?,96-97°F,3.0,0.015,0.985,0.01,0.02,0.01,1819.2874780000002,1165.8166260000003,934.869,True,False,True,True,0x63291a0391ea4030671f7e893976c5513549d85d06f9dd1c705fa9be302d07fa
2026-08-28T14:38:06.349744+00:00,918587,3922353,Dallas be between 98-99°F,2026-08-28,highest_temperature,Will the highest temperature in Dallas be between 98-99°F on August 28?,98-99°F,4.0,0.195,0.805,0.18,0.21,0.03,4577.866495,3715.2048890000005,665.3553,True,False,True,True,0x06412156a236c2fec0690842ac3fe6da7d3007a07bf9b80e5da7a59d4336e011
2026-08-28T14:38:06.349758+00:00,918587,3922354,Dallas be between 100-101°F,2026-08-28,highest_temperature,Will the highest temperature in Dallas be between 100-101°F on August 28?,100-101°F,5.0,0.65,0.35,0.62,0.68,0.06000000000000005,3352.6148120000003,2960.9597309999995,564.6982,True,False,True,True,0x6dd38b0013897777cb25ea9e9cfbe6447b13494333fcc01e857d3b2a82888c18
2026-08-28T14:38:06.349774+00:00,918587,3922355,Dallas be between 102-103°F,2026-08-28,highest_temperature,Will the highest temperature in Dallas be between 102-103°F on August 28?,102-103°F,6.0,0.135,0.865,0.11,0.16,0.05,3494.5377240000003,3286.7916179999997,438.7087,True,False,True,True,0x4151ba19d12c89077887aba04ce1b3e5fe11e51b48fb8bbd63a62a005ef9d149
2026-08-28T14:38:06.349791+00:00,918587,3922356,Dallas be between 104-105°F,2026-08-28,highest_temperature,Will the highest temperature in Dallas be between 104-105°F on August 28?,104-105°F,7.0,0.015,0.985,0.01,0.02,0.01,1517.8363,1404.9438,697.8191,True,False,True,True,0xac8d0aa5e5a03882d386149f56e74f4ecd848c06b90648572ef488a13259dfeb
2026-08-28T14:38:06.349805+00:00,918587,3922357,Dallas be between 106-107°F,2026-08-28,highest_temperature,Will the highest temperature in Dallas be between 106-107°F on August 28?,106-107°F,8.0,0.0115,0.9885,0.002,0.021,0.019000000000000003,654.3975,535.2775,487.65237,True,False,True,True,0xde3688fead32ba6ff853319683bcbb12edb222f38f43675536a9e6275ca3d4a1
2026-08-28T14:38:06.349820+00:00,918587,3922358,Dallas be between 108-109°F,2026-08-28,highest_temperature,Will the highest temperature in Dallas be between 108-109°F on August 28?,108-109°F,9.0,0.0005,0.9995,,0.001,,213.318443,,1600.42913,True,False,True,True,0xe3f49c9fb21e4b89bb74da428a10dcc8591bd87e603e6fee436aae52324e6e44
2026-08-28T14:38:06.349832+00:00,918587,3922359,Dallas be 110°F or higher,2026-08-28,highest_temperature,Will the highest temperature in Dallas be 110°F or higher on August 28?,110°F or higher,10.0,0.0005,0.9995,,0.001,,229.9851,,2136.03256,True,False,True,True,0xfb0222374f3bbf61f64a012ad0024da9e19d976c51841c74bfe381c6142cf5e4
2026-08-28T14:38:06.349845+00:00,918588,3922360,Atlanta be 81°F or below,2026-08-28,highest_temperature,Will the highest temperature in Atlanta be 81°F or below on August 28?,81°F or below,0.0,0.0005,0.9995,,0.001,,348.00280000000004,,1807.61001,True,False,True,True,0x82baf0fd05ff6bf30192050c75fb7855987d54f0eca42495e625866b8b78de6a
2026-08-28T14:38:06.349858+00:00,918588,3922361,Atlanta be between 82-83°F,2026-08-28,highest_temperature,Will the highest temperature in Atlanta be between 82-83°F on August 28?,82-83°F,1.0,0.0015,0.9985,0.001,0.002,0.001,1365.2895170000002,1002.032117,1177.53396,True,False,True,True,0x55d455c00393fb848dcfd5a143ffaf28b2274c374147113057fce7599ba8ca46
2026-08-28T14:38:06.349873+00:00,918588,3922362,Atlanta be between 84-85°F,2026-08-28,highest_temperature,Will the highest temperature in Atlanta be between 84-85°F on August 28?,84-85°F,2.0,0.02,0.98,0.01,0.03,0.019999999999999997,1533.03415,935.3093840000001,517.8085,True,False,True,True,0xb7657e3613ad35352cb5a45386c2828f326d9b5aedaa39349fd332d03047b083
2026-08-28T14:38:06.349885+00:00,918588,3922363,Atlanta be between 86-87°F,2026-08-28,highest_temperature,Will the highest temperature in Atlanta be between 86-87°F on August 28?,86-87°F,3.0,0.03,0.97,0.01,0.05,0.04,2226.892532,1439.631856,858.2323,True,False,True,True,0x4228844751e421467be5aaf0fb31e102347cd49d29004f740d70e71ce0876626
2026-08-28T14:38:06.349896+00:00,918588,3922364,Atlanta be between 88-89°F,2026-08-28,highest_temperature,Will the highest temperature in Atlanta be between 88-89°F on August 28?,88-89°F,4.0,0.21,0.79,0.18,0.24,0.06,2235.017988,1666.539348,277.7918,True,False,True,True,0x634a886fba49da0f5156f61b65980a2553c9cf60a8a7229468556ec55e2024e8
2026-08-28T14:38:06.349907+00:00,918588,3922365,Atlanta be between 90-91°F,2026-08-28,highest_temperature,Will the highest temperature in Atlanta be between 90-91°F on August 28?,90-91°F,5.0,0.545,0.455,0.52,0.57,0.04999999999999993,7336.4795030000005,4819.970175999997,229.7222,True,False,True,True,0x52a933c0283da1a1db0530013106854187edcae2bb1d40fe81423e114a3cd2fc
2026-08-28T14:38:06.349918+00:00,918588,3922366,Atlanta be between 92-93°F,2026-08-28,highest_temperature,Will the highest temperature in Atlanta be between 92-93°F on August 28?,92-93°F,6.0,0.205,0.795,0.128,0.282,0.15399999999999997,2342.6538649999993,1447.332367,232.04021,True,False,True,True,0x07714f9998bbcd705bb85424143593d14b9f9131744f98ddc7569016df2cca85
2026-08-28T14:38:06.349930+00:00,918588,3922367,Atlanta be between 94-95°F,2026-08-28,highest_temperature,Will the highest temperature in Atlanta be between 94-95°F on August 28?,94-95°F,7.0,0.0235,0.9765,0.02,0.027,0.006999999999999999,914.67,572.9359999999999,546.25266,True,False,True,True,0x5c6f355b035aca9431f21b40a6ced01455e6427b0ce14daaff092a57f9341269
2026-08-28T14:38:06.349942+00:00,918588,3922368,Atlanta be between 96-97°F,2026-08-28,highest_temperature,Will the highest temperature in Atlanta be between 96-97°F on August 28?,96-97°F,8.0,0.0025,0.9975,0.001,0.004,0.003,558.178,339.19,967.61745,True,False,True,True,0x605ce6a419aa2b75afe01a853ec8e57b7ebd293ea1de2e753179d77132f93673
2026-08-28T14:38:06.349954+00:00,918588,3922369,Atlanta be between 98-99°F,2026-08-28,highest_temperature,Will the highest temperature in Atlanta be between 98-99°F on August 28?,98-99°F,9.0,0.0005,0.9995,,0.001,,202.021,,1459.20882,True,False,True,True,0x113b722d310421ea777e043bdb2ecc1abf3cb93e5d651630d661ffb9a7559327
2026-08-28T14:38:06.349965+00:00,918588,3922370,Atlanta be 100°F or higher,2026-08-28,highest_temperature,Will the highest temperature in Atlanta be 100°F or higher on August 28?,100°F or higher,10.0,0.0005,0.9995,,0.001,,214.0,,2066.13643,True,False,True,True,0xb07a3f7a49e2088e3b1574f9a824b1e2e213d3ccfc4708a5a13eedc12bbf99d5
2026-08-28T14:38:06.349977+00:00,918589,3922371,Miami be 81°F or below,2026-08-28,highest_temperature,Will the highest temperature in Miami be 81°F or below on August 28?,81°F or below,0.0,0.0005,0.9995,,0.001,,291.98699999999997,42.0,13875.55992,True,False,True,True,0x48f86f566e3b1aae4376916226067a1fcadf73116e1f5123446ab896a8738205
2026-08-28T14:38:06.349991+00:00,918589,3922372,Miami be between 82-83°F,2026-08-28,highest_temperature,Will the highest temperature in Miami be between 82-83°F on August 28?,82-83°F,1.0,0.0005,0.9995,,0.001,,404.90825,,14718.42801,True,False,True,True,0x1bcaff57703e5a7b53a1d9ecf3b7a401aedc113bba16c42fccfc26a38ec9ca2a
2026-08-28T14:38:06.350002+00:00,918589,3922373,Miami be between 84-85°F,2026-08-28,highest_temperature,Will the highest temperature in Miami be between 84-85°F on August 28?,84-85°F,2.0,0.0005,0.9995,,0.001,,618.052265,97.4,13577.29451,True,False,True,True,0x55e444b2bd8f2dc2d851e4bb4dc51e65a31a4b78831e946ec40d6eb5aa6e6563
2026-08-28T14:38:06.350014+00:00,918589,3922374,Miami be between 86-87°F,2026-08-28,highest_temperature,Will the highest temperature in Miami be between 86-87°F on August 28?,86-87°F,3.0,0.0045,0.9955,,0.009,,1309.532,1035.019,320.35445,True,False,True,True,0xf27a156688a0754c4a423a418e95728f279bad6141cc18f790354661c94a134a
2026-08-28T14:38:06.350026+00:00,918589,3922375,Miami be between 88-89°F,2026-08-28,highest_temperature,Will the highest temperature in Miami be between 88-89°F on August 28?,88-89°F,4.0,0.015,0.985,0.01,0.02,0.01,1595.506129,961.9153969999999,885.646,True,False,True,True,0xdffdcb82fb3acc37df88c33f24f06559e47e870aebfdbc428e1cb71acabc6333
2026-08-28T14:38:06.350039+00:00,918589,3922376,Miami be between 90-91°F,2026-08-28,highest_temperature,Will the highest temperature in Miami be between 90-91°F on August 28?,90-91°F,5.0,0.445,0.555,0.44,0.45,0.010000000000000009,7487.374329000001,6341.708341999999,341.8289,True,False,True,True,0xdb016382a9e6e75a9dfaf95ecd4421a9bc07fa9ae14a9948a300af641e1d8357
2026-08-28T14:38:06.350055+00:00,918589,3922377,Miami be between 92-93°F,2026-08-28,highest_temperature,Will the highest temperature in Miami be between 92-93°F on August 28?,92-93°F,6.0,0.515,0.485,0.5,0.53,0.030000000000000027,5445.340181000002,3061.582342,326.4185,True,False,True,True,0xee419b0fbaac1d0da0de4012ca107fc82324d99a2877f5266140838dda35eaa9
2026-08-28T14:38:06.350066+00:00,918589,3922378,Miami be between 94-95°F,2026-08-28,highest_temperature,Will the highest temperature in Miami be between 94-95°F on August 28?,94-95°F,7.0,0.06,0.94,0.04,0.08,0.04,3229.180646,2387.397147,575.9014,True,False,True,True,0x5909f8654bdd6310a2316ee81a8f3dc4f62c77e708afc00ebd04cb5e8d796183
2026-08-28T14:38:06.350077+00:00,918589,3922379,Miami be between 96-97°F,2026-08-28,highest_temperature,Will the highest temperature in Miami be between 96-97°F on August 28?,96-97°F,8.0,0.0065,0.9935,0.003,0.01,0.007,1163.5885,769.7795,1161.0999,True,False,True,True,0x5f028aa50cfa0ffe5584dcf1ad7911b20d448145e2f26c98e532bb9f300a55e8
2026-08-28T14:38:06.350088+00:00,918589,3922380,Miami be between 98-99°F,2026-08-28,highest_temperature,Will the highest temperature in Miami be between 98-99°F on August 28?,98-99°F,9.0,0.002,0.998,,0.004,,738.293,491.58000000000004,1179.59434,True,False,True,True,0xad74dc61ba81dbeba7b2e9e0305e460263f694ba10fee07212b996c110a9c290
2026-08-28T14:38:06.350100+00:00,918589,3922381,Miami be 100°F or higher,2026-08-28,highest_temperature,Will the highest temperature in Miami be 100°F or higher on August 28?,100°F or higher,10.0,0.0005,0.9995,,0.001,,239.981,,1863.90885,True,False,True,True,0x47d9e9d92120e530b79d3fc2d102f2116937a4e52fd5ea8f8e56d59de657bfa9
2026-08-28T14:38:06.350112+00:00,918590,3922382,Chicago be 75°F or below,2026-08-28,highest_temperature,Will the highest temperature in Chicago be 75°F or below on August 28?,75°F or below,0.0,0.0005,0.9995,,0.001,,577.6484,477.66200000000003,1592.32516,True,False,True,True,0x052ea512f41e6e9cb477e3eb6c0cc7e186efaf448f9fbbad389c7383c70c75d8
2026-08-28T14:38:06.350124+00:00,918590,3922383,Chicago be between 76-77°F,2026-08-28,highest_temperature,Will the highest temperature in Chicago be between 76-77°F on August 28?,76-77°F,1.0,0.0045,0.9955,,0.009,,1296.8350999999998,1264.6451,1544.86438,True,False,True,True,0x5692644cb7b4106229fdeb07c7a06150f247e7d5825b727fd5c90c8ab14edbcd
2026-08-28T14:38:06.350135+00:00,918590,3922384,Chicago be between 78-79°F,2026-08-28,highest_temperature,Will the highest temperature in Chicago be between 78-79°F on August 28?,78-79°F,2.0,0.0065,0.9935,0.003,0.01,0.007,1421.0242000000003,1207.0855,1556.11743,True,False,True,True,0xaf6284b544fda35368d927d67e22e451c32c1d24c4a1aec4b4fb944ac9665195
2026-08-28T14:38:06.350148+00:00,918590,3922385,Chicago be between 80-81°F,2026-08-28,highest_temperature,Will the highest temperature in Chicago be between 80-81°F on August 28?,80-81°F,3.0,0.085,0.915,0.07,0.1,0.03,2419.7627380000004,2009.2656429999997,915.2207,True,False,True,True,0xf697310ef0208e908c472a6d325d00ed47293c57c5c809e03c8995b00eae80e4
2026-08-28T14:38:06.350160+00:00,918590,3922386,Chicago be between 82-83°F,2026-08-28,highest_temperature,Will the highest temperature in Chicago be between 82-83°F on August 28?,82-83°F,4.0,0.685,0.315,0.67,0.7,0.029999999999999916,2532.629537,1891.6302350000003,1680.8574,True,False,True,True,0xf3b0c0355f6251772a260c76ce9451689822eda52df721cb849defda805d84ec
2026-08-28T14:38:06.350174+00:00,918590,3922387,Chicago be between 84-85°F,2026-08-28,highest_temperature,Will the highest temperature in Chicago be between 84-85°F on August 28?,84-85°F,5.0,0.245,0.755,0.23,0.26,0.03,2349.452515,1679.0240319999998,695.4269,True,False,True,True,0xef60334d885e4aabf2547c728f960d5709240732cd464c9b1616b8b512338287
2026-08-28T14:38:06.350185+00:00,918590,3922388,Chicago be between 86-87°F,2026-08-28,highest_temperature,Will the highest temperature in Chicago be between 86-87°F on August 28?,86-87°F,6.0,0.015,0.985,0.01,0.02,0.01,783.9995349999999,434.1667,716.0941,True,False,True,True,0x7308d8834e3ceb6c031138aff86710cbd64f000ef61cfc242ce1896b4315bb76
2026-08-28T14:38:06.350196+00:00,918590,3922389,Chicago be between 88-89°F,2026-08-28,highest_temperature,Will the highest temperature in Chicago be between 88-89°F on August 28?,88-89°F,7.0,0.0045,0.9955,0.001,0.008,0.007,404.306,393.3,446.04629,True,False,True,True,0x0ca6634bddc64656fe9655117d0918947147001618170b983f81556b9f4739f4
2026-08-28T14:38:06.350207+00:00,918590,3922390,Chicago be between 90-91°F,2026-08-28,highest_temperature,Will the highest temperature in Chicago be between 90-91°F on August 28?,90-91°F,8.0,0.0005,0.9995,,0.001,,234.98399999999998,146.921,1842.52311,True,False,True,True,0x4ec0149c0ffb7c04d6fb16aa58c4b2fb768cf9a4feb2b94cee76464d0fc390f7
2026-08-28T14:38:06.350218+00:00,918590,3922391,Chicago be between 92-93°F,2026-08-28,highest_temperature,Will the highest temperature in Chicago be between 92-93°F on August 28?,92-93°F,9.0,0.0005,0.9995,,0.001,,268.991,,2259.97105,True,False,True,True,0xa102d06ac49e1843ca20b3c34b66e2cf81079f8f0f78ccf4f94f650ef1def710
2026-08-28T14:38:06.350231+00:00,918590,3922392,Chicago be 94°F or higher,2026-08-28,highest_temperature,Will the highest temperature in Chicago be 94°F or higher on August 28?,94°F or higher,10.0,0.0005,0.9995,,0.001,,268.98,,3037.43832,True,False,True,True,0x93aebd2993b6333356945e7952a3b1a6bb2a858b0e98b79ad77855d0030af6a3
2026-08-28T14:38:06.350243+00:00,918591,3922393,Austin be 91°F or below,2026-08-28,highest_temperature,Will the highest temperature in Austin be 91°F or below on August 28?,91°F or below,0.0,0.0005,0.9995,,0.001,,860.9073960000001,737.9073960000001,1895.0224,True,False,True,True,0x624ad19771e96a29dee82e57973a8dc59a7245d4520c34b942f60aa3f60b231e
2026-08-28T14:38:06.350255+00:00,918591,3922394,Austin be between 92-93°F,2026-08-28,highest_temperature,Will the highest temperature in Austin be between 92-93°F on August 28?,92-93°F,1.0,0.0005,0.9995,,0.001,,700.6596,612.665,1157.60001,True,False,True,True,0x4aee1b0bbc26a73469f9f50303584bb9d582b830958c9331f0c34cfbce982fa4
2026-08-28T14:38:06.350267+00:00,918591,3922395,Austin be between 94-95°F,2026-08-28,highest_temperature,Will the highest temperature in Austin be between 94-95°F on August 28?,94-95°F,2.0,0.0175,0.9825,0.011,0.024,0.013000000000000001,1918.8128550000001,1850.8128549999997,326.33752,True,False,True,True,0xb55caa1c1ffe1b90c745daa926273d8f97572f696f41448d82378c7d37a3a46f
2026-08-28T14:38:06.350280+00:00,918591,3922396,Austin be between 96-97°F,2026-08-28,highest_temperature,Will the highest temperature in Austin be between 96-97°F on August 28?,96-97°F,3.0,0.075,0.925,0.06,0.09,0.03,3177.7851840000003,2893.319780999999,439.8269,True,False,True,True,0xdf0aa0fd192ef2c8fa45d307f08ae8151a1650a836f7da7e70bbbc0d5a49b303
2026-08-28T14:38:06.350292+00:00,918591,3922397,Austin be between 98-99°F,2026-08-28,highest_temperature,Will the highest temperature in Austin be between 98-99°F on August 28?,98-99°F,4.0,0.38,0.62,0.36,0.4,0.040000000000000036,4119.316778,2754.808893,699.5917,True,False,True,True,0x55ac1356fd00a811dc2614137349ad4ba8336685949ab7022cd2906e4c878f65
2026-08-28T14:38:06.350303+00:00,918591,3922398,Austin be between 100-101°F,2026-08-28,highest_temperature,Will the highest temperature in Austin be between 100-101°F on August 28?,100-101°F,5.0,0.47,0.53,0.44,0.5,0.06,7308.647419000001,5336.940367000001,215.6652,True,False,True,True,0x0d227d209c612c7f04e7f48d25518278f3dce23ee2aee50239cf9167f9c989af
2026-08-28T14:38:06.350315+00:00,918591,3922399,Austin be between 102-103°F,2026-08-28,highest_temperature,Will the highest temperature in Austin be between 102-103°F on August 28?,102-103°F,6.0,0.07,0.93,0.05,0.09,0.039999999999999994,2045.515629,1146.957271,412.0078,True,False,True,True,0x1fd05cfc7dcef49cd976c12d36265dbf0a1f2d4810f43a0418a904906a4de81c
2026-08-28T14:38:06.350328+00:00,918591,3922400,Austin be between 104-105°F,2026-08-28,highest_temperature,Will the highest temperature in Austin be between 104-105°F on August 28?,104-105°F,7.0,0.004,0.996,0.001,0.007,0.006,1162.0465829999998,790.0495830000001,628.95457,True,False,True,True,0xd7bcd6cb1cce205c1f939bc8d16d2a9b40c0d09e374f31fefb21024a53c7a704
2026-08-28T14:38:06.350341+00:00,918591,3922401,Austin be between 106-107°F,2026-08-28,highest_temperature,Will the highest temperature in Austin be between 106-107°F on August 28?,106-107°F,8.0,0.0005,0.9995,,0.001,,180.971,84.444,1161.46656,True,False,True,True,0xf7d7e5614c43292ec8034bd5b4dbb3b3da3110bcda6828c1b5178cdbd85b6488
2026-08-28T14:38:06.350355+00:00,918591,3922402,Austin be between 108-109°F,2026-08-28,highest_temperature,Will the highest temperature in Austin be between 108-109°F on August 28?,108-109°F,9.0,0.0005,0.9995,,0.001,,329.99100000000004,,1432.85185,True,False,True,True,0x0f1960a224a75e64f0ad97534f50a24f8ab9776642e06bf9d97aa79b42fcdbd0
2026-08-28T14:38:06.350369+00:00,918591,3922403,Austin be 110°F or higher,2026-08-28,highest_temperature,Will the highest temperature in Austin be 110°F or higher on August 28?,110°F or higher,10.0,0.0005,0.9995,,0.001,,279.995,,1930.5862,True,False,True,True,0x606c3e66df7ad779c4ba904c4644a72c98db192b3fe92efb0b59a524111654ac
2026-08-28T14:38:06.350380+00:00,918592,3922404,Denver be 83°F or below,2026-08-28,highest_temperature,Will the highest temperature in Denver be 83°F or below on August 28?,83°F or below,0.0,0.0005,0.9995,,0.001,,237.99099999999999,,2404.45766,True,False,True,True,0x7be8c4ad7f8585f7c2c0962b2b89c237ba97bd241eb0dd9dcc210d36f7c0b3c1
2026-08-28T14:38:06.350395+00:00,918592,3922405,Denver be between 84-85°F,2026-08-28,highest_temperature,Will the highest temperature in Denver be between 84-85°F on August 28?,84-85°F,1.0,0.0005,0.9995,,0.001,,508.159067,237.438,1945.425,True,False,True,True,0x8cbb7df721129bc9a340c9a07fff5b4843f151d926cd25e4019226a697062595
2026-08-28T14:38:06.350407+00:00,918592,3922406,Denver be between 86-87°F,2026-08-28,highest_temperature,Will the highest temperature in Denver be between 86-87°F on August 28?,86-87°F,2.0,0.0055,0.9945,0.001,0.01,0.009000000000000001,1037.8499000000002,647.8835,879.24752,True,False,True,True,0xcb97e4b824d0833f13ae7082457c2e115c1ff2fca37c93bd7becf708b8db62ed
2026-08-28T14:38:06.350419+00:00,918592,3922407,Denver be between 88-89°F,2026-08-28,highest_temperature,Will the highest temperature in Denver be between 88-89°F on August 28?,88-89°F,3.0,0.015,0.985,,0.03,,781.876864,664.129664,833.5105,True,False,True,True,0x3e3d70123ed6f6bd64b5cf7205a148c2e897d91f5922f6eb7220607d494ebf43
2026-08-28T14:38:06.350430+00:00,918592,3922408,Denver be between 90-91°F,2026-08-28,highest_temperature,Will the highest temperature in Denver be between 90-91°F on August 28?,90-91°F,4.0,0.03,0.97,0.02,0.04,0.02,610.938715,449.833232,264.9981,True,False,True,True,0xba4d91ebafa77f599d4ee0fca00e91a99fd4a96f988bca9d067e03b7ac63d0ae
2026-08-28T14:38:06.350442+00:00,918592,3922409,Denver be between 92-93°F,2026-08-28,highest_temperature,Will the highest temperature in Denver be between 92-93°F on August 28?,92-93°F,5.0,0.335,0.665,0.32,0.35,0.02999999999999997,2672.402916,973.460549,441.8678,True,False,True,True,0x67bc4460e9c0ceea2d8dcc9a96a8629d251adedb4c9e56224190fb2b83609b52
2026-08-28T14:38:06.350454+00:00,918592,3922410,Denver be between 94-95°F,2026-08-28,highest_temperature,Will the highest temperature in Denver be between 94-95°F on August 28?,94-95°F,6.0,0.505,0.495,0.49,0.52,0.030000000000000027,2686.762551,2041.622171,358.318,True,False,True,True,0xf82028890f37971fa69ae6d40e1befc4d882166eab82c81ed86d0da3e54ebcd0
2026-08-28T14:38:06.350466+00:00,918592,3922411,Denver be between 96-97°F,2026-08-28,highest_temperature,Will the highest temperature in Denver be between 96-97°F on August 28?,96-97°F,7.0,0.07,0.93,0.06,0.08,0.020000000000000004,3747.257198,3477.1872390000003,479.2176,True,False,True,True,0x1df589bc7ccca26132e881a5d289a42a3a4e3c50ba05ddc8f8a27b2c4f09a8d8
2026-08-28T14:38:06.350479+00:00,918592,3922412,Denver be between 98-99°F,2026-08-28,highest_temperature,Will the highest temperature in Denver be between 98-99°F on August 28?,98-99°F,8.0,0.0275,0.9725,0.017,0.038,0.020999999999999998,1215.956831,1121.876131,823.97021,True,False,True,True,0xf149e33a4aa6ab26dd4108c0d41948d6125abc2d9c86c833d01a7460bc2f5d16
2026-08-28T14:38:06.350491+00:00,918592,3922413,Denver be between 100-101°F,2026-08-28,highest_temperature,Will the highest temperature in Denver be between 100-101°F on August 28?,100-101°F,9.0,0.0055,0.9945,0.001,0.01,0.009000000000000001,553.149,500.422,493.56805,True,False,True,True,0x3b01edaca144ff804d192206de8d960c0d651e9aa97566c9d60f01df01571ab8
2026-08-28T14:38:06.350504+00:00,918592,3922414,Denver be 102°F or higher,2026-08-28,highest_temperature,Will the highest temperature in Denver be 102°F or higher on August 28?,102°F or higher,10.0,0.0005,0.9995,,0.001,,296.549,160.85,1433.33799,True,False,True,True,0x41d311cb8f015faddcaf9a05b4095680b474c83ef86d88aafc2c6ee901919b8b
2026-08-28T14:38:06.350516+00:00,918593,3922415,Houston be 81°F or below,2026-08-28,highest_temperature,Will the highest temperature in Houston be 81°F or below on August 28?,81°F or below,0.0,0.0005,0.9995,,0.001,,266.321,,12958.51669,True,False,True,True,0xaac8fc5a63cd7a578c294d8806f3d153e836e54d15e6046734dd3889af0d119d
2026-08-28T14:38:06.350529+00:00,918593,3922416,Houston be between 82-83°F,2026-08-28,highest_temperature,Will the highest temperature in Houston be between 82-83°F on August 28?,82-83°F,1.0,0.0005,0.9995,,0.001,,266.327,,10778.57443,True,False,True,True,0xe0f23c28e88847473a286ad44f2b0f9948013504168c96c6f7540a8802aebf70
2026-08-28T14:38:06.350541+00:00,918593,3922417,Houston be between 84-85°F,2026-08-28,highest_temperature,Will the highest temperature in Houston be between 84-85°F on August 28?,84-85°F,2.0,0.0005,0.9995,,0.001,,163.993,,1106.00752,True,False,True,True,0xd53f95c85e8bff48efbdf394647491eb5b2c697a426efc713aef04575f02c0be
2026-08-28T14:38:06.350552+00:00,918593,3922418,Houston be between 86-87°F,2026-08-28,highest_temperature,Will the highest temperature in Houston be between 86-87°F on August 28?,86-87°F,3.0,0.003,0.997,0.001,0.005,0.004,345.796,186.144,402.52537,True,False,True,True,0xb1c4904d4ee5a69e56d88864c46f113537d027fda85a350b5cb42a9041114e05
2026-08-28T14:38:06.350565+00:00,918593,3922419,Houston be between 88-89°F,2026-08-28,highest_temperature,Will the highest temperature in Houston be between 88-89°F on August 28?,88-89°F,4.0,0.015,0.985,0.01,0.02,0.01,1077.293205,657.8555670000001,471.4412,True,False,True,True,0xbd541d1552d84cd0b2ab2851955c098c1e7384edb375cb9e454ed173b424ba0b
2026-08-28T14:38:06.350577+00:00,918593,3922420,Houston be between 90-91°F,2026-08-28,highest_temperature,Will the highest temperature in Houston be between 90-91°F on August 28?,90-91°F,5.0,0.035,0.965,0.02,0.05,0.030000000000000002,2128.407132,1576.8212449999999,611.2001,True,False,True,True,0xe9d2ebcf5a9d652d7c6dac5dbcf0392d573a6e678802e934bb824ed5c948acc9
2026-08-28T14:38:06.350588+00:00,918593,3922421,Houston be between 92-93°F,2026-08-28,highest_temperature,Will the highest temperature in Houston be between 92-93°F on August 28?,92-93°F,6.0,0.15,0.85,0.13,0.17,0.04000000000000001,3068.971974,2186.8430009999993,682.1622,True,False,True,True,0xc8308936de76378b1b9e6e9a8206811668756567fc0cd1e736e94c448a9bd132
2026-08-28T14:38:06.350600+00:00,918593,3922422,Houston be between 94-95°F,2026-08-28,highest_temperature,Will the highest temperature in Houston be between 94-95°F on August 28?,94-95°F,7.0,0.4,0.6,0.39,0.41,0.019999999999999962,3384.8043249999996,2185.234732,672.0956,True,False,True,True,0x0225413139748986cfe4b56dbec600daf5543eae8a8cad31d665347a567186d1
2026-08-28T14:38:06.350612+00:00,918593,3922423,Houston be between 96-97°F,2026-08-28,highest_temperature,Will the highest temperature in Houston be between 96-97°F on August 28?,96-97°F,8.0,0.355,0.645,0.33,0.38,0.04999999999999999,4007.8374659999995,2974.971312,400.6421,True,False,True,True,0x4a60613d07ffbe15e864559a550b614359a877433e868bbe1203eb2cacdd4a07
2026-08-28T14:38:06.350624+00:00,918593,3922424,Houston be between 98-99°F,2026-08-28,highest_temperature,Will the highest temperature in Houston be between 98-99°F on August 28?,98-99°F,9.0,0.0475,0.9525,0.041,0.054,0.012999999999999998,1219.5652,979.6951999999998,749.54339,True,False,True,True,0xdbbfe61acd0cabc136b79b8b0767dcbac3f17da472f0ac2663e1c99b7b747984
2026-08-28T14:38:06.350636+00:00,918593,3922425,Houston be 100°F or higher,2026-08-28,highest_temperature,Will the highest temperature in Houston be 100°F or higher on August 28?,100°F or higher,10.0,0.0055,0.9945,0.002,0.009,0.006999999999999999,411.959,201.92899999999997,391.97409,True,False,True,True,0x1abd08883e489eb5351a0d8af17e94d77608767009b5677984df96d59dabed75
2026-08-28T14:38:06.350649+00:00,918594,3922426,Los Angeles be 79°F or below,2026-08-28,highest_temperature,Will the highest temperature in Los Angeles be 79°F or below on August 28?,79°F or below,0.0,0.002,0.998,0.001,0.003,0.002,904.5154660000001,639.819,1222.19751,True,False,True,True,0x47db2a00cfdc006bbf893467b062ad2f51f5886c0696032366b291af64be3858
2026-08-28T14:38:06.350661+00:00,918594,3922427,Los Angeles be between 80-81°F,2026-08-28,highest_temperature,Will the highest temperature in Los Angeles be between 80-81°F on August 28?,80-81°F,1.0,0.0095,0.9905,0.009,0.01,0.0010000000000000009,1109.467005,616.970055,1115.27084,True,False,True,True,0x24ecc4661959d5c966586fa436d6d58dbbb8b83758466982f5588f427d18a400
2026-08-28T14:38:06.350674+00:00,918594,3922428,Los Angeles be between 82-83°F,2026-08-28,highest_temperature,Will the highest temperature in Los Angeles be between 82-83°F on August 28?,82-83°F,2.0,0.02,0.98,0.01,0.03,0.019999999999999997,6026.714781999999,3230.876445,414.1068,True,False,True,True,0xc2550a2695748294113bbf630977dbb2aaf6863d69e86c4c59789b32677c6335
2026-08-28T14:38:06.350686+00:00,918594,3922429,Los Angeles be between 84-85°F,2026-08-28,highest_temperature,Will the highest temperature in Los Angeles be between 84-85°F on August 28?,84-85°F,3.0,0.085,0.915,0.07,0.1,0.03,9511.275666999998,7060.7965849999955,744.7122,True,False,True,True,0x685c126b64d2db5deef7c28c1299dc25bce5cb19a27305de87eb4df93186a0b1
2026-08-28T14:38:06.350708+00:00,918594,3922430,Los Angeles be between 86-87°F,2026-08-28,highest_temperature,Will the highest temperature in Los Angeles be between 86-87°F on August 28?,86-87°F,4.0,0.365,0.635,0.34,0.39,0.04999999999999999,4402.552721,3706.682719,485.2963,True,False,True,True,0x0abb28c579181525bb5b14344e7317b04d0f828ff782f1e4f77ca25e5693b396
2026-08-28T14:38:06.350720+00:00,918594,3922431,Los Angeles be between 88-89°F,2026-08-28,highest_temperature,Will the highest temperature in Los Angeles be between 88-89°F on August 28?,88-89°F,5.0,0.4,0.6,0.38,0.42,0.03999999999999998,3194.0065800000007,2795.068701,923.8631,True,False,True,True,0xdb43a8d182ba15e8cfbf44f56c0d75747067e74a1a8e2fd07663a4fb1236a97a
2026-08-28T14:38:06.350732+00:00,918594,3922432,Los Angeles be between 90-91°F,2026-08-28,highest_temperature,Will the highest temperature in Los Angeles be between 90-91°F on August 28?,90-91°F,6.0,0.14,0.86,0.13,0.15,0.01999999999999999,2487.515799,2272.8611990000004,1077.4429,True,False,True,True,0x4d2f2a7bed1411ce51522ff8a5c0dd5e99506d73e184c97223f9e9f3a2a132b3
2026-08-28T14:38:06.350744+00:00,918594,3922433,Los Angeles be between 92-93°F,2026-08-28,highest_temperature,Will the highest temperature in Los Angeles be between 92-93°F on August 28?,92-93°F,7.0,0.0085,0.9915,0.007,0.01,0.003,777.4942720000001,646.016182,743.38146,True,False,True,True,0x1c106ff8abacce40c183cb8f7e93280e73c1030989b3a6f0910f598cfd63d0d2
2026-08-28T14:38:06.350758+00:00,918594,3922434,Los Angeles be between 94-95°F,2026-08-28,highest_temperature,Will the highest temperature in Los Angeles be between 94-95°F on August 28?,94-95°F,8.0,0.009,0.991,0.002,0.016,0.014,2304.294153,2079.835153,1554.13994,True,False,True,True,0x1b2c51756f89a9bef355ec946a8cf68267b8e8d42aa2776e8056b50faabdcb04
2026-08-28T14:38:06.350771+00:00,918594,3922435,Los Angeles be between 96-97°F,2026-08-28,highest_temperature,Will the highest temperature in Los Angeles be between 96-97°F on August 28?,96-97°F,9.0,0.0095,0.9905,0.001,0.018,0.016999999999999998,1591.6584320000002,1283.663432,927.04969,True,False,True,True,0x0044149d8f3c2e5e02126a2ebbb04a966bab251d3ccb6e9a607ea59e6adf9a6c
2026-08-28T14:38:06.350785+00:00,918594,3922436,Los Angeles be 98°F or higher,2026-08-28,highest_temperature,Will the highest temperature in Los Angeles be 98°F or higher on August 28?,98°F or higher,10.0,0.0025,0.9975,0.001,0.004,0.003,1629.603162,1321.604162,1069.8383,True,False,True,True,0xf8a7ffd6b695199f11ae6a8b925480b4f10042c728795f17adef9fa42b544f6b
2026-08-28T14:38:06.350798+00:00,918595,3922437,San Francisco be 57°F or below,2026-08-28,highest_temperature,Will the highest temperature in San Francisco be 57°F or below on August 28?,57°F or below,0.0,0.0005,0.9995,,0.001,,375.055014,161.064014,13730.5294,True,False,True,True,0xd76f3008ba19a5f4df2f17f4a3eeb32e3fd834b0032f9021e72c41b7457b1dc0
2026-08-28T14:38:06.350812+00:00,918595,3922438,San Francisco be between 58-59°F,2026-08-28,highest_temperature,Will the highest temperature in San Francisco be between 58-59°F on August 28?,58-59°F,1.0,0.0005,0.9995,,0.001,,292.968478,212.973078,9349.36712,True,False,True,True,0x2f94ccc303c53a8b7952b3eef910160e3a20b86df088f3a848ff1a7d8c3159db
2026-08-28T14:38:06.350823+00:00,918595,3922439,San Francisco be between 60-61°F,2026-08-28,highest_temperature,Will the highest temperature in San Francisco be between 60-61°F on August 28?,60-61°F,2.0,0.009,0.991,0.001,0.017,0.016,345.366149,265.366149,541.84925,True,False,True,True,0xe569ede92b1c593e282c7481a45e818496854af5d790edfc0da28ecd523b860f
2026-08-28T14:38:06.350835+00:00,918595,3922440,San Francisco be between 62-63°F,2026-08-28,highest_temperature,Will the highest temperature in San Francisco be between 62-63°F on August 28?,62-63°F,3.0,0.04,0.96,0.02,0.06,0.039999999999999994,555.7318339999999,376.382114,396.0661,True,False,True,True,0x81c4c6a2a5b6de4e8b39088f9b847d350c0d6907caeda8075f7937655ddb07cc
2026-08-28T14:38:06.350847+00:00,918595,3922441,San Francisco be between 64-65°F,2026-08-28,highest_temperature,Will the highest temperature in San Francisco be between 64-65°F on August 28?,64-65°F,4.0,0.07,0.93,0.05,0.09,0.039999999999999994,2450.7117529999996,2195.572042,541.3389,True,False,True,True,0x7b14c50fb42c5df54a618e7f284a5ae3bdc3fd01e1c4aa684efabe9af3a90158
2026-08-28T14:38:06.350860+00:00,918595,3922442,San Francisco be between 66-67°F,2026-08-28,highest_temperature,Will the highest temperature in San Francisco be between 66-67°F on August 28?,66-67°F,5.0,0.285,0.715,0.26,0.31,0.04999999999999999,3738.2802490000004,3553.490249,433.8137,True,False,True,True,0xbab271202f9642b29ad5c5957277eca52ff9fc01f047149f2e58dbd3707b9624
2026-08-28T14:38:06.350874+00:00,918595,3922443,San Francisco be between 68-69°F,2026-08-28,highest_temperature,Will the highest temperature in San Francisco be between 68-69°F on August 28?,68-69°F,6.0,0.325,0.675,0.3,0.35,0.04999999999999999,3895.7664589999995,3286.818742,471.5277,True,False,True,True,0x821f4555ace59905a81d74c77d5ad279dbd92f3510c1c9a1ee683bd0a70a76d8
2026-08-28T14:38:06.350887+00:00,918595,3922444,San Francisco be between 70-71°F,2026-08-28,highest_temperature,Will the highest temperature in San Francisco be between 70-71°F on August 28?,70-71°F,7.0,0.225,0.775,0.2,0.25,0.04999999999999999,4439.325375999999,3504.786679,500.9327,True,False,True,True,0x4e2a439090785be2e0b5277c349577e3eae2dbb783aa5cfe90a0cc3439b159fe
2026-08-28T14:38:06.350900+00:00,918595,3922445,San Francisco be between 72-73°F,2026-08-28,highest_temperature,Will the highest temperature in San Francisco be between 72-73°F on August 28?,72-73°F,8.0,0.05,0.95,0.04,0.06,0.019999999999999997,2758.777887,2465.396352,635.2694,True,False,True,True,0x08f3729d16fe4aecaf466b4da534201aec6b433f01a00ae53f91c4da93a9497a
2026-08-28T14:38:06.350914+00:00,918595,3922446,San Francisco be between 74-75°F,2026-08-28,highest_temperature,Will the highest temperature in San Francisco be between 74-75°F on August 28?,74-75°F,9.0,0.0185,0.9815,0.006,0.031,0.025,450.063,443.063,335.16135,True,False,True,True,0x0c30dc283539e6abbb4e32a5162f9fd05ddafe5de0b21582246338715216d7b7
2026-08-28T14:38:06.350928+00:00,918595,3922447,San Francisco be 76°F or higher,2026-08-28,highest_temperature,Will the highest temperature in San Francisco be 76°F or higher on August 28?,76°F or higher,10.0,0.0055,0.9945,0.001,0.01,0.009000000000000001,455.72800000000007,387.72799999999995,864.43883,True,False,True,True,0x6e365aca866b3dfc5104dc047f994fc8b9dc34a019c7e1472ed06470a676c257
2026-08-28T14:38:06.350941+00:00,918602,3922453,Mexico City be 19°C or below,2026-08-28,highest_temperature,Will the highest temperature in Mexico City be 19°C or below on August 28?,19°C or below,0.0,0.0005,0.9995,,0.001,,188.2,162.2,1450.1006,True,False,True,True,0xb306033c059a160b4e7aa485c44839e9016aa1d0fd48fd991eeb212743a4adf7
2026-08-28T14:38:06.350954+00:00,918602,3922457,Mexico City be 20°C,2026-08-28,highest_temperature,Will the highest temperature in Mexico City be 20°C on August 28?,20°C,1.0,0.0005,0.9995,,0.001,,603.7857,577.794,1125.88559,True,False,True,True,0x24d8fb45c8fbbf72ad3d08ecbef4b803f2f43394455805fb441256ad239c10d8
2026-08-28T14:38:06.350966+00:00,918602,3922458,Mexico City be 21°C,2026-08-28,highest_temperature,Will the highest temperature in Mexico City be 21°C on August 28?,21°C,2.0,0.001,0.999,,0.002,,371.3941,231.383,973.30867,True,False,True,True,0xcf1f7c12d6bc1d7d4d042ed783c285e37a75bc45c9b188201746f19adcb5a12a
2026-08-28T14:38:06.350979+00:00,918602,3922459,Mexico City be 22°C,2026-08-28,highest_temperature,Will the highest temperature in Mexico City be 22°C on August 28?,22°C,3.0,0.0065,0.9935,0.003,0.01,0.007,612.057514,377.829998,699.9932,True,False,True,True,0x2dd9c6092f53e058e60b1504404c79cf9ed90bb623ad688b46f209ed9e1685db
2026-08-28T14:38:06.350991+00:00,918602,3922460,Mexico City be 23°C,2026-08-28,highest_temperature,Will the highest temperature in Mexico City be 23°C on August 28?,23°C,4.0,0.03,0.97,0.01,0.05,0.04,844.3993889999999,588.965375,335.1904,True,False,True,True,0x99de5339db8e7bc2f3f6c35c82e026a7491576f4a6a45fb1ec50835e47890643
2026-08-28T14:38:06.351005+00:00,918602,3922461,Mexico City be 24°C,2026-08-28,highest_temperature,Will the highest temperature in Mexico City be 24°C on August 28?,24°C,5.0,0.27,0.73,0.25,0.29,0.03999999999999998,1084.37366,690.974708,589.1584,True,False,True,True,0x93280a0f770915919eb98575806cc8dea953a2d3d7909d55e2f40569c47e8c1c
2026-08-28T14:38:06.351018+00:00,918602,3922462,Mexico City be 25°C,2026-08-28,highest_temperature,Will the highest temperature in Mexico City be 25°C on August 28?,25°C,6.0,0.555,0.445,0.53,0.58,0.04999999999999993,3976.320683,2484.118885,518.0556,True,False,True,True,0x7fa3f48138c0f73ae00fb4559a6ec19a387c498f80481e52dfc3a22757f92420
2026-08-28T14:38:06.351029+00:00,918602,3922463,Mexico City be 26°C,2026-08-28,highest_temperature,Will the highest temperature in Mexico City be 26°C on August 28?,26°C,7.0,0.12,0.88,0.1,0.14,0.04000000000000001,1229.2545229999996,651.723823,237.9898,True,False,True,True,0x2a1072a3997abff9e61695f8513530e89b7685274adc4cf21e27edf8bdb82f98
2026-08-28T14:38:06.351042+00:00,918602,3922464,Mexico City be 27°C,2026-08-28,highest_temperature,Will the highest temperature in Mexico City be 27°C on August 28?,27°C,8.0,0.015,0.985,0.01,0.02,0.01,656.1065659999999,434.1104,473.0988,True,False,True,True,0x0e322a6da8ffad0e943cb9319747a23a77f3630a872a5044c3fd21e729cd2858
2026-08-28T14:38:06.351053+00:00,918602,3922465,Mexico City be 28°C,2026-08-28,highest_temperature,Will the highest temperature in Mexico City be 28°C on August 28?,28°C,9.0,0.0055,0.9945,0.002,0.009,0.006999999999999999,443.6162,417.6162,619.50717,True,False,True,True,0xd1fe37dffeda6b3b26fe985122ec499ea30532076befe3e99ffd7cc3b383a118
2026-08-28T14:38:06.351065+00:00,918602,3922466,Mexico City be 29°C or higher,2026-08-28,highest_temperature,Will the highest temperature in Mexico City be 29°C or higher on August 28?,29°C or higher,10.0,0.0005,0.9995,,0.001,,358.0847,252.08950000000002,1040.82631,True,False,True,True,0xee7ef56712e7db6f485d23c3eeeebb8e9af1c5db0702371b837622deb4079716
2026-08-28T14:38:06.351076+00:00,918605,3922467,Panama City be 26°C or below,2026-08-28,highest_temperature,Will the highest temperature in Panama City be 26°C or below on August 28?,26°C or below,0.0,0.0005,0.9995,,0.001,,194.99699999999999,,12172.41355,True,False,True,True,0x12301d3092e946dd93729eba51e516a2fd0d5913bb1be2169de6d49f3e7bb2da
2026-08-28T14:38:06.351089+00:00,918605,3922468,Panama City be 27°C,2026-08-28,highest_temperature,Will the highest temperature in Panama City be 27°C on August 28?,27°C,1.0,0.002,0.998,0.001,0.003,0.002,1577.055,1468.9,1237.61288,True,False,True,True,0x02bd636e6604c400aadff60fd268aa9a835768615e2b92db04afc4f54bb46b6b
2026-08-28T14:38:06.351100+00:00,918605,3922469,Panama City be 28°C,2026-08-28,highest_temperature,Will the highest temperature in Panama City be 28°C on August 28?,28°C,2.0,0.0105,0.9895,0.001,0.02,0.019,241.2322,143.6772,200.00025,True,False,True,True,0xf40c55be59d55a03f6bea7c6ec2e569d446cb8f2a134c4e64b50affa4819288f
2026-08-28T14:38:06.351111+00:00,918605,3922470,Panama City be 29°C,2026-08-28,highest_temperature,Will the highest temperature in Panama City be 29°C on August 28?,29°C,3.0,0.03,0.97,0.01,0.05,0.04,143.83100000000002,143.831,154.2761,True,False,True,True,0x86569dbf3e20c4ae26181ff1c22207e19c3a4579d1111c8989aebbb515a015f1
2026-08-28T14:38:06.351122+00:00,918605,3922471,Panama City be 30°C,2026-08-28,highest_temperature,Will the highest temperature in Panama City be 30°C on August 28?,30°C,4.0,0.2,0.8,0.17,0.23,0.06,761.174094,486.911401,286.8601,True,False,True,True,0xe335ac78e1ed89b744c698de50d4d2d498fc851d416f74ee7298d9fe4a71a8c7
2026-08-28T14:38:06.351134+00:00,918605,3922472,Panama City be 31°C,2026-08-28,highest_temperature,Will the highest temperature in Panama City be 31°C on August 28?,31°C,5.0,0.4,0.6,0.38,0.42,0.03999999999999998,1224.607503,555.387107,453.4831,True,False,True,True,0x321724b024929aa6843a68799ffa6d712591ef78fdbfb91ec9458540bd10a308
2026-08-28T14:38:06.351147+00:00,918605,3922473,Panama City be 32°C,2026-08-28,highest_temperature,Will the highest temperature in Panama City be 32°C on August 28?,32°C,6.0,0.35,0.65,0.33,0.37,0.03999999999999998,930.8740630000001,622.658949,337.6217,True,False,True,True,0x6f6f80b33dde03ea782d9074ec9eb1f9b0dfd6de76d19548dc8328d6a06dd007
2026-08-28T14:38:06.351158+00:00,918605,3922474,Panama City be 33°C,2026-08-28,highest_temperature,Will the highest temperature in Panama City be 33°C on August 28?,33°C,7.0,0.075,0.925,0.05,0.1,0.05,734.091152,503.1700919999999,124.8818,True,False,True,True,0x186d6726122f83e690992ac7546655f261d2ffb15ba73a09e887587335e3e430
2026-08-28T14:38:06.351172+00:00,918605,3922475,Panama City be 34°C,2026-08-28,highest_temperature,Will the highest temperature in Panama City be 34°C on August 28?,34°C,8.0,0.0025,0.9975,0.001,0.004,0.003,93.561,6.006,286.44601,True,False,True,True,0x2c14fab238e8ca10573e1e9b18e31d84a952c308e4da33cf8824c030f5eb721b
2026-08-28T14:38:06.351184+00:00,918605,3922476,Panama City be 35°C,2026-08-28,highest_temperature,Will the highest temperature in Panama City be 35°C on August 28?,35°C,9.0,0.0025,0.9975,0.001,0.004,0.003,160.56000000000003,13.008,1097.2507,True,False,True,True,0xe614743924e1d076bf1886eb29d5bcbf3e6ccd0dfa85c122355eb5f2f675170a
2026-08-28T14:38:06.351198+00:00,918605,3922477,Panama City be 36°C or higher,2026-08-28,highest_temperature,Will the highest temperature in Panama City be 36°C or higher on August 28?,36°C or higher,10.0,0.0005,0.9995,,0.001,,196.93099999999998,,1410.23606,True,False,True,True,0x49ed83c8e96eac19a360e315e4e68f8b000d65d89b5115e00be6b2f9d598d030
2026-08-28T14:38:06.351209+00:00,918708,3922815,Sao Paulo be 10°C or below,2026-08-28,lowest_temperature,Will the lowest temperature in Sao Paulo be 10°C or below on August 28?,10°C or below,0.0,0.0025,0.9975,,0.005,,55.0,50.0,850.72499,True,False,True,True,0xdecc7f1879452d1de80ed7d3441b77551879f025576b57d7875d9994bece9f16
2026-08-28T14:38:06.351222+00:00,918708,3922816,Sao Paulo be 11°C,2026-08-28,lowest_temperature,Will the lowest temperature in Sao Paulo be 11°C on August 28?,11°C,1.0,0.003,0.997,0.001,0.005,0.004,47.36,36.36,789.59076,True,False,True,True,0x784fa9fe1e0ccfe0f7cee02d1765f99adc72b140f9d95dd84dcf9b3c2333b8f7
2026-08-28T14:38:06.351237+00:00,918708,3922817,Sao Paulo be 12°C,2026-08-28,lowest_temperature,Will the lowest temperature in Sao Paulo be 12°C on August 28?,12°C,2.0,0.005,0.995,0.001,0.009,0.008,222.1643,217.1643,576.77215,True,False,True,True,0x003eddb52ccd50fc640f84069ea3f752e55793bfccb57a0417862535ce89abfb
2026-08-28T14:38:06.351249+00:00,918708,3922818,Sao Paulo be 13°C,2026-08-28,lowest_temperature,Will the lowest temperature in Sao Paulo be 13°C on August 28?,13°C,3.0,0.005,0.995,0.001,0.009,0.008,619.888418,619.888418,108.04279,True,False,True,True,0x2e567f6547c173fdd741cd353ab0dbf17a9df156865637a632c2486a36aaacd0
2026-08-28T14:38:06.351264+00:00,918708,3922819,Sao Paulo be 14°C,2026-08-28,lowest_temperature,Will the lowest temperature in Sao Paulo be 14°C on August 28?,14°C,4.0,0.01,0.99,,0.02,,63.89473600000001,63.894735999999995,110.9327,True,False,True,True,0x9bd6630f9e383c5b31aad491ddd4776ad4f76305578190dbd55428a41fcbb213
2026-08-28T14:38:06.351277+00:00,918708,3922820,Sao Paulo be 15°C,2026-08-28,lowest_temperature,Will the lowest temperature in Sao Paulo be 15°C on August 28?,15°C,5.0,0.12,0.88,0.01,0.23,0.22,33.970407,33.970407,45.9045,True,False,True,True,0x39ad9131ed3ac0e5568c730387faebca20c98f111303623e63052655d64e6954
2026-08-28T14:38:06.351289+00:00,918708,3922821,Sao Paulo be 16°C,2026-08-28,lowest_temperature,Will the lowest temperature in Sao Paulo be 16°C on August 28?,16°C,6.0,0.875,0.125,0.75,1.0,0.25,410.85349099999996,410.85349099999996,51.4783,True,False,True,True,0x0ec17da96a1165f957e34c3ea92296de344f4e41edbc9b0b0d2926c624a19493
2026-08-28T14:38:06.351301+00:00,918708,3922822,Sao Paulo be 17°C,2026-08-28,lowest_temperature,Will the lowest temperature in Sao Paulo be 17°C on August 28?,17°C,7.0,0.0005,0.9995,,0.001,,316.92,316.92,4129.47224,True,False,True,True,0x124e1269573c440f118c250bf6e4c92455707aa7dd6e13fc00679c9d199b9199
2026-08-28T14:38:06.351312+00:00,918708,3922823,Sao Paulo be 18°C,2026-08-28,lowest_temperature,Will the lowest temperature in Sao Paulo be 18°C on August 28?,18°C,8.0,0.0005,0.9995,,0.001,,69.0,69.0,3868.29474,True,False,True,True,0xf305e76e34eea7bdfd12609ca63793bc1490c16d8fa9f2d7a0f0b10c996f3e26
2026-08-28T14:38:06.351324+00:00,918708,3922824,Sao Paulo be 19°C,2026-08-28,lowest_temperature,Will the lowest temperature in Sao Paulo be 19°C on August 28?,19°C,9.0,0.0005,0.9995,,0.001,,94.0,94.0,3713.80253,True,False,True,True,0x0df4ed9d639f4aff61426942c4d22889aafa88d8085a3247237127840516b2a8
2026-08-28T14:38:06.351336+00:00,918708,3922825,Sao Paulo be 20°C or higher,2026-08-28,lowest_temperature,Will the lowest temperature in Sao Paulo be 20°C or higher on August 28?,20°C or higher,10.0,0.0005,0.9995,,0.001,,40.0,35.0,3839.93695,True,False,True,True,0x0f157e0cde6419583682eef62261ed44379bbc1e1dc6d011c04f57909cc46db5
2026-08-28T14:38:06.351349+00:00,918709,3922826,Buenos Aires be 4°C or below,2026-08-28,lowest_temperature,Will the lowest temperature in Buenos Aires be 4°C or below on August 28?,4°C or below,0.0,0.02,0.98,,0.04,,148.9736,18.0,191.12,True,False,True,True,0xf91bdee4bf816f4e7642494882561d13c13aa9466858319244cd0698e15e9753
2026-08-28T14:38:06.351361+00:00,918709,3922827,Buenos Aires be 5°C,2026-08-28,lowest_temperature,Will the lowest temperature in Buenos Aires be 5°C on August 28?,5°C,1.0,0.005,0.995,0.001,0.009,0.008,28.9996,18.03,310.95373,True,False,True,True,0x8d84aa97a3467fccaa8cba3a53576280e634863b98908addc25f0274efb314b8
2026-08-28T14:38:06.351376+00:00,918709,3922828,Buenos Aires be 6°C,2026-08-28,lowest_temperature,Will the lowest temperature in Buenos Aires be 6°C on August 28?,6°C,2.0,0.14,0.86,0.01,0.27,0.26,27.27,27.27,43.1646,True,False,True,True,0x67841f254bbe48ec2e6b5438f54f4b45d73b0b1a64def6ba3932ebd0830fd4a5
2026-08-28T14:38:06.351388+00:00,918709,3922829,Buenos Aires be 7°C,2026-08-28,lowest_temperature,Will the lowest temperature in Buenos Aires be 7°C on August 28?,7°C,3.0,0.96,0.04,0.93,0.99,0.05999999999999994,385.69625,385.6962500000001,106.8001,True,False,True,True,0xc510ab56dc1abbc49927bd2ba9d6b3bc90affa85d599a15bb9f00163a6374bbe
2026-08-28T14:38:06.351401+00:00,918709,3922830,Buenos Aires be 8°C,2026-08-28,lowest_temperature,Will the lowest temperature in Buenos Aires be 8°C on August 28?,8°C,4.0,0.0005,0.9995,,0.001,,295.54,295.54,2382.86368,True,False,True,True,0xcca34b25267b9bc1f2e9d46e2021e7c951208dff3c37cec939e532364195c8fe
2026-08-28T14:38:06.351412+00:00,918709,3922831,Buenos Aires be 9°C,2026-08-28,lowest_temperature,Will the lowest temperature in Buenos Aires be 9°C on August 28?,9°C,5.0,0.0005,0.9995,,0.001,,197.18,197.18,3534.17779,True,False,True,True,0xdcc5e9d4e8a333e5be0fb07428e43dfbead3c959f98f10e96ecb6960e69db99f
2026-08-28T14:38:06.351423+00:00,918709,3922832,Buenos Aires be 10°C,2026-08-28,lowest_temperature,Will the lowest temperature in Buenos Aires be 10°C on August 28?,10°C,6.0,0.0005,0.9995,,0.001,,103.7439,103.7439,4040.37096,True,False,True,True,0xcaefb8e970e66c622a898098de29f95e8b1fccf380421a61955453a0fb176baa
2026-08-28T14:38:06.351435+00:00,918709,3922833,Buenos Aires be 11°C,2026-08-28,lowest_temperature,Will the lowest temperature in Buenos Aires be 11°C on August 28?,11°C,7.0,0.0005,0.9995,,0.001,,92.5722,92.5722,3868.84039,True,False,True,True,0xcd48b234dc8d8ea7b1438cd20df30798ed00afd73e61954ebdc094b988dd1700
2026-08-28T14:38:06.351446+00:00,918709,3922834,Buenos Aires be 12°C,2026-08-28,lowest_temperature,Will the lowest temperature in Buenos Aires be 12°C on August 28?,12°C,8.0,0.0005,0.9995,,0.001,,55.212199999999996,55.212199999999996,4271.65377,True,False,True,True,0x8ba44f895d37dbf8274e29b459406e14d366794db3d79602b0b144f16a65401f
2026-08-28T14:38:06.351458+00:00,918709,3922835,Buenos Aires be 13°C,2026-08-28,lowest_temperature,Will the lowest temperature in Buenos Aires be 13°C on August 28?,13°C,9.0,0.0005,0.9995,,0.001,,37.9991,32.9991,3882.77024,True,False,True,True,0x184cf6c728685c55f9efa8dcba11f0c7289e8d7043e2113c9c221ff167de5cab
2026-08-28T14:38:06.351472+00:00,918709,3922836,Buenos Aires be 14°C or higher,2026-08-28,lowest_temperature,Will the lowest temperature in Buenos Aires be 14°C or higher on August 28?,14°C or higher,10.0,0.0005,0.9995,,0.001,,48.3536,43.3536,4295.99575,True,False,True,True,0xd5487541c3ab771c92c2a54945362d47473ed780534a8dd6906e87c95a6d2dd5
2026-08-28T14:38:06.351485+00:00,918710,3922838,Toronto be 10°C or below,2026-08-28,lowest_temperature,Will the lowest temperature in Toronto be 10°C or below on August 28?,10°C or below,0.0,0.475,0.525,,0.95,,13.0,8.0,5.99,True,False,True,True,0x85fbaf3491f02e5ef704cc9990e4f606bd73b4ca126990dd9f4c5a24879b80af
2026-08-28T14:38:06.351499+00:00,918710,3922839,Toronto be 11°C,2026-08-28,lowest_temperature,Will the lowest temperature in Toronto be 11°C on August 28?,11°C,1.0,0.42,0.58,,0.84,,19.0,19.0,16.3981,True,False,True,True,0x6efe6c2e62f82ae5c726cca59013f1d21a8dc928e09e7bce305f3c2b26c1ce95
2026-08-28T14:38:06.351511+00:00,918710,3922840,Toronto be 12°C,2026-08-28,lowest_temperature,Will the lowest temperature in Toronto be 12°C on August 28?,12°C,2.0,0.42,0.58,,0.84,,23.0,23.0,15.9781,True,False,True,True,0xfab6b420d39875319554bd152153298c00ef70476f073e77aa0e9017796a0460
2026-08-28T14:38:06.351523+00:00,918710,3922841,Toronto be 13°C,2026-08-28,lowest_temperature,Will the lowest temperature in Toronto be 13°C on August 28?,13°C,3.0,0.16,0.84,0.01,0.31,0.3,81.4875,81.4875,40.5923,True,False,True,True,0x965dd9b763b4b6887a564b1084a991c5d5c00086feac9548930406267fc8f952
2026-08-28T14:38:06.351534+00:00,918710,3922842,Toronto be 14°C,2026-08-28,lowest_temperature,Will the lowest temperature in Toronto be 14°C on August 28?,14°C,4.0,0.965,0.035,0.94,0.99,0.050000000000000044,312.07176,312.07176,44.9356,True,False,True,True,0x081b4a65e708a7d3ee0a773348aecc80e07ab71ecbde4b2e7445ecbbd078310a
2026-08-28T14:38:06.351547+00:00,918710,3922843,Toronto be 15°C,2026-08-28,lowest_temperature,Will the lowest temperature in Toronto be 15°C on August 28?,15°C,5.0,0.0005,0.9995,,0.001,,350.53999999999996,350.53999999999996,2462.52645,True,False,True,True,0x0053cc59729a61e59d104344a6ad5d08d75bc544724b1b829abf916f2d362121
2026-08-28T14:38:06.351559+00:00,918710,3922844,Toronto be 16°C,2026-08-28,lowest_temperature,Will the lowest temperature in Toronto be 16°C on August 28?,16°C,6.0,0.0005,0.9995,,0.001,,277.81,277.81,4056.42195,True,False,True,True,0x2d9a2eb94ba4e1f08105906bdb8dc781c99b336cd2e3f2c0f5f08d0268d5dd5e
2026-08-28T14:38:06.351574+00:00,918710,3922845,Toronto be 17°C,2026-08-28,lowest_temperature,Will the lowest temperature in Toronto be 17°C on August 28?,17°C,7.0,0.0005,0.9995,,0.001,,90.5244,90.5244,3726.13065,True,False,True,True,0x92644d86e8c6e468d7714999bd529d8c140fc0b021a29a7af5f9d4d1ba0a036a
2026-08-28T14:38:06.351586+00:00,918710,3922846,Toronto be 18°C,2026-08-28,lowest_temperature,Will the lowest temperature in Toronto be 18°C on August 28?,18°C,8.0,0.0005,0.9995,,0.001,,70.53999999999999,70.53999999999999,3722.11067,True,False,True,True,0x601c2720d7fd99d490af74336ffe164f232f7c678a4619cabf2e60bf9d582d75
2026-08-28T14:38:06.351598+00:00,918710,3922847,Toronto be 19°C,2026-08-28,lowest_temperature,Will the lowest temperature in Toronto be 19°C on August 28?,19°C,9.0,0.0005,0.9995,,0.001,,47.9978,42.9978,3060.2482,True,False,True,True,0xe9ebb2357b67fb1f652e7b1c1a49ee4079eb2e8052032d759f10539381887110
2026-08-28T14:38:06.351610+00:00,918710,3922848,Toronto be 20°C or higher,2026-08-28,lowest_temperature,Will the lowest temperature in Toronto be 20°C or higher on August 28?,20°C or higher,10.0,0.0005,0.9995,,0.001,,48.0,43.0,3450.292,True,False,True,True,0x14984056165e5b861e6a0c862be6db8fbc2c31804174d868166bd16dcf38a987
2026-08-28T14:38:06.351623+00:00,918711,3922849,Seattle be 49°F or below,2026-08-28,lowest_temperature,Will the lowest temperature in Seattle be 49°F or below on August 28?,49°F or below,0.0,0.075,0.925,,0.15,,13.0,8.0,29.13,True,False,True,True,0xf7a11b460248d3b5aec380c8533e81b28b5d9c60cc996198b82849c1a4b0cd30
2026-08-28T14:38:06.351636+00:00,918711,3922850,Seattle be between 50-51°F,2026-08-28,lowest_temperature,Will the lowest temperature in Seattle be between 50-51°F on August 28?,50-51°F,1.0,0.08,0.92,,0.16,,22.993,17.993,95.405,True,False,True,True,0x6287eac4e77e03b72e39847a22dadb3e4380fc9438fc05e29c7017a19bcf8f20
2026-08-28T14:38:06.351648+00:00,918711,3922851,Seattle be between 52-53°F,2026-08-28,lowest_temperature,Will the lowest temperature in Seattle be between 52-53°F on August 28?,52-53°F,2.0,0.08,0.92,,0.16,,34.0,34.0,25.8567,True,False,True,True,0xc3002a7ea508a406983f88574a3cda26f29f778d5db4b5429936a2bf7acfa8e9
2026-08-28T14:38:06.351661+00:00,918711,3922852,Seattle be between 54-55°F,2026-08-28,lowest_temperature,Will the lowest temperature in Seattle be between 54-55°F on August 28?,54-55°F,3.0,0.39,0.61,0.01,0.77,0.76,17.27,12.27,24.0682,True,False,True,True,0xf99041248ed8866cfdec725b5189778a5cf6e4c936da9ed97ec0badd8578d398
2026-08-28T14:38:06.351672+00:00,918711,3922853,Seattle be between 56-57°F,2026-08-28,lowest_temperature,Will the lowest temperature in Seattle be between 56-57°F on August 28?,56-57°F,4.0,0.42,0.58,0.04,0.8,0.76,9.09,9.09,18.6927,True,False,True,True,0x134eb1dc3d5dbeb4f4b40fb543aa9fef1a4137a5e3551f5fbbe2524fb2565aa3
2026-08-28T14:38:06.351685+00:00,918711,3922854,Seattle be between 58-59°F,2026-08-28,lowest_temperature,Will the lowest temperature in Seattle be between 58-59°F on August 28?,58-59°F,5.0,0.28,0.72,,0.56,,223.959258,223.959258,21.9756,True,False,True,True,0xe8f8728bce8b719a7b10ab26540641960d0f3171a32e2cd29d8b9bcc82f8142c
2026-08-28T14:38:06.351704+00:00,918711,3922855,Seattle be between 60-61°F,2026-08-28,lowest_temperature,Will the lowest temperature in Seattle be between 60-61°F on August 28?,60-61°F,6.0,0.0005,0.9995,,0.001,,100.4608,98.42,4054.15804,True,False,True,True,0x03d1047afdec39d562e0d605bf333dd726bab42657ce4bd42aa9e0dae4af8811
2026-08-28T14:38:06.351717+00:00,918711,3922856,Seattle be between 62-63°F,2026-08-28,lowest_temperature,Will the lowest temperature in Seattle be between 62-63°F on August 28?,62-63°F,7.0,0.0005,0.9995,,0.001,,46.0,41.0,3902.92899,True,False,True,True,0x5cbaaa3691242549c0e99949c309a1fa3bed2d4556a8feb339b7e1f729ea4650
2026-08-28T14:38:06.351731+00:00,918711,3922857,Seattle be between 64-65°F,2026-08-28,lowest_temperature,Will the lowest temperature in Seattle be between 64-65°F on August 28?,64-65°F,8.0,0.0005,0.9995,,0.001,,62.991,57.991,3901.33906,True,False,True,True,0xdcc186f5f9ed6ab1ebd57e899c0ce3b72f6b417fea64bf39b27ede6e30feca24
2026-08-28T14:38:06.351746+00:00,918711,3922858,Seattle be between 66-67°F,2026-08-28,lowest_temperature,Will the lowest temperature in Seattle be between 66-67°F on August 28?,66-67°F,9.0,0.0005,0.9995,,0.001,,38.0,33.0,4705.40407,True,False,True,True,0x3d8b11be8bbc022dca455b039b0be5c496ae4a0b6391858092e3ce699843527d
2026-08-28T14:38:06.351759+00:00,918711,3922859,Seattle be 68°F or higher,2026-08-28,lowest_temperature,Will the lowest temperature in Seattle be 68°F or higher on August 28?,68°F or higher,10.0,0.0005,0.9995,,0.001,,49.99100000000001,44.991,4216.67161,True,False,True,True,0x8f67966a4a8b1b53538c8d210e62d2ba45fe491657d75e0dca2e72a8e9f2219f
2026-08-28T14:38:06.351774+00:00,918712,3922860,New York City be 59°F or below,2026-08-28,lowest_temperature,Will the lowest temperature in New York City be 59°F or below on August 28?,59°F or below,0.0,0.0015,0.9985,0.001,0.002,0.001,176.375,166.07,1084.88132,True,False,True,True,0xc60dbbc122040fb50eaf894a8bb15ef6155c1fb00875bf8a7dc51c264e5da357
2026-08-28T14:38:06.351787+00:00,918712,3922861,New York City be between 60-61°F,2026-08-28,lowest_temperature,Will the lowest temperature in New York City be between 60-61°F on August 28?,60-61°F,1.0,0.003,0.997,0.001,0.005,0.004,238.20000000000002,158.0,1062.14819,True,False,True,True,0x25eba722294b7cbeb271838e619a6f36d0e527c043d0a90298551afdd1a940f3
2026-08-28T14:38:06.351801+00:00,918712,3922862,New York City be between 62-63°F,2026-08-28,lowest_temperature,Will the lowest temperature in New York City be between 62-63°F on August 28?,62-63°F,2.0,0.0025,0.9975,0.002,0.003,0.001,156.27,136.27,902.90753,True,False,True,True,0xf1f5d96ba6e3d8b34902f724498c035d9abf0a05c60dc484d89255128fecf625
2026-08-28T14:38:06.351815+00:00,918712,3922863,New York City be between 64-65°F,2026-08-28,lowest_temperature,Will the lowest temperature in New York City be between 64-65°F on August 28?,64-65°F,3.0,0.003,0.997,0.001,0.005,0.004,327.270019,216.26,219.08487,True,False,True,True,0x280bae4362d28e8477a93904982083d3e2164707a010150d1436aaf75a07725b
2026-08-28T14:38:06.351827+00:00,918712,3922864,New York City be between 66-67°F,2026-08-28,lowest_temperature,Will the lowest temperature in New York City be between 66-67°F on August 28?,66-67°F,4.0,0.015,0.985,,0.03,,454.984158,285.96,329.2431,True,False,True,True,0x119dcc689fa74524ae0c5ea437ac839b2309e4781b643635f0e27c52a7c39782
2026-08-28T14:38:06.351840+00:00,918712,3922865,New York City be between 68-69°F,2026-08-28,lowest_temperature,Will the lowest temperature in New York City be between 68-69°F on August 28?,68-69°F,5.0,0.205,0.795,0.03,0.38,0.35,710.037294,399.049465,46.7627,True,False,True,True,0x0c33824f7440eef643ef43fe4bf80a16a3f9a0c9281bea7dbaef1e171d5ad60c
2026-08-28T14:38:06.351852+00:00,918712,3922866,New York City be between 70-71°F,2026-08-28,lowest_temperature,Will the lowest temperature in New York City be between 70-71°F on August 28?,70-71°F,6.0,0.175,0.825,0.06,0.29,0.22999999999999998,984.915007,680.5624640000001,60.9935,True,False,True,True,0x18232de6f6451f771ffa91c00be77046786805489f6d70596d2485e9ff236c60
2026-08-28T14:38:06.351866+00:00,918712,3922867,New York City be between 72-73°F,2026-08-28,lowest_temperature,Will the lowest temperature in New York City be between 72-73°F on August 28?,72-73°F,7.0,0.815,0.185,0.8,0.83,0.029999999999999916,991.0920650000002,721.723369,105.3614,True,False,True,True,0x8d4c0d3e1083eb849d16004d82bb15f6c1d15e7c89a2d9f5dfcb585f823e445a
2026-08-28T14:38:06.351879+00:00,918712,3922868,New York City be between 74-75°F,2026-08-28,lowest_temperature,Will the lowest temperature in New York City be between 74-75°F on August 28?,74-75°F,8.0,0.0005,0.9995,,0.001,,899.2223670000001,616.966292,4468.81938,True,False,True,True,0xf2168099c0fd84879ad88da12ef6e9128220cb9eed4ecf29d051e776674326e0
2026-08-28T14:38:06.351891+00:00,918712,3922869,New York City be between 76-77°F,2026-08-28,lowest_temperature,Will the lowest temperature in New York City be between 76-77°F on August 28?,76-77°F,9.0,0.0005,0.9995,,0.001,,437.936458,353.59270000000004,4359.13032,True,False,True,True,0xbada19d777c2731ed307b4c3c8518c639634ac30accb4e5af6d074f3ea497905
2026-08-28T14:38:06.351903+00:00,918712,3922870,New York City be 78°F or higher,2026-08-28,lowest_temperature,Will the lowest temperature in New York City be 78°F or higher on August 28?,78°F or higher,10.0,0.0005,0.9995,,0.001,,476.43000000000006,287.11,4351.79082,True,False,True,True,0xe752c51ce1467f36a76f8867553d9a3e19c91a03d6312ef34eced96607b2a3bc
2026-08-28T14:38:06.351916+00:00,918713,3922871,Dallas be 69°F or below,2026-08-28,lowest_temperature,Will the lowest temperature in Dallas be 69°F or below on August 28?,69°F or below,0.0,0.003,0.997,0.001,0.005,0.004,45.055,40.055,1093.58989,True,False,True,True,0xe7130afd9561b71d421b32578bc2cff29b61532215c2929ad2e30631fd814d39
2026-08-28T14:38:06.351931+00:00,918713,3922872,Dallas be between 70-71°F,2026-08-28,lowest_temperature,Will the lowest temperature in Dallas be between 70-71°F on August 28?,70-71°F,1.0,0.003,0.997,0.001,0.005,0.004,229.18099999999998,108.181,1172.05254,True,False,True,True,0xc1fa33addec20d35b392e466ffc80849d8c9f0723a5468d5009694cc3e9ae2ac
2026-08-28T14:38:06.351943+00:00,918713,3922873,Dallas be between 72-73°F,2026-08-28,lowest_temperature,Will the lowest temperature in Dallas be between 72-73°F on August 28?,72-73°F,2.0,0.04,0.96,,0.08,,19.0,8.0,214.6052,True,False,True,True,0x205155085a4ea84b6f439f97c377c70e4c7c6874e0f405d42b8f52e9b192b93d
2026-08-28T14:38:06.351955+00:00,918713,3922874,Dallas be between 74-75°F,2026-08-28,lowest_temperature,Will the lowest temperature in Dallas be between 74-75°F on August 28?,74-75°F,3.0,0.015,0.985,,0.03,,34.0,34.0,75.3961,True,False,True,True,0xaca53c8073addaa5ea1771bb5867000a5d20e0e67f21aa59dd6c40013021c543
2026-08-28T14:38:06.351968+00:00,918713,3922875,Dallas be between 76-77°F,2026-08-28,lowest_temperature,Will the lowest temperature in Dallas be between 76-77°F on August 28?,76-77°F,4.0,0.01,0.99,,0.02,,37.18,37.18,98.4679,True,False,True,True,0x99bff9ead6ddef476e670b7e5078930daf6c7315c1f1d922b87d3a8ed330c5a5
2026-08-28T14:38:06.351983+00:00,918713,3922876,Dallas be between 78-79°F,2026-08-28,lowest_temperature,Will the lowest temperature in Dallas be between 78-79°F on August 28?,78-79°F,5.0,0.015,0.985,0.01,0.02,0.01,45.376342,45.376342,76.2568,True,False,True,True,0x4149b8d86dfd557cfe64cf1f95dca4f38997fe69fb0651c2872d7cc654fd47d5
2026-08-28T14:38:06.351995+00:00,918713,3922877,Dallas be between 80-81°F,2026-08-28,lowest_temperature,Will the lowest temperature in Dallas be between 80-81°F on August 28?,80-81°F,6.0,0.955,0.045,0.92,0.99,0.06999999999999995,336.149461,336.14946100000003,86.0788,True,False,True,True,0x5dffe5f8d6538e0b68843f47ff1a1a918868031ccb017791b9787ccd3d89a1ab
2026-08-28T14:38:06.352007+00:00,918713,3922878,Dallas be between 82-83°F,2026-08-28,lowest_temperature,Will the lowest temperature in Dallas be between 82-83°F on August 28?,82-83°F,7.0,0.0005,0.9995,,0.001,,95.36,95.36,3940.27199,True,False,True,True,0x864f5572cf629b48565be7513bbaa5707c4d21a8de807c61788afc830e201316
2026-08-28T14:38:06.352021+00:00,918713,3922879,Dallas be between 84-85°F,2026-08-28,lowest_temperature,Will the lowest temperature in Dallas be between 84-85°F on August 28?,84-85°F,8.0,0.0005,0.9995,,0.001,,76.0,76.0,3937.15304,True,False,True,True,0x14d6f982d3927d0a724b243a5f9bcc733c8556d27ee36df87bf5ee0ce4c7e5d6
2026-08-28T14:38:06.352033+00:00,918713,3922880,Dallas be between 86-87°F,2026-08-28,lowest_temperature,Will the lowest temperature in Dallas be between 86-87°F on August 28?,86-87°F,9.0,0.0005,0.9995,,0.001,,38.0,38.0,4068.20732,True,False,True,True,0xea2e337771255483d339bd6bd9b27db16b37b9f8da32dd5cd466e6380f237e40
2026-08-28T14:38:06.352046+00:00,918713,3922881,Dallas be 88°F or higher,2026-08-28,lowest_temperature,Will the lowest temperature in Dallas be 88°F or higher on August 28?,88°F or higher,10.0,0.0005,0.9995,,0.001,,43.0,38.0,3969.83194,True,False,True,True,0xf95e6abf957515bbdc651d247bea6a86571e198367dcf2605c6afc4bdf7d1c44
2026-08-28T14:38:06.352059+00:00,918714,3922882,Atlanta be 63°F or below,2026-08-28,lowest_temperature,Will the lowest temperature in Atlanta be 63°F or below on August 28?,63°F or below,0.0,0.003,0.997,0.001,0.005,0.004,52.69,47.69,723.72311,True,False,True,True,0x5b667e9cc96dd60da4ad85bd9c222bc2563097d3024c3201b3312e9de9d7e003
2026-08-28T14:38:06.352071+00:00,918714,3922883,Atlanta be between 64-65°F,2026-08-28,lowest_temperature,Will the lowest temperature in Atlanta be between 64-65°F on August 28?,64-65°F,1.0,0.055,0.945,,0.11,,19.0,8.0,75.67,True,False,True,True,0x73675e3cc75198d22b58a15c231692579b37bce8a8ed999a02bdf8d91e9a2c33
2026-08-28T14:38:06.352083+00:00,918714,3922884,Atlanta be between 66-67°F,2026-08-28,lowest_temperature,Will the lowest temperature in Atlanta be between 66-67°F on August 28?,66-67°F,2.0,0.07,0.93,,0.14,,39.0,28.0,33.8777,True,False,True,True,0x4ca1c6a105a0ac92a8daace6965cf00006f597b1d303c040c0f825c8153a2d80
2026-08-28T14:38:06.352095+00:00,918714,3922885,Atlanta be between 68-69°F,2026-08-28,lowest_temperature,Will the lowest temperature in Atlanta be between 68-69°F on August 28?,68-69°F,3.0,0.015,0.985,0.01,0.02,0.01,12.33,12.33,21.7475,True,False,True,True,0x9c562e65bdfee6efbb4fc71c709a5c858b067d6adf76a5b763af51c65101d469
2026-08-28T14:38:06.352108+00:00,918714,3922886,Atlanta be between 70-71°F,2026-08-28,lowest_temperature,Will the lowest temperature in Atlanta be between 70-71°F on August 28?,70-71°F,4.0,0.355,0.645,0.02,0.69,0.6699999999999999,7.502457999999999,7.502458,29.7161,True,False,True,True,0x0fdc75a9f894d02c154aba07cbb878cc1532f6a97ed0f54b889ae1a9120bc574
2026-08-28T14:38:06.352120+00:00,918714,3922887,Atlanta be between 72-73°F,2026-08-28,lowest_temperature,Will the lowest temperature in Atlanta be between 72-73°F on August 28?,72-73°F,5.0,0.89,0.11,0.86,0.92,0.06000000000000005,138.007769,123.161617,25.7552,True,False,True,True,0x6d6f0db5ea3c939f9869a5caf68060700c1c4fd5deb1cac8a6bfa6bfd5bc3101
2026-08-28T14:38:06.352132+00:00,918714,3922888,Atlanta be between 74-75°F,2026-08-28,lowest_temperature,Will the lowest temperature in Atlanta be between 74-75°F on August 28?,74-75°F,6.0,0.0005,0.9995,,0.001,,153.09,153.09,4040.2813,True,False,True,True,0x4ecf2120f22eba2701a58a8c670e46ce26982271991dd8ba9df44d638155c9ce
2026-08-28T14:38:06.352143+00:00,918714,3922889,Atlanta be between 76-77°F,2026-08-28,lowest_temperature,Will the lowest temperature in Atlanta be between 76-77°F on August 28?,76-77°F,7.0,0.0005,0.9995,,0.001,,38.0,38.0,3744.45419,True,False,True,True,0x07b6817ad441b7b4c4ae786f336048c7493c015594eab613b118656e3ae922ac
2026-08-28T14:38:06.352156+00:00,918714,3922890,Atlanta be between 78-79°F,2026-08-28,lowest_temperature,Will the lowest temperature in Atlanta be between 78-79°F on August 28?,78-79°F,8.0,0.0005,0.9995,,0.001,,61.36,56.36,3744.83609,True,False,True,True,0x6bac4cf54a716cf9ce341ffd156523b937f3152b8dadbff795dd0fa8e7a76afc
2026-08-28T14:38:06.352167+00:00,918714,3922891,Atlanta be between 80-81°F,2026-08-28,lowest_temperature,Will the lowest temperature in Atlanta be between 80-81°F on August 28?,80-81°F,9.0,0.0005,0.9995,,0.001,,42.9979,37.9979,3724.3612,True,False,True,True,0x3a386c78573164810aa5a775add47d437df696555a3ecc9821afecd8cd9679f0
2026-08-28T14:38:06.352181+00:00,918714,3922892,Atlanta be 82°F or higher,2026-08-28,lowest_temperature,Will the lowest temperature in Atlanta be 82°F or higher on August 28?,82°F or higher,10.0,0.0005,0.9995,,0.001,,45.0,40.0,4046.0815,True,False,True,True,0x39d54ffc146c7a4b27cac1dc910a5e239745b1cd36d7e4a0857dc292bc8911a2
2026-08-28T14:38:06.352194+00:00,918715,3922893,Miami be 67°F or below,2026-08-28,lowest_temperature,Will the lowest temperature in Miami be 67°F or below on August 28?,67°F or below,0.0,0.0015,0.9985,0.001,0.002,0.001,859.7405000000001,498.08500000000004,1583.34326,True,False,True,True,0x207fdeb721a90be78cc08266c29e33dc0e2e63f7ed5702a5429eab90f96f6ec3
2026-08-28T14:38:06.352210+00:00,918715,3922894,Miami be between 68-69°F,2026-08-28,lowest_temperature,Will the lowest temperature in Miami be between 68-69°F on August 28?,68-69°F,1.0,0.003,0.997,0.001,0.005,0.004,166.315,161.315,1007.1808,True,False,True,True,0xc08d25bb4b7cb3f001a35eacdadcfd73341e17d35914f962843f4ecc4807923c
2026-08-28T14:38:06.352223+00:00,918715,3922895,Miami be between 70-71°F,2026-08-28,lowest_temperature,Will the lowest temperature in Miami be between 70-71°F on August 28?,70-71°F,2.0,0.0025,0.9975,0.001,0.004,0.003,51.03,30.03,820.68723,True,False,True,True,0x4620b3876f0de0750e8c4facfe92b4e25a7d84d97cf82cf6ede684174a414d14
2026-08-28T14:38:06.352237+00:00,918715,3922896,Miami be between 72-73°F,2026-08-28,lowest_temperature,Will the lowest temperature in Miami be between 72-73°F on August 28?,72-73°F,3.0,0.0055,0.9945,0.002,0.009,0.006999999999999999,56.059999999999995,20.979999999999997,390.14621,True,False,True,True,0x2b6cec91e74f45ea3ba74b28575b0aff827967d9a8b1703c246f7ad15ee61a01
2026-08-28T14:38:06.352249+00:00,918715,3922897,Miami be between 74-75°F,2026-08-28,lowest_temperature,Will the lowest temperature in Miami be between 74-75°F on August 28?,74-75°F,4.0,0.02,0.98,0.01,0.03,0.019999999999999997,168.12999999999997,42.05,168.2896,True,False,True,True,0x89fefe4e0ff34149edeead2cda897ab707d67c93a17aa568a777ccdf1543587a
2026-08-28T14:38:06.352262+00:00,918715,3922898,Miami be between 76-77°F,2026-08-28,lowest_temperature,Will the lowest temperature in Miami be between 76-77°F on August 28?,76-77°F,5.0,0.03,0.97,0.01,0.05,0.04,148.885348,106.885348,93.3266,True,False,True,True,0x0098a4b1d3decf7b62f220ff886657e4340b4843cb58417e8ad4f1cf83212a1f
2026-08-28T14:38:06.352275+00:00,918715,3922899,Miami be between 78-79°F,2026-08-28,lowest_temperature,Will the lowest temperature in Miami be between 78-79°F on August 28?,78-79°F,6.0,0.225,0.775,0.02,0.43,0.41,339.45760400000006,339.45760399999995,80.3221,True,False,True,True,0x71f633e93e93d2fcc8f1eb9f44e6a3fe3ebaf5e01b8016e953860bcf249cafc3
2026-08-28T14:38:06.352287+00:00,918715,3922900,Miami be between 80-81°F,2026-08-28,lowest_temperature,Will the lowest temperature in Miami be between 80-81°F on August 28?,80-81°F,7.0,0.84,0.16,0.77,0.91,0.14,305.73166000000003,291.270123,93.8112,True,False,True,True,0x4c9744c2c6bfc289060f47c82483a1339feb86d8e3aafd6a15fba4b728813730
2026-08-28T14:38:06.352300+00:00,918715,3922901,Miami be between 82-83°F,2026-08-28,lowest_temperature,Will the lowest temperature in Miami be between 82-83°F on August 28?,82-83°F,8.0,0.0005,0.9995,,0.001,,596.026342,596.026342,4196.6556,True,False,True,True,0x5d28cd5dbd90b674b2cf40ee6f71d88f89d0ecfe4b426191fdd97aff911eae9e
2026-08-28T14:38:06.352311+00:00,918715,3922902,Miami be between 84-85°F,2026-08-28,lowest_temperature,Will the lowest temperature in Miami be between 84-85°F on August 28?,84-85°F,9.0,0.0005,0.9995,,0.001,,164.0,159.0,4393.13929,True,False,True,True,0x983199dffa02c30a343ad5b8713f947b9a2612cbf8357c84814fa9c31af8b462
2026-08-28T14:38:06.352323+00:00,918715,3922903,Miami be 86°F or higher,2026-08-28,lowest_temperature,Will the lowest temperature in Miami be 86°F or higher on August 28?,86°F or higher,10.0,0.0005,0.9995,,0.001,,114.0,109.0,4152.46858,True,False,True,True,0xd16e2731f13802ef1c64cf78cfcddcc49c85bdd69619ca92a3515d2aaa288a72
2026-08-28T14:38:06.352335+00:00,918716,3922904,Chicago be 55°F or below,2026-08-28,lowest_temperature,Will the lowest temperature in Chicago be 55°F or below on August 28?,55°F or below,0.0,0.003,0.997,0.001,0.005,0.004,59.04,48.04,967.97496,True,False,True,True,0x11a4a7b1a436ac070e95277be5d7ff404b6612c3cfd43e6106103f8143bb730d
2026-08-28T14:38:06.352347+00:00,918716,3922905,Chicago be between 56-57°F,2026-08-28,lowest_temperature,Will the lowest temperature in Chicago be between 56-57°F on August 28?,56-57°F,1.0,0.003,0.997,0.001,0.005,0.004,51.0,45.0,928.97319,True,False,True,True,0xfb4f9becde1882caded48c31146fedaaae469c66dec33e47277a052437bfeff3
2026-08-28T14:38:06.352360+00:00,918716,3922906,Chicago be between 58-59°F,2026-08-28,lowest_temperature,Will the lowest temperature in Chicago be between 58-59°F on August 28?,58-59°F,2.0,0.003,0.997,0.001,0.005,0.004,35.269999999999996,35.269999999999996,328.54578,True,False,True,True,0x2a8c5a9cd3ce1d612e20721ded3566b9664b1ea006b05ac4ebdff8daa227f389
2026-08-28T14:38:06.352372+00:00,918716,3922907,Chicago be between 60-61°F,2026-08-28,lowest_temperature,Will the lowest temperature in Chicago be between 60-61°F on August 28?,60-61°F,3.0,0.06,0.94,,0.12,,95.2683,95.2683,117.0138,True,False,True,True,0xaab29a8d7b3073249d80ad26e4481c6bc535dea3ffc66bc7d9379cc612ad45f5
2026-08-28T14:38:06.352386+00:00,918716,3922908,Chicago be between 62-63°F,2026-08-28,lowest_temperature,Will the lowest temperature in Chicago be between 62-63°F on August 28?,62-63°F,4.0,0.075,0.925,,0.15,,82.55,82.55,80.8763,True,False,True,True,0x304dde925c188b3d98d70c22d15aec6c5d78fe41d512939ddddb644905932aa6
2026-08-28T14:38:06.352398+00:00,918716,3922909,Chicago be between 64-65°F,2026-08-28,lowest_temperature,Will the lowest temperature in Chicago be between 64-65°F on August 28?,64-65°F,5.0,0.045,0.955,0.01,0.08,0.07,28.22,22.27,90.8161,True,False,True,True,0x06f23f0ee3912060c005d468f9868f47468c0b5d4e591b439f2d83326ca7b5de
2026-08-28T14:38:06.352410+00:00,918716,3922910,Chicago be between 66-67°F,2026-08-28,lowest_temperature,Will the lowest temperature in Chicago be between 66-67°F on August 28?,66-67°F,6.0,0.945,0.055,0.91,0.98,0.06999999999999995,359.147,320.477,271.2453,True,False,True,True,0x4a7e66b1851d954ceb75001c7485c2ad533862ebc45acd3be7daccb756ddaa4d
2026-08-28T14:38:06.352425+00:00,918716,3922911,Chicago be between 68-69°F,2026-08-28,lowest_temperature,Will the lowest temperature in Chicago be between 68-69°F on August 28?,68-69°F,7.0,0.0005,0.9995,,0.001,,81.7604,81.76039999999999,3942.70601,True,False,True,True,0xd109bcda07b13061df4bc180b213bde185ba280649c5df05295a7679da7ab1f3
2026-08-28T14:38:06.352436+00:00,918716,3922912,Chicago be between 70-71°F,2026-08-28,lowest_temperature,Will the lowest temperature in Chicago be between 70-71°F on August 28?,70-71°F,8.0,0.0005,0.9995,,0.001,,100.03,95.03,4208.49821,True,False,True,True,0xfabf5db1fe93f20b2eaba6ba0becd6963bb5098078c8802dee5b56bdceb71849
2026-08-28T14:38:06.352450+00:00,918716,3922913,Chicago be between 72-73°F,2026-08-28,lowest_temperature,Will the lowest temperature in Chicago be between 72-73°F on August 28?,72-73°F,9.0,0.0005,0.9995,,0.001,,48.0,43.0,3933.67018,True,False,True,True,0xa82b201bb7bed359d241fd96bf45a6ebd7602dda25719a6947819ac3d1e79aec
2026-08-28T14:38:06.352461+00:00,918716,3922914,Chicago be 74°F or higher,2026-08-28,lowest_temperature,Will the lowest temperature in Chicago be 74°F or higher on August 28?,74°F or higher,10.0,0.0005,0.9995,,0.001,,55.0,50.0,4191.057,True,False,True,True,0xb5e09ae94cf57e0fd507d8bda19b5865ff1175668f2cc0b2c54df43c240ce54a
2026-08-28T14:38:06.352474+00:00,918717,3922916,Austin be 69°F or below,2026-08-28,lowest_temperature,Will the lowest temperature in Austin be 69°F or below on August 28?,69°F or below,0.0,0.21,0.79,,0.42,,48.18,37.18,54.2582,True,False,True,True,0x8fe00bc58c0d69de6c66fc0235429294e4400b9f2d038b0ab3ae2bd3fee31f49
2026-08-28T14:38:06.352486+00:00,918717,3922917,Austin be between 70-71°F,2026-08-28,lowest_temperature,Will the lowest temperature in Austin be between 70-71°F on August 28?,70-71°F,1.0,0.0055,0.9945,0.001,0.01,0.009000000000000001,11.0,,256.21719,True,False,True,True,0xdc30c8bbd7477419f8552df71e122800480dfef080570b061b1039f95fe1f6b5
2026-08-28T14:38:06.352498+00:00,918717,3922918,Austin be between 72-73°F,2026-08-28,lowest_temperature,Will the lowest temperature in Austin be between 72-73°F on August 28?,72-73°F,2.0,0.07,0.93,,0.14,,84.48975,84.48975,51.0607,True,False,True,True,0x6fed656a9087d5f72906a9bde9254071ae956cd17abf28ddf36fb92f5211997f
2026-08-28T14:38:06.352509+00:00,918717,3922919,Austin be between 74-75°F,2026-08-28,lowest_temperature,Will the lowest temperature in Austin be between 74-75°F on August 28?,74-75°F,3.0,0.11,0.89,0.02,0.2,0.18000000000000002,,,41.6565,True,False,True,True,0xa731aaefe740134a3f45e4aeeb01965d0117b5d04c19da8cc7761d7ba7e77006
2026-08-28T14:38:06.352521+00:00,918717,3922920,Austin be between 76-77°F,2026-08-28,lowest_temperature,Will the lowest temperature in Austin be between 76-77°F on August 28?,76-77°F,4.0,0.895,0.105,0.86,0.93,0.07000000000000006,146.690514,146.69051399999998,33.1617,True,False,True,True,0x3de7b00b2236173006141a13468c3730be7b1a71351daae915fc347d8c18ea1f
2026-08-28T14:38:06.352533+00:00,918717,3922921,Austin be between 78-79°F,2026-08-28,lowest_temperature,Will the lowest temperature in Austin be between 78-79°F on August 28?,78-79°F,5.0,0.0005,0.9995,,0.001,,94.36,94.36,3905.17101,True,False,True,True,0x69fc5c25985e42812bcbe9c469cd95a0b669df230534a71fd6c49a9edc9e2000
2026-08-28T14:38:06.352545+00:00,918717,3922922,Austin be between 80-81°F,2026-08-28,lowest_temperature,Will the lowest temperature in Austin be between 80-81°F on August 28?,80-81°F,6.0,0.0005,0.9995,,0.001,,66.354,66.354,3916.06781,True,False,True,True,0xedb5b2dd7f0a1a1fd5df4f30d25b048284e746777a84888eebc8c52f1f9bde1c
2026-08-28T14:38:06.352557+00:00,918717,3922923,Austin be between 82-83°F,2026-08-28,lowest_temperature,Will the lowest temperature in Austin be between 82-83°F on August 28?,82-83°F,7.0,0.0005,0.9995,,0.001,,63.0,58.0,3877.98386,True,False,True,True,0x56d3d2cdca59193a97c87493319235b4e2a510fc1d64ff77044878ae5f7a0d43
2026-08-28T14:38:06.352568+00:00,918717,3922924,Austin be between 84-85°F,2026-08-28,lowest_temperature,Will the lowest temperature in Austin be between 84-85°F on August 28?,84-85°F,8.0,0.0005,0.9995,,0.001,,56.0,51.0,3965.96886,True,False,True,True,0x6a48e2a9ac89cd35e76ce6984df4d576b367e54233646b711786912f677e4611
2026-08-28T14:38:06.352581+00:00,918717,3922925,Austin be between 86-87°F,2026-08-28,lowest_temperature,Will the lowest temperature in Austin be between 86-87°F on August 28?,86-87°F,9.0,0.0005,0.9995,,0.001,,55.0,50.0,4369.39288,True,False,True,True,0xc344327881f7a829713f7a81afab92a16890fd5e8329434d8e3e4c5108769f87
2026-08-28T14:38:06.352593+00:00,918717,3922926,Austin be 88°F or higher,2026-08-28,lowest_temperature,Will the lowest temperature in Austin be 88°F or higher on August 28?,88°F or higher,10.0,0.0005,0.9995,,0.001,,55.0,50.0,4563.502,True,False,True,True,0x5ad2fd0a7dd76abdbe81bb3d3cac006db66e4f1c3d42bdbbe558774e0b4e6813
2026-08-28T14:38:06.352605+00:00,918718,3922927,Denver be 55°F or below,2026-08-28,lowest_temperature,Will the lowest temperature in Denver be 55°F or below on August 28?,55°F or below,0.0,0.003,0.997,0.001,0.005,0.004,41.28,30.03,690.28997,True,False,True,True,0x6423678d5fdbaec5ca4285933d35b72d3c87448d241e0be5dba73f3d5640ffd1
2026-08-28T14:38:06.352618+00:00,918718,3922928,Denver be between 56-57°F,2026-08-28,lowest_temperature,Will the lowest temperature in Denver be between 56-57°F on August 28?,56-57°F,1.0,0.0055,0.9945,0.001,0.01,0.009000000000000001,28.991,17.991,348.11206,True,False,True,True,0x207bb00e88b29efe0b5856506dc8bf97f61928acd523f93ae93eb5832b403ac6
2026-08-28T14:38:06.352630+00:00,918718,3922929,Denver be between 58-59°F,2026-08-28,lowest_temperature,Will the lowest temperature in Denver be between 58-59°F on August 28?,58-59°F,2.0,0.02,0.98,,0.04,,31.27,25.27,58.7783,True,False,True,True,0x9a906ad08d09a04b6049234d621a350a2bca9730e269e624b1d75633a6dc349d
2026-08-28T14:38:06.352641+00:00,918718,3922930,Denver be between 60-61°F,2026-08-28,lowest_temperature,Will the lowest temperature in Denver be between 60-61°F on August 28?,60-61°F,3.0,0.025,0.975,0.01,0.04,0.03,7.27,7.27,62.4843,True,False,True,True,0xebb3b9dc1997494220b3d3a1f729ec4aa94d4d4c2b554eee435c88ef70affe2e
2026-08-28T14:38:06.352653+00:00,918718,3922931,Denver be between 62-63°F,2026-08-28,lowest_temperature,Will the lowest temperature in Denver be between 62-63°F on August 28?,62-63°F,4.0,0.265,0.735,0.02,0.51,0.49,,,38.4582,True,False,True,True,0xba423ba6d07998ed3e2ec3795c1b893c394e89d444e5a9293da3d0e8d5ce7791
2026-08-28T14:38:06.352665+00:00,918718,3922932,Denver be between 64-65°F,2026-08-28,lowest_temperature,Will the lowest temperature in Denver be between 64-65°F on August 28?,64-65°F,5.0,0.61,0.39,0.27,0.95,0.6799999999999999,211.6119,211.6119,16.508,True,False,True,True,0xc78a080f266d8d472c3d85f302f5f1d3b6fbc4b0330005bfd75e3349fef33e46
2026-08-28T14:38:06.352677+00:00,918718,3922933,Denver be between 66-67°F,2026-08-28,lowest_temperature,Will the lowest temperature in Denver be between 66-67°F on August 28?,66-67°F,6.0,0.0005,0.9995,,0.001,,112.80399999999999,112.80399999999999,2551.72016,True,False,True,True,0xa2bdda77ba0c670941f9479a5cbcf2f8af581be8ea403404409ffc7a2f05665a
2026-08-28T14:38:06.352698+00:00,918718,3922934,Denver be between 68-69°F,2026-08-28,lowest_temperature,Will the lowest temperature in Denver be between 68-69°F on August 28?,68-69°F,7.0,0.0005,0.9995,,0.001,,205.54,205.54,4086.14871,True,False,True,True,0x4652ab6c5aeb116104f40a59f95bd291bf5d1c36acf4fa80d2acf837324d4e95
2026-08-28T14:38:06.352709+00:00,918718,3922935,Denver be between 70-71°F,2026-08-28,lowest_temperature,Will the lowest temperature in Denver be between 70-71°F on August 28?,70-71°F,8.0,0.0005,0.9995,,0.001,,50.0,40.0,4146.25366,True,False,True,True,0xbbcea10fbd5e667774234b0425ab5e806db06a393edb1519dc255dced5afd423
2026-08-28T14:38:06.352724+00:00,918718,3922936,Denver be between 72-73°F,2026-08-28,lowest_temperature,Will the lowest temperature in Denver be between 72-73°F on August 28?,72-73°F,9.0,0.0005,0.9995,,0.001,,37.9683,32.9683,4175.20679,True,False,True,True,0xc99b9690a6370018e58707b4abb7865c5ab5a8cad047a3b1bb22efa24c7d3e8c
2026-08-28T14:38:06.352736+00:00,918718,3922937,Denver be 74°F or higher,2026-08-28,lowest_temperature,Will the lowest temperature in Denver be 74°F or higher on August 28?,74°F or higher,10.0,0.0005,0.9995,,0.001,,69.964,64.964,4427.74199,True,False,True,True,0x7e47c1929a29dcd60864332b9e221762e9bd251036ea67226299fe8dd2c2f4f6
2026-08-28T14:38:06.352749+00:00,918719,3922938,Houston be 67°F or below,2026-08-28,lowest_temperature,Will the lowest temperature in Houston be 67°F or below on August 28?,67°F or below,0.0,0.006,0.994,0.002,0.01,0.008,161.993986,156.993986,583.27595,True,False,True,True,0xba4bbf74688f05686ba018fb825c69779627124a28fa378406d984a957177193
2026-08-28T14:38:06.352762+00:00,918719,3922939,Houston be between 68-69°F,2026-08-28,lowest_temperature,Will the lowest temperature in Houston be between 68-69°F on August 28?,68-69°F,1.0,0.0055,0.9945,0.001,0.01,0.009000000000000001,62.066011,51.066011,337.51554,True,False,True,True,0x8e6bdd5fa739474f33c549cc261408a0b9b4c3233ccd621f6e22468e41c8d444
2026-08-28T14:38:06.352775+00:00,918719,3922940,Houston be between 70-71°F,2026-08-28,lowest_temperature,Will the lowest temperature in Houston be between 70-71°F on August 28?,70-71°F,2.0,0.405,0.595,,0.81,,98.18,27.18,22.3406,True,False,True,True,0xd0db2fecd618f1ce5724c303ce10b8b11c0e270fc8f9252fd0058983b4f4fc30
2026-08-28T14:38:06.352789+00:00,918719,3922941,Houston be between 72-73°F,2026-08-28,lowest_temperature,Will the lowest temperature in Houston be between 72-73°F on August 28?,72-73°F,3.0,0.405,0.595,,0.81,,37.18,37.18,18.92,True,False,True,True,0x328874c5e84cc497b541c4c9ca26500cd14d2a90a7ab99aebd893c5f6cf78121
2026-08-28T14:38:06.352801+00:00,918719,3922942,Houston be between 74-75°F,2026-08-28,lowest_temperature,Will the lowest temperature in Houston be between 74-75°F on August 28?,74-75°F,4.0,0.42,0.58,0.02,0.82,0.7999999999999999,19.0,,17.1922,True,False,True,True,0x6f30859a8fb2d98ac852005410c7293281874e0e53276bded20bc3630eb04542
2026-08-28T14:38:06.352813+00:00,918719,3922943,Houston be between 76-77°F,2026-08-28,lowest_temperature,Will the lowest temperature in Houston be between 76-77°F on August 28?,76-77°F,5.0,0.42,0.58,0.02,0.82,0.7999999999999999,20.0,,17.3623,True,False,True,True,0xde014fad557c5e36660404ff69b8dd110a3d9505bff280a9ad3b990e5a67da07
2026-08-28T14:38:06.352827+00:00,918719,3922944,Houston be between 78-79°F,2026-08-28,lowest_temperature,Will the lowest temperature in Houston be between 78-79°F on August 28?,78-79°F,6.0,0.425,0.575,0.03,0.82,0.7899999999999999,,,17.2019,True,False,True,True,0x91aac8f58c63c52217b2f8ae24812b393b58eb65ad35eb4c8adc53e1dadc45db
2026-08-28T14:38:06.352839+00:00,918719,3922945,Houston be between 80-81°F,2026-08-28,lowest_temperature,Will the lowest temperature in Houston be between 80-81°F on August 28?,80-81°F,7.0,0.425,0.575,0.03,0.82,0.7899999999999999,9.083072,9.083072,17.5272,True,False,True,True,0x9cd237d8b14aaf62e658169e8e464def0dc994bde076bc8ae988168ed86177d0
2026-08-28T14:38:06.352851+00:00,918719,3922946,Houston be between 82-83°F,2026-08-28,lowest_temperature,Will the lowest temperature in Houston be between 82-83°F on August 28?,82-83°F,8.0,0.0005,0.9995,,0.001,,101.72,101.72,3808.96432,True,False,True,True,0x3059081f3f4a4cec402091110462f567737c50ef735c42f6349e76035ec4deb0
2026-08-28T14:38:06.352863+00:00,918719,3922947,Houston be between 84-85°F,2026-08-28,lowest_temperature,Will the lowest temperature in Houston be between 84-85°F on August 28?,84-85°F,9.0,0.0005,0.9995,,0.001,,106.93935,101.93935,4328.37216,True,False,True,True,0x9a062e53aaaf55300e9855464d17d6fe29c9cd44faad4e64f1732114ad4edb2b
2026-08-28T14:38:06.352875+00:00,918719,3922948,Houston be 86°F or higher,2026-08-28,lowest_temperature,Will the lowest temperature in Houston be 86°F or higher on August 28?,86°F or higher,10.0,0.0005,0.9995,,0.001,,113.07000000000001,103.06,4656.51175,True,False,True,True,0x187e02c433f73e0d3a7c6a21ce0feb4f63e873f7ab5bf15c5ebba280203ac066
2026-08-28T14:38:06.352888+00:00,918720,3922949,Los Angeles be 67°F or below,2026-08-28,lowest_temperature,Will the lowest temperature in Los Angeles be 67°F or below on August 28?,67°F or below,0.0,0.36,0.64,,0.72,,31.27,25.27,35.7832,True,False,True,True,0x60e85f9ebcbb8c1d833723b30832c90b4250ea31dc077a37fb24e36584991271
2026-08-28T14:38:06.352901+00:00,918720,3922950,Los Angeles be between 68-69°F,2026-08-28,lowest_temperature,Will the lowest temperature in Los Angeles be between 68-69°F on August 28?,68-69°F,1.0,0.01,0.99,,0.02,,41.269999999999996,41.269999999999996,29.2223,True,False,True,True,0x165c335b09ee89930a5fbdbef488985adda58f3d1ef2c883161bff6c6cf454de
2026-08-28T14:38:06.352913+00:00,918720,3922951,Los Angeles be between 70-71°F,2026-08-28,lowest_temperature,Will the lowest temperature in Los Angeles be between 70-71°F on August 28?,70-71°F,2.0,0.075,0.925,0.01,0.14,0.13,12.0,12.0,32.7967,True,False,True,True,0x34c55a1e23ffc1899f0e7f25451ee885a112f01bc71dc927cd910f637cb53f50
2026-08-28T14:38:06.352925+00:00,918720,3922952,Los Angeles be between 72-73°F,2026-08-28,lowest_temperature,Will the lowest temperature in Los Angeles be between 72-73°F on August 28?,72-73°F,3.0,0.165,0.835,0.02,0.31,0.29,,,41.4424,True,False,True,True,0xd5e80f27f2c93dac4413fd6cc52d1b600ec577f76663cb2157cbfd91d88c5dfb
2026-08-28T14:38:06.352942+00:00,918720,3922953,Los Angeles be between 74-75°F,2026-08-28,lowest_temperature,Will the lowest temperature in Los Angeles be between 74-75°F on August 28?,74-75°F,4.0,0.87,0.13,0.79,0.95,0.15999999999999992,258.398378,258.39837800000004,65.6779,True,False,True,True,0xaf2555079f374732f62e3c1624938bc67b9154b938c8b212c6a730047e4c063e
2026-08-28T14:38:06.352954+00:00,918720,3922954,Los Angeles be between 76-77°F,2026-08-28,lowest_temperature,Will the lowest temperature in Los Angeles be between 76-77°F on August 28?,76-77°F,5.0,0.0005,0.9995,,0.001,,33.0,33.0,3887.93534,True,False,True,True,0xef6b68fb9042a5cb960880ccfcce11be4ce21fe4dcb7065fad7185d950faa254
2026-08-28T14:38:06.352966+00:00,918720,3922955,Los Angeles be between 78-79°F,2026-08-28,lowest_temperature,Will the lowest temperature in Los Angeles be between 78-79°F on August 28?,78-79°F,6.0,0.0005,0.9995,,0.001,,43.0,38.0,3879.86593,True,False,True,True,0xab02d45038899fd492968ce09c3df75b985e89dbaf6e21a3ba3ad63165a5cba2
2026-08-28T14:38:06.352977+00:00,918720,3922956,Los Angeles be between 80-81°F,2026-08-28,lowest_temperature,Will the lowest temperature in Los Angeles be between 80-81°F on August 28?,80-81°F,7.0,0.0005,0.9995,,0.001,,43.0,38.0,3864.85636,True,False,True,True,0xb83aed045848d5e8c545c9c9981297abc010a179f0cd27e2d249832c6743a091
2026-08-28T14:38:06.352990+00:00,918720,3922957,Los Angeles be between 82-83°F,2026-08-28,lowest_temperature,Will the lowest temperature in Los Angeles be between 82-83°F on August 28?,82-83°F,8.0,0.0005,0.9995,,0.001,,38.0,33.0,4033.97373,True,False,True,True,0x4ef71aef275964f1ffda94ea0cf131ca14f235a45673bb651ca25ddf254c1b80
2026-08-28T14:38:06.353002+00:00,918720,3922958,Los Angeles be between 84-85°F,2026-08-28,lowest_temperature,Will the lowest temperature in Los Angeles be between 84-85°F on August 28?,84-85°F,9.0,0.0005,0.9995,,0.001,,37.9944,32.9944,4524.87055,True,False,True,True,0xbd6b9689744debb7314a0a42f8a3ff35e60cd614a4c62ac5deea10d71098c5ad
2026-08-28T14:38:06.353014+00:00,918720,3922959,Los Angeles be 86°F or higher,2026-08-28,lowest_temperature,Will the lowest temperature in Los Angeles be 86°F or higher on August 28?,86°F or higher,10.0,0.0005,0.9995,,0.001,,65.01,55.0,4238.53,True,False,True,True,0xe6fe83408be4a60d55d4e8962e7a77c1ecfc3ecbb8f5f20e474e4a0ed8127d17
2026-08-28T14:38:06.353027+00:00,918721,3922960,San Francisco be 49°F or below,2026-08-28,lowest_temperature,Will the lowest temperature in San Francisco be 49°F or below on August 28?,49°F or below,0.0,0.003,0.997,0.001,0.005,0.004,41.03,30.03,907.28974,True,False,True,True,0xd11c2695e6def6c114e94c554d240889caba49d39731977e9432eaff0e61e249
2026-08-28T14:38:06.353039+00:00,918721,3922961,San Francisco be between 50-51°F,2026-08-28,lowest_temperature,Will the lowest temperature in San Francisco be between 50-51°F on August 28?,50-51°F,1.0,0.085,0.915,,0.17,,13.0,8.0,72.5768,True,False,True,True,0x0ee694251815e9848d76d7774ec2c155fc86b82ba9982f8dbbb7cbd8b89c3bf5
2026-08-28T14:38:06.353051+00:00,918721,3922962,San Francisco be between 52-53°F,2026-08-28,lowest_temperature,Will the lowest temperature in San Francisco be between 52-53°F on August 28?,52-53°F,2.0,0.015,0.985,0.01,0.02,0.01,7.27,7.27,29.5304,True,False,True,True,0x8a50f7067108669f95ee4eee2657cef53aa8268048e60de7fcc92f7cd1e3871e
2026-08-28T14:38:06.353064+00:00,918721,3922963,San Francisco be between 54-55°F,2026-08-28,lowest_temperature,Will the lowest temperature in San Francisco be between 54-55°F on August 28?,54-55°F,3.0,0.4,0.6,0.02,0.78,0.76,,,21.4897,True,False,True,True,0xbbbbf82e7adc8f37ff6387384a923cc69a496b8ad8a9ffe02420a164cbf3f98e
2026-08-28T14:38:06.353076+00:00,918721,3922964,San Francisco be between 56-57°F,2026-08-28,lowest_temperature,Will the lowest temperature in San Francisco be between 56-57°F on August 28?,56-57°F,4.0,0.41,0.59,0.03,0.79,0.76,,,19.8892,True,False,True,True,0x7064c2392ab9010c89621b10a5c557c84eef9dc5a7de076909bf97fac2887710
2026-08-28T14:38:06.353088+00:00,918721,3922965,San Francisco be between 58-59°F,2026-08-28,lowest_temperature,Will the lowest temperature in San Francisco be between 58-59°F on August 28?,58-59°F,5.0,0.775,0.225,0.75,0.8,0.050000000000000044,32.266152000000005,17.42,27.5361,True,False,True,True,0xacef70566f7799db19e927d24911a43310e2e323b66766bc9dfbbf9419d838ff
2026-08-28T14:38:06.353101+00:00,918721,3922966,San Francisco be between 60-61°F,2026-08-28,lowest_temperature,Will the lowest temperature in San Francisco be between 60-61°F on August 28?,60-61°F,6.0,0.0005,0.9995,,0.001,,302.80999999999995,302.81,4120.83815,True,False,True,True,0x5178b3d4bf8bb2671a02bdcffa3dffdd631fff35cc4521f41dd656426d3c6b51
2026-08-28T14:38:06.353113+00:00,918721,3922967,San Francisco be between 62-63°F,2026-08-28,lowest_temperature,Will the lowest temperature in San Francisco be between 62-63°F on August 28?,62-63°F,7.0,0.0005,0.9995,,0.001,,68.27,68.27,3885.28815,True,False,True,True,0x64e95a7bf58bc89dd077f13d7a5b60169f7acacd4e0647ca7f9cf7d9c3ab6f42
2026-08-28T14:38:06.353126+00:00,918721,3922968,San Francisco be between 64-65°F,2026-08-28,lowest_temperature,Will the lowest temperature in San Francisco be between 64-65°F on August 28?,64-65°F,8.0,0.0005,0.9995,,0.001,,38.0,33.0,4029.35419,True,False,True,True,0xa68c041476beccdda57d81eeba813a339f18a2c97d1f2377d49cc0353440a107
2026-08-28T14:38:06.353138+00:00,918721,3922969,San Francisco be between 66-67°F,2026-08-28,lowest_temperature,Will the lowest temperature in San Francisco be between 66-67°F on August 28?,66-67°F,9.0,0.0005,0.9995,,0.001,,23.0,18.0,4021.3942,True,False,True,True,0x63290d16d378a5bb22dc48dfe4e126cce9847aef2f13d5b21a6e91f1945f6aee
2026-08-28T14:38:06.353152+00:00,918721,3922970,San Francisco be 68°F or higher,2026-08-28,lowest_temperature,Will the lowest temperature in San Francisco be 68°F or higher on August 28?,68°F or higher,10.0,0.0005,0.9995,,0.001,,30.0,25.0,4444.317,True,False,True,True,0x0c6ac8514094ffdef4ee011c63b71ec80dddef61f6438082537f6be929b81daa
2026-08-28T14:38:06.353164+00:00,918722,3922971,Mexico City be 9°C or below,2026-08-28,lowest_temperature,Will the lowest temperature in Mexico City be 9°C or below on August 28?,9°C or below,0.0,0.004,0.996,0.002,0.006,0.004,128.1183,117.1183,587.2274,True,False,True,True,0xa7d9d46ee110fffee6be6d3756513a03a78b552320bebaac16a604562ff8ff98
2026-08-28T14:38:06.353180+00:00,918722,3922972,Mexico City be 10°C,2026-08-28,lowest_temperature,Will the lowest temperature in Mexico City be 10°C on August 28?,10°C,1.0,0.0035,0.9965,0.001,0.006,0.005,16.0,5.0,404.48275,True,False,True,True,0xabd3e4b72b3f51c833f3725f34ea030b7f08c0e6d0e7944d5160205d4ae78231
2026-08-28T14:38:06.353195+00:00,918722,3922973,Mexico City be 11°C,2026-08-28,lowest_temperature,Will the lowest temperature in Mexico City be 11°C on August 28?,11°C,2.0,0.25,0.75,0.02,0.48,0.45999999999999996,,,9.339,True,False,True,True,0x28cce641d83bdc88c101b612c8925e7d2ef191c0b2d01dcbc6f5961f067ad47d
2026-08-28T14:38:06.353207+00:00,918722,3922974,Mexico City be 12°C,2026-08-28,lowest_temperature,Will the lowest temperature in Mexico City be 12°C on August 28?,12°C,3.0,0.485,0.515,0.02,0.95,0.9299999999999999,,,3.355,True,False,True,True,0x5a59b1264032863396965520cb2bfb048ddb65ba40495b991dce26907440e718
2026-08-28T14:38:06.353219+00:00,918722,3922975,Mexico City be 13°C,2026-08-28,lowest_temperature,Will the lowest temperature in Mexico City be 13°C on August 28?,13°C,4.0,0.485,0.515,0.02,0.95,0.9299999999999999,,,3.405,True,False,True,True,0x6e3fb049a77826fb3bff83292f469ae05953681915c8d442d66960cfba6cf2c0
2026-08-28T14:38:06.353231+00:00,918722,3922976,Mexico City be 14°C,2026-08-28,lowest_temperature,Will the lowest temperature in Mexico City be 14°C on August 28?,14°C,5.0,0.485,0.515,0.02,0.95,0.9299999999999999,,,3.405,True,False,True,True,0x8d33273120ceb8323a2b6066c2196c47ecc3f3dfa744f575414d84cd03e2f1b1
2026-08-28T14:38:06.353242+00:00,918722,3922977,Mexico City be 15°C,2026-08-28,lowest_temperature,Will the lowest temperature in Mexico City be 15°C on August 28?,15°C,6.0,0.0005,0.9995,,0.001,,103.53999999999999,103.53999999999999,2877.45329,True,False,True,True,0xca1c14edfe88f66b8b813e89b1623d874357f2295024dbfa3106eb4dec337a2b
2026-08-28T14:38:06.353254+00:00,918722,3922978,Mexico City be 16°C,2026-08-28,lowest_temperature,Will the lowest temperature in Mexico City be 16°C on August 28?,16°C,7.0,0.0005,0.9995,,0.001,,70.18,70.18,2898.48084,True,False,True,True,0xa1c5c57ffff37530e8b91115a8ed09f3ee3d1a2fa7dc739428fc4fe2b9715a58
2026-08-28T14:38:06.353266+00:00,918722,3922979,Mexico City be 17°C,2026-08-28,lowest_temperature,Will the lowest temperature in Mexico City be 17°C on August 28?,17°C,8.0,0.0005,0.9995,,0.001,,56.36,46.36,3366.65018,True,False,True,True,0xe36d1b14a6a645855c9bc28f2ef27bc16610e9a7fae0757ba29830b9dea9073d
2026-08-28T14:38:06.353276+00:00,918722,3922980,Mexico City be 18°C,2026-08-28,lowest_temperature,Will the lowest temperature in Mexico City be 18°C on August 28?,18°C,9.0,0.0005,0.9995,,0.001,,23.0,18.0,3377.41866,True,False,True,True,0x3dbe18ebdf42b3a9edc9081a7fe1bc8c8d8869f8dc08cd0c601280736c651c69
2026-08-28T14:38:06.353289+00:00,918722,3922981,Mexico City be 19°C or higher,2026-08-28,lowest_temperature,Will the lowest temperature in Mexico City be 19°C or higher on August 28?,19°C or higher,10.0,0.0005,0.9995,,0.001,,58.0,53.0,3519.73374,True,False,True,True,0x2989b038c03a2af9214c74212b911d20052d70cdb1e32f773ec43f3c78a8d3ab
2026-08-28T14:38:06.353301+00:00,918723,3922982,Panama City be 20°C or below,2026-08-28,lowest_temperature,Will the lowest temperature in Panama City be 20°C or below on August 28?,20°C or below,0.0,0.003,0.997,0.001,0.005,0.004,5.0,,679.91476,True,False,True,True,0x8557e3088e6e4828d042a36b4f537b62b1d307d26c96197738c397b55c03efe0
2026-08-28T14:38:06.353313+00:00,918723,3922983,Panama City be 21°C,2026-08-28,lowest_temperature,Will the lowest temperature in Panama City be 21°C on August 28?,21°C,1.0,0.295,0.705,,0.59,,37.3516,26.351599999999998,68.1811,True,False,True,True,0x28ca6b0655b76bebe744f1e658afbbece0250bf8b3292a82346b8c135895e835
2026-08-28T14:38:06.353325+00:00,918723,3922984,Panama City be 22°C,2026-08-28,lowest_temperature,Will the lowest temperature in Panama City be 22°C on August 28?,22°C,2.0,0.46,0.54,,0.92,,37.36,26.36,4.0934,True,False,True,True,0x713f43a071b3eab7dd34fa28c1b27eda3f39c2bf72c6fd08a01123fa8f7e3c12
2026-08-28T14:38:06.353339+00:00,918723,3922985,Panama City be 23°C,2026-08-28,lowest_temperature,Will the lowest temperature in Panama City be 23°C on August 28?,23°C,3.0,0.0255,0.9745,0.002,0.049,0.047,37.18,37.18,16.60015,True,False,True,True,0xe007e659c369b6d7482696e5b4a73f53b409120159119e97ea5314eb226eec1f
2026-08-28T14:38:06.353351+00:00,918723,3922986,Panama City be 24°C,2026-08-28,lowest_temperature,Will the lowest temperature in Panama City be 24°C on August 28?,24°C,4.0,0.42,0.58,0.01,0.83,0.82,19.18,19.18,17.3181,True,False,True,True,0xe24fb41820c5fc13af220f0c7d169f3204da6b7f81c7331420c89a8a4f5760f4
2026-08-28T14:38:06.353364+00:00,918723,3922987,Panama City be 25°C,2026-08-28,lowest_temperature,Will the lowest temperature in Panama City be 25°C on August 28?,25°C,5.0,0.495,0.505,0.02,0.97,0.95,,,2.7053,True,False,True,True,0x3caa5b817f013540d5577dade30f97ba571ff1096af02ba8e2bfbedc13fabbc4
2026-08-28T14:38:06.353378+00:00,918723,3922988,Panama City be 26°C,2026-08-28,lowest_temperature,Will the lowest temperature in Panama City be 26°C on August 28?,26°C,6.0,0.455,0.545,0.03,0.88,0.85,37.425452,37.425452,13.2177,True,False,True,True,0x2f85c82d59bf1e1c448503bf01929d3f95dd3b6cddc933b98edc3b0602a5cc4c
2026-08-28T14:38:06.353391+00:00,918723,3922989,Panama City be 27°C,2026-08-28,lowest_temperature,Will the lowest temperature in Panama City be 27°C on August 28?,27°C,7.0,0.0005,0.9995,,0.001,,11928.011011999999,11928.011012,2900.06029,True,False,True,True,0x402cb0cab7d70ca8be6d51072c7cd42f581c1f3fca6327fa798731eea6ae0ae9
2026-08-28T14:38:06.353404+00:00,918723,3922990,Panama City be 28°C,2026-08-28,lowest_temperature,Will the lowest temperature in Panama City be 28°C on August 28?,28°C,8.0,0.0005,0.9995,,0.001,,66.36,61.36,3455.14456,True,False,True,True,0xd4dab319a54884f780e386a79356e148f58acebc9d6d12cf5d637d2be986ecbe
2026-08-28T14:38:06.353415+00:00,918723,3922991,Panama City be 29°C,2026-08-28,lowest_temperature,Will the lowest temperature in Panama City be 29°C on August 28?,29°C,9.0,0.0005,0.9995,,0.001,,48.0,43.0,3714.57077,True,False,True,True,0xfe970a51773573b54ada01d495d977a72a62f4b57215777459378905206ff378
2026-08-28T14:38:06.353429+00:00,918723,3922992,Panama City be 30°C or higher,2026-08-28,lowest_temperature,Will the lowest temperature in Panama City be 30°C or higher on August 28?,30°C or higher,10.0,0.0005,0.9995,,0.001,,43.0,38.0,3157.96367,True,False,True,True,0x5f5c026df2b3f33ee036cad1b7fc983bd06bb6a24a44ab3250ba3bf31562d8ce
2026-08-28T14:38:06.353441+00:00,919288,3925358,Jinan be 12°C or below,2026-08-28,lowest_temperature,Will the lowest temperature in Jinan be 12°C or below on August 28?,12°C or below,0.0,0.005,0.995,0.001,0.009,0.008,33.933,28.933000000000003,450.71999,True,False,True,True,0xa18b41bead143c300a923c58764cee0618b6351fdf5033506e7ed211f243a10e
2026-08-28T14:38:06.353454+00:00,919288,3925359,Jinan be 13°C,2026-08-28,lowest_temperature,Will the lowest temperature in Jinan be 13°C on August 28?,13°C,1.0,0.005,0.995,0.001,0.009,0.008,33.933,28.933000000000003,430.83999,True,False,True,True,0x572efa6bcf7ccb0072a398216a69d16f0b18a6f2691ab3209c21f724d5c4f860
2026-08-28T14:38:06.353467+00:00,919288,3925360,Jinan be 14°C,2026-08-28,lowest_temperature,Will the lowest temperature in Jinan be 14°C on August 28?,14°C,2.0,0.005,0.995,0.001,0.009,0.008,43.1734,38.18,434.86858,True,False,True,True,0xc8b3d55286002f34f1fba57fbedca704bf1b6d3e91479dedd28d21cbdd00de23
2026-08-28T14:38:06.353480+00:00,919288,3925361,Jinan be 15°C,2026-08-28,lowest_temperature,Will the lowest temperature in Jinan be 15°C on August 28?,15°C,3.0,0.0055,0.9945,0.001,0.01,0.009000000000000001,43.1728,38.1728,392.94536,True,False,True,True,0x562fde69eef005240547ec3f316837e490395b149895fc8a0c46ebc33e447432
2026-08-28T14:38:06.353492+00:00,919288,3925362,Jinan be 16°C,2026-08-28,lowest_temperature,Will the lowest temperature in Jinan be 16°C on August 28?,16°C,4.0,0.0055,0.9945,0.001,0.01,0.009000000000000001,43.1728,38.1728,170.47904,True,False,True,True,0x861d97c0d5e13bad6e1817bb6dcde3de608ff6d2b6ec9026b63042c2b2f3490b
2026-08-28T14:38:06.353506+00:00,919288,3925363,Jinan be 17°C,2026-08-28,lowest_temperature,Will the lowest temperature in Jinan be 17°C on August 28?,17°C,5.0,0.01,0.99,0.001,0.019,0.018,60.18,55.18,125.63752,True,False,True,True,0x41424fef535f1866a6068a331385ddb097ec5c00defc9a5cbf7e5166d1c063a7
2026-08-28T14:38:06.353518+00:00,919288,3925364,Jinan be 18°C,2026-08-28,lowest_temperature,Will the lowest temperature in Jinan be 18°C on August 28?,18°C,6.0,0.0265,0.9735,0.004,0.049,0.045,34.794,29.793999999999997,15.00112,True,False,True,True,0xc211813e93c26b5a1d3a4466908ea0eed6b4a5685a88452576f5d800d7c0746d
2026-08-28T14:38:06.353530+00:00,919288,3925365,Jinan be 19°C,2026-08-28,lowest_temperature,Will the lowest temperature in Jinan be 19°C on August 28?,19°C,7.0,0.24,0.76,0.01,0.47,0.45999999999999996,64.0,48.0,19.4991,True,False,True,True,0x6fde5a8864b97b3297e8872ef5d615e40c5cde3175c89dfb4282b5e9477892af
2026-08-28T14:38:06.353542+00:00,919288,3925366,Jinan be 20°C,2026-08-28,lowest_temperature,Will the lowest temperature in Jinan be 20°C on August 28?,20°C,8.0,0.505,0.495,0.03,0.98,0.95,,,2.3554,True,False,True,True,0xc34b892edfacc3f738fcc30823a2a90208cd292292cbc4325912388baff9a5da
2026-08-28T14:38:06.353553+00:00,919288,3925367,Jinan be 21°C,2026-08-28,lowest_temperature,Will the lowest temperature in Jinan be 21°C on August 28?,21°C,9.0,0.0005,0.9995,,0.001,,97.53999999999999,97.53999999999999,2871.14728,True,False,True,True,0x2a4011489163b32fbc324bd08dc75cc54164f9a2ec4362a227afe1cccb48c60f
2026-08-28T14:38:06.353565+00:00,919288,3925368,Jinan be 22°C or higher,2026-08-28,lowest_temperature,Will the lowest temperature in Jinan be 22°C or higher on August 28?,22°C or higher,10.0,0.0005,0.9995,,0.001,,286.18,286.18,5330.80937,True,False,True,True,0xdb477516df25309791ff7e25ac5a7f015c7e3f57ee2e42d346204f49bbd79594
2026-08-28T14:38:06.353579+00:00,919289,3925369,Zhengzhou be 15°C or below,2026-08-28,lowest_temperature,Will the lowest temperature in Zhengzhou be 15°C or below on August 28?,15°C or below,0.0,0.0045,0.9955,0.001,0.008,0.007,55.1649,50.171499999999995,552.97593,True,False,True,True,0xff971a56ad03b78b295ebe540152193f3236f1c7254115a4c4ff1985bc85f01c
2026-08-28T14:38:06.353591+00:00,919289,3925370,Zhengzhou be 16°C,2026-08-28,lowest_temperature,Will the lowest temperature in Zhengzhou be 16°C on August 28?,16°C,1.0,0.37,0.63,,0.74,,31.171300000000002,26.1713,10.9074,True,False,True,True,0x2703fb68275dd289ba57472141ab20e8ebaa034317b682ab3d9bb84a92946ba8
2026-08-28T14:38:06.353604+00:00,919289,3925371,Zhengzhou be 17°C,2026-08-28,lowest_temperature,Will the lowest temperature in Zhengzhou be 17°C on August 28?,17°C,2.0,0.475,0.525,,0.95,,41.2,26.18,4.689,True,False,True,True,0x7be72497d645a188da43bb4fd57fad6761b03092f55897942cdcbb234f70764a
2026-08-28T14:38:06.353619+00:00,919289,3925372,Zhengzhou be 18°C,2026-08-28,lowest_temperature,Will the lowest temperature in Zhengzhou be 18°C on August 28?,18°C,3.0,0.41,0.59,,0.82,,85.36,31.36,11.9369,True,False,True,True,0x1f74734d8486f9880745bead3eaab528b0edea51f2257962f560ff58c4d37ca5
2026-08-28T14:38:06.353631+00:00,919289,3925373,Zhengzhou be 19°C,2026-08-28,lowest_temperature,Will the lowest temperature in Zhengzhou be 19°C on August 28?,19°C,4.0,0.43,0.57,0.01,0.85,0.84,70.00999999999999,26.0101,10.9085,True,False,True,True,0x1939f2eb223b9563330b5069e2617429b064b58fa4690830fdf86c05431483c7
2026-08-28T14:38:06.353644+00:00,919289,3925374,Zhengzhou be 20°C,2026-08-28,lowest_temperature,Will the lowest temperature in Zhengzhou be 20°C on August 28?,20°C,5.0,0.495,0.505,0.03,0.96,0.9299999999999999,,,2.9054,True,False,True,True,0x5e6baa8eab50a318f29444ae46091a04bd832303b038039293a6a85949f10e28
2026-08-28T14:38:06.353656+00:00,919289,3925375,Zhengzhou be 21°C,2026-08-28,lowest_temperature,Will the lowest temperature in Zhengzhou be 21°C on August 28?,21°C,6.0,0.5,0.5,0.03,0.97,0.94,,,5.7054,True,False,True,True,0x9700e2075e8b3de5092b77e61c3ba5d062c1d61086a604b2b82623428588eb0a
2026-08-28T14:38:06.353668+00:00,919289,3925376,Zhengzhou be 22°C,2026-08-28,lowest_temperature,Will the lowest temperature in Zhengzhou be 22°C on August 28?,22°C,7.0,0.004,0.996,,0.008,,103.54,103.53999999999999,3625.10322,True,False,True,True,0x3e650f0796769bc0fe4b700000a0a3f05995bb24a4929600561358894455d141
2026-08-28T14:38:06.353681+00:00,919289,3925377,Zhengzhou be 23°C,2026-08-28,lowest_temperature,Will the lowest temperature in Zhengzhou be 23°C on August 28?,23°C,8.0,0.003,0.997,,0.006,,97.66,97.66,7632.89906,True,False,True,True,0xf2692b09b44c3e570ba1ad03f2b6e873c3ec21bc1cbcb56a595b4ff7df43fa30
2026-08-28T14:38:06.353700+00:00,919289,3925378,Zhengzhou be 24°C,2026-08-28,lowest_temperature,Will the lowest temperature in Zhengzhou be 24°C on August 28?,24°C,9.0,0.004,0.996,,0.008,,76.2917,76.2917,7604.22349,True,False,True,True,0x2f91eae97910ef0794073103898bdc85a7d504c268a3d0cf35c33d50857da2ad
2026-08-28T14:38:06.353712+00:00,919289,3925379,Zhengzhou be 25°C or higher,2026-08-28,lowest_temperature,Will the lowest temperature in Zhengzhou be 25°C or higher on August 28?,25°C or higher,10.0,0.001,0.999,,0.002,,84.994,79.994,6780.17865,True,False,True,True,0xdc9e7e6c58a738bb12acd88b1c8927bc47313cd31d7504b5c97095231fdd611e
2026-08-28T14:38:06.353725+00:00,919290,3925380,London be 12°C or below,2026-08-29,lowest_temperature,Will the lowest temperature in London be 12°C or below on August 29?,12°C or below,0.0,0.0005,0.9995,,0.001,,196.93,110.93,2852.1218,True,False,True,True,0xd73581e5530f4a17d75aea7261a34d2c7949ed44f095fc91686698769959e7e2
2026-08-28T14:38:06.353739+00:00,919290,3925381,London be 13°C,2026-08-29,lowest_temperature,Will the lowest temperature in London be 13°C on August 29?,13°C,1.0,0.002,0.998,0.001,0.003,0.002,181.041,116.04100000000001,2531.98983,True,False,True,True,0xb74b7a260ab716dde8969d17759c687fea5e72eb665f55d2cc3a646c2381263b
2026-08-28T14:38:06.353751+00:00,919290,3925382,London be 14°C,2026-08-29,lowest_temperature,Will the lowest temperature in London be 14°C on August 29?,14°C,2.0,0.0005,0.9995,,0.001,,164.37433199999998,131.041,1916.69007,True,False,True,True,0x919564eda516682de10c761a5db96b1037ad0bc70408828cf54dad3082b5a7a8
2026-08-28T14:38:06.353763+00:00,919290,3925383,London be 15°C,2026-08-29,lowest_temperature,Will the lowest temperature in London be 15°C on August 29?,15°C,3.0,0.0065,0.9935,0.004,0.009,0.004999999999999999,249.541689,234.068833,1183.8699,True,False,True,True,0x328e18de8695ed64ab414ac93e03801cdc33ff8ef21b0caedebc5e729ab091f4
2026-08-28T14:38:06.353775+00:00,919290,3925384,London be 16°C,2026-08-29,lowest_temperature,Will the lowest temperature in London be 16°C on August 29?,16°C,4.0,0.225,0.775,0.2,0.25,0.04999999999999999,1640.1442670000001,1448.81427,1405.8519,True,False,True,True,0xdd0a16a668c1f43aea39a9e01b4a0b755153488bc7a24aecd1783151202d2c5b
2026-08-28T14:38:06.353789+00:00,919290,3925385,London be 17°C,2026-08-29,lowest_temperature,Will the lowest temperature in London be 17°C on August 29?,17°C,5.0,0.625,0.375,0.62,0.63,0.010000000000000009,1493.2791269999998,1190.72998,1791.8939,True,False,True,True,0x87af7f8bbdc7f16ce3faa77290e855b883ff0f3c18b4316e717a933063ec746d
2026-08-28T14:38:06.353800+00:00,919290,3925386,London be 18°C,2026-08-29,lowest_temperature,Will the lowest temperature in London be 18°C on August 29?,18°C,6.0,0.16,0.84,0.15,0.17,0.020000000000000018,728.8359950000001,464.772555,1521.0579,True,False,True,True,0x23591b8c2454c6856914dbb407c79d0190df7e1aea5c60dde014f90db7f55c85
2026-08-28T14:38:06.353812+00:00,919290,3925387,London be 19°C,2026-08-29,lowest_temperature,Will the lowest temperature in London be 19°C on August 29?,19°C,7.0,0.002,0.998,,0.004,,517.2547999999999,190.041,1881.57876,True,False,True,True,0x86f50c72384264a931199a6280f044b4aefb61ebc97b5c0511b4df3ddf9b6a69
2026-08-28T14:38:06.353824+00:00,919290,3925388,London be 20°C,2026-08-29,lowest_temperature,Will the lowest temperature in London be 20°C on August 29?,20°C,8.0,0.0005,0.9995,,0.001,,138.64,133.64,3160.63837,True,False,True,True,0x88d7e4ef5c9771ec5d38bfd8edb45935507819aae5e4858189242fa08786a561
2026-08-28T14:38:06.353836+00:00,919290,3925389,London be 21°C,2026-08-29,lowest_temperature,Will the lowest temperature in London be 21°C on August 29?,21°C,9.0,0.0005,0.9995,,0.001,,133.64,128.64,3656.80692,True,False,True,True,0x86cdb7c079667094643f700a6de155291f3e696a41e2af89b184751bc5d26102
2026-08-28T14:38:06.353847+00:00,919290,3925390,London be 22°C or higher,2026-08-29,lowest_temperature,Will the lowest temperature in London be 22°C or higher on August 29?,22°C or higher,10.0,0.0005,0.9995,,0.001,,138.64,133.64,3921.06674,True,False,True,True,0x9138ee16103773953bef45c39370ef0dd5243762fdd6ef7ebb0be4987af8c053
2026-08-28T14:38:06.353859+00:00,919291,3925391,Paris be 11°C or below,2026-08-29,lowest_temperature,Will the lowest temperature in Paris be 11°C or below on August 29?,11°C or below,0.0,0.003,0.997,0.001,0.005,0.004,44.328,39.327999999999996,1910.34921,True,False,True,True,0x491b958e8cd46e5256961e3c8d8adb00b0c62a3165e3faf6a46146847191e6d7
2026-08-28T14:38:06.353873+00:00,919291,3925392,Paris be 12°C,2026-08-29,lowest_temperature,Will the lowest temperature in Paris be 12°C on August 29?,12°C,1.0,0.005,0.995,0.001,0.009,0.008,10.3,5.3,1416.29595,True,False,True,True,0x98d54b4b59881402a311b3b0bfa6151229129a25722f6e17627859761041c02a
2026-08-28T14:38:06.353885+00:00,919291,3925393,Paris be 13°C,2026-08-29,lowest_temperature,Will the lowest temperature in Paris be 13°C on August 29?,13°C,2.0,0.025,0.975,0.02,0.03,0.009999999999999998,83.96325,38.463249999999995,664.2252,True,False,True,True,0xd52c4e14c7d5b42520b526c6d860c007656713a189d0225d7297680d9a5cc435
2026-08-28T14:38:06.353899+00:00,919291,3925394,Paris be 14°C,2026-08-29,lowest_temperature,Will the lowest temperature in Paris be 14°C on August 29?,14°C,3.0,0.03,0.97,0.02,0.04,0.02,75.8,55.8,722.8658,True,False,True,True,0xe916750fbc44244b24ff5b7260c40ed4296cf664a0ab293ede7aa7b498caf64c
2026-08-28T14:38:06.353913+00:00,919291,3925395,Paris be 15°C,2026-08-29,lowest_temperature,Will the lowest temperature in Paris be 15°C on August 29?,15°C,4.0,0.13,0.87,0.12,0.14,0.020000000000000018,68.9875,68.9875,628.0142,True,False,True,True,0x8333e81d6b13f6e927afa8e712305a04d6da9e3e493825e1846359d83f86da8a
2026-08-28T14:38:06.353926+00:00,919291,3925396,Paris be 16°C,2026-08-29,lowest_temperature,Will the lowest temperature in Paris be 16°C on August 29?,16°C,5.0,0.465,0.535,0.46,0.47,0.009999999999999953,297.990404,236.175593,946.1901,True,False,True,True,0xfc44ff8ab734a587a7703c704e47518fb1acff4a1281670b4cf982466f218c93
2026-08-28T14:38:06.353938+00:00,919291,3925397,Paris be 17°C,2026-08-29,lowest_temperature,Will the lowest temperature in Paris be 17°C on August 29?,17°C,6.0,0.385,0.615,0.38,0.39,0.010000000000000009,103.62333199999999,103.623332,594.3398,True,False,True,True,0xe31674abc5d10eca5456e5700e9ee9e00dab6013b87cd34353e3316668c3e39d
2026-08-28T14:38:06.353950+00:00,919291,3925398,Paris be 18°C,2026-08-29,lowest_temperature,Will the lowest temperature in Paris be 18°C on August 29?,18°C,7.0,0.03,0.97,0.02,0.04,0.02,122.100723,122.100723,1141.674,True,False,True,True,0xcd5c728bf8724f704dcbfdf93a821117c4b49483ca4ee44f8d1cf11e0dc281ae
2026-08-28T14:38:06.353962+00:00,919291,3925399,Paris be 19°C,2026-08-29,lowest_temperature,Will the lowest temperature in Paris be 19°C on August 29?,19°C,8.0,0.01,0.99,,0.02,,142.9914,112.9914,1470.4906,True,False,True,True,0x2e4850827cc8e6d8500b3c9de1f2dd365340ea9d52fb6a68441baa61fe7cc445
2026-08-28T14:38:06.353974+00:00,919291,3925400,Paris be 20°C,2026-08-29,lowest_temperature,Will the lowest temperature in Paris be 20°C on August 29?,20°C,9.0,0.005,0.995,0.001,0.009,0.008,10.3,5.3,1771.85247,True,False,True,True,0x1742cc7f945f0cb268a386f430b7c59f770849ed4b44caf8a61ff88e41325e44
2026-08-28T14:38:06.353988+00:00,919291,3925401,Paris be 21°C or higher,2026-08-29,lowest_temperature,Will the lowest temperature in Paris be 21°C or higher on August 29?,21°C or higher,10.0,0.003,0.997,0.001,0.005,0.004,31.301,26.301,2392.27258,True,False,True,True,0x29f24b0ff7378a119a40efcdd143afc2deedf2de313cfb7131dc858bbd5e5907
2026-08-28T14:38:06.354002+00:00,919292,3925402,Seoul (Incheon) be 19°C or below,2026-08-29,lowest_temperature,Will the lowest temperature in Seoul (Incheon) be 19°C or below on August 29?,19°C or below,0.0,0.0055,0.9945,0.001,0.01,0.009000000000000001,73.15,73.15,278.04473,True,False,True,True,0xfff07fc396947196fcfb3b65cd7995475c292f8cc599aba1657c9cf75468e24f
2026-08-28T14:38:06.354016+00:00,919292,3925403,Seoul (Incheon) be 20°C,2026-08-29,lowest_temperature,Will the lowest temperature in Seoul (Incheon) be 20°C on August 29?,20°C,1.0,0.0055,0.9945,0.001,0.01,0.009000000000000001,73.15,73.15,651.61616,True,False,True,True,0x3353db23183d5b16cf7a4b6c6113c807f6e0a6397d27b1ed0874aff3f17df1be
2026-08-28T14:38:06.354028+00:00,919292,3925404,Seoul (Incheon) be 21°C,2026-08-29,lowest_temperature,Will the lowest temperature in Seoul (Incheon) be 21°C on August 29?,21°C,2.0,0.006,0.994,0.002,0.01,0.008,193.7135,132.262,757.97993,True,False,True,True,0x9e8d02878f4f3724d97acc508cf01396cfafe9c2589890312df49c0a54f8c090
2026-08-28T14:38:06.354040+00:00,919292,3925405,Seoul (Incheon) be 22°C,2026-08-29,lowest_temperature,Will the lowest temperature in Seoul (Incheon) be 22°C on August 29?,22°C,3.0,0.05,0.95,0.01,0.09,0.08,99.16,79.16,156.2299,True,False,True,True,0xf8d288eeb49f0ebdca33b3a770a1d8df10ea3c7b20f4f838b9f81889105b20b5
2026-08-28T14:38:06.354052+00:00,919292,3925406,Seoul (Incheon) be 23°C,2026-08-29,lowest_temperature,Will the lowest temperature in Seoul (Incheon) be 23°C on August 29?,23°C,4.0,0.19,0.81,0.05,0.33,0.28,70.22524,70.22524,115.8427,True,False,True,True,0x667639ceca56ced1a0db5e93b6fa163f5f59f045fc3aabdbe478f0001f593c3c
2026-08-28T14:38:06.354065+00:00,919292,3925407,Seoul (Incheon) be 24°C,2026-08-29,lowest_temperature,Will the lowest temperature in Seoul (Incheon) be 24°C on August 29?,24°C,5.0,0.195,0.805,0.11,0.28,0.17000000000000004,81.761102,81.76110200000001,118.1779,True,False,True,True,0xb5d52defee3bf3532ed35e7d048b73847ebed92636a0dc8854c75f11f9dfcb11
2026-08-28T14:38:06.354077+00:00,919292,3925408,Seoul (Incheon) be 25°C,2026-08-29,lowest_temperature,Will the lowest temperature in Seoul (Incheon) be 25°C on August 29?,25°C,6.0,0.495,0.505,0.49,0.5,0.010000000000000009,406.80548699999997,406.805487,561.0817,True,False,True,True,0x27e4ff06ff3edb64a2e8e5c5e71f6846168e24333d682b911ca6d4ebfdee5bd2
2026-08-28T14:38:06.354089+00:00,919292,3925409,Seoul (Incheon) be 26°C,2026-08-29,lowest_temperature,Will the lowest temperature in Seoul (Incheon) be 26°C on August 29?,26°C,7.0,0.17,0.83,0.09,0.25,0.16,205.01342699999998,198.561816,147.9973,True,False,True,True,0x91a6b37117a0f69699085fe491b899cd7be63695075fb6ae63e54fe1ae3a8d35
2026-08-28T14:38:06.354101+00:00,919292,3925410,Seoul (Incheon) be 27°C,2026-08-29,lowest_temperature,Will the lowest temperature in Seoul (Incheon) be 27°C on August 29?,27°C,8.0,0.01,0.99,,0.02,,143.0,128.0,562.6517,True,False,True,True,0xa512d86a507cfaa83be9c729194657957dd644239b6fe52e0d0b8a541f1ad2d5
2026-08-28T14:38:06.354113+00:00,919292,3925411,Seoul (Incheon) be 28°C,2026-08-29,lowest_temperature,Will the lowest temperature in Seoul (Incheon) be 28°C on August 29?,28°C,9.0,0.0055,0.9945,0.001,0.01,0.009000000000000001,10.0,10.0,143.88729,True,False,True,True,0xca7cf41eacd18374112b2005e63445702928e10f1a167c1ef387f851b5352a33
2026-08-28T14:38:06.354125+00:00,919292,3925412,Seoul (Incheon) be 29°C or higher,2026-08-29,lowest_temperature,Will the lowest temperature in Seoul (Incheon) be 29°C or higher on August 29?,29°C or higher,10.0,0.0045,0.9955,,0.009,,182.98499999999999,182.985,278.67376,True,False,True,True,0x497b3d06d1ddd666209c6d7ba085670d57c5a335eef2be8442309329082fdd0c
2026-08-28T14:38:06.354138+00:00,919293,3925413,Ankara be 9°C or below,2026-08-29,lowest_temperature,Will the lowest temperature in Ankara be 9°C or below on August 29?,9°C or below,0.0,0.01,0.99,,0.02,,5.0,,54.3033,True,False,True,True,0x6df9a382d2913fc1abab1ee26ab43b6a393156b15338b98e94d2368eef2eb0f0
2026-08-28T14:38:06.354152+00:00,919293,3925414,Ankara be 10°C,2026-08-29,lowest_temperature,Will the lowest temperature in Ankara be 10°C on August 29?,10°C,1.0,0.25,0.75,0.03,0.47,0.43999999999999995,,,132.6224,True,False,True,True,0xa0be0ec9585e1f35280d5414251eac8bb77718ec87b81cb215669fccf38741ab
2026-08-28T14:38:06.354164+00:00,919293,3925415,Ankara be 11°C,2026-08-29,lowest_temperature,Will the lowest temperature in Ankara be 11°C on August 29?,11°C,2.0,0.26,0.74,0.03,0.49,0.45999999999999996,,,100.8814,True,False,True,True,0xbc8c2e43616ca792a42b153dd0efb73b4f7dd8ded21506a605f43a840e91ead1
2026-08-28T14:38:06.354175+00:00,919293,3925416,Ankara be 12°C,2026-08-29,lowest_temperature,Will the lowest temperature in Ankara be 12°C on August 29?,12°C,3.0,0.265,0.735,0.03,0.5,0.47,,,84.1004,True,False,True,True,0x03ac0c343756bde1fae1f0347c4c3820ac66bc88abffce969ce9aa8eb3faf270
2026-08-28T14:38:06.354190+00:00,919293,3925417,Ankara be 13°C,2026-08-29,lowest_temperature,Will the lowest temperature in Ankara be 13°C on August 29?,13°C,4.0,0.27,0.73,0.04,0.5,0.46,,,87.54,True,False,True,True,0x4e815950477862cd39ed35940cc9cc4b1c98cd943e7324aa11f5d09b7fc5a5d7
2026-08-28T14:38:06.354202+00:00,919293,3925418,Ankara be 14°C,2026-08-29,lowest_temperature,Will the lowest temperature in Ankara be 14°C on August 29?,14°C,5.0,0.26,0.74,0.03,0.49,0.45999999999999996,,,120.8899,True,False,True,True,0xd13a9d90a188aeab65b34d7a1746cc57c1f795ee67714f40d825cee25730ec47
2026-08-28T14:38:06.354213+00:00,919293,3925419,Ankara be 15°C,2026-08-29,lowest_temperature,Will the lowest temperature in Ankara be 15°C on August 29?,15°C,6.0,0.235,0.765,0.01,0.46,0.45,,,105.3825,True,False,True,True,0x00b6ea2140c7f5892a2453fc566d203d44f8637c0287d9e046ee074d980df756
2026-08-28T14:38:06.354225+00:00,919293,3925420,Ankara be 16°C,2026-08-29,lowest_temperature,Will the lowest temperature in Ankara be 16°C on August 29?,16°C,7.0,0.245,0.755,,0.49,,10.0,,98.3034,True,False,True,True,0xf4a0114bd72fc8eb382a17073b07ca8f264830cb07ab0d8ebc23ada03125f02d
2026-08-28T14:38:06.354236+00:00,919293,3925421,Ankara be 17°C,2026-08-29,lowest_temperature,Will the lowest temperature in Ankara be 17°C on August 29?,17°C,8.0,0.01,0.99,,0.02,,5.0,,202.6065,True,False,True,True,0xebe486b6afda01126549373101c0a107fb47eab7135300eabc79c486589720c8
2026-08-28T14:38:06.354247+00:00,919293,3925422,Ankara be 18°C,2026-08-29,lowest_temperature,Will the lowest temperature in Ankara be 18°C on August 29?,18°C,9.0,0.04,0.96,,0.08,,5.0,,262.604,True,False,True,True,0x9d1cc0ae92a3e84413a3102a68f2986b1bf7f10936f12c9246e5734537fda731
2026-08-28T14:38:06.354258+00:00,919293,3925423,Ankara be 19°C or higher,2026-08-29,lowest_temperature,Will the lowest temperature in Ankara be 19°C or higher on August 29?,19°C or higher,10.0,0.27,0.73,,0.54,,5.0,,156.3246,True,False,True,True,0xd5bce5b6dc388ad85ad24739445f4b09260f445170e55666d681720752f9b38b
2026-08-28T14:38:06.354270+00:00,919294,3925424,Wellington be 6°C or below,2026-08-29,lowest_temperature,Will the lowest temperature in Wellington be 6°C or below on August 29?,6°C or below,0.0,0.0145,0.9855,0.003,0.026,0.023,16.363599999999998,11.3636,384.11893,True,False,True,True,0x4359cfd36387bd3de7f9478e670be51f828686e1ebf3905d9e4059767d747d60
2026-08-28T14:38:06.354283+00:00,919294,3925425,Wellington be 7°C,2026-08-29,lowest_temperature,Will the lowest temperature in Wellington be 7°C on August 29?,7°C,1.0,0.035,0.965,,0.07,,174.1663,169.1663,94.12,True,False,True,True,0xf92a9656dd048df4a81cb4e2cde3b4d2b20d1ab0cf7accad0a45a38857ce5b4b
2026-08-28T14:38:06.354296+00:00,919294,3925426,Wellington be 8°C,2026-08-29,lowest_temperature,Will the lowest temperature in Wellington be 8°C on August 29?,8°C,2.0,0.23,0.77,0.01,0.45,0.44,71.5885,71.5885,86.5083,True,False,True,True,0xd07752aded8c5ceeb66c4950c3aad6b1bddfc32a12560250012d3580aa05e838
2026-08-28T14:38:06.354308+00:00,919294,3925427,Wellington be 9°C,2026-08-29,lowest_temperature,Will the lowest temperature in Wellington be 9°C on August 29?,9°C,3.0,0.255,0.745,0.02,0.49,0.47,26.0,26.0,63.9072,True,False,True,True,0x28e2b1ea15e86147210b4eeb86c46790303f0989d57bc8ecbb0b9626e36d4928
2026-08-28T14:38:06.354320+00:00,919294,3925428,Wellington be 10°C,2026-08-29,lowest_temperature,Will the lowest temperature in Wellington be 10°C on August 29?,10°C,4.0,0.265,0.735,0.03,0.5,0.47,,,59.4618,True,False,True,True,0xe1d99afbfc4e86010f16d2a477ebe867698a85db85edf49dcf2b5413b0b51f49
2026-08-28T14:38:06.354333+00:00,919294,3925429,Wellington be 11°C,2026-08-29,lowest_temperature,Will the lowest temperature in Wellington be 11°C on August 29?,11°C,5.0,0.27,0.73,0.04,0.5,0.46,20.0,20.0,60.4304,True,False,True,True,0xfef702b846cc68329bd36f58360358f97307823f567d552806134c9c50140cca
2026-08-28T14:38:06.354344+00:00,919294,3925430,Wellington be 12°C,2026-08-29,lowest_temperature,Will the lowest temperature in Wellington be 12°C on August 29?,12°C,6.0,0.26,0.74,0.02,0.5,0.48,16.0,16.0,60.0869,True,False,True,True,0x332eb17b0e7ab4cecbb2f5993aea39e8a7e6974be6754ba8a35e052b74495506
2026-08-28T14:38:06.354356+00:00,919294,3925431,Wellington be 13°C,2026-08-29,lowest_temperature,Will the lowest temperature in Wellington be 13°C on August 29?,13°C,7.0,0.245,0.755,,0.49,,47.269999999999996,47.269999999999996,62.7895,True,False,True,True,0x63d94463c3ece77524c82e57f7638ea50a6cdce51173e6413029763196bcb098
2026-08-28T14:38:06.354367+00:00,919294,3925432,Wellington be 14°C,2026-08-29,lowest_temperature,Will the lowest temperature in Wellington be 14°C on August 29?,14°C,8.0,0.0005,0.9995,,0.001,,30.0,25.0,2723.14339,True,False,True,True,0x3006e0287e014dbdf71ea4300676549da73a643f67519dadc8b20797b7a7f645
2026-08-28T14:38:06.354381+00:00,919294,3925433,Wellington be 15°C,2026-08-29,lowest_temperature,Will the lowest temperature in Wellington be 15°C on August 29?,15°C,9.0,0.001,0.999,,0.002,,34.994,29.994,3024.96655,True,False,True,True,0x40dc63f3d421cf6889536672e8525d1ed2e64f0b407224f43fc65c924bcff175
2026-08-28T14:38:06.354397+00:00,919294,3925434,Wellington be 16°C or higher,2026-08-29,lowest_temperature,Will the lowest temperature in Wellington be 16°C or higher on August 29?,16°C or higher,10.0,0.001,0.999,,0.002,,35.0,30.0,2955.10964,True,False,True,True,0x75b20b5523fec34233b99b93d7c141d12bcb9fb28607b5c2fd3eeef53d2b4641
2026-08-28T14:38:06.354410+00:00,919295,3925435,Lucknow be 22°C or below,2026-08-29,lowest_temperature,Will the lowest temperature in Lucknow be 22°C or below on August 29?,22°C or below,0.0,0.06,0.94,0.01,0.11,0.1,30.2525,25.2525,131.2845,True,False,True,True,0xfd46e61610fa29f402353699584e616a571a28fb0c93c5722850b005232dbb3b
2026-08-28T14:38:06.354424+00:00,919295,3925436,Lucknow be 23°C,2026-08-29,lowest_temperature,Will the lowest temperature in Lucknow be 23°C on August 29?,23°C,1.0,0.08,0.92,0.01,0.15,0.13999999999999999,208.16325,8.16325,181.9232,True,False,True,True,0x24125ff9d793f60f4f7bc07a8beba9364efa66d73e4350ed9a2d3aac4d25e158
2026-08-28T14:38:06.354436+00:00,919295,3925437,Lucknow be 24°C,2026-08-29,lowest_temperature,Will the lowest temperature in Lucknow be 24°C on August 29?,24°C,2.0,0.235,0.765,0.03,0.44,0.41000000000000003,40.0,,94.9806,True,False,True,True,0x3dc3a8f6d954ee771b424175ce62176caf99e654def44de2bb287f0dbbdbf01f
2026-08-28T14:38:06.354448+00:00,919295,3925438,Lucknow be 25°C,2026-08-29,lowest_temperature,Will the lowest temperature in Lucknow be 25°C on August 29?,25°C,3.0,0.265,0.735,0.03,0.5,0.47,,,78.6216,True,False,True,True,0xaf3be8d87b6ae2ee8168e749efa87c25640f48ee8feac7c69e0eadff937f67a6
2026-08-28T14:38:06.354459+00:00,919295,3925439,Lucknow be 26°C,2026-08-29,lowest_temperature,Will the lowest temperature in Lucknow be 26°C on August 29?,26°C,4.0,0.265,0.735,0.03,0.5,0.47,,,76.7726,True,False,True,True,0x9588b552f7039c1c6089419fe10b0d9738bdee572ed7c521c092705516c40a8b
2026-08-28T14:38:06.354472+00:00,919295,3925440,Lucknow be 27°C,2026-08-29,lowest_temperature,Will the lowest temperature in Lucknow be 27°C on August 29?,27°C,5.0,0.265,0.735,0.04,0.49,0.45,,,100.2596,True,False,True,True,0xb635f58a844838a109ada0efb7b7664b085e7f4603d7c78871773b1517b5ede5
2026-08-28T14:38:06.354483+00:00,919295,3925441,Lucknow be 28°C,2026-08-29,lowest_temperature,Will the lowest temperature in Lucknow be 28°C on August 29?,28°C,6.0,0.27,0.73,0.04,0.5,0.46,,,72.7132,True,False,True,True,0xfc396f217b52148a93e9e0fb61259b147b47a0ac1be66b7da217cb69e2d5ef35
2026-08-28T14:38:06.354495+00:00,919295,3925442,Lucknow be 29°C,2026-08-29,lowest_temperature,Will the lowest temperature in Lucknow be 29°C on August 29?,29°C,7.0,0.195,0.805,0.02,0.37,0.35,,,82.1599,True,False,True,True,0xddd8b8cd895a0c640b090e0d7de3b0d45112800054b80ac2f3fc40b02b0de15e
2026-08-28T14:38:06.354506+00:00,919295,3925443,Lucknow be 30°C,2026-08-29,lowest_temperature,Will the lowest temperature in Lucknow be 30°C on August 29?,30°C,8.0,0.04,0.96,,0.08,,5.0,,90.3282,True,False,True,True,0xabcc5581c154547ba2bec5da2ab1c936a78053cfca5e61879f271f15b637f64f
2026-08-28T14:38:06.354517+00:00,919295,3925444,Lucknow be 31°C,2026-08-29,lowest_temperature,Will the lowest temperature in Lucknow be 31°C on August 29?,31°C,9.0,0.003,0.997,0.001,0.005,0.004,5.0,,1533.99283,True,False,True,True,0x224ee9d8d6033dcbcc714bc851f901a8804d0eb65657d434272654ffa2ae5c94
2026-08-28T14:38:06.354529+00:00,919295,3925445,Lucknow be 32°C or higher,2026-08-29,lowest_temperature,Will the lowest temperature in Lucknow be 32°C or higher on August 29?,32°C or higher,10.0,0.06,0.94,,0.12,,5.0,,69.5788,True,False,True,True,0xfd3b032bdb003613a36d83b957bdfceb9ad67943ac3d74e7d47cbf7976188910
2026-08-28T14:38:06.354540+00:00,919296,3925446,Munich be 10°C or below,2026-08-29,lowest_temperature,Will the lowest temperature in Munich be 10°C or below on August 29?,10°C or below,0.0,0.0035,0.9965,0.001,0.006,0.005,245.75,210.75,226.51192,True,False,True,True,0xab997a8be7abb4350de86f06af5a2fb593072dfab4eea7c011913ed7d94565b8
2026-08-28T14:38:06.354552+00:00,919296,3925447,Munich be 11°C,2026-08-29,lowest_temperature,Will the lowest temperature in Munich be 11°C on August 29?,11°C,1.0,0.26,0.74,0.02,0.5,0.48,25.0,9.0,116.4581,True,False,True,True,0xe15de2061cc1747fd80a394319fccd9488b07bc49a10e1dc2b21468c1b7309da
2026-08-28T14:38:06.354565+00:00,919296,3925448,Munich be 12°C,2026-08-29,lowest_temperature,Will the lowest temperature in Munich be 12°C on August 29?,12°C,2.0,0.165,0.835,0.15,0.18,0.03,17.54585,17.54585,121.401,True,False,True,True,0x51a85b4a9da13170633cb52c48cff0302b256db49c20550a31c08b113bb526ad
2026-08-28T14:38:06.354579+00:00,919296,3925449,Munich be 13°C,2026-08-29,lowest_temperature,Will the lowest temperature in Munich be 13°C on August 29?,13°C,3.0,0.325,0.675,0.15,0.5,0.35,,,97.0436,True,False,True,True,0xeec5f878ae06708b1c7815509b8e91d9f00cd3c35817c943aef8558adce4b784
2026-08-28T14:38:06.354590+00:00,919296,3925450,Munich be 14°C,2026-08-29,lowest_temperature,Will the lowest temperature in Munich be 14°C on August 29?,14°C,4.0,0.27,0.73,0.08,0.46,0.38,,,141.4341,True,False,True,True,0x297b217c2d18e804fc2e80d7cbad0459d04e30c79929eb8c2c51ef41af8f108a
2026-08-28T14:38:06.354602+00:00,919296,3925451,Munich be 15°C,2026-08-29,lowest_temperature,Will the lowest temperature in Munich be 15°C on August 29?,15°C,5.0,0.265,0.735,0.03,0.5,0.47,63.7488,63.7488,92.9968,True,False,True,True,0x0cac1f569b85544638e967bfd2605e66ac7874bacd24664dfa91a2fdc510e0a7
2026-08-28T14:38:06.354613+00:00,919296,3925452,Munich be 16°C,2026-08-29,lowest_temperature,Will the lowest temperature in Munich be 16°C on August 29?,16°C,6.0,0.235,0.765,0.01,0.46,0.45,62.156922,62.156922,99.7125,True,False,True,True,0xb95262ab91a458ffd0844f7bf0b5cfc9991c36e028f8c832f85345db9f704c85
2026-08-28T14:38:06.354625+00:00,919296,3925453,Munich be 17°C,2026-08-29,lowest_temperature,Will the lowest temperature in Munich be 17°C on August 29?,17°C,7.0,0.045,0.955,0.01,0.08,0.07,,,139.7864,True,False,True,True,0x896b1a759530c8cd72bf5640c5d9f8f4405d2fa6dd23fd461e0b37765384612e
2026-08-28T14:38:06.354638+00:00,919296,3925454,Munich be 18°C,2026-08-29,lowest_temperature,Will the lowest temperature in Munich be 18°C on August 29?,18°C,8.0,0.01,0.99,,0.02,,5.0,,293.9567,True,False,True,True,0xa3f6f0ca7677c8abe10355d0f1f4dcf202adc7e1f0ca1aeda4253fcaf25a9843
2026-08-28T14:38:06.354649+00:00,919296,3925455,Munich be 19°C,2026-08-29,lowest_temperature,Will the lowest temperature in Munich be 19°C on August 29?,19°C,9.0,0.003,0.997,0.001,0.005,0.004,5.0,,1695.3088,True,False,True,True,0xd94a57e24926e589552abe93fb0ca44a0204a2993a72b597db91d58a9c2d9d35
2026-08-28T14:38:06.354660+00:00,919296,3925456,Munich be 20°C or higher,2026-08-29,lowest_temperature,Will the lowest temperature in Munich be 20°C or higher on August 29?,20°C or higher,10.0,0.003,0.997,0.001,0.005,0.004,5.0,,1697.69164,True,False,True,True,0x90e4d0a72c44f3216518480f360f6c1a02011398779152d3d28f69d7dffc2c73
2026-08-28T14:38:06.354673+00:00,919297,3925457,Tel Aviv be 18°C or below,2026-08-29,lowest_temperature,Will the lowest temperature in Tel Aviv be 18°C or below on August 29?,18°C or below,0.0,0.006,0.994,0.002,0.01,0.008,17.98549,12.985489999999999,264.18201,True,False,True,True,0x7a6e12100c45968ddd7056925394d691e6a1c5daee88cb2ee042db06bd48a80e
2026-08-28T14:38:06.354685+00:00,919297,3925458,Tel Aviv be 19°C,2026-08-29,lowest_temperature,Will the lowest temperature in Tel Aviv be 19°C on August 29?,19°C,1.0,0.006,0.994,0.002,0.01,0.008,135.0,130.0,906.30357,True,False,True,True,0x54ee4f4f091ab4e0455b757dd26f31eb71d824781d44547a4c2441a9be93a5ed
2026-08-28T14:38:06.354705+00:00,919297,3925459,Tel Aviv be 20°C,2026-08-29,lowest_temperature,Will the lowest temperature in Tel Aviv be 20°C on August 29?,20°C,2.0,0.2315,0.7685,0.004,0.459,0.455,5.0,,147.91637,True,False,True,True,0x9ad3bbe6132d5618ae6432074ec3f2f082e726d659f66670e476ad7a9b71f790
2026-08-28T14:38:06.354719+00:00,919297,3925460,Tel Aviv be 21°C,2026-08-29,lowest_temperature,Will the lowest temperature in Tel Aviv be 21°C on August 29?,21°C,3.0,0.08,0.92,0.02,0.14,0.12000000000000001,56.944733,51.7901,151.9367,True,False,True,True,0x9109b4e32ef63860dacd5c8de5cccf4e2049f97fe780bedcf56c3c07b7a66da7
2026-08-28T14:38:06.354733+00:00,919297,3925461,Tel Aviv be 22°C,2026-08-29,lowest_temperature,Will the lowest temperature in Tel Aviv be 22°C on August 29?,22°C,4.0,0.095,0.905,0.02,0.17,0.15000000000000002,26.28,26.28,149.5937,True,False,True,True,0x60f45407f69049f66d1e56d36a645e99a17ac06a1addf737a8faaf668d740711
2026-08-28T14:38:06.354745+00:00,919297,3925462,Tel Aviv be 23°C,2026-08-29,lowest_temperature,Will the lowest temperature in Tel Aviv be 23°C on August 29?,23°C,5.0,0.225,0.775,0.03,0.42,0.39,46.288633,46.288633,117.5047,True,False,True,True,0x911a940bd70986a1c61fec0434ca2644e42474efcade79590838fbdb08dee68c
2026-08-28T14:38:06.354758+00:00,919297,3925463,Tel Aviv be 24°C,2026-08-29,lowest_temperature,Will the lowest temperature in Tel Aviv be 24°C on August 29?,24°C,6.0,0.45,0.55,0.4,0.5,0.09999999999999998,42.036899999999996,42.036899999999996,111.467,True,False,True,True,0xd812cb33edbba3c8258d677dc1b224b0fa2231fe03e2ccbb6c8171eba10d556c
2026-08-28T14:38:06.354771+00:00,919297,3925464,Tel Aviv be 25°C,2026-08-29,lowest_temperature,Will the lowest temperature in Tel Aviv be 25°C on August 29?,25°C,7.0,0.265,0.735,0.03,0.5,0.47,37.189968,27.343816,168.7406,True,False,True,True,0xd8f8ca36a8d02e8d6d335fa9658a35b9b42d34fe99c5ec18331bfe01a2ba0961
2026-08-28T14:38:06.354786+00:00,919297,3925465,Tel Aviv be 26°C,2026-08-29,lowest_temperature,Will the lowest temperature in Tel Aviv be 26°C on August 29?,26°C,8.0,0.245,0.755,,0.49,,36.381,36.381,129.2747,True,False,True,True,0x0a20333cc11295349a690ae34564da1c419988d02ab0eeb81b2addfce932e078
2026-08-28T14:38:06.354797+00:00,919297,3925466,Tel Aviv be 27°C,2026-08-29,lowest_temperature,Will the lowest temperature in Tel Aviv be 27°C on August 29?,27°C,9.0,0.065,0.935,,0.13,,10.0,,134.1773,True,False,True,True,0xfb1536b3b57b8d2f4f8a80432995327f8cbfa6fd93aed776b04c1a41a6070d8d
2026-08-28T14:38:06.354809+00:00,919297,3925467,Tel Aviv be 28°C or higher,2026-08-29,lowest_temperature,Will the lowest temperature in Tel Aviv be 28°C or higher on August 29?,28°C or higher,10.0,0.085,0.915,,0.17,,5.0,,69.6742,True,False,True,True,0x1d2f77c421fff4a39b8ef161d9c9fca961b5c83af349e285121deb90b9405f6e
2026-08-28T14:38:06.354821+00:00,919298,3925468,Tokyo be 19°C or below,2026-08-29,lowest_temperature,Will the lowest temperature in Tokyo be 19°C or below on August 29?,19°C or below,0.0,0.02,0.98,0.01,0.03,0.019999999999999997,138.0625,80.0421,273.1267,True,False,True,True,0xd12cbcbce8e32fb5dc9561e0e5e74b498b44a7900a28c3082875c262218501c9
2026-08-28T14:38:06.354834+00:00,919298,3925469,Tokyo be 20°C,2026-08-29,lowest_temperature,Will the lowest temperature in Tokyo be 20°C on August 29?,20°C,1.0,0.015,0.985,0.01,0.02,0.01,11.0,11.0,139.3966,True,False,True,True,0xe8b41964271d525fc2863cc28528690f9576fa08dd795ff06325f58200b1f02c
2026-08-28T14:38:06.354847+00:00,919298,3925470,Tokyo be 21°C,2026-08-29,lowest_temperature,Will the lowest temperature in Tokyo be 21°C on August 29?,21°C,2.0,0.3,0.7,0.26,0.34,0.08000000000000002,177.692703,177.692703,92.3652,True,False,True,True,0x960b363f91394b0e0ec1f922f133a92bb644022a68e0798f65590e9d71c98a32
2026-08-28T14:38:06.354859+00:00,919298,3925471,Tokyo be 22°C,2026-08-29,lowest_temperature,Will the lowest temperature in Tokyo be 22°C on August 29?,22°C,3.0,0.465,0.535,0.43,0.5,0.07,124.306357,124.306357,187.988,True,False,True,True,0x1256fde1b1020230edde2763a97bd2e1173fcdd4f23b632bd4dfed5ad19a8dde
2026-08-28T14:38:06.354874+00:00,919298,3925472,Tokyo be 23°C,2026-08-29,lowest_temperature,Will the lowest temperature in Tokyo be 23°C on August 29?,23°C,4.0,0.11,0.89,0.09,0.13,0.04000000000000001,419.637313,419.6373129999999,139.7808,True,False,True,True,0x799c21f1aa12971538b2b9f1a787a27fa09a537b66c4842760c5a8906a3694dd
2026-08-28T14:38:06.354886+00:00,919298,3925473,Tokyo be 24°C,2026-08-29,lowest_temperature,Will the lowest temperature in Tokyo be 24°C on August 29?,24°C,5.0,0.13,0.87,0.11,0.15,0.039999999999999994,116.88000000000001,116.88,172.5268,True,False,True,True,0x47e2b9d5285e60e6ba1d799c79d7623a8630affe4eae0498e3cb9c061b03fccf
2026-08-28T14:38:06.354898+00:00,919298,3925474,Tokyo be 25°C,2026-08-29,lowest_temperature,Will the lowest temperature in Tokyo be 25°C on August 29?,25°C,6.0,0.04,0.96,0.03,0.05,0.020000000000000004,165.999277,100.399277,604.2397,True,False,True,True,0xc31de9afded3400f39909b8a21686e507243bf75c8f159004e67c91a9b8ba018
2026-08-28T14:38:06.354910+00:00,919298,3925475,Tokyo be 26°C,2026-08-29,lowest_temperature,Will the lowest temperature in Tokyo be 26°C on August 29?,26°C,7.0,0.0055,0.9945,0.001,0.01,0.009000000000000001,187.99009999999998,126.98,1691.25528,True,False,True,True,0x64bae2af5ec7acb6918eb179904cae4888f95bb7660f71993ea99e8b1e059686
2026-08-28T14:38:06.354921+00:00,919298,3925476,Tokyo be 27°C,2026-08-29,lowest_temperature,Will the lowest temperature in Tokyo be 27°C on August 29?,27°C,8.0,0.002,0.998,,0.004,,288.0,219.0,3551.40748,True,False,True,True,0x4caad46fce8bc90684485b05f656fac4ae1a3c16827cfb50fc6ccecaad3402eb
2026-08-28T14:38:06.354933+00:00,919298,3925477,Tokyo be 28°C,2026-08-29,lowest_temperature,Will the lowest temperature in Tokyo be 28°C on August 29?,28°C,9.0,0.0015,0.9985,0.001,0.002,0.001,105.1,100.1,3346.12841,True,False,True,True,0x43eff618e22bba13bd4023cbb2098946461ff32e3388cf303a044f79af9d71ff
2026-08-28T14:38:06.354944+00:00,919298,3925478,Tokyo be 29°C or higher,2026-08-29,lowest_temperature,Will the lowest temperature in Tokyo be 29°C or higher on August 29?,29°C or higher,10.0,0.0025,0.9975,0.001,0.004,0.003,168.611,163.611,3768.84176,True,False,True,True,0xe7dda9c105777e0d1f5c3ec7911c00dd68a33eac37be4de800323f8dcdc6f093
2026-08-28T14:38:06.354957+00:00,919299,3925479,Hong Kong be 22°C or below,2026-08-29,lowest_temperature,Will the lowest temperature in Hong Kong be 22°C or below on August 29?,22°C or below,0.0,0.0015,0.9985,0.001,0.002,0.001,120.0,115.0,2006.27069,True,False,True,True,0x29e9bdffdcf7a5e14bd888e9874ad4a3aca61146c1d4d18877788fa624c24555
2026-08-28T14:38:06.354972+00:00,919299,3925480,Hong Kong be 23°C,2026-08-29,lowest_temperature,Will the lowest temperature in Hong Kong be 23°C on August 29?,23°C,1.0,0.003,0.997,0.001,0.005,0.004,23.78,18.78,1590.91071,True,False,True,True,0xac9c91cad66eda19f8b43919896bf0cf3538b66f184cf16642a1e2d9d428fc4e
2026-08-28T14:38:06.354985+00:00,919299,3925481,Hong Kong be 24°C,2026-08-29,lowest_temperature,Will the lowest temperature in Hong Kong be 24°C on August 29?,24°C,2.0,0.0055,0.9945,0.001,0.01,0.009000000000000001,23.78,18.78,642.67048,True,False,True,True,0x31e8340e61361ed4542b384e75d216140e1a452172b16533f06dcbbf347d785e
2026-08-28T14:38:06.354996+00:00,919299,3925482,Hong Kong be 25°C,2026-08-29,lowest_temperature,Will the lowest temperature in Hong Kong be 25°C on August 29?,25°C,3.0,0.04,0.96,0.02,0.06,0.039999999999999994,245.087363,203.087363,856.5111,True,False,True,True,0xea9b2ae808f120924f8b5376e95efa1e7096f354f710419e8a40ccdd9e8c4028
2026-08-28T14:38:06.355007+00:00,919299,3925483,Hong Kong be 26°C,2026-08-29,lowest_temperature,Will the lowest temperature in Hong Kong be 26°C on August 29?,26°C,4.0,0.23,0.77,0.21,0.25,0.04000000000000001,561.0044290000001,561.004429,831.7638,True,False,True,True,0xdf7ffd03b4641b2679e56aa24d33a1ecb3113a974bc837a4a48e94499771d918
2026-08-28T14:38:06.355019+00:00,919299,3925484,Hong Kong be 27°C,2026-08-29,lowest_temperature,Will the lowest temperature in Hong Kong be 27°C on August 29?,27°C,5.0,0.38,0.62,0.36,0.4,0.040000000000000036,187.09510899999998,187.095109,621.1722,True,False,True,True,0x25a4ef2ab6e4ed17f4c5502c686b97fa9ec7db72fddc158575b8f7f7a35cc285
2026-08-28T14:38:06.355035+00:00,919299,3925485,Hong Kong be 28°C,2026-08-29,lowest_temperature,Will the lowest temperature in Hong Kong be 28°C on August 29?,28°C,6.0,0.335,0.665,0.31,0.36,0.04999999999999999,1218.964097,1113.964097,647.9255,True,False,True,True,0xd8aaf84377c93729533500ba195f13ba887ffec183e82f2294c8af891f9586c7
2026-08-28T14:38:06.355046+00:00,919299,3925486,Hong Kong be 29°C,2026-08-29,lowest_temperature,Will the lowest temperature in Hong Kong be 29°C on August 29?,29°C,7.0,0.07,0.93,0.06,0.08,0.020000000000000004,1132.4707720000001,1122.430772,473.5551,True,False,True,True,0xf310e0211a281695808696d20193606629f0aef77f41bd279f6e0669306011bf
2026-08-28T14:38:06.355058+00:00,919299,3925487,Hong Kong be 30°C,2026-08-29,lowest_temperature,Will the lowest temperature in Hong Kong be 30°C on August 29?,30°C,8.0,0.009,0.991,0.001,0.017,0.016,226.78,176.78,1424.47336,True,False,True,True,0x9da532b0257f3185e045cbd716ad3ae8fa01c0fa8b60321f6aca763abf7d59cd
2026-08-28T14:38:06.355070+00:00,919299,3925488,Hong Kong be 31°C,2026-08-29,lowest_temperature,Will the lowest temperature in Hong Kong be 31°C on August 29?,31°C,9.0,0.003,0.997,0.001,0.005,0.004,133.78,128.78,1775.09711,True,False,True,True,0x7bdecdc00355ef04b31cfc1050133f9c6ed6dc5f50bae4bf5820c7b561073546
2026-08-28T14:38:06.355082+00:00,919299,3925489,Hong Kong be 32°C or higher,2026-08-29,lowest_temperature,Will the lowest temperature in Hong Kong be 32°C or higher on August 29?,32°C or higher,10.0,0.0025,0.9975,,0.005,,248.79,243.79,2294.85831,True,False,True,True,0xe03a9399782f8187de384ed5a802e7df04d18d1a977a637e5782d9523fb60736
2026-08-28T14:38:06.355098+00:00,919300,3925490,Shanghai be 22°C or below,2026-08-29,lowest_temperature,Will the lowest temperature in Shanghai be 22°C or below on August 29?,22°C or below,0.0,0.002,0.998,0.001,0.003,0.002,177.76,172.76,3095.63194,True,False,True,True,0xcd2f032ab539184c846eb1c78ee402f494337eb8bf1586a97886749214d22cb2
2026-08-28T14:38:06.355110+00:00,919300,3925491,Shanghai be 23°C,2026-08-29,lowest_temperature,Will the lowest temperature in Shanghai be 23°C on August 29?,23°C,1.0,0.003,0.997,0.001,0.005,0.004,10.0,5.0,2341.08681,True,False,True,True,0xbb3249f86f2704eeda0e13376b6cbb7d58c35adb25be69d545c2b0491c458808
2026-08-28T14:38:06.355122+00:00,919300,3925492,Shanghai be 24°C,2026-08-29,lowest_temperature,Will the lowest temperature in Shanghai be 24°C on August 29?,24°C,2.0,0.005,0.995,0.003,0.007,0.004,15.0,10.0,1642.43567,True,False,True,True,0xd657efd90c45a9d745ed9cbabe5fc142572707821f5c525c5a819f58e66530d4
2026-08-28T14:38:06.355135+00:00,919300,3925493,Shanghai be 25°C,2026-08-29,lowest_temperature,Will the lowest temperature in Shanghai be 25°C on August 29?,25°C,3.0,0.04,0.96,0.01,0.07,0.060000000000000005,135.79151,115.79150999999999,1313.0207,True,False,True,True,0xf716d30205af0401a3e33ce1e0ffef07d8d15ac518cf413d67b5988fc8b3d88d
2026-08-28T14:38:06.355147+00:00,919300,3925494,Shanghai be 26°C,2026-08-29,lowest_temperature,Will the lowest temperature in Shanghai be 26°C on August 29?,26°C,4.0,0.115,0.885,0.02,0.21,0.19,208.45154,208.45154000000002,808.7143,True,False,True,True,0x91da74b73d7c906822ab5664c12fba12f1df52fb5ad2e80e4ae1afb553b04867
2026-08-28T14:38:06.355159+00:00,919300,3925495,Shanghai be 27°C,2026-08-29,lowest_temperature,Will the lowest temperature in Shanghai be 27°C on August 29?,27°C,5.0,0.735,0.265,0.73,0.74,0.010000000000000009,1307.9668150000002,1301.9668150000002,1074.2569,True,False,True,True,0xc1a8e624c882144ee5ce1c98685e53587ae21505912f0df891fb908b67b59f22
2026-08-28T14:38:06.355175+00:00,919300,3925496,Shanghai be 28°C,2026-08-29,lowest_temperature,Will the lowest temperature in Shanghai be 28°C on August 29?,28°C,6.0,0.07,0.93,0.05,0.09,0.039999999999999994,699.5246989999999,699.524699,2343.2211,True,False,True,True,0x7721f6e45b87d701474ef622e20366f13ecd24c3cf8edcca261fdc010912206c
2026-08-28T14:38:06.355187+00:00,919300,3925497,Shanghai be 29°C,2026-08-29,lowest_temperature,Will the lowest temperature in Shanghai be 29°C on August 29?,29°C,7.0,0.015,0.985,,0.03,,145.9928,145.99280000000002,708.8576,True,False,True,True,0xad0e8c5d2ec6cb130a0aae153acefda210f64321a70a0b9e15c1498ece705b3b
2026-08-28T14:38:06.355200+00:00,919300,3925498,Shanghai be 30°C,2026-08-29,lowest_temperature,Will the lowest temperature in Shanghai be 30°C on August 29?,30°C,8.0,0.0045,0.9955,0.001,0.008,0.007,22.66,17.66,1684.76944,True,False,True,True,0x214b0ccf980b6bbce4191ec3c66d5b7a04ff40ae6d5d12a47029f7e0970466a2
2026-08-28T14:38:06.355212+00:00,919300,3925499,Shanghai be 31°C,2026-08-29,lowest_temperature,Will the lowest temperature in Shanghai be 31°C on August 29?,31°C,9.0,0.002,0.998,0.001,0.003,0.002,10.0,5.0,2140.79012,True,False,True,True,0xcf7a9db926a2ebe1494c2bb2d27e2d81a3bd4acf2b42041d939dd278e4a10ac6
2026-08-28T14:38:06.355226+00:00,919300,3925500,Shanghai be 32°C or higher,2026-08-29,lowest_temperature,Will the lowest temperature in Shanghai be 32°C or higher on August 29?,32°C or higher,10.0,0.0015,0.9985,0.001,0.002,0.001,43.575,38.575,2750.2322,True,False,True,True,0x146a0779fe05d96575559d7b692823cc828e66db79244062709efb9f0ad4e6d4
2026-08-28T14:38:06.355239+00:00,919301,3925501,Singapore be 22°C or below,2026-08-29,lowest_temperature,Will the lowest temperature in Singapore be 22°C or below on August 29?,22°C or below,0.0,0.035,0.965,,0.07,,147.5,130.0,80.77,True,False,True,True,0xe40797fff68bf9b842128dc58d6805d6c9c5bbe01de867d573eefa8156560129
2026-08-28T14:38:06.355251+00:00,919301,3925502,Singapore be 23°C,2026-08-29,lowest_temperature,Will the lowest temperature in Singapore be 23°C on August 29?,23°C,1.0,0.025,0.975,,0.05,,5.0,,123.0524,True,False,True,True,0x77b7e9fd598be23fb5ebdc2a80dc0214c2ffdea33fc4e42ccd5d26b66d199a17
2026-08-28T14:38:06.355263+00:00,919301,3925503,Singapore be 24°C,2026-08-29,lowest_temperature,Will the lowest temperature in Singapore be 24°C on August 29?,24°C,2.0,0.09,0.91,,0.18,,5.0,,100.6448,True,False,True,True,0x74f5d68f724b9eb26e395f3f95bc6e37fb02781fa01c16cc6f44f84e0d867d0d
2026-08-28T14:38:06.355275+00:00,919301,3925504,Singapore be 25°C,2026-08-29,lowest_temperature,Will the lowest temperature in Singapore be 25°C on August 29?,25°C,3.0,0.245,0.755,0.02,0.47,0.44999999999999996,16.0,,75.4908,True,False,True,True,0xc02688e8aa6f324838a7a61df1a179314a9c30c2a15ecdcd01026a8c6d78f303
2026-08-28T14:38:06.355287+00:00,919301,3925505,Singapore be 26°C,2026-08-29,lowest_temperature,Will the lowest temperature in Singapore be 26°C on August 29?,26°C,4.0,0.265,0.735,0.03,0.5,0.47,,,71.1126,True,False,True,True,0x5bcd3cc38b4395894996053af9379cdec68a02937172074ca990a989d3d6baa2
2026-08-28T14:38:06.355299+00:00,919301,3925506,Singapore be 27°C,2026-08-29,lowest_temperature,Will the lowest temperature in Singapore be 27°C on August 29?,27°C,5.0,0.265,0.735,0.03,0.5,0.47,,,70.7901,True,False,True,True,0xbe2bb67260a52bc6fcde4100419ad9bd32322526d21277c50f2279e8119b6bda
2026-08-28T14:38:06.355310+00:00,919301,3925507,Singapore be 28°C,2026-08-29,lowest_temperature,Will the lowest temperature in Singapore be 28°C on August 29?,28°C,6.0,0.265,0.735,0.04,0.49,0.45,,,89.1585,True,False,True,True,0xfdba1099e85e9a52d11881928c89f225faa285b3143033c5717f0cb289cf9bfc
2026-08-28T14:38:06.355324+00:00,919301,3925508,Singapore be 29°C,2026-08-29,lowest_temperature,Will the lowest temperature in Singapore be 29°C on August 29?,29°C,7.0,0.05,0.95,,0.1,,79.97066600000001,79.97066600000001,50.4895,True,False,True,True,0x4591c17c5d60be80de63cb29fb39f75faee1129bf66a46d0d78bf62f054717f7
2026-08-28T14:38:06.355338+00:00,919301,3925509,Singapore be 30°C,2026-08-29,lowest_temperature,Will the lowest temperature in Singapore be 30°C on August 29?,30°C,8.0,0.015,0.985,,0.03,,5.0,,81.1532,True,False,True,True,0xddf9bc2a01dee26f4df5e8008dd0065e42f8273f7b704e2cc5be51a644af9807
2026-08-28T14:38:06.355349+00:00,919301,3925510,Singapore be 31°C,2026-08-29,lowest_temperature,Will the lowest temperature in Singapore be 31°C on August 29?,31°C,9.0,0.006,0.994,0.002,0.01,0.008,5.0,,383.81201,True,False,True,True,0xa662af8e9d9836b1ec6264d15c405803c77c46578b539cf7500c72d783460684
2026-08-28T14:38:06.355362+00:00,919301,3925511,Singapore be 32°C or higher,2026-08-29,lowest_temperature,Will the lowest temperature in Singapore be 32°C or higher on August 29?,32°C or higher,10.0,0.0055,0.9945,0.001,0.01,0.009000000000000001,5.0,,447.6348,True,False,True,True,0x0785476018fef1b818f8f3b008a44592e591ac087fd597f870e8661014703d82
2026-08-28T14:38:06.355376+00:00,919302,3925512,Milan be 13°C or below,2026-08-29,lowest_temperature,Will the lowest temperature in Milan be 13°C or below on August 29?,13°C or below,0.0,0.02,0.98,,0.04,,125.0,,303.6599,True,False,True,True,0x6683da89732fc2714b3bb02c25b4e7774638f836d37b63d9e0b1e122b30d9d8e
2026-08-28T14:38:06.355389+00:00,919302,3925513,Milan be 14°C,2026-08-29,lowest_temperature,Will the lowest temperature in Milan be 14°C on August 29?,14°C,1.0,0.245,0.755,,0.49,,5.0,,106.4049,True,False,True,True,0x867ca1525fd6242e349047ddd016d15ec4688b44d54a750595d7b62f5bc9c401
2026-08-28T14:38:06.355401+00:00,919302,3925514,Milan be 15°C,2026-08-29,lowest_temperature,Will the lowest temperature in Milan be 15°C on August 29?,15°C,2.0,0.22,0.78,0.02,0.42,0.39999999999999997,16.0,,112.6966,True,False,True,True,0xfe413d5fb9a8cf14ff3e5ec25cb85fb31d34ecafd18d8c58ac6c8486513c6c20
2026-08-28T14:38:06.355412+00:00,919302,3925515,Milan be 16°C,2026-08-29,lowest_temperature,Will the lowest temperature in Milan be 16°C on August 29?,16°C,3.0,0.265,0.735,0.03,0.5,0.47,,,99.9361,True,False,True,True,0xaca311502890c4090833d5cb901814087838216eca3d76301026ebb5a9e44767
2026-08-28T14:38:06.355424+00:00,919302,3925516,Milan be 17°C,2026-08-29,lowest_temperature,Will the lowest temperature in Milan be 17°C on August 29?,17°C,4.0,0.27,0.73,0.04,0.5,0.46,3.1914480000000003,3.1914480000000003,114.2758,True,False,True,True,0x8fe03f751fa38938c123c67f47ef92c3f6577aa774e734cb52962a75f038de6a
2026-08-28T14:38:06.355436+00:00,919302,3925517,Milan be 18°C,2026-08-29,lowest_temperature,Will the lowest temperature in Milan be 18°C on August 29?,18°C,5.0,0.275,0.725,0.05,0.5,0.45,2.10524,2.10524,107.7122,True,False,True,True,0xf9a30a3376b27e9da758607e559b7f8a1e396e9e9656ebeade5861cbb5814f0f
2026-08-28T14:38:06.355448+00:00,919302,3925518,Milan be 19°C,2026-08-29,lowest_temperature,Will the lowest temperature in Milan be 19°C on August 29?,19°C,6.0,0.265,0.735,0.04,0.49,0.45,,,115.1734,True,False,True,True,0xa0dcc1605426eb109bdc30eb820ec3aa3973751706f6e04047ae07194904a887
2026-08-28T14:38:06.355460+00:00,919302,3925519,Milan be 20°C,2026-08-29,lowest_temperature,Will the lowest temperature in Milan be 20°C on August 29?,20°C,7.0,0.245,0.755,,0.49,,10.0,,148.2645,True,False,True,True,0xf76991cf8a6f58a08121fc2bb954f1cee9760d97a12960509895777b4c6d6ea0
2026-08-28T14:38:06.355471+00:00,919302,3925520,Milan be 21°C,2026-08-29,lowest_temperature,Will the lowest temperature in Milan be 21°C on August 29?,21°C,8.0,0.245,0.755,,0.49,,5.0,,106.4039,True,False,True,True,0x0dd74df3ce3ae381593ad727f7dddeb6825dbd18e051b0d7f17c5c2e76888bdf
2026-08-28T14:38:06.355483+00:00,919302,3925521,Milan be 22°C,2026-08-29,lowest_temperature,Will the lowest temperature in Milan be 22°C on August 29?,22°C,9.0,0.245,0.755,,0.49,,5.0,,107.8447,True,False,True,True,0x6ffc26d155e112343d9b5146c3ab19d2c4693b4a2e9a04420c89afa399cbddb8
2026-08-28T14:38:06.355495+00:00,919302,3925522,Milan be 23°C or higher,2026-08-29,lowest_temperature,Will the lowest temperature in Milan be 23°C or higher on August 29?,23°C or higher,10.0,0.42,0.58,,0.84,,5.0,,42.0539,True,False,True,True,0xdf6f75c5d2f595a87ed6579cf10ec4c05c1b9e19c52bf58685f65bf654a0c5ff
2026-08-28T14:38:06.355507+00:00,919303,3925523,Madrid be 11°C or below,2026-08-29,lowest_temperature,Will the lowest temperature in Madrid be 11°C or below on August 29?,11°C or below,0.0,0.385,0.615,0.02,0.75,0.73,6.0,,87.3818,True,False,True,True,0x40bf8fef59deef54052002215a72ac804830e0ba0d504f34f43981df2f08c8ca
2026-08-28T14:38:06.355519+00:00,919303,3925524,Madrid be 12°C,2026-08-29,lowest_temperature,Will the lowest temperature in Madrid be 12°C on August 29?,12°C,1.0,0.325,0.675,0.17,0.48,0.30999999999999994,3.2143299999999995,3.2143299999999995,195.0328,True,False,True,True,0xdb8083df200db0fb8cc7aab3e35688893502ba9b15d0525b96ac522b2af02272
2026-08-28T14:38:06.355532+00:00,919303,3925525,Madrid be 13°C,2026-08-29,lowest_temperature,Will the lowest temperature in Madrid be 13°C on August 29?,13°C,2.0,0.27,0.73,0.04,0.5,0.46,3.14689,3.14689,187.1796,True,False,True,True,0xdcef3e5c335a1d822d861e3d19599cb0bf0dda74f752e386eba8e0cdb4bf3b1b
2026-08-28T14:38:06.355544+00:00,919303,3925526,Madrid be 14°C,2026-08-29,lowest_temperature,Will the lowest temperature in Madrid be 14°C on August 29?,14°C,3.0,0.265,0.735,0.03,0.5,0.47,,,146.3613,True,False,True,True,0x16d2a03d1c6102e976e82f5b297f27e0b5e842bea045a3140b9cc63a31f282f4
2026-08-28T14:38:06.355556+00:00,919303,3925527,Madrid be 15°C,2026-08-29,lowest_temperature,Will the lowest temperature in Madrid be 15°C on August 29?,15°C,4.0,0.26,0.74,0.03,0.49,0.45999999999999996,,,160.5028,True,False,True,True,0xede047ffea1fc6d49896019cc45f92e8998bc923e319eb100b1d86b087a44c30
2026-08-28T14:38:06.355569+00:00,919303,3925528,Madrid be 16°C,2026-08-29,lowest_temperature,Will the lowest temperature in Madrid be 16°C on August 29?,16°C,5.0,0.08,0.92,0.01,0.15,0.13999999999999999,,,173.1428,True,False,True,True,0xf673853b3a0ef9f3fd73ea4e66eff916bd6acd4750df2a11876faadc0e4d41e8
2026-08-28T14:38:06.355583+00:00,919303,3925529,Madrid be 17°C,2026-08-29,lowest_temperature,Will the lowest temperature in Madrid be 17°C on August 29?,17°C,6.0,0.07,0.93,,0.14,,10.0,,163.0072,True,False,True,True,0x6041606c4cb41dbed52960fa81c1b7a31a49968f0a71c1225550525d2043756d
2026-08-28T14:38:06.355597+00:00,919303,3925530,Madrid be 18°C,2026-08-29,lowest_temperature,Will the lowest temperature in Madrid be 18°C on August 29?,18°C,7.0,0.055,0.945,,0.11,,5.0,,213.9189,True,False,True,True,0x394acc51d43a58c803219c64e99102c97f91cdd4e0bb19d44f87eda0b4af4a86
2026-08-28T14:38:06.355610+00:00,919303,3925531,Madrid be 19°C,2026-08-29,lowest_temperature,Will the lowest temperature in Madrid be 19°C on August 29?,19°C,8.0,0.065,0.935,,0.13,,5.0,,314.7151,True,False,True,True,0x6550380523dfb6fecf229bf562b8eaaea813c24efe4861ef0ba319b2566d08ba
2026-08-28T14:38:06.355621+00:00,919303,3925532,Madrid be 20°C,2026-08-29,lowest_temperature,Will the lowest temperature in Madrid be 20°C on August 29?,20°C,9.0,0.003,0.997,0.001,0.005,0.004,5.0,,1607.90026,True,False,True,True,0xb440847fa7b7bfda760b08ea4f5a97fcfd6535caec64fc8e3d45ca0f6dc318c5
2026-08-28T14:38:06.355633+00:00,919303,3925533,Madrid be 21°C or higher,2026-08-29,lowest_temperature,Will the lowest temperature in Madrid be 21°C or higher on August 29?,21°C or higher,10.0,0.003,0.997,0.001,0.005,0.004,5.0,,1328.0094,True,False,True,True,0xb715a338bb6ab78591ba9d83084076f9cb1b613612a16373480e1e3971cc9884
2026-08-28T14:38:06.355646+00:00,919304,3925534,Warsaw be 11°C or below,2026-08-29,lowest_temperature,Will the lowest temperature in Warsaw be 11°C or below on August 29?,11°C or below,0.0,0.01,0.99,,0.02,,144.97379999999998,139.9738,349.2198,True,False,True,True,0xedb608e13cd80a79d54da280137d2955c3800afdc2d2f37f68f2ddc457d09840
2026-08-28T14:38:06.355659+00:00,919304,3925535,Warsaw be 12°C,2026-08-29,lowest_temperature,Will the lowest temperature in Warsaw be 12°C on August 29?,12°C,1.0,0.04,0.96,,0.08,,5.0,,125.5817,True,False,True,True,0x8d930aea8ba42d9fae1e66f052d7af2ba5aa4802421bb75756368b795f6ce2ff
2026-08-28T14:38:06.355671+00:00,919304,3925536,Warsaw be 13°C,2026-08-29,lowest_temperature,Will the lowest temperature in Warsaw be 13°C on August 29?,13°C,2.0,0.4,0.6,0.02,0.78,0.76,6.0,,56.9908,True,False,True,True,0x72ba6f22fc2530dc34363498df64b73e353eb13967b3f22f0afbcd75ae98e2ae
2026-08-28T14:38:06.355684+00:00,919304,3925537,Warsaw be 14°C,2026-08-29,lowest_temperature,Will the lowest temperature in Warsaw be 14°C on August 29?,14°C,3.0,0.105,0.895,0.03,0.18,0.15,,,128.72,True,False,True,True,0x5c1013ddc8ce52f4c6fdef5d378ba9bf3a71ba903050f6b0754c05a21d24294a
2026-08-28T14:38:06.355703+00:00,919304,3925538,Warsaw be 15°C,2026-08-29,lowest_temperature,Will the lowest temperature in Warsaw be 15°C on August 29?,15°C,4.0,0.445,0.555,0.06,0.83,0.77,,,88.5146,True,False,True,True,0xb564bc001286469ec0a7406dbc583f3300574dc0db409c605b07f683feeb9f93
2026-08-28T14:38:06.355714+00:00,919304,3925539,Warsaw be 16°C,2026-08-29,lowest_temperature,Will the lowest temperature in Warsaw be 16°C on August 29?,16°C,5.0,0.275,0.725,0.05,0.5,0.45,,,101.7087,True,False,True,True,0xb8ff5ed458069b99e8b5c5e09e78755a286edc91139aac346e31bf8822d07346
2026-08-28T14:38:06.355725+00:00,919304,3925540,Warsaw be 17°C,2026-08-29,lowest_temperature,Will the lowest temperature in Warsaw be 17°C on August 29?,17°C,6.0,0.265,0.735,0.03,0.5,0.47,,,115.8292,True,False,True,True,0x78a0c4f5c0f33fb1af60bc0ccbd2be1ccbe4f3f1e68aeda00cf30ea2e5248397
2026-08-28T14:38:06.355738+00:00,919304,3925541,Warsaw be 18°C,2026-08-29,lowest_temperature,Will the lowest temperature in Warsaw be 18°C on August 29?,18°C,7.0,0.105,0.895,0.02,0.19,0.17,,,116.7805,True,False,True,True,0x4b253328bba3b443a8668d704354f04a017a10bd3644e68ce1fff15cb39e6c46
2026-08-28T14:38:06.355751+00:00,919304,3925542,Warsaw be 19°C,2026-08-29,lowest_temperature,Will the lowest temperature in Warsaw be 19°C on August 29?,19°C,8.0,0.01,0.99,,0.02,,10.0,,349.0828,True,False,True,True,0x045c5ddc71737fc33706f7f6de84dc6c134bc29c665df593d51702241a778ab8
2026-08-28T14:38:06.355764+00:00,919304,3925543,Warsaw be 20°C,2026-08-29,lowest_temperature,Will the lowest temperature in Warsaw be 20°C on August 29?,20°C,9.0,0.04,0.96,,0.08,,5.0,,620.4875,True,False,True,True,0x11835a7a0e46b7f30c738b54f52bcc9158c4fd39cb17a505a9ecfd6c3d538c2d
2026-08-28T14:38:06.355778+00:00,919304,3925544,Warsaw be 21°C or higher,2026-08-29,lowest_temperature,Will the lowest temperature in Warsaw be 21°C or higher on August 29?,21°C or higher,10.0,0.14,0.86,,0.28,,5.0,,263.47,True,False,True,True,0x77437bc9ad17212c16c841eeca4b0fee2af026ae39748389f74c4956b47d9a50
2026-08-28T14:38:06.355790+00:00,919305,3925545,Taipei be 22°C or below,2026-08-29,lowest_temperature,Will the lowest temperature in Taipei be 22°C or below on August 29?,22°C or below,0.0,0.175,0.825,,0.35,,5.0,,18.05,True,False,True,True,0xc3785e70dff800a1c6488d9a8b939f8b6c14ea09145f60a260332330a79e32fd
2026-08-28T14:38:06.355803+00:00,919305,3925546,Taipei be 23°C,2026-08-29,lowest_temperature,Will the lowest temperature in Taipei be 23°C on August 29?,23°C,1.0,0.25,0.75,,0.5,,5.0,,93.9132,True,False,True,True,0x963548f6cf2f4d274d29e48ecabb33913756b82df8ef88772f0a4c271a699295
2026-08-28T14:38:06.355816+00:00,919305,3925547,Taipei be 24°C,2026-08-29,lowest_temperature,Will the lowest temperature in Taipei be 24°C on August 29?,24°C,2.0,0.245,0.755,,0.49,,69.0,63.0,111.1925,True,False,True,True,0x236d1e171079dd52fc37b0037f5df8f70472653448b6606d294bfa30738b19f2
2026-08-28T14:38:06.355827+00:00,919305,3925548,Taipei be 25°C,2026-08-29,lowest_temperature,Will the lowest temperature in Taipei be 25°C on August 29?,25°C,3.0,0.26,0.74,0.03,0.49,0.45999999999999996,,,100.4723,True,False,True,True,0xc0e4be0f88b6f67402fd36868c70acf97999293e45f5dd56b8f8c88914e9e320
2026-08-28T14:38:06.355838+00:00,919305,3925549,Taipei be 26°C,2026-08-29,lowest_temperature,Will the lowest temperature in Taipei be 26°C on August 29?,26°C,4.0,0.36,0.64,0.22,0.5,0.28,,,96.943,True,False,True,True,0xc490967d5f8388d32a241dc2c57b0dc2dbe164db06010dda8af7dc1d55ec37c4
2026-08-28T14:38:06.355851+00:00,919305,3925550,Taipei be 27°C,2026-08-29,lowest_temperature,Will the lowest temperature in Taipei be 27°C on August 29?,27°C,5.0,0.26,0.74,0.06,0.46,0.4,10.02,10.02,130.903,True,False,True,True,0x917d7e301a8e4f05a8deb10cb96348057cead9d0839b8fa7b176a8f4ab9669f1
2026-08-28T14:38:06.355862+00:00,919305,3925551,Taipei be 28°C,2026-08-29,lowest_temperature,Will the lowest temperature in Taipei be 28°C on August 29?,28°C,6.0,0.27,0.73,0.04,0.5,0.46,,,92.583,True,False,True,True,0xab3fe8b827c28f4d96909a02ba85800fadf6c7e442d7e9e95ec6de6314b1f9e0
2026-08-28T14:38:06.355876+00:00,919305,3925552,Taipei be 29°C,2026-08-29,lowest_temperature,Will the lowest temperature in Taipei be 29°C on August 29?,29°C,7.0,0.255,0.745,0.01,0.5,0.49,,,93.9332,True,False,True,True,0xfe7f350730aefa04a5485eff550455f8f388bc38e5f19c1fb24c5149374e21bc
2026-08-28T14:38:06.355888+00:00,919305,3925553,Taipei be 30°C,2026-08-29,lowest_temperature,Will the lowest temperature in Taipei be 30°C on August 29?,30°C,8.0,0.24,0.76,,0.48,,135.0,130.0,161.0301,True,False,True,True,0xb366122cf14b5ebacf8f45ce79f58b591fba3e083b206508a188c183e7f46f58
2026-08-28T14:38:06.355901+00:00,919305,3925554,Taipei be 31°C,2026-08-29,lowest_temperature,Will the lowest temperature in Taipei be 31°C on August 29?,31°C,9.0,0.01,0.99,,0.02,,5.0,,218.9504,True,False,True,True,0x0501f4aa33ef128d5f4a38f8f06c60ba87dcd777b412790d6b0977b2a9d34879
2026-08-28T14:38:06.355913+00:00,919305,3925555,Taipei be 32°C or higher,2026-08-29,lowest_temperature,Will the lowest temperature in Taipei be 32°C or higher on August 29?,32°C or higher,10.0,0.07,0.93,,0.14,,5.0,,88.6999,True,False,True,True,0xed505274f56306331c95835a9a15e9716e3adc5646ed7e9b216816f6f66f5196
2026-08-28T14:38:06.355925+00:00,919306,3925556,Chongqing be 19°C or below,2026-08-29,lowest_temperature,Will the lowest temperature in Chongqing be 19°C or below on August 29?,19°C or below,0.0,0.415,0.585,,0.83,,135.0,,35.1198,True,False,True,True,0x6ee40f75b276d729c33e1bdcd62086f53ce2312d49a24c477aed730e332425ad
2026-08-28T14:38:06.355937+00:00,919306,3925557,Chongqing be 20°C,2026-08-29,lowest_temperature,Will the lowest temperature in Chongqing be 20°C on August 29?,20°C,1.0,0.41,0.59,0.02,0.8,0.78,46.204,30.204,14.6953,True,False,True,True,0xad3724b5a889c764784f16705ec4c501ccfd59856198a69078cd86731a7eca3a
2026-08-28T14:38:06.355949+00:00,919306,3925558,Chongqing be 21°C,2026-08-29,lowest_temperature,Will the lowest temperature in Chongqing be 21°C on August 29?,21°C,2.0,0.445,0.555,0.03,0.86,0.83,,,9.7296,True,False,True,True,0x0cb0c8f4be3ebbc85c93724859cfeb11e8e1cd20d811a1e62e971458e3258ed2
2026-08-28T14:38:06.355961+00:00,919306,3925559,Chongqing be 22°C,2026-08-29,lowest_temperature,Will the lowest temperature in Chongqing be 22°C on August 29?,22°C,3.0,0.265,0.735,0.03,0.5,0.47,,,70.4309,True,False,True,True,0x7a7df81c68060768ddcf4e1a9cfa321f25f85c42297f11ff6676a62ce93d024b
2026-08-28T14:38:06.355974+00:00,919306,3925560,Chongqing be 23°C,2026-08-29,lowest_temperature,Will the lowest temperature in Chongqing be 23°C on August 29?,23°C,4.0,0.265,0.735,0.03,0.5,0.47,,,72.1031,True,False,True,True,0x36a8a1b1e9a535891a28452f0195c6cf5e3176523f0d64c413c98ab4f38418e4
2026-08-28T14:38:06.355985+00:00,919306,3925561,Chongqing be 24°C,2026-08-29,lowest_temperature,Will the lowest temperature in Chongqing be 24°C on August 29?,24°C,5.0,0.455,0.545,0.04,0.87,0.83,,,8.8922,True,False,True,True,0x692406f30c6747a25c25da1a733ac22ef0e5240be86b85e3091f05f1928401b1
2026-08-28T14:38:06.355997+00:00,919306,3925562,Chongqing be 25°C,2026-08-29,lowest_temperature,Will the lowest temperature in Chongqing be 25°C on August 29?,25°C,6.0,0.43,0.57,0.01,0.85,0.84,,,9.3997,True,False,True,True,0x23d83525bdf97d4f4020abc69c1b9d833b1d3bcf39975ab04cc10b7fa811381f
2026-08-28T14:38:06.356008+00:00,919306,3925563,Chongqing be 26°C,2026-08-29,lowest_temperature,Will the lowest temperature in Chongqing be 26°C on August 29?,26°C,7.0,0.055,0.945,0.01,0.1,0.09000000000000001,,,125.7745,True,False,True,True,0xafe1486c40dc95292bca9635c957cc894df9144428a509f56e34eea2c4d3a41a
2026-08-28T14:38:06.356021+00:00,919306,3925564,Chongqing be 27°C,2026-08-29,lowest_temperature,Will the lowest temperature in Chongqing be 27°C on August 29?,27°C,8.0,0.045,0.955,0.01,0.08,0.07,,,257.2441,True,False,True,True,0x499e9bbb40e8e998a964cef43cbaece7cec741de8691ee9345cd74789fbfb425
2026-08-28T14:38:06.356033+00:00,919306,3925565,Chongqing be 28°C,2026-08-29,lowest_temperature,Will the lowest temperature in Chongqing be 28°C on August 29?,28°C,9.0,0.04,0.96,,0.08,,5.0,,249.3142,True,False,True,True,0x45969843a4a33d0c97651a7a3609c96fef29697dbde387f062b18ce8bbf260e9
2026-08-28T14:38:06.356045+00:00,919306,3925566,Chongqing be 29°C or higher,2026-08-29,lowest_temperature,Will the lowest temperature in Chongqing be 29°C or higher on August 29?,29°C or higher,10.0,0.065,0.935,,0.13,,5.0,,279.4677,True,False,True,True,0x72bafeddf6a749f31e18372041b5cca8ec1d283a1f3d699c1d5ed1aa932fcb1c
2026-08-28T14:38:06.356057+00:00,919307,3925567,Beijing be 14°C or below,2026-08-29,lowest_temperature,Will the lowest temperature in Beijing be 14°C or below on August 29?,14°C or below,0.0,0.425,0.575,,0.85,,5.0,,11.9614,True,False,True,True,0x501eaf2de06ee09e0331ecc39774ad764b6b3063019796f14707e9e416e23682
2026-08-28T14:38:06.356071+00:00,919307,3925568,Beijing be 15°C,2026-08-29,lowest_temperature,Will the lowest temperature in Beijing be 15°C on August 29?,15°C,1.0,0.03,0.97,,0.06,,82.0,26.0,119.789,True,False,True,True,0x4b40cb6a2592b6fd3220f41af6be4927b8fbd9af5602d2b8af9acf238871d74a
2026-08-28T14:38:06.356083+00:00,919307,3925569,Beijing be 16°C,2026-08-29,lowest_temperature,Will the lowest temperature in Beijing be 16°C on August 29?,16°C,2.0,0.44,0.56,0.03,0.85,0.82,,,20.412,True,False,True,True,0x0077f5cb1a3ffa1b50558218b88fa538df221f3559226437590c55307f5967fc
2026-08-28T14:38:06.356097+00:00,919307,3925570,Beijing be 17°C,2026-08-29,lowest_temperature,Will the lowest temperature in Beijing be 17°C on August 29?,17°C,3.0,0.35,0.65,0.03,0.67,0.64,,,71.7377,True,False,True,True,0x810aabc1318eb2ef63485f0d7fdd104d3a17845d642380bb504d299e6df9763a
2026-08-28T14:38:06.356109+00:00,919307,3925571,Beijing be 18°C,2026-08-29,lowest_temperature,Will the lowest temperature in Beijing be 18°C on August 29?,18°C,4.0,0.415,0.585,0.05,0.78,0.73,,,88.9295,True,False,True,True,0x1870468b00779f029968b0dc25cb3787b944a5575d26b8fdbf18cf9e1b230bb7
2026-08-28T14:38:06.356120+00:00,919307,3925572,Beijing be 19°C,2026-08-29,lowest_temperature,Will the lowest temperature in Beijing be 19°C on August 29?,19°C,5.0,0.49,0.51,0.09,0.89,0.8,,,18.1889,True,False,True,True,0x1d27175e1af1f7ad74195638884553c39eebc8ab634136a32e94296fb836d99e
2026-08-28T14:38:06.356131+00:00,919307,3925573,Beijing be 20°C,2026-08-29,lowest_temperature,Will the lowest temperature in Beijing be 20°C on August 29?,20°C,6.0,0.425,0.575,0.01,0.84,0.83,12.0,12.0,18.7492,True,False,True,True,0xaaa5c871ffe2d62912af5a372b2aeab824a3dc9aa2432e434ba6f84966512cee
2026-08-28T14:38:06.356143+00:00,919307,3925574,Beijing be 21°C,2026-08-29,lowest_temperature,Will the lowest temperature in Beijing be 21°C on August 29?,21°C,7.0,0.03,0.97,,0.06,,95.0,20.0,268.4338,True,False,True,True,0xca00a39528b9bd4620b5ccf305995b0ee5c5f237bfd8dbb9ad9f23111acae836
2026-08-28T14:38:06.356157+00:00,919307,3925575,Beijing be 22°C,2026-08-29,lowest_temperature,Will the lowest temperature in Beijing be 22°C on August 29?,22°C,8.0,0.13,0.87,,0.26,,5.0,,94.2498,True,False,True,True,0xeacdfb8203feb087c77411256edc2a6be6dbf9e6316803fe10e1a552331ce1ae
2026-08-28T14:38:06.356171+00:00,919307,3925576,Beijing be 23°C,2026-08-29,lowest_temperature,Will the lowest temperature in Beijing be 23°C on August 29?,23°C,9.0,0.035,0.965,,0.07,,5.0,,352.5409,True,False,True,True,0xfb1c661d2457efa8a6f6045f4c01ebdafa6f4fa81ed152cfc13042d78d3fcbfc
2026-08-28T14:38:06.356182+00:00,919307,3925577,Beijing be 24°C or higher,2026-08-29,lowest_temperature,Will the lowest temperature in Beijing be 24°C or higher on August 29?,24°C or higher,10.0,0.015,0.985,,0.03,,5.0,,351.6996,True,False,True,True,0xf5bb09654d5551c38d0e5432f90c803a0e19c8c209b5557b7660f70b7eb21339
2026-08-28T14:38:06.356203+00:00,919308,3925578,Wuhan be 22°C or below,2026-08-29,lowest_temperature,Will the lowest temperature in Wuhan be 22°C or below on August 29?,22°C or below,0.0,0.435,0.565,,0.87,,5.0,,12.1333,True,False,True,True,0xbbc80ec47cbbd69806496838e04506751c68dabd13a3e13870e8cb93215ac8c1
2026-08-28T14:38:06.356220+00:00,919308,3925579,Wuhan be 23°C,2026-08-29,lowest_temperature,Will the lowest temperature in Wuhan be 23°C on August 29?,23°C,1.0,0.105,0.895,0.02,0.19,0.17,30.0,,41.8791,True,False,True,True,0x7080e668e0c6ab42cf78f4977d17b61da4b90a146f055d9509a58184c10d6ec1
2026-08-28T14:38:06.356239+00:00,919308,3925580,Wuhan be 24°C,2026-08-29,lowest_temperature,Will the lowest temperature in Wuhan be 24°C on August 29?,24°C,2.0,0.45,0.55,0.03,0.87,0.84,,,62.0693,True,False,True,True,0xaa7a42683c5f64fbf594db16f9190600534f0a33ae3d6d88f249966dd48f9be1
2026-08-28T14:38:06.356256+00:00,919308,3925581,Wuhan be 25°C,2026-08-29,lowest_temperature,Will the lowest temperature in Wuhan be 25°C on August 29?,25°C,3.0,0.445,0.555,0.05,0.84,0.7899999999999999,,,67.4364,True,False,True,True,0x6ee203c68a1e3383df12771b43e1390e0e5baf3e263499cf218d2643c9b8218c
2026-08-28T14:38:06.356273+00:00,919308,3925582,Wuhan be 26°C,2026-08-29,lowest_temperature,Will the lowest temperature in Wuhan be 26°C on August 29?,26°C,4.0,0.45,0.55,0.03,0.87,0.84,,,17.2989,True,False,True,True,0xb11d8d82e27d0593cb09f28c787bbf977ccf2923b34b7364fa30a25844106d3b
2026-08-28T14:38:06.356290+00:00,919308,3925583,Wuhan be 27°C,2026-08-29,lowest_temperature,Will the lowest temperature in Wuhan be 27°C on August 29?,27°C,5.0,0.265,0.735,0.03,0.5,0.47,,,76.6105,True,False,True,True,0x2ce7ebf58a32503900d75ae163b525af67e4e866978f9d3f7cd76f489c1023d3
2026-08-28T14:38:06.356308+00:00,919308,3925584,Wuhan be 28°C,2026-08-29,lowest_temperature,Will the lowest temperature in Wuhan be 28°C on August 29?,28°C,6.0,0.465,0.535,0.01,0.92,0.91,,,12.62,True,False,True,True,0x74521990833e169f63c8edb23db6904dc8661514b56f082fb29bc904f9235909
2026-08-28T14:38:06.356326+00:00,919308,3925585,Wuhan be 29°C,2026-08-29,lowest_temperature,Will the lowest temperature in Wuhan be 29°C on August 29?,29°C,7.0,0.045,0.955,0.01,0.08,0.07,19.5353,19.5353,141.9531,True,False,True,True,0x80a345e7a4882ab5a1d4683bc296df191b36aa1131eef21e081915faf64b7556
2026-08-28T14:38:06.356343+00:00,919308,3925586,Wuhan be 30°C,2026-08-29,lowest_temperature,Will the lowest temperature in Wuhan be 30°C on August 29?,30°C,8.0,0.04,0.96,,0.08,,5.0,,147.9633,True,False,True,True,0x7c7a5b8ad29fd9bbfaef26fb530c8296971e4a6de527b0f433ebaae293f0f934
2026-08-28T14:38:06.356361+00:00,919308,3925587,Wuhan be 31°C,2026-08-29,lowest_temperature,Will the lowest temperature in Wuhan be 31°C on August 29?,31°C,9.0,0.04,0.96,,0.08,,5.0,,42.8078,True,False,True,True,0x7934f3ca6091e29e1506bdcaf1abe4815d698c3bbb4bbe04293c67b0b48e5628
2026-08-28T14:38:06.356379+00:00,919308,3925588,Wuhan be 32°C or higher,2026-08-29,lowest_temperature,Will the lowest temperature in Wuhan be 32°C or higher on August 29?,32°C or higher,10.0,0.425,0.575,,0.85,,5.0,,26.4083,True,False,True,True,0x4ebf5a949c9e44653dec53a2a783316758ff3ee7bcb827d50cf59d6c7d06689a
2026-08-28T14:38:06.356399+00:00,919309,3925589,Chengdu be 17°C or below,2026-08-29,lowest_temperature,Will the lowest temperature in Chengdu be 17°C or below on August 29?,17°C or below,0.0,0.005,0.995,0.001,0.009,0.008,135.0,,880.19476,True,False,True,True,0xa603ef465e2f12b2d2034874319ac396d8d28e5e60b498dc89b9fe96930a7599
2026-08-28T14:38:06.356418+00:00,919309,3925590,Chengdu be 18°C,2026-08-29,lowest_temperature,Will the lowest temperature in Chengdu be 18°C on August 29?,18°C,1.0,0.46,0.54,,0.92,,5.0,,44.9497,True,False,True,True,0xc55457f3fac5e823c5e7c7246f4c485b78266bd3e8fc5a2df48c9a163bac0f66
2026-08-28T14:38:06.356438+00:00,919309,3925591,Chengdu be 19°C,2026-08-29,lowest_temperature,Will the lowest temperature in Chengdu be 19°C on August 29?,19°C,2.0,0.445,0.555,,0.89,,5.0,,18.9997,True,False,True,True,0x27445c95637cdc942b4d88a2db20fb1eba02095d8e21245e1609c5435d854c32
2026-08-28T14:38:06.356458+00:00,919309,3925592,Chengdu be 20°C,2026-08-29,lowest_temperature,Will the lowest temperature in Chengdu be 20°C on August 29?,20°C,3.0,0.38,0.62,,0.76,,64.0,44.0,32.3891,True,False,True,True,0xb66a664cff5f70c307e80e15f3cfed531e4fd33db1567ca4e4d4059adc4660c8
2026-08-28T14:38:06.356476+00:00,919309,3925593,Chengdu be 21°C,2026-08-29,lowest_temperature,Will the lowest temperature in Chengdu be 21°C on August 29?,21°C,4.0,0.45,0.55,0.03,0.87,0.84,,,23.9198,True,False,True,True,0x22f22c17f940d0f855277f1c1ace54582a14cc5be12e514831dde83a89ae52b7
2026-08-28T14:38:06.356493+00:00,919309,3925594,Chengdu be 22°C,2026-08-29,lowest_temperature,Will the lowest temperature in Chengdu be 22°C on August 29?,22°C,5.0,0.445,0.555,0.03,0.86,0.83,,,29.6449,True,False,True,True,0x6c0eb1f315e728bb58d5bf6985fdfdedc2ab69828520e84b13c3f06b5685458f
2026-08-28T14:38:06.356510+00:00,919309,3925595,Chengdu be 23°C,2026-08-29,lowest_temperature,Will the lowest temperature in Chengdu be 23°C on August 29?,23°C,6.0,0.355,0.645,0.05,0.66,0.61,,,99.1909,True,False,True,True,0xa62cb102e43963b8b2a3089aa6d2987d1d6d982e4fd1095e5864ce290d96da51
2026-08-28T14:38:06.356527+00:00,919309,3925596,Chengdu be 24°C,2026-08-29,lowest_temperature,Will the lowest temperature in Chengdu be 24°C on August 29?,24°C,7.0,0.45,0.55,0.03,0.87,0.84,,,65.2427,True,False,True,True,0xc1e2e5ce0a4dff240319029e44e4962db351d6aa470ee2790cc226c6ba761b8e
2026-08-28T14:38:06.356545+00:00,919309,3925597,Chengdu be 25°C,2026-08-29,lowest_temperature,Will the lowest temperature in Chengdu be 25°C on August 29?,25°C,8.0,0.45,0.55,0.03,0.87,0.84,,,70.7792,True,False,True,True,0x4bf1b773dd07148d248b57a135647b5fbf512f0781df60f6c4f7cff5cb1d3c02
2026-08-28T14:38:06.356565+00:00,919309,3925598,Chengdu be 26°C,2026-08-29,lowest_temperature,Will the lowest temperature in Chengdu be 26°C on August 29?,26°C,9.0,0.305,0.695,0.01,0.6,0.59,,,73.4985,True,False,True,True,0x8a0443ae3b8a076dbd97efb7908c27c13d0aa7096a6b49031a1f618732a5112e
2026-08-28T14:38:06.356583+00:00,919309,3925599,Chengdu be 27°C or higher,2026-08-29,lowest_temperature,Will the lowest temperature in Chengdu be 27°C or higher on August 29?,27°C or higher,10.0,0.15,0.85,,0.3,,5.0,,202.1497,True,False,True,True,0x2c2aad048acb88143cecff8720a63bd9ee9b9fbc278581ca3e33ee3164e3079e
2026-08-28T14:38:06.356601+00:00,919310,3925600,Shenzhen be 22°C or below,2026-08-29,lowest_temperature,Will the lowest temperature in Shenzhen be 22°C or below on August 29?,22°C or below,0.0,0.43,0.57,,0.86,,5017.5,5000.0,19.238,True,False,True,True,0x2472d53950e9d09dea5164278a5078b3f8538c92ace54428a06ce45220ea1914
2026-08-28T14:38:06.356620+00:00,919310,3925601,Shenzhen be 23°C,2026-08-29,lowest_temperature,Will the lowest temperature in Shenzhen be 23°C on August 29?,23°C,1.0,0.085,0.915,0.01,0.16,0.15,65.0909,9.0909,61.8087,True,False,True,True,0x2eec74e6de90805d66920770f475d70a76e1e6e3db311fcfe8e804b4bf6f4c9e
2026-08-28T14:38:06.356638+00:00,919310,3925602,Shenzhen be 24°C,2026-08-29,lowest_temperature,Will the lowest temperature in Shenzhen be 24°C on August 29?,24°C,2.0,0.09,0.91,0.01,0.17,0.16,104.7676,38.7676,51.9239,True,False,True,True,0x3e86f5a1a4df78d6d5627fd87c63ebe29ab405e803ba3c5cbea613335152a82c
2026-08-28T14:38:06.356655+00:00,919310,3925603,Shenzhen be 25°C,2026-08-29,lowest_temperature,Will the lowest temperature in Shenzhen be 25°C on August 29?,25°C,3.0,0.45,0.55,0.03,0.87,0.84,,,27.919,True,False,True,True,0x1b3a98aa98f246e25d9c13bbe6c0ffa443179b467ff6942b5ad47d27476117a9
2026-08-28T14:38:06.356673+00:00,919310,3925604,Shenzhen be 26°C,2026-08-29,lowest_temperature,Will the lowest temperature in Shenzhen be 26°C on August 29?,26°C,4.0,0.425,0.575,0.04,0.81,0.77,,,43.9223,True,False,True,True,0xab621da996ecc7c375d24886574d03997df7dfa788a377052cd9c1c986a0d11e
2026-08-28T14:38:06.356703+00:00,919310,3925605,Shenzhen be 27°C,2026-08-29,lowest_temperature,Will the lowest temperature in Shenzhen be 27°C on August 29?,27°C,5.0,0.455,0.545,0.04,0.87,0.83,,,66.4107,True,False,True,True,0x826d6c03efec5eabb87f0b71598e5efc42b8388a8eb6cb0d5e84e3189730389c
2026-08-28T14:38:06.356723+00:00,919310,3925606,Shenzhen be 28°C,2026-08-29,lowest_temperature,Will the lowest temperature in Shenzhen be 28°C on August 29?,28°C,6.0,0.44,0.56,0.03,0.85,0.82,,,71.4405,True,False,True,True,0x537c611f617c2fe93974c3c054c864baa1b9f9be977a150e1983a7a691a2675f
2026-08-28T14:38:06.356744+00:00,919310,3925607,Shenzhen be 29°C,2026-08-29,lowest_temperature,Will the lowest temperature in Shenzhen be 29°C on August 29?,29°C,7.0,0.435,0.565,0.02,0.85,0.83,,,24.3286,True,False,True,True,0xd167dd9d8ab1d25c725faa6991fb2b5c720cbe75cc9fd2da4eaf4510283f4f00
2026-08-28T14:38:06.356761+00:00,919310,3925608,Shenzhen be 30°C,2026-08-29,lowest_temperature,Will the lowest temperature in Shenzhen be 30°C on August 29?,30°C,8.0,0.425,0.575,,0.85,,5.0,,26.0993,True,False,True,True,0x8f6b9d1b559a83a2d3eb4f99f276fd7d83997cbf51c14425c7edc4ca56996d3d
2026-08-28T14:38:06.356779+00:00,919310,3925609,Shenzhen be 31°C,2026-08-29,lowest_temperature,Will the lowest temperature in Shenzhen be 31°C on August 29?,31°C,9.0,0.43,0.57,,0.86,,5.0,,22.5021,True,False,True,True,0x0316f0f79d5c9c7e986996a3081640ec81aa2ad02fec25bb9b1ee1850ce393f2
2026-08-28T14:38:06.356797+00:00,919310,3925610,Shenzhen be 32°C or higher,2026-08-29,lowest_temperature,Will the lowest temperature in Shenzhen be 32°C or higher on August 29?,32°C or higher,10.0,0.004,0.996,0.002,0.006,0.004,21.64,21.64,215.30511,True,False,True,True,0x96af00a0b37d6cb69c4f2b10bfaaf5436b068d9013123216d147f5c64c2ba49e
2026-08-28T14:38:06.356823+00:00,919311,3925611,Moscow be 3°C or below,2026-08-29,lowest_temperature,Will the lowest temperature in Moscow be 3°C or below on August 29?,3°C or below,0.0,0.455,0.545,,0.91,,5.0,,16.9108,True,False,True,True,0xf6b95ad96b8886c2251443782d3abd531067e5942fce6a1c675aa2cccacb4901
2026-08-28T14:38:06.356843+00:00,919311,3925612,Moscow be 4°C,2026-08-29,lowest_temperature,Will the lowest temperature in Moscow be 4°C on August 29?,4°C,1.0,0.0055,0.9945,0.001,0.01,0.009000000000000001,35.0,,127.55146,True,False,True,True,0x799a9b5fbffcafbe935f5548aec680ce2c4fdb501122cc587f3b0aa0b0ca6cf0
2026-08-28T14:38:06.356860+00:00,919311,3925613,Moscow be 5°C,2026-08-29,lowest_temperature,Will the lowest temperature in Moscow be 5°C on August 29?,5°C,2.0,0.225,0.775,,0.45,,65.0,,90.85,True,False,True,True,0x70d47681c2e9732d1c2d78d4e53ebf361919312c21aab65451405063e951295e
2026-08-28T14:38:06.356878+00:00,919311,3925614,Moscow be 6°C,2026-08-29,lowest_temperature,Will the lowest temperature in Moscow be 6°C on August 29?,6°C,3.0,0.255,0.745,0.01,0.5,0.49,59.4444,5.4444,91.0543,True,False,True,True,0x7079743ca41e1083c706a596af57e41aa23c19826f61ab5d78173eb70c031de9
2026-08-28T14:38:06.356896+00:00,919311,3925615,Moscow be 7°C,2026-08-29,lowest_temperature,Will the lowest temperature in Moscow be 7°C on August 29?,7°C,4.0,0.265,0.735,0.03,0.5,0.47,,,104.36,True,False,True,True,0x921dfe7b0258842ce741abae19408ac3f6141dd826e0a62669ac8bbc74696451
2026-08-28T14:38:06.356914+00:00,919311,3925616,Moscow be 8°C,2026-08-29,lowest_temperature,Will the lowest temperature in Moscow be 8°C on August 29?,8°C,5.0,0.265,0.735,0.03,0.5,0.47,,,108.7297,True,False,True,True,0xaf3a49ec111713727462e401ab146d38dd8c04ab88c6016d5a432b39b414d5f9
2026-08-28T14:38:06.356931+00:00,919311,3925617,Moscow be 9°C,2026-08-29,lowest_temperature,Will the lowest temperature in Moscow be 9°C on August 29?,9°C,6.0,0.265,0.735,0.03,0.5,0.47,,,110.29,True,False,True,True,0xcd1d67dc6c89f3deef744a477e7884da479e510c86a0c174b08e900e51814eb9
2026-08-28T14:38:06.356948+00:00,919311,3925618,Moscow be 10°C,2026-08-29,lowest_temperature,Will the lowest temperature in Moscow be 10°C on August 29?,10°C,7.0,0.26,0.74,0.02,0.5,0.48,,,109.7988,True,False,True,True,0x5800e05fc861eba441fec5be0c3accbe9f912b0cd9db5afdc99c7fde53dd38b1
2026-08-28T14:38:06.356966+00:00,919311,3925619,Moscow be 11°C,2026-08-29,lowest_temperature,Will the lowest temperature in Moscow be 11°C on August 29?,11°C,8.0,0.255,0.745,0.01,0.5,0.49,,,104.3896,True,False,True,True,0x12c527c1ffb4bf5bdabf1e006e2769890947668bdaa0b8c1eefd34809f48908c
2026-08-28T14:38:06.356984+00:00,919311,3925620,Moscow be 12°C,2026-08-29,lowest_temperature,Will the lowest temperature in Moscow be 12°C on August 29?,12°C,9.0,0.255,0.745,0.01,0.5,0.49,,,104.969,True,False,True,True,0x2e886c325f378b7a7f15ddf44d10ad62b553b6f6118be75de13fdef679ef60d9
2026-08-28T14:38:06.357004+00:00,919311,3925621,Moscow be 13°C or higher,2026-08-29,lowest_temperature,Will the lowest temperature in Moscow be 13°C or higher on August 29?,13°C or higher,10.0,0.435,0.565,0.01,0.86,0.85,5.0,,24.3876,True,False,True,True,0x794a12e5b8598333ab7d7801d43337283b20873d45356d36cc0d077a17df30b3
2026-08-28T14:38:06.357022+00:00,919312,3925622,Istanbul be 15°C or below,2026-08-29,lowest_temperature,Will the lowest temperature in Istanbul be 15°C or below on August 29?,15°C or below,0.0,0.425,0.575,,0.85,,135.0,,13.3898,True,False,True,True,0xed7ecbe3db312bd8396410b537920c88f54b985aab9baf2c017df0b960d3df93
2026-08-28T14:38:06.357042+00:00,919312,3925623,Istanbul be 16°C,2026-08-29,lowest_temperature,Will the lowest temperature in Istanbul be 16°C on August 29?,16°C,1.0,0.25,0.75,,0.5,,5.0,,77.7328,True,False,True,True,0x8955e8421ef0b4f709e6a5979096bb6ed1db33f31e447aacf4e8ad556b79136e
2026-08-28T14:38:06.357060+00:00,919312,3925624,Istanbul be 17°C,2026-08-29,lowest_temperature,Will the lowest temperature in Istanbul be 17°C on August 29?,17°C,2.0,0.25,0.75,,0.5,,5.0,,77.7298,True,False,True,True,0x0cbb34002f684b4dc6200d4d694799f8d9fd290984b1196d6410b4abd956e107
2026-08-28T14:38:06.357078+00:00,919312,3925625,Istanbul be 18°C,2026-08-29,lowest_temperature,Will the lowest temperature in Istanbul be 18°C on August 29?,18°C,3.0,0.265,0.735,0.03,0.5,0.47,,,107.6418,True,False,True,True,0x66f79e63f4ce75d1892b4c186d008bd94d8196ee851d29e4f9ef6d44e7eee3bc
2026-08-28T14:38:06.357095+00:00,919312,3925626,Istanbul be 19°C,2026-08-29,lowest_temperature,Will the lowest temperature in Istanbul be 19°C on August 29?,19°C,4.0,0.265,0.735,0.03,0.5,0.47,,,110.3422,True,False,True,True,0xf8adb0a2198c942519d29d7e0cb206a057ed8bef8b8521be24697fc9c45ed758
2026-08-28T14:38:06.357115+00:00,919312,3925627,Istanbul be 20°C,2026-08-29,lowest_temperature,Will the lowest temperature in Istanbul be 20°C on August 29?,20°C,5.0,0.265,0.735,0.03,0.5,0.47,,,111.0218,True,False,True,True,0x8613331621c7c63549faf310f63f217c0e7de61672e778bd4a0eecac3cdf9598
2026-08-28T14:38:06.357132+00:00,919312,3925628,Istanbul be 21°C,2026-08-29,lowest_temperature,Will the lowest temperature in Istanbul be 21°C on August 29?,21°C,6.0,0.275,0.725,0.05,0.5,0.45,,,153.6021,True,False,True,True,0xf7496ae0ebac27d51d35f5561c7b1c35ef45975487ff72ab4bce5739dc85c6df
2026-08-28T14:38:06.357149+00:00,919312,3925629,Istanbul be 22°C,2026-08-29,lowest_temperature,Will the lowest temperature in Istanbul be 22°C on August 29?,22°C,7.0,0.265,0.735,0.03,0.5,0.47,,,153.2118,True,False,True,True,0x0245e5d8a8b57fd494a63697841bff34bfb5abe6eb1f7ff013bc4699b48e7401
2026-08-28T14:38:06.357167+00:00,919312,3925630,Istanbul be 23°C,2026-08-29,lowest_temperature,Will the lowest temperature in Istanbul be 23°C on August 29?,23°C,8.0,0.25,0.75,,0.5,,10.0,,78.2818,True,False,True,True,0x20004e641a3783109e75be9ca03d7e50ef5d028f3957df4cb2c734d2ed81fe7b
2026-08-28T14:38:06.357185+00:00,919312,3925631,Istanbul be 24°C,2026-08-29,lowest_temperature,Will the lowest temperature in Istanbul be 24°C on August 29?,24°C,9.0,0.04,0.96,,0.08,,5.0,,125.8627,True,False,True,True,0x5ad4b2d812c1d069ddebdc3d5c0c2535fa07c2125eb794ff9fc89126caa059fa
2026-08-28T14:38:06.357205+00:00,919312,3925632,Istanbul be 25°C or higher,2026-08-29,lowest_temperature,Will the lowest temperature in Istanbul be 25°C or higher on August 29?,25°C or higher,10.0,0.425,0.575,,0.85,,5.0,,27.6577,True,False,True,True,0x11e25d3a7192fa6ecda5a17f855399370a2ed4321b30c70d50f67d1c9b997098
2026-08-28T14:38:06.357224+00:00,919313,3925633,Busan be 22°C or below,2026-08-29,lowest_temperature,Will the lowest temperature in Busan be 22°C or below on August 29?,22°C or below,0.0,0.165,0.835,,0.33,,5.0,,80.93,True,False,True,True,0x941902f309eaf78ddc9e83f63e3dfb38aea254296203ba6adb804e1ec2714da9
2026-08-28T14:38:06.357243+00:00,919313,3925634,Busan be 23°C,2026-08-29,lowest_temperature,Will the lowest temperature in Busan be 23°C on August 29?,23°C,1.0,0.26,0.74,0.02,0.5,0.48,6.0,,55.3932,True,False,True,True,0xf6c9c6349d555de8d88b152c2fc9383490829b9bf480791ee37baf12bf4db086
2026-08-28T14:38:06.357260+00:00,919313,3925635,Busan be 24°C,2026-08-29,lowest_temperature,Will the lowest temperature in Busan be 24°C on August 29?,24°C,2.0,0.26,0.74,0.03,0.49,0.45999999999999996,,,70.8431,True,False,True,True,0x8d897f20aa8720e45a905c5e09ce05c37a6ba517a572bd31ca750e8c67030ff9
2026-08-28T14:38:06.357278+00:00,919313,3925636,Busan be 25°C,2026-08-29,lowest_temperature,Will the lowest temperature in Busan be 25°C on August 29?,25°C,3.0,0.265,0.735,0.03,0.5,0.47,,,67.7932,True,False,True,True,0x5e86c3ec29c71f107092e8c3055060d8373d4cf29a398f486f24b097e1a89916
2026-08-28T14:38:06.357296+00:00,919313,3925637,Busan be 26°C,2026-08-29,lowest_temperature,Will the lowest temperature in Busan be 26°C on August 29?,26°C,4.0,0.275,0.725,0.05,0.5,0.45,,,73.2759,True,False,True,True,0xbd520d13aacf7e26b17304d24bf32a1a6e4ad79d086ed936d69c01a87c495f97
2026-08-28T14:38:06.357314+00:00,919313,3925638,Busan be 27°C,2026-08-29,lowest_temperature,Will the lowest temperature in Busan be 27°C on August 29?,27°C,5.0,0.26,0.74,0.02,0.5,0.48,92.40815,92.40815,66.4235,True,False,True,True,0xec78d4733179e7257b20f60e0dbfe6f25f260044e67cdde5c3c675c666256bc6
2026-08-28T14:38:06.357333+00:00,919313,3925639,Busan be 28°C,2026-08-29,lowest_temperature,Will the lowest temperature in Busan be 28°C on August 29?,28°C,6.0,0.25,0.75,,0.5,,20.0,20.0,61.8317,True,False,True,True,0x586f257bfc6bb3e20a53529b6e711d01323c982ddc3c6ef95bf9681dd83097e9
2026-08-28T14:38:06.357350+00:00,919313,3925640,Busan be 29°C,2026-08-29,lowest_temperature,Will the lowest temperature in Busan be 29°C on August 29?,29°C,7.0,0.24,0.76,,0.48,,144.9894,139.9894,131.0118,True,False,True,True,0x81c181554be95fb172584063c6c67480d29fa8a6c130132edfe5146d4a230af5
2026-08-28T14:38:06.357367+00:00,919313,3925641,Busan be 30°C,2026-08-29,lowest_temperature,Will the lowest temperature in Busan be 30°C on August 29?,30°C,8.0,0.003,0.997,0.001,0.005,0.004,20.03,15.03,1483.59469,True,False,True,True,0x4ec1b5d740c04943a1e69df40d886db3a2af0d8394466e2977550720d677f8fd
2026-08-28T14:38:06.357385+00:00,919313,3925642,Busan be 31°C,2026-08-29,lowest_temperature,Will the lowest temperature in Busan be 31°C on August 29?,31°C,9.0,0.04,0.96,,0.08,,5.0,,233.9888,True,False,True,True,0x8485fc4adb25cb2b9889a0b62d4ef04c524599d8e88222980d98fcabe3e3bf6e
2026-08-28T14:38:06.357405+00:00,919313,3925643,Busan be 32°C or higher,2026-08-29,lowest_temperature,Will the lowest temperature in Busan be 32°C or higher on August 29?,32°C or higher,10.0,0.17,0.83,,0.34,,5.0,,223.4759,True,False,True,True,0xd9543b1e7909393d0030c3eefacf355dbc6ab17190447277b7fbeda05ae63a33
2026-08-28T14:38:06.357424+00:00,919314,3925644,Amsterdam be 12°C or below,2026-08-29,lowest_temperature,Will the lowest temperature in Amsterdam be 12°C or below on August 29?,12°C or below,0.0,0.08,0.92,,0.16,,5.0,,51.2793,True,False,True,True,0xdc221486f4e17b5c1670f247443879638df26000030db6784e8b89d425bdd75c
2026-08-28T14:38:06.357444+00:00,919314,3925645,Amsterdam be 13°C,2026-08-29,lowest_temperature,Will the lowest temperature in Amsterdam be 13°C on August 29?,13°C,1.0,0.075,0.925,,0.15,,64.0,,144.8321,True,False,True,True,0x159bff62f06174a7927221b1819436e69af89076725c11680abc62f7794a91a0
2026-08-28T14:38:06.357463+00:00,919314,3925646,Amsterdam be 14°C,2026-08-29,lowest_temperature,Will the lowest temperature in Amsterdam be 14°C on August 29?,14°C,2.0,0.09,0.91,0.03,0.15,0.12,,,122.8775,True,False,True,True,0x5b3ef3d945c56998ab19d7361fe67b846b39543b5919a2ffc37355f670e3c20c
2026-08-28T14:38:06.357480+00:00,919314,3925647,Amsterdam be 15°C,2026-08-29,lowest_temperature,Will the lowest temperature in Amsterdam be 15°C on August 29?,15°C,3.0,0.3,0.7,0.1,0.5,0.4,,,93.9731,True,False,True,True,0x5dc8be4ee9a64ac600844921798ee80d6856a164c952aa1be9ed52660c1472e2
2026-08-28T14:38:06.357497+00:00,919314,3925648,Amsterdam be 16°C,2026-08-29,lowest_temperature,Will the lowest temperature in Amsterdam be 16°C on August 29?,16°C,4.0,0.265,0.735,0.05,0.48,0.43,,,139.8324,True,False,True,True,0xc25b6a78575bc1dea611ffa779aa306a2e73f11ad1842ea032adedb66ba94c62
2026-08-28T14:38:06.357514+00:00,919314,3925649,Amsterdam be 17°C,2026-08-29,lowest_temperature,Will the lowest temperature in Amsterdam be 17°C on August 29?,17°C,5.0,0.265,0.735,0.03,0.5,0.47,,,144.7918,True,False,True,True,0xedbf556ac0e4a297f60e78aec7874f9da415169527fea53542b407ca27fe0e8d
2026-08-28T14:38:06.357532+00:00,919314,3925650,Amsterdam be 18°C,2026-08-29,lowest_temperature,Will the lowest temperature in Amsterdam be 18°C on August 29?,18°C,6.0,0.095,0.905,0.01,0.18,0.16999999999999998,,,110.8031,True,False,True,True,0x0e6dfa96b7643d533038b86a4de04866f1d57dc50393fce7cb2ba55254a1e0ee
2026-08-28T14:38:06.357549+00:00,919314,3925651,Amsterdam be 19°C,2026-08-29,lowest_temperature,Will the lowest temperature in Amsterdam be 19°C on August 29?,19°C,7.0,0.04,0.96,,0.08,,5.0,,120.1929,True,False,True,True,0x3131b65176571d7d54c78935de516279c49362a1bd885427f4441796a38b4b3e
2026-08-28T14:38:06.357568+00:00,919314,3925652,Amsterdam be 20°C,2026-08-29,lowest_temperature,Will the lowest temperature in Amsterdam be 20°C on August 29?,20°C,8.0,0.04,0.96,,0.08,,5.0,,160.9651,True,False,True,True,0x830017daaf3fe6bbc506559b4c11551e83ede4c2f14c96fdce4944cf0239ca68
2026-08-28T14:38:06.357586+00:00,919314,3925653,Amsterdam be 21°C,2026-08-29,lowest_temperature,Will the lowest temperature in Amsterdam be 21°C on August 29?,21°C,9.0,0.003,0.997,0.001,0.005,0.004,5.0,,1588.33896,True,False,True,True,0x7dd13d1e73a7faa86324654ef6b0cac4505e37c60555b727df2527a0c2ced1a4
2026-08-28T14:38:06.357604+00:00,919314,3925654,Amsterdam be 22°C or higher,2026-08-29,lowest_temperature,Will the lowest temperature in Amsterdam be 22°C or higher on August 29?,22°C or higher,10.0,0.003,0.997,0.001,0.005,0.004,5.0,,1071.95292,True,False,True,True,0x1e282317b172a60526031637df1660ffd988bf656a21b157c1558fabaf7d18d3
2026-08-28T14:38:06.357624+00:00,919315,3925655,Helsinki be 10°C or below,2026-08-29,lowest_temperature,Will the lowest temperature in Helsinki be 10°C or below on August 29?,10°C or below,0.0,0.015,0.985,,0.03,,64.0,48.0,341.1096,True,False,True,True,0x210c2404c5f2f806356727760c676ba58f8a3f6cf39fb6a699418f993a2a8170
2026-08-28T14:38:06.357645+00:00,919315,3925656,Helsinki be 11°C,2026-08-29,lowest_temperature,Will the lowest temperature in Helsinki be 11°C on August 29?,11°C,1.0,0.26,0.74,0.03,0.49,0.45999999999999996,,,104.4433,True,False,True,True,0x9af0e84a1eb6ae6ae89f15412238b2ceb30183824da592dd2701d13a26248d8a
2026-08-28T14:38:06.357663+00:00,919315,3925657,Helsinki be 12°C,2026-08-29,lowest_temperature,Will the lowest temperature in Helsinki be 12°C on August 29?,12°C,2.0,0.265,0.735,0.03,0.5,0.47,4.29165,4.29165,97.874,True,False,True,True,0xf13ef05445d8b7ec13b177ac2a008327ba4853a11e81c9c954aeed14926caa75
2026-08-28T14:38:06.357681+00:00,919315,3925658,Helsinki be 13°C,2026-08-29,lowest_temperature,Will the lowest temperature in Helsinki be 13°C on August 29?,13°C,3.0,0.265,0.735,0.03,0.5,0.47,,,101.898,True,False,True,True,0xcf816fc6b9d4b54ac2eb75d345b18cea1e17d4e95ef57ae28f9115b339f9e3ae
2026-08-28T14:38:06.357710+00:00,919315,3925659,Helsinki be 14°C,2026-08-29,lowest_temperature,Will the lowest temperature in Helsinki be 14°C on August 29?,14°C,4.0,0.27,0.73,0.04,0.5,0.46,,,107.2787,True,False,True,True,0x31ebec70a96a6ecf6070a9cfbbbdfea94674d8ed27a6dfa535121ec4f60e82b0
2026-08-28T14:38:06.357728+00:00,919315,3925660,Helsinki be 15°C,2026-08-29,lowest_temperature,Will the lowest temperature in Helsinki be 15°C on August 29?,15°C,5.0,0.255,0.745,0.02,0.49,0.47,,,104.3192,True,False,True,True,0x177154823710d80b814fee00e6787750e7686af27e88b82159aca683abf3e887
2026-08-28T14:38:06.357747+00:00,919315,3925661,Helsinki be 16°C,2026-08-29,lowest_temperature,Will the lowest temperature in Helsinki be 16°C on August 29?,16°C,6.0,0.245,0.755,,0.49,,5.0,,148.884,True,False,True,True,0x00f7bfc1a658ee617f101a363447d19b46a6633b7df16c0c610e1f4fa96e09f9
2026-08-28T14:38:06.357765+00:00,919315,3925662,Helsinki be 17°C,2026-08-29,lowest_temperature,Will the lowest temperature in Helsinki be 17°C on August 29?,17°C,7.0,0.01,0.99,,0.02,,150.0,145.0,367.5368,True,False,True,True,0xe399c954c32cd488946b661c36f20d48aec143d067d7dc01b72afef62ec18273
2026-08-28T14:38:06.357783+00:00,919315,3925663,Helsinki be 18°C,2026-08-29,lowest_temperature,Will the lowest temperature in Helsinki be 18°C on August 29?,18°C,8.0,0.04,0.96,,0.08,,5.0,,141.2168,True,False,True,True,0x9f6385f480824849a854e2f572b2329f3cf42da790e52881e62b4a32c95ff99e
2026-08-28T14:38:06.357801+00:00,919315,3925664,Helsinki be 19°C,2026-08-29,lowest_temperature,Will the lowest temperature in Helsinki be 19°C on August 29?,19°C,9.0,0.003,0.997,0.001,0.005,0.004,5.0,,1742.38106,True,False,True,True,0x4128232c5e8ce2fba2cba60b0f8884e7ace47f841dfddd453dee227e415539e5
2026-08-28T14:38:06.357820+00:00,919315,3925665,Helsinki be 20°C or higher,2026-08-29,lowest_temperature,Will the lowest temperature in Helsinki be 20°C or higher on August 29?,20°C or higher,10.0,0.25,0.75,,0.5,,5.0,,130.6296,True,False,True,True,0xbe8f594fe87590699e51340d5c9683ecdc6a7c1b029f989281c45f6bdaa39e25
2026-08-28T14:38:06.357841+00:00,919316,3925666,Kuala Lumpur be 21°C or below,2026-08-29,lowest_temperature,Will the lowest temperature in Kuala Lumpur be 21°C or below on August 29?,21°C or below,0.0,0.045,0.955,,0.09,,5.0,,39.1,True,False,True,True,0x0c2249745668b03dfe9adff1371294dfdd44d307fdd61f074faed366e86a48fb
2026-08-28T14:38:06.357860+00:00,919316,3925667,Kuala Lumpur be 22°C,2026-08-29,lowest_temperature,Will the lowest temperature in Kuala Lumpur be 22°C on August 29?,22°C,1.0,0.045,0.955,0.01,0.08,0.07,54.0,,162.513,True,False,True,True,0xa4f54ab5021ec689e815170e4a4964936bed4cab24fd74a1d55295c9f1ee6a27
2026-08-28T14:38:06.357878+00:00,919316,3925668,Kuala Lumpur be 23°C,2026-08-29,lowest_temperature,Will the lowest temperature in Kuala Lumpur be 23°C on August 29?,23°C,2.0,0.235,0.765,0.02,0.45,0.43,26.0,,79.5154,True,False,True,True,0xc594a4ab0bed96df2aa11dd13349f204d651f0b007121d5885f5feb51de80423
2026-08-28T14:38:06.357897+00:00,919316,3925669,Kuala Lumpur be 24°C,2026-08-29,lowest_temperature,Will the lowest temperature in Kuala Lumpur be 24°C on August 29?,24°C,3.0,0.26,0.74,0.03,0.49,0.45999999999999996,,,81.4326,True,False,True,True,0xee4df6cbc7bd755c14e376d4e0d46748c30ac69817f99d9857c1647cac13dd9f
2026-08-28T14:38:06.357915+00:00,919316,3925670,Kuala Lumpur be 25°C,2026-08-29,lowest_temperature,Will the lowest temperature in Kuala Lumpur be 25°C on August 29?,25°C,4.0,0.265,0.735,0.03,0.5,0.47,,,76.1425,True,False,True,True,0x2ded4c29fbf1ff697e08394a9207e842056e5ca95a9da5926838e77588c74e01
2026-08-28T14:38:06.357935+00:00,919316,3925671,Kuala Lumpur be 26°C,2026-08-29,lowest_temperature,Will the lowest temperature in Kuala Lumpur be 26°C on August 29?,26°C,5.0,0.275,0.725,0.05,0.5,0.45,,,125.2026,True,False,True,True,0x0d91311a21d128ffed9cf7931ecbb5962717d18140bb8a4e2e7512b2c6682c52
2026-08-28T14:38:06.357955+00:00,919316,3925672,Kuala Lumpur be 27°C,2026-08-29,lowest_temperature,Will the lowest temperature in Kuala Lumpur be 27°C on August 29?,27°C,6.0,0.265,0.735,0.03,0.5,0.47,,,125.3027,True,False,True,True,0xb7c21e44fdd7e3ff9cd5a21b587060a981f85952662435e666494a2c9be72a23
2026-08-28T14:38:06.357973+00:00,919316,3925673,Kuala Lumpur be 28°C,2026-08-29,lowest_temperature,Will the lowest temperature in Kuala Lumpur be 28°C on August 29?,28°C,7.0,0.265,0.735,0.03,0.5,0.47,,,71.5435,True,False,True,True,0x9c6a2d1b8fb8279a58d389060d0562287e96390fcae8eedd4a11dc2d1d257aca
2026-08-28T14:38:06.357990+00:00,919316,3925674,Kuala Lumpur be 29°C,2026-08-29,lowest_temperature,Will the lowest temperature in Kuala Lumpur be 29°C on August 29?,29°C,8.0,0.25,0.75,,0.5,,5.0,,71.633,True,False,True,True,0xcbcdf26578368a28471d96a78fd823c34e986977564ff60ce5d94254d7d23dad
2026-08-28T14:38:06.358009+00:00,919316,3925675,Kuala Lumpur be 30°C,2026-08-29,lowest_temperature,Will the lowest temperature in Kuala Lumpur be 30°C on August 29?,30°C,9.0,0.25,0.75,,0.5,,5.0,,72.6324,True,False,True,True,0xc922aaeb0a252932814a8e7edd2b26afe1a2208fbb749bb595e0131eba89c244
2026-08-28T14:38:06.358026+00:00,919316,3925676,Kuala Lumpur be 31°C or higher,2026-08-29,lowest_temperature,Will the lowest temperature in Kuala Lumpur be 31°C or higher on August 29?,31°C or higher,10.0,0.43,0.57,,0.86,,5.0,,16.5535,True,False,True,True,0x865b3d8e05b9d59a4755d0440438cd3ac57855bf84807200ab2953a65e28b630
2026-08-28T14:38:06.358045+00:00,919317,3925677,Jeddah be 24°C or below,2026-08-29,lowest_temperature,Will the lowest temperature in Jeddah be 24°C or below on August 29?,24°C or below,0.0,0.43,0.57,,0.86,,5.0,,17.9222,True,False,True,True,0x26a372f4faac9e70c1a8729b4a7cd75f17af36202fd13a4fe6fdb4aed6e0dcb6
2026-08-28T14:38:06.358064+00:00,919317,3925678,Jeddah be 25°C,2026-08-29,lowest_temperature,Will the lowest temperature in Jeddah be 25°C on August 29?,25°C,1.0,0.05,0.95,,0.1,,254.9928,129.9928,263.6168,True,False,True,True,0x6c074b97a118239be4385639b198a7ca1ff0869833a5dffcf9d3f13d6ab9ee8e
2026-08-28T14:38:06.358083+00:00,919317,3925679,Jeddah be 26°C,2026-08-29,lowest_temperature,Will the lowest temperature in Jeddah be 26°C on August 29?,26°C,2.0,0.245,0.755,,0.49,,37.0404,,94.0309,True,False,True,True,0xdc1bad08b90a3dfa32f9149158e511bcb0da00ed299043404f2ae316ab4998f5
2026-08-28T14:38:06.358101+00:00,919317,3925680,Jeddah be 27°C,2026-08-29,lowest_temperature,Will the lowest temperature in Jeddah be 27°C on August 29?,27°C,3.0,0.245,0.755,,0.49,,103.2222,,95.4419,True,False,True,True,0xea94c6212f006f0d49aeac0e77e28606dbfdfca17766b9ae944bf51aaf0677c8
2026-08-28T14:38:06.358118+00:00,919317,3925681,Jeddah be 28°C,2026-08-29,lowest_temperature,Will the lowest temperature in Jeddah be 28°C on August 29?,28°C,4.0,0.225,0.775,0.02,0.43,0.41,18.0408,2.0408,112.8643,True,False,True,True,0x22615e3d947f1b10fd52002d9079136501bd4fcb28fa306f1ce72b2e91d90ff3
2026-08-28T14:38:06.358135+00:00,919317,3925682,Jeddah be 29°C,2026-08-29,lowest_temperature,Will the lowest temperature in Jeddah be 29°C on August 29?,29°C,5.0,0.26,0.74,0.03,0.49,0.45999999999999996,,,107.3114,True,False,True,True,0xbc5e5b627c3a257830891d0c3d02a5ab27e93361cdb6a2f20b3c76730283483d
2026-08-28T14:38:06.358152+00:00,919317,3925683,Jeddah be 30°C,2026-08-29,lowest_temperature,Will the lowest temperature in Jeddah be 30°C on August 29?,30°C,6.0,0.27,0.73,0.04,0.5,0.46,,,123.4097,True,False,True,True,0xc7a3165d42c9eeba9e3ccda8bbbf035f81b6bb675e80a1d8cae7931d704c61a0
2026-08-28T14:38:06.358169+00:00,919317,3925684,Jeddah be 31°C,2026-08-29,lowest_temperature,Will the lowest temperature in Jeddah be 31°C on August 29?,31°C,7.0,0.28,0.72,0.04,0.52,0.48000000000000004,7.923075,1.923075,90.7232,True,False,True,True,0x34383904a31609b74124948036668f908c14631679b426e9debae7eaf3569156
2026-08-28T14:38:06.358186+00:00,919317,3925685,Jeddah be 32°C,2026-08-29,lowest_temperature,Will the lowest temperature in Jeddah be 32°C on August 29?,32°C,8.0,0.26,0.74,0.03,0.49,0.45999999999999996,,,107.0733,True,False,True,True,0x5015b8193b3a1486f886cc840ab1513ff1fbb1662d5bc714bd31c234cb11d7b8
2026-08-28T14:38:06.358204+00:00,919317,3925686,Jeddah be 33°C,2026-08-29,lowest_temperature,Will the lowest temperature in Jeddah be 33°C on August 29?,33°C,9.0,0.0055,0.9945,0.001,0.01,0.009000000000000001,10.0,,268.42171,True,False,True,True,0x0f04a2e8d928908b1c61ec2c7dcc9647826b007d75c7d0388793ba0ee56c2031
2026-08-28T14:38:06.358224+00:00,919317,3925687,Jeddah be 34°C or higher,2026-08-29,lowest_temperature,Will the lowest temperature in Jeddah be 34°C or higher on August 29?,34°C or higher,10.0,0.01,0.99,,0.02,,5.0,,43.4777,True,False,True,True,0xc3763eda087494066bfd5dfc176d828f0c7b8870abaaa6ce370975f1dcb7210c
2026-08-28T14:38:06.358243+00:00,919318,3925688,Cape Town be 7°C or below,2026-08-29,lowest_temperature,Will the lowest temperature in Cape Town be 7°C or below on August 29?,7°C or below,0.0,0.345,0.655,0.01,0.68,0.67,87.3029,82.30289999999998,62.2163,True,False,True,True,0x0f3d1971811d0694e8a975874c5112f0383d700fadafb770c6954fadb721dd06
2026-08-28T14:38:06.358262+00:00,919318,3925689,Cape Town be 8°C,2026-08-29,lowest_temperature,Will the lowest temperature in Cape Town be 8°C on August 29?,8°C,1.0,0.075,0.925,0.01,0.14,0.13,105.0,30.0,214.4966,True,False,True,True,0x9ab7eeec1fa0a6b325200a17a18bf69193c632f89c8616343cb9a12453deace0
2026-08-28T14:38:06.358281+00:00,919318,3925690,Cape Town be 9°C,2026-08-29,lowest_temperature,Will the lowest temperature in Cape Town be 9°C on August 29?,9°C,2.0,0.095,0.905,0.02,0.17,0.15000000000000002,46.0,,194.5168,True,False,True,True,0x9c34923e9108ceeff23c31dd720e1ae469ad1dc490bbf5213fe56d26803d8dcf
2026-08-28T14:38:06.358301+00:00,919318,3925691,Cape Town be 10°C,2026-08-29,lowest_temperature,Will the lowest temperature in Cape Town be 10°C on August 29?,10°C,3.0,0.265,0.735,0.04,0.49,0.45,,,130.7226,True,False,True,True,0x559ce7adcb45d024613ea83dca49c01ded0efa68cfa281f233d74f4b883930e7
2026-08-28T14:38:06.358321+00:00,919318,3925692,Cape Town be 11°C,2026-08-29,lowest_temperature,Will the lowest temperature in Cape Town be 11°C on August 29?,11°C,4.0,0.275,0.725,0.05,0.5,0.45,,,178.2085,True,False,True,True,0x38fd63f9c98f13b4fbcdfd9a298b88850d2ac372b91ce1d339a6127c488f0ad9
2026-08-28T14:38:06.358338+00:00,919318,3925693,Cape Town be 12°C,2026-08-29,lowest_temperature,Will the lowest temperature in Cape Town be 12°C on August 29?,12°C,5.0,0.275,0.725,0.05,0.5,0.45,,,132.9996,True,False,True,True,0x83e5323e49f19920c0b151f01731a58191a75e06830b28d766ed9f10f4713597
2026-08-28T14:38:06.358354+00:00,919318,3925694,Cape Town be 13°C,2026-08-29,lowest_temperature,Will the lowest temperature in Cape Town be 13°C on August 29?,13°C,6.0,0.275,0.725,0.05,0.5,0.45,,,121.1986,True,False,True,True,0x56d43989e64422932377dd3cdb828c24548c42f30e911b7313a2df6733e69189
2026-08-28T14:38:06.358372+00:00,919318,3925695,Cape Town be 14°C,2026-08-29,lowest_temperature,Will the lowest temperature in Cape Town be 14°C on August 29?,14°C,7.0,0.24,0.76,0.01,0.47,0.45999999999999996,,,114.3358,True,False,True,True,0xf8126dbec5265ba134416b5ae155749204074a6aabbd61b5527fda9df59d68f7
2026-08-28T14:38:06.358388+00:00,919318,3925696,Cape Town be 15°C,2026-08-29,lowest_temperature,Will the lowest temperature in Cape Town be 15°C on August 29?,15°C,8.0,0.245,0.755,,0.49,,85.0,85.0,128.1026,True,False,True,True,0x39ce459d33c7d827ad4f0a3abe66e708bfcb459dea8cdf3cc3809f09520f5158
2026-08-28T14:38:06.358406+00:00,919318,3925697,Cape Town be 16°C,2026-08-29,lowest_temperature,Will the lowest temperature in Cape Town be 16°C on August 29?,16°C,9.0,0.01,0.99,,0.02,,5.0,,347.3559,True,False,True,True,0x091eb08f69ae35d54df18e139fd826ab25531ad7a6fe313b7a992947521a73d0
2026-08-28T14:38:06.358423+00:00,919318,3925698,Cape Town be 17°C or higher,2026-08-29,lowest_temperature,Will the lowest temperature in Cape Town be 17°C or higher on August 29?,17°C or higher,10.0,0.02,0.98,,0.04,,5.0,,292.0092,True,False,True,True,0xe5003df979eb5a66affc563baf46738658ebd2193042a4e59ea68debe012c507
2026-08-28T14:38:06.358442+00:00,919319,3925699,Guangzhou be 21°C or below,2026-08-29,lowest_temperature,Will the lowest temperature in Guangzhou be 21°C or below on August 29?,21°C or below,0.0,0.02,0.98,,0.04,,265.0,,816.2283,True,False,True,True,0x164979841f9727823ab501a04dc53f2fad1ff966f1ac9dff71be5fc2ab6a1812
2026-08-28T14:38:06.358462+00:00,919319,3925700,Guangzhou be 22°C,2026-08-29,lowest_temperature,Will the lowest temperature in Guangzhou be 22°C on August 29?,22°C,1.0,0.24,0.76,,0.48,,135.0,130.0,136.3309,True,False,True,True,0x4b58507176239b2fa689d4f771f88923145741c6487379c8b704494a26f496ba
2026-08-28T14:38:06.358479+00:00,919319,3925701,Guangzhou be 23°C,2026-08-29,lowest_temperature,Will the lowest temperature in Guangzhou be 23°C on August 29?,23°C,2.0,0.25,0.75,,0.5,,5.0,,65.8491,True,False,True,True,0xc93d7c91bf1c845d79b449d5fe24fcbe2c14f4faca9556f6b116730b9fed293c
2026-08-28T14:38:06.358497+00:00,919319,3925702,Guangzhou be 24°C,2026-08-29,lowest_temperature,Will the lowest temperature in Guangzhou be 24°C on August 29?,24°C,3.0,0.035,0.965,0.02,0.05,0.030000000000000002,36.0,10.0,85.1317,True,False,True,True,0xe42233fed95b272d9525051c31ba103669c1b1f334f2494bbe93fed11ed06783
2026-08-28T14:38:06.358516+00:00,919319,3925703,Guangzhou be 25°C,2026-08-29,lowest_temperature,Will the lowest temperature in Guangzhou be 25°C on August 29?,25°C,4.0,0.26,0.74,0.03,0.49,0.45999999999999996,,,75.0302,True,False,True,True,0x64a5f87246845bba5a01fdd6dcf88d4faf513c6b53b8ffbf771cb393719a6586
2026-08-28T14:38:06.358534+00:00,919319,3925704,Guangzhou be 26°C,2026-08-29,lowest_temperature,Will the lowest temperature in Guangzhou be 26°C on August 29?,26°C,5.0,0.265,0.735,0.03,0.5,0.47,,,69.7108,True,False,True,True,0x139aeaa18ef64a887bc28832519d16a13b89ec97b84f22cf6cb09584581a5782
2026-08-28T14:38:06.358551+00:00,919319,3925705,Guangzhou be 27°C,2026-08-29,lowest_temperature,Will the lowest temperature in Guangzhou be 27°C on August 29?,27°C,6.0,0.27,0.73,0.04,0.5,0.46,,,72.6998,True,False,True,True,0x84df6f4d1dfe35f379844ddc9d5638ab8029530409705a2dd51a9592cfb3bdf3
2026-08-28T14:38:06.358568+00:00,919319,3925706,Guangzhou be 28°C,2026-08-29,lowest_temperature,Will the lowest temperature in Guangzhou be 28°C on August 29?,28°C,7.0,0.26,0.74,0.02,0.5,0.48,6.0,6.0,68.4617,True,False,True,True,0xa14569b92f27034b0205c701e9c8897ebf0b98449e86e0bc300e051ba0598390
2026-08-28T14:38:06.358586+00:00,919319,3925707,Guangzhou be 29°C,2026-08-29,lowest_temperature,Will the lowest temperature in Guangzhou be 29°C on August 29?,29°C,8.0,0.255,0.745,0.01,0.5,0.49,,,66.9317,True,False,True,True,0x55b6a2adce53b7b6fc34a7ff26b49e4d3670a39f26a73be3778aadda1ba53ecc
2026-08-28T14:38:06.358604+00:00,919319,3925708,Guangzhou be 30°C,2026-08-29,lowest_temperature,Will the lowest temperature in Guangzhou be 30°C on August 29?,30°C,9.0,0.195,0.805,,0.39,,153.043006,148.043006,168.2624,True,False,True,True,0xda5c49f90271803e0ba38fd94fd7b8720bc30f0adfcfea0fe8ad902b95e4beb9
2026-08-28T14:38:06.358622+00:00,919319,3925709,Guangzhou be 31°C or higher,2026-08-29,lowest_temperature,Will the lowest temperature in Guangzhou be 31°C or higher on August 29?,31°C or higher,10.0,0.0105,0.9895,0.001,0.02,0.019,5.0,,265.47777,True,False,True,True,0x1aecd76843f59823c4e016d83239f1e98e89edb424d62ebd3f12a2a788f37b62
2026-08-28T14:38:06.358642+00:00,919320,3925710,Qingdao be 20°C or below,2026-08-29,lowest_temperature,Will the lowest temperature in Qingdao be 20°C or below on August 29?,20°C or below,0.0,0.22,0.78,,0.44,,59.0,43.0,42.9684,True,False,True,True,0x3d78a6a763ec36b78fb3ddcb1557a6dd9323ca0b536cf316b247825c9651ba19
2026-08-28T14:38:06.358658+00:00,919320,3925711,Qingdao be 21°C,2026-08-29,lowest_temperature,Will the lowest temperature in Qingdao be 21°C on August 29?,21°C,1.0,0.265,0.735,0.03,0.5,0.47,,,67.0301,True,False,True,True,0xd2b7439f0aa51255d3473fa3ef920bd507892b18c6934b29ce38ddde1dd298c5
2026-08-28T14:38:06.358672+00:00,919320,3925712,Qingdao be 22°C,2026-08-29,lowest_temperature,Will the lowest temperature in Qingdao be 22°C on August 29?,22°C,2.0,0.27,0.73,0.04,0.5,0.46,,,69.0997,True,False,True,True,0xc24932955b321b315e458e72c5a1f3fb5bb6fef7023024d439c234c0adb585dc
2026-08-28T14:38:06.358685+00:00,919320,3925713,Qingdao be 23°C,2026-08-29,lowest_temperature,Will the lowest temperature in Qingdao be 23°C on August 29?,23°C,3.0,0.265,0.735,0.03,0.5,0.47,,,71.9395,True,False,True,True,0xf92f15743a13aedb19c7cbd8ccb5b5bc56afa4e39d79138e930de0650ca22c5f
2026-08-28T14:38:06.358704+00:00,919320,3925714,Qingdao be 24°C,2026-08-29,lowest_temperature,Will the lowest temperature in Qingdao be 24°C on August 29?,24°C,4.0,0.265,0.735,0.03,0.5,0.47,,,71.9409,True,False,True,True,0xd92c05bb9b77b147db4b0b868eb4e3b89685cb94cee4da459316992464d8f0c6
2026-08-28T14:38:06.358716+00:00,919320,3925715,Qingdao be 25°C,2026-08-29,lowest_temperature,Will the lowest temperature in Qingdao be 25°C on August 29?,25°C,5.0,0.165,0.835,0.01,0.32,0.31,,,147.5307,True,False,True,True,0x75a1dcf9b588bd3231a0c7966d7b6279b923b22582788c87565624825db4af16
2026-08-28T14:38:06.358728+00:00,919320,3925716,Qingdao be 26°C,2026-08-29,lowest_temperature,Will the lowest temperature in Qingdao be 26°C on August 29?,26°C,6.0,0.16,0.84,,0.32,,10.0,,188.1317,True,False,True,True,0xf05cf3ed0f6ad6b8054d0be81f70954165b19d13d7d96baeb1a51b0ef9a6b55e
2026-08-28T14:38:06.358739+00:00,919320,3925717,Qingdao be 27°C,2026-08-29,lowest_temperature,Will the lowest temperature in Qingdao be 27°C on August 29?,27°C,7.0,0.16,0.84,,0.32,,5.0,,229.9317,True,False,True,True,0xf56a5134950f949d123ec1fd9d6125991be2888359950a97b62f3ad7a3d41316
2026-08-28T14:38:06.358750+00:00,919320,3925718,Qingdao be 28°C,2026-08-29,lowest_temperature,Will the lowest temperature in Qingdao be 28°C on August 29?,28°C,8.0,0.125,0.875,,0.25,,144.94819999999999,139.94819999999999,300.7217,True,False,True,True,0xb868a543d623dd7136e9a99957564b44c7c1a10818c1e761fb5c48b13f3833d8
2026-08-28T14:38:06.358765+00:00,919320,3925719,Qingdao be 29°C,2026-08-29,lowest_temperature,Will the lowest temperature in Qingdao be 29°C on August 29?,29°C,9.0,0.16,0.84,,0.32,,5.0,,193.2817,True,False,True,True,0xa91f052d48799198dff39e99f61da7b4ff3c33d808571709d11e37e3fc5a8be3
2026-08-28T14:38:06.358777+00:00,919320,3925720,Qingdao be 30°C or higher,2026-08-29,lowest_temperature,Will the lowest temperature in Qingdao be 30°C or higher on August 29?,30°C or higher,10.0,0.42,0.58,,0.84,,5.0,,11.8492,True,False,True,True,0x12eaa268e9808cc6935323d2899a0089b817ac619849dd93575586371075dc64
2026-08-28T14:38:06.358790+00:00,919321,3925721,Karachi be 21°C or below,2026-08-29,lowest_temperature,Will the lowest temperature in Karachi be 21°C or below on August 29?,21°C or below,0.0,0.01,0.99,,0.02,,5.0,,312.43,True,False,True,True,0x40838afc03c68ac058de19171ef723cbf4957cead719e933457ac9d34e6a6b65
2026-08-28T14:38:06.358803+00:00,919321,3925722,Karachi be 22°C,2026-08-29,lowest_temperature,Will the lowest temperature in Karachi be 22°C on August 29?,22°C,1.0,0.245,0.755,,0.49,,5.0,,84.7718,True,False,True,True,0xa97d881573e3bd20b63fa7474e38578e9d6408215e1e28889073e9cf3940ede5
2026-08-28T14:38:06.358815+00:00,919321,3925723,Karachi be 23°C,2026-08-29,lowest_temperature,Will the lowest temperature in Karachi be 23°C on August 29?,23°C,2.0,0.245,0.755,,0.49,,5.0,,84.7747,True,False,True,True,0x390e69a85047278cb91edeaf11a2ed59adfb0948ac85e1a286e918e800029d10
2026-08-28T14:38:06.358825+00:00,919321,3925724,Karachi be 24°C,2026-08-29,lowest_temperature,Will the lowest temperature in Karachi be 24°C on August 29?,24°C,3.0,0.245,0.755,,0.49,,5.0,,84.7749,True,False,True,True,0xadc7fa8bdf85b3196cf3e9ebc7a88a127bff1e5859445be5ca71e32a5bee40b3
2026-08-28T14:38:06.358837+00:00,919321,3925725,Karachi be 25°C,2026-08-29,lowest_temperature,Will the lowest temperature in Karachi be 25°C on August 29?,25°C,4.0,0.21,0.79,0.01,0.41,0.39999999999999997,364.13120000000004,364.13120000000004,104.4834,True,False,True,True,0x06871ddc025e35cda6d543768f8e61824de0af0a834582c1cd6f2f08cd26011d
2026-08-28T14:38:06.358850+00:00,919321,3925726,Karachi be 26°C,2026-08-29,lowest_temperature,Will the lowest temperature in Karachi be 26°C on August 29?,26°C,5.0,0.265,0.735,0.03,0.5,0.47,,,73.4724,True,False,True,True,0xc7757104dcbcbacb2fc71b935b4ef094bf9b8030aaab3de30a806d7ba18f0ee7
2026-08-28T14:38:06.358862+00:00,919321,3925727,Karachi be 27°C,2026-08-29,lowest_temperature,Will the lowest temperature in Karachi be 27°C on August 29?,27°C,6.0,0.405,0.595,0.05,0.76,0.71,112.04473200000001,7.894732,32.9535,True,False,True,True,0x241dbe6c6c8c2a8af59fca2c1520d68329b9b06260b5709ca523f5e9d9dda872
2026-08-28T14:38:06.358873+00:00,919321,3925728,Karachi be 28°C,2026-08-29,lowest_temperature,Will the lowest temperature in Karachi be 28°C on August 29?,28°C,7.0,0.265,0.735,0.03,0.5,0.47,,,71.9432,True,False,True,True,0x864d3efbfa679451cd008a55658b02e39b37ddd019bb6ad72ae4f8001414a7d0
2026-08-28T14:38:06.358885+00:00,919321,3925729,Karachi be 29°C,2026-08-29,lowest_temperature,Will the lowest temperature in Karachi be 29°C on August 29?,29°C,8.0,0.245,0.755,,0.49,,5.0,,84.7749,True,False,True,True,0x8f481e02bc43a9e43ca85992e4827ad66ce510b61f76f22388ed656d3d4b1cd4
2026-08-28T14:38:06.358897+00:00,919321,3925730,Karachi be 30°C,2026-08-29,lowest_temperature,Will the lowest temperature in Karachi be 30°C on August 29?,30°C,9.0,0.245,0.755,,0.49,,5.0,,85.7749,True,False,True,True,0xd42bc59d3583d4e57467c900d28822754fdabf061f6d8cc1e9636a6b34153519
2026-08-28T14:38:06.358909+00:00,919321,3925731,Karachi be 31°C or higher,2026-08-29,lowest_temperature,Will the lowest temperature in Karachi be 31°C or higher on August 29?,31°C or higher,10.0,0.445,0.555,,0.89,,5.0,,9.7815,True,False,True,True,0xabefe0a4f165ff69a7bb1197e4043776978e87d6b42af84d3a85d1ee34d85ca5
2026-08-28T14:38:06.358921+00:00,919322,3925732,Manila be 21°C or below,2026-08-29,lowest_temperature,Will the lowest temperature in Manila be 21°C or below on August 29?,21°C or below,0.0,0.055,0.945,,0.11,,135.0,,391.3385,True,False,True,True,0x090daa57cc6cf4bc16ed0fbaed937f868e49cd7bc007335872437053a283aa7d
2026-08-28T14:38:06.358935+00:00,919322,3925733,Manila be 22°C,2026-08-29,lowest_temperature,Will the lowest temperature in Manila be 22°C on August 29?,22°C,1.0,0.04,0.96,0.01,0.07,0.060000000000000005,54.0,,312.2911,True,False,True,True,0x9680003bfbbfb4efea46f631b9c11b2c45942d794a6f7d6d533698b1f0d758c9
2026-08-28T14:38:06.358948+00:00,919322,3925734,Manila be 23°C,2026-08-29,lowest_temperature,Will the lowest temperature in Manila be 23°C on August 29?,23°C,2.0,0.255,0.745,0.02,0.49,0.47,33.989999999999995,,72.7708,True,False,True,True,0x798eb413cf493bb0152365df7fa964abc6e29189113310e271732171a8bc865a
2026-08-28T14:38:06.358960+00:00,919322,3925735,Manila be 24°C,2026-08-29,lowest_temperature,Will the lowest temperature in Manila be 24°C on August 29?,24°C,3.0,0.265,0.735,0.03,0.5,0.47,,,66.6404,True,False,True,True,0x2e6314f2d441cc6f9a8b08cad41adba0abc6865b2e9f667bc94dc39d9cf6a6ed
2026-08-28T14:38:06.358973+00:00,919322,3925736,Manila be 25°C,2026-08-29,lowest_temperature,Will the lowest temperature in Manila be 25°C on August 29?,25°C,4.0,0.265,0.735,0.03,0.5,0.47,,,70.1908,True,False,True,True,0x73fe2e4896c7e49f5b147040b6e721e82a8608e9d7597127faf3f6e7e9badd90
2026-08-28T14:38:06.358985+00:00,919322,3925737,Manila be 26°C,2026-08-29,lowest_temperature,Will the lowest temperature in Manila be 26°C on August 29?,26°C,5.0,0.365,0.635,0.05,0.68,0.63,83.41,83.41,41.1553,True,False,True,True,0x310923808718db3fedc0a7c8d3a3e8fd53cab21de304e57505570274c0b16b15
2026-08-28T14:38:06.358997+00:00,919322,3925738,Manila be 27°C,2026-08-29,lowest_temperature,Will the lowest temperature in Manila be 27°C on August 29?,27°C,6.0,0.25,0.75,,0.5,,44.0,44.0,69.0698,True,False,True,True,0xdd3e5e175cecc9727f96a61cef923817508a735c4c7d4bca3fa024f33568fae3
2026-08-28T14:38:06.359008+00:00,919322,3925739,Manila be 28°C,2026-08-29,lowest_temperature,Will the lowest temperature in Manila be 28°C on August 29?,28°C,7.0,0.25,0.75,,0.5,,5.0,,66.4317,True,False,True,True,0x8ae95040966d767ce9d448087ff1035ad4caf2a3c0ce51513a2a0f574130f09a
2026-08-28T14:38:06.359019+00:00,919322,3925740,Manila be 29°C,2026-08-29,lowest_temperature,Will the lowest temperature in Manila be 29°C on August 29?,29°C,8.0,0.21,0.79,,0.42,,145.0,140.0,161.9504,True,False,True,True,0x63042015532c60b3d58c8fece9d791de25bab246a031be2f7b33c1dd2368d2fd
2026-08-28T14:38:06.359030+00:00,919322,3925741,Manila be 30°C,2026-08-29,lowest_temperature,Will the lowest temperature in Manila be 30°C on August 29?,30°C,9.0,0.01,0.99,,0.02,,5.0,,182.9861,True,False,True,True,0xf5917fef634732cae83dc30bebcd72984fa1cec14a363fbec15b98a281657158
2026-08-28T14:38:06.359042+00:00,919322,3925742,Manila be 31°C or higher,2026-08-29,lowest_temperature,Will the lowest temperature in Manila be 31°C or higher on August 29?,31°C or higher,10.0,0.3,0.7,,0.6,,5.0,,85.5555,True,False,True,True,0x5c4bd7098e5f8149cc648366648a22bf1c56c3c009010c127c1980898401a74d
2026-08-28T14:38:06.359054+00:00,919402,3926291,Jinan be 16°C or below,2026-08-28,highest_temperature,Will the highest temperature in Jinan be 16°C or below on August 28?,16°C or below,0.0,0.0005,0.9995,,0.001,,140.0,,2768.95784,True,False,True,True,0x4dda7dbc0ef18c011199164b29946928a22be1a0c3a9694f7ce688aab5d7dc39
2026-08-28T14:38:06.359066+00:00,919402,3926292,Jinan be 17°C,2026-08-28,highest_temperature,Will the highest temperature in Jinan be 17°C on August 28?,17°C,1.0,0.0005,0.9995,,0.001,,129.995,,4673.26796,True,False,True,True,0xbce40f1556ab5ba82dae5cea8a2fa1c44a203c72f1de208021251daa9d18caac
2026-08-28T14:38:06.359078+00:00,919402,3926293,Jinan be 18°C,2026-08-28,highest_temperature,Will the highest temperature in Jinan be 18°C on August 28?,18°C,2.0,0.0005,0.9995,,0.001,,130.0,,4673.33044,True,False,True,True,0x7addaad5acf5485bae9c2b9838f982e920e740204907f2dac33f0dd40cb7fb86
2026-08-28T14:38:06.359089+00:00,919402,3926294,Jinan be 19°C,2026-08-28,highest_temperature,Will the highest temperature in Jinan be 19°C on August 28?,19°C,3.0,0.0005,0.9995,,0.001,,130.0,,4696.80096,True,False,True,True,0x00aa090efb18c61ba66f29d64153ad8b7bbdbca8944fd7f711d63bf6b996407b
2026-08-28T14:38:06.359099+00:00,919402,3926295,Jinan be 20°C,2026-08-28,highest_temperature,Will the highest temperature in Jinan be 20°C on August 28?,20°C,4.0,0.0005,0.9995,,0.001,,130.0,,4594.23243,True,False,True,True,0x596babd32c2910ebbb146a2a2809a1dd26479401ec762d103e8255b1d87e645b
2026-08-28T14:38:06.359110+00:00,919402,3926296,Jinan be 21°C,2026-08-28,highest_temperature,Will the highest temperature in Jinan be 21°C on August 28?,21°C,5.0,0.0005,0.9995,,0.001,,130.0,,4578.15532,True,False,True,True,0xc5c49b9793308f5aa40e6d403905e0ceebd32d5723286c13ef9fa5263a247f41
2026-08-28T14:38:06.359121+00:00,919402,3926297,Jinan be 22°C,2026-08-28,highest_temperature,Will the highest temperature in Jinan be 22°C on August 28?,22°C,6.0,0.0005,0.9995,,0.001,,164.994,134.344,4328.38985,True,False,True,True,0x7989d71049ad357b8d2d901514fc3393f8bd81335007a15662423fe4c155d5e4
2026-08-28T14:38:06.359135+00:00,919402,3926298,Jinan be 23°C,2026-08-28,highest_temperature,Will the highest temperature in Jinan be 23°C on August 28?,23°C,7.0,0.0005,0.9995,,0.001,,164.99200000000002,134.342,4348.97464,True,False,True,True,0x58a2c81329ad4a68850d59b54013367bb831c3d7c3894f525f8c3f330a7558f7
2026-08-28T14:38:06.359147+00:00,919402,3926299,Jinan be 24°C,2026-08-28,highest_temperature,Will the highest temperature in Jinan be 24°C on August 28?,24°C,8.0,0.0005,0.9995,,0.001,,410.26435699999996,88.88,4483.39104,True,False,True,True,0x2003f3c4b40c62d93fa05d80baa35937165b5dba60655a94c35c5c84d5e4ca4f
2026-08-28T14:38:06.359158+00:00,919402,3926300,Jinan be 25°C,2026-08-28,highest_temperature,Will the highest temperature in Jinan be 25°C on August 28?,25°C,9.0,0.9995,0.0005,0.999,1.0,0.0010000000000000009,2000.0165700000002,1885.4224200000003,864.49457,True,False,True,True,0xe33e69637c25f3904c1389a950a921b0e4bcbace540a2f4043c3a7c4bcfb351d
2026-08-28T14:38:06.359171+00:00,919402,3926301,Jinan be 26°C or higher,2026-08-28,highest_temperature,Will the highest temperature in Jinan be 26°C or higher on August 28?,26°C or higher,10.0,0.0005,0.9995,,0.001,,1720.628158,1504.468158,568.10439,True,False,True,True,0x04b8831dee9ba2b66fe7197439e0a1b00011d1369e6beb362ae246f265089381
2026-08-28T14:38:06.359183+00:00,919403,3926302,Zhengzhou be 22°C or below,2026-08-28,highest_temperature,Will the highest temperature in Zhengzhou be 22°C or below on August 28?,22°C or below,0.0,0.0005,0.9995,,0.001,,220.0,,8980.48218,True,False,True,True,0xefeee3541af68ac623b3645ec8646a6cb7f875b66309a1c6903d9ab7bdd7ba53
2026-08-28T14:38:06.359196+00:00,919403,3926303,Zhengzhou be 23°C,2026-08-28,highest_temperature,Will the highest temperature in Zhengzhou be 23°C on August 28?,23°C,1.0,0.0005,0.9995,,0.001,,115.0,110.0,10768.76362,True,False,True,True,0x1462435907a5e9130bbded1f019abf31859bbe60c334328f2c9e71d2c747a4c4
2026-08-28T14:38:06.359208+00:00,919403,3926304,Zhengzhou be 24°C,2026-08-28,highest_temperature,Will the highest temperature in Zhengzhou be 24°C on August 28?,24°C,2.0,0.9985,0.0015,0.997,1.0,0.0030000000000000027,1399.690911,1394.690911,1145.76519,True,False,True,True,0xcacb7fe844c597d9309bfd1fbb59d88f491f2d24022da43e4f4fdd122abcbe39
2026-08-28T14:38:06.359218+00:00,919403,3926305,Zhengzhou be 25°C,2026-08-28,highest_temperature,Will the highest temperature in Zhengzhou be 25°C on August 28?,25°C,3.0,0.0005,0.9995,,0.001,,282.83666500000004,277.836665,667.87139,True,False,True,True,0xa0287d593630cff69014f3c37caa00609019b4ffbc233370fb1f0fbd43964c21
2026-08-28T14:38:06.359232+00:00,919403,3926306,Zhengzhou be 26°C,2026-08-28,highest_temperature,Will the highest temperature in Zhengzhou be 26°C on August 28?,26°C,4.0,0.0005,0.9995,,0.001,,440.18977500000005,417.159475,787.12387,True,False,True,True,0x2d508d6484826b9e7719ba6cc0b53d66c337845d85711243da698c876cf27418
2026-08-28T14:38:06.359243+00:00,919403,3926307,Zhengzhou be 27°C,2026-08-28,highest_temperature,Will the highest temperature in Zhengzhou be 27°C on August 28?,27°C,5.0,0.0005,0.9995,,0.001,,389.407506,377.968732,704.15944,True,False,True,True,0x978dd4511015aca7de10fe25dd11874034f2497aec84b40ec065aad651f9ceef
2026-08-28T14:38:06.359254+00:00,919403,3926308,Zhengzhou be 28°C,2026-08-28,highest_temperature,Will the highest temperature in Zhengzhou be 28°C on August 28?,28°C,6.0,0.0005,0.9995,,0.001,,594.7291250000001,589.729125,1051.05831,True,False,True,True,0x1b3c44b87cfa2bf362500af8ce292be2d06a3424417babc5267d0249eebc3560
2026-08-28T14:38:06.359267+00:00,919403,3926309,Zhengzhou be 29°C,2026-08-28,highest_temperature,Will the highest temperature in Zhengzhou be 29°C on August 28?,29°C,7.0,0.0005,0.9995,,0.001,,1337.1527,1325.1527,533.37944,True,False,True,True,0x72213035f8cb4a2b579119696bcb7c1d7dfd62a9b63499c6dcc9c2209bc8ad93
2026-08-28T14:38:06.359278+00:00,919403,3926310,Zhengzhou be 30°C,2026-08-28,highest_temperature,Will the highest temperature in Zhengzhou be 30°C on August 28?,30°C,8.0,0.0005,0.9995,,0.001,,362.633534,355.63353399999994,1083.38163,True,False,True,True,0xfbc7cc485306ec4e7209fee4c4398629dae03bc315ebf5b921cbe7c262892ffd
2026-08-28T14:38:06.359289+00:00,919403,3926311,Zhengzhou be 31°C,2026-08-28,highest_temperature,Will the highest temperature in Zhengzhou be 31°C on August 28?,31°C,9.0,0.0005,0.9995,,0.001,,135.0,135.0,951.66292,True,False,True,True,0xfc3ecdb3d9ec5b536b2c6393308c4e5e47499876f56fe5ba693b850116b4df68
2026-08-28T14:38:06.359300+00:00,919403,3926312,Zhengzhou be 32°C or higher,2026-08-28,highest_temperature,Will the highest temperature in Zhengzhou be 32°C or higher on August 28?,32°C or higher,10.0,0.0005,0.9995,,0.001,,120.0,115.0,1028.22492,True,False,True,True,0x5eefef438f5b7b01c94df312fb2b073c62d030f8cdf871c8a5e175eac6122972
2026-08-28T14:38:06.359312+00:00,919404,3926313,London be 16°C or below,2026-08-29,highest_temperature,Will the highest temperature in London be 16°C or below on August 29?,16°C or below,0.0,0.0005,0.9995,,0.001,,854.8566679999999,854.856668,3561.84932,True,False,True,True,0x25dc317276d9ff4b23707674ea95348fb60f5096273b8a2ed0fc871f093508fc
2026-08-28T14:38:06.359327+00:00,919404,3926314,London be 17°C,2026-08-29,highest_temperature,Will the highest temperature in London be 17°C on August 29?,17°C,1.0,0.0055,0.9945,0.002,0.009,0.006999999999999999,1011.3857999999999,911.8309999999999,4979.39121,True,False,True,True,0x78025948469889100d88fda80907ad7ff69d600c5ad03b149a13c0ddf622b477
2026-08-28T14:38:06.359338+00:00,919404,3926315,London be 18°C,2026-08-29,highest_temperature,Will the highest temperature in London be 18°C on August 29?,18°C,2.0,0.007,0.993,0.004,0.01,0.006,909.7605189999998,806.390519,3091.05969,True,False,True,True,0x58fdd88ffe4d4f8aa7afe53b3b1298853ffa39e50b9d86f11626eeaf9d7e9d6c
2026-08-28T14:38:06.359350+00:00,919404,3926316,London be 19°C,2026-08-29,highest_temperature,Will the highest temperature in London be 19°C on August 29?,19°C,3.0,0.085,0.915,0.08,0.09,0.009999999999999995,2619.1812689999997,2535.96701,10859.0492,True,False,True,True,0x86cfe56e6de3dbac6436584bee59e10196ab2ebb2df767b88403779ad4a68c9e
2026-08-28T14:38:06.359363+00:00,919404,3926317,London be 20°C,2026-08-29,highest_temperature,Will the highest temperature in London be 20°C on August 29?,20°C,4.0,0.295,0.705,0.29,0.3,0.010000000000000009,3614.778878000001,3358.1260039999997,7105.2882,True,False,True,True,0x8dfdd3dbfe6bc04cc191606ca7dedfa6374584f852b5ec5bb9b9b7f1f75a6d33
2026-08-28T14:38:06.359375+00:00,919404,3926318,London be 21°C,2026-08-29,highest_temperature,Will the highest temperature in London be 21°C on August 29?,21°C,5.0,0.535,0.465,0.53,0.54,0.010000000000000009,7671.537864000002,7382.713754,4315.6865,True,False,True,True,0x6511584fa8c6334ec297fea76c0584531eb9b23ae8523da7f9e9b5544579ddf0
2026-08-28T14:38:06.359387+00:00,919404,3926319,London be 22°C,2026-08-29,highest_temperature,Will the highest temperature in London be 22°C on August 29?,22°C,6.0,0.085,0.915,0.08,0.09,0.009999999999999995,2401.602021,2287.757408999999,4532.3192,True,False,True,True,0x3530d31b9d6e3e15b5df05e0d0910bf7098806b50a165b31e2109bb2019af1c4
2026-08-28T14:38:06.359398+00:00,919404,3926320,London be 23°C,2026-08-29,highest_temperature,Will the highest temperature in London be 23°C on August 29?,23°C,7.0,0.03,0.97,0.02,0.04,0.02,1969.7966279999996,1876.4584629999995,7238.9469,True,False,True,True,0x96168529bb277ff9c0657117b69b20f160a669039cf3468296e0c24d8b31a498
2026-08-28T14:38:06.359411+00:00,919404,3926321,London be 24°C,2026-08-29,highest_temperature,Will the highest temperature in London be 24°C on August 29?,24°C,8.0,0.005,0.995,0.001,0.009,0.008,1609.474085,1492.53931,6869.96468,True,False,True,True,0x2d372bca973666ae7ede70fbeb9d831576f51f41d5651ab4e390968bc50004fa
2026-08-28T14:38:06.359423+00:00,919404,3926322,London be 25°C,2026-08-29,highest_temperature,Will the highest temperature in London be 25°C on August 29?,25°C,9.0,0.0015,0.9985,0.001,0.002,0.001,947.3189169999998,735.407,4519.81349,True,False,True,True,0x467ad588ad95bc6f222157ae96530131cad04a80eacc22d8415f930aa5550722
2026-08-28T14:38:06.359435+00:00,919404,3926323,London be 26°C or higher,2026-08-29,highest_temperature,Will the highest temperature in London be 26°C or higher on August 29?,26°C or higher,10.0,0.0005,0.9995,,0.001,,581.426,570.415,5081.25064,True,False,True,True,0xe691eef007b87ee67a2e28ba9bd69f7c4d13887016dba877cd742d5398fc449a
2026-08-28T14:38:06.359448+00:00,919405,3926324,Paris be 15°C or below,2026-08-29,highest_temperature,Will the highest temperature in Paris be 15°C or below on August 29?,15°C or below,0.0,0.0005,0.9995,,0.001,,393.972,30.693,4676.84699,True,False,True,True,0x32e4c03b9835f58f0b9e3e3932c2f093cc7c6bbd0c4e706389e3d4b9e4e6759b
2026-08-28T14:38:06.359462+00:00,919405,3926325,Paris be 16°C,2026-08-29,highest_temperature,Will the highest temperature in Paris be 16°C on August 29?,16°C,1.0,0.001,0.999,,0.002,,1845.9644359999998,772.6844359999999,6596.38954,True,False,True,True,0x1bd480a9bafb2d0d6d050de248ef9458a2a607e4ef5105ef6547c27bfd5801c6
2026-08-28T14:38:06.359474+00:00,919405,3926326,Paris be 17°C,2026-08-29,highest_temperature,Will the highest temperature in Paris be 17°C on August 29?,17°C,2.0,0.0015,0.9985,0.001,0.002,0.001,1075.1809999999998,723.8500000000001,4591.15216,True,False,True,True,0x4673dc2087e95dbfcdba87103129d72e6b50f3f58bc6f30466557691145482c1
2026-08-28T14:38:06.359486+00:00,919405,3926327,Paris be 18°C,2026-08-29,highest_temperature,Will the highest temperature in Paris be 18°C on August 29?,18°C,3.0,0.0015,0.9985,0.001,0.002,0.001,405.220651,205.73065099999997,3324.38164,True,False,True,True,0xc964f7d1ae28f38946bc41d9d1ba4fa3f608c2825af208d2b838a88ae315555a
2026-08-28T14:38:06.359498+00:00,919405,3926328,Paris be 19°C,2026-08-29,highest_temperature,Will the highest temperature in Paris be 19°C on August 29?,19°C,4.0,0.002,0.998,0.001,0.003,0.002,278.38439999999997,181.125,2477.44533,True,False,True,True,0x5c121cfc6da9184f77b29f8be32c00cc51dd03f24989d7ddc860be9f12cfb5ca
2026-08-28T14:38:06.359510+00:00,919405,3926329,Paris be 20°C,2026-08-29,highest_temperature,Will the highest temperature in Paris be 20°C on August 29?,20°C,5.0,0.02,0.98,0.01,0.03,0.019999999999999997,655.074621,496.1346209999999,4308.191,True,False,True,True,0xbbf71a5d4aafe2db9ce38072fd1a426a8a5c43871d28bd545ffd60807738de69
2026-08-28T14:38:06.359526+00:00,919405,3926330,Paris be 21°C,2026-08-29,highest_temperature,Will the highest temperature in Paris be 21°C on August 29?,21°C,6.0,0.115,0.885,0.11,0.12,0.009999999999999995,2472.990508,2440.710508,3292.7737,True,False,True,True,0xcba471414125ffdb8a6284805c3e1a4c6446b21db74ad267aaf0994b03da9df4
2026-08-28T14:38:06.359538+00:00,919405,3926331,Paris be 22°C,2026-08-29,highest_temperature,Will the highest temperature in Paris be 22°C on August 29?,22°C,7.0,0.335,0.665,0.32,0.35,0.02999999999999997,1859.542305,1818.5434370000003,6339.6845,True,False,True,True,0x1ac21be67dbd0cf4b54b21cc4bbdc7c514763293e3e66060da3c0e4375c4dbb9
2026-08-28T14:38:06.359549+00:00,919405,3926332,Paris be 23°C,2026-08-29,highest_temperature,Will the highest temperature in Paris be 23°C on August 29?,23°C,8.0,0.355,0.645,0.34,0.37,0.02999999999999997,2361.3121020000003,1847.7066990000003,3044.6602,True,False,True,True,0xfd5935f7b468a02b26e89082bcb807a5d964c70e180fb57712d9458ceb934a40
2026-08-28T14:38:06.359561+00:00,919405,3926333,Paris be 24°C,2026-08-29,highest_temperature,Will the highest temperature in Paris be 24°C on August 29?,24°C,9.0,0.185,0.815,0.17,0.2,0.03,1643.982888,1501.348988,3297.0851,True,False,True,True,0x4d071474d61088ebc3ab49b67807fa91c26e7f66015b60a9126c938681f8b7b7
2026-08-28T14:38:06.359573+00:00,919405,3926334,Paris be 25°C or higher,2026-08-29,highest_temperature,Will the highest temperature in Paris be 25°C or higher on August 29?,25°C or higher,10.0,0.045,0.955,0.03,0.06,0.03,1411.859826,1217.654433,2726.579,True,False,True,True,0x8176c780868b8e427218b18049cc2e80450bf0c65f64ca738a43edb65cf6fd61
2026-08-28T14:38:06.359585+00:00,919406,3926335,Seoul (Incheon) be 23°C or below,2026-08-29,highest_temperature,Will the highest temperature in Seoul (Incheon) be 23°C or below on August 29?,23°C or below,0.0,0.0005,0.9995,,0.001,,422.091,196.0,2104.67275,True,False,True,True,0xbb65293f970413412f34ca21ac1c9fb982e3b69cf684125d0e81671da28141f8
2026-08-28T14:38:06.359597+00:00,919406,3926336,Seoul (Incheon) be 24°C,2026-08-29,highest_temperature,Will the highest temperature in Seoul (Incheon) be 24°C on August 29?,24°C,1.0,0.0005,0.9995,,0.001,,818.047,596.0,2140.47543,True,False,True,True,0x439835e4ec697572aff3eadec1b84991f75bcd1bdbff9c36a4a22395265650b7
2026-08-28T14:38:06.359608+00:00,919406,3926337,Seoul (Incheon) be 25°C,2026-08-29,highest_temperature,Will the highest temperature in Seoul (Incheon) be 25°C on August 29?,25°C,2.0,0.0005,0.9995,,0.001,,650.0046,420.98600000000005,1462.07854,True,False,True,True,0x7ba9cc229c351d331487ff9836ffbc414c1c606afa592f4e9600c21de3ab6c9f
2026-08-28T14:38:06.359620+00:00,919406,3926338,Seoul (Incheon) be 26°C,2026-08-29,highest_temperature,Will the highest temperature in Seoul (Incheon) be 26°C on August 29?,26°C,3.0,0.0055,0.9945,0.002,0.009,0.006999999999999999,2863.02264,2672.20244,3028.67279,True,False,True,True,0x3e05ce80b3da9b05d10a687540a95c3fbabc2728ce57dab56094f62f9dddf1f2
2026-08-28T14:38:06.359633+00:00,919406,3926339,Seoul (Incheon) be 27°C,2026-08-29,highest_temperature,Will the highest temperature in Seoul (Incheon) be 27°C on August 29?,27°C,4.0,0.025,0.975,0.02,0.03,0.009999999999999998,4084.012693999999,3875.38449,2652.7717,True,False,True,True,0xa6ae38703f0b812fe5e51e032c4e4594899531ed5874060cd1d2009f9c75001c
2026-08-28T14:38:06.359645+00:00,919406,3926340,Seoul (Incheon) be 28°C,2026-08-29,highest_temperature,Will the highest temperature in Seoul (Incheon) be 28°C on August 29?,28°C,5.0,0.135,0.865,0.13,0.14,0.010000000000000009,2101.339741,1858.489598,2111.1045,True,False,True,True,0x8f8bf04aaf830c3e45c0e0e2e1fa7c6e27f9a59d3cbd38cbc9a0524d94ed33b0
2026-08-28T14:38:06.359656+00:00,919406,3926341,Seoul (Incheon) be 29°C,2026-08-29,highest_temperature,Will the highest temperature in Seoul (Incheon) be 29°C on August 29?,29°C,6.0,0.435,0.565,0.43,0.44,0.010000000000000009,1244.7271930000002,1109.202587,2333.8325,True,False,True,True,0x81fca9622af9215f7f38d717589519bd46ae93b5fc1ea86ec018281ebf5e4f9b
2026-08-28T14:38:06.359667+00:00,919406,3926342,Seoul (Incheon) be 30°C,2026-08-29,highest_temperature,Will the highest temperature in Seoul (Incheon) be 30°C on August 29?,30°C,7.0,0.31,0.69,0.3,0.32,0.020000000000000018,1377.384751,1197.36658,3235.7648,True,False,True,True,0x942109e0d3770e20450921aa600799099b2e88a7ad08aa9acb20a8fff7d65c70
2026-08-28T14:38:06.359678+00:00,919406,3926343,Seoul (Incheon) be 31°C,2026-08-29,highest_temperature,Will the highest temperature in Seoul (Incheon) be 31°C on August 29?,31°C,8.0,0.115,0.885,0.11,0.12,0.009999999999999995,1395.7455,1308.9155,3105.5691,True,False,True,True,0x487f7f071f1cec0c9d73b917f01a8f0ee206c561a8893617b0c2e079401b4d29
2026-08-28T14:38:06.359689+00:00,919406,3926344,Seoul (Incheon) be 32°C,2026-08-29,highest_temperature,Will the highest temperature in Seoul (Incheon) be 32°C on August 29?,32°C,9.0,0.008,0.992,0.006,0.01,0.004,152.577666,152.577666,1065.23813,True,False,True,True,0xf6599efeecbf4565f7bff660487937b1b8479027789e2c9c0402190ed6f627a4
2026-08-28T14:38:06.359710+00:00,919406,3926345,Seoul (Incheon) be 33°C or higher,2026-08-29,highest_temperature,Will the highest temperature in Seoul (Incheon) be 33°C or higher on August 29?,33°C or higher,10.0,0.0005,0.9995,,0.001,,370.42500000000007,313.36800000000005,1012.99255,True,False,True,True,0x02b0973c04e59eeae9b0e050e4082cbce72e0beae6b705c4e986393b575f5ebc
2026-08-28T14:38:06.359724+00:00,919407,3926346,Ankara be 21°C or below,2026-08-29,highest_temperature,Will the highest temperature in Ankara be 21°C or below on August 29?,21°C or below,0.0,0.045,0.955,0.04,0.05,0.010000000000000002,1131.09417,1124.8541699999998,3157.1791,True,False,True,True,0xa74ebf50119c36e4018dc14d8ecf620604fb6c3323fba58d5e485b5d437074e3
2026-08-28T14:38:06.359736+00:00,919407,3926347,Ankara be 22°C,2026-08-29,highest_temperature,Will the highest temperature in Ankara be 22°C on August 29?,22°C,1.0,0.29,0.71,0.28,0.3,0.019999999999999962,2054.703044,1839.7209180000002,3011.1746,True,False,True,True,0xfc4a932461e80ea292cd34e1bb93d8a471f7226e834243bb590c5f0f84f63469
2026-08-28T14:38:06.359747+00:00,919407,3926348,Ankara be 23°C,2026-08-29,highest_temperature,Will the highest temperature in Ankara be 23°C on August 29?,23°C,2.0,0.365,0.635,0.36,0.37,0.010000000000000009,1222.9879099999998,954.53791,4522.3877,True,False,True,True,0x5504cfdf96a5023f6bacecae45af81188e96cc58eaf15763f4f18cfd85a67d5f
2026-08-28T14:38:06.359760+00:00,919407,3926349,Ankara be 24°C,2026-08-29,highest_temperature,Will the highest temperature in Ankara be 24°C on August 29?,24°C,3.0,0.225,0.775,0.22,0.23,0.010000000000000009,1993.6885,1631.457726,5393.1444,True,False,True,True,0x859ba73a89eba017bd2d0090febead59610d2b109ea26041e4b7b388766be46c
2026-08-28T14:38:06.359772+00:00,919407,3926350,Ankara be 25°C,2026-08-29,highest_temperature,Will the highest temperature in Ankara be 25°C on August 29?,25°C,4.0,0.07,0.93,0.05,0.09,0.039999999999999994,527.2445299999999,393.497474,2399.5145,True,False,True,True,0x03c5e729ebdad92194a8d8fbc4be0b3630b8b07afd039dc16d3912123174092b
2026-08-28T14:38:06.359786+00:00,919407,3926351,Ankara be 26°C,2026-08-29,highest_temperature,Will the highest temperature in Ankara be 26°C on August 29?,26°C,5.0,0.025,0.975,0.02,0.03,0.009999999999999998,231.55692,161.88134999999997,2646.7792,True,False,True,True,0xa3f0a9dc529b1aed06ccbb99fc2bccd85136ff55369e66b73d64d01efc5d3c36
2026-08-28T14:38:06.359797+00:00,919407,3926352,Ankara be 27°C,2026-08-29,highest_temperature,Will the highest temperature in Ankara be 27°C on August 29?,27°C,6.0,0.0015,0.9985,0.001,0.002,0.001,13.0047,8.008,4421.68886,True,False,True,True,0xbd70d9dff977e951831a76e8072fa04de56c5284ffa46bbcf6298350afc6d048
2026-08-28T14:38:06.359808+00:00,919407,3926353,Ankara be 28°C,2026-08-29,highest_temperature,Will the highest temperature in Ankara be 28°C on August 29?,28°C,7.0,0.0005,0.9995,,0.001,,92.267,,4287.38024,True,False,True,True,0xcbb9b1f84623f8c7dee9a9c5eb8d358690ccd59c893357e3532e83756eb5ad48
2026-08-28T14:38:06.359819+00:00,919407,3926354,Ankara be 29°C,2026-08-29,highest_temperature,Will the highest temperature in Ankara be 29°C on August 29?,29°C,8.0,0.0005,0.9995,,0.001,,276.85200000000003,85.651,5020.01408,True,False,True,True,0xf14d5c0d9f0a896b2cbaac37418d56b92b978ff98c769f14ce30f2ff4d0a90ab
2026-08-28T14:38:06.359831+00:00,919407,3926355,Ankara be 30°C,2026-08-29,highest_temperature,Will the highest temperature in Ankara be 30°C on August 29?,30°C,9.0,0.0005,0.9995,,0.001,,275.995,,5345.9362,True,False,True,True,0x807f6561fcc7b6ac1ecfbe6858bd9338dd834648d73aede5e2a628c606db5a9c
2026-08-28T14:38:06.359842+00:00,919407,3926356,Ankara be 31°C or higher,2026-08-29,highest_temperature,Will the highest temperature in Ankara be 31°C or higher on August 29?,31°C or higher,10.0,0.0005,0.9995,,0.001,,275.999,,4735.9316,True,False,True,True,0x73bc8deabe42378ad4600ffef3d3565c73d9aec4de2a5eadc8b32d73ac281b40
2026-08-28T14:38:06.359854+00:00,919408,3926357,Wellington be 9°C or below,2026-08-29,highest_temperature,Will the highest temperature in Wellington be 9°C or below on August 29?,9°C or below,0.0,0.0005,0.9995,,0.001,,899.9010000000001,687.854,15381.7251,True,False,True,True,0x84d6f1568efa295e1cb42f6d855685a4edb9738233f2e46098d66ba71b4facba
2026-08-28T14:38:06.359866+00:00,919408,3926358,Wellington be 10°C,2026-08-29,highest_temperature,Will the highest temperature in Wellington be 10°C on August 29?,10°C,1.0,0.0005,0.9995,,0.001,,2860.315617,2660.292617,15426.27492,True,False,True,True,0xe7ea9eac1f73ed4e62f626ffb07ffc7bd132f34708cffd4a3e8d914b80ef0825
2026-08-28T14:38:06.359878+00:00,919408,3926359,Wellington be 11°C,2026-08-29,highest_temperature,Will the highest temperature in Wellington be 11°C on August 29?,11°C,2.0,0.0005,0.9995,,0.001,,344.808,96.0,14396.19507,True,False,True,True,0x41765969ca6f4b335fa0b4039b9cf646f900726b81b1e9dc8ebb580c64bcf0ca
2026-08-28T14:38:06.359890+00:00,919408,3926360,Wellington be 12°C,2026-08-29,highest_temperature,Will the highest temperature in Wellington be 12°C on August 29?,12°C,3.0,0.0005,0.9995,,0.001,,1049.7709999999997,875.8719999999998,13784.99567,True,False,True,True,0x240041baed1a27a918d85e3d3cd9102d6dc86fc5a4b57fd925ab2ec3380e8ac4
2026-08-28T14:38:06.359902+00:00,919408,3926361,Wellington be 13°C,2026-08-29,highest_temperature,Will the highest temperature in Wellington be 13°C on August 29?,13°C,4.0,0.0005,0.9995,,0.001,,425.9989999999999,400.999,12301.24904,True,False,True,True,0xc54763e22445f94feb3c698ac52cad0313ba1cfcae9cc7add6aa69818dcc2654
2026-08-28T14:38:06.359915+00:00,919408,3926362,Wellington be 14°C,2026-08-29,highest_temperature,Will the highest temperature in Wellington be 14°C on August 29?,14°C,5.0,0.155,0.845,0.15,0.16,0.010000000000000009,6814.411280999999,5074.830051,1549.2689,True,False,True,True,0xfc4c4240cfbd0e530c99adfb64330b8c7e58a3338a2186326c722b667b6bf5cc
2026-08-28T14:38:06.359927+00:00,919408,3926363,Wellington be 15°C,2026-08-29,highest_temperature,Will the highest temperature in Wellington be 15°C on August 29?,15°C,6.0,0.705,0.295,0.7,0.71,0.010000000000000009,5341.143623999999,4291.163224,3315.4068,True,False,True,True,0x6278c94228930d5199af06d72446951a575de82601ebd6d3b71adf42f4127977
2026-08-28T14:38:06.359938+00:00,919408,3926364,Wellington be 16°C,2026-08-29,highest_temperature,Will the highest temperature in Wellington be 16°C on August 29?,16°C,7.0,0.135,0.865,0.12,0.15,0.03,4570.721426000001,3943.1860860000006,2332.2293,True,False,True,True,0x0b1f63fd2806d444bdbe52d645b4ba9262777bc98416f733a918fcfc0108ca9e
2026-08-28T14:38:06.359950+00:00,919408,3926365,Wellington be 17°C,2026-08-29,highest_temperature,Will the highest temperature in Wellington be 17°C on August 29?,17°C,8.0,0.02,0.98,0.01,0.03,0.019999999999999997,4163.415661,3556.2067290000005,1785.975,True,False,True,True,0xc2fe3d77402fdd9046dfbd4d9b1d4c6becba49c045265aa4434c863567599726
2026-08-28T14:38:06.359961+00:00,919408,3926366,Wellington be 18°C,2026-08-29,highest_temperature,Will the highest temperature in Wellington be 18°C on August 29?,18°C,9.0,0.004,0.996,0.003,0.005,0.002,4040.9573740000005,3173.009874,1441.74822,True,False,True,True,0xfb24f653cb2b70ec84cd0f59afc59e7c49505c55a463b585402bfc49bd754941
2026-08-28T14:38:06.359985+00:00,919408,3926367,Wellington be 19°C or higher,2026-08-29,highest_temperature,Will the highest temperature in Wellington be 19°C or higher on August 29?,19°C or higher,10.0,0.0005,0.9995,,0.001,,195.99099999999999,,2080.83488,True,False,True,True,0x8f6ed8e616f8b7a8374e64dc42560ceb9e1799df787e383005ff98bc39a5b837
2026-08-28T14:38:06.359997+00:00,919409,3926368,Lucknow be 25°C or below,2026-08-29,highest_temperature,Will the highest temperature in Lucknow be 25°C or below on August 29?,25°C or below,0.0,0.0015,0.9985,,0.003,,383.172,187.187,4115.77073,True,False,True,True,0x34aa34615615f462dee24490800684f7c46d81414c9e77cbcfa7c13df7de5bba
2026-08-28T14:38:06.360010+00:00,919409,3926369,Lucknow be 26°C,2026-08-29,highest_temperature,Will the highest temperature in Lucknow be 26°C on August 29?,26°C,1.0,0.0005,0.9995,,0.001,,421.238,187.187,3627.57871,True,False,True,True,0xf08cc192a8cb37c2e548b5384fb747d74bfd629910ff5f4083197698cb83fcde
2026-08-28T14:38:06.360021+00:00,919409,3926370,Lucknow be 27°C,2026-08-29,highest_temperature,Will the highest temperature in Lucknow be 27°C on August 29?,27°C,2.0,0.002,0.998,,0.004,,383.28280000000007,303.293,3098.97541,True,False,True,True,0x473adc4b64a0de76565f9f380e9215e773fc404473460775ab1374b108b209a3
2026-08-28T14:38:06.360032+00:00,919409,3926371,Lucknow be 28°C,2026-08-29,highest_temperature,Will the highest temperature in Lucknow be 28°C on August 29?,28°C,3.0,0.003,0.997,0.001,0.005,0.004,482.115189,437.12188899999995,2555.55814,True,False,True,True,0x42000c523880b7a8fabeeef4b0ac599ae0aa80cb8a8fb9d80b9541f002bb8e7f
2026-08-28T14:38:06.360044+00:00,919409,3926372,Lucknow be 29°C,2026-08-29,highest_temperature,Will the highest temperature in Lucknow be 29°C on August 29?,29°C,4.0,0.0055,0.9945,0.001,0.01,0.009000000000000001,184.92759999999998,184.9276,2436.13156,True,False,True,True,0x5e592739a0a0614f13fa0bcd8298d268d15162231af89a40aa9bc6ce30d0ee66
2026-08-28T14:38:06.360056+00:00,919409,3926373,Lucknow be 30°C,2026-08-29,highest_temperature,Will the highest temperature in Lucknow be 30°C on August 29?,30°C,5.0,0.045,0.955,0.03,0.06,0.03,7.25,2.0,1650.3575,True,False,True,True,0x6212fc20f14206f26b7d4de23cc9a6fae41f8feadd44a142d1f8a6336bed6af5
2026-08-28T14:38:06.360070+00:00,919409,3926374,Lucknow be 31°C,2026-08-29,highest_temperature,Will the highest temperature in Lucknow be 31°C on August 29?,31°C,6.0,0.115,0.885,0.1,0.13,0.03,249.00141000000002,249.00141,2024.713,True,False,True,True,0xabb143999bb70c9bcb73fc3f4ba8fae191e68a1acc117daaa533b1e4e07a31de
2026-08-28T14:38:06.360081+00:00,919409,3926375,Lucknow be 32°C,2026-08-29,highest_temperature,Will the highest temperature in Lucknow be 32°C on August 29?,32°C,7.0,0.355,0.645,0.34,0.37,0.02999999999999997,368.90115499999996,304.901155,6208.5022,True,False,True,True,0xa06b504bcf7e7545b29ec85b9d23514d7bc1f5ad161472a2d4f5f52b6f14512c
2026-08-28T14:38:06.360093+00:00,919409,3926376,Lucknow be 33°C,2026-08-29,highest_temperature,Will the highest temperature in Lucknow be 33°C on August 29?,33°C,8.0,0.335,0.665,0.32,0.35,0.02999999999999997,452.873647,362.113765,15708.5733,True,False,True,True,0xd0b9a5a18972c20988bdb7a8dd4b63cdb6e1ae5f573f41cf9aa39d74708d9459
2026-08-28T14:38:06.360104+00:00,919409,3926377,Lucknow be 34°C,2026-08-29,highest_temperature,Will the highest temperature in Lucknow be 34°C on August 29?,34°C,9.0,0.145,0.855,0.13,0.16,0.03,150.045853,51.090908,1968.8794,True,False,True,True,0xcf6bc40ebb76892b904060873c74ad374763b97137479c7185a03363378ba2d1
2026-08-28T14:38:06.360120+00:00,919409,3926378,Lucknow be 35°C or higher,2026-08-29,highest_temperature,Will the highest temperature in Lucknow be 35°C or higher on August 29?,35°C or higher,10.0,0.035,0.965,0.03,0.04,0.010000000000000002,25.556666,18.556666,1765.139,True,False,True,True,0xf11fc6dda33869c03bb2984266b964beb2ab39bc2a80a7a1e890fd1953749ca8
2026-08-28T14:38:06.360132+00:00,919410,3926379,Munich be 19°C or below,2026-08-29,highest_temperature,Will the highest temperature in Munich be 19°C or below on August 29?,19°C or below,0.0,0.002,0.998,0.001,0.003,0.002,191.55599999999998,186.55599999999995,5444.05288,True,False,True,True,0xefd78214203cdb7abbf07d3c5258446817088ee1a58bd8bddc576fa0fb28fc18
2026-08-28T14:38:06.360143+00:00,919410,3926380,Munich be 20°C,2026-08-29,highest_temperature,Will the highest temperature in Munich be 20°C on August 29?,20°C,1.0,0.002,0.998,0.001,0.003,0.002,259.6151,204.62299999999996,4503.4733,True,False,True,True,0xa6690bf76bd490c42302fae61b4e3ff919b581da2288e34ee0a8166e98c00dee
2026-08-28T14:38:06.360155+00:00,919410,3926381,Munich be 21°C,2026-08-29,highest_temperature,Will the highest temperature in Munich be 21°C on August 29?,21°C,2.0,0.005,0.995,0.001,0.009,0.008,229.54979999999998,224.54979999999998,3175.28453,True,False,True,True,0xb8cd805e5f4ad413e812fb59bd5c7d8232ab984f7e72e7016ab652eddabaf0b5
2026-08-28T14:38:06.360168+00:00,919410,3926382,Munich be 22°C,2026-08-29,highest_temperature,Will the highest temperature in Munich be 22°C on August 29?,22°C,3.0,0.025,0.975,0.02,0.03,0.009999999999999998,354.926014,317.0658,2884.3266,True,False,True,True,0x477d8f64099e1677908e9dd95b8854a064224c4f41e925f9ef6732ea2876059b
2026-08-28T14:38:06.360179+00:00,919410,3926383,Munich be 23°C,2026-08-29,highest_temperature,Will the highest temperature in Munich be 23°C on August 29?,23°C,4.0,0.025,0.975,0.02,0.03,0.009999999999999998,642.7751410000001,642.7751409999998,5747.7535,True,False,True,True,0xf059d6cdd2131d1509fb464501dbc64596ab56185355cba486ec9fffd6adb80a
2026-08-28T14:38:06.360191+00:00,919410,3926384,Munich be 24°C,2026-08-29,highest_temperature,Will the highest temperature in Munich be 24°C on August 29?,24°C,5.0,0.215,0.785,0.21,0.22,0.010000000000000009,760.4776720000001,760.4776720000001,4530.8927,True,False,True,True,0x835158c1e2bd9a65c85860d88cae6d69260b495f08aa816c169b249635adc018
2026-08-28T14:38:06.360203+00:00,919410,3926385,Munich be 25°C,2026-08-29,highest_temperature,Will the highest temperature in Munich be 25°C on August 29?,25°C,6.0,0.635,0.365,0.63,0.64,0.010000000000000009,3807.6321580000013,3770.8086299999995,4651.9929,True,False,True,True,0x91043ee27b3b949e51bc53eee37490e0bb80595563f1bef37af52ddfb31c1b2d
2026-08-28T14:38:06.360214+00:00,919410,3926386,Munich be 26°C,2026-08-29,highest_temperature,Will the highest temperature in Munich be 26°C on August 29?,26°C,7.0,0.115,0.885,0.11,0.12,0.009999999999999995,498.8379660000001,430.278543,2940.8971,True,False,True,True,0x1326703cef903371815038d96eadff28b435f9b4d212f5b91260f023aa1d1226
2026-08-28T14:38:06.360226+00:00,919410,3926387,Munich be 27°C,2026-08-29,highest_temperature,Will the highest temperature in Munich be 27°C on August 29?,27°C,8.0,0.02,0.98,0.01,0.03,0.019999999999999997,580.684099,575.6840990000001,3124.5515,True,False,True,True,0xb4be9dfa5168a895c91f969177995dc557947674da976cfc8686e46ff9215dc3
2026-08-28T14:38:06.360238+00:00,919410,3926388,Munich be 28°C,2026-08-29,highest_temperature,Will the highest temperature in Munich be 28°C on August 29?,28°C,9.0,0.004,0.996,0.002,0.006,0.004,514.7825,445.0525,5011.62994,True,False,True,True,0xc6c120bf06b6002b17dd651e13b0d86a441ac588b90a1c3be03c14700d6926ff
2026-08-28T14:38:06.360250+00:00,919410,3926389,Munich be 29°C or higher,2026-08-29,highest_temperature,Will the highest temperature in Munich be 29°C or higher on August 29?,29°C or higher,10.0,0.0025,0.9975,0.002,0.003,0.001,368.15686800000003,368.156868,4319.34892,True,False,True,True,0x7467d19c4fa725ef2ddc5376ba25e2e4ddda43ce1f708a1aafa2ca1e9dc11255
2026-08-28T14:38:06.360263+00:00,919411,3926390,Tel Aviv be 29°C or below,2026-08-29,highest_temperature,Will the highest temperature in Tel Aviv be 29°C or below on August 29?,29°C or below,0.0,0.0025,0.9975,0.001,0.004,0.003,332.41082200000005,154.144022,3286.06157,True,False,True,True,0x851029b01adb5b3e06b132360589420b25fddbfc3c72e3fa37367d6be7d40a35
2026-08-28T14:38:06.360276+00:00,919411,3926391,Tel Aviv be 30°C,2026-08-29,highest_temperature,Will the highest temperature in Tel Aviv be 30°C on August 29?,30°C,1.0,0.0005,0.9995,,0.001,,253.99770000000004,234.72,3857.47723,True,False,True,True,0x3c32537a1ac3eabe0f78808c52d4273587e4f5db0c5a2b8c75449627e12d21a4
2026-08-28T14:38:06.360288+00:00,919411,3926392,Tel Aviv be 31°C,2026-08-29,highest_temperature,Will the highest temperature in Tel Aviv be 31°C on August 29?,31°C,2.0,0.015,0.985,0.01,0.02,0.01,614.67145,404.5267,5569.4499,True,False,True,True,0x4dc3a59a2d2fe4a904f9325eddc978a021f3a3e46467b8aa78f71cf288a91877
2026-08-28T14:38:06.360301+00:00,919411,3926393,Tel Aviv be 32°C,2026-08-29,highest_temperature,Will the highest temperature in Tel Aviv be 32°C on August 29?,32°C,3.0,0.115,0.885,0.11,0.12,0.009999999999999995,742.459846,268.54475599999995,3649.8625,True,False,True,True,0xb114698e2b42a7d8c1d7d4d0c2c564762e1d04939b8aebeba3ed0ab5b2069075
2026-08-28T14:38:06.360315+00:00,919411,3926394,Tel Aviv be 33°C,2026-08-29,highest_temperature,Will the highest temperature in Tel Aviv be 33°C on August 29?,33°C,4.0,0.71,0.29,0.7,0.72,0.020000000000000018,1563.519063,1015.6081800000001,9351.3578,True,False,True,True,0x6c58319d1214102c0a0d886c90d03d5add6e12680decd148bb43ff12b24200b8
2026-08-28T14:38:06.360327+00:00,919411,3926395,Tel Aviv be 34°C,2026-08-29,highest_temperature,Will the highest temperature in Tel Aviv be 34°C on August 29?,34°C,5.0,0.165,0.835,0.16,0.17,0.010000000000000009,1816.2059299999999,1236.789108,7182.215,True,False,True,True,0x848cdcdfef7ab131d60629811bb106b18ab8a02b88438c0edeeced4532e68df7
2026-08-28T14:38:06.360343+00:00,919411,3926396,Tel Aviv be 35°C,2026-08-29,highest_temperature,Will the highest temperature in Tel Aviv be 35°C on August 29?,35°C,6.0,0.006,0.994,0.005,0.007,0.002,343.4796,54.345200000000006,4276.94474,True,False,True,True,0xb377156eb53500d7b89cc709fcb8e2d39124b9f3f0f200217c3b8d0047599480
2026-08-28T14:38:06.360356+00:00,919411,3926397,Tel Aviv be 36°C,2026-08-29,highest_temperature,Will the highest temperature in Tel Aviv be 36°C on August 29?,36°C,7.0,0.003,0.997,0.001,0.005,0.004,177.81500000000003,59.54899999999999,3618.05965,True,False,True,True,0x59ffb9431910b99bf2608fde7bc24fe5cf93db604cf35f9880347788adb89c2e
2026-08-28T14:38:06.360368+00:00,919411,3926398,Tel Aviv be 37°C,2026-08-29,highest_temperature,Will the highest temperature in Tel Aviv be 37°C on August 29?,37°C,8.0,0.0025,0.9975,0.001,0.004,0.003,237.16287900000003,101.041,4600.28849,True,False,True,True,0x633ef76faba2710943b68c34623a67354613b7962894d90647f07e5d5bfd7811
2026-08-28T14:38:06.360379+00:00,919411,3926399,Tel Aviv be 38°C,2026-08-29,highest_temperature,Will the highest temperature in Tel Aviv be 38°C on August 29?,38°C,9.0,0.0005,0.9995,,0.001,,608.0985000000001,306.275628,5332.68709,True,False,True,True,0xcae0b623f31cc34cb7c5d879a2278dab6371a896d65fd33baa56e433b0647842
2026-08-28T14:38:06.360392+00:00,919411,3926400,Tel Aviv be 39°C or higher,2026-08-29,highest_temperature,Will the highest temperature in Tel Aviv be 39°C or higher on August 29?,39°C or higher,10.0,0.0005,0.9995,,0.001,,333.64380000000006,177.00899999999996,4234.93025,True,False,True,True,0x21768aa0f693d9d7060ba5a2bff3284c83ccc98fb98c784c44656d81444b7c72
2026-08-28T14:38:06.360405+00:00,919412,3926401,Tokyo be 22°C or below,2026-08-29,highest_temperature,Will the highest temperature in Tokyo be 22°C or below on August 29?,22°C or below,0.0,0.0005,0.9995,,0.001,,1250.997,,3158.85197,True,False,True,True,0xcb0d3d0613600846db13ca8d8b2a54f8d6b65bff5ce13b0a16c6eb82725a0612
2026-08-28T14:38:06.360417+00:00,919412,3926402,Tokyo be 23°C,2026-08-29,highest_temperature,Will the highest temperature in Tokyo be 23°C on August 29?,23°C,1.0,0.0005,0.9995,,0.001,,1190.9,,2519.27909,True,False,True,True,0x19f605d554d67c105f0c8039b0fd19eb0a9073546a66857778780f65674f3801
2026-08-28T14:38:06.360428+00:00,919412,3926403,Tokyo be 24°C,2026-08-29,highest_temperature,Will the highest temperature in Tokyo be 24°C on August 29?,24°C,2.0,0.0115,0.9885,0.004,0.019,0.015,1176.8406340000001,1141.9406340000003,2430.91902,True,False,True,True,0x931501ad924b29fd80de1102e711fe0aca8b54d1cf5972791415982f61992a06
2026-08-28T14:38:06.360440+00:00,919412,3926404,Tokyo be 25°C,2026-08-29,highest_temperature,Will the highest temperature in Tokyo be 25°C on August 29?,25°C,3.0,0.045,0.955,0.04,0.05,0.010000000000000002,847.564208,613.0179239999999,2432.7885,True,False,True,True,0xb1d551c97fb51dd5f41dc5358432e6dd421c94141b71876c497f79a32f721418
2026-08-28T14:38:06.360452+00:00,919412,3926405,Tokyo be 26°C,2026-08-29,highest_temperature,Will the highest temperature in Tokyo be 26°C on August 29?,26°C,4.0,0.145,0.855,0.13,0.16,0.03,3409.1947269999996,3307.4474259999997,3817.753,True,False,True,True,0x72e69425985b0a9be69b62573dc0da627667621310a9e21434269ad28694cb49
2026-08-28T14:38:06.360464+00:00,919412,3926406,Tokyo be 27°C,2026-08-29,highest_temperature,Will the highest temperature in Tokyo be 27°C on August 29?,27°C,5.0,0.425,0.575,0.42,0.43,0.010000000000000009,1693.3236430000002,1514.949229,3347.7077,True,False,True,True,0xc566940367efecfc0d7253841a7f677f7ab9b67b135a195e3a569a5dfc6cbf17
2026-08-28T14:38:06.360475+00:00,919412,3926407,Tokyo be 28°C,2026-08-29,highest_temperature,Will the highest temperature in Tokyo be 28°C on August 29?,28°C,6.0,0.315,0.685,0.31,0.32,0.010000000000000009,3472.6478089999996,3283.0421349999997,3868.2027,True,False,True,True,0x01de3ea39bf42f18fa058b1d3855a1cbc089718a57c15aa91b75c5b2d9403139
2026-08-28T14:38:06.360487+00:00,919412,3926408,Tokyo be 29°C,2026-08-29,highest_temperature,Will the highest temperature in Tokyo be 29°C on August 29?,29°C,7.0,0.055,0.945,0.05,0.06,0.009999999999999995,2299.2693259999996,2111.319616,3200.4467,True,False,True,True,0x92bb48702a45ff260cf41f316c11b7205fabf1cd078fa8dd41ec69a3f6ddb505
2026-08-28T14:38:06.360500+00:00,919412,3926409,Tokyo be 30°C,2026-08-29,highest_temperature,Will the highest temperature in Tokyo be 30°C on August 29?,30°C,8.0,0.025,0.975,0.01,0.04,0.03,1466.330239,1447.034073,3346.2107,True,False,True,True,0x907543e6eb2cad332eca89e6412918a3167c9afa80cfd6563345da218a3025ec
2026-08-28T14:38:06.360511+00:00,919412,3926410,Tokyo be 31°C,2026-08-29,highest_temperature,Will the highest temperature in Tokyo be 31°C on August 29?,31°C,9.0,0.009,0.991,0.004,0.014,0.01,200.74782699999997,195.747827,2482.78131,True,False,True,True,0x7d9d2a3dff53c0f85e14f53c420b74a0bc59ac236f02117780105b54350b8c13
2026-08-28T14:38:06.360523+00:00,919412,3926411,Tokyo be 32°C or higher,2026-08-29,highest_temperature,Will the highest temperature in Tokyo be 32°C or higher on August 29?,32°C or higher,10.0,0.0015,0.9985,0.001,0.002,0.001,615.338,615.338,2566.3984,True,False,True,True,0x27f729211c3b03068beb5e7cd48fde7545a961330493006a77ecd5f6b05e60a5
2026-08-28T14:38:06.360535+00:00,919413,3926412,Hong Kong be 29°C or below,2026-08-29,highest_temperature,Will the highest temperature in Hong Kong be 29°C or below on August 29?,29°C or below,0.0,0.004,0.996,0.003,0.005,0.002,565.4619999999999,456.4819999999999,2564.6088,True,False,True,True,0xb23e332f4bc8d89bacf81c159db22f00ae33b6b50eafabf8d25b62d74015f0d4
2026-08-28T14:38:06.360547+00:00,919413,3926413,Hong Kong be 30°C,2026-08-29,highest_temperature,Will the highest temperature in Hong Kong be 30°C on August 29?,30°C,1.0,0.014,0.986,0.009,0.019,0.01,4911.393465000001,4899.393465,5417.33921,True,False,True,True,0x1d097e5e0101301911552d6d663341ddf881eb550e5aeefe66544989f639439d
2026-08-28T14:38:06.360560+00:00,919413,3926414,Hong Kong be 31°C,2026-08-29,highest_temperature,Will the highest temperature in Hong Kong be 31°C on August 29?,31°C,2.0,0.175,0.825,0.17,0.18,0.009999999999999981,1595.3949549999998,1582.4290469999996,3586.0984,True,False,True,True,0xc85e3044ee438d42d76a751447759dd6565df5f8290f6ffded17f5b1eeebc3fd
2026-08-28T14:38:06.360574+00:00,919413,3926415,Hong Kong be 32°C,2026-08-29,highest_temperature,Will the highest temperature in Hong Kong be 32°C on August 29?,32°C,3.0,0.345,0.655,0.33,0.36,0.02999999999999997,1122.2730510000001,1021.114482,3217.9514,True,False,True,True,0x298da5f191eb10ab2d98f6bb6687f05c905b79b9db39d825495c220b3c689b7b
2026-08-28T14:38:06.360585+00:00,919413,3926416,Hong Kong be 33°C,2026-08-29,highest_temperature,Will the highest temperature in Hong Kong be 33°C on August 29?,33°C,4.0,0.355,0.645,0.35,0.36,0.010000000000000009,1763.890759,1346.762735,3772.8641,True,False,True,True,0x7994aef9e7f4b24f3d45aeb498dd620acbfb93b9a71014ca2d190d63629eab8c
2026-08-28T14:38:06.360596+00:00,919413,3926417,Hong Kong be 34°C,2026-08-29,highest_temperature,Will the highest temperature in Hong Kong be 34°C on August 29?,34°C,5.0,0.115,0.885,0.1,0.13,0.03,2249.9163580000004,2103.356358,3412.9094,True,False,True,True,0x95f76c6ab1061cde95fb6e2ef8c6f88e952989040ea408f289e186553072ed32
2026-08-28T14:38:06.360607+00:00,919413,3926418,Hong Kong be 35°C,2026-08-29,highest_temperature,Will the highest temperature in Hong Kong be 35°C on August 29?,35°C,6.0,0.0065,0.9935,0.003,0.01,0.007,1625.6556130000001,1479.458948,5019.9022,True,False,True,True,0x4a50062fc46cf0f184e8d682e707af72ff3ec57ad115c8eb9a592f9f6452aa7d
2026-08-28T14:38:06.360620+00:00,919413,3926419,Hong Kong be 36°C,2026-08-29,highest_temperature,Will the highest temperature in Hong Kong be 36°C on August 29?,36°C,7.0,0.004,0.996,0.003,0.005,0.002,1309.425089,1231.025089,2609.40665,True,False,True,True,0x15b1df7877ec6ef3e73140ee26337028e57e84127e6bfd97e57417fe7100e0a5
2026-08-28T14:38:06.360632+00:00,919413,3926420,Hong Kong be 37°C,2026-08-29,highest_temperature,Will the highest temperature in Hong Kong be 37°C on August 29?,37°C,8.0,0.0005,0.9995,,0.001,,200.9426,195.946,2867.88481,True,False,True,True,0x6e5a8eacd811b0d6ee3c4229439ed6db3ae6b87a44978913ea096b46f3ef8435
2026-08-28T14:38:06.360643+00:00,919413,3926421,Hong Kong be 38°C,2026-08-29,highest_temperature,Will the highest temperature in Hong Kong be 38°C on August 29?,38°C,9.0,0.0005,0.9995,,0.001,,252.996,252.996,3122.71024,True,False,True,True,0x7b7cb97e78ab4216824c96eb66fbb56cc2cd15022e9b0d1ef716a05e14a6f3e4
2026-08-28T14:38:06.360654+00:00,919413,3926422,Hong Kong be 39°C or higher,2026-08-29,highest_temperature,Will the highest temperature in Hong Kong be 39°C or higher on August 29?,39°C or higher,10.0,0.0005,0.9995,,0.001,,252.996,252.996,3053.03991,True,False,True,True,0xcc41ba0de9449b941c89fc874c5aa9f3112309e3adc941e068176944231f1320
2026-08-28T14:38:06.360666+00:00,919414,3926423,Shanghai be 26°C or below,2026-08-29,highest_temperature,Will the highest temperature in Shanghai be 26°C or below on August 29?,26°C or below,0.0,0.0005,0.9995,,0.001,,278.14,,4347.72519,True,False,True,True,0x039d951d1690aa9c02d6101b6e4c4d0dde7b3d9a9b9b59434f5aa7a5ce68899d
2026-08-28T14:38:06.360678+00:00,919414,3926424,Shanghai be 27°C,2026-08-29,highest_temperature,Will the highest temperature in Shanghai be 27°C on August 29?,27°C,1.0,0.0005,0.9995,,0.001,,436.013,4.94,3868.15619,True,False,True,True,0x6fb43b731f0f0dc87593d93e25f8c98188da43be18f7c18f78bbfb97b1c08e97
2026-08-28T14:38:06.360703+00:00,919414,3926425,Shanghai be 28°C,2026-08-29,highest_temperature,Will the highest temperature in Shanghai be 28°C on August 29?,28°C,2.0,0.0015,0.9985,0.001,0.002,0.001,1284.042966,934.262,3137.30723,True,False,True,True,0xd6c87ce15d36e8d5d35a66fa650170562c0fb25e1e5cca33b93e045b48321a81
2026-08-28T14:38:06.360715+00:00,919414,3926426,Shanghai be 29°C,2026-08-29,highest_temperature,Will the highest temperature in Shanghai be 29°C on August 29?,29°C,3.0,0.0065,0.9935,0.004,0.009,0.004999999999999999,1336.2270819999999,1156.16675,2529.96813,True,False,True,True,0x6cffed83c2d1a2929fe4fff0d0444700ffafea0203bb57d99df359b5468cbe7d
2026-08-28T14:38:06.360727+00:00,919414,3926427,Shanghai be 30°C,2026-08-29,highest_temperature,Will the highest temperature in Shanghai be 30°C on August 29?,30°C,4.0,0.06,0.94,0.05,0.07,0.020000000000000004,3379.219012,3154.1105529999995,3498.066,True,False,True,True,0x42744ff6cfc60baca33af8b71838725e8e03b11c4798f8d5301def2276a4dbbb
2026-08-28T14:38:06.360739+00:00,919414,3926428,Shanghai be 31°C,2026-08-29,highest_temperature,Will the highest temperature in Shanghai be 31°C on August 29?,31°C,5.0,0.25,0.75,0.24,0.26,0.020000000000000018,2154.938119,1979.4896909999998,16390.7726,True,False,True,True,0x0ec58d95702f4e1e95305d231419d3cc88f421697a239205b28b12e630f0d9e4
2026-08-28T14:38:06.360751+00:00,919414,3926429,Shanghai be 32°C,2026-08-29,highest_temperature,Will the highest temperature in Shanghai be 32°C on August 29?,32°C,6.0,0.575,0.425,0.57,0.58,0.010000000000000009,3562.957705,2291.521703,23870.9313,True,False,True,True,0x44c3e149da5389c240d9c2cd85fe9c80eddb2456c03d8022dad70402af7321c3
2026-08-28T14:38:06.360765+00:00,919414,3926430,Shanghai be 33°C,2026-08-29,highest_temperature,Will the highest temperature in Shanghai be 33°C on August 29?,33°C,7.0,0.11,0.89,0.1,0.12,0.01999999999999999,4119.186621000001,3853.000229999999,3112.9723,True,False,True,True,0xd5579d1667b6fec8c588ac470b297f1507a531b495754dda337f67a55a391bea
2026-08-28T14:38:06.360777+00:00,919414,3926431,Shanghai be 34°C,2026-08-29,highest_temperature,Will the highest temperature in Shanghai be 34°C on August 29?,34°C,8.0,0.015,0.985,0.01,0.02,0.01,1582.5792340000003,1244.6268830000001,3049.0767,True,False,True,True,0x5b8b3de290d39cf93e9007674778ca8e8102d7f0bf5c8593a808a561e63ec357
2026-08-28T14:38:06.360789+00:00,919414,3926432,Shanghai be 35°C,2026-08-29,highest_temperature,Will the highest temperature in Shanghai be 35°C on August 29?,35°C,9.0,0.0005,0.9995,,0.001,,704.060851,386.50185100000004,3223.70466,True,False,True,True,0xe8c3d2dadd9fdba1e7d11ae34c72de099f6906451c2742611c46ddfa18fb6162
2026-08-28T14:38:06.360801+00:00,919414,3926433,Shanghai be 36°C or higher,2026-08-29,highest_temperature,Will the highest temperature in Shanghai be 36°C or higher on August 29?,36°C or higher,10.0,0.0005,0.9995,,0.001,,481.62799999999993,317.422,3978.3037,True,False,True,True,0x86459e08cd07fe81d118c4ad2e98e31f8d25df040ef17c10e82c2c30a4cbf9c2
2026-08-28T14:38:06.360816+00:00,919415,3926434,Singapore be 28°C or below,2026-08-29,highest_temperature,Will the highest temperature in Singapore be 28°C or below on August 29?,28°C or below,0.0,0.0005,0.9995,,0.001,,305.89700000000005,83.85,3554.80032,True,False,True,True,0x617931e8a2f9119cf6cf16ad2fb9e6e063a1a60fb5a08d8f5d9b00750e071fb8
2026-08-28T14:38:06.360828+00:00,919415,3926435,Singapore be 29°C,2026-08-29,highest_temperature,Will the highest temperature in Singapore be 29°C on August 29?,29°C,1.0,0.0005,0.9995,,0.001,,531.249573,362.140973,2746.29087,True,False,True,True,0x30a6df5cd7531fb0622ab202aa6d5b8377f39a224ae30c12c3c76cf05d5e904d
2026-08-28T14:38:06.360840+00:00,919415,3926436,Singapore be 30°C,2026-08-29,highest_temperature,Will the highest temperature in Singapore be 30°C on August 29?,30°C,2.0,0.0005,0.9995,,0.001,,65.18,10.0,1532.14444,True,False,True,True,0xc88e16076a20fcdc3e6cee1802c8709cb9f7be4058e906436ed270ef12bffb73
2026-08-28T14:38:06.360851+00:00,919415,3926437,Singapore be 31°C,2026-08-29,highest_temperature,Will the highest temperature in Singapore be 31°C on August 29?,31°C,3.0,0.015,0.985,0.01,0.02,0.01,531.710969,476.53759500000007,2087.0404,True,False,True,True,0xc85f0774c9a3c2703f26da260b228f0714f2147b52e9e563846d35adfc748dea
2026-08-28T14:38:06.360863+00:00,919415,3926438,Singapore be 32°C,2026-08-29,highest_temperature,Will the highest temperature in Singapore be 32°C on August 29?,32°C,4.0,0.245,0.755,0.24,0.25,0.010000000000000009,2022.3389599999996,1858.0110750000001,7627.3363,True,False,True,True,0xca1e8aed95d003e73fedaf54d450064ecf3eaede3b7b5f786a87383cadb44826
2026-08-28T14:38:06.360875+00:00,919415,3926439,Singapore be 33°C,2026-08-29,highest_temperature,Will the highest temperature in Singapore be 33°C on August 29?,33°C,5.0,0.71,0.29,0.7,0.72,0.020000000000000018,2667.2717359999997,2408.101616,8920.8822,True,False,True,True,0x872f6787b9bd5bc76f88aa6d5b6f2c908d39109c77e7051b6dc70190f07ba99e
2026-08-28T14:38:06.360886+00:00,919415,3926440,Singapore be 34°C,2026-08-29,highest_temperature,Will the highest temperature in Singapore be 34°C on August 29?,34°C,6.0,0.05,0.95,0.04,0.06,0.019999999999999997,3659.442764,3026.9578020000004,4125.513,True,False,True,True,0xb34caf2dcafb263af8d8ae455b730c9a89f7b0afe2797255635298aeb7d246bb
2026-08-28T14:38:06.360899+00:00,919415,3926441,Singapore be 35°C,2026-08-29,highest_temperature,Will the highest temperature in Singapore be 35°C on August 29?,35°C,7.0,0.0015,0.9985,0.001,0.002,0.001,721.5147830000001,620.6985329999999,2890.52334,True,False,True,True,0xd056cfd658045b8bb6c191d7a83c97796446a4491fa3ef28ad53c3c962c3d955
2026-08-28T14:38:06.360913+00:00,919415,3926442,Singapore be 36°C,2026-08-29,highest_temperature,Will the highest temperature in Singapore be 36°C on August 29?,36°C,8.0,0.0005,0.9995,,0.001,,1437.7978,1417.7476000000001,2972.4074,True,False,True,True,0xaead3219284e364ce2114db5a6cbd165050c2a34de91dc3d699ef3832f69cc1f
2026-08-28T14:38:06.360924+00:00,919415,3926443,Singapore be 37°C,2026-08-29,highest_temperature,Will the highest temperature in Singapore be 37°C on August 29?,37°C,9.0,0.0005,0.9995,,0.001,,449.2432,372.13599999999997,3027.6674,True,False,True,True,0x7572c9c28da13ae002a1c4a6bb0904e6973a5407f0be6f5eb5bf91386d9acb67
2026-08-28T14:38:06.360935+00:00,919415,3926444,Singapore be 38°C or higher,2026-08-29,highest_temperature,Will the highest temperature in Singapore be 38°C or higher on August 29?,38°C or higher,10.0,0.0005,0.9995,,0.001,,308.80899999999997,112.768,3378.83032,True,False,True,True,0x4bcb5d5d5fa16c1262f207efd4da8b75ac861dc5de2b2dabc048cb0ace96b6b5
2026-08-28T14:38:06.360947+00:00,919416,3926445,Milan be 23°C or below,2026-08-29,highest_temperature,Will the highest temperature in Milan be 23°C or below on August 29?,23°C or below,0.0,0.0005,0.9995,,0.001,,423.2169999999999,62.222,2908.13203,True,False,True,True,0xcf30bba0e37b5fab464d3d4ebbeb9cafdf808985c5a1e92556a46803e441f6ea
2026-08-28T14:38:06.360960+00:00,919416,3926446,Milan be 24°C,2026-08-29,highest_temperature,Will the highest temperature in Milan be 24°C on August 29?,24°C,1.0,0.0025,0.9975,0.001,0.004,0.003,852.004,491.01300000000003,4843.687,True,False,True,True,0xaf4993b44da17ad617d9de64fa9e81d9f94f288818368119e6b83b21928e1970
2026-08-28T14:38:06.360970+00:00,919416,3926447,Milan be 25°C,2026-08-29,highest_temperature,Will the highest temperature in Milan be 25°C on August 29?,25°C,2.0,0.0025,0.9975,0.001,0.004,0.003,320.435,95.01599999999999,4035.6816,True,False,True,True,0x689e268d9db3696c9fec05e7416d4c7521205e979ddcd0892140311288aa083e
2026-08-28T14:38:06.360981+00:00,919416,3926448,Milan be 26°C,2026-08-29,highest_temperature,Will the highest temperature in Milan be 26°C on August 29?,26°C,3.0,0.0025,0.9975,0.001,0.004,0.003,71.492,58.479,3270.82908,True,False,True,True,0x1e9dd179f3fe42e2b7198425eedcb3b84a2a8a449075baa6a15b23ffd85de4dd
2026-08-28T14:38:06.360993+00:00,919416,3926449,Milan be 27°C,2026-08-29,highest_temperature,Will the highest temperature in Milan be 27°C on August 29?,27°C,4.0,0.0105,0.9895,0.003,0.018,0.015,545.073716,541.5337159999999,2710.49959,True,False,True,True,0xcacbbe31fc576247eebeb75bd7597537322fff24e80f76200bad5de30e9bbc39
2026-08-28T14:38:06.361005+00:00,919416,3926450,Milan be 28°C,2026-08-29,highest_temperature,Will the highest temperature in Milan be 28°C on August 29?,28°C,5.0,0.085,0.915,0.07,0.1,0.03,720.071382,665.4905550000001,4149.6942,True,False,True,True,0x258806ed0606644b9e67ced1754a43ada29483c3b25ebe4aed38b9be6f68b617
2026-08-28T14:38:06.361017+00:00,919416,3926451,Milan be 29°C,2026-08-29,highest_temperature,Will the highest temperature in Milan be 29°C on August 29?,29°C,6.0,0.42,0.58,0.41,0.43,0.020000000000000018,2635.9822149999995,2550.250626,4186.2146,True,False,True,True,0x3e1abcb4d37a8124bf4be7e6aaf799fb75c8e835554fc8aa1605277eacfe6809
2026-08-28T14:38:06.361029+00:00,919416,3926452,Milan be 30°C,2026-08-29,highest_temperature,Will the highest temperature in Milan be 30°C on August 29?,30°C,7.0,0.395,0.605,0.39,0.4,0.010000000000000009,1689.454075,1514.1151310000002,4907.9476,True,False,True,True,0x357148c89d51a5d99b93062072cf0889fd4dab55519850dc8e3bab83d8473fec
2026-08-28T14:38:06.361043+00:00,919416,3926453,Milan be 31°C,2026-08-29,highest_temperature,Will the highest temperature in Milan be 31°C on August 29?,31°C,8.0,0.085,0.915,0.07,0.1,0.03,1970.3971629999999,1791.092721,4371.7543,True,False,True,True,0x4e7304f72e087d712d18e863dbe15cd8bd00b684edc6c2e4dd0df536921b76e4
2026-08-28T14:38:06.361055+00:00,919416,3926454,Milan be 32°C,2026-08-29,highest_temperature,Will the highest temperature in Milan be 32°C on August 29?,32°C,9.0,0.02,0.98,0.01,0.03,0.019999999999999997,245.330983,200.080983,2612.4895,True,False,True,True,0x563c0213f29a5a5b07bbeb6ce0a8aae0d6c4ed3137e7412c0d381fa665110a3d
2026-08-28T14:38:06.361067+00:00,919416,3926455,Milan be 33°C or higher,2026-08-29,highest_temperature,Will the highest temperature in Milan be 33°C or higher on August 29?,33°C or higher,10.0,0.0035,0.9965,0.001,0.006,0.005,138.6735,,2687.82895,True,False,True,True,0x4b4c10ab76cf1b714ec55708bfa09b507a5238c8f262fc0b0688db0670daba4a
2026-08-28T14:38:06.361079+00:00,919417,3926456,Madrid be 25°C or below,2026-08-29,highest_temperature,Will the highest temperature in Madrid be 25°C or below on August 29?,25°C or below,0.0,0.0005,0.9995,,0.001,,637.8562099999999,420.89601000000005,5968.12978,True,False,True,True,0xf0e55c4245173fbc6c96be34ddbe31bb8b5bc8d2197f6bc6ee3e74c3d23d85a7
2026-08-28T14:38:06.361093+00:00,919417,3926457,Madrid be 26°C,2026-08-29,highest_temperature,Will the highest temperature in Madrid be 26°C on August 29?,26°C,1.0,0.0005,0.9995,,0.001,,320.948,233.978,5305.74733,True,False,True,True,0x12f666dd36da822a59a263f691194b870b597e0f58292115aab8efb2dfec81c6
2026-08-28T14:38:06.361104+00:00,919417,3926458,Madrid be 27°C,2026-08-29,highest_temperature,Will the highest temperature in Madrid be 27°C on August 29?,27°C,2.0,0.0005,0.9995,,0.001,,399.2175,312.2475,4775.902,True,False,True,True,0xff843e917a48f5385fa1fa0b1d4ed38b292bbedc6db55d8b373965ee72bfc0e8
2026-08-28T14:38:06.361115+00:00,919417,3926459,Madrid be 28°C,2026-08-29,highest_temperature,Will the highest temperature in Madrid be 28°C on August 29?,28°C,3.0,0.0015,0.9985,0.001,0.002,0.001,337.4228,285.0993,3972.3136,True,False,True,True,0xe11fd1e9114cff1d1941c764f33f3af0044c3211c167a4fe42fc6caba3d64ba8
2026-08-28T14:38:06.361126+00:00,919417,3926460,Madrid be 29°C,2026-08-29,highest_temperature,Will the highest temperature in Madrid be 29°C on August 29?,29°C,4.0,0.03,0.97,0.02,0.04,0.02,931.1732850000001,811.669756,5389.3468,True,False,True,True,0xc3778d0b24970d66df9951d21242c5708995a45d5e8e24c7547ee7ed2202cc73
2026-08-28T14:38:06.361137+00:00,919417,3926461,Madrid be 30°C,2026-08-29,highest_temperature,Will the highest temperature in Madrid be 30°C on August 29?,30°C,5.0,0.325,0.675,0.32,0.33,0.010000000000000009,2750.5895919999994,2504.5657189999997,6631.0942,True,False,True,True,0xead336e64abc033d997f3451a4a2655c324194bf303bbfb7f009b5f2a1118664
2026-08-28T14:38:06.361151+00:00,919417,3926462,Madrid be 31°C,2026-08-29,highest_temperature,Will the highest temperature in Madrid be 31°C on August 29?,31°C,6.0,0.605,0.395,0.6,0.61,0.010000000000000009,3313.347316,3125.712106,5267.9943,True,False,True,True,0xeadaa66d45aa530641a9df352b4a9b929a9e9656fede79f4ea0ef3d625b3a3b1
2026-08-28T14:38:06.361164+00:00,919417,3926463,Madrid be 32°C,2026-08-29,highest_temperature,Will the highest temperature in Madrid be 32°C on August 29?,32°C,7.0,0.07,0.93,0.06,0.08,0.020000000000000004,1230.046557,1016.095815,4375.0028,True,False,True,True,0xfb11243541c5a72cc110233bc313528ddf55465e3e73d3ca2b01cd39ed9a9977
2026-08-28T14:38:06.361179+00:00,919417,3926464,Madrid be 33°C,2026-08-29,highest_temperature,Will the highest temperature in Madrid be 33°C on August 29?,33°C,8.0,0.0015,0.9985,0.001,0.002,0.001,594.220332,433.4799,5416.90259,True,False,True,True,0xee688befeaefba52392240eb3eeb7f9d072473684efaaf69cd25617915beee75
2026-08-28T14:38:06.361192+00:00,919417,3926465,Madrid be 34°C,2026-08-29,highest_temperature,Will the highest temperature in Madrid be 34°C on August 29?,34°C,9.0,0.0005,0.9995,,0.001,,304.94899999999996,287.979,6589.68583,True,False,True,True,0x1b8e69bc3355afdcd130bcfdad9fa66fd0fb3ff5b2940847f5b53d549c245d5a
2026-08-28T14:38:06.361203+00:00,919417,3926466,Madrid be 35°C or higher,2026-08-29,highest_temperature,Will the highest temperature in Madrid be 35°C or higher on August 29?,35°C or higher,10.0,0.0005,0.9995,,0.001,,272.617,255.647,5499.52188,True,False,True,True,0xf8e58f23527d786be8ad147326490d4c2443fcf0314ea6c195242fe204e9b1c0
2026-08-28T14:38:06.361217+00:00,919418,3926467,Warsaw be 15°C or below,2026-08-29,highest_temperature,Will the highest temperature in Warsaw be 15°C or below on August 29?,15°C or below,0.0,0.001,0.999,,0.002,,233.994,212.97299999999996,4783.25575,True,False,True,True,0xcebeb50d55f970b36c2afec22cc9788cd95e3298f6176983a28cd0a36bc6762e
2026-08-28T14:38:06.361230+00:00,919418,3926468,Warsaw be 16°C,2026-08-29,highest_temperature,Will the highest temperature in Warsaw be 16°C on August 29?,16°C,1.0,0.001,0.999,,0.002,,247.905155,150.89835499999998,2750.78103,True,False,True,True,0x47bb2861d4ca2f284b1d3f90eea71b2a295c23439c58a1ea4c8e4cd0814e059f
2026-08-28T14:38:06.361241+00:00,919418,3926469,Warsaw be 17°C,2026-08-29,highest_temperature,Will the highest temperature in Warsaw be 17°C on August 29?,17°C,2.0,0.0005,0.9995,,0.001,,702.712766,482.5595,3510.56523,True,False,True,True,0xfd68de0d351841085701dba8ab97ce069ef6f086db9a8b850c4a43214519b858
2026-08-28T14:38:06.361253+00:00,919418,3926470,Warsaw be 18°C,2026-08-29,highest_temperature,Will the highest temperature in Warsaw be 18°C on August 29?,18°C,3.0,0.0045,0.9955,0.003,0.006,0.003,507.24448000000007,379.906414,3255.47029,True,False,True,True,0x0b86bc692fd226f9407ea1f9099560954a2d648911a860b01907b03e46179c84
2026-08-28T14:38:06.361264+00:00,919418,3926471,Warsaw be 19°C,2026-08-29,highest_temperature,Will the highest temperature in Warsaw be 19°C on August 29?,19°C,4.0,0.015,0.985,0.01,0.02,0.01,1285.512365,1164.461492,4229.4765,True,False,True,True,0xb2b7e05efdf76ca405b835704dfd9a9e882ead0e346702052b5c3301857a9cf9
2026-08-28T14:38:06.361277+00:00,919418,3926472,Warsaw be 20°C,2026-08-29,highest_temperature,Will the highest temperature in Warsaw be 20°C on August 29?,20°C,5.0,0.045,0.955,0.04,0.05,0.010000000000000002,1512.779153,1453.800807,3860.4921,True,False,True,True,0x4819bb1e1d0f9a1ce218ed01313228c726118844b59afa159fc1fe9339fd0901
2026-08-28T14:38:06.361290+00:00,919418,3926473,Warsaw be 21°C,2026-08-29,highest_temperature,Will the highest temperature in Warsaw be 21°C on August 29?,21°C,6.0,0.16,0.84,0.15,0.17,0.020000000000000018,2612.114298,1255.1919180000002,4654.3949,True,False,True,True,0x26161c810481af0a8ef4f5e96cbe54a6256223c18f38d7385fa73aadf8b16128
2026-08-28T14:38:06.361301+00:00,919418,3926474,Warsaw be 22°C,2026-08-29,highest_temperature,Will the highest temperature in Warsaw be 22°C on August 29?,22°C,7.0,0.345,0.655,0.34,0.35,0.009999999999999953,1565.5535280000001,1290.847273,3697.4367,True,False,True,True,0x1047ea7154eaffb7056cb3d82f4274a71c05b196fb43f22f41c99e4952d5492a
2026-08-28T14:38:06.361312+00:00,919418,3926475,Warsaw be 23°C,2026-08-29,highest_temperature,Will the highest temperature in Warsaw be 23°C on August 29?,23°C,8.0,0.27,0.73,0.26,0.28,0.020000000000000018,1690.57316,1679.5731600000001,3704.3353,True,False,True,True,0xee1bdb5aa8bff1f08b8a07a241c75548fe383e335e1b69bed5632c32134909e0
2026-08-28T14:38:06.361324+00:00,919418,3926476,Warsaw be 24°C,2026-08-29,highest_temperature,Will the highest temperature in Warsaw be 24°C on August 29?,24°C,9.0,0.085,0.915,0.07,0.1,0.03,460.916158,422.14855800000004,2501.3596,True,False,True,True,0xd22eff6966bc75348cd3bad92802e120eb63b8b90dbd9929c2e170d4a8a5e58e
2026-08-28T14:38:06.361335+00:00,919418,3926477,Warsaw be 25°C or higher,2026-08-29,highest_temperature,Will the highest temperature in Warsaw be 25°C or higher on August 29?,25°C or higher,10.0,0.0335,0.9665,0.028,0.039,0.011,242.21250600000002,221.565206,2231.72685,True,False,True,True,0x31df11f7efda66913146487c74f0bba44ce1618e46c70e4bf2556d94abfd3eeb
2026-08-28T14:38:06.361349+00:00,919419,3926478,Taipei be 28°C or below,2026-08-29,highest_temperature,Will the highest temperature in Taipei be 28°C or below on August 29?,28°C or below,0.0,0.0005,0.9995,,0.001,,403.16499999999996,157.174,3990.65754,True,False,True,True,0x15610a09a18bf08776d023b669078ac5c4edd264f61a17a5a1ffa1ee9f3646bc
2026-08-28T14:38:06.361361+00:00,919419,3926479,Taipei be 29°C,2026-08-29,highest_temperature,Will the highest temperature in Taipei be 29°C on August 29?,29°C,1.0,0.0005,0.9995,,0.001,,306.99800000000005,161.001,3392.20278,True,False,True,True,0x645e2707e105eae07041718ee636c989cd1b6b7f83953970ab17e1f086613607
2026-08-28T14:38:06.361372+00:00,919419,3926480,Taipei be 30°C,2026-08-29,highest_temperature,Will the highest temperature in Taipei be 30°C on August 29?,30°C,2.0,0.0005,0.9995,,0.001,,332.36760000000004,187.38699999999994,3087.82193,True,False,True,True,0xb83009c2bd6e9d7f82ac9c68d936c00fe782b76ddc04ac1ce05d119230ebed63
2026-08-28T14:38:06.361383+00:00,919419,3926481,Taipei be 31°C,2026-08-29,highest_temperature,Will the highest temperature in Taipei be 31°C on August 29?,31°C,3.0,0.0015,0.9985,0.001,0.002,0.001,833.3083999999999,813.1176,2649.10911,True,False,True,True,0xf60c5f940b8db54b25a4b1a5461cc9b057a958717cbd6e71d1929af414f76f35
2026-08-28T14:38:06.361395+00:00,919419,3926482,Taipei be 32°C,2026-08-29,highest_temperature,Will the highest temperature in Taipei be 32°C on August 29?,32°C,4.0,0.0055,0.9945,0.002,0.009,0.006999999999999999,1772.1907999999999,1741.1908,6665.92228,True,False,True,True,0xc9a0bf7a8447bf44bee3bddb97bb6d51e0ae7ae953ec4b567644a23425bc1228
2026-08-28T14:38:06.361407+00:00,919419,3926483,Taipei be 33°C,2026-08-29,highest_temperature,Will the highest temperature in Taipei be 33°C on August 29?,33°C,5.0,0.045,0.955,0.04,0.05,0.010000000000000002,1733.8393889999998,1715.904614,3299.7641,True,False,True,True,0x3a877ee79f202b4d1705ab4f70c04b6075b1d3e2c987754672852e60c3dd85de
2026-08-28T14:38:06.361418+00:00,919419,3926484,Taipei be 34°C,2026-08-29,highest_temperature,Will the highest temperature in Taipei be 34°C on August 29?,34°C,6.0,0.215,0.785,0.2,0.23,0.03,1030.2530160000001,986.0914149999999,6145.0169,True,False,True,True,0x73382d4d97451ed023a1d8e3a062271b0b7e5abe1e0776ae72d382f1ffda4d41
2026-08-28T14:38:06.361430+00:00,919419,3926485,Taipei be 35°C,2026-08-29,highest_temperature,Will the highest temperature in Taipei be 35°C on August 29?,35°C,7.0,0.46,0.54,0.45,0.47,0.019999999999999962,877.3505809999999,772.4387190000002,20290.5969,True,False,True,True,0x93bd4295490eb69b570b17b815eaced967716ac60eccf89db794c988bbf7dd46
2026-08-28T14:38:06.361443+00:00,919419,3926486,Taipei be 36°C,2026-08-29,highest_temperature,Will the highest temperature in Taipei be 36°C on August 29?,36°C,8.0,0.275,0.725,0.26,0.29,0.02999999999999997,3700.0382940000004,3307.10039,13422.9537,True,False,True,True,0x056d16535405ce436462db7f568054afbe5efb4bc7e07e91ec5697279c97c22c
2026-08-28T14:38:06.361455+00:00,919419,3926487,Taipei be 37°C,2026-08-29,highest_temperature,Will the highest temperature in Taipei be 37°C on August 29?,37°C,9.0,0.035,0.965,0.032,0.038,0.005999999999999998,5675.733859,1582.7278139999999,5928.67243,True,False,True,True,0xdd10cfae7e45636e628850605d309f4256548a5e61865820068d7b009d778c1f
2026-08-28T14:38:06.361467+00:00,919419,3926488,Taipei be 38°C or higher,2026-08-29,highest_temperature,Will the highest temperature in Taipei be 38°C or higher on August 29?,38°C or higher,10.0,0.0075,0.9925,0.007,0.008,0.001,1109.531142,1029.531142,2520.89699,True,False,True,True,0x798962631238478e72883fee61fd4ddfa1012b4aaaa6236bba583bbea6ff33d3
2026-08-28T14:38:06.361481+00:00,919428,3926497,Chongqing be 24°C or below,2026-08-29,highest_temperature,Will the highest temperature in Chongqing be 24°C or below on August 29?,24°C or below,0.0,0.0005,0.9995,,0.001,,324.997,150.0,2445.84131,True,False,True,True,0xbc289c2fcf99905845bac167c8efe7fdf5a73785f1cd562c5aca3a80c0d4df61
2026-08-28T14:38:06.361493+00:00,919428,3926498,Chongqing be 25°C,2026-08-29,highest_temperature,Will the highest temperature in Chongqing be 25°C on August 29?,25°C,1.0,0.002,0.998,0.001,0.003,0.002,287.948466,252.948466,2110.24181,True,False,True,True,0x55fd95ca209773c5e38a58374aa342a78ae3ab87f609dcaaf6b3192409180fc4
2026-08-28T14:38:06.361506+00:00,919428,3926499,Chongqing be 26°C,2026-08-29,highest_temperature,Will the highest temperature in Chongqing be 26°C on August 29?,26°C,2.0,0.0105,0.9895,0.001,0.02,0.019,184.68099999999998,179.68099999999998,1506.13704,True,False,True,True,0x2eeebd20604b59dd58e9b0afab1026e16fb73b4a105ea8f6e5654b389460cb60
2026-08-28T14:38:06.361517+00:00,919428,3926500,Chongqing be 27°C,2026-08-29,highest_temperature,Will the highest temperature in Chongqing be 27°C on August 29?,27°C,3.0,0.065,0.935,0.05,0.08,0.03,987.853705,852.5180050000001,1934.9492,True,False,True,True,0xf6db2bb373464d57d6da81465e48762c0a7f61912ea38ea9e31e64e7de24bd13
2026-08-28T14:38:06.361529+00:00,919428,3926501,Chongqing be 28°C,2026-08-29,highest_temperature,Will the highest temperature in Chongqing be 28°C on August 29?,28°C,4.0,0.215,0.785,0.2,0.23,0.03,1276.476217,1264.627734,3088.4309,True,False,True,True,0x448e61f555edf637765ec3859b6142dc839750e3515ed2c5c94ab2f7f1fa37eb
2026-08-28T14:38:06.361541+00:00,919428,3926502,Chongqing be 29°C,2026-08-29,highest_temperature,Will the highest temperature in Chongqing be 29°C on August 29?,29°C,5.0,0.325,0.675,0.31,0.34,0.030000000000000027,643.4073359999999,611.426914,3108.3702,True,False,True,True,0xb47e6a48f1e0d90a575e457b620b0d035841d2a1a5b1defb8b72eeff5772fffc
2026-08-28T14:38:06.361552+00:00,919428,3926503,Chongqing be 30°C,2026-08-29,highest_temperature,Will the highest temperature in Chongqing be 30°C on August 29?,30°C,6.0,0.23,0.77,0.22,0.24,0.01999999999999999,1002.129945,886.361002,2674.6659,True,False,True,True,0x361b277ad26eb908b0f95fb695715d41592ef85eef94586cc9705561e71ac0b1
2026-08-28T14:38:06.361564+00:00,919428,3926504,Chongqing be 31°C,2026-08-29,highest_temperature,Will the highest temperature in Chongqing be 31°C on August 29?,31°C,7.0,0.085,0.915,0.07,0.1,0.03,469.73028999999997,399.654312,1390.2683,True,False,True,True,0xee9897d9e6783f175a706e94c950c5c527d987fee5c2942aff86e4bba570977b
2026-08-28T14:38:06.361576+00:00,919428,3926505,Chongqing be 32°C,2026-08-29,highest_temperature,Will the highest temperature in Chongqing be 32°C on August 29?,32°C,8.0,0.03,0.97,0.022,0.038,0.016,458.61571699999996,394.6657169999999,1724.29733,True,False,True,True,0x2e3716290392c58c1bd5d9303d5ae5ed57ed97eac97520ea24302222bc76cd57
2026-08-28T14:38:06.361588+00:00,919428,3926506,Chongqing be 33°C,2026-08-29,highest_temperature,Will the highest temperature in Chongqing be 33°C on August 29?,33°C,9.0,0.0075,0.9925,0.005,0.01,0.005,245.8768,120.36680000000001,2285.48555,True,False,True,True,0x61d0276a6fe4f50b6bb0e2fb982e605a0b01e17a22120646a63f70893047fe1f
2026-08-28T14:38:06.361599+00:00,919428,3926507,Chongqing be 34°C or higher,2026-08-29,highest_temperature,Will the highest temperature in Chongqing be 34°C or higher on August 29?,34°C or higher,10.0,0.005,0.995,0.002,0.008,0.006,1441.9034459999998,1345.502446,1967.19272,True,False,True,True,0x858758fbb9f848d97775ca443e5cf4d2c17c7eb57fcba030dd705cc75b89f3c0
2026-08-28T14:38:06.361612+00:00,919429,3926508,Beijing be 25°C or below,2026-08-29,highest_temperature,Will the highest temperature in Beijing be 25°C or below on August 29?,25°C or below,0.0,0.0025,0.9975,0.001,0.004,0.003,256.228,141.231,3409.29862,True,False,True,True,0xc8da48b37b4d57101a6c088586be307b074f5253756f94115d71ac250c849730
2026-08-28T14:38:06.361625+00:00,919429,3926509,Beijing be 26°C,2026-08-29,highest_temperature,Will the highest temperature in Beijing be 26°C on August 29?,26°C,1.0,0.003,0.997,0.001,0.005,0.004,431.9265,426.9360000000001,2827.12848,True,False,True,True,0xc54092b530fb501d9c21948d9f0c43d45a5776874e13a9996d970512d52be58d
2026-08-28T14:38:06.361635+00:00,919429,3926510,Beijing be 27°C,2026-08-29,highest_temperature,Will the highest temperature in Beijing be 27°C on August 29?,27°C,2.0,0.006,0.994,0.002,0.01,0.008,237.941755,172.840755,1966.13341,True,False,True,True,0xccddcf5060040cc8279e61d127063357338ec3877947e61e07aa01864c2dd633
2026-08-28T14:38:06.361647+00:00,919429,3926511,Beijing be 28°C,2026-08-29,highest_temperature,Will the highest temperature in Beijing be 28°C on August 29?,28°C,3.0,0.035,0.965,0.02,0.05,0.030000000000000002,85.23011600000001,54.970116,2130.6251,True,False,True,True,0x10a9725a610542a1f4c6a35a6a2823be771462045cb37879ad306bb67632fc72
2026-08-28T14:38:06.361657+00:00,919429,3926512,Beijing be 29°C,2026-08-29,highest_temperature,Will the highest temperature in Beijing be 29°C on August 29?,29°C,4.0,0.08,0.92,0.06,0.1,0.04000000000000001,1181.779865,1067.836225,2672.362,True,False,True,True,0x3def613bbf52ea543b68e6bb1d4e3917e1e450aa2659ba541cfac089406860b5
2026-08-28T14:38:06.361673+00:00,919429,3926513,Beijing be 30°C,2026-08-29,highest_temperature,Will the highest temperature in Beijing be 30°C on August 29?,30°C,5.0,0.285,0.715,0.28,0.29,0.009999999999999953,1861.837665,1861.837665,3164.9222,True,False,True,True,0xa179da765ba07792db9ed2a734d279993c852041045b2a644794bc5005dbc45b
2026-08-28T14:38:06.361685+00:00,919429,3926514,Beijing be 31°C,2026-08-29,highest_temperature,Will the highest temperature in Beijing be 31°C on August 29?,31°C,6.0,0.41,0.59,0.4,0.42,0.019999999999999962,512.793752,450.2560119999999,15873.8138,True,False,True,True,0x3595f89a33ffa94212c7f13777b400705dcba9fef2b058850a3422e542003432
2026-08-28T14:38:06.361704+00:00,919429,3926515,Beijing be 32°C,2026-08-29,highest_temperature,Will the highest temperature in Beijing be 32°C on August 29?,32°C,7.0,0.18,0.82,0.17,0.19,0.01999999999999999,955.063081,915.3754350000002,3047.5049,True,False,True,True,0x50ddf7f8de321acb8c118cdd75d073dbfefe7486dc22d6289e58ea52523f572d
2026-08-28T14:38:06.361716+00:00,919429,3926516,Beijing be 33°C,2026-08-29,highest_temperature,Will the highest temperature in Beijing be 33°C on August 29?,33°C,8.0,0.04,0.96,0.03,0.05,0.020000000000000004,1422.2789699999998,1406.27897,3406.659,True,False,True,True,0x517f2caa1e5645c3e818f09eca9b3a4c1df78cb31d67589a1c184e49b657e5cc
2026-08-28T14:38:06.361732+00:00,919429,3926517,Beijing be 34°C,2026-08-29,highest_temperature,Will the highest temperature in Beijing be 34°C on August 29?,34°C,9.0,0.011,0.989,0.002,0.02,0.018000000000000002,428.99,423.888,2069.85275,True,False,True,True,0x1fa6990783791451ce8d86078ab4963be7e2fe51efa376abddd35300a30e999f
2026-08-28T14:38:06.361743+00:00,919429,3926518,Beijing be 35°C or higher,2026-08-29,highest_temperature,Will the highest temperature in Beijing be 35°C or higher on August 29?,35°C or higher,10.0,0.0055,0.9945,0.001,0.01,0.009000000000000001,363.0212,298.0212,1850.76801,True,False,True,True,0xc1c264520b25a9ed64ca47dfe9b1220267aa4589b2bbec60b687e8288977b681
2026-08-28T14:38:06.361757+00:00,919430,3926519,Wuhan be 27°C or below,2026-08-29,highest_temperature,Will the highest temperature in Wuhan be 27°C or below on August 29?,27°C or below,0.0,0.0005,0.9995,,0.001,,416.2242,246.24200000000002,2015.7121,True,False,True,True,0x4429caf459f2437b27473fec9d08c9d47ebaa33f54bfecd98c9190e2be65eeb7
2026-08-28T14:38:06.361770+00:00,919430,3926520,Wuhan be 28°C,2026-08-29,highest_temperature,Will the highest temperature in Wuhan be 28°C on August 29?,28°C,1.0,0.0015,0.9985,,0.003,,583.9331,538.9331,2483.5475,True,False,True,True,0xa5a1365f7ac72ff3f3c8118e70e65d0fcabc5bc2dc824c9a797c2d85d495f502
2026-08-28T14:38:06.361781+00:00,919430,3926521,Wuhan be 29°C,2026-08-29,highest_temperature,Will the highest temperature in Wuhan be 29°C on August 29?,29°C,2.0,0.055,0.945,0.05,0.06,0.009999999999999995,472.99314000000004,470.97294000000005,2281.2263,True,False,True,True,0x2a3513c07fb8dbe7b66f6bf0a83c8f85ff3d4c291be781942484d59863b002cc
2026-08-28T14:38:06.361793+00:00,919430,3926522,Wuhan be 30°C,2026-08-29,highest_temperature,Will the highest temperature in Wuhan be 30°C on August 29?,30°C,3.0,0.15,0.85,0.14,0.16,0.01999999999999999,954.5545,913.2515,2832.0019,True,False,True,True,0x07c4cdd8207b5a7144220493bc8bc40686ab42e4c115e61c792d88d150e69bac
2026-08-28T14:38:06.361805+00:00,919430,3926523,Wuhan be 31°C,2026-08-29,highest_temperature,Will the highest temperature in Wuhan be 31°C on August 29?,31°C,4.0,0.265,0.735,0.25,0.28,0.030000000000000027,460.348433,458.5684329999999,15601.0862,True,False,True,True,0xf71151132353f4b7a09a56c0eb7ef75191fcdceecfb6ff11c063c99f5e512080
2026-08-28T14:38:06.361816+00:00,919430,3926524,Wuhan be 32°C,2026-08-29,highest_temperature,Will the highest temperature in Wuhan be 32°C on August 29?,32°C,5.0,0.215,0.785,0.21,0.22,0.010000000000000009,905.845871,903.9558709999999,7232.9953,True,False,True,True,0x4becc04a910ac38d9acbaf2c551a2e6e53eccee6ad4208c52a71db75560689f7
2026-08-28T14:38:06.361827+00:00,919430,3926525,Wuhan be 33°C,2026-08-29,highest_temperature,Will the highest temperature in Wuhan be 33°C on August 29?,33°C,6.0,0.245,0.755,0.23,0.26,0.03,2443.9017,2427.6417,15591.7579,True,False,True,True,0xe566ba4628d2242a088fe598807d1970b8300fe35fb084014794e5b204793db6
2026-08-28T14:38:06.361839+00:00,919430,3926526,Wuhan be 34°C,2026-08-29,highest_temperature,Will the highest temperature in Wuhan be 34°C on August 29?,34°C,7.0,0.055,0.945,0.05,0.06,0.009999999999999995,1823.4874659999998,1799.6474660000003,3876.1162,True,False,True,True,0x3c404536feaf19f412c7c454ddc21dff2f3badac3cf19d4a71729421f7ba2b7a
2026-08-28T14:38:06.361851+00:00,919430,3926527,Wuhan be 35°C,2026-08-29,highest_temperature,Will the highest temperature in Wuhan be 35°C on August 29?,35°C,8.0,0.02,0.98,0.01,0.03,0.019999999999999997,847.2894349999999,827.2894350000001,3399.9478,True,False,True,True,0xf4a5f0eb6e189ed651fc1225784be146d4d0a7fd853a65c8347464cf87dd905d
2026-08-28T14:38:06.361862+00:00,919430,3926528,Wuhan be 36°C,2026-08-29,highest_temperature,Will the highest temperature in Wuhan be 36°C on August 29?,36°C,9.0,0.0075,0.9925,0.005,0.01,0.005,696.943301,606.433301,2412.23407,True,False,True,True,0xaa196e86ed42a63187f9c47d1a09fd2862ec07e921949015bccd07c67d49ce84
2026-08-28T14:38:06.361876+00:00,919430,3926529,Wuhan be 37°C or higher,2026-08-29,highest_temperature,Will the highest temperature in Wuhan be 37°C or higher on August 29?,37°C or higher,10.0,0.01,0.99,0.002,0.018,0.016,1535.4419639999999,1524.524398,2657.33561,True,False,True,True,0x934f9bcc1f392d12c201705d4e5389322c8d919e496798f4a19cda730dadd92c
2026-08-28T14:38:06.361889+00:00,919431,3926530,Chengdu be 24°C or below,2026-08-29,highest_temperature,Will the highest temperature in Chengdu be 24°C or below on August 29?,24°C or below,0.0,0.0005,0.9995,,0.001,,451.49500000000006,451.495,2620.74069,True,False,True,True,0xb4e76ee9ba8e4f817c1f9e2b79e59d7fb7e12253138f46a4ca0e903766decd12
2026-08-28T14:38:06.361902+00:00,919431,3926531,Chengdu be 25°C,2026-08-29,highest_temperature,Will the highest temperature in Chengdu be 25°C on August 29?,25°C,1.0,0.02,0.98,0.01,0.03,0.019999999999999997,4285.986843,4027.8222930000006,4491.9545,True,False,True,True,0xed567ee12477eb3a206d8057fafb17f5d00eafb4bd1c4237b340bb9bfaec56b5
2026-08-28T14:38:06.361913+00:00,919431,3926532,Chengdu be 26°C,2026-08-29,highest_temperature,Will the highest temperature in Chengdu be 26°C on August 29?,26°C,2.0,0.065,0.935,0.05,0.08,0.03,671.712038,468.79685800000004,3555.8426,True,False,True,True,0x1a9c55b50010cb03a7de421f12e8a04dd8b157a7b7017508d285e284747f3d2c
2026-08-28T14:38:06.361925+00:00,919431,3926533,Chengdu be 27°C,2026-08-29,highest_temperature,Will the highest temperature in Chengdu be 27°C on August 29?,27°C,3.0,0.205,0.795,0.2,0.21,0.009999999999999981,957.0021729999999,957.002173,10118.3285,True,False,True,True,0x1da76a30013cb5f56af299e9a7f237e1ae17ea502fdfdea6161913c09fec1ad3
2026-08-28T14:38:06.361937+00:00,919431,3926534,Chengdu be 28°C,2026-08-29,highest_temperature,Will the highest temperature in Chengdu be 28°C on August 29?,28°C,4.0,0.255,0.745,0.24,0.27,0.030000000000000027,766.838238,690.311497,4899.114,True,False,True,True,0x78dac3748c5104227889c70cea0e8ac944a9e30670bbd61c0af9fa7fde416ba8
2026-08-28T14:38:06.361949+00:00,919431,3926535,Chengdu be 29°C,2026-08-29,highest_temperature,Will the highest temperature in Chengdu be 29°C on August 29?,29°C,5.0,0.195,0.805,0.19,0.2,0.010000000000000009,1057.811288,947.2585639999999,15754.9696,True,False,True,True,0xa38b7c970f5180cefe6ee56a0302c161bcb66e85905877c59cace8060930bfa3
2026-08-28T14:38:06.361963+00:00,919431,3926536,Chengdu be 30°C,2026-08-29,highest_temperature,Will the highest temperature in Chengdu be 30°C on August 29?,30°C,6.0,0.15,0.85,0.14,0.16,0.01999999999999999,1624.5908010000003,1473.4708010000004,3457.3091,True,False,True,True,0xf604c279778e8cf7b81bb0006aa2df54a2a3d0a5b0452740151aa09efdea40ea
2026-08-28T14:38:06.361976+00:00,919431,3926537,Chengdu be 31°C,2026-08-29,highest_temperature,Will the highest temperature in Chengdu be 31°C on August 29?,31°C,7.0,0.085,0.915,0.07,0.1,0.03,1238.2481129999999,1197.2481129999996,3025.2796,True,False,True,True,0xb76ca7131eb092527cda1cfee6d6a327355e84e6b146d6a24b72937ff7d785d0
2026-08-28T14:38:06.361987+00:00,919431,3926538,Chengdu be 32°C,2026-08-29,highest_temperature,Will the highest temperature in Chengdu be 32°C on August 29?,32°C,8.0,0.045,0.955,0.03,0.06,0.03,668.82007,661.8200700000001,2471.2242,True,False,True,True,0x5b3c928836666c9172547d33ea3ff8c99d5dc9d611547d68731c6c880791efe3
2026-08-28T14:38:06.361998+00:00,919431,3926539,Chengdu be 33°C,2026-08-29,highest_temperature,Will the highest temperature in Chengdu be 33°C on August 29?,33°C,9.0,0.0265,0.9735,0.014,0.039,0.025,1045.0878989999999,560.7258989999999,3772.74822,True,False,True,True,0x2a425f36589d006568fa599170ff474c61ea9e724d883cfe0fe4552035d0ebf9
2026-08-28T14:38:06.362012+00:00,919431,3926540,Chengdu be 34°C or higher,2026-08-29,highest_temperature,Will the highest temperature in Chengdu be 34°C or higher on August 29?,34°C or higher,10.0,0.0065,0.9935,0.004,0.009,0.004999999999999999,2596.700567,2286.700567,4316.76435,True,False,True,True,0xab5ad19c6e367fc97aa9e68125040ad36c23fecd102333fbfa9c9b94882898ba
2026-08-28T14:38:06.362024+00:00,919432,3926541,Shenzhen be 27°C or below,2026-08-29,highest_temperature,Will the highest temperature in Shenzhen be 27°C or below on August 29?,27°C or below,0.0,0.0005,0.9995,,0.001,,721.904,475.913,4115.88593,True,False,True,True,0x53304cf0fe094bfe6b258e0937108f8d7b96fbcf66864ff0335e05d037589dd1
2026-08-28T14:38:06.362036+00:00,919432,3926542,Shenzhen be 28°C,2026-08-29,highest_temperature,Will the highest temperature in Shenzhen be 28°C on August 29?,28°C,1.0,0.0005,0.9995,,0.001,,575.995,475.99800000000005,2392.82485,True,False,True,True,0x231d0ee3ff90b0b75839b99d11887fe9885fb5811c812c498d112d03a41e3507
2026-08-28T14:38:06.362047+00:00,919432,3926543,Shenzhen be 29°C,2026-08-29,highest_temperature,Will the highest temperature in Shenzhen be 29°C on August 29?,29°C,2.0,0.0025,0.9975,0.002,0.003,0.001,464.41076999999996,250.85796999999997,2372.17988,True,False,True,True,0xeab69503f8d8bd19e5d9d86c9773bcb220d616fc434af8c22d9382b18160dde4
2026-08-28T14:38:06.362060+00:00,919432,3926544,Shenzhen be 30°C,2026-08-29,highest_temperature,Will the highest temperature in Shenzhen be 30°C on August 29?,30°C,3.0,0.015,0.985,0.01,0.02,0.01,443.301228,167.6352,2203.2595,True,False,True,True,0x3f7330081affadf6428979d671e9a61c369b8cbb8661d55b5a09c12fbaabb16f
2026-08-28T14:38:06.362071+00:00,919432,3926545,Shenzhen be 31°C,2026-08-29,highest_temperature,Will the highest temperature in Shenzhen be 31°C on August 29?,31°C,4.0,0.065,0.935,0.05,0.08,0.03,922.3169459999999,640.2622809999999,3472.7747,True,False,True,True,0x5dc1cf11f86d5e8b5762540de2b302275e1c1a56fdcacee718df42d18c8cc328
2026-08-28T14:38:06.362083+00:00,919432,3926546,Shenzhen be 32°C,2026-08-29,highest_temperature,Will the highest temperature in Shenzhen be 32°C on August 29?,32°C,5.0,0.225,0.775,0.21,0.24,0.03,1847.224938,1594.1936319999998,4824.7148,True,False,True,True,0xb3e8ead4418d709bcbefd09dc28ea614476336a0d4dab9ded9b7de9b08a11322
2026-08-28T14:38:06.362095+00:00,919432,3926547,Shenzhen be 33°C,2026-08-29,highest_temperature,Will the highest temperature in Shenzhen be 33°C on August 29?,33°C,6.0,0.335,0.665,0.33,0.34,0.010000000000000009,1215.122321,1099.930894,4205.515,True,False,True,True,0x203e689a8043e5c14584eeb86d103565f46f0fe2ba58d82dc52ca82a9bd339cf
2026-08-28T14:38:06.362106+00:00,919432,3926548,Shenzhen be 34°C,2026-08-29,highest_temperature,Will the highest temperature in Shenzhen be 34°C on August 29?,34°C,7.0,0.26,0.74,0.25,0.27,0.020000000000000018,872.780114,843.780114,3198.5485,True,False,True,True,0x69713f10bf6a20e75c632eb002e86f964a79f9bee37dc51693033091fbf4f114
2026-08-28T14:38:06.362117+00:00,919432,3926549,Shenzhen be 35°C,2026-08-29,highest_temperature,Will the highest temperature in Shenzhen be 35°C on August 29?,35°C,8.0,0.095,0.905,0.08,0.11,0.03,1305.819679,1269.377304,3580.6225,True,False,True,True,0x81df5fa7b6471008bd3431a1f4705ae378c49c6f15a2b9b09798a5b4ad758afc
2026-08-28T14:38:06.362128+00:00,919432,3926550,Shenzhen be 36°C,2026-08-29,highest_temperature,Will the highest temperature in Shenzhen be 36°C on August 29?,36°C,9.0,0.025,0.975,0.01,0.04,0.03,3922.1865970000003,3679.617464,5324.3662,True,False,True,True,0xeeb5425b93738adb11a2afc70f00303266d50f7428e961ccc00152d65fa8c9dd
2026-08-28T14:38:06.362140+00:00,919432,3926551,Shenzhen be 37°C or higher,2026-08-29,highest_temperature,Will the highest temperature in Shenzhen be 37°C or higher on August 29?,37°C or higher,10.0,0.0045,0.9955,0.001,0.008,0.007,1104.0804990000001,1104.080499,1899.81909,True,False,True,True,0x18caff3d779a55bc62b5a932079a8387d8837f33d4882463533537bcf7642c4d
2026-08-28T14:38:06.362153+00:00,919433,3926552,Moscow be 14°C or below,2026-08-29,highest_temperature,Will the highest temperature in Moscow be 14°C or below on August 29?,14°C or below,0.0,0.0005,0.9995,,0.001,,300.997,,3677.70574,True,False,True,True,0x669c7bc38552c490576d2902778e6dcc0b9c2de2019d65a43bc28345c16a91a8
2026-08-28T14:38:06.362163+00:00,919433,3926553,Moscow be 15°C,2026-08-29,highest_temperature,Will the highest temperature in Moscow be 15°C on August 29?,15°C,1.0,0.0015,0.9985,0.001,0.002,0.001,852.957,772.9639999999999,4234.00844,True,False,True,True,0x4b2ef2f60287c33c7f60b495899053d3f5aec7e8536cd63d5398d8039a36483c
2026-08-28T14:38:06.362175+00:00,919433,3926554,Moscow be 16°C,2026-08-29,highest_temperature,Will the highest temperature in Moscow be 16°C on August 29?,16°C,2.0,0.0015,0.9985,0.001,0.002,0.001,739.563101,734.5631010000001,5937.17794,True,False,True,True,0x30af1e4b4a1e9f1f8fdb5e4b737a054543aabf736da232d3ca0c3781e117403c
2026-08-28T14:38:06.362189+00:00,919433,3926555,Moscow be 17°C,2026-08-29,highest_temperature,Will the highest temperature in Moscow be 17°C on August 29?,17°C,3.0,0.0045,0.9955,0.003,0.006,0.003,424.452383,244.72298299999997,3221.1411,True,False,True,True,0x5b080365f9582783a6b8412cedd3dcf4fa769ac158044273a68734c1a5f12929
2026-08-28T14:38:06.362201+00:00,919433,3926556,Moscow be 18°C,2026-08-29,highest_temperature,Will the highest temperature in Moscow be 18°C on August 29?,18°C,4.0,0.02,0.98,0.01,0.03,0.019999999999999997,535.8625999999999,516.8625999999999,4884.757,True,False,True,True,0x9463f912806bf1aa23b6a34e392c2e2ed1a59fef5583b9645c60c9e806e0e773
2026-08-28T14:38:06.362212+00:00,919433,3926557,Moscow be 19°C,2026-08-29,highest_temperature,Will the highest temperature in Moscow be 19°C on August 29?,19°C,5.0,0.13,0.87,0.12,0.14,0.020000000000000018,691.7940990000001,608.956263,6881.5277,True,False,True,True,0x3369c16d115ae65a5a1e294d0a082f6fe373729c6af6eee21cbc3bbf2756c8d1
2026-08-28T14:38:06.362224+00:00,919433,3926558,Moscow be 20°C,2026-08-29,highest_temperature,Will the highest temperature in Moscow be 20°C on August 29?,20°C,6.0,0.415,0.585,0.41,0.42,0.010000000000000009,2098.520929,2032.6373650000003,21033.8985,True,False,True,True,0x0ffc0c620746d047c66dfe50ed2574e70c41f47db03730f7d207dcc4628de6e8
2026-08-28T14:38:06.362235+00:00,919433,3926559,Moscow be 21°C,2026-08-29,highest_temperature,Will the highest temperature in Moscow be 21°C on August 29?,21°C,7.0,0.365,0.635,0.36,0.37,0.010000000000000009,1034.4187590000001,1003.316759,14257.3383,True,False,True,True,0xaf83160ee830655101dee15c142066baa30874d7bee889c38f0920a39edd7642
2026-08-28T14:38:06.362248+00:00,919433,3926560,Moscow be 22°C,2026-08-29,highest_temperature,Will the highest temperature in Moscow be 22°C on August 29?,22°C,8.0,0.07,0.93,0.06,0.08,0.020000000000000004,495.757456,481.757456,3102.4018,True,False,True,True,0x5d3825e2ab151c062215a452ba8162363e3daf08872dc5ffd5d424f734019754
2026-08-28T14:38:06.362259+00:00,919433,3926561,Moscow be 23°C,2026-08-29,highest_temperature,Will the highest temperature in Moscow be 23°C on August 29?,23°C,9.0,0.005,0.995,0.001,0.009,0.008,272.4149,249.9444,3029.38826,True,False,True,True,0x4ae6d402e235ac6dd6119c40c7c8fe327be4720fbacadd30b24a1a942d431639
2026-08-28T14:38:06.362273+00:00,919433,3926562,Moscow be 24°C or higher,2026-08-29,highest_temperature,Will the highest temperature in Moscow be 24°C or higher on August 29?,24°C or higher,10.0,0.0035,0.9965,0.001,0.006,0.005,637.1096120000001,297.91,3163.03409,True,False,True,True,0x4251c63ed79f4fda5b60cd5005ec0453da78f924cd85bbbcf29615c912350952
2026-08-28T14:38:06.362285+00:00,919434,3926563,Istanbul be 19°C or below,2026-08-29,highest_temperature,Will the highest temperature in Istanbul be 19°C or below on August 29?,19°C or below,0.0,0.0005,0.9995,,0.001,,300.985,300.985,2840.4171,True,False,True,True,0x0ceaf098b49ec36f210bc56fd88d32a092532cffd6ed54ccb72f5517048029e6
2026-08-28T14:38:06.362297+00:00,919434,3926564,Istanbul be 20°C,2026-08-29,highest_temperature,Will the highest temperature in Istanbul be 20°C on August 29?,20°C,1.0,0.0015,0.9985,0.001,0.002,0.001,94.49499999999999,89.49499999999999,2856.93731,True,False,True,True,0x8afa9eabc00d61f3bae9998d814b3ecd5ddc50d07115dab817499fa9a52af233
2026-08-28T14:38:06.362309+00:00,919434,3926565,Istanbul be 21°C,2026-08-29,highest_temperature,Will the highest temperature in Istanbul be 21°C on August 29?,21°C,2.0,0.006,0.994,0.002,0.01,0.008,444.996938,440.002338,2796.30895,True,False,True,True,0x82ab73b4d3c09ffb84e959a6a1d3dc6123ac01c6cdd299465b6e3f8818970af0
2026-08-28T14:38:06.362322+00:00,919434,3926566,Istanbul be 22°C,2026-08-29,highest_temperature,Will the highest temperature in Istanbul be 22°C on August 29?,22°C,3.0,0.0245,0.9755,0.015,0.034,0.019000000000000003,208.35977800000003,203.368678,2623.0114,True,False,True,True,0xa2038460e321ce17375fea5276ec824ecb4292ad789c4ff0481c55117f080a9f
2026-08-28T14:38:06.362333+00:00,919434,3926567,Istanbul be 23°C,2026-08-29,highest_temperature,Will the highest temperature in Istanbul be 23°C on August 29?,23°C,4.0,0.195,0.805,0.18,0.21,0.03,1004.159729,1004.159729,2369.1154,True,False,True,True,0x011de0616699b6b5f92bc73cb0b14a502fdd4a8bfec4b4bccdd830cc8f710632
2026-08-28T14:38:06.362344+00:00,919434,3926568,Istanbul be 24°C,2026-08-29,highest_temperature,Will the highest temperature in Istanbul be 24°C on August 29?,24°C,5.0,0.54,0.46,0.53,0.55,0.020000000000000018,912.6114970000001,113.99239699999998,12860.8962,True,False,True,True,0x2f7b3dc3c2ea9583739ab84d319e92bb0a7c5e9a5ecd7769a65bf8f69421c59d
2026-08-28T14:38:06.362355+00:00,919434,3926569,Istanbul be 25°C,2026-08-29,highest_temperature,Will the highest temperature in Istanbul be 25°C on August 29?,25°C,6.0,0.215,0.785,0.2,0.23,0.03,918.875839,842.7160450000001,4394.9169,True,False,True,True,0xa1bb29f45b5cb3b5c6016862fd69bfcd40ee76d5a8fb54f7d3c6143ec79899ee
2026-08-28T14:38:06.362367+00:00,919434,3926570,Istanbul be 26°C,2026-08-29,highest_temperature,Will the highest temperature in Istanbul be 26°C on August 29?,26°C,7.0,0.035,0.965,0.03,0.04,0.010000000000000002,668.366435,426.320637,2688.884,True,False,True,True,0xc7b4284ce4758603a0b27740229871bde6e171924826a05ebd212e45f517e1fe
2026-08-28T14:38:06.362378+00:00,919434,3926571,Istanbul be 27°C,2026-08-29,highest_temperature,Will the highest temperature in Istanbul be 27°C on August 29?,27°C,8.0,0.015,0.985,0.01,0.02,0.01,312.249481,270.91151599999995,2816.9273,True,False,True,True,0x6c02d5ddc8be3abcd4f74211e4a4b9a60cebe7650ddcb66236c97b5e002f1e3f
2026-08-28T14:38:06.362389+00:00,919434,3926572,Istanbul be 28°C,2026-08-29,highest_temperature,Will the highest temperature in Istanbul be 28°C on August 29?,28°C,9.0,0.0005,0.9995,,0.001,,277.090061,269.663361,3015.51787,True,False,True,True,0xd8cf2f7171d690efc455d736cf0d7d66c623acd14e8a5bd59d0ada138bfe1a25
2026-08-28T14:38:06.362402+00:00,919434,3926573,Istanbul be 29°C or higher,2026-08-29,highest_temperature,Will the highest temperature in Istanbul be 29°C or higher on August 29?,29°C or higher,10.0,0.0015,0.9985,0.001,0.002,0.001,288.5183,229.52970000000002,3109.40994,True,False,True,True,0xcad0547fa8cacc4cee9a1e1c1e1f349afbd9a4451df75daa1114e5493678dec3
2026-08-28T14:38:06.362415+00:00,919435,3926574,Busan be 26°C or below,2026-08-29,highest_temperature,Will the highest temperature in Busan be 26°C or below on August 29?,26°C or below,0.0,0.003,0.997,0.001,0.005,0.004,451.955,200.964,3038.92639,True,False,True,True,0x224ad1dca714fbe50f464a8c76b972eed1245799aefc919eb98acb0ea9311ef5
2026-08-28T14:38:06.362427+00:00,919435,3926575,Busan be 27°C,2026-08-29,highest_temperature,Will the highest temperature in Busan be 27°C on August 29?,27°C,1.0,0.008,0.992,0.003,0.013,0.009999999999999998,1969.4139049999999,1794.4271050000002,2138.72581,True,False,True,True,0xbc25f13b53cc5166291e7ca12660a100a9d0054f37dbf19c5691a18278a4aae9
2026-08-28T14:38:06.362441+00:00,919435,3926576,Busan be 28°C,2026-08-29,highest_temperature,Will the highest temperature in Busan be 28°C on August 29?,28°C,2.0,0.034,0.966,0.021,0.047,0.026,770.905355,758.880355,1663.24973,True,False,True,True,0x70a4b8b0a0f3099ed831d2dc13146ffa394703e59c1f33428aa1207e40f3e8e8
2026-08-28T14:38:06.362452+00:00,919435,3926577,Busan be 29°C,2026-08-29,highest_temperature,Will the highest temperature in Busan be 29°C on August 29?,29°C,3.0,0.0605,0.9395,0.042,0.079,0.037,117.08525,112.08525,1113.43244,True,False,True,True,0xb2971386d4dda9c87e0640244fee2d138cea6fb21b718849ea1d20c0bd316f80
2026-08-28T14:38:06.362463+00:00,919435,3926578,Busan be 30°C,2026-08-29,highest_temperature,Will the highest temperature in Busan be 30°C on August 29?,30°C,4.0,0.105,0.895,0.09,0.12,0.03,439.46126499999997,425.861265,1761.8276,True,False,True,True,0x1d856c9d2644fcc049770c0cd2e184e1ea5d3c65f79e060b0db1676f0c339e0e
2026-08-28T14:38:06.362475+00:00,919435,3926579,Busan be 31°C,2026-08-29,highest_temperature,Will the highest temperature in Busan be 31°C on August 29?,31°C,5.0,0.27,0.73,0.25,0.29,0.03999999999999998,879.7599089999999,742.309909,6666.6026,True,False,True,True,0xaaebab2404d8be1d217e4ebb9ccfb643a77ae8ab152d0719291ae8f764fee7b3
2026-08-28T14:38:06.362486+00:00,919435,3926580,Busan be 32°C,2026-08-29,highest_temperature,Will the highest temperature in Busan be 32°C on August 29?,32°C,6.0,0.375,0.625,0.37,0.38,0.010000000000000009,739.010892,651.070892,18465.1154,True,False,True,True,0x5f49f1300c98df9c30e611f2bb5ac7ccb1205eb526685ddd1b32b328bc8a8038
2026-08-28T14:38:06.362497+00:00,919435,3926581,Busan be 33°C,2026-08-29,highest_temperature,Will the highest temperature in Busan be 33°C on August 29?,33°C,7.0,0.125,0.875,0.12,0.13,0.010000000000000009,2352.194671,2278.3652420000003,2775.7348,True,False,True,True,0x6aa471a9de1119c921ec3a55fe0f559c50a2207c65c8a8b806e0a0d9e64c02f6
2026-08-28T14:38:06.362509+00:00,919435,3926582,Busan be 34°C,2026-08-29,highest_temperature,Will the highest temperature in Busan be 34°C on August 29?,34°C,8.0,0.035,0.965,0.03,0.04,0.010000000000000002,371.31629999999996,279.184882,766.1143,True,False,True,True,0x5471618336aa134d1e76d91e306e06824b0fcc7004cd2884e3740e396f42426f
2026-08-28T14:38:06.362519+00:00,919435,3926583,Busan be 35°C,2026-08-29,highest_temperature,Will the highest temperature in Busan be 35°C on August 29?,35°C,9.0,0.0115,0.9885,0.005,0.018,0.012999999999999998,124.5248,114.53979999999997,1642.965,True,False,True,True,0xc7d9ca4a2393946117914881fd161e22dc517fbca758b1be8309800b0930810d
2026-08-28T14:38:06.362530+00:00,919435,3926584,Busan be 36°C or higher,2026-08-29,highest_temperature,Will the highest temperature in Busan be 36°C or higher on August 29?,36°C or higher,10.0,0.004,0.996,0.002,0.006,0.004,230.34599999999998,153.29940000000005,2074.20196,True,False,True,True,0xf22629421019597fc88e733fb605552e736fc46a55ea02d10f5f750a44e1f6ce
2026-08-28T14:38:06.362544+00:00,919436,3926585,Amsterdam be 17°C or below,2026-08-29,highest_temperature,Will the highest temperature in Amsterdam be 17°C or below on August 29?,17°C or below,0.0,0.0005,0.9995,,0.001,,217.469,131.735,4389.08674,True,False,True,True,0x965b27a77f09758e11e526d41a270584452744a2b630b51234c7e94fea6300d4
2026-08-28T14:38:06.362555+00:00,919436,3926586,Amsterdam be 18°C,2026-08-29,highest_temperature,Will the highest temperature in Amsterdam be 18°C on August 29?,18°C,1.0,0.002,0.998,0.001,0.003,0.002,339.51244799999995,227.585648,2895.80546,True,False,True,True,0xce72b33ff605bdbb61b102bfec49d0d3743c73b546515766de7c2d80828d1181
2026-08-28T14:38:06.362566+00:00,919436,3926587,Amsterdam be 19°C,2026-08-29,highest_temperature,Will the highest temperature in Amsterdam be 19°C on August 29?,19°C,2.0,0.0005,0.9995,,0.001,,352.2545,326.06399999999996,2669.00212,True,False,True,True,0xf24e13ddcf182ab06eeec4c6bef2c9e802786eba1c22993c64eedc97c8088065
2026-08-28T14:38:06.362577+00:00,919436,3926588,Amsterdam be 20°C,2026-08-29,highest_temperature,Will the highest temperature in Amsterdam be 20°C on August 29?,20°C,3.0,0.013,0.987,0.006,0.02,0.014,1778.3656000000003,1713.3346999999999,5430.11806,True,False,True,True,0x55e603235de9a9318a367c74fe6d1dda3073f408037073eea799b8268fe00182
2026-08-28T14:38:06.362589+00:00,919436,3926589,Amsterdam be 21°C,2026-08-29,highest_temperature,Will the highest temperature in Amsterdam be 21°C on August 29?,21°C,4.0,0.15,0.85,0.14,0.16,0.01999999999999999,1359.3203529999998,962.791224,3711.1455,True,False,True,True,0x27b94479e5091f8be5f59f7bed635b895652755e9d7c2bf34998827e0878ad37
2026-08-28T14:38:06.362601+00:00,919436,3926590,Amsterdam be 22°C,2026-08-29,highest_temperature,Will the highest temperature in Amsterdam be 22°C on August 29?,22°C,5.0,0.495,0.505,0.49,0.5,0.010000000000000009,1759.503224,1528.4295419999999,4367.7838,True,False,True,True,0xdd1fa5a52eb4f72401be7e2d03f0eb8c7208c9306d18e96b136bdeda2c220825
2026-08-28T14:38:06.362614+00:00,919436,3926591,Amsterdam be 23°C,2026-08-29,highest_temperature,Will the highest temperature in Amsterdam be 23°C on August 29?,23°C,6.0,0.28,0.72,0.27,0.29,0.019999999999999962,2367.5204430000003,2245.115358,4820.3642,True,False,True,True,0x1a4ab448c0da7c143ace48955d90507eeb38b3873bac5b54541d65c625cb67ab
2026-08-28T14:38:06.362627+00:00,919436,3926592,Amsterdam be 24°C,2026-08-29,highest_temperature,Will the highest temperature in Amsterdam be 24°C on August 29?,24°C,7.0,0.025,0.975,0.02,0.03,0.009999999999999998,1020.2489319999999,837.7189320000001,3593.4155,True,False,True,True,0x73a64f6196652b602effc1b50eaacdc10144b23f43c679c9f15165882c237bb7
2026-08-28T14:38:06.362640+00:00,919436,3926593,Amsterdam be 25°C,2026-08-29,highest_temperature,Will the highest temperature in Amsterdam be 25°C on August 29?,25°C,8.0,0.004,0.996,0.001,0.007,0.006,176.6111,141.4411,2753.9511,True,False,True,True,0x6d6914e6d9c65c813b1df811eca1f889999957bdce38538e9f77286edaac406d
2026-08-28T14:38:06.362651+00:00,919436,3926594,Amsterdam be 26°C,2026-08-29,highest_temperature,Will the highest temperature in Amsterdam be 26°C on August 29?,26°C,9.0,0.0025,0.9975,0.001,0.004,0.003,320.709266,279.209266,4438.88949,True,False,True,True,0xf5af331a77ad6c330252be3c453e351d8a0bf953e86cec3b633ba87d1ea2e207
2026-08-28T14:38:06.362663+00:00,919436,3926595,Amsterdam be 27°C or higher,2026-08-29,highest_temperature,Will the highest temperature in Amsterdam be 27°C or higher on August 29?,27°C or higher,10.0,0.001,0.999,,0.002,,325.39923899999997,193.399239,5026.07487,True,False,True,True,0x5a05c681782af2be2e63a3a1ce8d1734bfe636bca7e5dbd23b3c0128940867d3
2026-08-28T14:38:06.362677+00:00,919437,3926596,Helsinki be 14°C or below,2026-08-29,highest_temperature,Will the highest temperature in Helsinki be 14°C or below on August 29?,14°C or below,0.0,0.0005,0.9995,,0.001,,393.957,23.966,5618.51257,True,False,True,True,0x0af8c6e2b04299fbcea37b693240a03069c0bc67c5490a811ae2422b5a897670
2026-08-28T14:38:06.362689+00:00,919437,3926597,Helsinki be 15°C,2026-08-29,highest_temperature,Will the highest temperature in Helsinki be 15°C on August 29?,15°C,1.0,0.0005,0.9995,,0.001,,178.87399999999997,178.87399999999997,4279.07068,True,False,True,True,0x5036256f8c2ffb4e89783a1df182b1f2a7cd90783537f0eb6c9efdea32b2cb23
2026-08-28T14:38:06.362709+00:00,919437,3926598,Helsinki be 16°C,2026-08-29,highest_temperature,Will the highest temperature in Helsinki be 16°C on August 29?,16°C,2.0,0.003,0.997,0.001,0.005,0.004,342.12609899999995,337.12609899999995,3835.66771,True,False,True,True,0x1f774122d4146f9702f47bbbc4a60cec841054956e3fa9c63543ef6bad474393
2026-08-28T14:38:06.362720+00:00,919437,3926599,Helsinki be 17°C,2026-08-29,highest_temperature,Will the highest temperature in Helsinki be 17°C on August 29?,17°C,3.0,0.0015,0.9985,0.001,0.002,0.001,347.597,277.606,3749.62709,True,False,True,True,0x90aeb63c6cec88748389c223bfa288cf29eedb4073660ae33344b4df1c9cb2a6
2026-08-28T14:38:06.362732+00:00,919437,3926600,Helsinki be 18°C,2026-08-29,highest_temperature,Will the highest temperature in Helsinki be 18°C on August 29?,18°C,4.0,0.025,0.975,0.02,0.03,0.009999999999999998,648.4579229999999,539.175457,4221.4385,True,False,True,True,0x28d67a0aefde06e7a025f8c60f616775428670c8fbbb0aad8a7bc0ed9e17da52
2026-08-28T14:38:06.362744+00:00,919437,3926601,Helsinki be 19°C,2026-08-29,highest_temperature,Will the highest temperature in Helsinki be 19°C on August 29?,19°C,5.0,0.1,0.9,0.09,0.11,0.020000000000000004,995.0217250000001,992.9946990000001,3643.0125,True,False,True,True,0xa7ee045f2ff1b129c79b189894ae7eb32cd08cb50517d97c4df17183f4916960
2026-08-28T14:38:06.362756+00:00,919437,3926602,Helsinki be 20°C,2026-08-29,highest_temperature,Will the highest temperature in Helsinki be 20°C on August 29?,20°C,6.0,0.635,0.365,0.63,0.64,0.010000000000000009,3614.389344,3559.323052999999,9539.6977,True,False,True,True,0x6379305b28436832788275716c0768c1b1a9fbf6b00c3ad5ff03fe4692a38df7
2026-08-28T14:38:06.362769+00:00,919437,3926603,Helsinki be 21°C,2026-08-29,highest_temperature,Will the highest temperature in Helsinki be 21°C on August 29?,21°C,7.0,0.26,0.74,0.25,0.27,0.020000000000000018,1279.098988,1190.8949380000001,14311.5316,True,False,True,True,0x503a265e2317ace15cefd1aae634ab65f927c8ac4f4098d8341e716b00e422cd
2026-08-28T14:38:06.362780+00:00,919437,3926604,Helsinki be 22°C,2026-08-29,highest_temperature,Will the highest temperature in Helsinki be 22°C on August 29?,22°C,8.0,0.02,0.98,0.01,0.03,0.019999999999999997,322.549492,272.133466,3177.0172,True,False,True,True,0x307f5023d0c6a1f20c007a1c2bd9acd1bf95b5fe0355757931a10ad38dad753c
2026-08-28T14:38:06.362792+00:00,919437,3926605,Helsinki be 23°C,2026-08-29,highest_temperature,Will the highest temperature in Helsinki be 23°C on August 29?,23°C,9.0,0.0015,0.9985,0.001,0.002,0.001,254.38420900000003,218.393709,3895.80499,True,False,True,True,0x81923d9cc5b2ae3336672239801b4cd555b83281a6c14bed21bfc30b1f7bd40d
2026-08-28T14:38:06.362804+00:00,919437,3926606,Helsinki be 24°C or higher,2026-08-29,highest_temperature,Will the highest temperature in Helsinki be 24°C or higher on August 29?,24°C or higher,10.0,0.0005,0.9995,,0.001,,239.006023,231.999023,4460.57023,True,False,True,True,0x035ad34ffb96d8d03c0b0ac048a5c24cc74548b1b8c8553f17155452c78efeec
2026-08-28T14:38:06.362817+00:00,919438,3926607,Kuala Lumpur be 29°C or below,2026-08-29,highest_temperature,Will the highest temperature in Kuala Lumpur be 29°C or below on August 29?,29°C or below,0.0,0.0005,0.9995,,0.001,,761.2971939999999,756.3090939999998,3577.46078,True,False,True,True,0x28320d3788d459c431f2ed5dbc86aaa86cfed55e18f8970f26f5394bc97ce173
2026-08-28T14:38:06.362831+00:00,919438,3926608,Kuala Lumpur be 30°C,2026-08-29,highest_temperature,Will the highest temperature in Kuala Lumpur be 30°C on August 29?,30°C,1.0,0.0005,0.9995,,0.001,,259.26980000000003,254.27799999999996,3073.74663,True,False,True,True,0x681b910df06f216004adcab2f3ed82da7f08419158fa350568a077f6fdf380d5
2026-08-28T14:38:06.362844+00:00,919438,3926609,Kuala Lumpur be 31°C,2026-08-29,highest_temperature,Will the highest temperature in Kuala Lumpur be 31°C on August 29?,31°C,2.0,0.0035,0.9965,0.001,0.006,0.005,1023.822733,840.112733,2825.7322,True,False,True,True,0x09835b47e101facc72a4a7a1df48cd9554ad0e2fad7ea2ea11f01f31f3a4ed70
2026-08-28T14:38:06.362856+00:00,919438,3926610,Kuala Lumpur be 32°C,2026-08-29,highest_temperature,Will the highest temperature in Kuala Lumpur be 32°C on August 29?,32°C,3.0,0.0075,0.9925,0.006,0.009,0.002999999999999999,5091.639701,450.93699999999995,3987.44468,True,False,True,True,0x0ae1817668c2da5138a49011e11ef3cf8c23154867ccaf1ffbdc6ce0e643f9ee
2026-08-28T14:38:06.362870+00:00,919438,3926611,Kuala Lumpur be 33°C,2026-08-29,highest_temperature,Will the highest temperature in Kuala Lumpur be 33°C on August 29?,33°C,4.0,0.185,0.815,0.18,0.19,0.010000000000000009,1803.8965189999997,1158.8288619999998,16994.1886,True,False,True,True,0xfcffa05c851614889c40593156590f9adf031c4bd2a8fe3d8e18cf9b2e74a662
2026-08-28T14:38:06.362881+00:00,919438,3926612,Kuala Lumpur be 34°C,2026-08-29,highest_temperature,Will the highest temperature in Kuala Lumpur be 34°C on August 29?,34°C,5.0,0.595,0.405,0.59,0.6,0.010000000000000009,1709.993828,1483.3790159999999,11625.1604,True,False,True,True,0x6cb198b4f4269d6267d4cbdc90ab6157cd57d9beaad3b88f043d2992a64cfd30
2026-08-28T14:38:06.362892+00:00,919438,3926613,Kuala Lumpur be 35°C,2026-08-29,highest_temperature,Will the highest temperature in Kuala Lumpur be 35°C on August 29?,35°C,6.0,0.23,0.77,0.22,0.24,0.01999999999999999,3176.1249510000002,2813.424951,12871.3457,True,False,True,True,0x4e03cc1302a3b9171d9cd8531ee4d5a263f167b727b8ca237f41d92ef6d14737
2026-08-28T14:38:06.362904+00:00,919438,3926614,Kuala Lumpur be 36°C,2026-08-29,highest_temperature,Will the highest temperature in Kuala Lumpur be 36°C on August 29?,36°C,7.0,0.0125,0.9875,0.006,0.019,0.013,2699.649658,1501.5598249999998,4356.08485,True,False,True,True,0x0f91200a70495145d7a71764ad24faeca9f5e0dcfec6afad7e3cbf739a84c251
2026-08-28T14:38:06.362916+00:00,919438,3926615,Kuala Lumpur be 37°C,2026-08-29,highest_temperature,Will the highest temperature in Kuala Lumpur be 37°C on August 29?,37°C,8.0,0.006,0.994,0.004,0.008,0.004,510.49449999999996,315.383,2944.37316,True,False,True,True,0xa5927b8f064d91b66c342b787529098e652a4a8e6d7b77d30de3330e9aab5114
2026-08-28T14:38:06.362928+00:00,919438,3926616,Kuala Lumpur be 38°C,2026-08-29,highest_temperature,Will the highest temperature in Kuala Lumpur be 38°C on August 29?,38°C,9.0,0.0025,0.9975,0.002,0.003,0.001,536.644,439.30699999999996,3767.88843,True,False,True,True,0x925ff092c42202c5dac3ceef3642cc0d53309b32f80d920f67c144097e075c43
2026-08-28T14:38:06.362940+00:00,919438,3926617,Kuala Lumpur be 39°C or higher,2026-08-29,highest_temperature,Will the highest temperature in Kuala Lumpur be 39°C or higher on August 29?,39°C or higher,10.0,0.0015,0.9985,0.001,0.002,0.001,782.7239999999999,511.733,4455.95724,True,False,True,True,0x8e496921efeb361f8adf8074e6e81647fa3f8a7c237f4214e2a86a356f1758c7
2026-08-28T14:38:06.362952+00:00,919439,3926618,Jeddah be 29°C or below,2026-08-29,highest_temperature,Will the highest temperature in Jeddah be 29°C or below on August 29?,29°C or below,0.0,0.0005,0.9995,,0.001,,470.249,220.217,4547.02212,True,False,True,True,0x2cd637881071fde9701d7f5123c36b4b01958eaae9ffbf6a6853ceb30481e892
2026-08-28T14:38:06.362964+00:00,919439,3926619,Jeddah be 30°C,2026-08-29,highest_temperature,Will the highest temperature in Jeddah be 30°C on August 29?,30°C,1.0,0.0005,0.9995,,0.001,,473.9429999999999,227.95,4806.4401,True,False,True,True,0xc697c0a7ad5d03f09eff07ed24c00857a18dfb0e2f8c1c3872de9dab96ca4007
2026-08-28T14:38:06.362975+00:00,919439,3926620,Jeddah be 31°C,2026-08-29,highest_temperature,Will the highest temperature in Jeddah be 31°C on August 29?,31°C,2.0,0.0005,0.9995,,0.001,,471.966,225.96699999999998,4811.33354,True,False,True,True,0xe12e5b53002c817a7551ab9cf79ba7f6646ffe3b5b1a7fd6e27aaf9badcb9516
2026-08-28T14:38:06.362986+00:00,919439,3926621,Jeddah be 32°C,2026-08-29,highest_temperature,Will the highest temperature in Jeddah be 32°C on August 29?,32°C,3.0,0.0005,0.9995,,0.001,,840.882,594.882,3448.52918,True,False,True,True,0x9cabef49c3b19b2609b8a74e629bc6137d874373bf83f4d3c63bc6327934c93a
2026-08-28T14:38:06.362998+00:00,919439,3926622,Jeddah be 33°C,2026-08-29,highest_temperature,Will the highest temperature in Jeddah be 33°C on August 29?,33°C,4.0,0.0015,0.9985,0.001,0.002,0.001,679.9619999999999,433.971,3520.20424,True,False,True,True,0x8b359d5df6485bc6139fbb0e064a05c050133bd9918e470713c45ca429ffe22e
2026-08-28T14:38:06.363010+00:00,919439,3926623,Jeddah be 34°C,2026-08-29,highest_temperature,Will the highest temperature in Jeddah be 34°C on August 29?,34°C,5.0,0.0055,0.9945,0.001,0.01,0.009000000000000001,355.647213,215.399013,3241.75999,True,False,True,True,0x7af39adcb572a858588b06860205fcdb2969e37286d2723aef5174591e121e16
2026-08-28T14:38:06.363024+00:00,919439,3926624,Jeddah be 35°C,2026-08-29,highest_temperature,Will the highest temperature in Jeddah be 35°C on August 29?,35°C,6.0,0.02,0.98,0.01,0.03,0.019999999999999997,235.1351,215.6862,3825.2668,True,False,True,True,0xeeeafac7a5f91bdb219ec6662635ce01e4cfdeef5a40181f633c0ab8e7545012
2026-08-28T14:38:06.363035+00:00,919439,3926625,Jeddah be 36°C,2026-08-29,highest_temperature,Will the highest temperature in Jeddah be 36°C on August 29?,36°C,7.0,0.035,0.965,0.03,0.04,0.010000000000000002,96.334616,96.334616,3735.8982,True,False,True,True,0xa0401f526535eb1f30cb4707d3fe856aa5e7fe90dc6c902afdbb781e40fd7656
2026-08-28T14:38:06.363047+00:00,919439,3926626,Jeddah be 37°C,2026-08-29,highest_temperature,Will the highest temperature in Jeddah be 37°C on August 29?,37°C,8.0,0.215,0.785,0.21,0.22,0.010000000000000009,933.6173590000001,914.023078,7080.9334,True,False,True,True,0x227c141a2b3d99d8ef5f60f0999aa5995efc2e8fa603c006d626de00ac66bba4
2026-08-28T14:38:06.363059+00:00,919439,3926627,Jeddah be 38°C,2026-08-29,highest_temperature,Will the highest temperature in Jeddah be 38°C on August 29?,38°C,9.0,0.425,0.575,0.42,0.43,0.010000000000000009,435.940922,356.064504,3871.1448,True,False,True,True,0xbcbd2bb311009fdb5af0659614b2a9fef3134fb3fdfd309f8f87133639be2554
2026-08-28T14:38:06.363071+00:00,919439,3926628,Jeddah be 39°C or higher,2026-08-29,highest_temperature,Will the highest temperature in Jeddah be 39°C or higher on August 29?,39°C or higher,10.0,0.325,0.675,0.32,0.33,0.010000000000000009,1576.2219629999995,1328.5555840000002,4575.7566,True,False,True,True,0x11e31ca37424510771edc60a239a806198fb116e0cc84eb01b5abc1690f44080
2026-08-28T14:38:06.363086+00:00,919440,3926629,Cape Town be 12°C or below,2026-08-29,highest_temperature,Will the highest temperature in Cape Town be 12°C or below on August 29?,12°C or below,0.0,0.0025,0.9975,0.001,0.004,0.003,38.928000000000004,38.928000000000004,2835.4235,True,False,True,True,0x6c0770221bff22469c6dd37c71e2a6d78051c98ba2b7bbb8c12b5b33e81e7a42
2026-08-28T14:38:06.363100+00:00,919440,3926630,Cape Town be 13°C,2026-08-29,highest_temperature,Will the highest temperature in Cape Town be 13°C on August 29?,13°C,1.0,0.0035,0.9965,0.002,0.005,0.003,129.3158,49.32599999999999,2944.08995,True,False,True,True,0xcccc883cb0ff57919e01602d34353ee595932cd2a0bcfa835cbef47552e16ead
2026-08-28T14:38:06.363111+00:00,919440,3926631,Cape Town be 14°C,2026-08-29,highest_temperature,Will the highest temperature in Cape Town be 14°C on August 29?,14°C,2.0,0.011,0.989,0.002,0.02,0.018000000000000002,159.0,100.0,2785.05713,True,False,True,True,0x589e8204eb2d31e163c47b8f43d6b56e7ed9cd2d73ce0b471a30cb2c7bad58b3
2026-08-28T14:38:06.363124+00:00,919440,3926632,Cape Town be 15°C,2026-08-29,highest_temperature,Will the highest temperature in Cape Town be 15°C on August 29?,15°C,3.0,0.035,0.965,0.02,0.05,0.030000000000000002,95.321233,72.32123299999999,2537.9289,True,False,True,True,0xa7bf4f1b74d525dedaee13118f623dcb59d4714ab09dc8a474618d5eff1c381b
2026-08-28T14:38:06.363137+00:00,919440,3926633,Cape Town be 16°C,2026-08-29,highest_temperature,Will the highest temperature in Cape Town be 16°C on August 29?,16°C,4.0,0.115,0.885,0.1,0.13,0.03,759.8338349999999,734.3238349999999,4359.4332,True,False,True,True,0x32468eeeb6dacbceea811f1c87961ea34697e4308cfde5be24594b5ca688b61a
2026-08-28T14:38:06.363149+00:00,919440,3926634,Cape Town be 17°C,2026-08-29,highest_temperature,Will the highest temperature in Cape Town be 17°C on August 29?,17°C,5.0,0.28,0.72,0.27,0.29,0.019999999999999962,715.614882,683.364882,10247.3065,True,False,True,True,0xb067d585f9f95331fe6d477133c9a730482621e44e78e6da7b1d588611ad2a73
2026-08-28T14:38:06.363161+00:00,919440,3926635,Cape Town be 18°C,2026-08-29,highest_temperature,Will the highest temperature in Cape Town be 18°C on August 29?,18°C,6.0,0.295,0.705,0.29,0.3,0.010000000000000009,1174.9603,1042.277367,16745.1593,True,False,True,True,0x171d71dde511130cb89e50c3b71243e8f2e3d59c3eccdef16f15e5c7fe2e4af6
2026-08-28T14:38:06.363172+00:00,919440,3926636,Cape Town be 19°C,2026-08-29,highest_temperature,Will the highest temperature in Cape Town be 19°C on August 29?,19°C,7.0,0.21,0.79,0.2,0.22,0.01999999999999999,849.091267,510.601957,12495.5319,True,False,True,True,0xf5e8c44d161984de9e5e6dfb6c4a3b03ade01985d73971a45ad21357d4f837d7
2026-08-28T14:38:06.363183+00:00,919440,3926637,Cape Town be 20°C,2026-08-29,highest_temperature,Will the highest temperature in Cape Town be 20°C on August 29?,20°C,8.0,0.04,0.96,0.03,0.05,0.020000000000000004,543.6479939999999,507.647994,4473.9878,True,False,True,True,0x493247bdc90bf9750b024a5b98f4baa58283b53cb19345ca6f4371095794f299
2026-08-28T14:38:06.363194+00:00,919440,3926638,Cape Town be 21°C,2026-08-29,highest_temperature,Will the highest temperature in Cape Town be 21°C on August 29?,21°C,9.0,0.015,0.985,0.01,0.02,0.01,119.14675,57.147999999999996,2537.7792,True,False,True,True,0x7c2a205421f63dfd99b8b13bfe24952e13ff796b91b55e9dee0dda132708a83d
2026-08-28T14:38:06.363206+00:00,919440,3926639,Cape Town be 22°C or higher,2026-08-29,highest_temperature,Will the highest temperature in Cape Town be 22°C or higher on August 29?,22°C or higher,10.0,0.004,0.996,0.001,0.007,0.006,404.99255500000004,400.008055,1733.00225,True,False,True,True,0xc99bd7d250d1259f89759bc0f97ac626ea3615a5a7d80620ba1c20cae2bc4f81
2026-08-28T14:38:06.363219+00:00,919441,3926640,Guangzhou be 31°C or below,2026-08-29,highest_temperature,Will the highest temperature in Guangzhou be 31°C or below on August 29?,31°C or below,0.0,0.0035,0.9965,0.002,0.005,0.003,935.8184540000001,930.818454,3593.14769,True,False,True,True,0x1a8fb26f33c7b35fe93067ac7c441bbfc1c12db760009476880bafaabb91aa15
2026-08-28T14:38:06.363231+00:00,919441,3926641,Guangzhou be 32°C,2026-08-29,highest_temperature,Will the highest temperature in Guangzhou be 32°C on August 29?,32°C,1.0,0.0055,0.9945,0.002,0.009,0.006999999999999999,1168.1619999999998,1128.1715,4870.97589,True,False,True,True,0xa9ebd5ed5a7077ea044909e39969fa01e28cbd6301ded4f5805ce83ab8ba22e7
2026-08-28T14:38:06.363244+00:00,919441,3926642,Guangzhou be 33°C,2026-08-29,highest_temperature,Will the highest temperature in Guangzhou be 33°C on August 29?,33°C,2.0,0.0135,0.9865,0.007,0.02,0.013000000000000001,1485.656188,1346.1011659999997,2746.92982,True,False,True,True,0x5da31f68abd740d81e04698c459d1cc13dbd65eea7858a9b5ca04ce00253d512
2026-08-28T14:38:06.363255+00:00,919441,3926643,Guangzhou be 34°C,2026-08-29,highest_temperature,Will the highest temperature in Guangzhou be 34°C on August 29?,34°C,3.0,0.09,0.91,0.08,0.1,0.020000000000000004,862.125545,862.1255450000002,3534.2335,True,False,True,True,0xbc1d4eec934e835a0bb6e5f16eb5b81ee4d903cfed9a62d989c2dff91234614f
2026-08-28T14:38:06.363266+00:00,919441,3926644,Guangzhou be 35°C,2026-08-29,highest_temperature,Will the highest temperature in Guangzhou be 35°C on August 29?,35°C,4.0,0.18,0.82,0.17,0.19,0.01999999999999999,1505.259917,1504.0599170000003,3212.4928,True,False,True,True,0x4b535ad0a2db4e2513b1acf06f2baa8053c60decf41ba1a466c0ae462d3a9eb3
2026-08-28T14:38:06.363278+00:00,919441,3926645,Guangzhou be 36°C,2026-08-29,highest_temperature,Will the highest temperature in Guangzhou be 36°C on August 29?,36°C,5.0,0.415,0.585,0.41,0.42,0.010000000000000009,794.464001,794.4640009999999,4048.0425,True,False,True,True,0x192cee4085e723e86cdbb539b3948134365fe731fdb5fcc78ad2429205369667
2026-08-28T14:38:06.363290+00:00,919441,3926646,Guangzhou be 37°C,2026-08-29,highest_temperature,Will the highest temperature in Guangzhou be 37°C on August 29?,37°C,6.0,0.255,0.745,0.25,0.26,0.010000000000000009,2004.7441800000001,1999.466404,3504.5752,True,False,True,True,0xbf1f480e5ec3a375888158a2e80ed306ca98085063f4600eae74d48baf213bda
2026-08-28T14:38:06.363305+00:00,919441,3926647,Guangzhou be 38°C,2026-08-29,highest_temperature,Will the highest temperature in Guangzhou be 38°C on August 29?,38°C,7.0,0.065,0.935,0.06,0.07,0.010000000000000009,1866.2272239999998,1764.4027819999997,3784.4952,True,False,True,True,0x1dce94619f778e836765404b1581a26da0010f85bebc210033db8433128028ec
2026-08-28T14:38:06.363318+00:00,919441,3926648,Guangzhou be 39°C,2026-08-29,highest_temperature,Will the highest temperature in Guangzhou be 39°C on August 29?,39°C,8.0,0.0065,0.9935,0.003,0.01,0.007,728.18081,227.8712,3703.04734,True,False,True,True,0x0100379b1df0037356fcc4d080e32a009448dfedbe66dd175910d819ba3fc3db
2026-08-28T14:38:06.363329+00:00,919441,3926649,Guangzhou be 40°C,2026-08-29,highest_temperature,Will the highest temperature in Guangzhou be 40°C on August 29?,40°C,9.0,0.002,0.998,0.001,0.003,0.002,284.95255000000003,216.655,3170.67346,True,False,True,True,0xb311b17f4da3bcb96ac357c47d78c2b8273a5a019f816f63a99f59138f9c1fd3
2026-08-28T14:38:06.363341+00:00,919441,3926650,Guangzhou be 41°C or higher,2026-08-29,highest_temperature,Will the highest temperature in Guangzhou be 41°C or higher on August 29?,41°C or higher,10.0,0.0005,0.9995,,0.001,,257.9795,252.981,3889.85581,True,False,True,True,0xf0ca8f5710a396d40f07956013fd32c93a443de1eca23b8ef9cec93a6e519627
2026-08-28T14:38:06.363353+00:00,919442,3926651,Qingdao be 25°C or below,2026-08-29,highest_temperature,Will the highest temperature in Qingdao be 25°C or below on August 29?,25°C or below,0.0,0.0055,0.9945,0.002,0.009,0.006999999999999999,1060.8102999999999,1060.8103,1789.38615,True,False,True,True,0x768ff40bb5edb7c49e1034e2b4e1307bf70f6fb0f12e60ab3eefb4ec1ae1ebac
2026-08-28T14:38:06.363367+00:00,919442,3926652,Qingdao be 26°C,2026-08-29,highest_temperature,Will the highest temperature in Qingdao be 26°C on August 29?,26°C,1.0,0.03,0.97,0.02,0.04,0.02,135.7637,130.7637,1290.6708,True,False,True,True,0xa13e0d5ce252014ba46d6725f5eb096d64ad840c813fc045225cb47a6abcfa41
2026-08-28T14:38:06.363378+00:00,919442,3926653,Qingdao be 27°C,2026-08-29,highest_temperature,Will the highest temperature in Qingdao be 27°C on August 29?,27°C,2.0,0.07,0.93,0.06,0.08,0.020000000000000004,625.952022,459.90556,1527.8912,True,False,True,True,0xb09bde2b191ffb00b947d7da0a40aab3c7613fb617c1f305ac621aa7e4fc17a9
2026-08-28T14:38:06.363390+00:00,919442,3926654,Qingdao be 28°C,2026-08-29,highest_temperature,Will the highest temperature in Qingdao be 28°C on August 29?,28°C,3.0,0.18,0.82,0.17,0.19,0.01999999999999999,583.534389,473.83363999999995,1675.3609,True,False,True,True,0x3a167cbcf047c9b7991a97f6606eb3bdba0888295c4827dbec18e40a97dff0ec
2026-08-28T14:38:06.363403+00:00,919442,3926655,Qingdao be 29°C,2026-08-29,highest_temperature,Will the highest temperature in Qingdao be 29°C on August 29?,29°C,4.0,0.345,0.655,0.33,0.36,0.02999999999999997,1327.0024380000002,1250.215517,14149.738,True,False,True,True,0xc12c568985c8d0a17d52cd8cc1e5bc639a7cbbac849e2cf8b0dfefe26a5dfc8a
2026-08-28T14:38:06.363416+00:00,919442,3926656,Qingdao be 30°C,2026-08-29,highest_temperature,Will the highest temperature in Qingdao be 30°C on August 29?,30°C,5.0,0.27,0.73,0.26,0.28,0.020000000000000018,1529.941163,1428.378991,4447.8748,True,False,True,True,0xb15b72e1090608e93b8dcb98931855014cf812c15f341360db7d4129a5e24742
2026-08-28T14:38:06.363427+00:00,919442,3926657,Qingdao be 31°C,2026-08-29,highest_temperature,Will the highest temperature in Qingdao be 31°C on August 29?,31°C,6.0,0.095,0.905,0.09,0.1,0.010000000000000009,1124.248716,1013.2595910000001,2684.884,True,False,True,True,0x4f4d584f3b5a12ae4ef7edef6f011c0febfd98923f69d8f11dcbc36539bed5c7
2026-08-28T14:38:06.363438+00:00,919442,3926658,Qingdao be 32°C,2026-08-29,highest_temperature,Will the highest temperature in Qingdao be 32°C on August 29?,32°C,7.0,0.02,0.98,0.01,0.03,0.019999999999999997,223.446043,216.44604299999997,1608.1263,True,False,True,True,0xc5b3365305f018794c2fcd3829ab2162c5403be78ab5a9018eba400b49f0e9f2
2026-08-28T14:38:06.363449+00:00,919442,3926659,Qingdao be 33°C,2026-08-29,highest_temperature,Will the highest temperature in Qingdao be 33°C on August 29?,33°C,8.0,0.004,0.996,0.002,0.006,0.004,240.662352,,1925.30927,True,False,True,True,0x468734f04e829ad17c9c6c5c7a01f7040bc9b6cbf824a8f99df98c2c5eb97eef
2026-08-28T14:38:06.363460+00:00,919442,3926660,Qingdao be 34°C,2026-08-29,highest_temperature,Will the highest temperature in Qingdao be 34°C on August 29?,34°C,9.0,0.0005,0.9995,,0.001,,609.2947859999999,416.270086,2277.44209,True,False,True,True,0x434df151e7d1cfa0eaac0ef9cd7d9c38e9b6acdf20ede525c3f99d711bc89593
2026-08-28T14:38:06.363471+00:00,919442,3926661,Qingdao be 35°C or higher,2026-08-29,highest_temperature,Will the highest temperature in Qingdao be 35°C or higher on August 29?,35°C or higher,10.0,0.0005,0.9995,,0.001,,534.0060149999999,227.965015,2861.47377,True,False,True,True,0xde4ddd6ea746e94d95907b901b10419136629760813b763b59c44cd7f26000a4
2026-08-28T14:38:06.363484+00:00,919443,3926662,Karachi be 26°C or below,2026-08-29,highest_temperature,Will the highest temperature in Karachi be 26°C or below on August 29?,26°C or below,0.0,0.0005,0.9995,,0.001,,285.157,19.16,3903.28571,True,False,True,True,0xff25e1d1983936f2f422683f3c293730d96089c159bd5df82eb0d05093554400
2026-08-28T14:38:06.363495+00:00,919443,3926663,Karachi be 27°C,2026-08-29,highest_temperature,Will the highest temperature in Karachi be 27°C on August 29?,27°C,1.0,0.0005,0.9995,,0.001,,261.796892,112.27769200000002,4246.91798,True,False,True,True,0x120bea3e967ce313a4f4495e6aa7a111af5ced04cc5ac74acd0b4e793279daa7
2026-08-28T14:38:06.363506+00:00,919443,3926664,Karachi be 28°C,2026-08-29,highest_temperature,Will the highest temperature in Karachi be 28°C on August 29?,28°C,2.0,0.002,0.998,0.001,0.003,0.002,233.47629999999998,148.48649999999998,2554.12595,True,False,True,True,0x990c35aae45c026aff48d841c0b688a61ef71c7dd2ffbdb146af46add0f45e59
2026-08-28T14:38:06.363518+00:00,919443,3926665,Karachi be 29°C,2026-08-29,highest_temperature,Will the highest temperature in Karachi be 29°C on August 29?,29°C,3.0,0.015,0.985,0.01,0.02,0.01,613.45525,613.45525,2823.35875,True,False,True,True,0xf8a5f443a7907931e47603aebc91f5254e6c36ac95374fd0440546377721f853
2026-08-28T14:38:06.363531+00:00,919443,3926666,Karachi be 30°C,2026-08-29,highest_temperature,Will the highest temperature in Karachi be 30°C on August 29?,30°C,4.0,0.16,0.84,0.15,0.17,0.020000000000000018,2773.5384350000004,2222.6264669999996,3445.2048,True,False,True,True,0x2317f7bbfb0dd197e71df4d9e49cf8e2f0a7cd8133122ddcc735c9e74d9bef02
2026-08-28T14:38:06.363543+00:00,919443,3926667,Karachi be 31°C,2026-08-29,highest_temperature,Will the highest temperature in Karachi be 31°C on August 29?,31°C,5.0,0.475,0.525,0.46,0.49,0.02999999999999997,1972.1814789999999,1667.5522660000001,14364.4432,True,False,True,True,0xb6bb71fb3579217d91f1426a41aee24b2830733683fdc94637a596d865d0ff8b
2026-08-28T14:38:06.363555+00:00,919443,3926668,Karachi be 32°C,2026-08-29,highest_temperature,Will the highest temperature in Karachi be 32°C on August 29?,32°C,6.0,0.355,0.645,0.35,0.36,0.010000000000000009,1326.287213,1208.7972129999998,16887.9526,True,False,True,True,0x356d62d5a83ae15faf61b8d09c32599b7ae77b28116820a1dcdd01a30099ac49
2026-08-28T14:38:06.363565+00:00,919443,3926669,Karachi be 33°C,2026-08-29,highest_temperature,Will the highest temperature in Karachi be 33°C on August 29?,33°C,7.0,0.03,0.97,0.02,0.04,0.02,281.980823,281.98082300000004,2887.0396,True,False,True,True,0xc793f91fe7816c5129255f740c21bd9f806be3cdf6fd8bb5a5d8260a162560a2
2026-08-28T14:38:06.363577+00:00,919443,3926670,Karachi be 34°C,2026-08-29,highest_temperature,Will the highest temperature in Karachi be 34°C on August 29?,34°C,8.0,0.0015,0.9985,0.001,0.002,0.001,120.37599999999999,120.376,3459.24942,True,False,True,True,0xa488ae92ca45be977b4f7ba04a1abb17acee40e29dc524c98ba2fe3a4cbf80d0
2026-08-28T14:38:06.363591+00:00,919443,3926671,Karachi be 35°C,2026-08-29,highest_temperature,Will the highest temperature in Karachi be 35°C on August 29?,35°C,9.0,0.0005,0.9995,,0.001,,134.99,73.99300000000001,3105.77286,True,False,True,True,0xab56087065627786989a419629e3d0570bc2c4b57bf3cbcff330db8cd3308ada
2026-08-28T14:38:06.363603+00:00,919443,3926672,Karachi be 36°C or higher,2026-08-29,highest_temperature,Will the highest temperature in Karachi be 36°C or higher on August 29?,36°C or higher,10.0,0.0005,0.9995,,0.001,,287.32599999999996,19.47,3242.6807,True,False,True,True,0x0e425be6f4d732a37471ce1870bca64b180cc0b09fcd3047662d2c813a4d3703
2026-08-28T14:38:06.363616+00:00,919444,3926673,Manila be 23°C or below,2026-08-29,highest_temperature,Will the highest temperature in Manila be 23°C or below on August 29?,23°C or below,0.0,0.0005,0.9995,,0.001,,300.98800000000006,300.988,4613.5812,True,False,True,True,0x4cddd712f5732c5aece405a626cc79c10b67833b10b1f4d764991225389ab34a
2026-08-28T14:38:06.363628+00:00,919444,3926674,Manila be 24°C,2026-08-29,highest_temperature,Will the highest temperature in Manila be 24°C on August 29?,24°C,1.0,0.0005,0.9995,,0.001,,300.994,300.994,3046.27102,True,False,True,True,0x5e181aca7c8e0889dd5bdb85f422632763c80329f919355cdfa7218620538b9d
2026-08-28T14:38:06.363640+00:00,919444,3926675,Manila be 25°C,2026-08-29,highest_temperature,Will the highest temperature in Manila be 25°C on August 29?,25°C,2.0,0.0095,0.9905,0.001,0.018,0.016999999999999998,193.5906,130.5906,1979.37932,True,False,True,True,0x9499df7f932e57bde812a45400a7a0f27c30686fa44d17e88ac17bf00e989fe5
2026-08-28T14:38:06.363652+00:00,919444,3926676,Manila be 26°C,2026-08-29,highest_temperature,Will the highest temperature in Manila be 26°C on August 29?,26°C,3.0,0.035,0.965,0.03,0.04,0.010000000000000002,92.15090000000001,15.1509,1810.4753,True,False,True,True,0x6889726211eece350bb469cc8f50139c5665189a0f09f3cc6a5473907e313b26
2026-08-28T14:38:06.363665+00:00,919444,3926677,Manila be 27°C,2026-08-29,highest_temperature,Will the highest temperature in Manila be 27°C on August 29?,27°C,4.0,0.085,0.915,0.07,0.1,0.03,678.819328,678.8193279999999,3301.7864,True,False,True,True,0xf61a12d312570453c866d80b8789dee4d0b82603621257a1932ad9baaadd82c1
2026-08-28T14:38:06.363677+00:00,919444,3926678,Manila be 28°C,2026-08-29,highest_temperature,Will the highest temperature in Manila be 28°C on August 29?,28°C,5.0,0.255,0.745,0.25,0.26,0.010000000000000009,2099.102005,2082.102005,8602.589,True,False,True,True,0x33a1c14a2948162b8111c449a7c9bdb9461757952e7eecc3f26c5aa4d918431a
2026-08-28T14:38:06.363689+00:00,919444,3926679,Manila be 29°C,2026-08-29,highest_temperature,Will the highest temperature in Manila be 29°C on August 29?,29°C,6.0,0.435,0.565,0.42,0.45,0.030000000000000027,958.856471,958.8564710000002,15730.6588,True,False,True,True,0x3635cf5366a2da379c40b51dc891128a4e66bfaec3b43e920e03e44b862a8737
2026-08-28T14:38:06.363708+00:00,919444,3926680,Manila be 30°C,2026-08-29,highest_temperature,Will the highest temperature in Manila be 30°C on August 29?,30°C,7.0,0.175,0.825,0.16,0.19,0.03,547.6598180000001,547.6598180000001,3546.3274,True,False,True,True,0x7733c014d510312795306836a617b4709dcd0bfa2f28ae603ab7996d1a762fb0
2026-08-28T14:38:06.363719+00:00,919444,3926681,Manila be 31°C,2026-08-29,highest_temperature,Will the highest temperature in Manila be 31°C on August 29?,31°C,8.0,0.035,0.965,0.02,0.05,0.030000000000000002,392.995899,340.704249,2171.6462,True,False,True,True,0x5d8b709a3bb2d69a0379677ff8c4a6d8a2eeafa8b5b379320f6a56b678437f14
2026-08-28T14:38:06.363731+00:00,919444,3926682,Manila be 32°C,2026-08-29,highest_temperature,Will the highest temperature in Manila be 32°C on August 29?,32°C,9.0,0.0115,0.9885,0.005,0.018,0.012999999999999998,286.31354,53.33619999999999,3173.71762,True,False,True,True,0xb75954cf6b361b21df76d0040f57cb7c4a2a54f167022efbec232947b5df1083
2026-08-28T14:38:06.363743+00:00,919444,3926683,Manila be 33°C or higher,2026-08-29,highest_temperature,Will the highest temperature in Manila be 33°C or higher on August 29?,33°C or higher,10.0,0.0055,0.9945,0.001,0.01,0.009000000000000001,375.283719,270.297319,3912.57601,True,False,True,True,0xa710fdad7498ea367a9bc6ac8d2e84547b0bce7cd80f88fb7831b33a42ec68bf
2026-08-28T14:38:06.363784+00:00,923524,3942167,Sao Paulo be 28°C or below,2026-08-29,highest_temperature,Will the highest temperature in Sao Paulo be 28°C or below on August 29?,28°C or below,0.0,0.0015,0.9985,0.001,0.002,0.001,42.0,42.0,2281.40058,True,False,True,True,0x5abb0d62134a722270a46cab9c34cd04e60aa4791a730b27fb2128e7c3ced48c
2026-08-28T14:38:06.363798+00:00,923524,3942168,Sao Paulo be 29°C,2026-08-29,highest_temperature,Will the highest temperature in Sao Paulo be 29°C on August 29?,29°C,1.0,0.003,0.997,0.002,0.004,0.002,30.0,30.0,3031.01558,True,False,True,True,0x288abb1826514c7842c63138509dd638f5b740b94875f1c99fef7581da5a55de
2026-08-28T14:38:06.363810+00:00,923524,3942169,Sao Paulo be 30°C,2026-08-29,highest_temperature,Will the highest temperature in Sao Paulo be 30°C on August 29?,30°C,2.0,0.006,0.994,0.002,0.01,0.008,144.993,144.993,2848.61623,True,False,True,True,0xa42ee8de2b9d147dc312b6b69889539dbc9049c6e09fb9dbfba26f8d0b445381
2026-08-28T14:38:06.363826+00:00,923524,3942170,Sao Paulo be 31°C,2026-08-29,highest_temperature,Will the highest temperature in Sao Paulo be 31°C on August 29?,31°C,3.0,0.03,0.97,0.02,0.04,0.02,31.0204,31.0204,2504.6132,True,False,True,True,0x21f9d1a6e361cf4fe1f8c9ab767f9f6103a746d536be130a21eb290204447828
2026-08-28T14:38:06.363838+00:00,923524,3942171,Sao Paulo be 32°C,2026-08-29,highest_temperature,Will the highest temperature in Sao Paulo be 32°C on August 29?,32°C,4.0,0.09,0.91,0.07,0.11,0.039999999999999994,410.3413929999999,410.341393,2425.3267,True,False,True,True,0xc5dd467e49f0f2bd27e5cca72151f17753bc992cd931dc174bbb1cbdc9b5eca8
2026-08-28T14:38:06.363849+00:00,923524,3942172,Sao Paulo be 33°C,2026-08-29,highest_temperature,Will the highest temperature in Sao Paulo be 33°C on August 29?,33°C,5.0,0.285,0.715,0.28,0.29,0.009999999999999953,171.57752099999996,171.577521,3424.7948,True,False,True,True,0xa7ff2affa95680f81ec26b109d076ac63929b669a0cc95456fa7511923162a85
2026-08-28T14:38:06.363861+00:00,923524,3942173,Sao Paulo be 34°C,2026-08-29,highest_temperature,Will the highest temperature in Sao Paulo be 34°C on August 29?,34°C,6.0,0.435,0.565,0.43,0.44,0.010000000000000009,422.635367,422.63536700000003,3012.137,True,False,True,True,0xfad6c8eea1d4da86c33ce1261b3306240837be88e434ae2e7feed56f461d89ed
2026-08-28T14:38:06.363873+00:00,923524,3942174,Sao Paulo be 35°C,2026-08-29,highest_temperature,Will the highest temperature in Sao Paulo be 35°C on August 29?,35°C,7.0,0.145,0.855,0.13,0.16,0.03,653.0382099999999,653.03821,2858.1968,True,False,True,True,0xb916277dd41ab6e48fd73a6d62e12f0bdd0f159a50ea3e5a1dd1b0fe78620e48
2026-08-28T14:38:06.363884+00:00,923524,3942175,Sao Paulo be 36°C,2026-08-29,highest_temperature,Will the highest temperature in Sao Paulo be 36°C on August 29?,36°C,8.0,0.05,0.95,0.03,0.07,0.04000000000000001,120.24425,120.24425,2537.7823,True,False,True,True,0xa56ccc5466988d15f427125962be640d940d914f6d151c6183e2aee5fb3ccf76
2026-08-28T14:38:06.363897+00:00,923524,3942176,Sao Paulo be 37°C,2026-08-29,highest_temperature,Will the highest temperature in Sao Paulo be 37°C on August 29?,37°C,9.0,0.006,0.994,0.002,0.01,0.008,205.324032,205.324032,3969.60778,True,False,True,True,0x630edf0fa9dcd04c6b9190f451a2d73a8d5a952157ba5830904722719ddab8f4
2026-08-28T14:38:06.363908+00:00,923524,3942177,Sao Paulo be 38°C or higher,2026-08-29,highest_temperature,Will the highest temperature in Sao Paulo be 38°C or higher on August 29?,38°C or higher,10.0,0.0035,0.9965,0.001,0.006,0.005,1469.2318,1469.2318,3165.99621,True,False,True,True,0x5cbb227213088a0fa04a17b2be109710b6d92be4fee5409a9116bf503421417e
2026-08-28T14:38:06.363921+00:00,923525,3942178,Buenos Aires be 14°C or below,2026-08-29,highest_temperature,Will the highest temperature in Buenos Aires be 14°C or below on August 29?,14°C or below,0.0,0.0015,0.9985,0.001,0.002,0.001,596.593,596.593,3425.19127,True,False,True,True,0x5fbb98afb8dfad50099f87b14ea14cbde33e7c5e6aadd0e9553931a1f8d3e91f
2026-08-28T14:38:06.363933+00:00,923525,3942179,Buenos Aires be 15°C,2026-08-29,highest_temperature,Will the highest temperature in Buenos Aires be 15°C on August 29?,15°C,1.0,0.0025,0.9975,0.002,0.003,0.001,494.70970900000003,494.709709,4009.23065,True,False,True,True,0x7174ead9e51c905ee6cd7409752deec84b0d80ea32c98af756b1c772c6cae2d6
2026-08-28T14:38:06.363944+00:00,923525,3942180,Buenos Aires be 16°C,2026-08-29,highest_temperature,Will the highest temperature in Buenos Aires be 16°C on August 29?,16°C,2.0,0.005,0.995,0.001,0.009,0.008,494.50079999999997,494.5007999999999,3555.18873,True,False,True,True,0xd6a346e6f9ad79680047ef62eb1bace8dd9738f963f213bfee40a3882f8111fe
2026-08-28T14:38:06.363956+00:00,923525,3942181,Buenos Aires be 17°C,2026-08-29,highest_temperature,Will the highest temperature in Buenos Aires be 17°C on August 29?,17°C,3.0,0.025,0.975,0.02,0.03,0.009999999999999998,127.26284999999999,127.26285000000001,2731.545,True,False,True,True,0x1e2a140fab97b347fda2c245ca28b53570661be1984ded8686ac6e3f603a6565
2026-08-28T14:38:06.363967+00:00,923525,3942182,Buenos Aires be 18°C,2026-08-29,highest_temperature,Will the highest temperature in Buenos Aires be 18°C on August 29?,18°C,4.0,0.045,0.955,0.04,0.05,0.010000000000000002,523.815043,523.815043,3488.4797,True,False,True,True,0xf0a72e815452a53d40a472edaad3738897739bdcb12f64318ec9951fcd7208d3
2026-08-28T14:38:06.363979+00:00,923525,3942183,Buenos Aires be 19°C,2026-08-29,highest_temperature,Will the highest temperature in Buenos Aires be 19°C on August 29?,19°C,5.0,0.145,0.855,0.14,0.15,0.009999999999999981,1386.6456650000005,1386.645665,3252.8403,True,False,True,True,0xbdeaa8751573267a388d15bcf0c9ae9607f54a0409b82ca374c68ae3457c380b
2026-08-28T14:38:06.363992+00:00,923525,3942184,Buenos Aires be 20°C,2026-08-29,highest_temperature,Will the highest temperature in Buenos Aires be 20°C on August 29?,20°C,6.0,0.395,0.605,0.39,0.4,0.010000000000000009,1572.9619190000003,1572.9619190000003,3419.8315,True,False,True,True,0xa65eed434d4c75e193b2f4522fe86938fcfaa2377cf4d411ae9ff2314552e51e
2026-08-28T14:38:06.364003+00:00,923525,3942185,Buenos Aires be 21°C,2026-08-29,highest_temperature,Will the highest temperature in Buenos Aires be 21°C on August 29?,21°C,7.0,0.33,0.67,0.32,0.34,0.020000000000000018,2259.248696000001,2259.248696,3224.7602,True,False,True,True,0x04fd59a2527ce9af31569e1eb3331d0f38854b9a616e0477815e3c50d699e522
2026-08-28T14:38:06.364018+00:00,923525,3942186,Buenos Aires be 22°C,2026-08-29,highest_temperature,Will the highest temperature in Buenos Aires be 22°C on August 29?,22°C,8.0,0.09,0.91,0.08,0.1,0.020000000000000004,708.3824000000001,708.3824,2624.8065,True,False,True,True,0x254f053e974f5c11afb3f57cbfe74e44383f159a1c780b224d2471bc94b5724a
2026-08-28T14:38:06.364029+00:00,923525,3942187,Buenos Aires be 23°C,2026-08-29,highest_temperature,Will the highest temperature in Buenos Aires be 23°C on August 29?,23°C,9.0,0.002,0.998,0.001,0.003,0.002,142.654,142.654,2340.49216,True,False,True,True,0x3c015536addbf24de9a573242e455102da19b2dc423131464b5f1560132b0eaa
2026-08-28T14:38:06.364041+00:00,923525,3942188,Buenos Aires be 24°C or higher,2026-08-29,highest_temperature,Will the highest temperature in Buenos Aires be 24°C or higher on August 29?,24°C or higher,10.0,0.0015,0.9985,0.001,0.002,0.001,228.59499999999997,228.59499999999997,3022.35421,True,False,True,True,0xdd5eeaa4fa9a612aaa0bde0ac767d258879c0235f9687845a350661f76a313a0
2026-08-28T14:38:06.364053+00:00,923526,3942189,Toronto be 22°C or below,2026-08-29,highest_temperature,Will the highest temperature in Toronto be 22°C or below on August 29?,22°C or below,0.0,0.002,0.998,0.001,0.003,0.002,166.42000000000002,166.42000000000002,2882.12391,True,False,True,True,0x61c73cb1e524af810427affba61dad8d48a9f10203f9e4c99ab2f93d3ff406cf
2026-08-28T14:38:06.364065+00:00,923526,3942190,Toronto be 23°C,2026-08-29,highest_temperature,Will the highest temperature in Toronto be 23°C on August 29?,23°C,1.0,0.006,0.994,0.002,0.01,0.008,84.77328499999999,84.773285,3109.0936,True,False,True,True,0x633683b9a96be3df610adf5b81cdf17d01823306b5efc2a1000fcba49d82f80b
2026-08-28T14:38:06.364077+00:00,923526,3942191,Toronto be 24°C,2026-08-29,highest_temperature,Will the highest temperature in Toronto be 24°C on August 29?,24°C,2.0,0.02,0.98,0.01,0.03,0.019999999999999997,71.75550000000001,71.75550000000001,3318.1123,True,False,True,True,0x363fa35e43edf17f6b2cc480c2230280baea94221c83b409ba766fdf631c56d6
2026-08-28T14:38:06.364089+00:00,923526,3942192,Toronto be 25°C,2026-08-29,highest_temperature,Will the highest temperature in Toronto be 25°C on August 29?,25°C,3.0,0.055,0.945,0.05,0.06,0.009999999999999995,292.18759,292.18759,3297.4185,True,False,True,True,0xf3bd74de8b3cf77a03560791c50960728af064869cf5bc4dd8a1c3067060d98a
2026-08-28T14:38:06.364101+00:00,923526,3942193,Toronto be 26°C,2026-08-29,highest_temperature,Will the highest temperature in Toronto be 26°C on August 29?,26°C,4.0,0.265,0.735,0.26,0.27,0.010000000000000009,591.5019780000001,591.501978,3360.5984,True,False,True,True,0x5b54dc0b612e7ade462b7a1a859e3d36da21ab66b8c3a47ca8d457f4c0e80cf2
2026-08-28T14:38:06.364112+00:00,923526,3942194,Toronto be 27°C,2026-08-29,highest_temperature,Will the highest temperature in Toronto be 27°C on August 29?,27°C,5.0,0.455,0.545,0.45,0.46,0.010000000000000009,454.00309,454.00309,4261.5116,True,False,True,True,0xad384d7a1574eca5076bded3f4ce3e2a888fa2131059e24829a783decd7aef67
2026-08-28T14:38:06.364124+00:00,923526,3942195,Toronto be 28°C,2026-08-29,highest_temperature,Will the highest temperature in Toronto be 28°C on August 29?,28°C,6.0,0.215,0.785,0.21,0.22,0.010000000000000009,573.5597319999999,573.559732,3554.2944,True,False,True,True,0x8a84ff1669dcfc54ab4e0a0538d6578de7bc4355cbc6d70f757c223c9cad6a81
2026-08-28T14:38:06.364137+00:00,923526,3942196,Toronto be 29°C,2026-08-29,highest_temperature,Will the highest temperature in Toronto be 29°C on August 29?,29°C,7.0,0.035,0.965,0.03,0.04,0.010000000000000002,53.35896,53.35896000000001,3179.2357,True,False,True,True,0x10db0b94520da77bb471e289b96459b5d8c8116859edd1c4279ac93d01e41d3b
2026-08-28T14:38:06.364148+00:00,923526,3942197,Toronto be 30°C,2026-08-29,highest_temperature,Will the highest temperature in Toronto be 30°C on August 29?,30°C,8.0,0.01,0.99,0.002,0.018,0.016,66.34,66.34,2515.78846,True,False,True,True,0x280d285559f8eb18a2a16007dcd39ffe676929c4f5635bc66ea557a3e5b6cc64
2026-08-28T14:38:06.364160+00:00,923526,3942198,Toronto be 31°C,2026-08-29,highest_temperature,Will the highest temperature in Toronto be 31°C on August 29?,31°C,9.0,0.005,0.995,0.001,0.009,0.008,225.679888,225.679888,3648.46753,True,False,True,True,0xbbfd5f091bdb166a08f9f168b629a1b06a967040b52a1385c3630929e18fed30
2026-08-28T14:38:06.364171+00:00,923526,3942199,Toronto be 32°C or higher,2026-08-29,highest_temperature,Will the highest temperature in Toronto be 32°C or higher on August 29?,32°C or higher,10.0,0.0005,0.9995,,0.001,,389.9877,389.9877,3217.98801,True,False,True,True,0x8dfda784996ae0ea899dc0e29eafd9b154c9ce9a4dca829e8741dc0037258717
2026-08-28T14:38:06.364183+00:00,923527,3942200,Seattle be 61°F or below,2026-08-29,highest_temperature,Will the highest temperature in Seattle be 61°F or below on August 29?,61°F or below,0.0,0.004,0.996,0.002,0.006,0.004,137.012,137.012,2305.83437,True,False,True,True,0x28fbe8797ac775d4456fc7a4d153f39783d325189994171f7bb7d529a0fc7aad
2026-08-28T14:38:06.364195+00:00,923527,3942201,Seattle be between 62-63°F,2026-08-29,highest_temperature,Will the highest temperature in Seattle be between 62-63°F on August 29?,62-63°F,1.0,0.035,0.965,0.02,0.05,0.030000000000000002,151.2244,151.22440000000003,2897.8906,True,False,True,True,0xb3bd30b4df127092a11ed878e76c51092f8bce9c0e0443dfa468a08780f9f115
2026-08-28T14:38:06.364211+00:00,923527,3942202,Seattle be between 64-65°F,2026-08-29,highest_temperature,Will the highest temperature in Seattle be between 64-65°F on August 29?,64-65°F,2.0,0.09,0.91,0.08,0.1,0.020000000000000004,361.63431099999997,361.634311,2817.0283,True,False,True,True,0x8c23b4137304c410a3720a975e9e23a2e7f8d6d9cc9d916c41b8a4c3be858328
2026-08-28T14:38:06.364223+00:00,923527,3942203,Seattle be between 66-67°F,2026-08-29,highest_temperature,Will the highest temperature in Seattle be between 66-67°F on August 29?,66-67°F,3.0,0.25,0.75,0.24,0.26,0.020000000000000018,448.37718299999995,448.377183,2932.3458,True,False,True,True,0x9f07bdb89c3ab6132dad848e30699274afe60778b55d3a978fc7516411741807
2026-08-28T14:38:06.364237+00:00,923527,3942204,Seattle be between 68-69°F,2026-08-29,highest_temperature,Will the highest temperature in Seattle be between 68-69°F on August 29?,68-69°F,4.0,0.42,0.58,0.41,0.43,0.020000000000000018,829.2378369999999,829.237837,2861.7669,True,False,True,True,0xf43e959e4bbd0d190c2fc43c160843b3adda9cf7c5600708f2a5b40d35aa0b48
2026-08-28T14:38:06.364249+00:00,923527,3942205,Seattle be between 70-71°F,2026-08-29,highest_temperature,Will the highest temperature in Seattle be between 70-71°F on August 29?,70-71°F,5.0,0.205,0.795,0.2,0.21,0.009999999999999981,88.172757,88.172757,2858.6304,True,False,True,True,0x905c0bce8768e3fd38b3050b8d004cd34cd03b4efe399bda8459843c8b1c82c2
2026-08-28T14:38:06.364261+00:00,923527,3942206,Seattle be between 72-73°F,2026-08-29,highest_temperature,Will the highest temperature in Seattle be between 72-73°F on August 29?,72-73°F,6.0,0.05,0.95,0.04,0.06,0.019999999999999997,160.98495000000003,160.98495000000003,2623.3151,True,False,True,True,0xeabb41cebe53fe5b9c5be48b467328abe4fcab6cecfb763109dd1fd6d7d03cab
2026-08-28T14:38:06.364273+00:00,923527,3942207,Seattle be between 74-75°F,2026-08-29,highest_temperature,Will the highest temperature in Seattle be between 74-75°F on August 29?,74-75°F,7.0,0.025,0.975,0.01,0.04,0.03,38.0,38.0,3024.5082,True,False,True,True,0xc34bf3ef09f3a60d2dd7d972fac88d6ac8b33a5f953bb0a6bf660ac19817d012
2026-08-28T14:38:06.364285+00:00,923527,3942208,Seattle be between 76-77°F,2026-08-29,highest_temperature,Will the highest temperature in Seattle be between 76-77°F on August 29?,76-77°F,8.0,0.005,0.995,0.001,0.009,0.008,57.0,57.0,2993.89798,True,False,True,True,0xb04bb624f81a34f451caf410efec116c301cd1248c7d1f26e95c84430ed749cf
2026-08-28T14:38:06.364297+00:00,923527,3942209,Seattle be between 78-79°F,2026-08-29,highest_temperature,Will the highest temperature in Seattle be between 78-79°F on August 29?,78-79°F,9.0,0.0015,0.9985,0.001,0.002,0.001,162.19,162.19,3681.83013,True,False,True,True,0xa68b2968a168c48232584cf0fc8f92c634c21b6d0095c98c6dc0888cb13e5413
2026-08-28T14:38:06.364308+00:00,923527,3942210,Seattle be 80°F or higher,2026-08-29,highest_temperature,Will the highest temperature in Seattle be 80°F or higher on August 29?,80°F or higher,10.0,0.0005,0.9995,,0.001,,480.990059,480.990059,3531.42366,True,False,True,True,0x8a9128756038da01027eca39f10e9c2be30ec9b0ffd50cb3ba6b98620ee768a0
2026-08-28T14:38:06.364320+00:00,923528,3942211,New York City be 69°F or below,2026-08-29,highest_temperature,Will the highest temperature in New York City be 69°F or below on August 29?,69°F or below,0.0,0.0005,0.9995,,0.001,,225.99099999999999,225.991,5445.42513,True,False,True,True,0xf5e3cb0a9adc873d7bb025ec753b74e3a232fb0869daf28fca09e2a079b495de
2026-08-28T14:38:06.364332+00:00,923528,3942212,New York City be between 70-71°F,2026-08-29,highest_temperature,Will the highest temperature in New York City be between 70-71°F on August 29?,70-71°F,1.0,0.0005,0.9995,,0.001,,235.99699999999999,235.997,3940.72638,True,False,True,True,0xac9f2aeba56acba79d00bf6100840f17c38a92b0fded94541f067af8163031b0
2026-08-28T14:38:06.364346+00:00,923528,3942213,New York City be between 72-73°F,2026-08-29,highest_temperature,Will the highest temperature in New York City be between 72-73°F on August 29?,72-73°F,2.0,0.0015,0.9985,0.001,0.002,0.001,318.16723299999995,318.167233,3205.88048,True,False,True,True,0xa331c30ddfd6e3191f8e36e9a67308a26d6e02fc9c15435a325adc068b1ee529
2026-08-28T14:38:06.364358+00:00,923528,3942214,New York City be between 74-75°F,2026-08-29,highest_temperature,Will the highest temperature in New York City be between 74-75°F on August 29?,74-75°F,3.0,0.014,0.986,0.01,0.018,0.007999999999999998,187.267666,187.267666,2750.57418,True,False,True,True,0x17e225ef7cd46eb8079a226fbd42005eec1ffd291118fa97c53dbdba111b6746
2026-08-28T14:38:06.364371+00:00,923528,3942215,New York City be between 76-77°F,2026-08-29,highest_temperature,Will the highest temperature in New York City be between 76-77°F on August 29?,76-77°F,4.0,0.135,0.865,0.13,0.14,0.010000000000000009,945.4680400000001,945.4680399999999,3814.6659,True,False,True,True,0x2779c724164e00dff229be9ba8285ffcba2b7101134137eec634283c06061a21
2026-08-28T14:38:06.364383+00:00,923528,3942216,New York City be between 78-79°F,2026-08-29,highest_temperature,Will the highest temperature in New York City be between 78-79°F on August 29?,78-79°F,5.0,0.565,0.435,0.56,0.57,0.009999999999999898,2036.577995,2036.5779950000008,4270.2558,True,False,True,True,0x8db101a063745aa77c255c72a66134bdc101414c2105b3752b0cf433c5971006
2026-08-28T14:38:06.364395+00:00,923528,3942217,New York City be between 80-81°F,2026-08-29,highest_temperature,Will the highest temperature in New York City be between 80-81°F on August 29?,80-81°F,6.0,0.255,0.745,0.25,0.26,0.010000000000000009,922.8487890000001,922.8487890000001,4117.0821,True,False,True,True,0xcf0b35b09fbe3fb768d0d3a48d3a78fbc21befc21356a2911d137b21f653757c
2026-08-28T14:38:06.364409+00:00,923528,3942218,New York City be between 82-83°F,2026-08-29,highest_temperature,Will the highest temperature in New York City be between 82-83°F on August 29?,82-83°F,7.0,0.045,0.955,0.04,0.05,0.010000000000000002,943.2488170000001,943.248817,3740.0084,True,False,True,True,0xd34bfc6dd8335912e86259c98e6b3dd50a4a6f85201d56df4620c5554d7ea6a4
2026-08-28T14:38:06.364422+00:00,923528,3942219,New York City be between 84-85°F,2026-08-29,highest_temperature,Will the highest temperature in New York City be between 84-85°F on August 29?,84-85°F,8.0,0.025,0.975,0.02,0.03,0.009999999999999998,279.25489999999996,279.2549,2875.7683,True,False,True,True,0x5dad4d71500ef3d331e60bf6105ef3443e0043a50bcbc4a2fbbc9ea72e1a9756
2026-08-28T14:38:06.364434+00:00,923528,3942220,New York City be between 86-87°F,2026-08-29,highest_temperature,Will the highest temperature in New York City be between 86-87°F on August 29?,86-87°F,9.0,0.0005,0.9995,,0.001,,292.5037,292.5037,3342.0726,True,False,True,True,0xb8aa5aa24cfcabfa429f54a2e4b3cc5b172e816eae1b33efbdd6f3fd3840ec1f
2026-08-28T14:38:06.364446+00:00,923528,3942221,New York City be 88°F or higher,2026-08-29,highest_temperature,Will the highest temperature in New York City be 88°F or higher on August 29?,88°F or higher,10.0,0.0015,0.9985,0.001,0.002,0.001,417.39006399999994,417.390064,3134.61821,True,False,True,True,0xa8be54f1f3928cae0bbc8003ef6a1dd75cf2b1afa2663086bbdb7eb7c8e79102
2026-08-28T14:38:06.364458+00:00,923529,3942222,Dallas be 95°F or below,2026-08-29,highest_temperature,Will the highest temperature in Dallas be 95°F or below on August 29?,95°F or below,0.0,0.005,0.995,0.001,0.009,0.008,79.6661,79.6661,2400.76518,True,False,True,True,0x5956e42860ca1415cd39052e8a1b306a667374c0e4fb18e5e97e7be5bc8a3f80
2026-08-28T14:38:06.364471+00:00,923529,3942223,Dallas be between 96-97°F,2026-08-29,highest_temperature,Will the highest temperature in Dallas be between 96-97°F on August 29?,96-97°F,1.0,0.015,0.985,0.01,0.02,0.01,335.95,335.95000000000005,2529.319,True,False,True,True,0xd8b694a5749819999f038291f88f22cf2e552873ef19454637feb57a47d1bc4f
2026-08-28T14:38:06.364483+00:00,923529,3942224,Dallas be between 98-99°F,2026-08-29,highest_temperature,Will the highest temperature in Dallas be between 98-99°F on August 29?,98-99°F,2.0,0.15,0.85,0.14,0.16,0.01999999999999999,415.51646,440.51646,2439.8937,True,False,True,True,0xf27291909e459f79971bc1c72077efdaaa8b7a0f6829aa9c5ce2ca605cbc2b78
2026-08-28T14:38:06.364495+00:00,923529,3942225,Dallas be between 100-101°F,2026-08-29,highest_temperature,Will the highest temperature in Dallas be between 100-101°F on August 29?,100-101°F,3.0,0.585,0.415,0.57,0.6,0.030000000000000027,2287.7284259999997,2287.728426,3772.607,True,False,True,True,0x6d556e4a21d145ba9e82db7237fc927983e1c252577b11dfb78d3c389a7b934d
2026-08-28T14:38:06.364507+00:00,923529,3942226,Dallas be between 102-103°F,2026-08-29,highest_temperature,Will the highest temperature in Dallas be between 102-103°F on August 29?,102-103°F,4.0,0.23,0.77,0.22,0.24,0.01999999999999999,717.878191,717.878191,3394.8879,True,False,True,True,0x79ba58348e176223b7a1bdb290b0a19381287cbe1e449679fae629f3c964b595
2026-08-28T14:38:06.364520+00:00,923529,3942227,Dallas be between 104-105°F,2026-08-29,highest_temperature,Will the highest temperature in Dallas be between 104-105°F on August 29?,104-105°F,5.0,0.045,0.955,0.04,0.05,0.010000000000000002,127.744157,127.744157,2426.7002,True,False,True,True,0x65f2c42a99127fadb6b82f12dd148730e5377c1ade23ff059982deec6fdb5f4c
2026-08-28T14:38:06.364532+00:00,923529,3942228,Dallas be between 106-107°F,2026-08-29,highest_temperature,Will the highest temperature in Dallas be between 106-107°F on August 29?,106-107°F,6.0,0.02,0.98,0.01,0.03,0.019999999999999997,199.4957,199.4957,2599.689,True,False,True,True,0x9fc2e70940296c0f6ed2d02f511348704bedd8cb94cdc16f4cf0a00f58ddf151
2026-08-28T14:38:06.364544+00:00,923529,3942229,Dallas be between 108-109°F,2026-08-29,highest_temperature,Will the highest temperature in Dallas be between 108-109°F on August 29?,108-109°F,7.0,0.007,0.993,0.004,0.01,0.006,135.751227,135.751227,3037.5909,True,False,True,True,0xb24e120a477f1f23c5ecba787940ad3421d27f6ddd7d6cb49888221f99af8f0a
2026-08-28T14:38:06.364555+00:00,923529,3942230,Dallas be between 110-111°F,2026-08-29,highest_temperature,Will the highest temperature in Dallas be between 110-111°F on August 29?,110-111°F,8.0,0.002,0.998,0.001,0.003,0.002,83.67,83.67,3883.54156,True,False,True,True,0xb37800c01e771792efd02e32d21d5478b7a4519c0cf70b70fb6fdf908e2f9ed8
2026-08-28T14:38:06.364566+00:00,923529,3942231,Dallas be between 112-113°F,2026-08-29,highest_temperature,Will the highest temperature in Dallas be between 112-113°F on August 29?,112-113°F,9.0,0.0005,0.9995,,0.001,,276.995,276.995,4142.03279,True,False,True,True,0x3d376538a396428b27e4d41500d27ce491e14a246624b23e7ac0f81c63883060
2026-08-28T14:38:06.364578+00:00,923529,3942232,Dallas be 114°F or higher,2026-08-29,highest_temperature,Will the highest temperature in Dallas be 114°F or higher on August 29?,114°F or higher,10.0,0.0005,0.9995,,0.001,,234.99900000000002,234.99900000000002,3830.04545,True,False,True,True,0x32d269c3c9a33644bba180a6ef60f09ebc7f934d73cb82f25ee50fbc75d76158
2026-08-28T14:38:06.364590+00:00,923530,3942233,Atlanta be 75°F or below,2026-08-29,highest_temperature,Will the highest temperature in Atlanta be 75°F or below on August 29?,75°F or below,0.0,0.0005,0.9995,,0.001,,177.99099999999999,177.99099999999999,2375.19392,True,False,True,True,0xfc44d82d2b84ea25d250afb449634e061b17e78130e1d5873c157a157ba31d17
2026-08-28T14:38:06.364604+00:00,923530,3942234,Atlanta be between 76-77°F,2026-08-29,highest_temperature,Will the highest temperature in Atlanta be between 76-77°F on August 29?,76-77°F,1.0,0.003,0.997,0.001,0.005,0.004,7.872,7.872,2955.11454,True,False,True,True,0x2fa81d12e19e52ee40d33dfcee2bb76a5d4c055f6c2738145f3cc08c36952eec
2026-08-28T14:38:06.364616+00:00,923530,3942235,Atlanta be between 78-79°F,2026-08-29,highest_temperature,Will the highest temperature in Atlanta be between 78-79°F on August 29?,78-79°F,2.0,0.0055,0.9945,0.001,0.01,0.009000000000000001,134.75719999999998,134.7572,2756.83233,True,False,True,True,0x3f8b7313d50195fff3e599aa6a75c38997418fd2aafef302949f8c19e2176c17
2026-08-28T14:38:06.364627+00:00,923530,3942236,Atlanta be between 80-81°F,2026-08-29,highest_temperature,Will the highest temperature in Atlanta be between 80-81°F on August 29?,80-81°F,3.0,0.035,0.965,0.03,0.04,0.010000000000000002,296.3,296.3,2394.7156,True,False,True,True,0x3c8fdefdfac987e4323a5e1b7489ad00bf509c3dc4e9c881f7949e32b99ee0be
2026-08-28T14:38:06.364638+00:00,923530,3942237,Atlanta be between 82-83°F,2026-08-29,highest_temperature,Will the highest temperature in Atlanta be between 82-83°F on August 29?,82-83°F,4.0,0.06,0.94,0.05,0.07,0.020000000000000004,408.329529,408.329529,2124.6035,True,False,True,True,0x34e96ffe77e026710e85511f3ce124fc838da0e9821e64d576ce972445bfa903
2026-08-28T14:38:06.364650+00:00,923530,3942238,Atlanta be between 84-85°F,2026-08-29,highest_temperature,Will the highest temperature in Atlanta be between 84-85°F on August 29?,84-85°F,5.0,0.165,0.835,0.16,0.17,0.010000000000000009,393.949947,393.949947,2080.3578,True,False,True,True,0x0127a25ce0cfa9f03bce6cd53c45beb5d4ad178d00f8fbed8df6976f1a42bf0b
2026-08-28T14:38:06.364663+00:00,923530,3942239,Atlanta be between 86-87°F,2026-08-29,highest_temperature,Will the highest temperature in Atlanta be between 86-87°F on August 29?,86-87°F,6.0,0.375,0.625,0.36,0.39,0.030000000000000027,603.6218540000001,603.621854,2944.7173,True,False,True,True,0x37f3bdef68fad3320b8605db7e314f0ada7f9760dee4862c07b98fd75cad4abd
2026-08-28T14:38:06.364677+00:00,923530,3942240,Atlanta be between 88-89°F,2026-08-29,highest_temperature,Will the highest temperature in Atlanta be between 88-89°F on August 29?,88-89°F,7.0,0.3,0.7,0.28,0.32,0.03999999999999998,700.64393,700.64393,2665.5513,True,False,True,True,0x8963830ae56064b4b6b53ab47e69f6c7d229ca222eadb2106a74a4438771d431
2026-08-28T14:38:06.364688+00:00,923530,3942241,Atlanta be between 90-91°F,2026-08-29,highest_temperature,Will the highest temperature in Atlanta be between 90-91°F on August 29?,90-91°F,8.0,0.085,0.915,0.08,0.09,0.009999999999999995,822.342671,833.342671,1838.4852,True,False,True,True,0x975a2511479c8ea4ad698657fae3695c679ed816a8d6b78b1f3dda3fc8b04c75
2026-08-28T14:38:06.364715+00:00,923530,3942242,Atlanta be between 92-93°F,2026-08-29,highest_temperature,Will the highest temperature in Atlanta be between 92-93°F on August 29?,92-93°F,9.0,0.003,0.997,0.001,0.005,0.004,5.5,5.5,2397.26557,True,False,True,True,0x996cacf1b04fd84910d9410370d15687912cd63bdfcea3f925608d03780f27a0
2026-08-28T14:38:06.364726+00:00,923530,3942243,Atlanta be 94°F or higher,2026-08-29,highest_temperature,Will the highest temperature in Atlanta be 94°F or higher on August 29?,94°F or higher,10.0,0.0055,0.9945,0.005,0.006,0.001,44.870599999999996,44.870599999999996,2027.22886,True,False,True,True,0x104369bda24dcb92961d16c14359274639b3ef26e5434c9aa14cce85fc827a44
2026-08-28T14:38:06.364738+00:00,923531,3942244,Miami be 77°F or below,2026-08-29,highest_temperature,Will the highest temperature in Miami be 77°F or below on August 29?,77°F or below,0.0,0.0005,0.9995,,0.001,,159.995,159.995,3753.963,True,False,True,True,0x5ec6f6fa0fd1e4639d81a6e7f9613bc3d51809e89c77bea351e9694019d5f6a3
2026-08-28T14:38:06.364750+00:00,923531,3942245,Miami be between 78-79°F,2026-08-29,highest_temperature,Will the highest temperature in Miami be between 78-79°F on August 29?,78-79°F,1.0,0.0005,0.9995,,0.001,,159.99099999999999,159.99099999999999,3920.2208,True,False,True,True,0x8cb28f7c31f28b390e3964ca1b940e0e41bfe40afe93be4c5158d84682dd7c0e
2026-08-28T14:38:06.364761+00:00,923531,3942246,Miami be between 80-81°F,2026-08-29,highest_temperature,Will the highest temperature in Miami be between 80-81°F on August 29?,80-81°F,2.0,0.0005,0.9995,,0.001,,169.99699999999999,169.99699999999999,3750.35078,True,False,True,True,0x7ef140c455fcbcecac0db86aa4efdfe546636c3907504c8ea6a86464177d64fc
2026-08-28T14:38:06.364772+00:00,923531,3942247,Miami be between 82-83°F,2026-08-29,highest_temperature,Will the highest temperature in Miami be between 82-83°F on August 29?,82-83°F,3.0,0.0005,0.9995,,0.001,,195.341499,195.341499,2691.10371,True,False,True,True,0x0cb1d0609e24a98add7bd8f39ef1ed194381f6fdf484f74b4a9740d14251d949
2026-08-28T14:38:06.364784+00:00,923531,3942248,Miami be between 84-85°F,2026-08-29,highest_temperature,Will the highest temperature in Miami be between 84-85°F on August 29?,84-85°F,4.0,0.0015,0.9985,0.001,0.002,0.001,706.3081990000001,706.3081990000001,3145.3909,True,False,True,True,0x4c497941b6ef1c2d0bf9975e184b9a52e53d45e05d1472f2bb94bd94ed6b0be9
2026-08-28T14:38:06.364795+00:00,923531,3942249,Miami be between 86-87°F,2026-08-29,highest_temperature,Will the highest temperature in Miami be between 86-87°F on August 29?,86-87°F,5.0,0.027,0.973,0.02,0.034,0.014000000000000002,162.022332,162.022332,2664.00565,True,False,True,True,0xf25c2e8df5eafe8be2c157670427e0788bb7f615be949ab24ac9a75bb7bdd3a6
2026-08-28T14:38:06.364809+00:00,923531,3942250,Miami be between 88-89°F,2026-08-29,highest_temperature,Will the highest temperature in Miami be between 88-89°F on August 29?,88-89°F,6.0,0.13,0.87,0.12,0.14,0.020000000000000018,468.517567,468.51756699999993,2708.2637,True,False,True,True,0x3e7eb66ff06e462819305552d7b7839152b181b7a0ffac31393821c84dcab840
2026-08-28T14:38:06.364821+00:00,923531,3942251,Miami be between 90-91°F,2026-08-29,highest_temperature,Will the highest temperature in Miami be between 90-91°F on August 29?,90-91°F,7.0,0.465,0.535,0.45,0.48,0.02999999999999997,707.086867,720.612288,3649.0026,True,False,True,True,0x93b0b486fa79d59773cd222bdfc6d29a5dcdc4a3c4f566cce42127800b6ee959
2026-08-28T14:38:06.364832+00:00,923531,3942252,Miami be between 92-93°F,2026-08-29,highest_temperature,Will the highest temperature in Miami be between 92-93°F on August 29?,92-93°F,8.0,0.35,0.65,0.34,0.36,0.019999999999999962,2200.760128,2211.7601280000003,4085.5044,True,False,True,True,0x57bbb36ef62bbae5f41180419f516a5c979f2bccf70d021115424bcefb4db9aa
2026-08-28T14:38:06.364845+00:00,923531,3942253,Miami be between 94-95°F,2026-08-29,highest_temperature,Will the highest temperature in Miami be between 94-95°F on August 29?,94-95°F,9.0,0.025,0.975,0.02,0.03,0.009999999999999998,247.30610000000001,247.30610000000001,2706.3313,True,False,True,True,0xebb1e90aad50d5b0ce741f2b34d1c9c6ac56df82a685acb4111a67c3496178c5
2026-08-28T14:38:06.364857+00:00,923531,3942254,Miami be 96°F or higher,2026-08-29,highest_temperature,Will the highest temperature in Miami be 96°F or higher on August 29?,96°F or higher,10.0,0.015,0.985,0.01,0.02,0.01,128.493,128.493,2673.0552,True,False,True,True,0x22670210647683189f9e41f1e76b8dc03c76c92d0dc317e2ec319e9e5a6ecd0e
2026-08-28T14:38:06.364869+00:00,923532,3942255,Chicago be 75°F or below,2026-08-29,highest_temperature,Will the highest temperature in Chicago be 75°F or below on August 29?,75°F or below,0.0,0.005,0.995,0.003,0.007,0.004,167.071933,167.071933,2373.84509,True,False,True,True,0x7bacc20e70cbbe388fb2675d6c7e59a4a045b148a01e5d2e32858b25b50c95f2
2026-08-28T14:38:06.364881+00:00,923532,3942256,Chicago be between 76-77°F,2026-08-29,highest_temperature,Will the highest temperature in Chicago be between 76-77°F on August 29?,76-77°F,1.0,0.035,0.965,0.03,0.04,0.010000000000000002,223.163766,223.163766,2414.4858,True,False,True,True,0x5cf6ce63143e18ca5ad00a1164176da1faaa11a9b98e96edf7f3f6a1f70024f3
2026-08-28T14:38:06.364892+00:00,923532,3942257,Chicago be between 78-79°F,2026-08-29,highest_temperature,Will the highest temperature in Chicago be between 78-79°F on August 29?,78-79°F,2.0,0.105,0.895,0.1,0.11,0.009999999999999995,375.23218899999995,375.232189,2295.2991,True,False,True,True,0xc4459ebd07eb38d102aa9870c56bc30aa90338af1c306d9ae0ba3babadade6ec
2026-08-28T14:38:06.364904+00:00,923532,3942258,Chicago be between 80-81°F,2026-08-29,highest_temperature,Will the highest temperature in Chicago be between 80-81°F on August 29?,80-81°F,3.0,0.395,0.605,0.39,0.4,0.010000000000000009,123.97640799999999,123.976408,2508.0476,True,False,True,True,0x28e0c391782d9a916c2e68c93e76ef67f662472b0c2f04ff583ec76806d89a43
2026-08-28T14:38:06.364916+00:00,923532,3942259,Chicago be between 82-83°F,2026-08-29,highest_temperature,Will the highest temperature in Chicago be between 82-83°F on August 29?,82-83°F,4.0,0.36,0.64,0.35,0.37,0.020000000000000018,702.8103080000001,702.8103080000001,2390.0136,True,False,True,True,0xba994c153d5b4692e95d60afdd17ebc13f128307b8675b1e75fdadc602013e68
2026-08-28T14:38:06.364930+00:00,923532,3942260,Chicago be between 84-85°F,2026-08-29,highest_temperature,Will the highest temperature in Chicago be between 84-85°F on August 29?,84-85°F,5.0,0.085,0.915,0.08,0.09,0.009999999999999995,299.2972910000001,299.297291,2304.5381,True,False,True,True,0x1fee9c818c026d069e688eb19244c84ad886fc6bd5053269f734484c3075ea7b
2026-08-28T14:38:06.364943+00:00,923532,3942261,Chicago be between 86-87°F,2026-08-29,highest_temperature,Will the highest temperature in Chicago be between 86-87°F on August 29?,86-87°F,6.0,0.02,0.98,0.01,0.03,0.019999999999999997,148.909625,148.909625,2365.0929,True,False,True,True,0x23d5fe4215be7635c55c8b1761f54816be4b998e63012e10fbf1b75345ceceef
2026-08-28T14:38:06.364955+00:00,923532,3942262,Chicago be between 88-89°F,2026-08-29,highest_temperature,Will the highest temperature in Chicago be between 88-89°F on August 29?,88-89°F,7.0,0.007,0.993,0.004,0.01,0.006,46.257,46.257,2500.26729,True,False,True,True,0xdb68a27177e8ecca33ce68e4c269ce295af236e8c5917578802101b5fa2734c8
2026-08-28T14:38:06.364966+00:00,923532,3942263,Chicago be between 90-91°F,2026-08-29,highest_temperature,Will the highest temperature in Chicago be between 90-91°F on August 29?,90-91°F,8.0,0.0025,0.9975,0.001,0.004,0.003,120.481,120.481,3750.41847,True,False,True,True,0xfb3fa30bfefe52b27757c43f11bcf5dee0f9cb8070f02433e20662124eb59be2
2026-08-28T14:38:06.364978+00:00,923532,3942264,Chicago be between 92-93°F,2026-08-29,highest_temperature,Will the highest temperature in Chicago be between 92-93°F on August 29?,92-93°F,9.0,0.002,0.998,,0.004,,332.995,332.995,3896.27779,True,False,True,True,0x8ce62e978843e2d8460fb49bb87454c34ec993f7b12f8a05be7e7171f0a38c8c
2026-08-28T14:38:06.364989+00:00,923532,3942265,Chicago be 94°F or higher,2026-08-29,highest_temperature,Will the highest temperature in Chicago be 94°F or higher on August 29?,94°F or higher,10.0,0.002,0.998,,0.004,,332.999,332.999,3448.5821,True,False,True,True,0xa007a7377af6f02477d5333bea0b9a50e3c66f370fa7f47a9dac391dc2015f89
2026-08-28T14:38:06.365003+00:00,923533,3942266,Austin be 89°F or below,2026-08-29,highest_temperature,Will the highest temperature in Austin be 89°F or below on August 29?,89°F or below,0.0,0.0005,0.9995,,0.001,,269.991,269.991,3497.83187,True,False,True,True,0x7e2d5c749f1d9a02546736762aa19192c30100184789740db87171895199091b
2026-08-28T14:38:06.365015+00:00,923533,3942267,Austin be between 90-91°F,2026-08-29,highest_temperature,Will the highest temperature in Austin be between 90-91°F on August 29?,90-91°F,1.0,0.0005,0.9995,,0.001,,234.99699999999999,234.99699999999999,3756.19702,True,False,True,True,0xeeab9ab17366961662e56726da6028232b25b4fa91028e678563205d6085093f
2026-08-28T14:38:06.365027+00:00,923533,3942268,Austin be between 92-93°F,2026-08-29,highest_temperature,Will the highest temperature in Austin be between 92-93°F on August 29?,92-93°F,2.0,0.0015,0.9985,0.001,0.002,0.001,152.8,152.8,3293.50833,True,False,True,True,0xc1ffe5f677402ab30a22bb60062aa7d6c664d5359047bcc067b4a0d66a0c9e1c
2026-08-28T14:38:06.365039+00:00,923533,3942269,Austin be between 94-95°F,2026-08-29,highest_temperature,Will the highest temperature in Austin be between 94-95°F on August 29?,94-95°F,3.0,0.015,0.985,0.01,0.02,0.01,206.9927,206.9927,2486.2438,True,False,True,True,0x88cad4b57f8f8bc76d02054887e7a69b86942bcfe7bcc4250b537dac7c85915c
2026-08-28T14:38:06.365050+00:00,923533,3942270,Austin be between 96-97°F,2026-08-29,highest_temperature,Will the highest temperature in Austin be between 96-97°F on August 29?,96-97°F,4.0,0.055,0.945,0.04,0.07,0.030000000000000006,509.21871,509.21871000000004,2682.4742,True,False,True,True,0x4f2d9cf2cdb818a409d7e5e754a176700048884debf2a8d6829054e843fc1671
2026-08-28T14:38:06.365061+00:00,923533,3942271,Austin be between 98-99°F,2026-08-29,highest_temperature,Will the highest temperature in Austin be between 98-99°F on August 29?,98-99°F,5.0,0.465,0.535,0.46,0.47,0.009999999999999953,1313.1468410000002,1313.146841,5790.8316,True,False,True,True,0x0794cece47330548809808f6fd06191d657d7f49b91df52e31e563b6cc42426c
2026-08-28T14:38:06.365073+00:00,923533,3942272,Austin be between 100-101°F,2026-08-29,highest_temperature,Will the highest temperature in Austin be between 100-101°F on August 29?,100-101°F,6.0,0.455,0.545,0.45,0.46,0.010000000000000009,1157.425455,1157.4254549999998,3309.0788,True,False,True,True,0x2568e5398279a692c19a1474db18adc6899a3bfcb93e353a3dfa836f85851c6c
2026-08-28T14:38:06.365085+00:00,923533,3942273,Austin be between 102-103°F,2026-08-29,highest_temperature,Will the highest temperature in Austin be between 102-103°F on August 29?,102-103°F,7.0,0.055,0.945,0.04,0.07,0.030000000000000006,322.08655,322.08655,2860.4646,True,False,True,True,0x3be8e50ca8bd8a70214e54de9eae5d645b03d26d0c4d949398379a821d99f24d
2026-08-28T14:38:06.365096+00:00,923533,3942274,Austin be between 104-105°F,2026-08-29,highest_temperature,Will the highest temperature in Austin be between 104-105°F on August 29?,104-105°F,8.0,0.0065,0.9935,0.003,0.01,0.007,137.307691,137.307691,2957.21633,True,False,True,True,0x738348a7393efbf4d8dbe431136a6c72284782d63d17686226b81adb578be83f
2026-08-28T14:38:06.365108+00:00,923533,3942275,Austin be between 106-107°F,2026-08-29,highest_temperature,Will the highest temperature in Austin be between 106-107°F on August 29?,106-107°F,9.0,0.0015,0.9985,0.001,0.002,0.001,120.325,120.325,3354.34579,True,False,True,True,0x26ac334c8f15753af6ae0c81c2e504aa127a6fc7526872e4cdc0780b00abf13f
2026-08-28T14:38:06.365119+00:00,923533,3942276,Austin be 108°F or higher,2026-08-29,highest_temperature,Will the highest temperature in Austin be 108°F or higher on August 29?,108°F or higher,10.0,0.0005,0.9995,,0.001,,266.970452,266.970452,3104.48476,True,False,True,True,0x4dd4afa006bf307dbc6c9ff7e562f9017f10040779c7ea48c4911cdfe72d455b
2026-08-28T14:38:06.365131+00:00,923534,3942277,Denver be 83°F or below,2026-08-29,highest_temperature,Will the highest temperature in Denver be 83°F or below on August 29?,83°F or below,0.0,0.0005,0.9995,,0.001,,395.994067,395.994067,2137.87642,True,False,True,True,0xfb23d7368e545ae26bc6bb58789c957a35dc050b37f2ed944796551a7b8de6a2
2026-08-28T14:38:06.365143+00:00,923534,3942278,Denver be between 84-85°F,2026-08-29,highest_temperature,Will the highest temperature in Denver be between 84-85°F on August 29?,84-85°F,1.0,0.0145,0.9855,0.01,0.019,0.009,85.282826,85.282826,2665.27045,True,False,True,True,0xb28c99e17df6a0d8022936369a5aa2fc575715a2effce4f8462cdd9e346df1bf
2026-08-28T14:38:06.365156+00:00,923534,3942279,Denver be between 86-87°F,2026-08-29,highest_temperature,Will the highest temperature in Denver be between 86-87°F on August 29?,86-87°F,2.0,0.025,0.975,0.01,0.04,0.03,274.75,274.75,2546.7017,True,False,True,True,0x53eef76d0d4be2586741d2094b295c8f5d4848becda6357e829cfdf935c10d7e
2026-08-28T14:38:06.365169+00:00,923534,3942280,Denver be between 88-89°F,2026-08-29,highest_temperature,Will the highest temperature in Denver be between 88-89°F on August 29?,88-89°F,3.0,0.07,0.93,0.05,0.09,0.039999999999999994,169.50308600000002,169.503086,2134.2913,True,False,True,True,0xab1c9b77c1a90b6438f625b925bf8e69b56d9ff802310c991b10b233eb301e71
2026-08-28T14:38:06.365182+00:00,923534,3942281,Denver be between 90-91°F,2026-08-29,highest_temperature,Will the highest temperature in Denver be between 90-91°F on August 29?,90-91°F,4.0,0.255,0.745,0.24,0.27,0.030000000000000027,311.316733,311.316733,2355.9665,True,False,True,True,0x246d988734f35c65335aeeedc6d24a5741c601496eed8e40f455048e8f40ce2b
2026-08-28T14:38:06.365194+00:00,923534,3942282,Denver be between 92-93°F,2026-08-29,highest_temperature,Will the highest temperature in Denver be between 92-93°F on August 29?,92-93°F,5.0,0.435,0.565,0.42,0.45,0.030000000000000027,460.33820700000007,460.338207,2873.5007,True,False,True,True,0x372981579c611502df6873f88f56cc7d0883952dff844fa037b849b7ffd146e8
2026-08-28T14:38:06.365206+00:00,923534,3942283,Denver be between 94-95°F,2026-08-29,highest_temperature,Will the highest temperature in Denver be between 94-95°F on August 29?,94-95°F,6.0,0.205,0.795,0.19,0.22,0.03,663.609074,663.609074,2320.0273,True,False,True,True,0xcc7a23e42f1b7bb8dfbd7e1554e5b25a3b8db148afc73310b47ed48d3623eb41
2026-08-28T14:38:06.365218+00:00,923534,3942284,Denver be between 96-97°F,2026-08-29,highest_temperature,Will the highest temperature in Denver be between 96-97°F on August 29?,96-97°F,7.0,0.05,0.95,0.04,0.06,0.019999999999999997,279.28857500000004,279.288575,2154.5257,True,False,True,True,0x4c597647ee7be1108a5b3ddf84f7dea8aebcdafd0b91d0ab39f5c2535a601549
2026-08-28T14:38:06.365230+00:00,923534,3942285,Denver be between 98-99°F,2026-08-29,highest_temperature,Will the highest temperature in Denver be between 98-99°F on August 29?,98-99°F,8.0,0.015,0.985,0.01,0.02,0.01,176.45979999999997,176.45979999999997,2700.4982,True,False,True,True,0x822e7831a459e7377ffe1007b754f9698411cdc646fb91da1170872cff987a8c
2026-08-28T14:38:06.365242+00:00,923534,3942286,Denver be between 100-101°F,2026-08-29,highest_temperature,Will the highest temperature in Denver be between 100-101°F on August 29?,100-101°F,9.0,0.0025,0.9975,0.002,0.003,0.001,155.0447,155.0447,2961.26991,True,False,True,True,0x9ec2e7ecf231dfedbe753c6cc8ca558463fa9d49444ecef3acf5f0e2896ad60e
2026-08-28T14:38:06.365254+00:00,923534,3942287,Denver be 102°F or higher,2026-08-29,highest_temperature,Will the highest temperature in Denver be 102°F or higher on August 29?,102°F or higher,10.0,0.0015,0.9985,0.001,0.002,0.001,150.19,150.19,2950.32303,True,False,True,True,0xb690fa36c87bd290e01366467ba8395b123939ee4b2671caf21c24d1abe9147d
2026-08-28T14:38:06.365266+00:00,923535,3942288,Houston be 83°F or below,2026-08-29,highest_temperature,Will the highest temperature in Houston be 83°F or below on August 29?,83°F or below,0.0,0.0005,0.9995,,0.001,,187.99099999999999,187.99099999999999,4110.36322,True,False,True,True,0x77f2e21cb7005dea8e01973f44a1f97abaac697e68bd0b24398c6d9d7cbad14d
2026-08-28T14:38:06.365278+00:00,923535,3942289,Houston be between 84-85°F,2026-08-29,highest_temperature,Will the highest temperature in Houston be between 84-85°F on August 29?,84-85°F,1.0,0.0005,0.9995,,0.001,,216.99699999999999,216.99699999999999,4562.37221,True,False,True,True,0x6c374a3abdb70649f486de8f016b66a2586f39a99a08d2fd23489eb4f8a4febc
2026-08-28T14:38:06.365290+00:00,923535,3942290,Houston be between 86-87°F,2026-08-29,highest_temperature,Will the highest temperature in Houston be between 86-87°F on August 29?,86-87°F,2.0,0.0015,0.9985,0.001,0.002,0.001,619.636873,619.636873,4344.42012,True,False,True,True,0x4fd626a7d7af99fe502f052a1c5f3c17c5e77b6c9133ba3258fbc63a1302224b
2026-08-28T14:38:06.365301+00:00,923535,3942291,Houston be between 88-89°F,2026-08-29,highest_temperature,Will the highest temperature in Houston be between 88-89°F on August 29?,88-89°F,3.0,0.0005,0.9995,,0.001,,219.97399999999996,219.974,2754.32058,True,False,True,True,0x64c3b70c06cd73c5af105c0147ac45226a48e3ccc2503430850193a6600b5171
2026-08-28T14:38:06.365315+00:00,923535,3942292,Houston be between 90-91°F,2026-08-29,highest_temperature,Will the highest temperature in Houston be between 90-91°F on August 29?,90-91°F,4.0,0.0005,0.9995,,0.001,,320.63,320.63,2764.79034,True,False,True,True,0x11de5763e9f97324fbba6c3c6628c6735a3395b2af3f68005082af674849556b
2026-08-28T14:38:06.365326+00:00,923535,3942293,Houston be between 92-93°F,2026-08-29,highest_temperature,Will the highest temperature in Houston be between 92-93°F on August 29?,92-93°F,5.0,0.055,0.945,0.04,0.07,0.030000000000000006,838.3072400000001,838.3072400000001,3382.9494,True,False,True,True,0xb6963f35fc1fc221ed75db8b50a60f592d7529257a39bb618cd13681fb7a8158
2026-08-28T14:38:06.365339+00:00,923535,3942294,Houston be between 94-95°F,2026-08-29,highest_temperature,Will the highest temperature in Houston be between 94-95°F on August 29?,94-95°F,6.0,0.315,0.685,0.31,0.32,0.010000000000000009,2774.5384749999994,2774.538475,3372.1298,True,False,True,True,0x5999ee074579e075a12515928e4a39f0f8b65ec24da9da378143df6adca5f7b7
2026-08-28T14:38:06.365351+00:00,923535,3942295,Houston be between 96-97°F,2026-08-29,highest_temperature,Will the highest temperature in Houston be between 96-97°F on August 29?,96-97°F,7.0,0.515,0.485,0.51,0.52,0.010000000000000009,6831.630495000001,6831.630495000002,2994.0455,True,False,True,True,0x68f20f27b5bf9be6dcf6c90e078234f4a57b177375d14e2dc59a0b7ccc12379b
2026-08-28T14:38:06.365363+00:00,923535,3942296,Houston be between 98-99°F,2026-08-29,highest_temperature,Will the highest temperature in Houston be between 98-99°F on August 29?,98-99°F,8.0,0.1,0.9,0.09,0.11,0.020000000000000004,1057.1049660000003,1057.104966,3275.9122,True,False,True,True,0x85e20ad37b389fa6d7ef277791e61861be256df2d49ac5e3ebcff534b07a60c5
2026-08-28T14:38:06.365377+00:00,923535,3942297,Houston be between 100-101°F,2026-08-29,highest_temperature,Will the highest temperature in Houston be between 100-101°F on August 29?,100-101°F,9.0,0.0015,0.9985,0.001,0.002,0.001,385.234666,385.234666,2740.07871,True,False,True,True,0xa517ea896b7f5811ba862ebcb370374e677f7565d28f06e1bb4e309117621fe2
2026-08-28T14:38:06.365391+00:00,923535,3942298,Houston be 102°F or higher,2026-08-29,highest_temperature,Will the highest temperature in Houston be 102°F or higher on August 29?,102°F or higher,10.0,0.0035,0.9965,0.002,0.005,0.003,542.302,542.302,2559.86366,True,False,True,True,0x62530b1c8c172f6589769254bc52f5a12c59a51b3bb356d23182484608b5f632
2026-08-28T14:38:06.365403+00:00,923544,3942307,Los Angeles be 73°F or below,2026-08-29,highest_temperature,Will the highest temperature in Los Angeles be 73°F or below on August 29?,73°F or below,0.0,0.0005,0.9995,,0.001,,255.99699999999999,255.99699999999999,3018.36559,True,False,True,True,0x8f7ccaac33e41abb5e2729970209805ba39b066e5ff34bc30bf165db2743ec6c
2026-08-28T14:38:06.365415+00:00,923544,3942308,Los Angeles be between 74-75°F,2026-08-29,highest_temperature,Will the highest temperature in Los Angeles be between 74-75°F on August 29?,74-75°F,1.0,0.003,0.997,0.002,0.004,0.002,120.0364,120.0364,3058.92339,True,False,True,True,0x57ff315334af8c550bffe740ff863f8945cae22b0be1f8b8eab1912b75e41118
2026-08-28T14:38:06.365426+00:00,923544,3942309,Los Angeles be between 76-77°F,2026-08-29,highest_temperature,Will the highest temperature in Los Angeles be between 76-77°F on August 29?,76-77°F,2.0,0.0045,0.9955,0.001,0.008,0.007,97.09620000000001,97.0962,1903.67711,True,False,True,True,0x789209f9ef06b7e9ebf37c1649cc9d76d6efef6ef9eb470c07db684db1df3034
2026-08-28T14:38:06.365437+00:00,923544,3942310,Los Angeles be between 78-79°F,2026-08-29,highest_temperature,Will the highest temperature in Los Angeles be between 78-79°F on August 29?,78-79°F,3.0,0.015,0.985,0.003,0.027,0.024,37.256386,37.256386,2324.72196,True,False,True,True,0xbb0c83b2f505526c8565655732796fa0824bde9fa30c48c91f485d4ce4f4ba52
2026-08-28T14:38:06.365449+00:00,923544,3942311,Los Angeles be between 80-81°F,2026-08-29,highest_temperature,Will the highest temperature in Los Angeles be between 80-81°F on August 29?,80-81°F,4.0,0.04,0.96,0.03,0.05,0.020000000000000004,327.420056,327.420056,2841.7459,True,False,True,True,0xbf8efb3a83950e0c04921a6070e149ab98eb6b513b142caea92c225f84ded577
2026-08-28T14:38:06.365462+00:00,923544,3942312,Los Angeles be between 82-83°F,2026-08-29,highest_temperature,Will the highest temperature in Los Angeles be between 82-83°F on August 29?,82-83°F,5.0,0.225,0.775,0.22,0.23,0.010000000000000009,1852.801397,1852.801397,4914.6072,True,False,True,True,0x0cb5cec4e3727c906279311e71c9955c07da218340cd4a19f6178b0df1a8b00b
2026-08-28T14:38:06.365473+00:00,923544,3942313,Los Angeles be between 84-85°F,2026-08-29,highest_temperature,Will the highest temperature in Los Angeles be between 84-85°F on August 29?,84-85°F,6.0,0.495,0.505,0.49,0.5,0.010000000000000009,2429.501478,2429.501478,3330.5717,True,False,True,True,0x34f2e6353b6d512212f6cddbbcec6c0739f910fc0b86903d90d6f35955db4e60
2026-08-28T14:38:06.365486+00:00,923544,3942314,Los Angeles be between 86-87°F,2026-08-29,highest_temperature,Will the highest temperature in Los Angeles be between 86-87°F on August 29?,86-87°F,7.0,0.175,0.825,0.17,0.18,0.009999999999999981,372.78722500000003,372.787225,2795.7714,True,False,True,True,0x04f86e7cd98c0c873e74b96799f1caac20b7789aec13ca1d790f0b16f01dfd8d
2026-08-28T14:38:06.365499+00:00,923544,3942315,Los Angeles be between 88-89°F,2026-08-29,highest_temperature,Will the highest temperature in Los Angeles be between 88-89°F on August 29?,88-89°F,8.0,0.05,0.95,0.04,0.06,0.019999999999999997,20.0,20.0,2368.2641,True,False,True,True,0xb6c76b5eec48ceea2358db398923041563615ed6905c695847dfbbf6ae246af6
2026-08-28T14:38:06.365511+00:00,923544,3942316,Los Angeles be between 90-91°F,2026-08-29,highest_temperature,Will the highest temperature in Los Angeles be between 90-91°F on August 29?,90-91°F,9.0,0.02,0.98,0.01,0.03,0.019999999999999997,52.1,52.1,2684.3784,True,False,True,True,0x13c4eb5312a4556a6bb9aac86458a582eaed8525cfb9a0de77b59197c9b4caa0
2026-08-28T14:38:06.365523+00:00,923544,3942317,Los Angeles be 92°F or higher,2026-08-29,highest_temperature,Will the highest temperature in Los Angeles be 92°F or higher on August 29?,92°F or higher,10.0,0.0055,0.9945,0.001,0.01,0.009000000000000001,244.9952,244.9952,2068.31939,True,False,True,True,0x969489a863e6bd21f9e74dcdfecda1a3036cef5c18794fc9ac71c0b34613bcbc
2026-08-28T14:38:06.365535+00:00,923545,3942318,San Francisco be 57°F or below,2026-08-29,highest_temperature,Will the highest temperature in San Francisco be 57°F or below on August 29?,57°F or below,0.0,0.0005,0.9995,,0.001,,187.987,187.987,3164.89866,True,False,True,True,0xe748c2e3541dc499012e7726f70cb9517a4fffd80972af3e12f3458aa8ef2970
2026-08-28T14:38:06.365547+00:00,923545,3942319,San Francisco be between 58-59°F,2026-08-29,highest_temperature,Will the highest temperature in San Francisco be between 58-59°F on August 29?,58-59°F,1.0,0.0055,0.9945,0.005,0.006,0.001,39.965199999999996,39.965199999999996,2312.62957,True,False,True,True,0x1d36c9400e3d7619eabdcc2c49bd3581dc65bbb45744f53bd4b0275b779b47fd
2026-08-28T14:38:06.365559+00:00,923545,3942320,San Francisco be between 60-61°F,2026-08-29,highest_temperature,Will the highest temperature in San Francisco be between 60-61°F on August 29?,60-61°F,2.0,0.0075,0.9925,0.007,0.008,0.001,9.9854,9.9854,3022.64235,True,False,True,True,0x85783987ec55a7105a9779fd4c655e4e29761960b32ca5ad4a986c1f1ef9e592
2026-08-28T14:38:06.365574+00:00,923545,3942321,San Francisco be between 62-63°F,2026-08-29,highest_temperature,Will the highest temperature in San Francisco be between 62-63°F on August 29?,62-63°F,3.0,0.04,0.96,0.03,0.05,0.020000000000000004,21.0,131.54,2909.422,True,False,True,True,0x91af674e15d1fbe4e72360bebbac08ce6cee0e416c4f691f2704307df5949181
2026-08-28T14:38:06.365588+00:00,923545,3942322,San Francisco be between 64-65°F,2026-08-29,highest_temperature,Will the highest temperature in San Francisco be between 64-65°F on August 29?,64-65°F,4.0,0.105,0.895,0.09,0.12,0.03,77.969797,77.969797,2687.937,True,False,True,True,0x9345b3a6c336eb56668e077d0343672b0547387546f75d73368e18e66a3ea0dc
2026-08-28T14:38:06.365599+00:00,923545,3942323,San Francisco be between 66-67°F,2026-08-29,highest_temperature,Will the highest temperature in San Francisco be between 66-67°F on August 29?,66-67°F,5.0,0.355,0.645,0.35,0.36,0.010000000000000009,654.2719559999999,654.2719559999999,3903.1228,True,False,True,True,0x1217122ee98dcd03f4fd669a09ed68fc9ac9c81077a58ac266f01967d5a0a6a5
2026-08-28T14:38:06.365614+00:00,923545,3942324,San Francisco be between 68-69°F,2026-08-29,highest_temperature,Will the highest temperature in San Francisco be between 68-69°F on August 29?,68-69°F,6.0,0.355,0.645,0.35,0.36,0.010000000000000009,570.949533,570.949533,3897.6164,True,False,True,True,0xf4927d00266c7953bcd0e3df4fc620d14ca46f0b5d1eb81ef04bf467f72d7a9e
2026-08-28T14:38:06.365628+00:00,923545,3942325,San Francisco be between 70-71°F,2026-08-29,highest_temperature,Will the highest temperature in San Francisco be between 70-71°F on August 29?,70-71°F,7.0,0.16,0.84,0.15,0.17,0.020000000000000018,24.517513,24.517513,2339.4328,True,False,True,True,0x363a27983b89cc84be0df88bf6e10dd5a2ee9cbebcc896830ef1c693b9d2f3b1
2026-08-28T14:38:06.365639+00:00,923545,3942326,San Francisco be between 72-73°F,2026-08-29,highest_temperature,Will the highest temperature in San Francisco be between 72-73°F on August 29?,72-73°F,8.0,0.03,0.97,0.02,0.04,0.02,78.44405,78.44405,2486.8191,True,False,True,True,0xee0d1e900e63d991f1cf93842f5ca455b8d8b906bcf75dce4800191b662a4c67
2026-08-28T14:38:06.365651+00:00,923545,3942327,San Francisco be between 74-75°F,2026-08-29,highest_temperature,Will the highest temperature in San Francisco be between 74-75°F on August 29?,74-75°F,9.0,0.009,0.991,0.001,0.017,0.016,39.0,39.0,2858.71886,True,False,True,True,0x08805d0e5815f89e8070a0e542513744a9c426cc614a3fac62ae7d7f43e24b45
2026-08-28T14:38:06.365665+00:00,923545,3942328,San Francisco be 76°F or higher,2026-08-29,highest_temperature,Will the highest temperature in San Francisco be 76°F or higher on August 29?,76°F or higher,10.0,0.002,0.998,0.001,0.003,0.002,100.02,100.02,3651.22207,True,False,True,True,0xb661f2b337ff3f958b649c6eefc1a4505dfcc4ec325316b6a0c07b5b0ebc5b2c
2026-08-28T14:38:06.365677+00:00,923546,3942329,Mexico City be 17°C or below,2026-08-29,highest_temperature,Will the highest temperature in Mexico City be 17°C or below on August 29?,17°C or below,0.0,0.0005,0.9995,,0.001,,252.99099999999999,252.99099999999999,3263.07254,True,False,True,True,0xdb078173fb13cc6e71654a5ee3872d2a26552c4b64a94d38a5612428fcbd7f7c
2026-08-28T14:38:06.365699+00:00,923546,3942330,Mexico City be 18°C,2026-08-29,highest_temperature,Will the highest temperature in Mexico City be 18°C on August 29?,18°C,1.0,0.0005,0.9995,,0.001,,194.997,194.997,3553.57551,True,False,True,True,0xbfbf6c486dd00b338300ce4e26f4dfa08c14786666dc1956a8393130edb01178
2026-08-28T14:38:06.365712+00:00,923546,3942331,Mexico City be 19°C,2026-08-29,highest_temperature,Will the highest temperature in Mexico City be 19°C on August 29?,19°C,2.0,0.0055,0.9945,0.001,0.01,0.009000000000000001,,,3224.86337,True,False,True,True,0x20dccf265b055c0811bdcb4c214683c8c823b0c5ffaf066cc57f6fc097f62170
2026-08-28T14:38:06.365724+00:00,923546,3942332,Mexico City be 20°C,2026-08-29,highest_temperature,Will the highest temperature in Mexico City be 20°C on August 29?,20°C,3.0,0.02,0.98,0.01,0.03,0.019999999999999997,204.598291,204.598291,2753.9591,True,False,True,True,0x17a9c81e6ef24a6d933349964961df372a220b491db20b22d427ce38ff28291e
2026-08-28T14:38:06.365737+00:00,923546,3942333,Mexico City be 21°C,2026-08-29,highest_temperature,Will the highest temperature in Mexico City be 21°C on August 29?,21°C,4.0,0.035,0.965,0.03,0.04,0.010000000000000002,269.61105699999996,269.611057,2386.7696,True,False,True,True,0xd69966ad9e99b60683dcffce2399171a5a7140427707b9e1b3ca0da8668966ca
2026-08-28T14:38:06.365749+00:00,923546,3942334,Mexico City be 22°C,2026-08-29,highest_temperature,Will the highest temperature in Mexico City be 22°C on August 29?,22°C,5.0,0.195,0.805,0.18,0.21,0.03,97.85580900000001,97.855809,3246.2074,True,False,True,True,0x80c08fcc34fddbbdfba15469c9f3696dbfe96a5332ccca4f72737c96230b8f97
2026-08-28T14:38:06.365761+00:00,923546,3942335,Mexico City be 23°C,2026-08-29,highest_temperature,Will the highest temperature in Mexico City be 23°C on August 29?,23°C,6.0,0.385,0.615,0.37,0.4,0.030000000000000027,366.454,366.454,3329.9462,True,False,True,True,0x0e5dd8d87fd17199467e8ff47ac11be5c657b69bef5f529d7c0a106ca68e643f
2026-08-28T14:38:06.365772+00:00,923546,3942336,Mexico City be 24°C,2026-08-29,highest_temperature,Will the highest temperature in Mexico City be 24°C on August 29?,24°C,7.0,0.295,0.705,0.29,0.3,0.010000000000000009,375.5289429999999,375.528943,3174.2782,True,False,True,True,0xf850149cb85d044fe8a03f12c2ac9cea867c496058d930aacc0552b1da9a29d8
2026-08-28T14:38:06.365787+00:00,923546,3942337,Mexico City be 25°C,2026-08-29,highest_temperature,Will the highest temperature in Mexico City be 25°C on August 29?,25°C,8.0,0.13,0.87,0.12,0.14,0.020000000000000018,405.854238,405.854238,2986.8539,True,False,True,True,0xa36b603d71f5d90c2a24d1c5fde33c0126ff179e67c4a0f1d64bcbce1d089a46
2026-08-28T14:38:06.365799+00:00,923546,3942338,Mexico City be 26°C,2026-08-29,highest_temperature,Will the highest temperature in Mexico City be 26°C on August 29?,26°C,9.0,0.0055,0.9945,0.001,0.01,0.009000000000000001,152.691466,152.691466,3091.13777,True,False,True,True,0xfc721e8eabf3d8e5e4aa034a37d2848453868feaa4f9eb8d1e6db346654bce5e
2026-08-28T14:38:06.365812+00:00,923546,3942339,Mexico City be 27°C or higher,2026-08-29,highest_temperature,Will the highest temperature in Mexico City be 27°C or higher on August 29?,27°C or higher,10.0,0.0055,0.9945,0.001,0.01,0.009000000000000001,93.4962,93.4962,2383.35974,True,False,True,True,0x55382a6ed1318626f643d64ee99996a7415b267e4d4a82294cda88689d4db420
2026-08-28T14:38:06.365824+00:00,923547,3942340,Panama City be 26°C or below,2026-08-29,highest_temperature,Will the highest temperature in Panama City be 26°C or below on August 29?,26°C or below,0.0,0.0005,0.9995,,0.001,,159.99699999999999,159.99699999999999,3056.93521,True,False,True,True,0xa917478d97f08f23a868a14028ede4bd87a2db33029944d5edee09415a85a78f
2026-08-28T14:38:06.365836+00:00,923547,3942341,Panama City be 27°C,2026-08-29,highest_temperature,Will the highest temperature in Panama City be 27°C on August 29?,27°C,1.0,0.0005,0.9995,,0.001,,49.992000000000004,49.992,2688.3738,True,False,True,True,0x1dea333ede68f3ea5a021bab076c84732e7568e3113fa44bbcf1850d20b7e69e
2026-08-28T14:38:06.365848+00:00,923547,3942342,Panama City be 28°C,2026-08-29,highest_temperature,Will the highest temperature in Panama City be 28°C on August 29?,28°C,2.0,0.0005,0.9995,,0.001,,152.6261,152.6261,2891.53173,True,False,True,True,0x2c7e68f7213de3b399b1309b617e528ae40936bfd285d563b6405e94129c1cd7
2026-08-28T14:38:06.365860+00:00,923547,3942343,Panama City be 29°C,2026-08-29,highest_temperature,Will the highest temperature in Panama City be 29°C on August 29?,29°C,3.0,0.0075,0.9925,0.005,0.01,0.005,180.74608999999998,180.74609,2704.0706,True,False,True,True,0xaa56de94dd8ee73d48d7f71534645a62d1e039faab9fa57755eebf4ae0572c73
2026-08-28T14:38:06.365897+00:00,923547,3942344,Panama City be 30°C,2026-08-29,highest_temperature,Will the highest temperature in Panama City be 30°C on August 29?,30°C,4.0,0.09,0.91,0.08,0.1,0.020000000000000004,554.052788,554.052788,2950.4754,True,False,True,True,0x711364a45d5284d9d77841f7994f6b6d5e43d58f0bd485b324f098fd5cc9a66e
2026-08-28T14:38:06.365909+00:00,923547,3942345,Panama City be 31°C,2026-08-29,highest_temperature,Will the highest temperature in Panama City be 31°C on August 29?,31°C,5.0,0.26,0.74,0.25,0.27,0.020000000000000018,1323.2256610000002,1323.225661,4683.6023,True,False,True,True,0xca8c5dc1569cd6c8cbef06fee6788ab0742f500fea2f5293e29804945df977af
2026-08-28T14:38:06.365921+00:00,923547,3942346,Panama City be 32°C,2026-08-29,highest_temperature,Will the highest temperature in Panama City be 32°C on August 29?,32°C,6.0,0.46,0.54,0.45,0.47,0.019999999999999962,542.506854,542.5068540000001,3647.1288,True,False,True,True,0xdceb60240ef79dfe96bed1a98f9c5814141cf0095a74898f2a608814b50398e8
2026-08-28T14:38:06.365932+00:00,923547,3942347,Panama City be 33°C,2026-08-29,highest_temperature,Will the highest temperature in Panama City be 33°C on August 29?,33°C,7.0,0.19,0.81,0.18,0.2,0.020000000000000018,544.666549,544.666549,3880.9422,True,False,True,True,0x530eb496fd8bd43c56ad0ee5f4f74510a5cbcfdc0da096a9cabbf14685af1ace
2026-08-28T14:38:06.365944+00:00,923547,3942348,Panama City be 34°C,2026-08-29,highest_temperature,Will the highest temperature in Panama City be 34°C on August 29?,34°C,8.0,0.025,0.975,0.01,0.04,0.03,363.32971599999996,363.32971599999996,2833.4432,True,False,True,True,0xd33576fc0bc0b7cd433ee1c571d30d19aee60f57cb160b3b39f245ebcc93ef4d
2026-08-28T14:38:06.365955+00:00,923547,3942349,Panama City be 35°C,2026-08-29,highest_temperature,Will the highest temperature in Panama City be 35°C on August 29?,35°C,9.0,0.005,0.995,0.001,0.009,0.008,108.205,108.205,4432.14296,True,False,True,True,0x0dc066e17cba6f5c18c970e3c4f15023da2cbd0871495e800072651920fc8bb4
2026-08-28T14:38:06.365966+00:00,923547,3942350,Panama City be 36°C or higher,2026-08-29,highest_temperature,Will the highest temperature in Panama City be 36°C or higher on August 29?,36°C or higher,10.0,0.0005,0.9995,,0.001,,156.001,156.001,3420.88339,True,False,True,True,0x1c6c9e07a699f8b435554f9d8efa9f6925e7506a717298598ed1615b31fe56ef
2026-08-28T14:38:06.365979+00:00,923621,3942607,Sao Paulo be 13°C or below,2026-08-29,lowest_temperature,Will the lowest temperature in Sao Paulo be 13°C or below on August 29?,13°C or below,0.0,0.28,0.72,,0.56,,5.0,5.0,183.3491,True,False,True,True,0xf11f40e33503b32d6e69cc6d4410ba217514e9a9c15e02139dadd62754e09b4a
2026-08-28T14:38:06.365993+00:00,923621,3942608,Sao Paulo be 14°C,2026-08-29,lowest_temperature,Will the lowest temperature in Sao Paulo be 14°C on August 29?,14°C,1.0,0.07,0.93,,0.14,,135.0,135.0,357.8914,True,False,True,True,0x13f013f23e9aa471cadaae432bb0d4c139972d2d599a5a19884790d30d0c1c40
2026-08-28T14:38:06.366006+00:00,923621,3942609,Sao Paulo be 15°C,2026-08-29,lowest_temperature,Will the lowest temperature in Sao Paulo be 15°C on August 29?,15°C,2.0,0.22,0.78,,0.44,,5.0,5.0,195.3584,True,False,True,True,0xba6e5caf3d9fe29faa900d8c8ec8af240143c7769e24f1c6389b01bdec4f56d6
2026-08-28T14:38:06.366017+00:00,923621,3942610,Sao Paulo be 16°C,2026-08-29,lowest_temperature,Will the lowest temperature in Sao Paulo be 16°C on August 29?,16°C,3.0,0.05,0.95,0.02,0.08,0.06,6.0,6.0,310.4558,True,False,True,True,0x99d9d31c5d0a3417bc5fd58d9573260547708af48ad0c13b011eb0f277ad7611
2026-08-28T14:38:06.366028+00:00,923621,3942611,Sao Paulo be 17°C,2026-08-29,lowest_temperature,Will the lowest temperature in Sao Paulo be 17°C on August 29?,17°C,4.0,0.26,0.74,0.03,0.49,0.45999999999999996,,,235.5433,True,False,True,True,0x5be186ed26df4d73f14415ee4b94e36aee265315f621393772601b86ce59e61f
2026-08-28T14:38:06.366040+00:00,923621,3942612,Sao Paulo be 18°C,2026-08-29,lowest_temperature,Will the lowest temperature in Sao Paulo be 18°C on August 29?,18°C,5.0,0.255,0.745,0.02,0.49,0.47,,,222.4539,True,False,True,True,0x104d371f2db42bba00a3be216a81c6dc4fd5ecb7b6af6004c857db1d81a01e73
2026-08-28T14:38:06.366052+00:00,923621,3942613,Sao Paulo be 19°C,2026-08-29,lowest_temperature,Will the lowest temperature in Sao Paulo be 19°C on August 29?,19°C,6.0,0.315,0.685,0.13,0.5,0.37,4.6256260000000005,4.6256260000000005,252.4371,True,False,True,True,0x7b1306dc5073917b598aa0f4ad01f35c4dcccdd50e808011cb9e4fde9ee5801e
2026-08-28T14:38:06.366064+00:00,923621,3942614,Sao Paulo be 20°C,2026-08-29,lowest_temperature,Will the lowest temperature in Sao Paulo be 20°C on August 29?,20°C,7.0,0.33,0.67,0.16,0.5,0.33999999999999997,5.834675000000001,5.834675000000001,203.6652,True,False,True,True,0x90734fb9dfe3884da865989644bc96a09bc14277a21792851f56fa7df9699571
2026-08-28T14:38:06.366077+00:00,923621,3942615,Sao Paulo be 21°C,2026-08-29,lowest_temperature,Will the lowest temperature in Sao Paulo be 21°C on August 29?,21°C,8.0,0.275,0.725,0.05,0.5,0.45,4.1236,4.1236,220.0816,True,False,True,True,0x99c07ccfd8a839bac77d956a6e6bf1ffc006661198dffc84ef897b893284c2d2
2026-08-28T14:38:06.366091+00:00,923621,3942616,Sao Paulo be 22°C,2026-08-29,lowest_temperature,Will the lowest temperature in Sao Paulo be 22°C on August 29?,22°C,9.0,0.24,0.76,0.01,0.47,0.45999999999999996,4.0404,4.0404,243.6645,True,False,True,True,0xe359980d1969e76d325e51e62684d0861e652f5b49c2e8e1bb0b31625b397ffa
2026-08-28T14:38:06.366104+00:00,923621,3942617,Sao Paulo be 23°C or higher,2026-08-29,lowest_temperature,Will the lowest temperature in Sao Paulo be 23°C or higher on August 29?,23°C or higher,10.0,0.015,0.985,0.01,0.02,0.01,4.0404,4.0404,106.3591,True,False,True,True,0xd6f6f1b0d8a866d2d6a32bc5e2dea3f325f284e4bf24232e4959e91d2cd973dc
2026-08-28T14:38:06.366119+00:00,923622,3942618,Buenos Aires be 2°C or below,2026-08-29,lowest_temperature,Will the lowest temperature in Buenos Aires be 2°C or below on August 29?,2°C or below,0.0,0.26,0.74,0.03,0.49,0.45999999999999996,,,102.4584,True,False,True,True,0x29531ff1054a27d2d77a51e8937d89e3d27636c4ecb02ef14b091ff01d4dc76a
2026-08-28T14:38:06.366131+00:00,923622,3942619,Buenos Aires be 3°C,2026-08-29,lowest_temperature,Will the lowest temperature in Buenos Aires be 3°C on August 29?,3°C,1.0,0.26,0.74,0.03,0.49,0.45999999999999996,,,147.4949,True,False,True,True,0x717301cc4f4d252afedd6c16983335ca5ab44a232b8469fbcddb060f06dfb607
2026-08-28T14:38:06.366144+00:00,923622,3942620,Buenos Aires be 4°C,2026-08-29,lowest_temperature,Will the lowest temperature in Buenos Aires be 4°C on August 29?,4°C,2.0,0.27,0.73,0.04,0.5,0.46,,,132.1364,True,False,True,True,0xb019b908b0a81a6a67595b0567e5c8ba2cde5ad9d784314e418bfb878638ca89
2026-08-28T14:38:06.366156+00:00,923622,3942621,Buenos Aires be 5°C,2026-08-29,lowest_temperature,Will the lowest temperature in Buenos Aires be 5°C on August 29?,5°C,3.0,0.27,0.73,0.04,0.5,0.46,,,149.2281,True,False,True,True,0xf289dad3cba644e65748745acebadb876ab440ce28dc8a3cf4e842e1e872d22b
2026-08-28T14:38:06.366167+00:00,923622,3942622,Buenos Aires be 6°C,2026-08-29,lowest_temperature,Will the lowest temperature in Buenos Aires be 6°C on August 29?,6°C,4.0,0.285,0.715,0.07,0.5,0.43,,,146.2692,True,False,True,True,0xfde49c0d613b95539894cbff2bca8fbe00f26815d5eb327d6615a8672ac87d70
2026-08-28T14:38:06.366178+00:00,923622,3942623,Buenos Aires be 7°C,2026-08-29,lowest_temperature,Will the lowest temperature in Buenos Aires be 7°C on August 29?,7°C,5.0,0.255,0.745,0.02,0.49,0.47,,,144.6743,True,False,True,True,0x64f4b61f1a5612d11e773df4a4e0443f14433fad319262b04177d8ad78b1839f
2026-08-28T14:38:06.366189+00:00,923622,3942624,Buenos Aires be 8°C,2026-08-29,lowest_temperature,Will the lowest temperature in Buenos Aires be 8°C on August 29?,8°C,6.0,0.25,0.75,0.01,0.49,0.48,,,150.7521,True,False,True,True,0x6a2a9f001f611543422374230ad2d8ce47fc50f774c6a68bf21c5fbf257afc8f
2026-08-28T14:38:06.366203+00:00,923622,3942625,Buenos Aires be 9°C,2026-08-29,lowest_temperature,Will the lowest temperature in Buenos Aires be 9°C on August 29?,9°C,7.0,0.25,0.75,0.01,0.49,0.48,,,145.7431,True,False,True,True,0xa18a6bf40f11a67c4b5d2d676288dd2a1730ca71a7d7f97684ce996d6e3d0e76
2026-08-28T14:38:06.366215+00:00,923622,3942626,Buenos Aires be 10°C,2026-08-29,lowest_temperature,Will the lowest temperature in Buenos Aires be 10°C on August 29?,10°C,8.0,0.1,0.9,,0.2,,5.0,5.0,230.9162,True,False,True,True,0xb8cca754182604af1c21544f5174d638390bac06ad035960ea9c01763022da3b
2026-08-28T14:38:06.366226+00:00,923622,3942627,Buenos Aires be 11°C,2026-08-29,lowest_temperature,Will the lowest temperature in Buenos Aires be 11°C on August 29?,11°C,9.0,0.045,0.955,,0.09,,135.0,135.0,393.707,True,False,True,True,0xe3483bebd1e9fc6f50093a435f16fbc664099e0471e6814a6c47e9240b8a8843
2026-08-28T14:38:06.366238+00:00,923622,3942628,Buenos Aires be 12°C or higher,2026-08-29,lowest_temperature,Will the lowest temperature in Buenos Aires be 12°C or higher on August 29?,12°C or higher,10.0,0.035,0.965,,0.07,,135.0,135.0,324.2886,True,False,True,True,0xc9735986481d121970eb96445c23896ccd3d5d34e4fc056c555deb1319ad17eb
2026-08-28T14:38:06.366251+00:00,923623,3942629,Toronto be 9°C or below,2026-08-29,lowest_temperature,Will the lowest temperature in Toronto be 9°C or below on August 29?,9°C or below,0.0,0.04,0.96,0.02,0.06,0.039999999999999994,56.3708,56.3708,127.2972,True,False,True,True,0x26ac2d7a92808799f3019fde96d8c8324d61b4957a30780ce0c26638b244d37b
2026-08-28T14:38:06.366263+00:00,923623,3942630,Toronto be 10°C,2026-08-29,lowest_temperature,Will the lowest temperature in Toronto be 10°C on August 29?,10°C,1.0,0.08,0.92,0.02,0.14,0.12000000000000001,30.5714,30.5714,233.3633,True,False,True,True,0x531fcede315ce97e60cde24490dc81c000d9f342bdbb33885d0b8883b3813783
2026-08-28T14:38:06.366275+00:00,923623,3942631,Toronto be 11°C,2026-08-29,lowest_temperature,Will the lowest temperature in Toronto be 11°C on August 29?,11°C,2.0,0.26,0.74,0.03,0.49,0.45999999999999996,,,172.6243,True,False,True,True,0x06218d26b2c60c7c006100ee7b0d2d1b7db5825da9615a6093a46d4cf218d3cf
2026-08-28T14:38:06.366289+00:00,923623,3942632,Toronto be 12°C,2026-08-29,lowest_temperature,Will the lowest temperature in Toronto be 12°C on August 29?,12°C,3.0,0.26,0.74,0.03,0.49,0.45999999999999996,,,176.3425,True,False,True,True,0x0499ec3fe73d42e775887e675e9eb4f935a92f9a4e274683eb47008c337106a2
2026-08-28T14:38:06.366299+00:00,923623,3942633,Toronto be 13°C,2026-08-29,lowest_temperature,Will the lowest temperature in Toronto be 13°C on August 29?,13°C,4.0,0.295,0.705,0.1,0.49,0.39,,,182.3374,True,False,True,True,0xc39130680972c634df68aaa98d4a329327082ea5cd1dda96fd9b8ec49509debe
2026-08-28T14:38:06.366311+00:00,923623,3942634,Toronto be 14°C,2026-08-29,lowest_temperature,Will the lowest temperature in Toronto be 14°C on August 29?,14°C,5.0,0.355,0.645,0.21,0.5,0.29000000000000004,,,153.8531,True,False,True,True,0x79e60291f678abd44b39630b4b140412a0799e5df3397afcb61192c9dd88cdc6
2026-08-28T14:38:06.366323+00:00,923623,3942635,Toronto be 15°C,2026-08-29,lowest_temperature,Will the lowest temperature in Toronto be 15°C on August 29?,15°C,6.0,0.28,0.72,0.06,0.5,0.44,,,168.9187,True,False,True,True,0x2122d7e2060830327013e272bbacf867563d6b2b795b1b6a2d7c0f4c233263e8
2026-08-28T14:38:06.366334+00:00,923623,3942636,Toronto be 16°C,2026-08-29,lowest_temperature,Will the lowest temperature in Toronto be 16°C on August 29?,16°C,7.0,0.245,0.755,0.01,0.48,0.47,,,165.3721,True,False,True,True,0x98073336ce2beae5adbdfabe3de851316d4793018df52e8704419132ccfe9a02
2026-08-28T14:38:06.366345+00:00,923623,3942637,Toronto be 17°C,2026-08-29,lowest_temperature,Will the lowest temperature in Toronto be 17°C on August 29?,17°C,8.0,0.03,0.97,0.01,0.05,0.04,65.0,65.0,168.6566,True,False,True,True,0x9f1fe573912c496261acabb1822a77a069b7a4b0a1506f06ebd4dbe8c1edebf6
2026-08-28T14:38:06.366359+00:00,923623,3942638,Toronto be 18°C,2026-08-29,lowest_temperature,Will the lowest temperature in Toronto be 18°C on August 29?,18°C,9.0,0.175,0.825,,0.35,,5.0,5.0,233.8466,True,False,True,True,0x6f235ebe0f373a3d2bbb01574818f7225ef2936139dce31f0662d3083c8e4742
2026-08-28T14:38:06.366372+00:00,923623,3942639,Toronto be 19°C or higher,2026-08-29,lowest_temperature,Will the lowest temperature in Toronto be 19°C or higher on August 29?,19°C or higher,10.0,0.265,0.735,,0.53,,5.0,5.0,95.4992,True,False,True,True,0x2dadea055537f73be0b2ff38bb27fe62a14bfc2357bf100b91f35a8e2ac98b85
2026-08-28T14:38:06.366385+00:00,923624,3942640,Seattle be 47°F or below,2026-08-29,lowest_temperature,Will the lowest temperature in Seattle be 47°F or below on August 29?,47°F or below,0.0,0.065,0.935,,0.13,,5.0,5.0,172.1098,True,False,True,True,0x5014e79c2904278bc26b2e41b89d66944fc1cfb776d02c4d78b3330841aa4d58
2026-08-28T14:38:06.366398+00:00,923624,3942641,Seattle be between 48-49°F,2026-08-29,lowest_temperature,Will the lowest temperature in Seattle be between 48-49°F on August 29?,48-49°F,1.0,0.07,0.93,,0.14,,5.0,5.0,184.4564,True,False,True,True,0x5eb890a2020d831c7a52ca7bdb5b4ed86ddb68028624b277733cffb23e94fa19
2026-08-28T14:38:06.366411+00:00,923624,3942642,Seattle be between 50-51°F,2026-08-29,lowest_temperature,Will the lowest temperature in Seattle be between 50-51°F on August 29?,50-51°F,2.0,0.1,0.9,0.03,0.17,0.14,,,204.7198,True,False,True,True,0xfe5d90510698d47c2f9bef65786c12a3eb05fe4b14d0d7b6bee1311e03242c2f
2026-08-28T14:38:06.366423+00:00,923624,3942643,Seattle be between 52-53°F,2026-08-29,lowest_temperature,Will the lowest temperature in Seattle be between 52-53°F on August 29?,52-53°F,3.0,0.16,0.84,0.03,0.29,0.26,,,227.1666,True,False,True,True,0x34e796f44e433e54abb46da3ac1745a9afc62f719ddf1e1377de136b74a684fe
2026-08-28T14:38:06.366435+00:00,923624,3942644,Seattle be between 54-55°F,2026-08-29,lowest_temperature,Will the lowest temperature in Seattle be between 54-55°F on August 29?,54-55°F,4.0,0.425,0.575,0.35,0.5,0.15000000000000002,,,206.521,True,False,True,True,0xb0582c1c62425c8f104f7aa49c2705d826d39a56e2831f1e7a89ead4573e6834
2026-08-28T14:38:06.366447+00:00,923624,3942645,Seattle be between 56-57°F,2026-08-29,lowest_temperature,Will the lowest temperature in Seattle be between 56-57°F on August 29?,56-57°F,5.0,0.385,0.615,0.27,0.5,0.22999999999999998,,,188.8903,True,False,True,True,0x837bf54ab4f42316693003aa4e7dbd1893ccf3e5b72c0f1d6a563467f08eb676
2026-08-28T14:38:06.366460+00:00,923624,3942646,Seattle be between 58-59°F,2026-08-29,lowest_temperature,Will the lowest temperature in Seattle be between 58-59°F on August 29?,58-59°F,6.0,0.12,0.88,0.03,0.21,0.18,,,196.1841,True,False,True,True,0x992bd37fddb06ac48f86a54f0faf973065695d92661bbf828d4536f6974e4926
2026-08-28T14:38:06.366471+00:00,923624,3942647,Seattle be between 60-61°F,2026-08-29,lowest_temperature,Will the lowest temperature in Seattle be between 60-61°F on August 29?,60-61°F,7.0,0.07,0.93,,0.14,,15.0,15.0,195.4569,True,False,True,True,0xc2da2e7a037b3a472ee87be6e3527eb90ab70b7bc69f42d551ee4e42440c9c4c
2026-08-28T14:38:06.366483+00:00,923624,3942648,Seattle be between 62-63°F,2026-08-29,lowest_temperature,Will the lowest temperature in Seattle be between 62-63°F on August 29?,62-63°F,8.0,0.01,0.99,,0.02,,5.0,5.0,692.6325,True,False,True,True,0x554b20bbaca8b1ce173650e8dbaa619be19baa9ce61e6e5cb8d47b71b339899a
2026-08-28T14:38:06.366495+00:00,923624,3942649,Seattle be between 64-65°F,2026-08-29,lowest_temperature,Will the lowest temperature in Seattle be between 64-65°F on August 29?,64-65°F,9.0,0.06,0.94,,0.12,,5.0,5.0,719.291,True,False,True,True,0x2197e0b2f60187321cbc7da2fcb655f465c0105626a560fb440e3b790140b61a
2026-08-28T14:38:06.366507+00:00,923624,3942650,Seattle be 66°F or higher,2026-08-29,lowest_temperature,Will the lowest temperature in Seattle be 66°F or higher on August 29?,66°F or higher,10.0,0.04,0.96,,0.08,,5.0,5.0,637.6382,True,False,True,True,0x87ea461a09cabcb0a11b67ccaf34f4ff610db573f08802ba94e659926690443d
2026-08-28T14:38:06.366520+00:00,923625,3942651,New York City be 55°F or below,2026-08-29,lowest_temperature,Will the lowest temperature in New York City be 55°F or below on August 29?,55°F or below,0.0,0.0055,0.9945,0.001,0.01,0.009000000000000001,16.990000000000002,16.990000000000002,2314.18969,True,False,True,True,0x2878de3fa85dcf8dc7f08a0b94ac05a5c37147df65d9ac2660c136800de5af03
2026-08-28T14:38:06.366534+00:00,923625,3942652,New York City be between 56-57°F,2026-08-29,lowest_temperature,Will the lowest temperature in New York City be between 56-57°F on August 29?,56-57°F,1.0,0.0055,0.9945,0.001,0.01,0.009000000000000001,5.0,5.0,581.46574,True,False,True,True,0x281230a18681a141a79d68ead77c9b2fadbaa0f963f3ca623897226110c75ee4
2026-08-28T14:38:06.366546+00:00,923625,3942653,New York City be between 58-59°F,2026-08-29,lowest_temperature,Will the lowest temperature in New York City be between 58-59°F on August 29?,58-59°F,2.0,0.0055,0.9945,0.001,0.01,0.009000000000000001,5.0,5.0,642.85169,True,False,True,True,0x9ffb3bc6038886c3c1f4e27da4ab5855e697b03231b98605c4b9cc32682ddf09
2026-08-28T14:38:06.366559+00:00,923625,3942654,New York City be between 60-61°F,2026-08-29,lowest_temperature,Will the lowest temperature in New York City be between 60-61°F on August 29?,60-61°F,3.0,0.025,0.975,0.02,0.03,0.009999999999999998,49.56,49.56,649.7424,True,False,True,True,0x99e464a6955abc0fe1baf5a471f966cb40bf5fc06b478b1d812d71505b4d13a5
2026-08-28T14:38:06.366571+00:00,923625,3942655,New York City be between 62-63°F,2026-08-29,lowest_temperature,Will the lowest temperature in New York City be between 62-63°F on August 29?,62-63°F,4.0,0.055,0.945,0.04,0.07,0.030000000000000006,61.13,61.13,558.7947,True,False,True,True,0x622b5f130ba3c7f6789fc808b07abb3beeff77b92c87b969f7b4d6cbf08707b4
2026-08-28T14:38:06.366583+00:00,923625,3942656,New York City be between 64-65°F,2026-08-29,lowest_temperature,Will the lowest temperature in New York City be between 64-65°F on August 29?,64-65°F,5.0,0.25,0.75,0.23,0.27,0.04000000000000001,134.08524799999998,134.085248,762.9067,True,False,True,True,0xa4d74e2ac65fbbeecb2f85d37ff81028e96d2720781131206b29ecdbe2da645f
2026-08-28T14:38:06.366600+00:00,923625,3942657,New York City be between 66-67°F,2026-08-29,lowest_temperature,Will the lowest temperature in New York City be between 66-67°F on August 29?,66-67°F,6.0,0.485,0.515,0.47,0.5,0.030000000000000027,51.908485,51.908485,997.1638,True,False,True,True,0x4b65f58cc928ab914b7495da4ee96ad435eb90229efa317e5fb8cf399c849424
2026-08-28T14:38:06.366612+00:00,923625,3942658,New York City be between 68-69°F,2026-08-29,lowest_temperature,Will the lowest temperature in New York City be between 68-69°F on August 29?,68-69°F,7.0,0.16,0.84,0.13,0.19,0.06,104.27522899999998,104.275229,915.981,True,False,True,True,0xdd00a0bcec4b93b0f67f59ef17b38c5da32a4145388a80d108abed1b7b5fb742
2026-08-28T14:38:06.366625+00:00,923625,3942659,New York City be between 70-71°F,2026-08-29,lowest_temperature,Will the lowest temperature in New York City be between 70-71°F on August 29?,70-71°F,8.0,0.035,0.965,0.02,0.05,0.030000000000000002,625.6,625.6,1413.5721,True,False,True,True,0x9b57faabb1a55c4040a338142a54777b09d7a98ea849daae299ce3e08d79dd2a
2026-08-28T14:38:06.366637+00:00,923625,3942660,New York City be between 72-73°F,2026-08-29,lowest_temperature,Will the lowest temperature in New York City be between 72-73°F on August 29?,72-73°F,9.0,0.0055,0.9945,0.001,0.01,0.009000000000000001,270.27767100000005,270.277671,1430.61547,True,False,True,True,0xc32305a8568dec455d7b1e88b2bbf1e921d340d3b6f77524499691e7e4f45547
2026-08-28T14:38:06.366649+00:00,923625,3942661,New York City be 74°F or higher,2026-08-29,lowest_temperature,Will the lowest temperature in New York City be 74°F or higher on August 29?,74°F or higher,10.0,0.0055,0.9945,0.001,0.01,0.009000000000000001,5.0,5.0,381.34654,True,False,True,True,0x84953900b174814fd0c6c80f8adb8722e67fc9a857543a154ac933e3b2fb1094
2026-08-28T14:38:06.366665+00:00,923626,3942662,Dallas be 71°F or below,2026-08-29,lowest_temperature,Will the lowest temperature in Dallas be 71°F or below on August 29?,71°F or below,0.0,0.015,0.985,,0.03,,85.99345,85.99345,467.4492,True,False,True,True,0xfad0634ad16664bc6bc3e57fea832e78283fc8c394ee97139d25da2afd8db73a
2026-08-28T14:38:06.366677+00:00,923626,3942663,Dallas be between 72-73°F,2026-08-29,lowest_temperature,Will the lowest temperature in Dallas be between 72-73°F on August 29?,72-73°F,1.0,0.07,0.93,0.02,0.12,0.09999999999999999,6.0,6.0,249.0569,True,False,True,True,0x56da8fbf92765b8fbb7b29db54f7716fa34a75da42be8552e94f81fe2f7ae546
2026-08-28T14:38:06.366689+00:00,923626,3942664,Dallas be between 74-75°F,2026-08-29,lowest_temperature,Will the lowest temperature in Dallas be between 74-75°F on August 29?,74-75°F,2.0,0.095,0.905,0.03,0.16,0.13,,,136.406,True,False,True,True,0xcc251bd8a59f1bb738d60d0b0f3264f51cdb51324e4eb4ffce96df1d2836b165
2026-08-28T14:38:06.366708+00:00,923626,3942665,Dallas be between 76-77°F,2026-08-29,lowest_temperature,Will the lowest temperature in Dallas be between 76-77°F on August 29?,76-77°F,3.0,0.105,0.895,0.03,0.18,0.15,,,134.7011,True,False,True,True,0x0cd40c3c5781166c23296d3f0672382b1be02edff332b732197048b1d9a1fca6
2026-08-28T14:38:06.366720+00:00,923626,3942666,Dallas be between 78-79°F,2026-08-29,lowest_temperature,Will the lowest temperature in Dallas be between 78-79°F on August 29?,78-79°F,4.0,0.265,0.735,0.04,0.49,0.45,,,122.6723,True,False,True,True,0x04514926750b6a3c435e432334b89f4521cc07c53296736984b1c74fd1cf7bc0
2026-08-28T14:38:06.366732+00:00,923626,3942667,Dallas be between 80-81°F,2026-08-29,lowest_temperature,Will the lowest temperature in Dallas be between 80-81°F on August 29?,80-81°F,5.0,0.29,0.71,0.08,0.5,0.42,,,146.6483,True,False,True,True,0x4bc17e777353bd2da330c3af2d366674faabfce044572140cff7a6676735b643
2026-08-28T14:38:06.366744+00:00,923626,3942668,Dallas be between 82-83°F,2026-08-29,lowest_temperature,Will the lowest temperature in Dallas be between 82-83°F on August 29?,82-83°F,6.0,0.265,0.735,0.03,0.5,0.47,,,121.6829,True,False,True,True,0xf895a21088539503f05ac083891c975178f6c1454764f85beb5b71506bb0467b
2026-08-28T14:38:06.366756+00:00,923626,3942669,Dallas be between 84-85°F,2026-08-29,lowest_temperature,Will the lowest temperature in Dallas be between 84-85°F on August 29?,84-85°F,7.0,0.09,0.91,0.01,0.17,0.16,,,145.9305,True,False,True,True,0x146d1641dceea85bdc0307baaf7f106e03e7fd92e74a4c621df69df40c50d74b
2026-08-28T14:38:06.366767+00:00,923626,3942670,Dallas be between 86-87°F,2026-08-29,lowest_temperature,Will the lowest temperature in Dallas be between 86-87°F on August 29?,86-87°F,8.0,0.075,0.925,,0.15,,5.0,5.0,208.9213,True,False,True,True,0x7fae6e22cf7c7d772aa718820df7f7e1cbce7787b4e5e8649a7b355d60160ff0
2026-08-28T14:38:06.366779+00:00,923626,3942671,Dallas be between 88-89°F,2026-08-29,lowest_temperature,Will the lowest temperature in Dallas be between 88-89°F on August 29?,88-89°F,9.0,0.01,0.99,,0.02,,5.0,5.0,298.0969,True,False,True,True,0xbf08a8cab5c92a453a4afdaa909f557977746f8aeae1fc935d9e744574319d09
2026-08-28T14:38:06.366793+00:00,923626,3942672,Dallas be 90°F or higher,2026-08-29,lowest_temperature,Will the lowest temperature in Dallas be 90°F or higher on August 29?,90°F or higher,10.0,0.0055,0.9945,0.001,0.01,0.009000000000000001,5.0,5.0,425.31637,True,False,True,True,0xb71c0e5a9fb8f485f98ca6f9901123a284559c8b7b3d02357cb1b8bfbb5a6031
2026-08-28T14:38:06.366806+00:00,923627,3942673,Atlanta be 61°F or below,2026-08-29,lowest_temperature,Will the lowest temperature in Atlanta be 61°F or below on August 29?,61°F or below,0.0,0.035,0.965,,0.07,,5.0,5.0,160.2398,True,False,True,True,0x1ca5576ec47f3b54026e01b12dfdf3ad0e6140bdff27c80da5f0d096128ba3c8
2026-08-28T14:38:06.366819+00:00,923627,3942674,Atlanta be between 62-63°F,2026-08-29,lowest_temperature,Will the lowest temperature in Atlanta be between 62-63°F on August 29?,62-63°F,1.0,0.06,0.94,,0.12,,135.0,135.0,285.1854,True,False,True,True,0x9a72872fd12d48b1136a9fee267893a5b5603676d2e6644e072ca55d2590b321
2026-08-28T14:38:06.366831+00:00,923627,3942675,Atlanta be between 64-65°F,2026-08-29,lowest_temperature,Will the lowest temperature in Atlanta be between 64-65°F on August 29?,64-65°F,2.0,0.065,0.935,,0.13,,5.0,5.0,266.5523,True,False,True,True,0x2fb06b68efbf3128d5b12d1b0fd5da1dfcb16fcf70bc07708c7b70ef534e42e0
2026-08-28T14:38:06.366845+00:00,923627,3942676,Atlanta be between 66-67°F,2026-08-29,lowest_temperature,Will the lowest temperature in Atlanta be between 66-67°F on August 29?,66-67°F,3.0,0.045,0.955,0.01,0.08,0.07,54.0,54.0,176.5232,True,False,True,True,0x9a861e83717b062f2805d76124cae65de83242ebd9ce72eb01320a64973ec259
2026-08-28T14:38:06.366857+00:00,923627,3942677,Atlanta be between 68-69°F,2026-08-29,lowest_temperature,Will the lowest temperature in Atlanta be between 68-69°F on August 29?,68-69°F,4.0,0.26,0.74,0.03,0.49,0.45999999999999996,,,146.714,True,False,True,True,0x1b90a023f3a048686329c27bb4b295daef7f033c31573a0e1cdace3809e880ff
2026-08-28T14:38:06.366869+00:00,923627,3942678,Atlanta be between 70-71°F,2026-08-29,lowest_temperature,Will the lowest temperature in Atlanta be between 70-71°F on August 29?,70-71°F,5.0,0.265,0.735,0.03,0.5,0.47,,,136.9217,True,False,True,True,0x8948104fab7a457b15023e9cddb83a6ee9a40922704fd8e84beb801ce837895d
2026-08-28T14:38:06.366884+00:00,923627,3942679,Atlanta be between 72-73°F,2026-08-29,lowest_temperature,Will the lowest temperature in Atlanta be between 72-73°F on August 29?,72-73°F,6.0,0.29,0.71,0.08,0.5,0.42,,,157.3081,True,False,True,True,0x74e10290fa92661b3ef03e32e69d963dd103631d64fdaee5ce2058b9566e0603
2026-08-28T14:38:06.366896+00:00,923627,3942680,Atlanta be between 74-75°F,2026-08-29,lowest_temperature,Will the lowest temperature in Atlanta be between 74-75°F on August 29?,74-75°F,7.0,0.27,0.73,0.05,0.49,0.44,,,146.9287,True,False,True,True,0xc0e7597a62242480d7a2f72bc3f3c86a898bc97149228abe7798b21296072f79
2026-08-28T14:38:06.366908+00:00,923627,3942681,Atlanta be between 76-77°F,2026-08-29,lowest_temperature,Will the lowest temperature in Atlanta be between 76-77°F on August 29?,76-77°F,8.0,0.08,0.92,0.01,0.15,0.13999999999999999,,,140.3121,True,False,True,True,0x2e91e65e89bba82e72bfc80b0872d9025f78f662ea44bcdeace9e84e42d88a2b
2026-08-28T14:38:06.366919+00:00,923627,3942682,Atlanta be between 78-79°F,2026-08-29,lowest_temperature,Will the lowest temperature in Atlanta be between 78-79°F on August 29?,78-79°F,9.0,0.07,0.93,,0.14,,5.0,5.0,141.7356,True,False,True,True,0xfc3f067f5237aa08a3c8b6040ebca61f7aeaa919d41ff03da135a388dd246fcb
2026-08-28T14:38:06.366931+00:00,923627,3942683,Atlanta be 80°F or higher,2026-08-29,lowest_temperature,Will the lowest temperature in Atlanta be 80°F or higher on August 29?,80°F or higher,10.0,0.01,0.99,,0.02,,5.0,5.0,232.5098,True,False,True,True,0xedeba5a8f0bccbe1c0e967927e93613cd9b971af524839176520a3fee1521a9b
2026-08-28T14:38:06.366944+00:00,923628,3942684,Miami be 67°F or below,2026-08-29,lowest_temperature,Will the lowest temperature in Miami be 67°F or below on August 29?,67°F or below,0.0,0.0025,0.9975,0.001,0.004,0.003,40.915,40.915,2140.90594,True,False,True,True,0x8ef80976417cab0bf799d6ba2e6e4966e4e811c35f7bab44a6a1a18c46e19d2d
2026-08-28T14:38:06.366957+00:00,923628,3942685,Miami be between 68-69°F,2026-08-29,lowest_temperature,Will the lowest temperature in Miami be between 68-69°F on August 29?,68-69°F,1.0,0.0035,0.9965,0.001,0.006,0.005,30.305,30.305,1599.04586,True,False,True,True,0xf3270df433f3e7c99ead747e728ac73d8deb8c5d80c2ba8acb724de9ffe96c83
2026-08-28T14:38:06.366970+00:00,923628,3942686,Miami be between 70-71°F,2026-08-29,lowest_temperature,Will the lowest temperature in Miami be between 70-71°F on August 29?,70-71°F,2.0,0.0055,0.9945,0.001,0.01,0.009000000000000001,5.0,5.0,1214.29773,True,False,True,True,0x9361b904f998a3b776ed56615e9308703b674e0eba8a9ca73083b6803914c1a8
2026-08-28T14:38:06.366983+00:00,923628,3942687,Miami be between 72-73°F,2026-08-29,lowest_temperature,Will the lowest temperature in Miami be between 72-73°F on August 29?,72-73°F,3.0,0.025,0.975,,0.05,,5.0,5.0,806.4216,True,False,True,True,0xd0f87acb793a9c7e8d409b802219661fd1c6803e4300fa66b7f1d84ee5fb5147
2026-08-28T14:38:06.366998+00:00,923628,3942688,Miami be between 74-75°F,2026-08-29,lowest_temperature,Will the lowest temperature in Miami be between 74-75°F on August 29?,74-75°F,4.0,0.055,0.945,0.03,0.08,0.05,75.03999999999999,75.03999999999999,671.2733,True,False,True,True,0x42622dfe9a3d2efddba68c3be098fdaa2d0733bd58e52052998f172259ac721e
2026-08-28T14:38:06.367010+00:00,923628,3942689,Miami be between 76-77°F,2026-08-29,lowest_temperature,Will the lowest temperature in Miami be between 76-77°F on August 29?,76-77°F,5.0,0.12,0.88,0.1,0.14,0.04000000000000001,167.875854,167.875854,976.7412,True,False,True,True,0x2ba4dec463f79082c610bbeb086c364b53938b7836264e72846ff95090fee5f1
2026-08-28T14:38:06.367022+00:00,923628,3942690,Miami be between 78-79°F,2026-08-29,lowest_temperature,Will the lowest temperature in Miami be between 78-79°F on August 29?,78-79°F,6.0,0.285,0.715,0.26,0.31,0.04999999999999999,432.374563,432.374563,786.4423,True,False,True,True,0xe31c241e166f3eea2e8b3b96698d4e834a905b70f179da89469a9d8022bb930d
2026-08-28T14:38:06.367034+00:00,923628,3942691,Miami be between 80-81°F,2026-08-29,lowest_temperature,Will the lowest temperature in Miami be between 80-81°F on August 29?,80-81°F,7.0,0.465,0.535,0.45,0.48,0.02999999999999997,318.15586199999996,318.155862,1243.7067,True,False,True,True,0xd5fb041990bafbdcd523cd46322ac0947374ac45f6444a24a4009964041c48b2
2026-08-28T14:38:06.367047+00:00,923628,3942692,Miami be between 82-83°F,2026-08-29,lowest_temperature,Will the lowest temperature in Miami be between 82-83°F on August 29?,82-83°F,8.0,0.115,0.885,0.1,0.13,0.03,342.33339299999994,342.33339300000006,859.2633,True,False,True,True,0x47d241cfc86ff95da8b60a7e269d33abe97440d1311f85ff00adef889463b7fb
2026-08-28T14:38:06.367060+00:00,923628,3942693,Miami be between 84-85°F,2026-08-29,lowest_temperature,Will the lowest temperature in Miami be between 84-85°F on August 29?,84-85°F,9.0,0.045,0.955,0.02,0.07,0.05,231.029283,231.02928300000002,877.964,True,False,True,True,0xcfd955e07cbe3c91ba2a5f5d6619fdf55f2f915ad543f6ad17be308b0b9e566c
2026-08-28T14:38:06.367074+00:00,923628,3942694,Miami be 86°F or higher,2026-08-29,lowest_temperature,Will the lowest temperature in Miami be 86°F or higher on August 29?,86°F or higher,10.0,0.01,0.99,,0.02,,47.0,47.0,199.1877,True,False,True,True,0x02ab61bf6e77e575110c18299287165be7ac2a1c6bb73dd8fff5346be8dbb941
2026-08-28T14:38:06.367088+00:00,923629,3942695,Chicago be 55°F or below,2026-08-29,lowest_temperature,Will the lowest temperature in Chicago be 55°F or below on August 29?,55°F or below,0.0,0.095,0.905,,0.19,,135.0,135.0,452.0687,True,False,True,True,0x01f6f11fed4487e32b2c51928e772c9c847a3fd17de1f133cf8183077e53ac9b
2026-08-28T14:38:06.367100+00:00,923629,3942696,Chicago be between 56-57°F,2026-08-29,lowest_temperature,Will the lowest temperature in Chicago be between 56-57°F on August 29?,56-57°F,1.0,0.075,0.925,,0.15,,5.0,5.0,299.4923,True,False,True,True,0xfc1d683225b63ef14eb29518a0424b762500aecbcb0cb8d840253b304d2a82e7
2026-08-28T14:38:06.367113+00:00,923629,3942697,Chicago be between 58-59°F,2026-08-29,lowest_temperature,Will the lowest temperature in Chicago be between 58-59°F on August 29?,58-59°F,2.0,0.05,0.95,0.02,0.08,0.06,6.0,6.0,246.0923,True,False,True,True,0x6b1a05e30c3627e1d5e726f4ca5c548592fc9c8b6531e7da9ff7d9b8ab4f82d1
2026-08-28T14:38:06.367125+00:00,923629,3942698,Chicago be between 60-61°F,2026-08-29,lowest_temperature,Will the lowest temperature in Chicago be between 60-61°F on August 29?,60-61°F,3.0,0.26,0.74,0.03,0.49,0.45999999999999996,,,212.2223,True,False,True,True,0xa660947c4daa6826506615ac93f67b19d8f774224b388fce8ddb3d3fa09cc36a
2026-08-28T14:38:06.367137+00:00,923629,3942699,Chicago be between 62-63°F,2026-08-29,lowest_temperature,Will the lowest temperature in Chicago be between 62-63°F on August 29?,62-63°F,4.0,0.27,0.73,0.04,0.5,0.46,,,237.177,True,False,True,True,0xee48e75f45d6563ca0977a85fe81d6c59c53b3a3e1109763cdd984d20bf7a53a
2026-08-28T14:38:06.367149+00:00,923629,3942700,Chicago be between 64-65°F,2026-08-29,lowest_temperature,Will the lowest temperature in Chicago be between 64-65°F on August 29?,64-65°F,5.0,0.355,0.645,0.21,0.5,0.29000000000000004,,,185.7232,True,False,True,True,0xacbf30184a9e16796a4310120916649fbe468d930f4172fd863de0ed5ed61f64
2026-08-28T14:38:06.367162+00:00,923629,3942701,Chicago be between 66-67°F,2026-08-29,lowest_temperature,Will the lowest temperature in Chicago be between 66-67°F on August 29?,66-67°F,6.0,0.315,0.685,0.15,0.48,0.32999999999999996,,,258.2135,True,False,True,True,0x16ac9d78609ebe577538e75f6193c6b2bfb1b01c7f7977f7a61829512686b7f8
2026-08-28T14:38:06.367174+00:00,923629,3942702,Chicago be between 68-69°F,2026-08-29,lowest_temperature,Will the lowest temperature in Chicago be between 68-69°F on August 29?,68-69°F,7.0,0.26,0.74,0.03,0.49,0.45999999999999996,,,211.9923,True,False,True,True,0xd9a34dd6d1c28f1f924e2e2fdded58465183f55de2f272308fdedae22713f175
2026-08-28T14:38:06.367185+00:00,923629,3942703,Chicago be between 70-71°F,2026-08-29,lowest_temperature,Will the lowest temperature in Chicago be between 70-71°F on August 29?,70-71°F,8.0,0.23,0.77,0.01,0.45,0.44,,,244.6976,True,False,True,True,0xd07ea83d923038515587f80cae01586c014f05bd4787ffbd556dbffb60065cd5
2026-08-28T14:38:06.367199+00:00,923629,3942704,Chicago be between 72-73°F,2026-08-29,lowest_temperature,Will the lowest temperature in Chicago be between 72-73°F on August 29?,72-73°F,9.0,0.19,0.81,,0.38,,5.0,5.0,306.8971,True,False,True,True,0x4232a890d87636416002cd5ee6419a6df483cab4a454f9406fdffb8e6eb36c68
2026-08-28T14:38:06.367211+00:00,923629,3942705,Chicago be 74°F or higher,2026-08-29,lowest_temperature,Will the lowest temperature in Chicago be 74°F or higher on August 29?,74°F or higher,10.0,0.25,0.75,,0.5,,5.0,5.0,133.509,True,False,True,True,0x62b32e6f1442fa29669bd882b193c2750cebed0c09262ed8d4ed331d7e941725
2026-08-28T14:38:06.367223+00:00,923630,3942706,Austin be 67°F or below,2026-08-29,lowest_temperature,Will the lowest temperature in Austin be 67°F or below on August 29?,67°F or below,0.0,0.245,0.755,,0.49,,5.0,5.0,83.6793,True,False,True,True,0x874b8c63955ac2e18fa92f63e13b4bdbe878f22e58ab9134f6b4ac59b0744c3e
2026-08-28T14:38:06.367234+00:00,923630,3942707,Austin be between 68-69°F,2026-08-29,lowest_temperature,Will the lowest temperature in Austin be between 68-69°F on August 29?,68-69°F,1.0,0.1,0.9,,0.2,,,,205.521,True,False,True,True,0x2e16b21d1c404ef0d334bbc66ea86a724305c53ba9f67c95a3485ee5c037486e
2026-08-28T14:38:06.367247+00:00,923630,3942708,Austin be between 70-71°F,2026-08-29,lowest_temperature,Will the lowest temperature in Austin be between 70-71°F on August 29?,70-71°F,2.0,0.26,0.74,0.03,0.49,0.45999999999999996,,,138.2834,True,False,True,True,0x913bcf29b2ab0e5b6f2baa1d3f1784229819e9ee1f94a4979b7cf3eeaec53831
2026-08-28T14:38:06.367260+00:00,923630,3942709,Austin be between 72-73°F,2026-08-29,lowest_temperature,Will the lowest temperature in Austin be between 72-73°F on August 29?,72-73°F,3.0,0.29,0.71,0.08,0.5,0.42,,,138.1171,True,False,True,True,0xd420bbe69c02d983230ffee802e92bf028128e98ce73c358f69e652a743152b3
2026-08-28T14:38:06.367272+00:00,923630,3942710,Austin be between 74-75°F,2026-08-29,lowest_temperature,Will the lowest temperature in Austin be between 74-75°F on August 29?,74-75°F,4.0,0.28,0.72,0.06,0.5,0.44,,,145.0279,True,False,True,True,0x0a29654bd4c6365aba4196724e870805cccfafca4aef1bdc5dc22bd4778a982e
2026-08-28T14:38:06.367284+00:00,923630,3942711,Austin be between 76-77°F,2026-08-29,lowest_temperature,Will the lowest temperature in Austin be between 76-77°F on August 29?,76-77°F,5.0,0.245,0.755,,0.49,,,,133.2714,True,False,True,True,0xf71986f41853cdabc6e4b0314193af9aad2efe31216f889357f8c9031109b4ff
2026-08-28T14:38:06.367295+00:00,923630,3942712,Austin be between 78-79°F,2026-08-29,lowest_temperature,Will the lowest temperature in Austin be between 78-79°F on August 29?,78-79°F,6.0,0.245,0.755,,0.49,,,,132.2514,True,False,True,True,0x09b62284f34a53b85150e8692f21f2b816bbc97b14dd3977a0124caf2ff5ece2
2026-08-28T14:38:06.367307+00:00,923630,3942713,Austin be between 80-81°F,2026-08-29,lowest_temperature,Will the lowest temperature in Austin be between 80-81°F on August 29?,80-81°F,7.0,0.245,0.755,,0.49,,,,131.7423,True,False,True,True,0x4a6d50a14a972837393433d112ef81f6bd2d706b86dad13433381294ec145b38
2026-08-28T14:38:06.367319+00:00,923630,3942714,Austin be between 82-83°F,2026-08-29,lowest_temperature,Will the lowest temperature in Austin be between 82-83°F on August 29?,82-83°F,8.0,0.01,0.99,,0.02,,5.0,5.0,243.4152,True,False,True,True,0x6675b07e721e1b50b06403fbc1b717f30218659acefbcdbf43fb0582959bf42b
2026-08-28T14:38:06.367334+00:00,923630,3942715,Austin be between 84-85°F,2026-08-29,lowest_temperature,Will the lowest temperature in Austin be between 84-85°F on August 29?,84-85°F,9.0,0.06,0.94,,0.12,,135.0,135.0,471.6777,True,False,True,True,0x2b25f00108d72cb40c1774a855c5eb95eae524c3e06b11b40d88d453a46707f7
2026-08-28T14:38:06.367346+00:00,923630,3942716,Austin be 86°F or higher,2026-08-29,lowest_temperature,Will the lowest temperature in Austin be 86°F or higher on August 29?,86°F or higher,10.0,0.275,0.725,,0.55,,5.0,5.0,82.8993,True,False,True,True,0xa479b179377912fce027371d638d41649e6ead70996a36691ba9dc01520e2340
2026-08-28T14:38:06.367359+00:00,923631,3942717,Denver be 57°F or below,2026-08-29,lowest_temperature,Will the lowest temperature in Denver be 57°F or below on August 29?,57°F or below,0.0,0.075,0.925,,0.15,,64.0,64.0,347.5587,True,False,True,True,0x25ea6d398aef3830abfd37e36667ee36b6ffc55f508d229bf83c3a4a568f56b9
2026-08-28T14:38:06.367373+00:00,923631,3942718,Denver be between 58-59°F,2026-08-29,lowest_temperature,Will the lowest temperature in Denver be between 58-59°F on August 29?,58-59°F,1.0,0.26,0.74,0.03,0.49,0.45999999999999996,,,254.9023,True,False,True,True,0x6e0c1ab491a05d639349079a6a3a6a679cf9250e1c0e33487f80344a71b36327
2026-08-28T14:38:06.367386+00:00,923631,3942719,Denver be between 60-61°F,2026-08-29,lowest_temperature,Will the lowest temperature in Denver be between 60-61°F on August 29?,60-61°F,2.0,0.25,0.75,0.01,0.49,0.48,,,286.5723,True,False,True,True,0x7351bc8d83435389ae40ed18cc5a38b486ec7ba6848d3ad805c41ccd90b097d2
2026-08-28T14:38:06.367400+00:00,923631,3942720,Denver be between 62-63°F,2026-08-29,lowest_temperature,Will the lowest temperature in Denver be between 62-63°F on August 29?,62-63°F,3.0,0.26,0.74,0.03,0.49,0.45999999999999996,,,274.9323,True,False,True,True,0x01a7c90e00b8d82ae74b837e38dcee08ae96c9cb59f28a2bbf2c8509392d98f7
2026-08-28T14:38:06.367412+00:00,923631,3942721,Denver be between 64-65°F,2026-08-29,lowest_temperature,Will the lowest temperature in Denver be between 64-65°F on August 29?,64-65°F,4.0,0.28,0.72,0.06,0.5,0.44,,,262.6435,True,False,True,True,0x6b839c966be8ca39234e8b918e1335ce0d438ba21695b2596f2c9b128fe75aa2
2026-08-28T14:38:06.367424+00:00,923631,3942722,Denver be between 66-67°F,2026-08-29,lowest_temperature,Will the lowest temperature in Denver be between 66-67°F on August 29?,66-67°F,5.0,0.35,0.65,0.2,0.5,0.3,,,235.1157,True,False,True,True,0x9119d0b68a524e349663763b1b6419b9ddf89445e8d04f071ea17e459c76cbfb
2026-08-28T14:38:06.367436+00:00,923631,3942723,Denver be between 68-69°F,2026-08-29,lowest_temperature,Will the lowest temperature in Denver be between 68-69°F on August 29?,68-69°F,6.0,0.3,0.7,0.1,0.5,0.4,,,268.2377,True,False,True,True,0x615e258ce79417fb0603b61bd581469fa17ef316277bbece34c632f5e69b259c
2026-08-28T14:38:06.367447+00:00,923631,3942724,Denver be between 70-71°F,2026-08-29,lowest_temperature,Will the lowest temperature in Denver be between 70-71°F on August 29?,70-71°F,7.0,0.25,0.75,0.01,0.49,0.48,,,272.4123,True,False,True,True,0xc59c9c4e5f451865033837247e0248f6882c24dfd765efb4b2abf5cb307f0be0
2026-08-28T14:38:06.367459+00:00,923631,3942725,Denver be between 72-73°F,2026-08-29,lowest_temperature,Will the lowest temperature in Denver be between 72-73°F on August 29?,72-73°F,8.0,0.08,0.92,0.01,0.15,0.13999999999999999,4.0404,4.0404,458.9229,True,False,True,True,0x3c97f48b6c36f05fe06c55879de363ffca1481a7ea6fd80279630f58bd4b2114
2026-08-28T14:38:06.367471+00:00,923631,3942726,Denver be between 74-75°F,2026-08-29,lowest_temperature,Will the lowest temperature in Denver be between 74-75°F on August 29?,74-75°F,9.0,0.185,0.815,,0.37,,5.0,5.0,422.3747,True,False,True,True,0xb5699927a96d5e543b97e7e6f1e8d8fbd7cb7918e62cbdac13812b2da08e4a7c
2026-08-28T14:38:06.367483+00:00,923631,3942727,Denver be 76°F or higher,2026-08-29,lowest_temperature,Will the lowest temperature in Denver be 76°F or higher on August 29?,76°F or higher,10.0,0.01,0.99,,0.02,,5.0,5.0,472.9298,True,False,True,True,0xdf3da6ff6870e2d28452cf775a0616623c6154272fbab664d36a73b12bc778f6
2026-08-28T14:38:06.367495+00:00,923632,3942728,Houston be 67°F or below,2026-08-29,lowest_temperature,Will the lowest temperature in Houston be 67°F or below on August 29?,67°F or below,0.0,0.015,0.985,,0.03,,5.0,5.0,347.9987,True,False,True,True,0xf324c0e0e6a61b7a9aeae2a7c2e07656cd7269e72dd71db21952f1c72e0d4646
2026-08-28T14:38:06.367507+00:00,923632,3942729,Houston be between 68-69°F,2026-08-29,lowest_temperature,Will the lowest temperature in Houston be between 68-69°F on August 29?,68-69°F,1.0,0.055,0.945,,0.11,,5.0,5.0,294.8778,True,False,True,True,0xf7fcbff7c4b0e477d24748f88a570d66b45c24dc2ddbc2315e0d3e0f149b9a75
2026-08-28T14:38:06.367520+00:00,923632,3942730,Houston be between 70-71°F,2026-08-29,lowest_temperature,Will the lowest temperature in Houston be between 70-71°F on August 29?,70-71°F,2.0,0.12,0.88,,0.24,,5.0,5.0,221.3175,True,False,True,True,0x965d733950e2139419762ac687d9e1de9b3afb9c03b9b04408733437d45c8dfc
2026-08-28T14:38:06.367532+00:00,923632,3942731,Houston be between 72-73°F,2026-08-29,lowest_temperature,Will the lowest temperature in Houston be between 72-73°F on August 29?,72-73°F,3.0,0.26,0.74,0.03,0.49,0.45999999999999996,,,146.8423,True,False,True,True,0x0ad682bd4d2fbb9fceea373eaefd76280ebb1dca94de96150cfc1a5e3460b290
2026-08-28T14:38:06.367544+00:00,923632,3942732,Houston be between 74-75°F,2026-08-29,lowest_temperature,Will the lowest temperature in Houston be between 74-75°F on August 29?,74-75°F,4.0,0.26,0.74,0.03,0.49,0.45999999999999996,,,148.1048,True,False,True,True,0xeb1a02fcf3ef2134ae21f06391fb085cdeaa3085f0bbf8f96ecc02deb0c006ca
2026-08-28T14:38:06.367556+00:00,923632,3942733,Houston be between 76-77°F,2026-08-29,lowest_temperature,Will the lowest temperature in Houston be between 76-77°F on August 29?,76-77°F,5.0,0.285,0.715,0.07,0.5,0.43,,,156.1867,True,False,True,True,0x7f0d2b6b2c742a51ce1348024c1badaba15f5ddbc37a6073001c9a700ab0c5a7
2026-08-28T14:38:06.367570+00:00,923632,3942734,Houston be between 78-79°F,2026-08-29,lowest_temperature,Will the lowest temperature in Houston be between 78-79°F on August 29?,78-79°F,6.0,0.32,0.68,0.08,0.56,0.48000000000000004,18.768517,18.768517,141.0272,True,False,True,True,0x8290cfde8daf4ba02a0b8df4b014a923162403df99d1c8eacc603cfee55fe39d
2026-08-28T14:38:06.367583+00:00,923632,3942735,Houston be between 80-81°F,2026-08-29,lowest_temperature,Will the lowest temperature in Houston be between 80-81°F on August 29?,80-81°F,7.0,0.26,0.74,0.03,0.49,0.45999999999999996,,,141.5123,True,False,True,True,0x507ea819716bcb500ade1cce5b79e372f4a3251536eb39768c69a5072af9cf9c
2026-08-28T14:38:06.367597+00:00,923632,3942736,Houston be between 82-83°F,2026-08-29,lowest_temperature,Will the lowest temperature in Houston be between 82-83°F on August 29?,82-83°F,8.0,0.25,0.75,0.01,0.49,0.48,,,140.6948,True,False,True,True,0x8759f38f1b9a57c256400b04cdeb3d5ceea7129caec87bd0a583affe3cbfcc0e
2026-08-28T14:38:06.367608+00:00,923632,3942737,Houston be between 84-85°F,2026-08-29,lowest_temperature,Will the lowest temperature in Houston be between 84-85°F on August 29?,84-85°F,9.0,0.01,0.99,,0.02,,10.0,10.0,254.0174,True,False,True,True,0xef8be2c58d8108794e00777373accd47bfd4ca2821d96e5565fc06bc97efe64d
2026-08-28T14:38:06.367620+00:00,923632,3942738,Houston be 86°F or higher,2026-08-29,lowest_temperature,Will the lowest temperature in Houston be 86°F or higher on August 29?,86°F or higher,10.0,0.155,0.845,,0.31,,5.0,5.0,220.3996,True,False,True,True,0x00bc9ce19ce109e885a5b8ae4d11a39d85c3cd825dd30a4ee97422b7be5700d2
2026-08-28T14:38:06.367633+00:00,923633,3942739,Los Angeles be 65°F or below,2026-08-29,lowest_temperature,Will the lowest temperature in Los Angeles be 65°F or below on August 29?,65°F or below,0.0,0.44,0.56,,0.88,,5.0,5.0,32.6376,True,False,True,True,0x65d1be135553b04f4a10fb4cac3428c37b6907c0c42926598193014630465f46
2026-08-28T14:38:06.367648+00:00,923633,3942740,Los Angeles be between 66-67°F,2026-08-29,lowest_temperature,Will the lowest temperature in Los Angeles be between 66-67°F on August 29?,66-67°F,1.0,0.26,0.74,0.03,0.49,0.45999999999999996,,,149.6723,True,False,True,True,0x49b284332892eb972427f3c47f7ff40e5c7add84343416a6cf9735ea0eb887c9
2026-08-28T14:38:06.367661+00:00,923633,3942741,Los Angeles be between 68-69°F,2026-08-29,lowest_temperature,Will the lowest temperature in Los Angeles be between 68-69°F on August 29?,68-69°F,2.0,0.26,0.74,0.03,0.49,0.45999999999999996,,,156.8033,True,False,True,True,0x8818e4b15a147fd5dd494d1060681afe44aa6f491cb1ca8707d1f0515d70dbf7
2026-08-28T14:38:06.367674+00:00,923633,3942742,Los Angeles be between 70-71°F,2026-08-29,lowest_temperature,Will the lowest temperature in Los Angeles be between 70-71°F on August 29?,70-71°F,3.0,0.26,0.74,0.03,0.49,0.45999999999999996,,,126.2033,True,False,True,True,0x5e04065f6452e6cf0ae6a55d5bcf6a58ea6488b39bf80eae334326d343e58f44
2026-08-28T14:38:06.367687+00:00,923633,3942743,Los Angeles be between 72-73°F,2026-08-29,lowest_temperature,Will the lowest temperature in Los Angeles be between 72-73°F on August 29?,72-73°F,4.0,0.285,0.715,0.03,0.54,0.51,15.953702,15.953702,107.6789,True,False,True,True,0xc128e6fddb93ccea568a8ff4587f30a50917b50ca9f5b11b7a1493dd5c12de0d
2026-08-28T14:38:06.367707+00:00,923633,3942744,Los Angeles be between 74-75°F,2026-08-29,lowest_temperature,Will the lowest temperature in Los Angeles be between 74-75°F on August 29?,74-75°F,5.0,0.265,0.735,0.03,0.5,0.47,,,140.1608,True,False,True,True,0xd0e590d8f83cb0da573232ee84c975129c2587191cd80f6e64007e6f0e44071c
2026-08-28T14:38:06.367720+00:00,923633,3942745,Los Angeles be between 76-77°F,2026-08-29,lowest_temperature,Will the lowest temperature in Los Angeles be between 76-77°F on August 29?,76-77°F,6.0,0.015,0.985,,0.03,,15.0,15.0,152.8077,True,False,True,True,0x5e9319158587b51019d707cd10f316f35cccdb3894fe68c7511f4cf9886d4f54
2026-08-28T14:38:06.367733+00:00,923633,3942746,Los Angeles be between 78-79°F,2026-08-29,lowest_temperature,Will the lowest temperature in Los Angeles be between 78-79°F on August 29?,78-79°F,7.0,0.01,0.99,,0.02,,5.0,5.0,158.9559,True,False,True,True,0x724b6cf08f78471439f5a34b56967fd01bd1a9accd0a0382ddad72b3b0b9db49
2026-08-28T14:38:06.367744+00:00,923633,3942747,Los Angeles be between 80-81°F,2026-08-29,lowest_temperature,Will the lowest temperature in Los Angeles be between 80-81°F on August 29?,80-81°F,8.0,0.245,0.755,,0.49,,5.0,5.0,114.5338,True,False,True,True,0xf91ec47dfda4b3efbc56c3ab51d73a5cccdb38a733e91515b66826b2d6b67bc3
2026-08-28T14:38:06.367757+00:00,923633,3942748,Los Angeles be between 82-83°F,2026-08-29,lowest_temperature,Will the lowest temperature in Los Angeles be between 82-83°F on August 29?,82-83°F,9.0,0.245,0.755,,0.49,,5.0,5.0,116.6607,True,False,True,True,0x3c8d5c35c3ca08005a2e0ef9ce2ea9be1b11782ea634d87dd17c2bdbb8d2808a
2026-08-28T14:38:06.367769+00:00,923633,3942749,Los Angeles be 84°F or higher,2026-08-29,lowest_temperature,Will the lowest temperature in Los Angeles be 84°F or higher on August 29?,84°F or higher,10.0,0.0055,0.9945,0.001,0.01,0.009000000000000001,15.61,15.61,235.92744,True,False,True,True,0xad62d5d3d70254959be43bcc442f2620a510ef41a172902a8b7a3a1b712c2079
2026-08-28T14:38:06.367782+00:00,923634,3942750,San Francisco be 49°F or below,2026-08-29,lowest_temperature,Will the lowest temperature in San Francisco be 49°F or below on August 29?,49°F or below,0.0,0.145,0.855,,0.29,,5.0,5.0,277.3297,True,False,True,True,0xe66c30f42df95edf8f84c6133741c967b848417eff996c42fcbd75b4faaa7857
2026-08-28T14:38:06.367796+00:00,923634,3942751,San Francisco be between 50-51°F,2026-08-29,lowest_temperature,Will the lowest temperature in San Francisco be between 50-51°F on August 29?,50-51°F,1.0,0.245,0.755,,0.49,,5.0,5.0,186.2234,True,False,True,True,0x0182200ad1713958760061fe3030e0fb2b9e961b4f18af465958a0448b42c315
2026-08-28T14:38:06.367811+00:00,923634,3942752,San Francisco be between 52-53°F,2026-08-29,lowest_temperature,Will the lowest temperature in San Francisco be between 52-53°F on August 29?,52-53°F,2.0,0.115,0.885,0.03,0.2,0.17,,,227.053,True,False,True,True,0x586119bb06001777389a0a975bb158e56fb93587d44931e87433c29c4c627098
2026-08-28T14:38:06.367823+00:00,923634,3942753,San Francisco be between 54-55°F,2026-08-29,lowest_temperature,Will the lowest temperature in San Francisco be between 54-55°F on August 29?,54-55°F,3.0,0.25,0.75,0.03,0.47,0.43999999999999995,,,209.8534,True,False,True,True,0xa75ea3847c0df572d9f8e509420d0511fbcf3247aa0c711f736791d95bd63ba0
2026-08-28T14:38:06.367838+00:00,923634,3942754,San Francisco be between 56-57°F,2026-08-29,lowest_temperature,Will the lowest temperature in San Francisco be between 56-57°F on August 29?,56-57°F,4.0,0.385,0.615,0.27,0.5,0.22999999999999998,,,214.5946,True,False,True,True,0x11f224003a3b45e2cd9b19df28a9e38067c8c537268f6b42d3a3826ef91bb561
2026-08-28T14:38:06.367850+00:00,923634,3942755,San Francisco be between 58-59°F,2026-08-29,lowest_temperature,Will the lowest temperature in San Francisco be between 58-59°F on August 29?,58-59°F,5.0,0.3,0.7,0.1,0.5,0.4,,,250.6775,True,False,True,True,0xd8192595285487d4f2ca30e6851eec647a2c435c9ec3c5553191d9c784ed9645
2026-08-28T14:38:06.367863+00:00,923634,3942756,San Francisco be between 60-61°F,2026-08-29,lowest_temperature,Will the lowest temperature in San Francisco be between 60-61°F on August 29?,60-61°F,6.0,0.26,0.74,0.03,0.49,0.45999999999999996,,,199.7062,True,False,True,True,0xd1bfb79e2d9e4e02d9e04198cde4473d8268f852771fd69df9801a884532b37c
2026-08-28T14:38:06.367875+00:00,923634,3942757,San Francisco be between 62-63°F,2026-08-29,lowest_temperature,Will the lowest temperature in San Francisco be between 62-63°F on August 29?,62-63°F,7.0,0.01,0.99,,0.02,,5.0,5.0,192.1426,True,False,True,True,0x8d00ec324669eb885dec6df3eb55b80db23cd8eba3161d9dca48cc91f108397e
2026-08-28T14:38:06.367888+00:00,923634,3942758,San Francisco be between 64-65°F,2026-08-29,lowest_temperature,Will the lowest temperature in San Francisco be between 64-65°F on August 29?,64-65°F,8.0,0.0055,0.9945,0.001,0.01,0.009000000000000001,5.0,5.0,894.594,True,False,True,True,0x850db59b5fbeb8c43e945ef9c91a60ee5b31e2aa2b3d78fe53ea7f48a45e9677
2026-08-28T14:38:06.367902+00:00,923634,3942759,San Francisco be between 66-67°F,2026-08-29,lowest_temperature,Will the lowest temperature in San Francisco be between 66-67°F on August 29?,66-67°F,9.0,0.06,0.94,,0.12,,135.0,135.0,862.1761,True,False,True,True,0x90b43662af9a62e5ce6fbad93fd4b55624f3f78566b06355ac49c458c1394847
2026-08-28T14:38:06.367915+00:00,923634,3942760,San Francisco be 68°F or higher,2026-08-29,lowest_temperature,Will the lowest temperature in San Francisco be 68°F or higher on August 29?,68°F or higher,10.0,0.0055,0.9945,0.001,0.01,0.009000000000000001,5.0,5.0,1151.53752,True,False,True,True,0xda235ffdaeeb544002c8dc68afb154537b687717497e9e72c055c1539f5c5a38
2026-08-28T14:38:06.367929+00:00,923635,3942761,Mexico City be 9°C or below,2026-08-29,lowest_temperature,Will the lowest temperature in Mexico City be 9°C or below on August 29?,9°C or below,0.0,0.405,0.595,,0.81,,135.0,135.0,59.6085,True,False,True,True,0x74e2ca27b558c908d4d6273b8252cd0735bba6b5243bc31d698198d476e876ab
2026-08-28T14:38:06.367943+00:00,923635,3942762,Mexico City be 10°C,2026-08-29,lowest_temperature,Will the lowest temperature in Mexico City be 10°C on August 29?,10°C,1.0,0.015,0.985,0.01,0.02,0.01,54.0,54.0,329.0456,True,False,True,True,0x69740c5528f04e3e8596b76d05e13235a6f9279626043d97582c68d54b4e7294
2026-08-28T14:38:06.367955+00:00,923635,3942763,Mexico City be 11°C,2026-08-29,lowest_temperature,Will the lowest temperature in Mexico City be 11°C on August 29?,11°C,2.0,0.26,0.74,0.03,0.49,0.45999999999999996,,,116.9518,True,False,True,True,0x253f09612917816c189b300a7080057144a01e8eccf2ec920d2dc00f92447f67
2026-08-28T14:38:06.367967+00:00,923635,3942764,Mexico City be 12°C,2026-08-29,lowest_temperature,Will the lowest temperature in Mexico City be 12°C on August 29?,12°C,3.0,0.26,0.74,0.03,0.49,0.45999999999999996,,,117.1427,True,False,True,True,0xabea79c7fcbc84ededcaeb370f1ac04084beae2a1a5afc85607886ea060e2559
2026-08-28T14:38:06.367979+00:00,923635,3942765,Mexico City be 13°C,2026-08-29,lowest_temperature,Will the lowest temperature in Mexico City be 13°C on August 29?,13°C,4.0,0.26,0.74,0.03,0.49,0.45999999999999996,,,125.1327,True,False,True,True,0xd5b1ef42722daa8fd63f3f54dd4075d52eda907d15b97e2a692328461bc91d8c
2026-08-28T14:38:06.367991+00:00,923635,3942766,Mexico City be 14°C,2026-08-29,lowest_temperature,Will the lowest temperature in Mexico City be 14°C on August 29?,14°C,5.0,0.265,0.735,0.03,0.5,0.47,,,162.2312,True,False,True,True,0x6de534316141f581e72fd0b66599548a3987061f16597027b8014d48fe5cd68f
2026-08-28T14:38:06.368003+00:00,923635,3942767,Mexico City be 15°C,2026-08-29,lowest_temperature,Will the lowest temperature in Mexico City be 15°C on August 29?,15°C,6.0,0.27,0.73,0.04,0.5,0.46,,,109.9312,True,False,True,True,0xfed0da67195a576b2ac942966d454f4beeee6a01a2fb182c86979009c07f9920
2026-08-28T14:38:06.368017+00:00,923635,3942768,Mexico City be 16°C,2026-08-29,lowest_temperature,Will the lowest temperature in Mexico City be 16°C on August 29?,16°C,7.0,0.26,0.74,0.02,0.5,0.48,,,99.011,True,False,True,True,0xfe8351b85bd9112cb0b41d50e868e29ef863c668edcf0efbdd8f8bc5cec0b173
2026-08-28T14:38:06.368029+00:00,923635,3942769,Mexico City be 17°C,2026-08-29,lowest_temperature,Will the lowest temperature in Mexico City be 17°C on August 29?,17°C,8.0,0.25,0.75,0.01,0.49,0.48,,,116.7639,True,False,True,True,0x5114a5f35d69994fe23e5f3d96939b548e0ee18ea0373feb08bf2004551c10a0
2026-08-28T14:38:06.368041+00:00,923635,3942770,Mexico City be 18°C,2026-08-29,lowest_temperature,Will the lowest temperature in Mexico City be 18°C on August 29?,18°C,9.0,0.245,0.755,,0.49,,5.0,5.0,118.9243,True,False,True,True,0xa31ee0dc771ad4d5f5b8ab174dee0d70146240c42040faf07b0984067cb3b569
2026-08-28T14:38:06.368054+00:00,923635,3942771,Mexico City be 19°C or higher,2026-08-29,lowest_temperature,Will the lowest temperature in Mexico City be 19°C or higher on August 29?,19°C or higher,10.0,0.425,0.575,,0.85,,10.01,10.01,18.069,True,False,True,True,0xb3a548d5226fe8c38912ca6151764b1900b654525e5cdf17d99f5a256caf2ebe
2026-08-28T14:38:06.368067+00:00,923636,3942772,Panama City be 19°C or below,2026-08-29,lowest_temperature,Will the lowest temperature in Panama City be 19°C or below on August 29?,19°C or below,0.0,0.42,0.58,,0.84,,5.0,5.0,43.6859,True,False,True,True,0x70c700e312a46784ebec9e9b490929897c99edc34d782a7b19eafda9a74f2549
2026-08-28T14:38:06.368084+00:00,923636,3942773,Panama City be 20°C,2026-08-29,lowest_temperature,Will the lowest temperature in Panama City be 20°C on August 29?,20°C,1.0,0.235,0.765,,0.47,,5.0,5.0,98.4858,True,False,True,True,0x60a5dc3f51646d4ae8bd6116071308cb0ec30c24bbb0da05f1bc282ef3b9e8b6
2026-08-28T14:38:06.368097+00:00,923636,3942774,Panama City be 21°C,2026-08-29,lowest_temperature,Will the lowest temperature in Panama City be 21°C on August 29?,21°C,2.0,0.415,0.585,,0.83,,5.0,5.0,59.045,True,False,True,True,0xc1675334d602465b0d86a1e14c240430b7e90025da239d37765942334877860a
2026-08-28T14:38:06.368109+00:00,923636,3942775,Panama City be 22°C,2026-08-29,lowest_temperature,Will the lowest temperature in Panama City be 22°C on August 29?,22°C,3.0,0.425,0.575,,0.85,,5.0,5.0,55.0964,True,False,True,True,0x79f1ebddb38ec5e9566f5f1258243466228eb43b2bb45892d1ac0e1219fc1687
2026-08-28T14:38:06.368121+00:00,923636,3942776,Panama City be 23°C,2026-08-29,lowest_temperature,Will the lowest temperature in Panama City be 23°C on August 29?,23°C,4.0,0.45,0.55,0.03,0.87,0.84,,,61.8941,True,False,True,True,0xc479643adbe9469cc6c8f6b8f660d4d1149510d305489801386617452b9ecc8a
2026-08-28T14:38:06.368133+00:00,923636,3942777,Panama City be 24°C,2026-08-29,lowest_temperature,Will the lowest temperature in Panama City be 24°C on August 29?,24°C,5.0,0.455,0.545,0.03,0.88,0.85,,,74.0752,True,False,True,True,0xf22dc12b620ac8dc37835efb1f09c6c738d74992da681c25fed6edeba9ef40f8
2026-08-28T14:38:06.368145+00:00,923636,3942778,Panama City be 25°C,2026-08-29,lowest_temperature,Will the lowest temperature in Panama City be 25°C on August 29?,25°C,6.0,0.455,0.545,0.03,0.88,0.85,,,65.4813,True,False,True,True,0x8d3689c8ac6029ca244798489dbde96ef7f10933a6f89962bb9929b762297dba
2026-08-28T14:38:06.368157+00:00,923636,3942779,Panama City be 26°C,2026-08-29,lowest_temperature,Will the lowest temperature in Panama City be 26°C on August 29?,26°C,7.0,0.46,0.54,0.04,0.88,0.84,,,51.89,True,False,True,True,0xa3788bc2bf0966700f4ee7b1f537f72196c5b8912c1b956fa22af0d1d9ad0819
2026-08-28T14:38:06.368168+00:00,923636,3942780,Panama City be 27°C,2026-08-29,lowest_temperature,Will the lowest temperature in Panama City be 27°C on August 29?,27°C,8.0,0.455,0.545,0.03,0.88,0.85,,,49.2209,True,False,True,True,0x2bb96c15e519587fedc127f4c214ecdda7fea5dbd80e35152e6f8f24b6995916
2026-08-28T14:38:06.368179+00:00,923636,3942781,Panama City be 28°C,2026-08-29,lowest_temperature,Will the lowest temperature in Panama City be 28°C on August 29?,28°C,9.0,0.425,0.575,0.01,0.84,0.83,5.0505,5.0505,58.2957,True,False,True,True,0xfe01a93580f0dee4040d994daf6e4f78b4cc0d4325cc4a42b383fca8fc092bbc
2026-08-28T14:38:06.368190+00:00,923636,3942782,Panama City be 29°C or higher,2026-08-29,lowest_temperature,Will the lowest temperature in Panama City be 29°C or higher on August 29?,29°C or higher,10.0,0.43,0.57,,0.86,,5.0,5.0,22.5621,True,False,True,True,0xd673505ffca17c92e1b706a7d5e541ebb19602d4f93d283c2aa9cf6421de3ec7
2026-08-28T14:38:06.368203+00:00,924172,3944056,Jinan be 12°C or below,2026-08-29,lowest_temperature,Will the lowest temperature in Jinan be 12°C or below on August 29?,12°C or below,0.0,0.21,0.79,,0.42,,5.0,5.0,28.7997,True,False,True,True,0xc2e0d2b91d6fa5157949a4fd39b66b6d32cf9028b35bc49df3114892cb9448ed
2026-08-28T14:38:06.368219+00:00,924172,3944057,Jinan be 13°C,2026-08-29,lowest_temperature,Will the lowest temperature in Jinan be 13°C on August 29?,13°C,1.0,0.245,0.755,,0.49,,5.0,5.0,76.2814,True,False,True,True,0x887b7d0e0188e9dcdbcc79feeb30f19dad1117e481afd33a8f7c6e2cb507bca3
2026-08-28T14:38:06.368232+00:00,924172,3944058,Jinan be 14°C,2026-08-29,lowest_temperature,Will the lowest temperature in Jinan be 14°C on August 29?,14°C,2.0,0.245,0.755,,0.49,,5.0,5.0,76.2814,True,False,True,True,0x53500e663a6da2b0405572263d8f00cc7d48a0a72aa9361d6156fd3e9bf3d853
2026-08-28T14:38:06.368243+00:00,924172,3944059,Jinan be 15°C,2026-08-29,lowest_temperature,Will the lowest temperature in Jinan be 15°C on August 29?,15°C,3.0,0.245,0.755,,0.49,,134.98239999999998,134.98239999999998,70.2301,True,False,True,True,0x17820022264fb2c3a89f9527d56fc66ea7ab2126ea397aa4a29042596642c4c4
2026-08-28T14:38:06.368255+00:00,924172,3944060,Jinan be 16°C,2026-08-29,lowest_temperature,Will the lowest temperature in Jinan be 16°C on August 29?,16°C,4.0,0.23,0.77,,0.46,,395.0,395.0,80.4797,True,False,True,True,0x281b1c4f5db54bb612e0fe6436cf2568d6ba6a6ce6b7ef9ae08d120afb24765a
2026-08-28T14:38:06.368267+00:00,924172,3944061,Jinan be 17°C,2026-08-29,lowest_temperature,Will the lowest temperature in Jinan be 17°C on August 29?,17°C,5.0,0.25,0.75,0.01,0.49,0.48,,,69.0814,True,False,True,True,0x19b0b2ec3ab2cd7716592838db5eaf99a42a35ed1f1fdfeaf28d4daf982f0535
2026-08-28T14:38:06.368278+00:00,924172,3944062,Jinan be 18°C,2026-08-29,lowest_temperature,Will the lowest temperature in Jinan be 18°C on August 29?,18°C,6.0,0.25,0.75,,0.5,,,,68.7301,True,False,True,True,0x36d0ffe630731a6488cddc88e87baafe22b4c6fdfa0a2f326b44901582a701a4
2026-08-28T14:38:06.368289+00:00,924172,3944063,Jinan be 19°C,2026-08-29,lowest_temperature,Will the lowest temperature in Jinan be 19°C on August 29?,19°C,7.0,0.25,0.75,,0.5,,,,68.4301,True,False,True,True,0xc1a86563948978b528ed5320a3acbd15dfa1ee843787ac0fe65bbbbc40bd9e86
2026-08-28T14:38:06.368300+00:00,924172,3944064,Jinan be 20°C,2026-08-29,lowest_temperature,Will the lowest temperature in Jinan be 20°C on August 29?,20°C,8.0,0.27,0.73,0.04,0.5,0.46,,,77.7201,True,False,True,True,0xebf52d889731e2380eada8c5cccb34c500b58bd6c6a831cb8707998f34105a00
2026-08-28T14:38:06.368312+00:00,924172,3944065,Jinan be 21°C,2026-08-29,lowest_temperature,Will the lowest temperature in Jinan be 21°C on August 29?,21°C,9.0,0.265,0.735,0.03,0.5,0.47,,,81.2001,True,False,True,True,0x1bffc03dc0fbc673103af634c2dc122bc5c1829f93c2c04c197b783e95cf591a
2026-08-28T14:38:06.368325+00:00,924172,3944066,Jinan be 22°C or higher,2026-08-29,lowest_temperature,Will the lowest temperature in Jinan be 22°C or higher on August 29?,22°C or higher,10.0,0.47,0.53,0.01,0.93,0.92,68.2828,68.2828,13.198,True,False,True,True,0xc50d0b8dc29fccff3d09079129722b165c640210a1ae17d46a8a6035220928c4
2026-08-28T14:38:06.368339+00:00,924173,3944067,Zhengzhou be 15°C or below,2026-08-29,lowest_temperature,Will the lowest temperature in Zhengzhou be 15°C or below on August 29?,15°C or below,0.0,0.455,0.545,,0.91,,5.0,5.0,11.5396,True,False,True,True,0x1f70439e29dbbd7a49e47689c411188d315794f8e89e6f478a4785a6d36a8380
2026-08-28T14:38:06.368351+00:00,924173,3944068,Zhengzhou be 16°C,2026-08-29,lowest_temperature,Will the lowest temperature in Zhengzhou be 16°C on August 29?,16°C,1.0,0.245,0.755,,0.49,,5.0,5.0,68.6106,True,False,True,True,0x30a4d8dcff1cb91533a78820b3a3bbffb9cc2a050ca0db60ba3b7303ad67e448
2026-08-28T14:38:06.368363+00:00,924173,3944069,Zhengzhou be 17°C,2026-08-29,lowest_temperature,Will the lowest temperature in Zhengzhou be 17°C on August 29?,17°C,2.0,0.245,0.755,,0.49,,135.0,135.0,68.6106,True,False,True,True,0x88f50a9f20646d3b4e7cc490a344341290b0b06098165836693e7e44df11af97
2026-08-28T14:38:06.368375+00:00,924173,3944070,Zhengzhou be 18°C,2026-08-29,lowest_temperature,Will the lowest temperature in Zhengzhou be 18°C on August 29?,18°C,3.0,0.25,0.75,,0.5,,5.0,5.0,66.8117,True,False,True,True,0xfff006daeec253e4c1245174ebf90795b9872e9888ea30e0d49ce6187d011899
2026-08-28T14:38:06.368387+00:00,924173,3944071,Zhengzhou be 19°C,2026-08-29,lowest_temperature,Will the lowest temperature in Zhengzhou be 19°C on August 29?,19°C,4.0,0.25,0.75,,0.5,,,,71.5917,True,False,True,True,0x14c0f2e66012197c1da3b012304f0b76e95ef1812b6a065ad904dfa41219723c
2026-08-28T14:38:06.368400+00:00,924173,3944072,Zhengzhou be 20°C,2026-08-29,lowest_temperature,Will the lowest temperature in Zhengzhou be 20°C on August 29?,20°C,5.0,0.265,0.735,0.03,0.5,0.47,,,75.3617,True,False,True,True,0x6996de24a07448677193c1752a8c3848da3314d75be98ab86187fb04363d3af3
2026-08-28T14:38:06.368411+00:00,924173,3944073,Zhengzhou be 21°C,2026-08-29,lowest_temperature,Will the lowest temperature in Zhengzhou be 21°C on August 29?,21°C,6.0,0.27,0.73,0.04,0.5,0.46,,,77.5717,True,False,True,True,0x61c035910afe343d6649b4b2f45fbc98b9e340aff231b5d148ab313d48d31915
2026-08-28T14:38:06.368421+00:00,924173,3944074,Zhengzhou be 22°C,2026-08-29,lowest_temperature,Will the lowest temperature in Zhengzhou be 22°C on August 29?,22°C,7.0,0.25,0.75,,0.5,,,,66.8117,True,False,True,True,0x0c57edec360ab074d4d9d4e5786f2c09f1e6d1c5c39d77dec1af807be671cb2f
2026-08-28T14:38:06.368432+00:00,924173,3944075,Zhengzhou be 23°C,2026-08-29,lowest_temperature,Will the lowest temperature in Zhengzhou be 23°C on August 29?,23°C,8.0,0.25,0.75,,0.5,,,,66.8117,True,False,True,True,0xe05a4519cb17fcd1e4b0a09863cf7ed21256f6e8fd6e36feee0fd310dac5d5b5
2026-08-28T14:38:06.368444+00:00,924173,3944076,Zhengzhou be 24°C,2026-08-29,lowest_temperature,Will the lowest temperature in Zhengzhou be 24°C on August 29?,24°C,9.0,0.25,0.75,,0.5,,,,67.8117,True,False,True,True,0x25e1f5bd3c870fab8b1d039fa4b49581b6847a88fb457e25d2bab703f72aa32d
2026-08-28T14:38:06.368456+00:00,924173,3944077,Zhengzhou be 25°C or higher,2026-08-29,lowest_temperature,Will the lowest temperature in Zhengzhou be 25°C or higher on August 29?,25°C or higher,10.0,0.47,0.53,,0.94,,10.01,10.01,10.7244,True,False,True,True,0xb969680fd9698f2a74821e2a84257be400e1e7d47c83b74649b6f95977c4589b
2026-08-28T14:38:06.368468+00:00,924174,3944078,London be 11°C or below,2026-08-30,lowest_temperature,Will the lowest temperature in London be 11°C or below on August 30?,11°C or below,0.0,0.01,0.99,,0.02,,5.0,5.0,2306.2669,True,False,True,True,0x3b3c65193f49ae172983f8f53a5614b849ca04060ad6ebf27a7c53a8b4e1d968
2026-08-28T14:38:06.368483+00:00,924174,3944079,London be 12°C,2026-08-30,lowest_temperature,Will the lowest temperature in London be 12°C on August 30?,12°C,1.0,0.045,0.955,,0.09,,20.0,20.0,1753.667,True,False,True,True,0x30c3a7885ff9be6e1e335c91c65e1d4adba0aa26dcfe2db3584797db8c4b9818
2026-08-28T14:38:06.368495+00:00,924174,3944080,London be 13°C,2026-08-30,lowest_temperature,Will the lowest temperature in London be 13°C on August 30?,13°C,2.0,0.07,0.93,,0.14,,,,1133.8862,True,False,True,True,0xc4975a278fba4f43aaeeb9e8de90d7c5fc71f2f78e554726c9b66e2697025152
2026-08-28T14:38:06.368507+00:00,924174,3944081,London be 14°C,2026-08-30,lowest_temperature,Will the lowest temperature in London be 14°C on August 30?,14°C,3.0,0.085,0.915,,0.17,,,,1140.2263,True,False,True,True,0xb0812dc359f43d904b2d69ad8afd6e55c5093a3c83ac8ffa6d2e8ff4985fd04f
2026-08-28T14:38:06.368518+00:00,924174,3944082,London be 15°C,2026-08-30,lowest_temperature,Will the lowest temperature in London be 15°C on August 30?,15°C,4.0,0.11,0.89,,0.22,,,,1333.2735,True,False,True,True,0xa4265a0c265683a43f2b4b46b595e76489d05de6d8b3bb6af14680e70a555839
2026-08-28T14:38:06.368530+00:00,924174,3944083,London be 16°C,2026-08-30,lowest_temperature,Will the lowest temperature in London be 16°C on August 30?,16°C,5.0,0.405,0.595,0.4,0.41,0.009999999999999953,131.38121800000002,131.381218,1317.9048,True,False,True,True,0x280fd6791a9c92e89d8bf6c10fbc1741884947af59c93eae25ac76c7c4c1a55c
2026-08-28T14:38:06.368542+00:00,924174,3944084,London be 17°C,2026-08-30,lowest_temperature,Will the lowest temperature in London be 17°C on August 30?,17°C,6.0,0.375,0.625,0.26,0.49,0.22999999999999998,65.603264,65.603264,994.9216,True,False,True,True,0x23f92acce1be6dad9dc5ac6da704fb043eaa6a68cef8a7ffcc8d4b3220190844
2026-08-28T14:38:06.368554+00:00,924174,3944085,London be 18°C,2026-08-30,lowest_temperature,Will the lowest temperature in London be 18°C on August 30?,18°C,7.0,0.18,0.82,0.07,0.29,0.21999999999999997,,,1099.9917,True,False,True,True,0xb7c7355af7c0da87ec3860962a2d4f89efb4603d56501d6b3e1b5d9db1ef45b7
2026-08-28T14:38:06.368565+00:00,924174,3944086,London be 19°C,2026-08-30,lowest_temperature,Will the lowest temperature in London be 19°C on August 30?,19°C,8.0,0.01,0.99,,0.02,,5.0,5.0,2733.1005,True,False,True,True,0xd985a3f201c904a6fa8038e01777ae71113e9d64c2ec60b5e60000729e03a374
2026-08-28T14:38:06.368578+00:00,924174,3944087,London be 20°C,2026-08-30,lowest_temperature,Will the lowest temperature in London be 20°C on August 30?,20°C,9.0,0.01,0.99,,0.02,,5.0,5.0,3109.4072,True,False,True,True,0x5b6e3db766e851e52e05fafdb5e2890116160c09767b239331c04490331931a7
2026-08-28T14:38:06.368591+00:00,924174,3944088,London be 21°C or higher,2026-08-30,lowest_temperature,Will the lowest temperature in London be 21°C or higher on August 30?,21°C or higher,10.0,0.0055,0.9945,0.001,0.01,0.009000000000000001,5.0,5.0,2765.88986,True,False,True,True,0xfbd337a49056d204f678be31f38e37bfdee929f59b71f91ca001749c9d6ee1d8
2026-08-28T14:38:06.368604+00:00,924175,3944089,Paris be 12°C or below,2026-08-30,lowest_temperature,Will the lowest temperature in Paris be 12°C or below on August 30?,12°C or below,0.0,0.025,0.975,,0.05,,135.0,135.0,1088.7295,True,False,True,True,0x51228966a68a3f27cead5c587e24b56a0f26f1bfc1fbd539e30d243064f0780f
2026-08-28T14:38:06.368616+00:00,924175,3944090,Paris be 13°C,2026-08-30,lowest_temperature,Will the lowest temperature in Paris be 13°C on August 30?,13°C,1.0,0.04,0.96,,0.08,,130.0,130.0,1759.1204,True,False,True,True,0xf479e0a913420f1ad304cabdab42934d1ef0fbee59464f988f058034095fc64d
2026-08-28T14:38:06.368628+00:00,924175,3944091,Paris be 14°C,2026-08-30,lowest_temperature,Will the lowest temperature in Paris be 14°C on August 30?,14°C,2.0,0.075,0.925,,0.15,,,,1128.6402,True,False,True,True,0x0fd676ff3ac6ce7c574d81d000615659972b32afe50973ab6ade759a62e9a60b
2026-08-28T14:38:06.368640+00:00,924175,3944092,Paris be 15°C,2026-08-30,lowest_temperature,Will the lowest temperature in Paris be 15°C on August 30?,15°C,3.0,0.175,0.825,,0.35,,,,1230.6596,True,False,True,True,0xd43de56e4c92c18ba47445b455fad26ceac0d00c0dd5c46ca5b45e1a0fa6a8b8
2026-08-28T14:38:06.368652+00:00,924175,3944093,Paris be 16°C,2026-08-30,lowest_temperature,Will the lowest temperature in Paris be 16°C on August 30?,16°C,4.0,0.385,0.615,0.36,0.41,0.04999999999999999,,,1093.7408,True,False,True,True,0xe9f51e44b1cd1c8cdfc661b57426e09a85602b161f072ca8654eccb366d63f52
2026-08-28T14:38:06.368663+00:00,924175,3944094,Paris be 17°C,2026-08-30,lowest_temperature,Will the lowest temperature in Paris be 17°C on August 30?,17°C,5.0,0.415,0.585,0.29,0.54,0.25000000000000006,35.953702,35.953702,1110.2332,True,False,True,True,0x1e2dcb0e4dff6512034195acf31295e44434060d90c940af2ab64560204554ed
2026-08-28T14:38:06.368675+00:00,924175,3944095,Paris be 18°C,2026-08-30,lowest_temperature,Will the lowest temperature in Paris be 18°C on August 30?,18°C,6.0,0.19,0.81,,0.38,,,,1109.7286,True,False,True,True,0xca9981dd006a5e3e3cb7af0253908dcecca8d0165eb1e1da97eec1ee4ff20e8d
2026-08-28T14:38:06.368689+00:00,924175,3944096,Paris be 19°C,2026-08-30,lowest_temperature,Will the lowest temperature in Paris be 19°C on August 30?,19°C,7.0,0.085,0.915,,0.17,,,,1160.1515,True,False,True,True,0xbf03fa1815cb12373b75e6f42146711942dcd5f22ef99b66b7ae11241f7eda47
2026-08-28T14:38:06.368709+00:00,924175,3944097,Paris be 20°C,2026-08-30,lowest_temperature,Will the lowest temperature in Paris be 20°C on August 30?,20°C,8.0,0.08,0.92,,0.16,,,,1156.01,True,False,True,True,0xadad17377cf50dd6bef09455ba377f78c28accf083bbf2b71e9e03ff72324406
2026-08-28T14:38:06.368722+00:00,924175,3944098,Paris be 21°C,2026-08-30,lowest_temperature,Will the lowest temperature in Paris be 21°C on August 30?,21°C,9.0,0.01,0.99,,0.02,,5.0,5.0,1986.1463,True,False,True,True,0x1fc57db70b4361f8f81e0990a267350512bd97f4232d8975e346cb7fd1a35736
2026-08-28T14:38:06.368733+00:00,924175,3944099,Paris be 22°C or higher,2026-08-30,lowest_temperature,Will the lowest temperature in Paris be 22°C or higher on August 30?,22°C or higher,10.0,0.045,0.955,,0.09,,5.0,5.0,1403.728,True,False,True,True,0x606f82339f873b814303bdefd7b434c56b24bb2060660391e4ee2d3eb1722c23
2026-08-28T14:38:06.368748+00:00,924176,3944100,Seoul (Incheon) be 18°C or below,2026-08-30,lowest_temperature,Will the lowest temperature in Seoul (Incheon) be 18°C or below on August 30?,18°C or below,0.0,0.0055,0.9945,0.001,0.01,0.009000000000000001,5.0,5.0,370.64786,True,False,True,True,0x74218eb327781be9477f9ff2d9b3641cf5379eaea557dff56a885b652fe74e24
2026-08-28T14:38:06.368761+00:00,924176,3944101,Seoul (Incheon) be 19°C,2026-08-30,lowest_temperature,Will the lowest temperature in Seoul (Incheon) be 19°C on August 30?,19°C,1.0,0.0055,0.9945,0.001,0.01,0.009000000000000001,20.0,20.0,829.85601,True,False,True,True,0x356e3418fa5f9ce6ecf0a958cffea04819f83e766bcf7227d211c670903cddb0
2026-08-28T14:38:06.368775+00:00,924176,3944102,Seoul (Incheon) be 20°C,2026-08-30,lowest_temperature,Will the lowest temperature in Seoul (Incheon) be 20°C on August 30?,20°C,2.0,0.015,0.985,0.01,0.02,0.01,34.0909,34.0909,543.7414,True,False,True,True,0x2d16ad9aa37cbbf98aaa04ca8ff7d973763ea438c426d12ea54e5c76e4b3e61a
2026-08-28T14:38:06.368787+00:00,924176,3944103,Seoul (Incheon) be 21°C,2026-08-30,lowest_temperature,Will the lowest temperature in Seoul (Incheon) be 21°C on August 30?,21°C,3.0,0.06,0.94,0.03,0.09,0.06,40.0,40.0,304.0212,True,False,True,True,0x62d98c3fab163b7ebbcfc3cbd6e861134150982c4c9205aa4774ce4230e2a86e
2026-08-28T14:38:06.368802+00:00,924176,3944104,Seoul (Incheon) be 22°C,2026-08-30,lowest_temperature,Will the lowest temperature in Seoul (Incheon) be 22°C on August 30?,22°C,4.0,0.145,0.855,0.03,0.26,0.23,,,307.2344,True,False,True,True,0x5af47419195a08448ba5839fd573f8ab4fd4bd77dcb827e29d5c3fcaaf2a3c8f
2026-08-28T14:38:06.368814+00:00,924176,3944105,Seoul (Incheon) be 23°C,2026-08-30,lowest_temperature,Will the lowest temperature in Seoul (Incheon) be 23°C on August 30?,23°C,5.0,0.33,0.67,0.16,0.5,0.33999999999999997,,,275.1387,True,False,True,True,0x59311c004c23f00c27d4e40a1079028140588b56521bf9a96f51ded1cb3b734d
2026-08-28T14:38:06.368828+00:00,924176,3944106,Seoul (Incheon) be 24°C,2026-08-30,lowest_temperature,Will the lowest temperature in Seoul (Incheon) be 24°C on August 30?,24°C,6.0,0.27,0.73,0.04,0.5,0.46,3.58,3.58,269.4246,True,False,True,True,0x6b82b2b3a067b1e282796db7a8e8b1349e7b08dbf637c7e818499f012b9faad7
2026-08-28T14:38:06.368840+00:00,924176,3944107,Seoul (Incheon) be 25°C,2026-08-30,lowest_temperature,Will the lowest temperature in Seoul (Incheon) be 25°C on August 30?,25°C,7.0,0.165,0.835,0.01,0.32,0.31,,,333.1861,True,False,True,True,0xd868a77c853e3e67b2799a72e277846ac4032ac8febbd54ac67c80cd5cd01742
2026-08-28T14:38:06.368852+00:00,924176,3944108,Seoul (Incheon) be 26°C,2026-08-30,lowest_temperature,Will the lowest temperature in Seoul (Incheon) be 26°C on August 30?,26°C,8.0,0.02,0.98,,0.04,,,,286.6267,True,False,True,True,0x8e9291e63c34a33b1dbfa9358452e112f258facca46a022df2414828153f6891
2026-08-28T14:38:06.368865+00:00,924176,3944109,Seoul (Incheon) be 27°C,2026-08-30,lowest_temperature,Will the lowest temperature in Seoul (Incheon) be 27°C on August 30?,27°C,9.0,0.01,0.99,,0.02,,5.0,5.0,562.7864,True,False,True,True,0x4755665966afde4b4e9355da1cd8285b46a6f99c459088235e522b07e78ffc23
2026-08-28T14:38:06.368879+00:00,924176,3944110,Seoul (Incheon) be 28°C or higher,2026-08-30,lowest_temperature,Will the lowest temperature in Seoul (Incheon) be 28°C or higher on August 30?,28°C or higher,10.0,0.032,0.968,0.002,0.062,0.06,1524.29857,1524.29857,1632.83575,True,False,True,True,0xf34213bc11859ddad4bb90945061e5204df7c23ddf7f666cd47d7ed7fa090d84
2026-08-28T14:38:06.368893+00:00,924177,3944111,Ankara be 9°C or below,2026-08-30,lowest_temperature,Will the lowest temperature in Ankara be 9°C or below on August 30?,9°C or below,0.0,0.09,0.91,,0.18,,,,144.73,True,False,True,True,0xf43c47980f51644db2bacf62fd5d5f4ddf4d401463684b2778337924079ca5e5
2026-08-28T14:38:06.368906+00:00,924177,3944112,Ankara be 10°C,2026-08-30,lowest_temperature,Will the lowest temperature in Ankara be 10°C on August 30?,10°C,1.0,0.245,0.755,,0.49,,,,768.0018,True,False,True,True,0xf765c5a02b81a1f9e9c755764dacbedcb7427e1f36020baa4565aa244b4a9cc9
2026-08-28T14:38:06.368918+00:00,924177,3944113,Ankara be 11°C,2026-08-30,lowest_temperature,Will the lowest temperature in Ankara be 11°C on August 30?,11°C,2.0,0.245,0.755,,0.49,,,,767.7318,True,False,True,True,0xc9d28b3eb5039d64763a18eaaa37bdf5c5523453c458853f0cb869b2c6df7df4
2026-08-28T14:38:06.368929+00:00,924177,3944114,Ankara be 12°C,2026-08-30,lowest_temperature,Will the lowest temperature in Ankara be 12°C on August 30?,12°C,3.0,0.265,0.735,0.03,0.5,0.47,,,731.521,True,False,True,True,0xd949110c8f43503aaa5d6bf7895f6e2c9ccb4c1fb36f57c649f564e96d65d7e4
2026-08-28T14:38:06.368941+00:00,924177,3944115,Ankara be 13°C,2026-08-30,lowest_temperature,Will the lowest temperature in Ankara be 13°C on August 30?,13°C,4.0,0.265,0.735,0.03,0.5,0.47,,,706.3301,True,False,True,True,0x48420f56c843c7015982791a82d5a83dcbdab01cb447600b67ba07beeedb6543
2026-08-28T14:38:06.368953+00:00,924177,3944116,Ankara be 14°C,2026-08-30,lowest_temperature,Will the lowest temperature in Ankara be 14°C on August 30?,14°C,5.0,0.245,0.755,,0.49,,,,760.6518,True,False,True,True,0x1fcde8bcb757929d3aaaa6f3129a03c273e3c3e101fd7fc9eb3623f5d7e625ea
2026-08-28T14:38:06.368964+00:00,924177,3944117,Ankara be 15°C,2026-08-30,lowest_temperature,Will the lowest temperature in Ankara be 15°C on August 30?,15°C,6.0,0.245,0.755,,0.49,,,,770.8018,True,False,True,True,0xabff1549688484492fe84be682c76e07b861f00ac6f76dd192c12784f4a5cfa3
2026-08-28T14:38:06.368975+00:00,924177,3944118,Ankara be 16°C,2026-08-30,lowest_temperature,Will the lowest temperature in Ankara be 16°C on August 30?,16°C,7.0,0.01,0.99,,0.02,,,,894.3118,True,False,True,True,0x28cec1e0096505d7a9534e95f506fb1b3eccff0103f1617788be1ab3869347f2
2026-08-28T14:38:06.368987+00:00,924177,3944119,Ankara be 17°C,2026-08-30,lowest_temperature,Will the lowest temperature in Ankara be 17°C on August 30?,17°C,8.0,0.07,0.93,,0.14,,5.0,5.0,1203.5364,True,False,True,True,0x10b9305b9c938661e3429b46d7218a89ba254ef550fcb5c1ceefc0cd434c8e0f
2026-08-28T14:38:06.369001+00:00,924177,3944120,Ankara be 18°C,2026-08-30,lowest_temperature,Will the lowest temperature in Ankara be 18°C on August 30?,18°C,9.0,0.07,0.93,,0.14,,5.0,5.0,1232.8964,True,False,True,True,0x0a201cc6c6426032edabb97f3cf26c3b25a9a768b33b07eb45918e3fa39bdf08
2026-08-28T14:38:06.369014+00:00,924177,3944121,Ankara be 19°C or higher,2026-08-30,lowest_temperature,Will the lowest temperature in Ankara be 19°C or higher on August 30?,19°C or higher,10.0,0.045,0.955,,0.09,,5.0,5.0,375.2198,True,False,True,True,0x46f88f9795bd754a5ecea47f2e3f6b8c4882e90091deb99f08d5ff540b53c7a5
2026-08-28T14:38:06.369027+00:00,924178,3944122,Wellington be 6°C or below,2026-08-30,lowest_temperature,Will the lowest temperature in Wellington be 6°C or below on August 30?,6°C or below,0.0,0.19,0.81,,0.38,,5.0,5.0,186.8794,True,False,True,True,0x6e35408dbb0a6a9de76c562b98cee129dcc3f5275bc682b0905e389d4eed5e42
2026-08-28T14:38:06.369040+00:00,924178,3944123,Wellington be 7°C,2026-08-30,lowest_temperature,Will the lowest temperature in Wellington be 7°C on August 30?,7°C,1.0,0.075,0.925,,0.15,,,,379.4631,True,False,True,True,0x18f90aaff578d79b597663d186a5c5c61a10c52e3f7bd6d981136f8f41808e35
2026-08-28T14:38:06.369052+00:00,924178,3944124,Wellington be 8°C,2026-08-30,lowest_temperature,Will the lowest temperature in Wellington be 8°C on August 30?,8°C,2.0,0.245,0.755,,0.49,,,,208.524,True,False,True,True,0xe88043dca6570c79f728146ef658f9cb45d21d3c452ade4e91a9669e3ec951d7
2026-08-28T14:38:06.369066+00:00,924178,3944125,Wellington be 9°C,2026-08-30,lowest_temperature,Will the lowest temperature in Wellington be 9°C on August 30?,9°C,3.0,0.265,0.735,0.03,0.5,0.47,,,234.1517,True,False,True,True,0xa54d96cb451f2266282c6127a1f98073ba1ee9d5952ad7ebc0c6f57c3b262e98
2026-08-28T14:38:06.369077+00:00,924178,3944126,Wellington be 10°C,2026-08-30,lowest_temperature,Will the lowest temperature in Wellington be 10°C on August 30?,10°C,4.0,0.3,0.7,0.1,0.5,0.4,,,200.1408,True,False,True,True,0x73113cb18f56df43a663cee45433a22b147cf8f1ec371fb2433a40d643b0106a
2026-08-28T14:38:06.369089+00:00,924178,3944127,Wellington be 11°C,2026-08-30,lowest_temperature,Will the lowest temperature in Wellington be 11°C on August 30?,11°C,5.0,0.3,0.7,0.11,0.49,0.38,,,232.114,True,False,True,True,0xb4b704e5708b44c456922a237b65bbcc6a0d0d7fc7dc55f8ed6d32bb79569d3b
2026-08-28T14:38:06.369103+00:00,924178,3944128,Wellington be 12°C,2026-08-30,lowest_temperature,Will the lowest temperature in Wellington be 12°C on August 30?,12°C,6.0,0.245,0.755,,0.49,,,,197.8336,True,False,True,True,0x241b0803765a33b7e375f4b2761774aec46cf3f7958916ec06c3194152092623
2026-08-28T14:38:06.369115+00:00,924178,3944129,Wellington be 13°C,2026-08-30,lowest_temperature,Will the lowest temperature in Wellington be 13°C on August 30?,13°C,7.0,0.245,0.755,,0.49,,5.0,5.0,208.5234,True,False,True,True,0x15c81553990999cb7e9224a82f315bab1a35cb5f92dbfe093180b50186284171
2026-08-28T14:38:06.369126+00:00,924178,3944130,Wellington be 14°C,2026-08-30,lowest_temperature,Will the lowest temperature in Wellington be 14°C on August 30?,14°C,8.0,0.01,0.99,,0.02,,5.0,5.0,200.8963,True,False,True,True,0xfa1c2b2eb02e57e0f708298b6101923191d94966c85f693f46802c05f04b6e89
2026-08-28T14:38:06.369137+00:00,924178,3944131,Wellington be 15°C,2026-08-30,lowest_temperature,Will the lowest temperature in Wellington be 15°C on August 30?,15°C,9.0,0.04,0.96,,0.08,,5.0,5.0,389.7667,True,False,True,True,0xdd28313ace26a1c4db04224c1583e4e01f25b0a966def72096f7953b567993da
2026-08-28T14:38:06.369149+00:00,924178,3944132,Wellington be 16°C or higher,2026-08-30,lowest_temperature,Will the lowest temperature in Wellington be 16°C or higher on August 30?,16°C or higher,10.0,0.22,0.78,,0.44,,5.0,5.0,218.1895,True,False,True,True,0x2b18aeba5cf6fde3bbfd5fbd247dd52f57b36b8a9876dfa9de9f61f02b542582
2026-08-28T14:38:06.369162+00:00,924179,3944133,Lucknow be 21°C or below,2026-08-30,lowest_temperature,Will the lowest temperature in Lucknow be 21°C or below on August 30?,21°C or below,0.0,0.015,0.985,0.001,0.029,0.028,17.0,17.0,926.76567,True,False,True,True,0x5e272375ffffac9bea76299ec2edbb6dcc065b7a04f5cbde65f1eb963151fa8f
2026-08-28T14:38:06.369174+00:00,924179,3944134,Lucknow be 22°C,2026-08-30,lowest_temperature,Will the lowest temperature in Lucknow be 22°C on August 30?,22°C,1.0,0.07,0.93,,0.14,,5.0,5.0,662.6057,True,False,True,True,0x2e3fa6f8c037782e9e7803dd80548778aa4869ef43c181965d8dfc98210b022d
2026-08-28T14:38:06.369185+00:00,924179,3944135,Lucknow be 23°C,2026-08-30,lowest_temperature,Will the lowest temperature in Lucknow be 23°C on August 30?,23°C,2.0,0.11,0.89,0.01,0.21,0.19999999999999998,,,446.3922,True,False,True,True,0xcec20c319dd7c289468df1e9605cd90734ac2414dde6ba9788e7505239d10cae
2026-08-28T14:38:06.369199+00:00,924179,3944136,Lucknow be 24°C,2026-08-30,lowest_temperature,Will the lowest temperature in Lucknow be 24°C on August 30?,24°C,3.0,0.245,0.755,,0.49,,,,271.1729,True,False,True,True,0x121f210eeff49cdc0ba1ee751396df05f03731101ce3da10c38efa648aa05a5c
2026-08-28T14:38:06.369211+00:00,924179,3944137,Lucknow be 25°C,2026-08-30,lowest_temperature,Will the lowest temperature in Lucknow be 25°C on August 30?,25°C,4.0,0.245,0.755,,0.49,,,,300.1029,True,False,True,True,0x9ee612d23aea48f2e81b4984f39f10544fb46f6298551a16ffc87f6298f88d4d
2026-08-28T14:38:06.369222+00:00,924179,3944138,Lucknow be 26°C,2026-08-30,lowest_temperature,Will the lowest temperature in Lucknow be 26°C on August 30?,26°C,5.0,0.295,0.705,0.09,0.5,0.41000000000000003,,,349.6085,True,False,True,True,0xfaa69dc8768cd07790b33fed17f1b9a7e87a3266ca70a48ff381823642b2910f
2026-08-28T14:38:06.369233+00:00,924179,3944139,Lucknow be 27°C,2026-08-30,lowest_temperature,Will the lowest temperature in Lucknow be 27°C on August 30?,27°C,6.0,0.32,0.68,0.14,0.5,0.36,,,308.3479,True,False,True,True,0x8a66ca4e49bb761453b854cec740371f4c23e5e5c277456fd0ca0beebabf8a90
2026-08-28T14:38:06.369245+00:00,924179,3944140,Lucknow be 28°C,2026-08-30,lowest_temperature,Will the lowest temperature in Lucknow be 28°C on August 30?,28°C,7.0,0.275,0.725,0.06,0.49,0.43,,,353.6608,True,False,True,True,0x60b2f580a518a5055d51ce1c6f46134bf7d912f7b61afd4a8d16dc77ddd9f1c8
2026-08-28T14:38:06.369256+00:00,924179,3944141,Lucknow be 29°C,2026-08-30,lowest_temperature,Will the lowest temperature in Lucknow be 29°C on August 30?,29°C,8.0,0.245,0.755,,0.49,,,,299.6029,True,False,True,True,0x84aa05bae06fe1e5b8f90c64958084274e98ef195f5dcfac735082c2523306e0
2026-08-28T14:38:06.369268+00:00,924179,3944142,Lucknow be 30°C,2026-08-30,lowest_temperature,Will the lowest temperature in Lucknow be 30°C on August 30?,30°C,9.0,0.01,0.99,,0.02,,5.0,5.0,617.7609,True,False,True,True,0xed332ee4c2f8ab1875a13ee9fdd43092a812ab8f24186c145fdee6fb9d1a3db9
2026-08-28T14:38:06.369279+00:00,924179,3944143,Lucknow be 31°C or higher,2026-08-30,lowest_temperature,Will the lowest temperature in Lucknow be 31°C or higher on August 30?,31°C or higher,10.0,0.295,0.705,,0.59,,5.0,5.0,172.2996,True,False,True,True,0xff21dfb8b652431e314d8ba7303a241868ac2980aadf861095fdb3be2f826d14
2026-08-28T14:38:06.369292+00:00,924180,3944144,Munich be 12°C or below,2026-08-30,lowest_temperature,Will the lowest temperature in Munich be 12°C or below on August 30?,12°C or below,0.0,0.415,0.585,,0.83,,,,35.0295,True,False,True,True,0xd73a3341b303749d62d9e1ffa15b75b0645f0cfbab05dedd0141254d9645429d
2026-08-28T14:38:06.369304+00:00,924180,3944145,Munich be 13°C,2026-08-30,lowest_temperature,Will the lowest temperature in Munich be 13°C on August 30?,13°C,1.0,0.11,0.89,,0.22,,,,733.2169,True,False,True,True,0x42c7483b8994a9703d0ec03b8081f7162e023fb7a7c5240d028fb28e831f1398
2026-08-28T14:38:06.369316+00:00,924180,3944146,Munich be 14°C,2026-08-30,lowest_temperature,Will the lowest temperature in Munich be 14°C on August 30?,14°C,2.0,0.22,0.78,0.03,0.41,0.38,,,817.6148,True,False,True,True,0x3fe164d300588f5c6ee4913b70d1789b5b79142baac82f4606055bca180c1393
2026-08-28T14:38:06.369329+00:00,924180,3944147,Munich be 15°C,2026-08-30,lowest_temperature,Will the lowest temperature in Munich be 15°C on August 30?,15°C,3.0,0.305,0.695,0.11,0.5,0.39,,,784.909,True,False,True,True,0x71dda6a03a5f9913167b7e0c46fe384554ea63dc3792397305c4e7e8c7ba52f1
2026-08-28T14:38:06.369342+00:00,924180,3944148,Munich be 16°C,2026-08-30,lowest_temperature,Will the lowest temperature in Munich be 16°C on August 30?,16°C,4.0,0.265,0.735,0.03,0.5,0.47,,,844.6594,True,False,True,True,0x1d9db9a3e2358fb07ddc690039afc95254292e765fc2d9f0cb4505d4574f2b34
2026-08-28T14:38:06.369355+00:00,924180,3944149,Munich be 17°C,2026-08-30,lowest_temperature,Will the lowest temperature in Munich be 17°C on August 30?,17°C,5.0,0.25,0.75,0.01,0.49,0.48,,,792.0738,True,False,True,True,0x5b0cf50921ed0ccc1667748935f57ddbfb4960aee75b1f874cdd9f9e2fa9f3bd
2026-08-28T14:38:06.369367+00:00,924180,3944150,Munich be 18°C,2026-08-30,lowest_temperature,Will the lowest temperature in Munich be 18°C on August 30?,18°C,6.0,0.085,0.915,,0.17,,5.0,5.0,738.1274,True,False,True,True,0x6c910a8e94aaaf8756fd4a7282c399dc5683d69b27905986b115095c4a641ecd
2026-08-28T14:38:06.369379+00:00,924180,3944151,Munich be 19°C,2026-08-30,lowest_temperature,Will the lowest temperature in Munich be 19°C on August 30?,19°C,7.0,0.01,0.99,,0.02,,5.0,5.0,1118.5249,True,False,True,True,0x5d0110502ea6562a0e4f36f1a2718307d9ed7aca282a6f8ce7fe11e5d5812d54
2026-08-28T14:38:06.369393+00:00,924180,3944152,Munich be 20°C,2026-08-30,lowest_temperature,Will the lowest temperature in Munich be 20°C on August 30?,20°C,8.0,0.04,0.96,,0.08,,5.0,5.0,1273.1183,True,False,True,True,0x35dead5e4d782d66e2ed6b3bc9f64019ab947eab04dfd691beb7c42311b8824e
2026-08-28T14:38:06.369404+00:00,924180,3944153,Munich be 21°C,2026-08-30,lowest_temperature,Will the lowest temperature in Munich be 21°C on August 30?,21°C,9.0,0.04,0.96,,0.08,,5.0,5.0,1397.0768,True,False,True,True,0xce0781f5f6a7e23597cbb8864d7ff7709e3920489e8f33b34c8815a56cf3f11d
2026-08-28T14:38:06.369416+00:00,924180,3944154,Munich be 22°C or higher,2026-08-30,lowest_temperature,Will the lowest temperature in Munich be 22°C or higher on August 30?,22°C or higher,10.0,0.04,0.96,,0.08,,5.0,5.0,422.319,True,False,True,True,0x6fb52a248f7d2a1564afb7f3065b2a941e37cd37f7f6cd958b1f04d2c648b4be
2026-08-28T14:38:06.369430+00:00,924181,3944155,Tel Aviv be 20°C or below,2026-08-30,lowest_temperature,Will the lowest temperature in Tel Aviv be 20°C or below on August 30?,20°C or below,0.0,0.215,0.785,,0.43,,5.0,5.0,80.06,True,False,True,True,0x7b1b4c0798b05d6d9794b7ef842fe06d9347717051eb059a70e4d3f20166f249
2026-08-28T14:38:06.369442+00:00,924181,3944156,Tel Aviv be 21°C,2026-08-30,lowest_temperature,Will the lowest temperature in Tel Aviv be 21°C on August 30?,21°C,1.0,0.235,0.765,,0.47,,,,740.8921,True,False,True,True,0x34620348e30a99f657c49a2fc83daef8dd18074c51a99a08a22ab3db1464f314
2026-08-28T14:38:06.369454+00:00,924181,3944157,Tel Aviv be 22°C,2026-08-30,lowest_temperature,Will the lowest temperature in Tel Aviv be 22°C on August 30?,22°C,2.0,0.245,0.755,,0.49,,4.081631,4.081631,759.6218,True,False,True,True,0xc352dc405531e0df1279ec4a7564f62f6aa88b73b5392b676751b072f59d67a3
2026-08-28T14:38:06.369466+00:00,924181,3944158,Tel Aviv be 23°C,2026-08-30,lowest_temperature,Will the lowest temperature in Tel Aviv be 23°C on August 30?,23°C,3.0,0.245,0.755,,0.49,,4.081631,4.081631,755.7038,True,False,True,True,0xcfeb6a4537645b17e4749793c4b741066b692ad4357875d05f2353f2f6372fee
2026-08-28T14:38:06.369478+00:00,924181,3944159,Tel Aviv be 24°C,2026-08-30,lowest_temperature,Will the lowest temperature in Tel Aviv be 24°C on August 30?,24°C,4.0,0.26,0.74,0.03,0.49,0.45999999999999996,,,796.6431,True,False,True,True,0xca17fd6b44ec645bce0c4d4dce75d55a490b149213b25023e8006a95d499aec8
2026-08-28T14:38:06.369492+00:00,924181,3944160,Tel Aviv be 25°C,2026-08-30,lowest_temperature,Will the lowest temperature in Tel Aviv be 25°C on August 30?,25°C,5.0,0.25,0.75,0.03,0.47,0.43999999999999995,2.0202,2.0202,849.0849,True,False,True,True,0x71b1d48aeb3cccb3913bcabc00b365c1c5a1760885f6bedced0e5739e163d2d4
2026-08-28T14:38:06.369504+00:00,924181,3944161,Tel Aviv be 26°C,2026-08-30,lowest_temperature,Will the lowest temperature in Tel Aviv be 26°C on August 30?,26°C,6.0,0.25,0.75,,0.5,,,,773.8461,True,False,True,True,0x4e5ef6044b6980e4035635c17b9f9c3986fcef2fd3c58ddf2c81d37e578666c5
2026-08-28T14:38:06.369515+00:00,924181,3944162,Tel Aviv be 27°C,2026-08-30,lowest_temperature,Will the lowest temperature in Tel Aviv be 27°C on August 30?,27°C,7.0,0.25,0.75,,0.5,,,,762.2533,True,False,True,True,0xf8cd152a052a66bd45c930835cc338005edfa61407d3bd478881c4ad1699fae1
2026-08-28T14:38:06.369527+00:00,924181,3944163,Tel Aviv be 28°C,2026-08-30,lowest_temperature,Will the lowest temperature in Tel Aviv be 28°C on August 30?,28°C,8.0,0.215,0.785,,0.43,,,,837.1436,True,False,True,True,0xca3a61cf0764e551529029125e9dff9f8a16d9f6bf77b237a93035ba2b727d62
2026-08-28T14:38:06.369538+00:00,924181,3944164,Tel Aviv be 29°C,2026-08-30,lowest_temperature,Will the lowest temperature in Tel Aviv be 29°C on August 30?,29°C,9.0,0.01,0.99,,0.02,,5.0,5.0,1048.5551,True,False,True,True,0xcef16c42eb85e66c6ec4a4afdb7660b18cc7d60e58987074135f6e0d0b8624f6
2026-08-28T14:38:06.369550+00:00,924181,3944165,Tel Aviv be 30°C or higher,2026-08-30,lowest_temperature,Will the lowest temperature in Tel Aviv be 30°C or higher on August 30?,30°C or higher,10.0,0.215,0.785,,0.43,,5.0,5.0,157.4096,True,False,True,True,0x0290ce602da5dcb0b01b6b4d1716e8297e69e765f0eb886c4eb488474fe6caee
2026-08-28T14:38:06.369564+00:00,924182,3944166,Tokyo be 17°C or below,2026-08-30,lowest_temperature,Will the lowest temperature in Tokyo be 17°C or below on August 30?,17°C or below,0.0,0.0055,0.9945,0.001,0.01,0.009000000000000001,5.0,5.0,2424.79229,True,False,True,True,0x400805ebc15a287a3df741aa5ee79616da75388b2aaf00d0f4e6ccb530b0ca06
2026-08-28T14:38:06.369577+00:00,924182,3944167,Tokyo be 18°C,2026-08-30,lowest_temperature,Will the lowest temperature in Tokyo be 18°C on August 30?,18°C,1.0,0.01,0.99,,0.02,,5.0,5.0,2072.9758,True,False,True,True,0x92f14d62406a7821ae56369759d05240d174390469606c2ba0060197e98209a3
2026-08-28T14:38:06.369591+00:00,924182,3944168,Tokyo be 19°C,2026-08-30,lowest_temperature,Will the lowest temperature in Tokyo be 19°C on August 30?,19°C,2.0,0.01,0.99,,0.02,,5.0,5.0,1663.23,True,False,True,True,0xc9aa98d6e8bc4bf12c04b6798dc0e864d931d1adf81f1fbaa168d8c77e61d525
2026-08-28T14:38:06.369605+00:00,924182,3944169,Tokyo be 20°C,2026-08-30,lowest_temperature,Will the lowest temperature in Tokyo be 20°C on August 30?,20°C,3.0,0.085,0.915,,0.17,,,,894.7822,True,False,True,True,0xeef20883a7929d10397b3f431f72d6e1213d080749f9424fc885cc7bc3c7ee85
2026-08-28T14:38:06.369618+00:00,924182,3944170,Tokyo be 21°C,2026-08-30,lowest_temperature,Will the lowest temperature in Tokyo be 21°C on August 30?,21°C,4.0,0.16,0.84,0.05,0.27,0.22000000000000003,,,771.4895,True,False,True,True,0xe593ad11ef509645e0120815c8f2f0c42661276f24a8e0ecd81bc26cf27c3610
2026-08-28T14:38:06.369631+00:00,924182,3944171,Tokyo be 22°C,2026-08-30,lowest_temperature,Will the lowest temperature in Tokyo be 22°C on August 30?,22°C,5.0,0.59,0.41,0.58,0.6,0.020000000000000018,414.457932,414.457932,848.4947,True,False,True,True,0x6c4662818d0d68ade71bf5bf508b67a11a05b5625e99390d1dde9191c65aa5d6
2026-08-28T14:38:06.369644+00:00,924182,3944172,Tokyo be 23°C,2026-08-30,lowest_temperature,Will the lowest temperature in Tokyo be 23°C on August 30?,23°C,6.0,0.2,0.8,0.17,0.23,0.06,116.313338,116.313338,1036.7796,True,False,True,True,0xacef11183d2f87b8202562d24178feeddfe45cf42fb8735f6e7876a5b99aa1a6
2026-08-28T14:38:06.369656+00:00,924182,3944173,Tokyo be 24°C,2026-08-30,lowest_temperature,Will the lowest temperature in Tokyo be 24°C on August 30?,24°C,7.0,0.04,0.96,,0.08,,5.0,5.0,759.3458,True,False,True,True,0xf58063d7f2432ca48b32445165c92d4e99bf326899e1323b497cd2778411c1c8
2026-08-28T14:38:06.369670+00:00,924182,3944174,Tokyo be 25°C,2026-08-30,lowest_temperature,Will the lowest temperature in Tokyo be 25°C on August 30?,25°C,8.0,0.04,0.96,,0.08,,5.0,5.0,831.4207,True,False,True,True,0x24ede30f96e56e0d38047a7225e8a7d59b570e305e31f2870516cf327fc11fa4
2026-08-28T14:38:06.369682+00:00,924182,3944175,Tokyo be 26°C,2026-08-30,lowest_temperature,Will the lowest temperature in Tokyo be 26°C on August 30?,26°C,9.0,0.04,0.96,,0.08,,5.0,5.0,1068.9878,True,False,True,True,0xc5aa005b65f4adbb07b512c7ed7b1f40b566a82499f7d26602d0e0e18faa003b
2026-08-28T14:38:06.369703+00:00,924182,3944176,Tokyo be 27°C or higher,2026-08-30,lowest_temperature,Will the lowest temperature in Tokyo be 27°C or higher on August 30?,27°C or higher,10.0,0.055,0.945,,0.11,,5.0,5.0,953.7173,True,False,True,True,0xe5d5b97f5ef5057b05b764cad8b0eaea36fcaf22ac09abc8edb229e56cd138e3
2026-08-28T14:38:06.369716+00:00,924183,3944177,Hong Kong be 22°C or below,2026-08-30,lowest_temperature,Will the lowest temperature in Hong Kong be 22°C or below on August 30?,22°C or below,0.0,0.03,0.97,,0.06,,17.5,17.5,1194.8025,True,False,True,True,0xb67856a99ef0f56fa01e38ae209660814b1877daf700a38c5efc9482cbc1b60b
2026-08-28T14:38:06.369730+00:00,924183,3944178,Hong Kong be 23°C,2026-08-30,lowest_temperature,Will the lowest temperature in Hong Kong be 23°C on August 30?,23°C,1.0,0.0055,0.9945,0.001,0.01,0.009000000000000001,5.0,5.0,1499.12016,True,False,True,True,0x7a23852b1450935548648a4a1539fe8c29e4dde05bee9f262cd538f473f14eef
2026-08-28T14:38:06.369742+00:00,924183,3944179,Hong Kong be 24°C,2026-08-30,lowest_temperature,Will the lowest temperature in Hong Kong be 24°C on August 30?,24°C,2.0,0.13,0.87,0.02,0.24,0.22,,,645.5446,True,False,True,True,0xc0559f624ab69f11f01e031fc882059cdf5208851753f035840f3360b8d7c476
2026-08-28T14:38:06.369754+00:00,924183,3944180,Hong Kong be 25°C,2026-08-30,lowest_temperature,Will the lowest temperature in Hong Kong be 25°C on August 30?,25°C,3.0,0.175,0.825,0.02,0.33,0.31,,,362.6709,True,False,True,True,0x193a5b49cb7e33dce7817e7521fb12393174f8f4ee0c50fec9bbf01c299866f6
2026-08-28T14:38:06.369765+00:00,924183,3944181,Hong Kong be 26°C,2026-08-30,lowest_temperature,Will the lowest temperature in Hong Kong be 26°C on August 30?,26°C,4.0,0.38,0.62,0.27,0.49,0.21999999999999997,,,541.1866,True,False,True,True,0x37366af2c782b985e20f5fd293ecde5448d140477d429b3a9521388ce82738b0
2026-08-28T14:38:06.369776+00:00,924183,3944182,Hong Kong be 27°C,2026-08-30,lowest_temperature,Will the lowest temperature in Hong Kong be 27°C on August 30?,27°C,5.0,0.305,0.695,0.19,0.42,0.22999999999999998,,,322.0897,True,False,True,True,0x0345dfd0b5e74e5646cba9b76fccc4cb74d6703e64b46b647b49a5b035c7f148
2026-08-28T14:38:06.369788+00:00,924183,3944183,Hong Kong be 28°C,2026-08-30,lowest_temperature,Will the lowest temperature in Hong Kong be 28°C on August 30?,28°C,6.0,0.19,0.81,0.02,0.36,0.33999999999999997,,,333.9487,True,False,True,True,0x31fc9787195cc94a655a440c8930c17719ff847ae907aaa02cb057951dc99547
2026-08-28T14:38:06.369802+00:00,924183,3944184,Hong Kong be 29°C,2026-08-30,lowest_temperature,Will the lowest temperature in Hong Kong be 29°C on August 30?,29°C,7.0,0.085,0.915,,0.17,,,,378.6101,True,False,True,True,0x5662a8f15c9257ef356e87aefa27bb38a7df1a621c31388697f5a7c9a7512282
2026-08-28T14:38:06.369814+00:00,924183,3944185,Hong Kong be 30°C,2026-08-30,lowest_temperature,Will the lowest temperature in Hong Kong be 30°C on August 30?,30°C,8.0,0.08,0.92,,0.16,,5.0,5.0,380.281,True,False,True,True,0x74dcc589f0f79eb86a90730e3050d3b76ce5701259abad6d6e074b34756d15eb
2026-08-28T14:38:06.369826+00:00,924183,3944186,Hong Kong be 31°C,2026-08-30,lowest_temperature,Will the lowest temperature in Hong Kong be 31°C on August 30?,31°C,9.0,0.01,0.99,,0.02,,5.0,5.0,772.2154,True,False,True,True,0x5db83d0ecd1da5bd776523a9b83afa2033b2c30e193702fada3b8fccbf66026f
2026-08-28T14:38:06.369838+00:00,924183,3944187,Hong Kong be 32°C or higher,2026-08-30,lowest_temperature,Will the lowest temperature in Hong Kong be 32°C or higher on August 30?,32°C or higher,10.0,0.045,0.955,,0.09,,5.0,5.0,961.1094,True,False,True,True,0x6cc7ead01b76e382c12205fbaad439e02de254e4099a65ac1701f87cc9534159
2026-08-28T14:38:06.369852+00:00,924186,3944194,Shanghai be 22°C or below,2026-08-30,lowest_temperature,Will the lowest temperature in Shanghai be 22°C or below on August 30?,22°C or below,0.0,0.015,0.985,,0.03,,5.0,5.0,1299.6527,True,False,True,True,0x7542f40e58f32916573e37f4eb4c2444017224c51f3544c70122bbdd67b5bb1c
2026-08-28T14:38:06.369865+00:00,924186,3944195,Shanghai be 23°C,2026-08-30,lowest_temperature,Will the lowest temperature in Shanghai be 23°C on August 30?,23°C,1.0,0.04,0.96,,0.08,,5.0,5.0,1482.7469,True,False,True,True,0xcc415fb7b1b3f696e8fe05917812ef76410747794a77bf1ce7b4b87604290951
2026-08-28T14:38:06.369877+00:00,924186,3944196,Shanghai be 24°C,2026-08-30,lowest_temperature,Will the lowest temperature in Shanghai be 24°C on August 30?,24°C,2.0,0.07,0.93,,0.14,,5.0,5.0,657.7443,True,False,True,True,0x000083c0ef23ccef8e2bd09dcb1ae4d09ca4358fe5a725d98bdad437960b8530
2026-08-28T14:38:06.369889+00:00,924186,3944197,Shanghai be 25°C,2026-08-30,lowest_temperature,Will the lowest temperature in Shanghai be 25°C on August 30?,25°C,3.0,0.085,0.915,,0.17,,,,692.671,True,False,True,True,0x4aee2e225990f807e65ab4745ab69f005ee85bbefcdf7122c68c86c961d0733c
2026-08-28T14:38:06.369901+00:00,924186,3944198,Shanghai be 26°C,2026-08-30,lowest_temperature,Will the lowest temperature in Shanghai be 26°C on August 30?,26°C,4.0,0.135,0.865,0.03,0.24,0.21,,,711.1296,True,False,True,True,0x7924315d8c84fd576a40234726b8e3892e3565fc38f00dd4681df633e19a24e5
2026-08-28T14:38:06.369914+00:00,924186,3944199,Shanghai be 27°C,2026-08-30,lowest_temperature,Will the lowest temperature in Shanghai be 27°C on August 30?,27°C,5.0,0.555,0.445,0.55,0.56,0.010000000000000009,183.904443,183.904443,714.05,True,False,True,True,0x570ed905c763e69a4ce7f5c4bcae7da8552f0c1830ca1e8402f106e8a97eb852
2026-08-28T14:38:06.369927+00:00,924186,3944200,Shanghai be 28°C,2026-08-30,lowest_temperature,Will the lowest temperature in Shanghai be 28°C on August 30?,28°C,6.0,0.335,0.665,0.23,0.44,0.21,100.0,100.0,741.3706,True,False,True,True,0xf2907105eda7b0b271381e90cc192dd5e49e67427f48904bff5c856d81696164
2026-08-28T14:38:06.369938+00:00,924186,3944201,Shanghai be 29°C,2026-08-30,lowest_temperature,Will the lowest temperature in Shanghai be 29°C on August 30?,29°C,7.0,0.1,0.9,,0.2,,,,728.1526,True,False,True,True,0x99379670e8420da8ca203715ec8c49c9b1c5fbd431ea8c9eae2a27e8a1e4d7e3
2026-08-28T14:38:06.369950+00:00,924186,3944202,Shanghai be 30°C,2026-08-30,lowest_temperature,Will the lowest temperature in Shanghai be 30°C on August 30?,30°C,8.0,0.0055,0.9945,0.001,0.01,0.009000000000000001,5.0,5.0,1286.01802,True,False,True,True,0x2cd4fa81340ced14410154accefabeef2ffc1319d11e4c44372e8fb1f3ff20a2
2026-08-28T14:38:06.369963+00:00,924186,3944203,Shanghai be 31°C,2026-08-30,lowest_temperature,Will the lowest temperature in Shanghai be 31°C on August 30?,31°C,9.0,0.05,0.95,,0.1,,5.0,5.0,1655.024,True,False,True,True,0xf523cc5b87a7359a51f3182437419e45684d69e89722f13688d7e466c600d678
2026-08-28T14:38:06.369975+00:00,924186,3944204,Shanghai be 32°C or higher,2026-08-30,lowest_temperature,Will the lowest temperature in Shanghai be 32°C or higher on August 30?,32°C or higher,10.0,0.04,0.96,,0.08,,5.0,5.0,1402.2132,True,False,True,True,0x1321b4f5ab2b65997c493d70c705f9a19220c06814483c48be5765af66da641c
2026-08-28T14:38:06.369990+00:00,924187,3944205,Singapore be 22°C or below,2026-08-30,lowest_temperature,Will the lowest temperature in Singapore be 22°C or below on August 30?,22°C or below,0.0,0.035,0.965,,0.07,,17.5,17.5,413.2298,True,False,True,True,0x43a43b90a7d2732fc3bb981e1cb02d595f9133ad86b4a060450bd28481d495ed
2026-08-28T14:38:06.370003+00:00,924187,3944206,Singapore be 23°C,2026-08-30,lowest_temperature,Will the lowest temperature in Singapore be 23°C on August 30?,23°C,1.0,0.07,0.93,,0.14,,5.0,5.0,584.6904,True,False,True,True,0xedd1208bbd001a17343d3a4c467e479a93f832b7f844b8e5f29fbd7445c8bdb5
2026-08-28T14:38:06.370015+00:00,924187,3944207,Singapore be 24°C,2026-08-30,lowest_temperature,Will the lowest temperature in Singapore be 24°C on August 30?,24°C,2.0,0.095,0.905,,0.19,,195.0,195.0,598.191,True,False,True,True,0x490012af25e4fad94dc15cdb8e0384bdca4b2e5c34120ee346405b9ec0f344a6
2026-08-28T14:38:06.370027+00:00,924187,3944208,Singapore be 25°C,2026-08-30,lowest_temperature,Will the lowest temperature in Singapore be 25°C on August 30?,25°C,3.0,0.245,0.755,,0.49,,,,254.3742,True,False,True,True,0x768562fd70fd0c266f11af1eb1782164b2e1c6a6e45ec6a3e5371e4f0ebf027d
2026-08-28T14:38:06.370039+00:00,924187,3944209,Singapore be 26°C,2026-08-30,lowest_temperature,Will the lowest temperature in Singapore be 26°C on August 30?,26°C,4.0,0.26,0.74,0.03,0.49,0.45999999999999996,,,310.4747,True,False,True,True,0xd0aa4da9962162d2d9434f8cb1fe3bdcdc3570df8f5d54485606336d35df53ce
2026-08-28T14:38:06.370051+00:00,924187,3944210,Singapore be 27°C,2026-08-30,lowest_temperature,Will the lowest temperature in Singapore be 27°C on August 30?,27°C,5.0,0.315,0.685,0.13,0.5,0.37,,,291.2059,True,False,True,True,0x697b9ac0fa0b59f9c9824bdd1eb2dfd9457407cea1454d160f8eab3d5ddb913e
2026-08-28T14:38:06.370062+00:00,924187,3944211,Singapore be 28°C,2026-08-30,lowest_temperature,Will the lowest temperature in Singapore be 28°C on August 30?,28°C,6.0,0.31,0.69,0.12,0.5,0.38,,,275.156,True,False,True,True,0x50b9ed56e548b7484e63e5157495bc163423389c767aea30b533282e9315d21e
2026-08-28T14:38:06.370074+00:00,924187,3944212,Singapore be 29°C,2026-08-30,lowest_temperature,Will the lowest temperature in Singapore be 29°C on August 30?,29°C,7.0,0.03,0.97,,0.06,,,,269.8136,True,False,True,True,0xd8defdd22d479248f87c9d11c7e4925ca1bf59899ede442354685793dbc951e0
2026-08-28T14:38:06.370086+00:00,924187,3944213,Singapore be 30°C,2026-08-30,lowest_temperature,Will the lowest temperature in Singapore be 30°C on August 30?,30°C,8.0,0.245,0.755,,0.49,,5.0,,254.3742,True,False,True,True,0x3638fd6028c05b12533f6197d05e02af1696423db274292fc6eedbc26e1baf13
2026-08-28T14:38:06.370099+00:00,924187,3944214,Singapore be 31°C,2026-08-30,lowest_temperature,Will the lowest temperature in Singapore be 31°C on August 30?,31°C,9.0,0.01,0.99,,0.02,,5.0,5.0,270.4763,True,False,True,True,0xa90c9dd057f4cb0db951e4c979e29783172a5ace996e7409d4fbe6cf1532e742
2026-08-28T14:38:06.370111+00:00,924187,3944215,Singapore be 32°C or higher,2026-08-30,lowest_temperature,Will the lowest temperature in Singapore be 32°C or higher on August 30?,32°C or higher,10.0,0.26,0.74,,0.52,,5.0,5.0,278.0557,True,False,True,True,0xe5e476605622287f641d510812c0ba2492d705c6a1db0e80c202d78d7b886aba
2026-08-28T14:38:06.370123+00:00,924188,3944216,Milan be 14°C or below,2026-08-30,lowest_temperature,Will the lowest temperature in Milan be 14°C or below on August 30?,14°C or below,0.0,0.1,0.9,,0.2,,,,200.4388,True,False,True,True,0x68a36fc6673be1ca8df37125f6fdb9a656bc5246bd508d6af4069b489f8e7458
2026-08-28T14:38:06.370135+00:00,924188,3944217,Milan be 15°C,2026-08-30,lowest_temperature,Will the lowest temperature in Milan be 15°C on August 30?,15°C,1.0,0.245,0.755,,0.49,,,,802.7624,True,False,True,True,0xb3fd9f74b4def5a0db2f76ce975e0a3ceccebd5cbb0583d70eecc04d4ab874be
2026-08-28T14:38:06.370146+00:00,924188,3944218,Milan be 16°C,2026-08-30,lowest_temperature,Will the lowest temperature in Milan be 16°C on August 30?,16°C,2.0,0.245,0.755,,0.49,,,,798.8924,True,False,True,True,0xbf69e21fc132d4a9d8a18653f19939f2b7161d674558259ffcd171977563f87c
2026-08-28T14:38:06.370157+00:00,924188,3944219,Milan be 17°C,2026-08-30,lowest_temperature,Will the lowest temperature in Milan be 17°C on August 30?,17°C,3.0,0.32,0.68,0.14,0.5,0.36,,,800.2856,True,False,True,True,0xa3d7d54d140da111dad8b2efd3bbdf073b95e6fcdd3bfc4e0d0ce7ebface713a
2026-08-28T14:38:06.370169+00:00,924188,3944220,Milan be 18°C,2026-08-30,lowest_temperature,Will the lowest temperature in Milan be 18°C on August 30?,18°C,4.0,0.285,0.715,0.07,0.5,0.43,,,784.9749,True,False,True,True,0x6c097e6f0669870ff9cbadadddea95c5ca043d02082e5c590dbd4b0e161bcb97
2026-08-28T14:38:06.370182+00:00,924188,3944221,Milan be 19°C,2026-08-30,lowest_temperature,Will the lowest temperature in Milan be 19°C on August 30?,19°C,5.0,0.245,0.755,,0.49,,,,760.5845,True,False,True,True,0x8e8c97bf18315834e3e3231a1ecd3508b091ce2e57d54129ffc33ddac3daa810
2026-08-28T14:38:06.370196+00:00,924188,3944222,Milan be 20°C,2026-08-30,lowest_temperature,Will the lowest temperature in Milan be 20°C on August 30?,20°C,6.0,0.245,0.755,,0.49,,,,802.7624,True,False,True,True,0x43601eae9ba25134cc4e980b01f1c27ebd885364b4376f04c887103398751f26
2026-08-28T14:38:06.370207+00:00,924188,3944223,Milan be 21°C,2026-08-30,lowest_temperature,Will the lowest temperature in Milan be 21°C on August 30?,21°C,7.0,0.01,0.99,,0.02,,,,759.8751,True,False,True,True,0x4b1584c7dcb358cd1a99f23b35c1e7347707101f7f05381a77367338700b6072
2026-08-28T14:38:06.370218+00:00,924188,3944224,Milan be 22°C,2026-08-30,lowest_temperature,Will the lowest temperature in Milan be 22°C on August 30?,22°C,8.0,0.1,0.9,,0.2,,5.0,5.0,878.7368,True,False,True,True,0x4228eb3116b938e84cc8c5a3a4c96cebeee8a796bd6adb11500dbd879ba0206f
2026-08-28T14:38:06.370230+00:00,924188,3944225,Milan be 23°C,2026-08-30,lowest_temperature,Will the lowest temperature in Milan be 23°C on August 30?,23°C,9.0,0.1,0.9,,0.2,,5.0,5.0,888.3868,True,False,True,True,0xcfdb0e41ed381aecee99a63a7412706aceb527bbaf06c0b29eed249eb4960d75
2026-08-28T14:38:06.370241+00:00,924188,3944226,Milan be 24°C or higher,2026-08-30,lowest_temperature,Will the lowest temperature in Milan be 24°C or higher on August 30?,24°C or higher,10.0,0.095,0.905,,0.19,,5.0,5.0,164.3092,True,False,True,True,0x4677583b7919904bbd3d6443a0cf8ca927af971667cfdcd9fa45a4f64ff8c3bb
2026-08-28T14:38:06.370254+00:00,924189,3944227,Madrid be 13°C or below,2026-08-30,lowest_temperature,Will the lowest temperature in Madrid be 13°C or below on August 30?,13°C or below,0.0,0.54,0.46,0.18,0.9,0.72,,,104.1597,True,False,True,True,0x81b57dd0dcd433a89e066e158bab57b5d1381344bf8e02a944f3b01a5aa88e4e
2026-08-28T14:38:06.370267+00:00,924189,3944228,Madrid be 14°C,2026-08-30,lowest_temperature,Will the lowest temperature in Madrid be 14°C on August 30?,14°C,1.0,0.29,0.71,0.08,0.5,0.42,,,800.3363,True,False,True,True,0x88861e131de2ca1e44c11e443bf3afd019982ea113951a2062b2f421ad566f31
2026-08-28T14:38:06.370284+00:00,924189,3944229,Madrid be 15°C,2026-08-30,lowest_temperature,Will the lowest temperature in Madrid be 15°C on August 30?,15°C,2.0,0.26,0.74,0.03,0.49,0.45999999999999996,,,883.4427,True,False,True,True,0x20762963d0c434a0d32d369680e4e36c16000e5a13fa65604aca518268e0c445
2026-08-28T14:38:06.370296+00:00,924189,3944230,Madrid be 16°C,2026-08-30,lowest_temperature,Will the lowest temperature in Madrid be 16°C on August 30?,16°C,3.0,0.245,0.755,,0.49,,,,937.647,True,False,True,True,0x6f2aa3c073af0d19be0b7cc4b633199d99a7ca3e40de188e8604220e71f62c48
2026-08-28T14:38:06.370308+00:00,924189,3944231,Madrid be 17°C,2026-08-30,lowest_temperature,Will the lowest temperature in Madrid be 17°C on August 30?,17°C,4.0,0.245,0.755,,0.49,,,,923.7338,True,False,True,True,0x6e4533c00fde8b8246556dab0e6547b1d4b2f27e340b02b2b1a273dd1e4a0790
2026-08-28T14:38:06.370320+00:00,924189,3944232,Madrid be 18°C,2026-08-30,lowest_temperature,Will the lowest temperature in Madrid be 18°C on August 30?,18°C,5.0,0.245,0.755,,0.49,,,,994.4525,True,False,True,True,0xc3674baa482486d6f37b3debf6e4cc8cb92f0429c568d3d0ee07d1e0e75ba919
2026-08-28T14:38:06.370331+00:00,924189,3944233,Madrid be 19°C,2026-08-30,lowest_temperature,Will the lowest temperature in Madrid be 19°C on August 30?,19°C,6.0,0.245,0.755,,0.49,,,,911.2129,True,False,True,True,0x2046a6f4460d67e3d428989a9a49215c08cac6970dd57383a10db7168dec6060
2026-08-28T14:38:06.370343+00:00,924189,3944234,Madrid be 20°C,2026-08-30,lowest_temperature,Will the lowest temperature in Madrid be 20°C on August 30?,20°C,7.0,0.095,0.905,,0.19,,,,996.2425,True,False,True,True,0xe6287c2bd0065b0cdfe55cf7ce0ecbf012d0b0ad00747915e7e001b33ff25a7e
2026-08-28T14:38:06.370355+00:00,924189,3944235,Madrid be 21°C,2026-08-30,lowest_temperature,Will the lowest temperature in Madrid be 21°C on August 30?,21°C,8.0,0.095,0.905,,0.19,,5.0,5.0,1005.8449,True,False,True,True,0xaacf875b76aff14ae0266d3d2fe0f132603fd272efa348d6d11d90398c8cf21d
2026-08-28T14:38:06.370368+00:00,924189,3944236,Madrid be 22°C,2026-08-30,lowest_temperature,Will the lowest temperature in Madrid be 22°C on August 30?,22°C,9.0,0.01,0.99,,0.02,,5.0,5.0,1013.6646,True,False,True,True,0x7be5fdc3ac6916f3002fab582b46597df8533113a561cfb0a72f519d8b02be3a
2026-08-28T14:38:06.370382+00:00,924189,3944237,Madrid be 23°C or higher,2026-08-30,lowest_temperature,Will the lowest temperature in Madrid be 23°C or higher on August 30?,23°C or higher,10.0,0.035,0.965,,0.07,,265.0,265.0,260.7899,True,False,True,True,0x59a91b1c2f67bd46bb2bb80dd53945b73942d996f1903cf57f0501709183fee7
2026-08-28T14:38:06.370395+00:00,924190,3944238,Warsaw be 9°C or below,2026-08-30,lowest_temperature,Will the lowest temperature in Warsaw be 9°C or below on August 30?,9°C or below,0.0,0.125,0.875,,0.25,,130.0,130.0,54.4039,True,False,True,True,0xa93755eab74298bac0be257202b61f2c4f5ab92de7955071d8f94b402c81c086
2026-08-28T14:38:06.370408+00:00,924190,3944239,Warsaw be 10°C,2026-08-30,lowest_temperature,Will the lowest temperature in Warsaw be 10°C on August 30?,10°C,1.0,0.435,0.565,,0.87,,,,682.886,True,False,True,True,0xc4d5eb41d81f506bde31e6c2fa70f89e25970b725928db17b8ea0b868639ab32
2026-08-28T14:38:06.370419+00:00,924190,3944240,Warsaw be 11°C,2026-08-30,lowest_temperature,Will the lowest temperature in Warsaw be 11°C on August 30?,11°C,2.0,0.435,0.565,,0.87,,,,683.1657,True,False,True,True,0x2e8fdbedf3251b80222ef9bb70cae81d50bc84910275f7950ec2aec4eca54821
2026-08-28T14:38:06.370431+00:00,924190,3944241,Warsaw be 12°C,2026-08-30,lowest_temperature,Will the lowest temperature in Warsaw be 12°C on August 30?,12°C,3.0,0.46,0.54,0.04,0.88,0.84,,,706.3956,True,False,True,True,0x619376598d4c0687a0db2ebf592c724fd8800541ddfd650851b5e5e12442e0bd
2026-08-28T14:38:06.370442+00:00,924190,3944242,Warsaw be 13°C,2026-08-30,lowest_temperature,Will the lowest temperature in Warsaw be 13°C on August 30?,13°C,4.0,0.46,0.54,0.05,0.87,0.82,,,717.3662,True,False,True,True,0x60f6ef797b7913c9bfe7fa51268c9a47c749cdb954a3dab5ad72c6a0b624bff6
2026-08-28T14:38:06.370455+00:00,924190,3944243,Warsaw be 14°C,2026-08-30,lowest_temperature,Will the lowest temperature in Warsaw be 14°C on August 30?,14°C,5.0,0.435,0.565,,0.87,,,,683.2859,True,False,True,True,0x4ab77321bf46557290f0ba8e2b31d9dbaaa224b437173b40425f33cd7de26a90
2026-08-28T14:38:06.370467+00:00,924190,3944244,Warsaw be 15°C,2026-08-30,lowest_temperature,Will the lowest temperature in Warsaw be 15°C on August 30?,15°C,6.0,0.435,0.565,,0.87,,,,683.3657,True,False,True,True,0x83005b192e1081831f7b05dccd53c2149f27e99923c9cacafd267f3dc72c296c
2026-08-28T14:38:06.370478+00:00,924190,3944245,Warsaw be 16°C,2026-08-30,lowest_temperature,Will the lowest temperature in Warsaw be 16°C on August 30?,16°C,7.0,0.435,0.565,,0.87,,,,683.1265,True,False,True,True,0xd52d30de54893555811598ca6030b1e8605ca1ead35a315614fb2519bd51a2f3
2026-08-28T14:38:06.370489+00:00,924190,3944246,Warsaw be 17°C,2026-08-30,lowest_temperature,Will the lowest temperature in Warsaw be 17°C on August 30?,17°C,8.0,0.435,0.565,,0.87,,,,683.5265,True,False,True,True,0x1f33972700bb66f50ef395518dc28bb21d804be5fdee8dd30a72321586083f6e
2026-08-28T14:38:06.370501+00:00,924190,3944247,Warsaw be 18°C,2026-08-30,lowest_temperature,Will the lowest temperature in Warsaw be 18°C on August 30?,18°C,9.0,0.425,0.575,,0.85,,135.0,135.0,687.3254,True,False,True,True,0xda94a03ce5077878318d7e60dda3c74f8e1209d38f98864560b15ff2b8530b7d
2026-08-28T14:38:06.370513+00:00,924190,3944248,Warsaw be 19°C or higher,2026-08-30,lowest_temperature,Will the lowest temperature in Warsaw be 19°C or higher on August 30?,19°C or higher,10.0,0.01,0.99,,0.02,,5.0,5.0,56.2998,True,False,True,True,0x40f9161458602df7e03b26f169a68f65571557c45b172deece5af8614e2132f8
2026-08-28T14:38:06.370526+00:00,924191,3944249,Taipei be 21°C or below,2026-08-30,lowest_temperature,Will the lowest temperature in Taipei be 21°C or below on August 30?,21°C or below,0.0,0.12,0.88,,0.24,,5.0,5.0,314.3498,True,False,True,True,0x30decf6dbd1e1094c6d736d17fe2f201b36e207ac0ee96e0be17928c3bf10c51
2026-08-28T14:38:06.370539+00:00,924191,3944250,Taipei be 22°C,2026-08-30,lowest_temperature,Will the lowest temperature in Taipei be 22°C on August 30?,22°C,1.0,0.07,0.93,,0.14,,135.0,135.0,503.7947,True,False,True,True,0xfa1713784a02397989d412332b6c57087a769e364639ae6815f9a5ebfc69e7bf
2026-08-28T14:38:06.370551+00:00,924191,3944251,Taipei be 23°C,2026-08-30,lowest_temperature,Will the lowest temperature in Taipei be 23°C on August 30?,23°C,2.0,0.2,0.8,,0.4,,5.0,5.0,444.7128,True,False,True,True,0xcb794c75d9575b3a75595665f7b2aefe6bcddfb621c767429943af9a6be83570
2026-08-28T14:38:06.370563+00:00,924191,3944252,Taipei be 24°C,2026-08-30,lowest_temperature,Will the lowest temperature in Taipei be 24°C on August 30?,24°C,3.0,0.245,0.755,,0.49,,,,258.2843,True,False,True,True,0x20cfce022316b15d0a0aa5ef9e9c4bad92dfb7a9822d0da444ecb29894cc3043
2026-08-28T14:38:06.370576+00:00,924191,3944253,Taipei be 25°C,2026-08-30,lowest_temperature,Will the lowest temperature in Taipei be 25°C on August 30?,25°C,4.0,0.245,0.755,,0.49,,,,267.6806,True,False,True,True,0x36dcec39774555a60e4695b675e1556b0489da78b343cc3157f3b406f888491a
2026-08-28T14:38:06.370588+00:00,924191,3944254,Taipei be 26°C,2026-08-30,lowest_temperature,Will the lowest temperature in Taipei be 26°C on August 30?,26°C,5.0,0.29,0.71,0.08,0.5,0.42,,,270.3179,True,False,True,True,0xd55b3bbf8cc372cae4c6f8af4cd62115ce3eb4aa1928e7b65418c39b884b23c5
2026-08-28T14:38:06.370600+00:00,924191,3944255,Taipei be 27°C,2026-08-30,lowest_temperature,Will the lowest temperature in Taipei be 27°C on August 30?,27°C,6.0,0.355,0.645,0.21,0.5,0.29000000000000004,,,252.3652,True,False,True,True,0xac7ffec4d0553906976e9f760f74706dba65b48af2b137d31789ea7f1a84d76f
2026-08-28T14:38:06.370611+00:00,924191,3944256,Taipei be 28°C,2026-08-30,lowest_temperature,Will the lowest temperature in Taipei be 28°C on August 30?,28°C,7.0,0.26,0.74,0.03,0.49,0.45999999999999996,,,344.2431,True,False,True,True,0xa6be96f2958afc28146d6a6ef4879dae5fb5b4aebc9ab000756d63d17c70a106
2026-08-28T14:38:06.370623+00:00,924191,3944257,Taipei be 29°C,2026-08-30,lowest_temperature,Will the lowest temperature in Taipei be 29°C on August 30?,29°C,8.0,0.245,0.755,,0.49,,5.0,5.0,252.5834,True,False,True,True,0x3a0dd77eac2711093fb07966cc832fe54e7ad80136a8362dca71ed0677b628a6
2026-08-28T14:38:06.370638+00:00,924191,3944258,Taipei be 30°C,2026-08-30,lowest_temperature,Will the lowest temperature in Taipei be 30°C on August 30?,30°C,9.0,0.01,0.99,,0.02,,5.0,5.0,235.7456,True,False,True,True,0x21e46da39b7277f49272997757cd6d6be37299bff3776ed54143f03846b10524
2026-08-28T14:38:06.370649+00:00,924191,3944259,Taipei be 31°C or higher,2026-08-30,lowest_temperature,Will the lowest temperature in Taipei be 31°C or higher on August 30?,31°C or higher,10.0,0.35,0.65,,0.7,,5.0,5.0,77.482,True,False,True,True,0x89d126b2530a6b4cba1f9944ac8632d7acd81189bf2fd53fe6c5ba7225ed5317
2026-08-28T14:38:06.370662+00:00,924192,3944260,Chongqing be 19°C or below,2026-08-30,lowest_temperature,Will the lowest temperature in Chongqing be 19°C or below on August 30?,19°C or below,0.0,0.46,0.54,,0.92,,,,41.6009,True,False,True,True,0x813f01f32869a3485d6d6a6f021fc917e27b2cd0e719c70a5cd0581bdbb2cb46
2026-08-28T14:38:06.370674+00:00,924192,3944261,Chongqing be 20°C,2026-08-30,lowest_temperature,Will the lowest temperature in Chongqing be 20°C on August 30?,20°C,1.0,0.245,0.755,,0.49,,,,154.7042,True,False,True,True,0xc9be5d29d1154d35244598c7b8d1739e58c39d4e6fb3b2929e805be83c47897f
2026-08-28T14:38:06.370687+00:00,924192,3944262,Chongqing be 21°C,2026-08-30,lowest_temperature,Will the lowest temperature in Chongqing be 21°C on August 30?,21°C,2.0,0.265,0.735,0.03,0.5,0.47,,,231.7317,True,False,True,True,0xe9a736acf8573e93a1aef49272f70bc1278b3c1382541f2e19743636c1ed01c2
2026-08-28T14:38:06.370707+00:00,924192,3944263,Chongqing be 22°C,2026-08-30,lowest_temperature,Will the lowest temperature in Chongqing be 22°C on August 30?,22°C,3.0,0.265,0.735,0.03,0.5,0.47,,,237.2617,True,False,True,True,0x4a7641073984ff73d87698f4dfc73635a821668c9055985bb2e7148bc628371e
2026-08-28T14:38:06.370719+00:00,924192,3944264,Chongqing be 23°C,2026-08-30,lowest_temperature,Will the lowest temperature in Chongqing be 23°C on August 30?,23°C,4.0,0.26,0.74,0.03,0.49,0.45999999999999996,,,222.6923,True,False,True,True,0x08b5f2abf1c8fbd6bc4e8bbf2611e5fe7982c9763a582f139e703d27f8900278
2026-08-28T14:38:06.370731+00:00,924192,3944265,Chongqing be 24°C,2026-08-30,lowest_temperature,Will the lowest temperature in Chongqing be 24°C on August 30?,24°C,5.0,0.245,0.755,,0.49,,,,154.5342,True,False,True,True,0x7604c0801d73e85d78aa67e3faea9de9817437654f6efd0171de627b5597718f
2026-08-28T14:38:06.370745+00:00,924192,3944266,Chongqing be 25°C,2026-08-30,lowest_temperature,Will the lowest temperature in Chongqing be 25°C on August 30?,25°C,6.0,0.245,0.755,,0.49,,,,153.3835,True,False,True,True,0xefb3d3570b1eb8d5fa59caa097b3e50890a3c152bf56a6a1441adece225855f7
2026-08-28T14:38:06.370756+00:00,924192,3944267,Chongqing be 26°C,2026-08-30,lowest_temperature,Will the lowest temperature in Chongqing be 26°C on August 30?,26°C,7.0,0.215,0.785,,0.43,,,,220.0327,True,False,True,True,0x7c9d76a652fd787e02348887f0dc373d4004e353fcf1ac8960621bb319425e8d
2026-08-28T14:38:06.370768+00:00,924192,3944268,Chongqing be 27°C,2026-08-30,lowest_temperature,Will the lowest temperature in Chongqing be 27°C on August 30?,27°C,8.0,0.01,0.99,,0.02,,5.0,5.0,327.3844,True,False,True,True,0x2f467df90ccbeb224c91d5c4213d4ec4a75187f88081ce0184e91182c01f0de7
2026-08-28T14:38:06.370782+00:00,924192,3944269,Chongqing be 28°C,2026-08-30,lowest_temperature,Will the lowest temperature in Chongqing be 28°C on August 30?,28°C,9.0,0.0055,0.9945,0.001,0.01,0.009000000000000001,5.0,5.0,897.31417,True,False,True,True,0x2d0e5f8d08cfc9257850711d9e03f6947fdf2b5e4102942da8ae8b928eef476c
2026-08-28T14:38:06.370794+00:00,924192,3944270,Chongqing be 29°C or higher,2026-08-30,lowest_temperature,Will the lowest temperature in Chongqing be 29°C or higher on August 30?,29°C or higher,10.0,0.295,0.705,,0.59,,5.0,5.0,149.2297,True,False,True,True,0x28eaa029bda31e44be4afc03acda7dfbfbdb752da0c86576480b059059636475
2026-08-28T14:38:06.370807+00:00,924193,3944271,Beijing be 13°C or below,2026-08-30,lowest_temperature,Will the lowest temperature in Beijing be 13°C or below on August 30?,13°C or below,0.0,0.07,0.93,,0.14,,5.0,5.0,283.4499,True,False,True,True,0x8de2eb4499f7e760ae44e4a53cd6f64579c5d4bdd7c113e7415c9842429c6d47
2026-08-28T14:38:06.370820+00:00,924193,3944272,Beijing be 14°C,2026-08-30,lowest_temperature,Will the lowest temperature in Beijing be 14°C on August 30?,14°C,1.0,0.235,0.765,,0.47,,,,222.2941,True,False,True,True,0xbeccfdcbb43d44d8d8f7e92a6cb2338b4ccf33f3a98699d0dd0f5334f7b15a9b
2026-08-28T14:38:06.370831+00:00,924193,3944273,Beijing be 15°C,2026-08-30,lowest_temperature,Will the lowest temperature in Beijing be 15°C on August 30?,15°C,2.0,0.245,0.755,,0.49,,,,231.644,True,False,True,True,0x60c9fcac75c5636a47c57c01dc87c35e0a1d5ed88396fd09e0b9ce87cbc6db10
2026-08-28T14:38:06.370842+00:00,924193,3944274,Beijing be 16°C,2026-08-30,lowest_temperature,Will the lowest temperature in Beijing be 16°C on August 30?,16°C,3.0,0.265,0.735,0.04,0.49,0.45,,,290.9758,True,False,True,True,0x1a1252ee8e1148379b0a809374df3bd7aeb973638ef255745226c4aecc7cf1af
2026-08-28T14:38:06.370854+00:00,924193,3944275,Beijing be 17°C,2026-08-30,lowest_temperature,Will the lowest temperature in Beijing be 17°C on August 30?,17°C,4.0,0.315,0.685,0.13,0.5,0.37,,,256.2179,True,False,True,True,0x70880ee988e9780e88975bccaae569c075d7613383c93f6feee40433f5845e23
2026-08-28T14:38:06.370865+00:00,924193,3944276,Beijing be 18°C,2026-08-30,lowest_temperature,Will the lowest temperature in Beijing be 18°C on August 30?,18°C,5.0,0.29,0.71,0.08,0.5,0.42,,,243.1786,True,False,True,True,0xd3c81fbc774b95d1b4f5a8ecfb7ccb60f5a694727ec0ab7a6392584aab6cc178
2026-08-28T14:38:06.370878+00:00,924193,3944277,Beijing be 19°C,2026-08-30,lowest_temperature,Will the lowest temperature in Beijing be 19°C on August 30?,19°C,6.0,0.245,0.755,,0.49,,,,230.874,True,False,True,True,0xda40aacad1ad9982a6e2ff1de9cf6fc1c172fff3308001b04d3c4d5b42420245
2026-08-28T14:38:06.370891+00:00,924193,3944278,Beijing be 20°C,2026-08-30,lowest_temperature,Will the lowest temperature in Beijing be 20°C on August 30?,20°C,7.0,0.25,0.75,0.03,0.47,0.43999999999999995,,,235.7396,True,False,True,True,0x07edd6768a2a30a984b52279ff8b75a09c5bce2e8c6e7f39517bc63dd93a988e
2026-08-28T14:38:06.370906+00:00,924193,3944279,Beijing be 21°C,2026-08-30,lowest_temperature,Will the lowest temperature in Beijing be 21°C on August 30?,21°C,8.0,0.065,0.935,0.02,0.11,0.09,153.303,153.303,629.9273,True,False,True,True,0x69a5f5ab23c6a93549342662f6ec868f4c59a5c258e58a621532f72078c35024
2026-08-28T14:38:06.370919+00:00,924193,3944280,Beijing be 22°C,2026-08-30,lowest_temperature,Will the lowest temperature in Beijing be 22°C on August 30?,22°C,9.0,0.01,0.99,,0.02,,5.0,216.0,1018.8355,True,False,True,True,0x551a3db60f414310bd23c4236941b9c654ba254e3dda669ce4692179880f0de5
2026-08-28T14:38:06.370931+00:00,924193,3944281,Beijing be 23°C or higher,2026-08-30,lowest_temperature,Will the lowest temperature in Beijing be 23°C or higher on August 30?,23°C or higher,10.0,0.185,0.815,,0.37,,5.0,5.0,280.7986,True,False,True,True,0xac4444eca862c331433cf4f622eebb3e4a05be4960316b74a013f38689984e4e
2026-08-28T14:38:06.370944+00:00,924194,3944282,Wuhan be 22°C or below,2026-08-30,lowest_temperature,Will the lowest temperature in Wuhan be 22°C or below on August 30?,22°C or below,0.0,0.095,0.905,,0.19,,,,177.0498,True,False,True,True,0xddd52e8af4ceecf596bec692334d85a99aa072174dd540721445b1d9a6b45712
2026-08-28T14:38:06.370957+00:00,924194,3944283,Wuhan be 23°C,2026-08-30,lowest_temperature,Will the lowest temperature in Wuhan be 23°C on August 30?,23°C,1.0,0.11,0.89,0.03,0.19,0.16,,,298.2737,True,False,True,True,0x310d8ed1016c5d43d6a3caade315a19d3d0dbf1fe9c5dadb12c45669136bc95c
2026-08-28T14:38:06.370970+00:00,924194,3944284,Wuhan be 24°C,2026-08-30,lowest_temperature,Will the lowest temperature in Wuhan be 24°C on August 30?,24°C,2.0,0.435,0.565,0.03,0.84,0.8099999999999999,,,148.9684,True,False,True,True,0xae64226b9729748aa7e77a970e140a32072e6b6c6c483359e95c962f8020f089
2026-08-28T14:38:06.370984+00:00,924194,3944285,Wuhan be 25°C,2026-08-30,lowest_temperature,Will the lowest temperature in Wuhan be 25°C on August 30?,25°C,3.0,0.43,0.57,0.03,0.83,0.7999999999999999,,,205.1669,True,False,True,True,0xc64f5a9acba301129bb31d2df1a0d2ae12721d14be0a9e6fd114b2020c013e77
2026-08-28T14:38:06.370997+00:00,924194,3944286,Wuhan be 26°C,2026-08-30,lowest_temperature,Will the lowest temperature in Wuhan be 26°C on August 30?,26°C,4.0,0.455,0.545,0.03,0.88,0.85,,,133.912,True,False,True,True,0x01f346fad26c0d671bff3a17338b4b7ddf212411ac7b076d736797ee3d93f2fe
2026-08-28T14:38:06.371009+00:00,924194,3944287,Wuhan be 27°C,2026-08-30,lowest_temperature,Will the lowest temperature in Wuhan be 27°C on August 30?,27°C,5.0,0.455,0.545,0.03,0.88,0.85,,,178.042,True,False,True,True,0x3fe8b13c43bb25808a1a4644e1eb31fd6f63f801c51b8734f64230e42a51a0de
2026-08-28T14:38:06.371021+00:00,924194,3944288,Wuhan be 28°C,2026-08-30,lowest_temperature,Will the lowest temperature in Wuhan be 28°C on August 30?,28°C,6.0,0.01,0.99,,0.02,,,,135.319,True,False,True,True,0x6adb59e9218d437fb8aae80d99aaf072e6c6dc534fc7526ba0377d50b7fa0034
2026-08-28T14:38:06.371035+00:00,924194,3944289,Wuhan be 29°C,2026-08-30,lowest_temperature,Will the lowest temperature in Wuhan be 29°C on August 30?,29°C,7.0,0.215,0.785,,0.43,,,,258.8134,True,False,True,True,0x8a094a7e5a3a61003f8cea464cd94debd5e40752d676483b283f9a50d46541a2
2026-08-28T14:38:06.371047+00:00,924194,3944290,Wuhan be 30°C,2026-08-30,lowest_temperature,Will the lowest temperature in Wuhan be 30°C on August 30?,30°C,8.0,0.295,0.705,,0.59,,5.0,5.0,247.7831,True,False,True,True,0x6f033b384b33402f8b73c99fdafe2570856a379efbbf324c79fd469f4f2b0dd1
2026-08-28T14:38:06.371062+00:00,924194,3944291,Wuhan be 31°C,2026-08-30,lowest_temperature,Will the lowest temperature in Wuhan be 31°C on August 30?,31°C,9.0,0.04,0.96,,0.08,,5.0,5.0,779.8178,True,False,True,True,0x087036c29392b95a7f7e3efdff6b444dda7e33062b9bbde5c3f13dc5f717c656
2026-08-28T14:38:06.371074+00:00,924194,3944292,Wuhan be 32°C or higher,2026-08-30,lowest_temperature,Will the lowest temperature in Wuhan be 32°C or higher on August 30?,32°C or higher,10.0,0.075,0.925,,0.15,,5.0,5.0,398.1588,True,False,True,True,0xd4ed49f4c1b0a637a32add8dec7817bb44e14881399978d1329b9c54fecb23f2
2026-08-28T14:38:06.371091+00:00,924195,3944293,Chengdu be 18°C or below,2026-08-30,lowest_temperature,Will the lowest temperature in Chengdu be 18°C or below on August 30?,18°C or below,0.0,0.21,0.79,,0.42,,5.0,5.0,82.4404,True,False,True,True,0x442d217e9215815b70bc8e91fe6f4d162fb6a394936ab99becd0e8afe6391fdb
2026-08-28T14:38:06.371105+00:00,924195,3944294,Chengdu be 19°C,2026-08-30,lowest_temperature,Will the lowest temperature in Chengdu be 19°C on August 30?,19°C,1.0,0.425,0.575,0.03,0.82,0.7899999999999999,,,214.1479,True,False,True,True,0x4641ff8aacb808fe38c6cc1d9517c1df9253808857d16f957118552873d19db5
2026-08-28T14:38:06.371117+00:00,924195,3944295,Chengdu be 20°C,2026-08-30,lowest_temperature,Will the lowest temperature in Chengdu be 20°C on August 30?,20°C,2.0,0.405,0.595,,0.81,,,,144.5589,True,False,True,True,0x53a581c7a733ff61ca4e82b1edd066d8f85dab74289197a3b5b99449427b5f0f
2026-08-28T14:38:06.371130+00:00,924195,3944296,Chengdu be 21°C,2026-08-30,lowest_temperature,Will the lowest temperature in Chengdu be 21°C on August 30?,21°C,3.0,0.41,0.59,,0.82,,,,205.7094,True,False,True,True,0x933ad400949974a63f894f48546cf876a0e1c458654b151ce097d96bd8f5f461
2026-08-28T14:38:06.371143+00:00,924195,3944297,Chengdu be 22°C,2026-08-30,lowest_temperature,Will the lowest temperature in Chengdu be 22°C on August 30?,22°C,4.0,0.43,0.57,0.03,0.83,0.7999999999999999,,,194.2613,True,False,True,True,0xb0dc4bd7b7363c41fd71dd094ee6b081d42afccdf63ab271cb004daab79b6d82
2026-08-28T14:38:06.371155+00:00,924195,3944298,Chengdu be 23°C,2026-08-30,lowest_temperature,Will the lowest temperature in Chengdu be 23°C on August 30?,23°C,5.0,0.5,0.5,0.12,0.88,0.76,,,203.3357,True,False,True,True,0x2d30921050ea6fb67407b8a371330d08c2a5fa6d6ae4c74880f2fb33d38d932c
2026-08-28T14:38:06.371169+00:00,924195,3944299,Chengdu be 24°C,2026-08-30,lowest_temperature,Will the lowest temperature in Chengdu be 24°C on August 30?,24°C,6.0,0.435,0.565,0.03,0.84,0.8099999999999999,,,145.2916,True,False,True,True,0xce7b3c3d0a1ec18cbd2403f279ce9768485559aa3a16adcd8853fa52385335d3
2026-08-28T14:38:06.371181+00:00,924195,3944300,Chengdu be 25°C,2026-08-30,lowest_temperature,Will the lowest temperature in Chengdu be 25°C on August 30?,25°C,7.0,0.01,0.99,,0.02,,,,149.8133,True,False,True,True,0x585b67d2cda8e9aaf9eb8cd37d340f6df575946d6c58081b5f6ec6a9c9271a06
2026-08-28T14:38:06.371194+00:00,924195,3944301,Chengdu be 26°C,2026-08-30,lowest_temperature,Will the lowest temperature in Chengdu be 26°C on August 30?,26°C,8.0,0.405,0.595,,0.81,,,,132.7738,True,False,True,True,0xb2a979da2a834c02c35c57042ff8acc27475328f8550d2f6fadd28185f7e3fd3
2026-08-28T14:38:06.371205+00:00,924195,3944302,Chengdu be 27°C,2026-08-30,lowest_temperature,Will the lowest temperature in Chengdu be 27°C on August 30?,27°C,9.0,0.405,0.595,,0.81,,130.0,130.0,172.7856,True,False,True,True,0x9bc9e731bcd58fd18b889c4c11b3caf7348295ef36ad4dc81af62eb5b99878b3
2026-08-28T14:38:06.371217+00:00,924195,3944303,Chengdu be 28°C or higher,2026-08-30,lowest_temperature,Will the lowest temperature in Chengdu be 28°C or higher on August 30?,28°C or higher,10.0,0.215,0.785,,0.43,,130.0,130.0,112.0173,True,False,True,True,0xcb7601177e03a9387c35c7f688a6fe42a40b7f2d6c9cd60f37214b4a96a3d553
2026-08-28T14:38:06.371230+00:00,924196,3944304,Shenzhen be 23°C or below,2026-08-30,lowest_temperature,Will the lowest temperature in Shenzhen be 23°C or below on August 30?,23°C or below,0.0,0.08,0.92,,0.16,,6.25,6.25,246.3299,True,False,True,True,0xf18ad34e1c8c520cbdde3ddaa7d9d0f4de0fc6925fddecffe713445895ac496b
2026-08-28T14:38:06.371242+00:00,924196,3944305,Shenzhen be 24°C,2026-08-30,lowest_temperature,Will the lowest temperature in Shenzhen be 24°C on August 30?,24°C,1.0,0.245,0.755,,0.49,,,,240.5435,True,False,True,True,0x711abd350da0163298094a786a362f49bfb5a5e793511e8ff07391e3afd44819
2026-08-28T14:38:06.371254+00:00,924196,3944306,Shenzhen be 25°C,2026-08-30,lowest_temperature,Will the lowest temperature in Shenzhen be 25°C on August 30?,25°C,2.0,0.395,0.605,,0.79,,,,191.3255,True,False,True,True,0x77a75b8ccbedbbb9d4b3f32abece35b387299a05a539e8c4bd91443cf434c169
2026-08-28T14:38:06.371265+00:00,924196,3944307,Shenzhen be 26°C,2026-08-30,lowest_temperature,Will the lowest temperature in Shenzhen be 26°C on August 30?,26°C,3.0,0.44,0.56,0.07,0.81,0.74,,,266.6747,True,False,True,True,0x38dfb327968bebb9db9761426d1cd623c67ea9c28322289300e7a5bcdbea983d
2026-08-28T14:38:06.371276+00:00,924196,3944308,Shenzhen be 27°C,2026-08-30,lowest_temperature,Will the lowest temperature in Shenzhen be 27°C on August 30?,27°C,4.0,0.31,0.69,0.13,0.49,0.36,,,304.4251,True,False,True,True,0xb7a5b7ddf8eaea3cbe0b96bf43b2913390da9e8de0e7e6ac954d16ee2128f39b
2026-08-28T14:38:06.371288+00:00,924196,3944309,Shenzhen be 28°C,2026-08-30,lowest_temperature,Will the lowest temperature in Shenzhen be 28°C on August 30?,28°C,5.0,0.26,0.74,0.03,0.49,0.45999999999999996,,,261.7939,True,False,True,True,0x57a8df615aa3619a7c6986a1f561a9fbb06e7983999665c279e6f5e384b10739
2026-08-28T14:38:06.371300+00:00,924196,3944310,Shenzhen be 29°C,2026-08-30,lowest_temperature,Will the lowest temperature in Shenzhen be 29°C on August 30?,29°C,6.0,0.245,0.755,,0.49,,,,260.2079,True,False,True,True,0x5d7d8d949768d9100a5897fe2f65f99e84608da601440104c60c9bf99253a118
2026-08-28T14:38:06.371311+00:00,924196,3944311,Shenzhen be 30°C,2026-08-30,lowest_temperature,Will the lowest temperature in Shenzhen be 30°C on August 30?,30°C,7.0,0.245,0.755,,0.49,,,,224.0134,True,False,True,True,0xd08f5bee7c04dce531746399a9af5991cb50afb2c0c9b1c9fd52599e98a174aa
2026-08-28T14:38:06.371326+00:00,924196,3944312,Shenzhen be 31°C,2026-08-30,lowest_temperature,Will the lowest temperature in Shenzhen be 31°C on August 30?,31°C,8.0,0.01,0.99,,0.02,,,,313.5455,True,False,True,True,0xa4d3ae1236f3fa08c11f394f4eebc5cd589fdeb127b83ef71bc5e65154173cc5
2026-08-28T14:38:06.371338+00:00,924196,3944313,Shenzhen be 32°C,2026-08-30,lowest_temperature,Will the lowest temperature in Shenzhen be 32°C on August 30?,32°C,9.0,0.095,0.905,,0.19,,,,369.9952,True,False,True,True,0xc3843393f0b79241dd6e44ad3bb55d580be721a554e59a19c4ade87544d32483
2026-08-28T14:38:06.371349+00:00,924196,3944314,Shenzhen be 33°C or higher,2026-08-30,lowest_temperature,Will the lowest temperature in Shenzhen be 33°C or higher on August 30?,33°C or higher,10.0,0.07,0.93,,0.14,,,,213.9407,True,False,True,True,0x4dc3855597677ad6292b92f21d8770befffd445cd6be5c9067924163a8be0dd4
2026-08-28T14:38:06.371363+00:00,924197,3944315,Moscow be 5°C or below,2026-08-30,lowest_temperature,Will the lowest temperature in Moscow be 5°C or below on August 30?,5°C or below,0.0,0.255,0.745,,0.51,,,,31.0198,True,False,True,True,0x8cc37d7250315b3109faea9e211156af6cdd848ac019b0341e34c567141370f3
2026-08-28T14:38:06.371375+00:00,924197,3944316,Moscow be 6°C,2026-08-30,lowest_temperature,Will the lowest temperature in Moscow be 6°C on August 30?,6°C,1.0,0.245,0.755,,0.49,,,,723.8804,True,False,True,True,0xa8857986e02a3c82dfcf516fc219446482d6944d175ceb7eaf5d3b9ea0e1daec
2026-08-28T14:38:06.371389+00:00,924197,3944317,Moscow be 7°C,2026-08-30,lowest_temperature,Will the lowest temperature in Moscow be 7°C on August 30?,7°C,2.0,0.245,0.755,,0.49,,,,732.2304,True,False,True,True,0x7878b256471524a83bcef359e6794177996edb15fd94415e01579a6d4ac87183
2026-08-28T14:38:06.371401+00:00,924197,3944318,Moscow be 8°C,2026-08-30,lowest_temperature,Will the lowest temperature in Moscow be 8°C on August 30?,8°C,3.0,0.25,0.75,,0.5,,,,718.501,True,False,True,True,0x36e626dd0d362486b1686886295469443a7417bb37ad3de05628cef6c77b4a4f
2026-08-28T14:38:06.371412+00:00,924197,3944319,Moscow be 9°C,2026-08-30,lowest_temperature,Will the lowest temperature in Moscow be 9°C on August 30?,9°C,4.0,0.25,0.75,,0.5,,,,717.591,True,False,True,True,0x1884819845177f0eb6ccfa839ab79c7e9ea747fe1016a359b1e35a02a95bcc87
2026-08-28T14:38:06.371424+00:00,924197,3944320,Moscow be 10°C,2026-08-30,lowest_temperature,Will the lowest temperature in Moscow be 10°C on August 30?,10°C,5.0,0.265,0.735,0.03,0.5,0.47,,,788.671,True,False,True,True,0xdc811d6fa31f89472e78a6e45f0587d7d0e91199a1e75e382bdb9387293022e0
2026-08-28T14:38:06.371437+00:00,924197,3944321,Moscow be 11°C,2026-08-30,lowest_temperature,Will the lowest temperature in Moscow be 11°C on August 30?,11°C,6.0,0.265,0.735,0.03,0.5,0.47,,,789.061,True,False,True,True,0x31cac9a93ab372f07c75681d99cfd68196af353563871a56451271eb1bb7c40c
2026-08-28T14:38:06.371449+00:00,924197,3944322,Moscow be 12°C,2026-08-30,lowest_temperature,Will the lowest temperature in Moscow be 12°C on August 30?,12°C,7.0,0.265,0.735,0.03,0.5,0.47,,,778.821,True,False,True,True,0xfe70673044dbd851d112136f7156fc7244c4470d991b247119cf798c7272099f
2026-08-28T14:38:06.371462+00:00,924197,3944323,Moscow be 13°C,2026-08-30,lowest_temperature,Will the lowest temperature in Moscow be 13°C on August 30?,13°C,8.0,0.25,0.75,,0.5,,,,715.831,True,False,True,True,0x854c485ba4983351d2dbe9003a834caf8d7b37344bb985c03926f10cad21372a
2026-08-28T14:38:06.371474+00:00,924197,3944324,Moscow be 14°C,2026-08-30,lowest_temperature,Will the lowest temperature in Moscow be 14°C on August 30?,14°C,9.0,0.25,0.75,,0.5,,,,716.331,True,False,True,True,0x6f0ca1e5df3a3cfe1ded740d299fa2b1a5131764996ff7a420737db9103abc18
2026-08-28T14:38:06.371486+00:00,924197,3944325,Moscow be 15°C or higher,2026-08-30,lowest_temperature,Will the lowest temperature in Moscow be 15°C or higher on August 30?,15°C or higher,10.0,0.46,0.54,,0.92,,130.0,130.0,42.9445,True,False,True,True,0x5073004fb30b3ece80bab81093a7c8e03f0c1ce5f1fb9b2ba5c18eee28cc91ce
2026-08-28T14:38:06.371499+00:00,924198,3944326,Istanbul be 16°C or below,2026-08-30,lowest_temperature,Will the lowest temperature in Istanbul be 16°C or below on August 30?,16°C or below,0.0,0.025,0.975,,0.05,,,,300.6898,True,False,True,True,0x2bf9edbe2725c4042f7814c728ca74ffb50380e4820dd70bf1db519c3f73f6f0
2026-08-28T14:38:06.371511+00:00,924198,3944327,Istanbul be 17°C,2026-08-30,lowest_temperature,Will the lowest temperature in Istanbul be 17°C on August 30?,17°C,1.0,0.185,0.815,,0.37,,130.0,130.0,1072.1326,True,False,True,True,0xf0b30b84a093c9f4803a6c1caae57993dd153716a2462c69dd5e7e3e29ea9ccc
2026-08-28T14:38:06.371523+00:00,924198,3944328,Istanbul be 18°C,2026-08-30,lowest_temperature,Will the lowest temperature in Istanbul be 18°C on August 30?,18°C,2.0,0.095,0.905,,0.19,,,,953.3823,True,False,True,True,0x24af36e68cc12e2a53daef056378b0ba0931cc57bf09ee7846abd7f93325ec6e
2026-08-28T14:38:06.371534+00:00,924198,3944329,Istanbul be 19°C,2026-08-30,lowest_temperature,Will the lowest temperature in Istanbul be 19°C on August 30?,19°C,3.0,0.25,0.75,,0.5,,,,715.081,True,False,True,True,0xf72d63287dc301be864f96f07a448970ea4d168d2131ea5bf25b15ff8b72bc0b
2026-08-28T14:38:06.371545+00:00,924198,3944330,Istanbul be 20°C,2026-08-30,lowest_temperature,Will the lowest temperature in Istanbul be 20°C on August 30?,20°C,4.0,0.26,0.74,0.03,0.49,0.45999999999999996,,,729.4812,True,False,True,True,0x3d3a662e49267b46a533d4b979e9f7f4cbf7f5599f7932af1036979ba3647916
2026-08-28T14:38:06.371556+00:00,924198,3944331,Istanbul be 21°C,2026-08-30,lowest_temperature,Will the lowest temperature in Istanbul be 21°C on August 30?,21°C,5.0,0.265,0.735,0.03,0.5,0.47,,,742.241,True,False,True,True,0xd14887d64d1d540120c85cc953b2de350bd24914c12de4bc52a7c51643200405
2026-08-28T14:38:06.371569+00:00,924198,3944332,Istanbul be 22°C,2026-08-30,lowest_temperature,Will the lowest temperature in Istanbul be 22°C on August 30?,22°C,6.0,0.265,0.735,0.03,0.5,0.47,,,739.601,True,False,True,True,0x92058867f4e1f6f488dd60030510b72660b68cb61e65252400b99bf04899e015
2026-08-28T14:38:06.371581+00:00,924198,3944333,Istanbul be 23°C,2026-08-30,lowest_temperature,Will the lowest temperature in Istanbul be 23°C on August 30?,23°C,7.0,0.265,0.735,0.03,0.5,0.47,,,726.651,True,False,True,True,0x8c175668d153f9b26947e226ce96dfde7900e85d92653a6a7e9ade63f4ebb77a
2026-08-28T14:38:06.371594+00:00,924198,3944334,Istanbul be 24°C,2026-08-30,lowest_temperature,Will the lowest temperature in Istanbul be 24°C on August 30?,24°C,8.0,0.01,0.99,,0.02,,,,690.0815,True,False,True,True,0x8195e43df39b816df70dd9d5451fafd9c000d0db30a5c188aa62eec405247ddc
2026-08-28T14:38:06.371605+00:00,924198,3944335,Istanbul be 25°C,2026-08-30,lowest_temperature,Will the lowest temperature in Istanbul be 25°C on August 30?,25°C,9.0,0.225,0.775,,0.45,,,,883.6203,True,False,True,True,0x9c937040295ad034a81fcee5f6bb67c56e2380fefb6b9bcf60d59d8ee4a6ab5d
2026-08-28T14:38:06.371616+00:00,924198,3944336,Istanbul be 26°C or higher,2026-08-30,lowest_temperature,Will the lowest temperature in Istanbul be 26°C or higher on August 30?,26°C or higher,10.0,0.285,0.715,,0.57,,130.0,130.0,185.4,True,False,True,True,0x3e74b6547b8ba79c20b1b6f8cad75270b02101ea4be849bad5dea77e2903f62c
2026-08-28T14:38:06.371629+00:00,924199,3944337,Busan be 22°C or below,2026-08-30,lowest_temperature,Will the lowest temperature in Busan be 22°C or below on August 30?,22°C or below,0.0,0.095,0.905,,0.19,,130.0,130.0,358.9484,True,False,True,True,0x67f278de224b6f96fc72c2e325701e0eae74441d01760e61b98a2538e54ae84f
2026-08-28T14:38:06.371642+00:00,924199,3944338,Busan be 23°C,2026-08-30,lowest_temperature,Will the lowest temperature in Busan be 23°C on August 30?,23°C,1.0,0.245,0.755,,0.49,,,,276.8623,True,False,True,True,0xd729ec1aee1f076752eab62e7ce4d5e0a4d68f03bfed60884f715f28481659d1
2026-08-28T14:38:06.371654+00:00,924199,3944339,Busan be 24°C,2026-08-30,lowest_temperature,Will the lowest temperature in Busan be 24°C on August 30?,24°C,2.0,0.25,0.75,0.01,0.49,0.48,,,212.5048,True,False,True,True,0x55950065619c142844d8b5fdfbeba0647f4631915f6770821fb5cc956887dad0
2026-08-28T14:38:06.371665+00:00,924199,3944340,Busan be 25°C,2026-08-30,lowest_temperature,Will the lowest temperature in Busan be 25°C on August 30?,25°C,3.0,0.3,0.7,0.1,0.5,0.4,,,307.9327,True,False,True,True,0x77508deb62d8e0a6869e7d8f46d9c5936372cdf0f6d5e5c8f130d4023ca44445
2026-08-28T14:38:06.371677+00:00,924199,3944341,Busan be 26°C,2026-08-30,lowest_temperature,Will the lowest temperature in Busan be 26°C on August 30?,26°C,4.0,0.385,0.615,0.28,0.49,0.20999999999999996,,,279.6643,True,False,True,True,0xd366402ac422ac4d84ff81ac975c32bfb3749bd231646a09d8801a1340869fb5
2026-08-28T14:38:06.371688+00:00,924199,3944342,Busan be 27°C,2026-08-30,lowest_temperature,Will the lowest temperature in Busan be 27°C on August 30?,27°C,5.0,0.26,0.74,0.03,0.49,0.45999999999999996,,,266.8023,True,False,True,True,0x4694bce8ed563d8326a33b489657e8be623b3f7e963ba80aef9074066eb72cdf
2026-08-28T14:38:06.371710+00:00,924199,3944343,Busan be 28°C,2026-08-30,lowest_temperature,Will the lowest temperature in Busan be 28°C on August 30?,28°C,6.0,0.25,0.75,0.01,0.49,0.48,,,256.0549,True,False,True,True,0xf7f4c8abfdcaabe86feeb6e7d68cf861cec9748a899c764887ce13f36349dd3c
2026-08-28T14:38:06.371722+00:00,924199,3944344,Busan be 29°C,2026-08-30,lowest_temperature,Will the lowest temperature in Busan be 29°C on August 30?,29°C,7.0,0.01,0.99,,0.02,,,,270.7062,True,False,True,True,0xfc2b174682aa9d55493d00a21a8fbf5ef14603382f34d78e4075f22f2d14c3a3
2026-08-28T14:38:06.371735+00:00,924199,3944345,Busan be 30°C,2026-08-30,lowest_temperature,Will the lowest temperature in Busan be 30°C on August 30?,30°C,8.0,0.04,0.96,,0.08,,,,772.7258,True,False,True,True,0xd541e27e418a69e755810b65c54c33103ce4044616a74d91c60e4343f58210f2
2026-08-28T14:38:06.371746+00:00,924199,3944346,Busan be 31°C,2026-08-30,lowest_temperature,Will the lowest temperature in Busan be 31°C on August 30?,31°C,9.0,0.04,0.96,,0.08,,,,946.5293,True,False,True,True,0x935eb2114a7c4743c44cafe58051f075a249181020e3a4b1eec9b85384b766cf
2026-08-28T14:38:06.371759+00:00,924199,3944347,Busan be 32°C or higher,2026-08-30,lowest_temperature,Will the lowest temperature in Busan be 32°C or higher on August 30?,32°C or higher,10.0,0.045,0.955,,0.09,,,,459.3898,True,False,True,True,0xb5d7d4502a148e97febb6c0c395e79258f2d54c31d6fb16736fd5b60281e5f31
2026-08-28T14:38:06.371773+00:00,924200,3944348,Amsterdam be 13°C or below,2026-08-30,lowest_temperature,Will the lowest temperature in Amsterdam be 13°C or below on August 30?,13°C or below,0.0,0.05,0.95,,0.1,,,,119.7691,True,False,True,True,0x5056997b09137bb525ea1f867558106be1f821efcfb1888b77c23fa1da4d984b
2026-08-28T14:38:06.371785+00:00,924200,3944349,Amsterdam be 14°C,2026-08-30,lowest_temperature,Will the lowest temperature in Amsterdam be 14°C on August 30?,14°C,1.0,0.075,0.925,,0.15,,,,760.0354,True,False,True,True,0x6f47b6e229fe052826cdbff2af6049cb7393c5fb12eb5dac35a0fc09694cc22a
2026-08-28T14:38:06.371797+00:00,924200,3944350,Amsterdam be 15°C,2026-08-30,lowest_temperature,Will the lowest temperature in Amsterdam be 15°C on August 30?,15°C,2.0,0.095,0.905,,0.19,,,,732.826,True,False,True,True,0x5834f43047b3a946d3bed97fc7b28f7deecb8d5ee04c06d68450ea5cad89ea61
2026-08-28T14:38:06.371810+00:00,924200,3944351,Amsterdam be 16°C,2026-08-30,lowest_temperature,Will the lowest temperature in Amsterdam be 16°C on August 30?,16°C,3.0,0.265,0.735,0.03,0.5,0.47,,,720.3187,True,False,True,True,0xeddbd454eb8adb1a4d56b957bf25421c83b3098770ee1c0372935df8b87686ae
2026-08-28T14:38:06.371822+00:00,924200,3944352,Amsterdam be 17°C,2026-08-30,lowest_temperature,Will the lowest temperature in Amsterdam be 17°C on August 30?,17°C,4.0,0.29,0.71,0.08,0.5,0.42,,,790.5994,True,False,True,True,0x5a501a7136fe91df4fabd5a6a1ae890c2b38cb170da880905c6a74f959c87fb0
2026-08-28T14:38:06.371834+00:00,924200,3944353,Amsterdam be 18°C,2026-08-30,lowest_temperature,Will the lowest temperature in Amsterdam be 18°C on August 30?,18°C,5.0,0.265,0.735,0.03,0.5,0.47,,,747.9687,True,False,True,True,0x8ca6222a9bd7554339d4eb11c89439f068b00d87a6322363730ff295e8e416a4
2026-08-28T14:38:06.371845+00:00,924200,3944354,Amsterdam be 19°C,2026-08-30,lowest_temperature,Will the lowest temperature in Amsterdam be 19°C on August 30?,19°C,6.0,0.085,0.915,,0.17,,,,719.2732,True,False,True,True,0xe3b9aa3e691d5b16ec43dbc33e79f71f6c86bf5fa8c696ad17ad2ea0f30b238a
2026-08-28T14:38:06.371856+00:00,924200,3944355,Amsterdam be 20°C,2026-08-30,lowest_temperature,Will the lowest temperature in Amsterdam be 20°C on August 30?,20°C,7.0,0.01,0.99,,0.02,,,,847.7351,True,False,True,True,0x15be79b8657b17a3e74d8893fb955736220bff4b96c7a3c3fb5dd5995f55668f
2026-08-28T14:38:06.371870+00:00,924200,3944356,Amsterdam be 21°C,2026-08-30,lowest_temperature,Will the lowest temperature in Amsterdam be 21°C on August 30?,21°C,8.0,0.04,0.96,,0.08,,,,881.9624,True,False,True,True,0x20e04703bf2ec7c3dc4d7434a46f5cc56721612492f888387bd55f2970c4ea57
2026-08-28T14:38:06.371885+00:00,924200,3944357,Amsterdam be 22°C,2026-08-30,lowest_temperature,Will the lowest temperature in Amsterdam be 22°C on August 30?,22°C,9.0,0.04,0.96,,0.08,,,,954.8285,True,False,True,True,0x313d25ccb294f7b75e565a7b6a6975a4f66906383b99f23315603fdbfce05d2f
2026-08-28T14:38:06.371896+00:00,924200,3944358,Amsterdam be 23°C or higher,2026-08-30,lowest_temperature,Will the lowest temperature in Amsterdam be 23°C or higher on August 30?,23°C or higher,10.0,0.055,0.945,,0.11,,,,161.199,True,False,True,True,0xc7d75c09c9ece17a53bdffe3b034e96d990e774bebd48a7c0eb036e969ee6b4d
2026-08-28T14:38:06.371908+00:00,924201,3944359,Helsinki be 11°C or below,2026-08-30,lowest_temperature,Will the lowest temperature in Helsinki be 11°C or below on August 30?,11°C or below,0.0,0.1,0.9,,0.2,,,,195.7794,True,False,True,True,0xf859ae4b4ccde0dd748547eae4ef966b92dea5433b33b073a3284bcd7b3820e9
2026-08-28T14:38:06.371920+00:00,924201,3944360,Helsinki be 12°C,2026-08-30,lowest_temperature,Will the lowest temperature in Helsinki be 12°C on August 30?,12°C,1.0,0.245,0.755,,0.49,,,,853.304,True,False,True,True,0x4702b9f5d1c88101651dd823aaf774b163a7429c6208cf2f1eb4f6a7bcf4695e
2026-08-28T14:38:06.371932+00:00,924201,3944361,Helsinki be 13°C,2026-08-30,lowest_temperature,Will the lowest temperature in Helsinki be 13°C on August 30?,13°C,2.0,0.245,0.755,,0.49,,,,812.9629,True,False,True,True,0x2cae2b2c42e08a3d106dd3e54b2a79bcb4d3d7efb7831b416e3f3771e63dc58c
2026-08-28T14:38:06.371944+00:00,924201,3944362,Helsinki be 14°C,2026-08-30,lowest_temperature,Will the lowest temperature in Helsinki be 14°C on August 30?,14°C,3.0,0.315,0.685,0.13,0.5,0.37,,,821.6946,True,False,True,True,0x47f52c713e0715df8646e7913cbf756c1d4505b39ba422189f5bce9c89506c2d
2026-08-28T14:38:06.371955+00:00,924201,3944363,Helsinki be 15°C,2026-08-30,lowest_temperature,Will the lowest temperature in Helsinki be 15°C on August 30?,15°C,4.0,0.285,0.715,0.07,0.5,0.43,,,774.9284,True,False,True,True,0xf72347c14ae1abb24483c76057c6134d6ab8ad9d3c5d525de8753dcb986744b5
2026-08-28T14:38:06.371968+00:00,924201,3944364,Helsinki be 16°C,2026-08-30,lowest_temperature,Will the lowest temperature in Helsinki be 16°C on August 30?,16°C,5.0,0.245,0.755,,0.49,,,,809.794,True,False,True,True,0x9aef0e7294f794fa4508be507bcf73d9f5e26061f8be9003b3d6ea361a893053
2026-08-28T14:38:06.371979+00:00,924201,3944365,Helsinki be 17°C,2026-08-30,lowest_temperature,Will the lowest temperature in Helsinki be 17°C on August 30?,17°C,6.0,0.245,0.755,,0.49,,,,805.474,True,False,True,True,0xf5e85c47a44062d9dcb14ab3ecf405397717092a7d61c9fb42a316ca6587c9d1
2026-08-28T14:38:06.371991+00:00,924201,3944366,Helsinki be 18°C,2026-08-30,lowest_temperature,Will the lowest temperature in Helsinki be 18°C on August 30?,18°C,7.0,0.01,0.99,,0.02,,,,959.5459,True,False,True,True,0xa46f435154dac264adef5f9dca1509dd4b1017b3d853aaa360a2f4c559d760d0
2026-08-28T14:38:06.372003+00:00,924201,3944367,Helsinki be 19°C,2026-08-30,lowest_temperature,Will the lowest temperature in Helsinki be 19°C on August 30?,19°C,8.0,0.04,0.96,,0.08,,,,1255.8159,True,False,True,True,0x76f3126042ae815676d5497e2d600de2e3ae02e3025e01e94e921909f052a50a
2026-08-28T14:38:06.372015+00:00,924201,3944368,Helsinki be 20°C,2026-08-30,lowest_temperature,Will the lowest temperature in Helsinki be 20°C on August 30?,20°C,9.0,0.04,0.96,,0.08,,,,1292.8862,True,False,True,True,0xc1514eb0dc47b2d5fd8d7e12c63f1f3bbeccadef40d252b6a0b41b329aa479d4
2026-08-28T14:38:06.372027+00:00,924201,3944369,Helsinki be 21°C or higher,2026-08-30,lowest_temperature,Will the lowest temperature in Helsinki be 21°C or higher on August 30?,21°C or higher,10.0,0.08,0.92,,0.16,,,,377.5653,True,False,True,True,0xc920fb482897f8e90ee106e2374dbbc3103c6ea611480a37d8e32226526925b6
2026-08-28T14:38:06.372041+00:00,924202,3944370,Kuala Lumpur be 20°C or below,2026-08-30,lowest_temperature,Will the lowest temperature in Kuala Lumpur be 20°C or below on August 30?,20°C or below,0.0,0.095,0.905,,0.19,,,,268.1996,True,False,True,True,0xdeb8d819d83f648bdec9b3b65c007bf45a0cc7b7b1c8f1203299a7c24bc5ddb0
2026-08-28T14:38:06.372054+00:00,924202,3944371,Kuala Lumpur be 21°C,2026-08-30,lowest_temperature,Will the lowest temperature in Kuala Lumpur be 21°C on August 30?,21°C,1.0,0.07,0.93,,0.14,,,,640.4752,True,False,True,True,0x3bde174e7f45935c18a7c258e91566bce952f85f0d3a88808148e8803e889f13
2026-08-28T14:38:06.372067+00:00,924202,3944372,Kuala Lumpur be 22°C,2026-08-30,lowest_temperature,Will the lowest temperature in Kuala Lumpur be 22°C on August 30?,22°C,2.0,0.235,0.765,,0.47,,,,195.5204,True,False,True,True,0x7226af73698b9b0752088ec6e4e9f668ca3c532b13e190e76e8e7cbd46c02aeb
2026-08-28T14:38:06.372078+00:00,924202,3944373,Kuala Lumpur be 23°C,2026-08-30,lowest_temperature,Will the lowest temperature in Kuala Lumpur be 23°C on August 30?,23°C,3.0,0.245,0.755,,0.49,,,,185.9423,True,False,True,True,0x51421897b0727b3b30da0c4f304f974e822e4f76eecd829510fe780013578803
2026-08-28T14:38:06.372090+00:00,924202,3944374,Kuala Lumpur be 24°C,2026-08-30,lowest_temperature,Will the lowest temperature in Kuala Lumpur be 24°C on August 30?,24°C,4.0,0.245,0.755,,0.49,,,,193.4923,True,False,True,True,0x2c7c7709291fcc5aad1de99143fe8e05a655610ff18163418b2c8edf840b769c
2026-08-28T14:38:06.372102+00:00,924202,3944375,Kuala Lumpur be 25°C,2026-08-30,lowest_temperature,Will the lowest temperature in Kuala Lumpur be 25°C on August 30?,25°C,5.0,0.265,0.735,0.03,0.5,0.47,,,233.6617,True,False,True,True,0x9d287c5640a54628b6eaa88843327c82b44c31296e50b2ac57bb3977a4316826
2026-08-28T14:38:06.372114+00:00,924202,3944376,Kuala Lumpur be 26°C,2026-08-30,lowest_temperature,Will the lowest temperature in Kuala Lumpur be 26°C on August 30?,26°C,6.0,0.265,0.735,0.03,0.5,0.47,,,235.6617,True,False,True,True,0xf2d472a3c59d8ce6596c3b299499a4ecfaecd9c14faec592f4a5087b3550bd46
2026-08-28T14:38:06.372127+00:00,924202,3944377,Kuala Lumpur be 27°C,2026-08-30,lowest_temperature,Will the lowest temperature in Kuala Lumpur be 27°C on August 30?,27°C,7.0,0.265,0.735,0.03,0.5,0.47,,,223.6517,True,False,True,True,0xb7400275c6b7088fa841491a8392341d139aee5b6afe9443eba0cdb4d39213bb
2026-08-28T14:38:06.372139+00:00,924202,3944378,Kuala Lumpur be 28°C,2026-08-30,lowest_temperature,Will the lowest temperature in Kuala Lumpur be 28°C on August 30?,28°C,8.0,0.26,0.74,0.03,0.49,0.45999999999999996,,,163.6623,True,False,True,True,0xf6d8b6abbd45cb05b501bdcee9f6b0f09707dd102a5d2c324bde7698171afbb8
2026-08-28T14:38:06.372151+00:00,924202,3944379,Kuala Lumpur be 29°C,2026-08-30,lowest_temperature,Will the lowest temperature in Kuala Lumpur be 29°C on August 30?,29°C,9.0,0.01,0.99,,0.02,,,,255.167,True,False,True,True,0x4fb1e954572a8438349cfd560bf70ab5aab2529d5241171503f9f36b7098dc0d
2026-08-28T14:38:06.372167+00:00,924202,3944380,Kuala Lumpur be 30°C or higher,2026-08-30,lowest_temperature,Will the lowest temperature in Kuala Lumpur be 30°C or higher on August 30?,30°C or higher,10.0,0.295,0.705,,0.59,,,,122.5797,True,False,True,True,0x12b4ff717724bacdd06a52d7965a6f9e8df48b565a909237d2f4e8dab4ed6810
2026-08-28T14:38:06.372180+00:00,924203,3944381,Jeddah be 25°C or below,2026-08-30,lowest_temperature,Will the lowest temperature in Jeddah be 25°C or below on August 30?,25°C or below,0.0,0.295,0.705,,0.59,,,,111.5483,True,False,True,True,0xf387eb818f862fa6e064d8e17379a74113beae49d4dea1cfe902d4c94423228f
2026-08-28T14:38:06.372192+00:00,924203,3944382,Jeddah be 26°C,2026-08-30,lowest_temperature,Will the lowest temperature in Jeddah be 26°C on August 30?,26°C,1.0,0.195,0.805,,0.39,,,,941.6024,True,False,True,True,0x377e3b7918c460330669a88928dda3fc4a3573dcb86a248e778fa1707714cfa6
2026-08-28T14:38:06.372204+00:00,924203,3944383,Jeddah be 27°C,2026-08-30,lowest_temperature,Will the lowest temperature in Jeddah be 27°C on August 30?,27°C,2.0,0.235,0.765,,0.47,,,,763.7603,True,False,True,True,0xe8edfc3c6c200f7f154f19d95a00c5c138ca741a5b856e748a5f638468c5040c
2026-08-28T14:38:06.372216+00:00,924203,3944384,Jeddah be 28°C,2026-08-30,lowest_temperature,Will the lowest temperature in Jeddah be 28°C on August 30?,28°C,3.0,0.255,0.745,0.02,0.49,0.47,,,736.5509,True,False,True,True,0x0488b1c2d6dd3a74261de510d6bc95378649b006745fe5f6d80a06a864cb40d2
2026-08-28T14:38:06.372227+00:00,924203,3944385,Jeddah be 29°C,2026-08-30,lowest_temperature,Will the lowest temperature in Jeddah be 29°C on August 30?,29°C,4.0,0.245,0.755,,0.49,,,,769.2109,True,False,True,True,0xe67d9b87d2f856cac86f5d0d6049da68f61d63952a258263dbd4bc055fa0f79e
2026-08-28T14:38:06.372238+00:00,924203,3944386,Jeddah be 30°C,2026-08-30,lowest_temperature,Will the lowest temperature in Jeddah be 30°C on August 30?,30°C,5.0,0.26,0.74,0.03,0.49,0.45999999999999996,,,788.5624,True,False,True,True,0xd3670bceea3ad52a8a568ebb5f30dc19ce09321e4212cfcc50407e89bcea3047
2026-08-28T14:38:06.372250+00:00,924203,3944387,Jeddah be 31°C,2026-08-30,lowest_temperature,Will the lowest temperature in Jeddah be 31°C on August 30?,31°C,6.0,0.265,0.735,0.03,0.5,0.47,,,736.5508,True,False,True,True,0xb265a8c41638158d86c0917b2e384206421f2d5270bdc317723cc76ef1d440fa
2026-08-28T14:38:06.372262+00:00,924203,3944388,Jeddah be 32°C,2026-08-30,lowest_temperature,Will the lowest temperature in Jeddah be 32°C on August 30?,32°C,7.0,0.25,0.75,,0.5,,,,803.3534,True,False,True,True,0x09e002a9e19430073e11db1175030cd7b1dc99030fbeae2bf8cd7160b3316cac
2026-08-28T14:38:06.372273+00:00,924203,3944389,Jeddah be 33°C,2026-08-30,lowest_temperature,Will the lowest temperature in Jeddah be 33°C on August 30?,33°C,8.0,0.005,0.995,,0.01,,,,779.9224,True,False,True,True,0xc9202289d46d2afb23d666b9679542af45d37743521199b18a6f67a374564414
2026-08-28T14:38:06.372284+00:00,924203,3944390,Jeddah be 34°C,2026-08-30,lowest_temperature,Will the lowest temperature in Jeddah be 34°C on August 30?,34°C,9.0,0.245,0.755,,0.49,,,,749.1309,True,False,True,True,0x6902397a323e4c0a332ead682fd6436fcdbe53062efc27444129ba9ffdfa1d45
2026-08-28T14:38:06.372296+00:00,924203,3944391,Jeddah be 35°C or higher,2026-08-30,lowest_temperature,Will the lowest temperature in Jeddah be 35°C or higher on August 30?,35°C or higher,10.0,0.01,0.99,,0.02,,,,141.5984,True,False,True,True,0x5b5af98f07c02dbe4a1d96db538a6515949db0d042fd7e45c929179ce2a6168d
2026-08-28T14:38:06.372309+00:00,924204,3944392,Cape Town be 6°C or below,2026-08-30,lowest_temperature,Will the lowest temperature in Cape Town be 6°C or below on August 30?,6°C or below,0.0,0.335,0.665,,0.67,,,,96.4318,True,False,True,True,0xc7fd3c5f8f28c1d708a6fc06a382a6f538aa5a482c588ffc2e43e0142d2b7461
2026-08-28T14:38:06.372324+00:00,924204,3944393,Cape Town be 7°C,2026-08-30,lowest_temperature,Will the lowest temperature in Cape Town be 7°C on August 30?,7°C,1.0,0.095,0.905,,0.19,,,,968.0772,True,False,True,True,0x6938bdb78009ce8c4a4090f29cc77ea1e89e619122c0e25e89ad0f46315fd982
2026-08-28T14:38:06.372337+00:00,924204,3944394,Cape Town be 8°C,2026-08-30,lowest_temperature,Will the lowest temperature in Cape Town be 8°C on August 30?,8°C,2.0,0.245,0.755,,0.49,,,,787.6741,True,False,True,True,0x44a23041efddf406589ff64796ba2311951883c4635a0cd30c2e27b0faaefc09
2026-08-28T14:38:06.372349+00:00,924204,3944395,Cape Town be 9°C,2026-08-30,lowest_temperature,Will the lowest temperature in Cape Town be 9°C on August 30?,9°C,3.0,0.24,0.76,0.03,0.45,0.42000000000000004,131.0,131.0,941.4581,True,False,True,True,0xf8f3bb314ef1a3cc73e1afb88481e37e9408261e94840833911df72280af859b
2026-08-28T14:38:06.372363+00:00,924204,3944396,Cape Town be 10°C,2026-08-30,lowest_temperature,Will the lowest temperature in Cape Town be 10°C on August 30?,10°C,4.0,0.285,0.715,0.07,0.5,0.43,,,821.2593,True,False,True,True,0x487254816b56a911ef603ee66b6160506cbc30464a4397d8e6b41557e61b94c3
2026-08-28T14:38:06.372375+00:00,924204,3944397,Cape Town be 11°C,2026-08-30,lowest_temperature,Will the lowest temperature in Cape Town be 11°C on August 30?,11°C,5.0,0.275,0.725,0.05,0.5,0.45,,,828.8681,True,False,True,True,0xb52136caec8dd846e6453ac72488548c0d3860723b68f5791c4e35a94d728c62
2026-08-28T14:38:06.372386+00:00,924204,3944398,Cape Town be 12°C,2026-08-30,lowest_temperature,Will the lowest temperature in Cape Town be 12°C on August 30?,12°C,6.0,0.245,0.755,,0.49,,,,796.0441,True,False,True,True,0xbe7eecc03c63c1c37fff2a54d5cad7c7b5919d6820fce28f1f2af164c8354293
2026-08-28T14:38:06.372398+00:00,924204,3944399,Cape Town be 13°C,2026-08-30,lowest_temperature,Will the lowest temperature in Cape Town be 13°C on August 30?,13°C,7.0,0.01,0.99,,0.02,,,,744.6134,True,False,True,True,0x2cb731ec28456000f93b8c1af46f93a2160eccc266b09b6aea21581826d2892b
2026-08-28T14:38:06.372409+00:00,924204,3944400,Cape Town be 14°C,2026-08-30,lowest_temperature,Will the lowest temperature in Cape Town be 14°C on August 30?,14°C,8.0,0.215,0.785,,0.43,,,,942.4624,True,False,True,True,0xf0a6120166734ae00e606795f9b3be5b222ad2403c339bc2c00efa4b0ec800c7
2026-08-28T14:38:06.372420+00:00,924204,3944401,Cape Town be 15°C,2026-08-30,lowest_temperature,Will the lowest temperature in Cape Town be 15°C on August 30?,15°C,9.0,0.095,0.905,,0.19,,,,1239.167,True,False,True,True,0x5aeb98164b429516f0bfaa2ef73858410b43b34dc8b4660670098bcc0de70f77
2026-08-28T14:38:06.372432+00:00,924204,3944402,Cape Town be 16°C or higher,2026-08-30,lowest_temperature,Will the lowest temperature in Cape Town be 16°C or higher on August 30?,16°C or higher,10.0,0.215,0.785,,0.43,,,,267.8286,True,False,True,True,0x3308008bdacbe681a9544d5e012dd97f50f3e4905027c2f1143e4a53faa3830c
2026-08-28T14:38:06.372446+00:00,924205,3944403,Guangzhou be 22°C or below,2026-08-30,lowest_temperature,Will the lowest temperature in Guangzhou be 22°C or below on August 30?,22°C or below,0.0,0.27,0.73,,0.54,,,,112.5,True,False,True,True,0x35bcce6de34efd01a7f1ddb2b0558c038a05a056b42b5d5d2b88acf625756450
2026-08-28T14:38:06.372459+00:00,924205,3944404,Guangzhou be 23°C,2026-08-30,lowest_temperature,Will the lowest temperature in Guangzhou be 23°C on August 30?,23°C,1.0,0.235,0.765,,0.47,,,,149.3032,True,False,True,True,0x91b0cb9d17312673b5d7a637f36b9f3dc19635b0973cf6eca14349e2e708678b
2026-08-28T14:38:06.372471+00:00,924205,3944405,Guangzhou be 24°C,2026-08-30,lowest_temperature,Will the lowest temperature in Guangzhou be 24°C on August 30?,24°C,2.0,0.245,0.755,,0.49,,,,180.3249,True,False,True,True,0x75b18819752d6ff3feda52dd42fd31bd6de64bb850385818aadcc905d9dd0e0c
2026-08-28T14:38:06.372483+00:00,924205,3944406,Guangzhou be 25°C,2026-08-30,lowest_temperature,Will the lowest temperature in Guangzhou be 25°C on August 30?,25°C,3.0,0.245,0.755,,0.49,,,,143.9838,True,False,True,True,0x85be0a07a354493ddbe5e2baa0957c05b8bb1c8455e02b21dd4c09321f763f6f
2026-08-28T14:38:06.372496+00:00,924205,3944407,Guangzhou be 26°C,2026-08-30,lowest_temperature,Will the lowest temperature in Guangzhou be 26°C on August 30?,26°C,4.0,0.265,0.735,0.03,0.5,0.47,,,179.5732,True,False,True,True,0xf0bc70f545391e743862cde08137f56e969172c498379a7011ac89f65e5486d5
2026-08-28T14:38:06.372508+00:00,924205,3944408,Guangzhou be 27°C,2026-08-30,lowest_temperature,Will the lowest temperature in Guangzhou be 27°C on August 30?,27°C,5.0,0.265,0.735,0.03,0.5,0.47,,,178.382,True,False,True,True,0xdbc0ea93363ca141eb5df68d7ea77af22002ed6850da3b3cadfae79e9dd617be
2026-08-28T14:38:06.372519+00:00,924205,3944409,Guangzhou be 28°C,2026-08-30,lowest_temperature,Will the lowest temperature in Guangzhou be 28°C on August 30?,28°C,6.0,0.245,0.755,,0.49,,,,139.9042,True,False,True,True,0xe4186e0eac5c7f2b02c4fc730fffc1885999746c6b3b63fe3341b46e50764e5f
2026-08-28T14:38:06.372532+00:00,924205,3944410,Guangzhou be 29°C,2026-08-30,lowest_temperature,Will the lowest temperature in Guangzhou be 29°C on August 30?,29°C,7.0,0.245,0.755,,0.49,,,,139.9042,True,False,True,True,0x4b7c0ea35f3807339f988c5c0bf97b5e0acfe73ad6336a2f518a0abd6235e3b3
2026-08-28T14:38:06.372543+00:00,924205,3944411,Guangzhou be 30°C,2026-08-30,lowest_temperature,Will the lowest temperature in Guangzhou be 30°C on August 30?,30°C,8.0,0.01,0.99,,0.02,,,,584.6372,True,False,True,True,0x6e6c2df7e08fe8dfb5506d42aa72ab06289c78007fa06951a6fb757ee9d74336
2026-08-28T14:38:06.372557+00:00,924205,3944412,Guangzhou be 31°C,2026-08-30,lowest_temperature,Will the lowest temperature in Guangzhou be 31°C on August 30?,31°C,9.0,0.075,0.925,,0.15,,,,602.3972,True,False,True,True,0xbc9537efe95da3b6286772ee31b2d2b72d9f3b98ad984350189d2267a68ae7cf
2026-08-28T14:38:06.372570+00:00,924205,3944413,Guangzhou be 32°C or higher,2026-08-30,lowest_temperature,Will the lowest temperature in Guangzhou be 32°C or higher on August 30?,32°C or higher,10.0,0.215,0.785,,0.43,,,,212.01,True,False,True,True,0xc536eb48d8e73d4f4de06159e11d7f7636fd996207041092d78ad634dcf795b1
2026-08-28T14:38:06.372582+00:00,924206,3944414,Qingdao be 19°C or below,2026-08-30,lowest_temperature,Will the lowest temperature in Qingdao be 19°C or below on August 30?,19°C or below,0.0,0.26,0.74,0.01,0.51,0.5,,,35.0493,True,False,True,True,0x03f55e1eb464303b06832bdf5730c56fce912aae98a3730da5480f0d3e04ca8d
2026-08-28T14:38:06.372594+00:00,924206,3944415,Qingdao be 20°C,2026-08-30,lowest_temperature,Will the lowest temperature in Qingdao be 20°C on August 30?,20°C,1.0,0.245,0.755,,0.49,,,,92.7639,True,False,True,True,0xbf71ba156283c698a505eabaa32093a61a5c5374448188d99c2b367543b93a5c
2026-08-28T14:38:06.372606+00:00,924206,3944416,Qingdao be 21°C,2026-08-30,lowest_temperature,Will the lowest temperature in Qingdao be 21°C on August 30?,21°C,2.0,0.26,0.74,0.03,0.49,0.45999999999999996,,,147.8039,True,False,True,True,0x30e02516ec0267f5e0ee593079c702353e365042de409d6c871bbf86469e47c8
2026-08-28T14:38:06.372623+00:00,924206,3944417,Qingdao be 22°C,2026-08-30,lowest_temperature,Will the lowest temperature in Qingdao be 22°C on August 30?,22°C,3.0,0.265,0.735,0.03,0.5,0.47,,,143.6501,True,False,True,True,0x2b8cc1da00b96ad0d5ba7af63e1cf8c330e9dfd1d0e06732338e60fb91df1ba4
2026-08-28T14:38:06.372635+00:00,924206,3944418,Qingdao be 23°C,2026-08-30,lowest_temperature,Will the lowest temperature in Qingdao be 23°C on August 30?,23°C,4.0,0.265,0.735,0.03,0.5,0.47,,,94.31,True,False,True,True,0xe6523292b01a47d1d8ffce6584475414ccdb94a794b03ceee8a85a55f40ca2be
2026-08-28T14:38:06.372646+00:00,924206,3944419,Qingdao be 24°C,2026-08-30,lowest_temperature,Will the lowest temperature in Qingdao be 24°C on August 30?,24°C,5.0,0.01,0.99,,0.02,,,,102.6546,True,False,True,True,0x6f2cbdb5665d78da8662c1c41daa648a784f4ffbc0d5b2a4b8a4e818ec216250
2026-08-28T14:38:06.372658+00:00,924206,3944420,Qingdao be 25°C,2026-08-30,lowest_temperature,Will the lowest temperature in Qingdao be 25°C on August 30?,25°C,6.0,0.245,0.755,,0.49,,,,91.0918,True,False,True,True,0x8ddceed8c2185d7fd9b7b000abe59d9cf78a5f0416766a918e44064e4aecdfd9
2026-08-28T14:38:06.372672+00:00,924206,3944421,Qingdao be 26°C,2026-08-30,lowest_temperature,Will the lowest temperature in Qingdao be 26°C on August 30?,26°C,7.0,0.245,0.755,,0.49,,,,90.6918,True,False,True,True,0x7a283361c2e32429dbad2e883c8e0b4d2094fe62b21f33d7c71845dbdde82746
2026-08-28T14:38:06.372683+00:00,924206,3944422,Qingdao be 27°C,2026-08-30,lowest_temperature,Will the lowest temperature in Qingdao be 27°C on August 30?,27°C,8.0,0.245,0.755,,0.49,,,,91.0918,True,False,True,True,0x88702325383ba1118b99e27d1efc95f22d6758060f1a329847d59db53f0b417d
2026-08-28T14:38:06.372703+00:00,924206,3944423,Qingdao be 28°C,2026-08-30,lowest_temperature,Will the lowest temperature in Qingdao be 28°C on August 30?,28°C,9.0,0.245,0.755,,0.49,,,,101.7239,True,False,True,True,0xbe6990399da17a2c41df7280aaf043d197aaba255e7f7d944dda104a9c4ac3e8
2026-08-28T14:38:06.372716+00:00,924206,3944424,Qingdao be 29°C or higher,2026-08-30,lowest_temperature,Will the lowest temperature in Qingdao be 29°C or higher on August 30?,29°C or higher,10.0,0.23,0.77,,0.46,,,,43.5317,True,False,True,True,0x66c698e60172009079cc3b6af66f2f2d64a85a782b698896b80ff09171b756aa
2026-08-28T14:38:06.372728+00:00,924207,3944425,Karachi be 21°C or below,2026-08-30,lowest_temperature,Will the lowest temperature in Karachi be 21°C or below on August 30?,21°C or below,0.0,0.27,0.73,,0.54,,130.0,130.0,140.2425,True,False,True,True,0xee08a2645328d208b57eb870182a7e4cb5f632513e7dbce072c64de1eb0de3f4
2026-08-28T14:38:06.372743+00:00,924207,3944426,Karachi be 22°C,2026-08-30,lowest_temperature,Will the lowest temperature in Karachi be 22°C on August 30?,22°C,1.0,0.07,0.93,,0.14,,,,1052.0957,True,False,True,True,0x62f831a9b1def5388278315f1a817a8e56b5eeaa2dd702c8b13f26e23366ce00
2026-08-28T14:38:06.372757+00:00,924207,3944427,Karachi be 23°C,2026-08-30,lowest_temperature,Will the lowest temperature in Karachi be 23°C on August 30?,23°C,2.0,0.235,0.765,,0.47,,,,764.2425,True,False,True,True,0x7a1254e49ad3215a74de4d3d35e1289ddb9512266bd89bd9a3d597d9b589506c
2026-08-28T14:38:06.372770+00:00,924207,3944428,Karachi be 24°C,2026-08-30,lowest_temperature,Will the lowest temperature in Karachi be 24°C on August 30?,24°C,3.0,0.245,0.755,,0.49,,,,771.5647,True,False,True,True,0x026786a54db036b08026d26233774bb0139d6ece82267a33ca88049918fa45a9
2026-08-28T14:38:06.372782+00:00,924207,3944429,Karachi be 25°C,2026-08-30,lowest_temperature,Will the lowest temperature in Karachi be 25°C on August 30?,25°C,4.0,0.25,0.75,0.01,0.49,0.48,,,774.9145,True,False,True,True,0x7111160735dddf7ee31012282f2e55f82e58dfbd16387b873861d57e1f376910
2026-08-28T14:38:06.372793+00:00,924207,3944430,Karachi be 26°C,2026-08-30,lowest_temperature,Will the lowest temperature in Karachi be 26°C on August 30?,26°C,5.0,0.26,0.74,0.03,0.49,0.45999999999999996,,,765.4732,True,False,True,True,0xecad83098ae22548b3a67b7f65af6572195475c1d6a9b510b096c49368e0ab3a
2026-08-28T14:38:06.372805+00:00,924207,3944431,Karachi be 27°C,2026-08-30,lowest_temperature,Will the lowest temperature in Karachi be 27°C on August 30?,27°C,6.0,0.265,0.735,0.03,0.5,0.47,,,732.502,True,False,True,True,0xf85607e2ec67d5f308415d2e7f62517a37b75adef9cd2b596922a4541f3d435f
2026-08-28T14:38:06.372815+00:00,924207,3944432,Karachi be 28°C,2026-08-30,lowest_temperature,Will the lowest temperature in Karachi be 28°C on August 30?,28°C,7.0,0.26,0.74,0.03,0.49,0.45999999999999996,,,756.5238,True,False,True,True,0x7dd24bd86d22d7101702e0049131676274150683aa28ab9cbd29f0bb58e0b1ea
2026-08-28T14:38:06.372826+00:00,924207,3944433,Karachi be 29°C,2026-08-30,lowest_temperature,Will the lowest temperature in Karachi be 29°C on August 30?,29°C,8.0,0.245,0.755,,0.49,,,,769.5245,True,False,True,True,0x2bedcf6d24a875d0d3be92c8a49b00514964a93c2fb362075fe4c2a0278edc03
2026-08-28T14:38:06.372838+00:00,924207,3944434,Karachi be 30°C,2026-08-30,lowest_temperature,Will the lowest temperature in Karachi be 30°C on August 30?,30°C,9.0,0.075,0.925,,0.15,,,,1042.0956,True,False,True,True,0xdf04fe7d4eb52bdf4557f58919bb2c482f56b06a190689888d6383b3d0f81a07
2026-08-28T14:38:06.372850+00:00,924207,3944435,Karachi be 31°C or higher,2026-08-30,lowest_temperature,Will the lowest temperature in Karachi be 31°C or higher on August 30?,31°C or higher,10.0,0.295,0.705,,0.59,,,,126.7795,True,False,True,True,0x867971a2d1f2e0dc0b9fb93f82b0ee923041f53e62c05b46b8e4f17a0e6b701c
2026-08-28T14:38:06.372862+00:00,924208,3944436,Manila be 21°C or below,2026-08-30,lowest_temperature,Will the lowest temperature in Manila be 21°C or below on August 30?,21°C or below,0.0,0.105,0.895,,0.21,,130.0,130.0,285.5484,True,False,True,True,0x364805d1b11c8f5b5b121bdb8efa2fd2dab661babbd352eac911e123cd190d6a
2026-08-28T14:38:06.372875+00:00,924208,3944437,Manila be 22°C,2026-08-30,lowest_temperature,Will the lowest temperature in Manila be 22°C on August 30?,22°C,1.0,0.07,0.93,,0.14,,,,604.4868,True,False,True,True,0xa5a9d7fd751382bb9df2f802c8de13fd0bc30d5d172e13825f79ed3749a23978
2026-08-28T14:38:06.372887+00:00,924208,3944438,Manila be 23°C,2026-08-30,lowest_temperature,Will the lowest temperature in Manila be 23°C on August 30?,23°C,2.0,0.195,0.805,,0.39,,,,282.8219,True,False,True,True,0xfe5516fa83f5178156afb59b3908809d58ccef11bfec74c2201e3ab94d02d62f
2026-08-28T14:38:06.372899+00:00,924208,3944439,Manila be 24°C,2026-08-30,lowest_temperature,Will the lowest temperature in Manila be 24°C on August 30?,24°C,3.0,0.245,0.755,,0.49,,,,164.2623,True,False,True,True,0x3f58a55576e108c6071d4d044dcd01d9c41061bea20f3d5121a9c34e240b2591
2026-08-28T14:38:06.372910+00:00,924208,3944440,Manila be 25°C,2026-08-30,lowest_temperature,Will the lowest temperature in Manila be 25°C on August 30?,25°C,4.0,0.25,0.75,,0.5,,,,162.8879,True,False,True,True,0x458b1dd1b1ea68d96b10934b2d2b2be86463ad69c7e1693b50cf8f9c66cb5e17
2026-08-28T14:38:06.372924+00:00,924208,3944441,Manila be 26°C,2026-08-30,lowest_temperature,Will the lowest temperature in Manila be 26°C on August 30?,26°C,5.0,0.28,0.72,0.06,0.5,0.44,,,225.8086,True,False,True,True,0x7d3b9e07fbcfb08f65bb44431d098ee6a951e8558650d84019a60f96d02a4ba9
2026-08-28T14:38:06.372936+00:00,924208,3944442,Manila be 27°C,2026-08-30,lowest_temperature,Will the lowest temperature in Manila be 27°C on August 30?,27°C,6.0,0.285,0.715,0.07,0.5,0.43,,,234.0934,True,False,True,True,0xf8d676a9cca06aa145ff52544e82b7acb52c55af4260802d4f68064cb55c322d
2026-08-28T14:38:06.372948+00:00,924208,3944443,Manila be 28°C,2026-08-30,lowest_temperature,Will the lowest temperature in Manila be 28°C on August 30?,28°C,7.0,0.245,0.755,,0.49,,,,154.0623,True,False,True,True,0x13e477ccd4a067a0e09bff391dd326ed6dc9acc75cbf6285676222e2c598e9c2
2026-08-28T14:38:06.372961+00:00,924208,3944444,Manila be 29°C,2026-08-30,lowest_temperature,Will the lowest temperature in Manila be 29°C on August 30?,29°C,8.0,0.245,0.755,,0.49,,,,154.0648,True,False,True,True,0x044300c6d2a92273ab44982c2a549aafa5418494760be0c40e3a4b16bda57e73
2026-08-28T14:38:06.372973+00:00,924208,3944445,Manila be 30°C,2026-08-30,lowest_temperature,Will the lowest temperature in Manila be 30°C on August 30?,30°C,9.0,0.185,0.815,,0.37,,,,231.2275,True,False,True,True,0xe0a00b2a945d65f242100cae30fccddc3f4ccc3bdb0ffe1aea5340c8e2075939
2026-08-28T14:38:06.372984+00:00,924208,3944446,Manila be 31°C or higher,2026-08-30,lowest_temperature,Will the lowest temperature in Manila be 31°C or higher on August 30?,31°C or higher,10.0,0.01,0.99,,0.02,,,,182.4498,True,False,True,True,0x1aa66115f54a337253f768a401c58910ff9f5be6c1154c9def2eb9fa2254949e
2026-08-28T14:38:06.372996+00:00,924278,3945427,Jinan be 16°C or below,2026-08-29,highest_temperature,Will the highest temperature in Jinan be 16°C or below on August 29?,16°C or below,0.0,0.0005,0.9995,,0.001,,115.0,115.0,1450.27033,True,False,True,True,0xd3ab1e09f0ef09223fc5254d52b31a3dfdc82a0d3f0bd7b9e76eab8513a92c8e
2026-08-28T14:38:06.373008+00:00,924278,3945428,Jinan be 17°C,2026-08-29,highest_temperature,Will the highest temperature in Jinan be 17°C on August 29?,17°C,1.0,0.0005,0.9995,,0.001,,115.0,115.0,1503.9647,True,False,True,True,0x724d8a41a18c975fa93a059bd2b1f937ce514480e0463099f8a8e797c60c6a46
2026-08-28T14:38:06.373021+00:00,924278,3945429,Jinan be 18°C,2026-08-29,highest_temperature,Will the highest temperature in Jinan be 18°C on August 29?,18°C,2.0,0.0005,0.9995,,0.001,,115.0,115.0,1537.74859,True,False,True,True,0x0e064c9910f438a5a3ba857ce51909e7741ac3bf7d00224bc225473aa70841d4
2026-08-28T14:38:06.373032+00:00,924278,3945430,Jinan be 19°C,2026-08-29,highest_temperature,Will the highest temperature in Jinan be 19°C on August 29?,19°C,3.0,0.0005,0.9995,,0.001,,104.992,104.992,1407.76649,True,False,True,True,0xbc8ed70df4083c53f2c71d33d8d3c0ad758f7dedf264e9134432bde13454956d
2026-08-28T14:38:06.373043+00:00,924278,3945431,Jinan be 20°C,2026-08-29,highest_temperature,Will the highest temperature in Jinan be 20°C on August 29?,20°C,4.0,0.0005,0.9995,,0.001,,105.0,105.0,1229.43458,True,False,True,True,0xf3ebdb1596612255931c26b0853935a6f453a2557ee77207fb600ce480dcdd59
2026-08-28T14:38:06.373055+00:00,924278,3945432,Jinan be 21°C,2026-08-29,highest_temperature,Will the highest temperature in Jinan be 21°C on August 29?,21°C,5.0,0.0005,0.9995,,0.001,,115.0,115.0,1371.69958,True,False,True,True,0x45a2c9056d5a7eb632fe2b8da591e9e32c9dc9781062c19dff385d15acba5fe2
2026-08-28T14:38:06.373067+00:00,924278,3945433,Jinan be 22°C,2026-08-29,highest_temperature,Will the highest temperature in Jinan be 22°C on August 29?,22°C,6.0,0.0005,0.9995,,0.001,,885.0,885.0,2110.16745,True,False,True,True,0x2594d20a0b5f24168b5372b05e65013668f4204cb9c5508a8479d056f1024cd2
2026-08-28T14:38:06.373078+00:00,924278,3945434,Jinan be 23°C,2026-08-29,highest_temperature,Will the highest temperature in Jinan be 23°C on August 29?,23°C,7.0,0.0005,0.9995,,0.001,,885.0,885.0,2055.57024,True,False,True,True,0x0f90be2d30713ee065471e3afc564bbf1f14d5ee85b243c663bc483a6c26ca58
2026-08-28T14:38:06.373089+00:00,924278,3945435,Jinan be 24°C,2026-08-29,highest_temperature,Will the highest temperature in Jinan be 24°C on August 29?,24°C,8.0,0.015,0.985,,0.03,,,,590.9202,True,False,True,True,0xc7b6d460c16eae0d03c52c87c7eee2cef9df20c3df1f1f952082590d123321d9
2026-08-28T14:38:06.373099+00:00,924278,3945436,Jinan be 25°C,2026-08-29,highest_temperature,Will the highest temperature in Jinan be 25°C on August 29?,25°C,9.0,0.035,0.965,0.02,0.05,0.030000000000000002,106.664525,106.664525,497.7783,True,False,True,True,0xe54c483c7e67002d5f8d9a9dd186c08c853713fc701a2b973bbbd551c97673b3
2026-08-28T14:38:06.373110+00:00,924278,3945437,Jinan be 26°C or higher,2026-08-29,highest_temperature,Will the highest temperature in Jinan be 26°C or higher on August 29?,26°C or higher,10.0,0.975,0.025,0.96,0.99,0.030000000000000027,1147.785816,1147.7858160000003,330.395,True,False,True,True,0x99a9fb764ebac804d7c6d9c1700752e4616b35ac6f20b78c65b4f2b839d2b716
2026-08-28T14:38:06.373122+00:00,924279,3945438,Zhengzhou be 22°C or below,2026-08-29,highest_temperature,Will the highest temperature in Zhengzhou be 22°C or below on August 29?,22°C or below,0.0,0.0005,0.9995,,0.001,,985.0,985.0,2145.48972,True,False,True,True,0xd2f0553fddf10e02b85e0d5910310e81078473b7a0ba2e6689194f32ab751b52
2026-08-28T14:38:06.373136+00:00,924279,3945439,Zhengzhou be 23°C,2026-08-29,highest_temperature,Will the highest temperature in Zhengzhou be 23°C on August 29?,23°C,1.0,0.0005,0.9995,,0.001,,225.0,225.0,1745.49945,True,False,True,True,0x5ecb2a13b6f701bc54a93514e3020c95e9ab7a6db0236c880bcb502cc6e8e3e0
2026-08-28T14:38:06.373148+00:00,924279,3945440,Zhengzhou be 24°C,2026-08-29,highest_temperature,Will the highest temperature in Zhengzhou be 24°C on August 29?,24°C,2.0,0.0005,0.9995,,0.001,,235.0,235.0,1880.42655,True,False,True,True,0xa8906d78f0e7dd4f205959135d51e1c0e4d8dcf966040b46d069287e685c95c8
2026-08-28T14:38:06.373161+00:00,924279,3945441,Zhengzhou be 25°C,2026-08-29,highest_temperature,Will the highest temperature in Zhengzhou be 25°C on August 29?,25°C,3.0,0.0035,0.9965,0.001,0.006,0.005,,,1191.03014,True,False,True,True,0xd00ddb93baa79ddaea88cdc07b1ce3f765714b2cab48e9847b5ae262d6dd983b
2026-08-28T14:38:06.373172+00:00,924279,3945442,Zhengzhou be 26°C,2026-08-29,highest_temperature,Will the highest temperature in Zhengzhou be 26°C on August 29?,26°C,4.0,0.006,0.994,0.001,0.011,0.009999999999999998,,,1375.6918,True,False,True,True,0x09be5663ea7a73facd4faa2cb34df45fc3b2e7a2a6e5d03247fc050b4528bf0c
2026-08-28T14:38:06.373183+00:00,924279,3945443,Zhengzhou be 27°C,2026-08-29,highest_temperature,Will the highest temperature in Zhengzhou be 27°C on August 29?,27°C,5.0,0.06,0.94,,0.12,,,,315.1772,True,False,True,True,0x456b7009575dbf1141201afd46a42bf3cf32b5bf0706e7d30353748f92edf9be
2026-08-28T14:38:06.373194+00:00,924279,3945444,Zhengzhou be 28°C,2026-08-29,highest_temperature,Will the highest temperature in Zhengzhou be 28°C on August 29?,28°C,6.0,0.08,0.92,0.05,0.11,0.06,,,314.9701,True,False,True,True,0x5edb35905df26cf2be6d21fdf7fe8598e9c09fd3993b44e87e7f18fead9c54fd
2026-08-28T14:38:06.373206+00:00,924279,3945445,Zhengzhou be 29°C,2026-08-29,highest_temperature,Will the highest temperature in Zhengzhou be 29°C on August 29?,29°C,7.0,0.14,0.86,0.09,0.19,0.1,24.081868,24.081868,243.0105,True,False,True,True,0x414cb0f378e572948c27e903edaad70e00401e5bde6c948340359dedaa56be92
2026-08-28T14:38:06.373218+00:00,924279,3945446,Zhengzhou be 30°C,2026-08-29,highest_temperature,Will the highest temperature in Zhengzhou be 30°C on August 29?,30°C,8.0,0.44,0.56,0.19,0.69,0.49999999999999994,22.931231,22.931231,128.5686,True,False,True,True,0x937fef3d7c7475708fb49c5684fcbaca5647f186944c48b7a7bce085a4c0fa40
2026-08-28T14:38:06.373230+00:00,924279,3945447,Zhengzhou be 31°C,2026-08-29,highest_temperature,Will the highest temperature in Zhengzhou be 31°C on August 29?,31°C,9.0,0.33,0.67,0.16,0.5,0.33999999999999997,,,183.6255,True,False,True,True,0xe5a02ff85c12a85054a2a8427df30bb100de62a8902d53da8527b2c5a4985fbc
2026-08-28T14:38:06.373241+00:00,924279,3945448,Zhengzhou be 32°C or higher,2026-08-29,highest_temperature,Will the highest temperature in Zhengzhou be 32°C or higher on August 29?,32°C or higher,10.0,0.335,0.665,0.13,0.54,0.41000000000000003,6.116278,6.116278,113.8088,True,False,True,True,0x39ca0d097b2ca9a8f590eed1f9615ce4da9832dee95d48d52573f95ffce1e54d
2026-08-28T14:38:06.373254+00:00,924280,3945449,London be 17°C or below,2026-08-30,highest_temperature,Will the highest temperature in London be 17°C or below on August 30?,17°C or below,0.0,0.003,0.997,0.001,0.005,0.004,288.14599999999996,288.146,3055.05003,True,False,True,True,0x865d8ad801cce86e8df525670f1587d73dd14092b1bc4d8e0a3914d9586c207d
2026-08-28T14:38:06.373268+00:00,924280,3945450,London be 18°C,2026-08-30,highest_temperature,Will the highest temperature in London be 18°C on August 30?,18°C,1.0,0.0035,0.9965,0.002,0.005,0.003,120.0,120.0,2415.37775,True,False,True,True,0xbd7dd9a4818f6e9d84cc36f55d626dc670e55b32918ad6f3219fa7ea184f7353
2026-08-28T14:38:06.373282+00:00,924280,3945451,London be 19°C,2026-08-30,highest_temperature,Will the highest temperature in London be 19°C on August 30?,19°C,2.0,0.015,0.985,0.01,0.02,0.01,178.752433,178.752433,2562.612,True,False,True,True,0xa9a0d5de39dd3f7c5139a88bb50df98bc872afb965991a5af13b21eb46ff61c3
2026-08-28T14:38:06.373296+00:00,924280,3945452,London be 20°C,2026-08-30,highest_temperature,Will the highest temperature in London be 20°C on August 30?,20°C,3.0,0.05,0.95,0.04,0.06,0.019999999999999997,34.171715999999996,34.171716,2130.5247,True,False,True,True,0xa0622fe7429ccb845faaf53e73deb087538ada54c04c0811367701376f8e901a
2026-08-28T14:38:06.373308+00:00,924280,3945453,London be 21°C,2026-08-30,highest_temperature,Will the highest temperature in London be 21°C on August 30?,21°C,4.0,0.15,0.85,0.13,0.17,0.04000000000000001,160.227124,160.227124,2233.5275,True,False,True,True,0x50fa7a162a3aff4c26be9d3e6b7a968094a944216550580d442f03b022a2f3e5
2026-08-28T14:38:06.373320+00:00,924280,3945454,London be 22°C,2026-08-30,highest_temperature,Will the highest temperature in London be 22°C on August 30?,22°C,5.0,0.35,0.65,0.33,0.37,0.03999999999999998,288.631976,296.631976,3100.8032,True,False,True,True,0x7674ad71a6ae9771034bfd5d20c122de21a6303c5707a1c8e0b4401b501ecf39
2026-08-28T14:38:06.373333+00:00,924280,3945455,London be 23°C,2026-08-30,highest_temperature,Will the highest temperature in London be 23°C on August 30?,23°C,6.0,0.315,0.685,0.31,0.32,0.010000000000000009,459.26883,459.26883,5591.6479,True,False,True,True,0x0c46203b81e68659a1dfd0f817be47b5c1e83d1a0bf97aa91c3b9865c87f1d08
2026-08-28T14:38:06.373344+00:00,924280,3945456,London be 24°C,2026-08-30,highest_temperature,Will the highest temperature in London be 24°C on August 30?,24°C,7.0,0.115,0.885,0.1,0.13,0.03,229.43544999999997,229.43544999999997,2248.8996,True,False,True,True,0x88516088be3da63fed39e332256da84726f9e24d09c6a864f61a848deb930d71
2026-08-28T14:38:06.373355+00:00,924280,3945457,London be 25°C,2026-08-30,highest_temperature,Will the highest temperature in London be 25°C on August 30?,25°C,8.0,0.04,0.96,0.03,0.05,0.020000000000000004,140.053971,140.05397100000002,2335.5781,True,False,True,True,0x8c99abb5e631cee00393115abd3231026ea2d1c4e8affcf224e0b47926f5a876
2026-08-28T14:38:06.373367+00:00,924280,3945458,London be 26°C,2026-08-30,highest_temperature,Will the highest temperature in London be 26°C on August 30?,26°C,9.0,0.0075,0.9925,0.005,0.01,0.005,157.110126,157.110126,4125.21318,True,False,True,True,0x7e441047b3cd8ed7ec78be4c2bbb1636b73fe6f53fbc10c238fe94367f51d715
2026-08-28T14:38:06.373379+00:00,924280,3945459,London be 27°C or higher,2026-08-30,highest_temperature,Will the highest temperature in London be 27°C or higher on August 30?,27°C or higher,10.0,0.0015,0.9985,0.001,0.002,0.001,323.118,323.118,4414.86689,True,False,True,True,0x5072f83a905332af3e72c0ee74077269cb90c055897f92a55f9f8b7eb2ec4fac
2026-08-28T14:38:06.373394+00:00,924281,3945460,Paris be 17°C or below,2026-08-30,highest_temperature,Will the highest temperature in Paris be 17°C or below on August 30?,17°C or below,0.0,0.001,0.999,,0.002,,1193.978,1193.978,4881.90777,True,False,True,True,0x24e11564f773d00e845b4850aa0dac30ebf34aca035d741ec8a3e6e5317b0bb3
2026-08-28T14:38:06.373406+00:00,924281,3945461,Paris be 18°C,2026-08-30,highest_temperature,Will the highest temperature in Paris be 18°C on August 30?,18°C,1.0,0.0015,0.9985,0.001,0.002,0.001,187.99099999999999,187.99099999999999,4984.34462,True,False,True,True,0x2b25e4b8957c11aee4b424fcf686c43d6baec4febe987290f69b6dc5b2dd06c1
2026-08-28T14:38:06.373417+00:00,924281,3945462,Paris be 19°C,2026-08-30,highest_temperature,Will the highest temperature in Paris be 19°C on August 30?,19°C,2.0,0.0015,0.9985,0.001,0.002,0.001,197.987,197.987,3519.9885,True,False,True,True,0xb3c1ca65b75e1c16c629d7ae36fdbe90c7fdeb1984addf09f9146153344cb788
2026-08-28T14:38:06.373430+00:00,924281,3945463,Paris be 20°C,2026-08-30,highest_temperature,Will the highest temperature in Paris be 20°C on August 30?,20°C,3.0,0.0055,0.9945,0.001,0.01,0.009000000000000001,79.9898,79.9898,2446.23542,True,False,True,True,0xd82b7732ce1a46afa93f640150bee5c8abd260f55cdf4a07d9776fb350d851df
2026-08-28T14:38:06.373442+00:00,924281,3945464,Paris be 21°C,2026-08-30,highest_temperature,Will the highest temperature in Paris be 21°C on August 30?,21°C,4.0,0.0075,0.9925,0.005,0.01,0.005,,,2255.18516,True,False,True,True,0xfb56522124f69a318b75c50a603a553b3ed3cefe459ea2f4e85492fdb0242958
2026-08-28T14:38:06.373454+00:00,924281,3945465,Paris be 22°C,2026-08-30,highest_temperature,Will the highest temperature in Paris be 22°C on August 30?,22°C,5.0,0.065,0.935,0.05,0.08,0.03,88.37,88.37,2337.791,True,False,True,True,0x5311261a12e6a79035f378f92a70856ba58d781c7b7eecdf885eccbbf441f0d4
2026-08-28T14:38:06.373466+00:00,924281,3945466,Paris be 23°C,2026-08-30,highest_temperature,Will the highest temperature in Paris be 23°C on August 30?,23°C,6.0,0.215,0.785,0.2,0.23,0.03,78.55,78.55,2199.667,True,False,True,True,0x18c93b5a0007be9195eb7f9b65c4d35f31d84271a4c82ef664a0a909faeeb6b6
2026-08-28T14:38:06.373478+00:00,924281,3945467,Paris be 24°C,2026-08-30,highest_temperature,Will the highest temperature in Paris be 24°C on August 30?,24°C,7.0,0.4,0.6,0.38,0.42,0.03999999999999998,160.421255,160.421255,2058.8863,True,False,True,True,0x2bbaba6c8f5a2e83db6ba2ae358ae09da42856c5790dba382a081a33c3510ab6
2026-08-28T14:38:06.373489+00:00,924281,3945468,Paris be 25°C,2026-08-30,highest_temperature,Will the highest temperature in Paris be 25°C on August 30?,25°C,8.0,0.255,0.745,0.24,0.27,0.030000000000000027,67.978422,67.978422,2273.9419,True,False,True,True,0x967b8042d73f911f1b0133217e1d7f7f253877220c8dae2e949ced53190f708e
2026-08-28T14:38:06.373501+00:00,924281,3945469,Paris be 26°C,2026-08-30,highest_temperature,Will the highest temperature in Paris be 26°C on August 30?,26°C,9.0,0.08,0.92,0.06,0.1,0.04000000000000001,150.67,150.67,2025.3533,True,False,True,True,0x35bfb7093d15a8966b3d856703daf2c4d50202bb4fd1287ba5f0c631872e3cf4
2026-08-28T14:38:06.373512+00:00,924281,3945470,Paris be 27°C or higher,2026-08-30,highest_temperature,Will the highest temperature in Paris be 27°C or higher on August 30?,27°C or higher,10.0,0.035,0.965,0.02,0.05,0.030000000000000002,8.26405,8.26405,1629.2224,True,False,True,True,0xe91fd98f6a25dd97755d12ff97d88f07cbb9543c8b9bd6ef1fd12893a18de38c
2026-08-28T14:38:06.373527+00:00,924282,3945471,Seoul (Incheon) be 21°C or below,2026-08-30,highest_temperature,Will the highest temperature in Seoul (Incheon) be 21°C or below on August 30?,21°C or below,0.0,0.005,0.995,0.002,0.008,0.006,119.88980000000001,119.88980000000001,1525.52645,True,False,True,True,0x9ef294208bd21c75533d83a4219a8f3cd82bf35c06cca2659fff0f85c35fd9c6
2026-08-28T14:38:06.373540+00:00,924282,3945472,Seoul (Incheon) be 22°C,2026-08-30,highest_temperature,Will the highest temperature in Seoul (Incheon) be 22°C on August 30?,22°C,1.0,0.0045,0.9955,0.001,0.008,0.007,119.9004,119.90040000000002,1956.67853,True,False,True,True,0x9ad42e638c168524fe961b14e57528b9fa37f8300ddb144dfdb5a513da9c0a99
2026-08-28T14:38:06.373552+00:00,924282,3945473,Seoul (Incheon) be 23°C,2026-08-30,highest_temperature,Will the highest temperature in Seoul (Incheon) be 23°C on August 30?,23°C,2.0,0.0065,0.9935,0.005,0.008,0.003,39.917,39.917,1682.00121,True,False,True,True,0x97f1e7826a69adc103326cf03d4d00bcc8b9a78f0e13bc8ef40c8be4489d2482
2026-08-28T14:38:06.373565+00:00,924282,3945474,Seoul (Incheon) be 24°C,2026-08-30,highest_temperature,Will the highest temperature in Seoul (Incheon) be 24°C on August 30?,24°C,3.0,0.0125,0.9875,0.005,0.02,0.015,261.27160000000003,261.2716,2071.24526,True,False,True,True,0xa0447468be289d67ca8f68361f6a911b81a71cff7e770e42c75039d4901b739a
2026-08-28T14:38:06.373576+00:00,924282,3945475,Seoul (Incheon) be 25°C,2026-08-30,highest_temperature,Will the highest temperature in Seoul (Incheon) be 25°C on August 30?,25°C,4.0,0.085,0.915,0.05,0.12,0.06999999999999999,116.13902099999999,116.139021,1942.66749,True,False,True,True,0xa507d74ea30d8f315361a51ac652d45cb31ec299752f5db9a652b63ac07d351e
2026-08-28T14:38:06.373587+00:00,924282,3945476,Seoul (Incheon) be 26°C,2026-08-30,highest_temperature,Will the highest temperature in Seoul (Incheon) be 26°C on August 30?,26°C,5.0,0.195,0.805,0.17,0.22,0.04999999999999999,271.24622,271.24622,8603.7806,True,False,True,True,0xa5e8aa3720cd9842e376fc5e7398421f6227bf44e3d3be6842ea664327e8f430
2026-08-28T14:38:06.373600+00:00,924282,3945477,Seoul (Incheon) be 27°C,2026-08-30,highest_temperature,Will the highest temperature in Seoul (Incheon) be 27°C on August 30?,27°C,6.0,0.29,0.71,0.27,0.31,0.03999999999999998,227.223014,227.223014,9153.2363,True,False,True,True,0xc4dd448b4ca2369816a9afb21b6fd8956a6b191cc684075935c16c549be29257
2026-08-28T14:38:06.373614+00:00,924282,3945478,Seoul (Incheon) be 28°C,2026-08-30,highest_temperature,Will the highest temperature in Seoul (Incheon) be 28°C on August 30?,28°C,7.0,0.26,0.74,0.25,0.27,0.020000000000000018,423.644605,423.644605,6187.2243,True,False,True,True,0x093042dc2a5d00fd017f79e9ebaed178343be5677e6b3539be17509363938987
2026-08-28T14:38:06.373626+00:00,924282,3945479,Seoul (Incheon) be 29°C,2026-08-30,highest_temperature,Will the highest temperature in Seoul (Incheon) be 29°C on August 30?,29°C,8.0,0.12,0.88,0.09,0.15,0.06,509.92195399999997,509.92195399999997,1811.8867,True,False,True,True,0x394a836a334509f68236e0f2ec8db0ec9dead25c0454569d08ed95ec4c0d42e5
2026-08-28T14:38:06.373638+00:00,924282,3945480,Seoul (Incheon) be 30°C,2026-08-30,highest_temperature,Will the highest temperature in Seoul (Incheon) be 30°C on August 30?,30°C,9.0,0.035,0.965,0.03,0.04,0.010000000000000002,226.47792500000003,226.477925,1867.312,True,False,True,True,0x48f4df07fd8089e43442248f65a108a092c046622bc0b22a61dbaaf143806b0c
2026-08-28T14:38:06.373651+00:00,924282,3945481,Seoul (Incheon) be 31°C or higher,2026-08-30,highest_temperature,Will the highest temperature in Seoul (Incheon) be 31°C or higher on August 30?,31°C or higher,10.0,0.0235,0.9765,0.01,0.037,0.026999999999999996,212.93,212.93,1554.50587,True,False,True,True,0x8c9b241b43d209460fd316259cabd22960a2216d35230be127567f582408dc6c
2026-08-28T14:38:06.373662+00:00,924283,3945482,Ankara be 21°C or below,2026-08-30,highest_temperature,Will the highest temperature in Ankara be 21°C or below on August 30?,21°C or below,0.0,0.0015,0.9985,0.001,0.002,0.001,160.72199999999998,160.722,2529.66067,True,False,True,True,0x2edb8981a9232c3f0b027d2487b5f0337243ab6a2af85f70db7c52f489050432
2026-08-28T14:38:06.373674+00:00,924283,3945483,Ankara be 22°C,2026-08-30,highest_temperature,Will the highest temperature in Ankara be 22°C on August 30?,22°C,1.0,0.02,0.98,0.01,0.03,0.019999999999999997,82.3758,82.3758,2955.9501,True,False,True,True,0x6411b10c2c61c823d9825291fa13bc154454b756a7001bc949e1cb5f12f56ab4
2026-08-28T14:38:06.373686+00:00,924283,3945484,Ankara be 23°C,2026-08-30,highest_temperature,Will the highest temperature in Ankara be 23°C on August 30?,23°C,2.0,0.03,0.97,0.02,0.04,0.02,105.870266,105.870266,2585.1941,True,False,True,True,0x8aa7d9dc9350e3e70a6dfd79c7db19025d3e0497a5ba3a1c240b34cb80d07adf
2026-08-28T14:38:06.373706+00:00,924283,3945485,Ankara be 24°C,2026-08-30,highest_temperature,Will the highest temperature in Ankara be 24°C on August 30?,24°C,3.0,0.115,0.885,0.11,0.12,0.009999999999999995,162.58020399999998,162.580204,2599.4256,True,False,True,True,0x0d525dcf823da8fdc97118ff90442613d596bcbc0198e6b38948c954224e823f
2026-08-28T14:38:06.373717+00:00,924283,3945486,Ankara be 25°C,2026-08-30,highest_temperature,Will the highest temperature in Ankara be 25°C on August 30?,25°C,4.0,0.395,0.605,0.39,0.4,0.010000000000000009,312.180345,312.180345,14022.6135,True,False,True,True,0x2cdf8b7f64fe7437466187a5076a3e1e065f9bdf2ec20f86020689d7de5842e5
2026-08-28T14:38:06.373731+00:00,924283,3945487,Ankara be 26°C,2026-08-30,highest_temperature,Will the highest temperature in Ankara be 26°C on August 30?,26°C,5.0,0.36,0.64,0.35,0.37,0.020000000000000018,227.79316900000003,227.793169,3663.3761,True,False,True,True,0xd19e64053aede31d21c37b7ee902b8bf58259f5d07ff4420d0f6a0a6b17b03e3
2026-08-28T14:38:06.373744+00:00,924283,3945488,Ankara be 27°C,2026-08-30,highest_temperature,Will the highest temperature in Ankara be 27°C on August 30?,27°C,6.0,0.105,0.895,0.09,0.12,0.03,88.638375,88.638375,3098.0757,True,False,True,True,0xdb1d521ab4d578877f6fd56acb75ebde9f4e2ee438a3e03e79f17f7ec75cf893
2026-08-28T14:38:06.373756+00:00,924283,3945489,Ankara be 28°C,2026-08-30,highest_temperature,Will the highest temperature in Ankara be 28°C on August 30?,28°C,7.0,0.035,0.965,0.02,0.05,0.030000000000000002,87.67,87.67,2655.5405,True,False,True,True,0xd1872665f99b78a896976b18acf759f0f1e26816f18321e0962349f66bf0ce88
2026-08-28T14:38:06.373768+00:00,924283,3945490,Ankara be 29°C,2026-08-30,highest_temperature,Will the highest temperature in Ankara be 29°C on August 30?,29°C,8.0,0.015,0.985,,0.03,,79.9876,79.9876,2675.723,True,False,True,True,0xd56eacd4fe93ea3efbe210a2ca169d46dd1091d69799daf0356e78314a368dc5
2026-08-28T14:38:06.373779+00:00,924283,3945491,Ankara be 30°C,2026-08-30,highest_temperature,Will the highest temperature in Ankara be 30°C on August 30?,30°C,9.0,0.0005,0.9995,,0.001,,224.99099999999999,224.99099999999999,4497.81464,True,False,True,True,0x0d62de62f217042ff409c768a6fa8f5a33acaf971aa7e6f6794b8a60c3943039
2026-08-28T14:38:06.373791+00:00,924283,3945492,Ankara be 31°C or higher,2026-08-30,highest_temperature,Will the highest temperature in Ankara be 31°C or higher on August 30?,31°C or higher,10.0,0.001,0.999,,0.002,,214.97400000000002,214.974,3788.82237,True,False,True,True,0x6c1b73501e933e4e0d6696891ecabb35b38d4e8bfa9b9c9cdb3f1f3ded386466
2026-08-28T14:38:06.373803+00:00,924284,3945493,Wellington be 11°C or below,2026-08-30,highest_temperature,Will the highest temperature in Wellington be 11°C or below on August 30?,11°C or below,0.0,0.0005,0.9995,,0.001,,55.99999999999999,55.99999999999999,2715.65293,True,False,True,True,0x3a4a7ccd2511c99c48d69883dcce6e05b917a03f5d06e98f6ad61a7f17e847ca
2026-08-28T14:38:06.373816+00:00,924284,3945494,Wellington be 12°C,2026-08-30,highest_temperature,Will the highest temperature in Wellington be 12°C on August 30?,12°C,1.0,0.0005,0.9995,,0.001,,55.99999999999999,55.99999999999999,3159.61529,True,False,True,True,0x7daffc7f178ce6bb599228cdb7c1733aeab1451809e9c696d9fa5d2327aa28b1
2026-08-28T14:38:06.373828+00:00,924284,3945495,Wellington be 13°C,2026-08-30,highest_temperature,Will the highest temperature in Wellington be 13°C on August 30?,13°C,2.0,0.007,0.993,0.005,0.009,0.003999999999999999,79.3966,79.3966,3325.50077,True,False,True,True,0xb909ff733b1a066d041d22f467f687a7b03043030f4db2cb7296c56e3ed2bbf6
2026-08-28T14:38:06.373842+00:00,924284,3945496,Wellington be 14°C,2026-08-30,highest_temperature,Will the highest temperature in Wellington be 14°C on August 30?,14°C,3.0,0.007,0.993,0.005,0.009,0.003999999999999999,345.95980000000003,345.9598,2722.80329,True,False,True,True,0x6e00a6ae3d80ad9d81d4840b5690a312caf73f9a36a73df1660528c21659096d
2026-08-28T14:38:06.373855+00:00,924284,3945497,Wellington be 15°C,2026-08-30,highest_temperature,Will the highest temperature in Wellington be 15°C on August 30?,15°C,4.0,0.025,0.975,0.02,0.03,0.009999999999999998,135.817566,135.817566,3054.1448,True,False,True,True,0xca09ba1d9cca81284cd6f660f7c706392495dad83c75a8a037d3f9d3c1798882
2026-08-28T14:38:06.373867+00:00,924284,3945498,Wellington be 16°C,2026-08-30,highest_temperature,Will the highest temperature in Wellington be 16°C on August 30?,16°C,5.0,0.145,0.855,0.14,0.15,0.009999999999999981,597.6631479999999,597.663148,2690.5734,True,False,True,True,0x9e1437b93ead2db41fd64058a35794bef92b39df6e9a6f75f5bbd94602568c53
2026-08-28T14:38:06.373880+00:00,924284,3945499,Wellington be 17°C,2026-08-30,highest_temperature,Will the highest temperature in Wellington be 17°C on August 30?,17°C,6.0,0.52,0.48,0.51,0.53,0.020000000000000018,476.128646,476.12864600000006,2922.6979,True,False,True,True,0x18ea1b889685b7b35f6ad30f7b70994ebb3bdfd5e17b22ff1839d72b6a452334
2026-08-28T14:38:06.373893+00:00,924284,3945500,Wellington be 18°C,2026-08-30,highest_temperature,Will the highest temperature in Wellington be 18°C on August 30?,18°C,7.0,0.26,0.74,0.24,0.28,0.040000000000000036,681.5827250000001,681.582725,3649.5547,True,False,True,True,0x1ef5d8135ec958f09f3a34e7e35668952683c2e0e09ac3a96f9da6fa99ebd622
2026-08-28T14:38:06.373906+00:00,924284,3945501,Wellington be 19°C,2026-08-30,highest_temperature,Will the highest temperature in Wellington be 19°C on August 30?,19°C,8.0,0.03,0.97,0.02,0.04,0.02,51.0812,51.08120000000001,2388.6419,True,False,True,True,0x5dfb5f324b9c76159a826cc6437a02d8287adc093d1e8de25dafe9fbb0906233
2026-08-28T14:38:06.373917+00:00,924284,3945502,Wellington be 20°C,2026-08-30,highest_temperature,Will the highest temperature in Wellington be 20°C on August 30?,20°C,9.0,0.0005,0.9995,,0.001,,104.997,104.997,2108.58405,True,False,True,True,0x7cdfd9ec033c8ff92b521517fb297b5f17ae8d51d8f5d6d2a7d13fb2cb7058b2
2026-08-28T14:38:06.373931+00:00,924284,3945503,Wellington be 21°C or higher,2026-08-30,highest_temperature,Will the highest temperature in Wellington be 21°C or higher on August 30?,21°C or higher,10.0,0.0005,0.9995,,0.001,,50.0,49.99999999999999,1989.27933,True,False,True,True,0x0e4c2200f2ecc042da3bdcf0679aea1b31826be6d4ee17e7cbcc2935e1456ce8
2026-08-28T14:38:06.373945+00:00,924285,3945504,Lucknow be 23°C or below,2026-08-30,highest_temperature,Will the highest temperature in Lucknow be 23°C or below on August 30?,23°C or below,0.0,0.002,0.998,,0.004,,391.999,391.999,3179.63801,True,False,True,True,0x9c44e8048dce37649604336a9ffba168916a70066627fe29b18690095e5b6858
2026-08-28T14:38:06.373958+00:00,924285,3945505,Lucknow be 24°C,2026-08-30,highest_temperature,Will the highest temperature in Lucknow be 24°C on August 30?,24°C,1.0,0.002,0.998,,0.004,,391.995,391.995,3655.59667,True,False,True,True,0x3453cf438d9a3b9d5085460086cabc8a0e3d4d487c7c537a2b61c9d245b8a5d3
2026-08-28T14:38:06.373970+00:00,924285,3945506,Lucknow be 25°C,2026-08-30,highest_temperature,Will the highest temperature in Lucknow be 25°C on August 30?,25°C,2.0,0.002,0.998,,0.004,,391.99100000000004,391.99100000000004,3487.67367,True,False,True,True,0x7c3762c6837823d944a3b3015f7dafe73c8d730b972ed2a2404afefdc89e4586
2026-08-28T14:38:06.373982+00:00,924285,3945507,Lucknow be 26°C,2026-08-30,highest_temperature,Will the highest temperature in Lucknow be 26°C on August 30?,26°C,3.0,0.002,0.998,,0.004,,236.0,236.0,2816.02636,True,False,True,True,0x8f7ac7b6e9fff759acf82880ed162c6f4d5c9b3d5b363d8663f482d6dff643c8
2026-08-28T14:38:06.373994+00:00,924285,3945508,Lucknow be 27°C,2026-08-30,highest_temperature,Will the highest temperature in Lucknow be 27°C on August 30?,27°C,4.0,0.0085,0.9915,0.007,0.01,0.003,50.2512,50.2512,2663.7416,True,False,True,True,0x599dfc6270bdd11001055905e845d472349d3cce4cfadca3018a178e2a8f1262
2026-08-28T14:38:06.374007+00:00,924285,3945509,Lucknow be 28°C,2026-08-30,highest_temperature,Will the highest temperature in Lucknow be 28°C on August 30?,28°C,5.0,0.03,0.97,0.02,0.04,0.02,5.20405,5.20405,2355.9106,True,False,True,True,0xa3f6eebd8bf5c1a0462bc04f2957fcf15c64335a1d41b229ccc5dfc4004688e9
2026-08-28T14:38:06.374018+00:00,924285,3945510,Lucknow be 29°C,2026-08-30,highest_temperature,Will the highest temperature in Lucknow be 29°C on August 30?,29°C,6.0,0.055,0.945,0.03,0.08,0.05,,,2091.2975,True,False,True,True,0x055e06e1e0f58ad1665a21edcd9c17adbc273b9937a626dfee0969adfaf71109
2026-08-28T14:38:06.374030+00:00,924285,3945511,Lucknow be 30°C,2026-08-30,highest_temperature,Will the highest temperature in Lucknow be 30°C on August 30?,30°C,7.0,0.175,0.825,0.16,0.19,0.03,11.6279,11.6279,2169.931,True,False,True,True,0xa2b72ffaa8f084b0210dfdf0dbe3738b1e950c8ca7ab2d9947d35d56ee47371a
2026-08-28T14:38:06.374044+00:00,924285,3945512,Lucknow be 31°C,2026-08-30,highest_temperature,Will the highest temperature in Lucknow be 31°C on August 30?,31°C,8.0,0.295,0.705,0.26,0.33,0.07,111.470587,111.470587,1783.8604,True,False,True,True,0xf995b3c0b3a2575fa7d2c7411890203ba91f268613aac1b5f8b7051b4a067636
2026-08-28T14:38:06.374057+00:00,924285,3945513,Lucknow be 32°C,2026-08-30,highest_temperature,Will the highest temperature in Lucknow be 32°C on August 30?,32°C,9.0,0.3,0.7,0.28,0.32,0.03999999999999998,296.0,296.0,6020.3404,True,False,True,True,0x8281589dc7bdb2e0eb66973bd81818d3ce0decdbf237520de3a7099c4d31a7c5
2026-08-28T14:38:06.374069+00:00,924285,3945514,Lucknow be 33°C or higher,2026-08-30,highest_temperature,Will the highest temperature in Lucknow be 33°C or higher on August 30?,33°C or higher,10.0,0.18,0.82,0.16,0.2,0.04000000000000001,56.327653,56.327653,1084.1067,True,False,True,True,0x2a71a630a7cc29046dab641803000570f037deb63da57a2190d5186f8d63719f
2026-08-28T14:38:06.374081+00:00,924286,3945515,Munich be 21°C or below,2026-08-30,highest_temperature,Will the highest temperature in Munich be 21°C or below on August 30?,21°C or below,0.0,0.0015,0.9985,0.001,0.002,0.001,127.11699999999999,127.11699999999999,4200.49376,True,False,True,True,0xbbdffbc40d4a7702426c033a31499dab99d94f960cae6f12c7a8526fdbef29b4
2026-08-28T14:38:06.374095+00:00,924286,3945516,Munich be 22°C,2026-08-30,highest_temperature,Will the highest temperature in Munich be 22°C on August 30?,22°C,1.0,0.003,0.997,0.001,0.005,0.004,,,3493.24165,True,False,True,True,0x5bf104ecd24f73466cb170c0a8974f1704f1c7b3b00663cf0555162a502e67b8
2026-08-28T14:38:06.374106+00:00,924286,3945517,Munich be 23°C,2026-08-30,highest_temperature,Will the highest temperature in Munich be 23°C on August 30?,23°C,2.0,0.0075,0.9925,0.005,0.01,0.005,,,2971.04598,True,False,True,True,0xb9d775831c1469430589bf037855ab83b94bf444d642f474518050248e265258
2026-08-28T14:38:06.374117+00:00,924286,3945518,Munich be 24°C,2026-08-30,highest_temperature,Will the highest temperature in Munich be 24°C on August 30?,24°C,3.0,0.03,0.97,0.01,0.05,0.04,,,2711.7392,True,False,True,True,0x2d5cd5e9db960b78cf79fa074c751f29e020a2b642af122eb1c72f026added1e
2026-08-28T14:38:06.374133+00:00,924286,3945519,Munich be 25°C,2026-08-30,highest_temperature,Will the highest temperature in Munich be 25°C on August 30?,25°C,4.0,0.06,0.94,0.03,0.09,0.06,,,2959.4474,True,False,True,True,0x236fbe18248cc9bb5a2bbd4d32d429814af8e807fbd640aa2bb8b6686cb57376
2026-08-28T14:38:06.374145+00:00,924286,3945520,Munich be 26°C,2026-08-30,highest_temperature,Will the highest temperature in Munich be 26°C on August 30?,26°C,5.0,0.225,0.775,0.2,0.25,0.04999999999999999,36.454544,36.454544,3434.6888,True,False,True,True,0xb71d62d3ac1c2490b06143d6307292de31533ffb23183534f75d0ca11cb92d18
2026-08-28T14:38:06.374157+00:00,924286,3945521,Munich be 27°C,2026-08-30,highest_temperature,Will the highest temperature in Munich be 27°C on August 30?,27°C,6.0,0.465,0.535,0.45,0.48,0.02999999999999997,115.683029,115.683029,3250.8738,True,False,True,True,0x06c65c24b22a6a8ebdc3d96647eabdc7a037d7c1d29d3d22e1cb1cc0c2dd6311
2026-08-28T14:38:06.374169+00:00,924286,3945522,Munich be 28°C,2026-08-30,highest_temperature,Will the highest temperature in Munich be 28°C on August 30?,28°C,7.0,0.255,0.745,0.23,0.28,0.05000000000000002,233.05655199999998,233.056552,2826.3333,True,False,True,True,0x2b86c9dd81eab90cd3772b92597f09083dcadc6188ef2abeb2afa9139d0d0ec4
2026-08-28T14:38:06.374181+00:00,924286,3945523,Munich be 29°C,2026-08-30,highest_temperature,Will the highest temperature in Munich be 29°C on August 30?,29°C,8.0,0.035,0.965,0.03,0.04,0.010000000000000002,,,2376.2556,True,False,True,True,0x20b8d149dd7a6972a221822fa5403dd4012d65bcd207e41585c0fae7440eb256
2026-08-28T14:38:06.374191+00:00,924286,3945524,Munich be 30°C,2026-08-30,highest_temperature,Will the highest temperature in Munich be 30°C on August 30?,30°C,9.0,0.0085,0.9915,0.005,0.012,0.007,,,3167.20899,True,False,True,True,0x176ddb22fe9767c3ea4cbc171de57530b0ff18551eda88c1336d808b2918ba84
2026-08-28T14:38:06.374203+00:00,924286,3945525,Munich be 31°C or higher,2026-08-30,highest_temperature,Will the highest temperature in Munich be 31°C or higher on August 30?,31°C or higher,10.0,0.0075,0.9925,0.005,0.01,0.005,,,2905.43169,True,False,True,True,0x2ff9a17eeb4d9f126e1a6700f7c1cf6fe00c2505512607a5fbbc6e5d53c04531
2026-08-28T14:38:06.374215+00:00,924287,3945526,Tel Aviv be 27°C or below,2026-08-30,highest_temperature,Will the highest temperature in Tel Aviv be 27°C or below on August 30?,27°C or below,0.0,0.0035,0.9965,0.002,0.005,0.003,342.19419999999997,342.1942000000001,3157.77767,True,False,True,True,0x88fe52a27e863fe815a5f9bea8dc1e99270984b36c42b1a4ac1d033661f1ad2a
2026-08-28T14:38:06.374227+00:00,924287,3945527,Tel Aviv be 28°C,2026-08-30,highest_temperature,Will the highest temperature in Tel Aviv be 28°C on August 30?,28°C,1.0,0.015,0.985,0.01,0.02,0.01,291.34466599999996,291.344666,4058.6753,True,False,True,True,0x5b88ebc7a3bd52e1beaa47529d74fde71b6fc4298dcd530722d37b158628e291
2026-08-28T14:38:06.374241+00:00,924287,3945528,Tel Aviv be 29°C,2026-08-30,highest_temperature,Will the highest temperature in Tel Aviv be 29°C on August 30?,29°C,2.0,0.03,0.97,0.02,0.04,0.02,85.11015,85.11015,3306.4741,True,False,True,True,0xff3e57e1c212d16b1627e7a6ac4d3c26f8a6b714a11a82446d6bbf3d4cf9d56a
2026-08-28T14:38:06.374253+00:00,924287,3945529,Tel Aviv be 30°C,2026-08-30,highest_temperature,Will the highest temperature in Tel Aviv be 30°C on August 30?,30°C,3.0,0.195,0.805,0.19,0.2,0.010000000000000009,140.730461,140.730461,3633.9442,True,False,True,True,0x3418b7a5bc596ef50b256ad048d1fc5bf543bc2a04d6d7215f84ec1ae1b2aa83
2026-08-28T14:38:06.374265+00:00,924287,3945530,Tel Aviv be 31°C,2026-08-30,highest_temperature,Will the highest temperature in Tel Aviv be 31°C on August 30?,31°C,4.0,0.605,0.395,0.6,0.61,0.010000000000000009,395.490938,395.4909379999999,5169.9821,True,False,True,True,0xea1358cac3ba7ea72d691de3bf5c71776ee1a98e25ff4263af60d55f41d0a8b7
2026-08-28T14:38:06.374278+00:00,924287,3945531,Tel Aviv be 32°C,2026-08-30,highest_temperature,Will the highest temperature in Tel Aviv be 32°C on August 30?,32°C,5.0,0.195,0.805,0.19,0.2,0.010000000000000009,241.62715999999998,241.62716,3711.5128,True,False,True,True,0xc50a9ccce2d23d79118e4c402b6882c889e386c28f0053544e9f0d1ab9270609
2026-08-28T14:38:06.374289+00:00,924287,3945532,Tel Aviv be 33°C,2026-08-30,highest_temperature,Will the highest temperature in Tel Aviv be 33°C on August 30?,33°C,6.0,0.005,0.995,0.001,0.009,0.008,5.0,5.0,3187.05947,True,False,True,True,0xbba9e62d646ab86acc21c08107279d04c84bb7776c378746d8e6a8e6b778d4a8
2026-08-28T14:38:06.374301+00:00,924287,3945533,Tel Aviv be 34°C,2026-08-30,highest_temperature,Will the highest temperature in Tel Aviv be 34°C on August 30?,34°C,7.0,0.006,0.994,0.002,0.01,0.008,132.0949,132.0949,3548.69681,True,False,True,True,0xbda39a724ccf23509f1d71a3baf01d71a3e4dcf5c4bee3da17dd58becc9be350
2026-08-28T14:38:06.374313+00:00,924287,3945534,Tel Aviv be 35°C,2026-08-30,highest_temperature,Will the highest temperature in Tel Aviv be 35°C on August 30?,35°C,8.0,0.0025,0.9975,0.001,0.004,0.003,98.747,98.747,3489.29586,True,False,True,True,0xdd83067d31e95b610eb689bcaa51478552127f28bdef23c9b0e6dd6cdf5ee4ca
2026-08-28T14:38:06.374328+00:00,924287,3945535,Tel Aviv be 36°C,2026-08-30,highest_temperature,Will the highest temperature in Tel Aviv be 36°C on August 30?,36°C,9.0,0.0005,0.9995,,0.001,,262.991,262.991,4535.92794,True,False,True,True,0xaad393ccdab7a35762d174758c009759f3900ec6fab0f016625f6ad7659c4300
2026-08-28T14:38:06.374340+00:00,924287,3945536,Tel Aviv be 37°C or higher,2026-08-30,highest_temperature,Will the highest temperature in Tel Aviv be 37°C or higher on August 30?,37°C or higher,10.0,0.0005,0.9995,,0.001,,252.98,252.98000000000002,3082.18906,True,False,True,True,0x7110b380c26825701a711f0f91ad294638604255a27759ff3f108c7398db2b63
2026-08-28T14:38:06.374354+00:00,924288,3945537,Tokyo be 23°C or below,2026-08-30,highest_temperature,Will the highest temperature in Tokyo be 23°C or below on August 30?,23°C or below,0.0,0.0055,0.9945,0.001,0.01,0.009000000000000001,129.9738,129.9738,1583.50219,True,False,True,True,0xfe1a5116be975ba029a1bbb5064469fce4241d3451260740e0aa09de14c341b4
2026-08-28T14:38:06.374367+00:00,924288,3945538,Tokyo be 24°C,2026-08-30,highest_temperature,Will the highest temperature in Tokyo be 24°C on August 30?,24°C,1.0,0.011,0.989,0.002,0.02,0.018000000000000002,104.04759999999999,124.2276,2142.63209,True,False,True,True,0xf8d6da3ea068490e8d1129248356fe24691f1df1f893af957449048d95d38690
2026-08-28T14:38:06.374379+00:00,924288,3945539,Tokyo be 25°C,2026-08-30,highest_temperature,Will the highest temperature in Tokyo be 25°C on August 30?,25°C,2.0,0.06,0.94,0.05,0.07,0.020000000000000004,202.72747500000003,202.727475,2084.3179,True,False,True,True,0xdbce7f4eede4384746c03570f442fb1848ced296ab263fc6059e808da7c3acb4
2026-08-28T14:38:06.374392+00:00,924288,3945540,Tokyo be 26°C,2026-08-30,highest_temperature,Will the highest temperature in Tokyo be 26°C on August 30?,26°C,3.0,0.155,0.845,0.13,0.18,0.04999999999999999,338.50887,338.50887,2258.5855,True,False,True,True,0xbcaa9219d8d81ccf8bf0eef0706a502dc8e4d0689ead18d51190cabd81304d1c
2026-08-28T14:38:06.374403+00:00,924288,3945541,Tokyo be 27°C,2026-08-30,highest_temperature,Will the highest temperature in Tokyo be 27°C on August 30?,27°C,4.0,0.33,0.67,0.32,0.34,0.020000000000000018,65.442802,65.442802,9476.2901,True,False,True,True,0xf5c2702ebf997c690721bbb35a22a5bf98f46da992fe075c0444cd0fced26c89
2026-08-28T14:38:06.374416+00:00,924288,3945542,Tokyo be 28°C,2026-08-30,highest_temperature,Will the highest temperature in Tokyo be 28°C on August 30?,28°C,5.0,0.26,0.74,0.25,0.27,0.020000000000000018,117.204408,117.204408,15707.9453,True,False,True,True,0x1661028c5b43c67db67a32e219241118bf8515749e54ec87c9ad5e01a1045866
2026-08-28T14:38:06.374427+00:00,924288,3945543,Tokyo be 29°C,2026-08-30,highest_temperature,Will the highest temperature in Tokyo be 29°C on August 30?,29°C,6.0,0.125,0.875,0.12,0.13,0.010000000000000009,12.0,12.0,2278.0164,True,False,True,True,0x89493f11011195fd3c1e2ccdcae757f155fd87546c4e54b9d47bf6cd8781c676
2026-08-28T14:38:06.374439+00:00,924288,3945544,Tokyo be 30°C,2026-08-30,highest_temperature,Will the highest temperature in Tokyo be 30°C on August 30?,30°C,7.0,0.05,0.95,0.03,0.07,0.04000000000000001,107.88,107.88,2072.4248,True,False,True,True,0x7246466ffcf5929c64da5b684b7d55830818933cb29c010e9b9a1096eec3a1be
2026-08-28T14:38:06.374450+00:00,924288,3945545,Tokyo be 31°C,2026-08-30,highest_temperature,Will the highest temperature in Tokyo be 31°C on August 30?,31°C,8.0,0.025,0.975,0.01,0.04,0.03,13.3432,13.3432,2419.2403,True,False,True,True,0x345db0f1fa2642dd07466f0ee60c9fc5613435641d7dedae50060ee12c8190cd
2026-08-28T14:38:06.374461+00:00,924288,3945546,Tokyo be 32°C,2026-08-30,highest_temperature,Will the highest temperature in Tokyo be 32°C on August 30?,32°C,9.0,0.003,0.997,0.001,0.005,0.004,246.0398,246.0398,3621.8499,True,False,True,True,0x65c7243a50fa307995cc22cf3015df09699e55e60eb7bf40d628a8f1f43eeaaf
2026-08-28T14:38:06.374473+00:00,924288,3945547,Tokyo be 33°C or higher,2026-08-30,highest_temperature,Will the highest temperature in Tokyo be 33°C or higher on August 30?,33°C or higher,10.0,0.002,0.998,0.001,0.003,0.002,253.713,253.713,1696.54732,True,False,True,True,0x37357702f19e96847fb832935f3d1e1fe25b52045f280c7c2450d3609f85f52f
2026-08-28T14:38:06.374485+00:00,924289,3945548,Hong Kong be 26°C or below,2026-08-30,highest_temperature,Will the highest temperature in Hong Kong be 26°C or below on August 30?,26°C or below,0.0,0.0005,0.9995,,0.001,,124.99499999999999,124.995,1319.96505,True,False,True,True,0x9f633e0dd24b051f86a6ee0609fb841dd79e46562a1ea6b7d8ce361485aa1101
2026-08-28T14:38:06.374498+00:00,924289,3945549,Hong Kong be 27°C,2026-08-30,highest_temperature,Will the highest temperature in Hong Kong be 27°C on August 30?,27°C,1.0,0.0005,0.9995,,0.001,,124.99300000000001,124.99300000000001,1973.54329,True,False,True,True,0x687c8144f52e80f38304766e7bfca315858531851e14c58754cbc717619616ca
2026-08-28T14:38:06.374511+00:00,924289,3945550,Hong Kong be 28°C,2026-08-30,highest_temperature,Will the highest temperature in Hong Kong be 28°C on August 30?,28°C,2.0,0.06,0.94,0.05,0.07,0.020000000000000004,238.92247100000003,238.92247100000003,2395.5702,True,False,True,True,0xfcbd05e88173fa70010e80f8568cb8cbb296ad6d1c890a5a8f73156ca05cc932
2026-08-28T14:38:06.374524+00:00,924289,3945551,Hong Kong be 29°C,2026-08-30,highest_temperature,Will the highest temperature in Hong Kong be 29°C on August 30?,29°C,3.0,0.19,0.81,0.17,0.21,0.03999999999999998,,,2239.0873,True,False,True,True,0x6f2ad56d49c892c9db0ea42f0f09a28cebbf3b8be43e99bad52bc704b6dff3d5
2026-08-28T14:38:06.374537+00:00,924289,3945552,Hong Kong be 30°C,2026-08-30,highest_temperature,Will the highest temperature in Hong Kong be 30°C on August 30?,30°C,4.0,0.285,0.715,0.26,0.31,0.04999999999999999,108.87910000000001,108.87910000000001,2501.2373,True,False,True,True,0x85a6f789fd1024c8c214106e99db8e8b2c3598808ab099a8abe82ec6b53e9c5b
2026-08-28T14:38:06.374549+00:00,924289,3945553,Hong Kong be 31°C,2026-08-30,highest_temperature,Will the highest temperature in Hong Kong be 31°C on August 30?,31°C,5.0,0.355,0.645,0.35,0.36,0.010000000000000009,,,2694.822,True,False,True,True,0xc4184eb42c18985f065a7eccce101c274b5cbf9990995fbec16dfc37a7081002
2026-08-28T14:38:06.374562+00:00,924289,3945554,Hong Kong be 32°C,2026-08-30,highest_temperature,Will the highest temperature in Hong Kong be 32°C on August 30?,32°C,6.0,0.115,0.885,0.11,0.12,0.009999999999999995,83.047271,83.047271,2064.316,True,False,True,True,0x101f5f3467aef737fbc1b5fd4d50df8311a5d8783641884fb2f952ed3416a39a
2026-08-28T14:38:06.374573+00:00,924289,3945555,Hong Kong be 33°C,2026-08-30,highest_temperature,Will the highest temperature in Hong Kong be 33°C on August 30?,33°C,7.0,0.035,0.965,0.02,0.05,0.030000000000000002,25.0,25.0,1940.0965,True,False,True,True,0x39661ae119334374ddddfaf459eb72e767ef009221be822faf9d27cc96c16465
2026-08-28T14:38:06.374585+00:00,924289,3945556,Hong Kong be 34°C,2026-08-30,highest_temperature,Will the highest temperature in Hong Kong be 34°C on August 30?,34°C,8.0,0.03,0.97,0.01,0.05,0.04,100.0,100.0,1982.5893,True,False,True,True,0x83ef27e0b63061554cf136842ed99f0089d86479869bfca8dd7b9838570e2e32
2026-08-28T14:38:06.374597+00:00,924289,3945557,Hong Kong be 35°C,2026-08-30,highest_temperature,Will the highest temperature in Hong Kong be 35°C on August 30?,35°C,9.0,0.003,0.997,0.001,0.005,0.004,37.635,37.635,2282.94255,True,False,True,True,0x9e082a4282be46343f2592699c2d3447dd1d32306a324fac7cee053e138415f6
2026-08-28T14:38:06.374609+00:00,924289,3945558,Hong Kong be 36°C or higher,2026-08-30,highest_temperature,Will the highest temperature in Hong Kong be 36°C or higher on August 30?,36°C or higher,10.0,0.0005,0.9995,,0.001,,120.991,120.991,2594.03835,True,False,True,True,0xcacdb73232b946ddf25a92a5d637852416277bd8550c62ca93fbd7d27fe3b8a5
2026-08-28T14:38:06.374621+00:00,924290,3945559,Shanghai be 26°C or below,2026-08-30,highest_temperature,Will the highest temperature in Shanghai be 26°C or below on August 30?,26°C or below,0.0,0.0015,0.9985,0.001,0.002,0.001,68.22,68.22,2893.58487,True,False,True,True,0x792ddfb93683a5b8022598b983a470e88fbe5438ff1bd884aeae41d2a6329a33
2026-08-28T14:38:06.374633+00:00,924290,3945560,Shanghai be 27°C,2026-08-30,highest_temperature,Will the highest temperature in Shanghai be 27°C on August 30?,27°C,1.0,0.0005,0.9995,,0.001,,34.61,34.61,3064.60169,True,False,True,True,0x4d0f839d90fb07dbbf30b416f0bbbb8bb58e0b215073d1112e7033673452cf70
2026-08-28T14:38:06.374645+00:00,924290,3945561,Shanghai be 28°C,2026-08-30,highest_temperature,Will the highest temperature in Shanghai be 28°C on August 30?,28°C,2.0,0.0025,0.9975,0.001,0.004,0.003,197.24699999999999,197.24699999999999,2664.92537,True,False,True,True,0x2049e4d318732108c130f63a8865115f873d39ed5ab4a64150b654d5611802c0
2026-08-28T14:38:06.374657+00:00,924290,3945562,Shanghai be 29°C,2026-08-30,highest_temperature,Will the highest temperature in Shanghai be 29°C on August 30?,29°C,3.0,0.0055,0.9945,0.005,0.006,0.001,160.79399999999998,160.794,2329.59169,True,False,True,True,0x301d2a725f1ad09da615ac1f3a3d4bfaa3d9fda0b58e6aa6da308dcfc82848ca
2026-08-28T14:38:06.374671+00:00,924290,3945563,Shanghai be 30°C,2026-08-30,highest_temperature,Will the highest temperature in Shanghai be 30°C on August 30?,30°C,4.0,0.035,0.965,0.03,0.04,0.010000000000000002,242.965033,242.965033,2759.4442,True,False,True,True,0x4de48f64dd98bc597a2e239de54ed818ca9f420759093a23ef34eac7bf77cbb4
2026-08-28T14:38:06.374682+00:00,924290,3945564,Shanghai be 31°C,2026-08-30,highest_temperature,Will the highest temperature in Shanghai be 31°C on August 30?,31°C,5.0,0.185,0.815,0.18,0.19,0.010000000000000009,541.480186,541.480186,3765.9842,True,False,True,True,0xd7910151b31ac6a454add293a4d7d46d1f643e4e8fdea311e60c410f712bfe6c
2026-08-28T14:38:06.374703+00:00,924290,3945565,Shanghai be 32°C,2026-08-30,highest_temperature,Will the highest temperature in Shanghai be 32°C on August 30?,32°C,6.0,0.575,0.425,0.57,0.58,0.010000000000000009,1059.7604359999998,1065.030705,13708.1756,True,False,True,True,0xc7bec5aba3fc929b205f2d58608abd63511c040df182de7171aed533aa68f235
2026-08-28T14:38:06.374723+00:00,924290,3945566,Shanghai be 33°C,2026-08-30,highest_temperature,Will the highest temperature in Shanghai be 33°C on August 30?,33°C,7.0,0.175,0.825,0.17,0.18,0.009999999999999981,226.164147,226.16414699999996,16665.5124,True,False,True,True,0x5a7ce7e3950463f96b087a1e439a2c2421690dc5eb5f72a81102af96e20a9dc0
2026-08-28T14:38:06.374735+00:00,924290,3945567,Shanghai be 34°C,2026-08-30,highest_temperature,Will the highest temperature in Shanghai be 34°C on August 30?,34°C,8.0,0.035,0.965,0.03,0.04,0.010000000000000002,95.2008,95.2008,2680.5586,True,False,True,True,0xbc3f283839e88dbdbf1efba08de4addf2a64e966da8a2886bed0a621e6ed0e2e
2026-08-28T14:38:06.374746+00:00,924290,3945568,Shanghai be 35°C,2026-08-30,highest_temperature,Will the highest temperature in Shanghai be 35°C on August 30?,35°C,9.0,0.0075,0.9925,0.005,0.01,0.005,68.13,68.13,3038.98241,True,False,True,True,0x3ff93776e846deb1ced729b9508a546cfbaeedc2fe9b37b661fd8d21689776cb
2026-08-28T14:38:06.374758+00:00,924290,3945569,Shanghai be 36°C or higher,2026-08-30,highest_temperature,Will the highest temperature in Shanghai be 36°C or higher on August 30?,36°C or higher,10.0,0.0025,0.9975,0.001,0.004,0.003,89.21000000000001,89.21,2453.33673,True,False,True,True,0x3da915b08c0f7c0847714a14b9ab319f7ce081116c86a4daa6be1e8e95d04e2a
2026-08-28T14:38:06.374771+00:00,924291,3945570,Singapore be 27°C or below,2026-08-30,highest_temperature,Will the highest temperature in Singapore be 27°C or below on August 30?,27°C or below,0.0,0.0025,0.9975,0.001,0.004,0.003,109.601,109.601,1707.81825,True,False,True,True,0x483379fac6e34fbc68669607dcaf5e6fd7c41ebfdd3ea3d1972e07f035ed3e9c
2026-08-28T14:38:06.374784+00:00,924291,3945571,Singapore be 28°C,2026-08-30,highest_temperature,Will the highest temperature in Singapore be 28°C on August 30?,28°C,1.0,0.003,0.997,0.001,0.005,0.004,103.39399999999999,103.394,2812.63908,True,False,True,True,0xa9d278d8a752e3f466a498fdfd1a020d142e1910daf23ff679689f83b76a5f01
2026-08-28T14:38:06.374799+00:00,924291,3945572,Singapore be 29°C,2026-08-30,highest_temperature,Will the highest temperature in Singapore be 29°C on August 30?,29°C,2.0,0.0025,0.9975,0.001,0.004,0.003,68.219,68.219,2281.03821,True,False,True,True,0x072d5151ae07082a0a6342b674c5062e76580d098fa3823e5a6f9e06eb5b9533
2026-08-28T14:38:06.374810+00:00,924291,3945573,Singapore be 30°C,2026-08-30,highest_temperature,Will the highest temperature in Singapore be 30°C on August 30?,30°C,3.0,0.0055,0.9945,0.001,0.01,0.009000000000000001,,,2056.34009,True,False,True,True,0x720645656e7d1db5bf8d3135d4d33568f1762fead27c97904512c52bc434935d
2026-08-28T14:38:06.374821+00:00,924291,3945574,Singapore be 31°C,2026-08-30,highest_temperature,Will the highest temperature in Singapore be 31°C on August 30?,31°C,4.0,0.165,0.835,0.16,0.17,0.010000000000000009,392.040986,392.040986,2350.9093,True,False,True,True,0x9144573e9d784f417064520425c800f3cdb9010640b7a60299e97c320341e4c5
2026-08-28T14:38:06.374833+00:00,924291,3945575,Singapore be 32°C,2026-08-30,highest_temperature,Will the highest temperature in Singapore be 32°C on August 30?,32°C,5.0,0.48,0.52,0.46,0.5,0.03999999999999998,372.24331799999993,372.243318,11005.6317,True,False,True,True,0xb9f3eca64ea9f4e6872467c98872c9b47a7840ddb31e5454338f68aebba4f946
2026-08-28T14:38:06.374844+00:00,924291,3945576,Singapore be 33°C,2026-08-30,highest_temperature,Will the highest temperature in Singapore be 33°C on August 30?,33°C,6.0,0.325,0.675,0.31,0.34,0.030000000000000027,789.051069,789.051069,9771.8807,True,False,True,True,0xa12bd1ee976aeffff8effc0cb6cc02cc36cabe16687df131b6f3dd0130840adc
2026-08-28T14:38:06.374857+00:00,924291,3945577,Singapore be 34°C,2026-08-30,highest_temperature,Will the highest temperature in Singapore be 34°C on August 30?,34°C,7.0,0.04,0.96,0.02,0.06,0.039999999999999994,241.25862399999997,241.258624,2350.3144,True,False,True,True,0xeb23b59db43d8b53c2b44cce1c915b08c0c0930cec08b11d821e3ef534068d81
2026-08-28T14:38:06.374869+00:00,924291,3945578,Singapore be 35°C,2026-08-30,highest_temperature,Will the highest temperature in Singapore be 35°C on August 30?,35°C,8.0,0.0075,0.9925,0.005,0.01,0.005,2.04,2.04,3093.92247,True,False,True,True,0x451b5b06d60f22a730496cc5da4e3197bf5290dab48d7a6798a317c795e3deab
2026-08-28T14:38:06.374880+00:00,924291,3945579,Singapore be 36°C,2026-08-30,highest_temperature,Will the highest temperature in Singapore be 36°C on August 30?,36°C,9.0,0.003,0.997,0.001,0.005,0.004,88.99600000000001,88.996,2961.67848,True,False,True,True,0x2bb8e8fb0ad6e34fec0439a63920e412045623c1aeeae9b5cf5afceb09106e6f
2026-08-28T14:38:06.374891+00:00,924291,3945580,Singapore be 37°C or higher,2026-08-30,highest_temperature,Will the highest temperature in Singapore be 37°C or higher on August 30?,37°C or higher,10.0,0.0025,0.9975,0.001,0.004,0.003,93.976,93.976,2745.654,True,False,True,True,0x7f0ad874c2e24593072c90b5913e4fd44da945a1fb3affe3c2806206dfd88114
2026-08-28T14:38:06.374904+00:00,924292,3945581,Milan be 23°C or below,2026-08-30,highest_temperature,Will the highest temperature in Milan be 23°C or below on August 30?,23°C or below,0.0,0.0015,0.9985,0.001,0.002,0.001,1222.9950000000001,1222.9950000000001,3938.51484,True,False,True,True,0xc51aa5dd8b28372807dbe9c0fcad108a22670b57aa8cda430ddfbe5a808a11c4
2026-08-28T14:38:06.374917+00:00,924292,3945582,Milan be 24°C,2026-08-30,highest_temperature,Will the highest temperature in Milan be 24°C on August 30?,24°C,1.0,0.0015,0.9985,0.001,0.002,0.001,272.991,272.991,4513.70025,True,False,True,True,0x1ac9688b880a956dcc18b23a9e4c905efa956f9e4c6669436548086cf1244c6d
2026-08-28T14:38:06.374929+00:00,924292,3945583,Milan be 25°C,2026-08-30,highest_temperature,Will the highest temperature in Milan be 25°C on August 30?,25°C,2.0,0.0015,0.9985,0.001,0.002,0.001,272.997,272.997,4398.6463,True,False,True,True,0x127534f4ec4bda6025c7a36b0fa6f027dbf274648c85a4042dd4ee893920a7bd
2026-08-28T14:38:06.374940+00:00,924292,3945584,Milan be 26°C,2026-08-30,highest_temperature,Will the highest temperature in Milan be 26°C on August 30?,26°C,3.0,0.0015,0.9985,0.001,0.002,0.001,124.99300000000001,124.99300000000001,3307.53884,True,False,True,True,0xd77aec42a1987fb8b6ba970f6a3ec9c35f9239458ca95d7eb24193b458694a62
2026-08-28T14:38:06.374950+00:00,924292,3945585,Milan be 27°C,2026-08-30,highest_temperature,Will the highest temperature in Milan be 27°C on August 30?,27°C,4.0,0.01,0.99,,0.02,,,,2792.0339,True,False,True,True,0xa41637e16d2aee088a67f809665f51ca008b5ebe644ec153d4fac43832675514
2026-08-28T14:38:06.374961+00:00,924292,3945586,Milan be 28°C,2026-08-30,highest_temperature,Will the highest temperature in Milan be 28°C on August 30?,28°C,5.0,0.06,0.94,0.04,0.08,0.04,3.65,3.65,3359.9959,True,False,True,True,0x94ef6df06a4901f93b236c654ea62db717f6a6c38189a29eb2be735815906606
2026-08-28T14:38:06.374975+00:00,924292,3945587,Milan be 29°C,2026-08-30,highest_temperature,Will the highest temperature in Milan be 29°C on August 30?,29°C,6.0,0.325,0.675,0.32,0.33,0.010000000000000009,144.17652999999999,144.17653,4344.5292,True,False,True,True,0x0336645349b73135cafc9f08994a8ae61423751cb928e421530cf09ae41482f5
2026-08-28T14:38:06.374988+00:00,924292,3945588,Milan be 30°C,2026-08-30,highest_temperature,Will the highest temperature in Milan be 30°C on August 30?,30°C,7.0,0.46,0.54,0.45,0.47,0.019999999999999962,91.206015,91.206015,3683.5393,True,False,True,True,0x90568a2a3e368f2163ad68462895cf57496a0f50de957560e922188ca2c27ae6
2026-08-28T14:38:06.375000+00:00,924292,3945589,Milan be 31°C,2026-08-30,highest_temperature,Will the highest temperature in Milan be 31°C on August 30?,31°C,8.0,0.165,0.835,0.16,0.17,0.010000000000000009,15.273156,15.273156,3130.0964,True,False,True,True,0x377b280e3c08e447c94aaf481c6ec7e67b9775d238d5bf6c6fcf9ebcec33ec3d
2026-08-28T14:38:06.375011+00:00,924292,3945590,Milan be 32°C,2026-08-30,highest_temperature,Will the highest temperature in Milan be 32°C on August 30?,32°C,9.0,0.015,0.985,0.01,0.02,0.01,5.0,5.0,2743.4139,True,False,True,True,0x9f3f36a8298c9d0dac1a66eaeaa62dda279f584fd008370c09a897cb987d3e2e
2026-08-28T14:38:06.375025+00:00,924292,3945591,Milan be 33°C or higher,2026-08-30,highest_temperature,Will the highest temperature in Milan be 33°C or higher on August 30?,33°C or higher,10.0,0.01,0.99,,0.02,,127.0,127.0,2169.6693,True,False,True,True,0xd6167cfe24ed098260365ce932124e65867edd1dc60529e0bc029c95afce2760
2026-08-28T14:38:06.375038+00:00,924293,3945592,Madrid be 28°C or below,2026-08-30,highest_temperature,Will the highest temperature in Madrid be 28°C or below on August 30?,28°C or below,0.0,0.0025,0.9975,0.001,0.004,0.003,275.015,275.015,3426.31393,True,False,True,True,0x91861101308c2858d16b4fcb6216f3dce0d2698f1fbdd370e90e368780efb7bc
2026-08-28T14:38:06.375051+00:00,924293,3945593,Madrid be 29°C,2026-08-30,highest_temperature,Will the highest temperature in Madrid be 29°C on August 30?,29°C,1.0,0.0075,0.9925,0.005,0.01,0.005,7.0,7.0,3371.03398,True,False,True,True,0x6a478cf57bd9fac4e703bb32c82742dfc0f837db7fabc4e29c699327d607174f
2026-08-28T14:38:06.375062+00:00,924293,3945594,Madrid be 30°C,2026-08-30,highest_temperature,Will the highest temperature in Madrid be 30°C on August 30?,30°C,2.0,0.01,0.99,,0.02,,,,2564.7518,True,False,True,True,0xe9c460eeb224b6f9f11ca57369d34bf32857428a777f024710702c60868c9486
2026-08-28T14:38:06.375073+00:00,924293,3945595,Madrid be 31°C,2026-08-30,highest_temperature,Will the highest temperature in Madrid be 31°C on August 30?,31°C,3.0,0.035,0.965,0.02,0.05,0.030000000000000002,47.20405,47.20405,2511.9111,True,False,True,True,0xfb811c2944a76d24d0b7ded5445fef39cbcd41282a4748b52a19aea7a39a0a9d
2026-08-28T14:38:06.375085+00:00,924293,3945596,Madrid be 32°C,2026-08-30,highest_temperature,Will the highest temperature in Madrid be 32°C on August 30?,32°C,4.0,0.185,0.815,0.17,0.2,0.03,59.704817,59.704817,3364.9573,True,False,True,True,0x55737bb5ecd8c6ae7db6f343799a2b9cc404df13315d7afcf81afe11584a32c2
2026-08-28T14:38:06.375095+00:00,924293,3945597,Madrid be 33°C,2026-08-30,highest_temperature,Will the highest temperature in Madrid be 33°C on August 30?,33°C,5.0,0.585,0.415,0.58,0.59,0.010000000000000009,395.55552,395.55552,3327.2101,True,False,True,True,0xe18f4e4db8f01cfe39f4b526f403e611fb3481df1d0c49cb03c76333748b8087
2026-08-28T14:38:06.375108+00:00,924293,3945598,Madrid be 34°C,2026-08-30,highest_temperature,Will the highest temperature in Madrid be 34°C on August 30?,34°C,6.0,0.185,0.815,0.17,0.2,0.03,559.7093639999999,559.709364,2545.7428,True,False,True,True,0x12ab7584c24f97950514a3342178eae7213565c3ba7dc3972c76420be58c1bd8
2026-08-28T14:38:06.375121+00:00,924293,3945599,Madrid be 35°C,2026-08-30,highest_temperature,Will the highest temperature in Madrid be 35°C on August 30?,35°C,7.0,0.025,0.975,0.02,0.03,0.009999999999999998,101.086066,101.086066,3123.5375,True,False,True,True,0xb9f5a28c1e031f05f1b95e9d23b53388cfc2107d77179877465cb4d253e3cea5
2026-08-28T14:38:06.375132+00:00,924293,3945600,Madrid be 36°C,2026-08-30,highest_temperature,Will the highest temperature in Madrid be 36°C on August 30?,36°C,8.0,0.012,0.988,0.005,0.019,0.013999999999999999,7.0,7.0,3478.67287,True,False,True,True,0x3ef45d1659871ede2e1fb45baa8277e8f5b1d3f09395788d45609d0aa103ef8b
2026-08-28T14:38:06.375144+00:00,924293,3945601,Madrid be 37°C,2026-08-30,highest_temperature,Will the highest temperature in Madrid be 37°C on August 30?,37°C,9.0,0.0025,0.9975,0.001,0.004,0.003,22.0,22.0,4352.63583,True,False,True,True,0x76dab6f326e6b4d05d1cd5ac4ae6bea1fce3745c2bc1900eaf5d98e97bc32cea
2026-08-28T14:38:06.375155+00:00,924293,3945602,Madrid be 38°C or higher,2026-08-30,highest_temperature,Will the highest temperature in Madrid be 38°C or higher on August 30?,38°C or higher,10.0,0.0015,0.9985,0.001,0.002,0.001,72.148,72.14800000000001,3999.94826,True,False,True,True,0xb6a12cbdc66169ab77869219f8066bf0752d73c8a18cee2a924fc2ae4be0f1be
2026-08-28T14:38:06.375168+00:00,924294,3945603,Warsaw be 21°C or below,2026-08-30,highest_temperature,Will the highest temperature in Warsaw be 21°C or below on August 30?,21°C or below,0.0,0.002,0.998,0.001,0.003,0.002,250.78199999999998,250.78199999999998,5033.40616,True,False,True,True,0x7a550724284b3786ac0cf9511c8455946c08308ad29b58f82685d4e33237dc2b
2026-08-28T14:38:06.375181+00:00,924294,3945604,Warsaw be 22°C,2026-08-30,highest_temperature,Will the highest temperature in Warsaw be 22°C on August 30?,22°C,1.0,0.0025,0.9975,0.001,0.004,0.003,98.0,98.0,4342.44721,True,False,True,True,0xc012d57ae52207c9ad1c88a7db673aa8ebd5d9caf457770b384b7dd3138db697
2026-08-28T14:38:06.375193+00:00,924294,3945605,Warsaw be 23°C,2026-08-30,highest_temperature,Will the highest temperature in Warsaw be 23°C on August 30?,23°C,2.0,0.0015,0.9985,0.001,0.002,0.001,33.0,33.0,3479.55855,True,False,True,True,0x7df822a6c75ab6b3968a1da3eae985c26183601ca84aa024805183f6f0069132
2026-08-28T14:38:06.375205+00:00,924294,3945606,Warsaw be 24°C,2026-08-30,highest_temperature,Will the highest temperature in Warsaw be 24°C on August 30?,24°C,3.0,0.0045,0.9955,0.001,0.008,0.007,,,2720.79391,True,False,True,True,0x04ca1028a1203fa484325291ed652343e9c7069b9170f50d8d6990a50a5c6af5
2026-08-28T14:38:06.375216+00:00,924294,3945607,Warsaw be 25°C,2026-08-30,highest_temperature,Will the highest temperature in Warsaw be 25°C on August 30?,25°C,4.0,0.055,0.945,0.05,0.06,0.009999999999999995,98.0,98.0,2405.2697,True,False,True,True,0x5f066fb3d734b071ee811091a30f2e0dd81e129772257a57071f2f7dfb2a7faa
2026-08-28T14:38:06.375227+00:00,924294,3945608,Warsaw be 26°C,2026-08-30,highest_temperature,Will the highest temperature in Warsaw be 26°C on August 30?,26°C,5.0,0.285,0.715,0.28,0.29,0.009999999999999953,329.634792,329.63479199999995,2682.3431,True,False,True,True,0x0888ec036fc77bcb394b1e28b309b34e2129d2b74453a0518a83ad0af107d8d3
2026-08-28T14:38:06.375242+00:00,924294,3945609,Warsaw be 27°C,2026-08-30,highest_temperature,Will the highest temperature in Warsaw be 27°C on August 30?,27°C,6.0,0.495,0.505,0.49,0.5,0.010000000000000009,270.21317500000004,270.213175,6060.8317,True,False,True,True,0x57ec44262d39e75b7b2fd72361320e99ec64f5ba6b06acf86927c1ebf993b461
2026-08-28T14:38:06.375254+00:00,924294,3945610,Warsaw be 28°C,2026-08-30,highest_temperature,Will the highest temperature in Warsaw be 28°C on August 30?,28°C,7.0,0.185,0.815,0.18,0.19,0.010000000000000009,235.7,235.7,2654.0518,True,False,True,True,0x26a2147e5de7df1033e60dc4f235132868e808128716c298b02d013c44d6ca1e
2026-08-28T14:38:06.375266+00:00,924294,3945611,Warsaw be 29°C,2026-08-30,highest_temperature,Will the highest temperature in Warsaw be 29°C on August 30?,29°C,8.0,0.025,0.975,0.02,0.03,0.009999999999999998,138.470333,138.47033299999998,2694.8957,True,False,True,True,0x5b5a2bb7f5b5343cd323275e7d1909b119420dabc20436fe621021c991a06008
2026-08-28T14:38:06.375276+00:00,924294,3945612,Warsaw be 30°C,2026-08-30,highest_temperature,Will the highest temperature in Warsaw be 30°C on August 30?,30°C,9.0,0.01,0.99,,0.02,,,,2681.9069,True,False,True,True,0x0d65acdbc6044a02a67bf19ebadd83761cb8fd444355147a5268dbc64085a2c0
2026-08-28T14:38:06.375287+00:00,924294,3945613,Warsaw be 31°C or higher,2026-08-30,highest_temperature,Will the highest temperature in Warsaw be 31°C or higher on August 30?,31°C or higher,10.0,0.0005,0.9995,,0.001,,262.981,262.981,3495.57414,True,False,True,True,0xcb7614feb973c068df3cfa8c70a11b1826c37b0e885940bf78b8426c9e89560d
2026-08-28T14:38:06.375302+00:00,924295,3945614,Taipei be 29°C or below,2026-08-30,highest_temperature,Will the highest temperature in Taipei be 29°C or below on August 30?,29°C or below,0.0,0.004,0.996,0.001,0.007,0.006,129.9068,129.9068,1872.65084,True,False,True,True,0xdbd2461ea4e547222452c699565ab416297ed5780b973d3a4d5bb4a3cd3d3e9b
2026-08-28T14:38:06.375315+00:00,924295,3945615,Taipei be 30°C,2026-08-30,highest_temperature,Will the highest temperature in Taipei be 30°C on August 30?,30°C,1.0,0.003,0.997,0.001,0.005,0.004,80.0,80.0,2866.86625,True,False,True,True,0xeb65e799eb3e1b1313a61d89526ba2a268dc03d3ced1f061d5aa161c690e5837
2026-08-28T14:38:06.375328+00:00,924295,3945616,Taipei be 31°C,2026-08-30,highest_temperature,Will the highest temperature in Taipei be 31°C on August 30?,31°C,2.0,0.035,0.965,0.01,0.06,0.049999999999999996,34.0,34.0,2134.8639,True,False,True,True,0x59ad308b4e1faaade72ad654ce7ded15f4a9bec740304475dcf09a9b8c9f0efa
2026-08-28T14:38:06.375340+00:00,924295,3945617,Taipei be 32°C,2026-08-30,highest_temperature,Will the highest temperature in Taipei be 32°C on August 30?,32°C,3.0,0.045,0.955,0.03,0.06,0.03,,,1944.4604,True,False,True,True,0xc6ad9ef2ebaf49045a417dc377d71d287a35a93cd1866c8a1e52efb7b61b6e5a
2026-08-28T14:38:06.375351+00:00,924295,3945618,Taipei be 33°C,2026-08-30,highest_temperature,Will the highest temperature in Taipei be 33°C on August 30?,33°C,4.0,0.105,0.895,0.05,0.16,0.11,,,1933.7453,True,False,True,True,0x673e4bec5ce90a76b6458153226b666de165c8d737be70d9849a43908e9b2dcb
2026-08-28T14:38:06.375362+00:00,924295,3945619,Taipei be 34°C,2026-08-30,highest_temperature,Will the highest temperature in Taipei be 34°C on August 30?,34°C,5.0,0.235,0.765,0.21,0.26,0.05000000000000002,122.668677,122.668677,3906.2304,True,False,True,True,0x6b7f080b7b59f47cff69059ea9c38974fc9269db8578186200f51f2c3ea52e95
2026-08-28T14:38:06.375373+00:00,924295,3945620,Taipei be 35°C,2026-08-30,highest_temperature,Will the highest temperature in Taipei be 35°C on August 30?,35°C,6.0,0.335,0.665,0.31,0.36,0.04999999999999999,93.796821,93.796821,6276.2481,True,False,True,True,0x27401a5dec6146fe89a7f3234aeebf3587e4993ef58ec45af18c38f588b567ca
2026-08-28T14:38:06.375386+00:00,924295,3945621,Taipei be 36°C,2026-08-30,highest_temperature,Will the highest temperature in Taipei be 36°C on August 30?,36°C,7.0,0.24,0.76,0.22,0.26,0.04000000000000001,187.24639599999998,187.246396,15720.1194,True,False,True,True,0x8a987d0480d1003c25b282f587247d82a7fa328308f258bfc22739e009736a82
2026-08-28T14:38:06.375398+00:00,924295,3945622,Taipei be 37°C,2026-08-30,highest_temperature,Will the highest temperature in Taipei be 37°C on August 30?,37°C,8.0,0.06,0.94,0.05,0.07,0.020000000000000004,23.645713,23.645713,2245.6447,True,False,True,True,0x9d51c6506e468df025bdbd63d7b7d24bf9a1819df0b1387dac411a9717069df0
2026-08-28T14:38:06.375410+00:00,924295,3945623,Taipei be 38°C,2026-08-30,highest_temperature,Will the highest temperature in Taipei be 38°C on August 30?,38°C,9.0,0.031,0.969,0.013,0.049,0.036000000000000004,5.065846,5.065846,2348.8586,True,False,True,True,0x36765b03485d490458cdec5e8684b7e13dbc68c61cfca116abde842a39532796
2026-08-28T14:38:06.375421+00:00,924295,3945624,Taipei be 39°C or higher,2026-08-30,highest_temperature,Will the highest temperature in Taipei be 39°C or higher on August 30?,39°C or higher,10.0,0.0075,0.9925,0.005,0.01,0.005,50.26,50.26,2350.49282,True,False,True,True,0x3815dba88c64d85997c89b64903a23dee5fa6c9651181366fa26d2713369f3d7
2026-08-28T14:38:06.375434+00:00,924296,3945625,Chongqing be 26°C or below,2026-08-30,highest_temperature,Will the highest temperature in Chongqing be 26°C or below on August 30?,26°C or below,0.0,0.205,0.795,0.19,0.22,0.03,513.745623,513.745623,2258.6964,True,False,True,True,0xb84887079e26342863cf616a7fb3892701525c276e21f1387f97d3cef2349b35
2026-08-28T14:38:06.375446+00:00,924296,3945626,Chongqing be 27°C,2026-08-30,highest_temperature,Will the highest temperature in Chongqing be 27°C on August 30?,27°C,1.0,0.175,0.825,0.15,0.2,0.05000000000000002,83.72584699999999,83.725847,8308.7557,True,False,True,True,0xbb94a09154e71509c6141b589098195a3331ded9e6dbbcdc927181747eb73479
2026-08-28T14:38:06.375460+00:00,924296,3945627,Chongqing be 28°C,2026-08-30,highest_temperature,Will the highest temperature in Chongqing be 28°C on August 30?,28°C,2.0,0.2,0.8,0.18,0.22,0.04000000000000001,136.51344899999998,136.513449,15814.2147,True,False,True,True,0x8447271f8ce938e07df71c633f8b10d842322992731c5376c3028a25d31b2d4a
2026-08-28T14:38:06.375472+00:00,924296,3945628,Chongqing be 29°C,2026-08-30,highest_temperature,Will the highest temperature in Chongqing be 29°C on August 30?,29°C,3.0,0.16,0.84,0.15,0.17,0.020000000000000018,98.257646,98.257646,2241.6639,True,False,True,True,0x8952d138e8dc056238929411237771e378ea678a3e2d5c07de3afbcde7c8c664
2026-08-28T14:38:06.375484+00:00,924296,3945629,Chongqing be 30°C,2026-08-30,highest_temperature,Will the highest temperature in Chongqing be 30°C on August 30?,30°C,4.0,0.11,0.89,0.1,0.12,0.01999999999999999,49.969125000000005,49.969125,2105.282,True,False,True,True,0xd288bc245771aa0604e9875e1509d2b1e3952f78d7310af0e89422a407cebc18
2026-08-28T14:38:06.375499+00:00,924296,3945630,Chongqing be 31°C,2026-08-30,highest_temperature,Will the highest temperature in Chongqing be 31°C on August 30?,31°C,5.0,0.06,0.94,0.04,0.08,0.04,20.0,20.0,2210.0558,True,False,True,True,0x2867bcf5e816975e4cdba36624ec5987bbbbc9c3ead345085651249e2ce6a944
2026-08-28T14:38:06.375510+00:00,924296,3945631,Chongqing be 32°C,2026-08-30,highest_temperature,Will the highest temperature in Chongqing be 32°C on August 30?,32°C,6.0,0.04,0.96,0.02,0.06,0.039999999999999994,15.0,20.102,2102.3602,True,False,True,True,0x54c13ed7b0f0d6bcb6b70982ffef252dfc1abdfb0d7c678d639973ef52b954cd
2026-08-28T14:38:06.375524+00:00,924296,3945632,Chongqing be 33°C,2026-08-30,highest_temperature,Will the highest temperature in Chongqing be 33°C on August 30?,33°C,7.0,0.03,0.97,0.02,0.04,0.02,30.2958,30.2958,2522.4738,True,False,True,True,0x0b24dd96e7d01b32d3dfc837709d868bba0ac9ecd4cb8558d5fed93602743014
2026-08-28T14:38:06.375535+00:00,924296,3945633,Chongqing be 34°C,2026-08-30,highest_temperature,Will the highest temperature in Chongqing be 34°C on August 30?,34°C,8.0,0.0055,0.9945,0.001,0.01,0.009000000000000001,376.97049999999996,376.97049999999996,2804.30672,True,False,True,True,0x90d2ebde1238ddefaff5ec9c8a68567e2235f7d86b7ac08a3969eaa5dcc44b29
2026-08-28T14:38:06.375547+00:00,924296,3945634,Chongqing be 35°C,2026-08-30,highest_temperature,Will the highest temperature in Chongqing be 35°C on August 30?,35°C,9.0,0.003,0.997,0.002,0.004,0.002,1755.0779,1755.0779,3528.17934,True,False,True,True,0x13c43445de6652879a14d6a9181a258bf651e62d8d63444830c703a6ecd4b907
2026-08-28T14:38:06.375558+00:00,924296,3945635,Chongqing be 36°C or higher,2026-08-30,highest_temperature,Will the highest temperature in Chongqing be 36°C or higher on August 30?,36°C or higher,10.0,0.0035,0.9965,0.002,0.005,0.003,744.973,744.973,2628.19692,True,False,True,True,0x2131a97b96798dece638171490434be30fc6500fb7c5c830230f14fb07a9675b
2026-08-28T14:38:06.375571+00:00,924297,3945636,Beijing be 26°C or below,2026-08-30,highest_temperature,Will the highest temperature in Beijing be 26°C or below on August 30?,26°C or below,0.0,0.0005,0.9995,,0.001,,104.997,104.997,2871.08408,True,False,True,True,0x996ae79b6fb8ad385c9adca702f382b6bf3fa43ea0d681f9e3d60e6d635838ab
2026-08-28T14:38:06.375584+00:00,924297,3945637,Beijing be 27°C,2026-08-30,highest_temperature,Will the highest temperature in Beijing be 27°C on August 30?,27°C,1.0,0.003,0.997,0.001,0.005,0.004,,,3438.02134,True,False,True,True,0x04c71043274d4e3ae623758c886ed166d3d4f6bcf7a4f9bce09823fbc600c43f
2026-08-28T14:38:06.375596+00:00,924297,3945638,Beijing be 28°C,2026-08-30,highest_temperature,Will the highest temperature in Beijing be 28°C on August 30?,28°C,2.0,0.02,0.98,,0.04,,80.0,80.0,2763.3849,True,False,True,True,0x79ddd14bf7ff083a30eb09af1ff7702e77f98b138bb8747c1a29d927c376e62b
2026-08-28T14:38:06.375608+00:00,924297,3945639,Beijing be 29°C,2026-08-30,highest_temperature,Will the highest temperature in Beijing be 29°C on August 30?,29°C,3.0,0.01,0.99,,0.02,,,,2437.3023,True,False,True,True,0xf16a446a0aa74d84a2591cdf5c317560960ba8f0c410039d909a28312be4fb33
2026-08-28T14:38:06.375620+00:00,924297,3945640,Beijing be 30°C,2026-08-30,highest_temperature,Will the highest temperature in Beijing be 30°C on August 30?,30°C,4.0,0.05,0.95,0.03,0.07,0.04000000000000001,34.682378,34.682378,2187.8,True,False,True,True,0x9a3eef862f8f701f4461533a17681d2867e1c8d86dc548555740f1f1433b034b
2026-08-28T14:38:06.375633+00:00,924297,3945641,Beijing be 31°C,2026-08-30,highest_temperature,Will the highest temperature in Beijing be 31°C on August 30?,31°C,5.0,0.075,0.925,0.05,0.1,0.05,244.358152,244.358152,2076.6545,True,False,True,True,0xd56efe334c23d87c0b7f60972688d76434fca268b45f52fbcc4f0d05bd205815
2026-08-28T14:38:06.375644+00:00,924297,3945642,Beijing be 32°C,2026-08-30,highest_temperature,Will the highest temperature in Beijing be 32°C on August 30?,32°C,6.0,0.27,0.73,0.25,0.29,0.03999999999999998,19.225158,19.225158,3863.9192,True,False,True,True,0x1ac856467b41ecaf290c0bd1d64a0deba58995f145b47df83aaaff1848402bd1
2026-08-28T14:38:06.375656+00:00,924297,3945643,Beijing be 33°C,2026-08-30,highest_temperature,Will the highest temperature in Beijing be 33°C on August 30?,33°C,7.0,0.42,0.58,0.39,0.45,0.06,195.56733,195.56733,2184.3576,True,False,True,True,0x45b0860690ed5f2756dc36c4d9da5942bbba314773c32bdcd5de6a0999004bb9
2026-08-28T14:38:06.375667+00:00,924297,3945644,Beijing be 34°C,2026-08-30,highest_temperature,Will the highest temperature in Beijing be 34°C on August 30?,34°C,8.0,0.155,0.845,0.13,0.18,0.04999999999999999,22.162785,22.162785,2403.8574,True,False,True,True,0xde71ca7db257e7fed4aeb9740853a170dc961cd516d8080cb012069df3f35b5a
2026-08-28T14:38:06.375678+00:00,924297,3945645,Beijing be 35°C,2026-08-30,highest_temperature,Will the highest temperature in Beijing be 35°C on August 30?,35°C,9.0,0.045,0.955,0.02,0.07,0.05,,,1964.6292,True,False,True,True,0x8cdc7d1ecefc2c0cbcd5e4137d8ac63d00102662284ec7ed4df86a9d74f9735a
2026-08-28T14:38:06.375700+00:00,924297,3945646,Beijing be 36°C or higher,2026-08-30,highest_temperature,Will the highest temperature in Beijing be 36°C or higher on August 30?,36°C or higher,10.0,0.015,0.985,,0.03,,,,1390.4153,True,False,True,True,0xb991d2642e2d4bde7cd2ab665f8f307b39893acabdf87f461c6e0da5d8188024
2026-08-28T14:38:06.375712+00:00,924303,3945652,Wuhan be 25°C or below,2026-08-30,highest_temperature,Will the highest temperature in Wuhan be 25°C or below on August 30?,25°C or below,0.0,0.002,0.998,0.001,0.003,0.002,49.5,49.5,2346.72439,True,False,True,True,0x9c157df958c7c584c78443baa1bad60b200b9bdc73552dd881dc5c55feb55dd1
2026-08-28T14:38:06.375725+00:00,924303,3945653,Wuhan be 26°C,2026-08-30,highest_temperature,Will the highest temperature in Wuhan be 26°C on August 30?,26°C,1.0,0.0045,0.9955,0.001,0.008,0.007,129.9108,129.9108,2130.81639,True,False,True,True,0x200adad97824c2c02a944733d05a054deb5d1fd7ba877d972b5f3203b2e41776
2026-08-28T14:38:06.375737+00:00,924303,3945654,Wuhan be 27°C,2026-08-30,highest_temperature,Will the highest temperature in Wuhan be 27°C on August 30?,27°C,2.0,0.0045,0.9955,0.001,0.008,0.007,129.9068,129.9068,2093.22542,True,False,True,True,0x43590180cad28153e5f4c0642ba14bff697d5bb7c90e642eb21d3f3c77495bad
2026-08-28T14:38:06.375748+00:00,924303,3945658,Wuhan be 28°C,2026-08-30,highest_temperature,Will the highest temperature in Wuhan be 28°C on August 30?,28°C,3.0,0.0075,0.9925,0.005,0.01,0.005,10.0,10.0,2546.64663,True,False,True,True,0xd0c7f97bad4584a005c45ea411d63c8d2b00a42617bed389847bc6b2bd53a050
2026-08-28T14:38:06.375761+00:00,924303,3945659,Wuhan be 29°C,2026-08-30,highest_temperature,Will the highest temperature in Wuhan be 29°C on August 30?,29°C,4.0,0.025,0.975,0.01,0.04,0.03,,,2225.1528,True,False,True,True,0xe416feeed6d649ca3509fd1a8877a4378229f423c30b3d0754ee339b11de8005
2026-08-28T14:38:06.375772+00:00,924303,3945660,Wuhan be 30°C,2026-08-30,highest_temperature,Will the highest temperature in Wuhan be 30°C on August 30?,30°C,5.0,0.055,0.945,0.04,0.07,0.030000000000000006,,,2262.5522,True,False,True,True,0x557e89bd87baf142e95ba44b5a519e72a14015c6632f7e45fec0f70688e033a1
2026-08-28T14:38:06.375784+00:00,924303,3945661,Wuhan be 31°C,2026-08-30,highest_temperature,Will the highest temperature in Wuhan be 31°C on August 30?,31°C,6.0,0.15,0.85,0.14,0.16,0.01999999999999999,3.7800000000000002,3.7800000000000002,2339.2708,True,False,True,True,0x513e7102f0aa676b97d8faa4655de03a3addfb43764c89c8e8cfe5da9225f2ff
2026-08-28T14:38:06.375796+00:00,924303,3945662,Wuhan be 32°C,2026-08-30,highest_temperature,Will the highest temperature in Wuhan be 32°C on August 30?,32°C,7.0,0.335,0.665,0.31,0.36,0.04999999999999999,4.1339120000000005,4.1339120000000005,2599.473,True,False,True,True,0x66bf2c486d840e51563c894f53481d8e416e1e53e437d4be70060d94794b7f5f
2026-08-28T14:38:06.375809+00:00,924303,3945663,Wuhan be 33°C,2026-08-30,highest_temperature,Will the highest temperature in Wuhan be 33°C on August 30?,33°C,8.0,0.305,0.695,0.29,0.32,0.030000000000000027,45.09,45.09,3059.9418,True,False,True,True,0xda4e8f2f9f4d46f993458f2840adec680b313fbca4f294c412649ec4c5b08db4
2026-08-28T14:38:06.375822+00:00,924303,3945664,Wuhan be 34°C,2026-08-30,highest_temperature,Will the highest temperature in Wuhan be 34°C on August 30?,34°C,9.0,0.12,0.88,0.1,0.14,0.04000000000000001,212.047225,212.047225,2273.931,True,False,True,True,0x35c3b666758c6b29c20199461faf74a98b14a6f1a92e575ca851b6fc5b9cdb52
2026-08-28T14:38:06.375834+00:00,924303,3945665,Wuhan be 35°C or higher,2026-08-30,highest_temperature,Will the highest temperature in Wuhan be 35°C or higher on August 30?,35°C or higher,10.0,0.0495,0.9505,0.031,0.068,0.037000000000000005,68.12406200000001,68.12406200000001,1447.02949,True,False,True,True,0x991a837c231947cf809a2e5b943db1891c0dbe08a4504af459e9416e913a1c5c
2026-08-28T14:38:06.375847+00:00,924307,3945666,Chengdu be 28°C or below,2026-08-30,highest_temperature,Will the highest temperature in Chengdu be 28°C or below on August 30?,28°C or below,0.0,0.03,0.97,0.02,0.04,0.02,730.7174749999999,730.717475,1846.418,True,False,True,True,0xfe33cdf22d40a4bd345e8591c6a0ee729d412a501679b5460aaa9539dd39caab
2026-08-28T14:38:06.375858+00:00,924307,3945667,Chengdu be 29°C,2026-08-30,highest_temperature,Will the highest temperature in Chengdu be 29°C on August 30?,29°C,1.0,0.05,0.95,0.03,0.07,0.04000000000000001,47.054337000000004,47.054337000000004,2294.0267,True,False,True,True,0x730d594269534909465d509ce00aea4b3ff30caa32228462218f3b10ca1e38fe
2026-08-28T14:38:06.375870+00:00,924307,3945668,Chengdu be 30°C,2026-08-30,highest_temperature,Will the highest temperature in Chengdu be 30°C on August 30?,30°C,2.0,0.135,0.865,0.13,0.14,0.010000000000000009,194.87760600000001,194.877606,2278.2324,True,False,True,True,0x433290f33453632393ea1ce5b839472baeca1fcdd36886a301ff95488add4e95
2026-08-28T14:38:06.375883+00:00,924307,3945669,Chengdu be 31°C,2026-08-30,highest_temperature,Will the highest temperature in Chengdu be 31°C on August 30?,31°C,3.0,0.175,0.825,0.15,0.2,0.05000000000000002,66.688188,66.688188,3487.1621,True,False,True,True,0x92ae921eb532f60f9e689feb85b77f6be739c676be7e3895f7a541ce0f20024d
2026-08-28T14:38:06.375896+00:00,924307,3945670,Chengdu be 32°C,2026-08-30,highest_temperature,Will the highest temperature in Chengdu be 32°C on August 30?,32°C,4.0,0.205,0.795,0.2,0.21,0.009999999999999981,36.727271,36.727271,6042.4137,True,False,True,True,0x6d6bf4fe91f1c0e6d030a254a12e4ffb6b895ce487e9860e4fa563b70841d910
2026-08-28T14:38:06.375909+00:00,924307,3945671,Chengdu be 33°C,2026-08-30,highest_temperature,Will the highest temperature in Chengdu be 33°C on August 30?,33°C,5.0,0.19,0.81,0.18,0.2,0.020000000000000018,27.954544,27.954544,16398.4537,True,False,True,True,0xcdc6e9d21346872447fc7cde3e22c22bbb02d2d302cf35d69f9cd80e9e7df354
2026-08-28T14:38:06.375921+00:00,924307,3945672,Chengdu be 34°C,2026-08-30,highest_temperature,Will the highest temperature in Chengdu be 34°C on August 30?,34°C,6.0,0.13,0.87,0.12,0.14,0.020000000000000018,22.0,22.0,2717.0527,True,False,True,True,0xa1aab35f92c5828fe83493f66dbd58c3310c2348e667dca7db9a54e008c7661b
2026-08-28T14:38:06.375934+00:00,924307,3945673,Chengdu be 35°C,2026-08-30,highest_temperature,Will the highest temperature in Chengdu be 35°C on August 30?,35°C,7.0,0.06,0.94,0.05,0.07,0.020000000000000004,209.214833,209.214833,2280.5927,True,False,True,True,0x89845deae99f0e5428f6fc9fe0b3f2c051bfa3fc77ab5d731136ed5905fef156
2026-08-28T14:38:06.375946+00:00,924307,3945674,Chengdu be 36°C,2026-08-30,highest_temperature,Will the highest temperature in Chengdu be 36°C on August 30?,36°C,8.0,0.04,0.96,0.03,0.05,0.020000000000000004,40.940173,40.940173,2347.351,True,False,True,True,0xa2985a9f7470e275b3ce5eab81d14de1f9b718c981ec803d55ef52a8f1a935b5
2026-08-28T14:38:06.375957+00:00,924307,3945675,Chengdu be 37°C,2026-08-30,highest_temperature,Will the highest temperature in Chengdu be 37°C on August 30?,37°C,9.0,0.0075,0.9925,0.005,0.01,0.005,778.6750000000001,778.675,2735.50826,True,False,True,True,0x119c70baf7a20e676a468f5abf5ea6baccdbcbdd7b69e2d8a9674815a779f6c6
2026-08-28T14:38:06.375969+00:00,924307,3945676,Chengdu be 38°C or higher,2026-08-30,highest_temperature,Will the highest temperature in Chengdu be 38°C or higher on August 30?,38°C or higher,10.0,0.0075,0.9925,0.005,0.01,0.005,796.0790000000001,796.079,2683.43774,True,False,True,True,0xacf36e44b1be7f3baf98b88c35344f46d92201a003119d0800c20e4893302ca6
2026-08-28T14:38:06.375981+00:00,924308,3945677,Shenzhen be 25°C or below,2026-08-30,highest_temperature,Will the highest temperature in Shenzhen be 25°C or below on August 30?,25°C or below,0.0,0.002,0.998,0.001,0.003,0.002,66.859,66.859,2962.3923,True,False,True,True,0x05afe6f2d7958c8dcf5a47e4e0b18f634c36e186e5f11e57e1aac37847939750
2026-08-28T14:38:06.375993+00:00,924308,3945678,Shenzhen be 26°C,2026-08-30,highest_temperature,Will the highest temperature in Shenzhen be 26°C on August 30?,26°C,1.0,0.0025,0.9975,0.001,0.004,0.003,80.837,80.837,3165.78377,True,False,True,True,0x2f08336746a434fe559cf43bc998d2f829c349c8abb4b37bfc374fa4afddabdf
2026-08-28T14:38:06.376005+00:00,924308,3945679,Shenzhen be 27°C,2026-08-30,highest_temperature,Will the highest temperature in Shenzhen be 27°C on August 30?,27°C,2.0,0.0125,0.9875,0.006,0.019,0.013,190.49839999999998,235.8584,2310.30235,True,False,True,True,0x7bf6f0e663d0ce93868de6721d970ce6f287499b4114472b6b2fcaf20632b56e
2026-08-28T14:38:06.376017+00:00,924308,3945680,Shenzhen be 28°C,2026-08-30,highest_temperature,Will the highest temperature in Shenzhen be 28°C on August 30?,28°C,3.0,0.023,0.977,0.01,0.036,0.025999999999999995,130.687545,155.867545,2070.04731,True,False,True,True,0x3d180f6a9a4ad2de2e2cde007a454a50d1498547746a8234ebbd9ec395fc6439
2026-08-28T14:38:06.376029+00:00,924308,3945681,Shenzhen be 29°C,2026-08-30,highest_temperature,Will the highest temperature in Shenzhen be 29°C on August 30?,29°C,4.0,0.05,0.95,0.04,0.06,0.019999999999999997,17.0,17.0,2526.2885,True,False,True,True,0x4e24f62debe53ad8a59cb4be4ee654a90a8cffa51ea5c7c6b54567237665a153
2026-08-28T14:38:06.376041+00:00,924308,3945682,Shenzhen be 30°C,2026-08-30,highest_temperature,Will the highest temperature in Shenzhen be 30°C on August 30?,30°C,5.0,0.16,0.84,0.15,0.17,0.020000000000000018,200.88341100000002,200.883411,2939.5941,True,False,True,True,0x5e3e27849c00aa566a06c8311bcec75ec9011d2f1fdc1cc2017eff4906b2a73f
2026-08-28T14:38:06.376053+00:00,924308,3945683,Shenzhen be 31°C,2026-08-30,highest_temperature,Will the highest temperature in Shenzhen be 31°C on August 30?,31°C,6.0,0.305,0.695,0.3,0.31,0.010000000000000009,138.751946,138.751946,3376.6681,True,False,True,True,0x23de702ffd54a28f1d82fa6fb6e6a3898627c5c9bb26478f05b9c3c7508c899d
2026-08-28T14:38:06.376065+00:00,924308,3945684,Shenzhen be 32°C,2026-08-30,highest_temperature,Will the highest temperature in Shenzhen be 32°C on August 30?,32°C,7.0,0.325,0.675,0.32,0.33,0.010000000000000009,144.527644,144.527644,9090.1303,True,False,True,True,0x3c7f992e5ebc930701cd3812a6c09db1ac2fba37a4542c7ab107a693459fe542
2026-08-28T14:38:06.376079+00:00,924308,3945685,Shenzhen be 33°C,2026-08-30,highest_temperature,Will the highest temperature in Shenzhen be 33°C on August 30?,33°C,8.0,0.145,0.855,0.13,0.16,0.03,7.0,7.0,3392.5034,True,False,True,True,0xd068aa2a9d3cb905764fb41a28f2c19117f31fb9c8efa78bc5678edc25ecb45f
2026-08-28T14:38:06.376093+00:00,924308,3945686,Shenzhen be 34°C,2026-08-30,highest_temperature,Will the highest temperature in Shenzhen be 34°C on August 30?,34°C,9.0,0.055,0.945,0.03,0.08,0.05,145.0,145.0,2623.4421,True,False,True,True,0x2d3be3641b20b565aadef9e4163197a618b742bb37c13b3c80606e01ae99ab42
2026-08-28T14:38:06.376106+00:00,924308,3945687,Shenzhen be 35°C or higher,2026-08-30,highest_temperature,Will the highest temperature in Shenzhen be 35°C or higher on August 30?,35°C or higher,10.0,0.007,0.993,0.005,0.009,0.003999999999999999,27.0098,27.0098,2203.34261,True,False,True,True,0x273d84853d66a9c21ef8a1036982f25f0fd8c0e9c4050497bcb10e0333a2def3
2026-08-28T14:38:06.376119+00:00,924309,3945688,Moscow be 16°C or below,2026-08-30,highest_temperature,Will the highest temperature in Moscow be 16°C or below on August 30?,16°C or below,0.0,0.025,0.975,0.01,0.04,0.03,8.54,8.54,939.9744,True,False,True,True,0x27397824d38f059adf16eccb5708593fa196a3c1d3ed80c1025e28b4f2f36fe0
2026-08-28T14:38:06.376131+00:00,924309,3945689,Moscow be 17°C,2026-08-30,highest_temperature,Will the highest temperature in Moscow be 17°C on August 30?,17°C,1.0,0.01,0.99,,0.02,,,,1474.5329,True,False,True,True,0xffd9b5f5abca8ae4038ae8b0d254ff3ffac34c1ac48dcd481876abaf47e2192b
2026-08-28T14:38:06.376142+00:00,924309,3945690,Moscow be 18°C,2026-08-30,highest_temperature,Will the highest temperature in Moscow be 18°C on August 30?,18°C,2.0,0.05,0.95,0.03,0.07,0.04000000000000001,50.780862,50.780862,1524.7747,True,False,True,True,0x8e4021948630cf070cd7f2791144c72f281d8e6b10de763be1f692d87c89f3a4
2026-08-28T14:38:06.376156+00:00,924309,3945691,Moscow be 19°C,2026-08-30,highest_temperature,Will the highest temperature in Moscow be 19°C on August 30?,19°C,3.0,0.145,0.855,0.12,0.17,0.05000000000000002,1.24,1.24,1798.8683,True,False,True,True,0x5e3b7a1aa0192c5e9e96901aec6ebb9d0d7201bbcc33acfd20061b0f89e46450
2026-08-28T14:38:06.376168+00:00,924309,3945692,Moscow be 20°C,2026-08-30,highest_temperature,Will the highest temperature in Moscow be 20°C on August 30?,20°C,4.0,0.265,0.735,0.24,0.29,0.04999999999999999,12.618592999999999,12.618592999999999,2111.584,True,False,True,True,0x5bcb95ee80602e04517ea1e6eeb2e5d380e61178a246c8fdcfcafb5f62f527a6
2026-08-28T14:38:06.376181+00:00,924309,3945693,Moscow be 21°C,2026-08-30,highest_temperature,Will the highest temperature in Moscow be 21°C on August 30?,21°C,5.0,0.275,0.725,0.25,0.3,0.04999999999999999,12.0,12.0,2288.4509,True,False,True,True,0x403172121db7bf6194b7bcca3d8b9f50d2c44f67b72b4fda43dbf4670c229350
2026-08-28T14:38:06.376193+00:00,924309,3945694,Moscow be 22°C,2026-08-30,highest_temperature,Will the highest temperature in Moscow be 22°C on August 30?,22°C,6.0,0.075,0.925,0.04,0.11,0.07,,,1431.8999,True,False,True,True,0xd9fbd57faaec93b7d97c7a7b3edab6e7660c4032db6d3afa4491051691520eee
2026-08-28T14:38:06.376204+00:00,924309,3945695,Moscow be 23°C,2026-08-30,highest_temperature,Will the highest temperature in Moscow be 23°C on August 30?,23°C,7.0,0.035,0.965,0.02,0.05,0.030000000000000002,21.6632,21.6632,1404.0987,True,False,True,True,0x1df840a2f4cfd04ad52b53544f33e982ede369cf0c5d418db6dde8c97dc83870
2026-08-28T14:38:06.376216+00:00,924309,3945696,Moscow be 24°C,2026-08-30,highest_temperature,Will the highest temperature in Moscow be 24°C on August 30?,24°C,8.0,0.025,0.975,0.01,0.04,0.03,5.202,5.202,1526.0707,True,False,True,True,0x4caaf908324f0137fc4925ce10b15299893125cda27622d041b89fac14670221
2026-08-28T14:38:06.376228+00:00,924309,3945697,Moscow be 25°C,2026-08-30,highest_temperature,Will the highest temperature in Moscow be 25°C on August 30?,25°C,9.0,0.0015,0.9985,0.001,0.002,0.001,124.991,124.991,1769.14713,True,False,True,True,0x589a15f7f07335da7566c3512dac49f48ea61d3e5da7c4f8879cac6d91fe85b3
2026-08-28T14:38:06.376240+00:00,924309,3945698,Moscow be 26°C or higher,2026-08-30,highest_temperature,Will the highest temperature in Moscow be 26°C or higher on August 30?,26°C or higher,10.0,0.0005,0.9995,,0.001,,214.995,214.995,2352.81098,True,False,True,True,0xa81598782c11fc1e999389593d91fdb8b089a1e098fb5c4a606c956ec4b15e94
2026-08-28T14:38:06.376252+00:00,924310,3945699,Istanbul be 22°C or below,2026-08-30,highest_temperature,Will the highest temperature in Istanbul be 22°C or below on August 30?,22°C or below,0.0,0.02,0.98,,0.04,,40.0,40.0,2112.5244,True,False,True,True,0x045ac9612f270320617aff014eee2f01f63d1405afb21b1e63be83c36b988901
2026-08-28T14:38:06.376264+00:00,924310,3945700,Istanbul be 23°C,2026-08-30,highest_temperature,Will the highest temperature in Istanbul be 23°C on August 30?,23°C,1.0,0.025,0.975,0.01,0.04,0.03,,,2647.3991,True,False,True,True,0x38e8b3a64ae19315c18357f563a467a8e4402a63fb8a2ec800dac522a013d244
2026-08-28T14:38:06.376277+00:00,924310,3945701,Istanbul be 24°C,2026-08-30,highest_temperature,Will the highest temperature in Istanbul be 24°C on August 30?,24°C,2.0,0.025,0.975,,0.05,,61.99405,61.99405,2514.2088,True,False,True,True,0x005e78c62766eceb8f3385d6648fc2319d69013c9972298f75a4e0f4957f6609
2026-08-28T14:38:06.376290+00:00,924310,3945702,Istanbul be 25°C,2026-08-30,highest_temperature,Will the highest temperature in Istanbul be 25°C on August 30?,25°C,3.0,0.11,0.89,0.09,0.13,0.04000000000000001,93.733475,93.733475,2708.05,True,False,True,True,0xca873b4fef62057ae1c46d5e91a09951c4c790b14ac2ae16064136879c4b160a
2026-08-28T14:38:06.376301+00:00,924310,3945703,Istanbul be 26°C,2026-08-30,highest_temperature,Will the highest temperature in Istanbul be 26°C on August 30?,26°C,4.0,0.455,0.545,0.45,0.46,0.010000000000000009,59.678180000000005,59.67818,7202.4266,True,False,True,True,0x4bea83d9280fc3c341fa95de8539a7e439d93a6f9c52971c5278e7582606e4c1
2026-08-28T14:38:06.376313+00:00,924310,3945704,Istanbul be 27°C,2026-08-30,highest_temperature,Will the highest temperature in Istanbul be 27°C on August 30?,27°C,5.0,0.365,0.635,0.36,0.37,0.010000000000000009,188.424743,188.424743,6200.5721,True,False,True,True,0xe0af39f3954c46d7fae1a2fd254f4db918cbce95494a132e1a340c75acaf091a
2026-08-28T14:38:06.376324+00:00,924310,3945705,Istanbul be 28°C,2026-08-30,highest_temperature,Will the highest temperature in Istanbul be 28°C on August 30?,28°C,6.0,0.075,0.925,0.05,0.1,0.05,,,2637.751,True,False,True,True,0x459a47f2a7d396061929fcdd03df441e63d019624f701aff8166aacf960b8b4e
2026-08-28T14:38:06.376338+00:00,924310,3945706,Istanbul be 29°C,2026-08-30,highest_temperature,Will the highest temperature in Istanbul be 29°C on August 30?,29°C,7.0,0.03,0.97,0.01,0.05,0.04,,,2793.0873,True,False,True,True,0x8323a3bacc269db0ac9e2e8dd500f5e306a4cd8972977727182bc1c16b876a2e
2026-08-28T14:38:06.376349+00:00,924310,3945707,Istanbul be 30°C,2026-08-30,highest_temperature,Will the highest temperature in Istanbul be 30°C on August 30?,30°C,8.0,0.0075,0.9925,0.005,0.01,0.005,,,3033.85395,True,False,True,True,0x84e50570493da212587498d710c17b6563e2aa42fba2ab4e289fe8ec6687b974
2026-08-28T14:38:06.376362+00:00,924310,3945708,Istanbul be 31°C,2026-08-30,highest_temperature,Will the highest temperature in Istanbul be 31°C on August 30?,31°C,9.0,0.0055,0.9945,0.001,0.01,0.009000000000000001,114.981416,114.981416,3653.79979,True,False,True,True,0xb461b4350def97af3229d010121887e73aa1bc013d3db337d287c48404f80d8c
2026-08-28T14:38:06.376373+00:00,924310,3945709,Istanbul be 32°C or higher,2026-08-30,highest_temperature,Will the highest temperature in Istanbul be 32°C or higher on August 30?,32°C or higher,10.0,0.003,0.997,0.001,0.005,0.004,24.0,24.0,3435.80227,True,False,True,True,0x08b50eee309149e5e4a622c491a826cfde03d45f1eb5b6501e26d0ac504efd6d
2026-08-28T14:38:06.376388+00:00,924311,3945710,Busan be 26°C or below,2026-08-30,highest_temperature,Will the highest temperature in Busan be 26°C or below on August 30?,26°C or below,0.0,0.003,0.997,0.001,0.005,0.004,39.921,39.921,2371.56691,True,False,True,True,0x4c816a2efda28d9e9e54676178c6a2b3df3ca6612c54a00dfe661be206fbda0a
2026-08-28T14:38:06.376399+00:00,924311,3945711,Busan be 27°C,2026-08-30,highest_temperature,Will the highest temperature in Busan be 27°C on August 30?,27°C,1.0,0.0065,0.9935,0.005,0.008,0.003,76.148,76.148,2213.85844,True,False,True,True,0xc37df203b2f7adcaedc063c085395aeed681c934a8908218326f02017cb6a28d
2026-08-28T14:38:06.376411+00:00,924311,3945712,Busan be 28°C,2026-08-30,highest_temperature,Will the highest temperature in Busan be 28°C on August 30?,28°C,2.0,0.045,0.955,0.02,0.07,0.05,15.877499999999998,15.877499999999998,2346.5604,True,False,True,True,0xa40bd2d1c48c14cf2a6e989646ecd7f644e56722db0aa0569b654c87eb6531cb
2026-08-28T14:38:06.376424+00:00,924311,3945713,Busan be 29°C,2026-08-30,highest_temperature,Will the highest temperature in Busan be 29°C on August 30?,29°C,3.0,0.06,0.94,0.03,0.09,0.06,237.6025,237.6025,2154.1254,True,False,True,True,0x002912ba7e49ce5ca083f4fe61e8d52a67808bb5633db942f71ad5a7a754ec88
2026-08-28T14:38:06.376435+00:00,924311,3945714,Busan be 30°C,2026-08-30,highest_temperature,Will the highest temperature in Busan be 30°C on August 30?,30°C,4.0,0.145,0.855,0.12,0.17,0.05000000000000002,6.184337,6.184337,2278.0417,True,False,True,True,0xb675c9dc6b4eeb2a5ec7d4439afcd69cd75f1b2096c9613e07726217d40e3147
2026-08-28T14:38:06.376447+00:00,924311,3945715,Busan be 31°C,2026-08-30,highest_temperature,Will the highest temperature in Busan be 31°C on August 30?,31°C,5.0,0.35,0.65,0.33,0.37,0.03999999999999998,35.188224,35.188224,13264.059,True,False,True,True,0x8d2709c523d01d7ab70b58be43ebeb4ad31590caded8e45daab2afd05a9fe94f
2026-08-28T14:38:06.376459+00:00,924311,3945716,Busan be 32°C,2026-08-30,highest_temperature,Will the highest temperature in Busan be 32°C on August 30?,32°C,6.0,0.35,0.65,0.33,0.37,0.03999999999999998,17.48857,17.48857,9824.0784,True,False,True,True,0xfbd63c8a3ab796bd2433a41199861376cfeb16f32a48612bc268a85bba340515
2026-08-28T14:38:06.376471+00:00,924311,3945717,Busan be 33°C,2026-08-30,highest_temperature,Will the highest temperature in Busan be 33°C on August 30?,33°C,7.0,0.12,0.88,0.08,0.16,0.08,58.665971,58.665971,2002.0928,True,False,True,True,0x47409a3075f18598b58cee7fce238ab1bf004e202265a07d7b40699d2c355eee
2026-08-28T14:38:06.376483+00:00,924311,3945718,Busan be 34°C,2026-08-30,highest_temperature,Will the highest temperature in Busan be 34°C on August 30?,34°C,8.0,0.04,0.96,0.02,0.06,0.039999999999999994,5.0505,5.0505,2143.9485,True,False,True,True,0x166e7401e2471b81512a0b55243df4fd4af8e4cc6cbe932e613b2f2792bad9d2
2026-08-28T14:38:06.376495+00:00,924311,3945719,Busan be 35°C,2026-08-30,highest_temperature,Will the highest temperature in Busan be 35°C on August 30?,35°C,9.0,0.0075,0.9925,0.005,0.01,0.005,,,2434.50816,True,False,True,True,0xf8d306552b10937bb64bb9ee25866055150e9bd87d1ac7e7ec4e67257b4adc8a
2026-08-28T14:38:06.376507+00:00,924311,3945720,Busan be 36°C or higher,2026-08-30,highest_temperature,Will the highest temperature in Busan be 36°C or higher on August 30?,36°C or higher,10.0,0.003,0.997,0.001,0.005,0.004,38.137,38.137,2554.98078,True,False,True,True,0x38037a95bf4a21916234fc52c81d934e7d9c5b9a8715fd0924aa2d1ce5b89833
2026-08-28T14:38:06.376520+00:00,924312,3945721,Amsterdam be 16°C or below,2026-08-30,highest_temperature,Will the highest temperature in Amsterdam be 16°C or below on August 30?,16°C or below,0.0,0.002,0.998,0.001,0.003,0.002,65.941,65.94099999999999,4304.86577,True,False,True,True,0xc5d85466600fe259c9e12bdac6fc930188931c36a5831fc417461b57094537f0
2026-08-28T14:38:06.376536+00:00,924312,3945722,Amsterdam be 17°C,2026-08-30,highest_temperature,Will the highest temperature in Amsterdam be 17°C on August 30?,17°C,1.0,0.003,0.997,0.001,0.005,0.004,12.088999999999999,12.088999999999999,3114.79717,True,False,True,True,0x72c59049f42610c82fd1ddf2c447ba518b02be82d6a6b9c64598af288add273e
2026-08-28T14:38:06.376547+00:00,924312,3945723,Amsterdam be 18°C,2026-08-30,highest_temperature,Will the highest temperature in Amsterdam be 18°C on August 30?,18°C,2.0,0.0075,0.9925,0.005,0.01,0.005,2.88,2.88,2145.11233,True,False,True,True,0x75825ae6d04e378a40d5c6f4e83755f9b0230d7cff884493b0b5bea2175282e7
2026-08-28T14:38:06.376559+00:00,924312,3945724,Amsterdam be 19°C,2026-08-30,highest_temperature,Will the highest temperature in Amsterdam be 19°C on August 30?,19°C,3.0,0.03,0.97,0.01,0.05,0.04,3.91,3.91,2743.0643,True,False,True,True,0xe07545f011786c9a7b28d2dc366ee48d0924932c9614839fe503295a33cde5eb
2026-08-28T14:38:06.376571+00:00,924312,3945725,Amsterdam be 20°C,2026-08-30,highest_temperature,Will the highest temperature in Amsterdam be 20°C on August 30?,20°C,4.0,0.06,0.94,0.04,0.08,0.04,4.985239999999999,4.985239999999999,2767.9426,True,False,True,True,0xad9f328c52d47bafd30c034048f1b4876f410943f3e5771f963aff53511a8c68
2026-08-28T14:38:06.376583+00:00,924312,3945726,Amsterdam be 21°C,2026-08-30,highest_temperature,Will the highest temperature in Amsterdam be 21°C on August 30?,21°C,5.0,0.395,0.605,0.38,0.41,0.02999999999999997,38.458081,38.458081,6643.748,True,False,True,True,0x14ff7023b8fd65fbdc9eccc2dd3400461d8f3f1c2d12da940f4f8be3db7823ee
2026-08-28T14:38:06.376597+00:00,924312,3945727,Amsterdam be 22°C,2026-08-30,highest_temperature,Will the highest temperature in Amsterdam be 22°C on August 30?,22°C,6.0,0.475,0.525,0.47,0.48,0.010000000000000009,204.981731,204.981731,7708.1004,True,False,True,True,0xa6eb3f3f9b06a21d1e5b9bf3b95fac5c920d8c4e25d0f77c4a141e6a58858ef4
2026-08-28T14:38:06.376611+00:00,924312,3945728,Amsterdam be 23°C,2026-08-30,highest_temperature,Will the highest temperature in Amsterdam be 23°C on August 30?,23°C,7.0,0.095,0.905,0.09,0.1,0.010000000000000009,45.27,45.27,3119.4534,True,False,True,True,0x06e75ea13632a5fcc7e4e5b6280c134e0abbc6cfbd24e7e61eda01257e828922
2026-08-28T14:38:06.376622+00:00,924312,3945729,Amsterdam be 24°C,2026-08-30,highest_temperature,Will the highest temperature in Amsterdam be 24°C on August 30?,24°C,8.0,0.035,0.965,0.02,0.05,0.030000000000000002,18.895899999999997,18.8959,2875.8622,True,False,True,True,0xa4932da3d8a94697befe84d9235abce0ddd7ece29ddcf97cc5bc561e46b0a906
2026-08-28T14:38:06.376635+00:00,924312,3945730,Amsterdam be 25°C,2026-08-30,highest_temperature,Will the highest temperature in Amsterdam be 25°C on August 30?,25°C,9.0,0.01,0.99,,0.02,,,,3562.1776,True,False,True,True,0x826fa59961db808a1f584fd0b5de40549a93fd317fd45efcdf3913f368104a6c
2026-08-28T14:38:06.376646+00:00,924312,3945731,Amsterdam be 26°C or higher,2026-08-30,highest_temperature,Will the highest temperature in Amsterdam be 26°C or higher on August 30?,26°C or higher,10.0,0.0075,0.9925,0.005,0.01,0.005,13.489999999999998,13.489999999999998,4198.9443,True,False,True,True,0xc36429c59cae0a40331f58f4ae3f62fbff2659977a71f9aacfb0788fa5faa9cb
2026-08-28T14:38:06.376658+00:00,924313,3945732,Helsinki be 14°C or below,2026-08-30,highest_temperature,Will the highest temperature in Helsinki be 14°C or below on August 30?,14°C or below,0.0,0.003,0.997,0.001,0.005,0.004,82.66499999999999,82.665,2629.65354,True,False,True,True,0x36bae2c033f65060961cbb5d8e7837fc9d2693f344b18abee75a2bc0420e92de
2026-08-28T14:38:06.376673+00:00,924313,3945733,Helsinki be 15°C,2026-08-30,highest_temperature,Will the highest temperature in Helsinki be 15°C on August 30?,15°C,1.0,0.0065,0.9935,0.005,0.008,0.003,24.61,24.61,2235.70497,True,False,True,True,0xe908b60e30a35fdd9d09e8cc987546dcbf9449c198baef727b3f4012ed3c3056
2026-08-28T14:38:06.376685+00:00,924313,3945734,Helsinki be 16°C,2026-08-30,highest_temperature,Will the highest temperature in Helsinki be 16°C on August 30?,16°C,2.0,0.015,0.985,,0.03,,,,2616.6746,True,False,True,True,0x3f9359b4c53a0be563ab99b68e4a9ea9f2d136600d2dfa2100c7342919ef3b52
2026-08-28T14:38:06.376709+00:00,924313,3945735,Helsinki be 17°C,2026-08-30,highest_temperature,Will the highest temperature in Helsinki be 17°C on August 30?,17°C,3.0,0.05,0.95,0.03,0.07,0.04000000000000001,157.836135,157.836135,2565.6069,True,False,True,True,0xde8caafd434b6def0f60ae9f9659d541583413ccb976a3e26431f3ceeff03229
2026-08-28T14:38:06.376722+00:00,924313,3945736,Helsinki be 18°C,2026-08-30,highest_temperature,Will the highest temperature in Helsinki be 18°C on August 30?,18°C,4.0,0.085,0.915,0.06,0.11,0.05,266.21403300000003,266.21403300000003,2457.4937,True,False,True,True,0xcb81390d0483b022d881c70a94477cc616d388549217be2b58d2a878b9afc522
2026-08-28T14:38:06.376734+00:00,924313,3945737,Helsinki be 19°C,2026-08-30,highest_temperature,Will the highest temperature in Helsinki be 19°C on August 30?,19°C,5.0,0.365,0.635,0.35,0.38,0.030000000000000027,76.31897800000002,76.318978,8955.0407,True,False,True,True,0x9d0fe991fb33ba61447ef553fb2a978bfa88aafbd1ef359683b0932e580a0bbb
2026-08-28T14:38:06.376745+00:00,924313,3945738,Helsinki be 20°C,2026-08-30,highest_temperature,Will the highest temperature in Helsinki be 20°C on August 30?,20°C,6.0,0.365,0.635,0.34,0.39,0.04999999999999999,69.14613,69.14613000000001,3567.3538,True,False,True,True,0xced6b7bb2f3060748332a6513552ad65d078a091058a97507671ecf54f24a5f3
2026-08-28T14:38:06.376757+00:00,924313,3945739,Helsinki be 21°C,2026-08-30,highest_temperature,Will the highest temperature in Helsinki be 21°C on August 30?,21°C,7.0,0.18,0.82,0.16,0.2,0.04000000000000001,52.837972,52.837972,2937.0676,True,False,True,True,0xeb5dbd327bce0cd3190382a0991b918bd14cb01ba7787c2e4fd6ee1f00b92961
2026-08-28T14:38:06.376769+00:00,924313,3945740,Helsinki be 22°C,2026-08-30,highest_temperature,Will the highest temperature in Helsinki be 22°C on August 30?,22°C,8.0,0.015,0.985,0.01,0.02,0.01,,,2616.0552,True,False,True,True,0x5528685033a3eb177c18bceb380186d5e65d84bbbbebc47f456a62f936d91bec
2026-08-28T14:38:06.376779+00:00,924313,3945741,Helsinki be 23°C,2026-08-30,highest_temperature,Will the highest temperature in Helsinki be 23°C on August 30?,23°C,9.0,0.006,0.994,0.005,0.007,0.002,38.522999999999996,38.522999999999996,3612.84283,True,False,True,True,0x0ffa9809d221c88663076da55a2830726737c2d9dcecc870c0b57b9caf4d5e04
2026-08-28T14:38:06.376792+00:00,924313,3945742,Helsinki be 24°C or higher,2026-08-30,highest_temperature,Will the highest temperature in Helsinki be 24°C or higher on August 30?,24°C or higher,10.0,0.002,0.998,0.001,0.003,0.002,46.230999999999995,46.230999999999995,3734.48949,True,False,True,True,0xd351616374b39913d92fe91c2eb3adbef1d6a0239c07981131f5ee36def79458
2026-08-28T14:38:06.376804+00:00,924314,3945743,Kuala Lumpur be 28°C or below,2026-08-30,highest_temperature,Will the highest temperature in Kuala Lumpur be 28°C or below on August 30?,28°C or below,0.0,0.003,0.997,0.001,0.005,0.004,63.211,63.211000000000006,2052.24017,True,False,True,True,0x1476a19fbf3a394b6cd121e7d935ec144514c2130bc3da07ad72d4ff55ceefab
2026-08-28T14:38:06.376817+00:00,924314,3945744,Kuala Lumpur be 29°C,2026-08-30,highest_temperature,Will the highest temperature in Kuala Lumpur be 29°C on August 30?,29°C,1.0,0.0075,0.9925,0.005,0.01,0.005,42.223800000000004,42.223800000000004,2250.41094,True,False,True,True,0x636831a07dcf7f7c87c6530f447986c9ae27e5f8f266d08d58fc378f8f5a89ed
2026-08-28T14:38:06.376830+00:00,924314,3945745,Kuala Lumpur be 30°C,2026-08-30,highest_temperature,Will the highest temperature in Kuala Lumpur be 30°C on August 30?,30°C,2.0,0.0065,0.9935,0.005,0.008,0.003,540.0,540.0,2803.0556,True,False,True,True,0xae97dd9e9a104a5d6007c0f492225ece60789cda32ad12828cd70378f46d254b
2026-08-28T14:38:06.376842+00:00,924314,3945746,Kuala Lumpur be 31°C,2026-08-30,highest_temperature,Will the highest temperature in Kuala Lumpur be 31°C on August 30?,31°C,3.0,0.025,0.975,0.01,0.04,0.03,640.0,640.0,1840.3038,True,False,True,True,0x969862b351061de7f22fc388663b692f8dc6eaf36bd3b894c420e06cd5e44487
2026-08-28T14:38:06.376859+00:00,924314,3945747,Kuala Lumpur be 32°C,2026-08-30,highest_temperature,Will the highest temperature in Kuala Lumpur be 32°C on August 30?,32°C,4.0,0.044,0.956,0.041,0.047,0.005999999999999998,6742.126571999999,6742.126572,4587.44512,True,False,True,True,0x477fa9406cf359af6ca8a46245f0fb3198c404b123e7bb211391a8ba193c1ccf
2026-08-28T14:38:06.376871+00:00,924314,3945748,Kuala Lumpur be 33°C,2026-08-30,highest_temperature,Will the highest temperature in Kuala Lumpur be 33°C on August 30?,33°C,5.0,0.43,0.57,0.42,0.44,0.020000000000000018,371.38624100000004,371.386241,20124.2187,True,False,True,True,0xe4980b9e0f64aa6d09020cf92b648f9fb9c32443bbd9b359c0e3174305750573
2026-08-28T14:38:06.376885+00:00,924314,3945749,Kuala Lumpur be 34°C,2026-08-30,highest_temperature,Will the highest temperature in Kuala Lumpur be 34°C on August 30?,34°C,6.0,0.335,0.665,0.31,0.36,0.04999999999999999,59.988819,59.988819,7155.0321,True,False,True,True,0xf2e4d8823d730fa645a80376929b3f52b7fd9c30845f97a690324a3cc5e65219
2026-08-28T14:38:06.376897+00:00,924314,3945750,Kuala Lumpur be 35°C,2026-08-30,highest_temperature,Will the highest temperature in Kuala Lumpur be 35°C on August 30?,35°C,7.0,0.075,0.925,0.05,0.1,0.05,105.27803600000001,105.27803600000001,1820.5483,True,False,True,True,0x16683eddfe22b488e73cac81d4f29d1618270712131e47a06a1f65c552405472
2026-08-28T14:38:06.376910+00:00,924314,3945751,Kuala Lumpur be 36°C,2026-08-30,highest_temperature,Will the highest temperature in Kuala Lumpur be 36°C on August 30?,36°C,8.0,0.045,0.955,0.021,0.069,0.048,12.32172,12.321720000000001,1880.5952,True,False,True,True,0x6a5f55e92e287a021b65da987bbe2340a579ab326c2b294e7d04afcc70f6cd3b
2026-08-28T14:38:06.376922+00:00,924314,3945752,Kuala Lumpur be 37°C,2026-08-30,highest_temperature,Will the highest temperature in Kuala Lumpur be 37°C on August 30?,37°C,9.0,0.0025,0.9975,0.001,0.004,0.003,54.997,54.997,2507.91845,True,False,True,True,0x1bb1c057a02902b80008ddb9c0dcf0a845e9357ad5411bf9134a4b1b41d32540
2026-08-28T14:38:06.376933+00:00,924314,3945753,Kuala Lumpur be 38°C or higher,2026-08-30,highest_temperature,Will the highest temperature in Kuala Lumpur be 38°C or higher on August 30?,38°C or higher,10.0,0.003,0.997,0.002,0.004,0.002,47.919,47.919,2817.2574,True,False,True,True,0x34c0aa3ce9604b3bf3c89fa6b2fd7ad1c7a4b2d426c61c24f943db7b7be4d673
2026-08-28T14:38:06.376947+00:00,924315,3945754,Jeddah be 30°C or below,2026-08-30,highest_temperature,Will the highest temperature in Jeddah be 30°C or below on August 30?,30°C or below,0.0,0.001,0.999,,0.002,,267.978,267.978,3295.41666,True,False,True,True,0x0c17cd9e8041afad556ab4830aad47f6ec58a654fc420c73487a0cde30768cc9
2026-08-28T14:38:06.376959+00:00,924315,3945755,Jeddah be 31°C,2026-08-30,highest_temperature,Will the highest temperature in Jeddah be 31°C on August 30?,31°C,1.0,0.001,0.999,,0.002,,266.304,266.304,3455.90427,True,False,True,True,0xf69c6ec316d32dea27af757db1a48b872c1e635e2d5e0d3ef182bc8f309346da
2026-08-28T14:38:06.376971+00:00,924315,3945756,Jeddah be 32°C,2026-08-30,highest_temperature,Will the highest temperature in Jeddah be 32°C on August 30?,32°C,2.0,0.0005,0.9995,,0.001,,267.995,267.995,3263.69541,True,False,True,True,0x305b56f627eaebdc889605600d05fc9bde98de7fdeb910858620e406a6b23cb2
2026-08-28T14:38:06.376984+00:00,924315,3945757,Jeddah be 33°C,2026-08-30,highest_temperature,Will the highest temperature in Jeddah be 33°C on August 30?,33°C,3.0,0.0005,0.9995,,0.001,,267.991,267.991,3070.72733,True,False,True,True,0xbd9d1e9fb39c8bdae3d0d9def4307849065341d1fc4cf224c21119086e0716c6
2026-08-28T14:38:06.376995+00:00,924315,3945758,Jeddah be 34°C,2026-08-30,highest_temperature,Will the highest temperature in Jeddah be 34°C on August 30?,34°C,4.0,0.0005,0.9995,,0.001,,268.0,268.0,2817.05651,True,False,True,True,0x059b98cf3fe567215506b624bb4add507445ac38f9d1d82343f0942c24fe889f
2026-08-28T14:38:06.377007+00:00,924315,3945759,Jeddah be 35°C,2026-08-30,highest_temperature,Will the highest temperature in Jeddah be 35°C on August 30?,35°C,5.0,0.0055,0.9945,0.001,0.01,0.009000000000000001,87.9898,87.9898,2278.01711,True,False,True,True,0x15764424378d2625c9a208d59d8fb16e4dfc98c48aa1f8b73acfe7e0098c74a6
2026-08-28T14:38:06.377019+00:00,924315,3945760,Jeddah be 36°C,2026-08-30,highest_temperature,Will the highest temperature in Jeddah be 36°C on August 30?,36°C,6.0,0.04,0.96,0.02,0.06,0.039999999999999994,131.1224,131.1224,3162.7701,True,False,True,True,0xcb194a9125987038640f12f44ba521ea150e6bed83645ff6305cd96cab1a66fa
2026-08-28T14:38:06.377030+00:00,924315,3945761,Jeddah be 37°C,2026-08-30,highest_temperature,Will the highest temperature in Jeddah be 37°C on August 30?,37°C,7.0,0.075,0.925,0.07,0.08,0.009999999999999995,28.0,28.0,2800.6402,True,False,True,True,0x27dbdf914b57de47f89cd2567b3f370a0e65de5cdf7d7b0934402a0997a5fa8e
2026-08-28T14:38:06.377041+00:00,924315,3945762,Jeddah be 38°C,2026-08-30,highest_temperature,Will the highest temperature in Jeddah be 38°C on August 30?,38°C,8.0,0.16,0.84,0.15,0.17,0.020000000000000018,18.0,18.0,2958.5658,True,False,True,True,0x1c3946d5ca0e59c7ce0cfc501f3e73a2dda41ae33ec291f221a18fa24dac5351
2026-08-28T14:38:06.377051+00:00,924315,3945763,Jeddah be 39°C,2026-08-30,highest_temperature,Will the highest temperature in Jeddah be 39°C on August 30?,39°C,9.0,0.275,0.725,0.26,0.29,0.02999999999999997,151.74885999999998,151.74886,3638.665,True,False,True,True,0x8e42f37b9f7f051254f185fec560f2e17f388fdbb5c419b1c97751bc925b8012
2026-08-28T14:38:06.377063+00:00,924315,3945764,Jeddah be 40°C or higher,2026-08-30,highest_temperature,Will the highest temperature in Jeddah be 40°C or higher on August 30?,40°C or higher,10.0,0.475,0.525,0.46,0.49,0.02999999999999997,308.20544900000004,308.205449,13190.8949,True,False,True,True,0x76da89481cc9571f8f12a9a368e45ad87728a78e9ecc7bef7d626b82d5a26df6
2026-08-28T14:38:06.377080+00:00,924316,3945765,Cape Town be 12°C or below,2026-08-30,highest_temperature,Will the highest temperature in Cape Town be 12°C or below on August 30?,12°C or below,0.0,0.0025,0.9975,0.001,0.004,0.003,22.41,22.41,2794.08033,True,False,True,True,0xa77033438d6bb238288e93dcc77396b1a257467d3e19822d003b8b5f85df63fb
2026-08-28T14:38:06.377092+00:00,924316,3945766,Cape Town be 13°C,2026-08-30,highest_temperature,Will the highest temperature in Cape Town be 13°C on August 30?,13°C,1.0,0.0065,0.9935,0.005,0.008,0.003,72.6612,72.6612,2550.76399,True,False,True,True,0x4164f029be4e8ff307c156e67b91e2cd156f75b7738ba50cadeadb9cf3d9f9d2
2026-08-28T14:38:06.377104+00:00,924316,3945767,Cape Town be 14°C,2026-08-30,highest_temperature,Will the highest temperature in Cape Town be 14°C on August 30?,14°C,2.0,0.025,0.975,0.01,0.04,0.03,109.09674999999999,109.09674999999999,2382.2638,True,False,True,True,0x0e8e6ff03ead1dbe8dea04fad30ea354fb610351006895f3a8cdca8b409dc4d7
2026-08-28T14:38:06.377115+00:00,924316,3945768,Cape Town be 15°C,2026-08-30,highest_temperature,Will the highest temperature in Cape Town be 15°C on August 30?,15°C,3.0,0.055,0.945,0.03,0.08,0.05,27.41,27.41,3031.3558,True,False,True,True,0xebd1115d10286a918e4dd60a5d0b2f505fd6582ab9367ba36396d2fbb0354a35
2026-08-28T14:38:06.377128+00:00,924316,3945769,Cape Town be 16°C,2026-08-30,highest_temperature,Will the highest temperature in Cape Town be 16°C on August 30?,16°C,4.0,0.225,0.775,0.21,0.24,0.03,78.139314,78.13931400000001,2866.4801,True,False,True,True,0x5862d7dc9b4ba06438630c7d0fff63de69ff4ec616452a46e2947934a3fd84d1
2026-08-28T14:38:06.377139+00:00,924316,3945770,Cape Town be 17°C,2026-08-30,highest_temperature,Will the highest temperature in Cape Town be 17°C on August 30?,17°C,5.0,0.43,0.57,0.42,0.44,0.020000000000000018,583.153614,583.153614,3533.5697,True,False,True,True,0xf8b8454a880ad1135cc2669d6dc9ce814586896ee1f36c77f3d66d176804ad79
2026-08-28T14:38:06.377151+00:00,924316,3945771,Cape Town be 18°C,2026-08-30,highest_temperature,Will the highest temperature in Cape Town be 18°C on August 30?,18°C,6.0,0.24,0.76,0.22,0.26,0.04000000000000001,65.9,65.9,3462.4669,True,False,True,True,0xb2b21b67e2f94920566947bcefcd7d9fe0027f126428d216b02e961e2891e6f1
2026-08-28T14:38:06.377162+00:00,924316,3945772,Cape Town be 19°C,2026-08-30,highest_temperature,Will the highest temperature in Cape Town be 19°C on August 30?,19°C,7.0,0.07,0.93,0.05,0.09,0.039999999999999994,108.399509,108.399509,2778.5088,True,False,True,True,0xc2100ae805520bffcd8d4b45d8e1487acbd0e6b08650b7c3d051c00fb5f5df74
2026-08-28T14:38:06.377173+00:00,924316,3945773,Cape Town be 20°C,2026-08-30,highest_temperature,Will the highest temperature in Cape Town be 20°C on August 30?,20°C,8.0,0.007,0.993,0.005,0.009,0.003999999999999999,22.41,22.41,2291.11183,True,False,True,True,0x7a4cbbc07cf3c5e50eee52ec73701aa7284f2b4ecd611feb692f759d2135062f
2026-08-28T14:38:06.377186+00:00,924316,3945774,Cape Town be 21°C,2026-08-30,highest_temperature,Will the highest temperature in Cape Town be 21°C on August 30?,21°C,9.0,0.0025,0.9975,0.001,0.004,0.003,32.023761,32.023761,2631.83348,True,False,True,True,0x0c427e7338814260516f2a8f71b88881b8ae8fbc5dc680d84e99a37b46dd9cb2
2026-08-28T14:38:06.377198+00:00,924316,3945775,Cape Town be 22°C or higher,2026-08-30,highest_temperature,Will the highest temperature in Cape Town be 22°C or higher on August 30?,22°C or higher,10.0,0.003,0.997,0.001,0.005,0.004,133.521,133.521,2592.44087,True,False,True,True,0xd83b8462e961e8a920e131b8a66cc18728bcf7746ba98cfc82718b66e428b2ab
2026-08-28T14:38:06.377210+00:00,924317,3945776,Guangzhou be 27°C or below,2026-08-30,highest_temperature,Will the highest temperature in Guangzhou be 27°C or below on August 30?,27°C or below,0.0,0.0025,0.9975,0.001,0.004,0.003,49.921,49.921,1708.44514,True,False,True,True,0x8661a9b0b420be4778b7ede8e405c0f714718b01d1e461915c46bbe3b8e2d5ca
2026-08-28T14:38:06.377225+00:00,924317,3945777,Guangzhou be 28°C,2026-08-30,highest_temperature,Will the highest temperature in Guangzhou be 28°C on August 30?,28°C,1.0,0.0065,0.9935,0.005,0.008,0.003,360.04720000000003,360.04720000000003,1623.00075,True,False,True,True,0x918d9a42ec5091ff9058f4f4cd524de7848a045dca9d4eeabc327757414ff0c7
2026-08-28T14:38:06.377238+00:00,924317,3945778,Guangzhou be 29°C,2026-08-30,highest_temperature,Will the highest temperature in Guangzhou be 29°C on August 30?,29°C,2.0,0.0325,0.9675,0.021,0.044,0.022999999999999996,90.052594,90.052594,1519.36778,True,False,True,True,0xa01af831c902596a6e6a3e5585e684de864cb9d59b4b4fb44c71a6ef54ac530a
2026-08-28T14:38:06.377250+00:00,924317,3945779,Guangzhou be 30°C,2026-08-30,highest_temperature,Will the highest temperature in Guangzhou be 30°C on August 30?,30°C,3.0,0.065,0.935,0.04,0.09,0.049999999999999996,7.0,7.0,1957.0189,True,False,True,True,0x8f907a2dab4ba1d5991864a08e97efcfec417710661c43218805745049126286
2026-08-28T14:38:06.377264+00:00,924317,3945780,Guangzhou be 31°C,2026-08-30,highest_temperature,Will the highest temperature in Guangzhou be 31°C on August 30?,31°C,4.0,0.19,0.81,0.18,0.2,0.020000000000000018,203.197746,203.197746,2280.1933,True,False,True,True,0x3043acb513115b7b61462c0ed87171fc0049076780265fb4f15373d2cacb670e
2026-08-28T14:38:06.377278+00:00,924317,3945781,Guangzhou be 32°C,2026-08-30,highest_temperature,Will the highest temperature in Guangzhou be 32°C on August 30?,32°C,5.0,0.28,0.72,0.27,0.29,0.019999999999999962,226.056563,226.056563,2198.2122,True,False,True,True,0x7bef3f81aa5aea84960d49d764f38cb6cd0663849b3c6f7b4232b886a8970ac4
2026-08-28T14:38:06.377289+00:00,924317,3945782,Guangzhou be 33°C,2026-08-30,highest_temperature,Will the highest temperature in Guangzhou be 33°C on August 30?,33°C,6.0,0.26,0.74,0.24,0.28,0.040000000000000036,1.17,1.17,2589.4769,True,False,True,True,0x4800d0c7d7de09a1b2c400bb1377151f8f315b965c52110aeec2a261a8902c5b
2026-08-28T14:38:06.377303+00:00,924317,3945783,Guangzhou be 34°C,2026-08-30,highest_temperature,Will the highest temperature in Guangzhou be 34°C on August 30?,34°C,7.0,0.14,0.86,0.13,0.15,0.01999999999999999,51.22,51.22,2277.9835,True,False,True,True,0xb6579b224515d406408359c7d671371d1ff0e4c789cd85dbbdd36363f2a36240
2026-08-28T14:38:06.377315+00:00,924317,3945784,Guangzhou be 35°C,2026-08-30,highest_temperature,Will the highest temperature in Guangzhou be 35°C on August 30?,35°C,8.0,0.035,0.965,0.03,0.04,0.010000000000000002,463.85912,165.01912,2277.7809,True,False,True,True,0x8f57d8f1e0a68786f8974cb3bfa513fe6399052290f532b9212145cc562bbe92
2026-08-28T14:38:06.377327+00:00,924317,3945785,Guangzhou be 36°C,2026-08-30,highest_temperature,Will the highest temperature in Guangzhou be 36°C on August 30?,36°C,9.0,0.0075,0.9925,0.005,0.01,0.005,5.0,5.0,1928.77632,True,False,True,True,0x315fbdd7ae4ccb90ba8062709e48451e6c1440473216b167ffb3a004e54e973f
2026-08-28T14:38:06.377340+00:00,924317,3945786,Guangzhou be 37°C or higher,2026-08-30,highest_temperature,Will the highest temperature in Guangzhou be 37°C or higher on August 30?,37°C or higher,10.0,0.003,0.997,0.002,0.004,0.002,119.997,119.997,3217.05658,True,False,True,True,0xeca38ac0085d7526055689f940fc75b61c5aed245f456491e631774956fbad8b
2026-08-28T14:38:06.377352+00:00,924318,3945787,Qingdao be 23°C or below,2026-08-30,highest_temperature,Will the highest temperature in Qingdao be 23°C or below on August 30?,23°C or below,0.0,0.003,0.997,0.001,0.005,0.004,45.921,45.921,1865.45585,True,False,True,True,0x2e802cc031bc3db09466619b4d1f5845581d1624a23c8e2f2c7688aac7135a4c
2026-08-28T14:38:06.377364+00:00,924318,3945788,Qingdao be 24°C,2026-08-30,highest_temperature,Will the highest temperature in Qingdao be 24°C on August 30?,24°C,1.0,0.0075,0.9925,0.005,0.01,0.005,,,1036.36456,True,False,True,True,0xc2c252567108bfefc602b6a9763bf70ad9d22b50a15539dcd672a0a79288b129
2026-08-28T14:38:06.377375+00:00,924318,3945789,Qingdao be 25°C,2026-08-30,highest_temperature,Will the highest temperature in Qingdao be 25°C on August 30?,25°C,2.0,0.008,0.992,0.006,0.01,0.004,,,883.91548,True,False,True,True,0xc4a1dd748cbf523906cb220f9693f27acc5e47e360b0fffb6d09a61f2e33cf32
2026-08-28T14:38:06.377387+00:00,924318,3945790,Qingdao be 26°C,2026-08-30,highest_temperature,Will the highest temperature in Qingdao be 26°C on August 30?,26°C,3.0,0.12,0.88,0.09,0.15,0.06,99.19999999999999,99.19999999999999,683.6433,True,False,True,True,0x3b17d9c1cdef1a4b61ecf5314bc6ab7a011d544187ae3eccdc576fdc3a4a48e1
2026-08-28T14:38:06.377400+00:00,924318,3945791,Qingdao be 27°C,2026-08-30,highest_temperature,Will the highest temperature in Qingdao be 27°C on August 30?,27°C,4.0,0.205,0.795,0.18,0.23,0.05000000000000002,13.75,13.75,2291.9357,True,False,True,True,0xadc8233f21c021921133e4682be46785037ca0e6a68767761583704659c193dd
2026-08-28T14:38:06.377411+00:00,924318,3945792,Qingdao be 28°C,2026-08-30,highest_temperature,Will the highest temperature in Qingdao be 28°C on August 30?,28°C,5.0,0.34,0.66,0.31,0.37,0.06,,,1130.8744,True,False,True,True,0x471b41939649ef67b78fd5c5c5aa38ce00538a1c81396613be527c25492b7abe
2026-08-28T14:38:06.377423+00:00,924318,3945793,Qingdao be 29°C,2026-08-30,highest_temperature,Will the highest temperature in Qingdao be 29°C on August 30?,29°C,6.0,0.24,0.76,0.21,0.27,0.060000000000000026,17.857141,17.857141,799.1409,True,False,True,True,0x1c8c50eebd7402703f2eee2838c09d559aa838d6fbc0d3ad24380a4ffa895c6a
2026-08-28T14:38:06.377434+00:00,924318,3945794,Qingdao be 30°C,2026-08-30,highest_temperature,Will the highest temperature in Qingdao be 30°C on August 30?,30°C,7.0,0.065,0.935,0.04,0.09,0.049999999999999996,58.0,58.0,730.1583,True,False,True,True,0x28c5c6fb7a2ed746532a63231620610ac419e9f5771aec1108dc39eb0b4c04ae
2026-08-28T14:38:06.377445+00:00,924318,3945795,Qingdao be 31°C,2026-08-30,highest_temperature,Will the highest temperature in Qingdao be 31°C on August 30?,31°C,8.0,0.055,0.945,0.03,0.08,0.05,67.050699,67.050699,477.4603,True,False,True,True,0x3aaa1c15456b0a033e7693ac8ebcc7376788494ce8e789d1ef3627faddeb85b2
2026-08-28T14:38:06.377457+00:00,924318,3945796,Qingdao be 32°C,2026-08-30,highest_temperature,Will the highest temperature in Qingdao be 32°C on August 30?,32°C,9.0,0.045,0.955,0.02,0.07,0.05,32.25,32.25,527.6216,True,False,True,True,0x54e93aa8527737a65e83890765669f7ede340aa5f6e0d1137244d9e3d66c3d74
2026-08-28T14:38:06.377471+00:00,924318,3945797,Qingdao be 33°C or higher,2026-08-30,highest_temperature,Will the highest temperature in Qingdao be 33°C or higher on August 30?,33°C or higher,10.0,0.015,0.985,,0.03,,,,907.0087,True,False,True,True,0xe33a2eebdc324535404604c8db2d985a3241d758bd7b9fb667d2cd8d7e97e255
2026-08-28T14:38:06.377482+00:00,924319,3945798,Karachi be 26°C or below,2026-08-30,highest_temperature,Will the highest temperature in Karachi be 26°C or below on August 30?,26°C or below,0.0,0.003,0.997,0.001,0.005,0.004,75.172,75.172,2537.76044,True,False,True,True,0xf83f3f0fef2cb6284860a8fa02b8ba604d511f3872214d92d6a430ecd01db6c9
2026-08-28T14:38:06.377495+00:00,924319,3945799,Karachi be 27°C,2026-08-30,highest_temperature,Will the highest temperature in Karachi be 27°C on August 30?,27°C,1.0,0.0055,0.9945,0.001,0.01,0.009000000000000001,50.2512,50.2512,1946.44381,True,False,True,True,0x5284c827d7ba3d33642d238a4efdca2031fdc697995373e916121d6e41475241
2026-08-28T14:38:06.377508+00:00,924319,3945800,Karachi be 28°C,2026-08-30,highest_temperature,Will the highest temperature in Karachi be 28°C on August 30?,28°C,2.0,0.046,0.954,0.022,0.07,0.04800000000000001,20.0,20.0,1512.23011,True,False,True,True,0x16abf8962a589419fb5fc987e828856f6bd34f36d564805a225ba6fbc24b7e49
2026-08-28T14:38:06.377520+00:00,924319,3945801,Karachi be 29°C,2026-08-30,highest_temperature,Will the highest temperature in Karachi be 29°C on August 30?,29°C,3.0,0.07,0.93,0.05,0.09,0.039999999999999994,73.6,73.6,2227.86,True,False,True,True,0x8f4934f2bcf31ec7d13b140fb256198d7f5a0ba9db5649071e351a156d69c899
2026-08-28T14:38:06.377534+00:00,924319,3945802,Karachi be 30°C,2026-08-30,highest_temperature,Will the highest temperature in Karachi be 30°C on August 30?,30°C,4.0,0.305,0.695,0.29,0.32,0.030000000000000027,126.29942199999999,126.299422,15637.9058,True,False,True,True,0xba543b0c754c3f50cf90a59ba213381b83108a489ca320c5bdbfc1508bb7d3ec
2026-08-28T14:38:06.377545+00:00,924319,3945803,Karachi be 31°C,2026-08-30,highest_temperature,Will the highest temperature in Karachi be 31°C on August 30?,31°C,5.0,0.46,0.54,0.45,0.47,0.019999999999999962,328.315846,328.31584599999996,14849.9764,True,False,True,True,0xa9d3f188a81ca8fd1bc1d951083d3a7980846282128a172a1aca0f83d906ae3c
2026-08-28T14:38:06.377557+00:00,924319,3945804,Karachi be 32°C,2026-08-30,highest_temperature,Will the highest temperature in Karachi be 32°C on August 30?,32°C,6.0,0.15,0.85,0.13,0.17,0.04000000000000001,130.309476,130.309476,2382.746,True,False,True,True,0x136e189af6ab42b227089900d96ad9b61e6b5c315facdf38b7fe052babb22b0f
2026-08-28T14:38:06.377568+00:00,924319,3945805,Karachi be 33°C,2026-08-30,highest_temperature,Will the highest temperature in Karachi be 33°C on August 30?,33°C,7.0,0.04,0.96,0.02,0.06,0.039999999999999994,,,2053.1077,True,False,True,True,0xafc2c9af5af54eda569f1cbc75435e67f5b7e7971d48fbb2b5d0a360a9846f14
2026-08-28T14:38:06.377579+00:00,924319,3945806,Karachi be 34°C,2026-08-30,highest_temperature,Will the highest temperature in Karachi be 34°C on August 30?,34°C,8.0,0.025,0.975,0.02,0.03,0.009999999999999998,24.37625,24.37625,2353.348,True,False,True,True,0xeda5d218b080a42955027c56619bfb894810a3906ae56e0849315a0ea761b3f8
2026-08-28T14:38:06.377591+00:00,924319,3945807,Karachi be 35°C,2026-08-30,highest_temperature,Will the highest temperature in Karachi be 35°C on August 30?,35°C,9.0,0.0015,0.9985,0.001,0.002,0.001,149.99099999999999,149.99099999999999,3354.52469,True,False,True,True,0xcc97a9d86421c941762f2af90ddeaf03bff22049278683173ca69c44b876d81b
2026-08-28T14:38:06.377602+00:00,924319,3945808,Karachi be 36°C or higher,2026-08-30,highest_temperature,Will the highest temperature in Karachi be 36°C or higher on August 30?,36°C or higher,10.0,0.0025,0.9975,0.001,0.004,0.003,569.985,569.985,3518.61496,True,False,True,True,0x1b50b32a02119abd04f27f64a6059a51e70b2c0f4db531f2ece09c3980acea57
2026-08-28T14:38:06.377615+00:00,924320,3945809,Manila be 24°C or below,2026-08-30,highest_temperature,Will the highest temperature in Manila be 24°C or below on August 30?,24°C or below,0.0,0.002,0.998,0.001,0.003,0.002,55.986999999999995,55.986999999999995,4523.75011,True,False,True,True,0xd3f20a2433144eab6119d6553db3ba1bdf15ce341cee3e688a5ceca1c2535ea3
2026-08-28T14:38:06.377628+00:00,924320,3945810,Manila be 25°C,2026-08-30,highest_temperature,Will the highest temperature in Manila be 25°C on August 30?,25°C,1.0,0.0025,0.9975,0.001,0.004,0.003,159.9924,159.9924,3019.83647,True,False,True,True,0x7e56d496d624222279b9e40ac2c2570bb966012b36f4680848ad4ce0a75bf146
2026-08-28T14:38:06.377640+00:00,924320,3945811,Manila be 26°C,2026-08-30,highest_temperature,Will the highest temperature in Manila be 26°C on August 30?,26°C,2.0,0.0075,0.9925,0.005,0.01,0.005,,,1421.83222,True,False,True,True,0x53c323294804b912a388986040f72c722f2465fd4b70637167b183824aeca6b0
2026-08-28T14:38:06.377651+00:00,924320,3945812,Manila be 27°C,2026-08-30,highest_temperature,Will the highest temperature in Manila be 27°C on August 30?,27°C,3.0,0.045,0.955,0.03,0.06,0.03,20.18,20.18,2072.4151,True,False,True,True,0xcb21af09b451cbb487c5e6abde24ed946f0d229ae5391254346f7cad6c2b3a3f
2026-08-28T14:38:06.377674+00:00,924320,3945813,Manila be 28°C,2026-08-30,highest_temperature,Will the highest temperature in Manila be 28°C on August 30?,28°C,4.0,0.135,0.865,0.1,0.17,0.07,5.6,5.6,1646.8566,True,False,True,True,0x747fe774a390fc9c0dd6bf9a21291c232e81d917739dce03b89efbabca1a1699
2026-08-28T14:38:06.377687+00:00,924320,3945814,Manila be 29°C,2026-08-30,highest_temperature,Will the highest temperature in Manila be 29°C on August 30?,29°C,5.0,0.26,0.74,0.23,0.29,0.05999999999999997,28.166665,28.166665,2816.7263,True,False,True,True,0xe9fa74830d5da248a157a7a256b4624497d663241b2767eb3ed785ddbe3fe08e
2026-08-28T14:38:06.377707+00:00,924320,3945815,Manila be 30°C,2026-08-30,highest_temperature,Will the highest temperature in Manila be 30°C on August 30?,30°C,6.0,0.33,0.67,0.31,0.35,0.03999999999999998,5.0,5.0,15216.3108,True,False,True,True,0x3ffe143d619da87fd7195619aba302e91cb752acd31bd0f5d6371b91133955a4
2026-08-28T14:38:06.377719+00:00,924320,3945816,Manila be 31°C,2026-08-30,highest_temperature,Will the highest temperature in Manila be 31°C on August 30?,31°C,7.0,0.2,0.8,0.17,0.23,0.06,39.347825,39.347825,4291.2668,True,False,True,True,0x43f6cb9aabcb9481ddb25e33f83f6baef88c313217bc3afdc2b98dfa7e45c065
2026-08-28T14:38:06.377732+00:00,924320,3945817,Manila be 32°C,2026-08-30,highest_temperature,Will the highest temperature in Manila be 32°C on August 30?,32°C,8.0,0.025,0.975,,0.05,,18.0,18.0,1692.4937,True,False,True,True,0xcf97263c9a45beddf88a7d6b4f4bbd1f1c4901e55a3c9225597f5d78aefaa8af
2026-08-28T14:38:06.377744+00:00,924320,3945818,Manila be 33°C,2026-08-30,highest_temperature,Will the highest temperature in Manila be 33°C on August 30?,33°C,9.0,0.01,0.99,,0.02,,,,2803.0651,True,False,True,True,0x452ec475e778ac5fe0f44139986b8bb7438e8868fca8ac081a8bb36c05bdc993
2026-08-28T14:38:06.377755+00:00,924320,3945819,Manila be 34°C or higher,2026-08-30,highest_temperature,Will the highest temperature in Manila be 34°C or higher on August 30?,34°C or higher,10.0,0.007,0.993,0.005,0.009,0.003999999999999999,39.980999999999995,39.980999999999995,3428.26476,True,False,True,True,0xe7c3e1b01050928e2f690a28793d6f86adaedfa1c160c9eee380cba470e01d57
2026-08-28T14:38:06.377781+00:00,926056,3952481,Seattle be 45°F or below,2026-08-30,lowest_temperature,Will the lowest temperature in Seattle be 45°F or below on August 30?,45°F or below,0.0,0.495,0.505,,0.99,,,,0.1,True,False,True,True,0xf3657fe03b4fdd8f199ec9af668d228118b8e28aeb0f0070b9514c8af0b1417b
2026-08-28T14:38:06.377796+00:00,926056,3952482,Seattle be between 46-47°F,2026-08-30,lowest_temperature,Will the lowest temperature in Seattle be between 46-47°F on August 30?,46-47°F,1.0,0.48,0.52,,0.96,,,,132.11,True,False,True,True,0xa75314049445d8c1573375c013fca82571bd97e4779397959cb2f0d86cd676f0
2026-08-28T14:38:06.377809+00:00,926056,3952483,Seattle be between 48-49°F,2026-08-30,lowest_temperature,Will the lowest temperature in Seattle be between 48-49°F on August 30?,48-49°F,2.0,0.48,0.52,,0.96,,,,132.11,True,False,True,True,0x2974bc4cd5110b376537800245893eb6cb4f7bd66b95560057137bc0a983be24
2026-08-28T14:38:06.377821+00:00,926056,3952484,Seattle be between 50-51°F,2026-08-30,lowest_temperature,Will the lowest temperature in Seattle be between 50-51°F on August 30?,50-51°F,3.0,0.48,0.52,,0.96,,,,132.11,True,False,True,True,0x991da57e98ce206b5908d1a3cb683fb38fc1a7d2e4508cfbabfca23f5842a41e
2026-08-28T14:38:06.377832+00:00,926056,3952485,Seattle be between 52-53°F,2026-08-30,lowest_temperature,Will the lowest temperature in Seattle be between 52-53°F on August 30?,52-53°F,4.0,0.48,0.52,,0.96,,,,132.11,True,False,True,True,0xbec7b9ace2fca0e757e201841cdb39d0d61bf66a095307dfd87fe757bfe51bf0
2026-08-28T14:38:06.377846+00:00,926056,3952486,Seattle be between 54-55°F,2026-08-30,lowest_temperature,Will the lowest temperature in Seattle be between 54-55°F on August 30?,54-55°F,5.0,0.25,0.75,,0.5,,,,59.1041,True,False,True,True,0xca6589ea4fe5b2f95c06eeff5954bb1444c62fc32e02e1e4f2fe7180fe670bf2
2026-08-28T14:38:06.377858+00:00,926056,3952487,Seattle be between 56-57°F,2026-08-30,lowest_temperature,Will the lowest temperature in Seattle be between 56-57°F on August 30?,56-57°F,6.0,0.25,0.75,,0.5,,,,144.9888,True,False,True,True,0xe2c7b4810c6913b850a0d160fbaa4d732126876fe464476dff5190544ce9bf39
2026-08-28T14:38:06.377870+00:00,926056,3952488,Seattle be between 58-59°F,2026-08-30,lowest_temperature,Will the lowest temperature in Seattle be between 58-59°F on August 30?,58-59°F,7.0,0.48,0.52,,0.96,,,,132.11,True,False,True,True,0xe2ddaf15f6666bfbe665d8b802f3870a320333d96a7caf2b0a4e9775cb39af2b
2026-08-28T14:38:06.377885+00:00,926056,3952489,Seattle be between 60-61°F,2026-08-30,lowest_temperature,Will the lowest temperature in Seattle be between 60-61°F on August 30?,60-61°F,8.0,0.48,0.52,,0.96,,,,132.11,True,False,True,True,0x12aa1e936979813b05c3e3268d6044b21d72bb22bc08e7e67c839996210df5c0
2026-08-28T14:38:06.377898+00:00,926056,3952490,Seattle be between 62-63°F,2026-08-30,lowest_temperature,Will the lowest temperature in Seattle be between 62-63°F on August 30?,62-63°F,9.0,0.48,0.52,,0.96,,,,132.11,True,False,True,True,0x3793afad92abb09c400183ea75dfde8ce43800d2a558995d21d74fee616b231e
2026-08-28T14:38:06.377911+00:00,926056,3952491,Seattle be 64°F or higher,2026-08-30,lowest_temperature,Will the lowest temperature in Seattle be 64°F or higher on August 30?,64°F or higher,10.0,0.495,0.505,,0.99,,,,0.1,True,False,True,True,0x1fc2a006f030f5cc724b99de50f30845798f0d842442ed2e9ef63b6a3e5191c6
2026-08-28T14:38:06.377924+00:00,926057,3952492,New York City be 57°F or below,2026-08-30,lowest_temperature,Will the lowest temperature in New York City be 57°F or below on August 30?,57°F or below,0.0,0.495,0.505,,0.99,,,,0.1,True,False,True,True,0x3bd3e7a36a9f2a01c67495ab2045090206649c3761465e748140f8ef1e09c9fe
2026-08-28T14:38:06.377938+00:00,926057,3952493,New York City be between 58-59°F,2026-08-30,lowest_temperature,Will the lowest temperature in New York City be between 58-59°F on August 30?,58-59°F,1.0,0.25,0.75,,0.5,,,,185.0932,True,False,True,True,0x6de169ace8b9ad21ddb12f669c6409041649bb6b83727b2c7946ed6848c723ef
2026-08-28T14:38:06.377950+00:00,926057,3952494,New York City be between 60-61°F,2026-08-30,lowest_temperature,Will the lowest temperature in New York City be between 60-61°F on August 30?,60-61°F,2.0,0.25,0.75,,0.5,,,,185.0932,True,False,True,True,0xb45a3a1de9787a51d5dd5ea5046c32096dded8c68fed60917d19b56128077fa7
2026-08-28T14:38:06.377962+00:00,926057,3952495,New York City be between 62-63°F,2026-08-30,lowest_temperature,Will the lowest temperature in New York City be between 62-63°F on August 30?,62-63°F,3.0,0.25,0.75,,0.5,,,,185.0932,True,False,True,True,0x1989148d51a53a2a0ebcadbe24e309890c8396410734da2631b89a90940b29b9
2026-08-28T14:38:06.377975+00:00,926057,3952496,New York City be between 64-65°F,2026-08-30,lowest_temperature,Will the lowest temperature in New York City be between 64-65°F on August 30?,64-65°F,4.0,0.25,0.75,,0.5,,,,185.0932,True,False,True,True,0x9276aeb0c7e725982158786edc5a327c11052a8380831ed89069be766495b5b0
2026-08-28T14:38:06.377987+00:00,926057,3952497,New York City be between 66-67°F,2026-08-30,lowest_temperature,Will the lowest temperature in New York City be between 66-67°F on August 30?,66-67°F,5.0,0.25,0.75,,0.5,,,,235.0932,True,False,True,True,0x5eb99ccef5a18479527b2fe6fa327d36927152e58690f83f77809aeab734ff8a
2026-08-28T14:38:06.377999+00:00,926057,3952498,New York City be between 68-69°F,2026-08-30,lowest_temperature,Will the lowest temperature in New York City be between 68-69°F on August 30?,68-69°F,6.0,0.25,0.75,,0.5,,,,235.0932,True,False,True,True,0xf9d0f77ffe09c3ae7ad550c88452a019e0e3d91b4748af598a30d50fd571c2d2
2026-08-28T14:38:06.378011+00:00,926057,3952499,New York City be between 70-71°F,2026-08-30,lowest_temperature,Will the lowest temperature in New York City be between 70-71°F on August 30?,70-71°F,7.0,0.25,0.75,,0.5,,,,185.0932,True,False,True,True,0xaaa78b4fae0e0eb1bd033980cb8180a2532898b88908e8c687614de32a9b6c84
2026-08-28T14:38:06.378023+00:00,926057,3952500,New York City be between 72-73°F,2026-08-30,lowest_temperature,Will the lowest temperature in New York City be between 72-73°F on August 30?,72-73°F,8.0,0.25,0.75,,0.5,,,,185.0932,True,False,True,True,0xf14c78fa646ff1a7b4cdef77973b60912c04c787d00668be4e37efd5cb996eee
2026-08-28T14:38:06.378035+00:00,926057,3952501,New York City be between 74-75°F,2026-08-30,lowest_temperature,Will the lowest temperature in New York City be between 74-75°F on August 30?,74-75°F,9.0,0.25,0.75,,0.5,,,,186.0932,True,False,True,True,0x1c2940a6080b2f1ce1cfbe265fafe5f7652310d51ae71575c13d7f8651520025
2026-08-28T14:38:06.378047+00:00,926057,3952502,New York City be 76°F or higher,2026-08-30,lowest_temperature,Will the lowest temperature in New York City be 76°F or higher on August 30?,76°F or higher,10.0,0.49,0.51,,0.98,,,,1.1,True,False,True,True,0xb203c26795e07824843e4ba5485231cd921fadcfd75ab2bae34245d7dc086b04
2026-08-28T14:38:06.378062+00:00,926058,3952503,Dallas be 71°F or below,2026-08-30,lowest_temperature,Will the lowest temperature in Dallas be 71°F or below on August 30?,71°F or below,0.0,0.495,0.505,,0.99,,,,0.1,True,False,True,True,0xdf01990ca7d037ab53b93eb929fae91e3c971d84268c4b429a177314a3b1089c
2026-08-28T14:38:06.378074+00:00,926058,3952504,Dallas be between 72-73°F,2026-08-30,lowest_temperature,Will the lowest temperature in Dallas be between 72-73°F on August 30?,72-73°F,1.0,0.24,0.76,,0.48,,,,206.404,True,False,True,True,0x9cc8164e5a9fa88f7ed332321715aaefde0133bab4dcac55e64e64d8f97d5a3d
2026-08-28T14:38:06.378088+00:00,926058,3952505,Dallas be between 74-75°F,2026-08-30,lowest_temperature,Will the lowest temperature in Dallas be between 74-75°F on August 30?,74-75°F,2.0,0.24,0.76,,0.48,,,,256.404,True,False,True,True,0x5d069884c437acbb94d0c9448ccfc4fffefd38f52d6e57c47a8d6d5223d2847b
2026-08-28T14:38:06.378100+00:00,926058,3952506,Dallas be between 76-77°F,2026-08-30,lowest_temperature,Will the lowest temperature in Dallas be between 76-77°F on August 30?,76-77°F,3.0,0.245,0.755,,0.49,,,,239.7432,True,False,True,True,0xfe320a5551b9603b653303a2fc9f81aaf9ae83c8eba0a76524c376940824ae97
2026-08-28T14:38:06.378114+00:00,926058,3952507,Dallas be between 78-79°F,2026-08-30,lowest_temperature,Will the lowest temperature in Dallas be between 78-79°F on August 30?,78-79°F,4.0,0.245,0.755,,0.49,,,,206.5949,True,False,True,True,0x0c74d5951b2e45eff9805c35d4a0836f6ac75e37961997254d4490aec87e7b31
2026-08-28T14:38:06.378127+00:00,926058,3952508,Dallas be between 80-81°F,2026-08-30,lowest_temperature,Will the lowest temperature in Dallas be between 80-81°F on August 30?,80-81°F,5.0,0.25,0.75,,0.5,,,,182.0932,True,False,True,True,0x449f9abce596605b0dda18cbe89966bd6ea05f24adea21877072689c151c5c9c
2026-08-28T14:38:06.378140+00:00,926058,3952509,Dallas be between 82-83°F,2026-08-30,lowest_temperature,Will the lowest temperature in Dallas be between 82-83°F on August 30?,82-83°F,6.0,0.25,0.75,,0.5,,,,198.7576,True,False,True,True,0xc88a85fca872a823fbba52e64e886c4868a9f810b41a1944b472aa73af6d3788
2026-08-28T14:38:06.378152+00:00,926058,3952510,Dallas be between 84-85°F,2026-08-30,lowest_temperature,Will the lowest temperature in Dallas be between 84-85°F on August 30?,84-85°F,7.0,0.245,0.755,,0.49,,,,198.7549,True,False,True,True,0x39b01fb131efdf8f0b213862d01458f214dffa2af4b04ce89be11fcc8a20a596
2026-08-28T14:38:06.378163+00:00,926058,3952511,Dallas be between 86-87°F,2026-08-30,lowest_temperature,Will the lowest temperature in Dallas be between 86-87°F on August 30?,86-87°F,8.0,0.24,0.76,,0.48,,,,206.404,True,False,True,True,0xa03af5117fdd789b4a7e7650aa72fc3828557a491ef05c1f236d674ff9934255
2026-08-28T14:38:06.378176+00:00,926058,3952512,Dallas be between 88-89°F,2026-08-30,lowest_temperature,Will the lowest temperature in Dallas be between 88-89°F on August 30?,88-89°F,9.0,0.245,0.755,,0.49,,,,190.7432,True,False,True,True,0x6b89448bfd65b867aa97aeb8fe93c8a4657f05dd357fdc531dfe1f3efef62733
2026-08-28T14:38:06.378188+00:00,926058,3952513,Dallas be 90°F or higher,2026-08-30,lowest_temperature,Will the lowest temperature in Dallas be 90°F or higher on August 30?,90°F or higher,10.0,0.49,0.51,,0.98,,,,1.1,True,False,True,True,0x0ab0aaf9c15b5a18046535f2b2a93e3d9114ec63a0b54ffa1aec26a3a0fd52a2
2026-08-28T14:38:06.378201+00:00,926059,3952514,Atlanta be 63°F or below,2026-08-30,lowest_temperature,Will the lowest temperature in Atlanta be 63°F or below on August 30?,63°F or below,0.0,0.495,0.505,,0.99,,,,0.1,True,False,True,True,0xcfa41317a3c330a5232b8ed8bebac5cb747d39f344000efae837b197849d2f03
2026-08-28T14:38:06.378213+00:00,926059,3952515,Atlanta be between 64-65°F,2026-08-30,lowest_temperature,Will the lowest temperature in Atlanta be between 64-65°F on August 30?,64-65°F,1.0,0.245,0.755,,0.49,,,,239.7432,True,False,True,True,0x84a0f3e073d9a33ba60de1406f1729deadeb8b60fa5634b200fbd818116a4910
2026-08-28T14:38:06.378229+00:00,926059,3952516,Atlanta be between 66-67°F,2026-08-30,lowest_temperature,Will the lowest temperature in Atlanta be between 66-67°F on August 30?,66-67°F,2.0,0.245,0.755,,0.49,,,,239.7432,True,False,True,True,0xbe786b1f6df0654a4c58520d1d851baa1224a90460ac362fc0cd809bbb6e52bf
2026-08-28T14:38:06.378240+00:00,926059,3952517,Atlanta be between 68-69°F,2026-08-30,lowest_temperature,Will the lowest temperature in Atlanta be between 68-69°F on August 30?,68-69°F,3.0,0.245,0.755,,0.49,,,,239.7432,True,False,True,True,0xd342c57f90bedc9a0088f46198659295536c860d0b42dbd061b3444f50ee2d3a
2026-08-28T14:38:06.378253+00:00,926059,3952518,Atlanta be between 70-71°F,2026-08-30,lowest_temperature,Will the lowest temperature in Atlanta be between 70-71°F on August 30?,70-71°F,4.0,0.25,0.75,,0.5,,,,232.0932,True,False,True,True,0xcbe3b05efa581475870b45f792da6ef4c3c18d2c3e4aaf549d72a2cdcbd9d080
2026-08-28T14:38:06.378265+00:00,926059,3952519,Atlanta be between 72-73°F,2026-08-30,lowest_temperature,Will the lowest temperature in Atlanta be between 72-73°F on August 30?,72-73°F,5.0,0.25,0.75,,0.5,,,,182.0932,True,False,True,True,0xb167e14d23b597eaf6493204285d4dee794c68810903c6d5d18197fb0b8a6bc1
2026-08-28T14:38:06.378278+00:00,926059,3952520,Atlanta be between 74-75°F,2026-08-30,lowest_temperature,Will the lowest temperature in Atlanta be between 74-75°F on August 30?,74-75°F,6.0,0.25,0.75,,0.5,,,,182.0932,True,False,True,True,0x7a720caf18258dd2d715cc02ecebc7915617f299d142e18fb92999435e2b4316
2026-08-28T14:38:06.378292+00:00,926059,3952521,Atlanta be between 76-77°F,2026-08-30,lowest_temperature,Will the lowest temperature in Atlanta be between 76-77°F on August 30?,76-77°F,7.0,0.245,0.755,,0.49,,,,189.7432,True,False,True,True,0x1666e386b0c528620816b3be13b07d678d528527d09a9fe7c40a97d2bafb3778
2026-08-28T14:38:06.378305+00:00,926059,3952522,Atlanta be between 78-79°F,2026-08-30,lowest_temperature,Will the lowest temperature in Atlanta be between 78-79°F on August 30?,78-79°F,8.0,0.245,0.755,,0.49,,,,239.7432,True,False,True,True,0xd5e056d73e49d3afdd9d2a7dd71a51e1ac6caf94af0119b957fd968a07615789
2026-08-28T14:38:06.378317+00:00,926059,3952523,Atlanta be between 80-81°F,2026-08-30,lowest_temperature,Will the lowest temperature in Atlanta be between 80-81°F on August 30?,80-81°F,9.0,0.245,0.755,,0.49,,,,240.7432,True,False,True,True,0x5cd3954a84abf7ad5bb55e2c0bb2d2912fcc10943cb7dfef035ca8f341a6dd5b
2026-08-28T14:38:06.378329+00:00,926059,3952524,Atlanta be 82°F or higher,2026-08-30,lowest_temperature,Will the lowest temperature in Atlanta be 82°F or higher on August 30?,82°F or higher,10.0,0.49,0.51,,0.98,,,,1.1,True,False,True,True,0x6b59f6b7ec50b3df27a1003d7392a867697bd9b9568d7036be3fb54eb8a20f1c
2026-08-28T14:38:06.378342+00:00,926060,3952525,Miami be 73°F or below,2026-08-30,lowest_temperature,Will the lowest temperature in Miami be 73°F or below on August 30?,73°F or below,0.0,0.495,0.505,,0.99,,,,0.1,True,False,True,True,0xd2a7f9ba8d82c810bc63659c18767508fe4a4551a22a9aca61949cf6d6fe8b58
2026-08-28T14:38:06.378354+00:00,926060,3952526,Miami be between 74-75°F,2026-08-30,lowest_temperature,Will the lowest temperature in Miami be between 74-75°F on August 30?,74-75°F,1.0,0.25,0.75,,0.5,,,,233.5932,True,False,True,True,0x3af1586f70482a610b0f9c92d3c79c8483f6c46dcd16352a22add7b7e1a104ba
2026-08-28T14:38:06.378368+00:00,926060,3952527,Miami be between 76-77°F,2026-08-30,lowest_temperature,Will the lowest temperature in Miami be between 76-77°F on August 30?,76-77°F,2.0,0.25,0.75,,0.5,,,,233.5932,True,False,True,True,0x883e31c80b017b3226abe36beaed145e43956c94dc0429c15cf67e5e65c6ef87
2026-08-28T14:38:06.378380+00:00,926060,3952528,Miami be between 78-79°F,2026-08-30,lowest_temperature,Will the lowest temperature in Miami be between 78-79°F on August 30?,78-79°F,3.0,0.25,0.75,,0.5,,,,233.5932,True,False,True,True,0x481580ff0d63af181dbff2fa8d56271dc7596633b8a7d9cc30362183e5b928bc
2026-08-28T14:38:06.378392+00:00,926060,3952529,Miami be between 80-81°F,2026-08-30,lowest_temperature,Will the lowest temperature in Miami be between 80-81°F on August 30?,80-81°F,4.0,0.25,0.75,,0.5,,,,233.5932,True,False,True,True,0xdeaa53c2b83a61e81ce7051ad059b320bb99757692d6d27dc68a7f2ddf1e79cc
2026-08-28T14:38:06.378404+00:00,926060,3952530,Miami be between 82-83°F,2026-08-30,lowest_temperature,Will the lowest temperature in Miami be between 82-83°F on August 30?,82-83°F,5.0,0.25,0.75,,0.5,,,,233.5932,True,False,True,True,0x00a54db2f57e7f2626c750040418d0bd08675e617d157bfad5ede42faf845840
2026-08-28T14:38:06.378417+00:00,926060,3952531,Miami be between 84-85°F,2026-08-30,lowest_temperature,Will the lowest temperature in Miami be between 84-85°F on August 30?,84-85°F,6.0,0.25,0.75,,0.5,,,,233.5932,True,False,True,True,0xc8759931f2f8ca4f5f1f1dc3f73c195bfe027e6fdfcc242341357ee23424d5eb
2026-08-28T14:38:06.378431+00:00,926060,3952532,Miami be between 86-87°F,2026-08-30,lowest_temperature,Will the lowest temperature in Miami be between 86-87°F on August 30?,86-87°F,7.0,0.25,0.75,,0.5,,,,233.5932,True,False,True,True,0xe8411d3804e4cc4f7d7a70e94fdfc4d3065afc1ecf00d152249f776c59416b86
2026-08-28T14:38:06.378443+00:00,926060,3952533,Miami be between 88-89°F,2026-08-30,lowest_temperature,Will the lowest temperature in Miami be between 88-89°F on August 30?,88-89°F,8.0,0.25,0.75,,0.5,,,,233.5932,True,False,True,True,0xb4c7cbda0f13dccd776fff9f81555290ca63b6c3b005b2567014d60eca02c961
2026-08-28T14:38:06.378455+00:00,926060,3952534,Miami be between 90-91°F,2026-08-30,lowest_temperature,Will the lowest temperature in Miami be between 90-91°F on August 30?,90-91°F,9.0,0.25,0.75,,0.5,,,,234.5932,True,False,True,True,0xc60fd6720a77d489ea3cb4351cb925b7bd84ed862f62ad234b919983c89d4035
2026-08-28T14:38:06.378467+00:00,926060,3952535,Miami be 92°F or higher,2026-08-30,lowest_temperature,Will the lowest temperature in Miami be 92°F or higher on August 30?,92°F or higher,10.0,0.49,0.51,,0.98,,,,1.1,True,False,True,True,0x10934399cd819daf305c30311ea42c2e04bb3ac41d70b15e53d21bb3785c2e2c
2026-08-28T14:38:06.378481+00:00,926061,3952536,Chicago be 63°F or below,2026-08-30,lowest_temperature,Will the lowest temperature in Chicago be 63°F or below on August 30?,63°F or below,0.0,0.495,0.505,,0.99,,,,0.1,True,False,True,True,0x88a791aaad8bbb1118cd33d95751a144f039812f42241b3c0ff2ba21634373ce
2026-08-28T14:38:06.378495+00:00,926061,3952537,Chicago be between 64-65°F,2026-08-30,lowest_temperature,Will the lowest temperature in Chicago be between 64-65°F on August 30?,64-65°F,1.0,0.25,0.75,,0.5,,,,232.0932,True,False,True,True,0xba5e04fa950acea70e8a7c042e6a42de34de71a2381c55cf088821a0c154f9a3
2026-08-28T14:38:06.378507+00:00,926061,3952538,Chicago be between 66-67°F,2026-08-30,lowest_temperature,Will the lowest temperature in Chicago be between 66-67°F on August 30?,66-67°F,2.0,0.25,0.75,,0.5,,,,232.0932,True,False,True,True,0xaadde939df2819db0178d1bf857a534e47ad4fb88072f63de3c5caf67991495b
2026-08-28T14:38:06.378520+00:00,926061,3952539,Chicago be between 68-69°F,2026-08-30,lowest_temperature,Will the lowest temperature in Chicago be between 68-69°F on August 30?,68-69°F,3.0,0.25,0.75,,0.5,,,,232.0932,True,False,True,True,0xd2d521175cdf0764afb857dee40e7d30f2016269f5a187cc50d9bf55ea0b2c55
2026-08-28T14:38:06.378532+00:00,926061,3952540,Chicago be between 70-71°F,2026-08-30,lowest_temperature,Will the lowest temperature in Chicago be between 70-71°F on August 30?,70-71°F,4.0,0.25,0.75,,0.5,,,,232.0932,True,False,True,True,0x14712c3d4c053089a57e028406df359a8a2a330aa5b5749aa39b7892c28f8080
2026-08-28T14:38:06.378544+00:00,926061,3952541,Chicago be between 72-73°F,2026-08-30,lowest_temperature,Will the lowest temperature in Chicago be between 72-73°F on August 30?,72-73°F,5.0,0.25,0.75,,0.5,,,,232.0932,True,False,True,True,0x14fbd2e0a712503536c9ed45745a56357ba5c0531d0980b0b7d57cc59aa6f9ec
2026-08-28T14:38:06.378558+00:00,926061,3952542,Chicago be between 74-75°F,2026-08-30,lowest_temperature,Will the lowest temperature in Chicago be between 74-75°F on August 30?,74-75°F,6.0,0.25,0.75,,0.5,,,,232.0932,True,False,True,True,0xe533d90da03925b46b61f6603d94454470949680999b8782ba097c99bf9567cb
2026-08-28T14:38:06.378571+00:00,926061,3952543,Chicago be between 76-77°F,2026-08-30,lowest_temperature,Will the lowest temperature in Chicago be between 76-77°F on August 30?,76-77°F,7.0,0.25,0.75,,0.5,,,,232.0932,True,False,True,True,0xa97feb5feaf017b22c1094ebaff25c7a9156a4b92569789dd7a02170d5c6907e
2026-08-28T14:38:06.378583+00:00,926061,3952544,Chicago be between 78-79°F,2026-08-30,lowest_temperature,Will the lowest temperature in Chicago be between 78-79°F on August 30?,78-79°F,8.0,0.25,0.75,,0.5,,,,232.0932,True,False,True,True,0x5b41c68b35037185fd86a0c74598908d2b20a5bd379e2b532020eb4a89e0d792
2026-08-28T14:38:06.378595+00:00,926061,3952545,Chicago be between 80-81°F,2026-08-30,lowest_temperature,Will the lowest temperature in Chicago be between 80-81°F on August 30?,80-81°F,9.0,0.25,0.75,,0.5,,,,233.0932,True,False,True,True,0x8d2de2d5f037738f09dab9f551ca78605b2219968cf6b6480a289399d2506146
2026-08-28T14:38:06.378608+00:00,926061,3952546,Chicago be 82°F or higher,2026-08-30,lowest_temperature,Will the lowest temperature in Chicago be 82°F or higher on August 30?,82°F or higher,10.0,0.49,0.51,,0.98,,,,1.1,True,False,True,True,0x0f18c8e534a963b336e7b8c3926fa20f1449d81c711251b4d1ee7f84249c27cb
2026-08-28T14:38:06.378620+00:00,926062,3952547,Austin be 67°F or below,2026-08-30,lowest_temperature,Will the lowest temperature in Austin be 67°F or below on August 30?,67°F or below,0.0,0.495,0.505,,0.99,,,,0.1,True,False,True,True,0xb8e97e153597713ac3db0ac207417d7789c572f854a9cde7eeea5bf2babeebfb
2026-08-28T14:38:06.378632+00:00,926062,3952548,Austin be between 68-69°F,2026-08-30,lowest_temperature,Will the lowest temperature in Austin be between 68-69°F on August 30?,68-69°F,1.0,0.25,0.75,,0.5,,,,232.0932,True,False,True,True,0x903f113e41f239a8d731b890bee7a2a5fe64848549f9daab261d1c5590df6844
2026-08-28T14:38:06.378644+00:00,926062,3952549,Austin be between 70-71°F,2026-08-30,lowest_temperature,Will the lowest temperature in Austin be between 70-71°F on August 30?,70-71°F,2.0,0.25,0.75,,0.5,,,,232.0932,True,False,True,True,0xbbb4f60666eabe4aa83fb35959ce7b310dbc35458438bed9d409efbb227f5492
2026-08-28T14:38:06.378657+00:00,926062,3952550,Austin be between 72-73°F,2026-08-30,lowest_temperature,Will the lowest temperature in Austin be between 72-73°F on August 30?,72-73°F,3.0,0.25,0.75,,0.5,,,,232.0932,True,False,True,True,0xc9d44c0169e0cef1c36aaf3dd6cd78ef33d7a76a65d8036491b69e63ed636a23
2026-08-28T14:38:06.378670+00:00,926062,3952551,Austin be between 74-75°F,2026-08-30,lowest_temperature,Will the lowest temperature in Austin be between 74-75°F on August 30?,74-75°F,4.0,0.25,0.75,,0.5,,,,257.8432,True,False,True,True,0x190cd0f5d4e28f1d346fca5e52e937bcd7a4c4424bcd6e150d3bd7769683bd06
2026-08-28T14:38:06.378682+00:00,926062,3952552,Austin be between 76-77°F,2026-08-30,lowest_temperature,Will the lowest temperature in Austin be between 76-77°F on August 30?,76-77°F,5.0,0.25,0.75,,0.5,,,,232.0932,True,False,True,True,0xdddc1fc5aebf9c357cc13bddc43dd5d68aa787a90e8ec1a7fd3d03fa6164cf80
2026-08-28T14:38:06.378702+00:00,926062,3952553,Austin be between 78-79°F,2026-08-30,lowest_temperature,Will the lowest temperature in Austin be between 78-79°F on August 30?,78-79°F,6.0,0.25,0.75,,0.5,,,,232.0932,True,False,True,True,0x3e15a61461230465cc149dad5cb75c88d3f00e6ad9656ab489f38eb55a0665bd
2026-08-28T14:38:06.378714+00:00,926062,3952554,Austin be between 80-81°F,2026-08-30,lowest_temperature,Will the lowest temperature in Austin be between 80-81°F on August 30?,80-81°F,7.0,0.25,0.75,,0.5,,,,257.8432,True,False,True,True,0x0eeff7745d60ab2eaf7372d3366b0e68f107209474a7a225456f9cbc9842fec0
2026-08-28T14:38:06.378728+00:00,926062,3952555,Austin be between 82-83°F,2026-08-30,lowest_temperature,Will the lowest temperature in Austin be between 82-83°F on August 30?,82-83°F,8.0,0.25,0.75,,0.5,,,,232.1432,True,False,True,True,0xcc2937a81da84fe546f1dde6b960f797ae2d1d1a3bc4b12ba2542fba2b839c97
2026-08-28T14:38:06.378740+00:00,926062,3952556,Austin be between 84-85°F,2026-08-30,lowest_temperature,Will the lowest temperature in Austin be between 84-85°F on August 30?,84-85°F,9.0,0.25,0.75,,0.5,,,,233.1432,True,False,True,True,0xc524cb315b1680de1719d38809b7c405f515af076a9bae3d4a7b42c27241291f
2026-08-28T14:38:06.378752+00:00,926062,3952557,Austin be 86°F or higher,2026-08-30,lowest_temperature,Will the lowest temperature in Austin be 86°F or higher on August 30?,86°F or higher,10.0,0.49,0.51,,0.98,,,,1.15,True,False,True,True,0xffce61468c2509b17538a12d890d5743bc1ffbd4b84016194d7b78efb954e868
2026-08-28T14:38:06.378765+00:00,926063,3952558,Denver be 59°F or below,2026-08-30,lowest_temperature,Will the lowest temperature in Denver be 59°F or below on August 30?,59°F or below,0.0,0.505,0.495,0.01,1.0,0.99,,,0.05,True,False,True,True,0x99734298c1d2568710586e36d0ec503c4dc70d0ecb1cc4590f1df0d62ae625ca
2026-08-28T14:38:06.378779+00:00,926063,3952559,Denver be between 60-61°F,2026-08-30,lowest_temperature,Will the lowest temperature in Denver be between 60-61°F on August 30?,60-61°F,1.0,0.255,0.745,0.01,0.5,0.49,,,230.0832,True,False,True,True,0x91634e0e2e44584a53ba8cfb6e8fb47b3455f542706a8c7b63d5132f787e91ea
2026-08-28T14:38:06.378791+00:00,926063,3952560,Denver be between 62-63°F,2026-08-30,lowest_temperature,Will the lowest temperature in Denver be between 62-63°F on August 30?,62-63°F,2.0,0.255,0.745,0.01,0.5,0.49,,,230.0832,True,False,True,True,0xd52f26fe485ab842d325b48d17b16b6c2febf3ea6021256335cc5de796123f58
2026-08-28T14:38:06.378803+00:00,926063,3952561,Denver be between 64-65°F,2026-08-30,lowest_temperature,Will the lowest temperature in Denver be between 64-65°F on August 30?,64-65°F,3.0,0.255,0.745,0.01,0.5,0.49,,,230.0832,True,False,True,True,0xb1e6ccfd1e737aa571c42f6f4f14b4467e7042ebd338c143e7c6cb4e51963e7a
2026-08-28T14:38:06.378816+00:00,926063,3952562,Denver be between 66-67°F,2026-08-30,lowest_temperature,Will the lowest temperature in Denver be between 66-67°F on August 30?,66-67°F,4.0,0.285,0.715,0.01,0.56,0.55,,,90.0928,True,False,True,True,0xbf5701ac55aae8d54b27cb890911b9d27d6d53f8305cc53969deafe7d26b9d56
2026-08-28T14:38:06.378828+00:00,926063,3952563,Denver be between 68-69°F,2026-08-30,lowest_temperature,Will the lowest temperature in Denver be between 68-69°F on August 30?,68-69°F,5.0,0.255,0.745,0.01,0.5,0.49,,,230.0832,True,False,True,True,0x17be7771f52fcad32ae269b46bd311ca1eeb0ddf37cf33edb08eb7d1ad96829f
2026-08-28T14:38:06.378840+00:00,926063,3952564,Denver be between 70-71°F,2026-08-30,lowest_temperature,Will the lowest temperature in Denver be between 70-71°F on August 30?,70-71°F,6.0,0.255,0.745,0.01,0.5,0.49,,,89.0836,True,False,True,True,0xaf16a45e71507fb24664d7829670ee8b85dc43f30a579a560a66e221d9fc4ef1
2026-08-28T14:38:06.378852+00:00,926063,3952565,Denver be between 72-73°F,2026-08-30,lowest_temperature,Will the lowest temperature in Denver be between 72-73°F on August 30?,72-73°F,7.0,0.25,0.75,,0.5,,,,230.0332,True,False,True,True,0x17547188b94f3ad4c1a16a2af61e9d9e32e37fa5a91f478d4bc1d27dfcd0a253
2026-08-28T14:38:06.378866+00:00,926063,3952566,Denver be between 74-75°F,2026-08-30,lowest_temperature,Will the lowest temperature in Denver be between 74-75°F on August 30?,74-75°F,8.0,0.25,0.75,,0.5,,,,230.0332,True,False,True,True,0x501a3a383420bfb60d586d872c2ba752bff123ac71f46102feea2167d82664ea
2026-08-28T14:38:06.378879+00:00,926063,3952567,Denver be between 76-77°F,2026-08-30,lowest_temperature,Will the lowest temperature in Denver be between 76-77°F on August 30?,76-77°F,9.0,0.255,0.745,0.01,0.5,0.49,,,105.0334,True,False,True,True,0x2d2a4615f928694b9139553089f08e99dce7094aebd507ac25cb77955989b6d0
2026-08-28T14:38:06.378891+00:00,926063,3952568,Denver be 78°F or higher,2026-08-30,lowest_temperature,Will the lowest temperature in Denver be 78°F or higher on August 30?,78°F or higher,10.0,0.495,0.505,,0.99,,,,0.05,True,False,True,True,0x7152e08121fef9510e81bd8fcd1612bca17c111f1304c0f0096f46c7fb6dc0fc
2026-08-28T14:38:06.378905+00:00,926064,3952569,Houston be 69°F or below,2026-08-30,lowest_temperature,Will the lowest temperature in Houston be 69°F or below on August 30?,69°F or below,0.0,0.5,0.5,0.01,0.99,0.98,,,0.1,True,False,True,True,0x96992bc817c7be4d6147d59d5c2c90aea93eba7fb1e0382698587cd11f6fa225
2026-08-28T14:38:06.378918+00:00,926064,3952570,Houston be between 70-71°F,2026-08-30,lowest_temperature,Will the lowest temperature in Houston be between 70-71°F on August 30?,70-71°F,1.0,0.255,0.745,0.01,0.5,0.49,,,230.0832,True,False,True,True,0x17f37af51ef22c7bb0498415d390faecd7ab232a734541eeb9c4935db04510bf
2026-08-28T14:38:06.378930+00:00,926064,3952571,Houston be between 72-73°F,2026-08-30,lowest_temperature,Will the lowest temperature in Houston be between 72-73°F on August 30?,72-73°F,2.0,0.255,0.745,0.01,0.5,0.49,,,230.0832,True,False,True,True,0x86a1166d07b72c00c952e9619ac65cfa9a827c0d3d30f0bd9c9e26ba0a33fa64
2026-08-28T14:38:06.378942+00:00,926064,3952572,Houston be between 74-75°F,2026-08-30,lowest_temperature,Will the lowest temperature in Houston be between 74-75°F on August 30?,74-75°F,3.0,0.255,0.745,0.01,0.5,0.49,,,230.0832,True,False,True,True,0xf8647d8408a26a6e99cee2265093b90147cf0dddd822a2eb8b21412f4dcd63d7
2026-08-28T14:38:06.378954+00:00,926064,3952573,Houston be between 76-77°F,2026-08-30,lowest_temperature,Will the lowest temperature in Houston be between 76-77°F on August 30?,76-77°F,4.0,0.255,0.745,0.01,0.5,0.49,,,230.0832,True,False,True,True,0xba2104836a213e84bc682c0039b5a0b4502256086399c063755fb238d480a53c
2026-08-28T14:38:06.378967+00:00,926064,3952574,Houston be between 78-79°F,2026-08-30,lowest_temperature,Will the lowest temperature in Houston be between 78-79°F on August 30?,78-79°F,5.0,0.255,0.745,0.01,0.5,0.49,,,230.0832,True,False,True,True,0xea7aff354a9d11ac297764432730dd2d8f4030d6d23ad8c6cd9bff4e037299f3
2026-08-28T14:38:06.378979+00:00,926064,3952575,Houston be between 80-81°F,2026-08-30,lowest_temperature,Will the lowest temperature in Houston be between 80-81°F on August 30?,80-81°F,6.0,0.255,0.745,0.01,0.5,0.49,,,230.0832,True,False,True,True,0x6d95a45505ad8f5743c04893d2923dedb3e15f4397980e3ff78e38d028e4ce90
2026-08-28T14:38:06.378991+00:00,926064,3952576,Houston be between 82-83°F,2026-08-30,lowest_temperature,Will the lowest temperature in Houston be between 82-83°F on August 30?,82-83°F,7.0,0.255,0.745,0.01,0.5,0.49,,,230.0832,True,False,True,True,0xd10b83c2ac5bed0090b98b81844fb58a0dbc9f00f7338ad54ca48f8b9f468295
2026-08-28T14:38:06.379003+00:00,926064,3952577,Houston be between 84-85°F,2026-08-30,lowest_temperature,Will the lowest temperature in Houston be between 84-85°F on August 30?,84-85°F,8.0,0.255,0.745,0.01,0.5,0.49,,,230.0832,True,False,True,True,0x01f674cea94582e9d38577ca82c131e2bb2d611a288aa997a3fd1d4f5872f5a5
2026-08-28T14:38:06.379015+00:00,926064,3952578,Houston be between 86-87°F,2026-08-30,lowest_temperature,Will the lowest temperature in Houston be between 86-87°F on August 30?,86-87°F,9.0,0.25,0.75,,0.5,,,,231.0332,True,False,True,True,0x8f5d7bf7c056dec4ecf0d94d67999db4f82054d43e21b10d132b8a7653305df7
2026-08-28T14:38:06.379027+00:00,926064,3952579,Houston be 88°F or higher,2026-08-30,lowest_temperature,Will the lowest temperature in Houston be 88°F or higher on August 30?,88°F or higher,10.0,0.49,0.51,,0.98,,,,1.05,True,False,True,True,0x5e55c65d0e00355cb50ac272a81d8f8c55a95c09e4d39465c215e1ca81e16384
2026-08-28T14:38:06.379048+00:00,926065,3952580,Los Angeles be 59°F or below,2026-08-30,lowest_temperature,Will the lowest temperature in Los Angeles be 59°F or below on August 30?,59°F or below,0.0,0.5,0.5,0.01,0.99,0.98,,,0.1,True,False,True,True,0x48f445be1db17abd736090486d980ba0e47199cc19b9d57cad37bd68f01daecb
2026-08-28T14:38:06.379061+00:00,926065,3952581,Los Angeles be between 60-61°F,2026-08-30,lowest_temperature,Will the lowest temperature in Los Angeles be between 60-61°F on August 30?,60-61°F,1.0,0.255,0.745,0.01,0.5,0.49,,,230.0832,True,False,True,True,0xee4277a919426915d2fad25088101b589f58cfe7cd0536ab7bfeeac2e69ecdfd
2026-08-28T14:38:06.379074+00:00,926065,3952582,Los Angeles be between 62-63°F,2026-08-30,lowest_temperature,Will the lowest temperature in Los Angeles be between 62-63°F on August 30?,62-63°F,2.0,0.255,0.745,0.01,0.5,0.49,,,230.0832,True,False,True,True,0x71e376df51f497f39b51ebfabf3df0e466f061577bf439fbf6f7d2c79e83bbf3
2026-08-28T14:38:06.379087+00:00,926065,3952583,Los Angeles be between 64-65°F,2026-08-30,lowest_temperature,Will the lowest temperature in Los Angeles be between 64-65°F on August 30?,64-65°F,3.0,0.255,0.745,0.01,0.5,0.49,,,230.0832,True,False,True,True,0x6f8758e57951e6a6a0443677c413ff2b69d53c62e402221645e36818cebec03f
2026-08-28T14:38:06.379100+00:00,926065,3952584,Los Angeles be between 66-67°F,2026-08-30,lowest_temperature,Will the lowest temperature in Los Angeles be between 66-67°F on August 30?,66-67°F,4.0,0.255,0.745,0.01,0.5,0.49,,,230.0832,True,False,True,True,0x80edf8a3fb72cc28a72f6aeb0e6045a06adcb28d48f02a76f8832323da09ca8d
2026-08-28T14:38:06.379114+00:00,926065,3952585,Los Angeles be between 68-69°F,2026-08-30,lowest_temperature,Will the lowest temperature in Los Angeles be between 68-69°F on August 30?,68-69°F,5.0,0.255,0.745,0.01,0.5,0.49,,,230.0832,True,False,True,True,0xbdcee1ce87e1b5d797cf3b7a3a7958c2b5b8a9b29dd42284db4548ccab8aca95
2026-08-28T14:38:06.379127+00:00,926065,3952586,Los Angeles be between 70-71°F,2026-08-30,lowest_temperature,Will the lowest temperature in Los Angeles be between 70-71°F on August 30?,70-71°F,6.0,0.255,0.745,0.01,0.5,0.49,,,230.0832,True,False,True,True,0x42c8068912bbe55eff365fe0500ebb91fc4d1c8e6036ee40bf5572af74f63068
2026-08-28T14:38:06.379139+00:00,926065,3952587,Los Angeles be between 72-73°F,2026-08-30,lowest_temperature,Will the lowest temperature in Los Angeles be between 72-73°F on August 30?,72-73°F,7.0,0.255,0.745,0.01,0.5,0.49,,,230.0832,True,False,True,True,0x491c4a4c1de68dcfee9f21a4f0912d7c78a885d1d4a5af9c9118fbb200fad28d
2026-08-28T14:38:06.379151+00:00,926065,3952588,Los Angeles be between 74-75°F,2026-08-30,lowest_temperature,Will the lowest temperature in Los Angeles be between 74-75°F on August 30?,74-75°F,8.0,0.255,0.745,0.01,0.5,0.49,,,230.0832,True,False,True,True,0x37b6c3bc7a072b6c3cfd1d136110cebc9f78409ed2f4780a2d652ac6ca8dedb5
2026-08-28T14:38:06.379163+00:00,926065,3952589,Los Angeles be between 76-77°F,2026-08-30,lowest_temperature,Will the lowest temperature in Los Angeles be between 76-77°F on August 30?,76-77°F,9.0,0.255,0.745,0.01,0.5,0.49,,,231.0832,True,False,True,True,0xcc40d089ebd236c6bd6c4f4975ca3d668f6dd66e6ef2789d674ab689602effce
2026-08-28T14:38:06.379176+00:00,926065,3952590,Los Angeles be 78°F or higher,2026-08-30,lowest_temperature,Will the lowest temperature in Los Angeles be 78°F or higher on August 30?,78°F or higher,10.0,0.49,0.51,,0.98,,,,1.05,True,False,True,True,0xbf5f527a0bf7ddfb33c926acf4a43bb715fd4c0fa3afffd043db3e39d9cc8eec
2026-08-28T14:38:06.379189+00:00,926066,3952591,San Francisco be 47°F or below,2026-08-30,lowest_temperature,Will the lowest temperature in San Francisco be 47°F or below on August 30?,47°F or below,0.0,0.5,0.5,0.01,0.99,0.98,,,0.1,True,False,True,True,0x00ac63131a4203c3b01b34538e7bd5d7ab20432e99fcea9cde52a1e05463f3b6
2026-08-28T14:38:06.379202+00:00,926066,3952592,San Francisco be between 48-49°F,2026-08-30,lowest_temperature,Will the lowest temperature in San Francisco be between 48-49°F on August 30?,48-49°F,1.0,0.255,0.745,0.01,0.5,0.49,,,230.0832,True,False,True,True,0x61eb3cf3ff0b10d2cbc0edeecae96caec84b0ae12977e4fe512d450f4803fd55
2026-08-28T14:38:06.379215+00:00,926066,3952593,San Francisco be between 50-51°F,2026-08-30,lowest_temperature,Will the lowest temperature in San Francisco be between 50-51°F on August 30?,50-51°F,2.0,0.255,0.745,0.01,0.5,0.49,,,230.0832,True,False,True,True,0x2301f8f5a953c6dd007558b751d0556c8f4d1cd629b9a685b0e77700dd395c69
2026-08-28T14:38:06.379227+00:00,926066,3952594,San Francisco be between 52-53°F,2026-08-30,lowest_temperature,Will the lowest temperature in San Francisco be between 52-53°F on August 30?,52-53°F,3.0,0.255,0.745,0.01,0.5,0.49,,,230.0832,True,False,True,True,0xc9d7b4b24cd4c3db34470d16c9761c7e1db56f71ec77407965c7f507fa1153f6
2026-08-28T14:38:06.379240+00:00,926066,3952595,San Francisco be between 54-55°F,2026-08-30,lowest_temperature,Will the lowest temperature in San Francisco be between 54-55°F on August 30?,54-55°F,4.0,0.255,0.745,0.01,0.5,0.49,,,230.0832,True,False,True,True,0x5c36465add521a2c10bfc653b7411e4afae62bff9bf817d579d3da7db49b20ab
2026-08-28T14:38:06.379253+00:00,926066,3952596,San Francisco be between 56-57°F,2026-08-30,lowest_temperature,Will the lowest temperature in San Francisco be between 56-57°F on August 30?,56-57°F,5.0,0.255,0.745,0.01,0.5,0.49,,,230.0832,True,False,True,True,0x5f1f89353ccac3997894f610a3f817567591b3946c809467d711bd5810e0064e
2026-08-28T14:38:06.379265+00:00,926066,3952597,San Francisco be between 58-59°F,2026-08-30,lowest_temperature,Will the lowest temperature in San Francisco be between 58-59°F on August 30?,58-59°F,6.0,0.255,0.745,0.01,0.5,0.49,,,230.0832,True,False,True,True,0xa3b3c98dbb9db20d9375c9cbedfca100d15e092f9dd57d32ad4b295590be7e59
2026-08-28T14:38:06.379278+00:00,926066,3952598,San Francisco be between 60-61°F,2026-08-30,lowest_temperature,Will the lowest temperature in San Francisco be between 60-61°F on August 30?,60-61°F,7.0,0.255,0.745,0.01,0.5,0.49,,,230.0832,True,False,True,True,0x303814adcb289deb67567df1cda7149b3e4cfa04a96e3dad056a78dcfbe651e4
2026-08-28T14:38:06.379290+00:00,926066,3952599,San Francisco be between 62-63°F,2026-08-30,lowest_temperature,Will the lowest temperature in San Francisco be between 62-63°F on August 30?,62-63°F,8.0,0.255,0.745,0.01,0.5,0.49,,,230.0832,True,False,True,True,0xf2d565b6a56a3ad67ebc2001f423a396688939d9796187564d9f150d15e6c9a5
2026-08-28T14:38:06.379303+00:00,926066,3952600,San Francisco be between 64-65°F,2026-08-30,lowest_temperature,Will the lowest temperature in San Francisco be between 64-65°F on August 30?,64-65°F,9.0,0.25,0.75,,0.5,,,,231.0332,True,False,True,True,0x0e64e56f529372f2f5ff4adf6420fae5410120dfa24bda242032fc9159e86a48
2026-08-28T14:38:06.379319+00:00,926066,3952601,San Francisco be 66°F or higher,2026-08-30,lowest_temperature,Will the lowest temperature in San Francisco be 66°F or higher on August 30?,66°F or higher,10.0,0.49,0.51,,0.98,,,,1.05,True,False,True,True,0x01fe200bcd485c02093f4338a87371e30e5fa96464f61f7e5a8febb20f1ea91d
