run_at,city,station,market_date,market_type,unit,market_id,event_key,bucket_type,bucket_value,bucket_low,bucket_high,group_title,model_probability,market_probability,entry_price,fee_rate,fee_per_share,gross_edge,net_ev_per_share,net_return_if_win,forecast_count,forecast_mean_c,forecast_min_c,forecast_max_c,forecast_std_c,observation_temperature_c,observation_time,signal,reason
2026-09-10T21:49:08.059406+00:00,Los Angeles,KLAX,2026-09-10,highest_temperature,F,4362179,los_angeles|2026_09_10|highest_temperature|f|klax,or_higher,94.0,94.0,,94°F or higher,0.816071,0.007,0.01,0.05,0.000495,0.806071,0.805576,98.9505,3,35.2,34.5,36.6,1.2124,31.1,2026-09-10T21:00:00.000Z,PAPER_BUY,model_probability=0.8161; entry=0.0100; gross_edge=0.8061; fee=0.00049; net_ev=0.8056; entry_source=ask; fee_source=market
2026-09-10T21:49:08.058481+00:00,Austin,KAUS,2026-09-10,highest_temperature,F,4359159,austin|2026_09_10|highest_temperature|f|kaus,range,,96.0,97.0,96-97°F,0.482464,0.0005,0.001,0.05,4.995e-05,0.481464,0.481414,998.95005,3,35.9,35.5,36.7,0.6928,37.2,2026-09-10T21:00:00.000Z,PAPER_BUY,model_probability=0.4825; entry=0.0010; gross_edge=0.4815; fee=0.00005; net_ev=0.4814; entry_source=ask; fee_source=market
2026-09-10T21:49:08.071835+00:00,Los Angeles,KLAX,2026-09-11,highest_temperature,F,4404589,los_angeles|2026_09_11|highest_temperature|f|klax,or_higher,90.0,90.0,,90°F or higher,0.516686,0.022,0.037,0.05,0.00178155,0.479686,0.477904,25.978877,3,31.8333,30.5,34.5,2.3094,31.1,2026-09-10T21:00:00.000Z,PAPER_BUY,model_probability=0.5167; entry=0.0370; gross_edge=0.4797; fee=0.00178; net_ev=0.4779; entry_source=ask; fee_source=market
2026-09-10T21:49:08.057465+00:00,Miami,KMIA,2026-09-10,lowest_temperature,F,4358888,miami|2026_09_10|lowest_temperature|f|kmia,range,,78.0,79.0,78-79°F,0.463931,0.0005,0.001,0.05,4.995e-05,0.462931,0.462881,998.95005,3,25.4667,25.2,26.0,0.4619,29.4,2026-09-10T21:00:00.000Z,PAPER_BUY,model_probability=0.4639; entry=0.0010; gross_edge=0.4629; fee=0.00005; net_ev=0.4629; entry_source=ask; fee_source=market
2026-09-10T21:49:08.058640+00:00,Houston,KHOU,2026-09-10,highest_temperature,F,4359172,houston|2026_09_10|highest_temperature|f|khou,range,,90.0,91.0,90-91°F,0.479085,0.015,0.02,0.05,0.00098,0.459085,0.458105,48.951,3,32.3333,31.4,32.8,0.8083,30.6,2026-09-10T21:00:00.000Z,PAPER_BUY,model_probability=0.4791; entry=0.0200; gross_edge=0.4591; fee=0.00098; net_ev=0.4581; entry_source=ask; fee_source=market
2026-09-10T21:49:08.057764+00:00,Austin,KAUS,2026-09-10,lowest_temperature,F,4358911,austin|2026_09_10|lowest_temperature|f|kaus,range,,76.0,77.0,76-77°F,0.455193,0.0005,0.001,0.05,4.995e-05,0.454193,0.454143,998.95005,3,25.1667,24.7,25.4,0.4041,37.2,2026-09-10T21:00:00.000Z,PAPER_BUY,model_probability=0.4552; entry=0.0010; gross_edge=0.4542; fee=0.00005; net_ev=0.4541; entry_source=ask; fee_source=market
2026-09-10T21:49:08.056508+00:00,New York City,KLGA,2026-09-10,highest_temperature,F,4358653,new_york_city|2026_09_10|highest_temperature|f|klga,range,,88.0,89.0,88-89°F,0.476667,0.02,0.03,0.05,0.001455,0.446667,0.445212,32.284833,3,31.6,31.4,31.7,0.1732,30.0,2026-09-10T21:00:00.000Z,PAPER_BUY,model_probability=0.4767; entry=0.0300; gross_edge=0.4467; fee=0.00145; net_ev=0.4452; entry_source=ask; fee_source=market
2026-09-10T21:49:08.056620+00:00,Dallas,KDAL,2026-09-10,highest_temperature,F,4358661,dallas|2026_09_10|highest_temperature|f|kdal,range,,96.0,97.0,96-97°F,0.443421,0.0005,0.001,0.05,4.995e-05,0.442421,0.442371,998.95005,3,36.3667,36.3,36.5,0.1155,36.7,2026-09-10T21:00:00.000Z,PAPER_BUY,model_probability=0.4434; entry=0.0010; gross_edge=0.4424; fee=0.00005; net_ev=0.4424; entry_source=ask; fee_source=market
2026-09-10T21:49:08.057777+00:00,Austin,KAUS,2026-09-10,lowest_temperature,F,4358912,austin|2026_09_10|lowest_temperature|f|kaus,range,,78.0,79.0,78-79°F,0.422534,0.0005,0.001,0.05,4.995e-05,0.421534,0.421484,998.95005,3,25.1667,24.7,25.4,0.4041,37.2,2026-09-10T21:00:00.000Z,PAPER_BUY,model_probability=0.4225; entry=0.0010; gross_edge=0.4215; fee=0.00005; net_ev=0.4215; entry_source=ask; fee_source=market
2026-09-10T21:49:08.057023+00:00,New York City,KLGA,2026-09-10,lowest_temperature,F,4358854,new_york_city|2026_09_10|lowest_temperature|f|klga,range,,70.0,71.0,70-71°F,0.436868,0.01,0.02,0.05,0.00098,0.416868,0.415888,48.951,3,21.9667,21.5,22.2,0.4041,30.0,2026-09-10T21:00:00.000Z,PAPER_BUY,model_probability=0.4369; entry=0.0200; gross_edge=0.4169; fee=0.00098; net_ev=0.4159; entry_source=ask; fee_source=market
2026-09-10T21:49:08.056762+00:00,Atlanta,KATL,2026-09-10,highest_temperature,F,4358672,atlanta|2026_09_10|highest_temperature|f|katl,range,,88.0,89.0,88-89°F,0.408774,0.0005,0.001,0.05,4.995e-05,0.407774,0.407724,998.95005,3,32.1333,31.8,32.3,0.2887,32.2,2026-09-10T21:00:00.000Z,PAPER_BUY,model_probability=0.4088; entry=0.0010; gross_edge=0.4078; fee=0.00005; net_ev=0.4077; entry_source=ask; fee_source=market
2026-09-10T21:49:08.057454+00:00,Miami,KMIA,2026-09-10,lowest_temperature,F,4358887,miami|2026_09_10|lowest_temperature|f|kmia,range,,76.0,77.0,76-77°F,0.408774,0.0005,0.001,0.05,4.995e-05,0.407774,0.407724,998.95005,3,25.4667,25.2,26.0,0.4619,29.4,2026-09-10T21:00:00.000Z,PAPER_BUY,model_probability=0.4088; entry=0.0010; gross_edge=0.4078; fee=0.00005; net_ev=0.4077; entry_source=ask; fee_source=market
2026-09-10T21:49:08.069217+00:00,New York City,KLGA,2026-09-11,lowest_temperature,F,4401740,new_york_city|2026_09_11|lowest_temperature|f|klga,range,,66.0,67.0,66-67°F,0.438546,0.04,0.05,0.05,0.002375,0.388546,0.386171,18.9525,3,19.7333,19.3,20.6,0.7506,30.0,2026-09-10T21:00:00.000Z,PAPER_BUY,model_probability=0.4385; entry=0.0500; gross_edge=0.3885; fee=0.00238; net_ev=0.3862; entry_source=ask; fee_source=market
2026-09-10T21:49:08.082234+00:00,New York City,KLGA,2026-09-12,lowest_temperature,F,4433892,new_york_city|2026_09_12|lowest_temperature|f|klga,range,,60.0,61.0,60-61°F,0.42146,0.02,0.04,0.05,0.00192,0.38146,0.37954,23.952,3,16.2667,15.6,17.6,1.1547,30.0,2026-09-10T21:00:00.000Z,PAPER_BUY,model_probability=0.4215; entry=0.0400; gross_edge=0.3815; fee=0.00192; net_ev=0.3795; entry_source=ask; fee_source=market
2026-09-10T21:49:08.056519+00:00,New York City,KLGA,2026-09-10,highest_temperature,F,4358654,new_york_city|2026_09_10|highest_temperature|f|klga,range,,90.0,91.0,90-91°F,0.378403,0.0005,0.001,0.05,4.995e-05,0.377403,0.377353,998.95005,3,31.6,31.4,31.7,0.1732,30.0,2026-09-10T21:00:00.000Z,PAPER_BUY,model_probability=0.3784; entry=0.0010; gross_edge=0.3774; fee=0.00005; net_ev=0.3774; entry_source=ask; fee_source=market
2026-09-10T21:49:08.070922+00:00,Austin,KAUS,2026-09-11,highest_temperature,F,4402236,austin|2026_09_11|highest_temperature|f|kaus,range,,96.0,97.0,96-97°F,0.44805,0.065,0.07,0.05,0.003255,0.37805,0.374795,13.239214,3,36.3333,36.2,36.4,0.1155,37.2,2026-09-10T21:00:00.000Z,PAPER_BUY,model_probability=0.4480; entry=0.0700; gross_edge=0.3780; fee=0.00326; net_ev=0.3748; entry_source=ask; fee_source=market
2026-09-10T21:49:08.068906+00:00,Miami,KMIA,2026-09-11,highest_temperature,F,4401451,miami|2026_09_11|highest_temperature|f|kmia,range,,84.0,85.0,84-85°F,0.391835,0.015,0.02,0.05,0.00098,0.371835,0.370855,48.951,3,30.0,29.8,30.4,0.3464,29.4,2026-09-10T21:00:00.000Z,PAPER_BUY,model_probability=0.3918; entry=0.0200; gross_edge=0.3718; fee=0.00098; net_ev=0.3709; entry_source=ask; fee_source=market
2026-09-10T21:49:08.069645+00:00,Miami,KMIA,2026-09-11,lowest_temperature,F,4401773,miami|2026_09_11|lowest_temperature|f|kmia,range,,76.0,77.0,76-77°F,0.476667,0.105,0.12,0.05,0.00528,0.356667,0.351387,7.289333,3,24.9333,24.4,26.0,0.9238,29.4,2026-09-10T21:00:00.000Z,PAPER_BUY,model_probability=0.4767; entry=0.1200; gross_edge=0.3567; fee=0.00528; net_ev=0.3514; entry_source=ask; fee_source=market
2026-09-10T21:49:08.059209+00:00,Seattle,KSEA,2026-09-10,highest_temperature,F,4362160,seattle|2026_09_10|highest_temperature|f|ksea,range,,68.0,69.0,68-69°F,0.412813,0.035,0.06,0.05,0.00282,0.352813,0.349993,15.619667,3,21.0,20.6,21.2,0.3464,20.0,2026-09-10T21:00:00.000Z,PAPER_BUY,model_probability=0.4128; entry=0.0600; gross_edge=0.3528; fee=0.00282; net_ev=0.3500; entry_source=ask; fee_source=market
2026-09-10T21:49:08.068917+00:00,Miami,KMIA,2026-09-11,highest_temperature,F,4401452,miami|2026_09_11|highest_temperature|f|kmia,range,,86.0,87.0,86-87°F,0.472009,0.135,0.14,0.05,0.00602,0.332009,0.325989,6.099857,3,30.0,29.8,30.4,0.3464,29.4,2026-09-10T21:00:00.000Z,PAPER_BUY,model_probability=0.4720; entry=0.1400; gross_edge=0.3320; fee=0.00602; net_ev=0.3260; entry_source=ask; fee_source=market
2026-09-10T21:49:08.059748+00:00,Buenos Aires,SAEZ,2026-09-10,lowest_temperature,C,4363376,buenos_aires|2026_09_10|lowest_temperature|c|saez,exact,9.0,9.0,9.0,9°C,0.323078,0.0005,0.001,0.05,4.995e-05,0.322078,0.322028,998.95005,3,9.0,8.6,9.2,0.3464,19.0,2026-09-10T21:00:00.000Z,PAPER_BUY,model_probability=0.3231; entry=0.0010; gross_edge=0.3221; fee=0.00005; net_ev=0.3220; entry_source=ask; fee_source=market
2026-09-10T21:49:08.055384+00:00,London,EGLC,2026-09-10,highest_temperature,C,4356224,london|2026_09_10|highest_temperature|c|eglc,exact,20.0,20.0,20.0,20°C,0.322021,0.0005,0.001,0.05,4.995e-05,0.321021,0.320971,998.95005,3,20.1,19.0,20.9,0.9849,18.0,2026-09-10T21:20:00.000Z,PAPER_BUY,model_probability=0.3220; entry=0.0010; gross_edge=0.3210; fee=0.00005; net_ev=0.3210; entry_source=ask; fee_source=market
2026-09-10T21:49:08.060864+00:00,Panama City,MPMG,2026-09-10,highest_temperature,C,4363793,panama_city|2026_09_10|highest_temperature|c|mpmg,exact,30.0,30.0,30.0,30°C,0.322021,0.0005,0.001,0.05,4.995e-05,0.321021,0.320971,998.95005,3,29.9,29.5,30.3,0.4,29.0,2026-09-10T21:00:00.000Z,PAPER_BUY,model_probability=0.3220; entry=0.0010; gross_edge=0.3210; fee=0.00005; net_ev=0.3210; entry_source=ask; fee_source=market
2026-09-10T21:49:08.055905+00:00,Madrid,LEMD,2026-09-10,highest_temperature,C,4356372,madrid|2026_09_10|highest_temperature|c|lemd,exact,27.0,27.0,27.0,27°C,0.321202,0.0005,0.001,0.05,4.995e-05,0.320202,0.320152,998.95005,3,26.8667,26.4,27.7,0.7234,20.0,2026-09-10T21:30:00.000Z,PAPER_BUY,model_probability=0.3212; entry=0.0010; gross_edge=0.3202; fee=0.00005; net_ev=0.3202; entry_source=ask; fee_source=market
2026-09-10T21:49:08.062706+00:00,Chongqing,ZUCK,2026-09-11,lowest_temperature,C,4399298,chongqing|2026_09_11|lowest_temperature|c|zuck,exact,20.0,20.0,20.0,20°C,0.320151,0.0005,0.001,0.05,4.995e-05,0.319151,0.319101,998.95005,3,19.8333,19.6,20.2,0.3215,20.0,2026-09-10T21:00:00.000Z,PAPER_BUY,model_probability=0.3202; entry=0.0010; gross_edge=0.3192; fee=0.00005; net_ev=0.3191; entry_source=ask; fee_source=market
2026-09-10T21:49:08.064286+00:00,Qingdao,ZSQD,2026-09-11,lowest_temperature,C,4399451,qingdao|2026_09_11|lowest_temperature|c|zsqd,exact,15.0,15.0,15.0,15°C,0.318872,0.0005,0.001,0.05,4.995e-05,0.317872,0.317822,998.95005,3,14.8,13.8,15.8,1.0,14.0,2026-09-10T21:00:00.000Z,PAPER_BUY,model_probability=0.3189; entry=0.0010; gross_edge=0.3179; fee=0.00005; net_ev=0.3178; entry_source=ask; fee_source=market
2026-09-10T21:49:08.058470+00:00,Austin,KAUS,2026-09-10,highest_temperature,F,4359158,austin|2026_09_10|highest_temperature|f|kaus,range,,94.0,95.0,94-95°F,0.317851,0.0005,0.001,0.05,4.995e-05,0.316851,0.316801,998.95005,3,35.9,35.5,36.7,0.6928,37.2,2026-09-10T21:00:00.000Z,PAPER_BUY,model_probability=0.3179; entry=0.0010; gross_edge=0.3169; fee=0.00005; net_ev=0.3168; entry_source=ask; fee_source=market
2026-09-10T21:49:08.054965+00:00,Warsaw,EPWA,2026-09-10,lowest_temperature,C,4355725,warsaw|2026_09_10|lowest_temperature|c|epwa,exact,13.0,13.0,13.0,13°C,0.317367,0.0005,0.001,0.05,4.995e-05,0.316367,0.316317,998.95005,3,13.2333,12.1,13.9,0.9866,11.0,2026-09-10T21:30:00.000Z,PAPER_BUY,model_probability=0.3174; entry=0.0010; gross_edge=0.3164; fee=0.00005; net_ev=0.3163; entry_source=ask; fee_source=market
2026-09-10T21:49:08.061528+00:00,Wellington,NZWN,2026-09-11,lowest_temperature,C,4399167,wellington|2026_09_11|lowest_temperature|c|nzwn,exact,7.0,7.0,7.0,7°C,0.315638,0.0005,0.001,0.05,4.995e-05,0.314638,0.314588,998.95005,3,6.7333,6.3,7.2,0.4509,11.0,2026-09-10T21:30:00.000Z,PAPER_BUY,model_probability=0.3156; entry=0.0010; gross_edge=0.3146; fee=0.00005; net_ev=0.3146; entry_source=ask; fee_source=market
2026-09-10T21:49:08.056213+00:00,Amsterdam,EHAM,2026-09-10,highest_temperature,C,4356497,amsterdam|2026_09_10|highest_temperature|c|eham,exact,19.0,19.0,19.0,19°C,0.311529,0.0005,0.001,0.05,4.995e-05,0.310529,0.310479,998.95005,3,19.3333,18.7,20.2,0.7767,16.0,2026-09-10T21:25:00.000Z,PAPER_BUY,model_probability=0.3115; entry=0.0010; gross_edge=0.3105; fee=0.00005; net_ev=0.3105; entry_source=ask; fee_source=market
2026-09-10T21:49:08.054549+00:00,Munich,EDDM,2026-09-10,lowest_temperature,C,4355589,munich|2026_09_10|lowest_temperature|c|eddm,exact,10.0,10.0,10.0,10°C,0.309157,0.0005,0.001,0.05,4.995e-05,0.308157,0.308107,998.95005,3,9.6333,8.8,10.4,0.8021,12.0,2026-09-10T21:20:00.000Z,PAPER_BUY,model_probability=0.3092; entry=0.0010; gross_edge=0.3082; fee=0.00005; net_ev=0.3081; entry_source=ask; fee_source=market
2026-09-10T21:49:08.073489+00:00,Zhengzhou,ZHCC,2026-09-11,lowest_temperature,C,4430332,zhengzhou|2026_09_11|lowest_temperature|c|zhcc,exact,18.0,18.0,18.0,18°C,0.309157,0.0005,0.001,0.05,4.995e-05,0.308157,0.308107,998.95005,3,17.6333,17.2,18.2,0.5132,18.0,2026-09-10T21:00:00.000Z,PAPER_BUY,model_probability=0.3092; entry=0.0010; gross_edge=0.3082; fee=0.00005; net_ev=0.3081; entry_source=ask; fee_source=market
2026-09-10T21:49:08.054700+00:00,Milan,LIMC,2026-09-10,lowest_temperature,C,4355665,milan|2026_09_10|lowest_temperature|c|limc,exact,17.0,17.0,17.0,17°C,0.303802,0.0005,0.001,0.05,4.995e-05,0.302802,0.302752,998.95005,3,16.5667,16.4,16.9,0.2887,19.0,2026-09-10T21:20:00.000Z,PAPER_BUY,model_probability=0.3038; entry=0.0010; gross_edge=0.3028; fee=0.00005; net_ev=0.3028; entry_source=ask; fee_source=market
2026-09-10T21:49:08.059634+00:00,Sao Paulo,SBGR,2026-09-10,lowest_temperature,C,4363367,sao_paulo|2026_09_10|lowest_temperature|c|sbgr,exact,18.0,18.0,18.0,18°C,0.297672,0.0005,0.001,0.05,4.995e-05,0.296672,0.296622,998.95005,3,17.5,17.0,17.8,0.4359,17.0,2026-09-10T21:00:00.000Z,PAPER_BUY,model_probability=0.2977; entry=0.0010; gross_edge=0.2967; fee=0.00005; net_ev=0.2966; entry_source=ask; fee_source=market
2026-09-10T21:49:08.055666+00:00,Munich,EDDM,2026-09-10,highest_temperature,C,4356292,munich|2026_09_10|highest_temperature|c|eddm,exact,19.0,19.0,19.0,19°C,0.294331,0.0005,0.001,0.05,4.995e-05,0.293331,0.293281,998.95005,3,18.4667,17.9,18.9,0.5132,12.0,2026-09-10T21:20:00.000Z,PAPER_BUY,model_probability=0.2943; entry=0.0010; gross_edge=0.2933; fee=0.00005; net_ev=0.2933; entry_source=ask; fee_source=market
2026-09-10T21:49:08.058783+00:00,Seattle,KSEA,2026-09-10,lowest_temperature,F,4361513,seattle|2026_09_10|lowest_temperature|f|ksea,range,,60.0,61.0,60-61°F,0.290031,0.0005,0.001,0.05,4.995e-05,0.289031,0.288981,998.95005,3,14.5333,14.4,14.8,0.2309,20.0,2026-09-10T21:00:00.000Z,PAPER_BUY,model_probability=0.2900; entry=0.0010; gross_edge=0.2890; fee=0.00005; net_ev=0.2890; entry_source=ask; fee_source=market
2026-09-10T21:49:08.058212+00:00,Miami,KMIA,2026-09-10,highest_temperature,F,4359138,miami|2026_09_10|highest_temperature|f|kmia,range,,88.0,89.0,88-89°F,0.288634,0.0005,0.001,0.05,4.995e-05,0.287634,0.287584,998.95005,3,30.9667,28.9,32.0,1.7898,29.4,2026-09-10T21:00:00.000Z,PAPER_BUY,model_probability=0.2886; entry=0.0010; gross_edge=0.2876; fee=0.00005; net_ev=0.2876; entry_source=ask; fee_source=market
2026-09-10T21:49:08.055268+00:00,Cape Town,FACT,2026-09-10,lowest_temperature,C,4355891,cape_town|2026_09_10|lowest_temperature|c|fact,exact,15.0,15.0,15.0,15°C,0.287135,0.0005,0.001,0.05,4.995e-05,0.286135,0.286085,998.95005,3,14.4,13.9,15.0,0.5568,16.0,2026-09-10T21:00:00.000Z,PAPER_BUY,model_probability=0.2871; entry=0.0010; gross_edge=0.2861; fee=0.00005; net_ev=0.2861; entry_source=ask; fee_source=market
2026-09-10T21:49:08.056355+00:00,Cape Town,FACT,2026-09-10,highest_temperature,C,4356542,cape_town|2026_09_10|highest_temperature|c|fact,exact,20.0,20.0,20.0,20°C,0.287135,0.0005,0.001,0.05,4.995e-05,0.286135,0.286085,998.95005,3,19.4,19.1,19.8,0.3606,16.0,2026-09-10T21:00:00.000Z,PAPER_BUY,model_probability=0.2871; entry=0.0010; gross_edge=0.2861; fee=0.00005; net_ev=0.2861; entry_source=ask; fee_source=market
2026-09-10T21:49:08.058651+00:00,Houston,KHOU,2026-09-10,highest_temperature,F,4359173,houston|2026_09_10|highest_temperature|f|khou,range,,92.0,93.0,92-93°F,0.295101,0.0055,0.009,0.05,0.00044595,0.286101,0.285655,110.061561,3,32.3333,31.4,32.8,0.8083,30.6,2026-09-10T21:00:00.000Z,PAPER_BUY,model_probability=0.2951; entry=0.0090; gross_edge=0.2861; fee=0.00045; net_ev=0.2857; entry_source=ask; fee_source=market
2026-09-10T21:49:08.058333+00:00,Chicago,KORD,2026-09-10,highest_temperature,F,4359147,chicago|2026_09_10|highest_temperature|f|kord,range,,74.0,75.0,74-75°F,0.284962,0.0005,0.001,0.05,4.995e-05,0.283962,0.283912,998.95005,3,24.9333,24.4,25.2,0.4619,25.0,2026-09-10T21:00:00.000Z,PAPER_BUY,model_probability=0.2850; entry=0.0010; gross_edge=0.2840; fee=0.00005; net_ev=0.2839; entry_source=ask; fee_source=market
2026-09-10T21:49:08.083419+00:00,New York City,KLGA,2026-09-12,highest_temperature,F,4434108,new_york_city|2026_09_12|highest_temperature|f|klga,range,,82.0,83.0,82-83°F,0.366806,0.06,0.08,0.05,0.00368,0.286806,0.283126,11.454,3,27.1,25.9,27.7,1.0392,30.0,2026-09-10T21:00:00.000Z,PAPER_BUY,model_probability=0.3668; entry=0.0800; gross_edge=0.2868; fee=0.00368; net_ev=0.2831; entry_source=ask; fee_source=market
2026-09-10T21:49:08.061928+00:00,Tokyo,RJTT,2026-09-11,lowest_temperature,C,4399212,tokyo|2026_09_11|lowest_temperature|c|rjtt,exact,20.0,20.0,20.0,20°C,0.283293,0.0005,0.001,0.05,4.995e-05,0.282293,0.282243,998.95005,3,19.3667,19.0,19.6,0.3215,19.0,2026-09-10T21:30:00.000Z,PAPER_BUY,model_probability=0.2833; entry=0.0010; gross_edge=0.2823; fee=0.00005; net_ev=0.2822; entry_source=ask; fee_source=market
2026-09-10T21:49:08.083960+00:00,Denver,KBKF,2026-09-12,highest_temperature,F,4434149,denver|2026_09_12|highest_temperature|f|kbkf,range,,80.0,81.0,80-81°F,0.444992,0.125,0.16,0.05,0.00672,0.284992,0.278272,5.208,3,27.4667,27.1,28.2,0.6351,30.4,2026-09-10T21:00:00.000Z,PAPER_BUY,model_probability=0.4450; entry=0.1600; gross_edge=0.2850; fee=0.00672; net_ev=0.2783; entry_source=ask; fee_source=market
2026-09-10T21:49:08.058201+00:00,Miami,KMIA,2026-09-10,highest_temperature,F,4359137,miami|2026_09_10|highest_temperature|f|kmia,range,,86.0,87.0,86-87°F,0.27917,0.0005,0.001,0.05,4.995e-05,0.27817,0.27812,998.95005,3,30.9667,28.9,32.0,1.7898,29.4,2026-09-10T21:00:00.000Z,PAPER_BUY,model_probability=0.2792; entry=0.0010; gross_edge=0.2782; fee=0.00005; net_ev=0.2781; entry_source=ask; fee_source=market
2026-09-10T21:49:08.056050+00:00,Warsaw,EPWA,2026-09-10,highest_temperature,C,4356386,warsaw|2026_09_10|highest_temperature|c|epwa,exact,19.0,19.0,19.0,19°C,0.278795,0.0005,0.001,0.05,4.995e-05,0.277795,0.277745,998.95005,3,19.1667,17.8,20.1,1.2097,11.0,2026-09-10T21:30:00.000Z,PAPER_BUY,model_probability=0.2788; entry=0.0010; gross_edge=0.2778; fee=0.00005; net_ev=0.2777; entry_source=ask; fee_source=market
2026-09-10T21:49:08.069228+00:00,New York City,KLGA,2026-09-11,lowest_temperature,F,4401741,new_york_city|2026_09_11|lowest_temperature|f|klga,range,,68.0,69.0,68-69°F,0.441823,0.155,0.16,0.05,0.00672,0.281823,0.275103,5.208,3,19.7333,19.3,20.6,0.7506,30.0,2026-09-10T21:00:00.000Z,PAPER_BUY,model_probability=0.4418; entry=0.1600; gross_edge=0.2818; fee=0.00672; net_ev=0.2751; entry_source=ask; fee_source=market
2026-09-10T21:49:08.082141+00:00,Chicago,KORD,2026-09-12,highest_temperature,F,4433728,chicago|2026_09_12|highest_temperature|f|kord,range,,86.0,87.0,86-87°F,0.441823,0.14,0.16,0.05,0.00672,0.281823,0.275103,5.208,3,29.7333,28.8,30.2,0.8083,25.0,2026-09-10T21:00:00.000Z,PAPER_BUY,model_probability=0.4418; entry=0.1600; gross_edge=0.2818; fee=0.00672; net_ev=0.2751; entry_source=ask; fee_source=market
2026-09-10T21:49:08.070656+00:00,New York City,KLGA,2026-09-11,highest_temperature,F,4402216,new_york_city|2026_09_11|highest_temperature|f|klga,range,,82.0,83.0,82-83°F,0.471114,0.185,0.19,0.05,0.007695,0.281114,0.273419,4.222658,3,27.7667,27.1,28.1,0.5774,30.0,2026-09-10T21:00:00.000Z,PAPER_BUY,model_probability=0.4711; entry=0.1900; gross_edge=0.2811; fee=0.00770; net_ev=0.2734; entry_source=ask; fee_source=market
2026-09-10T21:49:08.083408+00:00,New York City,KLGA,2026-09-12,highest_temperature,F,4434107,new_york_city|2026_09_12|highest_temperature|f|klga,range,,80.0,81.0,80-81°F,0.479602,0.19,0.2,0.05,0.008,0.279602,0.271602,3.96,3,27.1,25.9,27.7,1.0392,30.0,2026-09-10T21:00:00.000Z,PAPER_BUY,model_probability=0.4796; entry=0.2000; gross_edge=0.2796; fee=0.00800; net_ev=0.2716; entry_source=ask; fee_source=market
2026-09-10T21:49:08.057898+00:00,Denver,KBKF,2026-09-10,lowest_temperature,F,4358921,denver|2026_09_10|lowest_temperature|f|kbkf,range,,56.0,57.0,56-57°F,0.272314,0.0005,0.001,0.05,4.995e-05,0.271314,0.271264,998.95005,3,12.2333,11.7,13.3,0.9238,30.4,2026-09-10T21:00:00.000Z,PAPER_BUY,model_probability=0.2723; entry=0.0010; gross_edge=0.2713; fee=0.00005; net_ev=0.2713; entry_source=ask; fee_source=market
2026-09-10T21:49:08.065228+00:00,Wellington,NZWN,2026-09-11,highest_temperature,C,4399995,wellington|2026_09_11|highest_temperature|c|nzwn,exact,13.0,13.0,13.0,13°C,0.309157,0.0335,0.037,0.05,0.00178155,0.272157,0.270375,25.978877,3,13.3667,12.7,13.8,0.5859,11.0,2026-09-10T21:30:00.000Z,PAPER_BUY,model_probability=0.3092; entry=0.0370; gross_edge=0.2722; fee=0.00178; net_ev=0.2704; entry_source=ask; fee_source=market
2026-09-10T21:49:08.061518+00:00,Wellington,NZWN,2026-09-11,lowest_temperature,C,4399166,wellington|2026_09_11|lowest_temperature|c|nzwn,exact,6.0,6.0,6.0,6°C,0.270887,0.0005,0.001,0.05,4.995e-05,0.269887,0.269837,998.95005,3,6.7333,6.3,7.2,0.4509,11.0,2026-09-10T21:30:00.000Z,PAPER_BUY,model_probability=0.2709; entry=0.0010; gross_edge=0.2699; fee=0.00005; net_ev=0.2698; entry_source=ask; fee_source=market
2026-09-10T21:49:08.064573+00:00,Manila,RPLL,2026-09-11,lowest_temperature,C,4399476,manila|2026_09_11|lowest_temperature|c|rpll,exact,26.0,26.0,26.0,26°C,0.270887,0.0005,0.001,0.05,4.995e-05,0.269887,0.269837,998.95005,3,25.2667,24.3,26.0,0.8737,25.0,2026-09-10T21:00:00.000Z,PAPER_BUY,model_probability=0.2709; entry=0.0010; gross_edge=0.2699; fee=0.00005; net_ev=0.2698; entry_source=ask; fee_source=market
2026-09-10T21:49:08.081809+00:00,Manila,RPLL,2026-09-12,highest_temperature,C,4431545,manila|2026_09_12|highest_temperature|c|rpll,exact,28.0,28.0,28.0,28°C,0.309157,0.025,0.04,0.05,0.00192,0.269157,0.267237,23.952,3,28.3667,27.9,29.1,0.6429,25.0,2026-09-10T21:00:00.000Z,PAPER_BUY,model_probability=0.3092; entry=0.0400; gross_edge=0.2692; fee=0.00192; net_ev=0.2672; entry_source=ask; fee_source=market
2026-09-10T21:49:08.054305+00:00,London,EGLC,2026-09-10,lowest_temperature,C,4355529,london|2026_09_10|lowest_temperature|c|eglc,or_higher,15.0,15.0,,15°C or higher,0.268256,0.0005,0.001,0.05,4.995e-05,0.267256,0.267206,998.95005,3,13.7333,12.5,14.5,1.0786,18.0,2026-09-10T21:20:00.000Z,PAPER_BUY,model_probability=0.2683; entry=0.0010; gross_edge=0.2673; fee=0.00005; net_ev=0.2672; entry_source=ask; fee_source=market
2026-09-10T21:49:08.054800+00:00,Madrid,LEMD,2026-09-10,lowest_temperature,C,4355689,madrid|2026_09_10|lowest_temperature|c|lemd,exact,12.0,12.0,12.0,12°C,0.266816,0.0005,0.001,0.05,4.995e-05,0.265816,0.265766,998.95005,3,11.9333,11.1,13.4,1.2741,20.0,2026-09-10T21:30:00.000Z,PAPER_BUY,model_probability=0.2668; entry=0.0010; gross_edge=0.2658; fee=0.00005; net_ev=0.2658; entry_source=ask; fee_source=market
2026-09-10T21:49:08.054975+00:00,Warsaw,EPWA,2026-09-10,lowest_temperature,C,4355728,warsaw|2026_09_10|lowest_temperature|c|epwa,exact,14.0,14.0,14.0,14°C,0.266485,0.0005,0.001,0.05,4.995e-05,0.265485,0.265435,998.95005,3,13.2333,12.1,13.9,0.9866,11.0,2026-09-10T21:30:00.000Z,PAPER_BUY,model_probability=0.2665; entry=0.0010; gross_edge=0.2655; fee=0.00005; net_ev=0.2654; entry_source=ask; fee_source=market
2026-09-10T21:49:08.054279+00:00,London,EGLC,2026-09-10,lowest_temperature,C,4355527,london|2026_09_10|lowest_temperature|c|eglc,exact,13.0,13.0,13.0,13°C,0.265362,0.0005,0.001,0.05,4.995e-05,0.264362,0.264312,998.95005,3,13.7333,12.5,14.5,1.0786,18.0,2026-09-10T21:20:00.000Z,PAPER_BUY,model_probability=0.2654; entry=0.0010; gross_edge=0.2644; fee=0.00005; net_ev=0.2643; entry_source=ask; fee_source=market
2026-09-10T21:49:08.058027+00:00,Houston,KHOU,2026-09-10,lowest_temperature,F,4358931,houston|2026_09_10|lowest_temperature|f|khou,range,,74.0,75.0,74-75°F,0.284962,0.01,0.02,0.05,0.00098,0.264962,0.263982,48.951,3,24.9333,23.8,25.5,0.9815,30.6,2026-09-10T21:00:00.000Z,PAPER_BUY,model_probability=0.2850; entry=0.0200; gross_edge=0.2650; fee=0.00098; net_ev=0.2640; entry_source=ask; fee_source=market
2026-09-10T21:49:08.060731+00:00,Mexico City,MMMX,2026-09-10,highest_temperature,C,4363782,mexico_city|2026_09_10|highest_temperature|c|mmmx,exact,24.0,24.0,24.0,24°C,0.257331,0.0005,0.001,0.05,4.995e-05,0.256331,0.256281,998.95005,3,24.8333,23.8,25.6,0.9292,23.0,2026-09-10T21:45:00.000Z,PAPER_BUY,model_probability=0.2573; entry=0.0010; gross_edge=0.2563; fee=0.00005; net_ev=0.2563; entry_source=ask; fee_source=market
2026-09-10T21:49:08.059032+00:00,San Francisco,KSFO,2026-09-10,lowest_temperature,F,4361532,san_francisco|2026_09_10|lowest_temperature|f|ksfo,range,,60.0,61.0,60-61°F,0.273808,0.0105,0.02,0.05,0.00098,0.253808,0.252828,48.951,3,16.4667,15.4,18.6,1.8475,28.9,2026-09-10T21:00:00.000Z,PAPER_BUY,model_probability=0.2738; entry=0.0200; gross_edge=0.2538; fee=0.00098; net_ev=0.2528; entry_source=ask; fee_source=market
2026-09-10T21:49:08.067975+00:00,Guangzhou,ZGGG,2026-09-11,highest_temperature,C,4400278,guangzhou|2026_09_11|highest_temperature|c|zggg,exact,30.0,30.0,30.0,30°C,0.283293,0.025,0.03,0.05,0.001455,0.253293,0.251838,32.284833,3,30.6333,30.3,31.0,0.3512,25.0,2026-09-10T21:30:00.000Z,PAPER_BUY,model_probability=0.2833; entry=0.0300; gross_edge=0.2533; fee=0.00145; net_ev=0.2518; entry_source=ask; fee_source=market
2026-09-10T21:49:08.055896+00:00,Madrid,LEMD,2026-09-10,highest_temperature,C,4356371,madrid|2026_09_10|highest_temperature|c|lemd,exact,26.0,26.0,26.0,26°C,0.252597,0.0005,0.001,0.05,4.995e-05,0.251597,0.251547,998.95005,3,26.8667,26.4,27.7,0.7234,20.0,2026-09-10T21:30:00.000Z,PAPER_BUY,model_probability=0.2526; entry=0.0010; gross_edge=0.2516; fee=0.00005; net_ev=0.2515; entry_source=ask; fee_source=market
2026-09-10T21:49:08.071066+00:00,Houston,KHOU,2026-09-11,highest_temperature,F,4402247,houston|2026_09_11|highest_temperature|f|khou,range,,88.0,89.0,88-89°F,0.459122,0.19,0.2,0.05,0.008,0.259122,0.251122,3.96,3,31.8,31.8,31.8,0.0,30.6,2026-09-10T21:00:00.000Z,PAPER_BUY,model_probability=0.4591; entry=0.2000; gross_edge=0.2591; fee=0.00800; net_ev=0.2511; entry_source=ask; fee_source=market
2026-09-10T21:49:08.084877+00:00,Los Angeles,KLAX,2026-09-12,highest_temperature,F,4436807,los_angeles|2026_09_12|highest_temperature|f|klax,or_higher,88.0,88.0,,88°F or higher,0.34515,0.085,0.09,0.05,0.004095,0.25515,0.251055,10.065611,3,29.5,28.1,32.3,2.4249,31.1,2026-09-10T21:00:00.000Z,PAPER_BUY,model_probability=0.3452; entry=0.0900; gross_edge=0.2552; fee=0.00409; net_ev=0.2511; entry_source=ask; fee_source=market
2026-09-10T21:49:08.060619+00:00,Toronto,CYYZ,2026-09-10,highest_temperature,C,4363772,toronto|2026_09_10|highest_temperature|c|cyyz,exact,26.0,26.0,26.0,26°C,0.263376,0.0065,0.013,0.05,0.00064155,0.250376,0.249735,75.873727,3,25.5,24.1,26.2,1.2124,23.0,2026-09-10T21:00:00.000Z,PAPER_BUY,model_probability=0.2634; entry=0.0130; gross_edge=0.2504; fee=0.00064; net_ev=0.2497; entry_source=ask; fee_source=market
2026-09-10T21:49:08.057476+00:00,Miami,KMIA,2026-09-10,lowest_temperature,F,4358889,miami|2026_09_10|lowest_temperature|f|kmia,range,,80.0,81.0,80-81°F,0.249755,0.0005,0.001,0.05,4.995e-05,0.248755,0.248705,998.95005,3,25.4667,25.2,26.0,0.4619,29.4,2026-09-10T21:00:00.000Z,PAPER_BUY,model_probability=0.2498; entry=0.0010; gross_edge=0.2488; fee=0.00005; net_ev=0.2487; entry_source=ask; fee_source=market
2026-09-10T21:49:08.055811+00:00,Milan,LIMC,2026-09-10,highest_temperature,C,4356359,milan|2026_09_10|highest_temperature|c|limc,exact,21.0,21.0,21.0,21°C,0.247769,0.0005,0.001,0.05,4.995e-05,0.246769,0.246719,998.95005,3,21.9,21.4,22.4,0.5,19.0,2026-09-10T21:20:00.000Z,PAPER_BUY,model_probability=0.2478; entry=0.0010; gross_edge=0.2468; fee=0.00005; net_ev=0.2467; entry_source=ask; fee_source=market
2026-09-10T21:49:08.060854+00:00,Panama City,MPMG,2026-09-10,highest_temperature,C,4363792,panama_city|2026_09_10|highest_temperature|c|mpmg,exact,29.0,29.0,29.0,29°C,0.247769,0.0005,0.001,0.05,4.995e-05,0.246769,0.246719,998.95005,3,29.9,29.5,30.3,0.4,29.0,2026-09-10T21:00:00.000Z,PAPER_BUY,model_probability=0.2478; entry=0.0010; gross_edge=0.2468; fee=0.00005; net_ev=0.2467; entry_source=ask; fee_source=market
2026-09-10T21:49:08.070667+00:00,New York City,KLGA,2026-09-11,highest_temperature,F,4402217,new_york_city|2026_09_11|highest_temperature|f|klga,range,,84.0,85.0,84-85°F,0.267272,0.01,0.02,0.05,0.00098,0.247272,0.246292,48.951,3,27.7667,27.1,28.1,0.5774,30.0,2026-09-10T21:00:00.000Z,PAPER_BUY,model_probability=0.2673; entry=0.0200; gross_edge=0.2473; fee=0.00098; net_ev=0.2463; entry_source=ask; fee_source=market
2026-09-10T21:49:08.056892+00:00,Denver,KBKF,2026-09-10,highest_temperature,F,4358682,denver|2026_09_10|highest_temperature|f|kbkf,range,,84.0,85.0,84-85°F,0.244798,0.0005,0.001,0.05,4.995e-05,0.243798,0.243748,998.95005,3,30.6667,30.6,30.8,0.1155,30.4,2026-09-10T21:00:00.000Z,PAPER_BUY,model_probability=0.2448; entry=0.0010; gross_edge=0.2438; fee=0.00005; net_ev=0.2437; entry_source=ask; fee_source=market
2026-09-10T21:49:08.055505+00:00,Paris,LFPB,2026-09-10,highest_temperature,C,4356234,paris|2026_09_10|highest_temperature|c|lfpb,exact,20.0,20.0,20.0,20°C,0.242856,0.0005,0.001,0.05,4.995e-05,0.241856,0.241806,998.95005,3,20.9333,20.3,21.6,0.6506,14.0,2026-09-10T21:30:00.000Z,PAPER_BUY,model_probability=0.2429; entry=0.0010; gross_edge=0.2419; fee=0.00005; net_ev=0.2418; entry_source=ask; fee_source=market
2026-09-10T21:49:08.060446+00:00,Buenos Aires,SAEZ,2026-09-10,highest_temperature,C,4363757,buenos_aires|2026_09_10|highest_temperature|c|saez,exact,20.0,20.0,20.0,20°C,0.242856,0.0005,0.001,0.05,4.995e-05,0.241856,0.241806,998.95005,3,20.9333,20.7,21.1,0.2082,19.0,2026-09-10T21:00:00.000Z,PAPER_BUY,model_probability=0.2429; entry=0.0010; gross_edge=0.2419; fee=0.00005; net_ev=0.2418; entry_source=ask; fee_source=market
2026-09-10T21:49:08.081989+00:00,Dallas,KDAL,2026-09-12,highest_temperature,F,4433717,dallas|2026_09_12|highest_temperature|f|kdal,range,,102.0,103.0,102-103°F,0.470186,0.2,0.22,0.05,0.00858,0.250186,0.241606,3.506455,3,38.8667,38.8,38.9,0.0577,36.7,2026-09-10T21:00:00.000Z,PAPER_BUY,model_probability=0.4702; entry=0.2200; gross_edge=0.2502; fee=0.00858; net_ev=0.2416; entry_source=ask; fee_source=market
2026-09-10T21:49:08.055131+00:00,Amsterdam,EHAM,2026-09-10,lowest_temperature,C,4355847,amsterdam|2026_09_10|lowest_temperature|c|eham,exact,12.0,12.0,12.0,12°C,0.241815,0.0005,0.001,0.05,4.995e-05,0.240815,0.240765,998.95005,3,12.1667,10.7,13.5,1.4048,16.0,2026-09-10T21:25:00.000Z,PAPER_BUY,model_probability=0.2418; entry=0.0010; gross_edge=0.2408; fee=0.00005; net_ev=0.2408; entry_source=ask; fee_source=market
2026-09-10T21:49:08.079356+00:00,Singapore,WSSS,2026-09-12,highest_temperature,C,4431303,singapore|2026_09_12|highest_temperature|c|wsss,exact,30.0,30.0,30.0,30°C,0.279299,0.03,0.04,0.05,0.00192,0.239299,0.237379,23.952,3,30.6667,30.1,31.0,0.4933,28.0,2026-09-10T21:30:00.000Z,PAPER_BUY,model_probability=0.2793; entry=0.0400; gross_edge=0.2393; fee=0.00192; net_ev=0.2374; entry_source=ask; fee_source=market
2026-09-10T21:49:08.068638+00:00,Dallas,KDAL,2026-09-11,highest_temperature,F,4401431,dallas|2026_09_11|highest_temperature|f|kdal,range,,98.0,99.0,98-99°F,0.482823,0.23,0.24,0.05,0.00912,0.242823,0.233703,3.128667,3,36.9,36.9,36.9,0.0,36.7,2026-09-10T21:00:00.000Z,PAPER_BUY,model_probability=0.4828; entry=0.2400; gross_edge=0.2428; fee=0.00912; net_ev=0.2337; entry_source=ask; fee_source=market
2026-09-10T21:49:08.060630+00:00,Toronto,CYYZ,2026-09-10,highest_temperature,C,4363773,toronto|2026_09_10|highest_temperature|c|cyyz,or_higher,27.0,27.0,,27°C or higher,0.236624,0.0015,0.003,0.05,0.00014955,0.233624,0.233474,332.283483,3,25.5,24.1,26.2,1.2124,23.0,2026-09-10T21:00:00.000Z,PAPER_BUY,model_probability=0.2366; entry=0.0030; gross_edge=0.2336; fee=0.00015; net_ev=0.2335; entry_source=ask; fee_source=market
2026-09-10T21:49:08.059525+00:00,San Francisco,KSFO,2026-09-10,highest_temperature,F,4362188,san_francisco|2026_09_10|highest_temperature|f|ksfo,range,,86.0,87.0,86-87°F,0.275267,0.03,0.04,0.05,0.00192,0.235267,0.233347,23.952,3,30.0,28.9,32.2,1.9053,28.9,2026-09-10T21:00:00.000Z,PAPER_BUY,model_probability=0.2753; entry=0.0400; gross_edge=0.2353; fee=0.00192; net_ev=0.2333; entry_source=ask; fee_source=market
2026-09-10T21:49:08.059738+00:00,Buenos Aires,SAEZ,2026-09-10,lowest_temperature,C,4363375,buenos_aires|2026_09_10|lowest_temperature|c|saez,exact,8.0,8.0,8.0,8°C,0.232811,0.0005,0.001,0.05,4.995e-05,0.231811,0.231761,998.95005,3,9.0,8.6,9.2,0.3464,19.0,2026-09-10T21:00:00.000Z,PAPER_BUY,model_probability=0.2328; entry=0.0010; gross_edge=0.2318; fee=0.00005; net_ev=0.2318; entry_source=ask; fee_source=market
2026-09-10T21:49:08.059758+00:00,Buenos Aires,SAEZ,2026-09-10,lowest_temperature,C,4363377,buenos_aires|2026_09_10|lowest_temperature|c|saez,exact,10.0,10.0,10.0,10°C,0.232811,0.0005,0.001,0.05,4.995e-05,0.231811,0.231761,998.95005,3,9.0,8.6,9.2,0.3464,19.0,2026-09-10T21:00:00.000Z,PAPER_BUY,model_probability=0.2328; entry=0.0010; gross_edge=0.2318; fee=0.00005; net_ev=0.2318; entry_source=ask; fee_source=market
2026-09-10T21:49:08.073382+00:00,Panama City,MPMG,2026-09-11,highest_temperature,C,4405146,panama_city|2026_09_11|highest_temperature|c|mpmg,exact,30.0,30.0,30.0,30°C,0.272877,0.035,0.04,0.05,0.00192,0.232877,0.230957,23.952,3,30.4333,29.7,31.8,1.1846,29.0,2026-09-10T21:00:00.000Z,PAPER_BUY,model_probability=0.2729; entry=0.0400; gross_edge=0.2329; fee=0.00192; net_ev=0.2310; entry_source=ask; fee_source=market
2026-09-10T21:49:08.065095+00:00,Ankara,LTAC,2026-09-11,highest_temperature,C,4399985,ankara|2026_09_11|highest_temperature|c|ltac,exact,29.0,29.0,29.0,29°C,0.261963,0.025,0.03,0.05,0.001455,0.231963,0.230508,32.284833,3,29.8,29.3,30.4,0.5568,17.0,2026-09-10T21:20:00.000Z,PAPER_BUY,model_probability=0.2620; entry=0.0300; gross_edge=0.2320; fee=0.00145; net_ev=0.2305; entry_source=ask; fee_source=market
2026-09-10T21:49:08.056785+00:00,Atlanta,KATL,2026-09-10,highest_temperature,F,4358674,atlanta|2026_09_10|highest_temperature|f|katl,range,,92.0,93.0,92-93°F,0.249755,0.01,0.02,0.05,0.00098,0.229755,0.228775,48.951,3,32.1333,31.8,32.3,0.2887,32.2,2026-09-10T21:00:00.000Z,PAPER_BUY,model_probability=0.2498; entry=0.0200; gross_edge=0.2298; fee=0.00098; net_ev=0.2288; entry_source=ask; fee_source=market
2026-09-10T21:49:08.069070+00:00,Denver,KBKF,2026-09-11,highest_temperature,F,4401464,denver|2026_09_11|highest_temperature|f|kbkf,range,,88.0,89.0,88-89°F,0.466145,0.205,0.23,0.05,0.008855,0.236145,0.22729,3.309326,3,31.7333,31.5,32.2,0.4041,30.4,2026-09-10T21:00:00.000Z,PAPER_BUY,model_probability=0.4661; entry=0.2300; gross_edge=0.2361; fee=0.00886; net_ev=0.2273; entry_source=ask; fee_source=market
2026-09-10T21:49:08.057345+00:00,Atlanta,KATL,2026-09-10,lowest_temperature,F,4358879,atlanta|2026_09_10|lowest_temperature|f|katl,range,,74.0,75.0,74-75°F,0.227667,0.0005,0.001,0.05,4.995e-05,0.226667,0.226617,998.95005,3,22.0333,21.1,22.5,0.8083,32.2,2026-09-10T21:00:00.000Z,PAPER_BUY,model_probability=0.2277; entry=0.0010; gross_edge=0.2267; fee=0.00005; net_ev=0.2266; entry_source=ask; fee_source=market
2026-09-10T21:49:08.059395+00:00,Los Angeles,KLAX,2026-09-10,highest_temperature,F,4362178,los_angeles|2026_09_10|highest_temperature|f|klax,range,,92.0,93.0,92-93°F,0.235561,0.0055,0.01,0.05,0.000495,0.225561,0.225066,98.9505,3,35.2,34.5,36.6,1.2124,31.1,2026-09-10T21:00:00.000Z,PAPER_BUY,model_probability=0.2356; entry=0.0100; gross_edge=0.2256; fee=0.00049; net_ev=0.2251; entry_source=ask; fee_source=market
2026-09-10T21:49:08.078938+00:00,Munich,EDDM,2026-09-12,highest_temperature,C,4431248,munich|2026_09_12|highest_temperature|c|eddm,exact,21.0,21.0,21.0,21°C,0.287135,0.045,0.06,0.05,0.00282,0.227135,0.224315,15.619667,3,21.6,21.3,21.8,0.2646,12.0,2026-09-10T21:20:00.000Z,PAPER_BUY,model_probability=0.2871; entry=0.0600; gross_edge=0.2271; fee=0.00282; net_ev=0.2243; entry_source=ask; fee_source=market
2026-09-10T21:49:08.066708+00:00,Wuhan,ZHHH,2026-09-11,highest_temperature,C,4400156,wuhan|2026_09_11|highest_temperature|c|zhhh,exact,27.0,27.0,27.0,27°C,0.306579,0.075,0.08,0.05,0.00368,0.226579,0.222899,11.454,3,27.4,27.2,27.6,0.2,18.0,2026-09-10T21:00:00.000Z,PAPER_BUY,model_probability=0.3066; entry=0.0800; gross_edge=0.2266; fee=0.00368; net_ev=0.2229; entry_source=ask; fee_source=market
2026-09-10T21:49:08.082001+00:00,Dallas,KDAL,2026-09-12,highest_temperature,F,4433718,dallas|2026_09_12|highest_temperature|f|kdal,range,,104.0,105.0,104-105°F,0.264756,0.03,0.04,0.05,0.00192,0.224756,0.222836,23.952,3,38.8667,38.8,38.9,0.0577,36.7,2026-09-10T21:00:00.000Z,PAPER_BUY,model_probability=0.2648; entry=0.0400; gross_edge=0.2248; fee=0.00192; net_ev=0.2228; entry_source=ask; fee_source=market
2026-09-10T21:49:08.055524+00:00,Paris,LFPB,2026-09-10,highest_temperature,C,4356236,paris|2026_09_10|highest_temperature|c|lfpb,exact,22.0,22.0,22.0,22°C,0.222532,0.0005,0.001,0.05,4.995e-05,0.221532,0.221482,998.95005,3,20.9333,20.3,21.6,0.6506,14.0,2026-09-10T21:30:00.000Z,PAPER_BUY,model_probability=0.2225; entry=0.0010; gross_edge=0.2215; fee=0.00005; net_ev=0.2215; entry_source=ask; fee_source=market
2026-09-10T21:49:08.082222+00:00,New York City,KLGA,2026-09-12,lowest_temperature,F,4433891,new_york_city|2026_09_12|lowest_temperature|f|klga,range,,58.0,59.0,58-59°F,0.241687,0.01,0.02,0.05,0.00098,0.221687,0.220707,48.951,3,16.2667,15.6,17.6,1.1547,30.0,2026-09-10T21:00:00.000Z,PAPER_BUY,model_probability=0.2417; entry=0.0200; gross_edge=0.2217; fee=0.00098; net_ev=0.2207; entry_source=ask; fee_source=market
2026-09-10T21:49:08.081819+00:00,Manila,RPLL,2026-09-12,highest_temperature,C,4431546,manila|2026_09_12|highest_temperature|c|rpll,exact,29.0,29.0,29.0,29°C,0.283293,0.05,0.06,0.05,0.00282,0.223293,0.220473,15.619667,3,28.3667,27.9,29.1,0.6429,25.0,2026-09-10T21:00:00.000Z,PAPER_BUY,model_probability=0.2833; entry=0.0600; gross_edge=0.2233; fee=0.00282; net_ev=0.2205; entry_source=ask; fee_source=market
2026-09-10T21:49:08.060466+00:00,Buenos Aires,SAEZ,2026-09-10,highest_temperature,C,4363759,buenos_aires|2026_09_10|highest_temperature|c|saez,exact,22.0,22.0,22.0,22°C,0.222532,0.0015,0.003,0.05,0.00014955,0.219532,0.219383,332.283483,3,20.9333,20.7,21.1,0.2082,19.0,2026-09-10T21:00:00.000Z,PAPER_BUY,model_probability=0.2225; entry=0.0030; gross_edge=0.2195; fee=0.00015; net_ev=0.2194; entry_source=ask; fee_source=market
2026-09-10T21:49:08.068649+00:00,Dallas,KDAL,2026-09-11,highest_temperature,F,4401432,dallas|2026_09_11|highest_temperature|f|kdal,range,,100.0,101.0,100-101°F,0.322873,0.085,0.1,0.05,0.0045,0.222873,0.218373,8.955,3,36.9,36.9,36.9,0.0,36.7,2026-09-10T21:00:00.000Z,PAPER_BUY,model_probability=0.3229; entry=0.1000; gross_edge=0.2229; fee=0.00450; net_ev=0.2184; entry_source=ask; fee_source=market
2026-09-10T21:49:08.082245+00:00,New York City,KLGA,2026-09-12,lowest_temperature,F,4433893,new_york_city|2026_09_12|lowest_temperature|f|klga,range,,62.0,63.0,62-63°F,0.393503,0.16,0.17,0.05,0.007055,0.223503,0.216448,4.840853,3,16.2667,15.6,17.6,1.1547,30.0,2026-09-10T21:00:00.000Z,PAPER_BUY,model_probability=0.3935; entry=0.1700; gross_edge=0.2235; fee=0.00706; net_ev=0.2164; entry_source=ask; fee_source=market
2026-09-10T21:49:08.055374+00:00,London,EGLC,2026-09-10,highest_temperature,C,4356223,london|2026_09_10|highest_temperature|c|eglc,exact,19.0,19.0,19.0,19°C,0.217326,0.0005,0.001,0.05,4.995e-05,0.216326,0.216276,998.95005,3,20.1,19.0,20.9,0.9849,18.0,2026-09-10T21:20:00.000Z,PAPER_BUY,model_probability=0.2173; entry=0.0010; gross_edge=0.2163; fee=0.00005; net_ev=0.2163; entry_source=ask; fee_source=market
2026-09-10T21:49:08.055831+00:00,Milan,LIMC,2026-09-10,highest_temperature,C,4356361,milan|2026_09_10|highest_temperature|c|limc,exact,23.0,23.0,23.0,23°C,0.217326,0.0005,0.001,0.05,4.995e-05,0.216326,0.216276,998.95005,3,21.9,21.4,22.4,0.5,19.0,2026-09-10T21:20:00.000Z,PAPER_BUY,model_probability=0.2173; entry=0.0010; gross_edge=0.2163; fee=0.00005; net_ev=0.2163; entry_source=ask; fee_source=market
2026-09-10T21:49:08.059536+00:00,San Francisco,KSFO,2026-09-10,highest_temperature,F,4362189,san_francisco|2026_09_10|highest_temperature|f|ksfo,range,,88.0,89.0,88-89°F,0.228793,0.0075,0.013,0.05,0.00064155,0.215793,0.215152,75.873727,3,30.0,28.9,32.2,1.9053,28.9,2026-09-10T21:00:00.000Z,PAPER_BUY,model_probability=0.2288; entry=0.0130; gross_edge=0.2158; fee=0.00064; net_ev=0.2152; entry_source=ask; fee_source=market
2026-09-10T21:49:08.060166+00:00,Panama City,MPMG,2026-09-10,lowest_temperature,C,4363410,panama_city|2026_09_10|lowest_temperature|c|mpmg,exact,24.0,24.0,24.0,24°C,0.297672,0.04,0.08,0.05,0.00368,0.217672,0.213992,11.454,3,24.5,24.1,25.3,0.6928,29.0,2026-09-10T21:00:00.000Z,PAPER_BUY,model_probability=0.2977; entry=0.0800; gross_edge=0.2177; fee=0.00368; net_ev=0.2140; entry_source=ask; fee_source=market
2026-09-10T21:49:08.069059+00:00,Denver,KBKF,2026-09-11,highest_temperature,F,4401463,denver|2026_09_11|highest_temperature|f|kbkf,range,,86.0,87.0,86-87°F,0.254736,0.03,0.04,0.05,0.00192,0.214736,0.212816,23.952,3,31.7333,31.5,32.2,0.4041,30.4,2026-09-10T21:00:00.000Z,PAPER_BUY,model_probability=0.2547; entry=0.0400; gross_edge=0.2147; fee=0.00192; net_ev=0.2128; entry_source=ask; fee_source=market
2026-09-10T21:49:08.067737+00:00,Jeddah,OEJN,2026-09-11,highest_temperature,C,4400262,jeddah|2026_09_11|highest_temperature|c|oejn,or_higher,38.0,38.0,,38°C or higher,0.441364,0.215,0.22,0.05,0.00858,0.221364,0.212784,3.506455,3,37.3,36.3,38.6,1.179,32.0,2026-09-10T21:00:00.000Z,PAPER_BUY,model_probability=0.4414; entry=0.2200; gross_edge=0.2214; fee=0.00858; net_ev=0.2128; entry_source=ask; fee_source=market
2026-09-10T21:49:08.055142+00:00,Amsterdam,EHAM,2026-09-10,lowest_temperature,C,4355848,amsterdam|2026_09_10|lowest_temperature|c|eham,exact,13.0,13.0,13.0,13°C,0.213678,0.0005,0.001,0.05,4.995e-05,0.212678,0.212628,998.95005,3,12.1667,10.7,13.5,1.4048,16.0,2026-09-10T21:25:00.000Z,PAPER_BUY,model_probability=0.2137; entry=0.0010; gross_edge=0.2127; fee=0.00005; net_ev=0.2126; entry_source=ask; fee_source=market
2026-09-10T21:49:08.056609+00:00,Dallas,KDAL,2026-09-10,highest_temperature,F,4358660,dallas|2026_09_10|highest_temperature|f|kdal,range,,94.0,95.0,94-95°F,0.21331,0.0005,0.001,0.05,4.995e-05,0.21231,0.21226,998.95005,3,36.3667,36.3,36.5,0.1155,36.7,2026-09-10T21:00:00.000Z,PAPER_BUY,model_probability=0.2133; entry=0.0010; gross_edge=0.2123; fee=0.00005; net_ev=0.2123; entry_source=ask; fee_source=market
2026-09-10T21:49:08.057046+00:00,New York City,KLGA,2026-09-10,lowest_temperature,F,4358856,new_york_city|2026_09_10|lowest_temperature|f|klga,range,,74.0,75.0,74-75°F,0.21331,0.0005,0.001,0.05,4.995e-05,0.21231,0.21226,998.95005,3,21.9667,21.5,22.2,0.4041,30.0,2026-09-10T21:00:00.000Z,PAPER_BUY,model_probability=0.2133; entry=0.0010; gross_edge=0.2123; fee=0.00005; net_ev=0.2123; entry_source=ask; fee_source=market
2026-09-10T21:49:08.068762+00:00,Atlanta,KATL,2026-09-11,highest_temperature,F,4401440,atlanta|2026_09_11|highest_temperature|f|katl,range,,86.0,87.0,86-87°F,0.429898,0.19,0.21,0.05,0.008295,0.219898,0.211603,3.722405,3,30.9,30.6,31.5,0.5196,32.2,2026-09-10T21:00:00.000Z,PAPER_BUY,model_probability=0.4299; entry=0.2100; gross_edge=0.2199; fee=0.00830; net_ev=0.2116; entry_source=ask; fee_source=market
2026-09-10T21:49:08.079222+00:00,Shanghai,ZSPD,2026-09-12,highest_temperature,C,4431292,shanghai|2026_09_12|highest_temperature|c|zspd,exact,27.0,27.0,27.0,27°C,0.272667,0.04,0.06,0.05,0.00282,0.212667,0.209847,15.619667,3,27.7,26.5,28.5,1.0583,24.0,2026-09-10T21:30:00.000Z,PAPER_BUY,model_probability=0.2727; entry=0.0600; gross_edge=0.2127; fee=0.00282; net_ev=0.2098; entry_source=ask; fee_source=market
2026-09-10T21:49:08.086055+00:00,Toronto,CYYZ,2026-09-12,highest_temperature,C,4437514,toronto|2026_09_12|highest_temperature|c|cyyz,exact,27.0,27.0,27.0,27°C,0.322021,0.105,0.11,0.05,0.004895,0.212021,0.207126,8.046409,3,26.9,26.7,27.0,0.1732,23.0,2026-09-10T21:00:00.000Z,PAPER_BUY,model_probability=0.3220; entry=0.1100; gross_edge=0.2120; fee=0.00490; net_ev=0.2071; entry_source=ask; fee_source=market
2026-09-10T21:49:08.054811+00:00,Madrid,LEMD,2026-09-10,lowest_temperature,C,4355691,madrid|2026_09_10|lowest_temperature|c|lemd,exact,13.0,13.0,13.0,13°C,0.206991,0.0005,0.001,0.05,4.995e-05,0.205991,0.205941,998.95005,3,11.9333,11.1,13.4,1.2741,20.0,2026-09-10T21:30:00.000Z,PAPER_BUY,model_probability=0.2070; entry=0.0010; gross_edge=0.2060; fee=0.00005; net_ev=0.2059; entry_source=ask; fee_source=market
2026-09-10T21:49:08.062716+00:00,Chongqing,ZUCK,2026-09-11,lowest_temperature,C,4399299,chongqing|2026_09_11|lowest_temperature|c|zuck,exact,21.0,21.0,21.0,21°C,0.206824,0.0005,0.001,0.05,4.995e-05,0.205824,0.205774,998.95005,3,19.8333,19.6,20.2,0.3215,20.0,2026-09-10T21:00:00.000Z,PAPER_BUY,model_probability=0.2068; entry=0.0010; gross_edge=0.2058; fee=0.00005; net_ev=0.2058; entry_source=ask; fee_source=market
2026-09-10T21:49:08.062033+00:00,Shanghai,ZSPD,2026-09-11,lowest_temperature,C,4399231,shanghai|2026_09_11|lowest_temperature|c|zspd,exact,22.0,22.0,22.0,22°C,0.309781,0.065,0.1,0.05,0.0045,0.209781,0.205281,8.955,3,22.3,21.1,23.1,1.0583,24.0,2026-09-10T21:30:00.000Z,PAPER_BUY,model_probability=0.3098; entry=0.1000; gross_edge=0.2098; fee=0.00450; net_ev=0.2053; entry_source=ask; fee_source=market
2026-09-10T21:49:08.066047+00:00,Milan,LIMC,2026-09-11,highest_temperature,C,4400093,milan|2026_09_11|highest_temperature|c|limc,exact,24.0,24.0,24.0,24°C,0.320151,0.1,0.11,0.05,0.004895,0.210151,0.205256,8.046409,3,24.1667,23.6,24.7,0.5508,19.0,2026-09-10T21:20:00.000Z,PAPER_BUY,model_probability=0.3202; entry=0.1100; gross_edge=0.2102; fee=0.00490; net_ev=0.2053; entry_source=ask; fee_source=market
2026-09-10T21:49:08.067991+00:00,Guangzhou,ZGGG,2026-09-11,highest_temperature,C,4400279,guangzhou|2026_09_11|highest_temperature|c|zggg,exact,31.0,31.0,31.0,31°C,0.309157,0.09,0.1,0.05,0.0045,0.209157,0.204657,8.955,3,30.6333,30.3,31.0,0.3512,25.0,2026-09-10T21:30:00.000Z,PAPER_BUY,model_probability=0.3092; entry=0.1000; gross_edge=0.2092; fee=0.00450; net_ev=0.2047; entry_source=ask; fee_source=market
2026-09-10T21:49:08.058190+00:00,Miami,KMIA,2026-09-10,highest_temperature,F,4359136,miami|2026_09_10|highest_temperature|f|kmia,range,,84.0,85.0,84-85°F,0.204509,0.0005,0.001,0.05,4.995e-05,0.203509,0.203459,998.95005,3,30.9667,28.9,32.0,1.7898,29.4,2026-09-10T21:00:00.000Z,PAPER_BUY,model_probability=0.2045; entry=0.0010; gross_edge=0.2035; fee=0.00005; net_ev=0.2035; entry_source=ask; fee_source=market
2026-09-10T21:49:08.081592+00:00,Qingdao,ZSQD,2026-09-12,highest_temperature,C,4431528,qingdao|2026_09_12|highest_temperature|c|zsqd,exact,29.0,29.0,29.0,29°C,0.275161,0.055,0.07,0.05,0.003255,0.205161,0.201906,13.239214,3,28.3,27.6,28.9,0.6557,14.0,2026-09-10T21:00:00.000Z,PAPER_BUY,model_probability=0.2752; entry=0.0700; gross_edge=0.2052; fee=0.00326; net_ev=0.2019; entry_source=ask; fee_source=market
2026-09-10T21:49:08.069634+00:00,Miami,KMIA,2026-09-11,lowest_temperature,F,4401772,miami|2026_09_11|lowest_temperature|f|kmia,range,,74.0,75.0,74-75°F,0.284962,0.04,0.08,0.05,0.00368,0.204962,0.201282,11.454,3,24.9333,24.4,26.0,0.9238,29.4,2026-09-10T21:00:00.000Z,PAPER_BUY,model_probability=0.2850; entry=0.0800; gross_edge=0.2050; fee=0.00368; net_ev=0.2013; entry_source=ask; fee_source=market
2026-09-10T21:49:08.063381+00:00,Busan,RKPK,2026-09-11,lowest_temperature,C,4399376,busan|2026_09_11|lowest_temperature|c|rkpk,exact,20.0,20.0,20.0,20°C,0.201544,0.0005,0.001,0.05,4.995e-05,0.200544,0.200494,998.95005,3,18.8,18.2,19.3,0.5568,19.0,2026-09-10T21:00:00.000Z,PAPER_BUY,model_probability=0.2015; entry=0.0010; gross_edge=0.2005; fee=0.00005; net_ev=0.2005; entry_source=ask; fee_source=market
2026-09-10T21:49:08.064297+00:00,Qingdao,ZSQD,2026-09-11,lowest_temperature,C,4399452,qingdao|2026_09_11|lowest_temperature|c|zsqd,exact,16.0,16.0,16.0,16°C,0.201544,0.0005,0.001,0.05,4.995e-05,0.200544,0.200494,998.95005,3,14.8,13.8,15.8,1.0,14.0,2026-09-10T21:00:00.000Z,PAPER_BUY,model_probability=0.2015; entry=0.0010; gross_edge=0.2005; fee=0.00005; net_ev=0.2005; entry_source=ask; fee_source=market
2026-09-10T21:49:08.068483+00:00,Manila,RPLL,2026-09-11,highest_temperature,C,4400311,manila|2026_09_11|highest_temperature|c|rpll,exact,28.0,28.0,28.0,28°C,0.294331,0.085,0.09,0.05,0.004095,0.204331,0.200236,10.065611,3,28.5333,28.2,29.0,0.4163,25.0,2026-09-10T21:00:00.000Z,PAPER_BUY,model_probability=0.2943; entry=0.0900; gross_edge=0.2043; fee=0.00409; net_ev=0.2002; entry_source=ask; fee_source=market
2026-09-10T21:49:08.070911+00:00,Austin,KAUS,2026-09-11,highest_temperature,F,4402235,austin|2026_09_11|highest_temperature|f|kaus,range,,94.0,95.0,94-95°F,0.220447,0.01,0.02,0.05,0.00098,0.200447,0.199467,48.951,3,36.3333,36.2,36.4,0.1155,37.2,2026-09-10T21:00:00.000Z,PAPER_BUY,model_probability=0.2204; entry=0.0200; gross_edge=0.2004; fee=0.00098; net_ev=0.1995; entry_source=ask; fee_source=market
2026-09-10T21:49:08.056040+00:00,Warsaw,EPWA,2026-09-10,highest_temperature,C,4356385,warsaw|2026_09_10|highest_temperature|c|epwa,exact,18.0,18.0,18.0,18°C,0.200443,0.0005,0.001,0.05,4.995e-05,0.199443,0.199393,998.95005,3,19.1667,17.8,20.1,1.2097,11.0,2026-09-10T21:30:00.000Z,PAPER_BUY,model_probability=0.2004; entry=0.0010; gross_edge=0.1994; fee=0.00005; net_ev=0.1994; entry_source=ask; fee_source=market
2026-09-10T21:49:08.057012+00:00,New York City,KLGA,2026-09-10,lowest_temperature,F,4358853,new_york_city|2026_09_10|lowest_temperature|f|klga,range,,68.0,69.0,68-69°F,0.203936,0.003,0.006,0.05,0.0002982,0.197936,0.197638,165.616967,3,21.9667,21.5,22.2,0.4041,30.0,2026-09-10T21:00:00.000Z,PAPER_BUY,model_probability=0.2039; entry=0.0060; gross_edge=0.1979; fee=0.00030; net_ev=0.1976; entry_source=ask; fee_source=market
2026-09-10T21:49:08.060751+00:00,Mexico City,MMMX,2026-09-10,highest_temperature,C,4363784,mexico_city|2026_09_10|highest_temperature|c|mmmx,exact,26.0,26.0,26.0,26°C,0.206824,0.005,0.01,0.05,0.000495,0.196824,0.196329,98.9505,3,24.8333,23.8,25.6,0.9292,23.0,2026-09-10T21:45:00.000Z,PAPER_BUY,model_probability=0.2068; entry=0.0100; gross_edge=0.1968; fee=0.00049; net_ev=0.1963; entry_source=ask; fee_source=market
2026-09-10T21:49:08.080961+00:00,Kuala Lumpur,WMKK,2026-09-12,highest_temperature,C,4431476,kuala_lumpur|2026_09_12|highest_temperature|c|wmkk,or_lower,26.0,,26.0,26°C or below,0.199211,0.002,0.003,0.05,0.00014955,0.196211,0.196061,332.283483,3,29.0333,24.9,31.2,3.581,25.0,2026-09-10T21:30:00.000Z,PAPER_BUY,model_probability=0.1992; entry=0.0030; gross_edge=0.1962; fee=0.00015; net_ev=0.1961; entry_source=ask; fee_source=market
2026-09-10T21:49:08.067546+00:00,Kuala Lumpur,WMKK,2026-09-11,highest_temperature,C,4400246,kuala_lumpur|2026_09_11|highest_temperature|c|wmkk,exact,29.0,29.0,29.0,29°C,0.279299,0.075,0.08,0.05,0.00368,0.199299,0.195619,11.454,3,29.6667,28.9,30.6,0.8622,25.0,2026-09-10T21:30:00.000Z,PAPER_BUY,model_probability=0.2793; entry=0.0800; gross_edge=0.1993; fee=0.00368; net_ev=0.1956; entry_source=ask; fee_source=market
2026-09-10T21:49:08.075272+00:00,Singapore,WSSS,2026-09-12,lowest_temperature,C,4430464,singapore|2026_09_12|lowest_temperature|c|wsss,exact,25.0,25.0,25.0,25°C,0.237513,0.03,0.04,0.05,0.00192,0.197513,0.195593,23.952,3,25.8667,25.0,27.2,1.1719,28.0,2026-09-10T21:30:00.000Z,PAPER_BUY,model_probability=0.2375; entry=0.0400; gross_edge=0.1975; fee=0.00192; net_ev=0.1956; entry_source=ask; fee_source=market
2026-09-10T21:49:08.054955+00:00,Warsaw,EPWA,2026-09-10,lowest_temperature,C,4355721,warsaw|2026_09_10|lowest_temperature|c|epwa,exact,12.0,12.0,12.0,12°C,0.196256,0.0005,0.001,0.05,4.995e-05,0.195256,0.195206,998.95005,3,13.2333,12.1,13.9,0.9866,11.0,2026-09-10T21:30:00.000Z,PAPER_BUY,model_probability=0.1963; entry=0.0010; gross_edge=0.1953; fee=0.00005; net_ev=0.1952; entry_source=ask; fee_source=market
2026-09-10T21:49:08.079527+00:00,Milan,LIMC,2026-09-12,highest_temperature,C,4431326,milan|2026_09_12|highest_temperature|c|limc,exact,24.0,24.0,24.0,24°C,0.309157,0.095,0.11,0.05,0.004895,0.199157,0.194262,8.046409,3,24.3667,24.1,24.8,0.3786,19.0,2026-09-10T21:20:00.000Z,PAPER_BUY,model_probability=0.3092; entry=0.1100; gross_edge=0.1992; fee=0.00490; net_ev=0.1943; entry_source=ask; fee_source=market
2026-09-10T21:49:08.069361+00:00,Dallas,KDAL,2026-09-11,lowest_temperature,F,4401751,dallas|2026_09_11|lowest_temperature|f|kdal,range,,76.0,77.0,76-77°F,0.369152,0.085,0.17,0.05,0.007055,0.199152,0.192097,4.840853,3,25.6667,25.3,26.4,0.6351,36.7,2026-09-10T21:00:00.000Z,PAPER_BUY,model_probability=0.3692; entry=0.1700; gross_edge=0.1992; fee=0.00706; net_ev=0.1921; entry_source=ask; fee_source=market
2026-09-10T21:49:08.060321+00:00,Sao Paulo,SBGR,2026-09-10,highest_temperature,C,4363746,sao_paulo|2026_09_10|highest_temperature|c|sbgr,exact,23.0,23.0,23.0,23°C,0.19272,0.0005,0.001,0.05,4.995e-05,0.19172,0.19167,998.95005,3,22.8667,21.3,24.8,1.7786,17.0,2026-09-10T21:00:00.000Z,PAPER_BUY,model_probability=0.1927; entry=0.0010; gross_edge=0.1917; fee=0.00005; net_ev=0.1917; entry_source=ask; fee_source=market
2026-09-10T21:49:08.078833+00:00,Lucknow,VILK,2026-09-12,highest_temperature,C,4431240,lucknow|2026_09_12|highest_temperature|c|vilk,exact,31.0,31.0,31.0,31°C,0.242856,0.04,0.05,0.05,0.002375,0.192856,0.190481,18.9525,3,31.9333,31.4,32.8,0.7572,27.0,2026-09-10T21:30:00.000Z,PAPER_BUY,model_probability=0.2429; entry=0.0500; gross_edge=0.1929; fee=0.00238; net_ev=0.1905; entry_source=ask; fee_source=market
2026-09-10T21:49:08.059928+00:00,Toronto,CYYZ,2026-09-10,lowest_temperature,C,4363392,toronto|2026_09_10|lowest_temperature|c|cyyz,exact,17.0,17.0,17.0,17°C,0.190967,0.0005,0.001,0.05,4.995e-05,0.189967,0.189917,998.95005,3,15.7333,15.4,15.9,0.2887,23.0,2026-09-10T21:00:00.000Z,PAPER_BUY,model_probability=0.1910; entry=0.0010; gross_edge=0.1900; fee=0.00005; net_ev=0.1899; entry_source=ask; fee_source=market
2026-09-10T21:49:08.061538+00:00,Wellington,NZWN,2026-09-11,lowest_temperature,C,4399168,wellington|2026_09_11|lowest_temperature|c|nzwn,exact,8.0,8.0,8.0,8°C,0.190967,0.0005,0.001,0.05,4.995e-05,0.189967,0.189917,998.95005,3,6.7333,6.3,7.2,0.4509,11.0,2026-09-10T21:30:00.000Z,PAPER_BUY,model_probability=0.1910; entry=0.0010; gross_edge=0.1900; fee=0.00005; net_ev=0.1899; entry_source=ask; fee_source=market
2026-09-10T21:49:08.059547+00:00,San Francisco,KSFO,2026-09-10,highest_temperature,F,4362190,san_francisco|2026_09_10|highest_temperature|f|ksfo,or_higher,90.0,90.0,,90°F or higher,0.215926,0.0125,0.025,0.05,0.00121875,0.190926,0.189707,38.95125,3,30.0,28.9,32.2,1.9053,28.9,2026-09-10T21:00:00.000Z,PAPER_BUY,model_probability=0.2159; entry=0.0250; gross_edge=0.1909; fee=0.00122; net_ev=0.1897; entry_source=ask; fee_source=market
2026-09-10T21:49:08.080190+00:00,Wuhan,ZHHH,2026-09-12,highest_temperature,C,4431390,wuhan|2026_09_12|highest_temperature|c|zhhh,exact,29.0,29.0,29.0,29°C,0.283293,0.085,0.09,0.05,0.004095,0.193293,0.189198,10.065611,3,29.6333,29.5,29.8,0.1528,18.0,2026-09-10T21:00:00.000Z,PAPER_BUY,model_probability=0.2833; entry=0.0900; gross_edge=0.1933; fee=0.00409; net_ev=0.1892; entry_source=ask; fee_source=market
2026-09-10T21:49:08.065883+00:00,Singapore,WSSS,2026-09-11,highest_temperature,C,4400071,singapore|2026_09_11|highest_temperature|c|wsss,exact,29.0,29.0,29.0,29°C,0.196701,0.005,0.008,0.05,0.0003968,0.188701,0.188305,123.9504,3,29.8333,28.6,31.6,1.5695,28.0,2026-09-10T21:30:00.000Z,PAPER_BUY,model_probability=0.1967; entry=0.0080; gross_edge=0.1887; fee=0.00040; net_ev=0.1883; entry_source=ask; fee_source=market
2026-09-10T21:49:08.055110+00:00,Amsterdam,EHAM,2026-09-10,lowest_temperature,C,4355846,amsterdam|2026_09_10|lowest_temperature|c|eham,exact,11.0,11.0,11.0,11°C,0.188814,0.0005,0.001,0.05,4.995e-05,0.187814,0.187764,998.95005,3,12.1667,10.7,13.5,1.4048,16.0,2026-09-10T21:25:00.000Z,PAPER_BUY,model_probability=0.1888; entry=0.0010; gross_edge=0.1878; fee=0.00005; net_ev=0.1878; entry_source=ask; fee_source=market
2026-09-10T21:49:08.071055+00:00,Houston,KHOU,2026-09-11,highest_temperature,F,4402246,houston|2026_09_11|highest_temperature|f|khou,range,,86.0,87.0,86-87°F,0.239867,0.035,0.05,0.05,0.002375,0.189867,0.187492,18.9525,3,31.8,31.8,31.8,0.0,30.6,2026-09-10T21:00:00.000Z,PAPER_BUY,model_probability=0.2399; entry=0.0500; gross_edge=0.1899; fee=0.00238; net_ev=0.1875; entry_source=ask; fee_source=market
2026-09-10T21:49:08.081429+00:00,Guangzhou,ZGGG,2026-09-12,highest_temperature,C,4431514,guangzhou|2026_09_12|highest_temperature|c|zggg,exact,32.0,32.0,32.0,32°C,0.32296,0.115,0.13,0.05,0.005655,0.19296,0.187305,6.648808,3,31.9667,31.8,32.2,0.2082,25.0,2026-09-10T21:30:00.000Z,PAPER_BUY,model_probability=0.3230; entry=0.1300; gross_edge=0.1930; fee=0.00566; net_ev=0.1873; entry_source=ask; fee_source=market
2026-09-10T21:49:08.061444+00:00,Ankara,LTAC,2026-09-11,lowest_temperature,C,4399161,ankara|2026_09_11|lowest_temperature|c|ltac,or_higher,19.0,19.0,,19°C or higher,0.187031,0.0005,0.001,0.05,4.995e-05,0.186031,0.185981,998.95005,3,15.8333,12.8,17.8,2.6652,17.0,2026-09-10T21:20:00.000Z,PAPER_BUY,model_probability=0.1870; entry=0.0010; gross_edge=0.1860; fee=0.00005; net_ev=0.1860; entry_source=ask; fee_source=market
2026-09-10T21:49:08.081418+00:00,Guangzhou,ZGGG,2026-09-12,highest_temperature,C,4431513,guangzhou|2026_09_12|highest_temperature|c|zggg,exact,31.0,31.0,31.0,31°C,0.237867,0.04,0.05,0.05,0.002375,0.187867,0.185492,18.9525,3,31.9667,31.8,32.2,0.2082,25.0,2026-09-10T21:30:00.000Z,PAPER_BUY,model_probability=0.2379; entry=0.0500; gross_edge=0.1879; fee=0.00238; net_ev=0.1855; entry_source=ask; fee_source=market
2026-09-10T21:49:08.057788+00:00,Austin,KAUS,2026-09-10,lowest_temperature,F,4358913,austin|2026_09_10|lowest_temperature|f|kaus,range,,80.0,81.0,80-81°F,0.185727,0.0005,0.001,0.05,4.995e-05,0.184727,0.184677,998.95005,3,25.1667,24.7,25.4,0.4041,37.2,2026-09-10T21:00:00.000Z,PAPER_BUY,model_probability=0.1857; entry=0.0010; gross_edge=0.1847; fee=0.00005; net_ev=0.1847; entry_source=ask; fee_source=market
2026-09-10T21:49:08.060070+00:00,Mexico City,MMMX,2026-09-10,lowest_temperature,C,4363404,mexico_city|2026_09_10|lowest_temperature|c|mmmx,exact,15.0,15.0,15.0,15°C,0.185685,0.0005,0.001,0.05,4.995e-05,0.184685,0.184635,998.95005,3,13.7,13.1,14.2,0.5568,23.0,2026-09-10T21:45:00.000Z,PAPER_BUY,model_probability=0.1857; entry=0.0010; gross_edge=0.1847; fee=0.00005; net_ev=0.1846; entry_source=ask; fee_source=market
2026-09-10T21:49:08.066810+00:00,Chengdu,ZUUU,2026-09-11,highest_temperature,C,4400164,chengdu|2026_09_11|highest_temperature|c|zuuu,or_lower,20.0,,20.0,20°C or below,0.193062,0.0055,0.01,0.05,0.000495,0.183062,0.182567,98.9505,3,23.1,20.0,24.7,2.6851,19.0,2026-09-10T21:00:00.000Z,PAPER_BUY,model_probability=0.1931; entry=0.0100; gross_edge=0.1831; fee=0.00049; net_ev=0.1826; entry_source=ask; fee_source=market
2026-09-10T21:49:08.056203+00:00,Amsterdam,EHAM,2026-09-10,highest_temperature,C,4356496,amsterdam|2026_09_10|highest_temperature|c|eham,exact,18.0,18.0,18.0,18°C,0.180418,0.0005,0.001,0.05,4.995e-05,0.179418,0.179368,998.95005,3,19.3333,18.7,20.2,0.7767,16.0,2026-09-10T21:25:00.000Z,PAPER_BUY,model_probability=0.1804; entry=0.0010; gross_edge=0.1794; fee=0.00005; net_ev=0.1794; entry_source=ask; fee_source=market
2026-09-10T21:49:08.066173+00:00,Madrid,LEMD,2026-09-11,highest_temperature,C,4400102,madrid|2026_09_11|highest_temperature|c|lemd,exact,29.0,29.0,29.0,29°C,0.196256,0.0145,0.018,0.05,0.0008838,0.178256,0.177372,54.506456,3,30.2333,29.8,30.6,0.4041,20.0,2026-09-10T21:30:00.000Z,PAPER_BUY,model_probability=0.1963; entry=0.0180; gross_edge=0.1783; fee=0.00088; net_ev=0.1774; entry_source=ask; fee_source=market
2026-09-10T21:49:08.066036+00:00,Milan,LIMC,2026-09-11,highest_temperature,C,4400092,milan|2026_09_11|highest_temperature|c|limc,exact,23.0,23.0,23.0,23°C,0.206824,0.02,0.03,0.05,0.001455,0.176824,0.175369,32.284833,3,24.1667,23.6,24.7,0.5508,19.0,2026-09-10T21:20:00.000Z,PAPER_BUY,model_probability=0.2068; entry=0.0300; gross_edge=0.1768; fee=0.00145; net_ev=0.1754; entry_source=ask; fee_source=market
2026-09-10T21:49:08.054560+00:00,Munich,EDDM,2026-09-10,lowest_temperature,C,4355590,munich|2026_09_10|lowest_temperature|c|eddm,exact,11.0,11.0,11.0,11°C,0.175172,0.0005,0.001,0.05,4.995e-05,0.174172,0.174122,998.95005,3,9.6333,8.8,10.4,0.8021,12.0,2026-09-10T21:20:00.000Z,PAPER_BUY,model_probability=0.1752; entry=0.0010; gross_edge=0.1742; fee=0.00005; net_ev=0.1741; entry_source=ask; fee_source=market
2026-09-10T21:49:08.065218+00:00,Wellington,NZWN,2026-09-11,highest_temperature,C,4399994,wellington|2026_09_11|highest_temperature|c|nzwn,exact,12.0,12.0,12.0,12°C,0.175172,0.0005,0.001,0.05,4.995e-05,0.174172,0.174122,998.95005,3,13.3667,12.7,13.8,0.5859,11.0,2026-09-10T21:30:00.000Z,PAPER_BUY,model_probability=0.1752; entry=0.0010; gross_edge=0.1742; fee=0.00005; net_ev=0.1741; entry_source=ask; fee_source=market
2026-09-10T21:49:08.073499+00:00,Zhengzhou,ZHCC,2026-09-11,lowest_temperature,C,4430333,zhengzhou|2026_09_11|lowest_temperature|c|zhcc,exact,19.0,19.0,19.0,19°C,0.175172,0.0005,0.001,0.05,4.995e-05,0.174172,0.174122,998.95005,3,17.6333,17.2,18.2,0.5132,18.0,2026-09-10T21:00:00.000Z,PAPER_BUY,model_probability=0.1752; entry=0.0010; gross_edge=0.1742; fee=0.00005; net_ev=0.1741; entry_source=ask; fee_source=market
2026-09-10T21:49:08.059198+00:00,Seattle,KSEA,2026-09-10,highest_temperature,F,4362159,seattle|2026_09_10|highest_temperature|f|ksea,range,,66.0,67.0,66-67°F,0.17475,0.0005,0.001,0.05,4.995e-05,0.17375,0.1737,998.95005,3,21.0,20.6,21.2,0.3464,20.0,2026-09-10T21:00:00.000Z,PAPER_BUY,model_probability=0.1747; entry=0.0010; gross_edge=0.1737; fee=0.00005; net_ev=0.1737; entry_source=ask; fee_source=market
2026-09-10T21:49:08.068243+00:00,Qingdao,ZSQD,2026-09-11,highest_temperature,C,4400293,qingdao|2026_09_11|highest_temperature|c|zsqd,exact,29.0,29.0,29.0,29°C,0.212088,0.03,0.04,0.05,0.00192,0.172088,0.170168,23.952,3,27.8667,27.3,28.8,0.8145,14.0,2026-09-10T21:00:00.000Z,PAPER_BUY,model_probability=0.2121; entry=0.0400; gross_edge=0.1721; fee=0.00192; net_ev=0.1702; entry_source=ask; fee_source=market
2026-09-10T21:49:08.056751+00:00,Atlanta,KATL,2026-09-10,highest_temperature,F,4358671,atlanta|2026_09_10|highest_temperature|f|katl,range,,86.0,87.0,86-87°F,0.170452,0.0005,0.001,0.05,4.995e-05,0.169452,0.169402,998.95005,3,32.1333,31.8,32.3,0.2887,32.2,2026-09-10T21:00:00.000Z,PAPER_BUY,model_probability=0.1705; entry=0.0010; gross_edge=0.1695; fee=0.00005; net_ev=0.1694; entry_source=ask; fee_source=market
2026-09-10T21:49:08.056336+00:00,Cape Town,FACT,2026-09-10,highest_temperature,C,4356540,cape_town|2026_09_10|highest_temperature|c|fact,exact,18.0,18.0,18.0,18°C,0.169955,0.0005,0.001,0.05,4.995e-05,0.168955,0.168905,998.95005,3,19.4,19.1,19.8,0.3606,16.0,2026-09-10T21:00:00.000Z,PAPER_BUY,model_probability=0.1700; entry=0.0010; gross_edge=0.1690; fee=0.00005; net_ev=0.1689; entry_source=ask; fee_source=market
2026-09-10T21:49:08.083971+00:00,Denver,KBKF,2026-09-12,highest_temperature,F,4434150,denver|2026_09_12|highest_temperature|f|kbkf,range,,82.0,83.0,82-83°F,0.435163,0.25,0.26,0.05,0.00962,0.175163,0.165543,2.809154,3,27.4667,27.1,28.2,0.6351,30.4,2026-09-10T21:00:00.000Z,PAPER_BUY,model_probability=0.4352; entry=0.2600; gross_edge=0.1752; fee=0.00962; net_ev=0.1655; entry_source=ask; fee_source=market
2026-09-10T21:49:08.073189+00:00,Mexico City,MMMX,2026-09-11,highest_temperature,C,4405137,mexico_city|2026_09_11|highest_temperature|c|mmmx,exact,24.0,24.0,24.0,24°C,0.227983,0.05,0.06,0.05,0.00282,0.167983,0.165163,15.619667,3,24.9333,23.6,25.9,1.193,23.0,2026-09-10T21:45:00.000Z,PAPER_BUY,model_probability=0.2280; entry=0.0600; gross_edge=0.1680; fee=0.00282; net_ev=0.1652; entry_source=ask; fee_source=market
2026-09-10T21:49:08.060332+00:00,Sao Paulo,SBGR,2026-09-10,highest_temperature,C,4363747,sao_paulo|2026_09_10|highest_temperature|c|sbgr,exact,24.0,24.0,24.0,24°C,0.166142,0.0005,0.001,0.05,4.995e-05,0.165142,0.165092,998.95005,3,22.8667,21.3,24.8,1.7786,17.0,2026-09-10T21:00:00.000Z,PAPER_BUY,model_probability=0.1661; entry=0.0010; gross_edge=0.1651; fee=0.00005; net_ev=0.1651; entry_source=ask; fee_source=market
2026-09-10T21:49:08.084683+00:00,Seattle,KSEA,2026-09-12,highest_temperature,F,4436695,seattle|2026_09_12|highest_temperature|f|ksea,range,,66.0,67.0,66-67°F,0.475251,0.275,0.3,0.05,0.0105,0.175251,0.164751,2.298333,3,18.9333,18.6,19.1,0.2887,20.0,2026-09-10T21:00:00.000Z,PAPER_BUY,model_probability=0.4753; entry=0.3000; gross_edge=0.1753; fee=0.01050; net_ev=0.1648; entry_source=ask; fee_source=market
2026-09-10T21:49:08.054711+00:00,Milan,LIMC,2026-09-10,lowest_temperature,C,4355666,milan|2026_09_10|lowest_temperature|c|limc,exact,18.0,18.0,18.0,18°C,0.164772,0.0005,0.001,0.05,4.995e-05,0.163772,0.163722,998.95005,3,16.5667,16.4,16.9,0.2887,19.0,2026-09-10T21:20:00.000Z,PAPER_BUY,model_probability=0.1648; entry=0.0010; gross_edge=0.1638; fee=0.00005; net_ev=0.1637; entry_source=ask; fee_source=market
2026-09-10T21:49:08.070800+00:00,Chicago,KORD,2026-09-11,highest_temperature,F,4402227,chicago|2026_09_11|highest_temperature|f|kord,range,,84.0,85.0,84-85°F,0.18215,0.015,0.02,0.05,0.00098,0.16215,0.16117,48.951,3,27.1,25.1,28.1,1.7321,25.0,2026-09-10T21:00:00.000Z,PAPER_BUY,model_probability=0.1821; entry=0.0200; gross_edge=0.1621; fee=0.00098; net_ev=0.1612; entry_source=ask; fee_source=market
2026-09-10T21:49:08.062846+00:00,Beijing,ZBAA,2026-09-11,lowest_temperature,C,4399310,beijing|2026_09_11|lowest_temperature|c|zbaa,exact,15.0,15.0,15.0,15°C,0.161033,0.0005,0.001,0.05,4.995e-05,0.160033,0.159983,998.95005,3,14.9,12.5,16.6,2.1378,13.0,2026-09-10T21:30:00.000Z,PAPER_BUY,model_probability=0.1610; entry=0.0010; gross_edge=0.1600; fee=0.00005; net_ev=0.1600; entry_source=ask; fee_source=market
2026-09-10T21:49:08.060598+00:00,Toronto,CYYZ,2026-09-10,highest_temperature,C,4363770,toronto|2026_09_10|highest_temperature|c|cyyz,exact,24.0,24.0,24.0,24°C,0.160896,0.0005,0.001,0.05,4.995e-05,0.159896,0.159846,998.95005,3,25.5,24.1,26.2,1.2124,23.0,2026-09-10T21:00:00.000Z,PAPER_BUY,model_probability=0.1609; entry=0.0010; gross_edge=0.1599; fee=0.00005; net_ev=0.1598; entry_source=ask; fee_source=market
2026-09-10T21:49:08.066594+00:00,Beijing,ZBAA,2026-09-11,highest_temperature,C,4400147,beijing|2026_09_11|highest_temperature|c|zbaa,exact,30.0,30.0,30.0,30°C,0.232811,0.065,0.07,0.05,0.003255,0.162811,0.159556,13.239214,3,31.0,30.8,31.3,0.2646,13.0,2026-09-10T21:30:00.000Z,PAPER_BUY,model_probability=0.2328; entry=0.0700; gross_edge=0.1628; fee=0.00326; net_ev=0.1596; entry_source=ask; fee_source=market
2026-09-10T21:49:08.064944+00:00,Seoul (Incheon),RKSI,2026-09-11,highest_temperature,C,4399972,seoul_incheon|2026_09_11|highest_temperature|c|rksi,exact,23.0,23.0,23.0,23°C,0.242856,0.075,0.08,0.05,0.00368,0.162856,0.159176,11.454,3,23.9333,23.6,24.5,0.4933,16.0,2026-09-10T21:30:00.000Z,PAPER_BUY,model_probability=0.2429; entry=0.0800; gross_edge=0.1629; fee=0.00368; net_ev=0.1592; entry_source=ask; fee_source=market
2026-09-10T21:49:08.078563+00:00,Ankara,LTAC,2026-09-12,highest_temperature,C,4431218,ankara|2026_09_12|highest_temperature|c|ltac,exact,30.0,30.0,30.0,30°C,0.242856,0.06,0.08,0.05,0.00368,0.162856,0.159176,11.454,3,30.9333,30.7,31.3,0.3215,17.0,2026-09-10T21:20:00.000Z,PAPER_BUY,model_probability=0.2429; entry=0.0800; gross_edge=0.1629; fee=0.00368; net_ev=0.1592; entry_source=ask; fee_source=market
2026-09-10T21:49:08.055646+00:00,Munich,EDDM,2026-09-10,highest_temperature,C,4356290,munich|2026_09_10|highest_temperature|c|eddm,exact,17.0,17.0,17.0,17°C,0.159631,0.0005,0.001,0.05,4.995e-05,0.158631,0.158581,998.95005,3,18.4667,17.9,18.9,0.5132,12.0,2026-09-10T21:20:00.000Z,PAPER_BUY,model_probability=0.1596; entry=0.0010; gross_edge=0.1586; fee=0.00005; net_ev=0.1586; entry_source=ask; fee_source=market
2026-09-10T21:49:08.069205+00:00,New York City,KLGA,2026-09-11,lowest_temperature,F,4401739,new_york_city|2026_09_11|lowest_temperature|f|klga,range,,64.0,65.0,64-65°F,0.206264,0.0275,0.049,0.05,0.00232995,0.157264,0.154934,19.360613,3,19.7333,19.3,20.6,0.7506,30.0,2026-09-10T21:00:00.000Z,PAPER_BUY,model_probability=0.2063; entry=0.0490; gross_edge=0.1573; fee=0.00233; net_ev=0.1549; entry_source=ask; fee_source=market
2026-09-10T21:49:08.086067+00:00,Toronto,CYYZ,2026-09-12,highest_temperature,C,4437515,toronto|2026_09_12|highest_temperature|c|cyyz,exact,28.0,28.0,28.0,28°C,0.217326,0.04,0.06,0.05,0.00282,0.157326,0.154506,15.619667,3,26.9,26.7,27.0,0.1732,23.0,2026-09-10T21:00:00.000Z,PAPER_BUY,model_probability=0.2173; entry=0.0600; gross_edge=0.1573; fee=0.00282; net_ev=0.1545; entry_source=ask; fee_source=market
2026-09-10T21:49:08.068231+00:00,Qingdao,ZSQD,2026-09-11,highest_temperature,C,4400292,qingdao|2026_09_11|highest_temperature|c|zsqd,exact,28.0,28.0,28.0,28°C,0.321202,0.135,0.16,0.05,0.00672,0.161202,0.154482,5.208,3,27.8667,27.3,28.8,0.8145,14.0,2026-09-10T21:00:00.000Z,PAPER_BUY,model_probability=0.3212; entry=0.1600; gross_edge=0.1612; fee=0.00672; net_ev=0.1545; entry_source=ask; fee_source=market
2026-09-10T21:49:08.081798+00:00,Manila,RPLL,2026-09-12,highest_temperature,C,4431544,manila|2026_09_12|highest_temperature|c|rpll,exact,27.0,27.0,27.0,27°C,0.175172,0.015,0.02,0.05,0.00098,0.155172,0.154192,48.951,3,28.3667,27.9,29.1,0.6429,25.0,2026-09-10T21:00:00.000Z,PAPER_BUY,model_probability=0.1752; entry=0.0200; gross_edge=0.1552; fee=0.00098; net_ev=0.1542; entry_source=ask; fee_source=market
2026-09-10T21:49:08.059644+00:00,Sao Paulo,SBGR,2026-09-10,lowest_temperature,C,4363368,sao_paulo|2026_09_10|lowest_temperature|c|sbgr,exact,19.0,19.0,19.0,19°C,0.154538,0.0005,0.001,0.05,4.995e-05,0.153538,0.153488,998.95005,3,17.5,17.0,17.8,0.4359,17.0,2026-09-10T21:00:00.000Z,PAPER_BUY,model_probability=0.1545; entry=0.0010; gross_edge=0.1535; fee=0.00005; net_ev=0.1535; entry_source=ask; fee_source=market
2026-09-10T21:49:08.068751+00:00,Atlanta,KATL,2026-09-11,highest_temperature,F,4401439,atlanta|2026_09_11|highest_temperature|f|katl,range,,84.0,85.0,84-85°F,0.194737,0.0335,0.04,0.05,0.00192,0.154737,0.152817,23.952,3,30.9,30.6,31.5,0.5196,32.2,2026-09-10T21:00:00.000Z,PAPER_BUY,model_probability=0.1947; entry=0.0400; gross_edge=0.1547; fee=0.00192; net_ev=0.1528; entry_source=ask; fee_source=market
2026-09-10T21:49:08.084155+00:00,Houston,KHOU,2026-09-12,highest_temperature,F,4434164,houston|2026_09_12|highest_temperature|f|khou,range,,96.0,97.0,96-97°F,0.194737,0.02,0.04,0.05,0.00192,0.154737,0.152817,23.952,3,34.1,32.9,34.7,1.0392,30.6,2026-09-10T21:00:00.000Z,PAPER_BUY,model_probability=0.1947; entry=0.0400; gross_edge=0.1547; fee=0.00192; net_ev=0.1528; entry_source=ask; fee_source=market
2026-09-10T21:49:08.072746+00:00,Sao Paulo,SBGR,2026-09-11,highest_temperature,C,4405101,sao_paulo|2026_09_11|highest_temperature|c|sbgr,exact,30.0,30.0,30.0,30°C,0.297672,0.135,0.14,0.05,0.00602,0.157672,0.151652,6.099857,3,29.5,29.0,30.5,0.866,17.0,2026-09-10T21:00:00.000Z,PAPER_BUY,model_probability=0.2977; entry=0.1400; gross_edge=0.1577; fee=0.00602; net_ev=0.1517; entry_source=ask; fee_source=market
2026-09-10T21:49:08.071629+00:00,Seattle,KSEA,2026-09-11,highest_temperature,F,4404571,seattle|2026_09_11|highest_temperature|f|ksea,range,,64.0,65.0,64-65°F,0.234964,0.065,0.08,0.05,0.00368,0.154964,0.151284,11.454,3,19.6,19.5,19.8,0.1732,20.0,2026-09-10T21:00:00.000Z,PAPER_BUY,model_probability=0.2350; entry=0.0800; gross_edge=0.1550; fee=0.00368; net_ev=0.1513; entry_source=ask; fee_source=market
2026-09-10T21:49:08.062836+00:00,Beijing,ZBAA,2026-09-11,lowest_temperature,C,4399309,beijing|2026_09_11|lowest_temperature|c|zbaa,exact,14.0,14.0,14.0,14°C,0.150857,0.0005,0.001,0.05,4.995e-05,0.149857,0.149807,998.95005,3,14.9,12.5,16.6,2.1378,13.0,2026-09-10T21:30:00.000Z,PAPER_BUY,model_probability=0.1509; entry=0.0010; gross_edge=0.1499; fee=0.00005; net_ev=0.1498; entry_source=ask; fee_source=market
2026-09-10T21:49:08.068895+00:00,Miami,KMIA,2026-09-11,highest_temperature,F,4401450,miami|2026_09_11|highest_temperature|f|kmia,range,,82.0,83.0,82-83°F,0.153821,0.0025,0.004,0.05,0.0001992,0.149821,0.149622,248.9502,3,30.0,29.8,30.4,0.3464,29.4,2026-09-10T21:00:00.000Z,PAPER_BUY,model_probability=0.1538; entry=0.0040; gross_edge=0.1498; fee=0.00020; net_ev=0.1496; entry_source=ask; fee_source=market
2026-09-10T21:49:08.064696+00:00,London,EGLC,2026-09-11,highest_temperature,C,4399952,london|2026_09_11|highest_temperature|c|eglc,exact,21.0,21.0,21.0,21°C,0.201829,0.045,0.05,0.05,0.002375,0.151829,0.149454,18.9525,3,22.1,21.3,23.6,1.3,18.0,2026-09-10T21:20:00.000Z,PAPER_BUY,model_probability=0.2018; entry=0.0500; gross_edge=0.1518; fee=0.00238; net_ev=0.1495; entry_source=ask; fee_source=market
2026-09-10T21:49:08.054357+00:00,Paris,LFPB,2026-09-10,lowest_temperature,C,4355530,paris|2026_09_10|lowest_temperature|c|lfpb,or_lower,7.0,,7.0,7°C or below,0.175324,0.0125,0.025,0.05,0.00121875,0.150324,0.149105,38.95125,3,10.3,8.4,13.7,2.9513,14.0,2026-09-10T21:30:00.000Z,PAPER_BUY,model_probability=0.1753; entry=0.0250; gross_edge=0.1503; fee=0.00122; net_ev=0.1491; entry_source=ask; fee_source=market
2026-09-10T21:49:08.055676+00:00,Munich,EDDM,2026-09-10,highest_temperature,C,4356293,munich|2026_09_10|highest_temperature|c|eddm,exact,20.0,20.0,20.0,20°C,0.149498,0.0005,0.001,0.05,4.995e-05,0.148498,0.148448,998.95005,3,18.4667,17.9,18.9,0.5132,12.0,2026-09-10T21:20:00.000Z,PAPER_BUY,model_probability=0.1495; entry=0.0010; gross_edge=0.1485; fee=0.00005; net_ev=0.1484; entry_source=ask; fee_source=market
2026-09-10T21:49:08.083848+00:00,Austin,KAUS,2026-09-12,highest_temperature,F,4434141,austin|2026_09_12|highest_temperature|f|kaus,range,,104.0,105.0,104-105°F,0.220447,0.035,0.07,0.05,0.003255,0.150447,0.147192,13.239214,3,38.6667,37.8,39.1,0.7506,37.2,2026-09-10T21:00:00.000Z,PAPER_BUY,model_probability=0.2204; entry=0.0700; gross_edge=0.1504; fee=0.00326; net_ev=0.1472; entry_source=ask; fee_source=market
2026-09-10T21:49:08.084995+00:00,San Francisco,KSFO,2026-09-12,highest_temperature,F,4436819,san_francisco|2026_09_12|highest_temperature|f|ksfo,range,,74.0,75.0,74-75°F,0.209169,0.03,0.06,0.05,0.00282,0.149169,0.146349,15.619667,3,21.8333,20.3,22.6,1.3279,28.9,2026-09-10T21:00:00.000Z,PAPER_BUY,model_probability=0.2092; entry=0.0600; gross_edge=0.1492; fee=0.00282; net_ev=0.1463; entry_source=ask; fee_source=market
2026-09-10T21:49:08.066697+00:00,Wuhan,ZHHH,2026-09-11,highest_temperature,C,4400155,wuhan|2026_09_11|highest_temperature|c|zhhh,exact,26.0,26.0,26.0,26°C,0.169955,0.0165,0.023,0.05,0.00112355,0.146955,0.145831,42.429411,3,27.4,27.2,27.6,0.2,18.0,2026-09-10T21:00:00.000Z,PAPER_BUY,model_probability=0.1700; entry=0.0230; gross_edge=0.1470; fee=0.00112; net_ev=0.1458; entry_source=ask; fee_source=market
2026-09-10T21:49:08.062855+00:00,Beijing,ZBAA,2026-09-11,lowest_temperature,C,4399311,beijing|2026_09_11|lowest_temperature|c|zbaa,exact,16.0,16.0,16.0,16°C,0.146013,0.0005,0.001,0.05,4.995e-05,0.145013,0.144963,998.95005,3,14.9,12.5,16.6,2.1378,13.0,2026-09-10T21:30:00.000Z,PAPER_BUY,model_probability=0.1460; entry=0.0010; gross_edge=0.1450; fee=0.00005; net_ev=0.1450; entry_source=ask; fee_source=market
2026-09-10T21:49:08.084854+00:00,Los Angeles,KLAX,2026-09-12,highest_temperature,F,4436803,los_angeles|2026_09_12|highest_temperature|f|klax,range,,84.0,85.0,84-85°F,0.218165,0.055,0.07,0.05,0.003255,0.148165,0.14491,13.239214,3,29.5,28.1,32.3,2.4249,31.1,2026-09-10T21:00:00.000Z,PAPER_BUY,model_probability=0.2182; entry=0.0700; gross_edge=0.1482; fee=0.00326; net_ev=0.1449; entry_source=ask; fee_source=market
2026-09-10T21:49:08.079366+00:00,Singapore,WSSS,2026-09-12,highest_temperature,C,4431304,singapore|2026_09_12|highest_temperature|c|wsss,exact,31.0,31.0,31.0,31°C,0.311529,0.145,0.16,0.05,0.00672,0.151529,0.144809,5.208,3,30.6667,30.1,31.0,0.4933,28.0,2026-09-10T21:30:00.000Z,PAPER_BUY,model_probability=0.3115; entry=0.1600; gross_edge=0.1515; fee=0.00672; net_ev=0.1448; entry_source=ask; fee_source=market
2026-09-10T21:49:08.065369+00:00,Lucknow,VILK,2026-09-11,highest_temperature,C,4400007,lucknow|2026_09_11|highest_temperature|c|vilk,exact,31.0,31.0,31.0,31°C,0.227697,0.07,0.08,0.05,0.00368,0.147697,0.144017,11.454,3,32.0333,31.7,32.2,0.2887,27.0,2026-09-10T21:30:00.000Z,PAPER_BUY,model_probability=0.2277; entry=0.0800; gross_edge=0.1477; fee=0.00368; net_ev=0.1440; entry_source=ask; fee_source=market
2026-09-10T21:49:08.073034+00:00,Toronto,CYYZ,2026-09-11,highest_temperature,C,4405125,toronto|2026_09_11|highest_temperature|c|cyyz,exact,25.0,25.0,25.0,25°C,0.196256,0.045,0.05,0.05,0.002375,0.146256,0.143881,18.9525,3,23.7667,23.3,24.0,0.4041,23.0,2026-09-10T21:00:00.000Z,PAPER_BUY,model_probability=0.1963; entry=0.0500; gross_edge=0.1463; fee=0.00238; net_ev=0.1439; entry_source=ask; fee_source=market
2026-09-10T21:49:08.078689+00:00,Wellington,NZWN,2026-09-12,highest_temperature,C,4431228,wellington|2026_09_12|highest_temperature|c|nzwn,exact,12.0,12.0,12.0,12°C,0.185685,0.035,0.04,0.05,0.00192,0.145685,0.143765,23.952,3,13.3,13.0,13.8,0.4359,11.0,2026-09-10T21:30:00.000Z,PAPER_BUY,model_probability=0.1857; entry=0.0400; gross_edge=0.1457; fee=0.00192; net_ev=0.1438; entry_source=ask; fee_source=market
2026-09-10T21:49:08.079517+00:00,Milan,LIMC,2026-09-12,highest_temperature,C,4431325,milan|2026_09_12|highest_temperature|c|limc,exact,23.0,23.0,23.0,23°C,0.175172,0.02,0.03,0.05,0.001455,0.145172,0.143717,32.284833,3,24.3667,24.1,24.8,0.3786,19.0,2026-09-10T21:20:00.000Z,PAPER_BUY,model_probability=0.1752; entry=0.0300; gross_edge=0.1452; fee=0.00145; net_ev=0.1437; entry_source=ask; fee_source=market
2026-09-10T21:49:08.061669+00:00,Lucknow,VILK,2026-09-11,lowest_temperature,C,4399179,lucknow|2026_09_11|lowest_temperature|c|vilk,exact,28.0,28.0,28.0,28°C,0.144517,0.0005,0.001,0.05,4.995e-05,0.143517,0.143467,998.95005,3,26.4333,26.3,26.6,0.1528,27.0,2026-09-10T21:30:00.000Z,PAPER_BUY,model_probability=0.1445; entry=0.0010; gross_edge=0.1435; fee=0.00005; net_ev=0.1435; entry_source=ask; fee_source=market
2026-09-10T21:49:08.086361+00:00,Panama City,MPMG,2026-09-12,highest_temperature,C,4437538,panama_city|2026_09_12|highest_temperature|c|mpmg,exact,31.0,31.0,31.0,31°C,0.309157,0.155,0.16,0.05,0.00672,0.149157,0.142437,5.208,3,31.3667,30.9,31.9,0.5033,29.0,2026-09-10T21:00:00.000Z,PAPER_BUY,model_probability=0.3092; entry=0.1600; gross_edge=0.1492; fee=0.00672; net_ev=0.1424; entry_source=ask; fee_source=market
2026-09-10T21:49:08.072872+00:00,Buenos Aires,SAEZ,2026-09-11,highest_temperature,C,4405111,buenos_aires|2026_09_11|highest_temperature|c|saez,exact,18.0,18.0,18.0,18°C,0.257331,0.105,0.11,0.05,0.004895,0.147331,0.142436,8.046409,3,18.8333,17.7,19.5,0.9866,19.0,2026-09-10T21:00:00.000Z,PAPER_BUY,model_probability=0.2573; entry=0.1100; gross_edge=0.1473; fee=0.00490; net_ev=0.1424; entry_source=ask; fee_source=market
2026-09-10T21:49:08.058924+00:00,Los Angeles,KLAX,2026-09-10,lowest_temperature,F,4361524,los_angeles|2026_09_10|lowest_temperature|f|klax,range,,74.0,75.0,74-75°F,0.483039,0.175,0.33,0.05,0.011055,0.153039,0.141984,1.996803,3,23.6333,23.4,24.1,0.4041,31.1,2026-09-10T21:00:00.000Z,PAPER_BUY,model_probability=0.4830; entry=0.3300; gross_edge=0.1530; fee=0.01105; net_ev=0.1420; entry_source=ask; fee_source=market
2026-09-10T21:49:08.056530+00:00,New York City,KLGA,2026-09-10,highest_temperature,F,4358655,new_york_city|2026_09_10|highest_temperature|f|klga,range,,92.0,93.0,92-93°F,0.141966,0.0005,0.001,0.05,4.995e-05,0.140966,0.140916,998.95005,3,31.6,31.4,31.7,0.1732,30.0,2026-09-10T21:00:00.000Z,PAPER_BUY,model_probability=0.1420; entry=0.0010; gross_edge=0.1410; fee=0.00005; net_ev=0.1409; entry_source=ask; fee_source=market
2026-09-10T21:49:08.058058+00:00,Houston,KHOU,2026-09-10,lowest_temperature,F,4358934,houston|2026_09_10|lowest_temperature|f|khou,range,,80.0,81.0,80-81°F,0.141966,0.0005,0.001,0.05,4.995e-05,0.140966,0.140916,998.95005,3,24.9333,23.8,25.5,0.9815,30.6,2026-09-10T21:00:00.000Z,PAPER_BUY,model_probability=0.1420; entry=0.0010; gross_edge=0.1410; fee=0.00005; net_ev=0.1409; entry_source=ask; fee_source=market
2026-09-10T21:49:08.079792+00:00,Warsaw,EPWA,2026-09-12,highest_temperature,C,4431348,warsaw|2026_09_12|highest_temperature|c|epwa,exact,21.0,21.0,21.0,21°C,0.212088,0.055,0.07,0.05,0.003255,0.142088,0.138833,13.239214,3,19.8667,18.7,20.7,1.0408,11.0,2026-09-10T21:30:00.000Z,PAPER_BUY,model_probability=0.2121; entry=0.0700; gross_edge=0.1421; fee=0.00326; net_ev=0.1388; entry_source=ask; fee_source=market
2026-09-10T21:49:08.084984+00:00,San Francisco,KSFO,2026-09-12,highest_temperature,F,4436818,san_francisco|2026_09_12|highest_temperature|f|ksfo,range,,72.0,73.0,72-73°F,0.356896,0.105,0.21,0.05,0.008295,0.146896,0.138601,3.722405,3,21.8333,20.3,22.6,1.3279,28.9,2026-09-10T21:00:00.000Z,PAPER_BUY,model_probability=0.3569; entry=0.2100; gross_edge=0.1469; fee=0.00830; net_ev=0.1386; entry_source=ask; fee_source=market
2026-09-10T21:49:08.055278+00:00,Cape Town,FACT,2026-09-10,lowest_temperature,C,4355892,cape_town|2026_09_10|lowest_temperature|c|fact,exact,16.0,16.0,16.0,16°C,0.1396,0.0005,0.001,0.05,4.995e-05,0.1386,0.13855,998.95005,3,14.4,13.9,15.0,0.5568,16.0,2026-09-10T21:00:00.000Z,PAPER_BUY,model_probability=0.1396; entry=0.0010; gross_edge=0.1386; fee=0.00005; net_ev=0.1385; entry_source=ask; fee_source=market
2026-09-10T21:49:08.056365+00:00,Cape Town,FACT,2026-09-10,highest_temperature,C,4356543,cape_town|2026_09_10|highest_temperature|c|fact,exact,21.0,21.0,21.0,21°C,0.1396,0.0005,0.001,0.05,4.995e-05,0.1386,0.13855,998.95005,3,19.4,19.1,19.8,0.3606,16.0,2026-09-10T21:00:00.000Z,PAPER_BUY,model_probability=0.1396; entry=0.0010; gross_edge=0.1386; fee=0.00005; net_ev=0.1385; entry_source=ask; fee_source=market
2026-09-10T21:49:08.079631+00:00,Madrid,LEMD,2026-09-12,highest_temperature,C,4431334,madrid|2026_09_12|highest_temperature|c|lemd,exact,30.0,30.0,30.0,30°C,0.180418,0.025,0.04,0.05,0.00192,0.140418,0.138498,23.952,3,31.3333,31.3,31.4,0.0577,20.0,2026-09-10T21:30:00.000Z,PAPER_BUY,model_probability=0.1804; entry=0.0400; gross_edge=0.1404; fee=0.00192; net_ev=0.1385; entry_source=ask; fee_source=market
2026-09-10T21:49:08.067442+00:00,Helsinki,EFHK,2026-09-11,highest_temperature,C,4400238,helsinki|2026_09_11|highest_temperature|c|efhk,exact,18.0,18.0,18.0,18°C,0.242856,0.09,0.1,0.05,0.0045,0.142856,0.138356,8.955,3,17.0667,16.8,17.4,0.3055,12.0,2026-09-10T21:20:00.000Z,PAPER_BUY,model_probability=0.2429; entry=0.1000; gross_edge=0.1429; fee=0.00450; net_ev=0.1384; entry_source=ask; fee_source=market
2026-09-10T21:49:08.082152+00:00,Chicago,KORD,2026-09-12,highest_temperature,F,4433729,chicago|2026_09_12|highest_temperature|f|kord,range,,88.0,89.0,88-89°F,0.210951,0.05,0.07,0.05,0.003255,0.140951,0.137696,13.239214,3,29.7333,28.8,30.2,0.8083,25.0,2026-09-10T21:00:00.000Z,PAPER_BUY,model_probability=0.2110; entry=0.0700; gross_edge=0.1410; fee=0.00326; net_ev=0.1377; entry_source=ask; fee_source=market
2026-09-10T21:49:08.061268+00:00,Seoul (Incheon),RKSI,2026-09-11,lowest_temperature,C,4399146,seoul_incheon|2026_09_11|lowest_temperature|c|rksi,exact,18.0,18.0,18.0,18°C,0.138646,0.0005,0.001,0.05,4.995e-05,0.137646,0.137596,998.95005,3,17.7333,14.9,19.5,2.4786,16.0,2026-09-10T21:30:00.000Z,PAPER_BUY,model_probability=0.1386; entry=0.0010; gross_edge=0.1376; fee=0.00005; net_ev=0.1376; entry_source=ask; fee_source=market
2026-09-10T21:49:08.073371+00:00,Panama City,MPMG,2026-09-11,highest_temperature,C,4405145,panama_city|2026_09_11|highest_temperature|c|mpmg,exact,29.0,29.0,29.0,29°C,0.168711,0.025,0.03,0.05,0.001455,0.138711,0.137256,32.284833,3,30.4333,29.7,31.8,1.1846,29.0,2026-09-10T21:00:00.000Z,PAPER_BUY,model_probability=0.1687; entry=0.0300; gross_edge=0.1387; fee=0.00145; net_ev=0.1373; entry_source=ask; fee_source=market
2026-09-10T21:49:08.070789+00:00,Chicago,KORD,2026-09-11,highest_temperature,F,4402226,chicago|2026_09_11|highest_temperature|f|kord,range,,82.0,83.0,82-83°F,0.272348,0.125,0.13,0.05,0.005655,0.142348,0.136693,6.648808,3,27.1,25.1,28.1,1.7321,25.0,2026-09-10T21:00:00.000Z,PAPER_BUY,model_probability=0.2723; entry=0.1300; gross_edge=0.1423; fee=0.00566; net_ev=0.1367; entry_source=ask; fee_source=market
2026-09-10T21:49:08.068493+00:00,Manila,RPLL,2026-09-11,highest_temperature,C,4400312,manila|2026_09_11|highest_temperature|c|rpll,exact,29.0,29.0,29.0,29°C,0.300831,0.145,0.16,0.05,0.00672,0.140831,0.134111,5.208,3,28.5333,28.2,29.0,0.4163,25.0,2026-09-10T21:00:00.000Z,PAPER_BUY,model_probability=0.3008; entry=0.1600; gross_edge=0.1408; fee=0.00672; net_ev=0.1341; entry_source=ask; fee_source=market
2026-09-10T21:49:08.061258+00:00,Seoul (Incheon),RKSI,2026-09-11,lowest_temperature,C,4399145,seoul_incheon|2026_09_11|lowest_temperature|c|rksi,exact,17.0,17.0,17.0,17°C,0.13476,0.0005,0.001,0.05,4.995e-05,0.13376,0.13371,998.95005,3,17.7333,14.9,19.5,2.4786,16.0,2026-09-10T21:30:00.000Z,PAPER_BUY,model_probability=0.1348; entry=0.0010; gross_edge=0.1338; fee=0.00005; net_ev=0.1337; entry_source=ask; fee_source=market
2026-09-10T21:49:08.054530+00:00,Munich,EDDM,2026-09-10,lowest_temperature,C,4355587,munich|2026_09_10|lowest_temperature|c|eddm,exact,8.0,8.0,8.0,8°C,0.134751,0.0005,0.001,0.05,4.995e-05,0.133751,0.133701,998.95005,3,9.6333,8.8,10.4,0.8021,12.0,2026-09-10T21:20:00.000Z,PAPER_BUY,model_probability=0.1348; entry=0.0010; gross_edge=0.1338; fee=0.00005; net_ev=0.1337; entry_source=ask; fee_source=market
2026-09-10T21:49:08.061938+00:00,Tokyo,RJTT,2026-09-11,lowest_temperature,C,4399213,tokyo|2026_09_11|lowest_temperature|c|rjtt,exact,21.0,21.0,21.0,21°C,0.134751,0.0005,0.001,0.05,4.995e-05,0.133751,0.133701,998.95005,3,19.3667,19.0,19.6,0.3215,19.0,2026-09-10T21:30:00.000Z,PAPER_BUY,model_probability=0.1348; entry=0.0010; gross_edge=0.1338; fee=0.00005; net_ev=0.1337; entry_source=ask; fee_source=market
2026-09-10T21:49:08.062023+00:00,Shanghai,ZSPD,2026-09-11,lowest_temperature,C,4399230,shanghai|2026_09_11|lowest_temperature|c|zspd,exact,21.0,21.0,21.0,21°C,0.185913,0.03,0.05,0.05,0.002375,0.135913,0.133538,18.9525,3,22.3,21.1,23.1,1.0583,24.0,2026-09-10T21:30:00.000Z,PAPER_BUY,model_probability=0.1859; entry=0.0500; gross_edge=0.1359; fee=0.00238; net_ev=0.1335; entry_source=ask; fee_source=market
2026-09-10T21:49:08.058619+00:00,Houston,KHOU,2026-09-10,highest_temperature,F,4359170,houston|2026_09_10|highest_temperature|f|khou,range,,86.0,87.0,86-87°F,0.13437,0.0005,0.001,0.05,4.995e-05,0.13337,0.13332,998.95005,3,32.3333,31.4,32.8,0.8083,30.6,2026-09-10T21:00:00.000Z,PAPER_BUY,model_probability=0.1344; entry=0.0010; gross_edge=0.1334; fee=0.00005; net_ev=0.1333; entry_source=ask; fee_source=market
2026-09-10T21:49:08.071824+00:00,Los Angeles,KLAX,2026-09-11,highest_temperature,F,4404588,los_angeles|2026_09_11|highest_temperature|f|klax,range,,88.0,89.0,88-89°F,0.227257,0.06,0.09,0.05,0.004095,0.137257,0.133162,10.065611,3,31.8333,30.5,34.5,2.3094,31.1,2026-09-10T21:00:00.000Z,PAPER_BUY,model_probability=0.2273; entry=0.0900; gross_edge=0.1373; fee=0.00409; net_ev=0.1332; entry_source=ask; fee_source=market
2026-09-10T21:49:08.067961+00:00,Guangzhou,ZGGG,2026-09-11,highest_temperature,C,4400277,guangzhou|2026_09_11|highest_temperature|c|zggg,exact,29.0,29.0,29.0,29°C,0.134751,0.0015,0.002,0.05,9.98e-05,0.132751,0.132651,498.9501,3,30.6333,30.3,31.0,0.3512,25.0,2026-09-10T21:30:00.000Z,PAPER_BUY,model_probability=0.1348; entry=0.0020; gross_edge=0.1328; fee=0.00010; net_ev=0.1327; entry_source=ask; fee_source=market
2026-09-10T21:49:08.083949+00:00,Denver,KBKF,2026-09-12,highest_temperature,F,4434148,denver|2026_09_12|highest_temperature|f|kbkf,range,,78.0,79.0,78-79°F,0.21568,0.04,0.08,0.05,0.00368,0.13568,0.132,11.454,3,27.4667,27.1,28.2,0.6351,30.4,2026-09-10T21:00:00.000Z,PAPER_BUY,model_probability=0.2157; entry=0.0800; gross_edge=0.1357; fee=0.00368; net_ev=0.1320; entry_source=ask; fee_source=market
2026-09-10T21:49:08.065873+00:00,Singapore,WSSS,2026-09-11,highest_temperature,C,4400070,singapore|2026_09_11|highest_temperature|c|wsss,exact,28.0,28.0,28.0,28°C,0.131991,0.0005,0.001,0.05,4.995e-05,0.130991,0.130942,998.95005,3,29.8333,28.6,31.6,1.5695,28.0,2026-09-10T21:30:00.000Z,PAPER_BUY,model_probability=0.1320; entry=0.0010; gross_edge=0.1310; fee=0.00005; net_ev=0.1309; entry_source=ask; fee_source=market
2026-09-10T21:49:08.054392+00:00,Paris,LFPB,2026-09-10,lowest_temperature,C,4355533,paris|2026_09_10|lowest_temperature|c|lfpb,exact,10.0,10.0,10.0,10°C,0.131714,0.0005,0.001,0.05,4.995e-05,0.130714,0.130664,998.95005,3,10.3,8.4,13.7,2.9513,14.0,2026-09-10T21:30:00.000Z,PAPER_BUY,model_probability=0.1317; entry=0.0010; gross_edge=0.1307; fee=0.00005; net_ev=0.1307; entry_source=ask; fee_source=market
2026-09-10T21:49:08.065729+00:00,Shanghai,ZSPD,2026-09-11,highest_temperature,C,4400058,shanghai|2026_09_11|highest_temperature|c|zspd,exact,26.0,26.0,26.0,26°C,0.142347,0.008,0.012,0.05,0.0005928,0.130347,0.129754,82.283933,3,27.7,26.2,29.1,1.4526,24.0,2026-09-10T21:30:00.000Z,PAPER_BUY,model_probability=0.1423; entry=0.0120; gross_edge=0.1303; fee=0.00059; net_ev=0.1298; entry_source=ask; fee_source=market
2026-09-10T21:49:08.062185+00:00,Singapore,WSSS,2026-09-11,lowest_temperature,C,4399243,singapore|2026_09_11|lowest_temperature|c|wsss,exact,25.0,25.0,25.0,25°C,0.149994,0.015,0.02,0.05,0.00098,0.129994,0.129014,48.951,3,26.5333,25.5,27.6,1.0504,28.0,2026-09-10T21:30:00.000Z,PAPER_BUY,model_probability=0.1500; entry=0.0200; gross_edge=0.1300; fee=0.00098; net_ev=0.1290; entry_source=ask; fee_source=market
2026-09-10T21:49:08.071359+00:00,Los Angeles,KLAX,2026-09-11,lowest_temperature,F,4404270,los_angeles|2026_09_11|lowest_temperature|f|klax,range,,70.0,71.0,70-71°F,0.38833,0.145,0.25,0.05,0.009375,0.13833,0.128955,2.9625,3,21.2667,20.5,22.8,1.3279,31.1,2026-09-10T21:00:00.000Z,PAPER_BUY,model_probability=0.3883; entry=0.2500; gross_edge=0.1383; fee=0.00938; net_ev=0.1290; entry_source=ask; fee_source=market
2026-09-10T21:49:08.056233+00:00,Amsterdam,EHAM,2026-09-10,highest_temperature,C,4356499,amsterdam|2026_09_10|highest_temperature|c|eham,exact,21.0,21.0,21.0,21°C,0.129976,0.0005,0.001,0.05,4.995e-05,0.128976,0.128926,998.95005,3,19.3333,18.7,20.2,0.7767,16.0,2026-09-10T21:25:00.000Z,PAPER_BUY,model_probability=0.1300; entry=0.0010; gross_edge=0.1290; fee=0.00005; net_ev=0.1289; entry_source=ask; fee_source=market
2026-09-10T21:49:08.063772+00:00,Kuala Lumpur,WMKK,2026-09-11,lowest_temperature,C,4399409,kuala_lumpur|2026_09_11|lowest_temperature|c|wmkk,exact,26.0,26.0,26.0,26°C,0.129976,0.0005,0.001,0.05,4.995e-05,0.128976,0.128926,998.95005,3,24.3333,24.2,24.4,0.1155,25.0,2026-09-10T21:30:00.000Z,PAPER_BUY,model_probability=0.1300; entry=0.0010; gross_edge=0.1290; fee=0.00005; net_ev=0.1289; entry_source=ask; fee_source=market
2026-09-10T21:49:08.068473+00:00,Manila,RPLL,2026-09-11,highest_temperature,C,4400310,manila|2026_09_11|highest_temperature|c|rpll,exact,27.0,27.0,27.0,27°C,0.149498,0.015,0.02,0.05,0.00098,0.129498,0.128518,48.951,3,28.5333,28.2,29.0,0.4163,25.0,2026-09-10T21:00:00.000Z,PAPER_BUY,model_probability=0.1495; entry=0.0200; gross_edge=0.1295; fee=0.00098; net_ev=0.1285; entry_source=ask; fee_source=market
2026-09-10T21:49:08.054403+00:00,Paris,LFPB,2026-09-10,lowest_temperature,C,4355534,paris|2026_09_10|lowest_temperature|c|lfpb,exact,11.0,11.0,11.0,11°C,0.128845,0.0005,0.001,0.05,4.995e-05,0.127845,0.127795,998.95005,3,10.3,8.4,13.7,2.9513,14.0,2026-09-10T21:30:00.000Z,PAPER_BUY,model_probability=0.1288; entry=0.0010; gross_edge=0.1278; fee=0.00005; net_ev=0.1278; entry_source=ask; fee_source=market
2026-09-10T21:49:08.060301+00:00,Sao Paulo,SBGR,2026-09-10,highest_temperature,C,4363744,sao_paulo|2026_09_10|highest_temperature|c|sbgr,exact,21.0,21.0,21.0,21°C,0.128392,0.0005,0.001,0.05,4.995e-05,0.127392,0.127342,998.95005,3,22.8667,21.3,24.8,1.7786,17.0,2026-09-10T21:00:00.000Z,PAPER_BUY,model_probability=0.1284; entry=0.0010; gross_edge=0.1274; fee=0.00005; net_ev=0.1273; entry_source=ask; fee_source=market
2026-09-10T21:49:08.081582+00:00,Qingdao,ZSQD,2026-09-12,highest_temperature,C,4431527,qingdao|2026_09_12|highest_temperature|c|zsqd,exact,28.0,28.0,28.0,28°C,0.313691,0.165,0.18,0.05,0.00738,0.133691,0.126311,4.514556,3,28.3,27.6,28.9,0.6557,14.0,2026-09-10T21:00:00.000Z,PAPER_BUY,model_probability=0.3137; entry=0.1800; gross_edge=0.1337; fee=0.00738; net_ev=0.1263; entry_source=ask; fee_source=market
2026-09-10T21:49:08.062053+00:00,Shanghai,ZSPD,2026-09-11,lowest_temperature,C,4399233,shanghai|2026_09_11|lowest_temperature|c|zspd,exact,24.0,24.0,24.0,24°C,0.126738,0.0005,0.001,0.05,4.995e-05,0.125738,0.125688,998.95005,3,22.3,21.1,23.1,1.0583,24.0,2026-09-10T21:30:00.000Z,PAPER_BUY,model_probability=0.1267; entry=0.0010; gross_edge=0.1257; fee=0.00005; net_ev=0.1257; entry_source=ask; fee_source=market
2026-09-10T21:49:08.061278+00:00,Seoul (Incheon),RKSI,2026-09-11,lowest_temperature,C,4399147,seoul_incheon|2026_09_11|lowest_temperature|c|rksi,exact,19.0,19.0,19.0,19°C,0.126282,0.0005,0.001,0.05,4.995e-05,0.125282,0.125233,998.95005,3,17.7333,14.9,19.5,2.4786,16.0,2026-09-10T21:30:00.000Z,PAPER_BUY,model_probability=0.1263; entry=0.0010; gross_edge=0.1253; fee=0.00005; net_ev=0.1252; entry_source=ask; fee_source=market
2026-09-10T21:49:08.078843+00:00,Lucknow,VILK,2026-09-12,highest_temperature,C,4431241,lucknow|2026_09_12|highest_temperature|c|vilk,exact,32.0,32.0,32.0,32°C,0.322608,0.175,0.19,0.05,0.007695,0.132608,0.124913,4.222658,3,31.9333,31.4,32.8,0.7572,27.0,2026-09-10T21:30:00.000Z,PAPER_BUY,model_probability=0.3226; entry=0.1900; gross_edge=0.1326; fee=0.00770; net_ev=0.1249; entry_source=ask; fee_source=market
2026-09-10T21:49:08.061110+00:00,Paris,LFPB,2026-09-11,lowest_temperature,C,4399134,paris|2026_09_11|lowest_temperature|c|lfpb,exact,15.0,15.0,15.0,15°C,0.135061,0.0055,0.01,0.05,0.000495,0.125061,0.124566,98.9505,3,14.3667,12.5,17.2,2.4947,14.0,2026-09-10T21:30:00.000Z,PAPER_BUY,model_probability=0.1351; entry=0.0100; gross_edge=0.1251; fee=0.00049; net_ev=0.1246; entry_source=ask; fee_source=market
2026-09-10T21:49:08.065623+00:00,Tokyo,RJTT,2026-09-11,highest_temperature,C,4400039,tokyo|2026_09_11|highest_temperature|c|rjtt,exact,19.0,19.0,19.0,19°C,0.125279,0.0005,0.001,0.05,4.995e-05,0.124279,0.124229,998.95005,3,20.7,20.3,20.9,0.3464,19.0,2026-09-10T21:30:00.000Z,PAPER_BUY,model_probability=0.1253; entry=0.0010; gross_edge=0.1243; fee=0.00005; net_ev=0.1242; entry_source=ask; fee_source=market
2026-09-10T21:49:08.067276+00:00,Amsterdam,EHAM,2026-09-11,highest_temperature,C,4400224,amsterdam|2026_09_11|highest_temperature|c|eham,exact,19.0,19.0,19.0,19°C,0.247769,0.11,0.12,0.05,0.00528,0.127769,0.122489,7.289333,3,19.9,19.2,20.8,0.8185,16.0,2026-09-10T21:25:00.000Z,PAPER_BUY,model_probability=0.2478; entry=0.1200; gross_edge=0.1278; fee=0.00528; net_ev=0.1225; entry_source=ask; fee_source=market
2026-09-10T21:49:08.056071+00:00,Warsaw,EPWA,2026-09-10,highest_temperature,C,4356388,warsaw|2026_09_10|highest_temperature|c|epwa,exact,21.0,21.0,21.0,21°C,0.122175,0.0005,0.001,0.05,4.995e-05,0.121175,0.121125,998.95005,3,19.1667,17.8,20.1,1.2097,11.0,2026-09-10T21:30:00.000Z,PAPER_BUY,model_probability=0.1222; entry=0.0010; gross_edge=0.1212; fee=0.00005; net_ev=0.1211; entry_source=ask; fee_source=market
2026-09-10T21:49:08.075829+00:00,Warsaw,EPWA,2026-09-12,lowest_temperature,C,4430508,warsaw|2026_09_12|lowest_temperature|c|epwa,exact,12.0,12.0,12.0,12°C,0.287135,0.08,0.16,0.05,0.00672,0.127135,0.120415,5.208,3,11.4,11.1,11.6,0.2646,11.0,2026-09-10T21:30:00.000Z,PAPER_BUY,model_probability=0.2871; entry=0.1600; gross_edge=0.1271; fee=0.00672; net_ev=0.1204; entry_source=ask; fee_source=market
2026-09-10T21:49:08.064583+00:00,Manila,RPLL,2026-09-11,lowest_temperature,C,4399477,manila|2026_09_11|lowest_temperature|c|rpll,exact,27.0,27.0,27.0,27°C,0.120663,0.0005,0.001,0.05,4.995e-05,0.119663,0.119613,998.95005,3,25.2667,24.3,26.0,0.8737,25.0,2026-09-10T21:00:00.000Z,PAPER_BUY,model_probability=0.1207; entry=0.0010; gross_edge=0.1197; fee=0.00005; net_ev=0.1196; entry_source=ask; fee_source=market
2026-09-10T21:49:08.054262+00:00,London,EGLC,2026-09-10,lowest_temperature,C,4355526,london|2026_09_10|lowest_temperature|c|eglc,exact,12.0,12.0,12.0,12°C,0.124144,0.0025,0.005,0.05,0.00024875,0.119144,0.118895,198.95025,3,13.7333,12.5,14.5,1.0786,18.0,2026-09-10T21:20:00.000Z,PAPER_BUY,model_probability=0.1241; entry=0.0050; gross_edge=0.1191; fee=0.00025; net_ev=0.1189; entry_source=ask; fee_source=market
2026-09-10T21:49:08.078428+00:00,Seoul (Incheon),RKSI,2026-09-12,highest_temperature,C,4431207,seoul_incheon|2026_09_12|highest_temperature|c|rksi,exact,24.0,24.0,24.0,24°C,0.294331,0.16,0.17,0.05,0.007055,0.124331,0.117276,4.840853,3,24.5333,23.9,25.4,0.7767,16.0,2026-09-10T21:30:00.000Z,PAPER_BUY,model_probability=0.2943; entry=0.1700; gross_edge=0.1243; fee=0.00706; net_ev=0.1173; entry_source=ask; fee_source=market
2026-09-10T21:49:08.079211+00:00,Shanghai,ZSPD,2026-09-12,highest_temperature,C,4431291,shanghai|2026_09_12|highest_temperature|c|zspd,exact,26.0,26.0,26.0,26°C,0.126738,0.0065,0.01,0.05,0.000495,0.116738,0.116243,98.9505,3,27.7,26.5,28.5,1.0583,24.0,2026-09-10T21:30:00.000Z,PAPER_BUY,model_probability=0.1267; entry=0.0100; gross_edge=0.1167; fee=0.00049; net_ev=0.1162; entry_source=ask; fee_source=market
2026-09-10T21:49:08.082669+00:00,Miami,KMIA,2026-09-12,lowest_temperature,F,4433926,miami|2026_09_12|lowest_temperature|f|kmia,range,,78.0,79.0,78-79°F,0.467204,0.33,0.34,0.05,0.01122,0.127204,0.115984,1.908176,3,25.5,25.1,26.3,0.6928,29.4,2026-09-10T21:00:00.000Z,PAPER_BUY,model_probability=0.4672; entry=0.3400; gross_edge=0.1272; fee=0.01122; net_ev=0.1160; entry_source=ask; fee_source=market
2026-09-10T21:49:08.068341+00:00,Karachi,OPKC,2026-09-11,highest_temperature,C,4400300,karachi|2026_09_11|highest_temperature|c|opkc,exact,31.0,31.0,31.0,31°C,0.138445,0.012,0.022,0.05,0.0010758,0.116445,0.115369,44.405645,3,32.6333,30.5,34.0,1.8717,27.0,2026-09-10T21:30:00.000Z,PAPER_BUY,model_probability=0.1384; entry=0.0220; gross_edge=0.1164; fee=0.00108; net_ev=0.1154; entry_source=ask; fee_source=market
2026-09-10T21:49:08.071196+00:00,Seattle,KSEA,2026-09-11,lowest_temperature,F,4404257,seattle|2026_09_11|lowest_temperature|f|ksea,range,,52.0,53.0,52-53°F,0.414801,0.145,0.29,0.05,0.010295,0.124801,0.114506,2.412776,3,12.1,11.6,13.1,0.866,20.0,2026-09-10T21:00:00.000Z,PAPER_BUY,model_probability=0.4148; entry=0.2900; gross_edge=0.1248; fee=0.01029; net_ev=0.1145; entry_source=ask; fee_source=market
2026-09-10T21:49:08.078927+00:00,Munich,EDDM,2026-09-12,highest_temperature,C,4431247,munich|2026_09_12|highest_temperature|c|eddm,exact,20.0,20.0,20.0,20°C,0.1396,0.0135,0.025,0.05,0.00121875,0.1146,0.113381,38.95125,3,21.6,21.3,21.8,0.2646,12.0,2026-09-10T21:20:00.000Z,PAPER_BUY,model_probability=0.1396; entry=0.0250; gross_edge=0.1146; fee=0.00122; net_ev=0.1134; entry_source=ask; fee_source=market
2026-09-10T21:49:08.071337+00:00,Los Angeles,KLAX,2026-09-11,lowest_temperature,F,4404268,los_angeles|2026_09_11|lowest_temperature|f|klax,range,,66.0,67.0,66-67°F,0.163538,0.025,0.05,0.05,0.002375,0.113538,0.111163,18.9525,3,21.2667,20.5,22.8,1.3279,31.1,2026-09-10T21:00:00.000Z,PAPER_BUY,model_probability=0.1635; entry=0.0500; gross_edge=0.1135; fee=0.00238; net_ev=0.1112; entry_source=ask; fee_source=market
2026-09-10T21:49:08.058946+00:00,Los Angeles,KLAX,2026-09-10,lowest_temperature,F,4361526,los_angeles|2026_09_10|lowest_temperature|f|klax,range,,78.0,79.0,78-79°F,0.11143,0.0005,0.001,0.05,4.995e-05,0.11043,0.11038,998.95005,3,23.6333,23.4,24.1,0.4041,31.1,2026-09-10T21:00:00.000Z,PAPER_BUY,model_probability=0.1114; entry=0.0010; gross_edge=0.1104; fee=0.00005; net_ev=0.1104; entry_source=ask; fee_source=market
2026-09-10T21:49:08.065530+00:00,Munich,EDDM,2026-09-11,highest_temperature,C,4400021,munich|2026_09_11|highest_temperature|c|eddm,exact,19.0,19.0,19.0,19°C,0.287135,0.165,0.17,0.05,0.007055,0.117135,0.11008,4.840853,3,19.6,18.7,20.1,0.781,12.0,2026-09-10T21:20:00.000Z,PAPER_BUY,model_probability=0.2871; entry=0.1700; gross_edge=0.1171; fee=0.00706; net_ev=0.1101; entry_source=ask; fee_source=market
2026-09-10T21:49:08.067535+00:00,Kuala Lumpur,WMKK,2026-09-11,highest_temperature,C,4400245,kuala_lumpur|2026_09_11|highest_temperature|c|wmkk,exact,28.0,28.0,28.0,28°C,0.129976,0.0115,0.02,0.05,0.00098,0.109976,0.108996,48.951,3,29.6667,28.9,30.6,0.8622,25.0,2026-09-10T21:30:00.000Z,PAPER_BUY,model_probability=0.1300; entry=0.0200; gross_edge=0.1100; fee=0.00098; net_ev=0.1090; entry_source=ask; fee_source=market
2026-09-10T21:49:08.068773+00:00,Atlanta,KATL,2026-09-11,highest_temperature,F,4401441,atlanta|2026_09_11|highest_temperature|f|katl,range,,88.0,89.0,88-89°F,0.449536,0.32,0.33,0.05,0.011055,0.119536,0.108481,1.996803,3,30.9,30.6,31.5,0.5196,32.2,2026-09-10T21:00:00.000Z,PAPER_BUY,model_probability=0.4495; entry=0.3300; gross_edge=0.1195; fee=0.01105; net_ev=0.1085; entry_source=ask; fee_source=market
2026-09-10T21:49:08.065520+00:00,Munich,EDDM,2026-09-11,highest_temperature,C,4400020,munich|2026_09_11|highest_temperature|c|eddm,exact,18.0,18.0,18.0,18°C,0.1396,0.02,0.03,0.05,0.001455,0.1096,0.108145,32.284833,3,19.6,18.7,20.1,0.781,12.0,2026-09-10T21:20:00.000Z,PAPER_BUY,model_probability=0.1396; entry=0.0300; gross_edge=0.1096; fee=0.00145; net_ev=0.1081; entry_source=ask; fee_source=market
2026-09-10T21:49:08.078418+00:00,Seoul (Incheon),RKSI,2026-09-12,highest_temperature,C,4431206,seoul_incheon|2026_09_12|highest_temperature|c|rksi,exact,23.0,23.0,23.0,23°C,0.149498,0.035,0.04,0.05,0.00192,0.109498,0.107578,23.952,3,24.5333,23.9,25.4,0.7767,16.0,2026-09-10T21:30:00.000Z,PAPER_BUY,model_probability=0.1495; entry=0.0400; gross_edge=0.1095; fee=0.00192; net_ev=0.1076; entry_source=ask; fee_source=market
2026-09-10T21:49:08.083837+00:00,Austin,KAUS,2026-09-12,highest_temperature,F,4434140,austin|2026_09_12|highest_temperature|f|kaus,range,,102.0,103.0,102-103°F,0.44805,0.31,0.33,0.05,0.011055,0.11805,0.106995,1.996803,3,38.6667,37.8,39.1,0.7506,37.2,2026-09-10T21:00:00.000Z,PAPER_BUY,model_probability=0.4480; entry=0.3300; gross_edge=0.1180; fee=0.01105; net_ev=0.1070; entry_source=ask; fee_source=market
2026-09-10T21:49:08.060721+00:00,Mexico City,MMMX,2026-09-10,highest_temperature,C,4363781,mexico_city|2026_09_10|highest_temperature|c|mmmx,exact,23.0,23.0,23.0,23°C,0.107339,0.0005,0.001,0.05,4.995e-05,0.106339,0.106289,998.95005,3,24.8333,23.8,25.6,0.9292,23.0,2026-09-10T21:45:00.000Z,PAPER_BUY,model_probability=0.1073; entry=0.0010; gross_edge=0.1063; fee=0.00005; net_ev=0.1063; entry_source=ask; fee_source=market
2026-09-10T21:49:08.071640+00:00,Seattle,KSEA,2026-09-11,highest_temperature,F,4404572,seattle|2026_09_11|highest_temperature|f|ksea,range,,66.0,67.0,66-67°F,0.456533,0.33,0.34,0.05,0.01122,0.116533,0.105313,1.908176,3,19.6,19.5,19.8,0.1732,20.0,2026-09-10T21:00:00.000Z,PAPER_BUY,model_probability=0.4565; entry=0.3400; gross_edge=0.1165; fee=0.01122; net_ev=0.1053; entry_source=ask; fee_source=market
2026-09-10T21:49:08.077211+00:00,Jeddah,OEJN,2026-09-12,lowest_temperature,C,4430671,jeddah|2026_09_12|lowest_temperature|c|oejn,exact,29.0,29.0,29.0,29°C,0.322608,0.125,0.21,0.05,0.008295,0.112608,0.104313,3.722405,3,28.9333,28.3,29.5,0.6028,32.0,2026-09-10T21:00:00.000Z,PAPER_BUY,model_probability=0.3226; entry=0.2100; gross_edge=0.1126; fee=0.00830; net_ev=0.1043; entry_source=ask; fee_source=market
2026-09-10T21:49:08.082377+00:00,Dallas,KDAL,2026-09-12,lowest_temperature,F,4433903,dallas|2026_09_12|lowest_temperature|f|kdal,range,,74.0,75.0,74-75°F,0.15654,0.025,0.05,0.05,0.002375,0.10654,0.104165,18.9525,3,25.8667,25.0,27.6,1.5011,36.7,2026-09-10T21:00:00.000Z,PAPER_BUY,model_probability=0.1565; entry=0.0500; gross_edge=0.1065; fee=0.00238; net_ev=0.1042; entry_source=ask; fee_source=market
2026-09-10T21:49:08.082657+00:00,Miami,KMIA,2026-09-12,lowest_temperature,F,4433925,miami|2026_09_12|lowest_temperature|f|kmia,range,,76.0,77.0,76-77°F,0.402563,0.145,0.29,0.05,0.010295,0.112563,0.102268,2.412776,3,25.5,25.1,26.3,0.6928,29.4,2026-09-10T21:00:00.000Z,PAPER_BUY,model_probability=0.4026; entry=0.2900; gross_edge=0.1126; fee=0.01029; net_ev=0.1023; entry_source=ask; fee_source=market
2026-09-10T21:49:08.055885+00:00,Madrid,LEMD,2026-09-10,highest_temperature,C,4356370,madrid|2026_09_10|highest_temperature|c|lemd,exact,25.0,25.0,25.0,25°C,0.103083,0.0005,0.001,0.05,4.995e-05,0.102083,0.102033,998.95005,3,26.8667,26.4,27.7,0.7234,20.0,2026-09-10T21:30:00.000Z,PAPER_BUY,model_probability=0.1031; entry=0.0010; gross_edge=0.1021; fee=0.00005; net_ev=0.1020; entry_source=ask; fee_source=market
2026-09-10T21:49:08.070757+00:00,Chicago,KORD,2026-09-11,highest_temperature,F,4402223,chicago|2026_09_11|highest_temperature|f|kord,range,,76.0,77.0,76-77°F,0.154338,0.035,0.05,0.05,0.002375,0.104338,0.101963,18.9525,3,27.1,25.1,28.1,1.7321,25.0,2026-09-10T21:00:00.000Z,PAPER_BUY,model_probability=0.1543; entry=0.0500; gross_edge=0.1043; fee=0.00238; net_ev=0.1020; entry_source=ask; fee_source=market
2026-09-10T21:49:08.054821+00:00,Madrid,LEMD,2026-09-10,lowest_temperature,C,4355694,madrid|2026_09_10|lowest_temperature|c|lemd,exact,14.0,14.0,14.0,14°C,0.102571,0.0005,0.001,0.05,4.995e-05,0.101571,0.101521,998.95005,3,11.9333,11.1,13.4,1.2741,20.0,2026-09-10T21:30:00.000Z,PAPER_BUY,model_probability=0.1026; entry=0.0010; gross_edge=0.1016; fee=0.00005; net_ev=0.1015; entry_source=ask; fee_source=market
2026-09-10T21:49:08.063352+00:00,Busan,RKPK,2026-09-11,lowest_temperature,C,4399373,busan|2026_09_11|lowest_temperature|c|rkpk,exact,17.0,17.0,17.0,17°C,0.11169,0.0055,0.01,0.05,0.000495,0.10169,0.101195,98.9505,3,18.8,18.2,19.3,0.5568,19.0,2026-09-10T21:00:00.000Z,PAPER_BUY,model_probability=0.1117; entry=0.0100; gross_edge=0.1017; fee=0.00049; net_ev=0.1012; entry_source=ask; fee_source=market
2026-09-10T21:49:08.061433+00:00,Ankara,LTAC,2026-09-11,lowest_temperature,C,4399160,ankara|2026_09_11|lowest_temperature|c|ltac,exact,18.0,18.0,18.0,18°C,0.102226,0.0005,0.001,0.05,4.995e-05,0.101226,0.101176,998.95005,3,15.8333,12.8,17.8,2.6652,17.0,2026-09-10T21:20:00.000Z,PAPER_BUY,model_probability=0.1022; entry=0.0010; gross_edge=0.1012; fee=0.00005; net_ev=0.1012; entry_source=ask; fee_source=market
2026-09-10T21:49:08.083663+00:00,Miami,KMIA,2026-09-12,highest_temperature,F,4434126,miami|2026_09_12|highest_temperature|f|kmia,range,,84.0,85.0,84-85°F,0.143024,0.035,0.04,0.05,0.00192,0.103024,0.101104,23.952,3,31.7333,28.6,33.3,2.7135,29.4,2026-09-10T21:00:00.000Z,PAPER_BUY,model_probability=0.1430; entry=0.0400; gross_edge=0.1030; fee=0.00192; net_ev=0.1011; entry_source=ask; fee_source=market
2026-09-10T21:49:08.080972+00:00,Kuala Lumpur,WMKK,2026-09-12,highest_temperature,C,4431477,kuala_lumpur|2026_09_12|highest_temperature|c|wmkk,exact,27.0,27.0,27.0,27°C,0.105426,0.004,0.005,0.05,0.00024875,0.100426,0.100177,198.95025,3,29.0333,24.9,31.2,3.581,25.0,2026-09-10T21:30:00.000Z,PAPER_BUY,model_probability=0.1054; entry=0.0050; gross_edge=0.1004; fee=0.00025; net_ev=0.1002; entry_source=ask; fee_source=market
2026-09-10T21:49:08.065085+00:00,Ankara,LTAC,2026-09-11,highest_temperature,C,4399984,ankara|2026_09_11|highest_temperature|c|ltac,exact,28.0,28.0,28.0,28°C,0.11169,0.0065,0.012,0.05,0.0005928,0.09969,0.099097,82.283933,3,29.8,29.3,30.4,0.5568,17.0,2026-09-10T21:20:00.000Z,PAPER_BUY,model_probability=0.1117; entry=0.0120; gross_edge=0.0997; fee=0.00059; net_ev=0.0991; entry_source=ask; fee_source=market
2026-09-10T21:49:08.064849+00:00,Paris,LFPB,2026-09-11,highest_temperature,C,4399965,paris|2026_09_11|highest_temperature|c|lfpb,exact,26.0,26.0,26.0,26°C,0.151215,0.04,0.05,0.05,0.002375,0.101215,0.09884,18.9525,3,24.4,23.5,26.0,1.3892,14.0,2026-09-10T21:30:00.000Z,PAPER_BUY,model_probability=0.1512; entry=0.0500; gross_edge=0.1012; fee=0.00238; net_ev=0.0988; entry_source=ask; fee_source=market
2026-09-10T21:49:08.083674+00:00,Miami,KMIA,2026-09-12,highest_temperature,F,4434127,miami|2026_09_12|highest_temperature|f|kmia,range,,86.0,87.0,86-87°F,0.182326,0.075,0.08,0.05,0.00368,0.102326,0.098646,11.454,3,31.7333,28.6,33.3,2.7135,29.4,2026-09-10T21:00:00.000Z,PAPER_BUY,model_probability=0.1823; entry=0.0800; gross_edge=0.1023; fee=0.00368; net_ev=0.0986; entry_source=ask; fee_source=market
2026-09-10T21:49:08.079345+00:00,Singapore,WSSS,2026-09-12,highest_temperature,C,4431302,singapore|2026_09_12|highest_temperature|c|wsss,exact,29.0,29.0,29.0,29°C,0.129976,0.02,0.03,0.05,0.001455,0.099976,0.098521,32.284833,3,30.6667,30.1,31.0,0.4933,28.0,2026-09-10T21:30:00.000Z,PAPER_BUY,model_probability=0.1300; entry=0.0300; gross_edge=0.1000; fee=0.00145; net_ev=0.0985; entry_source=ask; fee_source=market
2026-09-10T21:49:08.067149+00:00,Busan,RKPK,2026-09-11,highest_temperature,C,4400214,busan|2026_09_11|highest_temperature|c|rkpk,exact,27.0,27.0,27.0,27°C,0.160886,0.055,0.06,0.05,0.00282,0.100886,0.098066,15.619667,3,28.5,27.1,29.8,1.3528,19.0,2026-09-10T21:00:00.000Z,PAPER_BUY,model_probability=0.1609; entry=0.0600; gross_edge=0.1009; fee=0.00282; net_ev=0.0981; entry_source=ask; fee_source=market
2026-09-10T21:49:08.055404+00:00,London,EGLC,2026-09-10,highest_temperature,C,4356226,london|2026_09_10|highest_temperature|c|eglc,exact,22.0,22.0,22.0,22°C,0.098922,0.0005,0.001,0.05,4.995e-05,0.097922,0.097872,998.95005,3,20.1,19.0,20.9,0.9849,18.0,2026-09-10T21:20:00.000Z,PAPER_BUY,model_probability=0.0989; entry=0.0010; gross_edge=0.0979; fee=0.00005; net_ev=0.0979; entry_source=ask; fee_source=market
2026-09-10T21:49:08.055801+00:00,Milan,LIMC,2026-09-10,highest_temperature,C,4356358,milan|2026_09_10|highest_temperature|c|limc,exact,20.0,20.0,20.0,20°C,0.098922,0.0005,0.001,0.05,4.995e-05,0.097922,0.097872,998.95005,3,21.9,21.4,22.4,0.5,19.0,2026-09-10T21:20:00.000Z,PAPER_BUY,model_probability=0.0989; entry=0.0010; gross_edge=0.0979; fee=0.00005; net_ev=0.0979; entry_source=ask; fee_source=market
2026-09-10T21:49:08.060844+00:00,Panama City,MPMG,2026-09-10,highest_temperature,C,4363791,panama_city|2026_09_10|highest_temperature|c|mpmg,exact,28.0,28.0,28.0,28°C,0.098922,0.0005,0.001,0.05,4.995e-05,0.097922,0.097872,998.95005,3,29.9,29.5,30.3,0.4,29.0,2026-09-10T21:00:00.000Z,PAPER_BUY,model_probability=0.0989; entry=0.0010; gross_edge=0.0979; fee=0.00005; net_ev=0.0979; entry_source=ask; fee_source=market
2026-09-10T21:49:08.058459+00:00,Austin,KAUS,2026-09-10,highest_temperature,F,4359157,austin|2026_09_10|highest_temperature|f|kaus,range,,92.0,93.0,92-93°F,0.098667,0.0005,0.001,0.05,4.995e-05,0.097667,0.097617,998.95005,3,35.9,35.5,36.7,0.6928,37.2,2026-09-10T21:00:00.000Z,PAPER_BUY,model_probability=0.0987; entry=0.0010; gross_edge=0.0977; fee=0.00005; net_ev=0.0976; entry_source=ask; fee_source=market
2026-09-10T21:49:08.084110+00:00,Houston,KHOU,2026-09-12,highest_temperature,F,4434161,houston|2026_09_12|highest_temperature|f|khou,range,,90.0,91.0,90-91°F,0.222845,0.105,0.12,0.05,0.00528,0.102845,0.097565,7.289333,3,34.1,32.9,34.7,1.0392,30.6,2026-09-10T21:00:00.000Z,PAPER_BUY,model_probability=0.2228; entry=0.1200; gross_edge=0.1028; fee=0.00528; net_ev=0.0976; entry_source=ask; fee_source=market
2026-09-10T21:49:08.084866+00:00,Los Angeles,KLAX,2026-09-12,highest_temperature,F,4436805,los_angeles|2026_09_12|highest_temperature|f|klax,range,,86.0,87.0,86-87°F,0.211519,0.055,0.11,0.05,0.004895,0.101519,0.096624,8.046409,3,29.5,28.1,32.3,2.4249,31.1,2026-09-10T21:00:00.000Z,PAPER_BUY,model_probability=0.2115; entry=0.1100; gross_edge=0.1015; fee=0.00490; net_ev=0.0966; entry_source=ask; fee_source=market
2026-09-10T21:49:08.084403+00:00,Los Angeles,KLAX,2026-09-12,lowest_temperature,F,4436296,los_angeles|2026_09_12|lowest_temperature|f|klax,range,,68.0,69.0,68-69°F,0.324187,0.13,0.22,0.05,0.00858,0.104187,0.095607,3.506455,3,20.3333,19.4,22.2,1.6166,31.1,2026-09-10T21:00:00.000Z,PAPER_BUY,model_probability=0.3242; entry=0.2200; gross_edge=0.1042; fee=0.00858; net_ev=0.0956; entry_source=ask; fee_source=market
2026-09-10T21:49:08.071892+00:00,San Francisco,KSFO,2026-09-11,highest_temperature,F,4404592,san_francisco|2026_09_11|highest_temperature|f|ksfo,range,,66.0,67.0,66-67°F,0.146989,0.03,0.05,0.05,0.002375,0.096989,0.094614,18.9525,3,21.6333,20.0,24.9,2.829,28.9,2026-09-10T21:00:00.000Z,PAPER_BUY,model_probability=0.1470; entry=0.0500; gross_edge=0.0970; fee=0.00238; net_ev=0.0946; entry_source=ask; fee_source=market
2026-09-10T21:49:08.081603+00:00,Qingdao,ZSQD,2026-09-12,highest_temperature,C,4431529,qingdao|2026_09_12|highest_temperature|c|zsqd,exact,30.0,30.0,30.0,30°C,0.125279,0.02,0.03,0.05,0.001455,0.095279,0.093824,32.284833,3,28.3,27.6,28.9,0.6557,14.0,2026-09-10T21:00:00.000Z,PAPER_BUY,model_probability=0.1253; entry=0.0300; gross_edge=0.0953; fee=0.00145; net_ev=0.0938; entry_source=ask; fee_source=market
2026-09-10T21:49:08.055495+00:00,Paris,LFPB,2026-09-10,highest_temperature,C,4356233,paris|2026_09_10|highest_temperature|c|lfpb,exact,19.0,19.0,19.0,19°C,0.094861,0.0005,0.001,0.05,4.995e-05,0.093861,0.093811,998.95005,3,20.9333,20.3,21.6,0.6506,14.0,2026-09-10T21:30:00.000Z,PAPER_BUY,model_probability=0.0949; entry=0.0010; gross_edge=0.0939; fee=0.00005; net_ev=0.0938; entry_source=ask; fee_source=market
2026-09-10T21:49:08.060435+00:00,Buenos Aires,SAEZ,2026-09-10,highest_temperature,C,4363756,buenos_aires|2026_09_10|highest_temperature|c|saez,exact,19.0,19.0,19.0,19°C,0.094861,0.0005,0.001,0.05,4.995e-05,0.093861,0.093811,998.95005,3,20.9333,20.7,21.1,0.2082,19.0,2026-09-10T21:00:00.000Z,PAPER_BUY,model_probability=0.0949; entry=0.0010; gross_edge=0.0939; fee=0.00005; net_ev=0.0938; entry_source=ask; fee_source=market
2026-09-10T21:49:08.063128+00:00,Chengdu,ZUUU,2026-09-11,lowest_temperature,C,4399333,chengdu|2026_09_11|lowest_temperature|c|zuuu,exact,20.0,20.0,20.0,20°C,0.094861,0.0005,0.001,0.05,4.995e-05,0.093861,0.093811,998.95005,3,18.0667,18.0,18.1,0.0577,19.0,2026-09-10T21:00:00.000Z,PAPER_BUY,model_probability=0.0949; entry=0.0010; gross_edge=0.0939; fee=0.00005; net_ev=0.0938; entry_source=ask; fee_source=market
2026-09-10T21:49:08.080982+00:00,Kuala Lumpur,WMKK,2026-09-12,highest_temperature,C,4431478,kuala_lumpur|2026_09_12|highest_temperature|c|wmkk,exact,28.0,28.0,28.0,28°C,0.124812,0.015,0.03,0.05,0.001455,0.094812,0.093357,32.284833,3,29.0333,24.9,31.2,3.581,25.0,2026-09-10T21:30:00.000Z,PAPER_BUY,model_probability=0.1248; entry=0.0300; gross_edge=0.0948; fee=0.00145; net_ev=0.0934; entry_source=ask; fee_source=market
2026-09-10T21:49:08.080179+00:00,Wuhan,ZHHH,2026-09-12,highest_temperature,C,4431389,wuhan|2026_09_12|highest_temperature|c|zhhh,exact,28.0,28.0,28.0,28°C,0.134751,0.03,0.04,0.05,0.00192,0.094751,0.092831,23.952,3,29.6333,29.5,29.8,0.1528,18.0,2026-09-10T21:00:00.000Z,PAPER_BUY,model_probability=0.1348; entry=0.0400; gross_edge=0.0948; fee=0.00192; net_ev=0.0928; entry_source=ask; fee_source=market
2026-09-10T21:49:08.078553+00:00,Ankara,LTAC,2026-09-12,highest_temperature,C,4431217,ankara|2026_09_12|highest_temperature|c|ltac,exact,29.0,29.0,29.0,29°C,0.094861,0.0015,0.002,0.05,9.98e-05,0.092861,0.092761,498.9501,3,30.9333,30.7,31.3,0.3215,17.0,2026-09-10T21:20:00.000Z,PAPER_BUY,model_probability=0.0949; entry=0.0020; gross_edge=0.0929; fee=0.00010; net_ev=0.0928; entry_source=ask; fee_source=market
2026-09-10T21:49:08.065893+00:00,Singapore,WSSS,2026-09-11,highest_temperature,C,4400072,singapore|2026_09_11|highest_temperature|c|wsss,exact,30.0,30.0,30.0,30°C,0.21733,0.115,0.12,0.05,0.00528,0.09733,0.09205,7.289333,3,29.8333,28.6,31.6,1.5695,28.0,2026-09-10T21:30:00.000Z,PAPER_BUY,model_probability=0.2173; entry=0.1200; gross_edge=0.0973; fee=0.00528; net_ev=0.0921; entry_source=ask; fee_source=market
2026-09-10T21:49:08.065718+00:00,Shanghai,ZSPD,2026-09-11,highest_temperature,C,4400057,shanghai|2026_09_11|highest_temperature|c|zspd,or_lower,25.0,,25.0,25°C or below,0.09392,0.0015,0.002,0.05,9.98e-05,0.09192,0.091821,498.9501,3,27.7,26.2,29.1,1.4526,24.0,2026-09-10T21:30:00.000Z,PAPER_BUY,model_probability=0.0939; entry=0.0020; gross_edge=0.0919; fee=0.00010; net_ev=0.0918; entry_source=ask; fee_source=market
2026-09-10T21:49:08.060155+00:00,Panama City,MPMG,2026-09-10,lowest_temperature,C,4363409,panama_city|2026_09_10|lowest_temperature|c|mpmg,exact,23.0,23.0,23.0,23°C,0.154538,0.03,0.06,0.05,0.00282,0.094538,0.091718,15.619667,3,24.5,24.1,25.3,0.6928,29.0,2026-09-10T21:00:00.000Z,PAPER_BUY,model_probability=0.1545; entry=0.0600; gross_edge=0.0945; fee=0.00282; net_ev=0.0917; entry_source=ask; fee_source=market
2026-09-10T21:49:08.071880+00:00,San Francisco,KSFO,2026-09-11,highest_temperature,F,4404591,san_francisco|2026_09_11|highest_temperature|f|ksfo,range,,64.0,65.0,64-65°F,0.102053,0.006,0.01,0.05,0.000495,0.092053,0.091558,98.9505,3,21.6333,20.0,24.9,2.829,28.9,2026-09-10T21:00:00.000Z,PAPER_BUY,model_probability=0.1021; entry=0.0100; gross_edge=0.0921; fee=0.00049; net_ev=0.0916; entry_source=ask; fee_source=market
2026-09-10T21:49:08.085786+00:00,Sao Paulo,SBGR,2026-09-12,highest_temperature,C,4437492,sao_paulo|2026_09_12|highest_temperature|c|sbgr,exact,25.0,25.0,25.0,25°C,0.195983,0.08,0.1,0.05,0.0045,0.095983,0.091483,8.955,3,24.0,22.3,24.9,1.4731,17.0,2026-09-10T21:00:00.000Z,PAPER_BUY,model_probability=0.1960; entry=0.1000; gross_edge=0.0960; fee=0.00450; net_ev=0.0915; entry_source=ask; fee_source=market
2026-09-10T21:49:08.071869+00:00,San Francisco,KSFO,2026-09-11,highest_temperature,F,4404590,san_francisco|2026_09_11|highest_temperature|f|ksfo,or_lower,63.0,,63.0,63°F or below,0.096167,0.0035,0.005,0.05,0.00024875,0.091167,0.090919,198.95025,3,21.6333,20.0,24.9,2.829,28.9,2026-09-10T21:00:00.000Z,PAPER_BUY,model_probability=0.0962; entry=0.0050; gross_edge=0.0912; fee=0.00025; net_ev=0.0909; entry_source=ask; fee_source=market
2026-09-10T21:49:08.065105+00:00,Ankara,LTAC,2026-09-11,highest_temperature,C,4399986,ankara|2026_09_11|highest_temperature|c|ltac,exact,30.0,30.0,30.0,30°C,0.318872,0.215,0.22,0.05,0.00858,0.098872,0.090292,3.506455,3,29.8,29.3,30.4,0.5568,17.0,2026-09-10T21:20:00.000Z,PAPER_BUY,model_probability=0.3189; entry=0.2200; gross_edge=0.0989; fee=0.00858; net_ev=0.0903; entry_source=ask; fee_source=market
2026-09-10T21:49:08.078274+00:00,Paris,LFPB,2026-09-12,highest_temperature,C,4431194,paris|2026_09_12|highest_temperature|c|lfpb,exact,23.0,23.0,23.0,23°C,0.131675,0.025,0.04,0.05,0.00192,0.091675,0.089755,23.952,3,24.8333,23.6,26.5,1.4978,14.0,2026-09-10T21:30:00.000Z,PAPER_BUY,model_probability=0.1317; entry=0.0400; gross_edge=0.0917; fee=0.00192; net_ev=0.0898; entry_source=ask; fee_source=market
2026-09-10T21:49:08.073178+00:00,Mexico City,MMMX,2026-09-11,highest_temperature,C,4405136,mexico_city|2026_09_11|highest_temperature|c|mmmx,exact,23.0,23.0,23.0,23°C,0.110012,0.01,0.02,0.05,0.00098,0.090012,0.089032,48.951,3,24.9333,23.6,25.9,1.193,23.0,2026-09-10T21:45:00.000Z,PAPER_BUY,model_probability=0.1100; entry=0.0200; gross_edge=0.0900; fee=0.00098; net_ev=0.0890; entry_source=ask; fee_source=market
2026-09-10T21:49:08.073024+00:00,Toronto,CYYZ,2026-09-11,highest_temperature,C,4405124,toronto|2026_09_11|highest_temperature|c|cyyz,exact,24.0,24.0,24.0,24°C,0.317367,0.205,0.22,0.05,0.00858,0.097367,0.088787,3.506455,3,23.7667,23.3,24.0,0.4041,23.0,2026-09-10T21:00:00.000Z,PAPER_BUY,model_probability=0.3174; entry=0.2200; gross_edge=0.0974; fee=0.00858; net_ev=0.0888; entry_source=ask; fee_source=market
2026-09-10T21:49:08.080742+00:00,Amsterdam,EHAM,2026-09-12,highest_temperature,C,4431459,amsterdam|2026_09_12|highest_temperature|c|eham,exact,20.0,20.0,20.0,20°C,0.160707,0.05,0.07,0.05,0.003255,0.090707,0.087452,13.239214,3,21.5,20.3,22.7,1.2,16.0,2026-09-10T21:25:00.000Z,PAPER_BUY,model_probability=0.1607; entry=0.0700; gross_edge=0.0907; fee=0.00326; net_ev=0.0875; entry_source=ask; fee_source=market
2026-09-10T21:49:08.061131+00:00,Paris,LFPB,2026-09-11,lowest_temperature,C,4399135,paris|2026_09_11|lowest_temperature|c|lfpb,exact,16.0,16.0,16.0,16°C,0.11785,0.02,0.03,0.05,0.001455,0.08785,0.086395,32.284833,3,14.3667,12.5,17.2,2.4947,14.0,2026-09-10T21:30:00.000Z,PAPER_BUY,model_probability=0.1179; entry=0.0300; gross_edge=0.0879; fee=0.00145; net_ev=0.0864; entry_source=ask; fee_source=market
2026-09-10T21:49:08.057313+00:00,Atlanta,KATL,2026-09-10,lowest_temperature,F,4358876,atlanta|2026_09_10|lowest_temperature|f|katl,range,,68.0,69.0,68-69°F,0.190208,0.05,0.1,0.05,0.0045,0.090208,0.085708,8.955,3,22.0333,21.1,22.5,0.8083,32.2,2026-09-10T21:00:00.000Z,PAPER_BUY,model_probability=0.1902; entry=0.1000; gross_edge=0.0902; fee=0.00450; net_ev=0.0857; entry_source=ask; fee_source=market
2026-09-10T21:49:08.064686+00:00,London,EGLC,2026-09-11,highest_temperature,C,4399951,london|2026_09_11|highest_temperature|c|eglc,exact,20.0,20.0,20.0,20°C,0.101251,0.009,0.015,0.05,0.00073875,0.086251,0.085512,65.617417,3,22.1,21.3,23.6,1.3,18.0,2026-09-10T21:20:00.000Z,PAPER_BUY,model_probability=0.1013; entry=0.0150; gross_edge=0.0863; fee=0.00074; net_ev=0.0855; entry_source=ask; fee_source=market
2026-09-10T21:49:08.086214+00:00,Mexico City,MMMX,2026-09-12,highest_temperature,C,4437526,mexico_city|2026_09_12|highest_temperature|c|mmmx,exact,23.0,23.0,23.0,23°C,0.168429,0.075,0.08,0.05,0.00368,0.088429,0.084749,11.454,3,23.7,22.2,25.9,1.9468,23.0,2026-09-10T21:45:00.000Z,PAPER_BUY,model_probability=0.1684; entry=0.0800; gross_edge=0.0884; fee=0.00368; net_ev=0.0847; entry_source=ask; fee_source=market
2026-09-10T21:49:08.083717+00:00,Miami,KMIA,2026-09-12,highest_temperature,F,4434131,miami|2026_09_12|highest_temperature|f|kmia,range,,94.0,95.0,94-95°F,0.125911,0.035,0.04,0.05,0.00192,0.085911,0.083991,23.952,3,31.7333,28.6,33.3,2.7135,29.4,2026-09-10T21:00:00.000Z,PAPER_BUY,model_probability=0.1259; entry=0.0400; gross_edge=0.0859; fee=0.00192; net_ev=0.0840; entry_source=ask; fee_source=market
2026-09-10T21:49:08.058762+00:00,Seattle,KSEA,2026-09-10,lowest_temperature,F,4361511,seattle|2026_09_10|lowest_temperature|f|ksea,range,,56.0,57.0,56-57°F,0.373805,0.15,0.28,0.05,0.01008,0.093805,0.083725,2.535429,3,14.5333,14.4,14.8,0.2309,20.0,2026-09-10T21:00:00.000Z,PAPER_BUY,model_probability=0.3738; entry=0.2800; gross_edge=0.0938; fee=0.01008; net_ev=0.0837; entry_source=ask; fee_source=market
2026-09-10T21:49:08.066820+00:00,Chengdu,ZUUU,2026-09-11,highest_temperature,C,4400165,chengdu|2026_09_11|highest_temperature|c|zuuu,exact,21.0,21.0,21.0,21°C,0.103839,0.01,0.02,0.05,0.00098,0.083839,0.082859,48.951,3,23.1,20.0,24.7,2.6851,19.0,2026-09-10T21:00:00.000Z,PAPER_BUY,model_probability=0.1038; entry=0.0200; gross_edge=0.0838; fee=0.00098; net_ev=0.0829; entry_source=ask; fee_source=market
2026-09-10T21:49:08.068331+00:00,Karachi,OPKC,2026-09-11,highest_temperature,C,4400299,karachi|2026_09_11|highest_temperature|c|opkc,exact,30.0,30.0,30.0,30°C,0.088077,0.003,0.005,0.05,0.00024875,0.083077,0.082829,198.95025,3,32.6333,30.5,34.0,1.8717,27.0,2026-09-10T21:30:00.000Z,PAPER_BUY,model_probability=0.0881; entry=0.0050; gross_edge=0.0831; fee=0.00025; net_ev=0.0828; entry_source=ask; fee_source=market
2026-09-10T21:49:08.058794+00:00,Seattle,KSEA,2026-09-10,lowest_temperature,F,4361514,seattle|2026_09_10|lowest_temperature|f|ksea,range,,62.0,63.0,62-63°F,0.082802,0.0005,0.001,0.05,4.995e-05,0.081802,0.081752,998.95005,3,14.5333,14.4,14.8,0.2309,20.0,2026-09-10T21:00:00.000Z,PAPER_BUY,model_probability=0.0828; entry=0.0010; gross_edge=0.0818; fee=0.00005; net_ev=0.0818; entry_source=ask; fee_source=market
2026-09-10T21:49:08.072756+00:00,Sao Paulo,SBGR,2026-09-11,highest_temperature,C,4405102,sao_paulo|2026_09_11|highest_temperature|c|sbgr,exact,31.0,31.0,31.0,31°C,0.154538,0.05,0.07,0.05,0.003255,0.084538,0.081283,13.239214,3,29.5,29.0,30.5,0.866,17.0,2026-09-10T21:00:00.000Z,PAPER_BUY,model_probability=0.1545; entry=0.0700; gross_edge=0.0845; fee=0.00326; net_ev=0.0813; entry_source=ask; fee_source=market
2026-09-10T21:49:08.064933+00:00,Seoul (Incheon),RKSI,2026-09-11,highest_temperature,C,4399971,seoul_incheon|2026_09_11|highest_temperature|c|rksi,exact,22.0,22.0,22.0,22°C,0.094861,0.0105,0.013,0.05,0.00064155,0.081861,0.081219,75.873727,3,23.9333,23.6,24.5,0.4933,16.0,2026-09-10T21:30:00.000Z,PAPER_BUY,model_probability=0.0949; entry=0.0130; gross_edge=0.0819; fee=0.00064; net_ev=0.0812; entry_source=ask; fee_source=market
2026-09-10T21:49:08.069796+00:00,Chicago,KORD,2026-09-11,lowest_temperature,F,4401785,chicago|2026_09_11|lowest_temperature|f|kord,range,,58.0,59.0,58-59°F,0.483093,0.215,0.39,0.05,0.011895,0.093093,0.081198,1.533603,3,14.7333,14.3,15.6,0.7506,25.0,2026-09-10T21:00:00.000Z,PAPER_BUY,model_probability=0.4831; entry=0.3900; gross_edge=0.0931; fee=0.01190; net_ev=0.0812; entry_source=ask; fee_source=market
2026-09-10T21:49:08.083236+00:00,Houston,KHOU,2026-09-12,lowest_temperature,F,4433970,houston|2026_09_12|lowest_temperature|f|khou,range,,76.0,77.0,76-77°F,0.483093,0.215,0.39,0.05,0.011895,0.093093,0.081198,1.533603,3,24.7333,24.5,25.2,0.4041,30.6,2026-09-10T21:00:00.000Z,PAPER_BUY,model_probability=0.4831; entry=0.3900; gross_edge=0.0931; fee=0.01190; net_ev=0.0812; entry_source=ask; fee_source=market
2026-09-10T21:49:08.067452+00:00,Helsinki,EFHK,2026-09-11,highest_temperature,C,4400239,helsinki|2026_09_11|highest_temperature|c|efhk,exact,19.0,19.0,19.0,19°C,0.094861,0.008,0.014,0.05,0.0006902,0.080861,0.08017,70.379271,3,17.0667,16.8,17.4,0.3055,12.0,2026-09-10T21:20:00.000Z,PAPER_BUY,model_probability=0.0949; entry=0.0140; gross_edge=0.0809; fee=0.00069; net_ev=0.0802; entry_source=ask; fee_source=market
2026-09-10T21:49:08.083430+00:00,New York City,KLGA,2026-09-12,highest_temperature,F,4434109,new_york_city|2026_09_12|highest_temperature|f|klga,range,,84.0,85.0,84-85°F,0.13251,0.025,0.05,0.05,0.002375,0.08251,0.080135,18.9525,3,27.1,25.9,27.7,1.0392,30.0,2026-09-10T21:00:00.000Z,PAPER_BUY,model_probability=0.1325; entry=0.0500; gross_edge=0.0825; fee=0.00238; net_ev=0.0801; entry_source=ask; fee_source=market
2026-09-10T21:49:08.058364+00:00,Chicago,KORD,2026-09-10,highest_temperature,F,4359150,chicago|2026_09_10|highest_temperature|f|kord,range,,80.0,81.0,80-81°F,0.141966,0.0315,0.06,0.05,0.00282,0.081966,0.079146,15.619667,3,24.9333,24.4,25.2,0.4619,25.0,2026-09-10T21:00:00.000Z,PAPER_BUY,model_probability=0.1420; entry=0.0600; gross_edge=0.0820; fee=0.00282; net_ev=0.0791; entry_source=ask; fee_source=market
2026-09-10T21:49:08.058322+00:00,Chicago,KORD,2026-09-10,highest_temperature,F,4359146,chicago|2026_09_10|highest_temperature|f|kord,range,,72.0,73.0,72-73°F,0.080124,0.0005,0.001,0.05,4.995e-05,0.079124,0.079074,998.95005,3,24.9333,24.4,25.2,0.4619,25.0,2026-09-10T21:00:00.000Z,PAPER_BUY,model_probability=0.0801; entry=0.0010; gross_edge=0.0791; fee=0.00005; net_ev=0.0791; entry_source=ask; fee_source=market
2026-09-10T21:49:08.073392+00:00,Panama City,MPMG,2026-09-11,highest_temperature,C,4405147,panama_city|2026_09_11|highest_temperature|c|mpmg,exact,31.0,31.0,31.0,31°C,0.263666,0.16,0.18,0.05,0.00738,0.083666,0.076286,4.514556,3,30.4333,29.7,31.8,1.1846,29.0,2026-09-10T21:00:00.000Z,PAPER_BUY,model_probability=0.2637; entry=0.1800; gross_edge=0.0837; fee=0.00738; net_ev=0.0763; entry_source=ask; fee_source=market
2026-09-10T21:49:08.085796+00:00,Sao Paulo,SBGR,2026-09-12,highest_temperature,C,4437493,sao_paulo|2026_09_12|highest_temperature|c|sbgr,exact,26.0,26.0,26.0,26°C,0.117952,0.03,0.04,0.05,0.00192,0.077952,0.076032,23.952,3,24.0,22.3,24.9,1.4731,17.0,2026-09-10T21:00:00.000Z,PAPER_BUY,model_probability=0.1180; entry=0.0400; gross_edge=0.0780; fee=0.00192; net_ev=0.0760; entry_source=ask; fee_source=market
2026-09-10T21:49:08.066324+00:00,Warsaw,EPWA,2026-09-11,highest_temperature,C,4400114,warsaw|2026_09_11|highest_temperature|c|epwa,exact,19.0,19.0,19.0,19°C,0.159631,0.065,0.08,0.05,0.00368,0.079631,0.075951,11.454,3,17.5333,16.4,18.1,0.9815,11.0,2026-09-10T21:30:00.000Z,PAPER_BUY,model_probability=0.1596; entry=0.0800; gross_edge=0.0796; fee=0.00368; net_ev=0.0760; entry_source=ask; fee_source=market
2026-09-10T21:49:08.086192+00:00,Mexico City,MMMX,2026-09-12,highest_temperature,C,4437524,mexico_city|2026_09_12|highest_temperature|c|mmmx,exact,21.0,21.0,21.0,21°C,0.086432,0.006,0.01,0.05,0.000495,0.076432,0.075937,98.9505,3,23.7,22.2,25.9,1.9468,23.0,2026-09-10T21:45:00.000Z,PAPER_BUY,model_probability=0.0864; entry=0.0100; gross_edge=0.0764; fee=0.00049; net_ev=0.0759; entry_source=ask; fee_source=market
2026-09-10T21:49:08.079641+00:00,Madrid,LEMD,2026-09-12,highest_temperature,C,4431335,madrid|2026_09_12|highest_temperature|c|lemd,exact,31.0,31.0,31.0,31°C,0.311529,0.225,0.23,0.05,0.008855,0.081529,0.072674,3.309326,3,31.3333,31.3,31.4,0.0577,20.0,2026-09-10T21:30:00.000Z,PAPER_BUY,model_probability=0.3115; entry=0.2300; gross_edge=0.0815; fee=0.00886; net_ev=0.0727; entry_source=ask; fee_source=market
2026-09-10T21:49:08.057909+00:00,Denver,KBKF,2026-09-10,lowest_temperature,F,4358922,denver|2026_09_10|lowest_temperature|f|kbkf,range,,58.0,59.0,58-59°F,0.073703,0.0005,0.001,0.05,4.995e-05,0.072703,0.072653,998.95005,3,12.2333,11.7,13.3,0.9238,30.4,2026-09-10T21:00:00.000Z,PAPER_BUY,model_probability=0.0737; entry=0.0010; gross_edge=0.0727; fee=0.00005; net_ev=0.0727; entry_source=ask; fee_source=market
2026-09-10T21:49:08.084694+00:00,Seattle,KSEA,2026-09-12,highest_temperature,F,4436696,seattle|2026_09_12|highest_temperature|f|ksea,range,,68.0,69.0,68-69°F,0.279897,0.19,0.2,0.05,0.008,0.079897,0.071897,3.96,3,18.9333,18.6,19.1,0.2887,20.0,2026-09-10T21:00:00.000Z,PAPER_BUY,model_probability=0.2799; entry=0.2000; gross_edge=0.0799; fee=0.00800; net_ev=0.0719; entry_source=ask; fee_source=market
2026-09-10T21:49:08.060967+00:00,London,EGLC,2026-09-11,lowest_temperature,C,4399122,london|2026_09_11|lowest_temperature|c|eglc,exact,14.0,14.0,14.0,14°C,0.103083,0.02,0.03,0.05,0.001455,0.073083,0.071628,32.284833,3,15.8667,15.1,16.5,0.7095,18.0,2026-09-10T21:20:00.000Z,PAPER_BUY,model_probability=0.1031; entry=0.0300; gross_edge=0.0731; fee=0.00145; net_ev=0.0716; entry_source=ask; fee_source=market
2026-09-10T21:49:08.066831+00:00,Chengdu,ZUUU,2026-09-11,highest_temperature,C,4400166,chengdu|2026_09_11|highest_temperature|c|zuuu,exact,22.0,22.0,22.0,22°C,0.123839,0.04,0.05,0.05,0.002375,0.073839,0.071464,18.9525,3,23.1,20.0,24.7,2.6851,19.0,2026-09-10T21:00:00.000Z,PAPER_BUY,model_probability=0.1238; entry=0.0500; gross_edge=0.0738; fee=0.00238; net_ev=0.0715; entry_source=ask; fee_source=market
2026-09-10T21:49:08.083105+00:00,Denver,KBKF,2026-09-12,lowest_temperature,F,4433961,denver|2026_09_12|lowest_temperature|f|kbkf,range,,60.0,61.0,60-61°F,0.47287,0.215,0.39,0.05,0.011895,0.08287,0.070975,1.533603,3,16.1,15.9,16.2,0.1732,30.4,2026-09-10T21:00:00.000Z,PAPER_BUY,model_probability=0.4729; entry=0.3900; gross_edge=0.0829; fee=0.01190; net_ev=0.0710; entry_source=ask; fee_source=market
2026-09-10T21:49:08.085880+00:00,Buenos Aires,SAEZ,2026-09-12,highest_temperature,C,4437499,buenos_aires|2026_09_12|highest_temperature|c|saez,exact,10.0,10.0,10.0,10°C,0.175172,0.08,0.1,0.05,0.0045,0.075172,0.070672,8.955,3,11.3667,11.1,11.7,0.3055,19.0,2026-09-10T21:00:00.000Z,PAPER_BUY,model_probability=0.1752; entry=0.1000; gross_edge=0.0752; fee=0.00450; net_ev=0.0707; entry_source=ask; fee_source=market
2026-09-10T21:49:08.086350+00:00,Panama City,MPMG,2026-09-12,highest_temperature,C,4437537,panama_city|2026_09_12|highest_temperature|c|mpmg,exact,30.0,30.0,30.0,30°C,0.175172,0.075,0.1,0.05,0.0045,0.075172,0.070672,8.955,3,31.3667,30.9,31.9,0.5033,29.0,2026-09-10T21:00:00.000Z,PAPER_BUY,model_probability=0.1752; entry=0.1000; gross_edge=0.0752; fee=0.00450; net_ev=0.0707; entry_source=ask; fee_source=market
2026-09-10T21:49:08.082827+00:00,Chicago,KORD,2026-09-12,lowest_temperature,F,4433939,chicago|2026_09_12|lowest_temperature|f|kord,range,,66.0,67.0,66-67°F,0.482464,0.22,0.4,0.05,0.012,0.082464,0.070464,1.47,3,19.2333,18.7,19.5,0.4619,25.0,2026-09-10T21:00:00.000Z,PAPER_BUY,model_probability=0.4825; entry=0.4000; gross_edge=0.0825; fee=0.01200; net_ev=0.0705; entry_source=ask; fee_source=market
2026-09-10T21:49:08.068661+00:00,Dallas,KDAL,2026-09-11,highest_temperature,F,4401433,dallas|2026_09_11|highest_temperature|f|kdal,range,,102.0,103.0,102-103°F,0.101761,0.025,0.03,0.05,0.001455,0.071761,0.070306,32.284833,3,36.9,36.9,36.9,0.0,36.7,2026-09-10T21:00:00.000Z,PAPER_BUY,model_probability=0.1018; entry=0.0300; gross_edge=0.0718; fee=0.00145; net_ev=0.0703; entry_source=ask; fee_source=market
2026-09-10T21:49:08.061141+00:00,Paris,LFPB,2026-09-11,lowest_temperature,C,4399136,paris|2026_09_11|lowest_temperature|c|lfpb,exact,17.0,17.0,17.0,17°C,0.091179,0.01,0.02,0.05,0.00098,0.071179,0.070199,48.951,3,14.3667,12.5,17.2,2.4947,14.0,2026-09-10T21:30:00.000Z,PAPER_BUY,model_probability=0.0912; entry=0.0200; gross_edge=0.0712; fee=0.00098; net_ev=0.0702; entry_source=ask; fee_source=market
2026-09-10T21:49:08.065739+00:00,Shanghai,ZSPD,2026-09-11,highest_temperature,C,4400059,shanghai|2026_09_11|highest_temperature|c|zspd,exact,27.0,27.0,27.0,27°C,0.216082,0.135,0.14,0.05,0.00602,0.076082,0.070062,6.099857,3,27.7,26.2,29.1,1.4526,24.0,2026-09-10T21:30:00.000Z,PAPER_BUY,model_probability=0.2161; entry=0.1400; gross_edge=0.0761; fee=0.00602; net_ev=0.0701; entry_source=ask; fee_source=market
2026-09-10T21:49:08.081407+00:00,Guangzhou,ZGGG,2026-09-12,highest_temperature,C,4431512,guangzhou|2026_09_12|highest_temperature|c|zggg,exact,30.0,30.0,30.0,30°C,0.090899,0.015,0.02,0.05,0.00098,0.070899,0.069919,48.951,3,31.9667,31.8,32.2,0.2082,25.0,2026-09-10T21:30:00.000Z,PAPER_BUY,model_probability=0.0909; entry=0.0200; gross_edge=0.0709; fee=0.00098; net_ev=0.0699; entry_source=ask; fee_source=market
2026-09-10T21:49:08.083498+00:00,Atlanta,KATL,2026-09-12,highest_temperature,F,4434113,atlanta|2026_09_12|highest_temperature|f|katl,range,,78.0,79.0,78-79°F,0.121142,0.0255,0.049,0.05,0.00232995,0.072142,0.069813,19.360613,3,28.9333,26.0,30.4,2.5403,32.2,2026-09-10T21:00:00.000Z,PAPER_BUY,model_probability=0.1211; entry=0.0490; gross_edge=0.0721; fee=0.00233; net_ev=0.0698; entry_source=ask; fee_source=market
2026-09-10T21:49:08.080593+00:00,Busan,RKPK,2026-09-12,highest_temperature,C,4431447,busan|2026_09_12|highest_temperature|c|rkpk,exact,28.0,28.0,28.0,28°C,0.204282,0.11,0.13,0.05,0.005655,0.074282,0.068627,6.648808,3,29.1333,28.2,30.5,1.2097,19.0,2026-09-10T21:00:00.000Z,PAPER_BUY,model_probability=0.2043; entry=0.1300; gross_edge=0.0743; fee=0.00566; net_ev=0.0686; entry_source=ask; fee_source=market
2026-09-10T21:49:08.082538+00:00,Atlanta,KATL,2026-09-12,lowest_temperature,F,4433916,atlanta|2026_09_12|lowest_temperature|f|katl,range,,72.0,73.0,72-73°F,0.48053,0.255,0.4,0.05,0.012,0.08053,0.06853,1.47,3,22.6333,22.1,22.9,0.4619,32.2,2026-09-10T21:00:00.000Z,PAPER_BUY,model_probability=0.4805; entry=0.4000; gross_edge=0.0805; fee=0.01200; net_ev=0.0685; entry_source=ask; fee_source=market
2026-09-10T21:49:08.062726+00:00,Chongqing,ZUCK,2026-09-11,lowest_temperature,C,4399300,chongqing|2026_09_11|lowest_temperature|c|zuck,exact,22.0,22.0,22.0,22°C,0.069299,0.0005,0.001,0.05,4.995e-05,0.068299,0.068249,998.95005,3,19.8333,19.6,20.2,0.3215,20.0,2026-09-10T21:00:00.000Z,PAPER_BUY,model_probability=0.0693; entry=0.0010; gross_edge=0.0683; fee=0.00005; net_ev=0.0682; entry_source=ask; fee_source=market
2026-09-10T21:49:08.083487+00:00,Atlanta,KATL,2026-09-12,highest_temperature,F,4434112,atlanta|2026_09_12|highest_temperature|f|katl,or_lower,77.0,,77.0,77°F or below,0.11995,0.026,0.05,0.05,0.002375,0.06995,0.067575,18.9525,3,28.9333,26.0,30.4,2.5403,32.2,2026-09-10T21:00:00.000Z,PAPER_BUY,model_probability=0.1199; entry=0.0500; gross_edge=0.0699; fee=0.00238; net_ev=0.0676; entry_source=ask; fee_source=market
2026-09-10T21:49:08.067266+00:00,Amsterdam,EHAM,2026-09-11,highest_temperature,C,4400223,amsterdam|2026_09_11|highest_temperature|c|eham,exact,18.0,18.0,18.0,18°C,0.098922,0.02,0.03,0.05,0.001455,0.068922,0.067467,32.284833,3,19.9,19.2,20.8,0.8185,16.0,2026-09-10T21:25:00.000Z,PAPER_BUY,model_probability=0.0989; entry=0.0300; gross_edge=0.0689; fee=0.00145; net_ev=0.0675; entry_source=ask; fee_source=market
2026-09-10T21:49:08.069372+00:00,Dallas,KDAL,2026-09-11,lowest_temperature,F,4401752,dallas|2026_09_11|lowest_temperature|f|kdal,range,,78.0,79.0,78-79°F,0.479085,0.275,0.4,0.05,0.012,0.079085,0.067085,1.47,3,25.6667,25.3,26.4,0.6351,36.7,2026-09-10T21:00:00.000Z,PAPER_BUY,model_probability=0.4791; entry=0.4000; gross_edge=0.0791; fee=0.01200; net_ev=0.0671; entry_source=ask; fee_source=market
2026-09-10T21:49:08.057640+00:00,Chicago,KORD,2026-09-10,lowest_temperature,F,4358902,chicago|2026_09_10|lowest_temperature|f|kord,range,,68.0,69.0,68-69°F,0.067665,0.0005,0.001,0.05,4.995e-05,0.066665,0.066615,998.95005,3,17.7333,17.7,17.8,0.0577,25.0,2026-09-10T21:00:00.000Z,PAPER_BUY,model_probability=0.0677; entry=0.0010; gross_edge=0.0667; fee=0.00005; net_ev=0.0666; entry_source=ask; fee_source=market
2026-09-10T21:49:08.080772+00:00,Amsterdam,EHAM,2026-09-12,highest_temperature,C,4431462,amsterdam|2026_09_12|highest_temperature|c|eham,exact,23.0,23.0,23.0,23°C,0.160707,0.07,0.09,0.05,0.004095,0.070707,0.066612,10.065611,3,21.5,20.3,22.7,1.2,16.0,2026-09-10T21:25:00.000Z,PAPER_BUY,model_probability=0.1607; entry=0.0900; gross_edge=0.0707; fee=0.00409; net_ev=0.0666; entry_source=ask; fee_source=market
2026-09-10T21:49:08.080032+00:00,Beijing,ZBAA,2026-09-12,highest_temperature,C,4431378,beijing|2026_09_12|highest_temperature|c|zbaa,exact,27.0,27.0,27.0,27°C,0.149498,0.065,0.08,0.05,0.00368,0.069498,0.065818,11.454,3,28.5333,28.4,28.8,0.2309,13.0,2026-09-10T21:30:00.000Z,PAPER_BUY,model_probability=0.1495; entry=0.0800; gross_edge=0.0695; fee=0.00368; net_ev=0.0658; entry_source=ask; fee_source=market
2026-09-10T21:49:08.060080+00:00,Mexico City,MMMX,2026-09-10,lowest_temperature,C,4363405,mexico_city|2026_09_10|lowest_temperature|c|mmmx,or_higher,16.0,16.0,,16°C or higher,0.066807,0.0005,0.001,0.05,4.995e-05,0.065807,0.065757,998.95005,3,13.7,13.1,14.2,0.5568,23.0,2026-09-10T21:45:00.000Z,PAPER_BUY,model_probability=0.0668; entry=0.0010; gross_edge=0.0658; fee=0.00005; net_ev=0.0658; entry_source=ask; fee_source=market
2026-09-10T21:49:08.083521+00:00,Atlanta,KATL,2026-09-12,highest_temperature,F,4434115,atlanta|2026_09_12|highest_temperature|f|katl,range,,82.0,83.0,82-83°F,0.200888,0.125,0.13,0.05,0.005655,0.070888,0.065233,6.648808,3,28.9333,26.0,30.4,2.5403,32.2,2026-09-10T21:00:00.000Z,PAPER_BUY,model_probability=0.2009; entry=0.1300; gross_edge=0.0709; fee=0.00566; net_ev=0.0652; entry_source=ask; fee_source=market
2026-09-10T21:49:08.062977+00:00,Wuhan,ZHHH,2026-09-11,lowest_temperature,C,4399321,wuhan|2026_09_11|lowest_temperature|c|zhhh,exact,19.0,19.0,19.0,19°C,0.066066,0.0005,0.001,0.05,4.995e-05,0.065066,0.065016,998.95005,3,16.8,16.0,17.4,0.7211,18.0,2026-09-10T21:00:00.000Z,PAPER_BUY,model_probability=0.0661; entry=0.0010; gross_edge=0.0651; fee=0.00005; net_ev=0.0650; entry_source=ask; fee_source=market
2026-09-10T21:49:08.063391+00:00,Busan,RKPK,2026-09-11,lowest_temperature,C,4399377,busan|2026_09_11|lowest_temperature|c|rkpk,exact,21.0,21.0,21.0,21°C,0.066066,0.0005,0.001,0.05,4.995e-05,0.065066,0.065016,998.95005,3,18.8,18.2,19.3,0.5568,19.0,2026-09-10T21:00:00.000Z,PAPER_BUY,model_probability=0.0661; entry=0.0010; gross_edge=0.0651; fee=0.00005; net_ev=0.0650; entry_source=ask; fee_source=market
2026-09-10T21:49:08.064307+00:00,Qingdao,ZSQD,2026-09-11,lowest_temperature,C,4399453,qingdao|2026_09_11|lowest_temperature|c|zsqd,exact,17.0,17.0,17.0,17°C,0.066066,0.0005,0.001,0.05,4.995e-05,0.065066,0.065016,998.95005,3,14.8,13.8,15.8,1.0,14.0,2026-09-10T21:00:00.000Z,PAPER_BUY,model_probability=0.0661; entry=0.0010; gross_edge=0.0651; fee=0.00005; net_ev=0.0650; entry_source=ask; fee_source=market
2026-09-10T21:49:08.073807+00:00,Paris,LFPB,2026-09-12,lowest_temperature,C,4430359,paris|2026_09_12|lowest_temperature|c|lfpb,exact,16.0,16.0,16.0,16°C,0.095552,0.015,0.03,0.05,0.001455,0.065552,0.064097,32.284833,3,13.5667,12.0,16.7,2.7135,14.0,2026-09-10T21:30:00.000Z,PAPER_BUY,model_probability=0.0956; entry=0.0300; gross_edge=0.0656; fee=0.00145; net_ev=0.0641; entry_source=ask; fee_source=market
2026-09-10T21:49:08.084544+00:00,San Francisco,KSFO,2026-09-12,lowest_temperature,F,4436307,san_francisco|2026_09_12|lowest_temperature|f|ksfo,range,,58.0,59.0,58-59°F,0.475976,0.28,0.4,0.05,0.012,0.075976,0.063976,1.47,3,14.5,14.3,14.6,0.1732,28.9,2026-09-10T21:00:00.000Z,PAPER_BUY,model_probability=0.4760; entry=0.4000; gross_edge=0.0760; fee=0.01200; net_ev=0.0640; entry_source=ask; fee_source=market
2026-09-10T21:49:08.067411+00:00,Helsinki,EFHK,2026-09-11,highest_temperature,C,4400235,helsinki|2026_09_11|highest_temperature|c|efhk,exact,15.0,15.0,15.0,15°C,0.07963,0.0085,0.015,0.05,0.00073875,0.06463,0.063891,65.617417,3,17.0667,16.8,17.4,0.3055,12.0,2026-09-10T21:20:00.000Z,PAPER_BUY,model_probability=0.0796; entry=0.0150; gross_edge=0.0646; fee=0.00074; net_ev=0.0639; entry_source=ask; fee_source=market
2026-09-10T21:49:08.066605+00:00,Beijing,ZBAA,2026-09-11,highest_temperature,C,4400148,beijing|2026_09_11|highest_temperature|c|zbaa,exact,31.0,31.0,31.0,31°C,0.323078,0.245,0.25,0.05,0.009375,0.073078,0.063703,2.9625,3,31.0,30.8,31.3,0.2646,13.0,2026-09-10T21:30:00.000Z,PAPER_BUY,model_probability=0.3231; entry=0.2500; gross_edge=0.0731; fee=0.00938; net_ev=0.0637; entry_source=ask; fee_source=market
2026-09-10T21:49:08.073829+00:00,Paris,LFPB,2026-09-12,lowest_temperature,C,4430361,paris|2026_09_12|lowest_temperature|c|lfpb,or_higher,18.0,18.0,,18°C or higher,0.09491,0.015,0.03,0.05,0.001455,0.06491,0.063455,32.284833,3,13.5667,12.0,16.7,2.7135,14.0,2026-09-10T21:30:00.000Z,PAPER_BUY,model_probability=0.0949; entry=0.0300; gross_edge=0.0649; fee=0.00145; net_ev=0.0635; entry_source=ask; fee_source=market
2026-09-10T21:49:08.073674+00:00,London,EGLC,2026-09-12,lowest_temperature,C,4430348,london|2026_09_12|lowest_temperature|c|eglc,exact,16.0,16.0,16.0,16°C,0.104849,0.02,0.04,0.05,0.00192,0.064849,0.062929,23.952,3,14.0,12.6,14.8,1.2166,18.0,2026-09-10T21:20:00.000Z,PAPER_BUY,model_probability=0.1048; entry=0.0400; gross_edge=0.0648; fee=0.00192; net_ev=0.0629; entry_source=ask; fee_source=market
2026-09-10T21:49:08.067560+00:00,Kuala Lumpur,WMKK,2026-09-11,highest_temperature,C,4400247,kuala_lumpur|2026_09_11|highest_temperature|c|wmkk,exact,30.0,30.0,30.0,30°C,0.311529,0.235,0.24,0.05,0.00912,0.071529,0.062409,3.128667,3,29.6667,28.9,30.6,0.8622,25.0,2026-09-10T21:30:00.000Z,PAPER_BUY,model_probability=0.3115; entry=0.2400; gross_edge=0.0715; fee=0.00912; net_ev=0.0624; entry_source=ask; fee_source=market
2026-09-10T21:49:08.083815+00:00,Austin,KAUS,2026-09-12,highest_temperature,F,4434138,austin|2026_09_12|highest_temperature|f|kaus,range,,98.0,99.0,98-99°F,0.19702,0.125,0.13,0.05,0.005655,0.06702,0.061365,6.648808,3,38.6667,37.8,39.1,0.7506,37.2,2026-09-10T21:00:00.000Z,PAPER_BUY,model_probability=0.1970; entry=0.1300; gross_edge=0.0670; fee=0.00566; net_ev=0.0614; entry_source=ask; fee_source=market
2026-09-10T21:49:08.070082+00:00,Denver,KBKF,2026-09-11,lowest_temperature,F,4401807,denver|2026_09_11|lowest_temperature|f|kbkf,range,,60.0,61.0,60-61°F,0.47287,0.275,0.4,0.05,0.012,0.07287,0.06087,1.47,3,15.5667,15.2,16.3,0.6351,30.4,2026-09-10T21:00:00.000Z,PAPER_BUY,model_probability=0.4729; entry=0.4000; gross_edge=0.0729; fee=0.01200; net_ev=0.0609; entry_source=ask; fee_source=market
2026-09-10T21:49:08.070210+00:00,Denver,KBKF,2026-09-11,lowest_temperature,F,4401807,denver|2026_09_11|lowest_temperature|f|kbkf,range,,60.0,61.0,60-61°F,0.47287,0.265,0.4,0.05,0.012,0.07287,0.06087,1.47,3,15.5667,15.2,16.3,0.6351,30.4,2026-09-10T21:00:00.000Z,PAPER_BUY,model_probability=0.4729; entry=0.4000; gross_edge=0.0729; fee=0.01200; net_ev=0.0609; entry_source=ask; fee_source=market
2026-09-10T21:49:08.081714+00:00,Karachi,OPKC,2026-09-12,highest_temperature,C,4431538,karachi|2026_09_12|highest_temperature|c|opkc,exact,33.0,33.0,33.0,33°C,0.206824,0.125,0.14,0.05,0.00602,0.066824,0.060804,6.099857,3,34.1667,33.9,34.6,0.3786,27.0,2026-09-10T21:30:00.000Z,PAPER_BUY,model_probability=0.2068; entry=0.1400; gross_edge=0.0668; fee=0.00602; net_ev=0.0608; entry_source=ask; fee_source=market
2026-09-10T21:49:08.080305+00:00,Chengdu,ZUUU,2026-09-12,highest_temperature,C,4431399,chengdu|2026_09_12|highest_temperature|c|zuuu,exact,22.0,22.0,22.0,22°C,0.144095,0.065,0.08,0.05,0.00368,0.064095,0.060415,11.454,3,23.5667,21.5,24.8,1.8009,19.0,2026-09-10T21:00:00.000Z,PAPER_BUY,model_probability=0.1441; entry=0.0800; gross_edge=0.0641; fee=0.00368; net_ev=0.0604; entry_source=ask; fee_source=market
2026-09-10T21:49:08.056881+00:00,Denver,KBKF,2026-09-10,highest_temperature,F,4358681,denver|2026_09_10|highest_temperature|f|kbkf,range,,82.0,83.0,82-83°F,0.060913,0.0005,0.001,0.05,4.995e-05,0.059913,0.059863,998.95005,3,30.6667,30.6,30.8,0.1155,30.4,2026-09-10T21:00:00.000Z,PAPER_BUY,model_probability=0.0609; entry=0.0010; gross_edge=0.0599; fee=0.00005; net_ev=0.0599; entry_source=ask; fee_source=market
2026-09-10T21:49:08.073950+00:00,Seoul (Incheon),RKSI,2026-09-12,lowest_temperature,C,4430370,seoul_incheon|2026_09_12|lowest_temperature|c|rksi,exact,21.0,21.0,21.0,21°C,0.143521,0.04,0.08,0.05,0.00368,0.063521,0.059841,11.454,3,19.6,17.3,20.9,1.9975,16.0,2026-09-10T21:30:00.000Z,PAPER_BUY,model_probability=0.1435; entry=0.0800; gross_edge=0.0635; fee=0.00368; net_ev=0.0598; entry_source=ask; fee_source=market
2026-09-10T21:49:08.059939+00:00,Toronto,CYYZ,2026-09-10,lowest_temperature,C,4363393,toronto|2026_09_10|lowest_temperature|c|cyyz,exact,18.0,18.0,18.0,18°C,0.059913,0.0005,0.001,0.05,4.995e-05,0.058913,0.058863,998.95005,3,15.7333,15.4,15.9,0.2887,23.0,2026-09-10T21:00:00.000Z,PAPER_BUY,model_probability=0.0599; entry=0.0010; gross_edge=0.0589; fee=0.00005; net_ev=0.0589; entry_source=ask; fee_source=market
2026-09-10T21:49:08.080283+00:00,Chengdu,ZUUU,2026-09-12,highest_temperature,C,4431397,chengdu|2026_09_12|highest_temperature|c|zuuu,or_lower,20.0,,20.0,20°C or below,0.069341,0.0065,0.01,0.05,0.000495,0.059341,0.058846,98.9505,3,23.5667,21.5,24.8,1.8009,19.0,2026-09-10T21:00:00.000Z,PAPER_BUY,model_probability=0.0693; entry=0.0100; gross_edge=0.0593; fee=0.00049; net_ev=0.0588; entry_source=ask; fee_source=market
2026-09-10T21:49:08.071043+00:00,Houston,KHOU,2026-09-11,highest_temperature,F,4402245,houston|2026_09_11|highest_temperature|f|khou,range,,84.0,85.0,84-85°F,0.058779,0.0005,0.001,0.05,4.995e-05,0.057779,0.057729,998.95005,3,31.8,31.8,31.8,0.0,30.6,2026-09-10T21:00:00.000Z,PAPER_BUY,model_probability=0.0588; entry=0.0010; gross_edge=0.0578; fee=0.00005; net_ev=0.0577; entry_source=ask; fee_source=market
2026-09-10T21:49:08.069623+00:00,Miami,KMIA,2026-09-11,lowest_temperature,F,4401771,miami|2026_09_11|lowest_temperature|f|kmia,range,,72.0,73.0,72-73°F,0.080124,0.012,0.022,0.05,0.0010758,0.058124,0.057048,44.405645,3,24.9333,24.4,26.0,0.9238,29.4,2026-09-10T21:00:00.000Z,PAPER_BUY,model_probability=0.0801; entry=0.0220; gross_edge=0.0581; fee=0.00108; net_ev=0.0570; entry_source=ask; fee_source=market
2026-09-10T21:49:08.077974+00:00,Zhengzhou,ZHCC,2026-09-11,highest_temperature,C,4431170,zhengzhou|2026_09_11|highest_temperature|c|zhcc,exact,23.0,23.0,23.0,23°C,0.098922,0.03,0.04,0.05,0.00192,0.058922,0.057002,23.952,3,24.9,24.4,25.8,0.781,18.0,2026-09-10T21:00:00.000Z,PAPER_BUY,model_probability=0.0989; entry=0.0400; gross_edge=0.0589; fee=0.00192; net_ev=0.0570; entry_source=ask; fee_source=market
2026-09-10T21:49:08.081176+00:00,Jeddah,OEJN,2026-09-12,highest_temperature,C,4431494,jeddah|2026_09_12|highest_temperature|c|oejn,exact,39.0,39.0,39.0,39°C,0.118612,0.03,0.06,0.05,0.00282,0.058612,0.055792,15.619667,3,37.0667,36.2,38.6,1.3317,32.0,2026-09-10T21:00:00.000Z,PAPER_BUY,model_probability=0.1186; entry=0.0600; gross_edge=0.0586; fee=0.00282; net_ev=0.0558; entry_source=ask; fee_source=market
2026-09-10T21:49:08.066584+00:00,Beijing,ZBAA,2026-09-11,highest_temperature,C,4400146,beijing|2026_09_11|highest_temperature|c|zbaa,exact,29.0,29.0,29.0,29°C,0.087039,0.015,0.03,0.05,0.001455,0.057039,0.055584,32.284833,3,31.0,30.8,31.3,0.2646,13.0,2026-09-10T21:30:00.000Z,PAPER_BUY,model_probability=0.0870; entry=0.0300; gross_edge=0.0570; fee=0.00145; net_ev=0.0556; entry_source=ask; fee_source=market
2026-09-10T21:49:08.085775+00:00,Sao Paulo,SBGR,2026-09-12,highest_temperature,C,4437491,sao_paulo|2026_09_12|highest_temperature|c|sbgr,exact,24.0,24.0,24.0,24°C,0.23212,0.14,0.17,0.05,0.007055,0.06212,0.055065,4.840853,3,24.0,22.3,24.9,1.4731,17.0,2026-09-10T21:00:00.000Z,PAPER_BUY,model_probability=0.2321; entry=0.1700; gross_edge=0.0621; fee=0.00706; net_ev=0.0551; entry_source=ask; fee_source=market
2026-09-10T21:49:08.072861+00:00,Buenos Aires,SAEZ,2026-09-11,highest_temperature,C,4405110,buenos_aires|2026_09_11|highest_temperature|c|saez,exact,17.0,17.0,17.0,17°C,0.107339,0.045,0.05,0.05,0.002375,0.057339,0.054964,18.9525,3,18.8333,17.7,19.5,0.9866,19.0,2026-09-10T21:00:00.000Z,PAPER_BUY,model_probability=0.1073; entry=0.0500; gross_edge=0.0573; fee=0.00238; net_ev=0.0550; entry_source=ask; fee_source=market
2026-09-10T21:49:08.073044+00:00,Toronto,CYYZ,2026-09-11,highest_temperature,C,4405126,toronto|2026_09_11|highest_temperature|c|cyyz,exact,26.0,26.0,26.0,26°C,0.062937,0.004,0.008,0.05,0.0003968,0.054937,0.05454,123.9504,3,23.7667,23.3,24.0,0.4041,23.0,2026-09-10T21:00:00.000Z,PAPER_BUY,model_probability=0.0629; entry=0.0080; gross_edge=0.0549; fee=0.00040; net_ev=0.0545; entry_source=ask; fee_source=market
2026-09-10T21:49:08.067190+00:00,Busan,RKPK,2026-09-11,highest_temperature,C,4400218,busan|2026_09_11|highest_temperature|c|rkpk,or_higher,31.0,31.0,,31°C or higher,0.099291,0.0415,0.044,0.05,0.0021032,0.055291,0.053188,21.679473,3,28.5,27.1,29.8,1.3528,19.0,2026-09-10T21:00:00.000Z,PAPER_BUY,model_probability=0.0993; entry=0.0440; gross_edge=0.0553; fee=0.00210; net_ev=0.0532; entry_source=ask; fee_source=market
2026-09-10T21:49:08.078822+00:00,Lucknow,VILK,2026-09-12,highest_temperature,C,4431239,lucknow|2026_09_12|highest_temperature|c|vilk,exact,30.0,30.0,30.0,30°C,0.094861,0.02,0.04,0.05,0.00192,0.054861,0.052941,23.952,3,31.9333,31.4,32.8,0.7572,27.0,2026-09-10T21:30:00.000Z,PAPER_BUY,model_probability=0.0949; entry=0.0400; gross_edge=0.0549; fee=0.00192; net_ev=0.0529; entry_source=ask; fee_source=market
2026-09-10T21:49:08.075036+00:00,Shanghai,ZSPD,2026-09-12,lowest_temperature,C,4430454,shanghai|2026_09_12|lowest_temperature|c|zspd,exact,22.0,22.0,22.0,22°C,0.157419,0.05,0.1,0.05,0.0045,0.057419,0.052919,8.955,3,23.5333,22.1,24.3,1.2423,24.0,2026-09-10T21:30:00.000Z,PAPER_BUY,model_probability=0.1574; entry=0.1000; gross_edge=0.0574; fee=0.00450; net_ev=0.0529; entry_source=ask; fee_source=market
2026-09-10T21:49:08.057357+00:00,Atlanta,KATL,2026-09-10,lowest_temperature,F,4358880,atlanta|2026_09_10|lowest_temperature|f|katl,range,,76.0,77.0,76-77°F,0.053693,0.0005,0.001,0.05,4.995e-05,0.052693,0.052643,998.95005,3,22.0333,21.1,22.5,0.8083,32.2,2026-09-10T21:00:00.000Z,PAPER_BUY,model_probability=0.0537; entry=0.0010; gross_edge=0.0527; fee=0.00005; net_ev=0.0526; entry_source=ask; fee_source=market
2026-09-10T21:49:08.084672+00:00,Seattle,KSEA,2026-09-12,highest_temperature,F,4436694,seattle|2026_09_12|highest_temperature|f|ksea,range,,64.0,65.0,64-65°F,0.382943,0.21,0.32,0.05,0.01088,0.062943,0.052063,2.091,3,18.9333,18.6,19.1,0.2887,20.0,2026-09-10T21:00:00.000Z,PAPER_BUY,model_probability=0.3829; entry=0.3200; gross_edge=0.0629; fee=0.01088; net_ev=0.0521; entry_source=ask; fee_source=market
2026-09-10T21:49:08.082966+00:00,Austin,KAUS,2026-09-12,lowest_temperature,F,4433950,austin|2026_09_12|lowest_temperature|f|kaus,range,,78.0,79.0,78-79°F,0.463931,0.22,0.4,0.05,0.012,0.063931,0.051931,1.47,3,25.4667,25.3,25.8,0.2887,37.2,2026-09-10T21:00:00.000Z,PAPER_BUY,model_probability=0.4639; entry=0.4000; gross_edge=0.0639; fee=0.01200; net_ev=0.0519; entry_source=ask; fee_source=market
2026-09-10T21:49:08.065358+00:00,Lucknow,VILK,2026-09-11,highest_temperature,C,4400006,lucknow|2026_09_11|highest_temperature|c|vilk,exact,30.0,30.0,30.0,30°C,0.083283,0.025,0.03,0.05,0.001455,0.053283,0.051828,32.284833,3,32.0333,31.7,32.2,0.2887,27.0,2026-09-10T21:30:00.000Z,PAPER_BUY,model_probability=0.0833; entry=0.0300; gross_edge=0.0533; fee=0.00145; net_ev=0.0518; entry_source=ask; fee_source=market
2026-09-10T21:49:08.068254+00:00,Qingdao,ZSQD,2026-09-11,highest_temperature,C,4400294,qingdao|2026_09_11|highest_temperature|c|zsqd,exact,30.0,30.0,30.0,30°C,0.072638,0.01,0.02,0.05,0.00098,0.052638,0.051658,48.951,3,27.8667,27.3,28.8,0.8145,14.0,2026-09-10T21:00:00.000Z,PAPER_BUY,model_probability=0.0726; entry=0.0200; gross_edge=0.0526; fee=0.00098; net_ev=0.0517; entry_source=ask; fee_source=market
2026-09-10T21:49:08.078208+00:00,London,EGLC,2026-09-12,highest_temperature,C,4431190,london|2026_09_12|highest_temperature|c|eglc,or_higher,27.0,27.0,,27°C or higher,0.053429,0.0015,0.002,0.05,9.98e-05,0.051429,0.05133,498.9501,3,23.7,22.3,25.3,1.51,18.0,2026-09-10T21:20:00.000Z,PAPER_BUY,model_probability=0.0534; entry=0.0020; gross_edge=0.0514; fee=0.00010; net_ev=0.0513; entry_source=ask; fee_source=market
2026-09-10T21:49:08.073970+00:00,Seoul (Incheon),RKSI,2026-09-12,lowest_temperature,C,4430372,seoul_incheon|2026_09_12|lowest_temperature|c|rksi,or_higher,23.0,23.0,,23°C or higher,0.103394,0.025,0.05,0.05,0.002375,0.053394,0.051019,18.9525,3,19.6,17.3,20.9,1.9975,16.0,2026-09-10T21:30:00.000Z,PAPER_BUY,model_probability=0.1034; entry=0.0500; gross_edge=0.0534; fee=0.00238; net_ev=0.0510; entry_source=ask; fee_source=market
2026-09-10T21:49:08.064809+00:00,Paris,LFPB,2026-09-11,highest_temperature,C,4399961,paris|2026_09_11|highest_temperature|c|lfpb,exact,22.0,22.0,22.0,22°C,0.082421,0.02,0.03,0.05,0.001455,0.052421,0.050966,32.284833,3,24.4,23.5,26.0,1.3892,14.0,2026-09-10T21:30:00.000Z,PAPER_BUY,model_probability=0.0824; entry=0.0300; gross_edge=0.0524; fee=0.00145; net_ev=0.0510; entry_source=ask; fee_source=market
2026-09-10T21:49:08.064454+00:00,Karachi,OPKC,2026-09-11,lowest_temperature,C,4399466,karachi|2026_09_11|lowest_temperature|c|opkc,exact,28.0,28.0,28.0,28°C,0.051827,0.0005,0.001,0.05,4.995e-05,0.050827,0.050777,998.95005,3,24.5333,23.3,26.7,1.8824,27.0,2026-09-10T21:30:00.000Z,PAPER_BUY,model_probability=0.0518; entry=0.0010; gross_edge=0.0508; fee=0.00005; net_ev=0.0508; entry_source=ask; fee_source=market
2026-09-10T21:49:08.068351+00:00,Karachi,OPKC,2026-09-11,highest_temperature,C,4400301,karachi|2026_09_11|highest_temperature|c|opkc,exact,32.0,32.0,32.0,32°C,0.176042,0.1,0.12,0.05,0.00528,0.056042,0.050762,7.289333,3,32.6333,30.5,34.0,1.8717,27.0,2026-09-10T21:30:00.000Z,PAPER_BUY,model_probability=0.1760; entry=0.1200; gross_edge=0.0560; fee=0.00528; net_ev=0.0508; entry_source=ask; fee_source=market
2026-09-10T21:49:08.081301+00:00,Cape Town,FACT,2026-09-12,highest_temperature,C,4431504,cape_town|2026_09_12|highest_temperature|c|fact,exact,22.0,22.0,22.0,22°C,0.279299,0.19,0.22,0.05,0.00858,0.059299,0.050719,3.506455,3,21.3333,20.6,22.0,0.7024,16.0,2026-09-10T21:00:00.000Z,PAPER_BUY,model_probability=0.2793; entry=0.2200; gross_edge=0.0593; fee=0.00858; net_ev=0.0507; entry_source=ask; fee_source=market
2026-09-10T21:49:08.065208+00:00,Wellington,NZWN,2026-09-11,highest_temperature,C,4399993,wellington|2026_09_11|highest_temperature|c|nzwn,exact,11.0,11.0,11.0,11°C,0.051457,0.0005,0.001,0.05,4.995e-05,0.050457,0.050407,998.95005,3,13.3667,12.7,13.8,0.5859,11.0,2026-09-10T21:30:00.000Z,PAPER_BUY,model_probability=0.0515; entry=0.0010; gross_edge=0.0505; fee=0.00005; net_ev=0.0504; entry_source=ask; fee_source=market
2026-09-10T21:49:08.073510+00:00,Zhengzhou,ZHCC,2026-09-11,lowest_temperature,C,4430334,zhengzhou|2026_09_11|lowest_temperature|c|zhcc,exact,20.0,20.0,20.0,20°C,0.051457,0.0005,0.001,0.05,4.995e-05,0.050457,0.050407,998.95005,3,17.6333,17.2,18.2,0.5132,18.0,2026-09-10T21:00:00.000Z,PAPER_BUY,model_probability=0.0515; entry=0.0010; gross_edge=0.0505; fee=0.00005; net_ev=0.0504; entry_source=ask; fee_source=market
2026-09-10T21:49:08.070679+00:00,New York City,KLGA,2026-09-11,highest_temperature,F,4402218,new_york_city|2026_09_11|highest_temperature|f|klga,range,,86.0,87.0,86-87°F,0.071242,0.01,0.02,0.05,0.00098,0.051242,0.050262,48.951,3,27.7667,27.1,28.1,0.5774,30.0,2026-09-10T21:00:00.000Z,PAPER_BUY,model_probability=0.0712; entry=0.0200; gross_edge=0.0512; fee=0.00098; net_ev=0.0503; entry_source=ask; fee_source=market
2026-09-10T21:49:08.079879+00:00,Chongqing,ZUCK,2026-09-12,highest_temperature,C,4431365,chongqing|2026_09_12|highest_temperature|c|zuck,exact,27.0,27.0,27.0,27°C,0.247769,0.185,0.19,0.05,0.007695,0.057769,0.050074,4.222658,3,27.9,27.4,28.3,0.4583,20.0,2026-09-10T21:00:00.000Z,PAPER_BUY,model_probability=0.2478; entry=0.1900; gross_edge=0.0578; fee=0.00770; net_ev=0.0501; entry_source=ask; fee_source=market
2026-09-10T21:49:08.080583+00:00,Busan,RKPK,2026-09-12,highest_temperature,C,4431446,busan|2026_09_12|highest_temperature|c|rkpk,exact,27.0,27.0,27.0,27°C,0.090994,0.03,0.04,0.05,0.00192,0.050994,0.049074,23.952,3,29.1333,28.2,30.5,1.2097,19.0,2026-09-10T21:00:00.000Z,PAPER_BUY,model_probability=0.0910; entry=0.0400; gross_edge=0.0510; fee=0.00192; net_ev=0.0491; entry_source=ask; fee_source=market
2026-09-10T21:49:08.067801+00:00,Cape Town,FACT,2026-09-11,highest_temperature,C,4400266,cape_town|2026_09_11|highest_temperature|c|fact,exact,20.0,20.0,20.0,20°C,0.143109,0.07,0.09,0.05,0.004095,0.053109,0.049014,10.065611,3,21.6,19.6,23.0,1.7776,16.0,2026-09-10T21:00:00.000Z,PAPER_BUY,model_probability=0.1431; entry=0.0900; gross_edge=0.0531; fee=0.00409; net_ev=0.0490; entry_source=ask; fee_source=market
2026-09-10T21:49:08.079163+00:00,Tokyo,RJTT,2026-09-12,highest_temperature,C,4431278,tokyo|2026_09_12|highest_temperature|c|rjtt,or_higher,28.0,28.0,,28°C or higher,0.080159,0.015,0.03,0.05,0.001455,0.050159,0.048704,32.284833,3,24.2333,21.9,25.5,2.0232,19.0,2026-09-10T21:30:00.000Z,PAPER_BUY,model_probability=0.0802; entry=0.0300; gross_edge=0.0502; fee=0.00145; net_ev=0.0487; entry_source=ask; fee_source=market
2026-09-10T21:49:08.066025+00:00,Milan,LIMC,2026-09-11,highest_temperature,C,4400091,milan|2026_09_11|highest_temperature|c|limc,exact,22.0,22.0,22.0,22°C,0.069299,0.01,0.02,0.05,0.00098,0.049299,0.048319,48.951,3,24.1667,23.6,24.7,0.5508,19.0,2026-09-10T21:20:00.000Z,PAPER_BUY,model_probability=0.0693; entry=0.0200; gross_edge=0.0493; fee=0.00098; net_ev=0.0483; entry_source=ask; fee_source=market
2026-09-10T21:49:08.080458+00:00,Shenzhen,ZGSZ,2026-09-12,highest_temperature,C,4431412,shenzhen|2026_09_12|highest_temperature|c|zgsz,exact,31.0,31.0,31.0,31°C,0.266485,0.2,0.21,0.05,0.008295,0.056485,0.04819,3.722405,3,31.7667,31.0,32.6,0.8021,26.0,2026-09-10T21:00:00.000Z,PAPER_BUY,model_probability=0.2665; entry=0.2100; gross_edge=0.0565; fee=0.00830; net_ev=0.0482; entry_source=ask; fee_source=market
2026-09-10T21:49:08.080294+00:00,Chengdu,ZUUU,2026-09-12,highest_temperature,C,4431398,chengdu|2026_09_12|highest_temperature|c|zuuu,exact,21.0,21.0,21.0,21°C,0.089829,0.035,0.04,0.05,0.00192,0.049829,0.047909,23.952,3,23.5667,21.5,24.8,1.8009,19.0,2026-09-10T21:00:00.000Z,PAPER_BUY,model_probability=0.0898; entry=0.0400; gross_edge=0.0498; fee=0.00192; net_ev=0.0479; entry_source=ask; fee_source=market
2026-09-10T21:49:08.066983+00:00,Shenzhen,ZGSZ,2026-09-11,highest_temperature,C,4400179,shenzhen|2026_09_11|highest_temperature|c|zgsz,exact,30.0,30.0,30.0,30°C,0.121069,0.055,0.07,0.05,0.003255,0.051069,0.047814,13.239214,3,31.8333,31.0,33.2,1.193,26.0,2026-09-10T21:00:00.000Z,PAPER_BUY,model_probability=0.1211; entry=0.0700; gross_edge=0.0511; fee=0.00326; net_ev=0.0478; entry_source=ask; fee_source=market
2026-09-10T21:49:08.078284+00:00,Paris,LFPB,2026-09-12,highest_temperature,C,4431195,paris|2026_09_12|highest_temperature|c|lfpb,exact,24.0,24.0,24.0,24°C,0.203837,0.135,0.15,0.05,0.006375,0.053837,0.047462,5.624167,3,24.8333,23.6,26.5,1.4978,14.0,2026-09-10T21:30:00.000Z,PAPER_BUY,model_probability=0.2038; entry=0.1500; gross_edge=0.0538; fee=0.00637; net_ev=0.0475; entry_source=ask; fee_source=market
2026-09-10T21:49:08.064860+00:00,Paris,LFPB,2026-09-11,highest_temperature,C,4399966,paris|2026_09_11|highest_temperature|c|lfpb,exact,27.0,27.0,27.0,27°C,0.068181,0.015,0.02,0.05,0.00098,0.048181,0.047201,48.951,3,24.4,23.5,26.0,1.3892,14.0,2026-09-10T21:30:00.000Z,PAPER_BUY,model_probability=0.0682; entry=0.0200; gross_edge=0.0482; fee=0.00098; net_ev=0.0472; entry_source=ask; fee_source=market
2026-09-10T21:49:08.064726+00:00,London,EGLC,2026-09-11,highest_temperature,C,4399955,london|2026_09_11|highest_temperature|c|eglc,exact,24.0,24.0,24.0,24°C,0.120311,0.065,0.07,0.05,0.003255,0.050311,0.047056,13.239214,3,22.1,21.3,23.6,1.3,18.0,2026-09-10T21:20:00.000Z,PAPER_BUY,model_probability=0.1203; entry=0.0700; gross_edge=0.0503; fee=0.00326; net_ev=0.0471; entry_source=ask; fee_source=market
2026-09-10T21:49:08.056598+00:00,Dallas,KDAL,2026-09-10,highest_temperature,F,4358659,dallas|2026_09_10|highest_temperature|f|kdal,range,,92.0,93.0,92-93°F,0.048043,0.0005,0.001,0.05,4.995e-05,0.047043,0.046994,998.95005,3,36.3667,36.3,36.5,0.1155,36.7,2026-09-10T21:00:00.000Z,PAPER_BUY,model_probability=0.0480; entry=0.0010; gross_edge=0.0470; fee=0.00005; net_ev=0.0470; entry_source=ask; fee_source=market
2026-09-10T21:49:08.066687+00:00,Wuhan,ZHHH,2026-09-11,highest_temperature,C,4400154,wuhan|2026_09_11|highest_temperature|c|zhhh,exact,25.0,25.0,25.0,25°C,0.048841,0.0015,0.002,0.05,9.98e-05,0.046841,0.046741,498.9501,3,27.4,27.2,27.6,0.2,18.0,2026-09-10T21:00:00.000Z,PAPER_BUY,model_probability=0.0488; entry=0.0020; gross_edge=0.0468; fee=0.00010; net_ev=0.0467; entry_source=ask; fee_source=market
2026-09-10T21:49:08.078679+00:00,Wellington,NZWN,2026-09-12,highest_temperature,C,4431227,wellington|2026_09_12|highest_temperature|c|nzwn,exact,11.0,11.0,11.0,11°C,0.056992,0.006,0.01,0.05,0.000495,0.046992,0.046497,98.9505,3,13.3,13.0,13.8,0.4359,11.0,2026-09-10T21:30:00.000Z,PAPER_BUY,model_probability=0.0570; entry=0.0100; gross_edge=0.0470; fee=0.00049; net_ev=0.0465; entry_source=ask; fee_source=market
2026-09-10T21:49:08.081311+00:00,Cape Town,FACT,2026-09-12,highest_temperature,C,4431505,cape_town|2026_09_12|highest_temperature|c|fact,exact,23.0,23.0,23.0,23°C,0.129976,0.06,0.08,0.05,0.00368,0.049976,0.046296,11.454,3,21.3333,20.6,22.0,0.7024,16.0,2026-09-10T21:00:00.000Z,PAPER_BUY,model_probability=0.1300; entry=0.0800; gross_edge=0.0500; fee=0.00368; net_ev=0.0463; entry_source=ask; fee_source=market
2026-09-10T21:49:08.067791+00:00,Cape Town,FACT,2026-09-11,highest_temperature,C,4400265,cape_town|2026_09_11|highest_temperature|c|fact,exact,19.0,19.0,19.0,19°C,0.087444,0.025,0.04,0.05,0.00192,0.047444,0.045524,23.952,3,21.6,19.6,23.0,1.7776,16.0,2026-09-10T21:00:00.000Z,PAPER_BUY,model_probability=0.0874; entry=0.0400; gross_edge=0.0474; fee=0.00192; net_ev=0.0455; entry_source=ask; fee_source=market
2026-09-10T21:49:08.054721+00:00,Milan,LIMC,2026-09-10,lowest_temperature,C,4355667,milan|2026_09_10|lowest_temperature|c|limc,exact,19.0,19.0,19.0,19°C,0.046324,0.0005,0.001,0.05,4.995e-05,0.045324,0.045274,998.95005,3,16.5667,16.4,16.9,0.2887,19.0,2026-09-10T21:20:00.000Z,PAPER_BUY,model_probability=0.0463; entry=0.0010; gross_edge=0.0453; fee=0.00005; net_ev=0.0453; entry_source=ask; fee_source=market
2026-09-10T21:49:08.072587+00:00,Panama City,MPMG,2026-09-11,lowest_temperature,C,4404913,panama_city|2026_09_11|lowest_temperature|c|mpmg,exact,23.0,23.0,23.0,23°C,0.190967,0.07,0.14,0.05,0.00602,0.050967,0.044947,6.099857,3,24.2667,23.9,24.6,0.3512,29.0,2026-09-10T21:00:00.000Z,PAPER_BUY,model_probability=0.1910; entry=0.1400; gross_edge=0.0510; fee=0.00602; net_ev=0.0449; entry_source=ask; fee_source=market
2026-09-10T21:49:08.067014+00:00,Shenzhen,ZGSZ,2026-09-11,highest_temperature,C,4400182,shenzhen|2026_09_11|highest_temperature|c|zgsz,exact,33.0,33.0,33.0,33°C,0.20129,0.13,0.15,0.05,0.006375,0.05129,0.044915,5.624167,3,31.8333,31.0,33.2,1.193,26.0,2026-09-10T21:00:00.000Z,PAPER_BUY,model_probability=0.2013; entry=0.1500; gross_edge=0.0513; fee=0.00637; net_ev=0.0449; entry_source=ask; fee_source=market
2026-09-10T21:49:08.067306+00:00,Amsterdam,EHAM,2026-09-11,highest_temperature,C,4400227,amsterdam|2026_09_11|highest_temperature|c|eham,exact,22.0,22.0,22.0,22°C,0.076081,0.02,0.03,0.05,0.001455,0.046081,0.044626,32.284833,3,19.9,19.2,20.8,0.8185,16.0,2026-09-10T21:25:00.000Z,PAPER_BUY,model_probability=0.0761; entry=0.0300; gross_edge=0.0461; fee=0.00145; net_ev=0.0446; entry_source=ask; fee_source=market
2026-09-10T21:49:08.084254+00:00,Seattle,KSEA,2026-09-12,lowest_temperature,F,4436284,seattle|2026_09_12|lowest_temperature|f|ksea,range,,54.0,55.0,54-55°F,0.456533,0.26,0.4,0.05,0.012,0.056533,0.044533,1.47,3,12.0667,11.5,13.2,0.9815,20.0,2026-09-10T21:00:00.000Z,PAPER_BUY,model_probability=0.4565; entry=0.4000; gross_edge=0.0565; fee=0.01200; net_ev=0.0445; entry_source=ask; fee_source=market
2026-09-10T21:49:08.069047+00:00,Denver,KBKF,2026-09-11,highest_temperature,F,4401462,denver|2026_09_11|highest_temperature|f|kbkf,range,,84.0,85.0,84-85°F,0.065355,0.015,0.02,0.05,0.00098,0.045355,0.044375,48.951,3,31.7333,31.5,32.2,0.4041,30.4,2026-09-10T21:00:00.000Z,PAPER_BUY,model_probability=0.0654; entry=0.0200; gross_edge=0.0454; fee=0.00098; net_ev=0.0444; entry_source=ask; fee_source=market
2026-09-10T21:49:08.066162+00:00,Madrid,LEMD,2026-09-11,highest_temperature,C,4400101,madrid|2026_09_11|highest_temperature|c|lemd,exact,28.0,28.0,28.0,28°C,0.062937,0.009,0.018,0.05,0.0008838,0.044937,0.044053,54.506456,3,30.2333,29.8,30.6,0.4041,20.0,2026-09-10T21:30:00.000Z,PAPER_BUY,model_probability=0.0629; entry=0.0180; gross_edge=0.0449; fee=0.00088; net_ev=0.0441; entry_source=ask; fee_source=market
2026-09-10T21:49:08.085006+00:00,San Francisco,KSFO,2026-09-12,highest_temperature,F,4436820,san_francisco|2026_09_12|highest_temperature|f|ksfo,range,,76.0,77.0,76-77°F,0.075245,0.015,0.03,0.05,0.001455,0.045245,0.04379,32.284833,3,21.8333,20.3,22.6,1.3279,28.9,2026-09-10T21:00:00.000Z,PAPER_BUY,model_probability=0.0752; entry=0.0300; gross_edge=0.0452; fee=0.00145; net_ev=0.0438; entry_source=ask; fee_source=market
2026-09-10T21:49:08.062224+00:00,Singapore,WSSS,2026-09-11,lowest_temperature,C,4399247,singapore|2026_09_11|lowest_temperature|c|wsss,exact,29.0,29.0,29.0,29°C,0.044727,0.0005,0.001,0.05,4.995e-05,0.043727,0.043677,998.95005,3,26.5333,25.5,27.6,1.0504,28.0,2026-09-10T21:30:00.000Z,PAPER_BUY,model_probability=0.0447; entry=0.0010; gross_edge=0.0437; fee=0.00005; net_ev=0.0437; entry_source=ask; fee_source=market
2026-09-10T21:49:08.070900+00:00,Austin,KAUS,2026-09-11,highest_temperature,F,4402234,austin|2026_09_11|highest_temperature|f|kaus,range,,92.0,93.0,92-93°F,0.050807,0.0045,0.007,0.05,0.00034755,0.043807,0.04346,141.807493,3,36.3333,36.2,36.4,0.1155,37.2,2026-09-10T21:00:00.000Z,PAPER_BUY,model_probability=0.0508; entry=0.0070; gross_edge=0.0438; fee=0.00035; net_ev=0.0435; entry_source=ask; fee_source=market
2026-09-10T21:49:08.064954+00:00,Seoul (Incheon),RKSI,2026-09-11,highest_temperature,C,4399973,seoul_incheon|2026_09_11|highest_temperature|c|rksi,exact,24.0,24.0,24.0,24°C,0.322608,0.265,0.27,0.05,0.009855,0.052608,0.042753,2.667204,3,23.9333,23.6,24.5,0.4933,16.0,2026-09-10T21:30:00.000Z,PAPER_BUY,model_probability=0.3226; entry=0.2700; gross_edge=0.0526; fee=0.00986; net_ev=0.0428; entry_source=ask; fee_source=market
2026-09-10T21:49:08.079802+00:00,Warsaw,EPWA,2026-09-12,highest_temperature,C,4431349,warsaw|2026_09_12|highest_temperature|c|epwa,exact,22.0,22.0,22.0,22°C,0.072638,0.025,0.03,0.05,0.001455,0.042638,0.041183,32.284833,3,19.8667,18.7,20.7,1.0408,11.0,2026-09-10T21:30:00.000Z,PAPER_BUY,model_probability=0.0726; entry=0.0300; gross_edge=0.0426; fee=0.00145; net_ev=0.0412; entry_source=ask; fee_source=market
2026-09-10T21:49:08.067139+00:00,Busan,RKPK,2026-09-11,highest_temperature,C,4400213,busan|2026_09_11|highest_temperature|c|rkpk,exact,26.0,26.0,26.0,26°C,0.072388,0.02,0.03,0.05,0.001455,0.042388,0.040933,32.284833,3,28.5,27.1,29.8,1.3528,19.0,2026-09-10T21:00:00.000Z,PAPER_BUY,model_probability=0.0724; entry=0.0300; gross_edge=0.0424; fee=0.00145; net_ev=0.0409; entry_source=ask; fee_source=market
2026-09-10T21:49:08.059655+00:00,Sao Paulo,SBGR,2026-09-10,lowest_temperature,C,4363369,sao_paulo|2026_09_10|lowest_temperature|c|sbgr,exact,20.0,20.0,20.0,20°C,0.041581,0.0005,0.001,0.05,4.995e-05,0.040581,0.040531,998.95005,3,17.5,17.0,17.8,0.4359,17.0,2026-09-10T21:00:00.000Z,PAPER_BUY,model_probability=0.0416; entry=0.0010; gross_edge=0.0406; fee=0.00005; net_ev=0.0405; entry_source=ask; fee_source=market
2026-09-10T21:49:08.060196+00:00,Panama City,MPMG,2026-09-10,lowest_temperature,C,4363413,panama_city|2026_09_10|lowest_temperature|c|mpmg,exact,27.0,27.0,27.0,27°C,0.041581,0.0005,0.001,0.05,4.995e-05,0.040581,0.040531,998.95005,3,24.5,24.1,25.3,0.6928,29.0,2026-09-10T21:00:00.000Z,PAPER_BUY,model_probability=0.0416; entry=0.0010; gross_edge=0.0406; fee=0.00005; net_ev=0.0405; entry_source=ask; fee_source=market
2026-09-10T21:49:08.074775+00:00,Tokyo,RJTT,2026-09-12,lowest_temperature,C,4430431,tokyo|2026_09_12|lowest_temperature|c|rjtt,exact,19.0,19.0,19.0,19°C,0.227697,0.165,0.18,0.05,0.00738,0.047697,0.040317,4.514556,3,20.0333,19.4,20.6,0.6028,19.0,2026-09-10T21:30:00.000Z,PAPER_BUY,model_probability=0.2277; entry=0.1800; gross_edge=0.0477; fee=0.00738; net_ev=0.0403; entry_source=ask; fee_source=market
2026-09-10T21:49:08.078263+00:00,Paris,LFPB,2026-09-12,highest_temperature,C,4431193,paris|2026_09_12|highest_temperature|c|lfpb,exact,22.0,22.0,22.0,22°C,0.061281,0.01,0.02,0.05,0.00098,0.041281,0.040301,48.951,3,24.8333,23.6,26.5,1.4978,14.0,2026-09-10T21:30:00.000Z,PAPER_BUY,model_probability=0.0613; entry=0.0200; gross_edge=0.0413; fee=0.00098; net_ev=0.0403; entry_source=ask; fee_source=market
2026-09-10T21:49:08.075087+00:00,Shanghai,ZSPD,2026-09-12,lowest_temperature,C,4430457,shanghai|2026_09_12|lowest_temperature|c|zspd,exact,25.0,25.0,25.0,25°C,0.165001,0.11,0.12,0.05,0.00528,0.045001,0.039721,7.289333,3,23.5333,22.1,24.3,1.2423,24.0,2026-09-10T21:30:00.000Z,PAPER_BUY,model_probability=0.1650; entry=0.1200; gross_edge=0.0450; fee=0.00528; net_ev=0.0397; entry_source=ask; fee_source=market
2026-09-10T21:49:08.085890+00:00,Buenos Aires,SAEZ,2026-09-12,highest_temperature,C,4437500,buenos_aires|2026_09_12|highest_temperature|c|saez,exact,11.0,11.0,11.0,11°C,0.309157,0.25,0.26,0.05,0.00962,0.049157,0.039537,2.809154,3,11.3667,11.1,11.7,0.3055,19.0,2026-09-10T21:00:00.000Z,PAPER_BUY,model_probability=0.3092; entry=0.2600; gross_edge=0.0492; fee=0.00962; net_ev=0.0395; entry_source=ask; fee_source=market
2026-09-10T21:49:08.082012+00:00,Dallas,KDAL,2026-09-12,highest_temperature,F,4433719,dallas|2026_09_12|highest_temperature|f|kdal,range,,106.0,107.0,106-107°F,0.070034,0.02,0.03,0.05,0.001455,0.040034,0.038579,32.284833,3,38.8667,38.8,38.9,0.0577,36.7,2026-09-10T21:00:00.000Z,PAPER_BUY,model_probability=0.0700; entry=0.0300; gross_edge=0.0400; fee=0.00145; net_ev=0.0386; entry_source=ask; fee_source=market
2026-09-10T21:49:08.079868+00:00,Chongqing,ZUCK,2026-09-12,highest_temperature,C,4431364,chongqing|2026_09_12|highest_temperature|c|zuck,or_lower,26.0,,26.0,26°C or below,0.121673,0.06,0.08,0.05,0.00368,0.041673,0.037993,11.454,3,27.9,27.4,28.3,0.4583,20.0,2026-09-10T21:00:00.000Z,PAPER_BUY,model_probability=0.1217; entry=0.0800; gross_edge=0.0417; fee=0.00368; net_ev=0.0380; entry_source=ask; fee_source=market
2026-09-10T21:49:08.080783+00:00,Amsterdam,EHAM,2026-09-12,highest_temperature,C,4431463,amsterdam|2026_09_12|highest_temperature|c|eham,exact,24.0,24.0,24.0,24°C,0.058775,0.015,0.02,0.05,0.00098,0.038775,0.037795,48.951,3,21.5,20.3,22.7,1.2,16.0,2026-09-10T21:25:00.000Z,PAPER_BUY,model_probability=0.0588; entry=0.0200; gross_edge=0.0388; fee=0.00098; net_ev=0.0378; entry_source=ask; fee_source=market
2026-09-10T21:49:08.073818+00:00,Paris,LFPB,2026-09-12,lowest_temperature,C,4430360,paris|2026_09_12|lowest_temperature|c|lfpb,exact,17.0,17.0,17.0,17°C,0.069182,0.015,0.03,0.05,0.001455,0.039182,0.037727,32.284833,3,13.5667,12.0,16.7,2.7135,14.0,2026-09-10T21:30:00.000Z,PAPER_BUY,model_probability=0.0692; entry=0.0300; gross_edge=0.0392; fee=0.00145; net_ev=0.0377; entry_source=ask; fee_source=market
2026-09-10T21:49:08.084133+00:00,Houston,KHOU,2026-09-12,highest_temperature,F,4434162,houston|2026_09_12|highest_temperature|f|khou,range,,92.0,93.0,92-93°F,0.449536,0.385,0.4,0.05,0.012,0.049536,0.037536,1.47,3,34.1,32.9,34.7,1.0392,30.6,2026-09-10T21:00:00.000Z,PAPER_BUY,model_probability=0.4495; entry=0.4000; gross_edge=0.0495; fee=0.01200; net_ev=0.0375; entry_source=ask; fee_source=market
2026-09-10T21:49:08.071661+00:00,Seattle,KSEA,2026-09-11,highest_temperature,F,4404574,seattle|2026_09_11|highest_temperature|f|ksea,range,,70.0,71.0,70-71°F,0.183506,0.13,0.14,0.05,0.00602,0.043506,0.037486,6.099857,3,19.6,19.5,19.8,0.1732,20.0,2026-09-10T21:00:00.000Z,PAPER_BUY,model_probability=0.1835; entry=0.1400; gross_edge=0.0435; fee=0.00602; net_ev=0.0375; entry_source=ask; fee_source=market
2026-09-10T21:49:08.061678+00:00,Lucknow,VILK,2026-09-11,lowest_temperature,C,4399180,lucknow|2026_09_11|lowest_temperature|c|vilk,exact,29.0,29.0,29.0,29°C,0.037214,0.0005,0.001,0.05,4.995e-05,0.036214,0.036164,998.95005,3,26.4333,26.3,26.6,0.1528,27.0,2026-09-10T21:30:00.000Z,PAPER_BUY,model_probability=0.0372; entry=0.0010; gross_edge=0.0362; fee=0.00005; net_ev=0.0362; entry_source=ask; fee_source=market
2026-09-10T21:49:08.069960+00:00,Austin,KAUS,2026-09-11,lowest_temperature,F,4401798,austin|2026_09_11|lowest_temperature|f|kaus,range,,78.0,79.0,78-79°F,0.44805,0.27,0.4,0.05,0.012,0.04805,0.03605,1.47,3,25.3333,24.6,25.7,0.6351,37.2,2026-09-10T21:00:00.000Z,PAPER_BUY,model_probability=0.4480; entry=0.4000; gross_edge=0.0480; fee=0.01200; net_ev=0.0360; entry_source=ask; fee_source=market
2026-09-10T21:49:08.080876+00:00,Helsinki,EFHK,2026-09-12,highest_temperature,C,4431470,helsinki|2026_09_12|highest_temperature|c|efhk,exact,15.0,15.0,15.0,15°C,0.149498,0.085,0.11,0.05,0.004895,0.039498,0.034603,8.046409,3,16.5333,15.7,17.1,0.7371,12.0,2026-09-10T21:20:00.000Z,PAPER_BUY,model_probability=0.1495; entry=0.1100; gross_edge=0.0395; fee=0.00490; net_ev=0.0346; entry_source=ask; fee_source=market
2026-09-10T21:49:08.080907+00:00,Helsinki,EFHK,2026-09-12,highest_temperature,C,4431473,helsinki|2026_09_12|highest_temperature|c|efhk,exact,18.0,18.0,18.0,18°C,0.159631,0.105,0.12,0.05,0.00528,0.039631,0.034351,7.289333,3,16.5333,15.7,17.1,0.7371,12.0,2026-09-10T21:20:00.000Z,PAPER_BUY,model_probability=0.1596; entry=0.1200; gross_edge=0.0396; fee=0.00528; net_ev=0.0344; entry_source=ask; fee_source=market
2026-09-10T21:49:08.079082+00:00,Tokyo,RJTT,2026-09-12,highest_temperature,C,4431271,tokyo|2026_09_12|highest_temperature|c|rjtt,exact,21.0,21.0,21.0,21°C,0.065748,0.02,0.03,0.05,0.001455,0.035748,0.034293,32.284833,3,24.2333,21.9,25.5,2.0232,19.0,2026-09-10T21:30:00.000Z,PAPER_BUY,model_probability=0.0657; entry=0.0300; gross_edge=0.0357; fee=0.00145; net_ev=0.0343; entry_source=ask; fee_source=market
2026-09-10T21:49:08.055288+00:00,Cape Town,FACT,2026-09-10,lowest_temperature,C,4355893,cape_town|2026_09_10|lowest_temperature|c|fact,exact,17.0,17.0,17.0,17°C,0.035167,0.0005,0.001,0.05,4.995e-05,0.034167,0.034117,998.95005,3,14.4,13.9,15.0,0.5568,16.0,2026-09-10T21:00:00.000Z,PAPER_BUY,model_probability=0.0352; entry=0.0010; gross_edge=0.0342; fee=0.00005; net_ev=0.0341; entry_source=ask; fee_source=market
2026-09-10T21:49:08.073939+00:00,Seoul (Incheon),RKSI,2026-09-12,lowest_temperature,C,4430369,seoul_incheon|2026_09_12|lowest_temperature|c|rksi,exact,20.0,20.0,20.0,20°C,0.169756,0.095,0.13,0.05,0.005655,0.039756,0.034101,6.648808,3,19.6,17.3,20.9,1.9975,16.0,2026-09-10T21:30:00.000Z,PAPER_BUY,model_probability=0.1698; entry=0.1300; gross_edge=0.0398; fee=0.00566; net_ev=0.0341; entry_source=ask; fee_source=market
2026-09-10T21:49:08.078198+00:00,London,EGLC,2026-09-12,highest_temperature,C,4431189,london|2026_09_12|highest_temperature|c|eglc,exact,26.0,26.0,26.0,26°C,0.096534,0.05,0.06,0.05,0.00282,0.036534,0.033714,15.619667,3,23.7,22.3,25.3,1.51,18.0,2026-09-10T21:20:00.000Z,PAPER_BUY,model_probability=0.0965; entry=0.0600; gross_edge=0.0365; fee=0.00282; net_ev=0.0337; entry_source=ask; fee_source=market
2026-09-10T21:49:08.059187+00:00,Seattle,KSEA,2026-09-10,highest_temperature,F,4362158,seattle|2026_09_10|highest_temperature|f|ksea,range,,64.0,65.0,64-65°F,0.034532,0.0005,0.001,0.05,4.995e-05,0.033532,0.033482,998.95005,3,21.0,20.6,21.2,0.3464,20.0,2026-09-10T21:00:00.000Z,PAPER_BUY,model_probability=0.0345; entry=0.0010; gross_edge=0.0335; fee=0.00005; net_ev=0.0335; entry_source=ask; fee_source=market
2026-09-10T21:49:08.057216+00:00,Dallas,KDAL,2026-09-10,lowest_temperature,F,4358869,dallas|2026_09_10|lowest_temperature|f|kdal,range,,82.0,83.0,82-83°F,0.033844,0.0005,0.001,0.05,4.995e-05,0.032844,0.032794,998.95005,3,25.1,24.8,25.7,0.5196,36.7,2026-09-10T21:00:00.000Z,PAPER_BUY,model_probability=0.0338; entry=0.0010; gross_edge=0.0328; fee=0.00005; net_ev=0.0328; entry_source=ask; fee_source=market
2026-09-10T21:49:08.061948+00:00,Tokyo,RJTT,2026-09-11,lowest_temperature,C,4399214,tokyo|2026_09_11|lowest_temperature|c|rjtt,exact,22.0,22.0,22.0,22°C,0.033208,0.0005,0.001,0.05,4.995e-05,0.032208,0.032158,998.95005,3,19.3667,19.0,19.6,0.3215,19.0,2026-09-10T21:30:00.000Z,PAPER_BUY,model_probability=0.0332; entry=0.0010; gross_edge=0.0322; fee=0.00005; net_ev=0.0322; entry_source=ask; fee_source=market
2026-09-10T21:49:08.066285+00:00,Warsaw,EPWA,2026-09-11,highest_temperature,C,4400110,warsaw|2026_09_11|highest_temperature|c|epwa,exact,15.0,15.0,15.0,15°C,0.039351,0.004,0.007,0.05,0.00034755,0.032351,0.032004,141.807493,3,17.5333,16.4,18.1,0.9815,11.0,2026-09-10T21:30:00.000Z,PAPER_BUY,model_probability=0.0394; entry=0.0070; gross_edge=0.0324; fee=0.00035; net_ev=0.0320; entry_source=ask; fee_source=market
2026-09-10T21:49:08.056935+00:00,Denver,KBKF,2026-09-10,highest_temperature,F,4358686,denver|2026_09_10|highest_temperature|f|kbkf,range,,92.0,93.0,92-93°F,0.034532,0.0025,0.003,0.05,0.00014955,0.031532,0.031383,332.283483,3,30.6667,30.6,30.8,0.1155,30.4,2026-09-10T21:00:00.000Z,PAPER_BUY,model_probability=0.0345; entry=0.0030; gross_edge=0.0315; fee=0.00015; net_ev=0.0314; entry_source=ask; fee_source=market
2026-09-10T21:49:08.063268+00:00,Shenzhen,ZGSZ,2026-09-11,lowest_temperature,C,4399345,shenzhen|2026_09_11|lowest_temperature|c|zgsz,exact,27.0,27.0,27.0,27°C,0.03226,0.0005,0.001,0.05,4.995e-05,0.03126,0.031211,998.95005,3,24.2333,23.2,25.4,1.106,26.0,2026-09-10T21:00:00.000Z,PAPER_BUY,model_probability=0.0323; entry=0.0010; gross_edge=0.0313; fee=0.00005; net_ev=0.0312; entry_source=ask; fee_source=market
2026-09-10T21:49:08.073664+00:00,London,EGLC,2026-09-12,lowest_temperature,C,4430347,london|2026_09_12|lowest_temperature|c|eglc,exact,15.0,15.0,15.0,15°C,0.218578,0.11,0.18,0.05,0.00738,0.038578,0.031198,4.514556,3,14.0,12.6,14.8,1.2166,18.0,2026-09-10T21:20:00.000Z,PAPER_BUY,model_probability=0.2186; entry=0.1800; gross_edge=0.0386; fee=0.00738; net_ev=0.0312; entry_source=ask; fee_source=market
2026-09-10T21:49:08.079200+00:00,Shanghai,ZSPD,2026-09-12,highest_temperature,C,4431290,shanghai|2026_09_12|highest_temperature|c|zspd,or_lower,25.0,,25.0,25°C or below,0.03533,0.0025,0.004,0.05,0.0001992,0.03133,0.031131,248.9502,3,27.7,26.5,28.5,1.0583,24.0,2026-09-10T21:30:00.000Z,PAPER_BUY,model_probability=0.0353; entry=0.0040; gross_edge=0.0313; fee=0.00020; net_ev=0.0311; entry_source=ask; fee_source=market
2026-09-10T21:49:08.079507+00:00,Milan,LIMC,2026-09-12,highest_temperature,C,4431324,milan|2026_09_12|highest_temperature|c|limc,exact,22.0,22.0,22.0,22°C,0.051457,0.01,0.02,0.05,0.00098,0.031457,0.030477,48.951,3,24.3667,24.1,24.8,0.3786,19.0,2026-09-10T21:20:00.000Z,PAPER_BUY,model_probability=0.0515; entry=0.0200; gross_edge=0.0315; fee=0.00098; net_ev=0.0305; entry_source=ask; fee_source=market
2026-09-10T21:49:08.063783+00:00,Kuala Lumpur,WMKK,2026-09-11,lowest_temperature,C,4399410,kuala_lumpur|2026_09_11|lowest_temperature|c|wmkk,exact,27.0,27.0,27.0,27°C,0.031335,0.0005,0.001,0.05,4.995e-05,0.030335,0.030285,998.95005,3,24.3333,24.2,24.4,0.1155,25.0,2026-09-10T21:30:00.000Z,PAPER_BUY,model_probability=0.0313; entry=0.0010; gross_edge=0.0303; fee=0.00005; net_ev=0.0303; entry_source=ask; fee_source=market
2026-09-10T21:49:08.071812+00:00,Los Angeles,KLAX,2026-09-11,highest_temperature,F,4404587,los_angeles|2026_09_11|highest_temperature|f|klax,range,,86.0,87.0,86-87°F,0.195,0.145,0.16,0.05,0.00672,0.035,0.02828,5.208,3,31.8333,30.5,34.5,2.3094,31.1,2026-09-10T21:00:00.000Z,PAPER_BUY,model_probability=0.1950; entry=0.1600; gross_edge=0.0350; fee=0.00672; net_ev=0.0283; entry_source=ask; fee_source=market
2026-09-10T21:49:08.066184+00:00,Madrid,LEMD,2026-09-11,highest_temperature,C,4400103,madrid|2026_09_11|highest_temperature|c|lemd,exact,30.0,30.0,30.0,30°C,0.317367,0.27,0.28,0.05,0.01008,0.037367,0.027287,2.535429,3,30.2333,29.8,30.6,0.4041,20.0,2026-09-10T21:30:00.000Z,PAPER_BUY,model_probability=0.3174; entry=0.2800; gross_edge=0.0374; fee=0.01008; net_ev=0.0273; entry_source=ask; fee_source=market
2026-09-10T21:49:08.078158+00:00,London,EGLC,2026-09-12,highest_temperature,C,4431185,london|2026_09_12|highest_temperature|c|eglc,exact,22.0,22.0,22.0,22°C,0.142176,0.105,0.11,0.05,0.004895,0.032176,0.027281,8.046409,3,23.7,22.3,25.3,1.51,18.0,2026-09-10T21:20:00.000Z,PAPER_BUY,model_probability=0.1422; entry=0.1100; gross_edge=0.0322; fee=0.00490; net_ev=0.0273; entry_source=ask; fee_source=market
2026-09-10T21:49:08.081290+00:00,Cape Town,FACT,2026-09-12,highest_temperature,C,4431503,cape_town|2026_09_12|highest_temperature|c|fact,exact,21.0,21.0,21.0,21°C,0.311529,0.265,0.28,0.05,0.01008,0.031529,0.021449,2.535429,3,21.3333,20.6,22.0,0.7024,16.0,2026-09-10T21:00:00.000Z,PAPER_BUY,model_probability=0.3115; entry=0.2800; gross_edge=0.0315; fee=0.01008; net_ev=0.0214; entry_source=ask; fee_source=market
2026-09-10T21:49:08.069949+00:00,Austin,KAUS,2026-09-11,lowest_temperature,F,4401797,austin|2026_09_11|lowest_temperature|f|kaus,range,,76.0,77.0,76-77°F,0.431678,0.29,0.4,0.05,0.012,0.031678,0.019678,1.47,3,25.3333,24.6,25.7,0.6351,37.2,2026-09-10T21:00:00.000Z,PAPER_BUY,model_probability=0.4317; entry=0.4000; gross_edge=0.0317; fee=0.01200; net_ev=0.0197; entry_source=ask; fee_source=market
2026-09-10T21:49:08.084244+00:00,Seattle,KSEA,2026-09-12,lowest_temperature,F,4436283,seattle|2026_09_12|lowest_temperature|f|ksea,range,,52.0,53.0,52-53°F,0.420635,0.195,0.39,0.05,0.011895,0.030635,0.01874,1.533603,3,12.0667,11.5,13.2,0.9815,20.0,2026-09-10T21:00:00.000Z,PAPER_BUY,model_probability=0.4206; entry=0.3900; gross_edge=0.0306; fee=0.01190; net_ev=0.0187; entry_source=ask; fee_source=market
2026-09-10T21:54:54.613577+00:00,Los Angeles,KLAX,2026-09-10,highest_temperature,F,4362179,los_angeles|2026_09_10|highest_temperature|f|klax,or_higher,94.0,94.0,,94°F or higher,0.816071,0.0055,0.01,0.05,0.000495,0.806071,0.805576,98.9505,3,35.2,34.5,36.6,1.2124,31.1,2026-09-10T21:00:00.000Z,PAPER_BUY,model_probability=0.8161; entry=0.0100; gross_edge=0.8061; fee=0.00049; net_ev=0.8056; entry_source=ask; fee_source=market
2026-09-10T21:54:54.612537+00:00,Austin,KAUS,2026-09-10,highest_temperature,F,4359159,austin|2026_09_10|highest_temperature|f|kaus,range,,96.0,97.0,96-97°F,0.482464,0.0005,0.001,0.05,4.995e-05,0.481464,0.481414,998.95005,3,35.9,35.5,36.7,0.6928,37.2,2026-09-10T21:00:00.000Z,PAPER_BUY,model_probability=0.4825; entry=0.0010; gross_edge=0.4815; fee=0.00005; net_ev=0.4814; entry_source=ask; fee_source=market
2026-09-10T21:54:54.627185+00:00,Los Angeles,KLAX,2026-09-11,highest_temperature,F,4404589,los_angeles|2026_09_11|highest_temperature|f|klax,or_higher,90.0,90.0,,90°F or higher,0.516686,0.022,0.037,0.05,0.00178155,0.479686,0.477904,25.978877,3,31.8333,30.5,34.5,2.3094,31.1,2026-09-10T21:00:00.000Z,PAPER_BUY,model_probability=0.5167; entry=0.0370; gross_edge=0.4797; fee=0.00178; net_ev=0.4779; entry_source=ask; fee_source=market
2026-09-10T21:54:54.611394+00:00,Miami,KMIA,2026-09-10,lowest_temperature,F,4358888,miami|2026_09_10|lowest_temperature|f|kmia,range,,78.0,79.0,78-79°F,0.463931,0.0005,0.001,0.05,4.995e-05,0.462931,0.462881,998.95005,3,25.4667,25.2,26.0,0.4619,29.4,2026-09-10T21:00:00.000Z,PAPER_BUY,model_probability=0.4639; entry=0.0010; gross_edge=0.4629; fee=0.00005; net_ev=0.4629; entry_source=ask; fee_source=market
2026-09-10T21:54:54.612718+00:00,Houston,KHOU,2026-09-10,highest_temperature,F,4359172,houston|2026_09_10|highest_temperature|f|khou,range,,90.0,91.0,90-91°F,0.479085,0.015,0.02,0.05,0.00098,0.459085,0.458105,48.951,3,32.3333,31.4,32.8,0.8083,30.6,2026-09-10T21:00:00.000Z,PAPER_BUY,model_probability=0.4791; entry=0.0200; gross_edge=0.4591; fee=0.00098; net_ev=0.4581; entry_source=ask; fee_source=market
2026-09-10T21:54:54.611723+00:00,Austin,KAUS,2026-09-10,lowest_temperature,F,4358911,austin|2026_09_10|lowest_temperature|f|kaus,range,,76.0,77.0,76-77°F,0.455193,0.0005,0.001,0.05,4.995e-05,0.454193,0.454143,998.95005,3,25.1667,24.7,25.4,0.4041,37.2,2026-09-10T21:00:00.000Z,PAPER_BUY,model_probability=0.4552; entry=0.0010; gross_edge=0.4542; fee=0.00005; net_ev=0.4541; entry_source=ask; fee_source=market
2026-09-10T21:54:54.610438+00:00,Dallas,KDAL,2026-09-10,highest_temperature,F,4358661,dallas|2026_09_10|highest_temperature|f|kdal,range,,96.0,97.0,96-97°F,0.443421,0.0005,0.001,0.05,4.995e-05,0.442421,0.442371,998.95005,3,36.3667,36.3,36.5,0.1155,36.7,2026-09-10T21:00:00.000Z,PAPER_BUY,model_probability=0.4434; entry=0.0010; gross_edge=0.4424; fee=0.00005; net_ev=0.4424; entry_source=ask; fee_source=market
2026-09-10T21:54:54.611735+00:00,Austin,KAUS,2026-09-10,lowest_temperature,F,4358912,austin|2026_09_10|lowest_temperature|f|kaus,range,,78.0,79.0,78-79°F,0.422534,0.0005,0.001,0.05,4.995e-05,0.421534,0.421484,998.95005,3,25.1667,24.7,25.4,0.4041,37.2,2026-09-10T21:00:00.000Z,PAPER_BUY,model_probability=0.4225; entry=0.0010; gross_edge=0.4215; fee=0.00005; net_ev=0.4215; entry_source=ask; fee_source=market
2026-09-10T21:54:54.610890+00:00,New York City,KLGA,2026-09-10,lowest_temperature,F,4358854,new_york_city|2026_09_10|lowest_temperature|f|klga,range,,70.0,71.0,70-71°F,0.436868,0.01,0.02,0.05,0.00098,0.416868,0.415888,48.951,3,21.9667,21.5,22.2,0.4041,30.0,2026-09-10T21:00:00.000Z,PAPER_BUY,model_probability=0.4369; entry=0.0200; gross_edge=0.4169; fee=0.00098; net_ev=0.4159; entry_source=ask; fee_source=market
2026-09-10T21:54:54.610596+00:00,Atlanta,KATL,2026-09-10,highest_temperature,F,4358672,atlanta|2026_09_10|highest_temperature|f|katl,range,,88.0,89.0,88-89°F,0.408774,0.0005,0.001,0.05,4.995e-05,0.407774,0.407724,998.95005,3,32.1333,31.8,32.3,0.2887,31.7,2026-09-10T22:00:00.000Z,PAPER_BUY,model_probability=0.4088; entry=0.0010; gross_edge=0.4078; fee=0.00005; net_ev=0.4077; entry_source=ask; fee_source=market
2026-09-10T21:54:54.611382+00:00,Miami,KMIA,2026-09-10,lowest_temperature,F,4358887,miami|2026_09_10|lowest_temperature|f|kmia,range,,76.0,77.0,76-77°F,0.408774,0.0005,0.001,0.05,4.995e-05,0.407774,0.407724,998.95005,3,25.4667,25.2,26.0,0.4619,29.4,2026-09-10T21:00:00.000Z,PAPER_BUY,model_probability=0.4088; entry=0.0010; gross_edge=0.4078; fee=0.00005; net_ev=0.4077; entry_source=ask; fee_source=market
2026-09-10T21:54:54.610311+00:00,New York City,KLGA,2026-09-10,highest_temperature,F,4358653,new_york_city|2026_09_10|highest_temperature|f|klga,range,,88.0,89.0,88-89°F,0.476667,0.04,0.08,0.05,0.00368,0.396667,0.392987,11.454,3,31.6,31.4,31.7,0.1732,30.0,2026-09-10T21:00:00.000Z,PAPER_BUY,model_probability=0.4767; entry=0.0800; gross_edge=0.3967; fee=0.00368; net_ev=0.3930; entry_source=ask; fee_source=market
2026-09-10T21:54:54.624535+00:00,New York City,KLGA,2026-09-11,lowest_temperature,F,4401740,new_york_city|2026_09_11|lowest_temperature|f|klga,range,,66.0,67.0,66-67°F,0.438546,0.04,0.05,0.05,0.002375,0.388546,0.386171,18.9525,3,19.7333,19.3,20.6,0.7506,30.0,2026-09-10T21:00:00.000Z,PAPER_BUY,model_probability=0.4385; entry=0.0500; gross_edge=0.3885; fee=0.00238; net_ev=0.3862; entry_source=ask; fee_source=market
2026-09-10T21:54:54.638017+00:00,New York City,KLGA,2026-09-12,lowest_temperature,F,4433892,new_york_city|2026_09_12|lowest_temperature|f|klga,range,,60.0,61.0,60-61°F,0.42146,0.02,0.04,0.05,0.00192,0.38146,0.37954,23.952,3,16.2667,15.6,17.6,1.1547,30.0,2026-09-10T21:00:00.000Z,PAPER_BUY,model_probability=0.4215; entry=0.0400; gross_edge=0.3815; fee=0.00192; net_ev=0.3795; entry_source=ask; fee_source=market
2026-09-10T21:54:54.610324+00:00,New York City,KLGA,2026-09-10,highest_temperature,F,4358654,new_york_city|2026_09_10|highest_temperature|f|klga,range,,90.0,91.0,90-91°F,0.378403,0.0005,0.001,0.05,4.995e-05,0.377403,0.377353,998.95005,3,31.6,31.4,31.7,0.1732,30.0,2026-09-10T21:00:00.000Z,PAPER_BUY,model_probability=0.3784; entry=0.0010; gross_edge=0.3774; fee=0.00005; net_ev=0.3774; entry_source=ask; fee_source=market
2026-09-10T21:54:54.626163+00:00,Austin,KAUS,2026-09-11,highest_temperature,F,4402236,austin|2026_09_11|highest_temperature|f|kaus,range,,96.0,97.0,96-97°F,0.44805,0.065,0.07,0.05,0.003255,0.37805,0.374795,13.239214,3,36.3333,36.2,36.4,0.1155,37.2,2026-09-10T21:00:00.000Z,PAPER_BUY,model_probability=0.4480; entry=0.0700; gross_edge=0.3780; fee=0.00326; net_ev=0.3748; entry_source=ask; fee_source=market
2026-09-10T21:54:54.624209+00:00,Miami,KMIA,2026-09-11,highest_temperature,F,4401451,miami|2026_09_11|highest_temperature|f|kmia,range,,84.0,85.0,84-85°F,0.391835,0.015,0.02,0.05,0.00098,0.371835,0.370855,48.951,3,30.0,29.8,30.4,0.3464,29.4,2026-09-10T21:00:00.000Z,PAPER_BUY,model_probability=0.3918; entry=0.0200; gross_edge=0.3718; fee=0.00098; net_ev=0.3709; entry_source=ask; fee_source=market
2026-09-10T21:54:54.624222+00:00,Miami,KMIA,2026-09-11,highest_temperature,F,4401452,miami|2026_09_11|highest_temperature|f|kmia,range,,86.0,87.0,86-87°F,0.472009,0.125,0.13,0.05,0.005655,0.342009,0.336354,6.648808,3,30.0,29.8,30.4,0.3464,29.4,2026-09-10T21:00:00.000Z,PAPER_BUY,model_probability=0.4720; entry=0.1300; gross_edge=0.3420; fee=0.00566; net_ev=0.3364; entry_source=ask; fee_source=market
2026-09-10T21:54:54.613960+00:00,Buenos Aires,SAEZ,2026-09-10,lowest_temperature,C,4363376,buenos_aires|2026_09_10|lowest_temperature|c|saez,exact,9.0,9.0,9.0,9°C,0.323078,0.0005,0.001,0.05,4.995e-05,0.322078,0.322028,998.95005,3,9.0,8.6,9.2,0.3464,19.0,2026-09-10T21:00:00.000Z,PAPER_BUY,model_probability=0.3231; entry=0.0010; gross_edge=0.3221; fee=0.00005; net_ev=0.3220; entry_source=ask; fee_source=market
2026-09-10T21:54:54.609029+00:00,London,EGLC,2026-09-10,highest_temperature,C,4356224,london|2026_09_10|highest_temperature|c|eglc,exact,20.0,20.0,20.0,20°C,0.322021,0.0005,0.001,0.05,4.995e-05,0.321021,0.320971,998.95005,3,20.1,19.0,20.9,0.9849,17.0,2026-09-10T22:00:00.000Z,PAPER_BUY,model_probability=0.3220; entry=0.0010; gross_edge=0.3210; fee=0.00005; net_ev=0.3210; entry_source=ask; fee_source=market
2026-09-10T21:54:54.615247+00:00,Panama City,MPMG,2026-09-10,highest_temperature,C,4363793,panama_city|2026_09_10|highest_temperature|c|mpmg,exact,30.0,30.0,30.0,30°C,0.322021,0.0005,0.001,0.05,4.995e-05,0.321021,0.320971,998.95005,3,29.9,29.5,30.3,0.4,29.0,2026-09-10T21:00:00.000Z,PAPER_BUY,model_probability=0.3220; entry=0.0010; gross_edge=0.3210; fee=0.00005; net_ev=0.3210; entry_source=ask; fee_source=market
2026-09-10T21:54:54.609638+00:00,Madrid,LEMD,2026-09-10,highest_temperature,C,4356372,madrid|2026_09_10|highest_temperature|c|lemd,exact,27.0,27.0,27.0,27°C,0.321202,0.0005,0.001,0.05,4.995e-05,0.320202,0.320152,998.95005,3,26.8667,26.4,27.7,0.7234,20.0,2026-09-10T21:30:00.000Z,PAPER_BUY,model_probability=0.3212; entry=0.0010; gross_edge=0.3202; fee=0.00005; net_ev=0.3202; entry_source=ask; fee_source=market
2026-09-10T21:54:54.617368+00:00,Chongqing,ZUCK,2026-09-11,lowest_temperature,C,4399298,chongqing|2026_09_11|lowest_temperature|c|zuck,exact,20.0,20.0,20.0,20°C,0.320151,0.0005,0.001,0.05,4.995e-05,0.319151,0.319101,998.95005,3,19.8333,19.6,20.2,0.3215,20.0,2026-09-10T21:00:00.000Z,PAPER_BUY,model_probability=0.3202; entry=0.0010; gross_edge=0.3192; fee=0.00005; net_ev=0.3191; entry_source=ask; fee_source=market
2026-09-10T21:54:54.619140+00:00,Qingdao,ZSQD,2026-09-11,lowest_temperature,C,4399451,qingdao|2026_09_11|lowest_temperature|c|zsqd,exact,15.0,15.0,15.0,15°C,0.318872,0.0005,0.001,0.05,4.995e-05,0.317872,0.317822,998.95005,3,14.8,13.8,15.8,1.0,14.0,2026-09-10T21:00:00.000Z,PAPER_BUY,model_probability=0.3189; entry=0.0010; gross_edge=0.3179; fee=0.00005; net_ev=0.3178; entry_source=ask; fee_source=market
2026-09-10T21:54:54.612524+00:00,Austin,KAUS,2026-09-10,highest_temperature,F,4359158,austin|2026_09_10|highest_temperature|f|kaus,range,,94.0,95.0,94-95°F,0.317851,0.0005,0.001,0.05,4.995e-05,0.316851,0.316801,998.95005,3,35.9,35.5,36.7,0.6928,37.2,2026-09-10T21:00:00.000Z,PAPER_BUY,model_probability=0.3179; entry=0.0010; gross_edge=0.3169; fee=0.00005; net_ev=0.3168; entry_source=ask; fee_source=market
2026-09-10T21:54:54.608581+00:00,Warsaw,EPWA,2026-09-10,lowest_temperature,C,4355725,warsaw|2026_09_10|lowest_temperature|c|epwa,exact,13.0,13.0,13.0,13°C,0.317367,0.0005,0.001,0.05,4.995e-05,0.316367,0.316317,998.95005,3,13.2333,12.1,13.9,0.9866,11.0,2026-09-10T21:30:00.000Z,PAPER_BUY,model_probability=0.3174; entry=0.0010; gross_edge=0.3164; fee=0.00005; net_ev=0.3163; entry_source=ask; fee_source=market
2026-09-10T21:54:54.615976+00:00,Wellington,NZWN,2026-09-11,lowest_temperature,C,4399167,wellington|2026_09_11|lowest_temperature|c|nzwn,exact,7.0,7.0,7.0,7°C,0.315638,0.0005,0.001,0.05,4.995e-05,0.314638,0.314588,998.95005,3,6.7333,6.3,7.2,0.4509,11.0,2026-09-10T21:30:00.000Z,PAPER_BUY,model_probability=0.3156; entry=0.0010; gross_edge=0.3146; fee=0.00005; net_ev=0.3146; entry_source=ask; fee_source=market
2026-09-10T21:54:54.609958+00:00,Amsterdam,EHAM,2026-09-10,highest_temperature,C,4356497,amsterdam|2026_09_10|highest_temperature|c|eham,exact,19.0,19.0,19.0,19°C,0.311529,0.0005,0.001,0.05,4.995e-05,0.310529,0.310479,998.95005,3,19.3333,18.7,20.2,0.7767,16.0,2026-09-10T21:25:00.000Z,PAPER_BUY,model_probability=0.3115; entry=0.0010; gross_edge=0.3105; fee=0.00005; net_ev=0.3105; entry_source=ask; fee_source=market
2026-09-10T21:54:54.625009+00:00,Miami,KMIA,2026-09-11,lowest_temperature,F,4401773,miami|2026_09_11|lowest_temperature|f|kmia,range,,76.0,77.0,76-77°F,0.476667,0.155,0.16,0.05,0.00672,0.316667,0.309947,5.208,3,24.9333,24.4,26.0,0.9238,29.4,2026-09-10T21:00:00.000Z,PAPER_BUY,model_probability=0.4767; entry=0.1600; gross_edge=0.3167; fee=0.00672; net_ev=0.3099; entry_source=ask; fee_source=market
2026-09-10T21:54:54.613361+00:00,Seattle,KSEA,2026-09-10,highest_temperature,F,4362160,seattle|2026_09_10|highest_temperature|f|ksea,range,,68.0,69.0,68-69°F,0.412813,0.065,0.1,0.05,0.0045,0.312813,0.308313,8.955,3,21.0,20.6,21.2,0.3464,20.0,2026-09-10T21:00:00.000Z,PAPER_BUY,model_probability=0.4128; entry=0.1000; gross_edge=0.3128; fee=0.00450; net_ev=0.3083; entry_source=ask; fee_source=market
2026-09-10T21:54:54.608093+00:00,Munich,EDDM,2026-09-10,lowest_temperature,C,4355589,munich|2026_09_10|lowest_temperature|c|eddm,exact,10.0,10.0,10.0,10°C,0.309157,0.0005,0.001,0.05,4.995e-05,0.308157,0.308107,998.95005,3,9.6333,8.8,10.4,0.8021,12.0,2026-09-10T22:00:00.000Z,PAPER_BUY,model_probability=0.3092; entry=0.0010; gross_edge=0.3082; fee=0.00005; net_ev=0.3081; entry_source=ask; fee_source=market
2026-09-10T21:54:54.628987+00:00,Zhengzhou,ZHCC,2026-09-11,lowest_temperature,C,4430332,zhengzhou|2026_09_11|lowest_temperature|c|zhcc,exact,18.0,18.0,18.0,18°C,0.309157,0.0005,0.001,0.05,4.995e-05,0.308157,0.308107,998.95005,3,17.6333,17.2,18.2,0.5132,18.0,2026-09-10T21:00:00.000Z,PAPER_BUY,model_probability=0.3092; entry=0.0010; gross_edge=0.3082; fee=0.00005; net_ev=0.3081; entry_source=ask; fee_source=market
2026-09-10T21:54:54.608281+00:00,Milan,LIMC,2026-09-10,lowest_temperature,C,4355665,milan|2026_09_10|lowest_temperature|c|limc,exact,17.0,17.0,17.0,17°C,0.303802,0.0005,0.001,0.05,4.995e-05,0.302802,0.302752,998.95005,3,16.5667,16.4,16.9,0.2887,19.0,2026-09-10T21:20:00.000Z,PAPER_BUY,model_probability=0.3038; entry=0.0010; gross_edge=0.3028; fee=0.00005; net_ev=0.3028; entry_source=ask; fee_source=market
2026-09-10T21:54:54.613832+00:00,Sao Paulo,SBGR,2026-09-10,lowest_temperature,C,4363367,sao_paulo|2026_09_10|lowest_temperature|c|sbgr,exact,18.0,18.0,18.0,18°C,0.297672,0.0005,0.001,0.05,4.995e-05,0.296672,0.296622,998.95005,3,17.5,17.0,17.8,0.4359,17.0,2026-09-10T21:00:00.000Z,PAPER_BUY,model_probability=0.2977; entry=0.0010; gross_edge=0.2967; fee=0.00005; net_ev=0.2966; entry_source=ask; fee_source=market
2026-09-10T21:54:54.609369+00:00,Munich,EDDM,2026-09-10,highest_temperature,C,4356292,munich|2026_09_10|highest_temperature|c|eddm,exact,19.0,19.0,19.0,19°C,0.294331,0.0005,0.001,0.05,4.995e-05,0.293331,0.293281,998.95005,3,18.4667,17.9,18.9,0.5132,12.0,2026-09-10T22:00:00.000Z,PAPER_BUY,model_probability=0.2943; entry=0.0010; gross_edge=0.2933; fee=0.00005; net_ev=0.2933; entry_source=ask; fee_source=market
2026-09-10T21:54:54.612876+00:00,Seattle,KSEA,2026-09-10,lowest_temperature,F,4361513,seattle|2026_09_10|lowest_temperature|f|ksea,range,,60.0,61.0,60-61°F,0.290031,0.0005,0.001,0.05,4.995e-05,0.289031,0.288981,998.95005,3,14.5333,14.4,14.8,0.2309,20.0,2026-09-10T21:00:00.000Z,PAPER_BUY,model_probability=0.2900; entry=0.0010; gross_edge=0.2890; fee=0.00005; net_ev=0.2890; entry_source=ask; fee_source=market
2026-09-10T21:54:54.612228+00:00,Miami,KMIA,2026-09-10,highest_temperature,F,4359138,miami|2026_09_10|highest_temperature|f|kmia,range,,88.0,89.0,88-89°F,0.288634,0.0005,0.001,0.05,4.995e-05,0.287634,0.287584,998.95005,3,30.9667,28.9,32.0,1.7898,29.4,2026-09-10T21:00:00.000Z,PAPER_BUY,model_probability=0.2886; entry=0.0010; gross_edge=0.2876; fee=0.00005; net_ev=0.2876; entry_source=ask; fee_source=market
2026-09-10T21:54:54.608900+00:00,Cape Town,FACT,2026-09-10,lowest_temperature,C,4355891,cape_town|2026_09_10|lowest_temperature|c|fact,exact,15.0,15.0,15.0,15°C,0.287135,0.0005,0.001,0.05,4.995e-05,0.286135,0.286085,998.95005,3,14.4,13.9,15.0,0.5568,16.0,2026-09-10T21:00:00.000Z,PAPER_BUY,model_probability=0.2871; entry=0.0010; gross_edge=0.2861; fee=0.00005; net_ev=0.2861; entry_source=ask; fee_source=market
2026-09-10T21:54:54.610118+00:00,Cape Town,FACT,2026-09-10,highest_temperature,C,4356542,cape_town|2026_09_10|highest_temperature|c|fact,exact,20.0,20.0,20.0,20°C,0.287135,0.0005,0.001,0.05,4.995e-05,0.286135,0.286085,998.95005,3,19.4,19.1,19.8,0.3606,16.0,2026-09-10T21:00:00.000Z,PAPER_BUY,model_probability=0.2871; entry=0.0010; gross_edge=0.2861; fee=0.00005; net_ev=0.2861; entry_source=ask; fee_source=market
2026-09-10T21:54:54.612730+00:00,Houston,KHOU,2026-09-10,highest_temperature,F,4359173,houston|2026_09_10|highest_temperature|f|khou,range,,92.0,93.0,92-93°F,0.295101,0.0055,0.009,0.05,0.00044595,0.286101,0.285655,110.061561,3,32.3333,31.4,32.8,0.8083,30.6,2026-09-10T21:00:00.000Z,PAPER_BUY,model_probability=0.2951; entry=0.0090; gross_edge=0.2861; fee=0.00045; net_ev=0.2857; entry_source=ask; fee_source=market
2026-09-10T21:54:54.637916+00:00,Chicago,KORD,2026-09-12,highest_temperature,F,4433728,chicago|2026_09_12|highest_temperature|f|kord,range,,86.0,87.0,86-87°F,0.441823,0.135,0.15,0.05,0.006375,0.291823,0.285448,5.624167,3,29.7333,28.8,30.2,0.8083,25.0,2026-09-10T22:00:00.000Z,PAPER_BUY,model_probability=0.4418; entry=0.1500; gross_edge=0.2918; fee=0.00637; net_ev=0.2854; entry_source=ask; fee_source=market
2026-09-10T21:54:54.612366+00:00,Chicago,KORD,2026-09-10,highest_temperature,F,4359147,chicago|2026_09_10|highest_temperature|f|kord,range,,74.0,75.0,74-75°F,0.284962,0.0005,0.001,0.05,4.995e-05,0.283962,0.283912,998.95005,3,24.9333,24.4,25.2,0.4619,25.0,2026-09-10T22:00:00.000Z,PAPER_BUY,model_probability=0.2850; entry=0.0010; gross_edge=0.2840; fee=0.00005; net_ev=0.2839; entry_source=ask; fee_source=market
2026-09-10T21:54:54.639369+00:00,New York City,KLGA,2026-09-12,highest_temperature,F,4434108,new_york_city|2026_09_12|highest_temperature|f|klga,range,,82.0,83.0,82-83°F,0.366806,0.06,0.08,0.05,0.00368,0.286806,0.283126,11.454,3,27.1,25.9,27.7,1.0392,30.0,2026-09-10T21:00:00.000Z,PAPER_BUY,model_probability=0.3668; entry=0.0800; gross_edge=0.2868; fee=0.00368; net_ev=0.2831; entry_source=ask; fee_source=market
2026-09-10T21:54:54.616449+00:00,Tokyo,RJTT,2026-09-11,lowest_temperature,C,4399212,tokyo|2026_09_11|lowest_temperature|c|rjtt,exact,20.0,20.0,20.0,20°C,0.283293,0.0005,0.001,0.05,4.995e-05,0.282293,0.282243,998.95005,3,19.3667,19.0,19.6,0.3215,19.0,2026-09-10T21:30:00.000Z,PAPER_BUY,model_probability=0.2833; entry=0.0010; gross_edge=0.2823; fee=0.00005; net_ev=0.2822; entry_source=ask; fee_source=market
2026-09-10T21:54:54.639979+00:00,Denver,KBKF,2026-09-12,highest_temperature,F,4434149,denver|2026_09_12|highest_temperature|f|kbkf,range,,80.0,81.0,80-81°F,0.444992,0.125,0.16,0.05,0.00672,0.284992,0.278272,5.208,3,27.4667,27.1,28.2,0.6351,30.4,2026-09-10T21:00:00.000Z,PAPER_BUY,model_probability=0.4450; entry=0.1600; gross_edge=0.2850; fee=0.00672; net_ev=0.2783; entry_source=ask; fee_source=market
2026-09-10T21:54:54.612216+00:00,Miami,KMIA,2026-09-10,highest_temperature,F,4359137,miami|2026_09_10|highest_temperature|f|kmia,range,,86.0,87.0,86-87°F,0.27917,0.0005,0.001,0.05,4.995e-05,0.27817,0.27812,998.95005,3,30.9667,28.9,32.0,1.7898,29.4,2026-09-10T21:00:00.000Z,PAPER_BUY,model_probability=0.2792; entry=0.0010; gross_edge=0.2782; fee=0.00005; net_ev=0.2781; entry_source=ask; fee_source=market
2026-09-10T21:54:54.609799+00:00,Warsaw,EPWA,2026-09-10,highest_temperature,C,4356386,warsaw|2026_09_10|highest_temperature|c|epwa,exact,19.0,19.0,19.0,19°C,0.278795,0.0005,0.001,0.05,4.995e-05,0.277795,0.277745,998.95005,3,19.1667,17.8,20.1,1.2097,11.0,2026-09-10T21:30:00.000Z,PAPER_BUY,model_probability=0.2788; entry=0.0010; gross_edge=0.2778; fee=0.00005; net_ev=0.2777; entry_source=ask; fee_source=market
2026-09-10T21:54:54.624547+00:00,New York City,KLGA,2026-09-11,lowest_temperature,F,4401741,new_york_city|2026_09_11|lowest_temperature|f|klga,range,,68.0,69.0,68-69°F,0.441823,0.155,0.16,0.05,0.00672,0.281823,0.275103,5.208,3,19.7333,19.3,20.6,0.7506,30.0,2026-09-10T21:00:00.000Z,PAPER_BUY,model_probability=0.4418; entry=0.1600; gross_edge=0.2818; fee=0.00672; net_ev=0.2751; entry_source=ask; fee_source=market
2026-09-10T21:54:54.625855+00:00,New York City,KLGA,2026-09-11,highest_temperature,F,4402216,new_york_city|2026_09_11|highest_temperature|f|klga,range,,82.0,83.0,82-83°F,0.471114,0.185,0.19,0.05,0.007695,0.281114,0.273419,4.222658,3,27.7667,27.1,28.1,0.5774,30.0,2026-09-10T21:00:00.000Z,PAPER_BUY,model_probability=0.4711; entry=0.1900; gross_edge=0.2811; fee=0.00770; net_ev=0.2734; entry_source=ask; fee_source=market
2026-09-10T21:54:54.641010+00:00,Los Angeles,KLAX,2026-09-12,highest_temperature,F,4436807,los_angeles|2026_09_12|highest_temperature|f|klax,or_higher,88.0,88.0,,88°F or higher,0.34515,0.065,0.07,0.05,0.003255,0.27515,0.271895,13.239214,3,29.5,28.1,32.3,2.4249,31.1,2026-09-10T21:00:00.000Z,PAPER_BUY,model_probability=0.3452; entry=0.0700; gross_edge=0.2752; fee=0.00326; net_ev=0.2719; entry_source=ask; fee_source=market
2026-09-10T21:54:54.639357+00:00,New York City,KLGA,2026-09-12,highest_temperature,F,4434107,new_york_city|2026_09_12|highest_temperature|f|klga,range,,80.0,81.0,80-81°F,0.479602,0.19,0.2,0.05,0.008,0.279602,0.271602,3.96,3,27.1,25.9,27.7,1.0392,30.0,2026-09-10T21:00:00.000Z,PAPER_BUY,model_probability=0.4796; entry=0.2000; gross_edge=0.2796; fee=0.00800; net_ev=0.2716; entry_source=ask; fee_source=market
2026-09-10T21:54:54.611871+00:00,Denver,KBKF,2026-09-10,lowest_temperature,F,4358921,denver|2026_09_10|lowest_temperature|f|kbkf,range,,56.0,57.0,56-57°F,0.272314,0.0005,0.001,0.05,4.995e-05,0.271314,0.271264,998.95005,3,12.2333,11.7,13.3,0.9238,30.4,2026-09-10T21:00:00.000Z,PAPER_BUY,model_probability=0.2723; entry=0.0010; gross_edge=0.2713; fee=0.00005; net_ev=0.2713; entry_source=ask; fee_source=market
2026-09-10T21:54:54.615965+00:00,Wellington,NZWN,2026-09-11,lowest_temperature,C,4399166,wellington|2026_09_11|lowest_temperature|c|nzwn,exact,6.0,6.0,6.0,6°C,0.270887,0.0005,0.001,0.05,4.995e-05,0.269887,0.269837,998.95005,3,6.7333,6.3,7.2,0.4509,11.0,2026-09-10T21:30:00.000Z,PAPER_BUY,model_probability=0.2709; entry=0.0010; gross_edge=0.2699; fee=0.00005; net_ev=0.2698; entry_source=ask; fee_source=market
2026-09-10T21:54:54.619486+00:00,Manila,RPLL,2026-09-11,lowest_temperature,C,4399476,manila|2026_09_11|lowest_temperature|c|rpll,exact,26.0,26.0,26.0,26°C,0.270887,0.0005,0.001,0.05,4.995e-05,0.269887,0.269837,998.95005,3,25.2667,24.3,26.0,0.8737,25.0,2026-09-10T21:00:00.000Z,PAPER_BUY,model_probability=0.2709; entry=0.0010; gross_edge=0.2699; fee=0.00005; net_ev=0.2698; entry_source=ask; fee_source=market
2026-09-10T21:54:54.637562+00:00,Manila,RPLL,2026-09-12,highest_temperature,C,4431545,manila|2026_09_12|highest_temperature|c|rpll,exact,28.0,28.0,28.0,28°C,0.309157,0.025,0.04,0.05,0.00192,0.269157,0.267237,23.952,3,28.3667,27.9,29.1,0.6429,25.0,2026-09-10T21:00:00.000Z,PAPER_BUY,model_probability=0.3092; entry=0.0400; gross_edge=0.2692; fee=0.00192; net_ev=0.2672; entry_source=ask; fee_source=market
2026-09-10T21:54:54.607755+00:00,London,EGLC,2026-09-10,lowest_temperature,C,4355529,london|2026_09_10|lowest_temperature|c|eglc,or_higher,15.0,15.0,,15°C or higher,0.268256,0.0005,0.001,0.05,4.995e-05,0.267256,0.267206,998.95005,3,13.7333,12.5,14.5,1.0786,17.0,2026-09-10T22:00:00.000Z,PAPER_BUY,model_probability=0.2683; entry=0.0010; gross_edge=0.2673; fee=0.00005; net_ev=0.2672; entry_source=ask; fee_source=market
2026-09-10T21:54:54.608395+00:00,Madrid,LEMD,2026-09-10,lowest_temperature,C,4355689,madrid|2026_09_10|lowest_temperature|c|lemd,exact,12.0,12.0,12.0,12°C,0.266816,0.0005,0.001,0.05,4.995e-05,0.265816,0.265766,998.95005,3,11.9333,11.1,13.4,1.2741,20.0,2026-09-10T21:30:00.000Z,PAPER_BUY,model_probability=0.2668; entry=0.0010; gross_edge=0.2658; fee=0.00005; net_ev=0.2658; entry_source=ask; fee_source=market
2026-09-10T21:54:54.608592+00:00,Warsaw,EPWA,2026-09-10,lowest_temperature,C,4355728,warsaw|2026_09_10|lowest_temperature|c|epwa,exact,14.0,14.0,14.0,14°C,0.266485,0.0005,0.001,0.05,4.995e-05,0.265485,0.265435,998.95005,3,13.2333,12.1,13.9,0.9866,11.0,2026-09-10T21:30:00.000Z,PAPER_BUY,model_probability=0.2665; entry=0.0010; gross_edge=0.2655; fee=0.00005; net_ev=0.2654; entry_source=ask; fee_source=market
2026-09-10T21:54:54.607726+00:00,London,EGLC,2026-09-10,lowest_temperature,C,4355527,london|2026_09_10|lowest_temperature|c|eglc,exact,13.0,13.0,13.0,13°C,0.265362,0.0005,0.001,0.05,4.995e-05,0.264362,0.264312,998.95005,3,13.7333,12.5,14.5,1.0786,17.0,2026-09-10T22:00:00.000Z,PAPER_BUY,model_probability=0.2654; entry=0.0010; gross_edge=0.2644; fee=0.00005; net_ev=0.2643; entry_source=ask; fee_source=market
2026-09-10T21:54:54.620238+00:00,Wellington,NZWN,2026-09-11,highest_temperature,C,4399995,wellington|2026_09_11|highest_temperature|c|nzwn,exact,13.0,13.0,13.0,13°C,0.309157,0.0365,0.043,0.05,0.00205755,0.266157,0.264099,22.207964,3,13.3667,12.7,13.8,0.5859,11.0,2026-09-10T21:30:00.000Z,PAPER_BUY,model_probability=0.3092; entry=0.0430; gross_edge=0.2662; fee=0.00206; net_ev=0.2641; entry_source=ask; fee_source=market
2026-09-10T21:54:54.612016+00:00,Houston,KHOU,2026-09-10,lowest_temperature,F,4358931,houston|2026_09_10|lowest_temperature|f|khou,range,,74.0,75.0,74-75°F,0.284962,0.01,0.02,0.05,0.00098,0.264962,0.263982,48.951,3,24.9333,23.8,25.5,0.9815,30.6,2026-09-10T21:00:00.000Z,PAPER_BUY,model_probability=0.2850; entry=0.0200; gross_edge=0.2650; fee=0.00098; net_ev=0.2640; entry_source=ask; fee_source=market
2026-09-10T21:54:54.615074+00:00,Mexico City,MMMX,2026-09-10,highest_temperature,C,4363782,mexico_city|2026_09_10|highest_temperature|c|mmmx,exact,24.0,24.0,24.0,24°C,0.257331,0.0005,0.001,0.05,4.995e-05,0.256331,0.256281,998.95005,3,24.8333,23.8,25.6,0.9292,23.0,2026-09-10T21:45:00.000Z,PAPER_BUY,model_probability=0.2573; entry=0.0010; gross_edge=0.2563; fee=0.00005; net_ev=0.2563; entry_source=ask; fee_source=market
2026-09-10T21:54:54.613181+00:00,San Francisco,KSFO,2026-09-10,lowest_temperature,F,4361532,san_francisco|2026_09_10|lowest_temperature|f|ksfo,range,,60.0,61.0,60-61°F,0.273808,0.0105,0.02,0.05,0.00098,0.253808,0.252828,48.951,3,16.4667,15.4,18.6,1.8475,28.9,2026-09-10T21:00:00.000Z,PAPER_BUY,model_probability=0.2738; entry=0.0200; gross_edge=0.2538; fee=0.00098; net_ev=0.2528; entry_source=ask; fee_source=market
2026-09-10T21:54:54.637757+00:00,Dallas,KDAL,2026-09-12,highest_temperature,F,4433717,dallas|2026_09_12|highest_temperature|f|kdal,range,,102.0,103.0,102-103°F,0.470186,0.195,0.21,0.05,0.008295,0.260186,0.251891,3.722405,3,38.8667,38.8,38.9,0.0577,36.7,2026-09-10T21:00:00.000Z,PAPER_BUY,model_probability=0.4702; entry=0.2100; gross_edge=0.2602; fee=0.00830; net_ev=0.2519; entry_source=ask; fee_source=market
2026-09-10T21:54:54.623268+00:00,Guangzhou,ZGGG,2026-09-11,highest_temperature,C,4400278,guangzhou|2026_09_11|highest_temperature|c|zggg,exact,30.0,30.0,30.0,30°C,0.283293,0.025,0.03,0.05,0.001455,0.253293,0.251838,32.284833,3,30.6333,30.3,31.0,0.3512,25.0,2026-09-10T21:30:00.000Z,PAPER_BUY,model_probability=0.2833; entry=0.0300; gross_edge=0.2533; fee=0.00145; net_ev=0.2518; entry_source=ask; fee_source=market
2026-09-10T21:54:54.609627+00:00,Madrid,LEMD,2026-09-10,highest_temperature,C,4356371,madrid|2026_09_10|highest_temperature|c|lemd,exact,26.0,26.0,26.0,26°C,0.252597,0.0005,0.001,0.05,4.995e-05,0.251597,0.251547,998.95005,3,26.8667,26.4,27.7,0.7234,20.0,2026-09-10T21:30:00.000Z,PAPER_BUY,model_probability=0.2526; entry=0.0010; gross_edge=0.2516; fee=0.00005; net_ev=0.2515; entry_source=ask; fee_source=market
2026-09-10T21:54:54.614944+00:00,Toronto,CYYZ,2026-09-10,highest_temperature,C,4363772,toronto|2026_09_10|highest_temperature|c|cyyz,exact,26.0,26.0,26.0,26°C,0.263376,0.0065,0.013,0.05,0.00064155,0.250376,0.249735,75.873727,3,25.5,24.1,26.2,1.2124,23.0,2026-09-10T21:00:00.000Z,PAPER_BUY,model_probability=0.2634; entry=0.0130; gross_edge=0.2504; fee=0.00064; net_ev=0.2497; entry_source=ask; fee_source=market
2026-09-10T21:54:54.611405+00:00,Miami,KMIA,2026-09-10,lowest_temperature,F,4358889,miami|2026_09_10|lowest_temperature|f|kmia,range,,80.0,81.0,80-81°F,0.249755,0.0005,0.001,0.05,4.995e-05,0.248755,0.248705,998.95005,3,25.4667,25.2,26.0,0.4619,29.4,2026-09-10T21:00:00.000Z,PAPER_BUY,model_probability=0.2498; entry=0.0010; gross_edge=0.2488; fee=0.00005; net_ev=0.2487; entry_source=ask; fee_source=market
2026-09-10T21:54:54.609529+00:00,Milan,LIMC,2026-09-10,highest_temperature,C,4356359,milan|2026_09_10|highest_temperature|c|limc,exact,21.0,21.0,21.0,21°C,0.247769,0.0005,0.001,0.05,4.995e-05,0.246769,0.246719,998.95005,3,21.9,21.4,22.4,0.5,19.0,2026-09-10T21:20:00.000Z,PAPER_BUY,model_probability=0.2478; entry=0.0010; gross_edge=0.2468; fee=0.00005; net_ev=0.2467; entry_source=ask; fee_source=market
2026-09-10T21:54:54.615236+00:00,Panama City,MPMG,2026-09-10,highest_temperature,C,4363792,panama_city|2026_09_10|highest_temperature|c|mpmg,exact,29.0,29.0,29.0,29°C,0.247769,0.0005,0.001,0.05,4.995e-05,0.246769,0.246719,998.95005,3,29.9,29.5,30.3,0.4,29.0,2026-09-10T21:00:00.000Z,PAPER_BUY,model_probability=0.2478; entry=0.0010; gross_edge=0.2468; fee=0.00005; net_ev=0.2467; entry_source=ask; fee_source=market
2026-09-10T21:54:54.625867+00:00,New York City,KLGA,2026-09-11,highest_temperature,F,4402217,new_york_city|2026_09_11|highest_temperature|f|klga,range,,84.0,85.0,84-85°F,0.267272,0.01,0.02,0.05,0.00098,0.247272,0.246292,48.951,3,27.7667,27.1,28.1,0.5774,30.0,2026-09-10T21:00:00.000Z,PAPER_BUY,model_probability=0.2673; entry=0.0200; gross_edge=0.2473; fee=0.00098; net_ev=0.2463; entry_source=ask; fee_source=market
2026-09-10T21:54:54.610743+00:00,Denver,KBKF,2026-09-10,highest_temperature,F,4358682,denver|2026_09_10|highest_temperature|f|kbkf,range,,84.0,85.0,84-85°F,0.244798,0.0005,0.001,0.05,4.995e-05,0.243798,0.243748,998.95005,3,30.6667,30.6,30.8,0.1155,30.4,2026-09-10T21:00:00.000Z,PAPER_BUY,model_probability=0.2448; entry=0.0010; gross_edge=0.2438; fee=0.00005; net_ev=0.2437; entry_source=ask; fee_source=market
2026-09-10T21:54:54.624032+00:00,Atlanta,KATL,2026-09-11,highest_temperature,F,4401440,atlanta|2026_09_11|highest_temperature|f|katl,range,,86.0,87.0,86-87°F,0.429898,0.17,0.18,0.05,0.00738,0.249898,0.242518,4.514556,3,30.9,30.6,31.5,0.5196,31.7,2026-09-10T22:00:00.000Z,PAPER_BUY,model_probability=0.4299; entry=0.1800; gross_edge=0.2499; fee=0.00738; net_ev=0.2425; entry_source=ask; fee_source=market
2026-09-10T21:54:54.609182+00:00,Paris,LFPB,2026-09-10,highest_temperature,C,4356234,paris|2026_09_10|highest_temperature|c|lfpb,exact,20.0,20.0,20.0,20°C,0.242856,0.0005,0.001,0.05,4.995e-05,0.241856,0.241806,998.95005,3,20.9333,20.3,21.6,0.6506,14.0,2026-09-10T21:30:00.000Z,PAPER_BUY,model_probability=0.2429; entry=0.0010; gross_edge=0.2419; fee=0.00005; net_ev=0.2418; entry_source=ask; fee_source=market
2026-09-10T21:54:54.614752+00:00,Buenos Aires,SAEZ,2026-09-10,highest_temperature,C,4363757,buenos_aires|2026_09_10|highest_temperature|c|saez,exact,20.0,20.0,20.0,20°C,0.242856,0.0005,0.001,0.05,4.995e-05,0.241856,0.241806,998.95005,3,20.9333,20.7,21.1,0.2082,19.0,2026-09-10T21:00:00.000Z,PAPER_BUY,model_probability=0.2429; entry=0.0010; gross_edge=0.2419; fee=0.00005; net_ev=0.2418; entry_source=ask; fee_source=market
2026-09-10T21:54:54.626327+00:00,Houston,KHOU,2026-09-11,highest_temperature,F,4402247,houston|2026_09_11|highest_temperature|f|khou,range,,88.0,89.0,88-89°F,0.459122,0.2,0.21,0.05,0.008295,0.249122,0.240827,3.722405,3,31.8,31.8,31.8,0.0,30.6,2026-09-10T21:00:00.000Z,PAPER_BUY,model_probability=0.4591; entry=0.2100; gross_edge=0.2491; fee=0.00830; net_ev=0.2408; entry_source=ask; fee_source=market
2026-09-10T21:54:54.608751+00:00,Amsterdam,EHAM,2026-09-10,lowest_temperature,C,4355847,amsterdam|2026_09_10|lowest_temperature|c|eham,exact,12.0,12.0,12.0,12°C,0.241815,0.0005,0.001,0.05,4.995e-05,0.240815,0.240765,998.95005,3,12.1667,10.7,13.5,1.4048,16.0,2026-09-10T21:25:00.000Z,PAPER_BUY,model_probability=0.2418; entry=0.0010; gross_edge=0.2408; fee=0.00005; net_ev=0.2408; entry_source=ask; fee_source=market
2026-09-10T21:54:54.634839+00:00,Singapore,WSSS,2026-09-12,highest_temperature,C,4431303,singapore|2026_09_12|highest_temperature|c|wsss,exact,30.0,30.0,30.0,30°C,0.279299,0.03,0.04,0.05,0.00192,0.239299,0.237379,23.952,3,30.6667,30.1,31.0,0.4933,28.0,2026-09-10T21:30:00.000Z,PAPER_BUY,model_probability=0.2793; entry=0.0400; gross_edge=0.2393; fee=0.00192; net_ev=0.2374; entry_source=ask; fee_source=market
2026-09-10T21:54:54.623892+00:00,Dallas,KDAL,2026-09-11,highest_temperature,F,4401431,dallas|2026_09_11|highest_temperature|f|kdal,range,,98.0,99.0,98-99°F,0.482823,0.23,0.24,0.05,0.00912,0.242823,0.233703,3.128667,3,36.9,36.9,36.9,0.0,36.7,2026-09-10T21:00:00.000Z,PAPER_BUY,model_probability=0.4828; entry=0.2400; gross_edge=0.2428; fee=0.00912; net_ev=0.2337; entry_source=ask; fee_source=market
2026-09-10T21:54:54.614956+00:00,Toronto,CYYZ,2026-09-10,highest_temperature,C,4363773,toronto|2026_09_10|highest_temperature|c|cyyz,or_higher,27.0,27.0,,27°C or higher,0.236624,0.0015,0.003,0.05,0.00014955,0.233624,0.233474,332.283483,3,25.5,24.1,26.2,1.2124,23.0,2026-09-10T21:00:00.000Z,PAPER_BUY,model_probability=0.2366; entry=0.0030; gross_edge=0.2336; fee=0.00015; net_ev=0.2335; entry_source=ask; fee_source=market
2026-09-10T21:54:54.613713+00:00,San Francisco,KSFO,2026-09-10,highest_temperature,F,4362188,san_francisco|2026_09_10|highest_temperature|f|ksfo,range,,86.0,87.0,86-87°F,0.275267,0.03,0.04,0.05,0.00192,0.235267,0.233347,23.952,3,30.0,28.9,32.2,1.9053,28.9,2026-09-10T21:00:00.000Z,PAPER_BUY,model_probability=0.2753; entry=0.0400; gross_edge=0.2353; fee=0.00192; net_ev=0.2333; entry_source=ask; fee_source=market
2026-09-10T21:54:54.613949+00:00,Buenos Aires,SAEZ,2026-09-10,lowest_temperature,C,4363375,buenos_aires|2026_09_10|lowest_temperature|c|saez,exact,8.0,8.0,8.0,8°C,0.232811,0.0005,0.001,0.05,4.995e-05,0.231811,0.231761,998.95005,3,9.0,8.6,9.2,0.3464,19.0,2026-09-10T21:00:00.000Z,PAPER_BUY,model_probability=0.2328; entry=0.0010; gross_edge=0.2318; fee=0.00005; net_ev=0.2318; entry_source=ask; fee_source=market
2026-09-10T21:54:54.613971+00:00,Buenos Aires,SAEZ,2026-09-10,lowest_temperature,C,4363377,buenos_aires|2026_09_10|lowest_temperature|c|saez,exact,10.0,10.0,10.0,10°C,0.232811,0.0005,0.001,0.05,4.995e-05,0.231811,0.231761,998.95005,3,9.0,8.6,9.2,0.3464,19.0,2026-09-10T21:00:00.000Z,PAPER_BUY,model_probability=0.2328; entry=0.0010; gross_edge=0.2318; fee=0.00005; net_ev=0.2318; entry_source=ask; fee_source=market
2026-09-10T21:54:54.628867+00:00,Panama City,MPMG,2026-09-11,highest_temperature,C,4405146,panama_city|2026_09_11|highest_temperature|c|mpmg,exact,30.0,30.0,30.0,30°C,0.272877,0.035,0.04,0.05,0.00192,0.232877,0.230957,23.952,3,30.4333,29.7,31.8,1.1846,29.0,2026-09-10T21:00:00.000Z,PAPER_BUY,model_probability=0.2729; entry=0.0400; gross_edge=0.2329; fee=0.00192; net_ev=0.2310; entry_source=ask; fee_source=market
2026-09-10T21:54:54.620077+00:00,Ankara,LTAC,2026-09-11,highest_temperature,C,4399985,ankara|2026_09_11|highest_temperature|c|ltac,exact,29.0,29.0,29.0,29°C,0.261963,0.025,0.03,0.05,0.001455,0.231963,0.230508,32.284833,3,29.8,29.3,30.4,0.5568,17.0,2026-09-10T21:20:00.000Z,PAPER_BUY,model_probability=0.2620; entry=0.0300; gross_edge=0.2320; fee=0.00145; net_ev=0.2305; entry_source=ask; fee_source=market
2026-09-10T21:54:54.610619+00:00,Atlanta,KATL,2026-09-10,highest_temperature,F,4358674,atlanta|2026_09_10|highest_temperature|f|katl,range,,92.0,93.0,92-93°F,0.249755,0.01,0.02,0.05,0.00098,0.229755,0.228775,48.951,3,32.1333,31.8,32.3,0.2887,31.7,2026-09-10T22:00:00.000Z,PAPER_BUY,model_probability=0.2498; entry=0.0200; gross_edge=0.2298; fee=0.00098; net_ev=0.2288; entry_source=ask; fee_source=market
2026-09-10T21:54:54.624398+00:00,Denver,KBKF,2026-09-11,highest_temperature,F,4401464,denver|2026_09_11|highest_temperature|f|kbkf,range,,88.0,89.0,88-89°F,0.466145,0.215,0.23,0.05,0.008855,0.236145,0.22729,3.309326,3,31.7333,31.5,32.2,0.4041,30.4,2026-09-10T21:00:00.000Z,PAPER_BUY,model_probability=0.4661; entry=0.2300; gross_edge=0.2361; fee=0.00886; net_ev=0.2273; entry_source=ask; fee_source=market
2026-09-10T21:54:54.611256+00:00,Atlanta,KATL,2026-09-10,lowest_temperature,F,4358879,atlanta|2026_09_10|lowest_temperature|f|katl,range,,74.0,75.0,74-75°F,0.227667,0.0005,0.001,0.05,4.995e-05,0.226667,0.226617,998.95005,3,22.0333,21.1,22.5,0.8083,31.7,2026-09-10T22:00:00.000Z,PAPER_BUY,model_probability=0.2277; entry=0.0010; gross_edge=0.2267; fee=0.00005; net_ev=0.2266; entry_source=ask; fee_source=market
2026-09-10T21:54:54.613564+00:00,Los Angeles,KLAX,2026-09-10,highest_temperature,F,4362178,los_angeles|2026_09_10|highest_temperature|f|klax,range,,92.0,93.0,92-93°F,0.235561,0.0055,0.01,0.05,0.000495,0.225561,0.225066,98.9505,3,35.2,34.5,36.6,1.2124,31.1,2026-09-10T21:00:00.000Z,PAPER_BUY,model_probability=0.2356; entry=0.0100; gross_edge=0.2256; fee=0.00049; net_ev=0.2251; entry_source=ask; fee_source=market
2026-09-10T21:54:54.634389+00:00,Munich,EDDM,2026-09-12,highest_temperature,C,4431248,munich|2026_09_12|highest_temperature|c|eddm,exact,21.0,21.0,21.0,21°C,0.287135,0.045,0.06,0.05,0.00282,0.227135,0.224315,15.619667,3,21.6,21.3,21.8,0.2646,12.0,2026-09-10T22:00:00.000Z,PAPER_BUY,model_probability=0.2871; entry=0.0600; gross_edge=0.2271; fee=0.00282; net_ev=0.2243; entry_source=ask; fee_source=market
2026-09-10T21:54:54.621883+00:00,Wuhan,ZHHH,2026-09-11,highest_temperature,C,4400156,wuhan|2026_09_11|highest_temperature|c|zhhh,exact,27.0,27.0,27.0,27°C,0.306579,0.075,0.08,0.05,0.00368,0.226579,0.222899,11.454,3,27.4,27.2,27.6,0.2,18.0,2026-09-10T21:00:00.000Z,PAPER_BUY,model_probability=0.3066; entry=0.0800; gross_edge=0.2266; fee=0.00368; net_ev=0.2229; entry_source=ask; fee_source=market
2026-09-10T21:54:54.637769+00:00,Dallas,KDAL,2026-09-12,highest_temperature,F,4433718,dallas|2026_09_12|highest_temperature|f|kdal,range,,104.0,105.0,104-105°F,0.264756,0.03,0.04,0.05,0.00192,0.224756,0.222836,23.952,3,38.8667,38.8,38.9,0.0577,36.7,2026-09-10T21:00:00.000Z,PAPER_BUY,model_probability=0.2648; entry=0.0400; gross_edge=0.2248; fee=0.00192; net_ev=0.2228; entry_source=ask; fee_source=market
2026-09-10T21:54:54.624997+00:00,Miami,KMIA,2026-09-11,lowest_temperature,F,4401772,miami|2026_09_11|lowest_temperature|f|kmia,range,,74.0,75.0,74-75°F,0.284962,0.03,0.06,0.05,0.00282,0.224962,0.222142,15.619667,3,24.9333,24.4,26.0,0.9238,29.4,2026-09-10T21:00:00.000Z,PAPER_BUY,model_probability=0.2850; entry=0.0600; gross_edge=0.2250; fee=0.00282; net_ev=0.2221; entry_source=ask; fee_source=market
2026-09-10T21:54:54.609205+00:00,Paris,LFPB,2026-09-10,highest_temperature,C,4356236,paris|2026_09_10|highest_temperature|c|lfpb,exact,22.0,22.0,22.0,22°C,0.222532,0.0005,0.001,0.05,4.995e-05,0.221532,0.221482,998.95005,3,20.9333,20.3,21.6,0.6506,14.0,2026-09-10T21:30:00.000Z,PAPER_BUY,model_probability=0.2225; entry=0.0010; gross_edge=0.2215; fee=0.00005; net_ev=0.2215; entry_source=ask; fee_source=market
2026-09-10T21:54:54.638005+00:00,New York City,KLGA,2026-09-12,lowest_temperature,F,4433891,new_york_city|2026_09_12|lowest_temperature|f|klga,range,,58.0,59.0,58-59°F,0.241687,0.01,0.02,0.05,0.00098,0.221687,0.220707,48.951,3,16.2667,15.6,17.6,1.1547,30.0,2026-09-10T21:00:00.000Z,PAPER_BUY,model_probability=0.2417; entry=0.0200; gross_edge=0.2217; fee=0.00098; net_ev=0.2207; entry_source=ask; fee_source=market
2026-09-10T21:54:54.637573+00:00,Manila,RPLL,2026-09-12,highest_temperature,C,4431546,manila|2026_09_12|highest_temperature|c|rpll,exact,29.0,29.0,29.0,29°C,0.283293,0.05,0.06,0.05,0.00282,0.223293,0.220473,15.619667,3,28.3667,27.9,29.1,0.6429,25.0,2026-09-10T21:00:00.000Z,PAPER_BUY,model_probability=0.2833; entry=0.0600; gross_edge=0.2233; fee=0.00282; net_ev=0.2205; entry_source=ask; fee_source=market
2026-09-10T21:54:54.614774+00:00,Buenos Aires,SAEZ,2026-09-10,highest_temperature,C,4363759,buenos_aires|2026_09_10|highest_temperature|c|saez,exact,22.0,22.0,22.0,22°C,0.222532,0.0015,0.003,0.05,0.00014955,0.219532,0.219383,332.283483,3,20.9333,20.7,21.1,0.2082,19.0,2026-09-10T21:00:00.000Z,PAPER_BUY,model_probability=0.2225; entry=0.0030; gross_edge=0.2195; fee=0.00015; net_ev=0.2194; entry_source=ask; fee_source=market
2026-09-10T21:54:54.623904+00:00,Dallas,KDAL,2026-09-11,highest_temperature,F,4401432,dallas|2026_09_11|highest_temperature|f|kdal,range,,100.0,101.0,100-101°F,0.322873,0.085,0.1,0.05,0.0045,0.222873,0.218373,8.955,3,36.9,36.9,36.9,0.0,36.7,2026-09-10T21:00:00.000Z,PAPER_BUY,model_probability=0.3229; entry=0.1000; gross_edge=0.2229; fee=0.00450; net_ev=0.2184; entry_source=ask; fee_source=market
2026-09-10T21:54:54.638029+00:00,New York City,KLGA,2026-09-12,lowest_temperature,F,4433893,new_york_city|2026_09_12|lowest_temperature|f|klga,range,,62.0,63.0,62-63°F,0.393503,0.16,0.17,0.05,0.007055,0.223503,0.216448,4.840853,3,16.2667,15.6,17.6,1.1547,30.0,2026-09-10T21:00:00.000Z,PAPER_BUY,model_probability=0.3935; entry=0.1700; gross_edge=0.2235; fee=0.00706; net_ev=0.2164; entry_source=ask; fee_source=market
2026-09-10T21:54:54.609018+00:00,London,EGLC,2026-09-10,highest_temperature,C,4356223,london|2026_09_10|highest_temperature|c|eglc,exact,19.0,19.0,19.0,19°C,0.217326,0.0005,0.001,0.05,4.995e-05,0.216326,0.216276,998.95005,3,20.1,19.0,20.9,0.9849,17.0,2026-09-10T22:00:00.000Z,PAPER_BUY,model_probability=0.2173; entry=0.0010; gross_edge=0.2163; fee=0.00005; net_ev=0.2163; entry_source=ask; fee_source=market
2026-09-10T21:54:54.609551+00:00,Milan,LIMC,2026-09-10,highest_temperature,C,4356361,milan|2026_09_10|highest_temperature|c|limc,exact,23.0,23.0,23.0,23°C,0.217326,0.0005,0.001,0.05,4.995e-05,0.216326,0.216276,998.95005,3,21.9,21.4,22.4,0.5,19.0,2026-09-10T21:20:00.000Z,PAPER_BUY,model_probability=0.2173; entry=0.0010; gross_edge=0.2163; fee=0.00005; net_ev=0.2163; entry_source=ask; fee_source=market
2026-09-10T21:54:54.613725+00:00,San Francisco,KSFO,2026-09-10,highest_temperature,F,4362189,san_francisco|2026_09_10|highest_temperature|f|ksfo,range,,88.0,89.0,88-89°F,0.228793,0.0075,0.013,0.05,0.00064155,0.215793,0.215152,75.873727,3,30.0,28.9,32.2,1.9053,28.9,2026-09-10T21:00:00.000Z,PAPER_BUY,model_probability=0.2288; entry=0.0130; gross_edge=0.2158; fee=0.00064; net_ev=0.2152; entry_source=ask; fee_source=market
2026-09-10T21:54:54.614441+00:00,Panama City,MPMG,2026-09-10,lowest_temperature,C,4363410,panama_city|2026_09_10|lowest_temperature|c|mpmg,exact,24.0,24.0,24.0,24°C,0.297672,0.04,0.08,0.05,0.00368,0.217672,0.213992,11.454,3,24.5,24.1,25.3,0.6928,29.0,2026-09-10T21:00:00.000Z,PAPER_BUY,model_probability=0.2977; entry=0.0800; gross_edge=0.2177; fee=0.00368; net_ev=0.2140; entry_source=ask; fee_source=market
2026-09-10T21:54:54.624386+00:00,Denver,KBKF,2026-09-11,highest_temperature,F,4401463,denver|2026_09_11|highest_temperature|f|kbkf,range,,86.0,87.0,86-87°F,0.254736,0.03,0.04,0.05,0.00192,0.214736,0.212816,23.952,3,31.7333,31.5,32.2,0.4041,30.4,2026-09-10T21:00:00.000Z,PAPER_BUY,model_probability=0.2547; entry=0.0400; gross_edge=0.2147; fee=0.00192; net_ev=0.2128; entry_source=ask; fee_source=market
2026-09-10T21:54:54.623015+00:00,Jeddah,OEJN,2026-09-11,highest_temperature,C,4400262,jeddah|2026_09_11|highest_temperature|c|oejn,or_higher,38.0,38.0,,38°C or higher,0.441364,0.215,0.22,0.05,0.00858,0.221364,0.212784,3.506455,3,37.3,36.3,38.6,1.179,32.0,2026-09-10T21:00:00.000Z,PAPER_BUY,model_probability=0.4414; entry=0.2200; gross_edge=0.2214; fee=0.00858; net_ev=0.2128; entry_source=ask; fee_source=market
2026-09-10T21:54:54.608762+00:00,Amsterdam,EHAM,2026-09-10,lowest_temperature,C,4355848,amsterdam|2026_09_10|lowest_temperature|c|eham,exact,13.0,13.0,13.0,13°C,0.213678,0.0005,0.001,0.05,4.995e-05,0.212678,0.212628,998.95005,3,12.1667,10.7,13.5,1.4048,16.0,2026-09-10T21:25:00.000Z,PAPER_BUY,model_probability=0.2137; entry=0.0010; gross_edge=0.2127; fee=0.00005; net_ev=0.2126; entry_source=ask; fee_source=market
2026-09-10T21:54:54.610427+00:00,Dallas,KDAL,2026-09-10,highest_temperature,F,4358660,dallas|2026_09_10|highest_temperature|f|kdal,range,,94.0,95.0,94-95°F,0.21331,0.0005,0.001,0.05,4.995e-05,0.21231,0.21226,998.95005,3,36.3667,36.3,36.5,0.1155,36.7,2026-09-10T21:00:00.000Z,PAPER_BUY,model_probability=0.2133; entry=0.0010; gross_edge=0.2123; fee=0.00005; net_ev=0.2123; entry_source=ask; fee_source=market
2026-09-10T21:54:54.610913+00:00,New York City,KLGA,2026-09-10,lowest_temperature,F,4358856,new_york_city|2026_09_10|lowest_temperature|f|klga,range,,74.0,75.0,74-75°F,0.21331,0.0005,0.001,0.05,4.995e-05,0.21231,0.21226,998.95005,3,21.9667,21.5,22.2,0.4041,30.0,2026-09-10T21:00:00.000Z,PAPER_BUY,model_probability=0.2133; entry=0.0010; gross_edge=0.2123; fee=0.00005; net_ev=0.2123; entry_source=ask; fee_source=market
2026-09-10T21:54:54.634691+00:00,Shanghai,ZSPD,2026-09-12,highest_temperature,C,4431292,shanghai|2026_09_12|highest_temperature|c|zspd,exact,27.0,27.0,27.0,27°C,0.272667,0.04,0.06,0.05,0.00282,0.212667,0.209847,15.619667,3,27.7,26.5,28.5,1.0583,24.0,2026-09-10T21:30:00.000Z,PAPER_BUY,model_probability=0.2727; entry=0.0600; gross_edge=0.2127; fee=0.00282; net_ev=0.2098; entry_source=ask; fee_source=market
2026-09-10T21:54:54.643023+00:00,Toronto,CYYZ,2026-09-12,highest_temperature,C,4437514,toronto|2026_09_12|highest_temperature|c|cyyz,exact,27.0,27.0,27.0,27°C,0.322021,0.105,0.11,0.05,0.004895,0.212021,0.207126,8.046409,3,26.9,26.7,27.0,0.1732,23.0,2026-09-10T21:00:00.000Z,PAPER_BUY,model_probability=0.3220; entry=0.1100; gross_edge=0.2120; fee=0.00490; net_ev=0.2071; entry_source=ask; fee_source=market
2026-09-10T21:54:54.608407+00:00,Madrid,LEMD,2026-09-10,lowest_temperature,C,4355691,madrid|2026_09_10|lowest_temperature|c|lemd,exact,13.0,13.0,13.0,13°C,0.206991,0.0005,0.001,0.05,4.995e-05,0.205991,0.205941,998.95005,3,11.9333,11.1,13.4,1.2741,20.0,2026-09-10T21:30:00.000Z,PAPER_BUY,model_probability=0.2070; entry=0.0010; gross_edge=0.2060; fee=0.00005; net_ev=0.2059; entry_source=ask; fee_source=market
2026-09-10T21:54:54.617379+00:00,Chongqing,ZUCK,2026-09-11,lowest_temperature,C,4399299,chongqing|2026_09_11|lowest_temperature|c|zuck,exact,21.0,21.0,21.0,21°C,0.206824,0.0005,0.001,0.05,4.995e-05,0.205824,0.205774,998.95005,3,19.8333,19.6,20.2,0.3215,20.0,2026-09-10T21:00:00.000Z,PAPER_BUY,model_probability=0.2068; entry=0.0010; gross_edge=0.2058; fee=0.00005; net_ev=0.2058; entry_source=ask; fee_source=market
2026-09-10T21:54:54.616569+00:00,Shanghai,ZSPD,2026-09-11,lowest_temperature,C,4399231,shanghai|2026_09_11|lowest_temperature|c|zspd,exact,22.0,22.0,22.0,22°C,0.309781,0.07,0.1,0.05,0.0045,0.209781,0.205281,8.955,3,22.3,21.1,23.1,1.0583,24.0,2026-09-10T21:30:00.000Z,PAPER_BUY,model_probability=0.3098; entry=0.1000; gross_edge=0.2098; fee=0.00450; net_ev=0.2053; entry_source=ask; fee_source=market
2026-09-10T21:54:54.621169+00:00,Milan,LIMC,2026-09-11,highest_temperature,C,4400093,milan|2026_09_11|highest_temperature|c|limc,exact,24.0,24.0,24.0,24°C,0.320151,0.1,0.11,0.05,0.004895,0.210151,0.205256,8.046409,3,24.1667,23.6,24.7,0.5508,19.0,2026-09-10T21:20:00.000Z,PAPER_BUY,model_probability=0.3202; entry=0.1100; gross_edge=0.2102; fee=0.00490; net_ev=0.2053; entry_source=ask; fee_source=market
2026-09-10T21:54:54.623279+00:00,Guangzhou,ZGGG,2026-09-11,highest_temperature,C,4400279,guangzhou|2026_09_11|highest_temperature|c|zggg,exact,31.0,31.0,31.0,31°C,0.309157,0.09,0.1,0.05,0.0045,0.209157,0.204657,8.955,3,30.6333,30.3,31.0,0.3512,25.0,2026-09-10T21:30:00.000Z,PAPER_BUY,model_probability=0.3092; entry=0.1000; gross_edge=0.2092; fee=0.00450; net_ev=0.2047; entry_source=ask; fee_source=market
2026-09-10T21:54:54.612204+00:00,Miami,KMIA,2026-09-10,highest_temperature,F,4359136,miami|2026_09_10|highest_temperature|f|kmia,range,,84.0,85.0,84-85°F,0.204509,0.0005,0.001,0.05,4.995e-05,0.203509,0.203459,998.95005,3,30.9667,28.9,32.0,1.7898,29.4,2026-09-10T21:00:00.000Z,PAPER_BUY,model_probability=0.2045; entry=0.0010; gross_edge=0.2035; fee=0.00005; net_ev=0.2035; entry_source=ask; fee_source=market
2026-09-10T21:54:54.637319+00:00,Qingdao,ZSQD,2026-09-12,highest_temperature,C,4431528,qingdao|2026_09_12|highest_temperature|c|zsqd,exact,29.0,29.0,29.0,29°C,0.275161,0.055,0.07,0.05,0.003255,0.205161,0.201906,13.239214,3,28.3,27.6,28.9,0.6557,14.0,2026-09-10T21:00:00.000Z,PAPER_BUY,model_probability=0.2752; entry=0.0700; gross_edge=0.2052; fee=0.00326; net_ev=0.2019; entry_source=ask; fee_source=market
2026-09-10T21:54:54.618118+00:00,Busan,RKPK,2026-09-11,lowest_temperature,C,4399376,busan|2026_09_11|lowest_temperature|c|rkpk,exact,20.0,20.0,20.0,20°C,0.201544,0.0005,0.001,0.05,4.995e-05,0.200544,0.200494,998.95005,3,18.8,18.2,19.3,0.5568,19.0,2026-09-10T21:00:00.000Z,PAPER_BUY,model_probability=0.2015; entry=0.0010; gross_edge=0.2005; fee=0.00005; net_ev=0.2005; entry_source=ask; fee_source=market
2026-09-10T21:54:54.619166+00:00,Qingdao,ZSQD,2026-09-11,lowest_temperature,C,4399452,qingdao|2026_09_11|lowest_temperature|c|zsqd,exact,16.0,16.0,16.0,16°C,0.201544,0.0005,0.001,0.05,4.995e-05,0.200544,0.200494,998.95005,3,14.8,13.8,15.8,1.0,14.0,2026-09-10T21:00:00.000Z,PAPER_BUY,model_probability=0.2015; entry=0.0010; gross_edge=0.2005; fee=0.00005; net_ev=0.2005; entry_source=ask; fee_source=market
2026-09-10T21:54:54.623721+00:00,Manila,RPLL,2026-09-11,highest_temperature,C,4400311,manila|2026_09_11|highest_temperature|c|rpll,exact,28.0,28.0,28.0,28°C,0.294331,0.085,0.09,0.05,0.004095,0.204331,0.200236,10.065611,3,28.5333,28.2,29.0,0.4163,25.0,2026-09-10T21:00:00.000Z,PAPER_BUY,model_probability=0.2943; entry=0.0900; gross_edge=0.2043; fee=0.00409; net_ev=0.2002; entry_source=ask; fee_source=market
2026-09-10T21:54:54.626138+00:00,Austin,KAUS,2026-09-11,highest_temperature,F,4402235,austin|2026_09_11|highest_temperature|f|kaus,range,,94.0,95.0,94-95°F,0.220447,0.01,0.02,0.05,0.00098,0.200447,0.199467,48.951,3,36.3333,36.2,36.4,0.1155,37.2,2026-09-10T21:00:00.000Z,PAPER_BUY,model_probability=0.2204; entry=0.0200; gross_edge=0.2004; fee=0.00098; net_ev=0.1995; entry_source=ask; fee_source=market
2026-09-10T21:54:54.609788+00:00,Warsaw,EPWA,2026-09-10,highest_temperature,C,4356385,warsaw|2026_09_10|highest_temperature|c|epwa,exact,18.0,18.0,18.0,18°C,0.200443,0.0005,0.001,0.05,4.995e-05,0.199443,0.199393,998.95005,3,19.1667,17.8,20.1,1.2097,11.0,2026-09-10T21:30:00.000Z,PAPER_BUY,model_probability=0.2004; entry=0.0010; gross_edge=0.1994; fee=0.00005; net_ev=0.1994; entry_source=ask; fee_source=market
2026-09-10T21:54:54.610877+00:00,New York City,KLGA,2026-09-10,lowest_temperature,F,4358853,new_york_city|2026_09_10|lowest_temperature|f|klga,range,,68.0,69.0,68-69°F,0.203936,0.003,0.006,0.05,0.0002982,0.197936,0.197638,165.616967,3,21.9667,21.5,22.2,0.4041,30.0,2026-09-10T21:00:00.000Z,PAPER_BUY,model_probability=0.2039; entry=0.0060; gross_edge=0.1979; fee=0.00030; net_ev=0.1976; entry_source=ask; fee_source=market
2026-09-10T21:54:54.636629+00:00,Kuala Lumpur,WMKK,2026-09-12,highest_temperature,C,4431476,kuala_lumpur|2026_09_12|highest_temperature|c|wmkk,or_lower,26.0,,26.0,26°C or below,0.199211,0.002,0.003,0.05,0.00014955,0.196211,0.196061,332.283483,3,29.0333,24.9,31.2,3.581,25.0,2026-09-10T21:30:00.000Z,PAPER_BUY,model_probability=0.1992; entry=0.0030; gross_edge=0.1962; fee=0.00015; net_ev=0.1961; entry_source=ask; fee_source=market
2026-09-10T21:54:54.622816+00:00,Kuala Lumpur,WMKK,2026-09-11,highest_temperature,C,4400246,kuala_lumpur|2026_09_11|highest_temperature|c|wmkk,exact,29.0,29.0,29.0,29°C,0.279299,0.075,0.08,0.05,0.00368,0.199299,0.195619,11.454,3,29.6667,28.9,30.6,0.8622,25.0,2026-09-10T21:30:00.000Z,PAPER_BUY,model_probability=0.2793; entry=0.0800; gross_edge=0.1993; fee=0.00368; net_ev=0.1956; entry_source=ask; fee_source=market
2026-09-10T21:54:54.630522+00:00,Singapore,WSSS,2026-09-12,lowest_temperature,C,4430464,singapore|2026_09_12|lowest_temperature|c|wsss,exact,25.0,25.0,25.0,25°C,0.237513,0.03,0.04,0.05,0.00192,0.197513,0.195593,23.952,3,25.8667,25.0,27.2,1.1719,28.0,2026-09-10T21:30:00.000Z,PAPER_BUY,model_probability=0.2375; entry=0.0400; gross_edge=0.1975; fee=0.00192; net_ev=0.1956; entry_source=ask; fee_source=market
2026-09-10T21:54:54.608569+00:00,Warsaw,EPWA,2026-09-10,lowest_temperature,C,4355721,warsaw|2026_09_10|lowest_temperature|c|epwa,exact,12.0,12.0,12.0,12°C,0.196256,0.0005,0.001,0.05,4.995e-05,0.195256,0.195206,998.95005,3,13.2333,12.1,13.9,0.9866,11.0,2026-09-10T21:30:00.000Z,PAPER_BUY,model_probability=0.1963; entry=0.0010; gross_edge=0.1953; fee=0.00005; net_ev=0.1952; entry_source=ask; fee_source=market
2026-09-10T21:54:54.635030+00:00,Milan,LIMC,2026-09-12,highest_temperature,C,4431326,milan|2026_09_12|highest_temperature|c|limc,exact,24.0,24.0,24.0,24°C,0.309157,0.095,0.11,0.05,0.004895,0.199157,0.194262,8.046409,3,24.3667,24.1,24.8,0.3786,19.0,2026-09-10T21:20:00.000Z,PAPER_BUY,model_probability=0.3092; entry=0.1100; gross_edge=0.1992; fee=0.00490; net_ev=0.1943; entry_source=ask; fee_source=market
2026-09-10T21:54:54.624694+00:00,Dallas,KDAL,2026-09-11,lowest_temperature,F,4401751,dallas|2026_09_11|lowest_temperature|f|kdal,range,,76.0,77.0,76-77°F,0.369152,0.085,0.17,0.05,0.007055,0.199152,0.192097,4.840853,3,25.6667,25.3,26.4,0.6351,36.7,2026-09-10T21:00:00.000Z,PAPER_BUY,model_probability=0.3692; entry=0.1700; gross_edge=0.1992; fee=0.00706; net_ev=0.1921; entry_source=ask; fee_source=market
2026-09-10T21:54:54.614613+00:00,Sao Paulo,SBGR,2026-09-10,highest_temperature,C,4363746,sao_paulo|2026_09_10|highest_temperature|c|sbgr,exact,23.0,23.0,23.0,23°C,0.19272,0.0005,0.001,0.05,4.995e-05,0.19172,0.19167,998.95005,3,22.8667,21.3,24.8,1.7786,17.0,2026-09-10T21:00:00.000Z,PAPER_BUY,model_probability=0.1927; entry=0.0010; gross_edge=0.1917; fee=0.00005; net_ev=0.1917; entry_source=ask; fee_source=market
2026-09-10T21:54:54.634270+00:00,Lucknow,VILK,2026-09-12,highest_temperature,C,4431240,lucknow|2026_09_12|highest_temperature|c|vilk,exact,31.0,31.0,31.0,31°C,0.242856,0.04,0.05,0.05,0.002375,0.192856,0.190481,18.9525,3,31.9333,31.4,32.8,0.7572,27.0,2026-09-10T21:30:00.000Z,PAPER_BUY,model_probability=0.2429; entry=0.0500; gross_edge=0.1929; fee=0.00238; net_ev=0.1905; entry_source=ask; fee_source=market
2026-09-10T21:54:54.614177+00:00,Toronto,CYYZ,2026-09-10,lowest_temperature,C,4363392,toronto|2026_09_10|lowest_temperature|c|cyyz,exact,17.0,17.0,17.0,17°C,0.190967,0.0005,0.001,0.05,4.995e-05,0.189967,0.189917,998.95005,3,15.7333,15.4,15.9,0.2887,23.0,2026-09-10T21:00:00.000Z,PAPER_BUY,model_probability=0.1910; entry=0.0010; gross_edge=0.1900; fee=0.00005; net_ev=0.1899; entry_source=ask; fee_source=market
2026-09-10T21:54:54.615987+00:00,Wellington,NZWN,2026-09-11,lowest_temperature,C,4399168,wellington|2026_09_11|lowest_temperature|c|nzwn,exact,8.0,8.0,8.0,8°C,0.190967,0.0005,0.001,0.05,4.995e-05,0.189967,0.189917,998.95005,3,6.7333,6.3,7.2,0.4509,11.0,2026-09-10T21:30:00.000Z,PAPER_BUY,model_probability=0.1910; entry=0.0010; gross_edge=0.1900; fee=0.00005; net_ev=0.1899; entry_source=ask; fee_source=market
2026-09-10T21:54:54.613738+00:00,San Francisco,KSFO,2026-09-10,highest_temperature,F,4362190,san_francisco|2026_09_10|highest_temperature|f|ksfo,or_higher,90.0,90.0,,90°F or higher,0.215926,0.0125,0.025,0.05,0.00121875,0.190926,0.189707,38.95125,3,30.0,28.9,32.2,1.9053,28.9,2026-09-10T21:00:00.000Z,PAPER_BUY,model_probability=0.2159; entry=0.0250; gross_edge=0.1909; fee=0.00122; net_ev=0.1897; entry_source=ask; fee_source=market
2026-09-10T21:54:54.635769+00:00,Wuhan,ZHHH,2026-09-12,highest_temperature,C,4431390,wuhan|2026_09_12|highest_temperature|c|zhhh,exact,29.0,29.0,29.0,29°C,0.283293,0.085,0.09,0.05,0.004095,0.193293,0.189198,10.065611,3,29.6333,29.5,29.8,0.1528,18.0,2026-09-10T21:00:00.000Z,PAPER_BUY,model_probability=0.2833; entry=0.0900; gross_edge=0.1933; fee=0.00409; net_ev=0.1892; entry_source=ask; fee_source=market
2026-09-10T21:54:54.615096+00:00,Mexico City,MMMX,2026-09-10,highest_temperature,C,4363784,mexico_city|2026_09_10|highest_temperature|c|mmmx,exact,26.0,26.0,26.0,26°C,0.206824,0.0095,0.017,0.05,0.00083555,0.189824,0.188989,57.774379,3,24.8333,23.8,25.6,0.9292,23.0,2026-09-10T21:45:00.000Z,PAPER_BUY,model_probability=0.2068; entry=0.0170; gross_edge=0.1898; fee=0.00084; net_ev=0.1890; entry_source=ask; fee_source=market
2026-09-10T21:54:54.620967+00:00,Singapore,WSSS,2026-09-11,highest_temperature,C,4400071,singapore|2026_09_11|highest_temperature|c|wsss,exact,29.0,29.0,29.0,29°C,0.196701,0.005,0.008,0.05,0.0003968,0.188701,0.188305,123.9504,3,29.8333,28.6,31.6,1.5695,28.0,2026-09-10T21:30:00.000Z,PAPER_BUY,model_probability=0.1967; entry=0.0080; gross_edge=0.1887; fee=0.00040; net_ev=0.1883; entry_source=ask; fee_source=market
2026-09-10T21:54:54.608740+00:00,Amsterdam,EHAM,2026-09-10,lowest_temperature,C,4355846,amsterdam|2026_09_10|lowest_temperature|c|eham,exact,11.0,11.0,11.0,11°C,0.188814,0.0005,0.001,0.05,4.995e-05,0.187814,0.187764,998.95005,3,12.1667,10.7,13.5,1.4048,16.0,2026-09-10T21:25:00.000Z,PAPER_BUY,model_probability=0.1888; entry=0.0010; gross_edge=0.1878; fee=0.00005; net_ev=0.1878; entry_source=ask; fee_source=market
2026-09-10T21:54:54.626315+00:00,Houston,KHOU,2026-09-11,highest_temperature,F,4402246,houston|2026_09_11|highest_temperature|f|khou,range,,86.0,87.0,86-87°F,0.239867,0.035,0.05,0.05,0.002375,0.189867,0.187492,18.9525,3,31.8,31.8,31.8,0.0,30.6,2026-09-10T21:00:00.000Z,PAPER_BUY,model_probability=0.2399; entry=0.0500; gross_edge=0.1899; fee=0.00238; net_ev=0.1875; entry_source=ask; fee_source=market
2026-09-10T21:54:54.637121+00:00,Guangzhou,ZGGG,2026-09-12,highest_temperature,C,4431514,guangzhou|2026_09_12|highest_temperature|c|zggg,exact,32.0,32.0,32.0,32°C,0.32296,0.12,0.13,0.05,0.005655,0.19296,0.187305,6.648808,3,31.9667,31.8,32.2,0.2082,25.0,2026-09-10T21:30:00.000Z,PAPER_BUY,model_probability=0.3230; entry=0.1300; gross_edge=0.1930; fee=0.00566; net_ev=0.1873; entry_source=ask; fee_source=market
2026-09-10T21:54:54.615881+00:00,Ankara,LTAC,2026-09-11,lowest_temperature,C,4399161,ankara|2026_09_11|lowest_temperature|c|ltac,or_higher,19.0,19.0,,19°C or higher,0.187031,0.0005,0.001,0.05,4.995e-05,0.186031,0.185981,998.95005,3,15.8333,12.8,17.8,2.6652,17.0,2026-09-10T21:20:00.000Z,PAPER_BUY,model_probability=0.1870; entry=0.0010; gross_edge=0.1860; fee=0.00005; net_ev=0.1860; entry_source=ask; fee_source=market
2026-09-10T21:54:54.637109+00:00,Guangzhou,ZGGG,2026-09-12,highest_temperature,C,4431513,guangzhou|2026_09_12|highest_temperature|c|zggg,exact,31.0,31.0,31.0,31°C,0.237867,0.04,0.05,0.05,0.002375,0.187867,0.185492,18.9525,3,31.9667,31.8,32.2,0.2082,25.0,2026-09-10T21:30:00.000Z,PAPER_BUY,model_probability=0.2379; entry=0.0500; gross_edge=0.1879; fee=0.00238; net_ev=0.1855; entry_source=ask; fee_source=market
2026-09-10T21:54:54.611747+00:00,Austin,KAUS,2026-09-10,lowest_temperature,F,4358913,austin|2026_09_10|lowest_temperature|f|kaus,range,,80.0,81.0,80-81°F,0.185727,0.0005,0.001,0.05,4.995e-05,0.184727,0.184677,998.95005,3,25.1667,24.7,25.4,0.4041,37.2,2026-09-10T21:00:00.000Z,PAPER_BUY,model_probability=0.1857; entry=0.0010; gross_edge=0.1847; fee=0.00005; net_ev=0.1847; entry_source=ask; fee_source=market
2026-09-10T21:54:54.614340+00:00,Mexico City,MMMX,2026-09-10,lowest_temperature,C,4363404,mexico_city|2026_09_10|lowest_temperature|c|mmmx,exact,15.0,15.0,15.0,15°C,0.185685,0.0005,0.001,0.05,4.995e-05,0.184685,0.184635,998.95005,3,13.7,13.1,14.2,0.5568,23.0,2026-09-10T21:45:00.000Z,PAPER_BUY,model_probability=0.1857; entry=0.0010; gross_edge=0.1847; fee=0.00005; net_ev=0.1846; entry_source=ask; fee_source=market
2026-09-10T21:54:54.621995+00:00,Chengdu,ZUUU,2026-09-11,highest_temperature,C,4400164,chengdu|2026_09_11|highest_temperature|c|zuuu,or_lower,20.0,,20.0,20°C or below,0.193062,0.0055,0.01,0.05,0.000495,0.183062,0.182567,98.9505,3,23.1,20.0,24.7,2.6851,19.0,2026-09-10T21:00:00.000Z,PAPER_BUY,model_probability=0.1931; entry=0.0100; gross_edge=0.1831; fee=0.00049; net_ev=0.1826; entry_source=ask; fee_source=market
2026-09-10T21:54:54.609947+00:00,Amsterdam,EHAM,2026-09-10,highest_temperature,C,4356496,amsterdam|2026_09_10|highest_temperature|c|eham,exact,18.0,18.0,18.0,18°C,0.180418,0.0005,0.001,0.05,4.995e-05,0.179418,0.179368,998.95005,3,19.3333,18.7,20.2,0.7767,16.0,2026-09-10T21:25:00.000Z,PAPER_BUY,model_probability=0.1804; entry=0.0010; gross_edge=0.1794; fee=0.00005; net_ev=0.1794; entry_source=ask; fee_source=market
2026-09-10T21:54:54.621302+00:00,Madrid,LEMD,2026-09-11,highest_temperature,C,4400102,madrid|2026_09_11|highest_temperature|c|lemd,exact,29.0,29.0,29.0,29°C,0.196256,0.0145,0.018,0.05,0.0008838,0.178256,0.177372,54.506456,3,30.2333,29.8,30.6,0.4041,20.0,2026-09-10T21:30:00.000Z,PAPER_BUY,model_probability=0.1963; entry=0.0180; gross_edge=0.1783; fee=0.00088; net_ev=0.1774; entry_source=ask; fee_source=market
2026-09-10T21:54:54.628681+00:00,Mexico City,MMMX,2026-09-11,highest_temperature,C,4405137,mexico_city|2026_09_11|highest_temperature|c|mmmx,exact,24.0,24.0,24.0,24°C,0.227983,0.04,0.05,0.05,0.002375,0.177983,0.175608,18.9525,3,24.9333,23.6,25.9,1.193,23.0,2026-09-10T21:45:00.000Z,PAPER_BUY,model_probability=0.2280; entry=0.0500; gross_edge=0.1780; fee=0.00238; net_ev=0.1756; entry_source=ask; fee_source=market
2026-09-10T21:54:54.621136+00:00,Milan,LIMC,2026-09-11,highest_temperature,C,4400092,milan|2026_09_11|highest_temperature|c|limc,exact,23.0,23.0,23.0,23°C,0.206824,0.02,0.03,0.05,0.001455,0.176824,0.175369,32.284833,3,24.1667,23.6,24.7,0.5508,19.0,2026-09-10T21:20:00.000Z,PAPER_BUY,model_probability=0.2068; entry=0.0300; gross_edge=0.1768; fee=0.00145; net_ev=0.1754; entry_source=ask; fee_source=market
2026-09-10T21:54:54.608105+00:00,Munich,EDDM,2026-09-10,lowest_temperature,C,4355590,munich|2026_09_10|lowest_temperature|c|eddm,exact,11.0,11.0,11.0,11°C,0.175172,0.0005,0.001,0.05,4.995e-05,0.174172,0.174122,998.95005,3,9.6333,8.8,10.4,0.8021,12.0,2026-09-10T22:00:00.000Z,PAPER_BUY,model_probability=0.1752; entry=0.0010; gross_edge=0.1742; fee=0.00005; net_ev=0.1741; entry_source=ask; fee_source=market
2026-09-10T21:54:54.620227+00:00,Wellington,NZWN,2026-09-11,highest_temperature,C,4399994,wellington|2026_09_11|highest_temperature|c|nzwn,exact,12.0,12.0,12.0,12°C,0.175172,0.0005,0.001,0.05,4.995e-05,0.174172,0.174122,998.95005,3,13.3667,12.7,13.8,0.5859,11.0,2026-09-10T21:30:00.000Z,PAPER_BUY,model_probability=0.1752; entry=0.0010; gross_edge=0.1742; fee=0.00005; net_ev=0.1741; entry_source=ask; fee_source=market
2026-09-10T21:54:54.628998+00:00,Zhengzhou,ZHCC,2026-09-11,lowest_temperature,C,4430333,zhengzhou|2026_09_11|lowest_temperature|c|zhcc,exact,19.0,19.0,19.0,19°C,0.175172,0.0005,0.001,0.05,4.995e-05,0.174172,0.174122,998.95005,3,17.6333,17.2,18.2,0.5132,18.0,2026-09-10T21:00:00.000Z,PAPER_BUY,model_probability=0.1752; entry=0.0010; gross_edge=0.1742; fee=0.00005; net_ev=0.1741; entry_source=ask; fee_source=market
2026-09-10T21:54:54.613349+00:00,Seattle,KSEA,2026-09-10,highest_temperature,F,4362159,seattle|2026_09_10|highest_temperature|f|ksea,range,,66.0,67.0,66-67°F,0.17475,0.0005,0.001,0.05,4.995e-05,0.17375,0.1737,998.95005,3,21.0,20.6,21.2,0.3464,20.0,2026-09-10T21:00:00.000Z,PAPER_BUY,model_probability=0.1747; entry=0.0010; gross_edge=0.1737; fee=0.00005; net_ev=0.1737; entry_source=ask; fee_source=market
2026-09-10T21:54:54.624522+00:00,New York City,KLGA,2026-09-11,lowest_temperature,F,4401739,new_york_city|2026_09_11|lowest_temperature|f|klga,range,,64.0,65.0,64-65°F,0.206264,0.019,0.033,0.05,0.00159555,0.173264,0.171668,29.25468,3,19.7333,19.3,20.6,0.7506,30.0,2026-09-10T21:00:00.000Z,PAPER_BUY,model_probability=0.2063; entry=0.0330; gross_edge=0.1733; fee=0.00160; net_ev=0.1717; entry_source=ask; fee_source=market
2026-09-10T21:54:54.623459+00:00,Qingdao,ZSQD,2026-09-11,highest_temperature,C,4400293,qingdao|2026_09_11|highest_temperature|c|zsqd,exact,29.0,29.0,29.0,29°C,0.212088,0.03,0.04,0.05,0.00192,0.172088,0.170168,23.952,3,27.8667,27.3,28.8,0.8145,14.0,2026-09-10T21:00:00.000Z,PAPER_BUY,model_probability=0.2121; entry=0.0400; gross_edge=0.1721; fee=0.00192; net_ev=0.1702; entry_source=ask; fee_source=market
2026-09-10T21:54:54.610584+00:00,Atlanta,KATL,2026-09-10,highest_temperature,F,4358671,atlanta|2026_09_10|highest_temperature|f|katl,range,,86.0,87.0,86-87°F,0.170452,0.0005,0.001,0.05,4.995e-05,0.169452,0.169402,998.95005,3,32.1333,31.8,32.3,0.2887,31.7,2026-09-10T22:00:00.000Z,PAPER_BUY,model_probability=0.1705; entry=0.0010; gross_edge=0.1695; fee=0.00005; net_ev=0.1694; entry_source=ask; fee_source=market
2026-09-10T21:54:54.610096+00:00,Cape Town,FACT,2026-09-10,highest_temperature,C,4356540,cape_town|2026_09_10|highest_temperature|c|fact,exact,18.0,18.0,18.0,18°C,0.169955,0.0005,0.001,0.05,4.995e-05,0.168955,0.168905,998.95005,3,19.4,19.1,19.8,0.3606,16.0,2026-09-10T21:00:00.000Z,PAPER_BUY,model_probability=0.1700; entry=0.0010; gross_edge=0.1690; fee=0.00005; net_ev=0.1689; entry_source=ask; fee_source=market
2026-09-10T21:54:54.640985+00:00,Los Angeles,KLAX,2026-09-12,highest_temperature,F,4436803,los_angeles|2026_09_12|highest_temperature|f|klax,range,,84.0,85.0,84-85°F,0.218165,0.04,0.05,0.05,0.002375,0.168165,0.16579,18.9525,3,29.5,28.1,32.3,2.4249,31.1,2026-09-10T21:00:00.000Z,PAPER_BUY,model_probability=0.2182; entry=0.0500; gross_edge=0.1682; fee=0.00238; net_ev=0.1658; entry_source=ask; fee_source=market
2026-09-10T21:54:54.639991+00:00,Denver,KBKF,2026-09-12,highest_temperature,F,4434150,denver|2026_09_12|highest_temperature|f|kbkf,range,,82.0,83.0,82-83°F,0.435163,0.25,0.26,0.05,0.00962,0.175163,0.165543,2.809154,3,27.4667,27.1,28.2,0.6351,30.4,2026-09-10T21:00:00.000Z,PAPER_BUY,model_probability=0.4352; entry=0.2600; gross_edge=0.1752; fee=0.00962; net_ev=0.1655; entry_source=ask; fee_source=market
2026-09-10T21:54:54.614624+00:00,Sao Paulo,SBGR,2026-09-10,highest_temperature,C,4363747,sao_paulo|2026_09_10|highest_temperature|c|sbgr,exact,24.0,24.0,24.0,24°C,0.166142,0.0005,0.001,0.05,4.995e-05,0.165142,0.165092,998.95005,3,22.8667,21.3,24.8,1.7786,17.0,2026-09-10T21:00:00.000Z,PAPER_BUY,model_probability=0.1661; entry=0.0010; gross_edge=0.1651; fee=0.00005; net_ev=0.1651; entry_source=ask; fee_source=market
2026-09-10T21:54:54.640797+00:00,Seattle,KSEA,2026-09-12,highest_temperature,F,4436695,seattle|2026_09_12|highest_temperature|f|ksea,range,,66.0,67.0,66-67°F,0.475251,0.28,0.3,0.05,0.0105,0.175251,0.164751,2.298333,3,18.9333,18.6,19.1,0.2887,20.0,2026-09-10T21:00:00.000Z,PAPER_BUY,model_probability=0.4753; entry=0.3000; gross_edge=0.1753; fee=0.01050; net_ev=0.1648; entry_source=ask; fee_source=market
2026-09-10T21:54:54.608292+00:00,Milan,LIMC,2026-09-10,lowest_temperature,C,4355666,milan|2026_09_10|lowest_temperature|c|limc,exact,18.0,18.0,18.0,18°C,0.164772,0.0005,0.001,0.05,4.995e-05,0.163772,0.163722,998.95005,3,16.5667,16.4,16.9,0.2887,19.0,2026-09-10T21:20:00.000Z,PAPER_BUY,model_probability=0.1648; entry=0.0010; gross_edge=0.1638; fee=0.00005; net_ev=0.1637; entry_source=ask; fee_source=market
2026-09-10T21:54:54.626013+00:00,Chicago,KORD,2026-09-11,highest_temperature,F,4402227,chicago|2026_09_11|highest_temperature|f|kord,range,,84.0,85.0,84-85°F,0.18215,0.015,0.02,0.05,0.00098,0.16215,0.16117,48.951,3,27.1,25.1,28.1,1.7321,25.0,2026-09-10T22:00:00.000Z,PAPER_BUY,model_probability=0.1821; entry=0.0200; gross_edge=0.1621; fee=0.00098; net_ev=0.1612; entry_source=ask; fee_source=market
2026-09-10T21:54:54.617530+00:00,Beijing,ZBAA,2026-09-11,lowest_temperature,C,4399310,beijing|2026_09_11|lowest_temperature|c|zbaa,exact,15.0,15.0,15.0,15°C,0.161033,0.0005,0.001,0.05,4.995e-05,0.160033,0.159983,998.95005,3,14.9,12.5,16.6,2.1378,13.0,2026-09-10T21:30:00.000Z,PAPER_BUY,model_probability=0.1610; entry=0.0010; gross_edge=0.1600; fee=0.00005; net_ev=0.1600; entry_source=ask; fee_source=market
2026-09-10T21:54:54.614923+00:00,Toronto,CYYZ,2026-09-10,highest_temperature,C,4363770,toronto|2026_09_10|highest_temperature|c|cyyz,exact,24.0,24.0,24.0,24°C,0.160896,0.0005,0.001,0.05,4.995e-05,0.159896,0.159846,998.95005,3,25.5,24.1,26.2,1.2124,23.0,2026-09-10T21:00:00.000Z,PAPER_BUY,model_probability=0.1609; entry=0.0010; gross_edge=0.1599; fee=0.00005; net_ev=0.1598; entry_source=ask; fee_source=market
2026-09-10T21:54:54.621755+00:00,Beijing,ZBAA,2026-09-11,highest_temperature,C,4400147,beijing|2026_09_11|highest_temperature|c|zbaa,exact,30.0,30.0,30.0,30°C,0.232811,0.065,0.07,0.05,0.003255,0.162811,0.159556,13.239214,3,31.0,30.8,31.3,0.2646,13.0,2026-09-10T21:30:00.000Z,PAPER_BUY,model_probability=0.2328; entry=0.0700; gross_edge=0.1628; fee=0.00326; net_ev=0.1596; entry_source=ask; fee_source=market
2026-09-10T21:54:54.633948+00:00,Ankara,LTAC,2026-09-12,highest_temperature,C,4431218,ankara|2026_09_12|highest_temperature|c|ltac,exact,30.0,30.0,30.0,30°C,0.242856,0.06,0.08,0.05,0.00368,0.162856,0.159176,11.454,3,30.9333,30.7,31.3,0.3215,17.0,2026-09-10T21:20:00.000Z,PAPER_BUY,model_probability=0.2429; entry=0.0800; gross_edge=0.1629; fee=0.00368; net_ev=0.1592; entry_source=ask; fee_source=market
2026-09-10T21:54:54.640998+00:00,Los Angeles,KLAX,2026-09-12,highest_temperature,F,4436805,los_angeles|2026_09_12|highest_temperature|f|klax,range,,86.0,87.0,86-87°F,0.211519,0.025,0.05,0.05,0.002375,0.161519,0.159144,18.9525,3,29.5,28.1,32.3,2.4249,31.1,2026-09-10T21:00:00.000Z,PAPER_BUY,model_probability=0.2115; entry=0.0500; gross_edge=0.1615; fee=0.00238; net_ev=0.1591; entry_source=ask; fee_source=market
2026-09-10T21:54:54.609348+00:00,Munich,EDDM,2026-09-10,highest_temperature,C,4356290,munich|2026_09_10|highest_temperature|c|eddm,exact,17.0,17.0,17.0,17°C,0.159631,0.0005,0.001,0.05,4.995e-05,0.158631,0.158581,998.95005,3,18.4667,17.9,18.9,0.5132,12.0,2026-09-10T22:00:00.000Z,PAPER_BUY,model_probability=0.1596; entry=0.0010; gross_edge=0.1586; fee=0.00005; net_ev=0.1586; entry_source=ask; fee_source=market
2026-09-10T21:54:54.643034+00:00,Toronto,CYYZ,2026-09-12,highest_temperature,C,4437515,toronto|2026_09_12|highest_temperature|c|cyyz,exact,28.0,28.0,28.0,28°C,0.217326,0.04,0.06,0.05,0.00282,0.157326,0.154506,15.619667,3,26.9,26.7,27.0,0.1732,23.0,2026-09-10T21:00:00.000Z,PAPER_BUY,model_probability=0.2173; entry=0.0600; gross_edge=0.1573; fee=0.00282; net_ev=0.1545; entry_source=ask; fee_source=market
2026-09-10T21:54:54.623448+00:00,Qingdao,ZSQD,2026-09-11,highest_temperature,C,4400292,qingdao|2026_09_11|highest_temperature|c|zsqd,exact,28.0,28.0,28.0,28°C,0.321202,0.135,0.16,0.05,0.00672,0.161202,0.154482,5.208,3,27.8667,27.3,28.8,0.8145,14.0,2026-09-10T21:00:00.000Z,PAPER_BUY,model_probability=0.3212; entry=0.1600; gross_edge=0.1612; fee=0.00672; net_ev=0.1545; entry_source=ask; fee_source=market
2026-09-10T21:54:54.637551+00:00,Manila,RPLL,2026-09-12,highest_temperature,C,4431544,manila|2026_09_12|highest_temperature|c|rpll,exact,27.0,27.0,27.0,27°C,0.175172,0.015,0.02,0.05,0.00098,0.155172,0.154192,48.951,3,28.3667,27.9,29.1,0.6429,25.0,2026-09-10T21:00:00.000Z,PAPER_BUY,model_probability=0.1752; entry=0.0200; gross_edge=0.1552; fee=0.00098; net_ev=0.1542; entry_source=ask; fee_source=market
2026-09-10T21:54:54.613843+00:00,Sao Paulo,SBGR,2026-09-10,lowest_temperature,C,4363368,sao_paulo|2026_09_10|lowest_temperature|c|sbgr,exact,19.0,19.0,19.0,19°C,0.154538,0.0005,0.001,0.05,4.995e-05,0.153538,0.153488,998.95005,3,17.5,17.0,17.8,0.4359,17.0,2026-09-10T21:00:00.000Z,PAPER_BUY,model_probability=0.1545; entry=0.0010; gross_edge=0.1535; fee=0.00005; net_ev=0.1535; entry_source=ask; fee_source=market
2026-09-10T21:54:54.628342+00:00,Buenos Aires,SAEZ,2026-09-11,highest_temperature,C,4405111,buenos_aires|2026_09_11|highest_temperature|c|saez,exact,18.0,18.0,18.0,18°C,0.257331,0.095,0.1,0.05,0.0045,0.157331,0.152831,8.955,3,18.8333,17.7,19.5,0.9866,19.0,2026-09-10T21:00:00.000Z,PAPER_BUY,model_probability=0.2573; entry=0.1000; gross_edge=0.1573; fee=0.00450; net_ev=0.1528; entry_source=ask; fee_source=market
2026-09-10T21:54:54.624019+00:00,Atlanta,KATL,2026-09-11,highest_temperature,F,4401439,atlanta|2026_09_11|highest_temperature|f|katl,range,,84.0,85.0,84-85°F,0.194737,0.0335,0.04,0.05,0.00192,0.154737,0.152817,23.952,3,30.9,30.6,31.5,0.5196,31.7,2026-09-10T22:00:00.000Z,PAPER_BUY,model_probability=0.1947; entry=0.0400; gross_edge=0.1547; fee=0.00192; net_ev=0.1528; entry_source=ask; fee_source=market
2026-09-10T21:54:54.640203+00:00,Houston,KHOU,2026-09-12,highest_temperature,F,4434164,houston|2026_09_12|highest_temperature|f|khou,range,,96.0,97.0,96-97°F,0.194737,0.02,0.04,0.05,0.00192,0.154737,0.152817,23.952,3,34.1,32.9,34.7,1.0392,30.6,2026-09-10T21:00:00.000Z,PAPER_BUY,model_probability=0.1947; entry=0.0400; gross_edge=0.1547; fee=0.00192; net_ev=0.1528; entry_source=ask; fee_source=market
2026-09-10T21:54:54.628200+00:00,Sao Paulo,SBGR,2026-09-11,highest_temperature,C,4405101,sao_paulo|2026_09_11|highest_temperature|c|sbgr,exact,30.0,30.0,30.0,30°C,0.297672,0.135,0.14,0.05,0.00602,0.157672,0.151652,6.099857,3,29.5,29.0,30.5,0.866,17.0,2026-09-10T21:00:00.000Z,PAPER_BUY,model_probability=0.2977; entry=0.1400; gross_edge=0.1577; fee=0.00602; net_ev=0.1517; entry_source=ask; fee_source=market
2026-09-10T21:54:54.626943+00:00,Seattle,KSEA,2026-09-11,highest_temperature,F,4404571,seattle|2026_09_11|highest_temperature|f|ksea,range,,64.0,65.0,64-65°F,0.234964,0.065,0.08,0.05,0.00368,0.154964,0.151284,11.454,3,19.6,19.5,19.8,0.1732,20.0,2026-09-10T21:00:00.000Z,PAPER_BUY,model_probability=0.2350; entry=0.0800; gross_edge=0.1550; fee=0.00368; net_ev=0.1513; entry_source=ask; fee_source=market
2026-09-10T21:54:54.617519+00:00,Beijing,ZBAA,2026-09-11,lowest_temperature,C,4399309,beijing|2026_09_11|lowest_temperature|c|zbaa,exact,14.0,14.0,14.0,14°C,0.150857,0.0005,0.001,0.05,4.995e-05,0.149857,0.149807,998.95005,3,14.9,12.5,16.6,2.1378,13.0,2026-09-10T21:30:00.000Z,PAPER_BUY,model_probability=0.1509; entry=0.0010; gross_edge=0.1499; fee=0.00005; net_ev=0.1498; entry_source=ask; fee_source=market
2026-09-10T21:54:54.624197+00:00,Miami,KMIA,2026-09-11,highest_temperature,F,4401450,miami|2026_09_11|highest_temperature|f|kmia,range,,82.0,83.0,82-83°F,0.153821,0.0025,0.004,0.05,0.0001992,0.149821,0.149622,248.9502,3,30.0,29.8,30.4,0.3464,29.4,2026-09-10T21:00:00.000Z,PAPER_BUY,model_probability=0.1538; entry=0.0040; gross_edge=0.1498; fee=0.00020; net_ev=0.1496; entry_source=ask; fee_source=market
2026-09-10T21:54:54.626643+00:00,Los Angeles,KLAX,2026-09-11,lowest_temperature,F,4404270,los_angeles|2026_09_11|lowest_temperature|f|klax,range,,70.0,71.0,70-71°F,0.38833,0.135,0.23,0.05,0.008855,0.15833,0.149475,3.309326,3,21.2667,20.5,22.8,1.3279,31.1,2026-09-10T21:00:00.000Z,PAPER_BUY,model_probability=0.3883; entry=0.2300; gross_edge=0.1583; fee=0.00886; net_ev=0.1495; entry_source=ask; fee_source=market
2026-09-10T21:54:54.619626+00:00,London,EGLC,2026-09-11,highest_temperature,C,4399952,london|2026_09_11|highest_temperature|c|eglc,exact,21.0,21.0,21.0,21°C,0.201829,0.045,0.05,0.05,0.002375,0.151829,0.149454,18.9525,3,22.1,21.3,23.6,1.3,17.0,2026-09-10T22:00:00.000Z,PAPER_BUY,model_probability=0.2018; entry=0.0500; gross_edge=0.1518; fee=0.00238; net_ev=0.1495; entry_source=ask; fee_source=market
2026-09-10T21:54:54.607811+00:00,Paris,LFPB,2026-09-10,lowest_temperature,C,4355530,paris|2026_09_10|lowest_temperature|c|lfpb,or_lower,7.0,,7.0,7°C or below,0.175324,0.0125,0.025,0.05,0.00121875,0.150324,0.149105,38.95125,3,10.3,8.4,13.7,2.9513,14.0,2026-09-10T21:30:00.000Z,PAPER_BUY,model_probability=0.1753; entry=0.0250; gross_edge=0.1503; fee=0.00122; net_ev=0.1491; entry_source=ask; fee_source=market
2026-09-10T21:54:54.619907+00:00,Seoul (Incheon),RKSI,2026-09-11,highest_temperature,C,4399972,seoul_incheon|2026_09_11|highest_temperature|c|rksi,exact,23.0,23.0,23.0,23°C,0.242856,0.085,0.09,0.05,0.004095,0.152856,0.148761,10.065611,3,23.9333,23.6,24.5,0.4933,16.0,2026-09-10T21:30:00.000Z,PAPER_BUY,model_probability=0.2429; entry=0.0900; gross_edge=0.1529; fee=0.00409; net_ev=0.1488; entry_source=ask; fee_source=market
2026-09-10T21:54:54.609379+00:00,Munich,EDDM,2026-09-10,highest_temperature,C,4356293,munich|2026_09_10|highest_temperature|c|eddm,exact,20.0,20.0,20.0,20°C,0.149498,0.0005,0.001,0.05,4.995e-05,0.148498,0.148448,998.95005,3,18.4667,17.9,18.9,0.5132,12.0,2026-09-10T22:00:00.000Z,PAPER_BUY,model_probability=0.1495; entry=0.0010; gross_edge=0.1485; fee=0.00005; net_ev=0.1484; entry_source=ask; fee_source=market
2026-09-10T21:54:54.639855+00:00,Austin,KAUS,2026-09-12,highest_temperature,F,4434141,austin|2026_09_12|highest_temperature|f|kaus,range,,104.0,105.0,104-105°F,0.220447,0.035,0.07,0.05,0.003255,0.150447,0.147192,13.239214,3,38.6667,37.8,39.1,0.7506,37.2,2026-09-10T21:00:00.000Z,PAPER_BUY,model_probability=0.2204; entry=0.0700; gross_edge=0.1504; fee=0.00326; net_ev=0.1472; entry_source=ask; fee_source=market
2026-09-10T21:54:54.626002+00:00,Chicago,KORD,2026-09-11,highest_temperature,F,4402226,chicago|2026_09_11|highest_temperature|f|kord,range,,82.0,83.0,82-83°F,0.272348,0.115,0.12,0.05,0.00528,0.152348,0.147068,7.289333,3,27.1,25.1,28.1,1.7321,25.0,2026-09-10T22:00:00.000Z,PAPER_BUY,model_probability=0.2723; entry=0.1200; gross_edge=0.1523; fee=0.00528; net_ev=0.1471; entry_source=ask; fee_source=market
2026-09-10T21:54:54.641143+00:00,San Francisco,KSFO,2026-09-12,highest_temperature,F,4436819,san_francisco|2026_09_12|highest_temperature|f|ksfo,range,,74.0,75.0,74-75°F,0.209169,0.03,0.06,0.05,0.00282,0.149169,0.146349,15.619667,3,21.8333,20.3,22.6,1.3279,28.9,2026-09-10T21:00:00.000Z,PAPER_BUY,model_probability=0.2092; entry=0.0600; gross_edge=0.1492; fee=0.00282; net_ev=0.1463; entry_source=ask; fee_source=market
2026-09-10T21:54:54.621872+00:00,Wuhan,ZHHH,2026-09-11,highest_temperature,C,4400155,wuhan|2026_09_11|highest_temperature|c|zhhh,exact,26.0,26.0,26.0,26°C,0.169955,0.0165,0.023,0.05,0.00112355,0.146955,0.145831,42.429411,3,27.4,27.2,27.6,0.2,18.0,2026-09-10T21:00:00.000Z,PAPER_BUY,model_probability=0.1700; entry=0.0230; gross_edge=0.1470; fee=0.00112; net_ev=0.1458; entry_source=ask; fee_source=market
2026-09-10T21:54:54.626462+00:00,Seattle,KSEA,2026-09-11,lowest_temperature,F,4404257,seattle|2026_09_11|lowest_temperature|f|ksea,range,,52.0,53.0,52-53°F,0.414801,0.13,0.26,0.05,0.00962,0.154801,0.145181,2.809154,3,12.1,11.6,13.1,0.866,20.0,2026-09-10T21:00:00.000Z,PAPER_BUY,model_probability=0.4148; entry=0.2600; gross_edge=0.1548; fee=0.00962; net_ev=0.1452; entry_source=ask; fee_source=market
2026-09-10T21:54:54.617540+00:00,Beijing,ZBAA,2026-09-11,lowest_temperature,C,4399311,beijing|2026_09_11|lowest_temperature|c|zbaa,exact,16.0,16.0,16.0,16°C,0.146013,0.0005,0.001,0.05,4.995e-05,0.145013,0.144963,998.95005,3,14.9,12.5,16.6,2.1378,13.0,2026-09-10T21:30:00.000Z,PAPER_BUY,model_probability=0.1460; entry=0.0010; gross_edge=0.1450; fee=0.00005; net_ev=0.1450; entry_source=ask; fee_source=market
2026-09-10T21:54:54.634850+00:00,Singapore,WSSS,2026-09-12,highest_temperature,C,4431304,singapore|2026_09_12|highest_temperature|c|wsss,exact,31.0,31.0,31.0,31°C,0.311529,0.15,0.16,0.05,0.00672,0.151529,0.144809,5.208,3,30.6667,30.1,31.0,0.4933,28.0,2026-09-10T21:30:00.000Z,PAPER_BUY,model_probability=0.3115; entry=0.1600; gross_edge=0.1515; fee=0.00672; net_ev=0.1448; entry_source=ask; fee_source=market
2026-09-10T21:54:54.620396+00:00,Lucknow,VILK,2026-09-11,highest_temperature,C,4400007,lucknow|2026_09_11|highest_temperature|c|vilk,exact,31.0,31.0,31.0,31°C,0.227697,0.07,0.08,0.05,0.00368,0.147697,0.144017,11.454,3,32.0333,31.7,32.2,0.2887,27.0,2026-09-10T21:30:00.000Z,PAPER_BUY,model_probability=0.2277; entry=0.0800; gross_edge=0.1477; fee=0.00368; net_ev=0.1440; entry_source=ask; fee_source=market
2026-09-10T21:54:54.628522+00:00,Toronto,CYYZ,2026-09-11,highest_temperature,C,4405125,toronto|2026_09_11|highest_temperature|c|cyyz,exact,25.0,25.0,25.0,25°C,0.196256,0.045,0.05,0.05,0.002375,0.146256,0.143881,18.9525,3,23.7667,23.3,24.0,0.4041,23.0,2026-09-10T21:00:00.000Z,PAPER_BUY,model_probability=0.1963; entry=0.0500; gross_edge=0.1463; fee=0.00238; net_ev=0.1439; entry_source=ask; fee_source=market
2026-09-10T21:54:54.634092+00:00,Wellington,NZWN,2026-09-12,highest_temperature,C,4431228,wellington|2026_09_12|highest_temperature|c|nzwn,exact,12.0,12.0,12.0,12°C,0.185685,0.035,0.04,0.05,0.00192,0.145685,0.143765,23.952,3,13.3,13.0,13.8,0.4359,11.0,2026-09-10T21:30:00.000Z,PAPER_BUY,model_probability=0.1857; entry=0.0400; gross_edge=0.1457; fee=0.00192; net_ev=0.1438; entry_source=ask; fee_source=market
2026-09-10T21:54:54.635018+00:00,Milan,LIMC,2026-09-12,highest_temperature,C,4431325,milan|2026_09_12|highest_temperature|c|limc,exact,23.0,23.0,23.0,23°C,0.175172,0.02,0.03,0.05,0.001455,0.145172,0.143717,32.284833,3,24.3667,24.1,24.8,0.3786,19.0,2026-09-10T21:20:00.000Z,PAPER_BUY,model_probability=0.1752; entry=0.0300; gross_edge=0.1452; fee=0.00145; net_ev=0.1437; entry_source=ask; fee_source=market
2026-09-10T21:54:54.616134+00:00,Lucknow,VILK,2026-09-11,lowest_temperature,C,4399179,lucknow|2026_09_11|lowest_temperature|c|vilk,exact,28.0,28.0,28.0,28°C,0.144517,0.0005,0.001,0.05,4.995e-05,0.143517,0.143467,998.95005,3,26.4333,26.3,26.6,0.1528,27.0,2026-09-10T21:30:00.000Z,PAPER_BUY,model_probability=0.1445; entry=0.0010; gross_edge=0.1435; fee=0.00005; net_ev=0.1435; entry_source=ask; fee_source=market
2026-09-10T21:54:54.643372+00:00,Panama City,MPMG,2026-09-12,highest_temperature,C,4437538,panama_city|2026_09_12|highest_temperature|c|mpmg,exact,31.0,31.0,31.0,31°C,0.309157,0.155,0.16,0.05,0.00672,0.149157,0.142437,5.208,3,31.3667,30.9,31.9,0.5033,29.0,2026-09-10T21:00:00.000Z,PAPER_BUY,model_probability=0.3092; entry=0.1600; gross_edge=0.1492; fee=0.00672; net_ev=0.1424; entry_source=ask; fee_source=market
2026-09-10T21:54:54.613034+00:00,Los Angeles,KLAX,2026-09-10,lowest_temperature,F,4361524,los_angeles|2026_09_10|lowest_temperature|f|klax,range,,74.0,75.0,74-75°F,0.483039,0.175,0.33,0.05,0.011055,0.153039,0.141984,1.996803,3,23.6333,23.4,24.1,0.4041,31.1,2026-09-10T21:00:00.000Z,PAPER_BUY,model_probability=0.4830; entry=0.3300; gross_edge=0.1530; fee=0.01105; net_ev=0.1420; entry_source=ask; fee_source=market
2026-09-10T21:54:54.610336+00:00,New York City,KLGA,2026-09-10,highest_temperature,F,4358655,new_york_city|2026_09_10|highest_temperature|f|klga,range,,92.0,93.0,92-93°F,0.141966,0.0005,0.001,0.05,4.995e-05,0.140966,0.140916,998.95005,3,31.6,31.4,31.7,0.1732,30.0,2026-09-10T21:00:00.000Z,PAPER_BUY,model_probability=0.1420; entry=0.0010; gross_edge=0.1410; fee=0.00005; net_ev=0.1409; entry_source=ask; fee_source=market
2026-09-10T21:54:54.612050+00:00,Houston,KHOU,2026-09-10,lowest_temperature,F,4358934,houston|2026_09_10|lowest_temperature|f|khou,range,,80.0,81.0,80-81°F,0.141966,0.0005,0.001,0.05,4.995e-05,0.140966,0.140916,998.95005,3,24.9333,23.8,25.5,0.9815,30.6,2026-09-10T21:00:00.000Z,PAPER_BUY,model_probability=0.1420; entry=0.0010; gross_edge=0.1410; fee=0.00005; net_ev=0.1409; entry_source=ask; fee_source=market
2026-09-10T21:54:54.635344+00:00,Warsaw,EPWA,2026-09-12,highest_temperature,C,4431348,warsaw|2026_09_12|highest_temperature|c|epwa,exact,21.0,21.0,21.0,21°C,0.212088,0.055,0.07,0.05,0.003255,0.142088,0.138833,13.239214,3,19.8667,18.7,20.7,1.0408,11.0,2026-09-10T21:30:00.000Z,PAPER_BUY,model_probability=0.2121; entry=0.0700; gross_edge=0.1421; fee=0.00326; net_ev=0.1388; entry_source=ask; fee_source=market
2026-09-10T21:54:54.641131+00:00,San Francisco,KSFO,2026-09-12,highest_temperature,F,4436818,san_francisco|2026_09_12|highest_temperature|f|ksfo,range,,72.0,73.0,72-73°F,0.356896,0.105,0.21,0.05,0.008295,0.146896,0.138601,3.722405,3,21.8333,20.3,22.6,1.3279,28.9,2026-09-10T21:00:00.000Z,PAPER_BUY,model_probability=0.3569; entry=0.2100; gross_edge=0.1469; fee=0.00830; net_ev=0.1386; entry_source=ask; fee_source=market
2026-09-10T21:54:54.608911+00:00,Cape Town,FACT,2026-09-10,lowest_temperature,C,4355892,cape_town|2026_09_10|lowest_temperature|c|fact,exact,16.0,16.0,16.0,16°C,0.1396,0.0005,0.001,0.05,4.995e-05,0.1386,0.13855,998.95005,3,14.4,13.9,15.0,0.5568,16.0,2026-09-10T21:00:00.000Z,PAPER_BUY,model_probability=0.1396; entry=0.0010; gross_edge=0.1386; fee=0.00005; net_ev=0.1385; entry_source=ask; fee_source=market
2026-09-10T21:54:54.610129+00:00,Cape Town,FACT,2026-09-10,highest_temperature,C,4356543,cape_town|2026_09_10|highest_temperature|c|fact,exact,21.0,21.0,21.0,21°C,0.1396,0.0005,0.001,0.05,4.995e-05,0.1386,0.13855,998.95005,3,19.4,19.1,19.8,0.3606,16.0,2026-09-10T21:00:00.000Z,PAPER_BUY,model_probability=0.1396; entry=0.0010; gross_edge=0.1386; fee=0.00005; net_ev=0.1385; entry_source=ask; fee_source=market
2026-09-10T21:54:54.635146+00:00,Madrid,LEMD,2026-09-12,highest_temperature,C,4431334,madrid|2026_09_12|highest_temperature|c|lemd,exact,30.0,30.0,30.0,30°C,0.180418,0.025,0.04,0.05,0.00192,0.140418,0.138498,23.952,3,31.3333,31.3,31.4,0.0577,20.0,2026-09-10T21:30:00.000Z,PAPER_BUY,model_probability=0.1804; entry=0.0400; gross_edge=0.1404; fee=0.00192; net_ev=0.1385; entry_source=ask; fee_source=market
2026-09-10T21:54:54.622699+00:00,Helsinki,EFHK,2026-09-11,highest_temperature,C,4400238,helsinki|2026_09_11|highest_temperature|c|efhk,exact,18.0,18.0,18.0,18°C,0.242856,0.09,0.1,0.05,0.0045,0.142856,0.138356,8.955,3,17.0667,16.8,17.4,0.3055,12.0,2026-09-10T22:00:00.000Z,PAPER_BUY,model_probability=0.2429; entry=0.1000; gross_edge=0.1429; fee=0.00450; net_ev=0.1384; entry_source=ask; fee_source=market
2026-09-10T21:54:54.637927+00:00,Chicago,KORD,2026-09-12,highest_temperature,F,4433729,chicago|2026_09_12|highest_temperature|f|kord,range,,88.0,89.0,88-89°F,0.210951,0.05,0.07,0.05,0.003255,0.140951,0.137696,13.239214,3,29.7333,28.8,30.2,0.8083,25.0,2026-09-10T22:00:00.000Z,PAPER_BUY,model_probability=0.2110; entry=0.0700; gross_edge=0.1410; fee=0.00326; net_ev=0.1377; entry_source=ask; fee_source=market
2026-09-10T21:54:54.615693+00:00,Seoul (Incheon),RKSI,2026-09-11,lowest_temperature,C,4399146,seoul_incheon|2026_09_11|lowest_temperature|c|rksi,exact,18.0,18.0,18.0,18°C,0.138646,0.0005,0.001,0.05,4.995e-05,0.137646,0.137596,998.95005,3,17.7333,14.9,19.5,2.4786,16.0,2026-09-10T21:30:00.000Z,PAPER_BUY,model_probability=0.1386; entry=0.0010; gross_edge=0.1376; fee=0.00005; net_ev=0.1376; entry_source=ask; fee_source=market
2026-09-10T21:54:54.628855+00:00,Panama City,MPMG,2026-09-11,highest_temperature,C,4405145,panama_city|2026_09_11|highest_temperature|c|mpmg,exact,29.0,29.0,29.0,29°C,0.168711,0.025,0.03,0.05,0.001455,0.138711,0.137256,32.284833,3,30.4333,29.7,31.8,1.1846,29.0,2026-09-10T21:00:00.000Z,PAPER_BUY,model_probability=0.1687; entry=0.0300; gross_edge=0.1387; fee=0.00145; net_ev=0.1373; entry_source=ask; fee_source=market
2026-09-10T21:54:54.615682+00:00,Seoul (Incheon),RKSI,2026-09-11,lowest_temperature,C,4399145,seoul_incheon|2026_09_11|lowest_temperature|c|rksi,exact,17.0,17.0,17.0,17°C,0.13476,0.0005,0.001,0.05,4.995e-05,0.13376,0.13371,998.95005,3,17.7333,14.9,19.5,2.4786,16.0,2026-09-10T21:30:00.000Z,PAPER_BUY,model_probability=0.1348; entry=0.0010; gross_edge=0.1338; fee=0.00005; net_ev=0.1337; entry_source=ask; fee_source=market
2026-09-10T21:54:54.608071+00:00,Munich,EDDM,2026-09-10,lowest_temperature,C,4355587,munich|2026_09_10|lowest_temperature|c|eddm,exact,8.0,8.0,8.0,8°C,0.134751,0.0005,0.001,0.05,4.995e-05,0.133751,0.133701,998.95005,3,9.6333,8.8,10.4,0.8021,12.0,2026-09-10T22:00:00.000Z,PAPER_BUY,model_probability=0.1348; entry=0.0010; gross_edge=0.1338; fee=0.00005; net_ev=0.1337; entry_source=ask; fee_source=market
2026-09-10T21:54:54.616460+00:00,Tokyo,RJTT,2026-09-11,lowest_temperature,C,4399213,tokyo|2026_09_11|lowest_temperature|c|rjtt,exact,21.0,21.0,21.0,21°C,0.134751,0.0005,0.001,0.05,4.995e-05,0.133751,0.133701,998.95005,3,19.3667,19.0,19.6,0.3215,19.0,2026-09-10T21:30:00.000Z,PAPER_BUY,model_probability=0.1348; entry=0.0010; gross_edge=0.1338; fee=0.00005; net_ev=0.1337; entry_source=ask; fee_source=market
2026-09-10T21:54:54.616558+00:00,Shanghai,ZSPD,2026-09-11,lowest_temperature,C,4399230,shanghai|2026_09_11|lowest_temperature|c|zspd,exact,21.0,21.0,21.0,21°C,0.185913,0.03,0.05,0.05,0.002375,0.135913,0.133538,18.9525,3,22.3,21.1,23.1,1.0583,24.0,2026-09-10T21:30:00.000Z,PAPER_BUY,model_probability=0.1859; entry=0.0500; gross_edge=0.1359; fee=0.00238; net_ev=0.1335; entry_source=ask; fee_source=market
2026-09-10T21:54:54.612694+00:00,Houston,KHOU,2026-09-10,highest_temperature,F,4359170,houston|2026_09_10|highest_temperature|f|khou,range,,86.0,87.0,86-87°F,0.13437,0.0005,0.001,0.05,4.995e-05,0.13337,0.13332,998.95005,3,32.3333,31.4,32.8,0.8083,30.6,2026-09-10T21:00:00.000Z,PAPER_BUY,model_probability=0.1344; entry=0.0010; gross_edge=0.1334; fee=0.00005; net_ev=0.1333; entry_source=ask; fee_source=market
2026-09-10T21:54:54.627172+00:00,Los Angeles,KLAX,2026-09-11,highest_temperature,F,4404588,los_angeles|2026_09_11|highest_temperature|f|klax,range,,88.0,89.0,88-89°F,0.227257,0.06,0.09,0.05,0.004095,0.137257,0.133162,10.065611,3,31.8333,30.5,34.5,2.3094,31.1,2026-09-10T21:00:00.000Z,PAPER_BUY,model_probability=0.2273; entry=0.0900; gross_edge=0.1373; fee=0.00409; net_ev=0.1332; entry_source=ask; fee_source=market
2026-09-10T21:54:54.622519+00:00,Amsterdam,EHAM,2026-09-11,highest_temperature,C,4400224,amsterdam|2026_09_11|highest_temperature|c|eham,exact,19.0,19.0,19.0,19°C,0.247769,0.105,0.11,0.05,0.004895,0.137769,0.132874,8.046409,3,19.9,19.2,20.8,0.8185,16.0,2026-09-10T21:25:00.000Z,PAPER_BUY,model_probability=0.2478; entry=0.1100; gross_edge=0.1378; fee=0.00490; net_ev=0.1329; entry_source=ask; fee_source=market
2026-09-10T21:54:54.623256+00:00,Guangzhou,ZGGG,2026-09-11,highest_temperature,C,4400277,guangzhou|2026_09_11|highest_temperature|c|zggg,exact,29.0,29.0,29.0,29°C,0.134751,0.0015,0.002,0.05,9.98e-05,0.132751,0.132651,498.9501,3,30.6333,30.3,31.0,0.3512,25.0,2026-09-10T21:30:00.000Z,PAPER_BUY,model_probability=0.1348; entry=0.0020; gross_edge=0.1328; fee=0.00010; net_ev=0.1327; entry_source=ask; fee_source=market
2026-09-10T21:54:54.639967+00:00,Denver,KBKF,2026-09-12,highest_temperature,F,4434148,denver|2026_09_12|highest_temperature|f|kbkf,range,,78.0,79.0,78-79°F,0.21568,0.04,0.08,0.05,0.00368,0.13568,0.132,11.454,3,27.4667,27.1,28.2,0.6351,30.4,2026-09-10T21:00:00.000Z,PAPER_BUY,model_probability=0.2157; entry=0.0800; gross_edge=0.1357; fee=0.00368; net_ev=0.1320; entry_source=ask; fee_source=market
2026-09-10T21:54:54.620956+00:00,Singapore,WSSS,2026-09-11,highest_temperature,C,4400070,singapore|2026_09_11|highest_temperature|c|wsss,exact,28.0,28.0,28.0,28°C,0.131991,0.0005,0.001,0.05,4.995e-05,0.130991,0.130942,998.95005,3,29.8333,28.6,31.6,1.5695,28.0,2026-09-10T21:30:00.000Z,PAPER_BUY,model_probability=0.1320; entry=0.0010; gross_edge=0.1310; fee=0.00005; net_ev=0.1309; entry_source=ask; fee_source=market
2026-09-10T21:54:54.620798+00:00,Shanghai,ZSPD,2026-09-11,highest_temperature,C,4400058,shanghai|2026_09_11|highest_temperature|c|zspd,exact,26.0,26.0,26.0,26°C,0.142347,0.007,0.011,0.05,0.00054395,0.131347,0.130803,89.859641,3,27.7,26.2,29.1,1.4526,24.0,2026-09-10T21:30:00.000Z,PAPER_BUY,model_probability=0.1423; entry=0.0110; gross_edge=0.1313; fee=0.00054; net_ev=0.1308; entry_source=ask; fee_source=market
2026-09-10T21:54:54.607901+00:00,Paris,LFPB,2026-09-10,lowest_temperature,C,4355533,paris|2026_09_10|lowest_temperature|c|lfpb,exact,10.0,10.0,10.0,10°C,0.131714,0.0005,0.001,0.05,4.995e-05,0.130714,0.130664,998.95005,3,10.3,8.4,13.7,2.9513,14.0,2026-09-10T21:30:00.000Z,PAPER_BUY,model_probability=0.1317; entry=0.0010; gross_edge=0.1307; fee=0.00005; net_ev=0.1307; entry_source=ask; fee_source=market
2026-09-10T21:54:54.616729+00:00,Singapore,WSSS,2026-09-11,lowest_temperature,C,4399243,singapore|2026_09_11|lowest_temperature|c|wsss,exact,25.0,25.0,25.0,25°C,0.149994,0.015,0.02,0.05,0.00098,0.129994,0.129014,48.951,3,26.5333,25.5,27.6,1.0504,28.0,2026-09-10T21:30:00.000Z,PAPER_BUY,model_probability=0.1500; entry=0.0200; gross_edge=0.1300; fee=0.00098; net_ev=0.1290; entry_source=ask; fee_source=market
2026-09-10T21:54:54.609980+00:00,Amsterdam,EHAM,2026-09-10,highest_temperature,C,4356499,amsterdam|2026_09_10|highest_temperature|c|eham,exact,21.0,21.0,21.0,21°C,0.129976,0.0005,0.001,0.05,4.995e-05,0.128976,0.128926,998.95005,3,19.3333,18.7,20.2,0.7767,16.0,2026-09-10T21:25:00.000Z,PAPER_BUY,model_probability=0.1300; entry=0.0010; gross_edge=0.1290; fee=0.00005; net_ev=0.1289; entry_source=ask; fee_source=market
2026-09-10T21:54:54.618579+00:00,Kuala Lumpur,WMKK,2026-09-11,lowest_temperature,C,4399409,kuala_lumpur|2026_09_11|lowest_temperature|c|wmkk,exact,26.0,26.0,26.0,26°C,0.129976,0.0005,0.001,0.05,4.995e-05,0.128976,0.128926,998.95005,3,24.3333,24.2,24.4,0.1155,25.0,2026-09-10T21:30:00.000Z,PAPER_BUY,model_probability=0.1300; entry=0.0010; gross_edge=0.1290; fee=0.00005; net_ev=0.1289; entry_source=ask; fee_source=market
2026-09-10T21:54:54.623710+00:00,Manila,RPLL,2026-09-11,highest_temperature,C,4400310,manila|2026_09_11|highest_temperature|c|rpll,exact,27.0,27.0,27.0,27°C,0.149498,0.015,0.02,0.05,0.00098,0.129498,0.128518,48.951,3,28.5333,28.2,29.0,0.4163,25.0,2026-09-10T21:00:00.000Z,PAPER_BUY,model_probability=0.1495; entry=0.0200; gross_edge=0.1295; fee=0.00098; net_ev=0.1285; entry_source=ask; fee_source=market
2026-09-10T21:54:54.607920+00:00,Paris,LFPB,2026-09-10,lowest_temperature,C,4355534,paris|2026_09_10|lowest_temperature|c|lfpb,exact,11.0,11.0,11.0,11°C,0.128845,0.0005,0.001,0.05,4.995e-05,0.127845,0.127795,998.95005,3,10.3,8.4,13.7,2.9513,14.0,2026-09-10T21:30:00.000Z,PAPER_BUY,model_probability=0.1288; entry=0.0010; gross_edge=0.1278; fee=0.00005; net_ev=0.1278; entry_source=ask; fee_source=market
2026-09-10T21:54:54.614591+00:00,Sao Paulo,SBGR,2026-09-10,highest_temperature,C,4363744,sao_paulo|2026_09_10|highest_temperature|c|sbgr,exact,21.0,21.0,21.0,21°C,0.128392,0.0005,0.001,0.05,4.995e-05,0.127392,0.127342,998.95005,3,22.8667,21.3,24.8,1.7786,17.0,2026-09-10T21:00:00.000Z,PAPER_BUY,model_probability=0.1284; entry=0.0010; gross_edge=0.1274; fee=0.00005; net_ev=0.1273; entry_source=ask; fee_source=market
2026-09-10T21:54:54.637308+00:00,Qingdao,ZSQD,2026-09-12,highest_temperature,C,4431527,qingdao|2026_09_12|highest_temperature|c|zsqd,exact,28.0,28.0,28.0,28°C,0.313691,0.165,0.18,0.05,0.00738,0.133691,0.126311,4.514556,3,28.3,27.6,28.9,0.6557,14.0,2026-09-10T21:00:00.000Z,PAPER_BUY,model_probability=0.3137; entry=0.1800; gross_edge=0.1337; fee=0.00738; net_ev=0.1263; entry_source=ask; fee_source=market
2026-09-10T21:54:54.616591+00:00,Shanghai,ZSPD,2026-09-11,lowest_temperature,C,4399233,shanghai|2026_09_11|lowest_temperature|c|zspd,exact,24.0,24.0,24.0,24°C,0.126738,0.0005,0.001,0.05,4.995e-05,0.125738,0.125688,998.95005,3,22.3,21.1,23.1,1.0583,24.0,2026-09-10T21:30:00.000Z,PAPER_BUY,model_probability=0.1267; entry=0.0010; gross_edge=0.1257; fee=0.00005; net_ev=0.1257; entry_source=ask; fee_source=market
2026-09-10T21:54:54.615704+00:00,Seoul (Incheon),RKSI,2026-09-11,lowest_temperature,C,4399147,seoul_incheon|2026_09_11|lowest_temperature|c|rksi,exact,19.0,19.0,19.0,19°C,0.126282,0.0005,0.001,0.05,4.995e-05,0.125282,0.125233,998.95005,3,17.7333,14.9,19.5,2.4786,16.0,2026-09-10T21:30:00.000Z,PAPER_BUY,model_probability=0.1263; entry=0.0010; gross_edge=0.1253; fee=0.00005; net_ev=0.1252; entry_source=ask; fee_source=market
2026-09-10T21:54:54.632458+00:00,Jeddah,OEJN,2026-09-12,lowest_temperature,C,4430671,jeddah|2026_09_12|lowest_temperature|c|oejn,exact,29.0,29.0,29.0,29°C,0.322608,0.115,0.19,0.05,0.007695,0.132608,0.124913,4.222658,3,28.9333,28.3,29.5,0.6028,32.0,2026-09-10T21:00:00.000Z,PAPER_BUY,model_probability=0.3226; entry=0.1900; gross_edge=0.1326; fee=0.00770; net_ev=0.1249; entry_source=ask; fee_source=market
2026-09-10T21:54:54.634281+00:00,Lucknow,VILK,2026-09-12,highest_temperature,C,4431241,lucknow|2026_09_12|highest_temperature|c|vilk,exact,32.0,32.0,32.0,32°C,0.322608,0.175,0.19,0.05,0.007695,0.132608,0.124913,4.222658,3,31.9333,31.4,32.8,0.7572,27.0,2026-09-10T21:30:00.000Z,PAPER_BUY,model_probability=0.3226; entry=0.1900; gross_edge=0.1326; fee=0.00770; net_ev=0.1249; entry_source=ask; fee_source=market
2026-09-10T21:54:54.615529+00:00,Paris,LFPB,2026-09-11,lowest_temperature,C,4399134,paris|2026_09_11|lowest_temperature|c|lfpb,exact,15.0,15.0,15.0,15°C,0.135061,0.0055,0.01,0.05,0.000495,0.125061,0.124566,98.9505,3,14.3667,12.5,17.2,2.4947,14.0,2026-09-10T21:30:00.000Z,PAPER_BUY,model_probability=0.1351; entry=0.0100; gross_edge=0.1251; fee=0.00049; net_ev=0.1246; entry_source=ask; fee_source=market
2026-09-10T21:54:54.620683+00:00,Tokyo,RJTT,2026-09-11,highest_temperature,C,4400039,tokyo|2026_09_11|highest_temperature|c|rjtt,exact,19.0,19.0,19.0,19°C,0.125279,0.0005,0.001,0.05,4.995e-05,0.124279,0.124229,998.95005,3,20.7,20.3,20.9,0.3464,19.0,2026-09-10T21:30:00.000Z,PAPER_BUY,model_probability=0.1253; entry=0.0010; gross_edge=0.1243; fee=0.00005; net_ev=0.1242; entry_source=ask; fee_source=market
2026-09-10T21:54:54.623733+00:00,Manila,RPLL,2026-09-11,highest_temperature,C,4400312,manila|2026_09_11|highest_temperature|c|rpll,exact,29.0,29.0,29.0,29°C,0.300831,0.15,0.17,0.05,0.007055,0.130831,0.123776,4.840853,3,28.5333,28.2,29.0,0.4163,25.0,2026-09-10T21:00:00.000Z,PAPER_BUY,model_probability=0.3008; entry=0.1700; gross_edge=0.1308; fee=0.00706; net_ev=0.1238; entry_source=ask; fee_source=market
2026-09-10T21:54:54.609820+00:00,Warsaw,EPWA,2026-09-10,highest_temperature,C,4356388,warsaw|2026_09_10|highest_temperature|c|epwa,exact,21.0,21.0,21.0,21°C,0.122175,0.0005,0.001,0.05,4.995e-05,0.121175,0.121125,998.95005,3,19.1667,17.8,20.1,1.2097,11.0,2026-09-10T21:30:00.000Z,PAPER_BUY,model_probability=0.1222; entry=0.0010; gross_edge=0.1212; fee=0.00005; net_ev=0.1211; entry_source=ask; fee_source=market
2026-09-10T21:54:54.630973+00:00,Warsaw,EPWA,2026-09-12,lowest_temperature,C,4430508,warsaw|2026_09_12|lowest_temperature|c|epwa,exact,12.0,12.0,12.0,12°C,0.287135,0.08,0.16,0.05,0.00672,0.127135,0.120415,5.208,3,11.4,11.1,11.6,0.2646,11.0,2026-09-10T21:30:00.000Z,PAPER_BUY,model_probability=0.2871; entry=0.1600; gross_edge=0.1271; fee=0.00672; net_ev=0.1204; entry_source=ask; fee_source=market
2026-09-10T21:54:54.619497+00:00,Manila,RPLL,2026-09-11,lowest_temperature,C,4399477,manila|2026_09_11|lowest_temperature|c|rpll,exact,27.0,27.0,27.0,27°C,0.120663,0.0005,0.001,0.05,4.995e-05,0.119663,0.119613,998.95005,3,25.2667,24.3,26.0,0.8737,25.0,2026-09-10T21:00:00.000Z,PAPER_BUY,model_probability=0.1207; entry=0.0010; gross_edge=0.1197; fee=0.00005; net_ev=0.1196; entry_source=ask; fee_source=market
2026-09-10T21:54:54.607709+00:00,London,EGLC,2026-09-10,lowest_temperature,C,4355526,london|2026_09_10|lowest_temperature|c|eglc,exact,12.0,12.0,12.0,12°C,0.124144,0.0025,0.005,0.05,0.00024875,0.119144,0.118895,198.95025,3,13.7333,12.5,14.5,1.0786,17.0,2026-09-10T22:00:00.000Z,PAPER_BUY,model_probability=0.1241; entry=0.0050; gross_edge=0.1191; fee=0.00025; net_ev=0.1189; entry_source=ask; fee_source=market
2026-09-10T21:54:54.633800+00:00,Seoul (Incheon),RKSI,2026-09-12,highest_temperature,C,4431207,seoul_incheon|2026_09_12|highest_temperature|c|rksi,exact,24.0,24.0,24.0,24°C,0.294331,0.16,0.17,0.05,0.007055,0.124331,0.117276,4.840853,3,24.5333,23.9,25.4,0.7767,16.0,2026-09-10T21:30:00.000Z,PAPER_BUY,model_probability=0.2943; entry=0.1700; gross_edge=0.1243; fee=0.00706; net_ev=0.1173; entry_source=ask; fee_source=market
2026-09-10T21:54:54.634679+00:00,Shanghai,ZSPD,2026-09-12,highest_temperature,C,4431291,shanghai|2026_09_12|highest_temperature|c|zspd,exact,26.0,26.0,26.0,26°C,0.126738,0.0065,0.01,0.05,0.000495,0.116738,0.116243,98.9505,3,27.7,26.5,28.5,1.0583,24.0,2026-09-10T21:30:00.000Z,PAPER_BUY,model_probability=0.1267; entry=0.0100; gross_edge=0.1167; fee=0.00049; net_ev=0.1162; entry_source=ask; fee_source=market
2026-09-10T21:54:54.623569+00:00,Karachi,OPKC,2026-09-11,highest_temperature,C,4400300,karachi|2026_09_11|highest_temperature|c|opkc,exact,31.0,31.0,31.0,31°C,0.138445,0.012,0.022,0.05,0.0010758,0.116445,0.115369,44.405645,3,32.6333,30.5,34.0,1.8717,27.0,2026-09-10T21:30:00.000Z,PAPER_BUY,model_probability=0.1384; entry=0.0220; gross_edge=0.1164; fee=0.00108; net_ev=0.1154; entry_source=ask; fee_source=market
2026-09-10T21:54:54.634377+00:00,Munich,EDDM,2026-09-12,highest_temperature,C,4431247,munich|2026_09_12|highest_temperature|c|eddm,exact,20.0,20.0,20.0,20°C,0.1396,0.0135,0.025,0.05,0.00121875,0.1146,0.113381,38.95125,3,21.6,21.3,21.8,0.2646,12.0,2026-09-10T22:00:00.000Z,PAPER_BUY,model_probability=0.1396; entry=0.0250; gross_edge=0.1146; fee=0.00122; net_ev=0.1134; entry_source=ask; fee_source=market
2026-09-10T21:54:54.628211+00:00,Sao Paulo,SBGR,2026-09-11,highest_temperature,C,4405102,sao_paulo|2026_09_11|highest_temperature|c|sbgr,exact,31.0,31.0,31.0,31°C,0.154538,0.035,0.04,0.05,0.00192,0.114538,0.112618,23.952,3,29.5,29.0,30.5,0.866,17.0,2026-09-10T21:00:00.000Z,PAPER_BUY,model_probability=0.1545; entry=0.0400; gross_edge=0.1145; fee=0.00192; net_ev=0.1126; entry_source=ask; fee_source=market
2026-09-10T21:54:54.626619+00:00,Los Angeles,KLAX,2026-09-11,lowest_temperature,F,4404268,los_angeles|2026_09_11|lowest_temperature|f|klax,range,,66.0,67.0,66-67°F,0.163538,0.025,0.05,0.05,0.002375,0.113538,0.111163,18.9525,3,21.2667,20.5,22.8,1.3279,31.1,2026-09-10T21:00:00.000Z,PAPER_BUY,model_probability=0.1635; entry=0.0500; gross_edge=0.1135; fee=0.00238; net_ev=0.1112; entry_source=ask; fee_source=market
2026-09-10T21:54:54.613057+00:00,Los Angeles,KLAX,2026-09-10,lowest_temperature,F,4361526,los_angeles|2026_09_10|lowest_temperature|f|klax,range,,78.0,79.0,78-79°F,0.11143,0.0005,0.001,0.05,4.995e-05,0.11043,0.11038,998.95005,3,23.6333,23.4,24.1,0.4041,31.1,2026-09-10T21:00:00.000Z,PAPER_BUY,model_probability=0.1114; entry=0.0010; gross_edge=0.1104; fee=0.00005; net_ev=0.1104; entry_source=ask; fee_source=market
2026-09-10T21:54:54.620577+00:00,Munich,EDDM,2026-09-11,highest_temperature,C,4400021,munich|2026_09_11|highest_temperature|c|eddm,exact,19.0,19.0,19.0,19°C,0.287135,0.165,0.17,0.05,0.007055,0.117135,0.11008,4.840853,3,19.6,18.7,20.1,0.781,12.0,2026-09-10T22:00:00.000Z,PAPER_BUY,model_probability=0.2871; entry=0.1700; gross_edge=0.1171; fee=0.00706; net_ev=0.1101; entry_source=ask; fee_source=market
2026-09-10T21:54:54.622805+00:00,Kuala Lumpur,WMKK,2026-09-11,highest_temperature,C,4400245,kuala_lumpur|2026_09_11|highest_temperature|c|wmkk,exact,28.0,28.0,28.0,28°C,0.129976,0.0115,0.02,0.05,0.00098,0.109976,0.108996,48.951,3,29.6667,28.9,30.6,0.8622,25.0,2026-09-10T21:30:00.000Z,PAPER_BUY,model_probability=0.1300; entry=0.0200; gross_edge=0.1100; fee=0.00098; net_ev=0.1090; entry_source=ask; fee_source=market
2026-09-10T21:54:54.620566+00:00,Munich,EDDM,2026-09-11,highest_temperature,C,4400020,munich|2026_09_11|highest_temperature|c|eddm,exact,18.0,18.0,18.0,18°C,0.1396,0.02,0.03,0.05,0.001455,0.1096,0.108145,32.284833,3,19.6,18.7,20.1,0.781,12.0,2026-09-10T22:00:00.000Z,PAPER_BUY,model_probability=0.1396; entry=0.0300; gross_edge=0.1096; fee=0.00145; net_ev=0.1081; entry_source=ask; fee_source=market
2026-09-10T21:54:54.633789+00:00,Seoul (Incheon),RKSI,2026-09-12,highest_temperature,C,4431206,seoul_incheon|2026_09_12|highest_temperature|c|rksi,exact,23.0,23.0,23.0,23°C,0.149498,0.035,0.04,0.05,0.00192,0.109498,0.107578,23.952,3,24.5333,23.9,25.4,0.7767,16.0,2026-09-10T21:30:00.000Z,PAPER_BUY,model_probability=0.1495; entry=0.0400; gross_edge=0.1095; fee=0.00192; net_ev=0.1076; entry_source=ask; fee_source=market
2026-09-10T21:54:54.615063+00:00,Mexico City,MMMX,2026-09-10,highest_temperature,C,4363781,mexico_city|2026_09_10|highest_temperature|c|mmmx,exact,23.0,23.0,23.0,23°C,0.107339,0.0005,0.001,0.05,4.995e-05,0.106339,0.106289,998.95005,3,24.8333,23.8,25.6,0.9292,23.0,2026-09-10T21:45:00.000Z,PAPER_BUY,model_probability=0.1073; entry=0.0010; gross_edge=0.1063; fee=0.00005; net_ev=0.1063; entry_source=ask; fee_source=market
2026-09-10T21:54:54.626955+00:00,Seattle,KSEA,2026-09-11,highest_temperature,F,4404572,seattle|2026_09_11|highest_temperature|f|ksea,range,,66.0,67.0,66-67°F,0.456533,0.33,0.34,0.05,0.01122,0.116533,0.105313,1.908176,3,19.6,19.5,19.8,0.1732,20.0,2026-09-10T21:00:00.000Z,PAPER_BUY,model_probability=0.4565; entry=0.3400; gross_edge=0.1165; fee=0.01122; net_ev=0.1053; entry_source=ask; fee_source=market
2026-09-10T21:54:54.638190+00:00,Dallas,KDAL,2026-09-12,lowest_temperature,F,4433903,dallas|2026_09_12|lowest_temperature|f|kdal,range,,74.0,75.0,74-75°F,0.15654,0.025,0.05,0.05,0.002375,0.10654,0.104165,18.9525,3,25.8667,25.0,27.6,1.5011,36.7,2026-09-10T21:00:00.000Z,PAPER_BUY,model_probability=0.1565; entry=0.0500; gross_edge=0.1065; fee=0.00238; net_ev=0.1042; entry_source=ask; fee_source=market
2026-09-10T21:54:54.638506+00:00,Miami,KMIA,2026-09-12,lowest_temperature,F,4433925,miami|2026_09_12|lowest_temperature|f|kmia,range,,76.0,77.0,76-77°F,0.402563,0.145,0.29,0.05,0.010295,0.112563,0.102268,2.412776,3,25.5,25.1,26.3,0.6928,29.4,2026-09-10T21:00:00.000Z,PAPER_BUY,model_probability=0.4026; entry=0.2900; gross_edge=0.1126; fee=0.01029; net_ev=0.1023; entry_source=ask; fee_source=market
2026-09-10T21:54:54.609616+00:00,Madrid,LEMD,2026-09-10,highest_temperature,C,4356370,madrid|2026_09_10|highest_temperature|c|lemd,exact,25.0,25.0,25.0,25°C,0.103083,0.0005,0.001,0.05,4.995e-05,0.102083,0.102033,998.95005,3,26.8667,26.4,27.7,0.7234,20.0,2026-09-10T21:30:00.000Z,PAPER_BUY,model_probability=0.1031; entry=0.0010; gross_edge=0.1021; fee=0.00005; net_ev=0.1020; entry_source=ask; fee_source=market
2026-09-10T21:54:54.625968+00:00,Chicago,KORD,2026-09-11,highest_temperature,F,4402223,chicago|2026_09_11|highest_temperature|f|kord,range,,76.0,77.0,76-77°F,0.154338,0.035,0.05,0.05,0.002375,0.104338,0.101963,18.9525,3,27.1,25.1,28.1,1.7321,25.0,2026-09-10T22:00:00.000Z,PAPER_BUY,model_probability=0.1543; entry=0.0500; gross_edge=0.1043; fee=0.00238; net_ev=0.1020; entry_source=ask; fee_source=market
2026-09-10T21:54:54.608418+00:00,Madrid,LEMD,2026-09-10,lowest_temperature,C,4355694,madrid|2026_09_10|lowest_temperature|c|lemd,exact,14.0,14.0,14.0,14°C,0.102571,0.0005,0.001,0.05,4.995e-05,0.101571,0.101521,998.95005,3,11.9333,11.1,13.4,1.2741,20.0,2026-09-10T21:30:00.000Z,PAPER_BUY,model_probability=0.1026; entry=0.0010; gross_edge=0.1016; fee=0.00005; net_ev=0.1015; entry_source=ask; fee_source=market
2026-09-10T21:54:54.618085+00:00,Busan,RKPK,2026-09-11,lowest_temperature,C,4399373,busan|2026_09_11|lowest_temperature|c|rkpk,exact,17.0,17.0,17.0,17°C,0.11169,0.0055,0.01,0.05,0.000495,0.10169,0.101195,98.9505,3,18.8,18.2,19.3,0.5568,19.0,2026-09-10T21:00:00.000Z,PAPER_BUY,model_probability=0.1117; entry=0.0100; gross_edge=0.1017; fee=0.00049; net_ev=0.1012; entry_source=ask; fee_source=market
2026-09-10T21:54:54.620066+00:00,Ankara,LTAC,2026-09-11,highest_temperature,C,4399984,ankara|2026_09_11|highest_temperature|c|ltac,exact,28.0,28.0,28.0,28°C,0.11169,0.0055,0.01,0.05,0.000495,0.10169,0.101195,98.9505,3,29.8,29.3,30.4,0.5568,17.0,2026-09-10T21:20:00.000Z,PAPER_BUY,model_probability=0.1117; entry=0.0100; gross_edge=0.1017; fee=0.00049; net_ev=0.1012; entry_source=ask; fee_source=market
2026-09-10T21:54:54.615870+00:00,Ankara,LTAC,2026-09-11,lowest_temperature,C,4399160,ankara|2026_09_11|lowest_temperature|c|ltac,exact,18.0,18.0,18.0,18°C,0.102226,0.0005,0.001,0.05,4.995e-05,0.101226,0.101176,998.95005,3,15.8333,12.8,17.8,2.6652,17.0,2026-09-10T21:20:00.000Z,PAPER_BUY,model_probability=0.1022; entry=0.0010; gross_edge=0.1012; fee=0.00005; net_ev=0.1012; entry_source=ask; fee_source=market
2026-09-10T21:54:54.636641+00:00,Kuala Lumpur,WMKK,2026-09-12,highest_temperature,C,4431477,kuala_lumpur|2026_09_12|highest_temperature|c|wmkk,exact,27.0,27.0,27.0,27°C,0.105426,0.004,0.005,0.05,0.00024875,0.100426,0.100177,198.95025,3,29.0333,24.9,31.2,3.581,25.0,2026-09-10T21:30:00.000Z,PAPER_BUY,model_probability=0.1054; entry=0.0050; gross_edge=0.1004; fee=0.00025; net_ev=0.1002; entry_source=ask; fee_source=market
2026-09-10T21:54:54.619798+00:00,Paris,LFPB,2026-09-11,highest_temperature,C,4399965,paris|2026_09_11|highest_temperature|c|lfpb,exact,26.0,26.0,26.0,26°C,0.151215,0.04,0.05,0.05,0.002375,0.101215,0.09884,18.9525,3,24.4,23.5,26.0,1.3892,14.0,2026-09-10T21:30:00.000Z,PAPER_BUY,model_probability=0.1512; entry=0.0500; gross_edge=0.1012; fee=0.00238; net_ev=0.0988; entry_source=ask; fee_source=market
2026-09-10T21:54:54.639658+00:00,Miami,KMIA,2026-09-12,highest_temperature,F,4434127,miami|2026_09_12|highest_temperature|f|kmia,range,,86.0,87.0,86-87°F,0.182326,0.075,0.08,0.05,0.00368,0.102326,0.098646,11.454,3,31.7333,28.6,33.3,2.7135,29.4,2026-09-10T21:00:00.000Z,PAPER_BUY,model_probability=0.1823; entry=0.0800; gross_edge=0.1023; fee=0.00368; net_ev=0.0986; entry_source=ask; fee_source=market
2026-09-10T21:54:54.634827+00:00,Singapore,WSSS,2026-09-12,highest_temperature,C,4431302,singapore|2026_09_12|highest_temperature|c|wsss,exact,29.0,29.0,29.0,29°C,0.129976,0.02,0.03,0.05,0.001455,0.099976,0.098521,32.284833,3,30.6667,30.1,31.0,0.4933,28.0,2026-09-10T21:30:00.000Z,PAPER_BUY,model_probability=0.1300; entry=0.0300; gross_edge=0.1000; fee=0.00145; net_ev=0.0985; entry_source=ask; fee_source=market
2026-09-10T21:54:54.624044+00:00,Atlanta,KATL,2026-09-11,highest_temperature,F,4401441,atlanta|2026_09_11|highest_temperature|f|katl,range,,88.0,89.0,88-89°F,0.449536,0.33,0.34,0.05,0.01122,0.109536,0.098316,1.908176,3,30.9,30.6,31.5,0.5196,31.7,2026-09-10T22:00:00.000Z,PAPER_BUY,model_probability=0.4495; entry=0.3400; gross_edge=0.1095; fee=0.01122; net_ev=0.0983; entry_source=ask; fee_source=market
2026-09-10T21:54:54.622379+00:00,Busan,RKPK,2026-09-11,highest_temperature,C,4400214,busan|2026_09_11|highest_temperature|c|rkpk,exact,27.0,27.0,27.0,27°C,0.160886,0.055,0.06,0.05,0.00282,0.100886,0.098066,15.619667,3,28.5,27.1,29.8,1.3528,19.0,2026-09-10T21:00:00.000Z,PAPER_BUY,model_probability=0.1609; entry=0.0600; gross_edge=0.1009; fee=0.00282; net_ev=0.0981; entry_source=ask; fee_source=market
2026-09-10T21:54:54.636387+00:00,Amsterdam,EHAM,2026-09-12,highest_temperature,C,4431459,amsterdam|2026_09_12|highest_temperature|c|eham,exact,20.0,20.0,20.0,20°C,0.160707,0.045,0.06,0.05,0.00282,0.100707,0.097887,15.619667,3,21.5,20.3,22.7,1.2,16.0,2026-09-10T21:25:00.000Z,PAPER_BUY,model_probability=0.1607; entry=0.0600; gross_edge=0.1007; fee=0.00282; net_ev=0.0979; entry_source=ask; fee_source=market
2026-09-10T21:54:54.609050+00:00,London,EGLC,2026-09-10,highest_temperature,C,4356226,london|2026_09_10|highest_temperature|c|eglc,exact,22.0,22.0,22.0,22°C,0.098922,0.0005,0.001,0.05,4.995e-05,0.097922,0.097872,998.95005,3,20.1,19.0,20.9,0.9849,17.0,2026-09-10T22:00:00.000Z,PAPER_BUY,model_probability=0.0989; entry=0.0010; gross_edge=0.0979; fee=0.00005; net_ev=0.0979; entry_source=ask; fee_source=market
2026-09-10T21:54:54.609518+00:00,Milan,LIMC,2026-09-10,highest_temperature,C,4356358,milan|2026_09_10|highest_temperature|c|limc,exact,20.0,20.0,20.0,20°C,0.098922,0.0005,0.001,0.05,4.995e-05,0.097922,0.097872,998.95005,3,21.9,21.4,22.4,0.5,19.0,2026-09-10T21:20:00.000Z,PAPER_BUY,model_probability=0.0989; entry=0.0010; gross_edge=0.0979; fee=0.00005; net_ev=0.0979; entry_source=ask; fee_source=market
2026-09-10T21:54:54.615225+00:00,Panama City,MPMG,2026-09-10,highest_temperature,C,4363791,panama_city|2026_09_10|highest_temperature|c|mpmg,exact,28.0,28.0,28.0,28°C,0.098922,0.0005,0.001,0.05,4.995e-05,0.097922,0.097872,998.95005,3,29.9,29.5,30.3,0.4,29.0,2026-09-10T21:00:00.000Z,PAPER_BUY,model_probability=0.0989; entry=0.0010; gross_edge=0.0979; fee=0.00005; net_ev=0.0979; entry_source=ask; fee_source=market
2026-09-10T21:54:54.612512+00:00,Austin,KAUS,2026-09-10,highest_temperature,F,4359157,austin|2026_09_10|highest_temperature|f|kaus,range,,92.0,93.0,92-93°F,0.098667,0.0005,0.001,0.05,4.995e-05,0.097667,0.097617,998.95005,3,35.9,35.5,36.7,0.6928,37.2,2026-09-10T21:00:00.000Z,PAPER_BUY,model_probability=0.0987; entry=0.0010; gross_edge=0.0977; fee=0.00005; net_ev=0.0976; entry_source=ask; fee_source=market
2026-09-10T21:54:54.639842+00:00,Austin,KAUS,2026-09-12,highest_temperature,F,4434140,austin|2026_09_12|highest_temperature|f|kaus,range,,102.0,103.0,102-103°F,0.44805,0.315,0.34,0.05,0.01122,0.10805,0.09683,1.908176,3,38.6667,37.8,39.1,0.7506,37.2,2026-09-10T21:00:00.000Z,PAPER_BUY,model_probability=0.4480; entry=0.3400; gross_edge=0.1080; fee=0.01122; net_ev=0.0968; entry_source=ask; fee_source=market
2026-09-10T21:54:54.640487+00:00,Los Angeles,KLAX,2026-09-12,lowest_temperature,F,4436296,los_angeles|2026_09_12|lowest_temperature|f|klax,range,,68.0,69.0,68-69°F,0.324187,0.13,0.22,0.05,0.00858,0.104187,0.095607,3.506455,3,20.3333,19.4,22.2,1.6166,31.1,2026-09-10T21:00:00.000Z,PAPER_BUY,model_probability=0.3242; entry=0.2200; gross_edge=0.1042; fee=0.00858; net_ev=0.0956; entry_source=ask; fee_source=market
2026-09-10T21:54:54.627256+00:00,San Francisco,KSFO,2026-09-11,highest_temperature,F,4404592,san_francisco|2026_09_11|highest_temperature|f|ksfo,range,,66.0,67.0,66-67°F,0.146989,0.03,0.05,0.05,0.002375,0.096989,0.094614,18.9525,3,21.6333,20.0,24.9,2.829,28.9,2026-09-10T21:00:00.000Z,PAPER_BUY,model_probability=0.1470; entry=0.0500; gross_edge=0.0970; fee=0.00238; net_ev=0.0946; entry_source=ask; fee_source=market
2026-09-10T21:54:54.637331+00:00,Qingdao,ZSQD,2026-09-12,highest_temperature,C,4431529,qingdao|2026_09_12|highest_temperature|c|zsqd,exact,30.0,30.0,30.0,30°C,0.125279,0.02,0.03,0.05,0.001455,0.095279,0.093824,32.284833,3,28.3,27.6,28.9,0.6557,14.0,2026-09-10T21:00:00.000Z,PAPER_BUY,model_probability=0.1253; entry=0.0300; gross_edge=0.0953; fee=0.00145; net_ev=0.0938; entry_source=ask; fee_source=market
2026-09-10T21:54:54.609169+00:00,Paris,LFPB,2026-09-10,highest_temperature,C,4356233,paris|2026_09_10|highest_temperature|c|lfpb,exact,19.0,19.0,19.0,19°C,0.094861,0.0005,0.001,0.05,4.995e-05,0.093861,0.093811,998.95005,3,20.9333,20.3,21.6,0.6506,14.0,2026-09-10T21:30:00.000Z,PAPER_BUY,model_probability=0.0949; entry=0.0010; gross_edge=0.0939; fee=0.00005; net_ev=0.0938; entry_source=ask; fee_source=market
2026-09-10T21:54:54.614741+00:00,Buenos Aires,SAEZ,2026-09-10,highest_temperature,C,4363756,buenos_aires|2026_09_10|highest_temperature|c|saez,exact,19.0,19.0,19.0,19°C,0.094861,0.0005,0.001,0.05,4.995e-05,0.093861,0.093811,998.95005,3,20.9333,20.7,21.1,0.2082,19.0,2026-09-10T21:00:00.000Z,PAPER_BUY,model_probability=0.0949; entry=0.0010; gross_edge=0.0939; fee=0.00005; net_ev=0.0938; entry_source=ask; fee_source=market
2026-09-10T21:54:54.617834+00:00,Chengdu,ZUUU,2026-09-11,lowest_temperature,C,4399333,chengdu|2026_09_11|lowest_temperature|c|zuuu,exact,20.0,20.0,20.0,20°C,0.094861,0.0005,0.001,0.05,4.995e-05,0.093861,0.093811,998.95005,3,18.0667,18.0,18.1,0.0577,19.0,2026-09-10T21:00:00.000Z,PAPER_BUY,model_probability=0.0949; entry=0.0010; gross_edge=0.0939; fee=0.00005; net_ev=0.0938; entry_source=ask; fee_source=market
2026-09-10T21:54:54.636652+00:00,Kuala Lumpur,WMKK,2026-09-12,highest_temperature,C,4431478,kuala_lumpur|2026_09_12|highest_temperature|c|wmkk,exact,28.0,28.0,28.0,28°C,0.124812,0.015,0.03,0.05,0.001455,0.094812,0.093357,32.284833,3,29.0333,24.9,31.2,3.581,25.0,2026-09-10T21:30:00.000Z,PAPER_BUY,model_probability=0.1248; entry=0.0300; gross_edge=0.0948; fee=0.00145; net_ev=0.0934; entry_source=ask; fee_source=market
2026-09-10T21:54:54.635758+00:00,Wuhan,ZHHH,2026-09-12,highest_temperature,C,4431389,wuhan|2026_09_12|highest_temperature|c|zhhh,exact,28.0,28.0,28.0,28°C,0.134751,0.03,0.04,0.05,0.00192,0.094751,0.092831,23.952,3,29.6333,29.5,29.8,0.1528,18.0,2026-09-10T21:00:00.000Z,PAPER_BUY,model_probability=0.1348; entry=0.0400; gross_edge=0.0948; fee=0.00192; net_ev=0.0928; entry_source=ask; fee_source=market
2026-09-10T21:54:54.633936+00:00,Ankara,LTAC,2026-09-12,highest_temperature,C,4431217,ankara|2026_09_12|highest_temperature|c|ltac,exact,29.0,29.0,29.0,29°C,0.094861,0.0015,0.002,0.05,9.98e-05,0.092861,0.092761,498.9501,3,30.9333,30.7,31.3,0.3215,17.0,2026-09-10T21:20:00.000Z,PAPER_BUY,model_probability=0.0949; entry=0.0020; gross_edge=0.0929; fee=0.00010; net_ev=0.0928; entry_source=ask; fee_source=market
2026-09-10T21:54:54.620978+00:00,Singapore,WSSS,2026-09-11,highest_temperature,C,4400072,singapore|2026_09_11|highest_temperature|c|wsss,exact,30.0,30.0,30.0,30°C,0.21733,0.115,0.12,0.05,0.00528,0.09733,0.09205,7.289333,3,29.8333,28.6,31.6,1.5695,28.0,2026-09-10T21:30:00.000Z,PAPER_BUY,model_probability=0.2173; entry=0.1200; gross_edge=0.0973; fee=0.00528; net_ev=0.0921; entry_source=ask; fee_source=market
2026-09-10T21:54:54.620785+00:00,Shanghai,ZSPD,2026-09-11,highest_temperature,C,4400057,shanghai|2026_09_11|highest_temperature|c|zspd,or_lower,25.0,,25.0,25°C or below,0.09392,0.0015,0.002,0.05,9.98e-05,0.09192,0.091821,498.9501,3,27.7,26.2,29.1,1.4526,24.0,2026-09-10T21:30:00.000Z,PAPER_BUY,model_probability=0.0939; entry=0.0020; gross_edge=0.0919; fee=0.00010; net_ev=0.0918; entry_source=ask; fee_source=market
2026-09-10T21:54:54.614426+00:00,Panama City,MPMG,2026-09-10,lowest_temperature,C,4363409,panama_city|2026_09_10|lowest_temperature|c|mpmg,exact,23.0,23.0,23.0,23°C,0.154538,0.03,0.06,0.05,0.00282,0.094538,0.091718,15.619667,3,24.5,24.1,25.3,0.6928,29.0,2026-09-10T21:00:00.000Z,PAPER_BUY,model_probability=0.1545; entry=0.0600; gross_edge=0.0945; fee=0.00282; net_ev=0.0917; entry_source=ask; fee_source=market
2026-09-10T21:54:54.627243+00:00,San Francisco,KSFO,2026-09-11,highest_temperature,F,4404591,san_francisco|2026_09_11|highest_temperature|f|ksfo,range,,64.0,65.0,64-65°F,0.102053,0.006,0.01,0.05,0.000495,0.092053,0.091558,98.9505,3,21.6333,20.0,24.9,2.829,28.9,2026-09-10T21:00:00.000Z,PAPER_BUY,model_probability=0.1021; entry=0.0100; gross_edge=0.0921; fee=0.00049; net_ev=0.0916; entry_source=ask; fee_source=market
2026-09-10T21:54:54.642722+00:00,Sao Paulo,SBGR,2026-09-12,highest_temperature,C,4437492,sao_paulo|2026_09_12|highest_temperature|c|sbgr,exact,25.0,25.0,25.0,25°C,0.195983,0.08,0.1,0.05,0.0045,0.095983,0.091483,8.955,3,24.0,22.3,24.9,1.4731,17.0,2026-09-10T21:00:00.000Z,PAPER_BUY,model_probability=0.1960; entry=0.1000; gross_edge=0.0960; fee=0.00450; net_ev=0.0915; entry_source=ask; fee_source=market
2026-09-10T21:54:54.627229+00:00,San Francisco,KSFO,2026-09-11,highest_temperature,F,4404590,san_francisco|2026_09_11|highest_temperature|f|ksfo,or_lower,63.0,,63.0,63°F or below,0.096167,0.0035,0.005,0.05,0.00024875,0.091167,0.090919,198.95025,3,21.6333,20.0,24.9,2.829,28.9,2026-09-10T21:00:00.000Z,PAPER_BUY,model_probability=0.0962; entry=0.0050; gross_edge=0.0912; fee=0.00025; net_ev=0.0909; entry_source=ask; fee_source=market
2026-09-10T21:54:54.639646+00:00,Miami,KMIA,2026-09-12,highest_temperature,F,4434126,miami|2026_09_12|highest_temperature|f|kmia,range,,84.0,85.0,84-85°F,0.143024,0.045,0.05,0.05,0.002375,0.093024,0.090649,18.9525,3,31.7333,28.6,33.3,2.7135,29.4,2026-09-10T21:00:00.000Z,PAPER_BUY,model_probability=0.1430; entry=0.0500; gross_edge=0.0930; fee=0.00238; net_ev=0.0906; entry_source=ask; fee_source=market
2026-09-10T21:54:54.620088+00:00,Ankara,LTAC,2026-09-11,highest_temperature,C,4399986,ankara|2026_09_11|highest_temperature|c|ltac,exact,30.0,30.0,30.0,30°C,0.318872,0.215,0.22,0.05,0.00858,0.098872,0.090292,3.506455,3,29.8,29.3,30.4,0.5568,17.0,2026-09-10T21:20:00.000Z,PAPER_BUY,model_probability=0.3189; entry=0.2200; gross_edge=0.0989; fee=0.00858; net_ev=0.0903; entry_source=ask; fee_source=market
2026-09-10T21:54:54.633630+00:00,Paris,LFPB,2026-09-12,highest_temperature,C,4431194,paris|2026_09_12|highest_temperature|c|lfpb,exact,23.0,23.0,23.0,23°C,0.131675,0.025,0.04,0.05,0.00192,0.091675,0.089755,23.952,3,24.8333,23.6,26.5,1.4978,14.0,2026-09-10T21:30:00.000Z,PAPER_BUY,model_probability=0.1317; entry=0.0400; gross_edge=0.0917; fee=0.00192; net_ev=0.0898; entry_source=ask; fee_source=market
2026-09-10T21:54:54.628670+00:00,Mexico City,MMMX,2026-09-11,highest_temperature,C,4405136,mexico_city|2026_09_11|highest_temperature|c|mmmx,exact,23.0,23.0,23.0,23°C,0.110012,0.01,0.02,0.05,0.00098,0.090012,0.089032,48.951,3,24.9333,23.6,25.9,1.193,23.0,2026-09-10T21:45:00.000Z,PAPER_BUY,model_probability=0.1100; entry=0.0200; gross_edge=0.0900; fee=0.00098; net_ev=0.0890; entry_source=ask; fee_source=market
2026-09-10T21:54:54.628511+00:00,Toronto,CYYZ,2026-09-11,highest_temperature,C,4405124,toronto|2026_09_11|highest_temperature|c|cyyz,exact,24.0,24.0,24.0,24°C,0.317367,0.205,0.22,0.05,0.00858,0.097367,0.088787,3.506455,3,23.7667,23.3,24.0,0.4041,23.0,2026-09-10T21:00:00.000Z,PAPER_BUY,model_probability=0.3174; entry=0.2200; gross_edge=0.0974; fee=0.00858; net_ev=0.0888; entry_source=ask; fee_source=market
2026-09-10T21:54:54.619614+00:00,London,EGLC,2026-09-11,highest_temperature,C,4399951,london|2026_09_11|highest_temperature|c|eglc,exact,20.0,20.0,20.0,20°C,0.101251,0.0075,0.012,0.05,0.0005928,0.089251,0.088658,82.283933,3,22.1,21.3,23.6,1.3,17.0,2026-09-10T22:00:00.000Z,PAPER_BUY,model_probability=0.1013; entry=0.0120; gross_edge=0.0893; fee=0.00059; net_ev=0.0887; entry_source=ask; fee_source=market
2026-09-10T21:54:54.615540+00:00,Paris,LFPB,2026-09-11,lowest_temperature,C,4399135,paris|2026_09_11|lowest_temperature|c|lfpb,exact,16.0,16.0,16.0,16°C,0.11785,0.02,0.03,0.05,0.001455,0.08785,0.086395,32.284833,3,14.3667,12.5,17.2,2.4947,14.0,2026-09-10T21:30:00.000Z,PAPER_BUY,model_probability=0.1179; entry=0.0300; gross_edge=0.0879; fee=0.00145; net_ev=0.0864; entry_source=ask; fee_source=market
2026-09-10T21:54:54.611221+00:00,Atlanta,KATL,2026-09-10,lowest_temperature,F,4358876,atlanta|2026_09_10|lowest_temperature|f|katl,range,,68.0,69.0,68-69°F,0.190208,0.05,0.1,0.05,0.0045,0.090208,0.085708,8.955,3,22.0333,21.1,22.5,0.8083,31.7,2026-09-10T22:00:00.000Z,PAPER_BUY,model_probability=0.1902; entry=0.1000; gross_edge=0.0902; fee=0.00450; net_ev=0.0857; entry_source=ask; fee_source=market
2026-09-10T21:54:54.643207+00:00,Mexico City,MMMX,2026-09-12,highest_temperature,C,4437526,mexico_city|2026_09_12|highest_temperature|c|mmmx,exact,23.0,23.0,23.0,23°C,0.168429,0.075,0.08,0.05,0.00368,0.088429,0.084749,11.454,3,23.7,22.2,25.9,1.9468,23.0,2026-09-10T21:45:00.000Z,PAPER_BUY,model_probability=0.1684; entry=0.0800; gross_edge=0.0884; fee=0.00368; net_ev=0.0847; entry_source=ask; fee_source=market
2026-09-10T21:54:54.639705+00:00,Miami,KMIA,2026-09-12,highest_temperature,F,4434131,miami|2026_09_12|highest_temperature|f|kmia,range,,94.0,95.0,94-95°F,0.125911,0.035,0.04,0.05,0.00192,0.085911,0.083991,23.952,3,31.7333,28.6,33.3,2.7135,29.4,2026-09-10T21:00:00.000Z,PAPER_BUY,model_probability=0.1259; entry=0.0400; gross_edge=0.0859; fee=0.00192; net_ev=0.0840; entry_source=ask; fee_source=market
2026-09-10T21:54:54.612853+00:00,Seattle,KSEA,2026-09-10,lowest_temperature,F,4361511,seattle|2026_09_10|lowest_temperature|f|ksea,range,,56.0,57.0,56-57°F,0.373805,0.15,0.28,0.05,0.01008,0.093805,0.083725,2.535429,3,14.5333,14.4,14.8,0.2309,20.0,2026-09-10T21:00:00.000Z,PAPER_BUY,model_probability=0.3738; entry=0.2800; gross_edge=0.0938; fee=0.01008; net_ev=0.0837; entry_source=ask; fee_source=market
2026-09-10T21:54:54.622008+00:00,Chengdu,ZUUU,2026-09-11,highest_temperature,C,4400165,chengdu|2026_09_11|highest_temperature|c|zuuu,exact,21.0,21.0,21.0,21°C,0.103839,0.01,0.02,0.05,0.00098,0.083839,0.082859,48.951,3,23.1,20.0,24.7,2.6851,19.0,2026-09-10T21:00:00.000Z,PAPER_BUY,model_probability=0.1038; entry=0.0200; gross_edge=0.0838; fee=0.00098; net_ev=0.0829; entry_source=ask; fee_source=market
2026-09-10T21:54:54.623558+00:00,Karachi,OPKC,2026-09-11,highest_temperature,C,4400299,karachi|2026_09_11|highest_temperature|c|opkc,exact,30.0,30.0,30.0,30°C,0.088077,0.003,0.005,0.05,0.00024875,0.083077,0.082829,198.95025,3,32.6333,30.5,34.0,1.8717,27.0,2026-09-10T21:30:00.000Z,PAPER_BUY,model_probability=0.0881; entry=0.0050; gross_edge=0.0831; fee=0.00025; net_ev=0.0828; entry_source=ask; fee_source=market
2026-09-10T21:54:54.612888+00:00,Seattle,KSEA,2026-09-10,lowest_temperature,F,4361514,seattle|2026_09_10|lowest_temperature|f|ksea,range,,62.0,63.0,62-63°F,0.082802,0.0005,0.001,0.05,4.995e-05,0.081802,0.081752,998.95005,3,14.5333,14.4,14.8,0.2309,20.0,2026-09-10T21:00:00.000Z,PAPER_BUY,model_probability=0.0828; entry=0.0010; gross_edge=0.0818; fee=0.00005; net_ev=0.0818; entry_source=ask; fee_source=market
2026-09-10T21:54:54.636984+00:00,Cape Town,FACT,2026-09-12,highest_temperature,C,4431504,cape_town|2026_09_12|highest_temperature|c|fact,exact,22.0,22.0,22.0,22°C,0.279299,0.185,0.19,0.05,0.007695,0.089299,0.081604,4.222658,3,21.3333,20.6,22.0,0.7024,16.0,2026-09-10T21:00:00.000Z,PAPER_BUY,model_probability=0.2793; entry=0.1900; gross_edge=0.0893; fee=0.00770; net_ev=0.0816; entry_source=ask; fee_source=market
2026-09-10T21:54:54.619895+00:00,Seoul (Incheon),RKSI,2026-09-11,highest_temperature,C,4399971,seoul_incheon|2026_09_11|highest_temperature|c|rksi,exact,22.0,22.0,22.0,22°C,0.094861,0.0105,0.013,0.05,0.00064155,0.081861,0.081219,75.873727,3,23.9333,23.6,24.5,0.4933,16.0,2026-09-10T21:30:00.000Z,PAPER_BUY,model_probability=0.0949; entry=0.0130; gross_edge=0.0819; fee=0.00064; net_ev=0.0812; entry_source=ask; fee_source=market
2026-09-10T21:54:54.625193+00:00,Chicago,KORD,2026-09-11,lowest_temperature,F,4401785,chicago|2026_09_11|lowest_temperature|f|kord,range,,58.0,59.0,58-59°F,0.483093,0.215,0.39,0.05,0.011895,0.093093,0.081198,1.533603,3,14.7333,14.3,15.6,0.7506,25.0,2026-09-10T22:00:00.000Z,PAPER_BUY,model_probability=0.4831; entry=0.3900; gross_edge=0.0931; fee=0.01190; net_ev=0.0812; entry_source=ask; fee_source=market
2026-09-10T21:54:54.639144+00:00,Houston,KHOU,2026-09-12,lowest_temperature,F,4433970,houston|2026_09_12|lowest_temperature|f|khou,range,,76.0,77.0,76-77°F,0.483093,0.215,0.39,0.05,0.011895,0.093093,0.081198,1.533603,3,24.7333,24.5,25.2,0.4041,30.6,2026-09-10T21:00:00.000Z,PAPER_BUY,model_probability=0.4831; entry=0.3900; gross_edge=0.0931; fee=0.01190; net_ev=0.0812; entry_source=ask; fee_source=market
2026-09-10T21:54:54.622710+00:00,Helsinki,EFHK,2026-09-11,highest_temperature,C,4400239,helsinki|2026_09_11|highest_temperature|c|efhk,exact,19.0,19.0,19.0,19°C,0.094861,0.008,0.014,0.05,0.0006902,0.080861,0.08017,70.379271,3,17.0667,16.8,17.4,0.3055,12.0,2026-09-10T22:00:00.000Z,PAPER_BUY,model_probability=0.0949; entry=0.0140; gross_edge=0.0809; fee=0.00069; net_ev=0.0802; entry_source=ask; fee_source=market
2026-09-10T21:54:54.639381+00:00,New York City,KLGA,2026-09-12,highest_temperature,F,4434109,new_york_city|2026_09_12|highest_temperature|f|klga,range,,84.0,85.0,84-85°F,0.13251,0.025,0.05,0.05,0.002375,0.08251,0.080135,18.9525,3,27.1,25.9,27.7,1.0392,30.0,2026-09-10T21:00:00.000Z,PAPER_BUY,model_probability=0.1325; entry=0.0500; gross_edge=0.0825; fee=0.00238; net_ev=0.0801; entry_source=ask; fee_source=market
2026-09-10T21:54:54.612400+00:00,Chicago,KORD,2026-09-10,highest_temperature,F,4359150,chicago|2026_09_10|highest_temperature|f|kord,range,,80.0,81.0,80-81°F,0.141966,0.0315,0.06,0.05,0.00282,0.081966,0.079146,15.619667,3,24.9333,24.4,25.2,0.4619,25.0,2026-09-10T22:00:00.000Z,PAPER_BUY,model_probability=0.1420; entry=0.0600; gross_edge=0.0820; fee=0.00282; net_ev=0.0791; entry_source=ask; fee_source=market
2026-09-10T21:54:54.612354+00:00,Chicago,KORD,2026-09-10,highest_temperature,F,4359146,chicago|2026_09_10|highest_temperature|f|kord,range,,72.0,73.0,72-73°F,0.080124,0.0005,0.001,0.05,4.995e-05,0.079124,0.079074,998.95005,3,24.9333,24.4,25.2,0.4619,25.0,2026-09-10T22:00:00.000Z,PAPER_BUY,model_probability=0.0801; entry=0.0010; gross_edge=0.0791; fee=0.00005; net_ev=0.0791; entry_source=ask; fee_source=market
2026-09-10T21:54:54.640166+00:00,Houston,KHOU,2026-09-12,highest_temperature,F,4434161,houston|2026_09_12|highest_temperature|f|khou,range,,90.0,91.0,90-91°F,0.222845,0.11,0.14,0.05,0.00602,0.082845,0.076825,6.099857,3,34.1,32.9,34.7,1.0392,30.6,2026-09-10T21:00:00.000Z,PAPER_BUY,model_probability=0.2228; entry=0.1400; gross_edge=0.0828; fee=0.00602; net_ev=0.0768; entry_source=ask; fee_source=market
2026-09-10T21:54:54.628878+00:00,Panama City,MPMG,2026-09-11,highest_temperature,C,4405147,panama_city|2026_09_11|highest_temperature|c|mpmg,exact,31.0,31.0,31.0,31°C,0.263666,0.16,0.18,0.05,0.00738,0.083666,0.076286,4.514556,3,30.4333,29.7,31.8,1.1846,29.0,2026-09-10T21:00:00.000Z,PAPER_BUY,model_probability=0.2637; entry=0.1800; gross_edge=0.0837; fee=0.00738; net_ev=0.0763; entry_source=ask; fee_source=market
2026-09-10T21:54:54.642734+00:00,Sao Paulo,SBGR,2026-09-12,highest_temperature,C,4437493,sao_paulo|2026_09_12|highest_temperature|c|sbgr,exact,26.0,26.0,26.0,26°C,0.117952,0.03,0.04,0.05,0.00192,0.077952,0.076032,23.952,3,24.0,22.3,24.9,1.4731,17.0,2026-09-10T21:00:00.000Z,PAPER_BUY,model_probability=0.1180; entry=0.0400; gross_edge=0.0780; fee=0.00192; net_ev=0.0760; entry_source=ask; fee_source=market
2026-09-10T21:54:54.621460+00:00,Warsaw,EPWA,2026-09-11,highest_temperature,C,4400114,warsaw|2026_09_11|highest_temperature|c|epwa,exact,19.0,19.0,19.0,19°C,0.159631,0.065,0.08,0.05,0.00368,0.079631,0.075951,11.454,3,17.5333,16.4,18.1,0.9815,11.0,2026-09-10T21:30:00.000Z,PAPER_BUY,model_probability=0.1596; entry=0.0800; gross_edge=0.0796; fee=0.00368; net_ev=0.0760; entry_source=ask; fee_source=market
2026-09-10T21:54:54.643184+00:00,Mexico City,MMMX,2026-09-12,highest_temperature,C,4437524,mexico_city|2026_09_12|highest_temperature|c|mmmx,exact,21.0,21.0,21.0,21°C,0.086432,0.006,0.01,0.05,0.000495,0.076432,0.075937,98.9505,3,23.7,22.2,25.9,1.9468,23.0,2026-09-10T21:45:00.000Z,PAPER_BUY,model_probability=0.0864; entry=0.0100; gross_edge=0.0764; fee=0.00049; net_ev=0.0759; entry_source=ask; fee_source=market
2026-09-10T21:54:54.635173+00:00,Madrid,LEMD,2026-09-12,highest_temperature,C,4431335,madrid|2026_09_12|highest_temperature|c|lemd,exact,31.0,31.0,31.0,31°C,0.311529,0.225,0.23,0.05,0.008855,0.081529,0.072674,3.309326,3,31.3333,31.3,31.4,0.0577,20.0,2026-09-10T21:30:00.000Z,PAPER_BUY,model_probability=0.3115; entry=0.2300; gross_edge=0.0815; fee=0.00886; net_ev=0.0727; entry_source=ask; fee_source=market
2026-09-10T21:54:54.611883+00:00,Denver,KBKF,2026-09-10,lowest_temperature,F,4358922,denver|2026_09_10|lowest_temperature|f|kbkf,range,,58.0,59.0,58-59°F,0.073703,0.0005,0.001,0.05,4.995e-05,0.072703,0.072653,998.95005,3,12.2333,11.7,13.3,0.9238,30.4,2026-09-10T21:00:00.000Z,PAPER_BUY,model_probability=0.0737; entry=0.0010; gross_edge=0.0727; fee=0.00005; net_ev=0.0727; entry_source=ask; fee_source=market
2026-09-10T21:54:54.640809+00:00,Seattle,KSEA,2026-09-12,highest_temperature,F,4436696,seattle|2026_09_12|highest_temperature|f|ksea,range,,68.0,69.0,68-69°F,0.279897,0.19,0.2,0.05,0.008,0.079897,0.071897,3.96,3,18.9333,18.6,19.1,0.2887,20.0,2026-09-10T21:00:00.000Z,PAPER_BUY,model_probability=0.2799; entry=0.2000; gross_edge=0.0799; fee=0.00800; net_ev=0.0719; entry_source=ask; fee_source=market
2026-09-10T21:54:54.615369+00:00,London,EGLC,2026-09-11,lowest_temperature,C,4399122,london|2026_09_11|lowest_temperature|c|eglc,exact,14.0,14.0,14.0,14°C,0.103083,0.02,0.03,0.05,0.001455,0.073083,0.071628,32.284833,3,15.8667,15.1,16.5,0.7095,17.0,2026-09-10T22:00:00.000Z,PAPER_BUY,model_probability=0.1031; entry=0.0300; gross_edge=0.0731; fee=0.00145; net_ev=0.0716; entry_source=ask; fee_source=market
2026-09-10T21:54:54.622020+00:00,Chengdu,ZUUU,2026-09-11,highest_temperature,C,4400166,chengdu|2026_09_11|highest_temperature|c|zuuu,exact,22.0,22.0,22.0,22°C,0.123839,0.04,0.05,0.05,0.002375,0.073839,0.071464,18.9525,3,23.1,20.0,24.7,2.6851,19.0,2026-09-10T21:00:00.000Z,PAPER_BUY,model_probability=0.1238; entry=0.0500; gross_edge=0.0738; fee=0.00238; net_ev=0.0715; entry_source=ask; fee_source=market
2026-09-10T21:54:54.639010+00:00,Denver,KBKF,2026-09-12,lowest_temperature,F,4433961,denver|2026_09_12|lowest_temperature|f|kbkf,range,,60.0,61.0,60-61°F,0.47287,0.215,0.39,0.05,0.011895,0.08287,0.070975,1.533603,3,16.1,15.9,16.2,0.1732,30.4,2026-09-10T21:00:00.000Z,PAPER_BUY,model_probability=0.4729; entry=0.3900; gross_edge=0.0829; fee=0.01190; net_ev=0.0710; entry_source=ask; fee_source=market
2026-09-10T21:54:54.635896+00:00,Chengdu,ZUUU,2026-09-12,highest_temperature,C,4431399,chengdu|2026_09_12|highest_temperature|c|zuuu,exact,22.0,22.0,22.0,22°C,0.144095,0.06,0.07,0.05,0.003255,0.074095,0.07084,13.239214,3,23.5667,21.5,24.8,1.8009,19.0,2026-09-10T21:00:00.000Z,PAPER_BUY,model_probability=0.1441; entry=0.0700; gross_edge=0.0741; fee=0.00326; net_ev=0.0708; entry_source=ask; fee_source=market
2026-09-10T21:54:54.642832+00:00,Buenos Aires,SAEZ,2026-09-12,highest_temperature,C,4437499,buenos_aires|2026_09_12|highest_temperature|c|saez,exact,10.0,10.0,10.0,10°C,0.175172,0.08,0.1,0.05,0.0045,0.075172,0.070672,8.955,3,11.3667,11.1,11.7,0.3055,19.0,2026-09-10T21:00:00.000Z,PAPER_BUY,model_probability=0.1752; entry=0.1000; gross_edge=0.0752; fee=0.00450; net_ev=0.0707; entry_source=ask; fee_source=market
2026-09-10T21:54:54.643361+00:00,Panama City,MPMG,2026-09-12,highest_temperature,C,4437537,panama_city|2026_09_12|highest_temperature|c|mpmg,exact,30.0,30.0,30.0,30°C,0.175172,0.075,0.1,0.05,0.0045,0.075172,0.070672,8.955,3,31.3667,30.9,31.9,0.5033,29.0,2026-09-10T21:00:00.000Z,PAPER_BUY,model_probability=0.1752; entry=0.1000; gross_edge=0.0752; fee=0.00450; net_ev=0.0707; entry_source=ask; fee_source=market
2026-09-10T21:54:54.638698+00:00,Chicago,KORD,2026-09-12,lowest_temperature,F,4433939,chicago|2026_09_12|lowest_temperature|f|kord,range,,66.0,67.0,66-67°F,0.482464,0.22,0.4,0.05,0.012,0.082464,0.070464,1.47,3,19.2333,18.7,19.5,0.4619,25.0,2026-09-10T22:00:00.000Z,PAPER_BUY,model_probability=0.4825; entry=0.4000; gross_edge=0.0825; fee=0.01200; net_ev=0.0705; entry_source=ask; fee_source=market
2026-09-10T21:54:54.623916+00:00,Dallas,KDAL,2026-09-11,highest_temperature,F,4401433,dallas|2026_09_11|highest_temperature|f|kdal,range,,102.0,103.0,102-103°F,0.101761,0.025,0.03,0.05,0.001455,0.071761,0.070306,32.284833,3,36.9,36.9,36.9,0.0,36.7,2026-09-10T21:00:00.000Z,PAPER_BUY,model_probability=0.1018; entry=0.0300; gross_edge=0.0718; fee=0.00145; net_ev=0.0703; entry_source=ask; fee_source=market
2026-09-10T21:54:54.615551+00:00,Paris,LFPB,2026-09-11,lowest_temperature,C,4399136,paris|2026_09_11|lowest_temperature|c|lfpb,exact,17.0,17.0,17.0,17°C,0.091179,0.01,0.02,0.05,0.00098,0.071179,0.070199,48.951,3,14.3667,12.5,17.2,2.4947,14.0,2026-09-10T21:30:00.000Z,PAPER_BUY,model_probability=0.0912; entry=0.0200; gross_edge=0.0712; fee=0.00098; net_ev=0.0702; entry_source=ask; fee_source=market
2026-09-10T21:54:54.620810+00:00,Shanghai,ZSPD,2026-09-11,highest_temperature,C,4400059,shanghai|2026_09_11|highest_temperature|c|zspd,exact,27.0,27.0,27.0,27°C,0.216082,0.135,0.14,0.05,0.00602,0.076082,0.070062,6.099857,3,27.7,26.2,29.1,1.4526,24.0,2026-09-10T21:30:00.000Z,PAPER_BUY,model_probability=0.2161; entry=0.1400; gross_edge=0.0761; fee=0.00602; net_ev=0.0701; entry_source=ask; fee_source=market
2026-09-10T21:54:54.637098+00:00,Guangzhou,ZGGG,2026-09-12,highest_temperature,C,4431512,guangzhou|2026_09_12|highest_temperature|c|zggg,exact,30.0,30.0,30.0,30°C,0.090899,0.015,0.02,0.05,0.00098,0.070899,0.069919,48.951,3,31.9667,31.8,32.2,0.2082,25.0,2026-09-10T21:30:00.000Z,PAPER_BUY,model_probability=0.0909; entry=0.0200; gross_edge=0.0709; fee=0.00098; net_ev=0.0699; entry_source=ask; fee_source=market
2026-09-10T21:54:54.639460+00:00,Atlanta,KATL,2026-09-12,highest_temperature,F,4434113,atlanta|2026_09_12|highest_temperature|f|katl,range,,78.0,79.0,78-79°F,0.121142,0.0255,0.049,0.05,0.00232995,0.072142,0.069813,19.360613,3,28.9333,26.0,30.4,2.5403,31.7,2026-09-10T22:00:00.000Z,PAPER_BUY,model_probability=0.1211; entry=0.0490; gross_edge=0.0721; fee=0.00233; net_ev=0.0698; entry_source=ask; fee_source=market
2026-09-10T21:54:54.636229+00:00,Busan,RKPK,2026-09-12,highest_temperature,C,4431447,busan|2026_09_12|highest_temperature|c|rkpk,exact,28.0,28.0,28.0,28°C,0.204282,0.11,0.13,0.05,0.005655,0.074282,0.068627,6.648808,3,29.1333,28.2,30.5,1.2097,19.0,2026-09-10T21:00:00.000Z,PAPER_BUY,model_probability=0.2043; entry=0.1300; gross_edge=0.0743; fee=0.00566; net_ev=0.0686; entry_source=ask; fee_source=market
2026-09-10T21:54:54.638371+00:00,Atlanta,KATL,2026-09-12,lowest_temperature,F,4433916,atlanta|2026_09_12|lowest_temperature|f|katl,range,,72.0,73.0,72-73°F,0.48053,0.255,0.4,0.05,0.012,0.08053,0.06853,1.47,3,22.6333,22.1,22.9,0.4619,31.7,2026-09-10T22:00:00.000Z,PAPER_BUY,model_probability=0.4805; entry=0.4000; gross_edge=0.0805; fee=0.01200; net_ev=0.0685; entry_source=ask; fee_source=market
2026-09-10T21:54:54.617390+00:00,Chongqing,ZUCK,2026-09-11,lowest_temperature,C,4399300,chongqing|2026_09_11|lowest_temperature|c|zuck,exact,22.0,22.0,22.0,22°C,0.069299,0.0005,0.001,0.05,4.995e-05,0.068299,0.068249,998.95005,3,19.8333,19.6,20.2,0.3215,20.0,2026-09-10T21:00:00.000Z,PAPER_BUY,model_probability=0.0693; entry=0.0010; gross_edge=0.0683; fee=0.00005; net_ev=0.0682; entry_source=ask; fee_source=market
2026-09-10T21:54:54.639446+00:00,Atlanta,KATL,2026-09-12,highest_temperature,F,4434112,atlanta|2026_09_12|highest_temperature|f|katl,or_lower,77.0,,77.0,77°F or below,0.11995,0.026,0.05,0.05,0.002375,0.06995,0.067575,18.9525,3,28.9333,26.0,30.4,2.5403,31.7,2026-09-10T22:00:00.000Z,PAPER_BUY,model_probability=0.1199; entry=0.0500; gross_edge=0.0699; fee=0.00238; net_ev=0.0676; entry_source=ask; fee_source=market
2026-09-10T21:54:54.622507+00:00,Amsterdam,EHAM,2026-09-11,highest_temperature,C,4400223,amsterdam|2026_09_11|highest_temperature|c|eham,exact,18.0,18.0,18.0,18°C,0.098922,0.02,0.03,0.05,0.001455,0.068922,0.067467,32.284833,3,19.9,19.2,20.8,0.8185,16.0,2026-09-10T21:25:00.000Z,PAPER_BUY,model_probability=0.0989; entry=0.0300; gross_edge=0.0689; fee=0.00145; net_ev=0.0675; entry_source=ask; fee_source=market
2026-09-10T21:54:54.624706+00:00,Dallas,KDAL,2026-09-11,lowest_temperature,F,4401752,dallas|2026_09_11|lowest_temperature|f|kdal,range,,78.0,79.0,78-79°F,0.479085,0.275,0.4,0.05,0.012,0.079085,0.067085,1.47,3,25.6667,25.3,26.4,0.6351,36.7,2026-09-10T21:00:00.000Z,PAPER_BUY,model_probability=0.4791; entry=0.4000; gross_edge=0.0791; fee=0.01200; net_ev=0.0671; entry_source=ask; fee_source=market
2026-09-10T21:54:54.611588+00:00,Chicago,KORD,2026-09-10,lowest_temperature,F,4358902,chicago|2026_09_10|lowest_temperature|f|kord,range,,68.0,69.0,68-69°F,0.067665,0.0005,0.001,0.05,4.995e-05,0.066665,0.066615,998.95005,3,17.7333,17.7,17.8,0.0577,25.0,2026-09-10T22:00:00.000Z,PAPER_BUY,model_probability=0.0677; entry=0.0010; gross_edge=0.0667; fee=0.00005; net_ev=0.0666; entry_source=ask; fee_source=market
2026-09-10T21:54:54.636420+00:00,Amsterdam,EHAM,2026-09-12,highest_temperature,C,4431462,amsterdam|2026_09_12|highest_temperature|c|eham,exact,23.0,23.0,23.0,23°C,0.160707,0.065,0.09,0.05,0.004095,0.070707,0.066612,10.065611,3,21.5,20.3,22.7,1.2,16.0,2026-09-10T21:25:00.000Z,PAPER_BUY,model_probability=0.1607; entry=0.0900; gross_edge=0.0707; fee=0.00409; net_ev=0.0666; entry_source=ask; fee_source=market
2026-09-10T21:54:54.624984+00:00,Miami,KMIA,2026-09-11,lowest_temperature,F,4401771,miami|2026_09_11|lowest_temperature|f|kmia,range,,72.0,73.0,72-73°F,0.080124,0.0075,0.013,0.05,0.00064155,0.067124,0.066483,75.873727,3,24.9333,24.4,26.0,0.9238,29.4,2026-09-10T21:00:00.000Z,PAPER_BUY,model_probability=0.0801; entry=0.0130; gross_edge=0.0671; fee=0.00064; net_ev=0.0665; entry_source=ask; fee_source=market
2026-09-10T21:54:54.636848+00:00,Jeddah,OEJN,2026-09-12,highest_temperature,C,4431494,jeddah|2026_09_12|highest_temperature|c|oejn,exact,39.0,39.0,39.0,39°C,0.118612,0.025,0.05,0.05,0.002375,0.068612,0.066237,18.9525,3,37.0667,36.2,38.6,1.3317,32.0,2026-09-10T21:00:00.000Z,PAPER_BUY,model_probability=0.1186; entry=0.0500; gross_edge=0.0686; fee=0.00238; net_ev=0.0662; entry_source=ask; fee_source=market
2026-09-10T21:54:54.635610+00:00,Beijing,ZBAA,2026-09-12,highest_temperature,C,4431378,beijing|2026_09_12|highest_temperature|c|zbaa,exact,27.0,27.0,27.0,27°C,0.149498,0.065,0.08,0.05,0.00368,0.069498,0.065818,11.454,3,28.5333,28.4,28.8,0.2309,13.0,2026-09-10T21:30:00.000Z,PAPER_BUY,model_probability=0.1495; entry=0.0800; gross_edge=0.0695; fee=0.00368; net_ev=0.0658; entry_source=ask; fee_source=market
2026-09-10T21:54:54.614351+00:00,Mexico City,MMMX,2026-09-10,lowest_temperature,C,4363405,mexico_city|2026_09_10|lowest_temperature|c|mmmx,or_higher,16.0,16.0,,16°C or higher,0.066807,0.0005,0.001,0.05,4.995e-05,0.065807,0.065757,998.95005,3,13.7,13.1,14.2,0.5568,23.0,2026-09-10T21:45:00.000Z,PAPER_BUY,model_probability=0.0668; entry=0.0010; gross_edge=0.0658; fee=0.00005; net_ev=0.0658; entry_source=ask; fee_source=market
2026-09-10T21:54:54.639485+00:00,Atlanta,KATL,2026-09-12,highest_temperature,F,4434115,atlanta|2026_09_12|highest_temperature|f|katl,range,,82.0,83.0,82-83°F,0.200888,0.125,0.13,0.05,0.005655,0.070888,0.065233,6.648808,3,28.9333,26.0,30.4,2.5403,31.7,2026-09-10T22:00:00.000Z,PAPER_BUY,model_probability=0.2009; entry=0.1300; gross_edge=0.0709; fee=0.00566; net_ev=0.0652; entry_source=ask; fee_source=market
2026-09-10T21:54:54.617678+00:00,Wuhan,ZHHH,2026-09-11,lowest_temperature,C,4399321,wuhan|2026_09_11|lowest_temperature|c|zhhh,exact,19.0,19.0,19.0,19°C,0.066066,0.0005,0.001,0.05,4.995e-05,0.065066,0.065016,998.95005,3,16.8,16.0,17.4,0.7211,18.0,2026-09-10T21:00:00.000Z,PAPER_BUY,model_probability=0.0661; entry=0.0010; gross_edge=0.0651; fee=0.00005; net_ev=0.0650; entry_source=ask; fee_source=market
2026-09-10T21:54:54.618129+00:00,Busan,RKPK,2026-09-11,lowest_temperature,C,4399377,busan|2026_09_11|lowest_temperature|c|rkpk,exact,21.0,21.0,21.0,21°C,0.066066,0.0005,0.001,0.05,4.995e-05,0.065066,0.065016,998.95005,3,18.8,18.2,19.3,0.5568,19.0,2026-09-10T21:00:00.000Z,PAPER_BUY,model_probability=0.0661; entry=0.0010; gross_edge=0.0651; fee=0.00005; net_ev=0.0650; entry_source=ask; fee_source=market
2026-09-10T21:54:54.619179+00:00,Qingdao,ZSQD,2026-09-11,lowest_temperature,C,4399453,qingdao|2026_09_11|lowest_temperature|c|zsqd,exact,17.0,17.0,17.0,17°C,0.066066,0.0005,0.001,0.05,4.995e-05,0.065066,0.065016,998.95005,3,14.8,13.8,15.8,1.0,14.0,2026-09-10T21:00:00.000Z,PAPER_BUY,model_probability=0.0661; entry=0.0010; gross_edge=0.0651; fee=0.00005; net_ev=0.0650; entry_source=ask; fee_source=market
2026-09-10T21:54:54.629369+00:00,Paris,LFPB,2026-09-12,lowest_temperature,C,4430359,paris|2026_09_12|lowest_temperature|c|lfpb,exact,16.0,16.0,16.0,16°C,0.095552,0.015,0.03,0.05,0.001455,0.065552,0.064097,32.284833,3,13.5667,12.0,16.7,2.7135,14.0,2026-09-10T21:30:00.000Z,PAPER_BUY,model_probability=0.0956; entry=0.0300; gross_edge=0.0656; fee=0.00145; net_ev=0.0641; entry_source=ask; fee_source=market
2026-09-10T21:54:54.640642+00:00,San Francisco,KSFO,2026-09-12,lowest_temperature,F,4436307,san_francisco|2026_09_12|lowest_temperature|f|ksfo,range,,58.0,59.0,58-59°F,0.475976,0.29,0.4,0.05,0.012,0.075976,0.063976,1.47,3,14.5,14.3,14.6,0.1732,28.9,2026-09-10T21:00:00.000Z,PAPER_BUY,model_probability=0.4760; entry=0.4000; gross_edge=0.0760; fee=0.01200; net_ev=0.0640; entry_source=ask; fee_source=market
2026-09-10T21:54:54.622666+00:00,Helsinki,EFHK,2026-09-11,highest_temperature,C,4400235,helsinki|2026_09_11|highest_temperature|c|efhk,exact,15.0,15.0,15.0,15°C,0.07963,0.0085,0.015,0.05,0.00073875,0.06463,0.063891,65.617417,3,17.0667,16.8,17.4,0.3055,12.0,2026-09-10T22:00:00.000Z,PAPER_BUY,model_probability=0.0796; entry=0.0150; gross_edge=0.0646; fee=0.00074; net_ev=0.0639; entry_source=ask; fee_source=market
2026-09-10T21:54:54.621766+00:00,Beijing,ZBAA,2026-09-11,highest_temperature,C,4400148,beijing|2026_09_11|highest_temperature|c|zbaa,exact,31.0,31.0,31.0,31°C,0.323078,0.245,0.25,0.05,0.009375,0.073078,0.063703,2.9625,3,31.0,30.8,31.3,0.2646,13.0,2026-09-10T21:30:00.000Z,PAPER_BUY,model_probability=0.3231; entry=0.2500; gross_edge=0.0731; fee=0.00938; net_ev=0.0637; entry_source=ask; fee_source=market
2026-09-10T21:54:54.629392+00:00,Paris,LFPB,2026-09-12,lowest_temperature,C,4430361,paris|2026_09_12|lowest_temperature|c|lfpb,or_higher,18.0,18.0,,18°C or higher,0.09491,0.015,0.03,0.05,0.001455,0.06491,0.063455,32.284833,3,13.5667,12.0,16.7,2.7135,14.0,2026-09-10T21:30:00.000Z,PAPER_BUY,model_probability=0.0949; entry=0.0300; gross_edge=0.0649; fee=0.00145; net_ev=0.0635; entry_source=ask; fee_source=market
2026-09-10T21:54:54.629213+00:00,London,EGLC,2026-09-12,lowest_temperature,C,4430348,london|2026_09_12|lowest_temperature|c|eglc,exact,16.0,16.0,16.0,16°C,0.104849,0.02,0.04,0.05,0.00192,0.064849,0.062929,23.952,3,14.0,12.6,14.8,1.2166,17.0,2026-09-10T22:00:00.000Z,PAPER_BUY,model_probability=0.1048; entry=0.0400; gross_edge=0.0648; fee=0.00192; net_ev=0.0629; entry_source=ask; fee_source=market
2026-09-10T21:54:54.622827+00:00,Kuala Lumpur,WMKK,2026-09-11,highest_temperature,C,4400247,kuala_lumpur|2026_09_11|highest_temperature|c|wmkk,exact,30.0,30.0,30.0,30°C,0.311529,0.235,0.24,0.05,0.00912,0.071529,0.062409,3.128667,3,29.6667,28.9,30.6,0.8622,25.0,2026-09-10T21:30:00.000Z,PAPER_BUY,model_probability=0.3115; entry=0.2400; gross_edge=0.0715; fee=0.00912; net_ev=0.0624; entry_source=ask; fee_source=market
2026-09-10T21:54:54.639819+00:00,Austin,KAUS,2026-09-12,highest_temperature,F,4434138,austin|2026_09_12|highest_temperature|f|kaus,range,,98.0,99.0,98-99°F,0.19702,0.125,0.13,0.05,0.005655,0.06702,0.061365,6.648808,3,38.6667,37.8,39.1,0.7506,37.2,2026-09-10T21:00:00.000Z,PAPER_BUY,model_probability=0.1970; entry=0.1300; gross_edge=0.0670; fee=0.00566; net_ev=0.0614; entry_source=ask; fee_source=market
2026-09-10T21:54:54.625510+00:00,Denver,KBKF,2026-09-11,lowest_temperature,F,4401807,denver|2026_09_11|lowest_temperature|f|kbkf,range,,60.0,61.0,60-61°F,0.47287,0.275,0.4,0.05,0.012,0.07287,0.06087,1.47,3,15.5667,15.2,16.3,0.6351,30.4,2026-09-10T21:00:00.000Z,PAPER_BUY,model_probability=0.4729; entry=0.4000; gross_edge=0.0729; fee=0.01200; net_ev=0.0609; entry_source=ask; fee_source=market
2026-09-10T21:54:54.637456+00:00,Karachi,OPKC,2026-09-12,highest_temperature,C,4431538,karachi|2026_09_12|highest_temperature|c|opkc,exact,33.0,33.0,33.0,33°C,0.206824,0.125,0.14,0.05,0.00602,0.066824,0.060804,6.099857,3,34.1667,33.9,34.6,0.3786,27.0,2026-09-10T21:30:00.000Z,PAPER_BUY,model_probability=0.2068; entry=0.1400; gross_edge=0.0668; fee=0.00602; net_ev=0.0608; entry_source=ask; fee_source=market
2026-09-10T21:54:54.610731+00:00,Denver,KBKF,2026-09-10,highest_temperature,F,4358681,denver|2026_09_10|highest_temperature|f|kbkf,range,,82.0,83.0,82-83°F,0.060913,0.0005,0.001,0.05,4.995e-05,0.059913,0.059863,998.95005,3,30.6667,30.6,30.8,0.1155,30.4,2026-09-10T21:00:00.000Z,PAPER_BUY,model_probability=0.0609; entry=0.0010; gross_edge=0.0599; fee=0.00005; net_ev=0.0599; entry_source=ask; fee_source=market
2026-09-10T21:54:54.629520+00:00,Seoul (Incheon),RKSI,2026-09-12,lowest_temperature,C,4430370,seoul_incheon|2026_09_12|lowest_temperature|c|rksi,exact,21.0,21.0,21.0,21°C,0.143521,0.04,0.08,0.05,0.00368,0.063521,0.059841,11.454,3,19.6,17.3,20.9,1.9975,16.0,2026-09-10T21:30:00.000Z,PAPER_BUY,model_probability=0.1435; entry=0.0800; gross_edge=0.0635; fee=0.00368; net_ev=0.0598; entry_source=ask; fee_source=market
2026-09-10T21:54:54.623089+00:00,Cape Town,FACT,2026-09-11,highest_temperature,C,4400266,cape_town|2026_09_11|highest_temperature|c|fact,exact,20.0,20.0,20.0,20°C,0.143109,0.065,0.08,0.05,0.00368,0.063109,0.059429,11.454,3,21.6,19.6,23.0,1.7776,16.0,2026-09-10T21:00:00.000Z,PAPER_BUY,model_probability=0.1431; entry=0.0800; gross_edge=0.0631; fee=0.00368; net_ev=0.0594; entry_source=ask; fee_source=market
2026-09-10T21:54:54.614189+00:00,Toronto,CYYZ,2026-09-10,lowest_temperature,C,4363393,toronto|2026_09_10|lowest_temperature|c|cyyz,exact,18.0,18.0,18.0,18°C,0.059913,0.0005,0.001,0.05,4.995e-05,0.058913,0.058863,998.95005,3,15.7333,15.4,15.9,0.2887,23.0,2026-09-10T21:00:00.000Z,PAPER_BUY,model_probability=0.0599; entry=0.0010; gross_edge=0.0589; fee=0.00005; net_ev=0.0589; entry_source=ask; fee_source=market
2026-09-10T21:54:54.635871+00:00,Chengdu,ZUUU,2026-09-12,highest_temperature,C,4431397,chengdu|2026_09_12|highest_temperature|c|zuuu,or_lower,20.0,,20.0,20°C or below,0.069341,0.0065,0.01,0.05,0.000495,0.059341,0.058846,98.9505,3,23.5667,21.5,24.8,1.8009,19.0,2026-09-10T21:00:00.000Z,PAPER_BUY,model_probability=0.0693; entry=0.0100; gross_edge=0.0593; fee=0.00049; net_ev=0.0588; entry_source=ask; fee_source=market
2026-09-10T21:54:54.636064+00:00,Shenzhen,ZGSZ,2026-09-12,highest_temperature,C,4431412,shenzhen|2026_09_12|highest_temperature|c|zgsz,exact,31.0,31.0,31.0,31°C,0.266485,0.195,0.2,0.05,0.008,0.066485,0.058485,3.96,3,31.7667,31.0,32.6,0.8021,26.0,2026-09-10T21:00:00.000Z,PAPER_BUY,model_probability=0.2665; entry=0.2000; gross_edge=0.0665; fee=0.00800; net_ev=0.0585; entry_source=ask; fee_source=market
2026-09-10T21:54:54.610461+00:00,Dallas,KDAL,2026-09-10,highest_temperature,F,4358663,dallas|2026_09_10|highest_temperature|f|kdal,range,,100.0,101.0,100-101°F,0.203936,0.125,0.14,0.05,0.00602,0.063936,0.057916,6.099857,3,36.3667,36.3,36.5,0.1155,36.7,2026-09-10T21:00:00.000Z,PAPER_BUY,model_probability=0.2039; entry=0.1400; gross_edge=0.0639; fee=0.00602; net_ev=0.0579; entry_source=ask; fee_source=market
2026-09-10T21:54:54.626303+00:00,Houston,KHOU,2026-09-11,highest_temperature,F,4402245,houston|2026_09_11|highest_temperature|f|khou,range,,84.0,85.0,84-85°F,0.058779,0.0005,0.001,0.05,4.995e-05,0.057779,0.057729,998.95005,3,31.8,31.8,31.8,0.0,30.6,2026-09-10T21:00:00.000Z,PAPER_BUY,model_probability=0.0588; entry=0.0010; gross_edge=0.0578; fee=0.00005; net_ev=0.0577; entry_source=ask; fee_source=market
2026-09-10T21:54:54.633310+00:00,Zhengzhou,ZHCC,2026-09-11,highest_temperature,C,4431170,zhengzhou|2026_09_11|highest_temperature|c|zhcc,exact,23.0,23.0,23.0,23°C,0.098922,0.03,0.04,0.05,0.00192,0.058922,0.057002,23.952,3,24.9,24.4,25.8,0.781,18.0,2026-09-10T21:00:00.000Z,PAPER_BUY,model_probability=0.0989; entry=0.0400; gross_edge=0.0589; fee=0.00192; net_ev=0.0570; entry_source=ask; fee_source=market
2026-09-10T21:54:54.636995+00:00,Cape Town,FACT,2026-09-12,highest_temperature,C,4431505,cape_town|2026_09_12|highest_temperature|c|fact,exact,23.0,23.0,23.0,23°C,0.129976,0.055,0.07,0.05,0.003255,0.059976,0.056721,13.239214,3,21.3333,20.6,22.0,0.7024,16.0,2026-09-10T21:00:00.000Z,PAPER_BUY,model_probability=0.1300; entry=0.0700; gross_edge=0.0600; fee=0.00326; net_ev=0.0567; entry_source=ask; fee_source=market
2026-09-10T21:54:54.621744+00:00,Beijing,ZBAA,2026-09-11,highest_temperature,C,4400146,beijing|2026_09_11|highest_temperature|c|zbaa,exact,29.0,29.0,29.0,29°C,0.087039,0.015,0.03,0.05,0.001455,0.057039,0.055584,32.284833,3,31.0,30.8,31.3,0.2646,13.0,2026-09-10T21:30:00.000Z,PAPER_BUY,model_probability=0.0870; entry=0.0300; gross_edge=0.0570; fee=0.00145; net_ev=0.0556; entry_source=ask; fee_source=market
2026-09-10T21:54:54.638518+00:00,Miami,KMIA,2026-09-12,lowest_temperature,F,4433926,miami|2026_09_12|lowest_temperature|f|kmia,range,,78.0,79.0,78-79°F,0.467204,0.31,0.4,0.05,0.012,0.067204,0.055204,1.47,3,25.5,25.1,26.3,0.6928,29.4,2026-09-10T21:00:00.000Z,PAPER_BUY,model_probability=0.4672; entry=0.4000; gross_edge=0.0672; fee=0.01200; net_ev=0.0552; entry_source=ask; fee_source=market
2026-09-10T21:54:54.642711+00:00,Sao Paulo,SBGR,2026-09-12,highest_temperature,C,4437491,sao_paulo|2026_09_12|highest_temperature|c|sbgr,exact,24.0,24.0,24.0,24°C,0.23212,0.14,0.17,0.05,0.007055,0.06212,0.055065,4.840853,3,24.0,22.3,24.9,1.4731,17.0,2026-09-10T21:00:00.000Z,PAPER_BUY,model_probability=0.2321; entry=0.1700; gross_edge=0.0621; fee=0.00706; net_ev=0.0551; entry_source=ask; fee_source=market
2026-09-10T21:54:54.628331+00:00,Buenos Aires,SAEZ,2026-09-11,highest_temperature,C,4405110,buenos_aires|2026_09_11|highest_temperature|c|saez,exact,17.0,17.0,17.0,17°C,0.107339,0.045,0.05,0.05,0.002375,0.057339,0.054964,18.9525,3,18.8333,17.7,19.5,0.9866,19.0,2026-09-10T21:00:00.000Z,PAPER_BUY,model_probability=0.1073; entry=0.0500; gross_edge=0.0573; fee=0.00238; net_ev=0.0550; entry_source=ask; fee_source=market
2026-09-10T21:54:54.629509+00:00,Seoul (Incheon),RKSI,2026-09-12,lowest_temperature,C,4430369,seoul_incheon|2026_09_12|lowest_temperature|c|rksi,exact,20.0,20.0,20.0,20°C,0.169756,0.085,0.11,0.05,0.004895,0.059756,0.054861,8.046409,3,19.6,17.3,20.9,1.9975,16.0,2026-09-10T21:30:00.000Z,PAPER_BUY,model_probability=0.1698; entry=0.1100; gross_edge=0.0598; fee=0.00490; net_ev=0.0549; entry_source=ask; fee_source=market
2026-09-10T21:54:54.628532+00:00,Toronto,CYYZ,2026-09-11,highest_temperature,C,4405126,toronto|2026_09_11|highest_temperature|c|cyyz,exact,26.0,26.0,26.0,26°C,0.062937,0.004,0.008,0.05,0.0003968,0.054937,0.05454,123.9504,3,23.7667,23.3,24.0,0.4041,23.0,2026-09-10T21:00:00.000Z,PAPER_BUY,model_probability=0.0629; entry=0.0080; gross_edge=0.0549; fee=0.00040; net_ev=0.0545; entry_source=ask; fee_source=market
2026-09-10T21:54:54.622422+00:00,Busan,RKPK,2026-09-11,highest_temperature,C,4400218,busan|2026_09_11|highest_temperature|c|rkpk,or_higher,31.0,31.0,,31°C or higher,0.099291,0.0325,0.044,0.05,0.0021032,0.055291,0.053188,21.679473,3,28.5,27.1,29.8,1.3528,19.0,2026-09-10T21:00:00.000Z,PAPER_BUY,model_probability=0.0993; entry=0.0440; gross_edge=0.0553; fee=0.00210; net_ev=0.0532; entry_source=ask; fee_source=market
2026-09-10T21:54:54.634259+00:00,Lucknow,VILK,2026-09-12,highest_temperature,C,4431239,lucknow|2026_09_12|highest_temperature|c|vilk,exact,30.0,30.0,30.0,30°C,0.094861,0.02,0.04,0.05,0.00192,0.054861,0.052941,23.952,3,31.9333,31.4,32.8,0.7572,27.0,2026-09-10T21:30:00.000Z,PAPER_BUY,model_probability=0.0949; entry=0.0400; gross_edge=0.0549; fee=0.00192; net_ev=0.0529; entry_source=ask; fee_source=market
2026-09-10T21:54:54.611268+00:00,Atlanta,KATL,2026-09-10,lowest_temperature,F,4358880,atlanta|2026_09_10|lowest_temperature|f|katl,range,,76.0,77.0,76-77°F,0.053693,0.0005,0.001,0.05,4.995e-05,0.052693,0.052643,998.95005,3,22.0333,21.1,22.5,0.8083,31.7,2026-09-10T22:00:00.000Z,PAPER_BUY,model_probability=0.0537; entry=0.0010; gross_edge=0.0527; fee=0.00005; net_ev=0.0526; entry_source=ask; fee_source=market
2026-09-10T21:54:54.640785+00:00,Seattle,KSEA,2026-09-12,highest_temperature,F,4436694,seattle|2026_09_12|highest_temperature|f|ksea,range,,64.0,65.0,64-65°F,0.382943,0.21,0.32,0.05,0.01088,0.062943,0.052063,2.091,3,18.9333,18.6,19.1,0.2887,20.0,2026-09-10T21:00:00.000Z,PAPER_BUY,model_probability=0.3829; entry=0.3200; gross_edge=0.0629; fee=0.01088; net_ev=0.0521; entry_source=ask; fee_source=market
2026-09-10T21:54:54.638853+00:00,Austin,KAUS,2026-09-12,lowest_temperature,F,4433950,austin|2026_09_12|lowest_temperature|f|kaus,range,,78.0,79.0,78-79°F,0.463931,0.22,0.4,0.05,0.012,0.063931,0.051931,1.47,3,25.4667,25.3,25.8,0.2887,37.2,2026-09-10T21:00:00.000Z,PAPER_BUY,model_probability=0.4639; entry=0.4000; gross_edge=0.0639; fee=0.01200; net_ev=0.0519; entry_source=ask; fee_source=market
2026-09-10T21:54:54.620385+00:00,Lucknow,VILK,2026-09-11,highest_temperature,C,4400006,lucknow|2026_09_11|highest_temperature|c|vilk,exact,30.0,30.0,30.0,30°C,0.083283,0.025,0.03,0.05,0.001455,0.053283,0.051828,32.284833,3,32.0333,31.7,32.2,0.2887,27.0,2026-09-10T21:30:00.000Z,PAPER_BUY,model_probability=0.0833; entry=0.0300; gross_edge=0.0533; fee=0.00145; net_ev=0.0518; entry_source=ask; fee_source=market
2026-09-10T21:54:54.623471+00:00,Qingdao,ZSQD,2026-09-11,highest_temperature,C,4400294,qingdao|2026_09_11|highest_temperature|c|zsqd,exact,30.0,30.0,30.0,30°C,0.072638,0.01,0.02,0.05,0.00098,0.052638,0.051658,48.951,3,27.8667,27.3,28.8,0.8145,14.0,2026-09-10T21:00:00.000Z,PAPER_BUY,model_probability=0.0726; entry=0.0200; gross_edge=0.0526; fee=0.00098; net_ev=0.0517; entry_source=ask; fee_source=market
2026-09-10T21:54:54.633555+00:00,London,EGLC,2026-09-12,highest_temperature,C,4431190,london|2026_09_12|highest_temperature|c|eglc,or_higher,27.0,27.0,,27°C or higher,0.053429,0.0015,0.002,0.05,9.98e-05,0.051429,0.05133,498.9501,3,23.7,22.3,25.3,1.51,17.0,2026-09-10T22:00:00.000Z,PAPER_BUY,model_probability=0.0534; entry=0.0020; gross_edge=0.0514; fee=0.00010; net_ev=0.0513; entry_source=ask; fee_source=market
2026-09-10T21:54:54.629542+00:00,Seoul (Incheon),RKSI,2026-09-12,lowest_temperature,C,4430372,seoul_incheon|2026_09_12|lowest_temperature|c|rksi,or_higher,23.0,23.0,,23°C or higher,0.103394,0.025,0.05,0.05,0.002375,0.053394,0.051019,18.9525,3,19.6,17.3,20.9,1.9975,16.0,2026-09-10T21:30:00.000Z,PAPER_BUY,model_probability=0.1034; entry=0.0500; gross_edge=0.0534; fee=0.00238; net_ev=0.0510; entry_source=ask; fee_source=market
2026-09-10T21:54:54.619754+00:00,Paris,LFPB,2026-09-11,highest_temperature,C,4399961,paris|2026_09_11|highest_temperature|c|lfpb,exact,22.0,22.0,22.0,22°C,0.082421,0.025,0.03,0.05,0.001455,0.052421,0.050966,32.284833,3,24.4,23.5,26.0,1.3892,14.0,2026-09-10T21:30:00.000Z,PAPER_BUY,model_probability=0.0824; entry=0.0300; gross_edge=0.0524; fee=0.00145; net_ev=0.0510; entry_source=ask; fee_source=market
2026-09-10T21:54:54.619349+00:00,Karachi,OPKC,2026-09-11,lowest_temperature,C,4399466,karachi|2026_09_11|lowest_temperature|c|opkc,exact,28.0,28.0,28.0,28°C,0.051827,0.0005,0.001,0.05,4.995e-05,0.050827,0.050777,998.95005,3,24.5333,23.3,26.7,1.8824,27.0,2026-09-10T21:30:00.000Z,PAPER_BUY,model_probability=0.0518; entry=0.0010; gross_edge=0.0508; fee=0.00005; net_ev=0.0508; entry_source=ask; fee_source=market
2026-09-10T21:54:54.623581+00:00,Karachi,OPKC,2026-09-11,highest_temperature,C,4400301,karachi|2026_09_11|highest_temperature|c|opkc,exact,32.0,32.0,32.0,32°C,0.176042,0.1,0.12,0.05,0.00528,0.056042,0.050762,7.289333,3,32.6333,30.5,34.0,1.8717,27.0,2026-09-10T21:30:00.000Z,PAPER_BUY,model_probability=0.1760; entry=0.1200; gross_edge=0.0560; fee=0.00528; net_ev=0.0508; entry_source=ask; fee_source=market
2026-09-10T21:54:54.620216+00:00,Wellington,NZWN,2026-09-11,highest_temperature,C,4399993,wellington|2026_09_11|highest_temperature|c|nzwn,exact,11.0,11.0,11.0,11°C,0.051457,0.0005,0.001,0.05,4.995e-05,0.050457,0.050407,998.95005,3,13.3667,12.7,13.8,0.5859,11.0,2026-09-10T21:30:00.000Z,PAPER_BUY,model_probability=0.0515; entry=0.0010; gross_edge=0.0505; fee=0.00005; net_ev=0.0504; entry_source=ask; fee_source=market
2026-09-10T21:54:54.629009+00:00,Zhengzhou,ZHCC,2026-09-11,lowest_temperature,C,4430334,zhengzhou|2026_09_11|lowest_temperature|c|zhcc,exact,20.0,20.0,20.0,20°C,0.051457,0.0005,0.001,0.05,4.995e-05,0.050457,0.050407,998.95005,3,17.6333,17.2,18.2,0.5132,18.0,2026-09-10T21:00:00.000Z,PAPER_BUY,model_probability=0.0515; entry=0.0010; gross_edge=0.0505; fee=0.00005; net_ev=0.0504; entry_source=ask; fee_source=market
2026-09-10T21:54:54.625879+00:00,New York City,KLGA,2026-09-11,highest_temperature,F,4402218,new_york_city|2026_09_11|highest_temperature|f|klga,range,,86.0,87.0,86-87°F,0.071242,0.01,0.02,0.05,0.00098,0.051242,0.050262,48.951,3,27.7667,27.1,28.1,0.5774,30.0,2026-09-10T21:00:00.000Z,PAPER_BUY,model_probability=0.0712; entry=0.0200; gross_edge=0.0512; fee=0.00098; net_ev=0.0503; entry_source=ask; fee_source=market
2026-09-10T21:54:54.635441+00:00,Chongqing,ZUCK,2026-09-12,highest_temperature,C,4431365,chongqing|2026_09_12|highest_temperature|c|zuck,exact,27.0,27.0,27.0,27°C,0.247769,0.185,0.19,0.05,0.007695,0.057769,0.050074,4.222658,3,27.9,27.4,28.3,0.4583,20.0,2026-09-10T21:00:00.000Z,PAPER_BUY,model_probability=0.2478; entry=0.1900; gross_edge=0.0578; fee=0.00770; net_ev=0.0501; entry_source=ask; fee_source=market
2026-09-10T21:54:54.610777+00:00,Denver,KBKF,2026-09-10,highest_temperature,F,4358685,denver|2026_09_10|highest_temperature|f|kbkf,range,,90.0,91.0,90-91°F,0.17475,0.095,0.12,0.05,0.00528,0.05475,0.04947,7.289333,3,30.6667,30.6,30.8,0.1155,30.4,2026-09-10T21:00:00.000Z,PAPER_BUY,model_probability=0.1747; entry=0.1200; gross_edge=0.0547; fee=0.00528; net_ev=0.0495; entry_source=ask; fee_source=market
2026-09-10T21:54:54.636218+00:00,Busan,RKPK,2026-09-12,highest_temperature,C,4431446,busan|2026_09_12|highest_temperature|c|rkpk,exact,27.0,27.0,27.0,27°C,0.090994,0.03,0.04,0.05,0.00192,0.050994,0.049074,23.952,3,29.1333,28.2,30.5,1.2097,19.0,2026-09-10T21:00:00.000Z,PAPER_BUY,model_probability=0.0910; entry=0.0400; gross_edge=0.0510; fee=0.00192; net_ev=0.0491; entry_source=ask; fee_source=market
2026-09-10T21:54:54.621125+00:00,Milan,LIMC,2026-09-11,highest_temperature,C,4400091,milan|2026_09_11|highest_temperature|c|limc,exact,22.0,22.0,22.0,22°C,0.069299,0.01,0.02,0.05,0.00098,0.049299,0.048319,48.951,3,24.1667,23.6,24.7,0.5508,19.0,2026-09-10T21:20:00.000Z,PAPER_BUY,model_probability=0.0693; entry=0.0200; gross_edge=0.0493; fee=0.00098; net_ev=0.0483; entry_source=ask; fee_source=market
2026-09-10T21:54:54.635884+00:00,Chengdu,ZUUU,2026-09-12,highest_temperature,C,4431398,chengdu|2026_09_12|highest_temperature|c|zuuu,exact,21.0,21.0,21.0,21°C,0.089829,0.035,0.04,0.05,0.00192,0.049829,0.047909,23.952,3,23.5667,21.5,24.8,1.8009,19.0,2026-09-10T21:00:00.000Z,PAPER_BUY,model_probability=0.0898; entry=0.0400; gross_edge=0.0498; fee=0.00192; net_ev=0.0479; entry_source=ask; fee_source=market
2026-09-10T21:54:54.622206+00:00,Shenzhen,ZGSZ,2026-09-11,highest_temperature,C,4400179,shenzhen|2026_09_11|highest_temperature|c|zgsz,exact,30.0,30.0,30.0,30°C,0.121069,0.055,0.07,0.05,0.003255,0.051069,0.047814,13.239214,3,31.8333,31.0,33.2,1.193,26.0,2026-09-10T21:00:00.000Z,PAPER_BUY,model_probability=0.1211; entry=0.0700; gross_edge=0.0511; fee=0.00326; net_ev=0.0478; entry_source=ask; fee_source=market
2026-09-10T21:54:54.633641+00:00,Paris,LFPB,2026-09-12,highest_temperature,C,4431195,paris|2026_09_12|highest_temperature|c|lfpb,exact,24.0,24.0,24.0,24°C,0.203837,0.135,0.15,0.05,0.006375,0.053837,0.047462,5.624167,3,24.8333,23.6,26.5,1.4978,14.0,2026-09-10T21:30:00.000Z,PAPER_BUY,model_probability=0.2038; entry=0.1500; gross_edge=0.0538; fee=0.00637; net_ev=0.0475; entry_source=ask; fee_source=market
2026-09-10T21:54:54.619809+00:00,Paris,LFPB,2026-09-11,highest_temperature,C,4399966,paris|2026_09_11|highest_temperature|c|lfpb,exact,27.0,27.0,27.0,27°C,0.068181,0.015,0.02,0.05,0.00098,0.048181,0.047201,48.951,3,24.4,23.5,26.0,1.3892,14.0,2026-09-10T21:30:00.000Z,PAPER_BUY,model_probability=0.0682; entry=0.0200; gross_edge=0.0482; fee=0.00098; net_ev=0.0472; entry_source=ask; fee_source=market
2026-09-10T21:54:54.619658+00:00,London,EGLC,2026-09-11,highest_temperature,C,4399955,london|2026_09_11|highest_temperature|c|eglc,exact,24.0,24.0,24.0,24°C,0.120311,0.065,0.07,0.05,0.003255,0.050311,0.047056,13.239214,3,22.1,21.3,23.6,1.3,17.0,2026-09-10T22:00:00.000Z,PAPER_BUY,model_probability=0.1203; entry=0.0700; gross_edge=0.0503; fee=0.00326; net_ev=0.0471; entry_source=ask; fee_source=market
2026-09-10T21:54:54.621860+00:00,Wuhan,ZHHH,2026-09-11,highest_temperature,C,4400154,wuhan|2026_09_11|highest_temperature|c|zhhh,exact,25.0,25.0,25.0,25°C,0.048841,0.0015,0.002,0.05,9.98e-05,0.046841,0.046741,498.9501,3,27.4,27.2,27.6,0.2,18.0,2026-09-10T21:00:00.000Z,PAPER_BUY,model_probability=0.0488; entry=0.0020; gross_edge=0.0468; fee=0.00010; net_ev=0.0467; entry_source=ask; fee_source=market
2026-09-10T21:54:54.634081+00:00,Wellington,NZWN,2026-09-12,highest_temperature,C,4431227,wellington|2026_09_12|highest_temperature|c|nzwn,exact,11.0,11.0,11.0,11°C,0.056992,0.006,0.01,0.05,0.000495,0.046992,0.046497,98.9505,3,13.3,13.0,13.8,0.4359,11.0,2026-09-10T21:30:00.000Z,PAPER_BUY,model_probability=0.0570; entry=0.0100; gross_edge=0.0470; fee=0.00049; net_ev=0.0465; entry_source=ask; fee_source=market
2026-09-10T21:54:54.623078+00:00,Cape Town,FACT,2026-09-11,highest_temperature,C,4400265,cape_town|2026_09_11|highest_temperature|c|fact,exact,19.0,19.0,19.0,19°C,0.087444,0.025,0.04,0.05,0.00192,0.047444,0.045524,23.952,3,21.6,19.6,23.0,1.7776,16.0,2026-09-10T21:00:00.000Z,PAPER_BUY,model_probability=0.0874; entry=0.0400; gross_edge=0.0474; fee=0.00192; net_ev=0.0455; entry_source=ask; fee_source=market
2026-09-10T21:54:54.608303+00:00,Milan,LIMC,2026-09-10,lowest_temperature,C,4355667,milan|2026_09_10|lowest_temperature|c|limc,exact,19.0,19.0,19.0,19°C,0.046324,0.0005,0.001,0.05,4.995e-05,0.045324,0.045274,998.95005,3,16.5667,16.4,16.9,0.2887,19.0,2026-09-10T21:20:00.000Z,PAPER_BUY,model_probability=0.0463; entry=0.0010; gross_edge=0.0453; fee=0.00005; net_ev=0.0453; entry_source=ask; fee_source=market
2026-09-10T21:54:54.636536+00:00,Helsinki,EFHK,2026-09-12,highest_temperature,C,4431470,helsinki|2026_09_12|highest_temperature|c|efhk,exact,15.0,15.0,15.0,15°C,0.149498,0.08,0.1,0.05,0.0045,0.049498,0.044998,8.955,3,16.5333,15.7,17.1,0.7371,12.0,2026-09-10T22:00:00.000Z,PAPER_BUY,model_probability=0.1495; entry=0.1000; gross_edge=0.0495; fee=0.00450; net_ev=0.0450; entry_source=ask; fee_source=market
2026-09-10T21:54:54.622239+00:00,Shenzhen,ZGSZ,2026-09-11,highest_temperature,C,4400182,shenzhen|2026_09_11|highest_temperature|c|zgsz,exact,33.0,33.0,33.0,33°C,0.20129,0.13,0.15,0.05,0.006375,0.05129,0.044915,5.624167,3,31.8333,31.0,33.2,1.193,26.0,2026-09-10T21:00:00.000Z,PAPER_BUY,model_probability=0.2013; entry=0.1500; gross_edge=0.0513; fee=0.00637; net_ev=0.0449; entry_source=ask; fee_source=market
2026-09-10T21:54:54.622550+00:00,Amsterdam,EHAM,2026-09-11,highest_temperature,C,4400227,amsterdam|2026_09_11|highest_temperature|c|eham,exact,22.0,22.0,22.0,22°C,0.076081,0.02,0.03,0.05,0.001455,0.046081,0.044626,32.284833,3,19.9,19.2,20.8,0.8185,16.0,2026-09-10T21:25:00.000Z,PAPER_BUY,model_probability=0.0761; entry=0.0300; gross_edge=0.0461; fee=0.00145; net_ev=0.0446; entry_source=ask; fee_source=market
2026-09-10T21:54:54.640317+00:00,Seattle,KSEA,2026-09-12,lowest_temperature,F,4436284,seattle|2026_09_12|lowest_temperature|f|ksea,range,,54.0,55.0,54-55°F,0.456533,0.26,0.4,0.05,0.012,0.056533,0.044533,1.47,3,12.0667,11.5,13.2,0.9815,20.0,2026-09-10T21:00:00.000Z,PAPER_BUY,model_probability=0.4565; entry=0.4000; gross_edge=0.0565; fee=0.01200; net_ev=0.0445; entry_source=ask; fee_source=market
2026-09-10T21:54:54.624374+00:00,Denver,KBKF,2026-09-11,highest_temperature,F,4401462,denver|2026_09_11|highest_temperature|f|kbkf,range,,84.0,85.0,84-85°F,0.065355,0.015,0.02,0.05,0.00098,0.045355,0.044375,48.951,3,31.7333,31.5,32.2,0.4041,30.4,2026-09-10T21:00:00.000Z,PAPER_BUY,model_probability=0.0654; entry=0.0200; gross_edge=0.0454; fee=0.00098; net_ev=0.0444; entry_source=ask; fee_source=market
2026-09-10T21:54:54.633543+00:00,London,EGLC,2026-09-12,highest_temperature,C,4431189,london|2026_09_12|highest_temperature|c|eglc,exact,26.0,26.0,26.0,26°C,0.096534,0.04,0.05,0.05,0.002375,0.046534,0.044159,18.9525,3,23.7,22.3,25.3,1.51,17.0,2026-09-10T22:00:00.000Z,PAPER_BUY,model_probability=0.0965; entry=0.0500; gross_edge=0.0465; fee=0.00238; net_ev=0.0442; entry_source=ask; fee_source=market
2026-09-10T21:54:54.621290+00:00,Madrid,LEMD,2026-09-11,highest_temperature,C,4400101,madrid|2026_09_11|highest_temperature|c|lemd,exact,28.0,28.0,28.0,28°C,0.062937,0.009,0.018,0.05,0.0008838,0.044937,0.044053,54.506456,3,30.2333,29.8,30.6,0.4041,20.0,2026-09-10T21:30:00.000Z,PAPER_BUY,model_probability=0.0629; entry=0.0180; gross_edge=0.0449; fee=0.00088; net_ev=0.0441; entry_source=ask; fee_source=market
2026-09-10T21:54:54.641173+00:00,San Francisco,KSFO,2026-09-12,highest_temperature,F,4436820,san_francisco|2026_09_12|highest_temperature|f|ksfo,range,,76.0,77.0,76-77°F,0.075245,0.015,0.03,0.05,0.001455,0.045245,0.04379,32.284833,3,21.8333,20.3,22.6,1.3279,28.9,2026-09-10T21:00:00.000Z,PAPER_BUY,model_probability=0.0752; entry=0.0300; gross_edge=0.0452; fee=0.00145; net_ev=0.0438; entry_source=ask; fee_source=market
2026-09-10T21:54:54.616771+00:00,Singapore,WSSS,2026-09-11,lowest_temperature,C,4399247,singapore|2026_09_11|lowest_temperature|c|wsss,exact,29.0,29.0,29.0,29°C,0.044727,0.0005,0.001,0.05,4.995e-05,0.043727,0.043677,998.95005,3,26.5333,25.5,27.6,1.0504,28.0,2026-09-10T21:30:00.000Z,PAPER_BUY,model_probability=0.0447; entry=0.0010; gross_edge=0.0437; fee=0.00005; net_ev=0.0437; entry_source=ask; fee_source=market
2026-09-10T21:54:54.626125+00:00,Austin,KAUS,2026-09-11,highest_temperature,F,4402234,austin|2026_09_11|highest_temperature|f|kaus,range,,92.0,93.0,92-93°F,0.050807,0.0045,0.007,0.05,0.00034755,0.043807,0.04346,141.807493,3,36.3333,36.2,36.4,0.1155,37.2,2026-09-10T21:00:00.000Z,PAPER_BUY,model_probability=0.0508; entry=0.0070; gross_edge=0.0438; fee=0.00035; net_ev=0.0435; entry_source=ask; fee_source=market
2026-09-10T21:54:54.619918+00:00,Seoul (Incheon),RKSI,2026-09-11,highest_temperature,C,4399973,seoul_incheon|2026_09_11|highest_temperature|c|rksi,exact,24.0,24.0,24.0,24°C,0.322608,0.265,0.27,0.05,0.009855,0.052608,0.042753,2.667204,3,23.9333,23.6,24.5,0.4933,16.0,2026-09-10T21:30:00.000Z,PAPER_BUY,model_probability=0.3226; entry=0.2700; gross_edge=0.0526; fee=0.00986; net_ev=0.0428; entry_source=ask; fee_source=market
2026-09-10T21:54:54.630384+00:00,Shanghai,ZSPD,2026-09-12,lowest_temperature,C,4430454,shanghai|2026_09_12|lowest_temperature|c|zspd,exact,22.0,22.0,22.0,22°C,0.157419,0.055,0.11,0.05,0.004895,0.047419,0.042524,8.046409,3,23.5333,22.1,24.3,1.2423,24.0,2026-09-10T21:30:00.000Z,PAPER_BUY,model_probability=0.1574; entry=0.1100; gross_edge=0.0474; fee=0.00490; net_ev=0.0425; entry_source=ask; fee_source=market
2026-09-10T21:54:54.635355+00:00,Warsaw,EPWA,2026-09-12,highest_temperature,C,4431349,warsaw|2026_09_12|highest_temperature|c|epwa,exact,22.0,22.0,22.0,22°C,0.072638,0.025,0.03,0.05,0.001455,0.042638,0.041183,32.284833,3,19.8667,18.7,20.7,1.0408,11.0,2026-09-10T21:30:00.000Z,PAPER_BUY,model_probability=0.0726; entry=0.0300; gross_edge=0.0426; fee=0.00145; net_ev=0.0412; entry_source=ask; fee_source=market
2026-09-10T21:54:54.622368+00:00,Busan,RKPK,2026-09-11,highest_temperature,C,4400213,busan|2026_09_11|highest_temperature|c|rkpk,exact,26.0,26.0,26.0,26°C,0.072388,0.02,0.03,0.05,0.001455,0.042388,0.040933,32.284833,3,28.5,27.1,29.8,1.3528,19.0,2026-09-10T21:00:00.000Z,PAPER_BUY,model_probability=0.0724; entry=0.0300; gross_edge=0.0424; fee=0.00145; net_ev=0.0409; entry_source=ask; fee_source=market
2026-09-10T21:54:54.613854+00:00,Sao Paulo,SBGR,2026-09-10,lowest_temperature,C,4363369,sao_paulo|2026_09_10|lowest_temperature|c|sbgr,exact,20.0,20.0,20.0,20°C,0.041581,0.0005,0.001,0.05,4.995e-05,0.040581,0.040531,998.95005,3,17.5,17.0,17.8,0.4359,17.0,2026-09-10T21:00:00.000Z,PAPER_BUY,model_probability=0.0416; entry=0.0010; gross_edge=0.0406; fee=0.00005; net_ev=0.0405; entry_source=ask; fee_source=market
2026-09-10T21:54:54.614472+00:00,Panama City,MPMG,2026-09-10,lowest_temperature,C,4363413,panama_city|2026_09_10|lowest_temperature|c|mpmg,exact,27.0,27.0,27.0,27°C,0.041581,0.0005,0.001,0.05,4.995e-05,0.040581,0.040531,998.95005,3,24.5,24.1,25.3,0.6928,29.0,2026-09-10T21:00:00.000Z,PAPER_BUY,model_probability=0.0416; entry=0.0010; gross_edge=0.0406; fee=0.00005; net_ev=0.0405; entry_source=ask; fee_source=market
2026-09-10T21:54:54.630224+00:00,Tokyo,RJTT,2026-09-12,lowest_temperature,C,4430431,tokyo|2026_09_12|lowest_temperature|c|rjtt,exact,19.0,19.0,19.0,19°C,0.227697,0.165,0.18,0.05,0.00738,0.047697,0.040317,4.514556,3,20.0333,19.4,20.6,0.6028,19.0,2026-09-10T21:30:00.000Z,PAPER_BUY,model_probability=0.2277; entry=0.1800; gross_edge=0.0477; fee=0.00738; net_ev=0.0403; entry_source=ask; fee_source=market
2026-09-10T21:54:54.633618+00:00,Paris,LFPB,2026-09-12,highest_temperature,C,4431193,paris|2026_09_12|highest_temperature|c|lfpb,exact,22.0,22.0,22.0,22°C,0.061281,0.01,0.02,0.05,0.00098,0.041281,0.040301,48.951,3,24.8333,23.6,26.5,1.4978,14.0,2026-09-10T21:30:00.000Z,PAPER_BUY,model_probability=0.0613; entry=0.0200; gross_edge=0.0413; fee=0.00098; net_ev=0.0403; entry_source=ask; fee_source=market
2026-09-10T21:54:54.630416+00:00,Shanghai,ZSPD,2026-09-12,lowest_temperature,C,4430457,shanghai|2026_09_12|lowest_temperature|c|zspd,exact,25.0,25.0,25.0,25°C,0.165001,0.095,0.12,0.05,0.00528,0.045001,0.039721,7.289333,3,23.5333,22.1,24.3,1.2423,24.0,2026-09-10T21:30:00.000Z,PAPER_BUY,model_probability=0.1650; entry=0.1200; gross_edge=0.0450; fee=0.00528; net_ev=0.0397; entry_source=ask; fee_source=market
2026-09-10T21:54:54.642843+00:00,Buenos Aires,SAEZ,2026-09-12,highest_temperature,C,4437500,buenos_aires|2026_09_12|highest_temperature|c|saez,exact,11.0,11.0,11.0,11°C,0.309157,0.25,0.26,0.05,0.00962,0.049157,0.039537,2.809154,3,11.3667,11.1,11.7,0.3055,19.0,2026-09-10T21:00:00.000Z,PAPER_BUY,model_probability=0.3092; entry=0.2600; gross_edge=0.0492; fee=0.00962; net_ev=0.0395; entry_source=ask; fee_source=market
2026-09-10T21:54:54.637781+00:00,Dallas,KDAL,2026-09-12,highest_temperature,F,4433719,dallas|2026_09_12|highest_temperature|f|kdal,range,,106.0,107.0,106-107°F,0.070034,0.02,0.03,0.05,0.001455,0.040034,0.038579,32.284833,3,38.8667,38.8,38.9,0.0577,36.7,2026-09-10T21:00:00.000Z,PAPER_BUY,model_probability=0.0700; entry=0.0300; gross_edge=0.0400; fee=0.00145; net_ev=0.0386; entry_source=ask; fee_source=market
2026-09-10T21:54:54.634625+00:00,Tokyo,RJTT,2026-09-12,highest_temperature,C,4431278,tokyo|2026_09_12|highest_temperature|c|rjtt,or_higher,28.0,28.0,,28°C or higher,0.080159,0.02,0.04,0.05,0.00192,0.040159,0.038239,23.952,3,24.2333,21.9,25.5,2.0232,19.0,2026-09-10T21:30:00.000Z,PAPER_BUY,model_probability=0.0802; entry=0.0400; gross_edge=0.0402; fee=0.00192; net_ev=0.0382; entry_source=ask; fee_source=market
2026-09-10T21:54:54.635428+00:00,Chongqing,ZUCK,2026-09-12,highest_temperature,C,4431364,chongqing|2026_09_12|highest_temperature|c|zuck,or_lower,26.0,,26.0,26°C or below,0.121673,0.06,0.08,0.05,0.00368,0.041673,0.037993,11.454,3,27.9,27.4,28.3,0.4583,20.0,2026-09-10T21:00:00.000Z,PAPER_BUY,model_probability=0.1217; entry=0.0800; gross_edge=0.0417; fee=0.00368; net_ev=0.0380; entry_source=ask; fee_source=market
2026-09-10T21:54:54.636431+00:00,Amsterdam,EHAM,2026-09-12,highest_temperature,C,4431463,amsterdam|2026_09_12|highest_temperature|c|eham,exact,24.0,24.0,24.0,24°C,0.058775,0.015,0.02,0.05,0.00098,0.038775,0.037795,48.951,3,21.5,20.3,22.7,1.2,16.0,2026-09-10T21:25:00.000Z,PAPER_BUY,model_probability=0.0588; entry=0.0200; gross_edge=0.0388; fee=0.00098; net_ev=0.0378; entry_source=ask; fee_source=market
2026-09-10T21:54:54.629380+00:00,Paris,LFPB,2026-09-12,lowest_temperature,C,4430360,paris|2026_09_12|lowest_temperature|c|lfpb,exact,17.0,17.0,17.0,17°C,0.069182,0.015,0.03,0.05,0.001455,0.039182,0.037727,32.284833,3,13.5667,12.0,16.7,2.7135,14.0,2026-09-10T21:30:00.000Z,PAPER_BUY,model_probability=0.0692; entry=0.0300; gross_edge=0.0392; fee=0.00145; net_ev=0.0377; entry_source=ask; fee_source=market
2026-09-10T21:54:54.640179+00:00,Houston,KHOU,2026-09-12,highest_temperature,F,4434162,houston|2026_09_12|highest_temperature|f|khou,range,,92.0,93.0,92-93°F,0.449536,0.385,0.4,0.05,0.012,0.049536,0.037536,1.47,3,34.1,32.9,34.7,1.0392,30.6,2026-09-10T21:00:00.000Z,PAPER_BUY,model_probability=0.4495; entry=0.4000; gross_edge=0.0495; fee=0.01200; net_ev=0.0375; entry_source=ask; fee_source=market
2026-09-10T21:54:54.621313+00:00,Madrid,LEMD,2026-09-11,highest_temperature,C,4400103,madrid|2026_09_11|highest_temperature|c|lemd,exact,30.0,30.0,30.0,30°C,0.317367,0.265,0.27,0.05,0.009855,0.047367,0.037512,2.667204,3,30.2333,29.8,30.6,0.4041,20.0,2026-09-10T21:30:00.000Z,PAPER_BUY,model_probability=0.3174; entry=0.2700; gross_edge=0.0474; fee=0.00986; net_ev=0.0375; entry_source=ask; fee_source=market
2026-09-10T21:54:54.626978+00:00,Seattle,KSEA,2026-09-11,highest_temperature,F,4404574,seattle|2026_09_11|highest_temperature|f|ksea,range,,70.0,71.0,70-71°F,0.183506,0.13,0.14,0.05,0.00602,0.043506,0.037486,6.099857,3,19.6,19.5,19.8,0.1732,20.0,2026-09-10T21:00:00.000Z,PAPER_BUY,model_probability=0.1835; entry=0.1400; gross_edge=0.0435; fee=0.00602; net_ev=0.0375; entry_source=ask; fee_source=market
2026-09-10T21:54:54.616145+00:00,Lucknow,VILK,2026-09-11,lowest_temperature,C,4399180,lucknow|2026_09_11|lowest_temperature|c|vilk,exact,29.0,29.0,29.0,29°C,0.037214,0.0005,0.001,0.05,4.995e-05,0.036214,0.036164,998.95005,3,26.4333,26.3,26.6,0.1528,27.0,2026-09-10T21:30:00.000Z,PAPER_BUY,model_probability=0.0372; entry=0.0010; gross_edge=0.0362; fee=0.00005; net_ev=0.0362; entry_source=ask; fee_source=market
2026-09-10T21:54:54.625376+00:00,Austin,KAUS,2026-09-11,lowest_temperature,F,4401798,austin|2026_09_11|lowest_temperature|f|kaus,range,,78.0,79.0,78-79°F,0.44805,0.27,0.4,0.05,0.012,0.04805,0.03605,1.47,3,25.3333,24.6,25.7,0.6351,37.2,2026-09-10T21:00:00.000Z,PAPER_BUY,model_probability=0.4480; entry=0.4000; gross_edge=0.0480; fee=0.01200; net_ev=0.0360; entry_source=ask; fee_source=market
2026-09-10T21:54:54.628015+00:00,Panama City,MPMG,2026-09-11,lowest_temperature,C,4404913,panama_city|2026_09_11|lowest_temperature|c|mpmg,exact,23.0,23.0,23.0,23°C,0.190967,0.075,0.15,0.05,0.006375,0.040967,0.034592,5.624167,3,24.2667,23.9,24.6,0.3512,29.0,2026-09-10T21:00:00.000Z,PAPER_BUY,model_probability=0.1910; entry=0.1500; gross_edge=0.0410; fee=0.00637; net_ev=0.0346; entry_source=ask; fee_source=market
2026-09-10T21:54:54.636568+00:00,Helsinki,EFHK,2026-09-12,highest_temperature,C,4431473,helsinki|2026_09_12|highest_temperature|c|efhk,exact,18.0,18.0,18.0,18°C,0.159631,0.105,0.12,0.05,0.00528,0.039631,0.034351,7.289333,3,16.5333,15.7,17.1,0.7371,12.0,2026-09-10T22:00:00.000Z,PAPER_BUY,model_probability=0.1596; entry=0.1200; gross_edge=0.0396; fee=0.00528; net_ev=0.0344; entry_source=ask; fee_source=market
2026-09-10T21:54:54.634547+00:00,Tokyo,RJTT,2026-09-12,highest_temperature,C,4431271,tokyo|2026_09_12|highest_temperature|c|rjtt,exact,21.0,21.0,21.0,21°C,0.065748,0.02,0.03,0.05,0.001455,0.035748,0.034293,32.284833,3,24.2333,21.9,25.5,2.0232,19.0,2026-09-10T21:30:00.000Z,PAPER_BUY,model_probability=0.0657; entry=0.0300; gross_edge=0.0357; fee=0.00145; net_ev=0.0343; entry_source=ask; fee_source=market
2026-09-10T21:54:54.608922+00:00,Cape Town,FACT,2026-09-10,lowest_temperature,C,4355893,cape_town|2026_09_10|lowest_temperature|c|fact,exact,17.0,17.0,17.0,17°C,0.035167,0.0005,0.001,0.05,4.995e-05,0.034167,0.034117,998.95005,3,14.4,13.9,15.0,0.5568,16.0,2026-09-10T21:00:00.000Z,PAPER_BUY,model_probability=0.0352; entry=0.0010; gross_edge=0.0342; fee=0.00005; net_ev=0.0341; entry_source=ask; fee_source=market
2026-09-10T21:54:54.613337+00:00,Seattle,KSEA,2026-09-10,highest_temperature,F,4362158,seattle|2026_09_10|highest_temperature|f|ksea,range,,64.0,65.0,64-65°F,0.034532,0.0005,0.001,0.05,4.995e-05,0.033532,0.033482,998.95005,3,21.0,20.6,21.2,0.3464,20.0,2026-09-10T21:00:00.000Z,PAPER_BUY,model_probability=0.0345; entry=0.0010; gross_edge=0.0335; fee=0.00005; net_ev=0.0335; entry_source=ask; fee_source=market
2026-09-10T21:54:54.621417+00:00,Warsaw,EPWA,2026-09-11,highest_temperature,C,4400110,warsaw|2026_09_11|highest_temperature|c|epwa,exact,15.0,15.0,15.0,15°C,0.039351,0.0035,0.006,0.05,0.0002982,0.033351,0.033053,165.616967,3,17.5333,16.4,18.1,0.9815,11.0,2026-09-10T21:30:00.000Z,PAPER_BUY,model_probability=0.0394; entry=0.0060; gross_edge=0.0334; fee=0.00030; net_ev=0.0331; entry_source=ask; fee_source=market
2026-09-10T21:54:54.611091+00:00,Dallas,KDAL,2026-09-10,lowest_temperature,F,4358869,dallas|2026_09_10|lowest_temperature|f|kdal,range,,82.0,83.0,82-83°F,0.033844,0.0005,0.001,0.05,4.995e-05,0.032844,0.032794,998.95005,3,25.1,24.8,25.7,0.5196,36.7,2026-09-10T21:00:00.000Z,PAPER_BUY,model_probability=0.0338; entry=0.0010; gross_edge=0.0328; fee=0.00005; net_ev=0.0328; entry_source=ask; fee_source=market
2026-09-10T21:54:54.616471+00:00,Tokyo,RJTT,2026-09-11,lowest_temperature,C,4399214,tokyo|2026_09_11|lowest_temperature|c|rjtt,exact,22.0,22.0,22.0,22°C,0.033208,0.0005,0.001,0.05,4.995e-05,0.032208,0.032158,998.95005,3,19.3667,19.0,19.6,0.3215,19.0,2026-09-10T21:30:00.000Z,PAPER_BUY,model_probability=0.0332; entry=0.0010; gross_edge=0.0322; fee=0.00005; net_ev=0.0322; entry_source=ask; fee_source=market
2026-09-10T21:54:54.636973+00:00,Cape Town,FACT,2026-09-12,highest_temperature,C,4431503,cape_town|2026_09_12|highest_temperature|c|fact,exact,21.0,21.0,21.0,21°C,0.311529,0.265,0.27,0.05,0.009855,0.041529,0.031674,2.667204,3,21.3333,20.6,22.0,0.7024,16.0,2026-09-10T21:00:00.000Z,PAPER_BUY,model_probability=0.3115; entry=0.2700; gross_edge=0.0415; fee=0.00986; net_ev=0.0317; entry_source=ask; fee_source=market
2026-09-10T21:54:54.617989+00:00,Shenzhen,ZGSZ,2026-09-11,lowest_temperature,C,4399345,shenzhen|2026_09_11|lowest_temperature|c|zgsz,exact,27.0,27.0,27.0,27°C,0.03226,0.0005,0.001,0.05,4.995e-05,0.03126,0.031211,998.95005,3,24.2333,23.2,25.4,1.106,26.0,2026-09-10T21:00:00.000Z,PAPER_BUY,model_probability=0.0323; entry=0.0010; gross_edge=0.0313; fee=0.00005; net_ev=0.0312; entry_source=ask; fee_source=market
2026-09-10T21:54:54.629201+00:00,London,EGLC,2026-09-12,lowest_temperature,C,4430347,london|2026_09_12|lowest_temperature|c|eglc,exact,15.0,15.0,15.0,15°C,0.218578,0.11,0.18,0.05,0.00738,0.038578,0.031198,4.514556,3,14.0,12.6,14.8,1.2166,17.0,2026-09-10T22:00:00.000Z,PAPER_BUY,model_probability=0.2186; entry=0.1800; gross_edge=0.0386; fee=0.00738; net_ev=0.0312; entry_source=ask; fee_source=market
2026-09-10T21:54:54.634667+00:00,Shanghai,ZSPD,2026-09-12,highest_temperature,C,4431290,shanghai|2026_09_12|highest_temperature|c|zspd,or_lower,25.0,,25.0,25°C or below,0.03533,0.0025,0.004,0.05,0.0001992,0.03133,0.031131,248.9502,3,27.7,26.5,28.5,1.0583,24.0,2026-09-10T21:30:00.000Z,PAPER_BUY,model_probability=0.0353; entry=0.0040; gross_edge=0.0313; fee=0.00020; net_ev=0.0311; entry_source=ask; fee_source=market
2026-09-10T21:54:54.635007+00:00,Milan,LIMC,2026-09-12,highest_temperature,C,4431324,milan|2026_09_12|highest_temperature|c|limc,exact,22.0,22.0,22.0,22°C,0.051457,0.01,0.02,0.05,0.00098,0.031457,0.030477,48.951,3,24.3667,24.1,24.8,0.3786,19.0,2026-09-10T21:20:00.000Z,PAPER_BUY,model_probability=0.0515; entry=0.0200; gross_edge=0.0315; fee=0.00098; net_ev=0.0305; entry_source=ask; fee_source=market
2026-09-10T21:54:54.618590+00:00,Kuala Lumpur,WMKK,2026-09-11,lowest_temperature,C,4399410,kuala_lumpur|2026_09_11|lowest_temperature|c|wmkk,exact,27.0,27.0,27.0,27°C,0.031335,0.0005,0.001,0.05,4.995e-05,0.030335,0.030285,998.95005,3,24.3333,24.2,24.4,0.1155,25.0,2026-09-10T21:30:00.000Z,PAPER_BUY,model_probability=0.0313; entry=0.0010; gross_edge=0.0303; fee=0.00005; net_ev=0.0303; entry_source=ask; fee_source=market
2026-09-10T21:54:54.630256+00:00,Tokyo,RJTT,2026-09-12,lowest_temperature,C,4430434,tokyo|2026_09_12|lowest_temperature|c|rjtt,exact,22.0,22.0,22.0,22°C,0.090899,0.03,0.06,0.05,0.00282,0.030899,0.028079,15.619667,3,20.0333,19.4,20.6,0.6028,19.0,2026-09-10T21:30:00.000Z,PAPER_BUY,model_probability=0.0909; entry=0.0600; gross_edge=0.0309; fee=0.00282; net_ev=0.0281; entry_source=ask; fee_source=market
2026-09-10T21:54:54.633501+00:00,London,EGLC,2026-09-12,highest_temperature,C,4431185,london|2026_09_12|highest_temperature|c|eglc,exact,22.0,22.0,22.0,22°C,0.142176,0.105,0.11,0.05,0.004895,0.032176,0.027281,8.046409,3,23.7,22.3,25.3,1.51,17.0,2026-09-10T22:00:00.000Z,PAPER_BUY,model_probability=0.1422; entry=0.1100; gross_edge=0.0322; fee=0.00490; net_ev=0.0273; entry_source=ask; fee_source=market
2026-09-10T21:54:54.628026+00:00,Panama City,MPMG,2026-09-11,lowest_temperature,C,4404914,panama_city|2026_09_11|lowest_temperature|c|mpmg,exact,24.0,24.0,24.0,24°C,0.315638,0.14,0.28,0.05,0.01008,0.035638,0.025558,2.535429,3,24.2667,23.9,24.6,0.3512,29.0,2026-09-10T21:00:00.000Z,PAPER_BUY,model_probability=0.3156; entry=0.2800; gross_edge=0.0356; fee=0.01008; net_ev=0.0256; entry_source=ask; fee_source=market
2026-09-10T21:54:54.625364+00:00,Austin,KAUS,2026-09-11,lowest_temperature,F,4401797,austin|2026_09_11|lowest_temperature|f|kaus,range,,76.0,77.0,76-77°F,0.431678,0.295,0.4,0.05,0.012,0.031678,0.019678,1.47,3,25.3333,24.6,25.7,0.6351,37.2,2026-09-10T21:00:00.000Z,PAPER_BUY,model_probability=0.4317; entry=0.4000; gross_edge=0.0317; fee=0.01200; net_ev=0.0197; entry_source=ask; fee_source=market
2026-09-10T21:56:29.735323+00:00,Los Angeles,KLAX,2026-09-10,highest_temperature,F,4362179,los_angeles|2026_09_10|highest_temperature|f|klax,or_higher,94.0,94.0,,94°F or higher,0.770687,0.0055,0.01,0.05,0.000495,0.760687,0.760192,98.9505,3,35.2,34.5,36.6,1.2124,31.1,2026-09-10T21:00:00.000Z,PAPER_BUY,entry=ask; fee_source=market; gross_edge=0.7607; net_ev=0.7602
2026-09-10T21:56:29.747242+00:00,Los Angeles,KLAX,2026-09-11,highest_temperature,F,4404589,los_angeles|2026_09_11|highest_temperature|f|klax,or_higher,90.0,90.0,,90°F or higher,0.483314,0.022,0.037,0.05,0.00178155,0.446314,0.444533,25.978877,3,31.8333,30.5,34.5,2.3094,31.1,2026-09-10T21:00:00.000Z,PAPER_BUY,entry=ask; fee_source=market; gross_edge=0.4463; net_ev=0.4445
2026-09-10T21:56:29.734447+00:00,Austin,KAUS,2026-09-10,highest_temperature,F,4359159,austin|2026_09_10|highest_temperature|f|kaus,range,,96.0,97.0,96-97°F,0.356097,0.0005,0.001,0.05,4.995e-05,0.355097,0.355047,998.95005,3,35.9,35.5,36.7,0.6928,37.2,2026-09-10T21:00:00.000Z,PAPER_BUY,entry=ask; fee_source=market; gross_edge=0.3551; net_ev=0.3550
2026-09-10T21:56:29.733483+00:00,Miami,KMIA,2026-09-10,lowest_temperature,F,4358888,miami|2026_09_10|lowest_temperature|f|kmia,range,,78.0,79.0,78-79°F,0.341449,0.0005,0.001,0.05,4.995e-05,0.340449,0.340399,998.95005,3,25.4667,25.2,26.0,0.4619,29.4,2026-09-10T21:00:00.000Z,PAPER_BUY,entry=ask; fee_source=market; gross_edge=0.3404; net_ev=0.3404
2026-09-10T21:56:29.733778+00:00,Austin,KAUS,2026-09-10,lowest_temperature,F,4358911,austin|2026_09_10|lowest_temperature|f|kaus,range,,76.0,77.0,76-77°F,0.334558,0.0005,0.001,0.05,4.995e-05,0.333558,0.333508,998.95005,3,25.1667,24.7,25.4,0.4041,37.2,2026-09-10T21:00:00.000Z,PAPER_BUY,entry=ask; fee_source=market; gross_edge=0.3336; net_ev=0.3335
2026-09-10T21:56:29.734601+00:00,Houston,KHOU,2026-09-10,highest_temperature,F,4359172,houston|2026_09_10|highest_temperature|f|khou,range,,90.0,91.0,90-91°F,0.353423,0.015,0.02,0.05,0.00098,0.333423,0.332443,48.951,3,32.3333,31.4,32.8,0.8083,30.6,2026-09-10T21:00:00.000Z,PAPER_BUY,entry=ask; fee_source=market; gross_edge=0.3334; net_ev=0.3324
2026-09-10T21:56:29.732668+00:00,Dallas,KDAL,2026-09-10,highest_temperature,F,4358661,dallas|2026_09_10|highest_temperature|f|kdal,range,,96.0,97.0,96-97°F,0.325292,0.0005,0.001,0.05,4.995e-05,0.324292,0.324242,998.95005,3,36.3667,36.3,36.5,0.1155,36.7,2026-09-10T21:00:00.000Z,PAPER_BUY,entry=ask; fee_source=market; gross_edge=0.3243; net_ev=0.3242
2026-09-10T21:56:29.735652+00:00,Buenos Aires,SAEZ,2026-09-10,lowest_temperature,C,4363376,buenos_aires|2026_09_10|lowest_temperature|c|saez,exact,9.0,9.0,9.0,9°C,0.323078,0.0005,0.001,0.05,4.995e-05,0.322078,0.322028,998.95005,3,9.0,8.6,9.2,0.3464,19.0,2026-09-10T21:00:00.000Z,PAPER_BUY,entry=ask; fee_source=market; gross_edge=0.3221; net_ev=0.3220
2026-09-10T21:56:29.731459+00:00,London,EGLC,2026-09-10,highest_temperature,C,4356224,london|2026_09_10|highest_temperature|c|eglc,exact,20.0,20.0,20.0,20°C,0.322021,0.0005,0.001,0.05,4.995e-05,0.321021,0.320971,998.95005,3,20.1,19.0,20.9,0.9849,17.0,2026-09-10T22:00:00.000Z,PAPER_BUY,entry=ask; fee_source=market; gross_edge=0.3210; net_ev=0.3210
2026-09-10T21:56:29.736809+00:00,Panama City,MPMG,2026-09-10,highest_temperature,C,4363793,panama_city|2026_09_10|highest_temperature|c|mpmg,exact,30.0,30.0,30.0,30°C,0.322021,0.0005,0.001,0.05,4.995e-05,0.321021,0.320971,998.95005,3,29.9,29.5,30.3,0.4,29.0,2026-09-10T21:00:00.000Z,PAPER_BUY,entry=ask; fee_source=market; gross_edge=0.3210; net_ev=0.3210
2026-09-10T21:56:29.731996+00:00,Madrid,LEMD,2026-09-10,highest_temperature,C,4356372,madrid|2026_09_10|highest_temperature|c|lemd,exact,27.0,27.0,27.0,27°C,0.321202,0.0005,0.001,0.05,4.995e-05,0.320202,0.320152,998.95005,3,26.8667,26.4,27.7,0.7234,20.0,2026-09-10T21:30:00.000Z,PAPER_BUY,entry=ask; fee_source=market; gross_edge=0.3202; net_ev=0.3202
2026-09-10T21:56:29.738624+00:00,Chongqing,ZUCK,2026-09-11,lowest_temperature,C,4399298,chongqing|2026_09_11|lowest_temperature|c|zuck,exact,20.0,20.0,20.0,20°C,0.320151,0.0005,0.001,0.05,4.995e-05,0.319151,0.319101,998.95005,3,19.8333,19.6,20.2,0.3215,20.0,2026-09-10T21:00:00.000Z,PAPER_BUY,entry=ask; fee_source=market; gross_edge=0.3192; net_ev=0.3191
2026-09-10T21:56:29.740208+00:00,Qingdao,ZSQD,2026-09-11,lowest_temperature,C,4399451,qingdao|2026_09_11|lowest_temperature|c|zsqd,exact,15.0,15.0,15.0,15°C,0.318872,0.0005,0.001,0.05,4.995e-05,0.317872,0.317822,998.95005,3,14.8,13.8,15.8,1.0,14.0,2026-09-10T21:00:00.000Z,PAPER_BUY,entry=ask; fee_source=market; gross_edge=0.3179; net_ev=0.3178
2026-09-10T21:56:29.731057+00:00,Warsaw,EPWA,2026-09-10,lowest_temperature,C,4355725,warsaw|2026_09_10|lowest_temperature|c|epwa,exact,13.0,13.0,13.0,13°C,0.317367,0.0005,0.001,0.05,4.995e-05,0.316367,0.316317,998.95005,3,13.2333,12.1,13.9,0.9866,11.0,2026-09-10T21:30:00.000Z,PAPER_BUY,entry=ask; fee_source=market; gross_edge=0.3164; net_ev=0.3163
2026-09-10T21:56:29.737440+00:00,Wellington,NZWN,2026-09-11,lowest_temperature,C,4399167,wellington|2026_09_11|lowest_temperature|c|nzwn,exact,7.0,7.0,7.0,7°C,0.315638,0.0005,0.001,0.05,4.995e-05,0.314638,0.314588,998.95005,3,6.7333,6.3,7.2,0.4509,11.0,2026-09-10T21:30:00.000Z,PAPER_BUY,entry=ask; fee_source=market; gross_edge=0.3146; net_ev=0.3146
2026-09-10T21:56:29.732279+00:00,Amsterdam,EHAM,2026-09-10,highest_temperature,C,4356497,amsterdam|2026_09_10|highest_temperature|c|eham,exact,19.0,19.0,19.0,19°C,0.311529,0.0005,0.001,0.05,4.995e-05,0.310529,0.310479,998.95005,3,19.3333,18.7,20.2,0.7767,16.0,2026-09-10T21:25:00.000Z,PAPER_BUY,entry=ask; fee_source=market; gross_edge=0.3105; net_ev=0.3105
2026-09-10T21:56:29.730631+00:00,Munich,EDDM,2026-09-10,lowest_temperature,C,4355589,munich|2026_09_10|lowest_temperature|c|eddm,exact,10.0,10.0,10.0,10°C,0.309157,0.0005,0.001,0.05,4.995e-05,0.308157,0.308107,998.95005,3,9.6333,8.8,10.4,0.8021,12.0,2026-09-10T22:00:00.000Z,PAPER_BUY,entry=ask; fee_source=market; gross_edge=0.3082; net_ev=0.3081
2026-09-10T21:56:29.748936+00:00,Zhengzhou,ZHCC,2026-09-11,lowest_temperature,C,4430332,zhengzhou|2026_09_11|lowest_temperature|c|zhcc,exact,18.0,18.0,18.0,18°C,0.309157,0.0005,0.001,0.05,4.995e-05,0.308157,0.308107,998.95005,3,17.6333,17.2,18.2,0.5132,18.0,2026-09-10T21:00:00.000Z,PAPER_BUY,entry=ask; fee_source=market; gross_edge=0.3082; net_ev=0.3081
2026-09-10T21:56:29.733788+00:00,Austin,KAUS,2026-09-10,lowest_temperature,F,4358912,austin|2026_09_10|lowest_temperature|f|kaus,range,,78.0,79.0,78-79°F,0.308898,0.0005,0.001,0.05,4.995e-05,0.307898,0.307848,998.95005,3,25.1667,24.7,25.4,0.4041,37.2,2026-09-10T21:00:00.000Z,PAPER_BUY,entry=ask; fee_source=market; gross_edge=0.3079; net_ev=0.3078
2026-09-10T21:56:29.730799+00:00,Milan,LIMC,2026-09-10,lowest_temperature,C,4355665,milan|2026_09_10|lowest_temperature|c|limc,exact,17.0,17.0,17.0,17°C,0.303802,0.0005,0.001,0.05,4.995e-05,0.302802,0.302752,998.95005,3,16.5667,16.4,16.9,0.2887,19.0,2026-09-10T21:20:00.000Z,PAPER_BUY,entry=ask; fee_source=market; gross_edge=0.3028; net_ev=0.3028
2026-09-10T21:56:29.733070+00:00,New York City,KLGA,2026-09-10,lowest_temperature,F,4358854,new_york_city|2026_09_10|lowest_temperature|f|klga,range,,70.0,71.0,70-71°F,0.320141,0.01,0.02,0.05,0.00098,0.300141,0.299161,48.951,3,21.9667,21.5,22.2,0.4041,30.0,2026-09-10T22:00:00.000Z,PAPER_BUY,entry=ask; fee_source=market; gross_edge=0.3001; net_ev=0.2992
2026-09-10T21:56:29.732821+00:00,Atlanta,KATL,2026-09-10,highest_temperature,F,4358672,atlanta|2026_09_10|highest_temperature|f|katl,range,,88.0,89.0,88-89°F,0.298132,0.0005,0.001,0.05,4.995e-05,0.297132,0.297082,998.95005,3,32.1333,31.8,32.3,0.2887,31.7,2026-09-10T22:00:00.000Z,PAPER_BUY,entry=ask; fee_source=market; gross_edge=0.2971; net_ev=0.2971
2026-09-10T21:56:29.733473+00:00,Miami,KMIA,2026-09-10,lowest_temperature,F,4358887,miami|2026_09_10|lowest_temperature|f|kmia,range,,76.0,77.0,76-77°F,0.298132,0.0005,0.001,0.05,4.995e-05,0.297132,0.297082,998.95005,3,25.4667,25.2,26.0,0.4619,29.4,2026-09-10T21:00:00.000Z,PAPER_BUY,entry=ask; fee_source=market; gross_edge=0.2971; net_ev=0.2971
2026-09-10T21:56:29.735540+00:00,Sao Paulo,SBGR,2026-09-10,lowest_temperature,C,4363367,sao_paulo|2026_09_10|lowest_temperature|c|sbgr,exact,18.0,18.0,18.0,18°C,0.297672,0.0005,0.001,0.05,4.995e-05,0.296672,0.296622,998.95005,3,17.5,17.0,17.8,0.4359,17.0,2026-09-10T21:00:00.000Z,PAPER_BUY,entry=ask; fee_source=market; gross_edge=0.2967; net_ev=0.2966
2026-09-10T21:56:29.731755+00:00,Munich,EDDM,2026-09-10,highest_temperature,C,4356292,munich|2026_09_10|highest_temperature|c|eddm,exact,19.0,19.0,19.0,19°C,0.294331,0.0005,0.001,0.05,4.995e-05,0.293331,0.293281,998.95005,3,18.4667,17.9,18.9,0.5132,12.0,2026-09-10T22:00:00.000Z,PAPER_BUY,entry=ask; fee_source=market; gross_edge=0.2933; net_ev=0.2933
2026-09-10T21:56:29.731345+00:00,Cape Town,FACT,2026-09-10,lowest_temperature,C,4355891,cape_town|2026_09_10|lowest_temperature|c|fact,exact,15.0,15.0,15.0,15°C,0.287135,0.0005,0.001,0.05,4.995e-05,0.286135,0.286085,998.95005,3,14.4,13.9,15.0,0.5568,16.0,2026-09-10T21:00:00.000Z,PAPER_BUY,entry=ask; fee_source=market; gross_edge=0.2861; net_ev=0.2861
2026-09-10T21:56:29.732415+00:00,Cape Town,FACT,2026-09-10,highest_temperature,C,4356542,cape_town|2026_09_10|highest_temperature|c|fact,exact,20.0,20.0,20.0,20°C,0.287135,0.0005,0.001,0.05,4.995e-05,0.286135,0.286085,998.95005,3,19.4,19.1,19.8,0.3606,16.0,2026-09-10T21:00:00.000Z,PAPER_BUY,entry=ask; fee_source=market; gross_edge=0.2861; net_ev=0.2861
2026-09-10T21:56:29.737863+00:00,Tokyo,RJTT,2026-09-11,lowest_temperature,C,4399212,tokyo|2026_09_11|lowest_temperature|c|rjtt,exact,20.0,20.0,20.0,20°C,0.283293,0.0005,0.001,0.05,4.995e-05,0.282293,0.282243,998.95005,3,19.3667,19.0,19.6,0.3215,19.0,2026-09-10T21:30:00.000Z,PAPER_BUY,entry=ask; fee_source=market; gross_edge=0.2823; net_ev=0.2822
2026-09-10T21:56:29.732137+00:00,Warsaw,EPWA,2026-09-10,highest_temperature,C,4356386,warsaw|2026_09_10|highest_temperature|c|epwa,exact,19.0,19.0,19.0,19°C,0.278795,0.0005,0.001,0.05,4.995e-05,0.277795,0.277745,998.95005,3,19.1667,17.8,20.1,1.2097,11.0,2026-09-10T21:30:00.000Z,PAPER_BUY,entry=ask; fee_source=market; gross_edge=0.2778; net_ev=0.2777
2026-09-10T21:56:29.759648+00:00,Los Angeles,KLAX,2026-09-12,highest_temperature,F,4436807,los_angeles|2026_09_12|highest_temperature|f|klax,or_higher,88.0,88.0,,88°F or higher,0.316276,0.03,0.04,0.05,0.00192,0.276276,0.274356,23.952,3,29.5,28.1,32.3,2.4249,31.1,2026-09-10T21:00:00.000Z,PAPER_BUY,entry=ask; fee_source=market; gross_edge=0.2763; net_ev=0.2744
2026-09-10T21:56:29.732571+00:00,New York City,KLGA,2026-09-10,highest_temperature,F,4358654,new_york_city|2026_09_10|highest_temperature|f|klga,range,,90.0,91.0,90-91°F,0.27447,0.0005,0.001,0.05,4.995e-05,0.27347,0.27342,998.95005,3,31.6,31.4,31.7,0.1732,30.0,2026-09-10T22:00:00.000Z,PAPER_BUY,entry=ask; fee_source=market; gross_edge=0.2735; net_ev=0.2734
2026-09-10T21:56:29.737431+00:00,Wellington,NZWN,2026-09-11,lowest_temperature,C,4399166,wellington|2026_09_11|lowest_temperature|c|nzwn,exact,6.0,6.0,6.0,6°C,0.270887,0.0005,0.001,0.05,4.995e-05,0.269887,0.269837,998.95005,3,6.7333,6.3,7.2,0.4509,11.0,2026-09-10T21:30:00.000Z,PAPER_BUY,entry=ask; fee_source=market; gross_edge=0.2699; net_ev=0.2698
2026-09-10T21:56:29.740499+00:00,Manila,RPLL,2026-09-11,lowest_temperature,C,4399476,manila|2026_09_11|lowest_temperature|c|rpll,exact,26.0,26.0,26.0,26°C,0.270887,0.0005,0.001,0.05,4.995e-05,0.269887,0.269837,998.95005,3,25.2667,24.3,26.0,0.8737,25.0,2026-09-10T21:00:00.000Z,PAPER_BUY,entry=ask; fee_source=market; gross_edge=0.2699; net_ev=0.2698
2026-09-10T21:56:29.744937+00:00,New York City,KLGA,2026-09-11,lowest_temperature,F,4401740,new_york_city|2026_09_11|lowest_temperature|f|klga,range,,66.0,67.0,66-67°F,0.32146,0.04,0.05,0.05,0.002375,0.27146,0.269085,18.9525,3,19.7333,19.3,20.6,0.7506,30.0,2026-09-10T22:00:00.000Z,PAPER_BUY,entry=ask; fee_source=market; gross_edge=0.2715; net_ev=0.2691
2026-09-10T21:56:29.732560+00:00,New York City,KLGA,2026-09-10,highest_temperature,F,4358653,new_york_city|2026_09_10|highest_temperature|f|klga,range,,88.0,89.0,88-89°F,0.35151,0.04,0.08,0.05,0.00368,0.27151,0.26783,11.454,3,31.6,31.4,31.7,0.1732,30.0,2026-09-10T22:00:00.000Z,PAPER_BUY,entry=ask; fee_source=market; gross_edge=0.2715; net_ev=0.2678
2026-09-10T21:56:29.756684+00:00,Manila,RPLL,2026-09-12,highest_temperature,C,4431545,manila|2026_09_12|highest_temperature|c|rpll,exact,28.0,28.0,28.0,28°C,0.309157,0.025,0.04,0.05,0.00192,0.269157,0.267237,23.952,3,28.3667,27.9,29.1,0.6429,25.0,2026-09-10T21:00:00.000Z,PAPER_BUY,entry=ask; fee_source=market; gross_edge=0.2692; net_ev=0.2672
2026-09-10T21:56:29.730390+00:00,London,EGLC,2026-09-10,lowest_temperature,C,4355529,london|2026_09_10|lowest_temperature|c|eglc,or_higher,15.0,15.0,,15°C or higher,0.268256,0.0005,0.001,0.05,4.995e-05,0.267256,0.267206,998.95005,3,13.7333,12.5,14.5,1.0786,17.0,2026-09-10T22:00:00.000Z,PAPER_BUY,entry=ask; fee_source=market; gross_edge=0.2673; net_ev=0.2672
2026-09-10T21:56:29.757107+00:00,New York City,KLGA,2026-09-12,lowest_temperature,F,4433892,new_york_city|2026_09_12|lowest_temperature|f|klga,range,,60.0,61.0,60-61°F,0.30844,0.02,0.04,0.05,0.00192,0.26844,0.26652,23.952,3,16.2667,15.6,17.6,1.1547,30.0,2026-09-10T22:00:00.000Z,PAPER_BUY,entry=ask; fee_source=market; gross_edge=0.2684; net_ev=0.2665
2026-09-10T21:56:29.730895+00:00,Madrid,LEMD,2026-09-10,lowest_temperature,C,4355689,madrid|2026_09_10|lowest_temperature|c|lemd,exact,12.0,12.0,12.0,12°C,0.266816,0.0005,0.001,0.05,4.995e-05,0.265816,0.265766,998.95005,3,11.9333,11.1,13.4,1.2741,20.0,2026-09-10T21:30:00.000Z,PAPER_BUY,entry=ask; fee_source=market; gross_edge=0.2658; net_ev=0.2658
2026-09-10T21:56:29.731067+00:00,Warsaw,EPWA,2026-09-10,lowest_temperature,C,4355728,warsaw|2026_09_10|lowest_temperature|c|epwa,exact,14.0,14.0,14.0,14°C,0.266485,0.0005,0.001,0.05,4.995e-05,0.265485,0.265435,998.95005,3,13.2333,12.1,13.9,0.9866,11.0,2026-09-10T21:30:00.000Z,PAPER_BUY,entry=ask; fee_source=market; gross_edge=0.2655; net_ev=0.2654
2026-09-10T21:56:29.730366+00:00,London,EGLC,2026-09-10,lowest_temperature,C,4355527,london|2026_09_10|lowest_temperature|c|eglc,exact,13.0,13.0,13.0,13°C,0.265362,0.0005,0.001,0.05,4.995e-05,0.264362,0.264312,998.95005,3,13.7333,12.5,14.5,1.0786,17.0,2026-09-10T22:00:00.000Z,PAPER_BUY,entry=ask; fee_source=market; gross_edge=0.2644; net_ev=0.2643
2026-09-10T21:56:29.741151+00:00,Wellington,NZWN,2026-09-11,highest_temperature,C,4399995,wellington|2026_09_11|highest_temperature|c|nzwn,exact,13.0,13.0,13.0,13°C,0.309157,0.0365,0.043,0.05,0.00205755,0.266157,0.264099,22.207964,3,13.3667,12.7,13.8,0.5859,11.0,2026-09-10T21:30:00.000Z,PAPER_BUY,entry=ask; fee_source=market; gross_edge=0.2662; net_ev=0.2641
2026-09-10T21:56:29.744647+00:00,Miami,KMIA,2026-09-11,highest_temperature,F,4401451,miami|2026_09_11|highest_temperature|f|kmia,range,,84.0,85.0,84-85°F,0.284917,0.015,0.02,0.05,0.00098,0.264917,0.263937,48.951,3,30.0,29.8,30.4,0.3464,29.4,2026-09-10T21:00:00.000Z,PAPER_BUY,entry=ask; fee_source=market; gross_edge=0.2649; net_ev=0.2639
2026-09-10T21:56:29.736657+00:00,Mexico City,MMMX,2026-09-10,highest_temperature,C,4363782,mexico_city|2026_09_10|highest_temperature|c|mmmx,exact,24.0,24.0,24.0,24°C,0.257331,0.0005,0.001,0.05,4.995e-05,0.256331,0.256281,998.95005,3,24.8333,23.8,25.6,0.9292,23.0,2026-09-10T21:45:00.000Z,PAPER_BUY,entry=ask; fee_source=market; gross_edge=0.2563; net_ev=0.2563
2026-09-10T21:56:29.746344+00:00,Austin,KAUS,2026-09-11,highest_temperature,F,4402236,austin|2026_09_11|highest_temperature|f|kaus,range,,96.0,97.0,96-97°F,0.328933,0.065,0.07,0.05,0.003255,0.258933,0.255678,13.239214,3,36.3333,36.2,36.4,0.1155,37.2,2026-09-10T21:00:00.000Z,PAPER_BUY,entry=ask; fee_source=market; gross_edge=0.2589; net_ev=0.2557
2026-09-10T21:56:29.743843+00:00,Guangzhou,ZGGG,2026-09-11,highest_temperature,C,4400278,guangzhou|2026_09_11|highest_temperature|c|zggg,exact,30.0,30.0,30.0,30°C,0.283293,0.025,0.03,0.05,0.001455,0.253293,0.251838,32.284833,3,30.6333,30.3,31.0,0.3512,25.0,2026-09-10T21:30:00.000Z,PAPER_BUY,entry=ask; fee_source=market; gross_edge=0.2533; net_ev=0.2518
2026-09-10T21:56:29.731987+00:00,Madrid,LEMD,2026-09-10,highest_temperature,C,4356371,madrid|2026_09_10|highest_temperature|c|lemd,exact,26.0,26.0,26.0,26°C,0.252597,0.0005,0.001,0.05,4.995e-05,0.251597,0.251547,998.95005,3,26.8667,26.4,27.7,0.7234,20.0,2026-09-10T21:30:00.000Z,PAPER_BUY,entry=ask; fee_source=market; gross_edge=0.2516; net_ev=0.2515
2026-09-10T21:56:29.736545+00:00,Toronto,CYYZ,2026-09-10,highest_temperature,C,4363772,toronto|2026_09_10|highest_temperature|c|cyyz,exact,26.0,26.0,26.0,26°C,0.263376,0.0065,0.013,0.05,0.00064155,0.250376,0.249735,75.873727,3,25.5,24.1,26.2,1.2124,23.0,2026-09-10T21:00:00.000Z,PAPER_BUY,entry=ask; fee_source=market; gross_edge=0.2504; net_ev=0.2497
2026-09-10T21:56:29.731899+00:00,Milan,LIMC,2026-09-10,highest_temperature,C,4356359,milan|2026_09_10|highest_temperature|c|limc,exact,21.0,21.0,21.0,21°C,0.247769,0.0005,0.001,0.05,4.995e-05,0.246769,0.246719,998.95005,3,21.9,21.4,22.4,0.5,19.0,2026-09-10T21:20:00.000Z,PAPER_BUY,entry=ask; fee_source=market; gross_edge=0.2468; net_ev=0.2467
2026-09-10T21:56:29.736799+00:00,Panama City,MPMG,2026-09-10,highest_temperature,C,4363792,panama_city|2026_09_10|highest_temperature|c|mpmg,exact,29.0,29.0,29.0,29°C,0.247769,0.0005,0.001,0.05,4.995e-05,0.246769,0.246719,998.95005,3,29.9,29.5,30.3,0.4,29.0,2026-09-10T21:00:00.000Z,PAPER_BUY,entry=ask; fee_source=market; gross_edge=0.2468; net_ev=0.2467
2026-09-10T21:56:29.731580+00:00,Paris,LFPB,2026-09-10,highest_temperature,C,4356234,paris|2026_09_10|highest_temperature|c|lfpb,exact,20.0,20.0,20.0,20°C,0.242856,0.0005,0.001,0.05,4.995e-05,0.241856,0.241806,998.95005,3,20.9333,20.3,21.6,0.6506,14.0,2026-09-10T21:30:00.000Z,PAPER_BUY,entry=ask; fee_source=market; gross_edge=0.2419; net_ev=0.2418
2026-09-10T21:56:29.736338+00:00,Buenos Aires,SAEZ,2026-09-10,highest_temperature,C,4363757,buenos_aires|2026_09_10|highest_temperature|c|saez,exact,20.0,20.0,20.0,20°C,0.242856,0.0005,0.001,0.05,4.995e-05,0.241856,0.241806,998.95005,3,20.9333,20.7,21.1,0.2082,19.0,2026-09-10T21:00:00.000Z,PAPER_BUY,entry=ask; fee_source=market; gross_edge=0.2419; net_ev=0.2418
2026-09-10T21:56:29.731209+00:00,Amsterdam,EHAM,2026-09-10,lowest_temperature,C,4355847,amsterdam|2026_09_10|lowest_temperature|c|eham,exact,12.0,12.0,12.0,12°C,0.241815,0.0005,0.001,0.05,4.995e-05,0.240815,0.240765,998.95005,3,12.1667,10.7,13.5,1.4048,16.0,2026-09-10T21:25:00.000Z,PAPER_BUY,entry=ask; fee_source=market; gross_edge=0.2408; net_ev=0.2408
2026-09-10T21:56:29.754280+00:00,Singapore,WSSS,2026-09-12,highest_temperature,C,4431303,singapore|2026_09_12|highest_temperature|c|wsss,exact,30.0,30.0,30.0,30°C,0.279299,0.03,0.04,0.05,0.00192,0.239299,0.237379,23.952,3,30.6667,30.1,31.0,0.4933,28.0,2026-09-10T21:30:00.000Z,PAPER_BUY,entry=ask; fee_source=market; gross_edge=0.2393; net_ev=0.2374
2026-09-10T21:56:29.736555+00:00,Toronto,CYYZ,2026-09-10,highest_temperature,C,4363773,toronto|2026_09_10|highest_temperature|c|cyyz,or_higher,27.0,27.0,,27°C or higher,0.236624,0.0015,0.003,0.05,0.00014955,0.233624,0.233474,332.283483,3,25.5,24.1,26.2,1.2124,23.0,2026-09-10T21:00:00.000Z,PAPER_BUY,entry=ask; fee_source=market; gross_edge=0.2336; net_ev=0.2335
2026-09-10T21:56:29.735643+00:00,Buenos Aires,SAEZ,2026-09-10,lowest_temperature,C,4363375,buenos_aires|2026_09_10|lowest_temperature|c|saez,exact,8.0,8.0,8.0,8°C,0.232811,0.0005,0.001,0.05,4.995e-05,0.231811,0.231761,998.95005,3,9.0,8.6,9.2,0.3464,19.0,2026-09-10T21:00:00.000Z,PAPER_BUY,entry=ask; fee_source=market; gross_edge=0.2318; net_ev=0.2318
2026-09-10T21:56:29.735661+00:00,Buenos Aires,SAEZ,2026-09-10,lowest_temperature,C,4363377,buenos_aires|2026_09_10|lowest_temperature|c|saez,exact,10.0,10.0,10.0,10°C,0.232811,0.0005,0.001,0.05,4.995e-05,0.231811,0.231761,998.95005,3,9.0,8.6,9.2,0.3464,19.0,2026-09-10T21:00:00.000Z,PAPER_BUY,entry=ask; fee_source=market; gross_edge=0.2318; net_ev=0.2318
2026-09-10T21:56:29.748830+00:00,Panama City,MPMG,2026-09-11,highest_temperature,C,4405146,panama_city|2026_09_11|highest_temperature|c|mpmg,exact,30.0,30.0,30.0,30°C,0.272877,0.035,0.04,0.05,0.00192,0.232877,0.230957,23.952,3,30.4333,29.7,31.8,1.1846,29.0,2026-09-10T21:00:00.000Z,PAPER_BUY,entry=ask; fee_source=market; gross_edge=0.2329; net_ev=0.2310
2026-09-10T21:56:29.741030+00:00,Ankara,LTAC,2026-09-11,highest_temperature,C,4399985,ankara|2026_09_11|highest_temperature|c|ltac,exact,29.0,29.0,29.0,29°C,0.261963,0.025,0.03,0.05,0.001455,0.231963,0.230508,32.284833,3,29.8,29.3,30.4,0.5568,17.0,2026-09-10T22:00:00.000Z,PAPER_BUY,entry=ask; fee_source=market; gross_edge=0.2320; net_ev=0.2305
2026-09-10T21:56:29.734437+00:00,Austin,KAUS,2026-09-10,highest_temperature,F,4359158,austin|2026_09_10|highest_temperature|f|kaus,range,,94.0,95.0,94-95°F,0.227741,0.0005,0.001,0.05,4.995e-05,0.226741,0.226691,998.95005,3,35.9,35.5,36.7,0.6928,37.2,2026-09-10T21:00:00.000Z,PAPER_BUY,entry=ask; fee_source=market; gross_edge=0.2267; net_ev=0.2267
2026-09-10T21:56:29.753880+00:00,Munich,EDDM,2026-09-12,highest_temperature,C,4431248,munich|2026_09_12|highest_temperature|c|eddm,exact,21.0,21.0,21.0,21°C,0.287135,0.045,0.06,0.05,0.00282,0.227135,0.224315,15.619667,3,21.6,21.3,21.8,0.2646,12.0,2026-09-10T22:00:00.000Z,PAPER_BUY,entry=ask; fee_source=market; gross_edge=0.2271; net_ev=0.2243
2026-09-10T21:56:29.742611+00:00,Wuhan,ZHHH,2026-09-11,highest_temperature,C,4400156,wuhan|2026_09_11|highest_temperature|c|zhhh,exact,27.0,27.0,27.0,27°C,0.306579,0.075,0.08,0.05,0.00368,0.226579,0.222899,11.454,3,27.4,27.2,27.6,0.2,18.0,2026-09-10T21:00:00.000Z,PAPER_BUY,entry=ask; fee_source=market; gross_edge=0.2266; net_ev=0.2229
2026-09-10T21:56:29.731599+00:00,Paris,LFPB,2026-09-10,highest_temperature,C,4356236,paris|2026_09_10|highest_temperature|c|lfpb,exact,22.0,22.0,22.0,22°C,0.222532,0.0005,0.001,0.05,4.995e-05,0.221532,0.221482,998.95005,3,20.9333,20.3,21.6,0.6506,14.0,2026-09-10T21:30:00.000Z,PAPER_BUY,entry=ask; fee_source=market; gross_edge=0.2215; net_ev=0.2215
2026-09-10T21:56:29.756693+00:00,Manila,RPLL,2026-09-12,highest_temperature,C,4431546,manila|2026_09_12|highest_temperature|c|rpll,exact,29.0,29.0,29.0,29°C,0.283293,0.05,0.06,0.05,0.00282,0.223293,0.220473,15.619667,3,28.3667,27.9,29.1,0.6429,25.0,2026-09-10T21:00:00.000Z,PAPER_BUY,entry=ask; fee_source=market; gross_edge=0.2233; net_ev=0.2205
2026-09-10T21:56:29.736356+00:00,Buenos Aires,SAEZ,2026-09-10,highest_temperature,C,4363759,buenos_aires|2026_09_10|highest_temperature|c|saez,exact,22.0,22.0,22.0,22°C,0.222532,0.0015,0.003,0.05,0.00014955,0.219532,0.219383,332.283483,3,20.9333,20.7,21.1,0.2082,19.0,2026-09-10T21:00:00.000Z,PAPER_BUY,entry=ask; fee_source=market; gross_edge=0.2195; net_ev=0.2194
2026-09-10T21:56:29.731450+00:00,London,EGLC,2026-09-10,highest_temperature,C,4356223,london|2026_09_10|highest_temperature|c|eglc,exact,19.0,19.0,19.0,19°C,0.217326,0.0005,0.001,0.05,4.995e-05,0.216326,0.216276,998.95005,3,20.1,19.0,20.9,0.9849,17.0,2026-09-10T22:00:00.000Z,PAPER_BUY,entry=ask; fee_source=market; gross_edge=0.2163; net_ev=0.2163
2026-09-10T21:56:29.731919+00:00,Milan,LIMC,2026-09-10,highest_temperature,C,4356361,milan|2026_09_10|highest_temperature|c|limc,exact,23.0,23.0,23.0,23°C,0.217326,0.0005,0.001,0.05,4.995e-05,0.216326,0.216276,998.95005,3,21.9,21.4,22.4,0.5,19.0,2026-09-10T21:20:00.000Z,PAPER_BUY,entry=ask; fee_source=market; gross_edge=0.2163; net_ev=0.2163
2026-09-10T21:56:29.736072+00:00,Panama City,MPMG,2026-09-10,lowest_temperature,C,4363410,panama_city|2026_09_10|lowest_temperature|c|mpmg,exact,24.0,24.0,24.0,24°C,0.297672,0.04,0.08,0.05,0.00368,0.217672,0.213992,11.454,3,24.5,24.1,25.3,0.6928,29.0,2026-09-10T21:00:00.000Z,PAPER_BUY,entry=ask; fee_source=market; gross_edge=0.2177; net_ev=0.2140
2026-09-10T21:56:29.743618+00:00,Jeddah,OEJN,2026-09-11,highest_temperature,C,4400262,jeddah|2026_09_11|highest_temperature|c|oejn,or_higher,38.0,38.0,,38°C or higher,0.441364,0.215,0.22,0.05,0.00858,0.221364,0.212784,3.506455,3,37.3,36.3,38.6,1.179,32.0,2026-09-10T21:00:00.000Z,PAPER_BUY,entry=ask; fee_source=market; gross_edge=0.2214; net_ev=0.2128
2026-09-10T21:56:29.731218+00:00,Amsterdam,EHAM,2026-09-10,lowest_temperature,C,4355848,amsterdam|2026_09_10|lowest_temperature|c|eham,exact,13.0,13.0,13.0,13°C,0.213678,0.0005,0.001,0.05,4.995e-05,0.212678,0.212628,998.95005,3,12.1667,10.7,13.5,1.4048,16.0,2026-09-10T21:25:00.000Z,PAPER_BUY,entry=ask; fee_source=market; gross_edge=0.2127; net_ev=0.2126
2026-09-10T21:56:29.744656+00:00,Miami,KMIA,2026-09-11,highest_temperature,F,4401452,miami|2026_09_11|highest_temperature|f|kmia,range,,86.0,87.0,86-87°F,0.347828,0.125,0.13,0.05,0.005655,0.217828,0.212173,6.648808,3,30.0,29.8,30.4,0.3464,29.4,2026-09-10T21:00:00.000Z,PAPER_BUY,entry=ask; fee_source=market; gross_edge=0.2178; net_ev=0.2122
2026-09-10T21:56:29.754147+00:00,Shanghai,ZSPD,2026-09-12,highest_temperature,C,4431292,shanghai|2026_09_12|highest_temperature|c|zspd,exact,27.0,27.0,27.0,27°C,0.272667,0.04,0.06,0.05,0.00282,0.212667,0.209847,15.619667,3,27.7,26.5,28.5,1.0583,24.0,2026-09-10T21:30:00.000Z,PAPER_BUY,entry=ask; fee_source=market; gross_edge=0.2127; net_ev=0.2098
2026-09-10T21:56:29.734191+00:00,Miami,KMIA,2026-09-10,highest_temperature,F,4359138,miami|2026_09_10|highest_temperature|f|kmia,range,,88.0,89.0,88-89°F,0.20845,0.0005,0.001,0.05,4.995e-05,0.20745,0.2074,998.95005,3,30.9667,28.9,32.0,1.7898,29.4,2026-09-10T21:00:00.000Z,PAPER_BUY,entry=ask; fee_source=market; gross_edge=0.2075; net_ev=0.2074
2026-09-10T21:56:29.760821+00:00,Toronto,CYYZ,2026-09-12,highest_temperature,C,4437514,toronto|2026_09_12|highest_temperature|c|cyyz,exact,27.0,27.0,27.0,27°C,0.322021,0.105,0.11,0.05,0.004895,0.212021,0.207126,8.046409,3,26.9,26.7,27.0,0.1732,23.0,2026-09-10T21:00:00.000Z,PAPER_BUY,entry=ask; fee_source=market; gross_edge=0.2120; net_ev=0.2071
2026-09-10T21:56:29.730905+00:00,Madrid,LEMD,2026-09-10,lowest_temperature,C,4355691,madrid|2026_09_10|lowest_temperature|c|lemd,exact,13.0,13.0,13.0,13°C,0.206991,0.0005,0.001,0.05,4.995e-05,0.205991,0.205941,998.95005,3,11.9333,11.1,13.4,1.2741,20.0,2026-09-10T21:30:00.000Z,PAPER_BUY,entry=ask; fee_source=market; gross_edge=0.2060; net_ev=0.2059
2026-09-10T21:56:29.738633+00:00,Chongqing,ZUCK,2026-09-11,lowest_temperature,C,4399299,chongqing|2026_09_11|lowest_temperature|c|zuck,exact,21.0,21.0,21.0,21°C,0.206824,0.0005,0.001,0.05,4.995e-05,0.205824,0.205774,998.95005,3,19.8333,19.6,20.2,0.3215,20.0,2026-09-10T21:00:00.000Z,PAPER_BUY,entry=ask; fee_source=market; gross_edge=0.2058; net_ev=0.2058
2026-09-10T21:56:29.734751+00:00,Seattle,KSEA,2026-09-10,lowest_temperature,F,4361513,seattle|2026_09_10|lowest_temperature|f|ksea,range,,60.0,61.0,60-61°F,0.20649,0.0005,0.001,0.05,4.995e-05,0.20549,0.205441,998.95005,3,14.5333,14.4,14.8,0.2309,20.0,2026-09-10T21:00:00.000Z,PAPER_BUY,entry=ask; fee_source=market; gross_edge=0.2055; net_ev=0.2054
2026-09-10T21:56:29.737966+00:00,Shanghai,ZSPD,2026-09-11,lowest_temperature,C,4399231,shanghai|2026_09_11|lowest_temperature|c|zspd,exact,22.0,22.0,22.0,22°C,0.309781,0.07,0.1,0.05,0.0045,0.209781,0.205281,8.955,3,22.3,21.1,23.1,1.0583,24.0,2026-09-10T21:30:00.000Z,PAPER_BUY,entry=ask; fee_source=market; gross_edge=0.2098; net_ev=0.2053
2026-09-10T21:56:29.741976+00:00,Milan,LIMC,2026-09-11,highest_temperature,C,4400093,milan|2026_09_11|highest_temperature|c|limc,exact,24.0,24.0,24.0,24°C,0.320151,0.1,0.11,0.05,0.004895,0.210151,0.205256,8.046409,3,24.1667,23.6,24.7,0.5508,19.0,2026-09-10T21:20:00.000Z,PAPER_BUY,entry=ask; fee_source=market; gross_edge=0.2102; net_ev=0.2053
2026-09-10T21:56:29.743853+00:00,Guangzhou,ZGGG,2026-09-11,highest_temperature,C,4400279,guangzhou|2026_09_11|highest_temperature|c|zggg,exact,31.0,31.0,31.0,31°C,0.309157,0.09,0.1,0.05,0.0045,0.209157,0.204657,8.955,3,30.6333,30.3,31.0,0.3512,25.0,2026-09-10T21:30:00.000Z,PAPER_BUY,entry=ask; fee_source=market; gross_edge=0.2092; net_ev=0.2047
2026-09-10T21:56:29.756468+00:00,Qingdao,ZSQD,2026-09-12,highest_temperature,C,4431528,qingdao|2026_09_12|highest_temperature|c|zsqd,exact,29.0,29.0,29.0,29°C,0.275161,0.055,0.07,0.05,0.003255,0.205161,0.201906,13.239214,3,28.3,27.6,28.9,0.6557,14.0,2026-09-10T21:00:00.000Z,PAPER_BUY,entry=ask; fee_source=market; gross_edge=0.2052; net_ev=0.2019
2026-09-10T21:56:29.734304+00:00,Chicago,KORD,2026-09-10,highest_temperature,F,4359147,chicago|2026_09_10|highest_temperature|f|kord,range,,74.0,75.0,74-75°F,0.202634,0.0005,0.001,0.05,4.995e-05,0.201634,0.201584,998.95005,3,24.9333,24.4,25.2,0.4619,25.0,2026-09-10T22:00:00.000Z,PAPER_BUY,entry=ask; fee_source=market; gross_edge=0.2016; net_ev=0.2016
2026-09-10T21:56:29.734611+00:00,Houston,KHOU,2026-09-10,highest_temperature,F,4359173,houston|2026_09_10|highest_temperature|f|khou,range,,92.0,93.0,92-93°F,0.210353,0.0055,0.009,0.05,0.00044595,0.201353,0.200907,110.061561,3,32.3333,31.4,32.8,0.8083,30.6,2026-09-10T21:00:00.000Z,PAPER_BUY,entry=ask; fee_source=market; gross_edge=0.2014; net_ev=0.2009
2026-09-10T21:56:29.739298+00:00,Busan,RKPK,2026-09-11,lowest_temperature,C,4399376,busan|2026_09_11|lowest_temperature|c|rkpk,exact,20.0,20.0,20.0,20°C,0.201544,0.0005,0.001,0.05,4.995e-05,0.200544,0.200494,998.95005,3,18.8,18.2,19.3,0.5568,19.0,2026-09-10T21:00:00.000Z,PAPER_BUY,entry=ask; fee_source=market; gross_edge=0.2005; net_ev=0.2005
2026-09-10T21:56:29.740218+00:00,Qingdao,ZSQD,2026-09-11,lowest_temperature,C,4399452,qingdao|2026_09_11|lowest_temperature|c|zsqd,exact,16.0,16.0,16.0,16°C,0.201544,0.0005,0.001,0.05,4.995e-05,0.200544,0.200494,998.95005,3,14.8,13.8,15.8,1.0,14.0,2026-09-10T21:00:00.000Z,PAPER_BUY,entry=ask; fee_source=market; gross_edge=0.2005; net_ev=0.2005
2026-09-10T21:56:29.734181+00:00,Miami,KMIA,2026-09-10,highest_temperature,F,4359137,miami|2026_09_10|highest_temperature|f|kmia,range,,86.0,87.0,86-87°F,0.201456,0.0005,0.001,0.05,4.995e-05,0.200456,0.200406,998.95005,3,30.9667,28.9,32.0,1.7898,29.4,2026-09-10T21:00:00.000Z,PAPER_BUY,entry=ask; fee_source=market; gross_edge=0.2005; net_ev=0.2004
2026-09-10T21:56:29.744244+00:00,Manila,RPLL,2026-09-11,highest_temperature,C,4400311,manila|2026_09_11|highest_temperature|c|rpll,exact,28.0,28.0,28.0,28°C,0.294331,0.085,0.09,0.05,0.004095,0.204331,0.200236,10.065611,3,28.5333,28.2,29.0,0.4163,25.0,2026-09-10T21:00:00.000Z,PAPER_BUY,entry=ask; fee_source=market; gross_edge=0.2043; net_ev=0.2002
2026-09-10T21:56:29.732128+00:00,Warsaw,EPWA,2026-09-10,highest_temperature,C,4356385,warsaw|2026_09_10|highest_temperature|c|epwa,exact,18.0,18.0,18.0,18°C,0.200443,0.0005,0.001,0.05,4.995e-05,0.199443,0.199393,998.95005,3,19.1667,17.8,20.1,1.2097,11.0,2026-09-10T21:30:00.000Z,PAPER_BUY,entry=ask; fee_source=market; gross_edge=0.1994; net_ev=0.1994
2026-09-10T21:56:29.735142+00:00,Seattle,KSEA,2026-09-10,highest_temperature,F,4362160,seattle|2026_09_10|highest_temperature|f|ksea,range,,68.0,69.0,68-69°F,0.301289,0.065,0.1,0.05,0.0045,0.201289,0.196789,8.955,3,21.0,20.6,21.2,0.3464,20.0,2026-09-10T21:00:00.000Z,PAPER_BUY,entry=ask; fee_source=market; gross_edge=0.2013; net_ev=0.1968
2026-09-10T21:56:29.755867+00:00,Kuala Lumpur,WMKK,2026-09-12,highest_temperature,C,4431476,kuala_lumpur|2026_09_12|highest_temperature|c|wmkk,or_lower,26.0,,26.0,26°C or below,0.199211,0.002,0.003,0.05,0.00014955,0.196211,0.196061,332.283483,3,29.0333,24.9,31.2,3.581,25.0,2026-09-10T21:30:00.000Z,PAPER_BUY,entry=ask; fee_source=market; gross_edge=0.1962; net_ev=0.1961
2026-09-10T21:56:29.743441+00:00,Kuala Lumpur,WMKK,2026-09-11,highest_temperature,C,4400246,kuala_lumpur|2026_09_11|highest_temperature|c|wmkk,exact,29.0,29.0,29.0,29°C,0.279299,0.075,0.08,0.05,0.00368,0.199299,0.195619,11.454,3,29.6667,28.9,30.6,0.8622,25.0,2026-09-10T21:30:00.000Z,PAPER_BUY,entry=ask; fee_source=market; gross_edge=0.1993; net_ev=0.1956
2026-09-10T21:56:29.750360+00:00,Singapore,WSSS,2026-09-12,lowest_temperature,C,4430464,singapore|2026_09_12|lowest_temperature|c|wsss,exact,25.0,25.0,25.0,25°C,0.237513,0.03,0.04,0.05,0.00192,0.197513,0.195593,23.952,3,25.8667,25.0,27.2,1.1719,28.0,2026-09-10T21:30:00.000Z,PAPER_BUY,entry=ask; fee_source=market; gross_edge=0.1975; net_ev=0.1956
2026-09-10T21:56:29.731048+00:00,Warsaw,EPWA,2026-09-10,lowest_temperature,C,4355721,warsaw|2026_09_10|lowest_temperature|c|epwa,exact,12.0,12.0,12.0,12°C,0.196256,0.0005,0.001,0.05,4.995e-05,0.195256,0.195206,998.95005,3,13.2333,12.1,13.9,0.9866,11.0,2026-09-10T21:30:00.000Z,PAPER_BUY,entry=ask; fee_source=market; gross_edge=0.1953; net_ev=0.1952
2026-09-10T21:56:29.754448+00:00,Milan,LIMC,2026-09-12,highest_temperature,C,4431326,milan|2026_09_12|highest_temperature|c|limc,exact,24.0,24.0,24.0,24°C,0.309157,0.095,0.11,0.05,0.004895,0.199157,0.194262,8.046409,3,24.3667,24.1,24.8,0.3786,19.0,2026-09-10T21:20:00.000Z,PAPER_BUY,entry=ask; fee_source=market; gross_edge=0.1992; net_ev=0.1943
2026-09-10T21:56:29.758252+00:00,New York City,KLGA,2026-09-12,highest_temperature,F,4434108,new_york_city|2026_09_12|highest_temperature|f|klga,range,,82.0,83.0,82-83°F,0.265473,0.055,0.07,0.05,0.003255,0.195473,0.192218,13.239214,3,27.1,25.9,27.7,1.0392,30.0,2026-09-10T22:00:00.000Z,PAPER_BUY,entry=ask; fee_source=market; gross_edge=0.1955; net_ev=0.1922
2026-09-10T21:56:29.733903+00:00,Denver,KBKF,2026-09-10,lowest_temperature,F,4358921,denver|2026_09_10|lowest_temperature|f|kbkf,range,,56.0,57.0,56-57°F,0.193036,0.0005,0.001,0.05,4.995e-05,0.192036,0.191986,998.95005,3,12.2333,11.7,13.3,0.9238,30.4,2026-09-10T21:00:00.000Z,PAPER_BUY,entry=ask; fee_source=market; gross_edge=0.1920; net_ev=0.1920
2026-09-10T21:56:29.736218+00:00,Sao Paulo,SBGR,2026-09-10,highest_temperature,C,4363746,sao_paulo|2026_09_10|highest_temperature|c|sbgr,exact,23.0,23.0,23.0,23°C,0.19272,0.0005,0.001,0.05,4.995e-05,0.19172,0.19167,998.95005,3,22.8667,21.3,24.8,1.7786,17.0,2026-09-10T21:00:00.000Z,PAPER_BUY,entry=ask; fee_source=market; gross_edge=0.1917; net_ev=0.1917
2026-09-10T21:56:29.753766+00:00,Lucknow,VILK,2026-09-12,highest_temperature,C,4431240,lucknow|2026_09_12|highest_temperature|c|vilk,exact,31.0,31.0,31.0,31°C,0.242856,0.04,0.05,0.05,0.002375,0.192856,0.190481,18.9525,3,31.9333,31.4,32.8,0.7572,27.0,2026-09-10T21:30:00.000Z,PAPER_BUY,entry=ask; fee_source=market; gross_edge=0.1929; net_ev=0.1905
2026-09-10T21:56:29.735848+00:00,Toronto,CYYZ,2026-09-10,lowest_temperature,C,4363392,toronto|2026_09_10|lowest_temperature|c|cyyz,exact,17.0,17.0,17.0,17°C,0.190967,0.0005,0.001,0.05,4.995e-05,0.189967,0.189917,998.95005,3,15.7333,15.4,15.9,0.2887,23.0,2026-09-10T21:00:00.000Z,PAPER_BUY,entry=ask; fee_source=market; gross_edge=0.1900; net_ev=0.1899
2026-09-10T21:56:29.737449+00:00,Wellington,NZWN,2026-09-11,lowest_temperature,C,4399168,wellington|2026_09_11|lowest_temperature|c|nzwn,exact,8.0,8.0,8.0,8°C,0.190967,0.0005,0.001,0.05,4.995e-05,0.189967,0.189917,998.95005,3,6.7333,6.3,7.2,0.4509,11.0,2026-09-10T21:30:00.000Z,PAPER_BUY,entry=ask; fee_source=market; gross_edge=0.1900; net_ev=0.1899
2026-09-10T21:56:29.755101+00:00,Wuhan,ZHHH,2026-09-12,highest_temperature,C,4431390,wuhan|2026_09_12|highest_temperature|c|zhhh,exact,29.0,29.0,29.0,29°C,0.283293,0.085,0.09,0.05,0.004095,0.193293,0.189198,10.065611,3,29.6333,29.5,29.8,0.1528,18.0,2026-09-10T21:00:00.000Z,PAPER_BUY,entry=ask; fee_source=market; gross_edge=0.1933; net_ev=0.1892
2026-09-10T21:56:29.736676+00:00,Mexico City,MMMX,2026-09-10,highest_temperature,C,4363784,mexico_city|2026_09_10|highest_temperature|c|mmmx,exact,26.0,26.0,26.0,26°C,0.206824,0.0095,0.017,0.05,0.00083555,0.189824,0.188989,57.774379,3,24.8333,23.8,25.6,0.9292,23.0,2026-09-10T21:45:00.000Z,PAPER_BUY,entry=ask; fee_source=market; gross_edge=0.1898; net_ev=0.1890
2026-09-10T21:56:29.741817+00:00,Singapore,WSSS,2026-09-11,highest_temperature,C,4400071,singapore|2026_09_11|highest_temperature|c|wsss,exact,29.0,29.0,29.0,29°C,0.196701,0.005,0.008,0.05,0.0003968,0.188701,0.188305,123.9504,3,29.8333,28.6,31.6,1.5695,28.0,2026-09-10T21:30:00.000Z,PAPER_BUY,entry=ask; fee_source=market; gross_edge=0.1887; net_ev=0.1883
2026-09-10T21:56:29.731200+00:00,Amsterdam,EHAM,2026-09-10,lowest_temperature,C,4355846,amsterdam|2026_09_10|lowest_temperature|c|eham,exact,11.0,11.0,11.0,11°C,0.188814,0.0005,0.001,0.05,4.995e-05,0.187814,0.187764,998.95005,3,12.1667,10.7,13.5,1.4048,16.0,2026-09-10T21:25:00.000Z,PAPER_BUY,entry=ask; fee_source=market; gross_edge=0.1878; net_ev=0.1878
2026-09-10T21:56:29.756310+00:00,Guangzhou,ZGGG,2026-09-12,highest_temperature,C,4431514,guangzhou|2026_09_12|highest_temperature|c|zggg,exact,32.0,32.0,32.0,32°C,0.32296,0.12,0.13,0.05,0.005655,0.19296,0.187305,6.648808,3,31.9667,31.8,32.2,0.2082,25.0,2026-09-10T21:30:00.000Z,PAPER_BUY,entry=ask; fee_source=market; gross_edge=0.1930; net_ev=0.1873
2026-09-10T21:56:29.737357+00:00,Ankara,LTAC,2026-09-11,lowest_temperature,C,4399161,ankara|2026_09_11|lowest_temperature|c|ltac,or_higher,19.0,19.0,,19°C or higher,0.187031,0.0005,0.001,0.05,4.995e-05,0.186031,0.185981,998.95005,3,15.8333,12.8,17.8,2.6652,17.0,2026-09-10T22:00:00.000Z,PAPER_BUY,entry=ask; fee_source=market; gross_edge=0.1860; net_ev=0.1860
2026-09-10T21:56:29.756301+00:00,Guangzhou,ZGGG,2026-09-12,highest_temperature,C,4431513,guangzhou|2026_09_12|highest_temperature|c|zggg,exact,31.0,31.0,31.0,31°C,0.237867,0.04,0.05,0.05,0.002375,0.187867,0.185492,18.9525,3,31.9667,31.8,32.2,0.2082,25.0,2026-09-10T21:30:00.000Z,PAPER_BUY,entry=ask; fee_source=market; gross_edge=0.1879; net_ev=0.1855
2026-09-10T21:56:29.745343+00:00,Miami,KMIA,2026-09-11,lowest_temperature,F,4401773,miami|2026_09_11|lowest_temperature|f|kmia,range,,76.0,77.0,76-77°F,0.35151,0.155,0.16,0.05,0.00672,0.19151,0.18479,5.208,3,24.9333,24.4,26.0,0.9238,29.4,2026-09-10T21:00:00.000Z,PAPER_BUY,entry=ask; fee_source=market; gross_edge=0.1915; net_ev=0.1848
2026-09-10T21:56:29.735988+00:00,Mexico City,MMMX,2026-09-10,lowest_temperature,C,4363404,mexico_city|2026_09_10|lowest_temperature|c|mmmx,exact,15.0,15.0,15.0,15°C,0.185685,0.0005,0.001,0.05,4.995e-05,0.184685,0.184635,998.95005,3,13.7,13.1,14.2,0.5568,23.0,2026-09-10T21:45:00.000Z,PAPER_BUY,entry=ask; fee_source=market; gross_edge=0.1847; net_ev=0.1846
2026-09-10T21:56:29.742728+00:00,Chengdu,ZUUU,2026-09-11,highest_temperature,C,4400164,chengdu|2026_09_11|highest_temperature|c|zuuu,or_lower,20.0,,20.0,20°C or below,0.193062,0.0055,0.01,0.05,0.000495,0.183062,0.182567,98.9505,3,23.1,20.0,24.7,2.6851,19.0,2026-09-10T21:00:00.000Z,PAPER_BUY,entry=ask; fee_source=market; gross_edge=0.1831; net_ev=0.1826
2026-09-10T21:56:29.734027+00:00,Houston,KHOU,2026-09-10,lowest_temperature,F,4358931,houston|2026_09_10|lowest_temperature|f|khou,range,,74.0,75.0,74-75°F,0.202634,0.01,0.02,0.05,0.00098,0.182634,0.181654,48.951,3,24.9333,23.8,25.5,0.9815,30.6,2026-09-10T21:00:00.000Z,PAPER_BUY,entry=ask; fee_source=market; gross_edge=0.1826; net_ev=0.1817
2026-09-10T21:56:29.732270+00:00,Amsterdam,EHAM,2026-09-10,highest_temperature,C,4356496,amsterdam|2026_09_10|highest_temperature|c|eham,exact,18.0,18.0,18.0,18°C,0.180418,0.0005,0.001,0.05,4.995e-05,0.179418,0.179368,998.95005,3,19.3333,18.7,20.2,0.7767,16.0,2026-09-10T21:25:00.000Z,PAPER_BUY,entry=ask; fee_source=market; gross_edge=0.1794; net_ev=0.1794
2026-09-10T21:56:29.742089+00:00,Madrid,LEMD,2026-09-11,highest_temperature,C,4400102,madrid|2026_09_11|highest_temperature|c|lemd,exact,29.0,29.0,29.0,29°C,0.196256,0.0145,0.018,0.05,0.0008838,0.178256,0.177372,54.506456,3,30.2333,29.8,30.6,0.4041,20.0,2026-09-10T21:30:00.000Z,PAPER_BUY,entry=ask; fee_source=market; gross_edge=0.1783; net_ev=0.1774
2026-09-10T21:56:29.734990+00:00,San Francisco,KSFO,2026-09-10,lowest_temperature,F,4361532,san_francisco|2026_09_10|lowest_temperature|f|ksfo,range,,60.0,61.0,60-61°F,0.197513,0.0105,0.02,0.05,0.00098,0.177513,0.176533,48.951,3,16.4667,15.4,18.6,1.8475,28.9,2026-09-10T21:00:00.000Z,PAPER_BUY,entry=ask; fee_source=market; gross_edge=0.1775; net_ev=0.1765
2026-09-10T21:56:29.748675+00:00,Mexico City,MMMX,2026-09-11,highest_temperature,C,4405137,mexico_city|2026_09_11|highest_temperature|c|mmmx,exact,24.0,24.0,24.0,24°C,0.227983,0.04,0.05,0.05,0.002375,0.177983,0.175608,18.9525,3,24.9333,23.6,25.9,1.193,23.0,2026-09-10T21:45:00.000Z,PAPER_BUY,entry=ask; fee_source=market; gross_edge=0.1780; net_ev=0.1756
2026-09-10T21:56:29.741967+00:00,Milan,LIMC,2026-09-11,highest_temperature,C,4400092,milan|2026_09_11|highest_temperature|c|limc,exact,23.0,23.0,23.0,23°C,0.206824,0.02,0.03,0.05,0.001455,0.176824,0.175369,32.284833,3,24.1667,23.6,24.7,0.5508,19.0,2026-09-10T21:20:00.000Z,PAPER_BUY,entry=ask; fee_source=market; gross_edge=0.1768; net_ev=0.1754
2026-09-10T21:56:29.733493+00:00,Miami,KMIA,2026-09-10,lowest_temperature,F,4358889,miami|2026_09_10|lowest_temperature|f|kmia,range,,80.0,81.0,80-81°F,0.175999,0.0005,0.001,0.05,4.995e-05,0.174999,0.174949,998.95005,3,25.4667,25.2,26.0,0.4619,29.4,2026-09-10T21:00:00.000Z,PAPER_BUY,entry=ask; fee_source=market; gross_edge=0.1750; net_ev=0.1749
2026-09-10T21:56:29.730640+00:00,Munich,EDDM,2026-09-10,lowest_temperature,C,4355590,munich|2026_09_10|lowest_temperature|c|eddm,exact,11.0,11.0,11.0,11°C,0.175172,0.0005,0.001,0.05,4.995e-05,0.174172,0.174122,998.95005,3,9.6333,8.8,10.4,0.8021,12.0,2026-09-10T22:00:00.000Z,PAPER_BUY,entry=ask; fee_source=market; gross_edge=0.1742; net_ev=0.1741
2026-09-10T21:56:29.741142+00:00,Wellington,NZWN,2026-09-11,highest_temperature,C,4399994,wellington|2026_09_11|highest_temperature|c|nzwn,exact,12.0,12.0,12.0,12°C,0.175172,0.0005,0.001,0.05,4.995e-05,0.174172,0.174122,998.95005,3,13.3667,12.7,13.8,0.5859,11.0,2026-09-10T21:30:00.000Z,PAPER_BUY,entry=ask; fee_source=market; gross_edge=0.1742; net_ev=0.1741
2026-09-10T21:56:29.748946+00:00,Zhengzhou,ZHCC,2026-09-11,lowest_temperature,C,4430333,zhengzhou|2026_09_11|lowest_temperature|c|zhcc,exact,19.0,19.0,19.0,19°C,0.175172,0.0005,0.001,0.05,4.995e-05,0.174172,0.174122,998.95005,3,17.6333,17.2,18.2,0.5132,18.0,2026-09-10T21:00:00.000Z,PAPER_BUY,entry=ask; fee_source=market; gross_edge=0.1742; net_ev=0.1741
2026-09-10T21:56:29.732945+00:00,Denver,KBKF,2026-09-10,highest_temperature,F,4358682,denver|2026_09_10|highest_temperature|f|kbkf,range,,84.0,85.0,84-85°F,0.17227,0.0005,0.001,0.05,4.995e-05,0.17127,0.17122,998.95005,3,30.6667,30.6,30.8,0.1155,30.4,2026-09-10T21:00:00.000Z,PAPER_BUY,entry=ask; fee_source=market; gross_edge=0.1713; net_ev=0.1712
2026-09-10T21:56:29.744016+00:00,Qingdao,ZSQD,2026-09-11,highest_temperature,C,4400293,qingdao|2026_09_11|highest_temperature|c|zsqd,exact,29.0,29.0,29.0,29°C,0.212088,0.03,0.04,0.05,0.00192,0.172088,0.170168,23.952,3,27.8667,27.3,28.8,0.8145,14.0,2026-09-10T21:00:00.000Z,PAPER_BUY,entry=ask; fee_source=market; gross_edge=0.1721; net_ev=0.1702
2026-09-10T21:56:29.732397+00:00,Cape Town,FACT,2026-09-10,highest_temperature,C,4356540,cape_town|2026_09_10|highest_temperature|c|fact,exact,18.0,18.0,18.0,18°C,0.169955,0.0005,0.001,0.05,4.995e-05,0.168955,0.168905,998.95005,3,19.4,19.1,19.8,0.3606,16.0,2026-09-10T21:00:00.000Z,PAPER_BUY,entry=ask; fee_source=market; gross_edge=0.1690; net_ev=0.1689
2026-09-10T21:56:29.746098+00:00,New York City,KLGA,2026-09-11,highest_temperature,F,4402217,new_york_city|2026_09_11|highest_temperature|f|klga,range,,84.0,85.0,84-85°F,0.189219,0.01,0.02,0.05,0.00098,0.169219,0.168239,48.951,3,27.7667,27.1,28.1,0.5774,30.0,2026-09-10T22:00:00.000Z,PAPER_BUY,entry=ask; fee_source=market; gross_edge=0.1692; net_ev=0.1682
2026-09-10T21:56:29.757019+00:00,Chicago,KORD,2026-09-12,highest_temperature,F,4433728,chicago|2026_09_12|highest_temperature|f|kord,range,,86.0,87.0,86-87°F,0.324035,0.135,0.15,0.05,0.006375,0.174035,0.16766,5.624167,3,29.7333,28.8,30.2,0.8083,25.0,2026-09-10T22:00:00.000Z,PAPER_BUY,entry=ask; fee_source=market; gross_edge=0.1740; net_ev=0.1677
2026-09-10T21:56:29.736227+00:00,Sao Paulo,SBGR,2026-09-10,highest_temperature,C,4363747,sao_paulo|2026_09_10|highest_temperature|c|sbgr,exact,24.0,24.0,24.0,24°C,0.166142,0.0005,0.001,0.05,4.995e-05,0.165142,0.165092,998.95005,3,22.8667,21.3,24.8,1.7786,17.0,2026-09-10T21:00:00.000Z,PAPER_BUY,entry=ask; fee_source=market; gross_edge=0.1651; net_ev=0.1651
2026-09-10T21:56:29.730808+00:00,Milan,LIMC,2026-09-10,lowest_temperature,C,4355666,milan|2026_09_10|lowest_temperature|c|limc,exact,18.0,18.0,18.0,18°C,0.164772,0.0005,0.001,0.05,4.995e-05,0.163772,0.163722,998.95005,3,16.5667,16.4,16.9,0.2887,19.0,2026-09-10T21:20:00.000Z,PAPER_BUY,entry=ask; fee_source=market; gross_edge=0.1638; net_ev=0.1637
2026-09-10T21:56:29.735455+00:00,San Francisco,KSFO,2026-09-10,highest_temperature,F,4362190,san_francisco|2026_09_10|highest_temperature|f|ksfo,or_higher,90.0,90.0,,90°F or higher,0.187418,0.0125,0.025,0.05,0.00121875,0.162418,0.161199,38.95125,3,30.0,28.9,32.2,1.9053,28.9,2026-09-10T21:00:00.000Z,PAPER_BUY,entry=ask; fee_source=market; gross_edge=0.1624; net_ev=0.1612
2026-09-10T21:56:29.738780+00:00,Beijing,ZBAA,2026-09-11,lowest_temperature,C,4399310,beijing|2026_09_11|lowest_temperature|c|zbaa,exact,15.0,15.0,15.0,15°C,0.161033,0.0005,0.001,0.05,4.995e-05,0.160033,0.159983,998.95005,3,14.9,12.5,16.6,2.1378,13.0,2026-09-10T21:30:00.000Z,PAPER_BUY,entry=ask; fee_source=market; gross_edge=0.1600; net_ev=0.1600
2026-09-10T21:56:29.736527+00:00,Toronto,CYYZ,2026-09-10,highest_temperature,C,4363770,toronto|2026_09_10|highest_temperature|c|cyyz,exact,24.0,24.0,24.0,24°C,0.160896,0.0005,0.001,0.05,4.995e-05,0.159896,0.159846,998.95005,3,25.5,24.1,26.2,1.2124,23.0,2026-09-10T21:00:00.000Z,PAPER_BUY,entry=ask; fee_source=market; gross_edge=0.1599; net_ev=0.1598
2026-09-10T21:56:29.758782+00:00,Denver,KBKF,2026-09-12,highest_temperature,F,4434149,denver|2026_09_12|highest_temperature|f|kbkf,range,,80.0,81.0,80-81°F,0.326527,0.125,0.16,0.05,0.00672,0.166527,0.159807,5.208,3,27.4667,27.1,28.2,0.6351,30.4,2026-09-10T21:00:00.000Z,PAPER_BUY,entry=ask; fee_source=market; gross_edge=0.1665; net_ev=0.1598
2026-09-10T21:56:29.742498+00:00,Beijing,ZBAA,2026-09-11,highest_temperature,C,4400147,beijing|2026_09_11|highest_temperature|c|zbaa,exact,30.0,30.0,30.0,30°C,0.232811,0.065,0.07,0.05,0.003255,0.162811,0.159556,13.239214,3,31.0,30.8,31.3,0.2646,13.0,2026-09-10T21:30:00.000Z,PAPER_BUY,entry=ask; fee_source=market; gross_edge=0.1628; net_ev=0.1596
2026-09-10T21:56:29.753462+00:00,Ankara,LTAC,2026-09-12,highest_temperature,C,4431218,ankara|2026_09_12|highest_temperature|c|ltac,exact,30.0,30.0,30.0,30°C,0.242856,0.06,0.08,0.05,0.00368,0.162856,0.159176,11.454,3,30.9333,30.7,31.3,0.3215,17.0,2026-09-10T22:00:00.000Z,PAPER_BUY,entry=ask; fee_source=market; gross_edge=0.1629; net_ev=0.1592
2026-09-10T21:56:29.731736+00:00,Munich,EDDM,2026-09-10,highest_temperature,C,4356290,munich|2026_09_10|highest_temperature|c|eddm,exact,17.0,17.0,17.0,17°C,0.159631,0.0005,0.001,0.05,4.995e-05,0.158631,0.158581,998.95005,3,18.4667,17.9,18.9,0.5132,12.0,2026-09-10T22:00:00.000Z,PAPER_BUY,entry=ask; fee_source=market; gross_edge=0.1586; net_ev=0.1586
2026-09-10T21:56:29.733368+00:00,Atlanta,KATL,2026-09-10,lowest_temperature,F,4358879,atlanta|2026_09_10|lowest_temperature|f|katl,range,,74.0,75.0,74-75°F,0.159428,0.0005,0.001,0.05,4.995e-05,0.158428,0.158378,998.95005,3,22.0333,21.1,22.5,0.8083,31.7,2026-09-10T22:00:00.000Z,PAPER_BUY,entry=ask; fee_source=market; gross_edge=0.1584; net_ev=0.1584
2026-09-10T21:56:29.744949+00:00,New York City,KLGA,2026-09-11,lowest_temperature,F,4401741,new_york_city|2026_09_11|lowest_temperature|f|klga,range,,68.0,69.0,68-69°F,0.324035,0.155,0.16,0.05,0.00672,0.164035,0.157315,5.208,3,19.7333,19.3,20.6,0.7506,30.0,2026-09-10T22:00:00.000Z,PAPER_BUY,entry=ask; fee_source=market; gross_edge=0.1640; net_ev=0.1573
2026-09-10T21:56:29.735314+00:00,Los Angeles,KLAX,2026-09-10,highest_temperature,F,4362178,los_angeles|2026_09_10|highest_temperature|f|klax,range,,92.0,93.0,92-93°F,0.167289,0.0055,0.01,0.05,0.000495,0.157289,0.156794,98.9505,3,35.2,34.5,36.6,1.2124,31.1,2026-09-10T21:00:00.000Z,PAPER_BUY,entry=ask; fee_source=market; gross_edge=0.1573; net_ev=0.1568
2026-09-10T21:56:29.735436+00:00,San Francisco,KSFO,2026-09-10,highest_temperature,F,4362188,san_francisco|2026_09_10|highest_temperature|f|ksfo,range,,86.0,87.0,86-87°F,0.198594,0.03,0.04,0.05,0.00192,0.158594,0.156674,23.952,3,30.0,28.9,32.2,1.9053,28.9,2026-09-10T21:00:00.000Z,PAPER_BUY,entry=ask; fee_source=market; gross_edge=0.1586; net_ev=0.1567
2026-09-10T21:56:29.732840+00:00,Atlanta,KATL,2026-09-10,highest_temperature,F,4358674,atlanta|2026_09_10|highest_temperature|f|katl,range,,92.0,93.0,92-93°F,0.175999,0.01,0.02,0.05,0.00098,0.155999,0.155019,48.951,3,32.1333,31.8,32.3,0.2887,31.7,2026-09-10T22:00:00.000Z,PAPER_BUY,entry=ask; fee_source=market; gross_edge=0.1560; net_ev=0.1550
2026-09-10T21:56:29.760830+00:00,Toronto,CYYZ,2026-09-12,highest_temperature,C,4437515,toronto|2026_09_12|highest_temperature|c|cyyz,exact,28.0,28.0,28.0,28°C,0.217326,0.04,0.06,0.05,0.00282,0.157326,0.154506,15.619667,3,26.9,26.7,27.0,0.1732,23.0,2026-09-10T21:00:00.000Z,PAPER_BUY,entry=ask; fee_source=market; gross_edge=0.1573; net_ev=0.1545
2026-09-10T21:56:29.744007+00:00,Qingdao,ZSQD,2026-09-11,highest_temperature,C,4400292,qingdao|2026_09_11|highest_temperature|c|zsqd,exact,28.0,28.0,28.0,28°C,0.321202,0.135,0.16,0.05,0.00672,0.161202,0.154482,5.208,3,27.8667,27.3,28.8,0.8145,14.0,2026-09-10T21:00:00.000Z,PAPER_BUY,entry=ask; fee_source=market; gross_edge=0.1612; net_ev=0.1545
2026-09-10T21:56:29.756675+00:00,Manila,RPLL,2026-09-12,highest_temperature,C,4431544,manila|2026_09_12|highest_temperature|c|rpll,exact,27.0,27.0,27.0,27°C,0.175172,0.015,0.02,0.05,0.00098,0.155172,0.154192,48.951,3,28.3667,27.9,29.1,0.6429,25.0,2026-09-10T21:00:00.000Z,PAPER_BUY,entry=ask; fee_source=market; gross_edge=0.1552; net_ev=0.1542
2026-09-10T21:56:29.735550+00:00,Sao Paulo,SBGR,2026-09-10,lowest_temperature,C,4363368,sao_paulo|2026_09_10|lowest_temperature|c|sbgr,exact,19.0,19.0,19.0,19°C,0.154538,0.0005,0.001,0.05,4.995e-05,0.153538,0.153488,998.95005,3,17.5,17.0,17.8,0.4359,17.0,2026-09-10T21:00:00.000Z,PAPER_BUY,entry=ask; fee_source=market; gross_edge=0.1535; net_ev=0.1535
2026-09-10T21:56:29.748334+00:00,Buenos Aires,SAEZ,2026-09-11,highest_temperature,C,4405111,buenos_aires|2026_09_11|highest_temperature|c|saez,exact,18.0,18.0,18.0,18°C,0.257331,0.095,0.1,0.05,0.0045,0.157331,0.152831,8.955,3,18.8333,17.7,19.5,0.9866,19.0,2026-09-10T21:00:00.000Z,PAPER_BUY,entry=ask; fee_source=market; gross_edge=0.1573; net_ev=0.1528
2026-09-10T21:56:29.748204+00:00,Sao Paulo,SBGR,2026-09-11,highest_temperature,C,4405101,sao_paulo|2026_09_11|highest_temperature|c|sbgr,exact,30.0,30.0,30.0,30°C,0.297672,0.135,0.14,0.05,0.00602,0.157672,0.151652,6.099857,3,29.5,29.0,30.5,0.866,17.0,2026-09-10T21:00:00.000Z,PAPER_BUY,entry=ask; fee_source=market; gross_edge=0.1577; net_ev=0.1517
2026-09-10T21:56:29.735446+00:00,San Francisco,KSFO,2026-09-10,highest_temperature,F,4362189,san_francisco|2026_09_10|highest_temperature|f|ksfo,range,,88.0,89.0,88-89°F,0.16443,0.0075,0.013,0.05,0.00064155,0.15143,0.150788,75.873727,3,30.0,28.9,32.2,1.9053,28.9,2026-09-10T21:00:00.000Z,PAPER_BUY,entry=ask; fee_source=market; gross_edge=0.1514; net_ev=0.1508
2026-09-10T21:56:29.757096+00:00,New York City,KLGA,2026-09-12,lowest_temperature,F,4433891,new_york_city|2026_09_12|lowest_temperature|f|klga,range,,58.0,59.0,58-59°F,0.171338,0.01,0.02,0.05,0.00098,0.151338,0.150358,48.951,3,16.2667,15.6,17.6,1.1547,30.0,2026-09-10T22:00:00.000Z,PAPER_BUY,entry=ask; fee_source=market; gross_edge=0.1513; net_ev=0.1504
2026-09-10T21:56:29.738770+00:00,Beijing,ZBAA,2026-09-11,lowest_temperature,C,4399309,beijing|2026_09_11|lowest_temperature|c|zbaa,exact,14.0,14.0,14.0,14°C,0.150857,0.0005,0.001,0.05,4.995e-05,0.149857,0.149807,998.95005,3,14.9,12.5,16.6,2.1378,13.0,2026-09-10T21:30:00.000Z,PAPER_BUY,entry=ask; fee_source=market; gross_edge=0.1499; net_ev=0.1498
2026-09-10T21:56:29.740618+00:00,London,EGLC,2026-09-11,highest_temperature,C,4399952,london|2026_09_11|highest_temperature|c|eglc,exact,21.0,21.0,21.0,21°C,0.201829,0.045,0.05,0.05,0.002375,0.151829,0.149454,18.9525,3,22.1,21.3,23.6,1.3,17.0,2026-09-10T22:00:00.000Z,PAPER_BUY,entry=ask; fee_source=market; gross_edge=0.1518; net_ev=0.1495
2026-09-10T21:56:29.746088+00:00,New York City,KLGA,2026-09-11,highest_temperature,F,4402216,new_york_city|2026_09_11|highest_temperature|f|klga,range,,82.0,83.0,82-83°F,0.347121,0.185,0.19,0.05,0.007695,0.157121,0.149426,4.222658,3,27.7667,27.1,28.1,0.5774,30.0,2026-09-10T22:00:00.000Z,PAPER_BUY,entry=ask; fee_source=market; gross_edge=0.1571; net_ev=0.1494
2026-09-10T21:56:29.730443+00:00,Paris,LFPB,2026-09-10,lowest_temperature,C,4355530,paris|2026_09_10|lowest_temperature|c|lfpb,or_lower,7.0,,7.0,7°C or below,0.175324,0.0125,0.025,0.05,0.00121875,0.150324,0.149105,38.95125,3,10.3,8.4,13.7,2.9513,14.0,2026-09-10T21:30:00.000Z,PAPER_BUY,entry=ask; fee_source=market; gross_edge=0.1503; net_ev=0.1491
2026-09-10T21:56:29.740879+00:00,Seoul (Incheon),RKSI,2026-09-11,highest_temperature,C,4399972,seoul_incheon|2026_09_11|highest_temperature|c|rksi,exact,23.0,23.0,23.0,23°C,0.242856,0.085,0.09,0.05,0.004095,0.152856,0.148761,10.065611,3,23.9333,23.6,24.5,0.4933,16.0,2026-09-10T21:30:00.000Z,PAPER_BUY,entry=ask; fee_source=market; gross_edge=0.1529; net_ev=0.1488
2026-09-10T21:56:29.731764+00:00,Munich,EDDM,2026-09-10,highest_temperature,C,4356293,munich|2026_09_10|highest_temperature|c|eddm,exact,20.0,20.0,20.0,20°C,0.149498,0.0005,0.001,0.05,4.995e-05,0.148498,0.148448,998.95005,3,18.4667,17.9,18.9,0.5132,12.0,2026-09-10T22:00:00.000Z,PAPER_BUY,entry=ask; fee_source=market; gross_edge=0.1485; net_ev=0.1484
2026-09-10T21:56:29.732659+00:00,Dallas,KDAL,2026-09-10,highest_temperature,F,4358660,dallas|2026_09_10|highest_temperature|f|kdal,range,,94.0,95.0,94-95°F,0.148719,0.0005,0.001,0.05,4.995e-05,0.147719,0.147669,998.95005,3,36.3667,36.3,36.5,0.1155,36.7,2026-09-10T21:00:00.000Z,PAPER_BUY,entry=ask; fee_source=market; gross_edge=0.1477; net_ev=0.1477
2026-09-10T21:56:29.733090+00:00,New York City,KLGA,2026-09-10,lowest_temperature,F,4358856,new_york_city|2026_09_10|lowest_temperature|f|klga,range,,74.0,75.0,74-75°F,0.148719,0.0005,0.001,0.05,4.995e-05,0.147719,0.147669,998.95005,3,21.9667,21.5,22.2,0.4041,30.0,2026-09-10T22:00:00.000Z,PAPER_BUY,entry=ask; fee_source=market; gross_edge=0.1477; net_ev=0.1477
2026-09-10T21:56:29.758242+00:00,New York City,KLGA,2026-09-12,highest_temperature,F,4434107,new_york_city|2026_09_12|highest_temperature|f|klga,range,,80.0,81.0,80-81°F,0.353832,0.19,0.2,0.05,0.008,0.153832,0.145832,3.96,3,27.1,25.9,27.7,1.0392,30.0,2026-09-10T22:00:00.000Z,PAPER_BUY,entry=ask; fee_source=market; gross_edge=0.1538; net_ev=0.1458
2026-09-10T21:56:29.742602+00:00,Wuhan,ZHHH,2026-09-11,highest_temperature,C,4400155,wuhan|2026_09_11|highest_temperature|c|zhhh,exact,26.0,26.0,26.0,26°C,0.169955,0.0165,0.023,0.05,0.00112355,0.146955,0.145831,42.429411,3,27.4,27.2,27.6,0.2,18.0,2026-09-10T21:00:00.000Z,PAPER_BUY,entry=ask; fee_source=market; gross_edge=0.1470; net_ev=0.1458
2026-09-10T21:56:29.734172+00:00,Miami,KMIA,2026-09-10,highest_temperature,F,4359136,miami|2026_09_10|highest_temperature|f|kmia,range,,84.0,85.0,84-85°F,0.146499,0.0005,0.001,0.05,4.995e-05,0.145499,0.145449,998.95005,3,30.9667,28.9,32.0,1.7898,29.4,2026-09-10T21:00:00.000Z,PAPER_BUY,entry=ask; fee_source=market; gross_edge=0.1455; net_ev=0.1454
2026-09-10T21:56:29.756890+00:00,Dallas,KDAL,2026-09-12,highest_temperature,F,4433718,dallas|2026_09_12|highest_temperature|f|kdal,range,,104.0,105.0,104-105°F,0.187316,0.03,0.04,0.05,0.00192,0.147316,0.145396,23.952,3,38.8667,38.8,38.9,0.0577,36.7,2026-09-10T21:00:00.000Z,PAPER_BUY,entry=ask; fee_source=market; gross_edge=0.1473; net_ev=0.1454
2026-09-10T21:56:29.738789+00:00,Beijing,ZBAA,2026-09-11,lowest_temperature,C,4399311,beijing|2026_09_11|lowest_temperature|c|zbaa,exact,16.0,16.0,16.0,16°C,0.146013,0.0005,0.001,0.05,4.995e-05,0.145013,0.144963,998.95005,3,14.9,12.5,16.6,2.1378,13.0,2026-09-10T21:30:00.000Z,PAPER_BUY,entry=ask; fee_source=market; gross_edge=0.1450; net_ev=0.1450
2026-09-10T21:56:29.754290+00:00,Singapore,WSSS,2026-09-12,highest_temperature,C,4431304,singapore|2026_09_12|highest_temperature|c|wsss,exact,31.0,31.0,31.0,31°C,0.311529,0.15,0.16,0.05,0.00672,0.151529,0.144809,5.208,3,30.6667,30.1,31.0,0.4933,28.0,2026-09-10T21:30:00.000Z,PAPER_BUY,entry=ask; fee_source=market; gross_edge=0.1515; net_ev=0.1448
2026-09-10T21:56:29.741293+00:00,Lucknow,VILK,2026-09-11,highest_temperature,C,4400007,lucknow|2026_09_11|highest_temperature|c|vilk,exact,31.0,31.0,31.0,31°C,0.227697,0.07,0.08,0.05,0.00368,0.147697,0.144017,11.454,3,32.0333,31.7,32.2,0.2887,27.0,2026-09-10T21:30:00.000Z,PAPER_BUY,entry=ask; fee_source=market; gross_edge=0.1477; net_ev=0.1440
2026-09-10T21:56:29.748499+00:00,Toronto,CYYZ,2026-09-11,highest_temperature,C,4405125,toronto|2026_09_11|highest_temperature|c|cyyz,exact,25.0,25.0,25.0,25°C,0.196256,0.045,0.05,0.05,0.002375,0.146256,0.143881,18.9525,3,23.7667,23.3,24.0,0.4041,23.0,2026-09-10T21:00:00.000Z,PAPER_BUY,entry=ask; fee_source=market; gross_edge=0.1463; net_ev=0.1439
2026-09-10T21:56:29.753583+00:00,Wellington,NZWN,2026-09-12,highest_temperature,C,4431228,wellington|2026_09_12|highest_temperature|c|nzwn,exact,12.0,12.0,12.0,12°C,0.185685,0.035,0.04,0.05,0.00192,0.145685,0.143765,23.952,3,13.3,13.0,13.8,0.4359,11.0,2026-09-10T21:30:00.000Z,PAPER_BUY,entry=ask; fee_source=market; gross_edge=0.1457; net_ev=0.1438
2026-09-10T21:56:29.754439+00:00,Milan,LIMC,2026-09-12,highest_temperature,C,4431325,milan|2026_09_12|highest_temperature|c|limc,exact,23.0,23.0,23.0,23°C,0.175172,0.02,0.03,0.05,0.001455,0.145172,0.143717,32.284833,3,24.3667,24.1,24.8,0.3786,19.0,2026-09-10T21:20:00.000Z,PAPER_BUY,entry=ask; fee_source=market; gross_edge=0.1452; net_ev=0.1437
2026-09-10T21:56:29.737579+00:00,Lucknow,VILK,2026-09-11,lowest_temperature,C,4399179,lucknow|2026_09_11|lowest_temperature|c|vilk,exact,28.0,28.0,28.0,28°C,0.144517,0.0005,0.001,0.05,4.995e-05,0.143517,0.143467,998.95005,3,26.4333,26.3,26.6,0.1528,27.0,2026-09-10T21:30:00.000Z,PAPER_BUY,entry=ask; fee_source=market; gross_edge=0.1435; net_ev=0.1435
2026-09-10T21:56:29.761101+00:00,Panama City,MPMG,2026-09-12,highest_temperature,C,4437538,panama_city|2026_09_12|highest_temperature|c|mpmg,exact,31.0,31.0,31.0,31°C,0.309157,0.155,0.16,0.05,0.00672,0.149157,0.142437,5.208,3,31.3667,30.9,31.9,0.5033,29.0,2026-09-10T21:00:00.000Z,PAPER_BUY,entry=ask; fee_source=market; gross_edge=0.1492; net_ev=0.1424
2026-09-10T21:56:29.745334+00:00,Miami,KMIA,2026-09-11,lowest_temperature,F,4401772,miami|2026_09_11|lowest_temperature|f|kmia,range,,74.0,75.0,74-75°F,0.202634,0.03,0.06,0.05,0.00282,0.142634,0.139814,15.619667,3,24.9333,24.4,26.0,0.9238,29.4,2026-09-10T21:00:00.000Z,PAPER_BUY,entry=ask; fee_source=market; gross_edge=0.1426; net_ev=0.1398
2026-09-10T21:56:29.754724+00:00,Warsaw,EPWA,2026-09-12,highest_temperature,C,4431348,warsaw|2026_09_12|highest_temperature|c|epwa,exact,21.0,21.0,21.0,21°C,0.212088,0.055,0.07,0.05,0.003255,0.142088,0.138833,13.239214,3,19.8667,18.7,20.7,1.0408,11.0,2026-09-10T21:30:00.000Z,PAPER_BUY,entry=ask; fee_source=market; gross_edge=0.1421; net_ev=0.1388
2026-09-10T21:56:29.731354+00:00,Cape Town,FACT,2026-09-10,lowest_temperature,C,4355892,cape_town|2026_09_10|lowest_temperature|c|fact,exact,16.0,16.0,16.0,16°C,0.1396,0.0005,0.001,0.05,4.995e-05,0.1386,0.13855,998.95005,3,14.4,13.9,15.0,0.5568,16.0,2026-09-10T21:00:00.000Z,PAPER_BUY,entry=ask; fee_source=market; gross_edge=0.1386; net_ev=0.1385
2026-09-10T21:56:29.732424+00:00,Cape Town,FACT,2026-09-10,highest_temperature,C,4356543,cape_town|2026_09_10|highest_temperature|c|fact,exact,21.0,21.0,21.0,21°C,0.1396,0.0005,0.001,0.05,4.995e-05,0.1386,0.13855,998.95005,3,19.4,19.1,19.8,0.3606,16.0,2026-09-10T21:00:00.000Z,PAPER_BUY,entry=ask; fee_source=market; gross_edge=0.1386; net_ev=0.1385
2026-09-10T21:56:29.754549+00:00,Madrid,LEMD,2026-09-12,highest_temperature,C,4431334,madrid|2026_09_12|highest_temperature|c|lemd,exact,30.0,30.0,30.0,30°C,0.180418,0.025,0.04,0.05,0.00192,0.140418,0.138498,23.952,3,31.3333,31.3,31.4,0.0577,20.0,2026-09-10T21:30:00.000Z,PAPER_BUY,entry=ask; fee_source=market; gross_edge=0.1404; net_ev=0.1385
2026-09-10T21:56:29.743338+00:00,Helsinki,EFHK,2026-09-11,highest_temperature,C,4400238,helsinki|2026_09_11|highest_temperature|c|efhk,exact,18.0,18.0,18.0,18°C,0.242856,0.09,0.1,0.05,0.0045,0.142856,0.138356,8.955,3,17.0667,16.8,17.4,0.3055,12.0,2026-09-10T22:00:00.000Z,PAPER_BUY,entry=ask; fee_source=market; gross_edge=0.1429; net_ev=0.1384
2026-09-10T21:56:29.744812+00:00,Denver,KBKF,2026-09-11,highest_temperature,F,4401463,denver|2026_09_11|highest_temperature|f|kbkf,range,,86.0,87.0,86-87°F,0.179751,0.03,0.04,0.05,0.00192,0.139751,0.137831,23.952,3,31.7333,31.5,32.2,0.4041,30.4,2026-09-10T21:00:00.000Z,PAPER_BUY,entry=ask; fee_source=market; gross_edge=0.1398; net_ev=0.1378
2026-09-10T21:56:29.737191+00:00,Seoul (Incheon),RKSI,2026-09-11,lowest_temperature,C,4399146,seoul_incheon|2026_09_11|lowest_temperature|c|rksi,exact,18.0,18.0,18.0,18°C,0.138646,0.0005,0.001,0.05,4.995e-05,0.137646,0.137596,998.95005,3,17.7333,14.9,19.5,2.4786,16.0,2026-09-10T21:30:00.000Z,PAPER_BUY,entry=ask; fee_source=market; gross_edge=0.1376; net_ev=0.1376
2026-09-10T21:56:29.748818+00:00,Panama City,MPMG,2026-09-11,highest_temperature,C,4405145,panama_city|2026_09_11|highest_temperature|c|mpmg,exact,29.0,29.0,29.0,29°C,0.168711,0.025,0.03,0.05,0.001455,0.138711,0.137256,32.284833,3,30.4333,29.7,31.8,1.1846,29.0,2026-09-10T21:00:00.000Z,PAPER_BUY,entry=ask; fee_source=market; gross_edge=0.1387; net_ev=0.1373
2026-09-10T21:56:29.733060+00:00,New York City,KLGA,2026-09-10,lowest_temperature,F,4358853,new_york_city|2026_09_10|lowest_temperature|f|klga,range,,68.0,69.0,68-69°F,0.141755,0.003,0.006,0.05,0.0002982,0.135755,0.135457,165.616967,3,21.9667,21.5,22.2,0.4041,30.0,2026-09-10T22:00:00.000Z,PAPER_BUY,entry=ask; fee_source=market; gross_edge=0.1358; net_ev=0.1355
2026-09-10T21:56:29.735417+00:00,San Francisco,KSFO,2026-09-10,highest_temperature,F,4362186,san_francisco|2026_09_10|highest_temperature|f|ksfo,range,,82.0,83.0,82-83°F,0.136142,0.001,0.002,0.05,9.98e-05,0.134142,0.134042,498.9501,3,30.0,28.9,32.2,1.9053,28.9,2026-09-10T21:00:00.000Z,PAPER_BUY,entry=ask; fee_source=market; gross_edge=0.1341; net_ev=0.1340
2026-09-10T21:56:29.737182+00:00,Seoul (Incheon),RKSI,2026-09-11,lowest_temperature,C,4399145,seoul_incheon|2026_09_11|lowest_temperature|c|rksi,exact,17.0,17.0,17.0,17°C,0.13476,0.0005,0.001,0.05,4.995e-05,0.13376,0.13371,998.95005,3,17.7333,14.9,19.5,2.4786,16.0,2026-09-10T21:30:00.000Z,PAPER_BUY,entry=ask; fee_source=market; gross_edge=0.1338; net_ev=0.1337
2026-09-10T21:56:29.730612+00:00,Munich,EDDM,2026-09-10,lowest_temperature,C,4355587,munich|2026_09_10|lowest_temperature|c|eddm,exact,8.0,8.0,8.0,8°C,0.134751,0.0005,0.001,0.05,4.995e-05,0.133751,0.133701,998.95005,3,9.6333,8.8,10.4,0.8021,12.0,2026-09-10T22:00:00.000Z,PAPER_BUY,entry=ask; fee_source=market; gross_edge=0.1338; net_ev=0.1337
2026-09-10T21:56:29.737873+00:00,Tokyo,RJTT,2026-09-11,lowest_temperature,C,4399213,tokyo|2026_09_11|lowest_temperature|c|rjtt,exact,21.0,21.0,21.0,21°C,0.134751,0.0005,0.001,0.05,4.995e-05,0.133751,0.133701,998.95005,3,19.3667,19.0,19.6,0.3215,19.0,2026-09-10T21:30:00.000Z,PAPER_BUY,entry=ask; fee_source=market; gross_edge=0.1338; net_ev=0.1337
2026-09-10T21:56:29.737957+00:00,Shanghai,ZSPD,2026-09-11,lowest_temperature,C,4399230,shanghai|2026_09_11|lowest_temperature|c|zspd,exact,21.0,21.0,21.0,21°C,0.185913,0.03,0.05,0.05,0.002375,0.135913,0.133538,18.9525,3,22.3,21.1,23.1,1.0583,24.0,2026-09-10T21:30:00.000Z,PAPER_BUY,entry=ask; fee_source=market; gross_edge=0.1359; net_ev=0.1335
2026-09-10T21:56:29.746334+00:00,Austin,KAUS,2026-09-11,highest_temperature,F,4402235,austin|2026_09_11|highest_temperature|f|kaus,range,,94.0,95.0,94-95°F,0.154036,0.01,0.02,0.05,0.00098,0.134036,0.133056,48.951,3,36.3333,36.2,36.4,0.1155,37.2,2026-09-10T21:00:00.000Z,PAPER_BUY,entry=ask; fee_source=market; gross_edge=0.1340; net_ev=0.1331
2026-09-10T21:56:29.743179+00:00,Amsterdam,EHAM,2026-09-11,highest_temperature,C,4400224,amsterdam|2026_09_11|highest_temperature|c|eham,exact,19.0,19.0,19.0,19°C,0.247769,0.105,0.11,0.05,0.004895,0.137769,0.132874,8.046409,3,19.9,19.2,20.8,0.8185,16.0,2026-09-10T21:25:00.000Z,PAPER_BUY,entry=ask; fee_source=market; gross_edge=0.1378; net_ev=0.1329
2026-09-10T21:56:29.743834+00:00,Guangzhou,ZGGG,2026-09-11,highest_temperature,C,4400277,guangzhou|2026_09_11|highest_temperature|c|zggg,exact,29.0,29.0,29.0,29°C,0.134751,0.0015,0.002,0.05,9.98e-05,0.132751,0.132651,498.9501,3,30.6333,30.3,31.0,0.3512,25.0,2026-09-10T21:30:00.000Z,PAPER_BUY,entry=ask; fee_source=market; gross_edge=0.1328; net_ev=0.1327
2026-09-10T21:56:29.741807+00:00,Singapore,WSSS,2026-09-11,highest_temperature,C,4400070,singapore|2026_09_11|highest_temperature|c|wsss,exact,28.0,28.0,28.0,28°C,0.131991,0.0005,0.001,0.05,4.995e-05,0.130991,0.130942,998.95005,3,29.8333,28.6,31.6,1.5695,28.0,2026-09-10T21:30:00.000Z,PAPER_BUY,entry=ask; fee_source=market; gross_edge=0.1310; net_ev=0.1309
2026-09-10T21:56:29.741648+00:00,Shanghai,ZSPD,2026-09-11,highest_temperature,C,4400058,shanghai|2026_09_11|highest_temperature|c|zspd,exact,26.0,26.0,26.0,26°C,0.142347,0.007,0.011,0.05,0.00054395,0.131347,0.130803,89.859641,3,27.7,26.2,29.1,1.4526,24.0,2026-09-10T21:30:00.000Z,PAPER_BUY,entry=ask; fee_source=market; gross_edge=0.1313; net_ev=0.1308
2026-09-10T21:56:29.730480+00:00,Paris,LFPB,2026-09-10,lowest_temperature,C,4355533,paris|2026_09_10|lowest_temperature|c|lfpb,exact,10.0,10.0,10.0,10°C,0.131714,0.0005,0.001,0.05,4.995e-05,0.130714,0.130664,998.95005,3,10.3,8.4,13.7,2.9513,14.0,2026-09-10T21:30:00.000Z,PAPER_BUY,entry=ask; fee_source=market; gross_edge=0.1307; net_ev=0.1307
2026-09-10T21:56:29.731227+00:00,Amsterdam,EHAM,2026-09-10,lowest_temperature,C,4355849,amsterdam|2026_09_10|lowest_temperature|c|eham,exact,14.0,14.0,14.0,14°C,0.130268,0.0005,0.001,0.05,4.995e-05,0.129268,0.129218,998.95005,3,12.1667,10.7,13.5,1.4048,16.0,2026-09-10T21:25:00.000Z,PAPER_BUY,entry=ask; fee_source=market; gross_edge=0.1293; net_ev=0.1292
2026-09-10T21:56:29.738106+00:00,Singapore,WSSS,2026-09-11,lowest_temperature,C,4399243,singapore|2026_09_11|lowest_temperature|c|wsss,exact,25.0,25.0,25.0,25°C,0.149994,0.015,0.02,0.05,0.00098,0.129994,0.129014,48.951,3,26.5333,25.5,27.6,1.0504,28.0,2026-09-10T21:30:00.000Z,PAPER_BUY,entry=ask; fee_source=market; gross_edge=0.1300; net_ev=0.1290
2026-09-10T21:56:29.732297+00:00,Amsterdam,EHAM,2026-09-10,highest_temperature,C,4356499,amsterdam|2026_09_10|highest_temperature|c|eham,exact,21.0,21.0,21.0,21°C,0.129976,0.0005,0.001,0.05,4.995e-05,0.128976,0.128926,998.95005,3,19.3333,18.7,20.2,0.7767,16.0,2026-09-10T21:25:00.000Z,PAPER_BUY,entry=ask; fee_source=market; gross_edge=0.1290; net_ev=0.1289
2026-09-10T21:56:29.739686+00:00,Kuala Lumpur,WMKK,2026-09-11,lowest_temperature,C,4399409,kuala_lumpur|2026_09_11|lowest_temperature|c|wmkk,exact,26.0,26.0,26.0,26°C,0.129976,0.0005,0.001,0.05,4.995e-05,0.128976,0.128926,998.95005,3,24.3333,24.2,24.4,0.1155,25.0,2026-09-10T21:30:00.000Z,PAPER_BUY,entry=ask; fee_source=market; gross_edge=0.1290; net_ev=0.1289
2026-09-10T21:56:29.744234+00:00,Manila,RPLL,2026-09-11,highest_temperature,C,4400310,manila|2026_09_11|highest_temperature|c|rpll,exact,27.0,27.0,27.0,27°C,0.149498,0.015,0.02,0.05,0.00098,0.129498,0.128518,48.951,3,28.5333,28.2,29.0,0.4163,25.0,2026-09-10T21:00:00.000Z,PAPER_BUY,entry=ask; fee_source=market; gross_edge=0.1295; net_ev=0.1285
2026-09-10T21:56:29.756880+00:00,Dallas,KDAL,2026-09-12,highest_temperature,F,4433717,dallas|2026_09_12|highest_temperature|f|kdal,range,,102.0,103.0,102-103°F,0.346388,0.195,0.21,0.05,0.008295,0.136388,0.128093,3.722405,3,38.8667,38.8,38.9,0.0577,36.7,2026-09-10T21:00:00.000Z,PAPER_BUY,entry=ask; fee_source=market; gross_edge=0.1364; net_ev=0.1281
2026-09-10T21:56:29.730490+00:00,Paris,LFPB,2026-09-10,lowest_temperature,C,4355534,paris|2026_09_10|lowest_temperature|c|lfpb,exact,11.0,11.0,11.0,11°C,0.128845,0.0005,0.001,0.05,4.995e-05,0.127845,0.127795,998.95005,3,10.3,8.4,13.7,2.9513,14.0,2026-09-10T21:30:00.000Z,PAPER_BUY,entry=ask; fee_source=market; gross_edge=0.1278; net_ev=0.1278
2026-09-10T21:56:29.736199+00:00,Sao Paulo,SBGR,2026-09-10,highest_temperature,C,4363744,sao_paulo|2026_09_10|highest_temperature|c|sbgr,exact,21.0,21.0,21.0,21°C,0.128392,0.0005,0.001,0.05,4.995e-05,0.127392,0.127342,998.95005,3,22.8667,21.3,24.8,1.7786,17.0,2026-09-10T21:00:00.000Z,PAPER_BUY,entry=ask; fee_source=market; gross_edge=0.1274; net_ev=0.1273
2026-09-10T21:56:29.744511+00:00,Atlanta,KATL,2026-09-11,highest_temperature,F,4401440,atlanta|2026_09_11|highest_temperature|f|katl,range,,86.0,87.0,86-87°F,0.31467,0.17,0.18,0.05,0.00738,0.13467,0.12729,4.514556,3,30.9,30.6,31.5,0.5196,31.7,2026-09-10T22:00:00.000Z,PAPER_BUY,entry=ask; fee_source=market; gross_edge=0.1347; net_ev=0.1273
2026-09-10T21:56:29.733797+00:00,Austin,KAUS,2026-09-10,lowest_temperature,F,4358913,austin|2026_09_10|lowest_temperature|f|kaus,range,,80.0,81.0,80-81°F,0.128295,0.0005,0.001,0.05,4.995e-05,0.127295,0.127245,998.95005,3,25.1667,24.7,25.4,0.4041,37.2,2026-09-10T21:00:00.000Z,PAPER_BUY,entry=ask; fee_source=market; gross_edge=0.1273; net_ev=0.1272
2026-09-10T21:56:29.744402+00:00,Dallas,KDAL,2026-09-11,highest_temperature,F,4401432,dallas|2026_09_11|highest_temperature|f|kdal,range,,100.0,101.0,100-101°F,0.231593,0.085,0.1,0.05,0.0045,0.131593,0.127093,8.955,3,36.9,36.9,36.9,0.0,36.7,2026-09-10T21:00:00.000Z,PAPER_BUY,entry=ask; fee_source=market; gross_edge=0.1316; net_ev=0.1271
2026-09-10T21:56:29.756459+00:00,Qingdao,ZSQD,2026-09-12,highest_temperature,C,4431527,qingdao|2026_09_12|highest_temperature|c|zsqd,exact,28.0,28.0,28.0,28°C,0.313691,0.165,0.18,0.05,0.00738,0.133691,0.126311,4.514556,3,28.3,27.6,28.9,0.6557,14.0,2026-09-10T21:00:00.000Z,PAPER_BUY,entry=ask; fee_source=market; gross_edge=0.1337; net_ev=0.1263
2026-09-10T21:56:29.737984+00:00,Shanghai,ZSPD,2026-09-11,lowest_temperature,C,4399233,shanghai|2026_09_11|lowest_temperature|c|zspd,exact,24.0,24.0,24.0,24°C,0.126738,0.0005,0.001,0.05,4.995e-05,0.125738,0.125688,998.95005,3,22.3,21.1,23.1,1.0583,24.0,2026-09-10T21:30:00.000Z,PAPER_BUY,entry=ask; fee_source=market; gross_edge=0.1257; net_ev=0.1257
2026-09-10T21:56:29.737200+00:00,Seoul (Incheon),RKSI,2026-09-11,lowest_temperature,C,4399147,seoul_incheon|2026_09_11|lowest_temperature|c|rksi,exact,19.0,19.0,19.0,19°C,0.126282,0.0005,0.001,0.05,4.995e-05,0.125282,0.125233,998.95005,3,17.7333,14.9,19.5,2.4786,16.0,2026-09-10T21:30:00.000Z,PAPER_BUY,entry=ask; fee_source=market; gross_edge=0.1253; net_ev=0.1252
2026-09-10T21:56:29.752116+00:00,Jeddah,OEJN,2026-09-12,lowest_temperature,C,4430671,jeddah|2026_09_12|lowest_temperature|c|oejn,exact,29.0,29.0,29.0,29°C,0.322608,0.115,0.19,0.05,0.007695,0.132608,0.124913,4.222658,3,28.9333,28.3,29.5,0.6028,32.0,2026-09-10T21:00:00.000Z,PAPER_BUY,entry=ask; fee_source=market; gross_edge=0.1326; net_ev=0.1249
2026-09-10T21:56:29.753777+00:00,Lucknow,VILK,2026-09-12,highest_temperature,C,4431241,lucknow|2026_09_12|highest_temperature|c|vilk,exact,32.0,32.0,32.0,32°C,0.322608,0.175,0.19,0.05,0.007695,0.132608,0.124913,4.222658,3,31.9333,31.4,32.8,0.7572,27.0,2026-09-10T21:30:00.000Z,PAPER_BUY,entry=ask; fee_source=market; gross_edge=0.1326; net_ev=0.1249
2026-09-10T21:56:29.737053+00:00,Paris,LFPB,2026-09-11,lowest_temperature,C,4399134,paris|2026_09_11|lowest_temperature|c|lfpb,exact,15.0,15.0,15.0,15°C,0.135061,0.0055,0.01,0.05,0.000495,0.125061,0.124566,98.9505,3,14.3667,12.5,17.2,2.4947,14.0,2026-09-10T21:30:00.000Z,PAPER_BUY,entry=ask; fee_source=market; gross_edge=0.1251; net_ev=0.1246
2026-09-10T21:56:29.741547+00:00,Tokyo,RJTT,2026-09-11,highest_temperature,C,4400039,tokyo|2026_09_11|highest_temperature|c|rjtt,exact,19.0,19.0,19.0,19°C,0.125279,0.0005,0.001,0.05,4.995e-05,0.124279,0.124229,998.95005,3,20.7,20.3,20.9,0.3464,19.0,2026-09-10T21:30:00.000Z,PAPER_BUY,entry=ask; fee_source=market; gross_edge=0.1243; net_ev=0.1242
2026-09-10T21:56:29.744253+00:00,Manila,RPLL,2026-09-11,highest_temperature,C,4400312,manila|2026_09_11|highest_temperature|c|rpll,exact,29.0,29.0,29.0,29°C,0.300831,0.15,0.17,0.05,0.007055,0.130831,0.123776,4.840853,3,28.5333,28.2,29.0,0.4163,25.0,2026-09-10T21:00:00.000Z,PAPER_BUY,entry=ask; fee_source=market; gross_edge=0.1308; net_ev=0.1238
2026-09-10T21:56:29.732156+00:00,Warsaw,EPWA,2026-09-10,highest_temperature,C,4356388,warsaw|2026_09_10|highest_temperature|c|epwa,exact,21.0,21.0,21.0,21°C,0.122175,0.0005,0.001,0.05,4.995e-05,0.121175,0.121125,998.95005,3,19.1667,17.8,20.1,1.2097,11.0,2026-09-10T21:30:00.000Z,PAPER_BUY,entry=ask; fee_source=market; gross_edge=0.1212; net_ev=0.1211
2026-09-10T21:56:29.750792+00:00,Warsaw,EPWA,2026-09-12,lowest_temperature,C,4430508,warsaw|2026_09_12|lowest_temperature|c|epwa,exact,12.0,12.0,12.0,12°C,0.287135,0.08,0.16,0.05,0.00672,0.127135,0.120415,5.208,3,11.4,11.1,11.6,0.2646,11.0,2026-09-10T21:30:00.000Z,PAPER_BUY,entry=ask; fee_source=market; gross_edge=0.1271; net_ev=0.1204
2026-09-10T21:56:29.740508+00:00,Manila,RPLL,2026-09-11,lowest_temperature,C,4399477,manila|2026_09_11|lowest_temperature|c|rpll,exact,27.0,27.0,27.0,27°C,0.120663,0.0005,0.001,0.05,4.995e-05,0.119663,0.119613,998.95005,3,25.2667,24.3,26.0,0.8737,25.0,2026-09-10T21:00:00.000Z,PAPER_BUY,entry=ask; fee_source=market; gross_edge=0.1197; net_ev=0.1196
2026-09-10T21:56:29.746481+00:00,Houston,KHOU,2026-09-11,highest_temperature,F,4402247,houston|2026_09_11|highest_temperature|f|khou,range,,88.0,89.0,88-89°F,0.337656,0.2,0.21,0.05,0.008295,0.127656,0.119361,3.722405,3,31.8,31.8,31.8,0.0,30.6,2026-09-10T21:00:00.000Z,PAPER_BUY,entry=ask; fee_source=market; gross_edge=0.1277; net_ev=0.1194
2026-09-10T21:56:29.735133+00:00,Seattle,KSEA,2026-09-10,highest_temperature,F,4362159,seattle|2026_09_10|highest_temperature|f|ksea,range,,66.0,67.0,66-67°F,0.120225,0.0005,0.001,0.05,4.995e-05,0.119225,0.119175,998.95005,3,21.0,20.6,21.2,0.3464,20.0,2026-09-10T21:00:00.000Z,PAPER_BUY,entry=ask; fee_source=market; gross_edge=0.1192; net_ev=0.1192
2026-09-10T21:56:29.730350+00:00,London,EGLC,2026-09-10,lowest_temperature,C,4355526,london|2026_09_10|lowest_temperature|c|eglc,exact,12.0,12.0,12.0,12°C,0.124144,0.0025,0.005,0.05,0.00024875,0.119144,0.118895,198.95025,3,13.7333,12.5,14.5,1.0786,17.0,2026-09-10T22:00:00.000Z,PAPER_BUY,entry=ask; fee_source=market; gross_edge=0.1191; net_ev=0.1189
2026-09-10T21:56:29.753329+00:00,Seoul (Incheon),RKSI,2026-09-12,highest_temperature,C,4431207,seoul_incheon|2026_09_12|highest_temperature|c|rksi,exact,24.0,24.0,24.0,24°C,0.294331,0.16,0.17,0.05,0.007055,0.124331,0.117276,4.840853,3,24.5333,23.9,25.4,0.7767,16.0,2026-09-10T21:30:00.000Z,PAPER_BUY,entry=ask; fee_source=market; gross_edge=0.1243; net_ev=0.1173
2026-09-10T21:56:29.754137+00:00,Shanghai,ZSPD,2026-09-12,highest_temperature,C,4431291,shanghai|2026_09_12|highest_temperature|c|zspd,exact,26.0,26.0,26.0,26°C,0.126738,0.0065,0.01,0.05,0.000495,0.116738,0.116243,98.9505,3,27.7,26.5,28.5,1.0583,24.0,2026-09-10T21:30:00.000Z,PAPER_BUY,entry=ask; fee_source=market; gross_edge=0.1167; net_ev=0.1162
2026-09-10T21:56:29.746472+00:00,Houston,KHOU,2026-09-11,highest_temperature,F,4402246,houston|2026_09_11|highest_temperature|f|khou,range,,86.0,87.0,86-87°F,0.168567,0.035,0.05,0.05,0.002375,0.118567,0.116192,18.9525,3,31.8,31.8,31.8,0.0,30.6,2026-09-10T21:00:00.000Z,PAPER_BUY,entry=ask; fee_source=market; gross_edge=0.1186; net_ev=0.1162
2026-09-10T21:56:29.732811+00:00,Atlanta,KATL,2026-09-10,highest_temperature,F,4358671,atlanta|2026_09_10|highest_temperature|f|katl,range,,86.0,87.0,86-87°F,0.117075,0.0005,0.001,0.05,4.995e-05,0.116075,0.116025,998.95005,3,32.1333,31.8,32.3,0.2887,31.7,2026-09-10T22:00:00.000Z,PAPER_BUY,entry=ask; fee_source=market; gross_edge=0.1161; net_ev=0.1160
2026-09-10T21:56:29.744111+00:00,Karachi,OPKC,2026-09-11,highest_temperature,C,4400300,karachi|2026_09_11|highest_temperature|c|opkc,exact,31.0,31.0,31.0,31°C,0.138445,0.012,0.022,0.05,0.0010758,0.116445,0.115369,44.405645,3,32.6333,30.5,34.0,1.8717,27.0,2026-09-10T21:30:00.000Z,PAPER_BUY,entry=ask; fee_source=market; gross_edge=0.1164; net_ev=0.1154
2026-09-10T21:56:29.731076+00:00,Warsaw,EPWA,2026-09-10,lowest_temperature,C,4355731,warsaw|2026_09_10|lowest_temperature|c|epwa,exact,15.0,15.0,15.0,15°C,0.116132,0.0005,0.001,0.05,4.995e-05,0.115132,0.115082,998.95005,3,13.2333,12.1,13.9,0.9866,11.0,2026-09-10T21:30:00.000Z,PAPER_BUY,entry=ask; fee_source=market; gross_edge=0.1151; net_ev=0.1151
2026-09-10T21:56:29.753870+00:00,Munich,EDDM,2026-09-12,highest_temperature,C,4431247,munich|2026_09_12|highest_temperature|c|eddm,exact,20.0,20.0,20.0,20°C,0.1396,0.0135,0.025,0.05,0.00121875,0.1146,0.113381,38.95125,3,21.6,21.3,21.8,0.2646,12.0,2026-09-10T22:00:00.000Z,PAPER_BUY,entry=ask; fee_source=market; gross_edge=0.1146; net_ev=0.1134
2026-09-10T21:56:29.748218+00:00,Sao Paulo,SBGR,2026-09-11,highest_temperature,C,4405102,sao_paulo|2026_09_11|highest_temperature|c|sbgr,exact,31.0,31.0,31.0,31°C,0.154538,0.035,0.04,0.05,0.00192,0.114538,0.112618,23.952,3,29.5,29.0,30.5,0.866,17.0,2026-09-10T21:00:00.000Z,PAPER_BUY,entry=ask; fee_source=market; gross_edge=0.1145; net_ev=0.1126
2026-09-10T21:56:29.736236+00:00,Sao Paulo,SBGR,2026-09-10,highest_temperature,C,4363748,sao_paulo|2026_09_10|highest_temperature|c|sbgr,exact,25.0,25.0,25.0,25°C,0.113308,0.0005,0.001,0.05,4.995e-05,0.112308,0.112258,998.95005,3,22.8667,21.3,24.8,1.7786,17.0,2026-09-10T21:00:00.000Z,PAPER_BUY,entry=ask; fee_source=market; gross_edge=0.1123; net_ev=0.1123
2026-09-10T21:56:29.730500+00:00,Paris,LFPB,2026-09-10,lowest_temperature,C,4355535,paris|2026_09_10|lowest_temperature|c|lfpb,exact,12.0,12.0,12.0,12°C,0.112901,0.0005,0.001,0.05,4.995e-05,0.111901,0.111851,998.95005,3,10.3,8.4,13.7,2.9513,14.0,2026-09-10T21:30:00.000Z,PAPER_BUY,entry=ask; fee_source=market; gross_edge=0.1119; net_ev=0.1119
2026-09-10T21:56:29.738798+00:00,Beijing,ZBAA,2026-09-11,lowest_temperature,C,4399312,beijing|2026_09_11|lowest_temperature|c|zbaa,exact,17.0,17.0,17.0,17°C,0.112459,0.0005,0.001,0.05,4.995e-05,0.111459,0.111409,998.95005,3,14.9,12.5,16.6,2.1378,13.0,2026-09-10T21:30:00.000Z,PAPER_BUY,entry=ask; fee_source=market; gross_edge=0.1115; net_ev=0.1114
2026-09-10T21:56:29.741453+00:00,Munich,EDDM,2026-09-11,highest_temperature,C,4400021,munich|2026_09_11|highest_temperature|c|eddm,exact,19.0,19.0,19.0,19°C,0.287135,0.165,0.17,0.05,0.007055,0.117135,0.11008,4.840853,3,19.6,18.7,20.1,0.781,12.0,2026-09-10T22:00:00.000Z,PAPER_BUY,entry=ask; fee_source=market; gross_edge=0.1171; net_ev=0.1101
2026-09-10T21:56:29.757117+00:00,New York City,KLGA,2026-09-12,lowest_temperature,F,4433893,new_york_city|2026_09_12|lowest_temperature|f|klga,range,,62.0,63.0,62-63°F,0.286831,0.16,0.17,0.05,0.007055,0.116831,0.109776,4.840853,3,16.2667,15.6,17.6,1.1547,30.0,2026-09-10T22:00:00.000Z,PAPER_BUY,entry=ask; fee_source=market; gross_edge=0.1168; net_ev=0.1098
2026-09-10T21:56:29.746226+00:00,Chicago,KORD,2026-09-11,highest_temperature,F,4402227,chicago|2026_09_11|highest_temperature|f|kord,range,,84.0,85.0,84-85°F,0.130025,0.015,0.02,0.05,0.00098,0.110025,0.109045,48.951,3,27.1,25.1,28.1,1.7321,25.0,2026-09-10T22:00:00.000Z,PAPER_BUY,entry=ask; fee_source=market; gross_edge=0.1100; net_ev=0.1090
2026-09-10T21:56:29.743431+00:00,Kuala Lumpur,WMKK,2026-09-11,highest_temperature,C,4400245,kuala_lumpur|2026_09_11|highest_temperature|c|wmkk,exact,28.0,28.0,28.0,28°C,0.129976,0.0115,0.02,0.05,0.00098,0.109976,0.108996,48.951,3,29.6667,28.9,30.6,0.8622,25.0,2026-09-10T21:30:00.000Z,PAPER_BUY,entry=ask; fee_source=market; gross_edge=0.1100; net_ev=0.1090
2026-09-10T21:56:29.744927+00:00,New York City,KLGA,2026-09-11,lowest_temperature,F,4401739,new_york_city|2026_09_11|lowest_temperature|f|klga,range,,64.0,65.0,64-65°F,0.143482,0.019,0.033,0.05,0.00159555,0.110482,0.108887,29.25468,3,19.7333,19.3,20.6,0.7506,30.0,2026-09-10T22:00:00.000Z,PAPER_BUY,entry=ask; fee_source=market; gross_edge=0.1105; net_ev=0.1089
2026-09-10T21:56:29.741444+00:00,Munich,EDDM,2026-09-11,highest_temperature,C,4400020,munich|2026_09_11|highest_temperature|c|eddm,exact,18.0,18.0,18.0,18°C,0.1396,0.02,0.03,0.05,0.001455,0.1096,0.108145,32.284833,3,19.6,18.7,20.1,0.781,12.0,2026-09-10T22:00:00.000Z,PAPER_BUY,entry=ask; fee_source=market; gross_edge=0.1096; net_ev=0.1081
2026-09-10T21:56:29.753319+00:00,Seoul (Incheon),RKSI,2026-09-12,highest_temperature,C,4431206,seoul_incheon|2026_09_12|highest_temperature|c|rksi,exact,23.0,23.0,23.0,23°C,0.149498,0.035,0.04,0.05,0.00192,0.109498,0.107578,23.952,3,24.5333,23.9,25.4,0.7767,16.0,2026-09-10T21:30:00.000Z,PAPER_BUY,entry=ask; fee_source=market; gross_edge=0.1095; net_ev=0.1076
2026-09-10T21:56:29.744392+00:00,Dallas,KDAL,2026-09-11,highest_temperature,F,4401431,dallas|2026_09_11|highest_temperature|f|kdal,range,,98.0,99.0,98-99°F,0.356382,0.23,0.24,0.05,0.00912,0.116382,0.107262,3.128667,3,36.9,36.9,36.9,0.0,36.7,2026-09-10T21:00:00.000Z,PAPER_BUY,entry=ask; fee_source=market; gross_edge=0.1164; net_ev=0.1073
2026-09-10T21:56:29.736648+00:00,Mexico City,MMMX,2026-09-10,highest_temperature,C,4363781,mexico_city|2026_09_10|highest_temperature|c|mmmx,exact,23.0,23.0,23.0,23°C,0.107339,0.0005,0.001,0.05,4.995e-05,0.106339,0.106289,998.95005,3,24.8333,23.8,25.6,0.9292,23.0,2026-09-10T21:45:00.000Z,PAPER_BUY,entry=ask; fee_source=market; gross_edge=0.1063; net_ev=0.1063
2026-09-10T21:56:29.759629+00:00,Los Angeles,KLAX,2026-09-12,highest_temperature,F,4436803,los_angeles|2026_09_12|highest_temperature|f|klax,range,,84.0,85.0,84-85°F,0.156803,0.04,0.05,0.05,0.002375,0.106803,0.104428,18.9525,3,29.5,28.1,32.3,2.4249,31.1,2026-09-10T21:00:00.000Z,PAPER_BUY,entry=ask; fee_source=market; gross_edge=0.1068; net_ev=0.1044
2026-09-10T21:56:29.744822+00:00,Denver,KBKF,2026-09-11,highest_temperature,F,4401464,denver|2026_09_11|highest_temperature|f|kbkf,range,,88.0,89.0,88-89°F,0.343197,0.215,0.23,0.05,0.008855,0.113197,0.104342,3.309326,3,31.7333,31.5,32.2,0.4041,30.4,2026-09-10T21:00:00.000Z,PAPER_BUY,entry=ask; fee_source=market; gross_edge=0.1132; net_ev=0.1043
2026-09-10T21:56:29.731977+00:00,Madrid,LEMD,2026-09-10,highest_temperature,C,4356370,madrid|2026_09_10|highest_temperature|c|lemd,exact,25.0,25.0,25.0,25°C,0.103083,0.0005,0.001,0.05,4.995e-05,0.102083,0.102033,998.95005,3,26.8667,26.4,27.7,0.7234,20.0,2026-09-10T21:30:00.000Z,PAPER_BUY,entry=ask; fee_source=market; gross_edge=0.1021; net_ev=0.1020
2026-09-10T21:56:29.730915+00:00,Madrid,LEMD,2026-09-10,lowest_temperature,C,4355694,madrid|2026_09_10|lowest_temperature|c|lemd,exact,14.0,14.0,14.0,14°C,0.102571,0.0005,0.001,0.05,4.995e-05,0.101571,0.101521,998.95005,3,11.9333,11.1,13.4,1.2741,20.0,2026-09-10T21:30:00.000Z,PAPER_BUY,entry=ask; fee_source=market; gross_edge=0.1016; net_ev=0.1015
2026-09-10T21:56:29.739270+00:00,Busan,RKPK,2026-09-11,lowest_temperature,C,4399373,busan|2026_09_11|lowest_temperature|c|rkpk,exact,17.0,17.0,17.0,17°C,0.11169,0.0055,0.01,0.05,0.000495,0.10169,0.101195,98.9505,3,18.8,18.2,19.3,0.5568,19.0,2026-09-10T21:00:00.000Z,PAPER_BUY,entry=ask; fee_source=market; gross_edge=0.1017; net_ev=0.1012
2026-09-10T21:56:29.741021+00:00,Ankara,LTAC,2026-09-11,highest_temperature,C,4399984,ankara|2026_09_11|highest_temperature|c|ltac,exact,28.0,28.0,28.0,28°C,0.11169,0.0055,0.01,0.05,0.000495,0.10169,0.101195,98.9505,3,29.8,29.3,30.4,0.5568,17.0,2026-09-10T22:00:00.000Z,PAPER_BUY,entry=ask; fee_source=market; gross_edge=0.1017; net_ev=0.1012
2026-09-10T21:56:29.737347+00:00,Ankara,LTAC,2026-09-11,lowest_temperature,C,4399160,ankara|2026_09_11|lowest_temperature|c|ltac,exact,18.0,18.0,18.0,18°C,0.102226,0.0005,0.001,0.05,4.995e-05,0.101226,0.101176,998.95005,3,15.8333,12.8,17.8,2.6652,17.0,2026-09-10T22:00:00.000Z,PAPER_BUY,entry=ask; fee_source=market; gross_edge=0.1012; net_ev=0.1012
2026-09-10T21:56:29.737209+00:00,Seoul (Incheon),RKSI,2026-09-11,lowest_temperature,C,4399148,seoul_incheon|2026_09_11|lowest_temperature|c|rksi,exact,20.0,20.0,20.0,20°C,0.101829,0.0005,0.001,0.05,4.995e-05,0.100829,0.100779,998.95005,3,17.7333,14.9,19.5,2.4786,16.0,2026-09-10T21:30:00.000Z,PAPER_BUY,entry=ask; fee_source=market; gross_edge=0.1008; net_ev=0.1008
2026-09-10T21:56:29.744637+00:00,Miami,KMIA,2026-09-11,highest_temperature,F,4401450,miami|2026_09_11|highest_temperature|f|kmia,range,,82.0,83.0,82-83°F,0.104943,0.0025,0.004,0.05,0.0001992,0.100943,0.100743,248.9502,3,30.0,29.8,30.4,0.3464,29.4,2026-09-10T21:00:00.000Z,PAPER_BUY,entry=ask; fee_source=market; gross_edge=0.1009; net_ev=0.1007
2026-09-10T21:56:29.731190+00:00,Amsterdam,EHAM,2026-09-10,lowest_temperature,C,4355845,amsterdam|2026_09_10|lowest_temperature|c|eham,exact,10.0,10.0,10.0,10°C,0.101709,0.0005,0.001,0.05,4.995e-05,0.100709,0.100659,998.95005,3,12.1667,10.7,13.5,1.4048,16.0,2026-09-10T21:25:00.000Z,PAPER_BUY,entry=ask; fee_source=market; gross_edge=0.1007; net_ev=0.1007
2026-09-10T21:56:29.755878+00:00,Kuala Lumpur,WMKK,2026-09-12,highest_temperature,C,4431477,kuala_lumpur|2026_09_12|highest_temperature|c|wmkk,exact,27.0,27.0,27.0,27°C,0.105426,0.004,0.005,0.05,0.00024875,0.100426,0.100177,198.95025,3,29.0333,24.9,31.2,3.581,25.0,2026-09-10T21:30:00.000Z,PAPER_BUY,entry=ask; fee_source=market; gross_edge=0.1004; net_ev=0.1002
2026-09-10T21:56:29.759639+00:00,Los Angeles,KLAX,2026-09-12,highest_temperature,F,4436805,los_angeles|2026_09_12|highest_temperature|f|klax,range,,86.0,87.0,86-87°F,0.151966,0.025,0.05,0.05,0.002375,0.101966,0.099591,18.9525,3,29.5,28.1,32.3,2.4249,31.1,2026-09-10T21:00:00.000Z,PAPER_BUY,entry=ask; fee_source=market; gross_edge=0.1020; net_ev=0.0996
2026-09-10T21:56:29.740782+00:00,Paris,LFPB,2026-09-11,highest_temperature,C,4399965,paris|2026_09_11|highest_temperature|c|lfpb,exact,26.0,26.0,26.0,26°C,0.151215,0.04,0.05,0.05,0.002375,0.101215,0.09884,18.9525,3,24.4,23.5,26.0,1.3892,14.0,2026-09-10T21:30:00.000Z,PAPER_BUY,entry=ask; fee_source=market; gross_edge=0.1012; net_ev=0.0988
2026-09-10T21:56:29.754270+00:00,Singapore,WSSS,2026-09-12,highest_temperature,C,4431302,singapore|2026_09_12|highest_temperature|c|wsss,exact,29.0,29.0,29.0,29°C,0.129976,0.02,0.03,0.05,0.001455,0.099976,0.098521,32.284833,3,30.6667,30.1,31.0,0.4933,28.0,2026-09-10T21:30:00.000Z,PAPER_BUY,entry=ask; fee_source=market; gross_edge=0.1000; net_ev=0.0985
2026-09-10T21:56:29.743057+00:00,Busan,RKPK,2026-09-11,highest_temperature,C,4400214,busan|2026_09_11|highest_temperature|c|rkpk,exact,27.0,27.0,27.0,27°C,0.160886,0.055,0.06,0.05,0.00282,0.100886,0.098066,15.619667,3,28.5,27.1,29.8,1.3528,19.0,2026-09-10T21:00:00.000Z,PAPER_BUY,entry=ask; fee_source=market; gross_edge=0.1009; net_ev=0.0981
2026-09-10T21:56:29.755632+00:00,Amsterdam,EHAM,2026-09-12,highest_temperature,C,4431459,amsterdam|2026_09_12|highest_temperature|c|eham,exact,20.0,20.0,20.0,20°C,0.160707,0.045,0.06,0.05,0.00282,0.100707,0.097887,15.619667,3,21.5,20.3,22.7,1.2,16.0,2026-09-10T21:25:00.000Z,PAPER_BUY,entry=ask; fee_source=market; gross_edge=0.1007; net_ev=0.0979
2026-09-10T21:56:29.730458+00:00,Paris,LFPB,2026-09-10,lowest_temperature,C,4355531,paris|2026_09_10|lowest_temperature|c|lfpb,exact,8.0,8.0,8.0,8°C,0.098929,0.0005,0.001,0.05,4.995e-05,0.097929,0.097879,998.95005,3,10.3,8.4,13.7,2.9513,14.0,2026-09-10T21:30:00.000Z,PAPER_BUY,entry=ask; fee_source=market; gross_edge=0.0979; net_ev=0.0979
2026-09-10T21:56:29.731478+00:00,London,EGLC,2026-09-10,highest_temperature,C,4356226,london|2026_09_10|highest_temperature|c|eglc,exact,22.0,22.0,22.0,22°C,0.098922,0.0005,0.001,0.05,4.995e-05,0.097922,0.097872,998.95005,3,20.1,19.0,20.9,0.9849,17.0,2026-09-10T22:00:00.000Z,PAPER_BUY,entry=ask; fee_source=market; gross_edge=0.0979; net_ev=0.0979
2026-09-10T21:56:29.731890+00:00,Milan,LIMC,2026-09-10,highest_temperature,C,4356358,milan|2026_09_10|highest_temperature|c|limc,exact,20.0,20.0,20.0,20°C,0.098922,0.0005,0.001,0.05,4.995e-05,0.097922,0.097872,998.95005,3,21.9,21.4,22.4,0.5,19.0,2026-09-10T21:20:00.000Z,PAPER_BUY,entry=ask; fee_source=market; gross_edge=0.0979; net_ev=0.0979
2026-09-10T21:56:29.736790+00:00,Panama City,MPMG,2026-09-10,highest_temperature,C,4363791,panama_city|2026_09_10|highest_temperature|c|mpmg,exact,28.0,28.0,28.0,28°C,0.098922,0.0005,0.001,0.05,4.995e-05,0.097922,0.097872,998.95005,3,29.9,29.5,30.3,0.4,29.0,2026-09-10T21:00:00.000Z,PAPER_BUY,entry=ask; fee_source=market; gross_edge=0.0979; net_ev=0.0979
2026-09-10T21:56:29.732582+00:00,New York City,KLGA,2026-09-10,highest_temperature,F,4358655,new_york_city|2026_09_10|highest_temperature|f|klga,range,,92.0,93.0,92-93°F,0.09635,0.0005,0.001,0.05,4.995e-05,0.09535,0.0953,998.95005,3,31.6,31.4,31.7,0.1732,30.0,2026-09-10T22:00:00.000Z,PAPER_BUY,entry=ask; fee_source=market; gross_edge=0.0953; net_ev=0.0953
2026-09-10T21:56:29.734057+00:00,Houston,KHOU,2026-09-10,lowest_temperature,F,4358934,houston|2026_09_10|lowest_temperature|f|khou,range,,80.0,81.0,80-81°F,0.09635,0.0005,0.001,0.05,4.995e-05,0.09535,0.0953,998.95005,3,24.9333,23.8,25.5,0.9815,30.6,2026-09-10T21:00:00.000Z,PAPER_BUY,entry=ask; fee_source=market; gross_edge=0.0953; net_ev=0.0953
2026-09-10T21:56:29.756478+00:00,Qingdao,ZSQD,2026-09-12,highest_temperature,C,4431529,qingdao|2026_09_12|highest_temperature|c|zsqd,exact,30.0,30.0,30.0,30°C,0.125279,0.02,0.03,0.05,0.001455,0.095279,0.093824,32.284833,3,28.3,27.6,28.9,0.6557,14.0,2026-09-10T21:00:00.000Z,PAPER_BUY,entry=ask; fee_source=market; gross_edge=0.0953; net_ev=0.0938
2026-09-10T21:56:29.731571+00:00,Paris,LFPB,2026-09-10,highest_temperature,C,4356233,paris|2026_09_10|highest_temperature|c|lfpb,exact,19.0,19.0,19.0,19°C,0.094861,0.0005,0.001,0.05,4.995e-05,0.093861,0.093811,998.95005,3,20.9333,20.3,21.6,0.6506,14.0,2026-09-10T21:30:00.000Z,PAPER_BUY,entry=ask; fee_source=market; gross_edge=0.0939; net_ev=0.0938
2026-09-10T21:56:29.736328+00:00,Buenos Aires,SAEZ,2026-09-10,highest_temperature,C,4363756,buenos_aires|2026_09_10|highest_temperature|c|saez,exact,19.0,19.0,19.0,19°C,0.094861,0.0005,0.001,0.05,4.995e-05,0.093861,0.093811,998.95005,3,20.9333,20.7,21.1,0.2082,19.0,2026-09-10T21:00:00.000Z,PAPER_BUY,entry=ask; fee_source=market; gross_edge=0.0939; net_ev=0.0938
2026-09-10T21:56:29.739050+00:00,Chengdu,ZUUU,2026-09-11,lowest_temperature,C,4399333,chengdu|2026_09_11|lowest_temperature|c|zuuu,exact,20.0,20.0,20.0,20°C,0.094861,0.0005,0.001,0.05,4.995e-05,0.093861,0.093811,998.95005,3,18.0667,18.0,18.1,0.0577,19.0,2026-09-10T21:00:00.000Z,PAPER_BUY,entry=ask; fee_source=market; gross_edge=0.0939; net_ev=0.0938
2026-09-10T21:56:29.755887+00:00,Kuala Lumpur,WMKK,2026-09-12,highest_temperature,C,4431478,kuala_lumpur|2026_09_12|highest_temperature|c|wmkk,exact,28.0,28.0,28.0,28°C,0.124812,0.015,0.03,0.05,0.001455,0.094812,0.093357,32.284833,3,29.0333,24.9,31.2,3.581,25.0,2026-09-10T21:30:00.000Z,PAPER_BUY,entry=ask; fee_source=market; gross_edge=0.0948; net_ev=0.0934
2026-09-10T21:56:29.744501+00:00,Atlanta,KATL,2026-09-11,highest_temperature,F,4401439,atlanta|2026_09_11|highest_temperature|f|katl,range,,84.0,85.0,84-85°F,0.134944,0.0335,0.04,0.05,0.00192,0.094944,0.093024,23.952,3,30.9,30.6,31.5,0.5196,31.7,2026-09-10T22:00:00.000Z,PAPER_BUY,entry=ask; fee_source=market; gross_edge=0.0949; net_ev=0.0930
2026-09-10T21:56:29.758958+00:00,Houston,KHOU,2026-09-12,highest_temperature,F,4434164,houston|2026_09_12|highest_temperature|f|khou,range,,96.0,97.0,96-97°F,0.134944,0.02,0.04,0.05,0.00192,0.094944,0.093024,23.952,3,34.1,32.9,34.7,1.0392,30.6,2026-09-10T21:00:00.000Z,PAPER_BUY,entry=ask; fee_source=market; gross_edge=0.0949; net_ev=0.0930
2026-09-10T21:56:29.755092+00:00,Wuhan,ZHHH,2026-09-12,highest_temperature,C,4431389,wuhan|2026_09_12|highest_temperature|c|zhhh,exact,28.0,28.0,28.0,28°C,0.134751,0.03,0.04,0.05,0.00192,0.094751,0.092831,23.952,3,29.6333,29.5,29.8,0.1528,18.0,2026-09-10T21:00:00.000Z,PAPER_BUY,entry=ask; fee_source=market; gross_edge=0.0948; net_ev=0.0928
2026-09-10T21:56:29.753452+00:00,Ankara,LTAC,2026-09-12,highest_temperature,C,4431217,ankara|2026_09_12|highest_temperature|c|ltac,exact,29.0,29.0,29.0,29°C,0.094861,0.0015,0.002,0.05,9.98e-05,0.092861,0.092761,498.9501,3,30.9333,30.7,31.3,0.3215,17.0,2026-09-10T22:00:00.000Z,PAPER_BUY,entry=ask; fee_source=market; gross_edge=0.0929; net_ev=0.0928
2026-09-10T21:56:29.737227+00:00,Seoul (Incheon),RKSI,2026-09-11,lowest_temperature,C,4399150,seoul_incheon|2026_09_11|lowest_temperature|c|rksi,or_higher,22.0,22.0,,22°C or higher,0.093172,0.0005,0.001,0.05,4.995e-05,0.092172,0.092122,998.95005,3,17.7333,14.9,19.5,2.4786,16.0,2026-09-10T21:30:00.000Z,PAPER_BUY,entry=ask; fee_source=market; gross_edge=0.0922; net_ev=0.0921
2026-09-10T21:56:29.741826+00:00,Singapore,WSSS,2026-09-11,highest_temperature,C,4400072,singapore|2026_09_11|highest_temperature|c|wsss,exact,30.0,30.0,30.0,30°C,0.21733,0.115,0.12,0.05,0.00528,0.09733,0.09205,7.289333,3,29.8333,28.6,31.6,1.5695,28.0,2026-09-10T21:30:00.000Z,PAPER_BUY,entry=ask; fee_source=market; gross_edge=0.0973; net_ev=0.0921
2026-09-10T21:56:29.741637+00:00,Shanghai,ZSPD,2026-09-11,highest_temperature,C,4400057,shanghai|2026_09_11|highest_temperature|c|zspd,or_lower,25.0,,25.0,25°C or below,0.09392,0.0015,0.002,0.05,9.98e-05,0.09192,0.091821,498.9501,3,27.7,26.2,29.1,1.4526,24.0,2026-09-10T21:30:00.000Z,PAPER_BUY,entry=ask; fee_source=market; gross_edge=0.0919; net_ev=0.0918
2026-09-10T21:56:29.736062+00:00,Panama City,MPMG,2026-09-10,lowest_temperature,C,4363409,panama_city|2026_09_10|lowest_temperature|c|mpmg,exact,23.0,23.0,23.0,23°C,0.154538,0.03,0.06,0.05,0.00282,0.094538,0.091718,15.619667,3,24.5,24.1,25.3,0.6928,29.0,2026-09-10T21:00:00.000Z,PAPER_BUY,entry=ask; fee_source=market; gross_edge=0.0945; net_ev=0.0917
2026-09-10T21:56:29.760543+00:00,Sao Paulo,SBGR,2026-09-12,highest_temperature,C,4437492,sao_paulo|2026_09_12|highest_temperature|c|sbgr,exact,25.0,25.0,25.0,25°C,0.195983,0.08,0.1,0.05,0.0045,0.095983,0.091483,8.955,3,24.0,22.3,24.9,1.4731,17.0,2026-09-10T21:00:00.000Z,PAPER_BUY,entry=ask; fee_source=market; gross_edge=0.0960; net_ev=0.0915
2026-09-10T21:56:29.741039+00:00,Ankara,LTAC,2026-09-11,highest_temperature,C,4399986,ankara|2026_09_11|highest_temperature|c|ltac,exact,30.0,30.0,30.0,30°C,0.318872,0.215,0.22,0.05,0.00858,0.098872,0.090292,3.506455,3,29.8,29.3,30.4,0.5568,17.0,2026-09-10T22:00:00.000Z,PAPER_BUY,entry=ask; fee_source=market; gross_edge=0.0989; net_ev=0.0903
2026-09-10T21:56:29.745075+00:00,Dallas,KDAL,2026-09-11,lowest_temperature,F,4401751,dallas|2026_09_11|lowest_temperature|f|kdal,range,,76.0,77.0,76-77°F,0.267291,0.085,0.17,0.05,0.007055,0.097291,0.090236,4.840853,3,25.6667,25.3,26.4,0.6351,36.7,2026-09-10T21:00:00.000Z,PAPER_BUY,entry=ask; fee_source=market; gross_edge=0.0973; net_ev=0.0902
2026-09-10T21:56:29.731928+00:00,Milan,LIMC,2026-09-10,highest_temperature,C,4356362,milan|2026_09_10|highest_temperature|c|limc,or_higher,24.0,24.0,,24°C or higher,0.091211,0.0005,0.001,0.05,4.995e-05,0.090211,0.090161,998.95005,3,21.9,21.4,22.4,0.5,19.0,2026-09-10T21:20:00.000Z,PAPER_BUY,entry=ask; fee_source=market; gross_edge=0.0902; net_ev=0.0902
2026-09-10T21:56:29.734210+00:00,Miami,KMIA,2026-09-10,highest_temperature,F,4359140,miami|2026_09_10|highest_temperature|f|kmia,range,,92.0,93.0,92-93°F,0.095074,0.0025,0.005,0.05,0.00024875,0.090074,0.089825,198.95025,3,30.9667,28.9,32.0,1.7898,29.4,2026-09-10T21:00:00.000Z,PAPER_BUY,entry=ask; fee_source=market; gross_edge=0.0901; net_ev=0.0898
2026-09-10T21:56:29.734582+00:00,Houston,KHOU,2026-09-10,highest_temperature,F,4359170,houston|2026_09_10|highest_temperature|f|khou,range,,86.0,87.0,86-87°F,0.090869,0.0005,0.001,0.05,4.995e-05,0.089869,0.089819,998.95005,3,32.3333,31.4,32.8,0.8083,30.6,2026-09-10T21:00:00.000Z,PAPER_BUY,entry=ask; fee_source=market; gross_edge=0.0899; net_ev=0.0898
2026-09-10T21:56:29.753161+00:00,Paris,LFPB,2026-09-12,highest_temperature,C,4431194,paris|2026_09_12|highest_temperature|c|lfpb,exact,23.0,23.0,23.0,23°C,0.131675,0.025,0.04,0.05,0.00192,0.091675,0.089755,23.952,3,24.8333,23.6,26.5,1.4978,14.0,2026-09-10T21:30:00.000Z,PAPER_BUY,entry=ask; fee_source=market; gross_edge=0.0917; net_ev=0.0898
2026-09-10T21:56:29.748665+00:00,Mexico City,MMMX,2026-09-11,highest_temperature,C,4405136,mexico_city|2026_09_11|highest_temperature|c|mmmx,exact,23.0,23.0,23.0,23°C,0.110012,0.01,0.02,0.05,0.00098,0.090012,0.089032,48.951,3,24.9333,23.6,25.9,1.193,23.0,2026-09-10T21:45:00.000Z,PAPER_BUY,entry=ask; fee_source=market; gross_edge=0.0900; net_ev=0.0890
2026-09-10T21:56:29.748489+00:00,Toronto,CYYZ,2026-09-11,highest_temperature,C,4405124,toronto|2026_09_11|highest_temperature|c|cyyz,exact,24.0,24.0,24.0,24°C,0.317367,0.205,0.22,0.05,0.00858,0.097367,0.088787,3.506455,3,23.7667,23.3,24.0,0.4041,23.0,2026-09-10T21:00:00.000Z,PAPER_BUY,entry=ask; fee_source=market; gross_edge=0.0974; net_ev=0.0888
2026-09-10T21:56:29.740609+00:00,London,EGLC,2026-09-11,highest_temperature,C,4399951,london|2026_09_11|highest_temperature|c|eglc,exact,20.0,20.0,20.0,20°C,0.101251,0.0075,0.012,0.05,0.0005928,0.089251,0.088658,82.283933,3,22.1,21.3,23.6,1.3,17.0,2026-09-10T22:00:00.000Z,PAPER_BUY,entry=ask; fee_source=market; gross_edge=0.0893; net_ev=0.0887
2026-09-10T21:56:29.732119+00:00,Warsaw,EPWA,2026-09-10,highest_temperature,C,4356384,warsaw|2026_09_10|highest_temperature|c|epwa,exact,17.0,17.0,17.0,17°C,0.087821,0.0005,0.001,0.05,4.995e-05,0.086821,0.086771,998.95005,3,19.1667,17.8,20.1,1.2097,11.0,2026-09-10T21:30:00.000Z,PAPER_BUY,entry=ask; fee_source=market; gross_edge=0.0868; net_ev=0.0868
2026-09-10T21:56:29.760552+00:00,Sao Paulo,SBGR,2026-09-12,highest_temperature,C,4437493,sao_paulo|2026_09_12|highest_temperature|c|sbgr,exact,26.0,26.0,26.0,26°C,0.117952,0.025,0.03,0.05,0.001455,0.087952,0.086497,32.284833,3,24.0,22.3,24.9,1.4731,17.0,2026-09-10T21:00:00.000Z,PAPER_BUY,entry=ask; fee_source=market; gross_edge=0.0880; net_ev=0.0865
2026-09-10T21:56:29.737062+00:00,Paris,LFPB,2026-09-11,lowest_temperature,C,4399135,paris|2026_09_11|lowest_temperature|c|lfpb,exact,16.0,16.0,16.0,16°C,0.11785,0.02,0.03,0.05,0.001455,0.08785,0.086395,32.284833,3,14.3667,12.5,17.2,2.4947,14.0,2026-09-10T21:30:00.000Z,PAPER_BUY,entry=ask; fee_source=market; gross_edge=0.0879; net_ev=0.0864
2026-09-10T21:56:29.735670+00:00,Buenos Aires,SAEZ,2026-09-10,lowest_temperature,C,4363378,buenos_aires|2026_09_10|lowest_temperature|c|saez,exact,11.0,11.0,11.0,11°C,0.087039,0.0005,0.001,0.05,4.995e-05,0.086039,0.085989,998.95005,3,9.0,8.6,9.2,0.3464,19.0,2026-09-10T21:00:00.000Z,PAPER_BUY,entry=ask; fee_source=market; gross_edge=0.0860; net_ev=0.0860
2026-09-10T21:56:29.759777+00:00,San Francisco,KSFO,2026-09-12,highest_temperature,F,4436819,san_francisco|2026_09_12|highest_temperature|f|ksfo,range,,74.0,75.0,74-75°F,0.14849,0.03,0.06,0.05,0.00282,0.08849,0.08567,15.619667,3,21.8333,20.3,22.6,1.3279,28.9,2026-09-10T21:00:00.000Z,PAPER_BUY,entry=ask; fee_source=market; gross_edge=0.0885; net_ev=0.0857
2026-09-10T21:56:29.760959+00:00,Mexico City,MMMX,2026-09-12,highest_temperature,C,4437526,mexico_city|2026_09_12|highest_temperature|c|mmmx,exact,23.0,23.0,23.0,23°C,0.168429,0.075,0.08,0.05,0.00368,0.088429,0.084749,11.454,3,23.7,22.2,25.9,1.9468,23.0,2026-09-10T21:45:00.000Z,PAPER_BUY,entry=ask; fee_source=market; gross_edge=0.0884; net_ev=0.0847
2026-09-10T21:56:29.742740+00:00,Chengdu,ZUUU,2026-09-11,highest_temperature,C,4400165,chengdu|2026_09_11|highest_temperature|c|zuuu,exact,21.0,21.0,21.0,21°C,0.103839,0.01,0.02,0.05,0.00098,0.083839,0.082859,48.951,3,23.1,20.0,24.7,2.6851,19.0,2026-09-10T21:00:00.000Z,PAPER_BUY,entry=ask; fee_source=market; gross_edge=0.0838; net_ev=0.0829
2026-09-10T21:56:29.744101+00:00,Karachi,OPKC,2026-09-11,highest_temperature,C,4400299,karachi|2026_09_11|highest_temperature|c|opkc,exact,30.0,30.0,30.0,30°C,0.088077,0.003,0.005,0.05,0.00024875,0.083077,0.082829,198.95025,3,32.6333,30.5,34.0,1.8717,27.0,2026-09-10T21:30:00.000Z,PAPER_BUY,entry=ask; fee_source=market; gross_edge=0.0831; net_ev=0.0828
2026-09-10T21:56:29.756190+00:00,Cape Town,FACT,2026-09-12,highest_temperature,C,4431504,cape_town|2026_09_12|highest_temperature|c|fact,exact,22.0,22.0,22.0,22°C,0.279299,0.185,0.19,0.05,0.007695,0.089299,0.081604,4.222658,3,21.3333,20.6,22.0,0.7024,16.0,2026-09-10T21:00:00.000Z,PAPER_BUY,entry=ask; fee_source=market; gross_edge=0.0893; net_ev=0.0816
2026-09-10T21:56:29.740869+00:00,Seoul (Incheon),RKSI,2026-09-11,highest_temperature,C,4399971,seoul_incheon|2026_09_11|highest_temperature|c|rksi,exact,22.0,22.0,22.0,22°C,0.094861,0.0105,0.013,0.05,0.00064155,0.081861,0.081219,75.873727,3,23.9333,23.6,24.5,0.4933,16.0,2026-09-10T21:30:00.000Z,PAPER_BUY,entry=ask; fee_source=market; gross_edge=0.0819; net_ev=0.0812
2026-09-10T21:56:29.747046+00:00,Seattle,KSEA,2026-09-11,highest_temperature,F,4404571,seattle|2026_09_11|highest_temperature|f|ksea,range,,64.0,65.0,64-65°F,0.16489,0.065,0.08,0.05,0.00368,0.08489,0.08121,11.454,3,19.6,19.5,19.8,0.1732,20.0,2026-09-10T21:00:00.000Z,PAPER_BUY,entry=ask; fee_source=market; gross_edge=0.0849; net_ev=0.0812
2026-09-10T21:56:29.761091+00:00,Panama City,MPMG,2026-09-12,highest_temperature,C,4437537,panama_city|2026_09_12|highest_temperature|c|mpmg,exact,30.0,30.0,30.0,30°C,0.175172,0.07,0.09,0.05,0.004095,0.085172,0.081077,10.065611,3,31.3667,30.9,31.9,0.5033,29.0,2026-09-10T21:00:00.000Z,PAPER_BUY,entry=ask; fee_source=market; gross_edge=0.0852; net_ev=0.0811
2026-09-10T21:56:29.758659+00:00,Austin,KAUS,2026-09-12,highest_temperature,F,4434141,austin|2026_09_12|highest_temperature|f|kaus,range,,104.0,105.0,104-105°F,0.154036,0.035,0.07,0.05,0.003255,0.084036,0.080781,13.239214,3,38.6667,37.8,39.1,0.7506,37.2,2026-09-10T21:00:00.000Z,PAPER_BUY,entry=ask; fee_source=market; gross_edge=0.0840; net_ev=0.0808
2026-09-10T21:56:29.736685+00:00,Mexico City,MMMX,2026-09-10,highest_temperature,C,4363785,mexico_city|2026_09_10|highest_temperature|c|mmmx,or_higher,27.0,27.0,,27°C or higher,0.082433,0.001,0.002,0.05,9.98e-05,0.080433,0.080333,498.9501,3,24.8333,23.8,25.6,0.9292,23.0,2026-09-10T21:45:00.000Z,PAPER_BUY,entry=ask; fee_source=market; gross_edge=0.0804; net_ev=0.0803
2026-09-10T21:56:29.743348+00:00,Helsinki,EFHK,2026-09-11,highest_temperature,C,4400239,helsinki|2026_09_11|highest_temperature|c|efhk,exact,19.0,19.0,19.0,19°C,0.094861,0.008,0.014,0.05,0.0006902,0.080861,0.08017,70.379271,3,17.0667,16.8,17.4,0.3055,12.0,2026-09-10T22:00:00.000Z,PAPER_BUY,entry=ask; fee_source=market; gross_edge=0.0809; net_ev=0.0802
2026-09-10T21:56:29.755897+00:00,Kuala Lumpur,WMKK,2026-09-12,highest_temperature,C,4431479,kuala_lumpur|2026_09_12|highest_temperature|c|wmkk,exact,29.0,29.0,29.0,29°C,0.13236,0.025,0.05,0.05,0.002375,0.08236,0.079985,18.9525,3,29.0333,24.9,31.2,3.581,25.0,2026-09-10T21:30:00.000Z,PAPER_BUY,entry=ask; fee_source=market; gross_edge=0.0824; net_ev=0.0800
2026-09-10T21:56:29.734162+00:00,Miami,KMIA,2026-09-10,highest_temperature,F,4359135,miami|2026_09_10|highest_temperature|f|kmia,range,,82.0,83.0,82-83°F,0.080156,0.0005,0.001,0.05,4.995e-05,0.079156,0.079106,998.95005,3,30.9667,28.9,32.0,1.7898,29.4,2026-09-10T21:00:00.000Z,PAPER_BUY,entry=ask; fee_source=market; gross_edge=0.0792; net_ev=0.0791
2026-09-10T21:56:29.747277+00:00,San Francisco,KSFO,2026-09-11,highest_temperature,F,4404590,san_francisco|2026_09_11|highest_temperature|f|ksfo,or_lower,63.0,,63.0,63°F or below,0.084136,0.0035,0.005,0.05,0.00024875,0.079136,0.078887,198.95025,3,21.6333,20.0,24.9,2.829,28.9,2026-09-10T21:00:00.000Z,PAPER_BUY,entry=ask; fee_source=market; gross_edge=0.0791; net_ev=0.0789
2026-09-10T21:56:29.731608+00:00,Paris,LFPB,2026-09-10,highest_temperature,C,4356237,paris|2026_09_10|highest_temperature|c|lfpb,exact,23.0,23.0,23.0,23°C,0.07963,0.0005,0.001,0.05,4.995e-05,0.07863,0.07858,998.95005,3,20.9333,20.3,21.6,0.6506,14.0,2026-09-10T21:30:00.000Z,PAPER_BUY,entry=ask; fee_source=market; gross_edge=0.0786; net_ev=0.0786
2026-09-10T21:56:29.736365+00:00,Buenos Aires,SAEZ,2026-09-10,highest_temperature,C,4363760,buenos_aires|2026_09_10|highest_temperature|c|saez,exact,23.0,23.0,23.0,23°C,0.07963,0.001,0.002,0.05,9.98e-05,0.07763,0.07753,498.9501,3,20.9333,20.7,21.1,0.2082,19.0,2026-09-10T21:00:00.000Z,PAPER_BUY,entry=ask; fee_source=market; gross_edge=0.0776; net_ev=0.0775
2026-09-10T21:56:29.748839+00:00,Panama City,MPMG,2026-09-11,highest_temperature,C,4405147,panama_city|2026_09_11|highest_temperature|c|mpmg,exact,31.0,31.0,31.0,31°C,0.263666,0.16,0.18,0.05,0.00738,0.083666,0.076286,4.514556,3,30.4333,29.7,31.8,1.1846,29.0,2026-09-10T21:00:00.000Z,PAPER_BUY,entry=ask; fee_source=market; gross_edge=0.0837; net_ev=0.0763
2026-09-10T21:56:29.735408+00:00,San Francisco,KSFO,2026-09-10,highest_temperature,F,4362185,san_francisco|2026_09_10|highest_temperature|f|ksfo,range,,80.0,81.0,80-81°F,0.07727,0.0005,0.001,0.05,4.995e-05,0.07627,0.07622,998.95005,3,30.0,28.9,32.2,1.9053,28.9,2026-09-10T21:00:00.000Z,PAPER_BUY,entry=ask; fee_source=market; gross_edge=0.0763; net_ev=0.0762
2026-09-10T21:56:29.742232+00:00,Warsaw,EPWA,2026-09-11,highest_temperature,C,4400114,warsaw|2026_09_11|highest_temperature|c|epwa,exact,19.0,19.0,19.0,19°C,0.159631,0.065,0.08,0.05,0.00368,0.079631,0.075951,11.454,3,17.5333,16.4,18.1,0.9815,11.0,2026-09-10T21:30:00.000Z,PAPER_BUY,entry=ask; fee_source=market; gross_edge=0.0796; net_ev=0.0760
2026-09-10T21:56:29.760941+00:00,Mexico City,MMMX,2026-09-12,highest_temperature,C,4437524,mexico_city|2026_09_12|highest_temperature|c|mmmx,exact,21.0,21.0,21.0,21°C,0.086432,0.006,0.01,0.05,0.000495,0.076432,0.075937,98.9505,3,23.7,22.2,25.9,1.9468,23.0,2026-09-10T21:45:00.000Z,PAPER_BUY,entry=ask; fee_source=market; gross_edge=0.0764; net_ev=0.0759
2026-09-10T21:56:29.731440+00:00,London,EGLC,2026-09-10,highest_temperature,C,4356222,london|2026_09_10|highest_temperature|c|eglc,exact,18.0,18.0,18.0,18°C,0.076081,0.0005,0.001,0.05,4.995e-05,0.075081,0.075031,998.95005,3,20.1,19.0,20.9,0.9849,17.0,2026-09-10T22:00:00.000Z,PAPER_BUY,entry=ask; fee_source=market; gross_edge=0.0751; net_ev=0.0750
2026-09-10T21:56:29.757029+00:00,Chicago,KORD,2026-09-12,highest_temperature,F,4433729,chicago|2026_09_12|highest_temperature|f|kord,range,,88.0,89.0,88-89°F,0.146964,0.05,0.07,0.05,0.003255,0.076964,0.073709,13.239214,3,29.7333,28.8,30.2,0.8083,25.0,2026-09-10T22:00:00.000Z,PAPER_BUY,entry=ask; fee_source=market; gross_edge=0.0770; net_ev=0.0737
2026-09-10T21:56:29.734906+00:00,Los Angeles,KLAX,2026-09-10,lowest_temperature,F,4361526,los_angeles|2026_09_10|lowest_temperature|f|klax,range,,78.0,79.0,78-79°F,0.074456,0.0005,0.001,0.05,4.995e-05,0.073456,0.073406,998.95005,3,23.6333,23.4,24.1,0.4041,31.1,2026-09-10T21:00:00.000Z,PAPER_BUY,entry=ask; fee_source=market; gross_edge=0.0735; net_ev=0.0734
2026-09-10T21:56:29.736190+00:00,Sao Paulo,SBGR,2026-09-10,highest_temperature,C,4363743,sao_paulo|2026_09_10|highest_temperature|c|sbgr,exact,20.0,20.0,20.0,20°C,0.073736,0.0005,0.001,0.05,4.995e-05,0.072736,0.072686,998.95005,3,22.8667,21.3,24.8,1.7786,17.0,2026-09-10T21:00:00.000Z,PAPER_BUY,entry=ask; fee_source=market; gross_edge=0.0727; net_ev=0.0727
2026-09-10T21:56:29.754559+00:00,Madrid,LEMD,2026-09-12,highest_temperature,C,4431335,madrid|2026_09_12|highest_temperature|c|lemd,exact,31.0,31.0,31.0,31°C,0.311529,0.225,0.23,0.05,0.008855,0.081529,0.072674,3.309326,3,31.3333,31.3,31.4,0.0577,20.0,2026-09-10T21:30:00.000Z,PAPER_BUY,entry=ask; fee_source=market; gross_edge=0.0815; net_ev=0.0727
2026-09-10T21:56:29.738807+00:00,Beijing,ZBAA,2026-09-11,lowest_temperature,C,4399313,beijing|2026_09_11|lowest_temperature|c|zbaa,exact,18.0,18.0,18.0,18°C,0.073573,0.0005,0.001,0.05,4.995e-05,0.072573,0.072523,998.95005,3,14.9,12.5,16.6,2.1378,13.0,2026-09-10T21:30:00.000Z,PAPER_BUY,entry=ask; fee_source=market; gross_edge=0.0726; net_ev=0.0725
2026-09-10T21:56:29.736913+00:00,London,EGLC,2026-09-11,lowest_temperature,C,4399122,london|2026_09_11|lowest_temperature|c|eglc,exact,14.0,14.0,14.0,14°C,0.103083,0.02,0.03,0.05,0.001455,0.073083,0.071628,32.284833,3,15.8667,15.1,16.5,0.7095,17.0,2026-09-10T22:00:00.000Z,PAPER_BUY,entry=ask; fee_source=market; gross_edge=0.0731; net_ev=0.0716
2026-09-10T21:56:29.732015+00:00,Madrid,LEMD,2026-09-10,highest_temperature,C,4356376,madrid|2026_09_10|highest_temperature|c|lemd,exact,29.0,29.0,29.0,29°C,0.072638,0.0005,0.001,0.05,4.995e-05,0.071638,0.071588,998.95005,3,26.8667,26.4,27.7,0.7234,20.0,2026-09-10T21:30:00.000Z,PAPER_BUY,entry=ask; fee_source=market; gross_edge=0.0716; net_ev=0.0716
2026-09-10T21:56:29.742751+00:00,Chengdu,ZUUU,2026-09-11,highest_temperature,C,4400166,chengdu|2026_09_11|highest_temperature|c|zuuu,exact,22.0,22.0,22.0,22°C,0.123839,0.04,0.05,0.05,0.002375,0.073839,0.071464,18.9525,3,23.1,20.0,24.7,2.6851,19.0,2026-09-10T21:00:00.000Z,PAPER_BUY,entry=ask; fee_source=market; gross_edge=0.0738; net_ev=0.0715
2026-09-10T21:56:29.746217+00:00,Chicago,KORD,2026-09-11,highest_temperature,F,4402226,chicago|2026_09_11|highest_temperature|f|kord,range,,82.0,83.0,82-83°F,0.196388,0.115,0.12,0.05,0.00528,0.076388,0.071108,7.289333,3,27.1,25.1,28.1,1.7321,25.0,2026-09-10T22:00:00.000Z,PAPER_BUY,entry=ask; fee_source=market; gross_edge=0.0764; net_ev=0.0711
2026-09-10T21:56:29.755211+00:00,Chengdu,ZUUU,2026-09-12,highest_temperature,C,4431399,chengdu|2026_09_12|highest_temperature|c|zuuu,exact,22.0,22.0,22.0,22°C,0.144095,0.06,0.07,0.05,0.003255,0.074095,0.07084,13.239214,3,23.5667,21.5,24.8,1.8009,19.0,2026-09-10T21:00:00.000Z,PAPER_BUY,entry=ask; fee_source=market; gross_edge=0.0741; net_ev=0.0708
2026-09-10T21:56:29.736827+00:00,Panama City,MPMG,2026-09-10,highest_temperature,C,4363795,panama_city|2026_09_10|highest_temperature|c|mpmg,exact,32.0,32.0,32.0,32°C,0.076081,0.003,0.005,0.05,0.00024875,0.071081,0.070832,198.95025,3,29.9,29.5,30.3,0.4,29.0,2026-09-10T21:00:00.000Z,PAPER_BUY,entry=ask; fee_source=market; gross_edge=0.0711; net_ev=0.0708
2026-09-10T21:56:29.760635+00:00,Buenos Aires,SAEZ,2026-09-12,highest_temperature,C,4437499,buenos_aires|2026_09_12|highest_temperature|c|saez,exact,10.0,10.0,10.0,10°C,0.175172,0.08,0.1,0.05,0.0045,0.075172,0.070672,8.955,3,11.3667,11.1,11.7,0.3055,19.0,2026-09-10T21:00:00.000Z,PAPER_BUY,entry=ask; fee_source=market; gross_edge=0.0752; net_ev=0.0707
2026-09-10T21:56:29.737071+00:00,Paris,LFPB,2026-09-11,lowest_temperature,C,4399136,paris|2026_09_11|lowest_temperature|c|lfpb,exact,17.0,17.0,17.0,17°C,0.091179,0.01,0.02,0.05,0.00098,0.071179,0.070199,48.951,3,14.3667,12.5,17.2,2.4947,14.0,2026-09-10T21:30:00.000Z,PAPER_BUY,entry=ask; fee_source=market; gross_edge=0.0712; net_ev=0.0702
2026-09-10T21:56:29.741658+00:00,Shanghai,ZSPD,2026-09-11,highest_temperature,C,4400059,shanghai|2026_09_11|highest_temperature|c|zspd,exact,27.0,27.0,27.0,27°C,0.216082,0.135,0.14,0.05,0.00602,0.076082,0.070062,6.099857,3,27.7,26.2,29.1,1.4526,24.0,2026-09-10T21:30:00.000Z,PAPER_BUY,entry=ask; fee_source=market; gross_edge=0.0761; net_ev=0.0701
2026-09-10T21:56:29.756291+00:00,Guangzhou,ZGGG,2026-09-12,highest_temperature,C,4431512,guangzhou|2026_09_12|highest_temperature|c|zggg,exact,30.0,30.0,30.0,30°C,0.090899,0.015,0.02,0.05,0.00098,0.070899,0.069919,48.951,3,31.9667,31.8,32.2,0.2082,25.0,2026-09-10T21:30:00.000Z,PAPER_BUY,entry=ask; fee_source=market; gross_edge=0.0709; net_ev=0.0699
2026-09-10T21:56:29.747233+00:00,Los Angeles,KLAX,2026-09-11,highest_temperature,F,4404588,los_angeles|2026_09_11|highest_temperature|f|klax,range,,88.0,89.0,88-89°F,0.163425,0.06,0.09,0.05,0.004095,0.073425,0.06933,10.065611,3,31.8333,30.5,34.5,2.3094,31.1,2026-09-10T21:00:00.000Z,PAPER_BUY,entry=ask; fee_source=market; gross_edge=0.0734; net_ev=0.0693
2026-09-10T21:56:29.755492+00:00,Busan,RKPK,2026-09-12,highest_temperature,C,4431447,busan|2026_09_12|highest_temperature|c|rkpk,exact,28.0,28.0,28.0,28°C,0.204282,0.11,0.13,0.05,0.005655,0.074282,0.068627,6.648808,3,29.1333,28.2,30.5,1.2097,19.0,2026-09-10T21:00:00.000Z,PAPER_BUY,entry=ask; fee_source=market; gross_edge=0.0743; net_ev=0.0686
2026-09-10T21:56:29.738642+00:00,Chongqing,ZUCK,2026-09-11,lowest_temperature,C,4399300,chongqing|2026_09_11|lowest_temperature|c|zuck,exact,22.0,22.0,22.0,22°C,0.069299,0.0005,0.001,0.05,4.995e-05,0.068299,0.068249,998.95005,3,19.8333,19.6,20.2,0.3215,20.0,2026-09-10T21:00:00.000Z,PAPER_BUY,entry=ask; fee_source=market; gross_edge=0.0683; net_ev=0.0682
2026-09-10T21:56:29.743170+00:00,Amsterdam,EHAM,2026-09-11,highest_temperature,C,4400223,amsterdam|2026_09_11|highest_temperature|c|eham,exact,18.0,18.0,18.0,18°C,0.098922,0.02,0.03,0.05,0.001455,0.068922,0.067467,32.284833,3,19.9,19.2,20.8,0.8185,16.0,2026-09-10T21:25:00.000Z,PAPER_BUY,entry=ask; fee_source=market; gross_edge=0.0689; net_ev=0.0675
2026-09-10T21:56:29.758772+00:00,Denver,KBKF,2026-09-12,highest_temperature,F,4434148,denver|2026_09_12|highest_temperature|f|kbkf,range,,78.0,79.0,78-79°F,0.150483,0.04,0.08,0.05,0.00368,0.070483,0.066803,11.454,3,27.4667,27.1,28.2,0.6351,30.4,2026-09-10T21:00:00.000Z,PAPER_BUY,entry=ask; fee_source=market; gross_edge=0.0705; net_ev=0.0668
2026-09-10T21:56:29.755662+00:00,Amsterdam,EHAM,2026-09-12,highest_temperature,C,4431462,amsterdam|2026_09_12|highest_temperature|c|eham,exact,23.0,23.0,23.0,23°C,0.160707,0.065,0.09,0.05,0.004095,0.070707,0.066612,10.065611,3,21.5,20.3,22.7,1.2,16.0,2026-09-10T21:25:00.000Z,PAPER_BUY,entry=ask; fee_source=market; gross_edge=0.0707; net_ev=0.0666
2026-09-10T21:56:29.756067+00:00,Jeddah,OEJN,2026-09-12,highest_temperature,C,4431494,jeddah|2026_09_12|highest_temperature|c|oejn,exact,39.0,39.0,39.0,39°C,0.118612,0.025,0.05,0.05,0.002375,0.068612,0.066237,18.9525,3,37.0667,36.2,38.6,1.3317,32.0,2026-09-10T21:00:00.000Z,PAPER_BUY,entry=ask; fee_source=market; gross_edge=0.0686; net_ev=0.0662
2026-09-10T21:56:29.754963+00:00,Beijing,ZBAA,2026-09-12,highest_temperature,C,4431378,beijing|2026_09_12|highest_temperature|c|zbaa,exact,27.0,27.0,27.0,27°C,0.149498,0.065,0.08,0.05,0.00368,0.069498,0.065818,11.454,3,28.5333,28.4,28.8,0.2309,13.0,2026-09-10T21:30:00.000Z,PAPER_BUY,entry=ask; fee_source=market; gross_edge=0.0695; net_ev=0.0658
2026-09-10T21:56:29.735997+00:00,Mexico City,MMMX,2026-09-10,lowest_temperature,C,4363405,mexico_city|2026_09_10|lowest_temperature|c|mmmx,or_higher,16.0,16.0,,16°C or higher,0.066807,0.0005,0.001,0.05,4.995e-05,0.065807,0.065757,998.95005,3,13.7,13.1,14.2,0.5568,23.0,2026-09-10T21:45:00.000Z,PAPER_BUY,entry=ask; fee_source=market; gross_edge=0.0658; net_ev=0.0658
2026-09-10T21:56:29.738911+00:00,Wuhan,ZHHH,2026-09-11,lowest_temperature,C,4399321,wuhan|2026_09_11|lowest_temperature|c|zhhh,exact,19.0,19.0,19.0,19°C,0.066066,0.0005,0.001,0.05,4.995e-05,0.065066,0.065016,998.95005,3,16.8,16.0,17.4,0.7211,18.0,2026-09-10T21:00:00.000Z,PAPER_BUY,entry=ask; fee_source=market; gross_edge=0.0651; net_ev=0.0650
2026-09-10T21:56:29.739307+00:00,Busan,RKPK,2026-09-11,lowest_temperature,C,4399377,busan|2026_09_11|lowest_temperature|c|rkpk,exact,21.0,21.0,21.0,21°C,0.066066,0.0005,0.001,0.05,4.995e-05,0.065066,0.065016,998.95005,3,18.8,18.2,19.3,0.5568,19.0,2026-09-10T21:00:00.000Z,PAPER_BUY,entry=ask; fee_source=market; gross_edge=0.0651; net_ev=0.0650
2026-09-10T21:56:29.740227+00:00,Qingdao,ZSQD,2026-09-11,lowest_temperature,C,4399453,qingdao|2026_09_11|lowest_temperature|c|zsqd,exact,17.0,17.0,17.0,17°C,0.066066,0.0005,0.001,0.05,4.995e-05,0.065066,0.065016,998.95005,3,14.8,13.8,15.8,1.0,14.0,2026-09-10T21:00:00.000Z,PAPER_BUY,entry=ask; fee_source=market; gross_edge=0.0651; net_ev=0.0650
2026-09-10T21:56:29.741798+00:00,Singapore,WSSS,2026-09-11,highest_temperature,C,4400069,singapore|2026_09_11|highest_temperature|c|wsss,exact,27.0,27.0,27.0,27°C,0.065659,0.0005,0.001,0.05,4.995e-05,0.064659,0.064609,998.95005,3,29.8333,28.6,31.6,1.5695,28.0,2026-09-10T21:30:00.000Z,PAPER_BUY,entry=ask; fee_source=market; gross_edge=0.0647; net_ev=0.0646
2026-09-10T21:56:29.734428+00:00,Austin,KAUS,2026-09-10,highest_temperature,F,4359157,austin|2026_09_10|highest_temperature|f|kaus,range,,92.0,93.0,92-93°F,0.065422,0.0005,0.001,0.05,4.995e-05,0.064422,0.064372,998.95005,3,35.9,35.5,36.7,0.6928,37.2,2026-09-10T21:00:00.000Z,PAPER_BUY,entry=ask; fee_source=market; gross_edge=0.0644; net_ev=0.0644
2026-09-10T21:56:29.749287+00:00,Paris,LFPB,2026-09-12,lowest_temperature,C,4430359,paris|2026_09_12|lowest_temperature|c|lfpb,exact,16.0,16.0,16.0,16°C,0.095552,0.015,0.03,0.05,0.001455,0.065552,0.064097,32.284833,3,13.5667,12.0,16.7,2.7135,14.0,2026-09-10T21:30:00.000Z,PAPER_BUY,entry=ask; fee_source=market; gross_edge=0.0656; net_ev=0.0641
2026-09-10T21:56:29.743311+00:00,Helsinki,EFHK,2026-09-11,highest_temperature,C,4400235,helsinki|2026_09_11|highest_temperature|c|efhk,exact,15.0,15.0,15.0,15°C,0.07963,0.0085,0.015,0.05,0.00073875,0.06463,0.063891,65.617417,3,17.0667,16.8,17.4,0.3055,12.0,2026-09-10T22:00:00.000Z,PAPER_BUY,entry=ask; fee_source=market; gross_edge=0.0646; net_ev=0.0639
2026-09-10T21:56:29.742507+00:00,Beijing,ZBAA,2026-09-11,highest_temperature,C,4400148,beijing|2026_09_11|highest_temperature|c|zbaa,exact,31.0,31.0,31.0,31°C,0.323078,0.245,0.25,0.05,0.009375,0.073078,0.063703,2.9625,3,31.0,30.8,31.3,0.2646,13.0,2026-09-10T21:30:00.000Z,PAPER_BUY,entry=ask; fee_source=market; gross_edge=0.0731; net_ev=0.0637
2026-09-10T21:56:29.749306+00:00,Paris,LFPB,2026-09-12,lowest_temperature,C,4430361,paris|2026_09_12|lowest_temperature|c|lfpb,or_higher,18.0,18.0,,18°C or higher,0.09491,0.015,0.03,0.05,0.001455,0.06491,0.063455,32.284833,3,13.5667,12.0,16.7,2.7135,14.0,2026-09-10T21:30:00.000Z,PAPER_BUY,entry=ask; fee_source=market; gross_edge=0.0649; net_ev=0.0635
2026-09-10T21:56:29.749126+00:00,London,EGLC,2026-09-12,lowest_temperature,C,4430348,london|2026_09_12|lowest_temperature|c|eglc,exact,16.0,16.0,16.0,16°C,0.104849,0.02,0.04,0.05,0.00192,0.064849,0.062929,23.952,3,14.0,12.6,14.8,1.2166,17.0,2026-09-10T22:00:00.000Z,PAPER_BUY,entry=ask; fee_source=market; gross_edge=0.0648; net_ev=0.0629
2026-09-10T21:56:29.746757+00:00,Los Angeles,KLAX,2026-09-11,lowest_temperature,F,4404268,los_angeles|2026_09_11|lowest_temperature|f|klax,range,,66.0,67.0,66-67°F,0.114901,0.025,0.05,0.05,0.002375,0.064901,0.062526,18.9525,3,21.2667,20.5,22.8,1.3279,31.1,2026-09-10T21:00:00.000Z,PAPER_BUY,entry=ask; fee_source=market; gross_edge=0.0649; net_ev=0.0625
2026-09-10T21:56:29.743450+00:00,Kuala Lumpur,WMKK,2026-09-11,highest_temperature,C,4400247,kuala_lumpur|2026_09_11|highest_temperature|c|wmkk,exact,30.0,30.0,30.0,30°C,0.311529,0.235,0.24,0.05,0.00912,0.071529,0.062409,3.128667,3,29.6667,28.9,30.6,0.8622,25.0,2026-09-10T21:30:00.000Z,PAPER_BUY,entry=ask; fee_source=market; gross_edge=0.0715; net_ev=0.0624
2026-09-10T21:56:29.747291+00:00,San Francisco,KSFO,2026-09-11,highest_temperature,F,4404591,san_francisco|2026_09_11|highest_temperature|f|ksfo,range,,64.0,65.0,64-65°F,0.072734,0.006,0.01,0.05,0.000495,0.062734,0.062239,98.9505,3,21.6333,20.0,24.9,2.829,28.9,2026-09-10T21:00:00.000Z,PAPER_BUY,entry=ask; fee_source=market; gross_edge=0.0627; net_ev=0.0622
2026-09-10T21:56:29.737080+00:00,Paris,LFPB,2026-09-11,lowest_temperature,C,4399137,paris|2026_09_11|lowest_temperature|c|lfpb,exact,18.0,18.0,18.0,18°C,0.062549,0.0005,0.001,0.05,4.995e-05,0.061549,0.061499,998.95005,3,14.3667,12.5,17.2,2.4947,14.0,2026-09-10T21:30:00.000Z,PAPER_BUY,entry=ask; fee_source=market; gross_edge=0.0615; net_ev=0.0615
2026-09-10T21:56:29.756590+00:00,Karachi,OPKC,2026-09-12,highest_temperature,C,4431538,karachi|2026_09_12|highest_temperature|c|opkc,exact,33.0,33.0,33.0,33°C,0.206824,0.125,0.14,0.05,0.00602,0.066824,0.060804,6.099857,3,34.1667,33.9,34.6,0.3786,27.0,2026-09-10T21:30:00.000Z,PAPER_BUY,entry=ask; fee_source=market; gross_edge=0.0668; net_ev=0.0608
2026-09-10T21:56:29.746236+00:00,Chicago,KORD,2026-09-11,highest_temperature,F,4402228,chicago|2026_09_11|highest_temperature|f|kord,range,,86.0,87.0,86-87°F,0.063563,0.002,0.003,0.05,0.00014955,0.060563,0.060414,332.283483,3,27.1,25.1,28.1,1.7321,25.0,2026-09-10T22:00:00.000Z,PAPER_BUY,entry=ask; fee_source=market; gross_edge=0.0606; net_ev=0.0604
2026-09-10T21:56:29.749428+00:00,Seoul (Incheon),RKSI,2026-09-12,lowest_temperature,C,4430370,seoul_incheon|2026_09_12|lowest_temperature|c|rksi,exact,21.0,21.0,21.0,21°C,0.143521,0.04,0.08,0.05,0.00368,0.063521,0.059841,11.454,3,19.6,17.3,20.9,1.9975,16.0,2026-09-10T21:30:00.000Z,PAPER_BUY,entry=ask; fee_source=market; gross_edge=0.0635; net_ev=0.0598
2026-09-10T21:56:29.743683+00:00,Cape Town,FACT,2026-09-11,highest_temperature,C,4400266,cape_town|2026_09_11|highest_temperature|c|fact,exact,20.0,20.0,20.0,20°C,0.143109,0.065,0.08,0.05,0.00368,0.063109,0.059429,11.454,3,21.6,19.6,23.0,1.7776,16.0,2026-09-10T21:00:00.000Z,PAPER_BUY,entry=ask; fee_source=market; gross_edge=0.0631; net_ev=0.0594
2026-09-10T21:56:29.736517+00:00,Toronto,CYYZ,2026-09-10,highest_temperature,C,4363769,toronto|2026_09_10|highest_temperature|c|cyyz,exact,23.0,23.0,23.0,23°C,0.060014,0.0005,0.001,0.05,4.995e-05,0.059014,0.058964,998.95005,3,25.5,24.1,26.2,1.2124,23.0,2026-09-10T21:00:00.000Z,PAPER_BUY,entry=ask; fee_source=market; gross_edge=0.0590; net_ev=0.0590
2026-09-10T21:56:29.735857+00:00,Toronto,CYYZ,2026-09-10,lowest_temperature,C,4363393,toronto|2026_09_10|lowest_temperature|c|cyyz,exact,18.0,18.0,18.0,18°C,0.059913,0.0005,0.001,0.05,4.995e-05,0.058913,0.058863,998.95005,3,15.7333,15.4,15.9,0.2887,23.0,2026-09-10T21:00:00.000Z,PAPER_BUY,entry=ask; fee_source=market; gross_edge=0.0589; net_ev=0.0589
2026-09-10T21:56:29.737458+00:00,Wellington,NZWN,2026-09-11,lowest_temperature,C,4399169,wellington|2026_09_11|lowest_temperature|c|nzwn,exact,9.0,9.0,9.0,9°C,0.059913,0.0005,0.001,0.05,4.995e-05,0.058913,0.058863,998.95005,3,6.7333,6.3,7.2,0.4509,11.0,2026-09-10T21:30:00.000Z,PAPER_BUY,entry=ask; fee_source=market; gross_edge=0.0589; net_ev=0.0589
2026-09-10T21:56:29.755192+00:00,Chengdu,ZUUU,2026-09-12,highest_temperature,C,4431397,chengdu|2026_09_12|highest_temperature|c|zuuu,or_lower,20.0,,20.0,20°C or below,0.069341,0.0065,0.01,0.05,0.000495,0.059341,0.058846,98.9505,3,23.5667,21.5,24.8,1.8009,19.0,2026-09-10T21:00:00.000Z,PAPER_BUY,entry=ask; fee_source=market; gross_edge=0.0593; net_ev=0.0588
2026-09-10T21:56:29.755362+00:00,Shenzhen,ZGSZ,2026-09-12,highest_temperature,C,4431412,shenzhen|2026_09_12|highest_temperature|c|zgsz,exact,31.0,31.0,31.0,31°C,0.266485,0.195,0.2,0.05,0.008,0.066485,0.058485,3.96,3,31.7667,31.0,32.6,0.8021,26.0,2026-09-10T21:00:00.000Z,PAPER_BUY,entry=ask; fee_source=market; gross_edge=0.0665; net_ev=0.0585
2026-09-10T21:56:29.757243+00:00,Dallas,KDAL,2026-09-12,lowest_temperature,F,4433903,dallas|2026_09_12|lowest_temperature|f|kdal,range,,74.0,75.0,74-75°F,0.110649,0.025,0.05,0.05,0.002375,0.060649,0.058274,18.9525,3,25.8667,25.0,27.6,1.5011,36.7,2026-09-10T21:00:00.000Z,PAPER_BUY,entry=ask; fee_source=market; gross_edge=0.0606; net_ev=0.0583
2026-09-10T21:56:29.758262+00:00,New York City,KLGA,2026-09-12,highest_temperature,F,4434109,new_york_city|2026_09_12|highest_temperature|f|klga,range,,84.0,85.0,84-85°F,0.089531,0.015,0.03,0.05,0.001455,0.059531,0.058076,32.284833,3,27.1,25.9,27.7,1.0392,30.0,2026-09-10T22:00:00.000Z,PAPER_BUY,entry=ask; fee_source=market; gross_edge=0.0595; net_ev=0.0581
2026-09-10T21:56:29.737004+00:00,Paris,LFPB,2026-09-11,lowest_temperature,C,4399129,paris|2026_09_11|lowest_temperature|c|lfpb,or_lower,10.0,,10.0,10°C or below,0.08886,0.015,0.03,0.05,0.001455,0.05886,0.057405,32.284833,3,14.3667,12.5,17.2,2.4947,14.0,2026-09-10T21:30:00.000Z,PAPER_BUY,entry=ask; fee_source=market; gross_edge=0.0589; net_ev=0.0574
2026-09-10T21:56:29.746187+00:00,Chicago,KORD,2026-09-11,highest_temperature,F,4402223,chicago|2026_09_11|highest_temperature|f|kord,range,,76.0,77.0,76-77°F,0.109718,0.035,0.05,0.05,0.002375,0.059718,0.057343,18.9525,3,27.1,25.1,28.1,1.7321,25.0,2026-09-10T22:00:00.000Z,PAPER_BUY,entry=ask; fee_source=market; gross_edge=0.0597; net_ev=0.0573
2026-09-10T21:56:29.752881+00:00,Zhengzhou,ZHCC,2026-09-11,highest_temperature,C,4431170,zhengzhou|2026_09_11|highest_temperature|c|zhcc,exact,23.0,23.0,23.0,23°C,0.098922,0.03,0.04,0.05,0.00192,0.058922,0.057002,23.952,3,24.9,24.4,25.8,0.781,18.0,2026-09-10T21:00:00.000Z,PAPER_BUY,entry=ask; fee_source=market; gross_edge=0.0589; net_ev=0.0570
2026-09-10T21:56:29.756200+00:00,Cape Town,FACT,2026-09-12,highest_temperature,C,4431505,cape_town|2026_09_12|highest_temperature|c|fact,exact,23.0,23.0,23.0,23°C,0.129976,0.055,0.07,0.05,0.003255,0.059976,0.056721,13.239214,3,21.3333,20.6,22.0,0.7024,16.0,2026-09-10T21:00:00.000Z,PAPER_BUY,entry=ask; fee_source=market; gross_edge=0.0600; net_ev=0.0567
2026-09-10T21:56:29.742488+00:00,Beijing,ZBAA,2026-09-11,highest_temperature,C,4400146,beijing|2026_09_11|highest_temperature|c|zbaa,exact,29.0,29.0,29.0,29°C,0.087039,0.015,0.03,0.05,0.001455,0.057039,0.055584,32.284833,3,31.0,30.8,31.3,0.2646,13.0,2026-09-10T21:30:00.000Z,PAPER_BUY,entry=ask; fee_source=market; gross_edge=0.0570; net_ev=0.0556
2026-09-10T21:56:29.734620+00:00,Houston,KHOU,2026-09-10,highest_temperature,F,4359174,houston|2026_09_10|highest_temperature|f|khou,range,,94.0,95.0,94-95°F,0.056214,0.0005,0.001,0.05,4.995e-05,0.055214,0.055164,998.95005,3,32.3333,31.4,32.8,0.8083,30.6,2026-09-10T21:00:00.000Z,PAPER_BUY,entry=ask; fee_source=market; gross_edge=0.0552; net_ev=0.0552
2026-09-10T21:56:29.760533+00:00,Sao Paulo,SBGR,2026-09-12,highest_temperature,C,4437491,sao_paulo|2026_09_12|highest_temperature|c|sbgr,exact,24.0,24.0,24.0,24°C,0.23212,0.14,0.17,0.05,0.007055,0.06212,0.055065,4.840853,3,24.0,22.3,24.9,1.4731,17.0,2026-09-10T21:00:00.000Z,PAPER_BUY,entry=ask; fee_source=market; gross_edge=0.0621; net_ev=0.0551
2026-09-10T21:56:29.748325+00:00,Buenos Aires,SAEZ,2026-09-11,highest_temperature,C,4405110,buenos_aires|2026_09_11|highest_temperature|c|saez,exact,17.0,17.0,17.0,17°C,0.107339,0.045,0.05,0.05,0.002375,0.057339,0.054964,18.9525,3,18.8333,17.7,19.5,0.9866,19.0,2026-09-10T21:00:00.000Z,PAPER_BUY,entry=ask; fee_source=market; gross_edge=0.0573; net_ev=0.0550
2026-09-10T21:56:29.749419+00:00,Seoul (Incheon),RKSI,2026-09-12,lowest_temperature,C,4430369,seoul_incheon|2026_09_12|lowest_temperature|c|rksi,exact,20.0,20.0,20.0,20°C,0.169756,0.085,0.11,0.05,0.004895,0.059756,0.054861,8.046409,3,19.6,17.3,20.9,1.9975,16.0,2026-09-10T21:30:00.000Z,PAPER_BUY,entry=ask; fee_source=market; gross_edge=0.0598; net_ev=0.0549
2026-09-10T21:56:29.748508+00:00,Toronto,CYYZ,2026-09-11,highest_temperature,C,4405126,toronto|2026_09_11|highest_temperature|c|cyyz,exact,26.0,26.0,26.0,26°C,0.062937,0.004,0.008,0.05,0.0003968,0.054937,0.05454,123.9504,3,23.7667,23.3,24.0,0.4041,23.0,2026-09-10T21:00:00.000Z,PAPER_BUY,entry=ask; fee_source=market; gross_edge=0.0549; net_ev=0.0545
2026-09-10T21:56:29.734761+00:00,Seattle,KSEA,2026-09-10,lowest_temperature,F,4361514,seattle|2026_09_10|lowest_temperature|f|ksea,range,,62.0,63.0,62-63°F,0.054303,0.0005,0.001,0.05,4.995e-05,0.053303,0.053253,998.95005,3,14.5333,14.4,14.8,0.2309,20.0,2026-09-10T21:00:00.000Z,PAPER_BUY,entry=ask; fee_source=market; gross_edge=0.0533; net_ev=0.0533
2026-09-10T21:56:29.743095+00:00,Busan,RKPK,2026-09-11,highest_temperature,C,4400218,busan|2026_09_11|highest_temperature|c|rkpk,or_higher,31.0,31.0,,31°C or higher,0.099291,0.0325,0.044,0.05,0.0021032,0.055291,0.053188,21.679473,3,28.5,27.1,29.8,1.3528,19.0,2026-09-10T21:00:00.000Z,PAPER_BUY,entry=ask; fee_source=market; gross_edge=0.0553; net_ev=0.0532
2026-09-10T21:56:29.732260+00:00,Amsterdam,EHAM,2026-09-10,highest_temperature,C,4356495,amsterdam|2026_09_10|highest_temperature|c|eham,exact,17.0,17.0,17.0,17°C,0.054174,0.0005,0.001,0.05,4.995e-05,0.053174,0.053124,998.95005,3,19.3333,18.7,20.2,0.7767,16.0,2026-09-10T21:25:00.000Z,PAPER_BUY,entry=ask; fee_source=market; gross_edge=0.0532; net_ev=0.0531
2026-09-10T21:56:29.758316+00:00,Atlanta,KATL,2026-09-12,highest_temperature,F,4434112,atlanta|2026_09_12|highest_temperature|f|katl,or_lower,77.0,,77.0,77°F or below,0.105411,0.026,0.05,0.05,0.002375,0.055411,0.053036,18.9525,3,28.9333,26.0,30.4,2.5403,31.7,2026-09-10T22:00:00.000Z,PAPER_BUY,entry=ask; fee_source=market; gross_edge=0.0554; net_ev=0.0530
2026-09-10T21:56:29.753749+00:00,Lucknow,VILK,2026-09-12,highest_temperature,C,4431239,lucknow|2026_09_12|highest_temperature|c|vilk,exact,30.0,30.0,30.0,30°C,0.094861,0.02,0.04,0.05,0.00192,0.054861,0.052941,23.952,3,31.9333,31.4,32.8,0.7572,27.0,2026-09-10T21:30:00.000Z,PAPER_BUY,entry=ask; fee_source=market; gross_edge=0.0549; net_ev=0.0529
2026-09-10T21:56:29.747301+00:00,San Francisco,KSFO,2026-09-11,highest_temperature,F,4404592,san_francisco|2026_09_11|highest_temperature|f|ksfo,range,,66.0,67.0,66-67°F,0.105181,0.03,0.05,0.05,0.002375,0.055181,0.052806,18.9525,3,21.6333,20.0,24.9,2.829,28.9,2026-09-10T21:00:00.000Z,PAPER_BUY,entry=ask; fee_source=market; gross_edge=0.0552; net_ev=0.0528
2026-09-10T21:56:29.758552+00:00,Miami,KMIA,2026-09-12,highest_temperature,F,4434133,miami|2026_09_12|highest_temperature|f|kmia,or_higher,98.0,98.0,,98°F or higher,0.060349,0.0045,0.008,0.05,0.0003968,0.052349,0.051952,123.9504,3,31.7333,28.6,33.3,2.7135,29.4,2026-09-10T21:00:00.000Z,PAPER_BUY,entry=ask; fee_source=market; gross_edge=0.0523; net_ev=0.0520
2026-09-10T21:56:29.741284+00:00,Lucknow,VILK,2026-09-11,highest_temperature,C,4400006,lucknow|2026_09_11|highest_temperature|c|vilk,exact,30.0,30.0,30.0,30°C,0.083283,0.025,0.03,0.05,0.001455,0.053283,0.051828,32.284833,3,32.0333,31.7,32.2,0.2887,27.0,2026-09-10T21:30:00.000Z,PAPER_BUY,entry=ask; fee_source=market; gross_edge=0.0533; net_ev=0.0518
2026-09-10T21:56:29.748808+00:00,Panama City,MPMG,2026-09-11,highest_temperature,C,4405144,panama_city|2026_09_11|highest_temperature|c|mpmg,exact,28.0,28.0,28.0,28°C,0.062276,0.006,0.01,0.05,0.000495,0.052276,0.051781,98.9505,3,30.4333,29.7,31.8,1.1846,29.0,2026-09-10T21:00:00.000Z,PAPER_BUY,entry=ask; fee_source=market; gross_edge=0.0523; net_ev=0.0518
2026-09-10T21:56:29.744026+00:00,Qingdao,ZSQD,2026-09-11,highest_temperature,C,4400294,qingdao|2026_09_11|highest_temperature|c|zsqd,exact,30.0,30.0,30.0,30°C,0.072638,0.01,0.02,0.05,0.00098,0.052638,0.051658,48.951,3,27.8667,27.3,28.8,0.8145,14.0,2026-09-10T21:00:00.000Z,PAPER_BUY,entry=ask; fee_source=market; gross_edge=0.0526; net_ev=0.0517
2026-09-10T21:56:29.732540+00:00,New York City,KLGA,2026-09-10,highest_temperature,F,4358651,new_york_city|2026_09_10|highest_temperature|f|klga,range,,84.0,85.0,84-85°F,0.052439,0.0005,0.001,0.05,4.995e-05,0.051439,0.051389,998.95005,3,31.6,31.4,31.7,0.1732,30.0,2026-09-10T22:00:00.000Z,PAPER_BUY,entry=ask; fee_source=market; gross_edge=0.0514; net_ev=0.0514
2026-09-10T21:56:29.734294+00:00,Chicago,KORD,2026-09-10,highest_temperature,F,4359146,chicago|2026_09_10|highest_temperature|f|kord,range,,72.0,73.0,72-73°F,0.052439,0.0005,0.001,0.05,4.995e-05,0.051439,0.051389,998.95005,3,24.9333,24.4,25.2,0.4619,25.0,2026-09-10T22:00:00.000Z,PAPER_BUY,entry=ask; fee_source=market; gross_edge=0.0514; net_ev=0.0514
2026-09-10T21:56:29.753096+00:00,London,EGLC,2026-09-12,highest_temperature,C,4431190,london|2026_09_12|highest_temperature|c|eglc,or_higher,27.0,27.0,,27°C or higher,0.053429,0.0015,0.002,0.05,9.98e-05,0.051429,0.05133,498.9501,3,23.7,22.3,25.3,1.51,17.0,2026-09-10T22:00:00.000Z,PAPER_BUY,entry=ask; fee_source=market; gross_edge=0.0514; net_ev=0.0513
2026-09-10T21:56:29.749447+00:00,Seoul (Incheon),RKSI,2026-09-12,lowest_temperature,C,4430372,seoul_incheon|2026_09_12|lowest_temperature|c|rksi,or_higher,23.0,23.0,,23°C or higher,0.103394,0.025,0.05,0.05,0.002375,0.053394,0.051019,18.9525,3,19.6,17.3,20.9,1.9975,16.0,2026-09-10T21:30:00.000Z,PAPER_BUY,entry=ask; fee_source=market; gross_edge=0.0534; net_ev=0.0510
2026-09-10T21:56:29.740745+00:00,Paris,LFPB,2026-09-11,highest_temperature,C,4399961,paris|2026_09_11|highest_temperature|c|lfpb,exact,22.0,22.0,22.0,22°C,0.082421,0.025,0.03,0.05,0.001455,0.052421,0.050966,32.284833,3,24.4,23.5,26.0,1.3892,14.0,2026-09-10T21:30:00.000Z,PAPER_BUY,entry=ask; fee_source=market; gross_edge=0.0524; net_ev=0.0510
2026-09-10T21:56:29.740379+00:00,Karachi,OPKC,2026-09-11,lowest_temperature,C,4399466,karachi|2026_09_11|lowest_temperature|c|opkc,exact,28.0,28.0,28.0,28°C,0.051827,0.0005,0.001,0.05,4.995e-05,0.050827,0.050777,998.95005,3,24.5333,23.3,26.7,1.8824,27.0,2026-09-10T21:30:00.000Z,PAPER_BUY,entry=ask; fee_source=market; gross_edge=0.0508; net_ev=0.0508
2026-09-10T21:56:29.744120+00:00,Karachi,OPKC,2026-09-11,highest_temperature,C,4400301,karachi|2026_09_11|highest_temperature|c|opkc,exact,32.0,32.0,32.0,32°C,0.176042,0.1,0.12,0.05,0.00528,0.056042,0.050762,7.289333,3,32.6333,30.5,34.0,1.8717,27.0,2026-09-10T21:30:00.000Z,PAPER_BUY,entry=ask; fee_source=market; gross_edge=0.0560; net_ev=0.0508
2026-09-10T21:56:29.730650+00:00,Munich,EDDM,2026-09-10,lowest_temperature,C,4355591,munich|2026_09_10|lowest_temperature|c|eddm,exact,12.0,12.0,12.0,12°C,0.051457,0.0005,0.001,0.05,4.995e-05,0.050457,0.050407,998.95005,3,9.6333,8.8,10.4,0.8021,12.0,2026-09-10T22:00:00.000Z,PAPER_BUY,entry=ask; fee_source=market; gross_edge=0.0505; net_ev=0.0504
2026-09-10T21:56:29.741133+00:00,Wellington,NZWN,2026-09-11,highest_temperature,C,4399993,wellington|2026_09_11|highest_temperature|c|nzwn,exact,11.0,11.0,11.0,11°C,0.051457,0.0005,0.001,0.05,4.995e-05,0.050457,0.050407,998.95005,3,13.3667,12.7,13.8,0.5859,11.0,2026-09-10T21:30:00.000Z,PAPER_BUY,entry=ask; fee_source=market; gross_edge=0.0505; net_ev=0.0504
2026-09-10T21:56:29.748958+00:00,Zhengzhou,ZHCC,2026-09-11,lowest_temperature,C,4430334,zhengzhou|2026_09_11|lowest_temperature|c|zhcc,exact,20.0,20.0,20.0,20°C,0.051457,0.0005,0.001,0.05,4.995e-05,0.050457,0.050407,998.95005,3,17.6333,17.2,18.2,0.5132,18.0,2026-09-10T21:00:00.000Z,PAPER_BUY,entry=ask; fee_source=market; gross_edge=0.0505; net_ev=0.0504
2026-09-10T21:56:29.754813+00:00,Chongqing,ZUCK,2026-09-12,highest_temperature,C,4431365,chongqing|2026_09_12|highest_temperature|c|zuck,exact,27.0,27.0,27.0,27°C,0.247769,0.185,0.19,0.05,0.007695,0.057769,0.050074,4.222658,3,27.9,27.4,28.3,0.4583,20.0,2026-09-10T21:00:00.000Z,PAPER_BUY,entry=ask; fee_source=market; gross_edge=0.0578; net_ev=0.0501
2026-09-10T21:56:29.758485+00:00,Miami,KMIA,2026-09-12,highest_temperature,F,4434126,miami|2026_09_12|highest_temperature|f|kmia,range,,84.0,85.0,84-85°F,0.102313,0.045,0.05,0.05,0.002375,0.052313,0.049938,18.9525,3,31.7333,28.6,33.3,2.7135,29.4,2026-09-10T21:00:00.000Z,PAPER_BUY,entry=ask; fee_source=market; gross_edge=0.0523; net_ev=0.0499
2026-09-10T21:56:29.760644+00:00,Buenos Aires,SAEZ,2026-09-12,highest_temperature,C,4437500,buenos_aires|2026_09_12|highest_temperature|c|saez,exact,11.0,11.0,11.0,11°C,0.309157,0.245,0.25,0.05,0.009375,0.059157,0.049782,2.9625,3,11.3667,11.1,11.7,0.3055,19.0,2026-09-10T21:00:00.000Z,PAPER_BUY,entry=ask; fee_source=market; gross_edge=0.0592; net_ev=0.0498
2026-09-10T21:56:29.758791+00:00,Denver,KBKF,2026-09-12,highest_temperature,F,4434150,denver|2026_09_12|highest_temperature|f|kbkf,range,,82.0,83.0,82-83°F,0.318803,0.25,0.26,0.05,0.00962,0.058803,0.049183,2.809154,3,27.4667,27.1,28.2,0.6351,30.4,2026-09-10T21:00:00.000Z,PAPER_BUY,entry=ask; fee_source=market; gross_edge=0.0588; net_ev=0.0492
2026-09-10T21:56:29.755483+00:00,Busan,RKPK,2026-09-12,highest_temperature,C,4431446,busan|2026_09_12|highest_temperature|c|rkpk,exact,27.0,27.0,27.0,27°C,0.090994,0.03,0.04,0.05,0.00192,0.050994,0.049074,23.952,3,29.1333,28.2,30.5,1.2097,19.0,2026-09-10T21:00:00.000Z,PAPER_BUY,entry=ask; fee_source=market; gross_edge=0.0510; net_ev=0.0491
2026-09-10T21:56:29.744149+00:00,Karachi,OPKC,2026-09-11,highest_temperature,C,4400304,karachi|2026_09_11|highest_temperature|c|opkc,exact,35.0,35.0,35.0,35°C,0.101448,0.045,0.05,0.05,0.002375,0.051448,0.049073,18.9525,3,32.6333,30.5,34.0,1.8717,27.0,2026-09-10T21:30:00.000Z,PAPER_BUY,entry=ask; fee_source=market; gross_edge=0.0514; net_ev=0.0491
2026-09-10T21:56:29.737947+00:00,Shanghai,ZSPD,2026-09-11,lowest_temperature,C,4399229,shanghai|2026_09_11|lowest_temperature|c|zspd,exact,20.0,20.0,20.0,20°C,0.058866,0.005,0.01,0.05,0.000495,0.048866,0.048371,98.9505,3,22.3,21.1,23.1,1.0583,24.0,2026-09-10T21:30:00.000Z,PAPER_BUY,entry=ask; fee_source=market; gross_edge=0.0489; net_ev=0.0484
2026-09-10T21:56:29.741957+00:00,Milan,LIMC,2026-09-11,highest_temperature,C,4400091,milan|2026_09_11|highest_temperature|c|limc,exact,22.0,22.0,22.0,22°C,0.069299,0.01,0.02,0.05,0.00098,0.049299,0.048319,48.951,3,24.1667,23.6,24.7,0.5508,19.0,2026-09-10T21:20:00.000Z,PAPER_BUY,entry=ask; fee_source=market; gross_edge=0.0493; net_ev=0.0483
2026-09-10T21:56:29.746177+00:00,Chicago,KORD,2026-09-11,highest_temperature,F,4402222,chicago|2026_09_11|highest_temperature|f|kord,range,,74.0,75.0,74-75°F,0.049268,0.0005,0.001,0.05,4.995e-05,0.048268,0.048218,998.95005,3,27.1,25.1,28.1,1.7321,25.0,2026-09-10T22:00:00.000Z,PAPER_BUY,entry=ask; fee_source=market; gross_edge=0.0483; net_ev=0.0482
2026-09-10T21:56:29.758533+00:00,Miami,KMIA,2026-09-12,highest_temperature,F,4434131,miami|2026_09_12|highest_temperature|f|kmia,range,,94.0,95.0,94-95°F,0.089945,0.035,0.04,0.05,0.00192,0.049945,0.048025,23.952,3,31.7333,28.6,33.3,2.7135,29.4,2026-09-10T21:00:00.000Z,PAPER_BUY,entry=ask; fee_source=market; gross_edge=0.0499; net_ev=0.0480
2026-09-10T21:56:29.755202+00:00,Chengdu,ZUUU,2026-09-12,highest_temperature,C,4431398,chengdu|2026_09_12|highest_temperature|c|zuuu,exact,21.0,21.0,21.0,21°C,0.089829,0.035,0.04,0.05,0.00192,0.049829,0.047909,23.952,3,23.5667,21.5,24.8,1.8009,19.0,2026-09-10T21:00:00.000Z,PAPER_BUY,entry=ask; fee_source=market; gross_edge=0.0498; net_ev=0.0479
2026-09-10T21:56:29.742905+00:00,Shenzhen,ZGSZ,2026-09-11,highest_temperature,C,4400179,shenzhen|2026_09_11|highest_temperature|c|zgsz,exact,30.0,30.0,30.0,30°C,0.121069,0.055,0.07,0.05,0.003255,0.051069,0.047814,13.239214,3,31.8333,31.0,33.2,1.193,26.0,2026-09-10T21:00:00.000Z,PAPER_BUY,entry=ask; fee_source=market; gross_edge=0.0511; net_ev=0.0478
2026-09-10T21:56:29.732388+00:00,Cape Town,FACT,2026-09-10,highest_temperature,C,4356539,cape_town|2026_09_10|highest_temperature|c|fact,exact,17.0,17.0,17.0,17°C,0.048841,0.0005,0.001,0.05,4.995e-05,0.047841,0.047791,998.95005,3,19.4,19.1,19.8,0.3606,16.0,2026-09-10T21:00:00.000Z,PAPER_BUY,entry=ask; fee_source=market; gross_edge=0.0478; net_ev=0.0478
2026-09-10T21:56:29.753184+00:00,Paris,LFPB,2026-09-12,highest_temperature,C,4431195,paris|2026_09_12|highest_temperature|c|lfpb,exact,24.0,24.0,24.0,24°C,0.203837,0.135,0.15,0.05,0.006375,0.053837,0.047462,5.624167,3,24.8333,23.6,26.5,1.4978,14.0,2026-09-10T21:30:00.000Z,PAPER_BUY,entry=ask; fee_source=market; gross_edge=0.0538; net_ev=0.0475
2026-09-10T21:56:29.740792+00:00,Paris,LFPB,2026-09-11,highest_temperature,C,4399966,paris|2026_09_11|highest_temperature|c|lfpb,exact,27.0,27.0,27.0,27°C,0.068181,0.015,0.02,0.05,0.00098,0.048181,0.047201,48.951,3,24.4,23.5,26.0,1.3892,14.0,2026-09-10T21:30:00.000Z,PAPER_BUY,entry=ask; fee_source=market; gross_edge=0.0482; net_ev=0.0472
2026-09-10T21:56:29.758494+00:00,Miami,KMIA,2026-09-12,highest_temperature,F,4434127,miami|2026_09_12|highest_temperature|f|kmia,range,,86.0,87.0,86-87°F,0.130778,0.075,0.08,0.05,0.00368,0.050778,0.047098,11.454,3,31.7333,28.6,33.3,2.7135,29.4,2026-09-10T21:00:00.000Z,PAPER_BUY,entry=ask; fee_source=market; gross_edge=0.0508; net_ev=0.0471
2026-09-10T21:56:29.740646+00:00,London,EGLC,2026-09-11,highest_temperature,C,4399955,london|2026_09_11|highest_temperature|c|eglc,exact,24.0,24.0,24.0,24°C,0.120311,0.065,0.07,0.05,0.003255,0.050311,0.047056,13.239214,3,22.1,21.3,23.6,1.3,17.0,2026-09-10T22:00:00.000Z,PAPER_BUY,entry=ask; fee_source=market; gross_edge=0.0503; net_ev=0.0471
2026-09-10T21:56:29.733913+00:00,Denver,KBKF,2026-09-10,lowest_temperature,F,4358922,denver|2026_09_10|lowest_temperature|f|kbkf,range,,58.0,59.0,58-59°F,0.047988,0.0005,0.001,0.05,4.995e-05,0.046988,0.046938,998.95005,3,12.2333,11.7,13.3,0.9238,30.4,2026-09-10T21:00:00.000Z,PAPER_BUY,entry=ask; fee_source=market; gross_edge=0.0470; net_ev=0.0469
2026-09-10T21:56:29.742592+00:00,Wuhan,ZHHH,2026-09-11,highest_temperature,C,4400154,wuhan|2026_09_11|highest_temperature|c|zhhh,exact,25.0,25.0,25.0,25°C,0.048841,0.0015,0.002,0.05,9.98e-05,0.046841,0.046741,498.9501,3,27.4,27.2,27.6,0.2,18.0,2026-09-10T21:00:00.000Z,PAPER_BUY,entry=ask; fee_source=market; gross_edge=0.0468; net_ev=0.0467
2026-09-10T21:56:29.753573+00:00,Wellington,NZWN,2026-09-12,highest_temperature,C,4431227,wellington|2026_09_12|highest_temperature|c|nzwn,exact,11.0,11.0,11.0,11°C,0.056992,0.006,0.01,0.05,0.000495,0.046992,0.046497,98.9505,3,13.3,13.0,13.8,0.4359,11.0,2026-09-10T21:30:00.000Z,PAPER_BUY,entry=ask; fee_source=market; gross_edge=0.0470; net_ev=0.0465
2026-09-10T21:56:29.743673+00:00,Cape Town,FACT,2026-09-11,highest_temperature,C,4400265,cape_town|2026_09_11|highest_temperature|c|fact,exact,19.0,19.0,19.0,19°C,0.087444,0.025,0.04,0.05,0.00192,0.047444,0.045524,23.952,3,21.6,19.6,23.0,1.7776,16.0,2026-09-10T21:00:00.000Z,PAPER_BUY,entry=ask; fee_source=market; gross_edge=0.0474; net_ev=0.0455
2026-09-10T21:56:29.730817+00:00,Milan,LIMC,2026-09-10,lowest_temperature,C,4355667,milan|2026_09_10|lowest_temperature|c|limc,exact,19.0,19.0,19.0,19°C,0.046324,0.0005,0.001,0.05,4.995e-05,0.045324,0.045274,998.95005,3,16.5667,16.4,16.9,0.2887,19.0,2026-09-10T21:20:00.000Z,PAPER_BUY,entry=ask; fee_source=market; gross_edge=0.0453; net_ev=0.0453
2026-09-10T21:56:29.755784+00:00,Helsinki,EFHK,2026-09-12,highest_temperature,C,4431470,helsinki|2026_09_12|highest_temperature|c|efhk,exact,15.0,15.0,15.0,15°C,0.149498,0.08,0.1,0.05,0.0045,0.049498,0.044998,8.955,3,16.5333,15.7,17.1,0.7371,12.0,2026-09-10T22:00:00.000Z,PAPER_BUY,entry=ask; fee_source=market; gross_edge=0.0495; net_ev=0.0450
2026-09-10T21:56:29.742934+00:00,Shenzhen,ZGSZ,2026-09-11,highest_temperature,C,4400182,shenzhen|2026_09_11|highest_temperature|c|zgsz,exact,33.0,33.0,33.0,33°C,0.20129,0.13,0.15,0.05,0.006375,0.05129,0.044915,5.624167,3,31.8333,31.0,33.2,1.193,26.0,2026-09-10T21:00:00.000Z,PAPER_BUY,entry=ask; fee_source=market; gross_edge=0.0513; net_ev=0.0449
2026-09-10T21:56:29.743208+00:00,Amsterdam,EHAM,2026-09-11,highest_temperature,C,4400227,amsterdam|2026_09_11|highest_temperature|c|eham,exact,22.0,22.0,22.0,22°C,0.076081,0.02,0.03,0.05,0.001455,0.046081,0.044626,32.284833,3,19.9,19.2,20.8,0.8185,16.0,2026-09-10T21:25:00.000Z,PAPER_BUY,entry=ask; fee_source=market; gross_edge=0.0461; net_ev=0.0446
2026-09-10T21:56:29.746777+00:00,Los Angeles,KLAX,2026-09-11,lowest_temperature,F,4404270,los_angeles|2026_09_11|lowest_temperature|f|klax,range,,70.0,71.0,70-71°F,0.283124,0.135,0.23,0.05,0.008855,0.053124,0.044269,3.309326,3,21.2667,20.5,22.8,1.3279,31.1,2026-09-10T21:00:00.000Z,PAPER_BUY,entry=ask; fee_source=market; gross_edge=0.0531; net_ev=0.0443
2026-09-10T21:56:29.753087+00:00,London,EGLC,2026-09-12,highest_temperature,C,4431189,london|2026_09_12|highest_temperature|c|eglc,exact,26.0,26.0,26.0,26°C,0.096534,0.04,0.05,0.05,0.002375,0.046534,0.044159,18.9525,3,23.7,22.3,25.3,1.51,17.0,2026-09-10T22:00:00.000Z,PAPER_BUY,entry=ask; fee_source=market; gross_edge=0.0465; net_ev=0.0442
2026-09-10T21:56:29.740754+00:00,Paris,LFPB,2026-09-11,highest_temperature,C,4399962,paris|2026_09_11|highest_temperature|c|lfpb,exact,23.0,23.0,23.0,23°C,0.169435,0.105,0.12,0.05,0.00528,0.049435,0.044155,7.289333,3,24.4,23.5,26.0,1.3892,14.0,2026-09-10T21:30:00.000Z,PAPER_BUY,entry=ask; fee_source=market; gross_edge=0.0494; net_ev=0.0442
2026-09-10T21:56:29.742080+00:00,Madrid,LEMD,2026-09-11,highest_temperature,C,4400101,madrid|2026_09_11|highest_temperature|c|lemd,exact,28.0,28.0,28.0,28°C,0.062937,0.009,0.018,0.05,0.0008838,0.044937,0.044053,54.506456,3,30.2333,29.8,30.6,0.4041,20.0,2026-09-10T21:30:00.000Z,PAPER_BUY,entry=ask; fee_source=market; gross_edge=0.0449; net_ev=0.0441
2026-09-10T21:56:29.738143+00:00,Singapore,WSSS,2026-09-11,lowest_temperature,C,4399247,singapore|2026_09_11|lowest_temperature|c|wsss,exact,29.0,29.0,29.0,29°C,0.044727,0.0005,0.001,0.05,4.995e-05,0.043727,0.043677,998.95005,3,26.5333,25.5,27.6,1.0504,28.0,2026-09-10T21:30:00.000Z,PAPER_BUY,entry=ask; fee_source=market; gross_edge=0.0437; net_ev=0.0437
2026-09-10T21:56:29.731725+00:00,Munich,EDDM,2026-09-10,highest_temperature,C,4356289,munich|2026_09_10|highest_temperature|c|eddm,exact,16.0,16.0,16.0,16°C,0.043904,0.0005,0.001,0.05,4.995e-05,0.042904,0.042854,998.95005,3,18.4667,17.9,18.9,0.5132,12.0,2026-09-10T22:00:00.000Z,PAPER_BUY,entry=ask; fee_source=market; gross_edge=0.0429; net_ev=0.0429
2026-09-10T21:56:29.733645+00:00,Chicago,KORD,2026-09-10,lowest_temperature,F,4358902,chicago|2026_09_10|lowest_temperature|f|kord,range,,68.0,69.0,68-69°F,0.043826,0.0005,0.001,0.05,4.995e-05,0.042826,0.042776,998.95005,3,17.7333,17.7,17.8,0.0577,25.0,2026-09-10T22:00:00.000Z,PAPER_BUY,entry=ask; fee_source=market; gross_edge=0.0428; net_ev=0.0428
2026-09-10T21:56:29.740888+00:00,Seoul (Incheon),RKSI,2026-09-11,highest_temperature,C,4399973,seoul_incheon|2026_09_11|highest_temperature|c|rksi,exact,24.0,24.0,24.0,24°C,0.322608,0.265,0.27,0.05,0.009855,0.052608,0.042753,2.667204,3,23.9333,23.6,24.5,0.4933,16.0,2026-09-10T21:30:00.000Z,PAPER_BUY,entry=ask; fee_source=market; gross_edge=0.0526; net_ev=0.0428
2026-09-10T21:56:29.750238+00:00,Shanghai,ZSPD,2026-09-12,lowest_temperature,C,4430454,shanghai|2026_09_12|lowest_temperature|c|zspd,exact,22.0,22.0,22.0,22°C,0.157419,0.055,0.11,0.05,0.004895,0.047419,0.042524,8.046409,3,23.5333,22.1,24.3,1.2423,24.0,2026-09-10T21:30:00.000Z,PAPER_BUY,entry=ask; fee_source=market; gross_edge=0.0474; net_ev=0.0425
2026-09-10T21:56:29.754736+00:00,Warsaw,EPWA,2026-09-12,highest_temperature,C,4431349,warsaw|2026_09_12|highest_temperature|c|epwa,exact,22.0,22.0,22.0,22°C,0.072638,0.025,0.03,0.05,0.001455,0.042638,0.041183,32.284833,3,19.8667,18.7,20.7,1.0408,11.0,2026-09-10T21:30:00.000Z,PAPER_BUY,entry=ask; fee_source=market; gross_edge=0.0426; net_ev=0.0412
2026-09-10T21:56:29.744092+00:00,Karachi,OPKC,2026-09-11,highest_temperature,C,4400298,karachi|2026_09_11|highest_temperature|c|opkc,exact,29.0,29.0,29.0,29°C,0.045328,0.0025,0.004,0.05,0.0001992,0.041328,0.041128,248.9502,3,32.6333,30.5,34.0,1.8717,27.0,2026-09-10T21:30:00.000Z,PAPER_BUY,entry=ask; fee_source=market; gross_edge=0.0413; net_ev=0.0411
2026-09-10T21:56:29.759767+00:00,San Francisco,KSFO,2026-09-12,highest_temperature,F,4436818,san_francisco|2026_09_12|highest_temperature|f|ksfo,range,,72.0,73.0,72-73°F,0.259247,0.105,0.21,0.05,0.008295,0.049247,0.040952,3.722405,3,21.8333,20.3,22.6,1.3279,28.9,2026-09-10T21:00:00.000Z,PAPER_BUY,entry=ask; fee_source=market; gross_edge=0.0492; net_ev=0.0410
2026-09-10T21:56:29.743047+00:00,Busan,RKPK,2026-09-11,highest_temperature,C,4400213,busan|2026_09_11|highest_temperature|c|rkpk,exact,26.0,26.0,26.0,26°C,0.072388,0.02,0.03,0.05,0.001455,0.042388,0.040933,32.284833,3,28.5,27.1,29.8,1.3528,19.0,2026-09-10T21:00:00.000Z,PAPER_BUY,entry=ask; fee_source=market; gross_edge=0.0424; net_ev=0.0409
2026-09-10T21:56:29.758929+00:00,Houston,KHOU,2026-09-12,highest_temperature,F,4434161,houston|2026_09_12|highest_temperature|f|khou,range,,90.0,91.0,90-91°F,0.155825,0.095,0.11,0.05,0.004895,0.045825,0.04093,8.046409,3,34.1,32.9,34.7,1.0392,30.6,2026-09-10T21:00:00.000Z,PAPER_BUY,entry=ask; fee_source=market; gross_edge=0.0458; net_ev=0.0409
2026-09-10T21:56:29.735559+00:00,Sao Paulo,SBGR,2026-09-10,lowest_temperature,C,4363369,sao_paulo|2026_09_10|lowest_temperature|c|sbgr,exact,20.0,20.0,20.0,20°C,0.041581,0.0005,0.001,0.05,4.995e-05,0.040581,0.040531,998.95005,3,17.5,17.0,17.8,0.4359,17.0,2026-09-10T21:00:00.000Z,PAPER_BUY,entry=ask; fee_source=market; gross_edge=0.0406; net_ev=0.0405
2026-09-10T21:56:29.736099+00:00,Panama City,MPMG,2026-09-10,lowest_temperature,C,4363413,panama_city|2026_09_10|lowest_temperature|c|mpmg,exact,27.0,27.0,27.0,27°C,0.041581,0.0005,0.001,0.05,4.995e-05,0.040581,0.040531,998.95005,3,24.5,24.1,25.3,0.6928,29.0,2026-09-10T21:00:00.000Z,PAPER_BUY,entry=ask; fee_source=market; gross_edge=0.0406; net_ev=0.0405
2026-09-10T21:56:29.750095+00:00,Tokyo,RJTT,2026-09-12,lowest_temperature,C,4430431,tokyo|2026_09_12|lowest_temperature|c|rjtt,exact,19.0,19.0,19.0,19°C,0.227697,0.165,0.18,0.05,0.00738,0.047697,0.040317,4.514556,3,20.0333,19.4,20.6,0.6028,19.0,2026-09-10T21:30:00.000Z,PAPER_BUY,entry=ask; fee_source=market; gross_edge=0.0477; net_ev=0.0403
2026-09-10T21:56:29.753151+00:00,Paris,LFPB,2026-09-12,highest_temperature,C,4431193,paris|2026_09_12|highest_temperature|c|lfpb,exact,22.0,22.0,22.0,22°C,0.061281,0.01,0.02,0.05,0.00098,0.041281,0.040301,48.951,3,24.8333,23.6,26.5,1.4978,14.0,2026-09-10T21:30:00.000Z,PAPER_BUY,entry=ask; fee_source=market; gross_edge=0.0413; net_ev=0.0403
2026-09-10T21:56:29.759466+00:00,Seattle,KSEA,2026-09-12,highest_temperature,F,4436695,seattle|2026_09_12|highest_temperature|f|ksea,range,,66.0,67.0,66-67°F,0.35039,0.28,0.3,0.05,0.0105,0.05039,0.03989,2.298333,3,18.9333,18.6,19.1,0.2887,20.0,2026-09-10T21:00:00.000Z,PAPER_BUY,entry=ask; fee_source=market; gross_edge=0.0504; net_ev=0.0399
2026-09-10T21:56:29.750266+00:00,Shanghai,ZSPD,2026-09-12,lowest_temperature,C,4430457,shanghai|2026_09_12|lowest_temperature|c|zspd,exact,25.0,25.0,25.0,25°C,0.165001,0.095,0.12,0.05,0.00528,0.045001,0.039721,7.289333,3,23.5333,22.1,24.3,1.2423,24.0,2026-09-10T21:30:00.000Z,PAPER_BUY,entry=ask; fee_source=market; gross_edge=0.0450; net_ev=0.0397
2026-09-10T21:56:29.733503+00:00,Miami,KMIA,2026-09-10,lowest_temperature,F,4358890,miami|2026_09_10|lowest_temperature|f|kmia,range,,82.0,83.0,82-83°F,0.040699,0.0005,0.001,0.05,4.995e-05,0.039699,0.039649,998.95005,3,25.4667,25.2,26.0,0.4619,29.4,2026-09-10T21:00:00.000Z,PAPER_BUY,entry=ask; fee_source=market; gross_edge=0.0397; net_ev=0.0396
2026-09-10T21:56:29.745323+00:00,Miami,KMIA,2026-09-11,lowest_temperature,F,4401771,miami|2026_09_11|lowest_temperature|f|kmia,range,,72.0,73.0,72-73°F,0.052439,0.0075,0.013,0.05,0.00064155,0.039439,0.038798,75.873727,3,24.9333,24.4,26.0,0.9238,29.4,2026-09-10T21:00:00.000Z,PAPER_BUY,entry=ask; fee_source=market; gross_edge=0.0394; net_ev=0.0388
2026-09-10T21:56:29.758475+00:00,Miami,KMIA,2026-09-12,highest_temperature,F,4434125,miami|2026_09_12|highest_temperature|f|kmia,range,,82.0,83.0,82-83°F,0.069892,0.02,0.03,0.05,0.001455,0.039892,0.038437,32.284833,3,31.7333,28.6,33.3,2.7135,29.4,2026-09-10T21:00:00.000Z,PAPER_BUY,entry=ask; fee_source=market; gross_edge=0.0399; net_ev=0.0384
2026-09-10T21:56:29.731773+00:00,Munich,EDDM,2026-09-10,highest_temperature,C,4356294,munich|2026_09_10|highest_temperature|c|eddm,exact,21.0,21.0,21.0,21°C,0.039351,0.0005,0.001,0.05,4.995e-05,0.038351,0.038301,998.95005,3,18.4667,17.9,18.9,0.5132,12.0,2026-09-10T22:00:00.000Z,PAPER_BUY,entry=ask; fee_source=market; gross_edge=0.0384; net_ev=0.0383
2026-09-10T21:56:29.744224+00:00,Manila,RPLL,2026-09-11,highest_temperature,C,4400309,manila|2026_09_11|highest_temperature|c|rpll,exact,26.0,26.0,26.0,26°C,0.039351,0.0005,0.001,0.05,4.995e-05,0.038351,0.038301,998.95005,3,28.5333,28.2,29.0,0.4163,25.0,2026-09-10T21:00:00.000Z,PAPER_BUY,entry=ask; fee_source=market; gross_edge=0.0384; net_ev=0.0383
2026-09-10T21:56:29.754090+00:00,Tokyo,RJTT,2026-09-12,highest_temperature,C,4431278,tokyo|2026_09_12|highest_temperature|c|rjtt,or_higher,28.0,28.0,,28°C or higher,0.080159,0.02,0.04,0.05,0.00192,0.040159,0.038239,23.952,3,24.2333,21.9,25.5,2.0232,19.0,2026-09-10T21:30:00.000Z,PAPER_BUY,entry=ask; fee_source=market; gross_edge=0.0402; net_ev=0.0382
2026-09-10T21:56:29.732935+00:00,Denver,KBKF,2026-09-10,highest_temperature,F,4358681,denver|2026_09_10|highest_temperature|f|kbkf,range,,82.0,83.0,82-83°F,0.039201,0.0005,0.001,0.05,4.995e-05,0.038201,0.038151,998.95005,3,30.6667,30.6,30.8,0.1155,30.4,2026-09-10T21:00:00.000Z,PAPER_BUY,entry=ask; fee_source=market; gross_edge=0.0382; net_ev=0.0382
2026-09-10T21:56:29.754802+00:00,Chongqing,ZUCK,2026-09-12,highest_temperature,C,4431364,chongqing|2026_09_12|highest_temperature|c|zuck,or_lower,26.0,,26.0,26°C or below,0.121673,0.06,0.08,0.05,0.00368,0.041673,0.037993,11.454,3,27.9,27.4,28.3,0.4583,20.0,2026-09-10T21:00:00.000Z,PAPER_BUY,entry=ask; fee_source=market; gross_edge=0.0417; net_ev=0.0380
2026-09-10T21:56:29.755672+00:00,Amsterdam,EHAM,2026-09-12,highest_temperature,C,4431463,amsterdam|2026_09_12|highest_temperature|c|eham,exact,24.0,24.0,24.0,24°C,0.058775,0.015,0.02,0.05,0.00098,0.038775,0.037795,48.951,3,21.5,20.3,22.7,1.2,16.0,2026-09-10T21:25:00.000Z,PAPER_BUY,entry=ask; fee_source=market; gross_edge=0.0388; net_ev=0.0378
2026-09-10T21:56:29.749296+00:00,Paris,LFPB,2026-09-12,lowest_temperature,C,4430360,paris|2026_09_12|lowest_temperature|c|lfpb,exact,17.0,17.0,17.0,17°C,0.069182,0.015,0.03,0.05,0.001455,0.039182,0.037727,32.284833,3,13.5667,12.0,16.7,2.7135,14.0,2026-09-10T21:30:00.000Z,PAPER_BUY,entry=ask; fee_source=market; gross_edge=0.0392; net_ev=0.0377
2026-09-10T21:56:29.742099+00:00,Madrid,LEMD,2026-09-11,highest_temperature,C,4400103,madrid|2026_09_11|highest_temperature|c|lemd,exact,30.0,30.0,30.0,30°C,0.317367,0.265,0.27,0.05,0.009855,0.047367,0.037512,2.667204,3,30.2333,29.8,30.6,0.4041,20.0,2026-09-10T21:30:00.000Z,PAPER_BUY,entry=ask; fee_source=market; gross_edge=0.0474; net_ev=0.0375
2026-09-10T21:56:29.732165+00:00,Warsaw,EPWA,2026-09-10,highest_temperature,C,4356389,warsaw|2026_09_10|highest_temperature|c|epwa,exact,22.0,22.0,22.0,22°C,0.038458,0.0005,0.001,0.05,4.995e-05,0.037458,0.037409,998.95005,3,19.1667,17.8,20.1,1.2097,11.0,2026-09-10T21:30:00.000Z,PAPER_BUY,entry=ask; fee_source=market; gross_edge=0.0375; net_ev=0.0374
2026-09-10T21:56:29.749268+00:00,Paris,LFPB,2026-09-12,lowest_temperature,C,4430357,paris|2026_09_12|lowest_temperature|c|lfpb,exact,14.0,14.0,14.0,14°C,0.131007,0.07,0.09,0.05,0.004095,0.041007,0.036912,10.065611,3,13.5667,12.0,16.7,2.7135,14.0,2026-09-10T21:30:00.000Z,PAPER_BUY,entry=ask; fee_source=market; gross_edge=0.0410; net_ev=0.0369
2026-09-10T21:56:29.746462+00:00,Houston,KHOU,2026-09-11,highest_temperature,F,4402245,houston|2026_09_11|highest_temperature|f|khou,range,,84.0,85.0,84-85°F,0.037746,0.0005,0.001,0.05,4.995e-05,0.036746,0.036696,998.95005,3,31.8,31.8,31.8,0.0,30.6,2026-09-10T21:00:00.000Z,PAPER_BUY,entry=ask; fee_source=market; gross_edge=0.0367; net_ev=0.0367
2026-09-10T21:56:29.737588+00:00,Lucknow,VILK,2026-09-11,lowest_temperature,C,4399180,lucknow|2026_09_11|lowest_temperature|c|vilk,exact,29.0,29.0,29.0,29°C,0.037214,0.0005,0.001,0.05,4.995e-05,0.036214,0.036164,998.95005,3,26.4333,26.3,26.6,0.1528,27.0,2026-09-10T21:30:00.000Z,PAPER_BUY,entry=ask; fee_source=market; gross_edge=0.0362; net_ev=0.0362
2026-09-10T21:56:29.744412+00:00,Dallas,KDAL,2026-09-11,highest_temperature,F,4401433,dallas|2026_09_11|highest_temperature|f|kdal,range,,102.0,103.0,102-103°F,0.067605,0.025,0.03,0.05,0.001455,0.037605,0.03615,32.284833,3,36.9,36.9,36.9,0.0,36.7,2026-09-10T21:00:00.000Z,PAPER_BUY,entry=ask; fee_source=market; gross_edge=0.0376; net_ev=0.0361
2026-09-10T21:56:29.757084+00:00,New York City,KLGA,2026-09-12,lowest_temperature,F,4433890,new_york_city|2026_09_12|lowest_temperature|f|klga,or_lower,57.0,,57.0,57°F or below,0.056889,0.01,0.02,0.05,0.00098,0.036889,0.035909,48.951,3,16.2667,15.6,17.6,1.1547,30.0,2026-09-10T22:00:00.000Z,PAPER_BUY,entry=ask; fee_source=market; gross_edge=0.0369; net_ev=0.0359
2026-09-10T21:56:29.732850+00:00,Atlanta,KATL,2026-09-10,highest_temperature,F,4358675,atlanta|2026_09_10|highest_temperature|f|katl,range,,94.0,95.0,94-95°F,0.040699,0.0025,0.005,0.05,0.00024875,0.035699,0.03545,198.95025,3,32.1333,31.8,32.3,0.2887,31.7,2026-09-10T22:00:00.000Z,PAPER_BUY,entry=ask; fee_source=market; gross_edge=0.0357; net_ev=0.0354
2026-09-10T21:56:29.758328+00:00,Atlanta,KATL,2026-09-12,highest_temperature,F,4434113,atlanta|2026_09_12|highest_temperature|f|katl,range,,78.0,79.0,78-79°F,0.086474,0.0255,0.049,0.05,0.00232995,0.037474,0.035144,19.360613,3,28.9333,26.0,30.4,2.5403,31.7,2026-09-10T22:00:00.000Z,PAPER_BUY,entry=ask; fee_source=market; gross_edge=0.0375; net_ev=0.0351
2026-09-10T21:56:29.748014+00:00,Panama City,MPMG,2026-09-11,lowest_temperature,C,4404913,panama_city|2026_09_11|lowest_temperature|c|mpmg,exact,23.0,23.0,23.0,23°C,0.190967,0.075,0.15,0.05,0.006375,0.040967,0.034592,5.624167,3,24.2667,23.9,24.6,0.3512,29.0,2026-09-10T21:00:00.000Z,PAPER_BUY,entry=ask; fee_source=market; gross_edge=0.0410; net_ev=0.0346
2026-09-10T21:56:29.755812+00:00,Helsinki,EFHK,2026-09-12,highest_temperature,C,4431473,helsinki|2026_09_12|highest_temperature|c|efhk,exact,18.0,18.0,18.0,18°C,0.159631,0.105,0.12,0.05,0.00528,0.039631,0.034351,7.289333,3,16.5333,15.7,17.1,0.7371,12.0,2026-09-10T22:00:00.000Z,PAPER_BUY,entry=ask; fee_source=market; gross_edge=0.0396; net_ev=0.0344
2026-09-10T21:56:29.754024+00:00,Tokyo,RJTT,2026-09-12,highest_temperature,C,4431271,tokyo|2026_09_12|highest_temperature|c|rjtt,exact,21.0,21.0,21.0,21°C,0.065748,0.02,0.03,0.05,0.001455,0.035748,0.034293,32.284833,3,24.2333,21.9,25.5,2.0232,19.0,2026-09-10T21:30:00.000Z,PAPER_BUY,entry=ask; fee_source=market; gross_edge=0.0357; net_ev=0.0343
2026-09-10T21:56:29.731363+00:00,Cape Town,FACT,2026-09-10,lowest_temperature,C,4355893,cape_town|2026_09_10|lowest_temperature|c|fact,exact,17.0,17.0,17.0,17°C,0.035167,0.0005,0.001,0.05,4.995e-05,0.034167,0.034117,998.95005,3,14.4,13.9,15.0,0.5568,16.0,2026-09-10T21:00:00.000Z,PAPER_BUY,entry=ask; fee_source=market; gross_edge=0.0342; net_ev=0.0341
2026-09-10T21:56:29.732433+00:00,Cape Town,FACT,2026-09-10,highest_temperature,C,4356544,cape_town|2026_09_10|highest_temperature|c|fact,exact,22.0,22.0,22.0,22°C,0.035167,0.0005,0.001,0.05,4.995e-05,0.034167,0.034117,998.95005,3,19.4,19.1,19.8,0.3606,16.0,2026-09-10T21:00:00.000Z,PAPER_BUY,entry=ask; fee_source=market; gross_edge=0.0342; net_ev=0.0341
2026-09-10T21:56:29.756665+00:00,Manila,RPLL,2026-09-12,highest_temperature,C,4431543,manila|2026_09_12|highest_temperature|c|rpll,exact,26.0,26.0,26.0,26°C,0.051457,0.0095,0.017,0.05,0.00083555,0.034457,0.033622,57.774379,3,28.3667,27.9,29.1,0.6429,25.0,2026-09-10T21:00:00.000Z,PAPER_BUY,entry=ask; fee_source=market; gross_edge=0.0345; net_ev=0.0336
2026-09-10T21:56:29.734333+00:00,Chicago,KORD,2026-09-10,highest_temperature,F,4359150,chicago|2026_09_10|highest_temperature|f|kord,range,,80.0,81.0,80-81°F,0.09635,0.0315,0.06,0.05,0.00282,0.03635,0.03353,15.619667,3,24.9333,24.4,25.2,0.4619,25.0,2026-09-10T22:00:00.000Z,PAPER_BUY,entry=ask; fee_source=market; gross_edge=0.0363; net_ev=0.0335
2026-09-10T21:56:29.740656+00:00,London,EGLC,2026-09-11,highest_temperature,C,4399956,london|2026_09_11|highest_temperature|c|eglc,exact,25.0,25.0,25.0,25°C,0.042733,0.005,0.009,0.05,0.00044595,0.033733,0.033287,110.061561,3,22.1,21.3,23.6,1.3,17.0,2026-09-10T22:00:00.000Z,PAPER_BUY,entry=ask; fee_source=market; gross_edge=0.0337; net_ev=0.0333
2026-09-10T21:56:29.733377+00:00,Atlanta,KATL,2026-09-10,lowest_temperature,F,4358880,atlanta|2026_09_10|lowest_temperature|f|katl,range,,76.0,77.0,76-77°F,0.034292,0.0005,0.001,0.05,4.995e-05,0.033292,0.033242,998.95005,3,22.0333,21.1,22.5,0.8083,31.7,2026-09-10T22:00:00.000Z,PAPER_BUY,entry=ask; fee_source=market; gross_edge=0.0333; net_ev=0.0332
2026-09-10T21:56:29.746603+00:00,Seattle,KSEA,2026-09-11,lowest_temperature,F,4404257,seattle|2026_09_11|lowest_temperature|f|ksea,range,,52.0,53.0,52-53°F,0.302844,0.13,0.26,0.05,0.00962,0.042844,0.033224,2.809154,3,12.1,11.6,13.1,0.866,20.0,2026-09-10T21:00:00.000Z,PAPER_BUY,entry=ask; fee_source=market; gross_edge=0.0428; net_ev=0.0332
2026-09-10T21:56:29.742193+00:00,Warsaw,EPWA,2026-09-11,highest_temperature,C,4400110,warsaw|2026_09_11|highest_temperature|c|epwa,exact,15.0,15.0,15.0,15°C,0.039351,0.0035,0.006,0.05,0.0002982,0.033351,0.033053,165.616967,3,17.5333,16.4,18.1,0.9815,11.0,2026-09-10T21:30:00.000Z,PAPER_BUY,entry=ask; fee_source=market; gross_edge=0.0334; net_ev=0.0331
2026-09-10T21:56:29.753213+00:00,Paris,LFPB,2026-09-12,highest_temperature,C,4431198,paris|2026_09_12|highest_temperature|c|lfpb,exact,27.0,27.0,27.0,27°C,0.105829,0.06,0.07,0.05,0.003255,0.035829,0.032574,13.239214,3,24.8333,23.6,26.5,1.4978,14.0,2026-09-10T21:30:00.000Z,PAPER_BUY,entry=ask; fee_source=market; gross_edge=0.0358; net_ev=0.0326
2026-09-10T21:56:29.737882+00:00,Tokyo,RJTT,2026-09-11,lowest_temperature,C,4399214,tokyo|2026_09_11|lowest_temperature|c|rjtt,exact,22.0,22.0,22.0,22°C,0.033208,0.0005,0.001,0.05,4.995e-05,0.032208,0.032158,998.95005,3,19.3667,19.0,19.6,0.3215,19.0,2026-09-10T21:30:00.000Z,PAPER_BUY,entry=ask; fee_source=market; gross_edge=0.0322; net_ev=0.0322
2026-09-10T21:56:29.740599+00:00,London,EGLC,2026-09-11,highest_temperature,C,4399950,london|2026_09_11|highest_temperature|c|eglc,exact,19.0,19.0,19.0,19°C,0.032986,0.0005,0.001,0.05,4.995e-05,0.031986,0.031936,998.95005,3,22.1,21.3,23.6,1.3,17.0,2026-09-10T22:00:00.000Z,PAPER_BUY,entry=ask; fee_source=market; gross_edge=0.0320; net_ev=0.0319
2026-09-10T21:56:29.756181+00:00,Cape Town,FACT,2026-09-12,highest_temperature,C,4431503,cape_town|2026_09_12|highest_temperature|c|fact,exact,21.0,21.0,21.0,21°C,0.311529,0.265,0.27,0.05,0.009855,0.041529,0.031674,2.667204,3,21.3333,20.6,22.0,0.7024,16.0,2026-09-10T21:00:00.000Z,PAPER_BUY,entry=ask; fee_source=market; gross_edge=0.0415; net_ev=0.0317
2026-09-10T21:56:29.730924+00:00,Madrid,LEMD,2026-09-10,lowest_temperature,C,4355695,madrid|2026_09_10|lowest_temperature|c|lemd,exact,15.0,15.0,15.0,15°C,0.032448,0.0005,0.001,0.05,4.995e-05,0.031448,0.031398,998.95005,3,11.9333,11.1,13.4,1.2741,20.0,2026-09-10T21:30:00.000Z,PAPER_BUY,entry=ask; fee_source=market; gross_edge=0.0314; net_ev=0.0314
2026-09-10T21:56:29.741787+00:00,Singapore,WSSS,2026-09-11,highest_temperature,C,4400068,singapore|2026_09_11|highest_temperature|c|wsss,or_lower,26.0,,26.0,26°C or below,0.032388,0.0005,0.001,0.05,4.995e-05,0.031388,0.031338,998.95005,3,29.8333,28.6,31.6,1.5695,28.0,2026-09-10T21:30:00.000Z,PAPER_BUY,entry=ask; fee_source=market; gross_edge=0.0314; net_ev=0.0313
2026-09-10T21:56:29.739187+00:00,Shenzhen,ZGSZ,2026-09-11,lowest_temperature,C,4399345,shenzhen|2026_09_11|lowest_temperature|c|zgsz,exact,27.0,27.0,27.0,27°C,0.03226,0.0005,0.001,0.05,4.995e-05,0.03126,0.031211,998.95005,3,24.2333,23.2,25.4,1.106,26.0,2026-09-10T21:00:00.000Z,PAPER_BUY,entry=ask; fee_source=market; gross_edge=0.0313; net_ev=0.0312
2026-09-10T21:56:29.749116+00:00,London,EGLC,2026-09-12,lowest_temperature,C,4430347,london|2026_09_12|lowest_temperature|c|eglc,exact,15.0,15.0,15.0,15°C,0.218578,0.11,0.18,0.05,0.00738,0.038578,0.031198,4.514556,3,14.0,12.6,14.8,1.2166,17.0,2026-09-10T22:00:00.000Z,PAPER_BUY,entry=ask; fee_source=market; gross_edge=0.0386; net_ev=0.0312
2026-09-10T21:56:29.754126+00:00,Shanghai,ZSPD,2026-09-12,highest_temperature,C,4431290,shanghai|2026_09_12|highest_temperature|c|zspd,or_lower,25.0,,25.0,25°C or below,0.03533,0.0025,0.004,0.05,0.0001992,0.03133,0.031131,248.9502,3,27.7,26.5,28.5,1.0583,24.0,2026-09-10T21:30:00.000Z,PAPER_BUY,entry=ask; fee_source=market; gross_edge=0.0313; net_ev=0.0311
2026-09-10T21:56:29.743824+00:00,Guangzhou,ZGGG,2026-09-11,highest_temperature,C,4400276,guangzhou|2026_09_11|highest_temperature|c|zggg,exact,28.0,28.0,28.0,28°C,0.033208,0.001,0.002,0.05,9.98e-05,0.031208,0.031108,498.9501,3,30.6333,30.3,31.0,0.3512,25.0,2026-09-10T21:30:00.000Z,PAPER_BUY,entry=ask; fee_source=market; gross_edge=0.0312; net_ev=0.0311
2026-09-10T21:56:29.741686+00:00,Shanghai,ZSPD,2026-09-11,highest_temperature,C,4400062,shanghai|2026_09_11|highest_temperature|c|zspd,exact,30.0,30.0,30.0,30°C,0.093767,0.05,0.06,0.05,0.00282,0.033767,0.030947,15.619667,3,27.7,26.2,29.1,1.4526,24.0,2026-09-10T21:30:00.000Z,PAPER_BUY,entry=ask; fee_source=market; gross_edge=0.0338; net_ev=0.0309
2026-09-10T21:56:29.754429+00:00,Milan,LIMC,2026-09-12,highest_temperature,C,4431324,milan|2026_09_12|highest_temperature|c|limc,exact,22.0,22.0,22.0,22°C,0.051457,0.01,0.02,0.05,0.00098,0.031457,0.030477,48.951,3,24.3667,24.1,24.8,0.3786,19.0,2026-09-10T21:20:00.000Z,PAPER_BUY,entry=ask; fee_source=market; gross_edge=0.0315; net_ev=0.0305
2026-09-10T21:56:29.732306+00:00,Amsterdam,EHAM,2026-09-10,highest_temperature,C,4356500,amsterdam|2026_09_10|highest_temperature|c|eham,exact,22.0,22.0,22.0,22°C,0.031335,0.0005,0.001,0.05,4.995e-05,0.030335,0.030285,998.95005,3,19.3333,18.7,20.2,0.7767,16.0,2026-09-10T21:25:00.000Z,PAPER_BUY,entry=ask; fee_source=market; gross_edge=0.0303; net_ev=0.0303
2026-09-10T21:56:29.739696+00:00,Kuala Lumpur,WMKK,2026-09-11,lowest_temperature,C,4399410,kuala_lumpur|2026_09_11|lowest_temperature|c|wmkk,exact,27.0,27.0,27.0,27°C,0.031335,0.0005,0.001,0.05,4.995e-05,0.030335,0.030285,998.95005,3,24.3333,24.2,24.4,0.1155,25.0,2026-09-10T21:30:00.000Z,PAPER_BUY,entry=ask; fee_source=market; gross_edge=0.0303; net_ev=0.0303
2026-09-10T21:56:29.743422+00:00,Kuala Lumpur,WMKK,2026-09-11,highest_temperature,C,4400244,kuala_lumpur|2026_09_11|highest_temperature|c|wmkk,exact,27.0,27.0,27.0,27°C,0.031335,0.0005,0.001,0.05,4.995e-05,0.030335,0.030285,998.95005,3,29.6667,28.9,30.6,0.8622,25.0,2026-09-10T21:30:00.000Z,PAPER_BUY,entry=ask; fee_source=market; gross_edge=0.0303; net_ev=0.0303
2026-09-10T21:56:29.742809+00:00,Chengdu,ZUUU,2026-09-11,highest_temperature,C,4400172,chengdu|2026_09_11|highest_temperature|c|zuuu,exact,28.0,28.0,28.0,28°C,0.035303,0.003,0.005,0.05,0.00024875,0.030303,0.030054,198.95025,3,23.1,20.0,24.7,2.6851,19.0,2026-09-10T21:00:00.000Z,PAPER_BUY,entry=ask; fee_source=market; gross_edge=0.0303; net_ev=0.0301
2026-09-10T21:56:29.737994+00:00,Shanghai,ZSPD,2026-09-11,lowest_temperature,C,4399234,shanghai|2026_09_11|lowest_temperature|c|zspd,exact,25.0,25.0,25.0,25°C,0.031052,0.0005,0.001,0.05,4.995e-05,0.030052,0.030002,998.95005,3,22.3,21.1,23.1,1.0583,24.0,2026-09-10T21:30:00.000Z,PAPER_BUY,entry=ask; fee_source=market; gross_edge=0.0301; net_ev=0.0300
2026-09-10T21:56:29.750123+00:00,Tokyo,RJTT,2026-09-12,lowest_temperature,C,4430434,tokyo|2026_09_12|lowest_temperature|c|rjtt,exact,22.0,22.0,22.0,22°C,0.090899,0.03,0.06,0.05,0.00282,0.030899,0.028079,15.619667,3,20.0333,19.4,20.6,0.6028,19.0,2026-09-10T21:30:00.000Z,PAPER_BUY,entry=ask; fee_source=market; gross_edge=0.0309; net_ev=0.0281
2026-09-10T21:56:29.753050+00:00,London,EGLC,2026-09-12,highest_temperature,C,4431185,london|2026_09_12|highest_temperature|c|eglc,exact,22.0,22.0,22.0,22°C,0.142176,0.105,0.11,0.05,0.004895,0.032176,0.027281,8.046409,3,23.7,22.3,25.3,1.51,17.0,2026-09-10T22:00:00.000Z,PAPER_BUY,entry=ask; fee_source=market; gross_edge=0.0322; net_ev=0.0273
2026-09-10T21:56:29.733338+00:00,Atlanta,KATL,2026-09-10,lowest_temperature,F,4358876,atlanta|2026_09_10|lowest_temperature|f|katl,range,,68.0,69.0,68-69°F,0.131598,0.05,0.1,0.05,0.0045,0.031598,0.027098,8.955,3,22.0333,21.1,22.5,0.8083,31.7,2026-09-10T22:00:00.000Z,PAPER_BUY,entry=ask; fee_source=market; gross_edge=0.0316; net_ev=0.0271
2026-09-10T21:56:29.748024+00:00,Panama City,MPMG,2026-09-11,lowest_temperature,C,4404914,panama_city|2026_09_11|lowest_temperature|c|mpmg,exact,24.0,24.0,24.0,24°C,0.315638,0.14,0.28,0.05,0.01008,0.035638,0.025558,2.535429,3,24.2667,23.9,24.6,0.3512,29.0,2026-09-10T21:00:00.000Z,PAPER_BUY,entry=ask; fee_source=market; gross_edge=0.0356; net_ev=0.0256
2026-09-10T21:56:29.743320+00:00,Helsinki,EFHK,2026-09-11,highest_temperature,C,4400236,helsinki|2026_09_11|highest_temperature|c|efhk,exact,16.0,16.0,16.0,16°C,0.222532,0.17,0.19,0.05,0.007695,0.032532,0.024837,4.222658,3,17.0667,16.8,17.4,0.3055,12.0,2026-09-10T22:00:00.000Z,PAPER_BUY,entry=ask; fee_source=market; gross_edge=0.0325; net_ev=0.0248
2026-09-10T22:01:10.387278+00:00,Los Angeles,KLAX,2026-09-12,highest_temperature,F,4436807,los_angeles|2026_09_12|highest_temperature|f|klax,or_higher,88.0,88.0,,88°F or higher,0.34515,0.34515,0.954291,PASS,0.035,0.05,ask,0.05,market,0.002375,0.29515,0.292775,0.947625,3,"open_meteo_best_match,ecmwf,gfs",29.5,28.1,32.3,2.4249,2.7886,31.1,2026-09-10T22:00:00.000Z,EXECUTABLE_ASK,PAPER_BUY,strong_thresholds_pass; paper_buy_gate_pass
2026-09-10T22:01:10.382102+00:00,Manila,RPLL,2026-09-12,highest_temperature,C,4431545,manila|2026_09_12|highest_temperature|c|rpll,exact,28.0,28.0,28.0,28°C,0.309157,0.311792,0.99155,PASS,0.025,0.04,ask,0.05,market,0.00192,0.271792,0.269872,0.95808,3,"open_meteo_best_match,gfs,ecmwf",28.3667,27.9,29.1,0.6429,1.2,25.0,2026-09-10T21:00:00.000Z,EXECUTABLE_ASK,PAPER_BUY,strong_thresholds_pass; paper_buy_gate_pass
2026-09-10T22:01:10.356519+00:00,Wellington,NZWN,2026-09-11,highest_temperature,C,4399995,wellington|2026_09_11|highest_temperature|c|nzwn,exact,13.0,13.0,13.0,13°C,0.309157,0.309357,0.999355,PASS,0.0355,0.041,ask,0.05,market,0.00196595,0.268357,0.266391,0.957034,3,"open_meteo_best_match,ecmwf,gfs",13.3667,12.7,13.8,0.5859,1.2,11.0,2026-09-10T21:30:00.000Z,EXECUTABLE_ASK,PAPER_BUY,strong_thresholds_pass; paper_buy_gate_pass
2026-09-10T22:01:10.360983+00:00,Guangzhou,ZGGG,2026-09-11,highest_temperature,C,4400278,guangzhou|2026_09_11|highest_temperature|c|zggg,exact,30.0,30.0,30.0,30°C,0.283293,0.283381,0.999689,PASS,0.025,0.03,ask,0.05,market,0.001455,0.253381,0.251926,0.968545,3,"ecmwf,gfs,open_meteo_best_match",30.6333,30.3,31.0,0.3512,1.2,25.0,2026-09-10T21:30:00.000Z,EXECUTABLE_ASK,PAPER_BUY,strong_thresholds_pass; paper_buy_gate_pass
2026-09-10T22:01:10.378124+00:00,Singapore,WSSS,2026-09-12,highest_temperature,C,4431303,singapore|2026_09_12|highest_temperature|c|wsss,exact,30.0,30.0,30.0,30°C,0.279299,0.289577,0.964506,PASS,0.03,0.04,ask,0.05,market,0.00192,0.249577,0.247657,0.95808,3,"gfs,open_meteo_best_match,ecmwf",30.6667,30.1,31.0,0.4933,1.2,28.0,2026-09-10T21:30:00.000Z,EXECUTABLE_ASK,PAPER_BUY,strong_thresholds_pass; paper_buy_gate_pass
2026-09-10T22:01:10.377452+00:00,Munich,EDDM,2026-09-12,highest_temperature,C,4431248,munich|2026_09_12|highest_temperature|c|eddm,exact,21.0,21.0,21.0,21°C,0.287135,0.299117,0.959941,PASS,0.045,0.06,ask,0.05,market,0.00282,0.239117,0.236297,0.93718,3,"open_meteo_best_match,ecmwf,gfs",21.6,21.3,21.8,0.2646,1.2,12.0,2026-09-10T22:00:00.000Z,EXECUTABLE_ASK,PAPER_BUY,strong_thresholds_pass; paper_buy_gate_pass
2026-09-10T22:01:10.369344+00:00,Panama City,MPMG,2026-09-11,highest_temperature,C,4405146,panama_city|2026_09_11|highest_temperature|c|mpmg,exact,30.0,30.0,30.0,30°C,0.272877,0.276246,0.987803,PASS,0.035,0.04,ask,0.05,market,0.00192,0.236246,0.234326,0.95808,3,"gfs,open_meteo_best_match,ecmwf",30.4333,29.7,31.8,1.1846,1.3623,29.0,2026-09-10T21:00:00.000Z,EXECUTABLE_ASK,PAPER_BUY,strong_thresholds_pass; paper_buy_gate_pass
2026-09-10T22:01:10.356317+00:00,Ankara,LTAC,2026-09-11,highest_temperature,C,4399985,ankara|2026_09_11|highest_temperature|c|ltac,exact,29.0,29.0,29.0,29°C,0.261963,0.262233,0.998972,PASS,0.025,0.03,ask,0.05,market,0.001455,0.232233,0.230778,0.968545,3,"open_meteo_best_match,ecmwf,gfs",29.8,29.3,30.4,0.5568,1.2,17.0,2026-09-10T22:00:00.000Z,EXECUTABLE_ASK,PAPER_BUY,strong_thresholds_pass; paper_buy_gate_pass
2026-09-10T22:01:10.358969+00:00,Wuhan,ZHHH,2026-09-11,highest_temperature,C,4400156,wuhan|2026_09_11|highest_temperature|c|zhhh,exact,27.0,27.0,27.0,27°C,0.306579,0.308999,0.992168,PASS,0.075,0.08,ask,0.05,market,0.00368,0.228999,0.225319,0.91632,3,"open_meteo_best_match,ecmwf,gfs",27.4,27.2,27.6,0.2,1.2,18.0,2026-09-10T21:00:00.000Z,EXECUTABLE_ASK,PAPER_BUY,strong_thresholds_pass; paper_buy_gate_pass
2026-09-10T22:01:10.382117+00:00,Manila,RPLL,2026-09-12,highest_temperature,C,4431546,manila|2026_09_12|highest_temperature|c|rpll,exact,29.0,29.0,29.0,29°C,0.283293,0.285707,0.99155,PASS,0.05,0.06,ask,0.05,market,0.00282,0.225707,0.222887,0.93718,3,"open_meteo_best_match,gfs,ecmwf",28.3667,27.9,29.1,0.6429,1.2,25.0,2026-09-10T21:00:00.000Z,EXECUTABLE_ASK,PAPER_BUY,strong_thresholds_pass; paper_buy_gate_pass
2026-09-10T22:01:10.381725+00:00,Qingdao,ZSQD,2026-09-12,highest_temperature,C,4431528,qingdao|2026_09_12|highest_temperature|c|zsqd,exact,29.0,29.0,29.0,29°C,0.275161,0.284662,0.966623,PASS,0.05,0.06,ask,0.05,market,0.00282,0.224662,0.221842,0.93718,3,"open_meteo_best_match,ecmwf,gfs",28.3,27.6,28.9,0.6557,1.2,14.0,2026-09-10T21:00:00.000Z,EXECUTABLE_ASK,PAPER_BUY,strong_thresholds_pass; paper_buy_gate_pass
2026-09-10T22:01:10.377902+00:00,Shanghai,ZSPD,2026-09-12,highest_temperature,C,4431292,shanghai|2026_09_12|highest_temperature|c|zspd,exact,27.0,27.0,27.0,27°C,0.272667,0.282653,0.96467,PASS,0.04,0.06,ask,0.05,market,0.00282,0.222653,0.219833,0.93718,3,"open_meteo_best_match,ecmwf,gfs",27.7,26.5,28.5,1.0583,1.217,24.0,2026-09-10T21:30:00.000Z,EXECUTABLE_ASK,PAPER_BUY,strong_thresholds_pass; paper_buy_gate_pass
2026-09-10T22:01:10.348075+00:00,Panama City,MPMG,2026-09-10,lowest_temperature,C,4363410,panama_city|2026_09_10|lowest_temperature|c|mpmg,exact,24.0,24.0,24.0,24°C,0.297672,0.297804,0.999555,PASS,0.04,0.08,ask,0.05,market,0.00368,0.217804,0.214124,0.91632,3,"gfs,open_meteo_best_match,ecmwf",24.5,24.1,25.3,0.6928,1.2,29.0,2026-09-10T21:00:00.000Z,EXECUTABLE_ASK,PAPER_BUY,strong_thresholds_pass; paper_buy_gate_pass
2026-09-10T22:01:10.349033+00:00,Mexico City,MMMX,2026-09-10,highest_temperature,C,4363784,mexico_city|2026_09_10|highest_temperature|c|mmmx,exact,26.0,26.0,26.0,26°C,0.206824,0.225405,0.917567,PASS,0.008,0.014,ask,0.05,market,0.0006902,0.211405,0.210715,0.98531,3,"ecmwf,gfs,open_meteo_best_match",24.8333,23.8,25.6,0.9292,1.2,23.0,2026-09-10T21:45:00.000Z,EXECUTABLE_ASK,PAPER_BUY,strong_thresholds_pass; paper_buy_gate_pass
2026-09-10T22:01:10.351195+00:00,Shanghai,ZSPD,2026-09-11,lowest_temperature,C,4399231,shanghai|2026_09_11|lowest_temperature|c|zspd,exact,22.0,22.0,22.0,22°C,0.309781,0.313133,0.989294,PASS,0.07,0.1,ask,0.05,market,0.0045,0.213133,0.208633,0.8955,3,"open_meteo_best_match,ecmwf,gfs",22.3,21.1,23.1,1.0583,1.217,24.0,2026-09-10T21:30:00.000Z,EXECUTABLE_ASK,PAPER_BUY,strong_thresholds_pass; paper_buy_gate_pass
2026-09-10T22:01:10.389215+00:00,Toronto,CYYZ,2026-09-12,highest_temperature,C,4437514,toronto|2026_09_12|highest_temperature|c|cyyz,exact,27.0,27.0,27.0,27°C,0.322021,0.322458,0.998647,PASS,0.1,0.11,ask,0.05,market,0.004895,0.212458,0.207563,0.885105,3,"open_meteo_best_match,ecmwf,gfs",26.9,26.7,27.0,0.1732,1.2,23.0,2026-09-10T21:00:00.000Z,EXECUTABLE_ASK,PAPER_BUY,strong_thresholds_pass; paper_buy_gate_pass
2026-09-10T22:01:10.357902+00:00,Milan,LIMC,2026-09-11,highest_temperature,C,4400093,milan|2026_09_11|highest_temperature|c|limc,exact,24.0,24.0,24.0,24°C,0.320151,0.32103,0.997262,PASS,0.1,0.11,ask,0.05,market,0.004895,0.21103,0.206135,0.885105,3,"open_meteo_best_match,ecmwf,gfs",24.1667,23.6,24.7,0.5508,1.2,19.0,2026-09-10T22:00:00.000Z,EXECUTABLE_ASK,PAPER_BUY,strong_thresholds_pass; paper_buy_gate_pass
2026-09-10T22:01:10.360998+00:00,Guangzhou,ZGGG,2026-09-11,highest_temperature,C,4400279,guangzhou|2026_09_11|highest_temperature|c|zggg,exact,31.0,31.0,31.0,31°C,0.309157,0.309253,0.999689,PASS,0.09,0.1,ask,0.05,market,0.0045,0.209253,0.204753,0.8955,3,"ecmwf,gfs,open_meteo_best_match",30.6333,30.3,31.0,0.3512,1.2,25.0,2026-09-10T21:30:00.000Z,EXECUTABLE_ASK,PAPER_BUY,strong_thresholds_pass; paper_buy_gate_pass
2026-09-10T22:01:10.361637+00:00,Manila,RPLL,2026-09-11,highest_temperature,C,4400311,manila|2026_09_11|highest_temperature|c|rpll,exact,28.0,28.0,28.0,28°C,0.294331,0.294451,0.999594,PASS,0.085,0.09,ask,0.05,market,0.004095,0.204451,0.200356,0.905905,3,"open_meteo_best_match,gfs,ecmwf",28.5333,28.2,29.0,0.4163,1.2,25.0,2026-09-10T21:00:00.000Z,EXECUTABLE_ASK,PAPER_BUY,strong_thresholds_pass; paper_buy_gate_pass
2026-09-10T22:01:10.379473+00:00,Wuhan,ZHHH,2026-09-12,highest_temperature,C,4431390,wuhan|2026_09_12|highest_temperature|c|zhhh,exact,29.0,29.0,29.0,29°C,0.283293,0.283381,0.999689,PASS,0.07,0.08,ask,0.05,market,0.00368,0.203381,0.199701,0.91632,3,"open_meteo_best_match,ecmwf,gfs",29.6333,29.5,29.8,0.1528,1.2,18.0,2026-09-10T21:00:00.000Z,EXECUTABLE_ASK,PAPER_BUY,strong_thresholds_pass; paper_buy_gate_pass
2026-09-10T22:01:10.371774+00:00,Singapore,WSSS,2026-09-12,lowest_temperature,C,4430464,singapore|2026_09_12|lowest_temperature|c|wsss,exact,25.0,25.0,25.0,25°C,0.237513,0.239009,0.993743,PASS,0.03,0.04,ask,0.05,market,0.00192,0.199009,0.197089,0.95808,3,"gfs,open_meteo_best_match,ecmwf",25.8667,25.0,27.2,1.1719,1.3477,28.0,2026-09-10T21:30:00.000Z,EXECUTABLE_ASK,PAPER_BUY,strong_thresholds_pass; paper_buy_gate_pass
2026-09-10T22:01:10.360325+00:00,Kuala Lumpur,WMKK,2026-09-11,highest_temperature,C,4400246,kuala_lumpur|2026_09_11|highest_temperature|c|wmkk,exact,29.0,29.0,29.0,29°C,0.279299,0.279497,0.999291,PASS,0.075,0.08,ask,0.05,market,0.00368,0.199497,0.195817,0.91632,3,"ecmwf,gfs,open_meteo_best_match",29.6667,28.9,30.6,0.8622,1.2,25.0,2026-09-10T21:30:00.000Z,EXECUTABLE_ASK,PAPER_BUY,strong_thresholds_pass; paper_buy_gate_pass
2026-09-10T22:01:10.378403+00:00,Milan,LIMC,2026-09-12,highest_temperature,C,4431326,milan|2026_09_12|highest_temperature|c|limc,exact,24.0,24.0,24.0,24°C,0.309157,0.310558,0.995487,PASS,0.095,0.11,ask,0.05,market,0.004895,0.200558,0.195663,0.885105,3,"open_meteo_best_match,ecmwf,gfs",24.3667,24.1,24.8,0.3786,1.2,19.0,2026-09-10T22:00:00.000Z,EXECUTABLE_ASK,PAPER_BUY,strong_thresholds_pass; paper_buy_gate_pass
2026-09-10T22:01:10.357620+00:00,Singapore,WSSS,2026-09-11,highest_temperature,C,4400071,singapore|2026_09_11|highest_temperature|c|wsss,exact,29.0,29.0,29.0,29°C,0.196701,0.203463,0.966766,PASS,0.005,0.008,ask,0.05,market,0.0003968,0.195463,0.195066,0.991603,3,"gfs,open_meteo_best_match,ecmwf",29.8333,28.6,31.6,1.5695,1.8049,28.0,2026-09-10T21:30:00.000Z,EXECUTABLE_ASK,PAPER_BUY,strong_thresholds_pass; paper_buy_gate_pass
2026-09-10T22:01:10.377277+00:00,Lucknow,VILK,2026-09-12,highest_temperature,C,4431240,lucknow|2026_09_12|highest_temperature|c|vilk,exact,31.0,31.0,31.0,31°C,0.242856,0.243216,0.998519,PASS,0.04,0.05,ask,0.05,market,0.002375,0.193216,0.190841,0.947625,3,"open_meteo_best_match,ecmwf,gfs",31.9333,31.4,32.8,0.7572,1.2,27.0,2026-09-10T21:30:00.000Z,EXECUTABLE_ASK,PAPER_BUY,strong_thresholds_pass; paper_buy_gate_pass
2026-09-10T22:01:10.381466+00:00,Guangzhou,ZGGG,2026-09-12,highest_temperature,C,4431514,guangzhou|2026_09_12|highest_temperature|c|zggg,exact,32.0,32.0,32.0,32°C,0.32296,0.323018,0.999822,PASS,0.12,0.13,ask,0.05,market,0.005655,0.193018,0.187363,0.864345,3,"ecmwf,gfs,open_meteo_best_match",31.9667,31.8,32.2,0.2082,1.2,25.0,2026-09-10T21:30:00.000Z,EXECUTABLE_ASK,PAPER_BUY,strong_thresholds_pass; paper_buy_gate_pass
2026-09-10T22:01:10.381452+00:00,Guangzhou,ZGGG,2026-09-12,highest_temperature,C,4431513,guangzhou|2026_09_12|highest_temperature|c|zggg,exact,31.0,31.0,31.0,31°C,0.237867,0.23791,0.999822,PASS,0.04,0.05,ask,0.05,market,0.002375,0.18791,0.185535,0.947625,3,"ecmwf,gfs,open_meteo_best_match",31.9667,31.8,32.2,0.2082,1.2,25.0,2026-09-10T21:30:00.000Z,EXECUTABLE_ASK,PAPER_BUY,strong_thresholds_pass; paper_buy_gate_pass
2026-09-10T22:01:10.358094+00:00,Madrid,LEMD,2026-09-11,highest_temperature,C,4400102,madrid|2026_09_11|highest_temperature|c|lemd,exact,29.0,29.0,29.0,29°C,0.196256,0.196301,0.999771,PASS,0.0145,0.018,ask,0.05,market,0.0008838,0.178301,0.177417,0.981116,3,"ecmwf,gfs,open_meteo_best_match",30.2333,29.8,30.6,0.4041,1.2,20.0,2026-09-10T21:30:00.000Z,EXECUTABLE_ASK,PAPER_BUY,strong_thresholds_pass; paper_buy_gate_pass
2026-09-10T22:01:10.387246+00:00,Los Angeles,KLAX,2026-09-12,highest_temperature,F,4436803,los_angeles|2026_09_12|highest_temperature|f|klax,range,,84.0,85.0,84-85°F,0.218165,0.228614,0.954291,PASS,0.04,0.05,ask,0.05,market,0.002375,0.178614,0.176239,0.947625,3,"open_meteo_best_match,ecmwf,gfs",29.5,28.1,32.3,2.4249,2.7886,31.1,2026-09-10T22:00:00.000Z,EXECUTABLE_ASK,PAPER_BUY,strong_thresholds_pass; paper_buy_gate_pass
2026-09-10T22:01:10.357888+00:00,Milan,LIMC,2026-09-11,highest_temperature,C,4400092,milan|2026_09_11|highest_temperature|c|limc,exact,23.0,23.0,23.0,23°C,0.206824,0.207392,0.997262,PASS,0.02,0.03,ask,0.05,market,0.001455,0.177392,0.175937,0.968545,3,"open_meteo_best_match,ecmwf,gfs",24.1667,23.6,24.7,0.5508,1.2,19.0,2026-09-10T22:00:00.000Z,EXECUTABLE_ASK,PAPER_BUY,strong_thresholds_pass; paper_buy_gate_pass
2026-09-10T22:01:10.361258+00:00,Qingdao,ZSQD,2026-09-11,highest_temperature,C,4400293,qingdao|2026_09_11|highest_temperature|c|zsqd,exact,29.0,29.0,29.0,29°C,0.212088,0.215121,0.985898,PASS,0.03,0.04,ask,0.05,market,0.00192,0.175121,0.173201,0.95808,3,"open_meteo_best_match,ecmwf,gfs",27.8667,27.3,28.8,0.8145,1.2,14.0,2026-09-10T21:00:00.000Z,EXECUTABLE_ASK,PAPER_BUY,strong_thresholds_pass; paper_buy_gate_pass
2026-09-10T22:01:10.387263+00:00,Los Angeles,KLAX,2026-09-12,highest_temperature,F,4436805,los_angeles|2026_09_12|highest_temperature|f|klax,range,,86.0,87.0,86-87°F,0.211519,0.22165,0.954291,PASS,0.025,0.05,ask,0.05,market,0.002375,0.17165,0.169275,0.947625,3,"open_meteo_best_match,ecmwf,gfs",29.5,28.1,32.3,2.4249,2.7886,31.1,2026-09-10T22:00:00.000Z,EXECUTABLE_ASK,PAPER_BUY,strong_thresholds_pass; paper_buy_gate_pass
2026-09-10T22:01:10.358761+00:00,Beijing,ZBAA,2026-09-11,highest_temperature,C,4400147,beijing|2026_09_11|highest_temperature|c|zbaa,exact,30.0,30.0,30.0,30°C,0.232811,0.233224,0.998229,PASS,0.065,0.07,ask,0.05,market,0.003255,0.163224,0.159969,0.926745,3,"open_meteo_best_match,ecmwf,gfs",31.0,30.8,31.3,0.2646,1.2,13.0,2026-09-10T21:30:00.000Z,EXECUTABLE_ASK,PAPER_BUY,strong_thresholds_pass; paper_buy_gate_pass
2026-09-10T22:01:10.376833+00:00,Ankara,LTAC,2026-09-12,highest_temperature,C,4431218,ankara|2026_09_12|highest_temperature|c|ltac,exact,30.0,30.0,30.0,30°C,0.242856,0.243216,0.998519,PASS,0.06,0.08,ask,0.05,market,0.00368,0.163216,0.159536,0.91632,3,"open_meteo_best_match,ecmwf,gfs",30.9333,30.7,31.3,0.3215,1.2,17.0,2026-09-10T22:00:00.000Z,EXECUTABLE_ASK,PAPER_BUY,strong_thresholds_pass; paper_buy_gate_pass
2026-09-10T22:01:10.361243+00:00,Qingdao,ZSQD,2026-09-11,highest_temperature,C,4400292,qingdao|2026_09_11|highest_temperature|c|zsqd,exact,28.0,28.0,28.0,28°C,0.321202,0.325796,0.985898,PASS,0.135,0.16,ask,0.05,market,0.00672,0.165796,0.159076,0.83328,3,"open_meteo_best_match,ecmwf,gfs",27.8667,27.3,28.8,0.8145,1.2,14.0,2026-09-10T21:00:00.000Z,EXECUTABLE_ASK,PAPER_BUY,strong_thresholds_pass; paper_buy_gate_pass
2026-09-10T22:01:10.378139+00:00,Singapore,WSSS,2026-09-12,highest_temperature,C,4431304,singapore|2026_09_12|highest_temperature|c|wsss,exact,31.0,31.0,31.0,31°C,0.311529,0.322994,0.964506,PASS,0.15,0.16,ask,0.05,market,0.00672,0.162994,0.156274,0.83328,3,"gfs,open_meteo_best_match,ecmwf",30.6667,30.1,31.0,0.4933,1.2,28.0,2026-09-10T21:30:00.000Z,EXECUTABLE_ASK,PAPER_BUY,strong_thresholds_pass; paper_buy_gate_pass
2026-09-10T22:01:10.382088+00:00,Manila,RPLL,2026-09-12,highest_temperature,C,4431544,manila|2026_09_12|highest_temperature|c|rpll,exact,27.0,27.0,27.0,27°C,0.175172,0.176665,0.99155,PASS,0.015,0.02,ask,0.05,market,0.00098,0.156665,0.155685,0.97902,3,"open_meteo_best_match,gfs,ecmwf",28.3667,27.9,29.1,0.6429,1.2,25.0,2026-09-10T21:00:00.000Z,EXECUTABLE_ASK,PAPER_BUY,strong_thresholds_pass; paper_buy_gate_pass
2026-09-10T22:01:10.389230+00:00,Toronto,CYYZ,2026-09-12,highest_temperature,C,4437515,toronto|2026_09_12|highest_temperature|c|cyyz,exact,28.0,28.0,28.0,28°C,0.217326,0.217621,0.998647,PASS,0.04,0.06,ask,0.05,market,0.00282,0.157621,0.154801,0.93718,3,"open_meteo_best_match,ecmwf,gfs",26.9,26.7,27.0,0.1732,1.2,23.0,2026-09-10T21:00:00.000Z,EXECUTABLE_ASK,PAPER_BUY,strong_thresholds_pass; paper_buy_gate_pass
2026-09-10T22:01:10.377046+00:00,Wellington,NZWN,2026-09-12,highest_temperature,C,4431228,wellington|2026_09_12|highest_temperature|c|nzwn,exact,12.0,12.0,12.0,12°C,0.185685,0.185734,0.999736,PASS,0.025,0.03,ask,0.05,market,0.001455,0.155734,0.154279,0.968545,3,"open_meteo_best_match,ecmwf,gfs",13.3,13.0,13.8,0.4359,1.2,11.0,2026-09-10T21:30:00.000Z,EXECUTABLE_ASK,PAPER_BUY,strong_thresholds_pass; paper_buy_gate_pass
2026-09-10T22:01:10.355640+00:00,London,EGLC,2026-09-11,highest_temperature,C,4399952,london|2026_09_11|highest_temperature|c|eglc,exact,21.0,21.0,21.0,21°C,0.201829,0.20419,0.988435,PASS,0.045,0.05,ask,0.05,market,0.002375,0.15419,0.151815,0.947625,3,"open_meteo_best_match,ecmwf,gfs",22.1,21.3,23.6,1.3,1.495,17.0,2026-09-10T22:00:00.000Z,EXECUTABLE_ASK,PAPER_BUY,strong_thresholds_pass; paper_buy_gate_pass
2026-09-10T22:01:10.368387+00:00,Sao Paulo,SBGR,2026-09-11,highest_temperature,C,4405101,sao_paulo|2026_09_11|highest_temperature|c|sbgr,exact,30.0,30.0,30.0,30°C,0.297672,0.297804,0.999555,PASS,0.135,0.14,ask,0.05,market,0.00602,0.157804,0.151784,0.85398,3,"open_meteo_best_match,ecmwf,gfs",29.5,29.0,30.5,0.866,1.2,17.0,2026-09-10T22:00:00.000Z,EXECUTABLE_ASK,PAPER_BUY,strong_thresholds_pass; paper_buy_gate_pass
2026-09-10T22:01:10.356070+00:00,Seoul (Incheon),RKSI,2026-09-11,highest_temperature,C,4399972,seoul_incheon|2026_09_11|highest_temperature|c|rksi,exact,23.0,23.0,23.0,23°C,0.242856,0.24337,0.997887,PASS,0.085,0.09,ask,0.05,market,0.004095,0.15337,0.149275,0.905905,3,"open_meteo_best_match,gfs,ecmwf",23.9333,23.6,24.5,0.4933,1.2,16.0,2026-09-10T21:30:00.000Z,EXECUTABLE_ASK,PAPER_BUY,strong_thresholds_pass; paper_buy_gate_pass
2026-09-10T22:01:10.381710+00:00,Qingdao,ZSQD,2026-09-12,highest_temperature,C,4431527,qingdao|2026_09_12|highest_temperature|c|zsqd,exact,28.0,28.0,28.0,28°C,0.313691,0.324523,0.966623,PASS,0.16,0.17,ask,0.05,market,0.007055,0.154523,0.147468,0.822945,3,"open_meteo_best_match,ecmwf,gfs",28.3,27.6,28.9,0.6557,1.2,14.0,2026-09-10T21:00:00.000Z,EXECUTABLE_ASK,PAPER_BUY,strong_thresholds_pass; paper_buy_gate_pass
2026-09-10T22:01:10.358954+00:00,Wuhan,ZHHH,2026-09-11,highest_temperature,C,4400155,wuhan|2026_09_11|highest_temperature|c|zhhh,exact,26.0,26.0,26.0,26°C,0.169955,0.171296,0.992168,PASS,0.0165,0.023,ask,0.05,market,0.00112355,0.148296,0.147173,0.975876,3,"open_meteo_best_match,ecmwf,gfs",27.4,27.2,27.6,0.2,1.2,18.0,2026-09-10T21:00:00.000Z,EXECUTABLE_ASK,PAPER_BUY,strong_thresholds_pass; paper_buy_gate_pass
2026-09-10T22:01:10.357369+00:00,Shanghai,ZSPD,2026-09-11,highest_temperature,C,4400058,shanghai|2026_09_11|highest_temperature|c|zspd,exact,26.0,26.0,26.0,26°C,0.142347,0.157106,0.906056,PASS,0.007,0.011,ask,0.05,market,0.00054395,0.146106,0.145562,0.988456,3,"open_meteo_best_match,ecmwf,gfs",27.7,26.2,29.1,1.4526,1.6705,24.0,2026-09-10T21:30:00.000Z,EXECUTABLE_ASK,PAPER_BUY,strong_thresholds_pass; paper_buy_gate_pass
2026-09-10T22:01:10.378389+00:00,Milan,LIMC,2026-09-12,highest_temperature,C,4431325,milan|2026_09_12|highest_temperature|c|limc,exact,23.0,23.0,23.0,23°C,0.175172,0.175966,0.995487,PASS,0.02,0.03,ask,0.05,market,0.001455,0.145966,0.144511,0.968545,3,"open_meteo_best_match,ecmwf,gfs",24.3667,24.1,24.8,0.3786,1.2,19.0,2026-09-10T22:00:00.000Z,EXECUTABLE_ASK,PAPER_BUY,strong_thresholds_pass; paper_buy_gate_pass
2026-09-10T22:01:10.356750+00:00,Lucknow,VILK,2026-09-11,highest_temperature,C,4400007,lucknow|2026_09_11|highest_temperature|c|vilk,exact,31.0,31.0,31.0,31°C,0.227697,0.228138,0.998065,PASS,0.07,0.08,ask,0.05,market,0.00368,0.148138,0.144458,0.91632,3,"open_meteo_best_match,ecmwf,gfs",32.0333,31.7,32.2,0.2887,1.2,27.0,2026-09-10T21:30:00.000Z,EXECUTABLE_ASK,PAPER_BUY,strong_thresholds_pass; paper_buy_gate_pass
2026-09-10T22:01:10.368911+00:00,Toronto,CYYZ,2026-09-11,highest_temperature,C,4405125,toronto|2026_09_11|highest_temperature|c|cyyz,exact,25.0,25.0,25.0,25°C,0.196256,0.19644,0.999062,PASS,0.045,0.05,ask,0.05,market,0.002375,0.14644,0.144065,0.947625,3,"open_meteo_best_match,ecmwf,gfs",23.7667,23.3,24.0,0.4041,1.2,23.0,2026-09-10T21:00:00.000Z,EXECUTABLE_ASK,PAPER_BUY,strong_thresholds_pass; paper_buy_gate_pass
2026-09-10T22:01:10.360151+00:00,Helsinki,EFHK,2026-09-11,highest_temperature,C,4400238,helsinki|2026_09_11|highest_temperature|c|efhk,exact,18.0,18.0,18.0,18°C,0.242856,0.248139,0.978709,PASS,0.09,0.1,ask,0.05,market,0.0045,0.148139,0.143639,0.8955,3,"open_meteo_best_match,ecmwf,gfs",17.0667,16.8,17.4,0.3055,1.2,12.0,2026-09-10T22:00:00.000Z,EXECUTABLE_ASK,PAPER_BUY,strong_thresholds_pass; paper_buy_gate_pass
2026-09-10T22:01:10.368626+00:00,Buenos Aires,SAEZ,2026-09-11,highest_temperature,C,4405111,buenos_aires|2026_09_11|highest_temperature|c|saez,exact,18.0,18.0,18.0,18°C,0.257331,0.257383,0.999797,PASS,0.1,0.11,ask,0.05,market,0.004895,0.147383,0.142488,0.885105,3,"open_meteo_best_match,ecmwf,gfs",18.8333,17.7,19.5,0.9866,1.2,19.0,2026-09-10T21:00:00.000Z,EXECUTABLE_ASK,PAPER_BUY,strong_thresholds_pass; paper_buy_gate_pass
2026-09-10T22:01:10.369329+00:00,Panama City,MPMG,2026-09-11,highest_temperature,C,4405145,panama_city|2026_09_11|highest_temperature|c|mpmg,exact,29.0,29.0,29.0,29°C,0.168711,0.170794,0.987803,PASS,0.025,0.03,ask,0.05,market,0.001455,0.140794,0.139339,0.968545,3,"gfs,open_meteo_best_match,ecmwf",30.4333,29.7,31.8,1.1846,1.3623,29.0,2026-09-10T21:00:00.000Z,EXECUTABLE_ASK,PAPER_BUY,strong_thresholds_pass; paper_buy_gate_pass
2026-09-10T22:01:10.378852+00:00,Warsaw,EPWA,2026-09-12,highest_temperature,C,4431348,warsaw|2026_09_12|highest_temperature|c|epwa,exact,21.0,21.0,21.0,21°C,0.212088,0.212129,0.999807,PASS,0.055,0.07,ask,0.05,market,0.003255,0.142129,0.138874,0.926745,3,"open_meteo_best_match,ecmwf,gfs",19.8667,18.7,20.7,1.0408,1.2,11.0,2026-09-10T21:30:00.000Z,EXECUTABLE_ASK,PAPER_BUY,strong_thresholds_pass; paper_buy_gate_pass
2026-09-10T22:01:10.378577+00:00,Madrid,LEMD,2026-09-12,highest_temperature,C,4431334,madrid|2026_09_12|highest_temperature|c|lemd,exact,30.0,30.0,30.0,30°C,0.180418,0.180546,0.999291,PASS,0.025,0.04,ask,0.05,market,0.00192,0.140546,0.138626,0.95808,3,"ecmwf,gfs,open_meteo_best_match",31.3333,31.3,31.4,0.0577,1.2,20.0,2026-09-10T21:30:00.000Z,EXECUTABLE_ASK,PAPER_BUY,strong_thresholds_pass; paper_buy_gate_pass
2026-09-10T22:01:10.351181+00:00,Shanghai,ZSPD,2026-09-11,lowest_temperature,C,4399230,shanghai|2026_09_11|lowest_temperature|c|zspd,exact,21.0,21.0,21.0,21°C,0.185913,0.187925,0.989294,PASS,0.03,0.05,ask,0.05,market,0.002375,0.137925,0.13555,0.947625,3,"open_meteo_best_match,ecmwf,gfs",22.3,21.1,23.1,1.0583,1.217,24.0,2026-09-10T21:30:00.000Z,EXECUTABLE_ASK,PAPER_BUY,strong_thresholds_pass; paper_buy_gate_pass
2026-09-10T22:01:10.374636+00:00,Jeddah,OEJN,2026-09-12,lowest_temperature,C,4430671,jeddah|2026_09_12|lowest_temperature|c|oejn,exact,29.0,29.0,29.0,29°C,0.322608,0.322666,0.999819,PASS,0.11,0.18,ask,0.05,market,0.00738,0.142666,0.135286,0.81262,3,"open_meteo_best_match,ecmwf,gfs",28.9333,28.3,29.5,0.6028,1.2,32.0,2026-09-10T22:00:00.000Z,EXECUTABLE_ASK,PAPER_BUY,strong_thresholds_pass; paper_buy_gate_pass
2026-09-10T22:01:10.361652+00:00,Manila,RPLL,2026-09-11,highest_temperature,C,4400312,manila|2026_09_11|highest_temperature|c|rpll,exact,29.0,29.0,29.0,29°C,0.300831,0.300953,0.999594,PASS,0.145,0.16,ask,0.05,market,0.00672,0.140953,0.134233,0.83328,3,"open_meteo_best_match,gfs,ecmwf",28.5333,28.2,29.0,0.4163,1.2,25.0,2026-09-10T21:00:00.000Z,EXECUTABLE_ASK,PAPER_BUY,strong_thresholds_pass; paper_buy_gate_pass
2026-09-10T22:01:10.359884+00:00,Amsterdam,EHAM,2026-09-11,highest_temperature,C,4400224,amsterdam|2026_09_11|highest_temperature|c|eham,exact,19.0,19.0,19.0,19°C,0.247769,0.248105,0.998647,PASS,0.105,0.11,ask,0.05,market,0.004895,0.138105,0.13321,0.885105,3,"ecmwf,gfs,open_meteo_best_match",19.9,19.2,20.8,0.8185,1.2,16.0,2026-09-10T22:00:00.000Z,EXECUTABLE_ASK,PAPER_BUY,strong_thresholds_pass; paper_buy_gate_pass
2026-09-10T22:01:10.351427+00:00,Singapore,WSSS,2026-09-11,lowest_temperature,C,4399243,singapore|2026_09_11|lowest_temperature|c|wsss,exact,25.0,25.0,25.0,25°C,0.149994,0.150073,0.999472,PASS,0.015,0.02,ask,0.05,market,0.00098,0.130073,0.129093,0.97902,3,"gfs,open_meteo_best_match,ecmwf",26.5333,25.5,27.6,1.0504,1.208,28.0,2026-09-10T21:30:00.000Z,EXECUTABLE_ASK,PAPER_BUY,strong_thresholds_pass; paper_buy_gate_pass
2026-09-10T22:01:10.361623+00:00,Manila,RPLL,2026-09-11,highest_temperature,C,4400310,manila|2026_09_11|highest_temperature|c|rpll,exact,27.0,27.0,27.0,27°C,0.149498,0.149559,0.999594,PASS,0.015,0.02,ask,0.05,market,0.00098,0.129559,0.128579,0.97902,3,"open_meteo_best_match,gfs,ecmwf",28.5333,28.2,29.0,0.4163,1.2,25.0,2026-09-10T21:00:00.000Z,EXECUTABLE_ASK,PAPER_BUY,strong_thresholds_pass; paper_buy_gate_pass
2026-09-10T22:01:10.377291+00:00,Lucknow,VILK,2026-09-12,highest_temperature,C,4431241,lucknow|2026_09_12|highest_temperature|c|vilk,exact,32.0,32.0,32.0,32°C,0.322608,0.323086,0.998519,PASS,0.175,0.19,ask,0.05,market,0.007695,0.133086,0.125391,0.802305,3,"open_meteo_best_match,ecmwf,gfs",31.9333,31.4,32.8,0.7572,1.2,27.0,2026-09-10T21:30:00.000Z,EXECUTABLE_ASK,PAPER_BUY,strong_thresholds_pass; paper_buy_gate_pass
2026-09-10T22:01:10.361419+00:00,Karachi,OPKC,2026-09-11,highest_temperature,C,4400300,karachi|2026_09_11|highest_temperature|c|opkc,exact,31.0,31.0,31.0,31°C,0.138445,0.144932,0.95524,PASS,0.012,0.022,ask,0.05,market,0.0010758,0.122932,0.121856,0.976924,3,"open_meteo_best_match,ecmwf,gfs",32.6333,30.5,34.0,1.8717,2.1525,27.0,2026-09-10T21:30:00.000Z,EXECUTABLE_ASK,PAPER_BUY,strong_thresholds_pass; paper_buy_gate_pass
2026-09-10T22:01:10.377887+00:00,Shanghai,ZSPD,2026-09-12,highest_temperature,C,4431291,shanghai|2026_09_12|highest_temperature|c|zspd,exact,26.0,26.0,26.0,26°C,0.126738,0.13138,0.96467,PASS,0.0065,0.01,ask,0.05,market,0.000495,0.12138,0.120885,0.989505,3,"open_meteo_best_match,ecmwf,gfs",27.7,26.5,28.5,1.0583,1.217,24.0,2026-09-10T21:30:00.000Z,EXECUTABLE_ASK,PAPER_BUY,strong_thresholds_pass; paper_buy_gate_pass
2026-09-10T22:01:10.372464+00:00,Warsaw,EPWA,2026-09-12,lowest_temperature,C,4430508,warsaw|2026_09_12|lowest_temperature|c|epwa,exact,12.0,12.0,12.0,12°C,0.287135,0.287303,0.999412,PASS,0.08,0.16,ask,0.05,market,0.00672,0.127303,0.120583,0.83328,3,"open_meteo_best_match,ecmwf,gfs",11.4,11.1,11.6,0.2646,1.2,11.0,2026-09-10T21:30:00.000Z,EXECUTABLE_ASK,PAPER_BUY,strong_thresholds_pass; paper_buy_gate_pass
2026-09-10T22:01:10.377436+00:00,Munich,EDDM,2026-09-12,highest_temperature,C,4431247,munich|2026_09_12|highest_temperature|c|eddm,exact,20.0,20.0,20.0,20°C,0.1396,0.145425,0.959941,PASS,0.0135,0.025,ask,0.05,market,0.00121875,0.120425,0.119206,0.973781,3,"open_meteo_best_match,ecmwf,gfs",21.6,21.3,21.8,0.2646,1.2,12.0,2026-09-10T22:00:00.000Z,EXECUTABLE_ASK,PAPER_BUY,strong_thresholds_pass; paper_buy_gate_pass
2026-09-10T22:01:10.376603+00:00,Seoul (Incheon),RKSI,2026-09-12,highest_temperature,C,4431207,seoul_incheon|2026_09_12|highest_temperature|c|rksi,exact,24.0,24.0,24.0,24°C,0.294331,0.294475,0.999512,PASS,0.16,0.17,ask,0.05,market,0.007055,0.124475,0.11742,0.822945,3,"open_meteo_best_match,gfs,ecmwf",24.5333,23.9,25.4,0.7767,1.2,16.0,2026-09-10T21:30:00.000Z,EXECUTABLE_ASK,PAPER_BUY,strong_thresholds_pass; paper_buy_gate_pass
2026-09-10T22:01:10.359666+00:00,Busan,RKPK,2026-09-11,highest_temperature,C,4400214,busan|2026_09_11|highest_temperature|c|rkpk,exact,27.0,27.0,27.0,27°C,0.160886,0.178622,0.900706,PASS,0.055,0.06,ask,0.05,market,0.00282,0.118622,0.115802,0.93718,3,"open_meteo_best_match,gfs,ecmwf",28.5,27.1,29.8,1.3528,1.5557,19.0,2026-09-10T21:00:00.000Z,EXECUTABLE_ASK,PAPER_BUY,strong_thresholds_pass; paper_buy_gate_pass
2026-09-10T22:01:10.368401+00:00,Sao Paulo,SBGR,2026-09-11,highest_temperature,C,4405102,sao_paulo|2026_09_11|highest_temperature|c|sbgr,exact,31.0,31.0,31.0,31°C,0.154538,0.154607,0.999555,PASS,0.035,0.04,ask,0.05,market,0.00192,0.114607,0.112687,0.95808,3,"open_meteo_best_match,ecmwf,gfs",29.5,29.0,30.5,0.866,1.2,17.0,2026-09-10T22:00:00.000Z,EXECUTABLE_ASK,PAPER_BUY,strong_thresholds_pass; paper_buy_gate_pass
2026-09-10T22:01:10.360310+00:00,Kuala Lumpur,WMKK,2026-09-11,highest_temperature,C,4400245,kuala_lumpur|2026_09_11|highest_temperature|c|wmkk,exact,28.0,28.0,28.0,28°C,0.129976,0.130068,0.999291,PASS,0.0115,0.02,ask,0.05,market,0.00098,0.110068,0.109088,0.97902,3,"ecmwf,gfs,open_meteo_best_match",29.6667,28.9,30.6,0.8622,1.2,25.0,2026-09-10T21:30:00.000Z,EXECUTABLE_ASK,PAPER_BUY,strong_thresholds_pass; paper_buy_gate_pass
2026-09-10T22:01:10.376589+00:00,Seoul (Incheon),RKSI,2026-09-12,highest_temperature,C,4431206,seoul_incheon|2026_09_12|highest_temperature|c|rksi,exact,23.0,23.0,23.0,23°C,0.149498,0.149571,0.999512,PASS,0.035,0.04,ask,0.05,market,0.00192,0.109571,0.107651,0.95808,3,"open_meteo_best_match,gfs,ecmwf",24.5333,23.9,25.4,0.7767,1.2,16.0,2026-09-10T21:30:00.000Z,EXECUTABLE_ASK,PAPER_BUY,strong_thresholds_pass; paper_buy_gate_pass
2026-09-10T22:01:10.378109+00:00,Singapore,WSSS,2026-09-12,highest_temperature,C,4431302,singapore|2026_09_12|highest_temperature|c|wsss,exact,29.0,29.0,29.0,29°C,0.129976,0.134759,0.964506,PASS,0.02,0.03,ask,0.05,market,0.001455,0.104759,0.103304,0.968545,3,"gfs,open_meteo_best_match,ecmwf",30.6667,30.1,31.0,0.4933,1.2,28.0,2026-09-10T21:30:00.000Z,EXECUTABLE_ASK,PAPER_BUY,strong_thresholds_pass; paper_buy_gate_pass
2026-09-10T22:01:10.356302+00:00,Ankara,LTAC,2026-09-11,highest_temperature,C,4399984,ankara|2026_09_11|highest_temperature|c|ltac,exact,28.0,28.0,28.0,28°C,0.11169,0.111805,0.998972,PASS,0.005,0.009,ask,0.05,market,0.00044595,0.102805,0.102359,0.990554,3,"open_meteo_best_match,ecmwf,gfs",29.8,29.3,30.4,0.5568,1.2,17.0,2026-09-10T22:00:00.000Z,EXECUTABLE_ASK,PAPER_BUY,strong_thresholds_pass; paper_buy_gate_pass
2026-09-10T22:01:10.353395+00:00,Busan,RKPK,2026-09-11,lowest_temperature,C,4399373,busan|2026_09_11|lowest_temperature|c|rkpk,exact,17.0,17.0,17.0,17°C,0.11169,0.112024,0.997019,PASS,0.0055,0.01,ask,0.05,market,0.000495,0.102024,0.101529,0.989505,3,"open_meteo_best_match,gfs,ecmwf",18.8,18.2,19.3,0.5568,1.2,19.0,2026-09-10T21:00:00.000Z,EXECUTABLE_ASK,PAPER_BUY,strong_thresholds_pass; paper_buy_gate_pass
2026-09-10T22:01:10.380365+00:00,Amsterdam,EHAM,2026-09-12,highest_temperature,C,4431459,amsterdam|2026_09_12|highest_temperature|c|eham,exact,20.0,20.0,20.0,20°C,0.160707,0.163131,0.985137,PASS,0.045,0.06,ask,0.05,market,0.00282,0.103131,0.100311,0.93718,3,"ecmwf,gfs,open_meteo_best_match",21.5,20.3,22.7,1.2,1.38,16.0,2026-09-10T22:00:00.000Z,EXECUTABLE_ASK,PAPER_BUY,strong_thresholds_pass; paper_buy_gate_pass
2026-09-10T22:01:10.355906+00:00,Paris,LFPB,2026-09-11,highest_temperature,C,4399965,paris|2026_09_11|highest_temperature|c|lfpb,exact,26.0,26.0,26.0,26°C,0.151215,0.152161,0.99378,PASS,0.04,0.05,ask,0.05,market,0.002375,0.102161,0.099786,0.947625,3,"open_meteo_best_match,ecmwf,gfs",24.4,23.5,26.0,1.3892,1.5976,14.0,2026-09-10T21:30:00.000Z,EXECUTABLE_ASK,PAPER_BUY,strong_thresholds_pass; paper_buy_gate_pass
2026-09-10T22:01:10.381740+00:00,Qingdao,ZSQD,2026-09-12,highest_temperature,C,4431529,qingdao|2026_09_12|highest_temperature|c|zsqd,exact,30.0,30.0,30.0,30°C,0.125279,0.129604,0.966623,PASS,0.02,0.03,ask,0.05,market,0.001455,0.099604,0.098149,0.968545,3,"open_meteo_best_match,ecmwf,gfs",28.3,27.6,28.9,0.6557,1.2,14.0,2026-09-10T21:00:00.000Z,EXECUTABLE_ASK,PAPER_BUY,strong_thresholds_pass; paper_buy_gate_pass
2026-09-10T22:01:10.388769+00:00,Sao Paulo,SBGR,2026-09-12,highest_temperature,C,4437492,sao_paulo|2026_09_12|highest_temperature|c|sbgr,exact,25.0,25.0,25.0,25°C,0.195983,0.197543,0.992101,PASS,0.08,0.1,ask,0.05,market,0.0045,0.097543,0.093043,0.8955,3,"open_meteo_best_match,ecmwf,gfs",24.0,22.3,24.9,1.4731,1.6941,17.0,2026-09-10T22:00:00.000Z,EXECUTABLE_ASK,PAPER_BUY,strong_thresholds_pass; paper_buy_gate_pass
2026-09-10T22:01:10.379459+00:00,Wuhan,ZHHH,2026-09-12,highest_temperature,C,4431389,wuhan|2026_09_12|highest_temperature|c|zhhh,exact,28.0,28.0,28.0,28°C,0.134751,0.134793,0.999689,PASS,0.03,0.04,ask,0.05,market,0.00192,0.094793,0.092873,0.95808,3,"open_meteo_best_match,ecmwf,gfs",29.6333,29.5,29.8,0.1528,1.2,18.0,2026-09-10T21:00:00.000Z,EXECUTABLE_ASK,PAPER_BUY,strong_thresholds_pass; paper_buy_gate_pass
2026-09-10T22:01:10.357385+00:00,Shanghai,ZSPD,2026-09-11,highest_temperature,C,4400059,shanghai|2026_09_11|highest_temperature|c|zspd,exact,27.0,27.0,27.0,27°C,0.216082,0.238487,0.906056,PASS,0.135,0.14,ask,0.05,market,0.00602,0.098487,0.092467,0.85398,3,"open_meteo_best_match,ecmwf,gfs",27.7,26.2,29.1,1.4526,1.6705,24.0,2026-09-10T21:30:00.000Z,EXECUTABLE_ASK,PAPER_BUY,strong_thresholds_pass; paper_buy_gate_pass
2026-09-10T22:01:10.348060+00:00,Panama City,MPMG,2026-09-10,lowest_temperature,C,4363409,panama_city|2026_09_10|lowest_temperature|c|mpmg,exact,23.0,23.0,23.0,23°C,0.154538,0.154607,0.999555,PASS,0.03,0.06,ask,0.05,market,0.00282,0.094607,0.091787,0.93718,3,"gfs,open_meteo_best_match,ecmwf",24.5,24.1,25.3,0.6928,1.2,29.0,2026-09-10T21:00:00.000Z,EXECUTABLE_ASK,PAPER_BUY,strong_thresholds_pass; paper_buy_gate_pass
2026-09-10T22:01:10.376358+00:00,Paris,LFPB,2026-09-12,highest_temperature,C,4431194,paris|2026_09_12|highest_temperature|c|lfpb,exact,23.0,23.0,23.0,23°C,0.131675,0.132913,0.990691,PASS,0.025,0.04,ask,0.05,market,0.00192,0.092913,0.090993,0.95808,3,"open_meteo_best_match,ecmwf,gfs",24.8333,23.6,26.5,1.4978,1.7224,14.0,2026-09-10T21:30:00.000Z,EXECUTABLE_ASK,PAPER_BUY,strong_thresholds_pass; paper_buy_gate_pass
2026-09-10T22:01:10.356331+00:00,Ankara,LTAC,2026-09-11,highest_temperature,C,4399986,ankara|2026_09_11|highest_temperature|c|ltac,exact,30.0,30.0,30.0,30°C,0.318872,0.3192,0.998972,PASS,0.215,0.22,ask,0.05,market,0.00858,0.0992,0.09062,0.77142,3,"open_meteo_best_match,ecmwf,gfs",29.8,29.3,30.4,0.5568,1.2,17.0,2026-09-10T22:00:00.000Z,EXECUTABLE_ASK,PAPER_BUY,strong_thresholds_pass; paper_buy_gate_pass
2026-09-10T22:01:10.355626+00:00,London,EGLC,2026-09-11,highest_temperature,C,4399951,london|2026_09_11|highest_temperature|c|eglc,exact,20.0,20.0,20.0,20°C,0.101251,0.102436,0.988435,PASS,0.0075,0.012,ask,0.05,market,0.0005928,0.090436,0.089843,0.987407,3,"open_meteo_best_match,ecmwf,gfs",22.1,21.3,23.6,1.3,1.495,17.0,2026-09-10T22:00:00.000Z,EXECUTABLE_ASK,PAPER_BUY,strong_thresholds_pass; paper_buy_gate_pass
2026-09-10T22:01:10.380134+00:00,Busan,RKPK,2026-09-12,highest_temperature,C,4431447,busan|2026_09_12|highest_temperature|c|rkpk,exact,28.0,28.0,28.0,28°C,0.204282,0.204545,0.998719,PASS,0.1,0.11,ask,0.05,market,0.004895,0.094545,0.08965,0.885105,3,"open_meteo_best_match,gfs,ecmwf",29.1333,28.2,30.5,1.2097,1.3911,19.0,2026-09-10T21:00:00.000Z,EXECUTABLE_ASK,PAPER_BUY,strong_thresholds_pass; paper_buy_gate_pass
2026-09-10T22:01:10.368895+00:00,Toronto,CYYZ,2026-09-11,highest_temperature,C,4405124,toronto|2026_09_11|highest_temperature|c|cyyz,exact,24.0,24.0,24.0,24°C,0.317367,0.317664,0.999062,PASS,0.205,0.22,ask,0.05,market,0.00858,0.097664,0.089084,0.77142,3,"open_meteo_best_match,ecmwf,gfs",23.7667,23.3,24.0,0.4041,1.2,23.0,2026-09-10T21:00:00.000Z,EXECUTABLE_ASK,PAPER_BUY,strong_thresholds_pass; paper_buy_gate_pass
2026-09-10T22:01:10.388783+00:00,Sao Paulo,SBGR,2026-09-12,highest_temperature,C,4437493,sao_paulo|2026_09_12|highest_temperature|c|sbgr,exact,26.0,26.0,26.0,26°C,0.117952,0.118891,0.992101,PASS,0.025,0.03,ask,0.05,market,0.001455,0.088891,0.087436,0.968545,3,"open_meteo_best_match,ecmwf,gfs",24.0,22.3,24.9,1.4731,1.6941,17.0,2026-09-10T22:00:00.000Z,EXECUTABLE_ASK,PAPER_BUY,strong_thresholds_pass; paper_buy_gate_pass
2026-09-10T22:01:10.361404+00:00,Karachi,OPKC,2026-09-11,highest_temperature,C,4400299,karachi|2026_09_11|highest_temperature|c|opkc,exact,30.0,30.0,30.0,30°C,0.088077,0.092204,0.95524,PASS,0.003,0.005,ask,0.05,market,0.00024875,0.087204,0.086956,0.994751,3,"open_meteo_best_match,ecmwf,gfs",32.6333,30.5,34.0,1.8717,2.1525,27.0,2026-09-10T21:30:00.000Z,EXECUTABLE_ASK,PAPER_BUY,strong_thresholds_pass; paper_buy_gate_pass
2026-09-10T22:01:10.360165+00:00,Helsinki,EFHK,2026-09-11,highest_temperature,C,4400239,helsinki|2026_09_11|highest_temperature|c|efhk,exact,19.0,19.0,19.0,19°C,0.094861,0.096924,0.978709,PASS,0.008,0.014,ask,0.05,market,0.0006902,0.082924,0.082234,0.98531,3,"open_meteo_best_match,ecmwf,gfs",17.0667,16.8,17.4,0.3055,1.2,12.0,2026-09-10T22:00:00.000Z,EXECUTABLE_ASK,PAPER_BUY,strong_thresholds_pass; paper_buy_gate_pass
2026-09-10T22:01:10.381263+00:00,Cape Town,FACT,2026-09-12,highest_temperature,C,4431504,cape_town|2026_09_12|highest_temperature|c|fact,exact,22.0,22.0,22.0,22°C,0.279299,0.279379,0.999714,PASS,0.185,0.19,ask,0.05,market,0.007695,0.089379,0.081684,0.802305,3,"open_meteo_best_match,ecmwf,gfs",21.3333,20.6,22.0,0.7024,1.2,16.0,2026-09-10T21:00:00.000Z,EXECUTABLE_ASK,PAPER_BUY,strong_thresholds_pass; paper_buy_gate_pass
2026-09-10T22:01:10.356055+00:00,Seoul (Incheon),RKSI,2026-09-11,highest_temperature,C,4399971,seoul_incheon|2026_09_11|highest_temperature|c|rksi,exact,22.0,22.0,22.0,22°C,0.094861,0.095061,0.997887,PASS,0.0105,0.013,ask,0.05,market,0.00064155,0.082061,0.08142,0.986358,3,"open_meteo_best_match,gfs,ecmwf",23.9333,23.6,24.5,0.4933,1.2,16.0,2026-09-10T21:30:00.000Z,EXECUTABLE_ASK,PAPER_BUY,strong_thresholds_pass; paper_buy_gate_pass
2026-09-10T22:01:10.369360+00:00,Panama City,MPMG,2026-09-11,highest_temperature,C,4405147,panama_city|2026_09_11|highest_temperature|c|mpmg,exact,31.0,31.0,31.0,31°C,0.263666,0.266921,0.987803,PASS,0.16,0.18,ask,0.05,market,0.00738,0.086921,0.079541,0.81262,3,"gfs,open_meteo_best_match,ecmwf",30.4333,29.7,31.8,1.1846,1.3623,29.0,2026-09-10T21:00:00.000Z,EXECUTABLE_ASK,PAPER_BUY,strong_thresholds_pass; paper_buy_gate_pass
2026-09-10T22:01:10.357634+00:00,Singapore,WSSS,2026-09-11,highest_temperature,C,4400072,singapore|2026_09_11|highest_temperature|c|wsss,exact,30.0,30.0,30.0,30°C,0.21733,0.224801,0.966766,PASS,0.13,0.14,ask,0.05,market,0.00602,0.084801,0.078781,0.85398,3,"gfs,open_meteo_best_match,ecmwf",29.8333,28.6,31.6,1.5695,1.8049,28.0,2026-09-10T21:30:00.000Z,EXECUTABLE_ASK,PAPER_BUY,strong_thresholds_pass; paper_buy_gate_pass
2026-09-10T22:01:10.358326+00:00,Warsaw,EPWA,2026-09-11,highest_temperature,C,4400114,warsaw|2026_09_11|highest_temperature|c|epwa,exact,19.0,19.0,19.0,19°C,0.159631,0.160553,0.99426,PASS,0.065,0.08,ask,0.05,market,0.00368,0.080553,0.076873,0.91632,3,"open_meteo_best_match,ecmwf,gfs",17.5333,16.4,18.1,0.9815,1.2,11.0,2026-09-10T21:30:00.000Z,EXECUTABLE_ASK,PAPER_BUY,strong_thresholds_pass; paper_buy_gate_pass
2026-09-10T22:01:10.378592+00:00,Madrid,LEMD,2026-09-12,highest_temperature,C,4431335,madrid|2026_09_12|highest_temperature|c|lemd,exact,31.0,31.0,31.0,31°C,0.311529,0.31175,0.999291,PASS,0.225,0.23,ask,0.05,market,0.008855,0.08175,0.072895,0.761145,3,"ecmwf,gfs,open_meteo_best_match",31.3333,31.3,31.4,0.0577,1.2,20.0,2026-09-10T21:30:00.000Z,EXECUTABLE_ASK,PAPER_BUY,strong_thresholds_pass; paper_buy_gate_pass
2026-09-10T22:01:10.388944+00:00,Buenos Aires,SAEZ,2026-09-12,highest_temperature,C,4437499,buenos_aires|2026_09_12|highest_temperature|c|saez,exact,10.0,10.0,10.0,10°C,0.175172,0.176665,0.99155,PASS,0.08,0.1,ask,0.05,market,0.0045,0.076665,0.072165,0.8955,3,"open_meteo_best_match,ecmwf,gfs",11.3667,11.1,11.7,0.3055,1.2,19.0,2026-09-10T21:00:00.000Z,EXECUTABLE_ASK,PAPER_BUY,strong_thresholds_pass; paper_buy_gate_pass
2026-09-10T22:01:10.349248+00:00,Panama City,MPMG,2026-09-10,highest_temperature,C,4363795,panama_city|2026_09_10|highest_temperature|c|mpmg,exact,32.0,32.0,32.0,32°C,0.076081,0.07725,0.98487,PASS,0.003,0.005,ask,0.05,market,0.00024875,0.07225,0.072001,0.994751,3,"gfs,open_meteo_best_match,ecmwf",29.9,29.5,30.3,0.4,1.2,29.0,2026-09-10T21:00:00.000Z,EXECUTABLE_ASK,PAPER_BUY,strong_thresholds_pass; paper_buy_gate_pass
2026-09-10T22:01:10.349394+00:00,London,EGLC,2026-09-11,lowest_temperature,C,4399122,london|2026_09_11|lowest_temperature|c|eglc,exact,14.0,14.0,14.0,14°C,0.103083,0.10321,0.998764,PASS,0.02,0.03,ask,0.05,market,0.001455,0.07321,0.071755,0.968545,3,"open_meteo_best_match,ecmwf,gfs",15.8667,15.1,16.5,0.7095,1.2,17.0,2026-09-10T22:00:00.000Z,EXECUTABLE_ASK,PAPER_BUY,strong_thresholds_pass; paper_buy_gate_pass
2026-09-10T22:01:10.379659+00:00,Chengdu,ZUUU,2026-09-12,highest_temperature,C,4431399,chengdu|2026_09_12|highest_temperature|c|zuuu,exact,22.0,22.0,22.0,22°C,0.144095,0.155179,0.928574,PASS,0.065,0.08,ask,0.05,market,0.00368,0.075179,0.071499,0.91632,3,"open_meteo_best_match,ecmwf,gfs",23.5667,21.5,24.8,1.8009,2.0711,19.0,2026-09-10T21:00:00.000Z,EXECUTABLE_ASK,PAPER_BUY,strong_thresholds_pass; paper_buy_gate_pass
2026-09-10T22:01:10.381437+00:00,Guangzhou,ZGGG,2026-09-12,highest_temperature,C,4431512,guangzhou|2026_09_12|highest_temperature|c|zggg,exact,30.0,30.0,30.0,30°C,0.090899,0.090915,0.999822,PASS,0.015,0.02,ask,0.05,market,0.00098,0.070915,0.069935,0.97902,3,"ecmwf,gfs,open_meteo_best_match",31.9667,31.8,32.2,0.2082,1.2,25.0,2026-09-10T21:30:00.000Z,EXECUTABLE_ASK,PAPER_BUY,strong_thresholds_pass; paper_buy_gate_pass
2026-09-10T22:01:10.380409+00:00,Amsterdam,EHAM,2026-09-12,highest_temperature,C,4431462,amsterdam|2026_09_12|highest_temperature|c|eham,exact,23.0,23.0,23.0,23°C,0.160707,0.163131,0.985137,PASS,0.065,0.09,ask,0.05,market,0.004095,0.073131,0.069036,0.905905,3,"ecmwf,gfs,open_meteo_best_match",21.5,20.3,22.7,1.2,1.38,16.0,2026-09-10T22:00:00.000Z,EXECUTABLE_ASK,PAPER_BUY,strong_thresholds_pass; paper_buy_gate_pass
2026-09-10T22:01:10.359869+00:00,Amsterdam,EHAM,2026-09-11,highest_temperature,C,4400223,amsterdam|2026_09_11|highest_temperature|c|eham,exact,18.0,18.0,18.0,18°C,0.098922,0.099056,0.998647,PASS,0.02,0.03,ask,0.05,market,0.001455,0.069056,0.067601,0.968545,3,"ecmwf,gfs,open_meteo_best_match",19.9,19.2,20.8,0.8185,1.2,16.0,2026-09-10T22:00:00.000Z,EXECUTABLE_ASK,PAPER_BUY,strong_thresholds_pass; paper_buy_gate_pass
2026-09-10T22:01:10.379245+00:00,Beijing,ZBAA,2026-09-12,highest_temperature,C,4431378,beijing|2026_09_12|highest_temperature|c|zbaa,exact,27.0,27.0,27.0,27°C,0.149498,0.149559,0.999594,PASS,0.07,0.08,ask,0.05,market,0.00368,0.069559,0.065879,0.91632,3,"open_meteo_best_match,ecmwf,gfs",28.5333,28.4,28.8,0.2309,1.2,13.0,2026-09-10T21:30:00.000Z,EXECUTABLE_ASK,PAPER_BUY,strong_thresholds_pass; paper_buy_gate_pass
2026-09-10T22:01:10.360106+00:00,Helsinki,EFHK,2026-09-11,highest_temperature,C,4400235,helsinki|2026_09_11|highest_temperature|c|efhk,exact,15.0,15.0,15.0,15°C,0.07963,0.081362,0.978709,PASS,0.0085,0.015,ask,0.05,market,0.00073875,0.066362,0.065623,0.984261,3,"open_meteo_best_match,ecmwf,gfs",17.0667,16.8,17.4,0.3055,1.2,12.0,2026-09-10T22:00:00.000Z,EXECUTABLE_ASK,PAPER_BUY,strong_thresholds_pass; paper_buy_gate_pass
2026-09-10T22:01:10.358776+00:00,Beijing,ZBAA,2026-09-11,highest_temperature,C,4400148,beijing|2026_09_11|highest_temperature|c|zbaa,exact,31.0,31.0,31.0,31°C,0.323078,0.323651,0.998229,PASS,0.245,0.25,ask,0.05,market,0.009375,0.073651,0.064276,0.740625,3,"open_meteo_best_match,ecmwf,gfs",31.0,30.8,31.3,0.2646,1.2,13.0,2026-09-10T21:30:00.000Z,EXECUTABLE_ASK,PAPER_BUY,strong_thresholds_pass; paper_buy_gate_pass
2026-09-10T22:01:10.360732+00:00,Cape Town,FACT,2026-09-11,highest_temperature,C,4400266,cape_town|2026_09_11|highest_temperature|c|fact,exact,20.0,20.0,20.0,20°C,0.143109,0.147644,0.969283,PASS,0.065,0.08,ask,0.05,market,0.00368,0.067644,0.063964,0.91632,3,"open_meteo_best_match,ecmwf,gfs",21.6,19.6,23.0,1.7776,2.0443,16.0,2026-09-10T21:00:00.000Z,EXECUTABLE_ASK,PAPER_BUY,strong_thresholds_pass; paper_buy_gate_pass
2026-09-10T22:01:10.369841+00:00,London,EGLC,2026-09-12,lowest_temperature,C,4430348,london|2026_09_12|lowest_temperature|c|eglc,exact,16.0,16.0,16.0,16°C,0.104849,0.105506,0.993778,PASS,0.02,0.04,ask,0.05,market,0.00192,0.065506,0.063586,0.95808,3,"open_meteo_best_match,ecmwf,gfs",14.0,12.6,14.8,1.2166,1.399,17.0,2026-09-10T22:00:00.000Z,EXECUTABLE_ASK,PAPER_BUY,strong_thresholds_pass; paper_buy_gate_pass
2026-09-10T22:01:10.360339+00:00,Kuala Lumpur,WMKK,2026-09-11,highest_temperature,C,4400247,kuala_lumpur|2026_09_11|highest_temperature|c|wmkk,exact,30.0,30.0,30.0,30°C,0.311529,0.31175,0.999291,PASS,0.235,0.24,ask,0.05,market,0.00912,0.07175,0.06263,0.75088,3,"ecmwf,gfs,open_meteo_best_match",29.6667,28.9,30.6,0.8622,1.2,25.0,2026-09-10T21:30:00.000Z,EXECUTABLE_ASK,PAPER_BUY,strong_thresholds_pass; paper_buy_gate_pass
2026-09-10T22:01:10.375894+00:00,Zhengzhou,ZHCC,2026-09-11,highest_temperature,C,4431170,zhengzhou|2026_09_11|highest_temperature|c|zhcc,exact,23.0,23.0,23.0,23°C,0.098922,0.101225,0.97725,PASS,0.03,0.04,ask,0.05,market,0.00192,0.061225,0.059305,0.95808,3,"open_meteo_best_match,ecmwf,gfs",24.9,24.4,25.8,0.781,1.2,18.0,2026-09-10T21:00:00.000Z,EXECUTABLE_ASK,PAPER_BUY,strong_thresholds_pass; paper_buy_gate_pass
2026-09-10T22:01:10.361434+00:00,Karachi,OPKC,2026-09-11,highest_temperature,C,4400301,karachi|2026_09_11|highest_temperature|c|opkc,exact,32.0,32.0,32.0,32°C,0.176042,0.184291,0.95524,PASS,0.1,0.12,ask,0.05,market,0.00528,0.064291,0.059011,0.87472,3,"open_meteo_best_match,ecmwf,gfs",32.6333,30.5,34.0,1.8717,2.1525,27.0,2026-09-10T21:30:00.000Z,EXECUTABLE_ASK,PAPER_BUY,strong_thresholds_pass; paper_buy_gate_pass
2026-09-10T22:01:10.379917+00:00,Shenzhen,ZGSZ,2026-09-12,highest_temperature,C,4431412,shenzhen|2026_09_12|highest_temperature|c|zgsz,exact,31.0,31.0,31.0,31°C,0.266485,0.266546,0.999771,PASS,0.195,0.2,ask,0.05,market,0.008,0.066546,0.058546,0.792,3,"open_meteo_best_match,ecmwf,gfs",31.7667,31.0,32.6,0.8021,1.2,26.0,2026-09-10T21:00:00.000Z,EXECUTABLE_ASK,PAPER_BUY,strong_thresholds_pass; paper_buy_gate_pass
2026-09-10T22:01:10.388754+00:00,Sao Paulo,SBGR,2026-09-12,highest_temperature,C,4437491,sao_paulo|2026_09_12|highest_temperature|c|sbgr,exact,24.0,24.0,24.0,24°C,0.23212,0.233969,0.992101,PASS,0.14,0.17,ask,0.05,market,0.007055,0.063969,0.056914,0.822945,3,"open_meteo_best_match,ecmwf,gfs",24.0,22.3,24.9,1.4731,1.6941,17.0,2026-09-10T22:00:00.000Z,EXECUTABLE_ASK,PAPER_BUY,strong_thresholds_pass; paper_buy_gate_pass
2026-09-10T22:01:10.381278+00:00,Cape Town,FACT,2026-09-12,highest_temperature,C,4431505,cape_town|2026_09_12|highest_temperature|c|fact,exact,23.0,23.0,23.0,23°C,0.129976,0.130013,0.999714,PASS,0.055,0.07,ask,0.05,market,0.003255,0.060013,0.056758,0.926745,3,"open_meteo_best_match,ecmwf,gfs",21.3333,20.6,22.0,0.7024,1.2,16.0,2026-09-10T21:00:00.000Z,EXECUTABLE_ASK,PAPER_BUY,strong_thresholds_pass; paper_buy_gate_pass
2026-09-11T15:10:37.596434+00:00,Wellington,NZWN,2026-09-12,lowest_temperature,C,4430390,wellington|2026_09_12|lowest_temperature|c|nzwn,exact,10.0,10.0,10.0,10°C,0.434118,0.434136,0.999959,PASS,0.07,0.12,ask,0.05,market,0.00528,0.314136,0.308856,0.87472,3,"open_meteo_best_match,ecmwf,gfs",10.0917,9.825,10.425,0.3055,0.866,station_lead_other_model,264,0.825,0.866,OK,10.0,2026-09-11T15:00:00.000Z,EXECUTABLE_ASK,PAPER_BUY,strong_thresholds_pass; paper_buy_gate_pass
2026-09-11T15:10:37.615289+00:00,Amsterdam,EHAM,2026-09-12,highest_temperature,C,4431462,amsterdam|2026_09_12|highest_temperature|c|eham,exact,23.0,23.0,23.0,23°C,0.210579,0.219965,0.957334,PASS,0.03,0.04,ask,0.05,market,0.00192,0.179965,0.178045,0.95808,3,"ecmwf,gfs,open_meteo_best_match",21.9727,20.9393,22.5393,0.8963,1.4689,station_lead_other_model,267,0.6393,1.4689,OK,20.0,2026-09-11T15:00:00.000Z,EXECUTABLE_ASK,PAPER_BUY,strong_thresholds_pass; paper_buy_gate_pass
2026-09-11T15:10:37.609572+00:00,Munich,EDDM,2026-09-12,highest_temperature,C,4431251,munich|2026_09_12|highest_temperature|c|eddm,exact,24.0,24.0,24.0,24°C,0.258554,0.259302,0.997112,PASS,0.065,0.08,ask,0.05,market,0.00368,0.179302,0.175622,0.91632,3,"open_meteo_best_match,ecmwf,gfs",23.6079,23.0079,24.0079,0.5292,1.462,station_lead_other_model,267,1.8079,1.462,OK,19.0,2026-09-11T15:00:00.000Z,EXECUTABLE_ASK,PAPER_BUY,strong_thresholds_pass; paper_buy_gate_pass
2026-09-11T15:10:37.609589+00:00,Munich,EDDM,2026-09-12,highest_temperature,C,4431252,munich|2026_09_12|highest_temperature|c|eddm,exact,25.0,25.0,25.0,25°C,0.173064,0.173565,0.997112,PASS,0.0035,0.004,ask,0.05,market,0.0001992,0.169565,0.169366,0.995801,3,"open_meteo_best_match,ecmwf,gfs",23.6079,23.0079,24.0079,0.5292,1.462,station_lead_other_model,267,1.8079,1.462,OK,19.0,2026-09-11T15:00:00.000Z,EXECUTABLE_ASK,PAPER_BUY,strong_thresholds_pass; paper_buy_gate_pass
2026-09-11T15:10:37.646990+00:00,Wellington,NZWN,2026-09-13,highest_temperature,C,4461671,wellington|2026_09_13|highest_temperature|c|nzwn,exact,14.0,14.0,14.0,14°C,0.269759,0.269813,0.999799,PASS,0.09,0.11,ask,0.05,market,0.004895,0.159813,0.154918,0.885105,3,"open_meteo_best_match,ecmwf,gfs",14.7549,14.3216,15.5216,0.6658,1.1871,station_lead_other_model,264,0.8216,1.1871,OK,10.0,2026-09-11T15:00:00.000Z,EXECUTABLE_ASK,PAPER_BUY,strong_thresholds_pass; paper_buy_gate_pass
2026-09-11T15:10:37.608375+00:00,Ankara,LTAC,2026-09-12,highest_temperature,C,4431221,ankara|2026_09_12|highest_temperature|c|ltac,exact,33.0,33.0,33.0,33°C,0.173394,0.175156,0.98994,PASS,0.01,0.02,ask,0.05,market,0.00098,0.155156,0.154176,0.97902,3,"open_meteo_best_match,ecmwf,gfs",31.6142,31.3809,31.9809,0.3215,1.2417,station_lead_other_model,267,0.6809,1.2417,OK,30.0,2026-09-11T15:00:00.000Z,EXECUTABLE_ASK,PAPER_BUY,strong_thresholds_pass; paper_buy_gate_pass
2026-09-11T15:10:37.611696+00:00,Madrid,LEMD,2026-09-12,highest_temperature,C,4431335,madrid|2026_09_12|highest_temperature|c|lemd,exact,31.0,31.0,31.0,31°C,0.356236,0.356236,0.999999,PASS,0.185,0.2,ask,0.05,market,0.008,0.156236,0.148236,0.792,3,"ecmwf,gfs,open_meteo_best_match",31.5832,31.4832,31.7832,0.1732,0.866,station_lead_other_model,267,0.1832,0.866,OK,31.0,2026-09-11T15:00:00.000Z,EXECUTABLE_ASK,PAPER_BUY,strong_thresholds_pass; paper_buy_gate_pass
2026-09-11T15:10:37.612189+00:00,Warsaw,EPWA,2026-09-12,highest_temperature,C,4431348,warsaw|2026_09_12|highest_temperature|c|epwa,exact,21.0,21.0,21.0,21°C,0.188248,0.19006,0.990468,PASS,0.03,0.04,ask,0.05,market,0.00192,0.15006,0.14814,0.95808,3,"open_meteo_best_match,ecmwf,gfs",19.9255,18.4921,20.6921,1.2423,1.7343,station_lead_other_model,267,0.2921,1.7343,OK,16.0,2026-09-11T15:00:00.000Z,EXECUTABLE_ASK,PAPER_BUY,strong_thresholds_pass; paper_buy_gate_pass
2026-09-11T15:10:37.608762+00:00,Wellington,NZWN,2026-09-12,highest_temperature,C,4431231,wellington|2026_09_12|highest_temperature|c|nzwn,exact,15.0,15.0,15.0,15°C,0.209556,0.209559,0.999985,PASS,0.05,0.06,ask,0.05,market,0.00282,0.149559,0.146739,0.93718,3,"open_meteo_best_match,ecmwf,gfs",13.8917,13.625,14.125,0.2517,0.866,station_lead_other_model,264,0.825,0.866,OK,10.0,2026-09-11T15:00:00.000Z,EXECUTABLE_ASK,PAPER_BUY,strong_thresholds_pass; paper_buy_gate_pass
2026-09-11T15:10:37.607493+00:00,Paris,LFPB,2026-09-12,highest_temperature,C,4431198,paris|2026_09_12|highest_temperature|c|lfpb,exact,27.0,27.0,27.0,27°C,0.180305,0.188634,0.955847,PASS,0.04,0.05,ask,0.05,market,0.002375,0.138634,0.136259,0.947625,3,"open_meteo_best_match,ecmwf,gfs",26.0891,24.5225,27.8225,1.6563,1.9721,station_lead_other_model,267,1.0225,1.9721,OK,24.0,2026-09-11T15:00:00.000Z,EXECUTABLE_ASK,PAPER_BUY,strong_thresholds_pass; paper_buy_gate_pass
2026-09-11T15:10:37.615696+00:00,Helsinki,EFHK,2026-09-12,highest_temperature,C,4431473,helsinki|2026_09_12|highest_temperature|c|efhk,exact,18.0,18.0,18.0,18°C,0.175774,0.180977,0.971254,PASS,0.045,0.05,ask,0.05,market,0.002375,0.130977,0.128602,0.947625,3,"open_meteo_best_match,ecmwf,gfs",16.6416,15.6416,17.5416,0.9539,1.5045,station_lead_other_model,267,0.9416,1.5045,OK,16.0,2026-09-11T15:00:00.000Z,EXECUTABLE_ASK,PAPER_BUY,strong_thresholds_pass; paper_buy_gate_pass
2026-09-11T15:10:37.598140+00:00,Shanghai,ZSPD,2026-09-12,lowest_temperature,C,4430457,shanghai|2026_09_12|lowest_temperature|c|zspd,exact,25.0,25.0,25.0,25°C,0.217742,0.221888,0.981312,PASS,0.085,0.09,ask,0.05,market,0.004095,0.131888,0.127793,0.905905,3,"open_meteo_best_match,ecmwf,gfs",24.1879,23.0545,24.8545,0.9866,1.5882,station_lead_other_model,264,1.0546,1.5882,OK,25.0,2026-09-11T15:00:00.000Z,EXECUTABLE_ASK,PAPER_BUY,strong_thresholds_pass; paper_buy_gate_pass
2026-09-11T15:10:37.646566+00:00,Ankara,LTAC,2026-09-13,highest_temperature,C,4461660,ankara|2026_09_13|highest_temperature|c|ltac,exact,31.0,31.0,31.0,31°C,0.198998,0.19941,0.997934,PASS,0.055,0.07,ask,0.05,market,0.003255,0.12941,0.126155,0.926745,3,"open_meteo_best_match,ecmwf,gfs",32.1524,31.7191,32.7191,0.5132,1.4529,station_lead_other_model,267,0.4191,1.4529,OK,30.0,2026-09-11T15:00:00.000Z,EXECUTABLE_ASK,PAPER_BUY,strong_thresholds_pass; paper_buy_gate_pass
2026-09-11T15:10:37.649881+00:00,Madrid,LEMD,2026-09-13,highest_temperature,C,4461771,madrid|2026_09_13|highest_temperature|c|lemd,exact,31.0,31.0,31.0,31°C,0.179691,0.179707,0.999912,PASS,0.051,0.052,ask,0.05,market,0.0024648,0.127707,0.125242,0.945535,3,"open_meteo_best_match,ecmwf,gfs",32.2228,31.9562,32.5562,0.3055,0.8736,station_lead_other_model,267,0.0562,0.8736,OK,31.0,2026-09-11T15:00:00.000Z,EXECUTABLE_ASK,PAPER_BUY,strong_thresholds_pass; paper_buy_gate_pass
2026-09-11T15:10:37.597620+00:00,Tokyo,RJTT,2026-09-12,lowest_temperature,C,4430430,tokyo|2026_09_12|lowest_temperature|c|rjtt,exact,18.0,18.0,18.0,18°C,0.15908,0.176417,0.901729,PASS,0.025,0.05,ask,0.05,market,0.002375,0.126417,0.124042,0.947625,3,"ecmwf,open_meteo_best_match,gfs",19.2292,18.6625,19.6625,0.5132,2.0999,station_lead_other_model,264,-0.7375,2.0999,OK,21.0,2026-09-11T15:00:00.000Z,EXECUTABLE_ASK,PAPER_BUY,strong_thresholds_pass; paper_buy_gate_pass
2026-09-11T15:10:37.647823+00:00,Munich,EDDM,2026-09-13,highest_temperature,C,4461694,munich|2026_09_13|highest_temperature|c|eddm,exact,26.0,26.0,26.0,26°C,0.193172,0.196608,0.982526,PASS,0.045,0.07,ask,0.05,market,0.003255,0.126608,0.123353,0.926745,3,"open_meteo_best_match,ecmwf,gfs",24.8719,24.5719,25.3719,0.4359,1.5952,station_lead_other_model,267,1.8719,1.5952,OK,19.0,2026-09-11T15:00:00.000Z,EXECUTABLE_ASK,PAPER_BUY,strong_thresholds_pass; paper_buy_gate_pass
2026-09-11T15:10:37.653616+00:00,Helsinki,EFHK,2026-09-13,highest_temperature,C,4461913,helsinki|2026_09_13|highest_temperature|c|efhk,exact,18.0,18.0,18.0,18°C,0.181762,0.185288,0.980972,PASS,0.06,0.07,ask,0.05,market,0.003255,0.115288,0.112033,0.926745,3,"open_meteo_best_match,ecmwf,gfs",16.8378,15.7045,17.8045,1.0599,1.7449,station_lead_other_model,267,0.8045,1.7449,OK,16.0,2026-09-11T15:00:00.000Z,EXECUTABLE_ASK,PAPER_BUY,strong_thresholds_pass; paper_buy_gate_pass
2026-09-11T15:10:37.607514+00:00,Paris,LFPB,2026-09-12,highest_temperature,C,4431199,paris|2026_09_12|highest_temperature|c|lfpb,exact,28.0,28.0,28.0,28°C,0.126415,0.132255,0.955847,PASS,0.015,0.02,ask,0.05,market,0.00098,0.112255,0.111275,0.97902,3,"open_meteo_best_match,ecmwf,gfs",26.0891,24.5225,27.8225,1.6563,1.9721,station_lead_other_model,267,1.0225,1.9721,OK,24.0,2026-09-11T15:00:00.000Z,EXECUTABLE_ASK,PAPER_BUY,strong_thresholds_pass; paper_buy_gate_pass
2026-09-11T15:10:37.636666+00:00,Shanghai,ZSPD,2026-09-13,lowest_temperature,C,4461147,shanghai|2026_09_13|lowest_temperature|c|zspd,exact,25.0,25.0,25.0,25°C,0.229231,0.230181,0.995873,PASS,0.085,0.12,ask,0.05,market,0.00528,0.110181,0.104901,0.87472,3,"open_meteo_best_match,ecmwf,gfs",24.2875,23.2875,24.8875,0.8718,1.5431,station_lead_other_model,264,1.1875,1.5431,OK,25.0,2026-09-11T15:00:00.000Z,EXECUTABLE_ASK,PAPER_BUY,strong_thresholds_pass; paper_buy_gate_pass
2026-09-11T15:10:37.612208+00:00,Warsaw,EPWA,2026-09-12,highest_temperature,C,4431349,warsaw|2026_09_12|highest_temperature|c|epwa,exact,22.0,22.0,22.0,22°C,0.113129,0.114218,0.990468,PASS,0.006,0.01,ask,0.05,market,0.000495,0.104218,0.103723,0.989505,3,"open_meteo_best_match,ecmwf,gfs",19.9255,18.4921,20.6921,1.2423,1.7343,station_lead_other_model,267,0.2921,1.7343,OK,16.0,2026-09-11T15:00:00.000Z,EXECUTABLE_ASK,PAPER_BUY,strong_thresholds_pass; paper_buy_gate_pass
2026-09-11T15:10:37.608323+00:00,Ankara,LTAC,2026-09-12,highest_temperature,C,4431218,ankara|2026_09_12|highest_temperature|c|ltac,exact,30.0,30.0,30.0,30°C,0.140452,0.14188,0.98994,PASS,0.03,0.04,ask,0.05,market,0.00192,0.10188,0.09996,0.95808,3,"open_meteo_best_match,ecmwf,gfs",31.6142,31.3809,31.9809,0.3215,1.2417,station_lead_other_model,267,0.6809,1.2417,OK,30.0,2026-09-11T15:00:00.000Z,EXECUTABLE_ASK,PAPER_BUY,strong_thresholds_pass; paper_buy_gate_pass
2026-09-11T15:10:37.609159+00:00,Lucknow,VILK,2026-09-12,highest_temperature,C,4431240,lucknow|2026_09_12|highest_temperature|c|vilk,exact,31.0,31.0,31.0,31°C,0.118463,0.128986,0.918421,PASS,0.02,0.03,ask,0.05,market,0.001455,0.098986,0.097531,0.968545,3,"open_meteo_best_match,ecmwf,gfs",33.0157,32.3157,34.4157,1.2124,1.7804,station_lead_other_model,267,0.7157,1.7804,OK,29.0,2026-09-11T15:00:00.000Z,EXECUTABLE_ASK,PAPER_BUY,strong_thresholds_pass; paper_buy_gate_pass
2026-09-11T15:10:37.607854+00:00,Seoul (Incheon),RKSI,2026-09-12,highest_temperature,C,4431206,seoul_incheon|2026_09_12|highest_temperature|c|rksi,exact,23.0,23.0,23.0,23°C,0.158115,0.15861,0.996884,PASS,0.055,0.06,ask,0.05,market,0.00282,0.09861,0.09579,0.93718,3,"open_meteo_best_match,gfs,ecmwf",24.528,23.8614,24.9614,0.5859,1.4385,station_lead_other_model,264,1.1614,1.4385,OK,21.0,2026-09-11T15:00:00.000Z,EXECUTABLE_ASK,PAPER_BUY,strong_thresholds_pass; paper_buy_gate_pass
2026-09-11T15:10:37.653249+00:00,Amsterdam,EHAM,2026-09-13,highest_temperature,C,4461904,amsterdam|2026_09_13|highest_temperature|c|eham,exact,23.0,23.0,23.0,23°C,0.116239,0.125865,0.923521,PASS,0.025,0.03,ask,0.05,market,0.001455,0.095865,0.09441,0.968545,3,"open_meteo_best_match,ecmwf,gfs",20.9539,20.2539,22.2539,1.1269,1.7803,station_lead_other_model,267,0.5539,1.7803,OK,20.0,2026-09-11T15:00:00.000Z,EXECUTABLE_ASK,PAPER_BUY,strong_thresholds_pass; paper_buy_gate_pass
2026-09-11T15:10:37.609993+00:00,Tokyo,RJTT,2026-09-12,highest_temperature,C,4431272,tokyo|2026_09_12|highest_temperature|c|rjtt,exact,22.0,22.0,22.0,22°C,0.134578,0.14498,0.928254,PASS,0.04,0.05,ask,0.05,market,0.002375,0.09498,0.092605,0.947625,3,"ecmwf,open_meteo_best_match,gfs",23.4958,21.9625,24.5625,1.3614,2.4494,station_lead_other_model,264,-0.7375,2.4494,OK,21.0,2026-09-11T15:00:00.000Z,EXECUTABLE_ASK,PAPER_BUY,strong_thresholds_pass; paper_buy_gate_pass
2026-09-11T15:10:37.610370+00:00,Shanghai,ZSPD,2026-09-12,highest_temperature,C,4431292,shanghai|2026_09_12|highest_temperature|c|zspd,exact,27.0,27.0,27.0,27°C,0.129498,0.132581,0.97675,PASS,0.03,0.04,ask,0.05,market,0.00192,0.092581,0.090661,0.95808,3,"open_meteo_best_match,ecmwf,gfs",28.8545,27.5545,29.5545,1.1269,1.679,station_lead_other_model,264,1.0546,1.679,OK,25.0,2026-09-11T15:00:00.000Z,EXECUTABLE_ASK,PAPER_BUY,strong_thresholds_pass; paper_buy_gate_pass
2026-09-11T15:10:37.599774+00:00,Warsaw,EPWA,2026-09-12,lowest_temperature,C,4430508,warsaw|2026_09_12|lowest_temperature|c|epwa,exact,12.0,12.0,12.0,12°C,0.254536,0.255404,0.9966,PASS,0.085,0.16,ask,0.05,market,0.00672,0.095404,0.088684,0.83328,3,"open_meteo_best_match,ecmwf,gfs",11.6255,10.8921,12.5921,0.8737,1.4925,station_lead_other_model,267,0.2921,1.4925,OK,16.0,2026-09-11T15:00:00.000Z,EXECUTABLE_ASK,PAPER_BUY,strong_thresholds_pass; paper_buy_gate_pass
2026-09-11T15:10:37.649089+00:00,Singapore,WSSS,2026-09-13,highest_temperature,C,4461750,singapore|2026_09_13|highest_temperature|c|wsss,exact,34.0,34.0,34.0,34°C,0.166008,0.166038,0.99982,PASS,0.0535,0.076,ask,0.05,market,0.0035112,0.090038,0.086527,0.920489,3,"open_meteo_best_match,ecmwf,gfs",32.5924,32.4591,32.6591,0.1155,1.1428,station_lead_other_model,264,1.6591,1.1428,OK,26.0,2026-09-11T15:00:00.000Z,EXECUTABLE_ASK,PAPER_BUY,strong_thresholds_pass; paper_buy_gate_pass
2026-09-11T15:10:37.646971+00:00,Wellington,NZWN,2026-09-13,highest_temperature,C,4461670,wellington|2026_09_13|highest_temperature|c|nzwn,exact,13.0,13.0,13.0,13°C,0.116477,0.1165,0.999799,PASS,0.025,0.03,ask,0.05,market,0.001455,0.0865,0.085045,0.968545,3,"open_meteo_best_match,ecmwf,gfs",14.7549,14.3216,15.5216,0.6658,1.1871,station_lead_other_model,264,0.8216,1.1871,OK,10.0,2026-09-11T15:00:00.000Z,EXECUTABLE_ASK,PAPER_BUY,strong_thresholds_pass; paper_buy_gate_pass
2026-09-11T15:10:37.609974+00:00,Tokyo,RJTT,2026-09-12,highest_temperature,C,4431271,tokyo|2026_09_12|highest_temperature|c|rjtt,exact,21.0,21.0,21.0,21°C,0.096938,0.10443,0.928254,PASS,0.01,0.02,ask,0.05,market,0.00098,0.08443,0.08345,0.97902,3,"ecmwf,open_meteo_best_match,gfs",23.4958,21.9625,24.5625,1.3614,2.4494,station_lead_other_model,264,-0.7375,2.4494,OK,21.0,2026-09-11T15:00:00.000Z,EXECUTABLE_ASK,PAPER_BUY,strong_thresholds_pass; paper_buy_gate_pass
2026-09-11T15:10:37.646549+00:00,Ankara,LTAC,2026-09-13,highest_temperature,C,4461659,ankara|2026_09_13|highest_temperature|c|ltac,exact,30.0,30.0,30.0,30°C,0.093742,0.093936,0.997934,PASS,0.0055,0.01,ask,0.05,market,0.000495,0.083936,0.083441,0.989505,3,"open_meteo_best_match,ecmwf,gfs",32.1524,31.7191,32.7191,0.5132,1.4529,station_lead_other_model,267,0.4191,1.4529,OK,30.0,2026-09-11T15:00:00.000Z,EXECUTABLE_ASK,PAPER_BUY,strong_thresholds_pass; paper_buy_gate_pass
2026-09-11T15:10:37.617326+00:00,Guangzhou,ZGGG,2026-09-12,highest_temperature,C,4431513,guangzhou|2026_09_12|highest_temperature|c|zggg,exact,31.0,31.0,31.0,31°C,0.109055,0.110596,0.986074,PASS,0.02,0.03,ask,0.05,market,0.001455,0.080596,0.079141,0.968545,3,"ecmwf,gfs,open_meteo_best_match",33.0528,32.6528,33.3528,0.3606,1.5635,station_lead_other_model,267,1.3528,1.5635,OK,28.0,2026-09-11T15:00:00.000Z,EXECUTABLE_ASK,PAPER_BUY,strong_thresholds_pass; paper_buy_gate_pass
2026-09-11T15:10:37.597688+00:00,Tokyo,RJTT,2026-09-12,lowest_temperature,C,4430434,tokyo|2026_09_12|lowest_temperature|c|rjtt,exact,22.0,22.0,22.0,22°C,0.080097,0.088826,0.901729,PASS,0.0055,0.01,ask,0.05,market,0.000495,0.078826,0.078331,0.989505,3,"ecmwf,open_meteo_best_match,gfs",19.2292,18.6625,19.6625,0.5132,2.0999,station_lead_other_model,264,-0.7375,2.0999,OK,21.0,2026-09-11T15:00:00.000Z,EXECUTABLE_ASK,PAPER_BUY,strong_thresholds_pass; paper_buy_gate_pass
2026-09-11T15:10:37.610443+00:00,Shanghai,ZSPD,2026-09-12,highest_temperature,C,4431296,shanghai|2026_09_12|highest_temperature|c|zspd,exact,31.0,31.0,31.0,31°C,0.105982,0.108505,0.97675,PASS,0.025,0.03,ask,0.05,market,0.001455,0.078505,0.07705,0.968545,3,"open_meteo_best_match,ecmwf,gfs",28.8545,27.5545,29.5545,1.1269,1.679,station_lead_other_model,264,1.0546,1.679,OK,25.0,2026-09-11T15:00:00.000Z,EXECUTABLE_ASK,PAPER_BUY,strong_thresholds_pass; paper_buy_gate_pass
2026-09-11T15:10:37.611678+00:00,Madrid,LEMD,2026-09-12,highest_temperature,C,4431334,madrid|2026_09_12|highest_temperature|c|lemd,exact,30.0,30.0,30.0,30°C,0.097442,0.097442,0.999999,PASS,0.01,0.02,ask,0.05,market,0.00098,0.077442,0.076462,0.97902,3,"ecmwf,gfs,open_meteo_best_match",31.5832,31.4832,31.7832,0.1732,0.866,station_lead_other_model,267,0.1832,0.866,OK,31.0,2026-09-11T15:00:00.000Z,EXECUTABLE_ASK,PAPER_BUY,strong_thresholds_pass; paper_buy_gate_pass
2026-09-11T15:10:37.594743+00:00,London,EGLC,2026-09-12,lowest_temperature,C,4430347,london|2026_09_12|lowest_temperature|c|eglc,exact,15.0,15.0,15.0,15°C,0.195222,0.200708,0.972668,PASS,0.11,0.12,ask,0.05,market,0.00528,0.080708,0.075428,0.87472,3,"open_meteo_best_match,ecmwf,gfs",14.0805,12.6472,15.0472,1.2662,1.7678,station_lead_other_model,267,-0.0528,1.7678,OK,21.0,2026-09-11T15:00:00.000Z,EXECUTABLE_ASK,PAPER_BUY,strong_thresholds_pass; paper_buy_gate_pass
2026-09-11T15:10:37.612996+00:00,Beijing,ZBAA,2026-09-12,highest_temperature,C,4431378,beijing|2026_09_12|highest_temperature|c|zbaa,exact,27.0,27.0,27.0,27°C,0.115985,0.116895,0.992216,PASS,0.03,0.04,ask,0.05,market,0.00192,0.076895,0.074975,0.95808,3,"open_meteo_best_match,ecmwf,gfs",29.0236,28.8236,29.3236,0.2646,1.6907,station_lead_other_model,267,0.4236,1.6907,OK,17.0,2026-09-11T15:00:00.000Z,EXECUTABLE_ASK,PAPER_BUY,strong_thresholds_pass; paper_buy_gate_pass
2026-09-11T15:10:37.647841+00:00,Munich,EDDM,2026-09-13,highest_temperature,C,4461695,munich|2026_09_13|highest_temperature|c|eddm,exact,27.0,27.0,27.0,27°C,0.103988,0.105837,0.982526,PASS,0.015,0.03,ask,0.05,market,0.001455,0.075837,0.074382,0.968545,3,"open_meteo_best_match,ecmwf,gfs",24.8719,24.5719,25.3719,0.4359,1.5952,station_lead_other_model,267,1.8719,1.5952,OK,19.0,2026-09-11T15:00:00.000Z,EXECUTABLE_ASK,PAPER_BUY,strong_thresholds_pass; paper_buy_gate_pass
2026-09-11T15:10:37.646617+00:00,Ankara,LTAC,2026-09-13,highest_temperature,C,4461663,ankara|2026_09_13|highest_temperature|c|ltac,exact,34.0,34.0,34.0,34°C,0.123761,0.124017,0.997934,PASS,0.035,0.05,ask,0.05,market,0.002375,0.074017,0.071642,0.947625,3,"open_meteo_best_match,ecmwf,gfs",32.1524,31.7191,32.7191,0.5132,1.4529,station_lead_other_model,267,0.4191,1.4529,OK,30.0,2026-09-11T15:00:00.000Z,EXECUTABLE_ASK,PAPER_BUY,strong_thresholds_pass; paper_buy_gate_pass
2026-09-11T15:10:37.633334+00:00,London,EGLC,2026-09-13,lowest_temperature,C,4461039,london|2026_09_13|lowest_temperature|c|eglc,exact,20.0,20.0,20.0,20°C,0.111375,0.113114,0.984623,PASS,0.02,0.04,ask,0.05,market,0.00192,0.073114,0.071194,0.95808,3,"open_meteo_best_match,ecmwf,gfs",17.939,17.7056,18.1056,0.2082,1.6394,station_lead_other_model,267,-0.0944,1.6394,OK,21.0,2026-09-11T15:00:00.000Z,EXECUTABLE_ASK,PAPER_BUY,strong_thresholds_pass; paper_buy_gate_pass
2026-09-11T15:10:37.607120+00:00,London,EGLC,2026-09-12,highest_temperature,C,4431189,london|2026_09_12|highest_temperature|c|eglc,exact,26.0,26.0,26.0,26°C,0.08729,0.090002,0.969862,PASS,0.015,0.02,ask,0.05,market,0.00098,0.070002,0.069022,0.97902,3,"open_meteo_best_match,ecmwf,gfs",23.7805,23.2472,24.6472,0.7572,1.4474,station_lead_other_model,267,-0.0528,1.4474,OK,21.0,2026-09-11T15:00:00.000Z,EXECUTABLE_ASK,PAPER_BUY,strong_thresholds_pass; paper_buy_gate_pass
2026-09-11T15:10:37.617344+00:00,Guangzhou,ZGGG,2026-09-12,highest_temperature,C,4431514,guangzhou|2026_09_12|highest_temperature|c|zggg,exact,32.0,32.0,32.0,32°C,0.201514,0.20436,0.986074,PASS,0.12,0.13,ask,0.05,market,0.005655,0.07436,0.068705,0.864345,3,"ecmwf,gfs,open_meteo_best_match",33.0528,32.6528,33.3528,0.3606,1.5635,station_lead_other_model,267,1.3528,1.5635,OK,28.0,2026-09-11T15:00:00.000Z,EXECUTABLE_ASK,PAPER_BUY,strong_thresholds_pass; paper_buy_gate_pass
2026-09-11T15:10:37.609231+00:00,Lucknow,VILK,2026-09-12,highest_temperature,C,4431244,lucknow|2026_09_12|highest_temperature|c|vilk,exact,35.0,35.0,35.0,35°C,0.120776,0.131504,0.918421,PASS,0.04,0.06,ask,0.05,market,0.00282,0.071504,0.068684,0.93718,3,"open_meteo_best_match,ecmwf,gfs",33.0157,32.3157,34.4157,1.2124,1.7804,station_lead_other_model,267,0.7157,1.7804,OK,29.0,2026-09-11T15:00:00.000Z,EXECUTABLE_ASK,PAPER_BUY,strong_thresholds_pass; paper_buy_gate_pass
2026-09-11T15:10:37.654070+00:00,Kuala Lumpur,WMKK,2026-09-13,highest_temperature,C,4461925,kuala_lumpur|2026_09_13|highest_temperature|c|wmkk,exact,35.0,35.0,35.0,35°C,0.097829,0.099142,0.98675,PASS,0.02,0.03,ask,0.05,market,0.001455,0.069142,0.067687,0.968545,3,"open_meteo_best_match,ecmwf,gfs",32.7542,31.4875,33.5875,1.115,1.6695,station_lead_other_model,264,1.7875,1.6695,OK,27.0,2026-09-11T15:00:00.000Z,EXECUTABLE_ASK,PAPER_BUY,strong_thresholds_pass; paper_buy_gate_pass
2026-09-11T15:10:37.653637+00:00,Helsinki,EFHK,2026-09-13,highest_temperature,C,4461914,helsinki|2026_09_13|highest_temperature|c|efhk,exact,19.0,19.0,19.0,19°C,0.106855,0.108928,0.980972,PASS,0.025,0.04,ask,0.05,market,0.00192,0.068928,0.067008,0.95808,3,"open_meteo_best_match,ecmwf,gfs",16.8378,15.7045,17.8045,1.0599,1.7449,station_lead_other_model,267,0.8045,1.7449,OK,16.0,2026-09-11T15:00:00.000Z,EXECUTABLE_ASK,PAPER_BUY,strong_thresholds_pass; paper_buy_gate_pass
2026-09-11T15:10:37.609607+00:00,Munich,EDDM,2026-09-12,highest_temperature,C,4431253,munich|2026_09_12|highest_temperature|c|eddm,exact,26.0,26.0,26.0,26°C,0.073841,0.074055,0.997112,PASS,0.005,0.007,ask,0.05,market,0.00034755,0.067055,0.066707,0.992652,3,"open_meteo_best_match,ecmwf,gfs",23.6079,23.0079,24.0079,0.5292,1.462,station_lead_other_model,267,1.8079,1.462,OK,19.0,2026-09-11T15:00:00.000Z,EXECUTABLE_ASK,PAPER_BUY,strong_thresholds_pass; paper_buy_gate_pass
2026-09-11T15:10:37.596049+00:00,Ankara,LTAC,2026-09-12,lowest_temperature,C,4430381,ankara|2026_09_12|lowest_temperature|c|ltac,exact,20.0,20.0,20.0,20°C,0.074838,0.082737,0.904534,PASS,0.01,0.02,ask,0.05,market,0.00098,0.062737,0.061757,0.97902,3,"open_meteo_best_match,ecmwf,gfs",16.8476,14.1809,18.8809,2.4132,2.6948,station_lead_other_model,267,0.6809,2.6948,OK,30.0,2026-09-11T15:00:00.000Z,EXECUTABLE_ASK,PAPER_BUY,strong_thresholds_pass; paper_buy_gate_pass
2026-09-11T15:10:37.647389+00:00,Lucknow,VILK,2026-09-13,highest_temperature,C,4461681,lucknow|2026_09_13|highest_temperature|c|vilk,exact,31.0,31.0,31.0,31°C,0.123787,0.124124,0.997287,PASS,0.04,0.06,ask,0.05,market,0.00282,0.064124,0.061304,0.93718,3,"open_meteo_best_match,ecmwf,gfs",32.8648,32.6315,33.2315,0.3215,1.4947,station_lead_other_model,267,0.9315,1.4947,OK,29.0,2026-09-11T15:00:00.000Z,EXECUTABLE_ASK,PAPER_BUY,strong_thresholds_pass; paper_buy_gate_pass
2026-09-11T15:10:37.615716+00:00,Helsinki,EFHK,2026-09-12,highest_temperature,C,4431474,helsinki|2026_09_12|highest_temperature|c|efhk,exact,19.0,19.0,19.0,19°C,0.079649,0.082006,0.971254,PASS,0.015,0.02,ask,0.05,market,0.00098,0.062006,0.061026,0.97902,3,"open_meteo_best_match,ecmwf,gfs",16.6416,15.6416,17.5416,0.9539,1.5045,station_lead_other_model,267,0.9416,1.5045,OK,16.0,2026-09-11T15:00:00.000Z,EXECUTABLE_ASK,PAPER_BUY,strong_thresholds_pass; paper_buy_gate_pass
2026-09-11T15:10:37.599423+00:00,Madrid,LEMD,2026-09-12,lowest_temperature,C,4430494,madrid|2026_09_12|lowest_temperature|c|lemd,exact,19.0,19.0,19.0,19°C,0.073723,0.074595,0.988307,PASS,0.0075,0.014,ask,0.05,market,0.0006902,0.060595,0.059905,0.98531,3,"ecmwf,gfs,open_meteo_best_match",16.3498,14.9832,18.0831,1.5822,1.751,station_lead_other_model,267,0.1832,1.751,OK,31.0,2026-09-11T15:00:00.000Z,EXECUTABLE_ASK,PAPER_BUY,strong_thresholds_pass; paper_buy_gate_pass
2026-09-11T15:10:37.609177+00:00,Lucknow,VILK,2026-09-12,highest_temperature,C,4431241,lucknow|2026_09_12|highest_temperature|c|vilk,exact,32.0,32.0,32.0,32°C,0.188746,0.205512,0.918421,PASS,0.12,0.14,ask,0.05,market,0.00602,0.065512,0.059492,0.85398,3,"open_meteo_best_match,ecmwf,gfs",33.0157,32.3157,34.4157,1.2124,1.7804,station_lead_other_model,267,0.7157,1.7804,OK,29.0,2026-09-11T15:00:00.000Z,EXECUTABLE_ASK,PAPER_BUY,strong_thresholds_pass; paper_buy_gate_pass
2026-09-11T15:10:37.613066+00:00,Beijing,ZBAA,2026-09-12,highest_temperature,C,4431382,beijing|2026_09_12|highest_temperature|c|zbaa,exact,31.0,31.0,31.0,31°C,0.119766,0.120706,0.992216,PASS,0.045,0.06,ask,0.05,market,0.00282,0.060706,0.057886,0.93718,3,"open_meteo_best_match,ecmwf,gfs",29.0236,28.8236,29.3236,0.2646,1.6907,station_lead_other_model,267,0.4236,1.6907,OK,17.0,2026-09-11T15:00:00.000Z,EXECUTABLE_ASK,PAPER_BUY,strong_thresholds_pass; paper_buy_gate_pass
2026-09-11T15:10:37.617403+00:00,Guangzhou,ZGGG,2026-09-12,highest_temperature,C,4431517,guangzhou|2026_09_12|highest_temperature|c|zggg,exact,35.0,35.0,35.0,35°C,0.118557,0.120231,0.986074,PASS,0.045,0.06,ask,0.05,market,0.00282,0.060231,0.057411,0.93718,3,"ecmwf,gfs,open_meteo_best_match",33.0528,32.6528,33.3528,0.3606,1.5635,station_lead_other_model,267,1.3528,1.5635,OK,28.0,2026-09-11T15:00:00.000Z,EXECUTABLE_ASK,PAPER_BUY,strong_thresholds_pass; paper_buy_gate_pass
