run_at,city,station,market_date,market_type,market_id,event_key,bucket_type,bucket_value,bucket_low,bucket_high,probability_method,model_probability,market_probability,entry_price,entry_source,fee_rate,fee_per_share,gross_edge,net_ev_per_share,forecast_count,forecast_models,forecast_mean_c,calibration_sigma_c,calibration_source,calibration_samples,calibration_bias_c,calibration_flag,calibration_lead_days,family_probability_sum,family_status,execution_quality,signal,reason
2026-09-17T19:17:36.196844+00:00,London,EGLC,2026-09-17,lowest_temperature,4575634,london|2026_09_17|lowest_temperature|c|eglc,exact,13.0,13.0,13.0,empirical_station_model_lead_error_distribution,0.411765,0.035,0.05,ask,0.05,0.002375,0.361765,0.35939,1,ecmwf,13.2,0.7742,station_model_lead_empirical,89,0.2292,OK,1,1.038889,PASS,EXECUTABLE_ASK,PAPER_BUY,empirical_calibration_thresholds_pass
2026-09-17T19:17:36.197754+00:00,Paris,LFPB,2026-09-17,lowest_temperature,4575646,paris|2026_09_17|lowest_temperature|c|lfpb,exact,12.0,12.0,12.0,empirical_station_model_lead_error_distribution,0.336898,0.0035,0.007,ask,0.05,0.00034755,0.329898,0.329551,1,ecmwf,12.4,1.2379,station_model_lead_empirical,89,-0.2551,OK,1,1.038889,PASS,EXECUTABLE_ASK,PAPER_BUY,empirical_calibration_thresholds_pass
2026-09-17T19:17:36.249842+00:00,Kuala Lumpur,WMKK,2026-09-18,highest_temperature,4606489,kuala_lumpur|2026_09_18|highest_temperature|c|wmkk,exact,36.0,36.0,36.0,empirical_station_model_lead_error_distribution,0.322404,0.0045,0.008,ask,0.05,0.0003968,0.314404,0.314008,1,ecmwf,33.5,1.0808,station_model_lead_empirical,88,1.7011,OK,1,1.02809,PASS,EXECUTABLE_ASK,PAPER_BUY,empirical_calibration_thresholds_pass
2026-09-17T19:17:36.262478+00:00,Seoul (Incheon),RKSI,2026-09-19,lowest_temperature,4632027,seoul_incheon|2026_09_19|lowest_temperature|c|rksi,exact,18.0,18.0,18.0,empirical_station_model_lead_error_distribution,0.481081,0.125,0.22,ask,0.05,0.00858,0.261081,0.252501,1,ecmwf,17.9,1.0398,station_model_lead_empirical,88,0.4943,OK,2,1.039326,PASS,EXECUTABLE_ASK,PAPER_BUY,empirical_calibration_thresholds_pass
2026-09-17T19:17:36.243470+00:00,Singapore,WSSS,2026-09-18,highest_temperature,4606315,singapore|2026_09_18|highest_temperature|c|wsss,exact,34.0,34.0,34.0,empirical_station_model_lead_error_distribution,0.322404,0.065,0.07,ask,0.05,0.003255,0.252404,0.249149,1,ecmwf,32.2,0.9953,station_model_lead_empirical,88,1.5454,OK,1,1.02809,PASS,EXECUTABLE_ASK,PAPER_BUY,empirical_calibration_thresholds_pass
2026-09-17T19:17:36.249824+00:00,Kuala Lumpur,WMKK,2026-09-18,highest_temperature,4606488,kuala_lumpur|2026_09_18|highest_temperature|c|wmkk,exact,35.0,35.0,35.0,empirical_station_model_lead_error_distribution,0.278689,0.025,0.03,ask,0.05,0.001455,0.248689,0.247234,1,ecmwf,33.5,1.0808,station_model_lead_empirical,88,1.7011,OK,1,1.02809,PASS,EXECUTABLE_ASK,PAPER_BUY,empirical_calibration_thresholds_pass
2026-09-17T19:17:36.263187+00:00,Ankara,LTAC,2026-09-19,lowest_temperature,4632037,ankara|2026_09_19|lowest_temperature|c|ltac,exact,12.0,12.0,12.0,empirical_station_model_lead_error_distribution,0.355932,0.055,0.11,ask,0.05,0.004895,0.245932,0.241037,1,ecmwf,12.6,1.2151,station_model_lead_empirical,89,-0.9596,OK,2,0.983333,PASS,EXECUTABLE_ASK,PAPER_BUY,empirical_calibration_thresholds_pass
2026-09-17T19:17:36.283317+00:00,Shanghai,ZSPD,2026-09-19,highest_temperature,4632849,shanghai|2026_09_19|highest_temperature|c|zspd,exact,30.0,30.0,30.0,empirical_station_model_lead_error_distribution,0.308108,0.06,0.08,ask,0.05,0.00368,0.228108,0.224428,1,ecmwf,28.4,1.266,station_model_lead_empirical,88,1.1875,OK,2,1.039326,PASS,EXECUTABLE_ASK,PAPER_BUY,empirical_calibration_thresholds_pass
2026-09-17T19:17:36.289670+00:00,Helsinki,EFHK,2026-09-19,highest_temperature,4633024,helsinki|2026_09_19|highest_temperature|c|efhk,exact,18.0,18.0,18.0,empirical_station_model_lead_error_distribution,0.326203,0.085,0.1,ask,0.05,0.0045,0.226203,0.221703,1,ecmwf,16.5,1.3783,station_model_lead_empirical,89,0.8045,OK,2,1.038889,PASS,EXECUTABLE_ASK,PAPER_BUY,empirical_calibration_thresholds_pass
2026-09-17T19:17:36.284765+00:00,Milan,LIMC,2026-09-19,highest_temperature,4632871,milan|2026_09_19|highest_temperature|c|limc,exact,24.0,24.0,24.0,empirical_station_model_lead_error_distribution,0.303867,0.06,0.08,ask,0.05,0.00368,0.223867,0.220187,1,ecmwf,24.2,1.3536,station_model_lead_empirical,88,0.9841,OK,2,1.016854,PASS,EXECUTABLE_ASK,PAPER_BUY,empirical_calibration_thresholds_pass
2026-09-17T19:17:36.278947+00:00,Seoul (Incheon),RKSI,2026-09-19,highest_temperature,4632763,seoul_incheon|2026_09_19|highest_temperature|c|rksi,exact,30.0,30.0,30.0,empirical_station_model_lead_error_distribution,0.245902,0.02,0.03,ask,0.05,0.001455,0.215902,0.214447,1,ecmwf,28.3,1.4927,station_model_lead_empirical,88,1.1011,OK,2,1.02809,PASS,EXECUTABLE_ASK,PAPER_BUY,empirical_calibration_thresholds_pass
2026-09-17T19:17:36.241249+00:00,Munich,EDDM,2026-09-18,highest_temperature,4606259,munich|2026_09_18|highest_temperature|c|eddm,exact,23.0,23.0,23.0,empirical_station_model_lead_error_distribution,0.229947,0.01,0.02,ask,0.05,0.00098,0.209947,0.208967,1,ecmwf,20.2,1.3552,station_model_lead_empirical,89,1.8079,OK,1,1.038889,PASS,EXECUTABLE_ASK,PAPER_BUY,empirical_calibration_thresholds_pass
2026-09-17T19:17:36.225728+00:00,Tokyo,RJTT,2026-09-18,lowest_temperature,4605556,tokyo|2026_09_18|lowest_temperature|c|rjtt,exact,19.0,19.0,19.0,empirical_station_model_lead_error_distribution,0.351351,0.095,0.14,ask,0.05,0.00602,0.211351,0.205331,1,ecmwf,18.3,1.0945,station_model_lead_empirical,88,0.7489,OK,1,1.039326,PASS,EXECUTABLE_ASK,PAPER_BUY,empirical_calibration_thresholds_pass
2026-09-17T19:17:36.243488+00:00,Singapore,WSSS,2026-09-18,highest_temperature,4606316,singapore|2026_09_18|highest_temperature|c|wsss,exact,35.0,35.0,35.0,empirical_station_model_lead_error_distribution,0.213115,0.0055,0.008,ask,0.05,0.0003968,0.205115,0.204718,1,ecmwf,32.2,0.9953,station_model_lead_empirical,88,1.5454,OK,1,1.02809,PASS,EXECUTABLE_ASK,PAPER_BUY,empirical_calibration_thresholds_pass
2026-09-17T19:17:36.284067+00:00,Singapore,WSSS,2026-09-19,highest_temperature,4632862,singapore|2026_09_19|highest_temperature|c|wsss,exact,34.0,34.0,34.0,empirical_station_model_lead_error_distribution,0.243243,0.029,0.039,ask,0.05,0.00187395,0.204243,0.202369,1,ecmwf,31.2,1.1304,station_model_lead_empirical,88,1.6591,OK,2,1.039326,PASS,EXECUTABLE_ASK,PAPER_BUY,empirical_calibration_thresholds_pass
2026-09-17T19:17:36.238330+00:00,Seoul (Incheon),RKSI,2026-09-18,highest_temperature,4606215,seoul_incheon|2026_09_18|highest_temperature|c|rksi,exact,30.0,30.0,30.0,empirical_station_model_lead_error_distribution,0.264865,0.05,0.06,ask,0.05,0.00282,0.204865,0.202045,1,ecmwf,28.3,1.3062,station_model_lead_empirical,88,1.1614,OK,1,1.039326,PASS,EXECUTABLE_ASK,PAPER_BUY,empirical_calibration_thresholds_pass
2026-09-17T19:17:36.236813+00:00,London,EGLC,2026-09-18,highest_temperature,4606190,london|2026_09_18|highest_temperature|c|eglc,exact,18.0,18.0,18.0,empirical_station_model_lead_error_distribution,0.221622,0.01,0.02,ask,0.05,0.00098,0.201622,0.200642,1,ecmwf,19.2,1.2266,station_model_lead_empirical,89,-0.0528,OK,1,1.027778,PASS,EXECUTABLE_ASK,PAPER_BUY,empirical_calibration_thresholds_pass
2026-09-17T19:17:36.244191+00:00,Milan,LIMC,2026-09-18,highest_temperature,4606325,milan|2026_09_18|highest_temperature|c|limc,exact,21.0,21.0,21.0,empirical_station_model_lead_error_distribution,0.340782,0.11,0.14,ask,0.05,0.00602,0.200782,0.194762,1,ecmwf,20.7,1.2146,station_model_lead_empirical,88,1.0796,OK,1,1.005618,PASS,EXECUTABLE_ASK,PAPER_BUY,empirical_calibration_thresholds_pass
2026-09-17T19:17:36.242719+00:00,Shanghai,ZSPD,2026-09-18,highest_temperature,4606303,shanghai|2026_09_18|highest_temperature|c|zspd,exact,30.0,30.0,30.0,empirical_station_model_lead_error_distribution,0.26776,0.06,0.07,ask,0.05,0.003255,0.19776,0.194505,1,ecmwf,28.1,1.2376,station_model_lead_empirical,88,1.0546,OK,1,1.02809,PASS,EXECUTABLE_ASK,PAPER_BUY,empirical_calibration_thresholds_pass
2026-09-17T19:17:36.245650+00:00,Warsaw,EPWA,2026-09-18,highest_temperature,4606346,warsaw|2026_09_18|highest_temperature|c|epwa,exact,20.0,20.0,20.0,empirical_station_model_lead_error_distribution,0.224044,0.015,0.03,ask,0.05,0.001455,0.194044,0.192589,1,ecmwf,21.1,1.2033,station_model_lead_empirical,89,0.2921,OK,1,1.016667,PASS,EXECUTABLE_ASK,PAPER_BUY,empirical_calibration_thresholds_pass
2026-09-17T19:17:36.241920+00:00,Tokyo,RJTT,2026-09-18,highest_temperature,4606278,tokyo|2026_09_18|highest_temperature|c|rjtt,exact,22.0,22.0,22.0,empirical_station_model_lead_error_distribution,0.209581,0.015,0.02,ask,0.05,0.00098,0.189581,0.188601,1,ecmwf,23.1,2.0246,station_model_lead_empirical,88,-0.7375,OK,1,0.938202,PASS,EXECUTABLE_ASK,PAPER_BUY,empirical_calibration_thresholds_pass
2026-09-17T19:17:36.261017+00:00,London,EGLC,2026-09-19,lowest_temperature,4632005,london|2026_09_19|lowest_temperature|c|eglc,exact,16.0,16.0,16.0,empirical_station_model_lead_error_distribution,0.454545,0.25,0.26,ask,0.05,0.00962,0.194545,0.184925,1,ecmwf,15.7,0.9371,station_model_lead_empirical,89,0.2236,OK,2,1.038889,PASS,EXECUTABLE_ASK,PAPER_BUY,empirical_calibration_thresholds_pass
2026-09-17T19:17:36.277412+00:00,London,EGLC,2026-09-19,highest_temperature,4632738,london|2026_09_19|highest_temperature|c|eglc,exact,20.0,20.0,20.0,empirical_station_model_lead_error_distribution,0.224044,0.035,0.04,ask,0.05,0.00192,0.184044,0.182124,1,ecmwf,21.0,1.617,station_model_lead_empirical,89,-0.0944,OK,2,1.016667,PASS,EXECUTABLE_ASK,PAPER_BUY,empirical_calibration_thresholds_pass
2026-09-17T19:17:36.263168+00:00,Ankara,LTAC,2026-09-19,lowest_temperature,4632036,ankara|2026_09_19|lowest_temperature|c|ltac,exact,11.0,11.0,11.0,empirical_station_model_lead_error_distribution,0.254237,0.035,0.07,ask,0.05,0.003255,0.184237,0.180982,1,ecmwf,12.6,1.2151,station_model_lead_empirical,89,-0.9596,OK,2,0.983333,PASS,EXECUTABLE_ASK,PAPER_BUY,empirical_calibration_thresholds_pass
2026-09-17T19:17:36.238349+00:00,Seoul (Incheon),RKSI,2026-09-18,highest_temperature,4606216,seoul_incheon|2026_09_18|highest_temperature|c|rksi,exact,31.0,31.0,31.0,empirical_station_model_lead_error_distribution,0.178378,0.0035,0.005,ask,0.05,0.00024875,0.173378,0.17313,1,ecmwf,28.3,1.3062,station_model_lead_empirical,88,1.1614,OK,1,1.039326,PASS,EXECUTABLE_ASK,PAPER_BUY,empirical_calibration_thresholds_pass
2026-09-17T19:17:36.266889+00:00,Shanghai,ZSPD,2026-09-19,lowest_temperature,4632118,shanghai|2026_09_19|lowest_temperature|c|zspd,exact,26.0,26.0,26.0,empirical_station_model_lead_error_distribution,0.178378,0.01,0.02,ask,0.05,0.00098,0.158378,0.157398,1,ecmwf,24.7,1.0041,station_model_lead_empirical,88,-0.0716,OK,2,1.039326,PASS,EXECUTABLE_ASK,PAPER_BUY,empirical_calibration_thresholds_pass
2026-09-17T19:17:36.249122+00:00,Helsinki,EFHK,2026-09-18,highest_temperature,4606478,helsinki|2026_09_18|highest_temperature|c|efhk,exact,17.0,17.0,17.0,empirical_station_model_lead_error_distribution,0.187166,0.025,0.03,ask,0.05,0.001455,0.157166,0.155711,1,ecmwf,14.9,1.1569,station_model_lead_empirical,89,0.9416,OK,1,1.038889,PASS,EXECUTABLE_ASK,PAPER_BUY,empirical_calibration_thresholds_pass
2026-09-17T19:17:36.278966+00:00,Seoul (Incheon),RKSI,2026-09-19,highest_temperature,4632764,seoul_incheon|2026_09_19|highest_temperature|c|rksi,exact,31.0,31.0,31.0,empirical_station_model_lead_error_distribution,0.169399,0.011,0.02,ask,0.05,0.00098,0.149399,0.148419,1,ecmwf,28.3,1.4927,station_model_lead_empirical,88,1.1011,OK,2,1.02809,PASS,EXECUTABLE_ASK,PAPER_BUY,empirical_calibration_thresholds_pass
2026-09-17T19:17:36.268944+00:00,Madrid,LEMD,2026-09-19,lowest_temperature,4632144,madrid|2026_09_19|lowest_temperature|c|lemd,or_lower,12.0,,12.0,empirical_station_model_lead_error_distribution,0.316667,0.085,0.17,ask,0.05,0.007055,0.146667,0.139612,1,ecmwf,14.9,1.6221,station_model_lead_empirical,89,-1.5787,OK,2,0.761111,INCOMPLETE,EXECUTABLE_ASK,PAPER_BUY,empirical_calibration_thresholds_pass
2026-09-17T19:17:36.197733+00:00,Paris,LFPB,2026-09-17,lowest_temperature,4575645,paris|2026_09_17|lowest_temperature|c|lfpb,exact,11.0,11.0,11.0,empirical_station_model_lead_error_distribution,0.144385,0.0025,0.005,ask,0.05,0.00024875,0.139385,0.139136,1,ecmwf,12.4,1.2379,station_model_lead_empirical,89,-0.2551,OK,1,1.038889,PASS,EXECUTABLE_ASK,PAPER_BUY,empirical_calibration_thresholds_pass
2026-09-17T19:17:36.244893+00:00,Madrid,LEMD,2026-09-18,highest_temperature,4606335,madrid|2026_09_18|highest_temperature|c|lemd,exact,27.0,27.0,27.0,empirical_station_model_lead_error_distribution,0.294118,0.135,0.15,ask,0.05,0.006375,0.144118,0.137743,1,ecmwf,27.4,0.75,station_model_lead_empirical,89,0.1832,OK,1,1.038889,PASS,EXECUTABLE_ASK,PAPER_BUY,empirical_calibration_thresholds_pass
2026-09-17T19:17:36.241938+00:00,Tokyo,RJTT,2026-09-18,highest_temperature,4606279,tokyo|2026_09_18|highest_temperature|c|rjtt,exact,23.0,23.0,23.0,empirical_station_model_lead_error_distribution,0.293413,0.145,0.15,ask,0.05,0.006375,0.143413,0.137038,1,ecmwf,23.1,2.0246,station_model_lead_empirical,88,-0.7375,OK,1,0.938202,PASS,EXECUTABLE_ASK,PAPER_BUY,empirical_calibration_thresholds_pass
2026-09-17T19:17:36.246688+00:00,Beijing,ZBAA,2026-09-18,highest_temperature,4606390,beijing|2026_09_18|highest_temperature|c|zbaa,exact,31.0,31.0,31.0,empirical_station_model_lead_error_distribution,0.162011,0.025,0.03,ask,0.05,0.001455,0.132011,0.130556,1,ecmwf,29.1,1.6605,station_model_lead_empirical,89,0.4236,OK,1,0.994444,PASS,EXECUTABLE_ASK,PAPER_BUY,empirical_calibration_thresholds_pass
2026-09-17T19:17:36.236832+00:00,London,EGLC,2026-09-18,highest_temperature,4606191,london|2026_09_18|highest_temperature|c|eglc,exact,19.0,19.0,19.0,empirical_station_model_lead_error_distribution,0.340541,0.205,0.21,ask,0.05,0.008295,0.130541,0.122246,1,ecmwf,19.2,1.2266,station_model_lead_empirical,89,-0.0528,OK,1,1.027778,PASS,EXECUTABLE_ASK,PAPER_BUY,empirical_calibration_thresholds_pass
2026-09-17T19:17:36.220568+00:00,London,EGLC,2026-09-18,lowest_temperature,4605387,london|2026_09_18|lowest_temperature|c|eglc,exact,11.0,11.0,11.0,empirical_station_model_lead_error_distribution,0.411765,0.26,0.28,ask,0.05,0.01008,0.131765,0.121685,1,ecmwf,11.2,0.7742,station_model_lead_empirical,89,0.2292,OK,1,1.038889,PASS,EXECUTABLE_ASK,PAPER_BUY,empirical_calibration_thresholds_pass
2026-09-17T19:17:36.239073+00:00,Ankara,LTAC,2026-09-18,highest_temperature,4606227,ankara|2026_09_18|highest_temperature|c|ltac,exact,24.0,24.0,24.0,empirical_station_model_lead_error_distribution,0.240642,0.105,0.12,ask,0.05,0.00528,0.120642,0.115362,1,ecmwf,22.2,1.1926,station_model_lead_empirical,89,0.6809,OK,1,1.038889,PASS,EXECUTABLE_ASK,PAPER_BUY,empirical_calibration_thresholds_pass
2026-09-17T19:17:36.248317+00:00,Amsterdam,EHAM,2026-09-18,highest_temperature,4606463,amsterdam|2026_09_18|highest_temperature|c|eham,exact,17.0,17.0,17.0,empirical_station_model_lead_error_distribution,0.156757,0.025,0.04,ask,0.05,0.00192,0.116757,0.114837,1,ecmwf,17.2,1.1572,station_model_lead_empirical,89,0.6393,OK,1,1.027778,PASS,EXECUTABLE_ASK,PAPER_BUY,empirical_calibration_thresholds_pass
2026-09-17T19:17:36.279626+00:00,Ankara,LTAC,2026-09-19,highest_temperature,4632770,ankara|2026_09_19|highest_temperature|c|ltac,exact,22.0,22.0,22.0,empirical_station_model_lead_error_distribution,0.156757,0.025,0.04,ask,0.05,0.00192,0.116757,0.114837,1,ecmwf,23.0,1.3516,station_model_lead_empirical,89,0.4191,OK,2,1.027778,PASS,EXECUTABLE_ASK,PAPER_BUY,empirical_calibration_thresholds_pass
2026-09-17T19:17:36.283336+00:00,Shanghai,ZSPD,2026-09-19,highest_temperature,4632850,shanghai|2026_09_19|highest_temperature|c|zspd,exact,31.0,31.0,31.0,empirical_station_model_lead_error_distribution,0.145946,0.02,0.03,ask,0.05,0.001455,0.115946,0.114491,1,ecmwf,28.4,1.266,station_model_lead_empirical,88,1.1875,OK,2,1.039326,PASS,EXECUTABLE_ASK,PAPER_BUY,empirical_calibration_thresholds_pass
2026-09-17T19:17:36.260998+00:00,London,EGLC,2026-09-19,lowest_temperature,4632004,london|2026_09_19|lowest_temperature|c|eglc,exact,15.0,15.0,15.0,empirical_station_model_lead_error_distribution,0.197861,0.04,0.08,ask,0.05,0.00368,0.117861,0.114181,1,ecmwf,15.7,0.9371,station_model_lead_empirical,89,0.2236,OK,2,1.038889,PASS,EXECUTABLE_ASK,PAPER_BUY,empirical_calibration_thresholds_pass
2026-09-17T19:17:36.235854+00:00,Karachi,OPKC,2026-09-18,lowest_temperature,4605809,karachi|2026_09_18|lowest_temperature|c|opkc,exact,27.0,27.0,27.0,empirical_station_model_lead_error_distribution,0.668449,0.5,0.55,ask,0.05,0.012375,0.118449,0.106074,1,ecmwf,25.7,0.75,station_model_lead_empirical,89,1.2191,OK,1,1.038889,PASS,EXECUTABLE_ASK,PAPER_BUY,empirical_calibration_thresholds_pass
2026-09-17T19:17:36.278929+00:00,Seoul (Incheon),RKSI,2026-09-19,highest_temperature,4632762,seoul_incheon|2026_09_19|highest_temperature|c|rksi,exact,29.0,29.0,29.0,empirical_station_model_lead_error_distribution,0.234973,0.1,0.13,ask,0.05,0.005655,0.104973,0.099318,1,ecmwf,28.3,1.4927,station_model_lead_empirical,88,1.1011,OK,2,1.02809,PASS,EXECUTABLE_ASK,PAPER_BUY,empirical_calibration_thresholds_pass
2026-09-17T19:17:36.251026+00:00,Guangzhou,ZGGG,2026-09-18,highest_temperature,4606520,guangzhou|2026_09_18|highest_temperature|c|zggg,exact,34.0,34.0,34.0,empirical_station_model_lead_error_distribution,0.237569,0.125,0.14,ask,0.05,0.00602,0.097569,0.091549,1,ecmwf,33.4,1.5128,station_model_lead_empirical,89,1.3528,OK,1,1.005556,PASS,EXECUTABLE_ASK,PAPER_BUY,empirical_calibration_thresholds_pass
2026-09-17T19:17:36.241230+00:00,Munich,EDDM,2026-09-18,highest_temperature,4606258,munich|2026_09_18|highest_temperature|c|eddm,exact,22.0,22.0,22.0,empirical_station_model_lead_error_distribution,0.336898,0.235,0.24,ask,0.05,0.00912,0.096898,0.087778,1,ecmwf,20.2,1.3552,station_model_lead_empirical,89,1.8079,OK,1,1.038889,PASS,EXECUTABLE_ASK,PAPER_BUY,empirical_calibration_thresholds_pass
2026-09-17T19:17:36.281850+00:00,Munich,EDDM,2026-09-19,highest_temperature,4632805,munich|2026_09_19|highest_temperature|c|eddm,exact,24.0,24.0,24.0,empirical_station_model_lead_error_distribution,0.202186,0.085,0.11,ask,0.05,0.004895,0.092186,0.087291,1,ecmwf,20.9,1.5258,station_model_lead_empirical,89,1.8719,OK,2,1.016667,PASS,EXECUTABLE_ASK,PAPER_BUY,empirical_calibration_thresholds_pass
2026-09-17T19:17:36.251971+00:00,Karachi,OPKC,2026-09-18,highest_temperature,4606540,karachi|2026_09_18|highest_temperature|c|opkc,exact,32.0,32.0,32.0,empirical_station_model_lead_error_distribution,0.112299,0.013,0.024,ask,0.05,0.0011712,0.088299,0.087128,1,ecmwf,34.6,1.0426,station_model_lead_empirical,89,-0.8865,OK,1,1.038889,PASS,EXECUTABLE_ASK,PAPER_BUY,empirical_calibration_thresholds_pass
2026-09-17T19:17:36.266147+00:00,Tokyo,RJTT,2026-09-19,lowest_temperature,4632095,tokyo|2026_09_19|lowest_temperature|c|rjtt,exact,22.0,22.0,22.0,empirical_station_model_lead_error_distribution,0.394595,0.275,0.3,ask,0.05,0.0105,0.094595,0.084095,1,ecmwf,20.5,1.0841,station_model_lead_empirical,88,0.8375,OK,2,1.039326,PASS,EXECUTABLE_ASK,PAPER_BUY,empirical_calibration_thresholds_pass
2026-09-17T19:17:36.281868+00:00,Munich,EDDM,2026-09-19,highest_temperature,4632806,munich|2026_09_19|highest_temperature|c|eddm,exact,25.0,25.0,25.0,empirical_station_model_lead_error_distribution,0.103825,0.015,0.02,ask,0.05,0.00098,0.083825,0.082845,1,ecmwf,20.9,1.5258,station_model_lead_empirical,89,1.8719,OK,2,1.016667,PASS,EXECUTABLE_ASK,PAPER_BUY,empirical_calibration_thresholds_pass
2026-09-17T19:17:36.241268+00:00,Munich,EDDM,2026-09-18,highest_temperature,4606260,munich|2026_09_18|highest_temperature|c|eddm,exact,24.0,24.0,24.0,empirical_station_model_lead_error_distribution,0.101604,0.01,0.02,ask,0.05,0.00098,0.081604,0.080624,1,ecmwf,20.2,1.3552,station_model_lead_empirical,89,1.8079,OK,1,1.038889,PASS,EXECUTABLE_ASK,PAPER_BUY,empirical_calibration_thresholds_pass
2026-09-17T19:17:36.287277+00:00,Beijing,ZBAA,2026-09-19,highest_temperature,4632938,beijing|2026_09_19|highest_temperature|c|zbaa,exact,32.0,32.0,32.0,empirical_station_model_lead_error_distribution,0.101604,0.015,0.02,ask,0.05,0.00098,0.081604,0.080624,1,ecmwf,28.5,1.8877,station_model_lead_empirical,89,0.2944,OK,2,1.038889,PASS,EXECUTABLE_ASK,PAPER_BUY,empirical_calibration_thresholds_pass
2026-09-17T19:17:36.246707+00:00,Beijing,ZBAA,2026-09-18,highest_temperature,4606391,beijing|2026_09_18|highest_temperature|c|zbaa,exact,32.0,32.0,32.0,empirical_station_model_lead_error_distribution,0.083799,0.0035,0.005,ask,0.05,0.00024875,0.078799,0.07855,1,ecmwf,29.1,1.6605,station_model_lead_empirical,89,0.4236,OK,1,0.994444,PASS,EXECUTABLE_ASK,PAPER_BUY,empirical_calibration_thresholds_pass
2026-09-17T19:17:36.237599+00:00,Paris,LFPB,2026-09-18,highest_temperature,4606204,paris|2026_09_18|highest_temperature|c|lfpb,exact,23.0,23.0,23.0,empirical_station_model_lead_error_distribution,0.262032,0.175,0.18,ask,0.05,0.00738,0.082032,0.074652,1,ecmwf,20.9,1.0644,station_model_lead_empirical,89,1.0225,OK,1,1.038889,PASS,EXECUTABLE_ASK,PAPER_BUY,empirical_calibration_thresholds_pass
2026-09-17T19:17:36.239761+00:00,Wellington,NZWN,2026-09-18,highest_temperature,4606236,wellington|2026_09_18|highest_temperature|c|nzwn,exact,14.0,14.0,14.0,empirical_station_model_lead_error_distribution,0.394595,0.29,0.31,ask,0.05,0.010695,0.084595,0.0739,1,ecmwf,13.6,0.8036,station_model_lead_empirical,88,0.825,OK,1,1.039326,PASS,EXECUTABLE_ASK,PAPER_BUY,empirical_calibration_thresholds_pass
2026-09-17T19:17:36.242738+00:00,Shanghai,ZSPD,2026-09-18,highest_temperature,4606304,shanghai|2026_09_18|highest_temperature|c|zspd,exact,31.0,31.0,31.0,empirical_station_model_lead_error_distribution,0.092896,0.015,0.02,ask,0.05,0.00098,0.072896,0.071916,1,ecmwf,28.1,1.2376,station_model_lead_empirical,88,1.0546,OK,1,1.02809,PASS,EXECUTABLE_ASK,PAPER_BUY,empirical_calibration_thresholds_pass
2026-09-17T19:17:36.277393+00:00,London,EGLC,2026-09-19,highest_temperature,4632737,london|2026_09_19|highest_temperature|c|eglc,exact,19.0,19.0,19.0,empirical_station_model_lead_error_distribution,0.092896,0.01,0.02,ask,0.05,0.00098,0.072896,0.071916,1,ecmwf,21.0,1.617,station_model_lead_empirical,89,-0.0944,OK,2,1.016667,PASS,EXECUTABLE_ASK,PAPER_BUY,empirical_calibration_thresholds_pass
2026-09-17T19:17:36.292542+00:00,Karachi,OPKC,2026-09-19,highest_temperature,4633087,karachi|2026_09_19|highest_temperature|c|opkc,exact,33.0,33.0,33.0,empirical_station_model_lead_error_distribution,0.144385,0.055,0.07,ask,0.05,0.003255,0.074385,0.07113,1,ecmwf,34.9,1.193,station_model_lead_empirical,89,-0.9382,OK,2,1.038889,PASS,EXECUTABLE_ASK,PAPER_BUY,empirical_calibration_thresholds_pass
2026-09-17T19:17:36.240554+00:00,Lucknow,VILK,2026-09-18,highest_temperature,4606250,lucknow|2026_09_18|highest_temperature|c|vilk,exact,35.0,35.0,35.0,empirical_station_model_lead_error_distribution,0.122995,0.04,0.05,ask,0.05,0.002375,0.072995,0.07062,1,ecmwf,32.4,1.2964,station_model_lead_empirical,89,0.7157,OK,1,1.038889,PASS,EXECUTABLE_ASK,PAPER_BUY,empirical_calibration_thresholds_pass
2026-09-17T19:17:36.289689+00:00,Helsinki,EFHK,2026-09-19,highest_temperature,4633025,helsinki|2026_09_19|highest_temperature|c|efhk,exact,19.0,19.0,19.0,empirical_station_model_lead_error_distribution,0.080214,0.006,0.01,ask,0.05,0.000495,0.070214,0.069719,1,ecmwf,16.5,1.3783,station_model_lead_empirical,89,0.8045,OK,2,1.038889,PASS,EXECUTABLE_ASK,PAPER_BUY,empirical_calibration_thresholds_pass
2026-09-17T19:17:36.289707+00:00,Helsinki,EFHK,2026-09-19,highest_temperature,4633026,helsinki|2026_09_19|highest_temperature|c|efhk,exact,20.0,20.0,20.0,empirical_station_model_lead_error_distribution,0.080214,0.006,0.01,ask,0.05,0.000495,0.070214,0.069719,1,ecmwf,16.5,1.3783,station_model_lead_empirical,89,0.8045,OK,2,1.038889,PASS,EXECUTABLE_ASK,PAPER_BUY,empirical_calibration_thresholds_pass
2026-09-17T19:17:36.263148+00:00,Ankara,LTAC,2026-09-19,lowest_temperature,4632035,ankara|2026_09_19|lowest_temperature|c|ltac,exact,10.0,10.0,10.0,empirical_station_model_lead_error_distribution,0.118644,0.025,0.05,ask,0.05,0.002375,0.068644,0.066269,1,ecmwf,12.6,1.2151,station_model_lead_empirical,89,-0.9596,OK,2,0.983333,PASS,EXECUTABLE_ASK,PAPER_BUY,empirical_calibration_thresholds_pass
2026-09-17T19:17:36.237541+00:00,Paris,LFPB,2026-09-18,highest_temperature,4606201,paris|2026_09_18|highest_temperature|c|lfpb,exact,20.0,20.0,20.0,empirical_station_model_lead_error_distribution,0.080214,0.008,0.014,ask,0.05,0.0006902,0.066214,0.065524,1,ecmwf,20.9,1.0644,station_model_lead_empirical,89,1.0225,OK,1,1.038889,PASS,EXECUTABLE_ASK,PAPER_BUY,empirical_calibration_thresholds_pass
2026-09-17T19:17:36.245707+00:00,Warsaw,EPWA,2026-09-18,highest_temperature,4606349,warsaw|2026_09_18|highest_temperature|c|epwa,exact,23.0,23.0,23.0,empirical_station_model_lead_error_distribution,0.147541,0.075,0.08,ask,0.05,0.00368,0.067541,0.063861,1,ecmwf,21.1,1.2033,station_model_lead_empirical,89,0.2921,OK,1,1.016667,PASS,EXECUTABLE_ASK,PAPER_BUY,empirical_calibration_thresholds_pass
2026-09-17T19:17:36.281169+00:00,Lucknow,VILK,2026-09-19,highest_temperature,4632796,lucknow|2026_09_19|highest_temperature|c|vilk,exact,33.0,33.0,33.0,empirical_station_model_lead_error_distribution,0.240642,0.16,0.17,ask,0.05,0.007055,0.070642,0.063587,1,ecmwf,30.8,1.4515,station_model_lead_empirical,89,0.9315,OK,2,1.038889,PASS,EXECUTABLE_ASK,PAPER_BUY,empirical_calibration_thresholds_pass
2026-09-17T19:17:36.246670+00:00,Beijing,ZBAA,2026-09-18,highest_temperature,4606389,beijing|2026_09_18|highest_temperature|c|zbaa,exact,30.0,30.0,30.0,empirical_station_model_lead_error_distribution,0.240223,0.155,0.17,ask,0.05,0.007055,0.070223,0.063168,1,ecmwf,29.1,1.6605,station_model_lead_empirical,89,0.4236,OK,1,0.994444,PASS,EXECUTABLE_ASK,PAPER_BUY,empirical_calibration_thresholds_pass
2026-09-17T19:17:36.288861+00:00,Amsterdam,EHAM,2026-09-19,highest_temperature,4633009,amsterdam|2026_09_19|highest_temperature|c|eham,exact,19.0,19.0,19.0,empirical_station_model_lead_error_distribution,0.124324,0.045,0.06,ask,0.05,0.00282,0.064324,0.061504,1,ecmwf,19.6,1.3704,station_model_lead_empirical,89,0.5539,OK,2,1.027778,PASS,EXECUTABLE_ASK,PAPER_BUY,empirical_calibration_thresholds_pass
2026-09-17T19:17:36.290410+00:00,Kuala Lumpur,WMKK,2026-09-19,highest_temperature,4633036,kuala_lumpur|2026_09_19|highest_temperature|c|wmkk,exact,34.0,34.0,34.0,empirical_station_model_lead_error_distribution,0.113514,0.035,0.05,ask,0.05,0.002375,0.063514,0.061139,1,ecmwf,30.3,1.2354,station_model_lead_empirical,88,1.7875,OK,2,1.039326,PASS,EXECUTABLE_ASK,PAPER_BUY,empirical_calibration_thresholds_pass
2026-09-17T19:17:36.287143+00:00,Beijing,ZBAA,2026-09-19,highest_temperature,4632931,beijing|2026_09_19|highest_temperature|c|zbaa,exact,25.0,25.0,25.0,empirical_station_model_lead_error_distribution,0.069519,0.005,0.008,ask,0.05,0.0003968,0.061519,0.061122,1,ecmwf,28.5,1.8877,station_model_lead_empirical,89,0.2944,OK,2,1.038889,PASS,EXECUTABLE_ASK,PAPER_BUY,empirical_calibration_thresholds_pass
2026-09-17T19:17:36.288842+00:00,Amsterdam,EHAM,2026-09-19,highest_temperature,4633008,amsterdam|2026_09_19|highest_temperature|c|eham,exact,18.0,18.0,18.0,empirical_station_model_lead_error_distribution,0.07027,0.006,0.01,ask,0.05,0.000495,0.06027,0.059775,1,ecmwf,19.6,1.3704,station_model_lead_empirical,89,0.5539,OK,2,1.027778,PASS,EXECUTABLE_ASK,PAPER_BUY,empirical_calibration_thresholds_pass
2026-09-17T19:17:36.210130+00:00,Amsterdam,EHAM,2026-09-17,highest_temperature,4576501,amsterdam|2026_09_17|highest_temperature|c|eham,exact,18.0,18.0,18.0,empirical_station_model_lead_error_distribution,0.379679,0.0005,0.001,ask,0.05,4.995e-05,0.378679,0.378629,1,ecmwf,16.6,1.1572,station_model_lead_empirical,89,0.6393,OK,1,1.038889,PASS,THIN_ASK,POSSIBLE_EDGE,thin_ask
2026-09-17T19:17:36.223513+00:00,Wellington,NZWN,2026-09-18,lowest_temperature,4605512,wellington|2026_09_18|lowest_temperature|c|nzwn,exact,9.0,9.0,9.0,empirical_station_model_lead_error_distribution,0.351351,0.0005,0.001,ask,0.05,4.995e-05,0.350351,0.350301,1,ecmwf,9.3,1.182,station_model_lead_empirical,88,-0.2398,OK,1,1.039326,PASS,THIN_ASK,POSSIBLE_EDGE,thin_ask
2026-09-17T19:17:36.205798+00:00,Paris,LFPB,2026-09-17,highest_temperature,4576212,paris|2026_09_17|highest_temperature|c|lfpb,exact,23.0,23.0,23.0,empirical_station_model_lead_error_distribution,0.340541,0.0005,0.001,ask,0.05,4.995e-05,0.339541,0.339491,1,ecmwf,21.3,1.0644,station_model_lead_empirical,89,1.0225,OK,1,1.027778,PASS,THIN_ASK,POSSIBLE_EDGE,thin_ask
2026-09-17T19:17:36.205020+00:00,London,EGLC,2026-09-17,highest_temperature,4576199,london|2026_09_17|highest_temperature|c|eglc,exact,20.0,20.0,20.0,empirical_station_model_lead_error_distribution,0.336898,0.0005,0.001,ask,0.05,4.995e-05,0.335898,0.335848,1,ecmwf,20.4,1.2266,station_model_lead_empirical,89,-0.0528,OK,1,1.038889,PASS,THIN_ASK,POSSIBLE_EDGE,thin_ask
2026-09-17T19:17:36.207231+00:00,Munich,EDDM,2026-09-17,highest_temperature,4576265,munich|2026_09_17|highest_temperature|c|eddm,exact,21.0,21.0,21.0,empirical_station_model_lead_error_distribution,0.336898,0.0005,0.001,ask,0.05,4.995e-05,0.335898,0.335848,1,ecmwf,19.1,1.3552,station_model_lead_empirical,89,1.8079,OK,1,1.038889,PASS,THIN_ASK,POSSIBLE_EDGE,thin_ask
2026-09-17T19:17:36.206493+00:00,Ankara,LTAC,2026-09-17,highest_temperature,4576232,ankara|2026_09_17|highest_temperature|c|ltac,exact,19.0,19.0,19.0,empirical_station_model_lead_error_distribution,0.315508,0.0005,0.001,ask,0.05,4.995e-05,0.314508,0.314458,1,ecmwf,18.9,1.1926,station_model_lead_empirical,89,0.6809,OK,1,1.038889,PASS,THIN_ASK,POSSIBLE_EDGE,thin_ask
2026-09-17T19:17:36.208025+00:00,Milan,LIMC,2026-09-17,highest_temperature,4576364,milan|2026_09_17|highest_temperature|c|limc,exact,25.0,25.0,25.0,empirical_station_model_lead_error_distribution,0.313869,0.0005,0.001,ask,0.05,4.995e-05,0.312869,0.312819,1,ecmwf,23.6,1.2146,station_model_lead_empirical,88,1.0796,OK,1,0.769663,INCOMPLETE,THIN_ASK,POSSIBLE_EDGE,thin_ask; family=INCOMPLETE
2026-09-17T19:17:36.210858+00:00,Helsinki,EFHK,2026-09-17,highest_temperature,4576513,helsinki|2026_09_17|highest_temperature|c|efhk,exact,18.0,18.0,18.0,empirical_station_model_lead_error_distribution,0.304813,0.0005,0.001,ask,0.05,4.995e-05,0.303813,0.303763,1,ecmwf,16.3,1.1569,station_model_lead_empirical,89,0.9416,OK,1,1.038889,PASS,THIN_ASK,POSSIBLE_EDGE,thin_ask
2026-09-17T19:17:36.223532+00:00,Wellington,NZWN,2026-09-18,lowest_temperature,4605513,wellington|2026_09_18|lowest_temperature|c|nzwn,exact,10.0,10.0,10.0,empirical_station_model_lead_error_distribution,0.297297,0.0005,0.001,ask,0.05,4.995e-05,0.296297,0.296247,1,ecmwf,9.3,1.182,station_model_lead_empirical,88,-0.2398,OK,1,1.039326,PASS,THIN_ASK,POSSIBLE_EDGE,thin_ask
2026-09-17T19:17:36.206512+00:00,Ankara,LTAC,2026-09-17,highest_temperature,4576233,ankara|2026_09_17|highest_temperature|c|ltac,exact,20.0,20.0,20.0,empirical_station_model_lead_error_distribution,0.294118,0.0005,0.001,ask,0.05,4.995e-05,0.293118,0.293068,1,ecmwf,18.9,1.1926,station_model_lead_empirical,89,0.6809,OK,1,1.038889,PASS,THIN_ASK,POSSIBLE_EDGE,thin_ask
2026-09-17T19:17:36.209428+00:00,Warsaw,EPWA,2026-09-17,highest_temperature,4576384,warsaw|2026_09_17|highest_temperature|c|epwa,exact,19.0,19.0,19.0,empirical_station_model_lead_error_distribution,0.289617,0.0005,0.001,ask,0.05,4.995e-05,0.288617,0.288568,1,ecmwf,18.0,1.2033,station_model_lead_empirical,89,0.2921,OK,1,1.016667,PASS,THIN_ASK,POSSIBLE_EDGE,thin_ask
2026-09-17T19:17:36.212180+00:00,Karachi,OPKC,2026-09-17,highest_temperature,4576580,karachi|2026_09_17|highest_temperature|c|opkc,exact,35.0,35.0,35.0,empirical_station_model_lead_error_distribution,0.275676,0.0005,0.001,ask,0.05,4.995e-05,0.274676,0.274626,1,ecmwf,34.8,1.0426,station_model_lead_empirical,89,-0.8865,OK,1,1.027778,PASS,THIN_ASK,POSSIBLE_EDGE,thin_ask
2026-09-17T19:17:36.208042+00:00,Milan,LIMC,2026-09-17,highest_temperature,4576365,milan|2026_09_17|highest_temperature|c|limc,or_higher,26.0,26.0,,empirical_station_model_lead_error_distribution,0.275281,0.0005,0.001,ask,0.05,4.995e-05,0.274281,0.274231,1,ecmwf,23.6,1.2146,station_model_lead_empirical,88,1.0796,OK,1,0.769663,INCOMPLETE,THIN_ASK,POSSIBLE_EDGE,thin_ask
2026-09-17T19:17:36.205038+00:00,London,EGLC,2026-09-17,highest_temperature,4576200,london|2026_09_17|highest_temperature|c|eglc,exact,21.0,21.0,21.0,empirical_station_model_lead_error_distribution,0.240642,0.0005,0.001,ask,0.05,4.995e-05,0.239642,0.239592,1,ecmwf,20.4,1.2266,station_model_lead_empirical,89,-0.0528,OK,1,1.038889,PASS,THIN_ASK,POSSIBLE_EDGE,thin_ask
2026-09-17T19:17:36.207249+00:00,Munich,EDDM,2026-09-17,highest_temperature,4576266,munich|2026_09_17|highest_temperature|c|eddm,exact,22.0,22.0,22.0,empirical_station_model_lead_error_distribution,0.240642,0.0005,0.001,ask,0.05,4.995e-05,0.239642,0.239592,1,ecmwf,19.1,1.3552,station_model_lead_empirical,89,1.8079,OK,1,1.038889,PASS,THIN_ASK,POSSIBLE_EDGE,thin_ask
2026-09-17T19:17:36.209398+00:00,Warsaw,EPWA,2026-09-17,highest_temperature,4576382,warsaw|2026_09_17|highest_temperature|c|epwa,exact,17.0,17.0,17.0,empirical_station_model_lead_error_distribution,0.224044,0.0005,0.001,ask,0.05,4.995e-05,0.223044,0.222994,1,ecmwf,18.0,1.2033,station_model_lead_empirical,89,0.2921,OK,1,1.016667,PASS,THIN_ASK,POSSIBLE_EDGE,thin_ask
2026-09-17T19:17:36.222054+00:00,Seoul (Incheon),RKSI,2026-09-18,lowest_temperature,4605442,seoul_incheon|2026_09_18|lowest_temperature|c|rksi,exact,21.0,21.0,21.0,empirical_station_model_lead_error_distribution,0.221622,0.0005,0.001,ask,0.05,4.995e-05,0.220622,0.220572,1,ecmwf,19.9,0.8621,station_model_lead_empirical,88,0.4341,OK,1,1.039326,PASS,THIN_ASK,POSSIBLE_EDGE,thin_ask
2026-09-17T19:17:36.208705+00:00,Madrid,LEMD,2026-09-17,highest_temperature,4576373,madrid|2026_09_17|highest_temperature|c|lemd,exact,28.0,28.0,28.0,empirical_station_model_lead_error_distribution,0.208556,0.0005,0.001,ask,0.05,4.995e-05,0.207556,0.207506,1,ecmwf,26.8,0.75,station_model_lead_empirical,89,0.1832,OK,1,1.038889,PASS,THIN_ASK,POSSIBLE_EDGE,thin_ask
2026-09-17T19:17:36.208676+00:00,Madrid,LEMD,2026-09-17,highest_temperature,4576371,madrid|2026_09_17|highest_temperature|c|lemd,exact,26.0,26.0,26.0,empirical_station_model_lead_error_distribution,0.197861,0.0005,0.001,ask,0.05,4.995e-05,0.196861,0.196811,1,ecmwf,26.8,0.75,station_model_lead_empirical,89,0.1832,OK,1,1.038889,PASS,THIN_ASK,POSSIBLE_EDGE,thin_ask
2026-09-17T19:17:36.206530+00:00,Ankara,LTAC,2026-09-17,highest_temperature,4576234,ankara|2026_09_17|highest_temperature|c|ltac,exact,21.0,21.0,21.0,empirical_station_model_lead_error_distribution,0.187166,0.0005,0.001,ask,0.05,4.995e-05,0.186166,0.186116,1,ecmwf,18.9,1.1926,station_model_lead_empirical,89,0.6809,OK,1,1.038889,PASS,THIN_ASK,POSSIBLE_EDGE,thin_ask
2026-09-17T19:17:36.207995+00:00,Milan,LIMC,2026-09-17,highest_temperature,4576362,milan|2026_09_17|highest_temperature|c|limc,exact,23.0,23.0,23.0,empirical_station_model_lead_error_distribution,0.182482,0.0005,0.001,ask,0.05,4.995e-05,0.181482,0.181432,1,ecmwf,23.6,1.2146,station_model_lead_empirical,88,1.0796,OK,1,0.769663,INCOMPLETE,THIN_ASK,POSSIBLE_EDGE,thin_ask; family=INCOMPLETE
2026-09-17T19:17:36.210829+00:00,Helsinki,EFHK,2026-09-17,highest_temperature,4576511,helsinki|2026_09_17|highest_temperature|c|efhk,exact,16.0,16.0,16.0,empirical_station_model_lead_error_distribution,0.165775,0.0005,0.001,ask,0.05,4.995e-05,0.164775,0.164725,1,ecmwf,16.3,1.1569,station_model_lead_empirical,89,0.9416,OK,1,1.038889,PASS,THIN_ASK,POSSIBLE_EDGE,thin_ask
2026-09-17T19:17:36.212148+00:00,Karachi,OPKC,2026-09-17,highest_temperature,4576578,karachi|2026_09_17|highest_temperature|c|opkc,exact,33.0,33.0,33.0,empirical_station_model_lead_error_distribution,0.156757,0.0005,0.001,ask,0.05,4.995e-05,0.155757,0.155707,1,ecmwf,34.8,1.0426,station_model_lead_empirical,89,-0.8865,OK,1,1.027778,PASS,THIN_ASK,POSSIBLE_EDGE,thin_ask
2026-09-17T19:17:36.202363+00:00,Amsterdam,EHAM,2026-09-17,lowest_temperature,4575901,amsterdam|2026_09_17|lowest_temperature|c|eham,exact,14.0,14.0,14.0,empirical_station_model_lead_error_distribution,0.15508,0.0005,0.001,ask,0.05,4.995e-05,0.15408,0.15403,1,ecmwf,13.1,1.0114,station_model_lead_empirical,89,-0.5124,OK,1,1.038889,PASS,THIN_ASK,POSSIBLE_EDGE,thin_ask
2026-09-17T19:17:36.205001+00:00,London,EGLC,2026-09-17,highest_temperature,4576198,london|2026_09_17|highest_temperature|c|eglc,exact,19.0,19.0,19.0,empirical_station_model_lead_error_distribution,0.15508,0.0005,0.001,ask,0.05,4.995e-05,0.15408,0.15403,1,ecmwf,20.4,1.2266,station_model_lead_empirical,89,-0.0528,OK,1,1.038889,PASS,THIN_ASK,POSSIBLE_EDGE,thin_ask
2026-09-17T19:17:36.222072+00:00,Seoul (Incheon),RKSI,2026-09-18,lowest_temperature,4605444,seoul_incheon|2026_09_18|lowest_temperature|c|rksi,exact,22.0,22.0,22.0,empirical_station_model_lead_error_distribution,0.145946,0.0005,0.001,ask,0.05,4.995e-05,0.144946,0.144896,1,ecmwf,19.9,0.8621,station_model_lead_empirical,88,0.4341,OK,1,1.039326,PASS,THIN_ASK,POSSIBLE_EDGE,thin_ask
2026-09-17T19:17:36.209446+00:00,Warsaw,EPWA,2026-09-17,highest_temperature,4576385,warsaw|2026_09_17|highest_temperature|c|epwa,exact,20.0,20.0,20.0,empirical_station_model_lead_error_distribution,0.136612,0.0005,0.001,ask,0.05,4.995e-05,0.135612,0.135562,1,ecmwf,18.0,1.2033,station_model_lead_empirical,89,0.2921,OK,1,1.016667,PASS,THIN_ASK,POSSIBLE_EDGE,thin_ask
2026-09-17T19:17:36.249860+00:00,Kuala Lumpur,WMKK,2026-09-18,highest_temperature,4606490,kuala_lumpur|2026_09_18|highest_temperature|c|wmkk,exact,37.0,37.0,37.0,empirical_station_model_lead_error_distribution,0.125683,0.0005,0.001,ask,0.05,4.995e-05,0.124683,0.124633,1,ecmwf,33.5,1.0808,station_model_lead_empirical,88,1.7011,OK,1,1.02809,PASS,THIN_ASK,POSSIBLE_EDGE,thin_ask
2026-09-17T19:17:36.201625+00:00,Warsaw,EPWA,2026-09-17,lowest_temperature,4575792,warsaw|2026_09_17|lowest_temperature|c|epwa,exact,14.0,14.0,14.0,empirical_station_model_lead_error_distribution,0.122995,0.0005,0.001,ask,0.05,4.995e-05,0.121995,0.121945,1,ecmwf,13.0,1.4383,station_model_lead_empirical,89,-0.7674,OK,1,1.038889,PASS,THIN_ASK,POSSIBLE_EDGE,thin_ask
2026-09-17T19:17:36.241858+00:00,Tokyo,RJTT,2026-09-18,highest_temperature,4606275,tokyo|2026_09_18|highest_temperature|c|rjtt,or_lower,19.0,,19.0,empirical_station_model_lead_error_distribution,0.117978,0.0005,0.001,ask,0.05,4.995e-05,0.116978,0.116928,1,ecmwf,23.1,2.0246,station_model_lead_empirical,88,-0.7375,OK,1,0.938202,PASS,THIN_ASK,POSSIBLE_EDGE,thin_ask
2026-09-17T19:17:36.223550+00:00,Wellington,NZWN,2026-09-18,lowest_temperature,4605514,wellington|2026_09_18|lowest_temperature|c|nzwn,exact,11.0,11.0,11.0,empirical_station_model_lead_error_distribution,0.113514,0.0005,0.001,ask,0.05,4.995e-05,0.112514,0.112464,1,ecmwf,9.3,1.182,station_model_lead_empirical,88,-0.2398,OK,1,1.039326,PASS,THIN_ASK,POSSIBLE_EDGE,thin_ask
2026-09-17T19:17:36.226516+00:00,Shanghai,ZSPD,2026-09-18,lowest_temperature,4605580,shanghai|2026_09_18|lowest_temperature|c|zspd,exact,26.0,26.0,26.0,empirical_station_model_lead_error_distribution,0.113514,0.0005,0.001,ask,0.05,4.995e-05,0.112514,0.112464,1,ecmwf,24.7,0.922,station_model_lead_empirical,88,-0.1205,OK,1,1.039326,PASS,THIN_ASK,POSSIBLE_EDGE,thin_ask
2026-09-17T22:21:23.682643+00:00,Seoul (Incheon),RKSI,2026-09-19,lowest_temperature,4632027,seoul_incheon|2026_09_19|lowest_temperature|c|rksi,exact,18.0,18.0,18.0,empirical_station_model_lead_error_distribution,0.416216,0.04,0.05,ask,0.05,0.002375,0.366216,0.363841,1,ecmwf,18.1,1.0398,station_model_lead_empirical,88,0.4943,OK,2,1.039326,PASS,EXECUTABLE_ASK,PAPER_BUY,empirical_calibration_thresholds_pass
2026-09-17T22:21:23.618913+00:00,London,EGLC,2026-09-17,lowest_temperature,4575634,london|2026_09_17|lowest_temperature|c|eglc,exact,13.0,13.0,13.0,empirical_station_model_lead_error_distribution,0.411765,0.025,0.05,ask,0.05,0.002375,0.361765,0.35939,1,ecmwf,13.2,0.7742,station_model_lead_empirical,89,0.2292,OK,1,1.038889,PASS,EXECUTABLE_ASK,PAPER_BUY,empirical_calibration_thresholds_pass
2026-09-17T22:21:23.655894+00:00,London,EGLC,2026-09-18,highest_temperature,4606190,london|2026_09_18|highest_temperature|c|eglc,exact,18.0,18.0,18.0,empirical_station_model_lead_error_distribution,0.318919,0.01,0.02,ask,0.05,0.00098,0.298919,0.297939,1,ecmwf,18.8,1.2266,station_model_lead_empirical,89,-0.0528,OK,1,1.027778,PASS,EXECUTABLE_ASK,PAPER_BUY,empirical_calibration_thresholds_pass
2026-09-17T22:21:23.711149+00:00,Helsinki,EFHK,2026-09-19,highest_temperature,4633024,helsinki|2026_09_19|highest_temperature|c|efhk,exact,18.0,18.0,18.0,empirical_station_model_lead_error_distribution,0.372973,0.08,0.1,ask,0.05,0.0045,0.272973,0.268473,1,ecmwf,16.8,1.3783,station_model_lead_empirical,89,0.8045,OK,2,1.027778,PASS,EXECUTABLE_ASK,PAPER_BUY,empirical_calibration_thresholds_pass
2026-09-17T22:21:23.657462+00:00,Seoul (Incheon),RKSI,2026-09-18,highest_temperature,4606215,seoul_incheon|2026_09_18|highest_temperature|c|rksi,exact,30.0,30.0,30.0,empirical_station_model_lead_error_distribution,0.297297,0.045,0.05,ask,0.05,0.002375,0.247297,0.244922,1,ecmwf,28.7,1.3062,station_model_lead_empirical,88,1.1614,OK,1,1.039326,PASS,EXECUTABLE_ASK,PAPER_BUY,empirical_calibration_thresholds_pass
2026-09-17T22:21:23.660501+00:00,Munich,EDDM,2026-09-18,highest_temperature,4606259,munich|2026_09_18|highest_temperature|c|eddm,exact,23.0,23.0,23.0,empirical_station_model_lead_error_distribution,0.262032,0.01,0.02,ask,0.05,0.00098,0.242032,0.241052,1,ecmwf,20.4,1.3552,station_model_lead_empirical,89,1.8079,OK,1,1.038889,PASS,EXECUTABLE_ASK,PAPER_BUY,empirical_calibration_thresholds_pass
2026-09-17T22:21:23.698341+00:00,London,EGLC,2026-09-19,highest_temperature,4632738,london|2026_09_19|highest_temperature|c|eglc,exact,20.0,20.0,20.0,empirical_station_model_lead_error_distribution,0.278689,0.035,0.04,ask,0.05,0.00192,0.238689,0.236769,1,ecmwf,20.5,1.617,station_model_lead_empirical,89,-0.0944,OK,2,1.016667,PASS,EXECUTABLE_ASK,PAPER_BUY,empirical_calibration_thresholds_pass
2026-09-17T22:21:23.668764+00:00,Helsinki,EFHK,2026-09-18,highest_temperature,4606478,helsinki|2026_09_18|highest_temperature|c|efhk,exact,17.0,17.0,17.0,empirical_station_model_lead_error_distribution,0.26776,0.02,0.03,ask,0.05,0.001455,0.23776,0.236305,1,ecmwf,15.1,1.1569,station_model_lead_empirical,89,0.9416,OK,1,1.016667,PASS,EXECUTABLE_ASK,PAPER_BUY,empirical_calibration_thresholds_pass
2026-09-17T22:21:23.663603+00:00,Milan,LIMC,2026-09-18,highest_temperature,4606325,milan|2026_09_18|highest_temperature|c|limc,exact,21.0,21.0,21.0,empirical_station_model_lead_error_distribution,0.337017,0.085,0.1,ask,0.05,0.0045,0.237017,0.232517,1,ecmwf,20.4,1.2146,station_model_lead_empirical,88,1.0796,OK,1,1.016854,PASS,EXECUTABLE_ASK,PAPER_BUY,empirical_calibration_thresholds_pass
2026-09-17T22:21:23.662848+00:00,Singapore,WSSS,2026-09-18,highest_temperature,4606315,singapore|2026_09_18|highest_temperature|c|wsss,exact,34.0,34.0,34.0,empirical_station_model_lead_error_distribution,0.311475,0.075,0.08,ask,0.05,0.00368,0.231475,0.227795,1,ecmwf,31.8,0.9953,station_model_lead_empirical,88,1.5454,OK,1,1.02809,PASS,EXECUTABLE_ASK,PAPER_BUY,empirical_calibration_thresholds_pass
2026-09-17T22:21:23.665094+00:00,Warsaw,EPWA,2026-09-18,highest_temperature,4606346,warsaw|2026_09_18|highest_temperature|c|epwa,exact,20.0,20.0,20.0,empirical_station_model_lead_error_distribution,0.256831,0.02,0.03,ask,0.05,0.001455,0.226831,0.225376,1,ecmwf,20.8,1.2033,station_model_lead_empirical,89,0.2921,OK,1,1.016667,PASS,EXECUTABLE_ASK,PAPER_BUY,empirical_calibration_thresholds_pass
2026-09-17T22:21:23.683304+00:00,Ankara,LTAC,2026-09-19,lowest_temperature,4632034,ankara|2026_09_19|lowest_temperature|c|ltac,or_lower,9.0,,9.0,empirical_station_model_lead_error_distribution,0.238889,0.01,0.02,ask,0.05,0.00098,0.218889,0.217909,1,ecmwf,11.3,1.2151,station_model_lead_empirical,89,-0.9596,OK,2,0.816667,INCOMPLETE,EXECUTABLE_ASK,PAPER_BUY,empirical_calibration_thresholds_pass
2026-09-17T22:21:23.662066+00:00,Shanghai,ZSPD,2026-09-18,highest_temperature,4606303,shanghai|2026_09_18|highest_temperature|c|zspd,exact,30.0,30.0,30.0,empirical_station_model_lead_error_distribution,0.322404,0.085,0.1,ask,0.05,0.0045,0.222404,0.217904,1,ecmwf,28.2,1.2376,station_model_lead_empirical,88,1.0546,OK,1,1.02809,PASS,EXECUTABLE_ASK,PAPER_BUY,empirical_calibration_thresholds_pass
2026-09-17T22:21:23.687272+00:00,Shanghai,ZSPD,2026-09-19,lowest_temperature,4632118,shanghai|2026_09_19|lowest_temperature|c|zspd,exact,26.0,26.0,26.0,empirical_station_model_lead_error_distribution,0.232432,0.01,0.02,ask,0.05,0.00098,0.212432,0.211452,1,ecmwf,25.0,1.0041,station_model_lead_empirical,88,-0.0716,OK,2,1.039326,PASS,EXECUTABLE_ASK,PAPER_BUY,empirical_calibration_thresholds_pass
2026-09-17T22:21:23.664323+00:00,Madrid,LEMD,2026-09-18,highest_temperature,4606335,madrid|2026_09_18|highest_temperature|c|lemd,exact,27.0,27.0,27.0,empirical_station_model_lead_error_distribution,0.368984,0.15,0.16,ask,0.05,0.00672,0.208984,0.202264,1,ecmwf,27.2,0.75,station_model_lead_empirical,89,0.1832,OK,1,1.038889,PASS,EXECUTABLE_ASK,PAPER_BUY,empirical_calibration_thresholds_pass
2026-09-17T22:21:23.700626+00:00,Ankara,LTAC,2026-09-19,highest_temperature,4632770,ankara|2026_09_19|highest_temperature|c|ltac,exact,22.0,22.0,22.0,empirical_station_model_lead_error_distribution,0.243243,0.025,0.04,ask,0.05,0.00192,0.203243,0.201323,1,ecmwf,22.5,1.3516,station_model_lead_empirical,89,0.4191,OK,2,1.027778,PASS,EXECUTABLE_ASK,PAPER_BUY,empirical_calibration_thresholds_pass
2026-09-17T22:21:23.705280+00:00,Singapore,WSSS,2026-09-19,highest_temperature,4632862,singapore|2026_09_19|highest_temperature|c|wsss,exact,34.0,34.0,34.0,empirical_station_model_lead_error_distribution,0.243243,0.035,0.04,ask,0.05,0.00192,0.203243,0.201323,1,ecmwf,31.2,1.1304,station_model_lead_empirical,88,1.6591,OK,2,1.039326,PASS,EXECUTABLE_ASK,PAPER_BUY,empirical_calibration_thresholds_pass
2026-09-17T22:21:23.699918+00:00,Seoul (Incheon),RKSI,2026-09-19,highest_temperature,4632762,seoul_incheon|2026_09_19|highest_temperature|c|rksi,exact,29.0,29.0,29.0,empirical_station_model_lead_error_distribution,0.311475,0.09,0.11,ask,0.05,0.004895,0.201475,0.19658,1,ecmwf,28.1,1.4927,station_model_lead_empirical,88,1.1011,OK,2,1.02809,PASS,EXECUTABLE_ASK,PAPER_BUY,empirical_calibration_thresholds_pass
2026-09-17T22:21:23.639003+00:00,London,EGLC,2026-09-18,lowest_temperature,4605387,london|2026_09_18|lowest_temperature|c|eglc,exact,11.0,11.0,11.0,empirical_station_model_lead_error_distribution,0.433155,0.15,0.23,ask,0.05,0.008855,0.203155,0.1943,1,ecmwf,11.1,0.7742,station_model_lead_empirical,89,0.2292,OK,1,1.038889,PASS,EXECUTABLE_ASK,PAPER_BUY,empirical_calibration_thresholds_pass
2026-09-17T22:21:23.645155+00:00,Shanghai,ZSPD,2026-09-18,lowest_temperature,4605578,shanghai|2026_09_18|lowest_temperature|c|zspd,exact,24.0,24.0,24.0,empirical_station_model_lead_error_distribution,0.232432,0.07,0.04,ask,0.05,0.00192,0.192432,0.190512,1,ecmwf,24.7,0.922,station_model_lead_empirical,88,-0.1205,OK,1,1.039326,PASS,EXECUTABLE_ASK,PAPER_BUY,empirical_calibration_thresholds_pass
2026-09-17T22:21:23.658252+00:00,Ankara,LTAC,2026-09-18,highest_temperature,4606227,ankara|2026_09_18|highest_temperature|c|ltac,exact,24.0,24.0,24.0,empirical_station_model_lead_error_distribution,0.251337,0.055,0.06,ask,0.05,0.00282,0.191337,0.188517,1,ecmwf,22.4,1.1926,station_model_lead_empirical,89,0.6809,OK,1,1.038889,PASS,EXECUTABLE_ASK,PAPER_BUY,empirical_calibration_thresholds_pass
2026-09-17T22:21:23.706011+00:00,Milan,LIMC,2026-09-19,highest_temperature,4632871,milan|2026_09_19|highest_temperature|c|limc,exact,24.0,24.0,24.0,empirical_station_model_lead_error_distribution,0.248619,0.04,0.06,ask,0.05,0.00282,0.188619,0.185799,1,ecmwf,24.4,1.3536,station_model_lead_empirical,88,0.9841,OK,2,1.016854,PASS,EXECUTABLE_ASK,PAPER_BUY,empirical_calibration_thresholds_pass
2026-09-17T22:21:23.657482+00:00,Seoul (Incheon),RKSI,2026-09-18,highest_temperature,4606216,seoul_incheon|2026_09_18|highest_temperature|c|rksi,exact,31.0,31.0,31.0,empirical_station_model_lead_error_distribution,0.189189,0.0025,0.004,ask,0.05,0.0001992,0.185189,0.18499,1,ecmwf,28.7,1.3062,station_model_lead_empirical,88,1.1614,OK,1,1.039326,PASS,EXECUTABLE_ASK,PAPER_BUY,empirical_calibration_thresholds_pass
2026-09-17T22:21:23.689565+00:00,Madrid,LEMD,2026-09-19,lowest_temperature,4632144,madrid|2026_09_19|lowest_temperature|c|lemd,or_lower,12.0,,12.0,empirical_station_model_lead_error_distribution,0.338889,0.085,0.17,ask,0.05,0.007055,0.168889,0.161834,1,ecmwf,14.7,1.6221,station_model_lead_empirical,89,-1.5787,OK,2,0.705556,INCOMPLETE,EXECUTABLE_ASK,PAPER_BUY,empirical_calibration_thresholds_pass
2026-09-17T22:21:23.663582+00:00,Milan,LIMC,2026-09-18,highest_temperature,4606324,milan|2026_09_18|highest_temperature|c|limc,exact,20.0,20.0,20.0,empirical_station_model_lead_error_distribution,0.171271,0.008,0.01,ask,0.05,0.000495,0.161271,0.160776,1,ecmwf,20.4,1.2146,station_model_lead_empirical,88,1.0796,OK,1,1.016854,PASS,EXECUTABLE_ASK,PAPER_BUY,empirical_calibration_thresholds_pass
2026-09-17T22:21:23.707469+00:00,Warsaw,EPWA,2026-09-19,highest_temperature,4632892,warsaw|2026_09_19|highest_temperature|c|epwa,exact,20.0,20.0,20.0,empirical_station_model_lead_error_distribution,0.208556,0.035,0.05,ask,0.05,0.002375,0.158556,0.156181,1,ecmwf,20.7,1.1151,station_model_lead_empirical,89,0.2281,OK,2,1.038889,PASS,EXECUTABLE_ASK,PAPER_BUY,empirical_calibration_thresholds_pass
2026-09-17T22:21:23.659712+00:00,Lucknow,VILK,2026-09-18,highest_temperature,4606246,lucknow|2026_09_18|highest_temperature|c|vilk,exact,31.0,31.0,31.0,empirical_station_model_lead_error_distribution,0.187166,0.02,0.03,ask,0.05,0.001455,0.157166,0.155711,1,ecmwf,31.7,1.2964,station_model_lead_empirical,89,0.7157,OK,1,1.038889,PASS,EXECUTABLE_ASK,PAPER_BUY,empirical_calibration_thresholds_pass
2026-09-17T22:21:23.681113+00:00,London,EGLC,2026-09-19,lowest_temperature,4632005,london|2026_09_19|lowest_temperature|c|eglc,exact,16.0,16.0,16.0,empirical_station_model_lead_error_distribution,0.42246,0.25,0.26,ask,0.05,0.00962,0.16246,0.15284,1,ecmwf,15.8,0.9371,station_model_lead_empirical,89,0.2236,OK,2,1.038889,PASS,EXECUTABLE_ASK,PAPER_BUY,empirical_calibration_thresholds_pass
2026-09-17T22:21:23.656675+00:00,Paris,LFPB,2026-09-18,highest_temperature,4606202,paris|2026_09_18|highest_temperature|c|lfpb,exact,21.0,21.0,21.0,empirical_station_model_lead_error_distribution,0.347594,0.18,0.19,ask,0.05,0.007695,0.157594,0.149899,1,ecmwf,20.4,1.0644,station_model_lead_empirical,89,1.0225,OK,1,1.038889,PASS,EXECUTABLE_ASK,PAPER_BUY,empirical_calibration_thresholds_pass
2026-09-17T22:21:23.658970+00:00,Wellington,NZWN,2026-09-18,highest_temperature,4606236,wellington|2026_09_18|highest_temperature|c|nzwn,exact,14.0,14.0,14.0,empirical_station_model_lead_error_distribution,0.47027,0.285,0.31,ask,0.05,0.010695,0.16027,0.149575,1,ecmwf,13.4,0.8036,station_model_lead_empirical,88,0.825,OK,1,1.039326,PASS,EXECUTABLE_ASK,PAPER_BUY,empirical_calibration_thresholds_pass
2026-09-17T22:21:23.699939+00:00,Seoul (Incheon),RKSI,2026-09-19,highest_temperature,4632763,seoul_incheon|2026_09_19|highest_temperature|c|rksi,exact,30.0,30.0,30.0,empirical_station_model_lead_error_distribution,0.180328,0.025,0.03,ask,0.05,0.001455,0.150328,0.148873,1,ecmwf,28.1,1.4927,station_model_lead_empirical,88,1.1011,OK,2,1.02809,PASS,EXECUTABLE_ASK,PAPER_BUY,empirical_calibration_thresholds_pass
2026-09-17T22:21:23.698320+00:00,London,EGLC,2026-09-19,highest_temperature,4632737,london|2026_09_19|highest_temperature|c|eglc,exact,19.0,19.0,19.0,empirical_station_model_lead_error_distribution,0.15847,0.01,0.02,ask,0.05,0.00098,0.13847,0.13749,1,ecmwf,20.5,1.617,station_model_lead_empirical,89,-0.0944,OK,2,1.016667,PASS,EXECUTABLE_ASK,PAPER_BUY,empirical_calibration_thresholds_pass
2026-09-17T22:21:23.714148+00:00,Karachi,OPKC,2026-09-19,highest_temperature,4633087,karachi|2026_09_19|highest_temperature|c|opkc,exact,33.0,33.0,33.0,empirical_station_model_lead_error_distribution,0.219251,0.075,0.08,ask,0.05,0.00368,0.139251,0.135571,1,ecmwf,34.6,1.193,station_model_lead_empirical,89,-0.9382,OK,2,1.038889,PASS,EXECUTABLE_ASK,PAPER_BUY,empirical_calibration_thresholds_pass
2026-09-17T22:21:23.666181+00:00,Beijing,ZBAA,2026-09-18,highest_temperature,4606390,beijing|2026_09_18|highest_temperature|c|zbaa,exact,31.0,31.0,31.0,empirical_station_model_lead_error_distribution,0.162011,0.025,0.03,ask,0.05,0.001455,0.132011,0.130556,1,ecmwf,29.1,1.6605,station_model_lead_empirical,89,0.4236,OK,1,0.994444,PASS,EXECUTABLE_ASK,PAPER_BUY,empirical_calibration_thresholds_pass
2026-09-17T22:21:23.710364+00:00,Amsterdam,EHAM,2026-09-19,highest_temperature,4633012,amsterdam|2026_09_19|highest_temperature|c|eham,exact,22.0,22.0,22.0,empirical_station_model_lead_error_distribution,0.2,0.055,0.07,ask,0.05,0.003255,0.13,0.126745,1,ecmwf,20.0,1.3704,station_model_lead_empirical,89,0.5539,OK,2,1.027778,PASS,EXECUTABLE_ASK,PAPER_BUY,empirical_calibration_thresholds_pass
2026-09-17T22:21:23.699958+00:00,Seoul (Incheon),RKSI,2026-09-19,highest_temperature,4632764,seoul_incheon|2026_09_19|highest_temperature|c|rksi,exact,31.0,31.0,31.0,empirical_station_model_lead_error_distribution,0.147541,0.011,0.02,ask,0.05,0.00098,0.127541,0.126561,1,ecmwf,28.1,1.4927,station_model_lead_empirical,88,1.1011,OK,2,1.02809,PASS,EXECUTABLE_ASK,PAPER_BUY,empirical_calibration_thresholds_pass
2026-09-17T22:21:23.661311+00:00,Tokyo,RJTT,2026-09-18,highest_temperature,4606282,tokyo|2026_09_18|highest_temperature|c|rjtt,exact,26.0,26.0,26.0,empirical_station_model_lead_error_distribution,0.186441,0.05,0.06,ask,0.05,0.00282,0.126441,0.123621,1,ecmwf,25.2,2.0246,station_model_lead_empirical,88,-0.7375,OK,1,0.994382,PASS,EXECUTABLE_ASK,PAPER_BUY,empirical_calibration_thresholds_pass
2026-09-17T22:21:23.644384+00:00,Tokyo,RJTT,2026-09-18,lowest_temperature,4605556,tokyo|2026_09_18|lowest_temperature|c|rjtt,exact,19.0,19.0,19.0,empirical_station_model_lead_error_distribution,0.286486,0.1,0.16,ask,0.05,0.00672,0.126486,0.119766,1,ecmwf,18.5,1.0945,station_model_lead_empirical,88,0.7489,OK,1,1.039326,PASS,EXECUTABLE_ASK,PAPER_BUY,empirical_calibration_thresholds_pass
2026-09-17T22:21:23.704472+00:00,Shanghai,ZSPD,2026-09-19,highest_temperature,4632849,shanghai|2026_09_19|highest_temperature|c|zspd,exact,30.0,30.0,30.0,empirical_station_model_lead_error_distribution,0.178378,0.045,0.06,ask,0.05,0.00282,0.118378,0.115558,1,ecmwf,27.7,1.266,station_model_lead_empirical,88,1.1875,OK,2,1.039326,PASS,EXECUTABLE_ASK,PAPER_BUY,empirical_calibration_thresholds_pass
2026-09-17T22:21:23.711926+00:00,Kuala Lumpur,WMKK,2026-09-19,highest_temperature,4633036,kuala_lumpur|2026_09_19|highest_temperature|c|wmkk,exact,34.0,34.0,34.0,empirical_station_model_lead_error_distribution,0.167568,0.03,0.05,ask,0.05,0.002375,0.117568,0.115193,1,ecmwf,30.7,1.2354,station_model_lead_empirical,88,1.7875,OK,2,1.039326,PASS,EXECUTABLE_ASK,PAPER_BUY,empirical_calibration_thresholds_pass
2026-09-17T22:21:23.700647+00:00,Ankara,LTAC,2026-09-19,highest_temperature,4632771,ankara|2026_09_19|highest_temperature|c|ltac,exact,23.0,23.0,23.0,empirical_station_model_lead_error_distribution,0.318919,0.19,0.2,ask,0.05,0.008,0.118919,0.110919,1,ecmwf,22.5,1.3516,station_model_lead_empirical,89,0.4191,OK,2,1.027778,PASS,EXECUTABLE_ASK,PAPER_BUY,empirical_calibration_thresholds_pass
2026-09-17T22:21:23.711168+00:00,Helsinki,EFHK,2026-09-19,highest_temperature,4633025,helsinki|2026_09_19|highest_temperature|c|efhk,exact,19.0,19.0,19.0,empirical_station_model_lead_error_distribution,0.113514,0.006,0.01,ask,0.05,0.000495,0.103514,0.103019,1,ecmwf,16.8,1.3783,station_model_lead_empirical,89,0.8045,OK,2,1.027778,PASS,EXECUTABLE_ASK,PAPER_BUY,empirical_calibration_thresholds_pass
2026-09-17T22:21:23.660539+00:00,Munich,EDDM,2026-09-18,highest_temperature,4606260,munich|2026_09_18|highest_temperature|c|eddm,exact,24.0,24.0,24.0,empirical_station_model_lead_error_distribution,0.122995,0.01,0.02,ask,0.05,0.00098,0.102995,0.102015,1,ecmwf,20.4,1.3552,station_model_lead_empirical,89,1.8079,OK,1,1.038889,PASS,EXECUTABLE_ASK,PAPER_BUY,empirical_calibration_thresholds_pass
2026-09-17T22:21:23.671751+00:00,Karachi,OPKC,2026-09-18,highest_temperature,4606540,karachi|2026_09_18|highest_temperature|c|opkc,exact,32.0,32.0,32.0,empirical_station_model_lead_error_distribution,0.112299,0.0065,0.011,ask,0.05,0.00054395,0.101299,0.100756,1,ecmwf,34.6,1.0426,station_model_lead_empirical,89,-0.8865,OK,1,1.038889,PASS,EXECUTABLE_ASK,PAPER_BUY,empirical_calibration_thresholds_pass
2026-09-17T22:21:23.660481+00:00,Munich,EDDM,2026-09-18,highest_temperature,4606258,munich|2026_09_18|highest_temperature|c|eddm,exact,22.0,22.0,22.0,empirical_station_model_lead_error_distribution,0.336898,0.225,0.23,ask,0.05,0.008855,0.106898,0.098043,1,ecmwf,20.4,1.3552,station_model_lead_empirical,89,1.8079,OK,1,1.038889,PASS,EXECUTABLE_ASK,PAPER_BUY,empirical_calibration_thresholds_pass
2026-09-17T22:21:23.681093+00:00,London,EGLC,2026-09-19,lowest_temperature,4632004,london|2026_09_19|lowest_temperature|c|eglc,exact,15.0,15.0,15.0,empirical_station_model_lead_error_distribution,0.176471,0.04,0.08,ask,0.05,0.00368,0.096471,0.092791,1,ecmwf,15.8,0.9371,station_model_lead_empirical,89,0.2236,OK,2,1.038889,PASS,EXECUTABLE_ASK,PAPER_BUY,empirical_calibration_thresholds_pass
2026-09-17T22:21:23.667908+00:00,Amsterdam,EHAM,2026-09-18,highest_temperature,4606463,amsterdam|2026_09_18|highest_temperature|c|eham,exact,17.0,17.0,17.0,empirical_station_model_lead_error_distribution,0.113514,0.015,0.02,ask,0.05,0.00098,0.093514,0.092534,1,ecmwf,17.4,1.1572,station_model_lead_empirical,89,0.6393,OK,1,1.027778,PASS,EXECUTABLE_ASK,PAPER_BUY,empirical_calibration_thresholds_pass
2026-09-17T22:21:23.707448+00:00,Warsaw,EPWA,2026-09-19,highest_temperature,4632890,warsaw|2026_09_19|highest_temperature|c|epwa,exact,19.0,19.0,19.0,empirical_station_model_lead_error_distribution,0.112299,0.01,0.02,ask,0.05,0.00098,0.092299,0.091319,1,ecmwf,20.7,1.1151,station_model_lead_empirical,89,0.2281,OK,2,1.038889,PASS,EXECUTABLE_ASK,PAPER_BUY,empirical_calibration_thresholds_pass
2026-09-17T22:21:23.687251+00:00,Shanghai,ZSPD,2026-09-19,lowest_temperature,4632117,shanghai|2026_09_19|lowest_temperature|c|zspd,exact,25.0,25.0,25.0,empirical_station_model_lead_error_distribution,0.481081,0.365,0.38,ask,0.05,0.01178,0.101081,0.089301,1,ecmwf,25.0,1.0041,station_model_lead_empirical,88,-0.0716,OK,2,1.039326,PASS,EXECUTABLE_ASK,PAPER_BUY,empirical_calibration_thresholds_pass
2026-09-17T22:21:23.655914+00:00,London,EGLC,2026-09-18,highest_temperature,4606191,london|2026_09_18|highest_temperature|c|eglc,exact,19.0,19.0,19.0,empirical_station_model_lead_error_distribution,0.286486,0.18,0.19,ask,0.05,0.007695,0.096486,0.088791,1,ecmwf,18.8,1.2266,station_model_lead_empirical,89,-0.0528,OK,1,1.027778,PASS,EXECUTABLE_ASK,PAPER_BUY,empirical_calibration_thresholds_pass
2026-09-17T22:21:23.656655+00:00,Paris,LFPB,2026-09-18,highest_temperature,4606201,paris|2026_09_18|highest_temperature|c|lfpb,exact,20.0,20.0,20.0,empirical_station_model_lead_error_distribution,0.090909,0.003,0.004,ask,0.05,0.0001992,0.086909,0.08671,1,ecmwf,20.4,1.0644,station_model_lead_empirical,89,1.0225,OK,1,1.038889,PASS,EXECUTABLE_ASK,PAPER_BUY,empirical_calibration_thresholds_pass
2026-09-17T22:21:23.661331+00:00,Tokyo,RJTT,2026-09-18,highest_temperature,4606283,tokyo|2026_09_18|highest_temperature|c|rjtt,exact,27.0,27.0,27.0,empirical_station_model_lead_error_distribution,0.096045,0.0055,0.009,ask,0.05,0.00044595,0.087045,0.086599,1,ecmwf,25.2,2.0246,station_model_lead_empirical,88,-0.7375,OK,1,0.994382,PASS,EXECUTABLE_ASK,PAPER_BUY,empirical_calibration_thresholds_pass
2026-09-17T22:21:23.667929+00:00,Amsterdam,EHAM,2026-09-18,highest_temperature,4606464,amsterdam|2026_09_18|highest_temperature|c|eham,exact,18.0,18.0,18.0,empirical_station_model_lead_error_distribution,0.416216,0.31,0.32,ask,0.05,0.01088,0.096216,0.085336,1,ecmwf,17.4,1.1572,station_model_lead_empirical,89,0.6393,OK,1,1.027778,PASS,EXECUTABLE_ASK,PAPER_BUY,empirical_calibration_thresholds_pass
2026-09-17T22:21:23.662867+00:00,Singapore,WSSS,2026-09-18,highest_temperature,4606316,singapore|2026_09_18|highest_temperature|c|wsss,exact,35.0,35.0,35.0,empirical_station_model_lead_error_distribution,0.092896,0.006,0.008,ask,0.05,0.0003968,0.084896,0.084499,1,ecmwf,31.8,0.9953,station_model_lead_empirical,88,1.5454,OK,1,1.02809,PASS,EXECUTABLE_ASK,PAPER_BUY,empirical_calibration_thresholds_pass
2026-09-17T22:21:23.697084+00:00,Karachi,OPKC,2026-09-19,lowest_temperature,4632347,karachi|2026_09_19|lowest_temperature|c|opkc,exact,27.0,27.0,27.0,empirical_station_model_lead_error_distribution,0.614973,0.505,0.52,ask,0.05,0.01248,0.094973,0.082493,1,ecmwf,25.7,0.75,station_model_lead_empirical,89,1.1697,OK,2,1.038889,PASS,EXECUTABLE_ASK,PAPER_BUY,empirical_calibration_thresholds_pass
2026-09-17T22:21:23.658950+00:00,Wellington,NZWN,2026-09-18,highest_temperature,4606235,wellington|2026_09_18|highest_temperature|c|nzwn,exact,13.0,13.0,13.0,empirical_station_model_lead_error_distribution,0.113514,0.02,0.03,ask,0.05,0.001455,0.083514,0.082059,1,ecmwf,13.4,0.8036,station_model_lead_empirical,88,0.825,OK,1,1.039326,PASS,EXECUTABLE_ASK,PAPER_BUY,empirical_calibration_thresholds_pass
2026-09-17T22:21:23.708639+00:00,Beijing,ZBAA,2026-09-19,highest_temperature,4632938,beijing|2026_09_19|highest_temperature|c|zbaa,exact,32.0,32.0,32.0,empirical_station_model_lead_error_distribution,0.101604,0.01,0.02,ask,0.05,0.00098,0.081604,0.080624,1,ecmwf,28.4,1.8877,station_model_lead_empirical,89,0.2944,OK,2,1.038889,PASS,EXECUTABLE_ASK,PAPER_BUY,empirical_calibration_thresholds_pass
2026-09-17T22:21:23.666204+00:00,Beijing,ZBAA,2026-09-18,highest_temperature,4606391,beijing|2026_09_18|highest_temperature|c|zbaa,exact,32.0,32.0,32.0,empirical_station_model_lead_error_distribution,0.083799,0.0035,0.005,ask,0.05,0.00024875,0.078799,0.07855,1,ecmwf,29.1,1.6605,station_model_lead_empirical,89,0.4236,OK,1,0.994444,PASS,EXECUTABLE_ASK,PAPER_BUY,empirical_calibration_thresholds_pass
2026-09-17T22:21:23.644363+00:00,Tokyo,RJTT,2026-09-18,lowest_temperature,4605555,tokyo|2026_09_18|lowest_temperature|c|rjtt,exact,18.0,18.0,18.0,empirical_station_model_lead_error_distribution,0.2,0.06,0.12,ask,0.05,0.00528,0.08,0.07472,1,ecmwf,18.5,1.0945,station_model_lead_empirical,88,0.7489,OK,1,1.039326,PASS,EXECUTABLE_ASK,PAPER_BUY,empirical_calibration_thresholds_pass
2026-09-17T22:21:23.670770+00:00,Guangzhou,ZGGG,2026-09-18,highest_temperature,4606520,guangzhou|2026_09_18|highest_temperature|c|zggg,exact,34.0,34.0,34.0,empirical_station_model_lead_error_distribution,0.237569,0.14,0.16,ask,0.05,0.00672,0.077569,0.070849,1,ecmwf,33.4,1.5128,station_model_lead_empirical,89,1.3528,OK,1,1.005556,PASS,EXECUTABLE_ASK,PAPER_BUY,empirical_calibration_thresholds_pass
2026-09-17T22:21:23.711187+00:00,Helsinki,EFHK,2026-09-19,highest_temperature,4633026,helsinki|2026_09_19|highest_temperature|c|efhk,exact,20.0,20.0,20.0,empirical_station_model_lead_error_distribution,0.081081,0.006,0.01,ask,0.05,0.000495,0.071081,0.070586,1,ecmwf,16.8,1.3783,station_model_lead_empirical,89,0.8045,OK,2,1.027778,PASS,EXECUTABLE_ASK,PAPER_BUY,empirical_calibration_thresholds_pass
2026-09-17T22:21:23.658271+00:00,Ankara,LTAC,2026-09-18,highest_temperature,4606228,ankara|2026_09_18|highest_temperature|c|ltac,exact,25.0,25.0,25.0,empirical_station_model_lead_error_distribution,0.069519,0.002,0.003,ask,0.05,0.00014955,0.066519,0.066369,1,ecmwf,22.4,1.1926,station_model_lead_empirical,89,0.6809,OK,1,1.038889,PASS,EXECUTABLE_ASK,PAPER_BUY,empirical_calibration_thresholds_pass
2026-09-17T22:21:23.655873+00:00,London,EGLC,2026-09-18,highest_temperature,4606189,london|2026_09_18|highest_temperature|c|eglc,exact,17.0,17.0,17.0,empirical_station_model_lead_error_distribution,0.07027,0.002,0.004,ask,0.05,0.0001992,0.06627,0.066071,1,ecmwf,18.8,1.2266,station_model_lead_empirical,89,-0.0528,OK,1,1.027778,PASS,EXECUTABLE_ASK,PAPER_BUY,empirical_calibration_thresholds_pass
2026-09-17T22:21:23.670830+00:00,Guangzhou,ZGGG,2026-09-18,highest_temperature,4606523,guangzhou|2026_09_18|highest_temperature|c|zggg,exact,37.0,37.0,37.0,empirical_station_model_lead_error_distribution,0.127072,0.055,0.06,ask,0.05,0.00282,0.067072,0.064252,1,ecmwf,33.4,1.5128,station_model_lead_empirical,89,1.3528,OK,1,1.005556,PASS,EXECUTABLE_ASK,PAPER_BUY,empirical_calibration_thresholds_pass
2026-09-17T22:21:23.681789+00:00,Paris,LFPB,2026-09-19,lowest_temperature,4632012,paris|2026_09_19|lowest_temperature|c|lfpb,or_lower,10.0,,10.0,empirical_station_model_lead_error_distribution,0.105556,0.03,0.04,ask,0.05,0.00192,0.065556,0.063636,1,ecmwf,12.5,1.401,station_model_lead_empirical,89,-0.3225,OK,2,0.938889,PASS,EXECUTABLE_ASK,PAPER_BUY,empirical_calibration_thresholds_pass
2026-09-17T22:21:23.714127+00:00,Karachi,OPKC,2026-09-19,highest_temperature,4633086,karachi|2026_09_19|highest_temperature|c|opkc,exact,32.0,32.0,32.0,empirical_station_model_lead_error_distribution,0.101604,0.025,0.04,ask,0.05,0.00192,0.061604,0.059684,1,ecmwf,34.6,1.193,station_model_lead_empirical,89,-0.9382,OK,2,1.038889,PASS,EXECUTABLE_ASK,PAPER_BUY,empirical_calibration_thresholds_pass
2026-09-17T22:21:23.638982+00:00,London,EGLC,2026-09-18,lowest_temperature,4605386,london|2026_09_18|lowest_temperature|c|eglc,exact,10.0,10.0,10.0,empirical_station_model_lead_error_distribution,0.090909,0.015,0.03,ask,0.05,0.001455,0.060909,0.059454,1,ecmwf,11.1,0.7742,station_model_lead_empirical,89,0.2292,OK,1,1.038889,PASS,EXECUTABLE_ASK,PAPER_BUY,empirical_calibration_thresholds_pass
2026-09-17T22:21:23.707489+00:00,Warsaw,EPWA,2026-09-19,highest_temperature,4632897,warsaw|2026_09_19|highest_temperature|c|epwa,exact,21.0,21.0,21.0,empirical_station_model_lead_error_distribution,0.347594,0.27,0.28,ask,0.05,0.01008,0.067594,0.057514,1,ecmwf,20.7,1.1151,station_model_lead_empirical,89,0.2281,OK,2,1.038889,PASS,EXECUTABLE_ASK,PAPER_BUY,empirical_calibration_thresholds_pass
2026-09-17T22:21:23.640543+00:00,Seoul (Incheon),RKSI,2026-09-18,lowest_temperature,4605441,seoul_incheon|2026_09_18|lowest_temperature|c|rksi,exact,20.0,20.0,20.0,empirical_station_model_lead_error_distribution,0.47027,0.0005,0.001,ask,0.05,4.995e-05,0.46927,0.46922,1,ecmwf,19.9,0.8621,station_model_lead_empirical,88,0.4341,OK,1,1.039326,PASS,THIN_ASK,POSSIBLE_EDGE,thin_ask
2026-09-17T22:21:23.627590+00:00,Milan,LIMC,2026-09-17,highest_temperature,4576364,milan|2026_09_17|highest_temperature|c|limc,exact,25.0,25.0,25.0,empirical_station_model_lead_error_distribution,0.463415,0.0005,0.001,ask,0.05,4.995e-05,0.462415,0.462365,1,ecmwf,24.0,1.2146,station_model_lead_empirical,88,1.0796,OK,1,0.691011,INCOMPLETE,THIN_ASK,POSSIBLE_EDGE,thin_ask; family=INCOMPLETE
2026-09-17T22:21:23.629811+00:00,Amsterdam,EHAM,2026-09-17,highest_temperature,4576501,amsterdam|2026_09_17|highest_temperature|c|eham,exact,18.0,18.0,18.0,empirical_station_model_lead_error_distribution,0.454545,0.0005,0.001,ask,0.05,4.995e-05,0.453545,0.453496,1,ecmwf,16.9,1.1572,station_model_lead_empirical,89,0.6393,OK,1,1.038889,PASS,THIN_ASK,POSSIBLE_EDGE,thin_ask
2026-09-17T22:21:23.625666+00:00,Paris,LFPB,2026-09-17,highest_temperature,4576212,paris|2026_09_17|highest_temperature|c|lfpb,exact,23.0,23.0,23.0,empirical_station_model_lead_error_distribution,0.405405,0.0005,0.001,ask,0.05,4.995e-05,0.404405,0.404355,1,ecmwf,21.8,1.0644,station_model_lead_empirical,89,1.0225,OK,1,1.027778,PASS,THIN_ASK,POSSIBLE_EDGE,thin_ask
2026-09-17T22:21:23.642084+00:00,Wellington,NZWN,2026-09-18,lowest_temperature,4605512,wellington|2026_09_18|lowest_temperature|c|nzwn,exact,9.0,9.0,9.0,empirical_station_model_lead_error_distribution,0.394595,0.0005,0.001,ask,0.05,4.995e-05,0.393595,0.393545,1,ecmwf,8.9,1.182,station_model_lead_empirical,88,-0.2398,OK,1,1.039326,PASS,THIN_ASK,POSSIBLE_EDGE,thin_ask
2026-09-17T22:21:23.627608+00:00,Milan,LIMC,2026-09-17,highest_temperature,4576365,milan|2026_09_17|highest_temperature|c|limc,or_higher,26.0,26.0,,empirical_station_model_lead_error_distribution,0.353933,0.0005,0.001,ask,0.05,4.995e-05,0.352933,0.352883,1,ecmwf,24.0,1.2146,station_model_lead_empirical,88,1.0796,OK,1,0.691011,INCOMPLETE,THIN_ASK,POSSIBLE_EDGE,thin_ask
2026-09-17T22:21:23.619783+00:00,Paris,LFPB,2026-09-17,lowest_temperature,4575646,paris|2026_09_17|lowest_temperature|c|lfpb,exact,12.0,12.0,12.0,empirical_station_model_lead_error_distribution,0.336898,0.0005,0.001,ask,0.05,4.995e-05,0.335898,0.335848,1,ecmwf,12.4,1.2379,station_model_lead_empirical,89,-0.2551,OK,1,1.038889,PASS,THIN_ASK,POSSIBLE_EDGE,thin_ask
2026-09-17T22:21:23.624818+00:00,London,EGLC,2026-09-17,highest_temperature,4576199,london|2026_09_17|highest_temperature|c|eglc,exact,20.0,20.0,20.0,empirical_station_model_lead_error_distribution,0.336898,0.0005,0.001,ask,0.05,4.995e-05,0.335898,0.335848,1,ecmwf,20.4,1.2266,station_model_lead_empirical,89,-0.0528,OK,1,1.038889,PASS,THIN_ASK,POSSIBLE_EDGE,thin_ask
2026-09-17T22:21:23.626714+00:00,Munich,EDDM,2026-09-17,highest_temperature,4576265,munich|2026_09_17|highest_temperature|c|eddm,exact,21.0,21.0,21.0,empirical_station_model_lead_error_distribution,0.336898,0.0005,0.001,ask,0.05,4.995e-05,0.335898,0.335848,1,ecmwf,19.1,1.3552,station_model_lead_empirical,89,1.8079,OK,1,1.038889,PASS,THIN_ASK,POSSIBLE_EDGE,thin_ask
2026-09-17T22:21:23.683331+00:00,Ankara,LTAC,2026-09-19,lowest_temperature,4632035,ankara|2026_09_19|lowest_temperature|c|ltac,exact,10.0,10.0,10.0,empirical_station_model_lead_error_distribution,0.37415,0.025,0.05,ask,0.05,0.002375,0.32415,0.321775,1,ecmwf,11.3,1.2151,station_model_lead_empirical,89,-0.9596,OK,2,0.816667,INCOMPLETE,EXECUTABLE_ASK,POSSIBLE_EDGE,family=INCOMPLETE
2026-09-17T22:21:23.622932+00:00,Warsaw,EPWA,2026-09-17,lowest_temperature,4575790,warsaw|2026_09_17|lowest_temperature|c|epwa,exact,12.0,12.0,12.0,empirical_station_model_lead_error_distribution,0.315508,0.0005,0.001,ask,0.05,4.995e-05,0.314508,0.314458,1,ecmwf,12.6,1.4383,station_model_lead_empirical,89,-0.7674,OK,1,1.038889,PASS,THIN_ASK,POSSIBLE_EDGE,thin_ask
2026-09-17T22:21:23.683353+00:00,Ankara,LTAC,2026-09-19,lowest_temperature,4632036,ankara|2026_09_19|lowest_temperature|c|ltac,exact,11.0,11.0,11.0,empirical_station_model_lead_error_distribution,0.37415,0.035,0.07,ask,0.05,0.003255,0.30415,0.300895,1,ecmwf,11.3,1.2151,station_model_lead_empirical,89,-0.9596,OK,2,0.816667,INCOMPLETE,EXECUTABLE_ASK,POSSIBLE_EDGE,family=INCOMPLETE
2026-09-17T22:21:23.620528+00:00,Munich,EDDM,2026-09-17,lowest_temperature,4575699,munich|2026_09_17|lowest_temperature|c|eddm,exact,10.0,10.0,10.0,empirical_station_model_lead_error_distribution,0.259843,0.0005,0.001,ask,0.05,4.995e-05,0.258843,0.258793,1,ecmwf,12.2,2.058,station_model_lead_empirical,89,-2.5056,OK,1,0.705556,INCOMPLETE,THIN_ASK,POSSIBLE_EDGE,thin_ask; family=INCOMPLETE
2026-09-17T22:21:23.629036+00:00,Warsaw,EPWA,2026-09-17,highest_temperature,4576382,warsaw|2026_09_17|highest_temperature|c|epwa,exact,17.0,17.0,17.0,empirical_station_model_lead_error_distribution,0.256831,0.0005,0.001,ask,0.05,4.995e-05,0.255831,0.255781,1,ecmwf,17.8,1.2033,station_model_lead_empirical,89,0.2921,OK,1,1.016667,PASS,THIN_ASK,POSSIBLE_EDGE,thin_ask
2026-09-17T22:21:23.629066+00:00,Warsaw,EPWA,2026-09-17,highest_temperature,4576384,warsaw|2026_09_17|highest_temperature|c|epwa,exact,19.0,19.0,19.0,empirical_station_model_lead_error_distribution,0.256831,0.0005,0.001,ask,0.05,4.995e-05,0.255831,0.255781,1,ecmwf,17.8,1.2033,station_model_lead_empirical,89,0.2921,OK,1,1.016667,PASS,THIN_ASK,POSSIBLE_EDGE,thin_ask
2026-09-17T22:21:23.628271+00:00,Madrid,LEMD,2026-09-17,highest_temperature,4576371,madrid|2026_09_17|highest_temperature|c|lemd,exact,26.0,26.0,26.0,empirical_station_model_lead_error_distribution,0.251337,0.0005,0.001,ask,0.05,4.995e-05,0.250337,0.250287,1,ecmwf,26.6,0.75,station_model_lead_empirical,89,0.1832,OK,1,1.038889,PASS,THIN_ASK,POSSIBLE_EDGE,thin_ask
2026-09-17T22:21:23.649301+00:00,Beijing,ZBAA,2026-09-18,lowest_temperature,4605657,beijing|2026_09_18|lowest_temperature|c|zbaa,exact,21.0,21.0,21.0,empirical_station_model_lead_error_distribution,0.251337,0.0005,0.001,ask,0.05,4.995e-05,0.250337,0.250287,1,ecmwf,20.7,1.3317,station_model_lead_empirical,89,-0.3483,OK,1,1.038889,PASS,THIN_ASK,POSSIBLE_EDGE,thin_ask
2026-09-17T22:21:23.642103+00:00,Wellington,NZWN,2026-09-18,lowest_temperature,4605513,wellington|2026_09_18|lowest_temperature|c|nzwn,exact,10.0,10.0,10.0,empirical_station_model_lead_error_distribution,0.243243,0.0005,0.001,ask,0.05,4.995e-05,0.242243,0.242193,1,ecmwf,8.9,1.182,station_model_lead_empirical,88,-0.2398,OK,1,1.039326,PASS,THIN_ASK,POSSIBLE_EDGE,thin_ask
2026-09-17T22:21:23.624843+00:00,London,EGLC,2026-09-17,highest_temperature,4576200,london|2026_09_17|highest_temperature|c|eglc,exact,21.0,21.0,21.0,empirical_station_model_lead_error_distribution,0.240642,0.0005,0.001,ask,0.05,4.995e-05,0.239642,0.239592,1,ecmwf,20.4,1.2266,station_model_lead_empirical,89,-0.0528,OK,1,1.038889,PASS,THIN_ASK,POSSIBLE_EDGE,thin_ask
2026-09-17T22:21:23.626735+00:00,Munich,EDDM,2026-09-17,highest_temperature,4576266,munich|2026_09_17|highest_temperature|c|eddm,exact,22.0,22.0,22.0,empirical_station_model_lead_error_distribution,0.240642,0.0005,0.001,ask,0.05,4.995e-05,0.239642,0.239592,1,ecmwf,19.1,1.3552,station_model_lead_empirical,89,1.8079,OK,1,1.038889,PASS,THIN_ASK,POSSIBLE_EDGE,thin_ask
2026-09-17T22:21:23.620578+00:00,Munich,EDDM,2026-09-17,lowest_temperature,4575701,munich|2026_09_17|lowest_temperature|c|eddm,exact,12.0,12.0,12.0,empirical_station_model_lead_error_distribution,0.228346,0.0005,0.001,ask,0.05,4.995e-05,0.227346,0.227297,1,ecmwf,12.2,2.058,station_model_lead_empirical,89,-2.5056,OK,1,0.705556,INCOMPLETE,THIN_ASK,POSSIBLE_EDGE,thin_ask; family=INCOMPLETE
2026-09-17T22:21:23.625686+00:00,Paris,LFPB,2026-09-17,highest_temperature,4576213,paris|2026_09_17|highest_temperature|c|lfpb,exact,24.0,24.0,24.0,empirical_station_model_lead_error_distribution,0.221622,0.0005,0.001,ask,0.05,4.995e-05,0.220622,0.220572,1,ecmwf,21.8,1.0644,station_model_lead_empirical,89,1.0225,OK,1,1.027778,PASS,THIN_ASK,POSSIBLE_EDGE,thin_ask
2026-09-17T22:21:23.640565+00:00,Seoul (Incheon),RKSI,2026-09-18,lowest_temperature,4605442,seoul_incheon|2026_09_18|lowest_temperature|c|rksi,exact,21.0,21.0,21.0,empirical_station_model_lead_error_distribution,0.221622,0.0005,0.001,ask,0.05,4.995e-05,0.220622,0.220572,1,ecmwf,19.9,0.8621,station_model_lead_empirical,88,0.4341,OK,1,1.039326,PASS,THIN_ASK,POSSIBLE_EDGE,thin_ask
2026-09-17T22:21:23.646003+00:00,Singapore,WSSS,2026-09-18,lowest_temperature,4605592,singapore|2026_09_18|lowest_temperature|c|wsss,exact,29.0,29.0,29.0,empirical_station_model_lead_error_distribution,0.2,0.0005,0.001,ask,0.05,4.995e-05,0.199,0.19895,1,ecmwf,26.4,1.1723,station_model_lead_empirical,88,1.2307,OK,1,1.039326,PASS,THIN_ASK,POSSIBLE_EDGE,thin_ask
2026-09-17T22:21:23.622953+00:00,Warsaw,EPWA,2026-09-17,lowest_temperature,4575791,warsaw|2026_09_17|lowest_temperature|c|epwa,exact,13.0,13.0,13.0,empirical_station_model_lead_error_distribution,0.197861,0.0005,0.001,ask,0.05,4.995e-05,0.196861,0.196811,1,ecmwf,12.6,1.4383,station_model_lead_empirical,89,-0.7674,OK,1,1.038889,PASS,THIN_ASK,POSSIBLE_EDGE,thin_ask
2026-09-17T22:21:23.651889+00:00,Helsinki,EFHK,2026-09-18,lowest_temperature,4605745,helsinki|2026_09_18|lowest_temperature|c|efhk,exact,12.0,12.0,12.0,empirical_station_model_lead_error_distribution,0.197861,0.0005,0.001,ask,0.05,4.995e-05,0.196861,0.196811,1,ecmwf,11.8,1.4036,station_model_lead_empirical,89,-1.0966,OK,1,1.038889,PASS,THIN_ASK,POSSIBLE_EDGE,thin_ask
2026-09-17T22:21:23.620482+00:00,Munich,EDDM,2026-09-17,lowest_temperature,4575698,munich|2026_09_17|lowest_temperature|c|eddm,exact,9.0,9.0,9.0,empirical_station_model_lead_error_distribution,0.181102,0.0005,0.001,ask,0.05,4.995e-05,0.180102,0.180052,1,ecmwf,12.2,2.058,station_model_lead_empirical,89,-2.5056,OK,1,0.705556,INCOMPLETE,THIN_ASK,POSSIBLE_EDGE,thin_ask; family=INCOMPLETE
2026-09-17T22:21:23.649321+00:00,Beijing,ZBAA,2026-09-18,lowest_temperature,4605658,beijing|2026_09_18|lowest_temperature|c|zbaa,exact,22.0,22.0,22.0,empirical_station_model_lead_error_distribution,0.165775,0.0005,0.001,ask,0.05,4.995e-05,0.164775,0.164725,1,ecmwf,20.7,1.3317,station_model_lead_empirical,89,-0.3483,OK,1,1.038889,PASS,THIN_ASK,POSSIBLE_EDGE,thin_ask
2026-09-17T22:21:23.620552+00:00,Munich,EDDM,2026-09-17,lowest_temperature,4575700,munich|2026_09_17|lowest_temperature|c|eddm,exact,11.0,11.0,11.0,empirical_station_model_lead_error_distribution,0.165354,0.0005,0.001,ask,0.05,4.995e-05,0.164354,0.164304,1,ecmwf,12.2,2.058,station_model_lead_empirical,89,-2.5056,OK,1,0.705556,INCOMPLETE,THIN_ASK,POSSIBLE_EDGE,thin_ask; family=INCOMPLETE
2026-09-17T22:21:23.623762+00:00,Amsterdam,EHAM,2026-09-17,lowest_temperature,4575901,amsterdam|2026_09_17|lowest_temperature|c|eham,exact,14.0,14.0,14.0,empirical_station_model_lead_error_distribution,0.15508,0.0005,0.001,ask,0.05,4.995e-05,0.15408,0.15403,1,ecmwf,13.1,1.0114,station_model_lead_empirical,89,-0.5124,OK,1,1.038889,PASS,THIN_ASK,POSSIBLE_EDGE,thin_ask
2026-09-17T22:21:23.624798+00:00,London,EGLC,2026-09-17,highest_temperature,4576198,london|2026_09_17|highest_temperature|c|eglc,exact,19.0,19.0,19.0,empirical_station_model_lead_error_distribution,0.15508,0.0005,0.001,ask,0.05,4.995e-05,0.15408,0.15403,1,ecmwf,20.4,1.2266,station_model_lead_empirical,89,-0.0528,OK,1,1.038889,PASS,THIN_ASK,POSSIBLE_EDGE,thin_ask
2026-09-17T22:21:23.642901+00:00,Lucknow,VILK,2026-09-18,lowest_temperature,4605525,lucknow|2026_09_18|lowest_temperature|c|vilk,exact,28.0,28.0,28.0,empirical_station_model_lead_error_distribution,0.15508,0.0005,0.001,ask,0.05,4.995e-05,0.15408,0.15403,1,ecmwf,26.0,1.1362,station_model_lead_empirical,89,0.7742,OK,1,1.038889,PASS,THIN_ASK,POSSIBLE_EDGE,thin_ask
2026-09-18T00:39:06.362242+00:00,London,EGLC,2026-09-19,highest_temperature,4632738,london|2026_09_19|highest_temperature|c|eglc,exact,20.0,20.0,20.0,empirical_station_model_lead_error_distribution,0.368984,0.035,0.04,ask,0.05,0.00192,0.328984,0.327064,1,ecmwf,20.5,1.2266,station_model_lead_empirical,89,-0.0528,OK,1,1.038889,PASS,EXECUTABLE_ASK,PAPER_BUY,empirical_calibration_thresholds_pass
2026-09-18T00:39:06.318436+00:00,London,EGLC,2026-09-18,highest_temperature,4606190,london|2026_09_18|highest_temperature|c|eglc,exact,18.0,18.0,18.0,empirical_station_model_lead_error_distribution,0.318919,0.0045,0.008,ask,0.05,0.0003968,0.310919,0.310522,1,ecmwf,18.8,1.2266,station_model_lead_empirical,89,-0.0528,OK,1,1.027778,PASS,EXECUTABLE_ASK,PAPER_BUY,empirical_calibration_thresholds_pass
2026-09-18T00:39:06.374968+00:00,Helsinki,EFHK,2026-09-19,highest_temperature,4633024,helsinki|2026_09_19|highest_temperature|c|efhk,exact,18.0,18.0,18.0,empirical_station_model_lead_error_distribution,0.379679,0.06,0.08,ask,0.05,0.00368,0.299679,0.295999,1,ecmwf,16.8,1.1569,station_model_lead_empirical,89,0.9416,OK,1,1.038889,PASS,EXECUTABLE_ASK,PAPER_BUY,empirical_calibration_thresholds_pass
2026-09-18T00:39:06.320004+00:00,Seoul (Incheon),RKSI,2026-09-18,highest_temperature,4606215,seoul_incheon|2026_09_18|highest_temperature|c|rksi,exact,30.0,30.0,30.0,empirical_station_model_lead_error_distribution,0.297297,0.045,0.05,ask,0.05,0.002375,0.247297,0.244922,1,ecmwf,28.7,1.3062,station_model_lead_empirical,88,1.1614,OK,1,1.039326,PASS,EXECUTABLE_ASK,PAPER_BUY,empirical_calibration_thresholds_pass
2026-09-18T00:39:06.323035+00:00,Munich,EDDM,2026-09-18,highest_temperature,4606259,munich|2026_09_18|highest_temperature|c|eddm,exact,23.0,23.0,23.0,empirical_station_model_lead_error_distribution,0.262032,0.01,0.02,ask,0.05,0.00098,0.242032,0.241052,1,ecmwf,20.4,1.3552,station_model_lead_empirical,89,1.8079,OK,1,1.038889,PASS,EXECUTABLE_ASK,PAPER_BUY,empirical_calibration_thresholds_pass
2026-09-18T00:39:06.363879+00:00,Seoul (Incheon),RKSI,2026-09-19,highest_temperature,4632763,seoul_incheon|2026_09_19|highest_temperature|c|rksi,exact,30.0,30.0,30.0,empirical_station_model_lead_error_distribution,0.26776,0.02,0.03,ask,0.05,0.001455,0.23776,0.236305,1,ecmwf,28.1,1.3062,station_model_lead_empirical,88,1.1614,OK,1,1.02809,PASS,EXECUTABLE_ASK,PAPER_BUY,empirical_calibration_thresholds_pass
2026-09-18T00:39:06.326068+00:00,Milan,LIMC,2026-09-18,highest_temperature,4606325,milan|2026_09_18|highest_temperature|c|limc,exact,21.0,21.0,21.0,empirical_station_model_lead_error_distribution,0.337017,0.095,0.1,ask,0.05,0.0045,0.237017,0.232517,1,ecmwf,20.4,1.2146,station_model_lead_empirical,88,1.0796,OK,1,1.016854,PASS,EXECUTABLE_ASK,PAPER_BUY,empirical_calibration_thresholds_pass
2026-09-18T00:39:06.371407+00:00,Warsaw,EPWA,2026-09-19,highest_temperature,4632892,warsaw|2026_09_19|highest_temperature|c|epwa,exact,20.0,20.0,20.0,empirical_station_model_lead_error_distribution,0.272727,0.025,0.04,ask,0.05,0.00192,0.232727,0.230807,1,ecmwf,20.7,1.2033,station_model_lead_empirical,89,0.2921,OK,1,1.038889,PASS,EXECUTABLE_ASK,PAPER_BUY,empirical_calibration_thresholds_pass
2026-09-18T00:39:06.324545+00:00,Shanghai,ZSPD,2026-09-18,highest_temperature,4606303,shanghai|2026_09_18|highest_temperature|c|zspd,exact,30.0,30.0,30.0,empirical_station_model_lead_error_distribution,0.322404,0.075,0.09,ask,0.05,0.004095,0.232404,0.228309,1,ecmwf,28.2,1.2376,station_model_lead_empirical,88,1.0546,OK,1,1.02809,PASS,EXECUTABLE_ASK,PAPER_BUY,empirical_calibration_thresholds_pass
2026-09-18T00:39:06.325322+00:00,Singapore,WSSS,2026-09-18,highest_temperature,4606315,singapore|2026_09_18|highest_temperature|c|wsss,exact,34.0,34.0,34.0,empirical_station_model_lead_error_distribution,0.311475,0.065,0.08,ask,0.05,0.00368,0.231475,0.227795,1,ecmwf,31.8,0.9953,station_model_lead_empirical,88,1.5454,OK,1,1.02809,PASS,EXECUTABLE_ASK,PAPER_BUY,empirical_calibration_thresholds_pass
2026-09-18T00:39:06.331131+00:00,Helsinki,EFHK,2026-09-18,highest_temperature,4606478,helsinki|2026_09_18|highest_temperature|c|efhk,exact,17.0,17.0,17.0,empirical_station_model_lead_error_distribution,0.26776,0.03,0.04,ask,0.05,0.00192,0.22776,0.22584,1,ecmwf,15.1,1.1569,station_model_lead_empirical,89,0.9416,OK,1,1.016667,PASS,EXECUTABLE_ASK,PAPER_BUY,empirical_calibration_thresholds_pass
2026-09-18T00:39:06.353485+00:00,Madrid,LEMD,2026-09-19,lowest_temperature,4632144,madrid|2026_09_19|lowest_temperature|c|lemd,or_lower,12.0,,12.0,empirical_station_model_lead_error_distribution,0.305556,0.04,0.08,ask,0.05,0.00368,0.225556,0.221876,1,ecmwf,14.7,1.5604,station_model_lead_empirical,89,-1.3989,OK,1,0.738889,INCOMPLETE,EXECUTABLE_ASK,PAPER_BUY,empirical_calibration_thresholds_pass
2026-09-18T00:39:06.326799+00:00,Madrid,LEMD,2026-09-18,highest_temperature,4606335,madrid|2026_09_18|highest_temperature|c|lemd,exact,27.0,27.0,27.0,empirical_station_model_lead_error_distribution,0.368984,0.135,0.15,ask,0.05,0.006375,0.218984,0.212609,1,ecmwf,27.2,0.75,station_model_lead_empirical,89,0.1832,OK,1,1.038889,PASS,EXECUTABLE_ASK,PAPER_BUY,empirical_calibration_thresholds_pass
2026-09-18T00:39:06.364557+00:00,Ankara,LTAC,2026-09-19,highest_temperature,4632771,ankara|2026_09_19|highest_temperature|c|ltac,exact,23.0,23.0,23.0,empirical_station_model_lead_error_distribution,0.372973,0.15,0.17,ask,0.05,0.007055,0.202973,0.195918,1,ecmwf,22.5,1.1926,station_model_lead_empirical,89,0.6809,OK,1,1.027778,PASS,EXECUTABLE_ASK,PAPER_BUY,empirical_calibration_thresholds_pass
2026-09-18T00:39:06.327538+00:00,Warsaw,EPWA,2026-09-18,highest_temperature,4606346,warsaw|2026_09_18|highest_temperature|c|epwa,exact,20.0,20.0,20.0,empirical_station_model_lead_error_distribution,0.256831,0.04,0.06,ask,0.05,0.00282,0.196831,0.194011,1,ecmwf,20.8,1.2033,station_model_lead_empirical,89,0.2921,OK,1,1.016667,PASS,EXECUTABLE_ASK,PAPER_BUY,empirical_calibration_thresholds_pass
2026-09-18T00:39:06.307057+00:00,Tokyo,RJTT,2026-09-18,lowest_temperature,4605556,tokyo|2026_09_18|lowest_temperature|c|rjtt,exact,19.0,19.0,19.0,empirical_station_model_lead_error_distribution,0.286486,0.06,0.09,ask,0.05,0.004095,0.196486,0.192391,1,ecmwf,18.5,1.0945,station_model_lead_empirical,88,0.7489,OK,1,1.039326,PASS,EXECUTABLE_ASK,PAPER_BUY,empirical_calibration_thresholds_pass
2026-09-18T00:39:06.376944+00:00,Guangzhou,ZGGG,2026-09-19,highest_temperature,4633066,guangzhou|2026_09_19|highest_temperature|c|zggg,exact,34.0,34.0,34.0,empirical_station_model_lead_error_distribution,0.254054,0.05,0.06,ask,0.05,0.00282,0.194054,0.191234,1,ecmwf,33.5,1.5128,station_model_lead_empirical,89,1.3528,OK,1,1.027778,PASS,EXECUTABLE_ASK,PAPER_BUY,empirical_calibration_thresholds_pass
2026-09-18T00:39:06.307845+00:00,Shanghai,ZSPD,2026-09-18,lowest_temperature,4605578,shanghai|2026_09_18|lowest_temperature|c|zspd,exact,24.0,24.0,24.0,empirical_station_model_lead_error_distribution,0.232432,0.035,0.04,ask,0.05,0.00192,0.192432,0.190512,1,ecmwf,24.7,0.922,station_model_lead_empirical,88,-0.1205,OK,1,1.039326,PASS,EXECUTABLE_ASK,PAPER_BUY,empirical_calibration_thresholds_pass
2026-09-18T00:39:06.307036+00:00,Tokyo,RJTT,2026-09-18,lowest_temperature,4605555,tokyo|2026_09_18|lowest_temperature|c|rjtt,exact,18.0,18.0,18.0,empirical_station_model_lead_error_distribution,0.2,0.006,0.01,ask,0.05,0.000495,0.19,0.189505,1,ecmwf,18.5,1.0945,station_model_lead_empirical,88,0.7489,OK,1,1.039326,PASS,EXECUTABLE_ASK,PAPER_BUY,empirical_calibration_thresholds_pass
2026-09-18T00:39:06.320024+00:00,Seoul (Incheon),RKSI,2026-09-18,highest_temperature,4606216,seoul_incheon|2026_09_18|highest_temperature|c|rksi,exact,31.0,31.0,31.0,empirical_station_model_lead_error_distribution,0.189189,0.003,0.004,ask,0.05,0.0001992,0.185189,0.18499,1,ecmwf,28.7,1.3062,station_model_lead_empirical,88,1.1614,OK,1,1.039326,PASS,EXECUTABLE_ASK,PAPER_BUY,empirical_calibration_thresholds_pass
2026-09-18T00:39:06.351282+00:00,Shanghai,ZSPD,2026-09-19,lowest_temperature,4632118,shanghai|2026_09_19|lowest_temperature|c|zspd,exact,26.0,26.0,26.0,empirical_station_model_lead_error_distribution,0.2,0.01,0.02,ask,0.05,0.00098,0.18,0.17902,1,ecmwf,25.0,0.922,station_model_lead_empirical,88,-0.1205,OK,1,1.039326,PASS,EXECUTABLE_ASK,PAPER_BUY,empirical_calibration_thresholds_pass
2026-09-18T00:39:06.347310+00:00,Ankara,LTAC,2026-09-19,lowest_temperature,4632034,ankara|2026_09_19|lowest_temperature|c|ltac,or_lower,9.0,,9.0,empirical_station_model_lead_error_distribution,0.194444,0.01,0.02,ask,0.05,0.00098,0.174444,0.173464,1,ecmwf,11.3,1.2652,station_model_lead_empirical,89,-0.8303,OK,1,0.872222,INCOMPLETE,EXECUTABLE_ASK,PAPER_BUY,empirical_calibration_thresholds_pass
2026-09-18T00:39:06.369239+00:00,Singapore,WSSS,2026-09-19,highest_temperature,4632862,singapore|2026_09_19|highest_temperature|c|wsss,exact,34.0,34.0,34.0,empirical_station_model_lead_error_distribution,0.210811,0.0345,0.039,ask,0.05,0.00187395,0.171811,0.169937,1,ecmwf,31.2,0.9953,station_model_lead_empirical,88,1.5454,OK,1,1.039326,PASS,EXECUTABLE_ASK,PAPER_BUY,empirical_calibration_thresholds_pass
2026-09-18T00:39:06.320777+00:00,Ankara,LTAC,2026-09-18,highest_temperature,4606227,ankara|2026_09_18|highest_temperature|c|ltac,exact,24.0,24.0,24.0,empirical_station_model_lead_error_distribution,0.251337,0.075,0.08,ask,0.05,0.00368,0.171337,0.167657,1,ecmwf,22.4,1.1926,station_model_lead_empirical,89,0.6809,OK,1,1.038889,PASS,EXECUTABLE_ASK,PAPER_BUY,empirical_calibration_thresholds_pass
2026-09-18T00:39:06.346629+00:00,Seoul (Incheon),RKSI,2026-09-19,lowest_temperature,4632027,seoul_incheon|2026_09_19|lowest_temperature|c|rksi,exact,18.0,18.0,18.0,empirical_station_model_lead_error_distribution,0.383784,0.115,0.21,ask,0.05,0.008295,0.173784,0.165489,1,ecmwf,18.1,0.8621,station_model_lead_empirical,88,0.4341,OK,1,1.039326,PASS,EXECUTABLE_ASK,PAPER_BUY,empirical_calibration_thresholds_pass
2026-09-18T00:39:06.374987+00:00,Helsinki,EFHK,2026-09-19,highest_temperature,4633025,helsinki|2026_09_19|highest_temperature|c|efhk,exact,19.0,19.0,19.0,empirical_station_model_lead_error_distribution,0.165775,0.0025,0.003,ask,0.05,0.00014955,0.162775,0.162626,1,ecmwf,16.8,1.1569,station_model_lead_empirical,89,0.9416,OK,1,1.038889,PASS,EXECUTABLE_ASK,PAPER_BUY,empirical_calibration_thresholds_pass
2026-09-18T00:39:06.350510+00:00,Tokyo,RJTT,2026-09-19,lowest_temperature,4632096,tokyo|2026_09_19|lowest_temperature|c|rjtt,exact,23.0,23.0,23.0,empirical_station_model_lead_error_distribution,0.2,0.02,0.04,ask,0.05,0.00192,0.16,0.15808,1,ecmwf,20.8,1.0945,station_model_lead_empirical,88,0.7489,OK,1,1.039326,PASS,EXECUTABLE_ASK,PAPER_BUY,empirical_calibration_thresholds_pass
2026-09-18T00:39:06.301113+00:00,London,EGLC,2026-09-18,lowest_temperature,4605387,london|2026_09_18|lowest_temperature|c|eglc,exact,11.0,11.0,11.0,empirical_station_model_lead_error_distribution,0.433155,0.18,0.27,ask,0.05,0.009855,0.163155,0.1533,1,ecmwf,11.1,0.7742,station_model_lead_empirical,89,0.2292,OK,1,1.038889,PASS,EXECUTABLE_ASK,PAPER_BUY,empirical_calibration_thresholds_pass
2026-09-18T00:39:06.363898+00:00,Seoul (Incheon),RKSI,2026-09-19,highest_temperature,4632764,seoul_incheon|2026_09_19|highest_temperature|c|rksi,exact,31.0,31.0,31.0,empirical_station_model_lead_error_distribution,0.15847,0.005,0.008,ask,0.05,0.0003968,0.15047,0.150073,1,ecmwf,28.1,1.3062,station_model_lead_empirical,88,1.1614,OK,1,1.02809,PASS,EXECUTABLE_ASK,PAPER_BUY,empirical_calibration_thresholds_pass
2026-09-18T00:39:06.319204+00:00,Paris,LFPB,2026-09-18,highest_temperature,4606202,paris|2026_09_18|highest_temperature|c|lfpb,exact,21.0,21.0,21.0,empirical_station_model_lead_error_distribution,0.347594,0.185,0.19,ask,0.05,0.007695,0.157594,0.149899,1,ecmwf,20.4,1.0644,station_model_lead_empirical,89,1.0225,OK,1,1.038889,PASS,EXECUTABLE_ASK,PAPER_BUY,empirical_calibration_thresholds_pass
2026-09-18T00:39:06.345124+00:00,London,EGLC,2026-09-19,lowest_temperature,4632005,london|2026_09_19|lowest_temperature|c|eglc,exact,16.0,16.0,16.0,empirical_station_model_lead_error_distribution,0.486631,0.315,0.33,ask,0.05,0.011055,0.156631,0.145576,1,ecmwf,15.8,0.7742,station_model_lead_empirical,89,0.2292,OK,1,1.038889,PASS,EXECUTABLE_ASK,PAPER_BUY,empirical_calibration_thresholds_pass
2026-09-18T00:39:06.326048+00:00,Milan,LIMC,2026-09-18,highest_temperature,4606324,milan|2026_09_18|highest_temperature|c|limc,exact,20.0,20.0,20.0,empirical_station_model_lead_error_distribution,0.171271,0.018,0.026,ask,0.05,0.0012662,0.145271,0.144005,1,ecmwf,20.4,1.2146,station_model_lead_empirical,88,1.0796,OK,1,1.016854,PASS,EXECUTABLE_ASK,PAPER_BUY,empirical_calibration_thresholds_pass
2026-09-18T00:39:06.351262+00:00,Shanghai,ZSPD,2026-09-19,lowest_temperature,4632117,shanghai|2026_09_19|lowest_temperature|c|zspd,exact,25.0,25.0,25.0,empirical_station_model_lead_error_distribution,0.535135,0.365,0.38,ask,0.05,0.01178,0.155135,0.143355,1,ecmwf,25.0,0.922,station_model_lead_empirical,88,-0.1205,OK,1,1.039326,PASS,EXECUTABLE_ASK,PAPER_BUY,empirical_calibration_thresholds_pass
2026-09-18T00:39:06.328611+00:00,Beijing,ZBAA,2026-09-18,highest_temperature,4606390,beijing|2026_09_18|highest_temperature|c|zbaa,exact,31.0,31.0,31.0,empirical_station_model_lead_error_distribution,0.162011,0.015,0.02,ask,0.05,0.00098,0.142011,0.141031,1,ecmwf,29.1,1.6605,station_model_lead_empirical,89,0.4236,OK,1,0.994444,PASS,EXECUTABLE_ASK,PAPER_BUY,empirical_calibration_thresholds_pass
2026-09-18T00:39:06.369990+00:00,Milan,LIMC,2026-09-19,highest_temperature,4632872,milan|2026_09_19|highest_temperature|c|limc,exact,25.0,25.0,25.0,empirical_station_model_lead_error_distribution,0.337017,0.165,0.19,ask,0.05,0.007695,0.147017,0.139322,1,ecmwf,24.4,1.2146,station_model_lead_empirical,88,1.0796,OK,1,1.016854,PASS,EXECUTABLE_ASK,PAPER_BUY,empirical_calibration_thresholds_pass
2026-09-18T00:39:06.345103+00:00,London,EGLC,2026-09-19,lowest_temperature,4632004,london|2026_09_19|lowest_temperature|c|eglc,exact,15.0,15.0,15.0,empirical_station_model_lead_error_distribution,0.219251,0.04,0.08,ask,0.05,0.00368,0.139251,0.135571,1,ecmwf,15.8,0.7742,station_model_lead_empirical,89,0.2292,OK,1,1.038889,PASS,EXECUTABLE_ASK,PAPER_BUY,empirical_calibration_thresholds_pass
2026-09-18T00:39:06.375725+00:00,Kuala Lumpur,WMKK,2026-09-19,highest_temperature,4633035,kuala_lumpur|2026_09_19|highest_temperature|c|wmkk,exact,33.0,33.0,33.0,empirical_station_model_lead_error_distribution,0.351351,0.2,0.21,ask,0.05,0.008295,0.141351,0.133056,1,ecmwf,30.7,1.0808,station_model_lead_empirical,88,1.7011,OK,1,1.039326,PASS,EXECUTABLE_ASK,PAPER_BUY,empirical_calibration_thresholds_pass
2026-09-18T00:39:06.331847+00:00,Kuala Lumpur,WMKK,2026-09-18,highest_temperature,4606487,kuala_lumpur|2026_09_18|highest_temperature|c|wmkk,exact,34.0,34.0,34.0,empirical_station_model_lead_error_distribution,0.275676,0.115,0.14,ask,0.05,0.00602,0.135676,0.129656,1,ecmwf,31.2,1.0808,station_model_lead_empirical,88,1.7011,OK,1,1.039326,PASS,EXECUTABLE_ASK,PAPER_BUY,empirical_calibration_thresholds_pass
2026-09-18T00:39:06.322222+00:00,Lucknow,VILK,2026-09-18,highest_temperature,4606246,lucknow|2026_09_18|highest_temperature|c|vilk,exact,31.0,31.0,31.0,empirical_station_model_lead_error_distribution,0.187166,0.04,0.06,ask,0.05,0.00282,0.127166,0.124346,1,ecmwf,31.7,1.2964,station_model_lead_empirical,89,0.7157,OK,1,1.038889,PASS,EXECUTABLE_ASK,PAPER_BUY,empirical_calibration_thresholds_pass
2026-09-18T00:39:06.361001+00:00,Karachi,OPKC,2026-09-19,lowest_temperature,4632347,karachi|2026_09_19|lowest_temperature|c|opkc,exact,27.0,27.0,27.0,empirical_station_model_lead_error_distribution,0.668449,0.535,0.54,ask,0.05,0.01242,0.128449,0.116029,1,ecmwf,25.7,0.75,station_model_lead_empirical,89,1.2191,OK,1,1.038889,PASS,EXECUTABLE_ASK,PAPER_BUY,empirical_calibration_thresholds_pass
2026-09-18T00:39:06.323054+00:00,Munich,EDDM,2026-09-18,highest_temperature,4606260,munich|2026_09_18|highest_temperature|c|eddm,exact,24.0,24.0,24.0,empirical_station_model_lead_error_distribution,0.122995,0.0055,0.009,ask,0.05,0.00044595,0.113995,0.113549,1,ecmwf,20.4,1.3552,station_model_lead_empirical,89,1.8079,OK,1,1.038889,PASS,EXECUTABLE_ASK,PAPER_BUY,empirical_calibration_thresholds_pass
2026-09-18T00:39:06.369970+00:00,Milan,LIMC,2026-09-19,highest_temperature,4632871,milan|2026_09_19|highest_temperature|c|limc,exact,24.0,24.0,24.0,empirical_station_model_lead_error_distribution,0.171271,0.04,0.06,ask,0.05,0.00282,0.111271,0.108451,1,ecmwf,24.4,1.2146,station_model_lead_empirical,88,1.0796,OK,1,1.016854,PASS,EXECUTABLE_ASK,PAPER_BUY,empirical_calibration_thresholds_pass
2026-09-18T00:39:06.364535+00:00,Ankara,LTAC,2026-09-19,highest_temperature,4632770,ankara|2026_09_19|highest_temperature|c|ltac,exact,22.0,22.0,22.0,empirical_station_model_lead_error_distribution,0.145946,0.025,0.04,ask,0.05,0.00192,0.105946,0.104026,1,ecmwf,22.5,1.1926,station_model_lead_empirical,89,0.6809,OK,1,1.027778,PASS,EXECUTABLE_ASK,PAPER_BUY,empirical_calibration_thresholds_pass
2026-09-18T00:39:06.375744+00:00,Kuala Lumpur,WMKK,2026-09-19,highest_temperature,4633036,kuala_lumpur|2026_09_19|highest_temperature|c|wmkk,exact,34.0,34.0,34.0,empirical_station_model_lead_error_distribution,0.145946,0.03,0.04,ask,0.05,0.00192,0.105946,0.104026,1,ecmwf,30.7,1.0808,station_model_lead_empirical,88,1.7011,OK,1,1.039326,PASS,EXECUTABLE_ASK,PAPER_BUY,empirical_calibration_thresholds_pass
2026-09-18T00:39:06.362222+00:00,London,EGLC,2026-09-19,highest_temperature,4632737,london|2026_09_19|highest_temperature|c|eglc,exact,19.0,19.0,19.0,empirical_station_model_lead_error_distribution,0.122995,0.01,0.02,ask,0.05,0.00098,0.102995,0.102015,1,ecmwf,20.5,1.2266,station_model_lead_empirical,89,-0.0528,OK,1,1.038889,PASS,EXECUTABLE_ASK,PAPER_BUY,empirical_calibration_thresholds_pass
2026-09-18T00:39:06.377913+00:00,Karachi,OPKC,2026-09-19,highest_temperature,4633086,karachi|2026_09_19|highest_temperature|c|opkc,exact,32.0,32.0,32.0,empirical_station_model_lead_error_distribution,0.112299,0.006,0.01,ask,0.05,0.000495,0.102299,0.101804,1,ecmwf,34.6,1.0426,station_model_lead_empirical,89,-0.8865,OK,1,1.038889,PASS,EXECUTABLE_ASK,PAPER_BUY,empirical_calibration_thresholds_pass
2026-09-18T00:39:06.334107+00:00,Karachi,OPKC,2026-09-18,highest_temperature,4606540,karachi|2026_09_18|highest_temperature|c|opkc,exact,32.0,32.0,32.0,empirical_station_model_lead_error_distribution,0.112299,0.007,0.011,ask,0.05,0.00054395,0.101299,0.100756,1,ecmwf,34.6,1.0426,station_model_lead_empirical,89,-0.8865,OK,1,1.038889,PASS,EXECUTABLE_ASK,PAPER_BUY,empirical_calibration_thresholds_pass
2026-09-18T00:39:06.365332+00:00,Wellington,NZWN,2026-09-19,highest_temperature,4632783,wellington|2026_09_19|highest_temperature|c|nzwn,exact,15.0,15.0,15.0,empirical_station_model_lead_error_distribution,0.308108,0.195,0.2,ask,0.05,0.008,0.108108,0.100108,1,ecmwf,14.9,0.8036,station_model_lead_empirical,88,0.825,OK,1,1.039326,PASS,EXECUTABLE_ASK,PAPER_BUY,empirical_calibration_thresholds_pass
2026-09-18T00:39:06.370674+00:00,Madrid,LEMD,2026-09-19,highest_temperature,4632881,madrid|2026_09_19|highest_temperature|c|lemd,exact,28.0,28.0,28.0,empirical_station_model_lead_error_distribution,0.240642,0.125,0.14,ask,0.05,0.00602,0.100642,0.094622,1,ecmwf,28.7,0.75,station_model_lead_empirical,89,0.1832,OK,1,1.038889,PASS,EXECUTABLE_ASK,PAPER_BUY,empirical_calibration_thresholds_pass
2026-09-18T00:39:06.377934+00:00,Karachi,OPKC,2026-09-19,highest_temperature,4633087,karachi|2026_09_19|highest_temperature|c|opkc,exact,33.0,33.0,33.0,empirical_station_model_lead_error_distribution,0.187166,0.075,0.09,ask,0.05,0.004095,0.097166,0.093071,1,ecmwf,34.6,1.0426,station_model_lead_empirical,89,-0.8865,OK,1,1.038889,PASS,EXECUTABLE_ASK,PAPER_BUY,empirical_calibration_thresholds_pass
2026-09-18T00:39:06.330286+00:00,Amsterdam,EHAM,2026-09-18,highest_temperature,4606463,amsterdam|2026_09_18|highest_temperature|c|eham,exact,17.0,17.0,17.0,empirical_station_model_lead_error_distribution,0.113514,0.01,0.02,ask,0.05,0.00098,0.093514,0.092534,1,ecmwf,17.4,1.1572,station_model_lead_empirical,89,0.6393,OK,1,1.027778,PASS,EXECUTABLE_ASK,PAPER_BUY,empirical_calibration_thresholds_pass
2026-09-18T00:39:06.363859+00:00,Seoul (Incheon),RKSI,2026-09-19,highest_temperature,4632762,seoul_incheon|2026_09_19|highest_temperature|c|rksi,exact,29.0,29.0,29.0,empirical_station_model_lead_error_distribution,0.202186,0.085,0.11,ask,0.05,0.004895,0.092186,0.087291,1,ecmwf,28.1,1.3062,station_model_lead_empirical,88,1.1614,OK,1,1.02809,PASS,EXECUTABLE_ASK,PAPER_BUY,empirical_calibration_thresholds_pass
2026-09-18T00:39:06.319184+00:00,Paris,LFPB,2026-09-18,highest_temperature,4606201,paris|2026_09_18|highest_temperature|c|lfpb,exact,20.0,20.0,20.0,empirical_station_model_lead_error_distribution,0.090909,0.003,0.004,ask,0.05,0.0001992,0.086909,0.08671,1,ecmwf,20.4,1.0644,station_model_lead_empirical,89,1.0225,OK,1,1.038889,PASS,EXECUTABLE_ASK,PAPER_BUY,empirical_calibration_thresholds_pass
2026-09-18T00:39:06.323839+00:00,Tokyo,RJTT,2026-09-18,highest_temperature,4606283,tokyo|2026_09_18|highest_temperature|c|rjtt,exact,27.0,27.0,27.0,empirical_station_model_lead_error_distribution,0.096045,0.0055,0.009,ask,0.05,0.00044595,0.087045,0.086599,1,ecmwf,25.2,2.0246,station_model_lead_empirical,88,-0.7375,OK,1,0.994382,PASS,EXECUTABLE_ASK,PAPER_BUY,empirical_calibration_thresholds_pass
2026-09-18T00:39:06.325341+00:00,Singapore,WSSS,2026-09-18,highest_temperature,4606316,singapore|2026_09_18|highest_temperature|c|wsss,exact,35.0,35.0,35.0,empirical_station_model_lead_error_distribution,0.092896,0.005,0.006,ask,0.05,0.0002982,0.086896,0.086598,1,ecmwf,31.8,0.9953,station_model_lead_empirical,88,1.5454,OK,1,1.02809,PASS,EXECUTABLE_ASK,PAPER_BUY,empirical_calibration_thresholds_pass
2026-09-18T00:39:06.374198+00:00,Amsterdam,EHAM,2026-09-19,highest_temperature,4633012,amsterdam|2026_09_19|highest_temperature|c|eham,exact,22.0,22.0,22.0,empirical_station_model_lead_error_distribution,0.145946,0.05,0.06,ask,0.05,0.00282,0.085946,0.083126,1,ecmwf,20.0,1.1572,station_model_lead_empirical,89,0.6393,OK,1,1.027778,PASS,EXECUTABLE_ASK,PAPER_BUY,empirical_calibration_thresholds_pass
2026-09-18T00:39:06.333163+00:00,Guangzhou,ZGGG,2026-09-18,highest_temperature,4606523,guangzhou|2026_09_18|highest_temperature|c|zggg,exact,37.0,37.0,37.0,empirical_station_model_lead_error_distribution,0.127072,0.045,0.05,ask,0.05,0.002375,0.077072,0.074697,1,ecmwf,33.4,1.5128,station_model_lead_empirical,89,1.3528,OK,1,1.005556,PASS,EXECUTABLE_ASK,PAPER_BUY,empirical_calibration_thresholds_pass
2026-09-18T00:39:06.368428+00:00,Shanghai,ZSPD,2026-09-19,highest_temperature,4632849,shanghai|2026_09_19|highest_temperature|c|zspd,exact,30.0,30.0,30.0,empirical_station_model_lead_error_distribution,0.145946,0.055,0.07,ask,0.05,0.003255,0.075946,0.072691,1,ecmwf,27.7,1.2376,station_model_lead_empirical,88,1.0546,OK,1,1.039326,PASS,EXECUTABLE_ASK,PAPER_BUY,empirical_calibration_thresholds_pass
2026-09-18T00:39:06.368409+00:00,Shanghai,ZSPD,2026-09-19,highest_temperature,4632848,shanghai|2026_09_19|highest_temperature|c|zspd,exact,29.0,29.0,29.0,empirical_station_model_lead_error_distribution,0.372973,0.285,0.29,ask,0.05,0.010295,0.082973,0.072678,1,ecmwf,27.7,1.2376,station_model_lead_empirical,88,1.0546,OK,1,1.039326,PASS,EXECUTABLE_ASK,PAPER_BUY,empirical_calibration_thresholds_pass
2026-09-18T00:39:06.324484+00:00,Shanghai,ZSPD,2026-09-18,highest_temperature,4606300,shanghai|2026_09_18|highest_temperature|c|zspd,exact,27.0,27.0,27.0,empirical_station_model_lead_error_distribution,0.081967,0.006,0.009,ask,0.05,0.00044595,0.072967,0.072521,1,ecmwf,28.2,1.2376,station_model_lead_empirical,88,1.0546,OK,1,1.02809,PASS,EXECUTABLE_ASK,PAPER_BUY,empirical_calibration_thresholds_pass
2026-09-18T00:39:06.375006+00:00,Helsinki,EFHK,2026-09-19,highest_temperature,4633026,helsinki|2026_09_19|highest_temperature|c|efhk,exact,20.0,20.0,20.0,empirical_station_model_lead_error_distribution,0.080214,0.0045,0.008,ask,0.05,0.0003968,0.072214,0.071817,1,ecmwf,16.8,1.1569,station_model_lead_empirical,89,0.9416,OK,1,1.038889,PASS,EXECUTABLE_ASK,PAPER_BUY,empirical_calibration_thresholds_pass
2026-09-18T00:39:06.333102+00:00,Guangzhou,ZGGG,2026-09-18,highest_temperature,4606520,guangzhou|2026_09_18|highest_temperature|c|zggg,exact,34.0,34.0,34.0,empirical_station_model_lead_error_distribution,0.237569,0.14,0.16,ask,0.05,0.00672,0.077569,0.070849,1,ecmwf,33.4,1.5128,station_model_lead_empirical,89,1.3528,OK,1,1.005556,PASS,EXECUTABLE_ASK,PAPER_BUY,empirical_calibration_thresholds_pass
2026-09-18T00:39:06.321486+00:00,Wellington,NZWN,2026-09-18,highest_temperature,4606236,wellington|2026_09_18|highest_temperature|c|nzwn,exact,14.0,14.0,14.0,empirical_station_model_lead_error_distribution,0.47027,0.335,0.39,ask,0.05,0.011895,0.08027,0.068375,1,ecmwf,13.4,0.8036,station_model_lead_empirical,88,0.825,OK,1,1.039326,PASS,EXECUTABLE_ASK,PAPER_BUY,empirical_calibration_thresholds_pass
2026-09-18T00:39:06.307824+00:00,Shanghai,ZSPD,2026-09-18,lowest_temperature,4605577,shanghai|2026_09_18|lowest_temperature|c|zspd,exact,23.0,23.0,23.0,empirical_station_model_lead_error_distribution,0.102703,0.0175,0.033,ask,0.05,0.00159555,0.069703,0.068107,1,ecmwf,24.7,0.922,station_model_lead_empirical,88,-0.1205,OK,1,1.039326,PASS,EXECUTABLE_ASK,PAPER_BUY,empirical_calibration_thresholds_pass
2026-09-18T00:39:06.320796+00:00,Ankara,LTAC,2026-09-18,highest_temperature,4606228,ankara|2026_09_18|highest_temperature|c|ltac,exact,25.0,25.0,25.0,empirical_station_model_lead_error_distribution,0.069519,0.002,0.003,ask,0.05,0.00014955,0.066519,0.066369,1,ecmwf,22.4,1.1926,station_model_lead_empirical,89,0.6809,OK,1,1.038889,PASS,EXECUTABLE_ASK,PAPER_BUY,empirical_calibration_thresholds_pass
2026-09-18T00:39:06.318415+00:00,London,EGLC,2026-09-18,highest_temperature,4606189,london|2026_09_18|highest_temperature|c|eglc,exact,17.0,17.0,17.0,empirical_station_model_lead_error_distribution,0.07027,0.002,0.004,ask,0.05,0.0001992,0.06627,0.066071,1,ecmwf,18.8,1.2266,station_model_lead_empirical,89,-0.0528,OK,1,1.027778,PASS,EXECUTABLE_ASK,PAPER_BUY,empirical_calibration_thresholds_pass
2026-09-18T00:39:06.367569+00:00,Tokyo,RJTT,2026-09-19,highest_temperature,4632823,tokyo|2026_09_19|highest_temperature|c|rjtt,exact,21.0,21.0,21.0,empirical_station_model_lead_error_distribution,0.073446,0.006,0.01,ask,0.05,0.000495,0.063446,0.062951,1,ecmwf,24.9,2.0246,station_model_lead_empirical,88,-0.7375,OK,1,0.994382,PASS,EXECUTABLE_ASK,PAPER_BUY,empirical_calibration_thresholds_pass
2026-09-18T00:39:06.324564+00:00,Shanghai,ZSPD,2026-09-18,highest_temperature,4606304,shanghai|2026_09_18|highest_temperature|c|zspd,exact,31.0,31.0,31.0,empirical_station_model_lead_error_distribution,0.081967,0.01,0.02,ask,0.05,0.00098,0.061967,0.060987,1,ecmwf,28.2,1.2376,station_model_lead_empirical,88,1.0546,OK,1,1.02809,PASS,EXECUTABLE_ASK,PAPER_BUY,empirical_calibration_thresholds_pass
2026-09-18T00:39:06.318457+00:00,London,EGLC,2026-09-18,highest_temperature,4606191,london|2026_09_18|highest_temperature|c|eglc,exact,19.0,19.0,19.0,empirical_station_model_lead_error_distribution,0.286486,0.21,0.22,ask,0.05,0.00858,0.066486,0.057906,1,ecmwf,18.8,1.2266,station_model_lead_empirical,89,-0.0528,OK,1,1.027778,PASS,EXECUTABLE_ASK,PAPER_BUY,empirical_calibration_thresholds_pass
2026-09-18T00:39:06.323015+00:00,Munich,EDDM,2026-09-18,highest_temperature,4606258,munich|2026_09_18|highest_temperature|c|eddm,exact,22.0,22.0,22.0,empirical_station_model_lead_error_distribution,0.336898,0.265,0.27,ask,0.05,0.009855,0.066898,0.057043,1,ecmwf,20.4,1.3552,station_model_lead_empirical,89,1.8079,OK,1,1.038889,PASS,EXECUTABLE_ASK,PAPER_BUY,empirical_calibration_thresholds_pass
2026-09-18T00:39:06.366851+00:00,Munich,EDDM,2026-09-19,highest_temperature,4632803,munich|2026_09_19|highest_temperature|c|eddm,exact,22.0,22.0,22.0,empirical_station_model_lead_error_distribution,0.325967,0.24,0.26,ask,0.05,0.00962,0.065967,0.056347,1,ecmwf,20.8,1.3552,station_model_lead_empirical,89,1.8079,OK,1,1.005556,PASS,EXECUTABLE_ASK,PAPER_BUY,empirical_calibration_thresholds_pass
2026-09-18T00:39:06.363031+00:00,Paris,LFPB,2026-09-19,highest_temperature,4632748,paris|2026_09_19|highest_temperature|c|lfpb,exact,24.0,24.0,24.0,empirical_station_model_lead_error_distribution,0.221622,0.155,0.16,ask,0.05,0.00672,0.061622,0.054902,1,ecmwf,23.8,1.0644,station_model_lead_empirical,89,1.0225,OK,1,1.027778,PASS,EXECUTABLE_ASK,PAPER_BUY,empirical_calibration_thresholds_pass
2026-09-18T00:39:06.303096+00:00,Seoul (Incheon),RKSI,2026-09-18,lowest_temperature,4605441,seoul_incheon|2026_09_18|lowest_temperature|c|rksi,exact,20.0,20.0,20.0,empirical_station_model_lead_error_distribution,0.47027,0.0005,0.001,ask,0.05,4.995e-05,0.46927,0.46922,1,ecmwf,19.9,0.8621,station_model_lead_empirical,88,0.4341,OK,1,1.039326,PASS,THIN_ASK,POSSIBLE_EDGE,thin_ask
2026-09-18T00:39:06.305494+00:00,Lucknow,VILK,2026-09-18,lowest_temperature,4605524,lucknow|2026_09_18|lowest_temperature|c|vilk,exact,27.0,27.0,27.0,empirical_station_model_lead_error_distribution,0.454545,0.0005,0.001,ask,0.05,4.995e-05,0.453545,0.453496,1,ecmwf,26.0,1.1362,station_model_lead_empirical,89,0.7742,OK,1,1.038889,PASS,THIN_ASK,POSSIBLE_EDGE,thin_ask
2026-09-18T00:39:06.304660+00:00,Wellington,NZWN,2026-09-18,lowest_temperature,4605512,wellington|2026_09_18|lowest_temperature|c|nzwn,exact,9.0,9.0,9.0,empirical_station_model_lead_error_distribution,0.394595,0.0005,0.001,ask,0.05,4.995e-05,0.393595,0.393545,1,ecmwf,8.9,1.182,station_model_lead_empirical,88,-0.2398,OK,1,1.039326,PASS,THIN_ASK,POSSIBLE_EDGE,thin_ask
2026-09-18T00:39:06.313755+00:00,Amsterdam,EHAM,2026-09-18,lowest_temperature,4605734,amsterdam|2026_09_18|lowest_temperature|c|eham,exact,14.0,14.0,14.0,empirical_station_model_lead_error_distribution,0.315508,0.0005,0.001,ask,0.05,4.995e-05,0.314508,0.314458,1,ecmwf,13.5,1.0114,station_model_lead_empirical,89,-0.5124,OK,1,1.038889,PASS,THIN_ASK,POSSIBLE_EDGE,thin_ask
2026-09-18T00:39:06.347337+00:00,Ankara,LTAC,2026-09-19,lowest_temperature,4632035,ankara|2026_09_19|lowest_temperature|c|ltac,exact,10.0,10.0,10.0,empirical_station_model_lead_error_distribution,0.363057,0.025,0.05,ask,0.05,0.002375,0.313057,0.310682,1,ecmwf,11.3,1.2652,station_model_lead_empirical,89,-0.8303,OK,1,0.872222,INCOMPLETE,EXECUTABLE_ASK,POSSIBLE_EDGE,family=INCOMPLETE
2026-09-18T00:39:06.310943+00:00,Warsaw,EPWA,2026-09-18,lowest_temperature,4605622,warsaw|2026_09_18|lowest_temperature|c|epwa,exact,10.0,10.0,10.0,empirical_station_model_lead_error_distribution,0.304813,0.0005,0.001,ask,0.05,4.995e-05,0.303813,0.303763,1,ecmwf,10.2,1.4383,station_model_lead_empirical,89,-0.7674,OK,1,1.038889,PASS,THIN_ASK,POSSIBLE_EDGE,thin_ask
2026-09-18T00:39:06.347359+00:00,Ankara,LTAC,2026-09-19,lowest_temperature,4632036,ankara|2026_09_19|lowest_temperature|c|ltac,exact,11.0,11.0,11.0,empirical_station_model_lead_error_distribution,0.350318,0.035,0.07,ask,0.05,0.003255,0.280318,0.277063,1,ecmwf,11.3,1.2652,station_model_lead_empirical,89,-0.8303,OK,1,0.872222,INCOMPLETE,EXECUTABLE_ASK,POSSIBLE_EDGE,family=INCOMPLETE
2026-09-18T00:39:06.315270+00:00,Kuala Lumpur,WMKK,2026-09-18,lowest_temperature,4605756,kuala_lumpur|2026_09_18|lowest_temperature|c|wmkk,exact,27.0,27.0,27.0,empirical_station_model_lead_error_distribution,0.264865,0.0005,0.001,ask,0.05,4.995e-05,0.263865,0.263815,1,ecmwf,23.9,1.1618,station_model_lead_empirical,88,1.9329,OK,1,1.039326,PASS,THIN_ASK,POSSIBLE_EDGE,thin_ask
2026-09-18T00:39:06.311995+00:00,Beijing,ZBAA,2026-09-18,lowest_temperature,4605657,beijing|2026_09_18|lowest_temperature|c|zbaa,exact,21.0,21.0,21.0,empirical_station_model_lead_error_distribution,0.251337,0.0005,0.001,ask,0.05,4.995e-05,0.250337,0.250287,1,ecmwf,20.7,1.3317,station_model_lead_empirical,89,-0.3483,OK,1,1.038889,PASS,THIN_ASK,POSSIBLE_EDGE,thin_ask
2026-09-18T00:39:06.304680+00:00,Wellington,NZWN,2026-09-18,lowest_temperature,4605513,wellington|2026_09_18|lowest_temperature|c|nzwn,exact,10.0,10.0,10.0,empirical_station_model_lead_error_distribution,0.243243,0.0005,0.001,ask,0.05,4.995e-05,0.242243,0.242193,1,ecmwf,8.9,1.182,station_model_lead_empirical,88,-0.2398,OK,1,1.039326,PASS,THIN_ASK,POSSIBLE_EDGE,thin_ask
2026-09-18T00:39:06.310923+00:00,Warsaw,EPWA,2026-09-18,lowest_temperature,4605621,warsaw|2026_09_18|lowest_temperature|c|epwa,exact,9.0,9.0,9.0,empirical_station_model_lead_error_distribution,0.240642,0.0005,0.001,ask,0.05,4.995e-05,0.239642,0.239592,1,ecmwf,10.2,1.4383,station_model_lead_empirical,89,-0.7674,OK,1,1.038889,PASS,THIN_ASK,POSSIBLE_EDGE,thin_ask
2026-09-18T00:39:06.303116+00:00,Seoul (Incheon),RKSI,2026-09-18,lowest_temperature,4605442,seoul_incheon|2026_09_18|lowest_temperature|c|rksi,exact,21.0,21.0,21.0,empirical_station_model_lead_error_distribution,0.221622,0.0005,0.001,ask,0.05,4.995e-05,0.220622,0.220572,1,ecmwf,19.9,0.8621,station_model_lead_empirical,88,0.4341,OK,1,1.039326,PASS,THIN_ASK,POSSIBLE_EDGE,thin_ask
2026-09-18T00:39:06.308661+00:00,Singapore,WSSS,2026-09-18,lowest_temperature,4605592,singapore|2026_09_18|lowest_temperature|c|wsss,exact,29.0,29.0,29.0,empirical_station_model_lead_error_distribution,0.2,0.0005,0.001,ask,0.05,4.995e-05,0.199,0.19895,1,ecmwf,26.4,1.1723,station_model_lead_empirical,88,1.2307,OK,1,1.039326,PASS,THIN_ASK,POSSIBLE_EDGE,thin_ask
2026-09-18T00:39:06.314507+00:00,Helsinki,EFHK,2026-09-18,lowest_temperature,4605745,helsinki|2026_09_18|lowest_temperature|c|efhk,exact,12.0,12.0,12.0,empirical_station_model_lead_error_distribution,0.197861,0.0005,0.001,ask,0.05,4.995e-05,0.196861,0.196811,1,ecmwf,11.8,1.4036,station_model_lead_empirical,89,-1.0966,OK,1,1.038889,PASS,THIN_ASK,POSSIBLE_EDGE,thin_ask
2026-09-18T00:39:06.306255+00:00,Munich,EDDM,2026-09-18,lowest_temperature,4605533,munich|2026_09_18|lowest_temperature|c|eddm,exact,9.0,9.0,9.0,empirical_station_model_lead_error_distribution,0.184358,0.0005,0.001,ask,0.05,4.995e-05,0.183358,0.183308,1,ecmwf,10.9,2.058,station_model_lead_empirical,89,-2.5056,OK,1,0.994444,PASS,THIN_ASK,POSSIBLE_EDGE,thin_ask
2026-09-18T00:39:06.312014+00:00,Beijing,ZBAA,2026-09-18,lowest_temperature,4605658,beijing|2026_09_18|lowest_temperature|c|zbaa,exact,22.0,22.0,22.0,empirical_station_model_lead_error_distribution,0.165775,0.0005,0.001,ask,0.05,4.995e-05,0.164775,0.164725,1,ecmwf,20.7,1.3317,station_model_lead_empirical,89,-0.3483,OK,1,1.038889,PASS,THIN_ASK,POSSIBLE_EDGE,thin_ask
2026-09-18T00:39:06.306294+00:00,Munich,EDDM,2026-09-18,lowest_temperature,4605535,munich|2026_09_18|lowest_temperature|c|eddm,exact,11.0,11.0,11.0,empirical_station_model_lead_error_distribution,0.162011,0.0005,0.001,ask,0.05,4.995e-05,0.161011,0.160961,1,ecmwf,10.9,2.058,station_model_lead_empirical,89,-2.5056,OK,1,0.994444,PASS,THIN_ASK,POSSIBLE_EDGE,thin_ask
2026-09-18T00:39:06.305514+00:00,Lucknow,VILK,2026-09-18,lowest_temperature,4605525,lucknow|2026_09_18|lowest_temperature|c|vilk,exact,28.0,28.0,28.0,empirical_station_model_lead_error_distribution,0.15508,0.0005,0.001,ask,0.05,4.995e-05,0.15408,0.15403,1,ecmwf,26.0,1.1362,station_model_lead_empirical,89,0.7742,OK,1,1.038889,PASS,THIN_ASK,POSSIBLE_EDGE,thin_ask
2026-09-18T00:39:06.303135+00:00,Seoul (Incheon),RKSI,2026-09-18,lowest_temperature,4605444,seoul_incheon|2026_09_18|lowest_temperature|c|rksi,exact,22.0,22.0,22.0,empirical_station_model_lead_error_distribution,0.145946,0.0005,0.001,ask,0.05,4.995e-05,0.144946,0.144896,1,ecmwf,19.9,0.8621,station_model_lead_empirical,88,0.4341,OK,1,1.039326,PASS,THIN_ASK,POSSIBLE_EDGE,thin_ask
2026-09-18T00:39:06.310961+00:00,Warsaw,EPWA,2026-09-18,lowest_temperature,4605623,warsaw|2026_09_18|lowest_temperature|c|epwa,exact,11.0,11.0,11.0,empirical_station_model_lead_error_distribution,0.122995,0.0005,0.001,ask,0.05,4.995e-05,0.121995,0.121945,1,ecmwf,10.2,1.4383,station_model_lead_empirical,89,-0.7674,OK,1,1.038889,PASS,THIN_ASK,POSSIBLE_EDGE,thin_ask
2026-09-18T00:39:06.307885+00:00,Shanghai,ZSPD,2026-09-18,lowest_temperature,4605580,shanghai|2026_09_18|lowest_temperature|c|zspd,exact,26.0,26.0,26.0,empirical_station_model_lead_error_distribution,0.113514,0.0005,0.001,ask,0.05,4.995e-05,0.112514,0.112464,1,ecmwf,24.7,0.922,station_model_lead_empirical,88,-0.1205,OK,1,1.039326,PASS,THIN_ASK,POSSIBLE_EDGE,thin_ask
2026-09-18T00:39:06.320042+00:00,Seoul (Incheon),RKSI,2026-09-18,highest_temperature,4606217,seoul_incheon|2026_09_18|highest_temperature|c|rksi,exact,32.0,32.0,32.0,empirical_station_model_lead_error_distribution,0.113514,0.0005,0.001,ask,0.05,4.995e-05,0.112514,0.112464,1,ecmwf,28.7,1.3062,station_model_lead_empirical,88,1.1614,OK,1,1.039326,PASS,THIN_ASK,POSSIBLE_EDGE,thin_ask
2026-09-18T00:39:06.321466+00:00,Wellington,NZWN,2026-09-18,highest_temperature,4606235,wellington|2026_09_18|highest_temperature|c|nzwn,exact,13.0,13.0,13.0,empirical_station_model_lead_error_distribution,0.113514,0.0005,0.001,ask,0.05,4.995e-05,0.112514,0.112464,1,ecmwf,13.4,0.8036,station_model_lead_empirical,88,0.825,OK,1,1.039326,PASS,THIN_ASK,POSSIBLE_EDGE,thin_ask
2026-09-18T00:39:06.306275+00:00,Munich,EDDM,2026-09-18,lowest_temperature,4605534,munich|2026_09_18|lowest_temperature|c|eddm,exact,10.0,10.0,10.0,empirical_station_model_lead_error_distribution,0.094972,0.0005,0.001,ask,0.05,4.995e-05,0.093972,0.093922,1,ecmwf,10.9,2.058,station_model_lead_empirical,89,-2.5056,OK,1,0.994444,PASS,THIN_ASK,POSSIBLE_EDGE,thin_ask
2026-09-18T00:39:06.330266+00:00,Amsterdam,EHAM,2026-09-18,highest_temperature,4606462,amsterdam|2026_09_18|highest_temperature|c|eham,exact,16.0,16.0,16.0,empirical_station_model_lead_error_distribution,0.091892,0.0005,0.001,ask,0.05,4.995e-05,0.090892,0.090842,1,ecmwf,17.4,1.1572,station_model_lead_empirical,89,0.6393,OK,1,1.027778,PASS,THIN_ASK,POSSIBLE_EDGE,thin_ask
2026-09-18T00:39:06.314526+00:00,Helsinki,EFHK,2026-09-18,lowest_temperature,4605746,helsinki|2026_09_18|lowest_temperature|c|efhk,exact,13.0,13.0,13.0,empirical_station_model_lead_error_distribution,0.090909,0.0005,0.001,ask,0.05,4.995e-05,0.089909,0.089859,1,ecmwf,11.8,1.4036,station_model_lead_empirical,89,-1.0966,OK,1,1.038889,PASS,THIN_ASK,POSSIBLE_EDGE,thin_ask
2026-09-18T00:39:06.347378+00:00,Ankara,LTAC,2026-09-19,lowest_temperature,4632037,ankara|2026_09_19|lowest_temperature|c|ltac,exact,12.0,12.0,12.0,empirical_station_model_lead_error_distribution,0.197452,0.08,0.11,ask,0.05,0.004895,0.087452,0.082557,1,ecmwf,11.3,1.2652,station_model_lead_empirical,89,-0.8303,OK,1,0.872222,INCOMPLETE,EXECUTABLE_ASK,POSSIBLE_EDGE,family=INCOMPLETE
2026-09-18T00:39:06.328630+00:00,Beijing,ZBAA,2026-09-18,highest_temperature,4606391,beijing|2026_09_18|highest_temperature|c|zbaa,exact,32.0,32.0,32.0,empirical_station_model_lead_error_distribution,0.083799,0.0015,0.002,ask,0.05,9.98e-05,0.081799,0.081699,1,ecmwf,29.1,1.6605,station_model_lead_empirical,89,0.4236,OK,1,0.994444,PASS,THIN_ASK,POSSIBLE_EDGE,thin_ask
